phase_s,time_s,battery,bolts,frame,panel1,panel2,panel3,panel4,panel5,panel6,pcb1,pcb2,pcb3,pcb4,energy_J,absorbed_power_W,emitted_power_W
0.000000000000000000e+00,5.580000000000000000e+03,2.700732161685234018e+02,2.723899076662627294e+02,2.791796664619006947e+02,3.078157622768767965e+02,2.799324503895588236e+02,2.917293784061168367e+02,2.643728688804155809e+02,2.683397485236106945e+02,2.682618001403599806e+02,2.669499877811783222e+02,2.708885254360863541e+02,2.696360868332632208e+02,2.662253598549455660e+02,1.669079768969471625e+05,2.035692294123714774e+01,1.545590422159735944e+01
1.000000000000000000e+01,5.590000000000000000e+03,2.700920934802734905e+02,2.725238597998561545e+02,2.792808221762513767e+02,3.081139208879330340e+02,2.800603410516112035e+02,2.913557407538008306e+02,2.645558710304168244e+02,2.684696745072750446e+02,2.683919117770192884e+02,2.670477134816111970e+02,2.709295154126875786e+02,2.697236537690454270e+02,2.663275908839705153e+02,1.669562965094203537e+05,2.030620759978202727e+01,1.547424626166725936e+01
2.000000000000000000e+01,5.600000000000000000e+03,2.701112579109844205e+02,2.726561976664886515e+02,2.793827827321296127e+02,3.084056518361169310e+02,2.801867921187222237e+02,2.909951979137026115e+02,2.647558477393367866e+02,2.685987347516610839e+02,2.685211663238006849e+02,2.671453306682927291e+02,2.709704612253068490e+02,2.698110967053393097e+02,2.664297909949730752e+02,1.670055909497373505e+05,2.042305047644012816e+01,1.549360637596535817e+01
3.000000000000000000e+01,5.610000000000000000e+03,2.701307092591328569e+02,2.727870170322581771e+02,2.794863851092064806e+02,3.086911681185966358e+02,2.803120214589627608e+02,2.906463307536775460e+02,2.649713720572326565e+02,2.687271184247052815e+02,2.686497529083044924e+02,2.672428590695661228e+02,2.710113911001617453e+02,2.698984425605372621e+02,2.665319789248826510e+02,1.670558315817168332e+05,2.053773743232776283e+01,1.551367417113632996e+01
4.000000000000000000e+01,5.620000000000000000e+03,2.701504476043280647e+02,2.729164271160772728e+02,2.795918381478764445e+02,3.089706258393843541e+02,2.804361891650480061e+02,2.903083460676326126e+02,2.652016361465738328e+02,2.688549426851238877e+02,2.687777886450376741e+02,2.673403151689968809e+02,2.710523283321132340e+02,2.699857140199950436e+02,2.666341701751341020e+02,1.671069905935644929e+05,2.065025392622727196e+01,1.553435267825441635e+01
5.000000000000000000e+01,5.630000000000000000e+03,2.701704731203124652e+02,2.730445400027073788e+02,2.796991661686421935e+02,3.092441401405583292e+02,2.805594134965259059e+02,2.899806819312892117e+02,2.654460575166273770e+02,2.689822875317766488e+02,2.689053534831332968e+02,2.674377135792283298e+02,2.710932932732325753e+02,2.700729311720404553e+02,2.667363783842168345e+02,1.671590404703957611e+05,2.076058569211495097e+01,1.555559794525285078e+01
6.000000000000000000e+01,5.640000000000000000e+03,2.701907860164765793e+02,2.731714656157676586e+02,2.798083368810778779e+02,3.095117970208811471e+02,2.806817826997516363e+02,2.896628803236444014e+02,2.657041520368047713e+02,2.691092115940128906e+02,2.690325059972740860e+02,2.675350676791572369e+02,2.711343042766597478e+02,2.701601123273505891e+02,2.668386159841076051e+02,1.672119538537911430e+05,2.086871874096988932e+01,1.557738033339433059e+01
7.000000000000000000e+01,5.650000000000000000e+03,2.702113865199609108e+02,2.732973093923852161e+02,2.799192998328979343e+02,3.097736613964592038e+02,2.808033630526312550e+02,2.893545408667837364e+02,2.659754880494683675e+02,2.692357597911438916e+02,2.691592910249452189e+02,2.676323899513081983e+02,2.711753781921264022e+02,2.702472744623558469e+02,2.669408945170948186e+02,1.672657035003183410e+05,2.097463936254764860e+01,1.559967468575140437e+01
8.000000000000000000e+01,5.660000000000000000e+03,2.702322748667891119e+02,2.734221712875460071e+02,2.800319986761523978e+02,3.100297826280016693e+02,2.809242044456626672e+02,2.890553011761187463e+02,2.662596665316998497e+02,2.693619674033632236e+02,2.692857438324386408e+02,2.677296921782670438e+02,2.712165306527078883e+02,2.703344334694278359e+02,2.670432248205074757e+02,1.673202622642453061e+05,2.107833412711854848e+01,1.562245765783222673e+01
9.000000000000000000e+01,5.670000000000000000e+03,2.702534513002109406e+02,2.735461452971917993e+02,2.801463748204176909e+02,3.102801984350992370e+02,2.810443442483689296e+02,2.887648269769837839e+02,2.665563120633411245e+02,2.694878624457916771e+02,2.694118923528507139e+02,2.678269855595395939e+02,2.712577762585233927e+02,2.704216043410703492e+02,2.671456171870954108e+02,1.673756030928717810e+05,2.117978988717045752e+01,1.564570694246894256e+01
1.000000000000000000e+02,5.680000000000000000e+03,2.702749160679140346e+02,2.736693194382318666e+02,2.802623689479588052e+02,3.105249376823363718e+02,2.811638101383423987e+02,2.884828062915402711e+02,2.668650668001571375e+02,2.696134671650162886e+02,2.695377587747958046e+02,2.679242807815828087e+02,2.712991286971767408e+02,2.705088012664709822e+02,2.672480814017107491e+02,1.674316990197105333e+05,2.127899377907578327e+01,1.566940100587357421e+01
1.100000000000000000e+02,5.690000000000000000e+03,2.702966694221406101e+02,2.737917758102363450e+02,2.803799214070571679e+02,3.107640224260351260e+02,2.812826221655126346e+02,2.882089456147207329e+02,2.671855869406711577e+02,2.697387990701622584e+02,2.696633605425242308e+02,2.680215880577523535e+02,2.713406008270055736e+02,2.705960377067278273e+02,2.673506267901280467e+02,1.674885231611468480e+05,2.137593322472244495e+01,1.569351898466362982e+01
1.200000000000000000e+02,5.700000000000000000e+03,2.703187116175390656e+02,2.739135907704456372e+02,2.804989723728148761e+02,3.109974694297478095e+02,2.814007942847813979e+02,2.879429671895175034e+02,2.675175401644361273e+02,2.698638716668897359e+02,2.697887110987629740e+02,2.681189171494705761e+02,2.713822047357393217e+02,2.706833264434831676e+02,2.674532622400688524e+02,1.675460487131045666e+05,2.147059593310863690e+01,1.571804063093458126e+01
1.300000000000000000e+02,5.710000000000000000e+03,2.703410429106562560e+02,2.740348351535832876e+02,2.806194618893158008e+02,3.112252912973724506e+02,2.815183355111816468e+02,2.876846069626213875e+02,2.678606037867044165e+02,2.699886950065814517e+02,2.699138204393750016e+02,2.682162773763542418e+02,2.714239517840875919e+02,2.707706796115764973e+02,2.675559962107440697e+02,1.676042489482277306e+05,2.156296990190125840e+01,1.574294627406532499e+01
1.400000000000000000e+02,5.720000000000000000e+03,2.703636635578749861e+02,2.741555745145387846e+02,2.807413298948044940e+02,3.114474973339689541e+02,2.816352507981489453e+02,2.874336129952184251e+02,2.682144633310808786e+02,2.701132761268854097e+02,2.700386955407569758e+02,2.683136776185197618e+02,2.714658526382754076e+02,2.708581087223794270e+02,2.676588367360507164e+02,1.676630972132994793e+05,2.165304341895766171e+01,1.576821678805394100e+01
1.500000000000000000e+02,5.730000000000000000e+03,2.703865738141016095e+02,2.742758693803961023e+02,2.808645162533042026e+02,3.116640942035771218e+02,2.817515417187340176e+02,2.871897441942929277e+02,2.685788113807671493e+02,2.702376193982994437e+02,2.701633407180839299e+02,2.684111263160022531e+02,2.715079172968466992e+02,2.709456246793366176e+02,2.677617914225712639e+02,1.677225669269651989e+05,2.174080506381063671e+01,1.579383356100469449e+01
1.600000000000000000e+02,5.740000000000000000e+03,2.704097739309374901e+02,2.743957754974870795e+02,2.809889607319042284e+02,3.118750864366011228e+02,2.818672069935275317e+02,2.869527692803484342e+02,2.689533467820112378e+02,2.703617268025286080e+02,2.702877578943362096e+02,2.685086314653262889e+02,2.715501551132546751e+02,2.710332377918863926e+02,2.678648674473244569e+02,1.677826315779032593e+05,2.182624370911644718e+01,1.581977846764589835e+01
1.700000000000000000e+02,5.750000000000000000e+03,2.704332641547187563e+02,2.745153440793659456e+02,2.811146030624341279e+02,3.120804768267327631e+02,2.819822429079233075e+02,2.867224659319647344e+02,2.693377738359048976e+02,2.704855981819893032e+02,2.704119468502687482e+02,2.686062006161806153e+02,2.715925748149957712e+02,2.711209577840804172e+02,2.679680715527832149e+02,1.678432647231219453e+05,2.190934852206564187e+01,1.584603384083370692e+01
1.800000000000000000e+02,5.760000000000000000e+03,2.704570447251640530e+02,2.746346220316568179e+02,2.812413829164833032e+02,3.122802667405279067e+02,2.820966436441176484e+02,2.864986200665257456e+02,2.697318018109131117e+02,2.706092314270808288e+02,2.705359054186938010e+02,2.687038408633712834e+02,2.716351845234669895e+02,2.712087938053766720e+02,2.680714100444631072e+02,1.679044399866025778e+05,2.199010896575657270e+01,1.587258244638041305e+01
1.900000000000000000e+02,5.770000000000000000e+03,2.704811158726875533e+02,2.747536522184879573e+02,2.813692399502016883e+02,3.124744563647586801e+02,2.822104015490394886e+02,2.862810252285621573e+02,2.701351444141226352e+02,2.707326226364676245e+02,2.706596296553911429e+02,2.688015588538046927e+02,2.716779917708872745e+02,2.712967544378130924e+02,2.681748887798160013e+02,1.679661310582064907e+05,2.206851480053137493e+01,1.589940745682405776e+01
2.000000000000000000e+02,5.780000000000000000e+03,2.705054778167578320e+02,2.748724736097308323e+02,2.814981138118451440e+02,3.126630449025318512e+02,2.823235073507541415e+02,2.860694820618603558e+02,2.705475194148261266e+02,2.708557662947272888e+02,2.707831139858504912e+02,2.688993607713037477e+02,2.717210035164031297e+02,2.713848477073950107e+02,2.682785131785709609e+02,1.680283116927967931e+05,2.214455608527421759e+01,1.592649242815702593e+01
2.100000000000000000e+02,5.790000000000000000e+03,2.705301307902890358e+02,2.749911215293942064e+02,2.816279441652816331e+02,3.128460307322542917e+02,2.824359503403516101e+02,2.858637978495963239e+02,2.709686483159014188e+02,2.709786553787496359e+02,2.709063513338388134e+02,2.689972523411493626e+02,2.717642261002274608e+02,2.714730810772247196e+02,2.683822882090131543e+02,1.680909557097626384e+05,2.221822317867181695e+01,1.595382127654897175e+01
2.200000000000000000e+02,5.800000000000000000e+03,2.705550749293672084e+02,2.751096278357392748e+02,2.817586707010690930e+02,3.130234115358430813e+02,2.825477185163285867e+02,2.856637861099479210e+02,2.713982560705300671e+02,2.711012814750586131e+02,2.710293332337313359e+02,2.690952388260984662e+02,2.718076655199847096e+02,2.715614614809749696e+02,2.684862183898205785e+02,1.681540369923536200e+05,2.228950674043579738e+01,1.598137825615810037e+01
2.300000000000000000e+02,5.810000000000000000e+03,2.705803104367499827e+02,2.752280211006123523e+02,2.818902331594290445e+02,3.131951844041788036e+02,2.826587987133140132e+02,2.854692662364790863e+02,2.718360708489973945e+02,2.712236348798955987e+02,2.711520499303277916e+02,2.691933250282202721e+02,2.718513270474377919e+02,2.716499953121074213e+02,2.685903077890843065e+02,1.682175294879033172e+05,2.235839773248697071e+01,1.600914793825289095e+01
2.400000000000000000e+02,5.820000000000000000e+03,2.706058374686875254e+02,2.753463267779342232e+02,2.820225713463463535e+02,3.133613459242179147e+02,2.827691767080599448e+02,2.852800631764380910e+02,2.722818238347588817e+02,2.713457046882381860e+02,2.712744904682122637e+02,2.692915152853728955e+02,2.718952155126233379e+02,2.717386884378264540e+02,2.686945600237119152e+02,1.682814072076553421e+05,2.242488742010131375e+01,1.603711519121705109e+01
2.500000000000000000e+02,5.830000000000000000e+03,2.706316561587577780e+02,2.754645673635596381e+02,2.821556251489305396e+02,3.135218922514636688e+02,2.828788373110455154e+02,2.850960071401173650e+02,2.727352490504725324e+02,2.714674788739991413e+02,2.713966427713443750e+02,2.693898134748292819e+02,2.719393352580086685e+02,2.718275462069894388e+02,2.687989782605436631e+02,1.683456442270907573e+05,2.248896737301737403e+01,1.606526516138141858e+01
2.600000000000000000e+02,5.840000000000000000e+03,2.706577666172109389e+02,2.755827625447570313e+02,2.822893345523760331e+02,3.136768191708260360e+02,2.829877644470781206e+02,2.849169333366744468e+02,2.731960832083497621e+02,2.715889443626548996e+02,2.715184937161379253e+02,2.694882230133144958e+02,2.719836901490027685e+02,2.719165734592355079e+02,2.689035652143501807e+02,1.684102146863709204e+05,2.255062946650523159e+01,1.609358325494275377e+01
2.700000000000000000e+02,5.850000000000000000e+03,2.706841689294296316e+02,2.757009293427072976e+02,2.824236396532050435e+02,3.138261221487642274e+02,2.830959412244689020e+02,2.847426817331195252e+02,2.736640655775386222e+02,2.717100870970925257e+02,2.716400291971654042e+02,2.695867468585501001e+02,2.720282835891569562e+02,2.720057745333490402e+02,2.690083231575806053e+02,1.684750927910119353e+05,2.260986588239657635e+01,1.612205512053939316e+01
2.800000000000000000e+02,5.860000000000000000e+03,2.707108631538906138e+02,2.758190822435686869e+02,2.825584806772596380e+02,3.139697963770382785e+02,2.832033500000742379e+02,2.845730968322590684e+02,2.741389378742300664e+02,2.718308920985356281e+02,2.717612341881135194e+02,2.696853875115009487e+02,2.720731185342515914e+02,2.720951532754500022e+02,2.691132539072430063e+02,1.685402528126495308e+05,2.266666911007600049e+01,1.615066663290725302e+01
2.900000000000000000e+02,5.870000000000000000e+03,2.707378493192734368e+02,2.759372333289209109e+02,2.826937979844720417e+02,3.141078368075409912e+02,2.833099724333986842e+02,2.844080274675237661e+02,2.746204441576734325e+02,2.719513435216027233e+02,2.718820927970784282e+02,2.697841470387209029e+02,2.721181975087166052e+02,2.721847130488263247e+02,2.692183588408519768e+02,1.686056690900391259e+05,2.272103194743327848e+01,1.617940387687967885e+01
3.000000000000000000e+02,5.880000000000000000e+03,2.707651274240781163e+02,2.760553923704457020e+02,2.828295321056573357e+02,3.142402382001548062e+02,2.834157895383517598e+02,2.842473266133427501e+02,2.751083307580215092e+02,2.720714247083034252e+02,2.720025883257994224e+02,2.698830269935600654e+02,2.721635226181023199e+02,2.722744567398323738e+02,2.693236388925878941e+02,1.686713160302893375e+05,2.277294750177651750e+01,1.620825313358826847e+01
3.100000000000000000e+02,5.890000000000000000e+03,2.707926974331093106e+02,2.761735670011264574e+02,2.829656237210559198e+02,3.143669951300080356e+02,2.835207817300994861e+02,2.840908512079444108e+02,2.756023461821279739e+02,2.721911182329551480e+02,2.721227032896763944e+02,2.699820285481711721e+02,2.722090955633214548e+02,2.723643867681583401e+02,2.694290945591852164e+02,1.687371681099491834e+05,2.282240919070608243e+01,1.623720086438788712e+01
3.200000000000000000e+02,5.900000000000000000e+03,2.708205592768359793e+02,2.762917627461396819e+02,2.831020136968914471e+02,3.144881020270656222e+02,2.836249288678534981e+02,2.839384619874662690e+02,2.761022410623506858e+02,2.723104059487535551e+02,2.722424195025188851e+02,2.700811524058148620e+02,2.722549176467708207e+02,2.724545050978882728e+02,2.695347259022191224e+02,1.688031998766378674e+05,2.286941074294918508e+01,1.626623369889017923e+01
3.300000000000000000e+02,5.910000000000000000e+03,2.708487128487265636e+02,2.764099831693562805e+02,2.832386430896377192e+02,3.146035531974589503e+02,2.837282102931785630e+02,2.837900233319375616e+02,2.766077680963598482e+02,2.724292690293561918e+02,2.723617180938051661e+02,2.701803988288457958e+02,2.723009898008979235e+02,2.725448132387066948e+02,2.696405325448916983e+02,1.688693859505059663e+05,2.291394619915503483e+01,1.629533842165549729e+01
3.400000000000000000e+02,5.920000000000000000e+03,2.708771580041405969e+02,2.765282299568860935e+02,2.833754531574274438e+02,3.147133428419656411e+02,2.838306048679997389e+02,2.836454031194003846e+02,2.771186819991811490e+02,2.725476880086199003e+02,2.724805795532575416e+02,2.702797676423528515e+02,2.723473125863443443e+02,2.726353122584552011e+02,2.697465136858567121e+02,1.689357010259725212e+05,2.295600991265040136e+01,1.632450196001153486e+01
3.500000000000000000e+02,5.930000000000000000e+03,2.709058945577109512e+02,2.766465030066830195e+02,2.835123853711962738e+02,3.148174650755437369e+02,2.839320910088470100e+02,2.835044725888193966e+02,2.776347394626898222e+02,2.726656428178519036e+02,2.725989837684127224e+02,2.703792582387880543e+02,2.723938862081432717e+02,2.727260027902279944e+02,2.698526680969222866e+02,1.690021198735358485e+05,2.299559655015559656e+01,1.635371137254747254e+01
3.600000000000000000e+02,5.940000000000000000e+03,2.709349222823905734e+02,2.767648005136703091e+02,2.836493814251637673e+02,3.149159139439537967e+02,2.840326467192408018e+02,2.833671062115719792e+02,2.781556991202290305e+02,2.727831128206474887e+02,2.727169100597423039e+02,2.704788695809438650e+02,2.724407105268522287e+02,2.728168850393220737e+02,2.699589941275701221e+02,1.690686173417219252e+05,2.303270109246061992e+01,1.638295383815868078e+01
3.700000000000000000e+02,5.950000000000000000e+03,2.709642409071797147e+02,2.768831190502653499e+02,2.837863832466589997e+02,3.150086834393948152e+02,2.841322496198351359e+02,2.832331815688223173e+02,2.786813215181626333e+02,2.729000768467124658e+02,2.728343372140173528e+02,2.705786002076756063e+02,2.724877850693935670e+02,2.729079587904927848e+02,2.700654897085501602e+02,1.691351683591225883e+05,2.306731883506164138e+01,1.641221664571121153e+01
3.800000000000000000e+02,5.960000000000000000e+03,2.709938501152656158e+02,2.770014536438359301e+02,2.839233330083104079e+02,3.150957675159222049e+02,2.842308769772634491e+02,2.831025792298959800e+02,2.792113690917372537e+02,2.730165132235001124e+02,2.729512435161268513e+02,2.706784482368266254e+02,2.725351090391869775e+02,2.729992234151426374e+02,2.701721523577182893e+02,1.692017479365035251e+05,2.309944538875738829e+01,1.644148718409415011e+01
3.900000000000000000e+02,5.970000000000000000e+03,2.710237495431327943e+02,2.771197978491172762e+02,2.840601731293232319e+02,3.151771600969798897e+02,2.843285057317484643e+02,2.829751826636853025e+02,2.797456061467537438e+02,2.731323998060092322e+02,2.730676067789260628e+02,2.707784113702114155e+02,2.725826813262335691e+02,2.730906778780005197e+02,2.702789791816207980e+02,1.692683311691807467e+05,2.312907668020573837e+01,1.647075293318344791e+01
4.000000000000000000e+02,5.980000000000000000e+03,2.710539387777890283e+02,2.772381438178682060e+02,2.841968462938625066e+02,3.152528550926177786e+02,2.844251125233301991e+02,2.828508781147538684e+02,2.802837988453329103e+02,2.732477140056860776e+02,2.731834043724104504e+02,2.708784868985255798e+02,2.726305005162278121e+02,2.731823207430541061e+02,2.703859668780095262e+02,1.693348932392188581e+05,2.315620895244011024e+01,1.650000145503627280e+01
4.100000000000000000e+02,5.990000000000000000e+03,2.710844173558046464e+02,2.773564823653983922e+02,2.843332954562922623e+02,3.153228464096671928e+02,2.845206737156099734e+02,2.827295545096709475e+02,2.808257151953475841e+02,2.733624328181014107e+02,2.732986132504403258e+02,2.709786717012527788e+02,2.726785648999792784e+02,2.732741501830358857e+02,2.704931117461387657e+02,1.694014094179256645e+05,2.318083876534586452e+01,1.652922038551392347e+01
4.200000000000000000e+02,6.000000000000000000e+03,2.711151847613828068e+02,2.774748030346019050e+02,2.844694638502004409e+02,3.153871279617079040e+02,2.846151654202827217e+02,2.826111033649578985e+02,2.813711250445036285e+02,2.734765328492046592e+02,2.734132099770108653e+02,2.710789622604074225e+02,2.727268724818990222e+02,2.733661639791442326e+02,2.706004096848331528e+02,1.694678550683972717e+05,2.320296299609645985e+01,1.655839742661856917e+01
4.300000000000000000e+02,6.010000000000000000e+03,2.711462404250780764e+02,2.775930941504723819e+02,2.846052949965996959e+02,3.154456936784279719e+02,2.847085635192740938e+02,2.824954186985850697e+02,2.819198000777530524e+02,2.735899903403434337e+02,2.735271707546791049e+02,2.711793546554900445e+02,2.727754209881341581e+02,2.734583595326723184e+02,2.707078561984341718e+02,1.695342056480658648e+05,2.322257883954937085e+01,1.658752033931680359e+01
4.400000000000000000e+02,6.020000000000000000e+03,2.711775837215858473e+02,2.777113428862034539e+02,2.847407327141574456e+02,3.154985375148359026e+02,2.848008436884453545e+02,2.823823969452374740e+02,2.824715138187781918e+02,2.737027811925499350e+02,2.736404714423034648e+02,2.712798445756018282e+02,2.728242078637411510e+02,2.735507338682475051e+02,2.708154464015148051e+02,1.696004367113488552e+05,2.323968380860181071e+01,1.661657693679342174e+01
4.500000000000000000e+02,6.030000000000000000e+03,2.712092139681797107e+02,2.778295353155700127e+02,2.848757211170628807e+02,3.155456534594641766e+02,2.848919814102770829e+02,2.822719368764403498e+02,2.830260416273122814e+02,2.738148809892780946e+02,2.737530875829982051e+02,2.713804273172228818e+02,2.728732303233226730e+02,2.736432836396373318e+02,2.709231750213638747e+02,1.696665239123110950e+05,2.325427573450600605e+01,1.664555507773497922e+01
4.600000000000000000e+02,6.040000000000000000e+03,2.712411304237656395e+02,2.779476564615661118e+02,2.850102046396459627e+02,3.155870355431396206e+02,2.849819520051827908e+02,2.821639395232193124e+02,2.835831607156056293e+02,2.739262650191183184e+02,2.738649944248502379e+02,2.714810977914212344e+02,2.729224852914038593e+02,2.737360051354585266e+02,2.710310364063313955e+02,1.697324430076444114e+05,2.326635276714424094e+01,1.667444266109529494e+01
4.700000000000000000e+02,6.050000000000000000e+03,2.712733322868438108e+02,2.780656903471818850e+02,2.851441280332704196e+02,3.156226778461013396e+02,2.850707306443487710e+02,2.820583081031063557e+02,2.841426501514026768e+02,2.740369082970911450e+02,2.739761669427500692e+02,2.715818505317197378e+02,2.729719694538514432e+02,2.738288942808602542e+02,2.711390245221889472e+02,1.697981698593580804e+05,2.327591337526337512e+01,1.670322762039849351e+01
4.800000000000000000e+02,6.060000000000000000e+03,2.713058186937265646e+02,2.781836202095863086e+02,2.852774363361513679e+02,3.156525745042242761e+02,2.851582923540914862e+02,2.819549479506563330e+02,2.847042908424191978e+02,2.741467855854306208e+02,2.740865798554564776e+02,2.716826796932430739e+02,2.730216792607496927e+02,2.739219466524070867e+02,2.712471329751350027e+02,1.698636804377202934e+05,2.328295634666902103e+01,1.673189791726795761e+01
4.900000000000000000e+02,6.070000000000000000e+03,2.713385887173516267e+02,2.783014278828199508e+02,2.854100750399971389e+02,3.156767197179498794e+02,2.852446120878590818e+02,2.818537664505177531e+02,2.852678656572782643e+02,2.742558714130522048e+02,2.741962076521755876e+02,2.717835790587242855e+02,2.730716109160595124e+02,2.740151574623391184e+02,2.713553549700313852e+02,1.699289508241277945e+05,2.328748078837924496e+01,1.676044154215872339e+01
5.000000000000000000e+02,6.080000000000000000e+03,2.713716413657344333e+02,2.784190948766549241e+02,2.855419898432502350e+02,3.156951077576043190e+02,2.853296646662718103e+02,2.817546729743335732e+02,2.858331592768785185e+02,2.743641400941756956e+02,2.743050246124443561e+02,2.718845420470609611e+02,2.731217604010267337e+02,2.741085215834204405e+02,2.714636833741508326e+02,1.699939572142131219e+05,2.328948612673777774e+01,1.678884650330295258e+01
5.100000000000000000e+02,6.090000000000000000e+03,2.714049755799140371e+02,2.785366016573521506e+02,2.856731268566745712e+02,3.157077329698003041e+02,2.854134248447890059e+02,2.816575788200537431e+02,2.863999583313875519e+02,2.744715657472136172e+02,2.744130048137199651e+02,2.719855617108268575e+02,2.731721234584454123e+02,2.742020335451480832e+02,2.715721106841156143e+02,1.700586759207532741e+05,2.328897210748673885e+01,1.681710082697524911e+01
5.200000000000000000e+02,6.100000000000000000e+03,2.714385902332733167e+02,2.786539279429578642e+02,2.858034325320066955e+02,3.157145897837393136e+02,2.854958673119951413e+02,2.815623971533166241e+02,2.869680513782450930e+02,2.745781223137927327e+02,2.745201221567860443e+02,2.720866307457422977e+02,2.732226956273730138e+02,2.742956875376538619e+02,2.716806290406194648e+02,1.701230833768430166e+05,2.328593879579889148e+01,1.684519255329642817e+01
5.300000000000000000e+02,6.110000000000000000e+03,2.714724841293203212e+02,2.787710527106916061e+02,2.859328536860209624e+02,3.157156727167659938e+02,2.855769667097215461e+02,2.814690429530320444e+02,2.875372289286084992e+02,2.746837835746594010e+02,2.746263503822074767e+02,2.721877414937757749e+02,2.732734722234582705e+02,2.743894774151532943e+02,2.717892302301554537e+02,1.701871561388455739e+05,2.328038657626937535e+01,1.687310973351441845e+01
5.400000000000000000e+02,6.120000000000000000e+03,2.715066560003983795e+02,2.788879542357425407e+02,2.860613375042690336e+02,3.157109763799409166e+02,2.856566976472138322e+02,2.813774329585224336e+02,2.881072834687772115e+02,2.747885231667752919e+02,2.747316630866524179e+02,2.722888859478496215e+02,2.733244483490599919e+02,2.744833967015865710e+02,2.718979056898355680e+02,1.702508708895846212e+05,2.327231615286694577e+01,1.690084042744989290e+01
5.500000000000000000e+02,6.130000000000000000e+03,2.715411045067500027e+02,2.790046101274713237e+02,2.861888315443550255e+02,3.157004954838207027e+02,2.857350347124814220e+02,2.812874856162304695e+02,2.886780094830785401e+02,2.748923145992245054e+02,2.748360337390033692e+02,2.723900557558246192e+02,2.733756189155912466e+02,2.745774385908412683e+02,2.720066465114994685e+02,1.703142044414863631e+05,2.326172854884467966e+01,1.692837270131292016e+01
5.600000000000000000e+02,6.140000000000000000e+03,2.715758282339687639e+02,2.791209973707477729e+02,2.863152837485284294e+02,3.156842248432953966e+02,2.858119524900467354e+02,2.811991210354856889e+02,2.892492034776647074e+02,2.749951312688882581e+02,2.749394356960258392e+02,2.724912422257418143e+02,2.734269786150133541e+02,2.746715959516379826e+02,2.721154434463139751e+02,1.703771337396299641e+05,2.324862510661032644e+01,1.695569462610826506e+01
5.700000000000000000e+02,6.150000000000000000e+03,2.716108256926954141e+02,2.792370923417753374e+02,2.864406424456450395e+02,3.156621593829873405e+02,2.858874255716444850e+02,2.811122609392702998e+02,2.898206640055688581e+02,2.750969464756688012e+02,2.750418422171887869e+02,2.725924363309225100e+02,2.734785219505321265e+02,2.747658613360977142e+02,2.722242869080837977e+02,1.704396358650313341e+05,2.323300748755599443e+01,1.698279427623508298e+01
5.800000000000000000e+02,6.160000000000000000e+03,2.716460953167656385e+02,2.793528708619948020e+02,2.865648563586175896e+02,3.156342941421689829e+02,2.859614285696261504e+02,2.810268286205980530e+02,2.903921916921430579e+02,2.751977334371404709e+02,2.751432264796596314e+02,2.726936287068637057e+02,2.735302432316711361e+02,2.748602269753035330e+02,2.723331669779564095e+02,1.705016880377122143e+05,2.321487767184757800e+01,1.700965972850768892e+01
5.900000000000000000e+02,6.170000000000000000e+03,2.716816354611875113e+02,2.794683082098271711e+02,2.866878746102078139e+02,3.156006242795200478e+02,2.860339361293314937e+02,2.809427488996637976e+02,2.909635892619612605e+02,2.752974653022609459e+02,2.752435615918420240e+02,2.727948096709471884e+02,2.735821365779612506e+02,2.749546847859721197e+02,2.724420734084492324e+02,1.705632676198606496e+05,2.319423795817366596e+01,1.703627906153195681e+01
6.000000000000000000e+02,6.180000000000000000e+03,2.717174444019687485e+02,2.795833791566972764e+02,2.868096467286690654e+02,3.155611450779384199e+02,2.861049229412031991e+02,2.808599480833844382e+02,2.915346615642647521e+02,2.753961151709787600e+02,2.753428206077746836e+02,2.728959692137028696e+02,2.736341959232271392e+02,2.750492263731093772e+02,2.725509956276831645e+02,1.706243521190916072e+05,2.317109096345409824e+01,1.706264035559699721e+01
6.100000000000000000e+02,6.190000000000000000e+03,2.717535203336094014e+02,2.796980580125052143e+02,2.869301226567000640e+02,3.155158519494428901e+02,2.861743637526869293e+02,2.807783539264284514e+02,2.921052156032317271e+02,2.754936560891146087e+02,2.754409765400050674e+02,2.729970970095420171e+02,2.736864150192528768e+02,2.751438430306124587e+02,2.726599227436709612e+02,1.706849191914958647e+05,2.314543962250813536e+01,1.708873169248398582e+01
6.200000000000000000e+02,6.200000000000000000e+03,2.717898613689218905e+02,2.798123186235406479e+02,2.870492527526490676e+02,3.154647404397103401e+02,2.862422333784680859e+02,2.806978955945696157e+02,2.926750605610039315e+02,2.755900610841982257e+02,2.755380023728210404e+02,2.730981824175932502e+02,2.737387874387275701e+02,2.752385257528395073e+02,2.727688435481737770e+02,1.707449466448928288e+05,2.311728718768239332e+01,1.711454115621913630e+01
6.300000000000000000e+02,6.210000000000000000e+03,2.718264655365859994e+02,2.799261344223046422e+02,2.871669877975302256e+02,3.154078062325235692e+02,2.863085067113329387e+02,2.806185036257637648e+02,2.932440078291696182e+02,2.756853031664406330e+02,2.756338710744323635e+02,2.731992144906054705e+02,2.737913065787931259e+02,2.753332652303627697e+02,2.728777465216118117e+02,1.708044124419175496e+05,2.308663722843845534e+01,1.714005683368414523e+01
6.400000000000000000e+02,6.220000000000000000e+03,2.718633307804687433e+02,2.800394784186302104e+02,2.872832790088918955e+02,3.153450451540890640e+02,2.863731587384905311e+02,2.805401098994577751e+02,2.938118710360205910e+02,2.757793553423447293e+02,2.757285556099274686e+02,2.733001819762442892e+02,2.738439656638146857e+02,2.754280518481017452e+02,2.729866198355209121e+02,1.708632947030984215e+05,2.305349363090029158e+01,1.716526681608632288e+01
6.500000000000000000e+02,6.230000000000000000e+03,2.719004549588359509e+02,2.801523232957750906e+02,2.873980780274267204e+02,3.152764531777780235e+02,2.864361645396888889e+02,2.804626476018117955e+02,2.943784660699176357e+02,2.758721906271155717e+02,2.758220289524074929e+02,2.734010733232209418e+02,2.738967577492671239e+02,2.755228756981606466e+02,2.730954513609195260e+02,1.709215717101349437e+05,2.301786059736155821e+01,1.719015919980716944e+01
6.600000000000000000e+02,6.240000000000000000e+03,2.719378358417812933e+02,2.802646413599535435e+02,2.875113369415589091e+02,3.152020264282712105e+02,2.864974993084922517e+02,2.803860511940890206e+02,2.949436111112258914e+02,2.759637820558156704e+02,2.759142640943414904e+02,2.735018766857460832e+02,2.739496757236714757e+02,2.756177265782256995e+02,2.732042286686170200e+02,1.709792219087441044e+05,2.297974264575275072e+01,1.721472208862770259e+01
6.700000000000000000e+02,6.250000000000000000e+03,2.719754711116249837e+02,2.803764045974853616e+02,2.876230082842316165e+02,3.151217611863741013e+02,2.865571383574721835e+02,2.803102563825557922e+02,2.955071266578392510e+02,2.760541026948768035e+02,2.760052340594497764e+02,2.736025799275514032e+02,2.740027123125395860e+02,2.757125939948082305e+02,2.733129390337819586e+02,1.710362239119223086e+05,2.293914460906843544e+01,1.723894359569614210e+01
6.800000000000000000e+02,6.260000000000000000e+03,2.720133583606875050e+02,2.804875846920677986e+02,2.877330450376775843e+02,3.150356538920177059e+02,2.866150571278060966e+02,2.802352000884088739e+02,2.960688355518562958e+02,2.761431256528800304e+02,2.760949119132011447e+02,2.737031706289813542e+02,2.740558600806418781e+02,2.758074671670544831e+02,2.734215694463752584e+02,1.710925565028774436e+05,2.289607163475437801e+01,1.726281184581646500e+01
6.900000000000000000e+02,6.270000000000000000e+03,2.720514950905468936e+02,2.805981530487497366e+02,2.878414006417809787e+02,3.149437011505949044e+02,2.866712311985278347e+02,2.801608204212554938e+02,2.966285630057653862e+02,2.762308240912559540e+02,2.761832707736410271e+02,2.738036360890116612e+02,2.741091114346989457e+02,2.759023350259836320e+02,2.735301066068419118e+02,1.711481986380227609e+05,2.285052918405497735e+01,1.728631497821118046e+01
7.000000000000000000e+02,6.280000000000000000e+03,2.720898787110547801e+02,2.807080808112654609e+02,2.879480289962884854e+02,3.148458997355596694e+02,2.867256362953126541e+02,2.800870566507822446e+02,2.971861366280574543e+02,2.763171712343625472e+02,2.762702838215390102e+02,2.739039633319342215e+02,2.741624586266584629e+02,2.759971862243542091e+02,2.736385369362450319e+02,1.712031294499570504e+05,2.280252303132080982e+01,1.730944114937247491e+01
7.100000000000000000e+02,6.290000000000000000e+03,2.721285065391797389e+02,2.808173388868714824e+02,2.880528844668162378e+02,3.147422465934989759e+02,2.867782482990835433e+02,2.800138491816222199e+02,2.977413864479149765e+02,2.764021403801115184e+02,2.763559243103846939e+02,2.740041391119116270e+02,2.742158937559553351e+02,2.760920091338198290e+02,2.737468465799015007e+02,1.712573282503958617e+05,2.275205926327649664e+01,1.733217853632893579e+01
7.200000000000000000e+02,6.300000000000000000e+03,2.721673757975937633e+02,2.809258979462356365e+02,2.881559218931259920e+02,3.146327388479489855e+02,2.868290432567907828e+02,2.799411395273738208e+02,2.982941449412754764e+02,2.764857049091735917e+02,2.764401655763966801e+02,2.741041499164919628e+02,2.742694087719546587e+02,2.761867918493122716e+02,2.738550214153609659e+02,1.713107745329592435e+05,2.269914427824892300e+01,1.735451534017912323e+01
7.300000000000000000e+02,6.310000000000000000e+03,2.722064836151171221e+02,2.810337284959218209e+02,2.882570965858707268e+02,3.145173738040454054e+02,2.868779973842489994e+02,2.798688702860512194e+02,2.988442470497884642e+02,2.765678382949688512e+02,2.765229810478108448e+02,2.742039819757832788e+02,2.743229954781419906e+02,2.762815221941187360e+02,2.739630470415269770e+02,1.713634479761710099e+05,2.264378478535603989e+01,1.737643978952495161e+01
7.400000000000000000e+02,6.320000000000000000e+03,2.722458270238437308e+02,2.811408008361458428e+02,2.883563643333085338e+02,3.143961489524108970e+02,2.869250870746635087e+02,2.797969851313183085e+02,2.993915302077550109e+02,2.766485141123723679e+02,2.766043442540682236e+02,2.743036212632574120e+02,2.743766455331013958e+02,2.763761877186038305e+02,2.740709088101579596e+02,1.714153284460693249e+05,2.258598780365624492e+01,1.739794014488514406e+01
7.500000000000000000e+02,6.330000000000000000e+03,2.722854029598984766e+02,2.812470851025765342e+02,2.884536814165086298e+02,3.142690619736446251e+02,2.869702889139474564e+02,2.797254287592853643e+02,2.999358343617647051e+02,2.767277060470165679e+02,2.766842288350072181e+02,2.744030535028985014e+02,2.744303504538841594e+02,2.764707757134482335e+02,2.741785918102715982e+02,1.714663959990299190e+05,2.252576066125830678e+01,1.741900470238153531e+01
7.600000000000000000e+02,6.340000000000000000e+03,2.723252082618984105e+02,2.813525512920019764e+02,2.885490046019346551e+02,3.141361107426978378e+02,2.870135796806236499e+02,2.796541468945447946e+02,3.004770019913677288e+02,2.768053879044804262e+02,2.767626085497078634e+02,2.745022641742793894e+02,2.744841016174574406e+02,2.765652731994592273e+02,2.742860808796601191e+02,1.715166308844247542e+05,2.246311099439237324e+01,1.743962179852356797e+01
7.700000000000000000e+02,6.350000000000000000e+03,2.723652396703359386e+02,2.814571692710716206e+02,2.886422911480576090e+02,3.139972933317872616e+02,2.870549363552843829e+02,2.795830862597099440e+02,3.010148781278427919e+02,2.768815336185278397e+02,2.768394572848648068e+02,2.746012385181686000e+02,2.745378902680120632e+02,2.766596669430140309e+02,2.743933606098512996e+02,1.715660135472773109e+05,2.239804674644167193e+01,1.745977981460929129e+01
7.800000000000000000e+02,6.360000000000000000e+03,2.724054938269061950e+02,2.815609087872070972e+02,2.887334988263002060e+02,3.138526080266980784e+02,2.870943361273501750e+02,2.795121945574096571e+02,3.015493103816243661e+02,2.769561172601917747e+02,2.769147490635019722e+02,2.746999615414754317e+02,2.745917074666816120e+02,2.767539434493939439e+02,2.745004153465387731e+02,1.716145246307728230e+05,2.233057616693541547e+01,1.747946718237827923e+01
7.900000000000000000e+02,6.370000000000000000e+03,2.724459672736250013e+02,2.816637395063630720e+02,2.888225858665716714e+02,3.137020532896214036e+02,2.871317564022121473e+02,2.794414204498062304e+02,3.020801489250614509e+02,2.770291130434641218e+02,2.769884580521458020e+02,2.747984180231956657e+02,2.746455442969454452e+02,2.768480889750915708e+02,2.746072292099824494e+02,1.716621449787188903e+05,2.226070781050280800e+01,1.749867238618300647e+01
8.000000000000000000e+02,6.380000000000000000e+03,2.724866564527187052e+02,2.817656310055349422e+02,2.889095110515465876e+02,3.135456278236780463e+02,2.871671748078977657e+02,2.793707135414495042e+02,3.026072465585406235e+02,2.771004953359612273e+02,2.770605585719825399e+02,2.748965925184863295e+02,2.746993915450829036e+02,2.769420895280310333e+02,2.747137860812633789e+02,1.717088556381560920e+05,2.218845053578843363e+01,1.751738397189151897e+01
8.100000000000000000e+02,6.390000000000000000e+03,2.725275577057265082e+02,2.818665528009343006e+02,2.889942336552043116e+02,3.133833305378176988e+02,2.872005692013067915e+02,2.793000243611805899e+02,3.031304586920908264e+02,2.771702386658332102e+02,2.771310250983464130e+02,2.749944693693385602e+02,2.747532399370821281e+02,2.770359308708084995e+02,2.748200696184086951e+02,1.717546378616110014e+05,2.211381350432901627e+01,1.753559055006889977e+01
8.200000000000000000e+02,6.400000000000000000e+03,2.725686672729687530e+02,2.819664743530954070e+02,2.890767134654307711e+02,3.132151605603352778e+02,2.872319176744986180e+02,2.792293043453062182e+02,3.036496433651902294e+02,2.772383177289825653e+02,2.771998322782507103e+02,2.750920327043934890e+02,2.748070800751609113e+02,2.771295985270937194e+02,2.749260632598639518e+02,1.717994731094086310e+05,2.203680617939188124e+01,1.755328080177580219e+01
8.300000000000000000e+02,6.410000000000000000e+03,2.726099812934766646e+02,2.820653650888854145e+02,2.891569107882015714e+02,3.130411172433636580e+02,2.872611985612026615e+02,2.791585058210892498e+02,3.041646612597537569e+02,2.773047073964841047e+02,2.772669549322369562e+02,2.751892664458774220e+02,2.748609024440452799e+02,2.772230777834765831e+02,2.750317502270142427e+02,1.718433430519569956e+05,2.195743832477505464e+01,1.757044348418035540e+01
8.400000000000000000e+02,6.420000000000000000e+03,2.726514958043280785e+02,2.821631944138289327e+02,2.892347864494734608e+02,3.128612001668050198e+02,2.872883904420668273e+02,2.790875819912938027e+02,3.046753757086825658e+02,2.773693827217951480e+02,2.773323680626152736e+02,2.752861543187601114e+02,2.749146974081574513e+02,2.773163536952519053e+02,2.751371135369136027e+02,1.718862295718844107e+05,2.187572000356933444e+01,1.758706743620367163e+01
8.500000000000000000e+02,6.430000000000000000e+03,2.726932067404922009e+02,2.822599317265989498e+02,2.893103017991965658e+02,3.126754091433361964e+02,2.873134721505200559e+02,2.790164869183475957e+02,3.051816527057943631e+02,2.774323189474383184e+02,2.773960468602001015e+02,2.753826798562201930e+02,2.749684552213987558e+02,2.774094110891467722e+02,2.752421360018420273e+02,1.719281147662050207e+05,2.179166157688238314e+01,1.760314158434341181e+01
8.600000000000000000e+02,6.440000000000000000e+03,2.727351099345703460e+02,2.823555464315578547e+02,2.893834187155196105e+02,3.124837442220643311e+02,2.873364227790108316e+02,2.789451755104356607e+02,3.056833609121587756e+02,2.774934915122003645e+02,2.774579667112602692e+02,2.754788263998560751e+02,2.750221660253307050e+02,2.775022345724923980e+02,2.753468002371362218e+02,1.719689809482830460e+05,2.170527370252501242e+01,1.761865494858175296e+01
8.700000000000000000e+02,6.450000000000000000e+03,2.727772011164531136e+02,2.824500079522737792e+02,2.894540996073216661e+02,3.122862056933137751e+02,2.873572216837405335e+02,2.788736035067608441e+02,3.061803716623517175e+02,2.775528760574300122e+02,2.775181032039041611e+02,2.755745771127147918e+02,2.750758198539703585e+02,2.775948085322992824e+02,2.754510886673911614e+02,1.720088106498119887e+05,2.161656733365990135e+01,1.763359664831464357e+01
8.800000000000000000e+02,6.460000000000000000e+03,2.728194759137343794e+02,2.825432857443495891e+02,2.895223074171834128e+02,3.120827940925622670e+02,2.873758484903573276e+02,2.788017274630914812e+02,3.066725589682310442e+02,2.776104484335133407e+02,2.775764321347275541e+02,2.756699149830934630e+02,2.751294066370178939e+02,2.776871171435984706e+02,2.755549835323079151e+02,1.720475866227307997e+05,2.152555371741284063e+01,1.764795590838373229e+01
8.900000000000000000e+02,6.470000000000000000e+03,2.728619298510312206e+02,2.826353493046129302e+02,2.895880054178174419e+02,3.118735101686025928e+02,2.873922830970106475e+02,2.787295052441563712e+02,3.071597995212775345e+02,2.776661847060961463e+02,2.776329293749629414e+02,2.757648228308211173e+02,2.751829162024503148e+02,2.777791443736821293e+02,2.756584668924408561e+02,1.720852918409152480e+05,2.143224439344668752e+01,1.766172207181128329e+01
9.000000000000000000e+02,6.480000000000000000e+03,2.729045583506250523e+02,2.827261681927720929e+02,2.896511580616182755e+02,3.116583550120101336e+02,2.874065056822406063e+02,2.786568940046324769e+02,3.076419726936574079e+02,2.777200611630207163e+02,2.776875714224526064e+02,2.758592833136039530e+02,2.752363382802907381e+02,2.778708739877776566e+02,2.757615206363392986e+02,1.721219095021870162e+05,2.133665119249825892e+01,1.767488457929596635e+01
9.100000000000000000e+02,6.490000000000000000e+03,2.729473567320000598e+02,2.828157120264978062e+02,2.897117296784301743e+02,3.114373299170896985e+02,2.874184967107693751e+02,2.785838531542091232e+02,3.081189605385547452e+02,2.777720543148917045e+02,2.777403346258927854e+02,2.759532789330049241e+02,2.752896625053440971e+02,2.779622895535592306e+02,2.758641264860193019e+02,1.721574230296970054e+05,2.123878623487826545e+01,1.768743301446369998e+01
9.200000000000000000e+02,6.500000000000000000e+03,2.729903202123671235e+02,2.829039505527946403e+02,2.897696853646532418e+02,3.112104364354674999e+02,2.874282369349296573e+02,2.785103424179467311e+02,3.085906477853310435e+02,2.778221409141062281e+02,2.777911956554925155e+02,2.760467920277042708e+02,2.753428784226111929e+02,2.780533744479297411e+02,2.759662660040454512e+02,1.721918160735931597e+05,2.113866192893465978e+01,1.769935708581829914e+01
9.300000000000000000e+02,6.510000000000000000e+03,2.730334439070546750e+02,2.829908535070729840e+02,2.898249907866833155e+02,3.109776763943366973e+02,2.874357074004886385e+02,2.784363222409284049e+02,3.090569218386769421e+02,2.778702979410795137e+02,2.778401314436370058e+02,2.761398048487665164e+02,2.753959754850604895e+02,2.781441118606632017e+02,2.760679205962501896e+02,1.722250725125592144e+05,2.103629096947928190e+01,1.771064663687574736e+01
9.400000000000000000e+02,6.520000000000000000e+03,2.730767228293437370e+02,2.830763908213362470e+02,2.898776121476383878e+02,3.107390518916890301e+02,2.874408894498138238e+02,2.783617538265208964e+02,3.095176727720156578e+02,2.779165026313401086e+02,2.778871191566714742e+02,2.762322994431685288e+02,2.754489430631167579e+02,2.782344848030160733e+02,2.761690715219904178e+02,1.722571764552024251e+05,2.093168633617834828e+01,1.772129165345999269e+01
9.500000000000000000e+02,6.530000000000000000e+03,2.731201518913203472e+02,2.831605324983789274e+02,2.899275162008423194e+02,3.104945653033752819e+02,2.874437647269438685e+02,2.782865991090772582e+02,3.099727933215592088e+02,2.779607324594444435e+02,2.779321362159654996e+02,2.763242577579012504e+02,2.755017704472815581e+02,2.783244761116839641e+02,2.762696999131746907e+02,1.722881122414288693e+05,2.082486129190667867e+01,1.773128226956254139e+01
9.600000000000000000e+02,6.540000000000000000e+03,2.731637259040234653e+02,2.832432486961051836e+02,2.899746702508986118e+02,3.102442192808036339e+02,2.874443151825088307e+02,2.782108207515255458e+02,3.104221788748520794e+02,2.780029651578943231e+02,2.779751602944091360e+02,2.764156616181989534e+02,2.755544468485512084e+02,2.784140684555854932e+02,2.763697867505433692e+02,1.723178644436900213e+05,2.071582938106617888e+01,1.774060877336653164e+01
9.700000000000000000e+02,6.550000000000000000e+03,2.732074395780156806e+02,2.833245096805586059e+02,2.900190421682171404e+02,3.099880167643615323e+02,2.874425230765021979e+02,2.781343821160978109e+02,3.108657274645474331e+02,2.780431787220701949e+02,2.780161693229986213e+02,2.765064927340261534e+02,2.756069614037270412e+02,2.785032443425200768e+02,2.764693128946796037e+02,1.723464178682072670e+05,2.060460442786846613e+01,1.774926161331183749e+01
9.800000000000000000e+02,6.560000000000000000e+03,2.732512875242656492e+02,2.834042858699472731e+02,2.900606003747031423e+02,3.097259609826094788e+02,2.874383709824157904e+02,2.780572472780772841e+02,3.113033397551232611e+02,2.780813514088852685e+02,2.780551414963113075e+02,2.765967327063667085e+02,2.756593031794091075e+02,2.785919861247536460e+02,2.765682590863486894e+02,1.723737575560802943e+05,2.049120053458211999e+01,1.775723140413627732e+01
9.900000000000000000e+02,6.570000000000000000e+03,2.732952642542578019e+02,2.834825478394785137e+02,2.900993138522304662e+02,3.094580554575652513e+02,2.874318417910460539e+02,2.779793810060863848e+02,3.117349190301109161e+02,2.781174617439897361e+02,2.780920552767827303e+02,2.766863630340886857e+02,2.757114611749722144e+02,2.786802760060538162e+02,2.766666059532843747e+02,1.723998687843051157e+05,2.037563207974465485e+01,1.776450893262850528e+01
1.000000000000000000e+03,6.580000000000000000e+03,2.733393641814453190e+02,2.835592663263809072e+02,2.901351521439621592e+02,3.091843040093394848e+02,2.874229187139844157e+02,2.779007487533428957e+02,3.121603711778123511e+02,2.781514885263534893e+02,2.781268893991970117e+02,2.767753651248821143e+02,2.757634243267975194e+02,2.787680960483854733e+02,2.767643340160221896e+02,1.724247370668076037e+05,2.025791371633944493e+01,1.777108516342079625e+01
1.010000000000000000e+03,6.590000000000000000e+03,2.733835816213905900e+02,2.836344122432917061e+02,2.901680853529119304e+02,3.089047107601079460e+02,2.874115852858611220e+02,2.778213166557100067e+02,3.125796046752055304e+02,2.781834108325020338e+02,2.781596228734112515e+02,2.768637202969929945e+02,2.758151815118605441e+02,2.788554281784403770e+02,2.768614236977031169e+02,1.724483481552173907e+05,2.013806036993787885e+01,1.777695124467652477e+01
1.020000000000000000e+03,6.600000000000000000e+03,2.734279107929999668e+02,2.837079566838681899e+02,2.901980841521472598e+02,3.086192801383618871e+02,2.873978253712800779e+02,2.777410515023464086e+02,3.129925305713205717e+02,2.782132080209730702e+02,2.781902349943143236e+02,2.769514097891745905e+02,2.758667215528147949e+02,2.789422541947876653e+02,2.769578553281227755e+02,1.724706880398245703e+05,2.001608723680690005e+01,1.778209851353162207e+01
1.030000000000000000e+03,6.610000000000000000e+03,2.734723458192422072e+02,2.837798709463766613e+02,2.902251197756027068e+02,3.083280168858755701e+02,2.873816231634826295e+02,2.776599207487837475e+02,3.133990624674751189e+02,2.782408597365956666e+02,2.782187053378600581e+02,2.770384147680886144e+02,2.759180332138897711e+02,2.790285557753308581e+02,2.770536091524172662e+02,1.724917429502014129e+05,1.989200978198232406e+01,1.778651850161267234e+01
1.040000000000000000e+03,6.620000000000000000e+03,2.735168807286093511e+02,2.838501265137716132e+02,2.902491640239951494e+02,3.080309260583196647e+02,2.873629631897421177e+02,2.775778925043492791e+02,3.137991164990661446e+02,2.782663459139516249e+02,2.782450137709565183e+02,2.771247163344736464e+02,2.759691052211990154e+02,2.791143144804065628e+02,2.771486653377577909e+02,1.725114993559583672e+05,1.976584373730797495e+01,1.779020294055559859e+01
1.050000000000000000e+03,6.630000000000000000e+03,2.735615094555938072e+02,2.839186950908890026e+02,2.902701892633070884e+02,3.077280130307847230e+02,2.873418303137640919e+02,2.774949355191162113e+02,3.141926113119447450e+02,2.782896467816738664e+02,2.782691404519636649e+02,2.772102955310749053e+02,2.760199262498828716e+02,2.791995117726727926e+02,2.772430039809017330e+02,1.725299439672687149e+05,1.963760509944104982e+01,1.779314376683519683e+01
1.060000000000000000e+03,6.640000000000000000e+03,2.736062258422891205e+02,2.839855485942327391e+02,2.902881684285490564e+02,3.074192835043116361e+02,2.873182097376745219e+02,2.774110191818900830e+02,3.145794680424766057e+02,2.783107428653672741e+02,2.782910658372136936e+02,2.772951333505753269e+02,2.760704849379112034e+02,2.792841290064452551e+02,2.773366051153188323e+02,1.725470637354745122e+05,1.950731012782389584e+01,1.779533312716856841e+01
1.070000000000000000e+03,6.650000000000000000e+03,2.736510236394219078e+02,2.840506591740635827e+02,2.903030750265762663e+02,3.071047435089373607e+02,2.872920870074190134e+02,2.773261134991151380e+02,3.149596102922664613e+02,2.783296149919029858e+02,2.783107706809149136e+02,2.773792107417963280e+02,2.761207698868425382e+02,2.793681474472152786e+02,2.774294487186229503e+02,1.725628458534920646e+05,1.937497534262246646e+01,1.779676338298298077e+01
1.080000000000000000e+03,6.660000000000000000e+03,2.736958965075702395e+02,2.841139992085959989e+02,2.903148831770263882e+02,3.067843994071078555e+02,2.872634480302280053e+02,2.772401889862148892e+02,3.153329641039006219e+02,2.783462443217660507e+02,2.783282360425438355e+02,2.774625086176797026e+02,2.761707696652921413e+02,2.794515482760175473e+02,2.775215147192882910e+02,1.725772777562131232e+05,1.924061752263171599e+01,1.779742711406525757e+01
1.090000000000000000e+03,6.670000000000000000e+03,2.737408380186562340e+02,2.841755413234267280e+02,2.903235674152720662e+02,3.064582579004652985e+02,2.872322790075851913e+02,2.771532171491763279e+02,3.156994579347045828e+02,2.783606122364275279e+02,2.783434432874014419e+02,2.775450078619622900e+02,2.762204728146570005e+02,2.795343125970995857e+02,2.776127830050569401e+02,1.725903471208030533e+05,1.910425370314822402e+01,1.779731712916406039e+01
1.100000000000000000e+03,6.680000000000000000e+03,2.737858416569999349e+02,2.842352583914417892e+02,2.903291030161100252e+02,3.061263260322891142e+02,2.871985665367156457e+02,2.770651697084263105e+02,3.160590226297401841e+02,2.783727005122250944e+02,2.783563740906080284e+02,2.776266893376685516e+02,2.762698678513325490e+02,2.796164214456958916e+02,2.777032334294468114e+02,1.726020418669961800e+05,1.896590117381025209e+01,1.779642646091539149e+01
1.110000000000000000e+03,6.690000000000000000e+03,2.738309008213281572e+02,2.842931235448457983e+02,2.903314657606337619e+02,3.057886111927538195e+02,2.871622975564669105e+02,2.769760191155418170e+02,3.164115913937490632e+02,2.783824912154577760e+02,2.783670104401765570e+02,2.777075338938524851e+02,2.763189432719943852e+02,2.796978557953472091e+02,2.777928458194580230e+02,1.726123501572825480e+05,1.882557747640562695e+01,1.779474837611551408e+01
1.120000000000000000e+03,6.700000000000000000e+03,2.738760088258828205e+02,2.843491101812821853e+02,2.903306320004863323e+02,3.054451211233617869e+02,2.871234593569815843e+02,2.768857384194087103e+02,3.167570997622487994e+02,2.783899667272319221e+02,2.783753346394266828e+02,2.777875223730419521e+02,2.763676875569748290e+02,2.797785965662311582e+02,2.778815999831560362e+02,1.726212603970248601e+05,1.868330040264753933e+01,1.779227637866481260e+01
1.130000000000000000e+03,6.710000000000000000e+03,2.739211589019687949e+02,2.844031919701343440e+02,2.903265786577628660e+02,3.050958639214065897e+02,2.870820395831125893e+02,2.767943012560992884e+02,3.170954855713179086e+02,2.783951097482129740e+02,2.783813293105420144e+02,2.778666356186113831e+02,2.764160891751762392e+02,2.798586246328742391e+02,2.779694757168348360e+02,1.726287612345407542e+05,1.853908799191879808e+01,1.778900421322122227e+01
1.140000000000000000e+03,6.720000000000000000e+03,2.739663441998593498e+02,2.844553428583910204e+02,2.903192832250052220e+02,3.047408480447716101e+02,2.870380262365806061e+02,2.767016818430578837e+02,3.174266889270087972e+02,2.783979033010855346e+02,2.783849773965211511e+02,2.779448544821677842e+02,2.764641365870514278e+02,2.799379208315996834e+02,2.780564528122138199e+02,1.726348415610813245e+05,1.839295852898456829e+01,1.778492586882300586e+01
1.150000000000000000e+03,6.730000000000000000e+03,2.740115577901015058e+02,2.845055370835986537e+02,2.903087237632472579e+02,3.043800823151731265e+02,2.869914076777480432e+02,2.766078549721966624e+02,3.177506521736677314e+02,2.783983307335795416e+02,2.783862621640751058e+02,2.780221598314569178e+02,2.765118182493014274e+02,2.800164659691131419e+02,2.781425110649300905e+02,1.726394905108331586e+05,1.824493054167403727e+01,1.778003558230129144e+01
1.160000000000000000e+03,6.740000000000000000e+03,2.740567926657734574e+02,2.845537491698662507e+02,2.902948789042339399e+02,3.040135759247407918e+02,2.869421726271683042e+02,2.765127960050007232e+02,3.180673198613895920e+02,2.783963757203745217e+02,2.783851672058816007e+02,2.780985325565928861e+02,2.765591226188567475e+02,2.800942408300549573e+02,2.782276302803385306e+02,1.726426974607805023e+05,1.809502279853126083e+01,1.777432784160048129e+01
1.170000000000000000e+03,6.750000000000000000e+03,2.741020417437187575e+02,2.845999539428792673e+02,2.902777278474277978e+02,3.036413384384857181e+02,2.868903101672556772e+02,2.764164808662192740e+02,3.183766387129182931e+02,2.783920222659964452e+02,2.783816764430322905e+02,2.781739535785306430e+02,2.766060381568792081e+02,2.801712261847413288e+02,2.783117902825756573e+02,1.726444520305547048e+05,1.794325430643550945e+01,1.776779738876792081e+01
1.180000000000000000e+03,6.760000000000000000e+03,2.741472978665312894e+02,2.846441265336077890e+02,2.902572503605156840e+02,3.032633797998726095e+02,2.868358097434807519e+02,2.763188860387206773e+02,3.186785575900213416e+02,2.783852547066140914e+02,2.783757741270126758e+02,2.782484038557275881e+02,2.766525533305461977e+02,2.802474027983773794e+02,2.783949709207444698e+02,1.726447440822088683e+05,1.778964430819136666e+01,1.776043922284524257e+01
1.190000000000000000e+03,6.770000000000000000e+03,2.741925538050546720e+02,2.846862423817336207e+02,2.902334267786011424e+02,3.028797103349086228e+02,2.867786611659622054e+02,2.762199885571292270e+02,3.189730274589319947e+02,2.783760577121499864e+02,2.783674448410381501e+02,2.783218643914818244e+02,2.766986566234763245e+02,2.803227514371253051e+02,2.784771520768559867e+02,1.726435637200195633e+05,1.763421228008889585e+01,1.775224860243017133e+01
1.200000000000000000e+03,6.780000000000000000e+03,2.742378022589062425e+02,2.847262772423786714e+02,2.902062380026870869e+02,3.024903407571345042e+02,2.867188546099887958e+02,2.761197660039310904e+02,3.192600013555688179e+02,2.783644162884114621e+02,2.783566735041738411e+02,2.783943162417494932e+02,2.767443365319209647e+02,2.803972528783341431e+02,2.785583136735202174e+02,1.726409012900806847e+05,1.747697792943427686e+01,1.774322104822528701e+01
1.210000000000000000e+03,6.790000000000000000e+03,2.742830358601328271e+02,2.847642071932500016e+02,2.901756655000095861e+02,3.020952821709781233e+02,2.866563806178601794e+02,2.760181965024735860e+02,3.195394343497442264e+02,2.783503157801121120e+02,2.783434453712542336e+02,2.784657405212009280e+02,2.767895815735111569e+02,2.804708879153106977e+02,2.786384356788362311e+02,1.726367473799971922e+05,1.731796119205107587e+01,1.773335234514281566e+01
1.220000000000000000e+03,6.800000000000000000e+03,2.743282471740077995e+02,2.848000086470358383e+02,2.901416913014672900e+02,3.016945460774479670e+02,2.865912300992432620e+02,2.759152587131115979e+02,3.198112835098879145e+02,2.783337418666421286e+02,2.783277460351979471e+02,2.785361184109306123e+02,2.768343802897788350e+02,2.805436373685572562e+02,2.787174981179454107e+02,1.726310928185232624e+05,1.715718222975259621e+01,1.772263854426574881e+01
1.230000000000000000e+03,6.810000000000000000e+03,2.743734287014530651e+02,2.848336583395856110e+02,2.901042980013633610e+02,3.012881443781054145e+02,2.865233943321125594e+02,2.758109318280452840e+02,3.200755078661850348e+02,2.783146805734893974e+02,2.783095614281982648e+02,2.786054311662508098e+02,2.768787212498996837e+02,2.806154820917756183e+02,2.787954810765563138e+02,1.726239286750338797e+05,1.699466142778552680e+01,1.771107596482526603e+01
1.240000000000000000e+03,6.820000000000000000e+03,2.744185728813203582e+02,2.848651333471429439e+02,2.900634687567871310e+02,3.008760893794388380e+02,2.864528649644094003e+02,2.757051955653363393e+02,3.203320683748105466e+02,2.782931182667808798e+02,2.782888778237894485e+02,2.786736601194186846e+02,2.769225930549027339e+02,2.806864029806360463e+02,2.788723647105364876e+02,1.726152462590913929e+05,1.683041939224529315e+01,1.769866119564597184e+01
1.250000000000000000e+03,6.830000000000000000e+03,2.744636720920077551e+02,2.848944110873011937e+02,2.900191872852101937e+02,3.004583937977415076e+02,2.863796340139228391e+02,2.755980301657817222e+02,3.205809278804106270e+02,2.782690416564037150e+02,2.782656818381854009e+02,2.787407866975498791e+02,2.769659843412732130e+02,2.807563809803342565e+02,2.789481292445457825e+02,1.726050371198848879e+05,1.666447694746340957e+01,1.768539109660719433e+01
1.260000000000000000e+03,6.840000000000000000e+03,2.745087186544452607e+02,2.849214693282298754e+02,2.899714378596748361e+02,3.000350707632288731e+02,2.863036938663530009e+02,2.754894163867323869e+02,3.208220510769733096e+02,2.782424377974391518e+02,2.782399604308685639e+02,2.788067924173294614e+02,2.770088837848638832e+02,2.808253970931243657e+02,2.790227550052155152e+02,1.725932930457311741e+05,1.649685513336714848e+01,1.767126279953882673e+01
1.270000000000000000e+03,6.850000000000000000e+03,2.745537048332031418e+02,2.849462862150928686e+02,2.899202053152329199e+02,2.996061338248400716e+02,2.862250372808671273e+02,2.753793354980482491e+02,3.210554044747161129e+02,2.782132940916840766e+02,2.782117009072914016e+02,2.788716588975321997e+02,2.770512801055211298e+02,2.808934323616542201e+02,2.790962223935238171e+02,1.725800060633749817e+05,1.632757520281186814e+01,1.765627370957889397e+01
1.280000000000000000e+03,6.860000000000000000e+03,2.745986228394609725e+02,2.849688401643216480e+02,2.898654750411782288e+02,2.991715969544160885e+02,2.861436573871504834e+02,2.752677692773257832e+02,3.212809563598150362e+02,2.781815982879540456e+02,2.781808909177208875e+02,2.789353678647140100e+02,2.770931620676151965e+02,2.809604679762657611e+02,2.791685119093154981e+02,1.725651684374132601e+05,1.615665861888636456e+01,1.764042150565216005e+01
1.290000000000000000e+03,6.870000000000000000e+03,2.746434648333359405e+02,2.849891100408323723e+02,2.898072329808471181e+02,2.987314745516229095e+02,2.860595476864027660e+02,2.751547000054067666e+02,3.214986767575051658e+02,2.781473384836141918e+02,2.781475184601203523e+02,2.789979011602965784e+02,2.771345184875875134e+02,2.810264851325321729e+02,2.792396041601593879e+02,1.725487726696353056e+05,1.598412705219155328e+01,1.762370414110590389e+01
1.300000000000000000e+03,6.880000000000000000e+03,2.746882229254609342e+02,2.850070750432493583e+02,2.897454656301444516e+02,2.982857814482023286e+02,2.859727020513164462e+02,2.750401104621213335e+02,3.217085373942115893e+02,2.781105031255219728e+02,2.781115718807041048e+02,2.790592407471374941e+02,2.771753382357405258e+02,2.810914651380521150e+02,2.793094798636959126e+02,1.725308114982845727e+05,1.581000237809282538e+01,1.760611984405173658e+01
1.310000000000000000e+03,6.890000000000000000e+03,2.747328891799062944e+02,2.850227147375178447e+02,2.896801600348337615e+02,2.978345329122902285e+02,2.858831147263879302e+02,2.749239839218188877e+02,3.219105116601092504e+02,2.780710810107736961e+02,2.780730398744163381e+02,2.791193687159019987e+02,2.772156102397512427e+02,2.811553893971008051e+02,2.793781198555336687e+02,1.725112778973475506e+05,1.563430667394648310e+01,1.758766711749264289e+01
1.320000000000000000e+03,6.900000000000000000e+03,2.747774556162422073e+02,2.850360090617109563e+02,2.896113037897093250e+02,2.973777446534128330e+02,2.857907803280116923e+02,2.748063041489252782e+02,3.221045745716730835e+02,2.780290612873521354e+02,2.780319114856057467e+02,2.791782672914172281e+02,2.772553234882482229e+02,2.812182394154746135e+02,2.794455050957608364e+02,1.724901650758274773e+05,1.545706221630053534e+01,1.756834473929406926e+01
1.330000000000000000e+03,6.910000000000000000e+03,2.748219142116874423e+02,2.850469383287650658e+02,2.895388850354929104e+02,2.969154328267955520e+02,2.856956938441292095e+02,2.746870553937944237e+02,3.222907027339884962e+02,2.779844334546538107e+02,2.779881761087459040e+02,2.792359188390791473e+02,2.772944670341919959e+02,2.812799968093638654e+02,2.795116166751043352e+02,1.724674664768656949e+05,1.527829147807023524e+01,1.754815176193159942e+01
1.340000000000000000e+03,6.920000000000000000e+03,2.748662569039296955e+02,2.850554832300481962e+02,2.894628924572829192e+02,2.964476140377599336e+02,2.855978506343152503e+02,2.745662223890418545e+02,3.224688743034136564e+02,2.779371873643094091e+02,2.779418234890154622e+02,2.792923058709050679e+02,2.773330299983562668e+02,2.813406433119566827e+02,2.795764358222159558e+02,1.724431757770786353e+05,1.509801712568870435e+01,1.752708751206039750e+01
1.350000000000000000e+03,6.930000000000000000e+03,2.749104755931953150e+02,2.850616248379274680e+02,2.893833152821028989e+02,2.959743053464870854e+02,2.854972464290904099e+02,2.744437903446681730e+02,3.226390689505294063e+02,2.778873132202247120e+02,2.778928437225611674e+02,2.793474110518724842e+02,2.773710015730496252e+02,2.814001607808490348e+02,2.796399439092170951e+02,1.724172868856082205e+05,1.491626201623311232e+01,1.750515158990594955e+01
1.360000000000000000e+03,6.940000000000000000e+03,2.749545621444140693e+02,2.850653446098731365e+02,2.893001432764614265e+02,2.954955242724728919e+02,2.853938773303900120e+02,2.743197449443837854e+02,3.228012678228040500e+02,2.778348015794284152e+02,2.778412272574739177e+02,2.794012172057454677e+02,2.774083710241193899e+02,2.814585312044866896e+02,2.797021224587006714e+02,1.723897939433283755e+05,1.473304919452654538e+01,1.748234386847926203e+01
1.370000000000000000e+03,6.950000000000000000e+03,2.749985083898437210e+02,2.850666243901052326e+02,2.892133667446610730e+02,2.950112887989398018e+02,2.852877398103075279e+02,2.741940723419552342e+02,3.229554535083012752e+02,2.777796433516585353e+02,2.777869648925209276e+02,2.794537073208040852e+02,2.774451276953825527e+02,2.815157367092508025e+02,2.797629531496062896e+02,1.723606913219229609e+05,1.454840189021618002e+01,1.745866449256881481e+01
1.380000000000000000e+03,6.960000000000000000e+03,2.750423061317734437e+02,2.850654464126992025e+02,2.891229765256570090e+02,2.945216173776636310e+02,2.851788307110808205e+02,2.740667591566370334e+02,3.231016099986006225e+02,2.777218298004164012e+02,2.777300477789762567e+02,2.795048645562729916e+02,2.774812610110751052e+02,2.815717595663496695e+02,2.798224178233934367e+02,1.723299736230988638e+05,1.436234351482796967e+01,1.743411387762801468e+01
1.390000000000000000e+03,6.970000000000000000e+03,2.750859471443906159e+02,2.850617933043038192e+02,2.890289639905539616e+02,2.940265289334237195e+02,2.850671472444903429e+02,2.739377924696228206e+02,3.232397226531844012e+02,2.776613525423584861e+02,2.776704674206056893e+02,2.795546722472719239e+02,2.775167604790821656e+02,2.816265821980449573e+02,2.798804984897578834e+02,1.722976356775986787e+05,1.417489765879829200e+01,1.740869270847899841e+01
1.400000000000000000e+03,6.980000000000000000e+03,2.751294231762499862e+02,2.850556480853782091e+02,2.889313210410512625e+02,2.935260428683590135e+02,2.849526869911901485e+02,2.738071598194997591e+02,3.233697781632794204e+02,2.775982035478539842e+02,2.776082156722413856e+02,2.796031139107177523e+02,2.775516156937525807e+02,2.816801871845686378e+02,2.799371773329789903e+02,1.722636725442598108e+05,1.398608808848291396e+01,1.738240193777070175e+01
1.410000000000000000e+03,6.990000000000000000e+03,2.751727311726172047e+02,2.850471742508815964e+02,2.888338995432441152e+02,2.930350775160863463e+02,2.848542508829708026e+02,2.736768863930381031e+02,3.234937900885980184e+02,2.775348739792430024e+02,2.775457835916179192e+02,2.796502337342657256e+02,2.775858705032129592e+02,2.817326189433614445e+02,2.799924972177551581e+02,1.722304756433692819e+05,1.403767156681601058e+01,1.735736221535842461e+01
1.420000000000000000e+03,7.000000000000000000e+03,2.752158708817890442e+02,2.850365668417787219e+02,2.887388533396905927e+02,2.925564345075345614e+02,2.847753480432172637e+02,2.735478309410648876e+02,3.236126033023027730e+02,2.774721553915279060e+02,2.774839626303123623e+02,2.796960859435598650e+02,2.776195750158493638e+02,2.817839325996036450e+02,2.800465110738566636e+02,1.721986831672099361e+05,1.415446847720168577e+01,1.733371667437330288e+01
1.430000000000000000e+03,7.010000000000000000e+03,2.752588428767265896e+02,2.850240112380657820e+02,2.886467851246194414e+02,2.920890851972588962e+02,2.847146532248789867e+02,2.734202678105292534e+02,3.237264789587042060e+02,2.774101609616060387e+02,2.774228658670802474e+02,2.797407186429094850e+02,2.776527712450641729e+02,2.818341767704054064e+02,2.800992657471417147e+02,1.721682700716952095e+05,1.426990426352800867e+01,1.731121440514029430e+01
1.440000000000000000e+03,7.020000000000000000e+03,2.753016480438749909e+02,2.850096876534433932e+02,2.885578476978033109e+02,2.916324027224292195e+02,2.846713452526381616e+02,2.732943810345436191e+02,3.238355884705373455e+02,2.773489789836029331e+02,2.773625814889823573e+02,2.797841762104577583e+02,2.776854960522038596e+02,2.818833956453214000e+02,2.801508043970630411e+02,1.721392120647994743e+05,1.438396428963272378e+01,1.728976557184563489e+01
1.450000000000000000e+03,7.030000000000000000e+03,2.753442874332734505e+02,2.849937700951074930e+02,2.884720585071342498e+02,2.911859189689883465e+02,2.846447988138939422e+02,2.731703017286666864e+02,3.239400509180745757e+02,2.772886785883613356e+02,2.773031785161124958e+02,2.798265006232835503e+02,2.777177828523119842e+02,2.819316303881373642e+02,2.802011678227793823e+02,1.721114851945805131e+05,1.449663409378689849e+01,1.726932170783371845e+01
1.460000000000000000e+03,7.040000000000000000e+03,2.753867622083985225e+02,2.849764250677807240e+02,2.883893921009361065e+02,2.907492425620765744e+02,2.846344805628667132e+02,2.730481272884029522e+02,3.240399522815533828e+02,2.772293151588198157e+02,2.772447122153338341e+02,2.798677321274141150e+02,2.777496625305130351e+02,2.819789199351111506e+02,2.802503951342929440e+02,1.720850657315398566e+05,1.460789939052856568e+01,1.724984628924995533e+01
1.470000000000000000e+03,7.050000000000000000e+03,2.754290736260859376e+02,2.849578108243981660e+02,2.883098085611720762e+02,2.903220274802551444e+02,2.846399095702060436e+02,2.729279320041157462e+02,3.241353560806647920e+02,2.771709340359967655e+02,2.771872278094072044e+02,2.799079096095643422e+02,2.777811639732666436e+02,2.820253014665207161e+02,2.802985241235019203e+02,1.720599301275854814e+05,1.471774607247395394e+01,1.723130705924054240e+01
1.480000000000000000e+03,7.060000000000000000e+03,2.754712230285546184e+02,2.849380770925318984e+02,2.882332626741028321e+02,2.899039589902698140e+02,2.846606398133453126e+02,2.728097734593259815e+02,3.242263097897308626e+02,2.771135729307879387e+02,2.771307628893052311e+02,2.799470708203432991e+02,2.778123143961186656e+02,2.820708107022797435e+02,2.803455914906709836e+02,1.720360549969363492e+05,1.482616021210620083e+01,1.721367386384240916e+01
1.490000000000000000e+03,7.070000000000000000e+03,2.755132118385469084e+02,2.849173650912074436e+02,2.881597070356747849e+02,2.894947462041777726e+02,2.846962510840974119e+02,2.726936966891013867e+02,3.243128490093046139e+02,2.770572635183789316e+02,2.770753490097472991e+02,2.799852525147184110e+02,2.778431395620900162e+02,2.821154820960310872e+02,2.803916329779733019e+02,1.720134171037108463e+05,1.493312806354120781e+01,1.719691797115940446e+01
1.500000000000000000e+03,7.080000000000000000e+03,2.755550415547577927e+02,2.848958077174902428e+02,2.880890931615234081e+02,2.890941175290889191e+02,2.847463435495228623e+02,2.725797370431530453e+02,3.243950003346411108e+02,2.770020325327504906e+02,2.770210127837978007e+02,2.800224905365415111e+02,2.778736639312385250e+02,2.821593489647588626e+02,2.804366834613805963e+02,1.719919933519560145e+05,1.503863606427049326e+01,1.718101181753176476e+01
1.510000000000000000e+03,7.090000000000000000e+03,2.755967137497187309e+02,2.848735298386826571e+02,2.880213719113160096e+02,2.887018175722788556e+02,2.848105341331006457e+02,2.724679222352537522e+02,3.244727834066063679e+02,2.769479025498704345e+02,2.769677766676554143e+02,2.800588198763595642e+02,2.779039107690463197e+02,2.822024435803336928e+02,2.804807770046543283e+02,1.719717607771985349e+05,1.514267083688079296e+01,1.716592888604926159e+01
1.520000000000000000e+03,7.100000000000000000e+03,2.756382300651250148e+02,2.848506486321674060e+02,2.879564936721277491e+02,2.883176048791920607e+02,2.848884539210567937e+02,2.723582738509463752e+02,3.245462124203581880e+02,2.768948925735652438e+02,2.769156595469771105e+02,2.800942747073334544e+02,2.779339022281703251e+02,2.822447972287457105e+02,2.805239468941044265e+02,1.719526965384543582e+05,1.524521919075019483e+01,1.715164362970614320e+01
1.530000000000000000e+03,7.110000000000000000e+03,2.756795922093828608e+02,2.848272739465742234e+02,2.878944084511684878e+02,2.879412502033320038e+02,2.849797462104349393e+02,2.722508084803705515e+02,3.246152972553431937e+02,2.768430184888332519e+02,2.768646771895312213e+02,2.801288884051195964e+02,2.779636594112096759e+02,2.822864402613543007e+02,2.805662256600354567e+02,1.719347779111462878e+05,1.534626812372056470e+01,1.713813141152958508e+01
1.540000000000000000e+03,7.120000000000000000e+03,2.757208019539140196e+02,2.848035086759388719e+02,2.878350659342653444e+02,2.875725351377762991e+02,2.850840649887790619e+02,2.721455385822442281e+02,3.246800443349996499e+02,2.767922934210837411e+02,2.768148426053007256e+02,2.801626935629830655e+02,2.779932024224326028e+02,2.823274021258861239e+02,2.806076450901661019e+02,1.719179822803500283e+05,1.544580482374612274e+01,1.712536845232623506e+01
1.550000000000000000e+03,7.130000000000000000e+03,2.757618611291796356e+02,2.847794491224820490e+02,2.877784155303570515e+02,2.872112510112963264e+02,2.852010737217038354e+02,2.720424731502126861e+02,3.247404572896149375e+02,2.767427280280919035e+02,2.767661663383081532e+02,2.801957220005778595e+02,2.780225504109469057e+02,2.823677113952295485e+02,2.806482362389361924e+02,1.719022871346230386e+05,1.554381667051787197e+01,1.711333178280730039e+01
1.560000000000000000e+03,7.140000000000000000e+03,2.758027716212109226e+02,2.847551853531783763e+02,2.877244064097288287e+02,2.868571979749625598e+02,2.853304443670961632e+02,2.719416182340247587e+02,3.247965374710693141e+02,2.766943307424755290e+02,2.767186567093013423e+02,2.802280047702263346e+02,2.780517216095056483e+02,2.824073957894389650e+02,2.806880294329570233e+02,1.718876700603023346e+05,1.564029123706372815e+01,1.710199919878951036e+01
1.570000000000000000e+03,7.150000000000000000e+03,2.758435353679608966e+02,2.847308015408890469e+02,2.876729875361893960e+02,2.865101842450638401e+02,2.854718565599764588e+02,2.718429773493344328e+02,3.248482843576721280e+02,2.766471079734959062e+02,2.766723200175368902e+02,2.802595721639399926e+02,2.780807333692736734e+02,2.824464821954678655e+02,2.807270542755690030e+02,1.718741087362059334e+05,1.573521629132416599e+01,1.709134921901831561e+01
1.580000000000000000e+03,7.160000000000000000e+03,2.758841543555312796e+02,2.847063762839862306e+02,2.876241077002749762e+02,2.861700254560180952e+02,2.856249969327354847e+02,2.717465518056876590e+02,3.248956958753656750e+02,2.766010642796190950e+02,2.766271607136824855e+02,2.802904537144959818e+02,2.781096021923355011e+02,2.824849966846920779e+02,2.807653396522441085e+02,1.718615809288109594e+05,1.582857979770310308e+01,1.708136104535410738e+01
1.590000000000000000e+03,7.170000000000000000e+03,2.759246306142499066e+02,2.846819829157969366e+02,2.875777155466132626e+02,2.858365441088587318e+02,2.857895585373135532e+02,2.716523409686008108e+02,3.249387686538568119e+02,2.765562025158995993e+02,2.765831815473483744e+02,2.803206782035494484e+02,2.781383437623006785e+02,2.825229645296943204e+02,2.808029137326315094e+02,1.718500644877173763e+05,1.592036991859391115e+01,1.707201452501376693e+01
1.600000000000000000e+03,7.180000000000000000e+03,2.759649662148281095e+02,2.846576897911982087e+02,2.875337596006053786e+02,2.855095690918437867e+02,2.859652403524821125e+02,2.715603424734096620e+02,3.249774982332737636e+02,2.765125239630527290e+02,2.765403836950868026e+02,2.803502736651599889e+02,2.781669729737405987e+02,2.825604102200533703e+02,2.808398039761736982e+02,1.718395373415642243e+05,1.601057501588032039e+01,1.706329011487861536e+01
1.610000000000000000e+03,7.190000000000000000e+03,2.760051632654765967e+02,2.846335605548257490e+02,2.874921882918645224e+02,2.851889352657163954e+02,2.861517468574791678e+02,2.714705524000034416e+02,3.250118792326722996e+02,2.764700284374117700e+02,2.764987668725037793e+02,2.803792673912282680e+02,2.781955039608809557e+02,2.825973574777690942e+02,2.808760371373149383e+02,1.718299774943357043e+05,1.609918365241200178e+01,1.705516884782563736e+01
1.620000000000000000e+03,7.200000000000000000e+03,2.760452239067812457e+02,2.846096543975218083e+02,2.874529499793201808e+02,2.848744830866764914e+02,2.863487876615973278e+02,2.713829654179127715e+02,3.250419054880196654e+02,2.764287143915570937e+02,2.764583294324312419e+02,2.804076859378948257e+02,2.782239501260491465e+02,2.826338292725405381e+02,2.809116392694157298e+02,1.718213630218545732e+05,1.618618459345470129e+01,1.704763230059764822e+01
1.630000000000000000e+03,7.210000000000000000e+03,2.760851503109296914e+02,2.845860262948046966e+02,2.874159929655375549e+02,2.845660582770337896e+02,2.865560771790763965e+02,2.712975749047080853e+02,3.250675701663278119e+02,2.763885790006099796e+02,2.764190684530135513e+02,2.804355551316983224e+02,2.782523241610174409e+02,2.826698478541014765e+02,2.809466357318856353e+02,1.718136720687641646e+05,1.627156680811470579e+01,1.704066256342446906e+01
1.640000000000000000e+03,7.220000000000000000e+03,2.761249446744922125e+02,2.845627272206291991e+02,2.873812655361827524e+02,2.842635115434613908e+02,2.867733343403163531e+02,2.712143730602454639e+02,3.250888658611289088e+02,2.763496182410167989e+02,2.763809798157062119e+02,2.804629000764580269e+02,2.782806380811994700e+02,2.827054346932998214e+02,2.809810511955986954e+02,1.718068828456793271e+05,1.635531947073743808e+01,1.703424221204031497e+01
1.650000000000000000e+03,7.230000000000000000e+03,2.761646092175233207e+02,2.845398043673757229e+02,2.873487159451646562e+02,2.839666982848015095e+02,2.870002823378077892e+02,2.711333509760284528e+02,3.251057846730917049e+02,2.763118269607144839e+02,2.763440582764145006e+02,2.804897451610278836e+02,2.783089032462955856e+02,2.827406106160368608e+02,2.810149096496810444e+02,1.718009736267025874e+05,1.643743196228005488e+01,1.702835427948412317e+01
1.660000000000000000e+03,7.240000000000000000e+03,2.762041461800390607e+02,2.845173013378245059e+02,2.873182924556950297e+02,2.836754783638380673e+02,2.872366483969643127e+02,2.710544987228541345e+02,3.251183182784707242e+02,2.762751989430368553e+02,2.763082975280522646e+02,2.805161140668889743e+02,2.783371303836153743e+02,2.827753957310569604e+02,2.810482344085174304e+02,1.717959227471908089e+05,1.651789387165784717e+01,1.702298223082717499e+01
1.670000000000000000e+03,7.250000000000000000e+03,2.762435578173672184e+02,2.844952583281631746e+02,2.872899433480784523e+02,2.833897158796640383e+02,2.874821635708360077e+02,2.709778054139507049e+02,3.251264579878015297e+02,2.762397269651304441e+02,2.762736902595901256e+02,2.805420297752075385e+02,2.783653296132838477e+02,2.828098094690214452e+02,2.810810481193892656e+02,1.717917086016906833e+05,1.659669499706425455e+01,1.701810993871667677e+01
1.680000000000000000e+03,7.260000000000000000e+03,2.762828463987343639e+02,2.844737123012488382e+02,2.872636169334655278e+02,2.831092789611755052e+02,2.877365625555326574e+02,2.709032592626826386e+02,3.251301947969701587e+02,2.762054028508321153e+02,2.762402282093948997e+02,2.805675145773950590e+02,2.783935104708560857e+02,2.828438705956739909e+02,2.811133727701089242e+02,1.717883096423511743e+05,1.667382534726437271e+01,1.701372166014434129e+01
1.690000000000000000e+03,7.270000000000000000e+03,2.763220142033672460e+02,2.844526971469053365e+02,2.872392615667543510e+02,2.828340395788633259e+02,2.879995835229045156e+02,2.708308476340055222e+02,3.251295194314094488e+02,2.761722175198878517e+02,2.762079022133410717e+02,2.805925900818406831e+02,2.784216819291453362e+02,2.828775972267759471e+02,2.811452296957174894e+02,1.717857043772947509e+05,1.674927514286173036e+01,1.700980201439391593e+01
1.700000000000000000e+03,7.280000000000000000e+03,2.763610635169453076e+02,2.844322438372071247e+02,2.872168256599670144e+02,2.825638733633527977e+02,2.882709679687750963e+02,2.707605570906714547e+02,3.251244223853787503e+02,2.761401610336014301e+02,2.761767022515360850e+02,2.806172772233640558e+02,2.784498524194199263e+02,2.829110068402522415e+02,2.811766395880247273e+02,1.717838713693538739e+05,1.682303481753822894e+01,1.700633596213760867e+01
1.710000000000000000e+03,7.290000000000000000e+03,2.763999966299219295e+02,2.844123805673947913e+02,2.871962576913767293e+02,2.822986594446853701e+02,2.885504605753947658e+02,2.706923734349376787e+02,3.251148939567730167e+02,2.761092226368643878e+02,2.761466174898480972e+02,2.806415962717454704e+02,2.784780298517695769e+02,2.829441162911253969e+02,2.812076225025812164e+02,1.717827892350844922e+05,1.689509501926707813e+01,1.700330878561424086e+01
1.720000000000000000e+03,7.300000000000000000e+03,2.764388158331250338e+02,2.843931328926366859e+02,2.871775062181712883e+02,2.820382802955052739e+02,2.888378090858151381e+02,2.706262817462016415e+02,3.251009242776653991e+02,2.760793907967569680e+02,2.761176363189749168e+02,2.806655668407958615e+02,2.785062216346564128e+02,2.829769418235418357e+02,2.812381978672392506e+02,1.717824366437360877e+05,1.696544661149851763e+01,1.700070606968592557e+01
1.730000000000000000e+03,7.310000000000000000e+03,2.764770708498906515e+02,2.843692611349922004e+02,2.869405581454248022e+02,2.817305383312859703e+02,2.884774534537168620e+02,2.705491938534797214e+02,3.234967125102921273e+02,2.759744507600293559e+02,2.760135438411082873e+02,2.806855322927410157e+02,2.785307318402372516e+02,2.830051475720419489e+02,2.812647062873789423e+02,1.716481859883592988e+05,3.419248190289970957e+00,1.684430789629450942e+01
1.740000000000000000e+03,7.320000000000000000e+03,2.765146489274765713e+02,2.843383350607444982e+02,2.866420644643719129e+02,2.814163284343241003e+02,2.881517955811955289e+02,2.704662958456947877e+02,3.220323732554468847e+02,2.758562014057743568e+02,2.758961385440808840e+02,2.807018182974324532e+02,2.785520563493852251e+02,2.830290495268269524e+02,2.812874706179443365e+02,1.715151756040181208e+05,3.419248190289970957e+00,1.672028365877004319e+01
1.750000000000000000e+03,7.330000000000000000e+03,2.765515187137109478e+02,2.842994222793643075e+02,2.863268134621990839e+02,2.810981142629544252e+02,2.878385079108480795e+02,2.703797799491884462e+02,3.206460141795745358e+02,2.757293921130741978e+02,2.757701697595802557e+02,2.807146745081359427e+02,2.785705693796062974e+02,2.830489671386608848e+02,2.813067374559363429e+02,1.713833031101304805e+05,3.419248190289970957e+00,1.660649549895201105e+01
1.760000000000000000e+03,7.340000000000000000e+03,2.765876708051640662e+02,2.842523136561680417e+02,2.860078785754022874e+02,2.807776353183334095e+02,2.875308338102130392e+02,2.702905764415619387e+02,3.193154755968714653e+02,2.755964295213214541e+02,2.756380442325894364e+02,2.807242758367247575e+02,2.785865229673139538e+02,2.830651376536065413e+02,2.813226785808531076e+02,1.712525196918846632e+05,3.419248190289970957e+00,1.649758836630402570e+01
1.770000000000000000e+03,7.350000000000000000e+03,2.766231025463202968e+02,2.841971367557035251e+02,2.856892350801689417e+02,2.804560870234670347e+02,2.872266631137135278e+02,2.701990962261267555e+02,3.180311266524234952e+02,2.754586682079090565e+02,2.755011165929088861e+02,2.807307554678625365e+02,2.786001017756260012e+02,2.830777453713716909e+02,2.813354240630907839e+02,1.711227911681426922e+05,3.419248190289970957e+00,1.639209922319775714e+01
1.780000000000000000e+03,7.360000000000000000e+03,2.766578136196719129e+02,2.841341728594485971e+02,2.853721356615648119e+02,2.801343022808929959e+02,2.869253307352499291e+02,2.701055301227648897e+02,3.167877351164173092e+02,2.753169599254885611e+02,2.753602385617973027e+02,2.807342218787841261e+02,2.786114523086130248e+02,2.830869423379962768e+02,2.813450793143545638e+02,1.709940883855495777e+05,3.419248190289970957e+00,1.628952536673183715e+01
1.790000000000000000e+03,7.370000000000000000e+03,2.766918046115782204e+02,2.840637705992562019e+02,2.850569824230586278e+02,2.798128726937308102e+02,2.866266345230041566e+02,2.700099743654261601e+02,3.155818542983731732e+02,2.751718935282454481e+02,2.752159989178634305e+02,2.807347678797723916e+02,2.786206974570377497e+02,2.830928596958140702e+02,2.813517341537448146e+02,1.708663846317605348e+05,3.419248190289970957e+00,1.618962271722724111e+01
1.800000000000000000e+03,7.380000000000000000e+03,2.767250765052812653e+02,2.839863042210373578e+02,2.847439017448502341e+02,2.794922255346784823e+02,2.863305195494203872e+02,2.699124857333930549e+02,3.144108941364056022e+02,2.750239072273258785e+02,2.750688357159944530e+02,2.807324758818738246e+02,2.786279441399968846e+02,2.830956141461708739e+02,2.813554680800880305e+02,1.707396548367309733e+05,3.419248190289970957e+00,1.609222704918523306e+01
1.810000000000000000e+03,7.390000000000000000e+03,2.767576304968280851e+02,2.839021526422721422e+02,2.844329281869849524e+02,2.791726739129330781e+02,2.860369730616707216e+02,2.698131065616894944e+02,3.132727473074706950e+02,2.748733452557814303e+02,2.749190929476039287e+02,2.807274211733457605e+02,2.786332878063884095e+02,2.830953119300971821e+02,2.813563535523077803e+02,1.706138752669719979e+05,3.419248190289970957e+00,1.599720471017451828e+01
1.820000000000000000e+03,7.400000000000000000e+03,2.767894679269140852e+02,2.838116886751774928e+02,2.841240655253985210e+02,2.788544500138381181e+02,2.857459893491547973e+02,2.697118761197822892e+02,3.121656166312811251e+02,2.747204886445273928e+02,2.747670514284046135e+02,2.807196740353484188e+02,2.786368152637858202e+02,2.830920514422909946e+02,2.813544581055853655e+02,1.704890233702631085e+05,3.419248190289970957e+00,1.590443757902719391e+01
1.830000000000000000e+03,7.410000000000000000e+03,2.768205902580234579e+02,2.837152732605155734e+02,2.838173073389504566e+02,2.785377276772036907e+02,2.854575587364878402e+02,2.696088355357945829e+02,3.110879241355187332e+02,2.745655733994976799e+02,2.746129469099954576e+02,2.807093011128907847e+02,2.786386065526814946e+02,2.830859250139131973e+02,2.813498457259410088e+02,1.703650776728143683e+05,3.419248190289970957e+00,1.581381781050475510e+01
1.840000000000000000e+03,7.420000000000000000e+03,2.768509990731405992e+02,2.836132525851807031e+02,2.835126439576713437e+02,2.782226380398608967e+02,2.851716650199783203e+02,2.695040295795145084e+02,3.100382574168518772e+02,2.744088018315009663e+02,2.744569814409756532e+02,2.806963663152752133e+02,2.786387362290996634e+02,2.830770200847076694e+02,2.813425777520184852e+02,1.702420176986446604e+05,3.419248190289970957e+00,1.572524562628984057e+01
1.850000000000000000e+03,7.430000000000000000e+03,2.768806960820625136e+02,2.835059566873327981e+02,2.832100646867770593e+02,2.779092805372406474e+02,2.848882857745074944e+02,2.693975069287628799e+02,3.090153350953563631e+02,2.742503501139140099e+02,2.742993309230228647e+02,2.806809314037568015e+02,2.786372742229617643e+02,2.830654200671874605e+02,2.813327134631587114e+02,1.701198239005182986e+05,3.419248190289970957e+00,1.563862815405956042e+01
1.860000000000000000e+03,7.440000000000000000e+03,2.769096831134531271e+02,2.833936990075254698e+02,2.829095584211893879e+02,2.775977307646752479e+02,2.846073934978093121e+02,2.692893197349250727e+02,3.080179830474663163e+02,2.740903735579217937e+02,2.741401503970486146e+02,2.806630563720077021e+02,2.786342864844264682e+02,2.830512049255759734e+02,2.813203104608867307e+02,1.699984775984232838e+05,3.419248190289970957e+00,1.555387867178751726e+01
1.870000000000000000e+03,7.450000000000000000e+03,2.769379621203672173e+02,2.832767764652581945e+02,2.826111137274084513e+02,2.772880461618494223e+02,2.843289568591564489e+02,2.691795229169218828e+02,3.070451172239111202e+02,2.739290104678502757e+02,2.739795778970546962e+02,2.806427996914439973e+02,2.786298354350177533e+02,2.830344515884207226e+02,2.813054249164790122e+02,1.698779609238295816e+05,3.419248190289970957e+00,1.547091603464255627e+01
1.880000000000000000e+03,7.460000000000000000e+03,2.769655351816484199e+02,2.831554699064404872e+02,2.823147187870937387e+02,2.769802701813258068e+02,2.840529418078313597e+02,2.690681733826949653e+02,3.060957307476249980e+02,2.737663850386934428e+02,2.738177373477287233e+02,2.806202184690652075e+02,2.786239802978883517e+02,2.830152342452355470e+02,2.812881117247069369e+02,1.697582567685897811e+05,3.419248190289970957e+00,1.538966419925234064e+01
1.890000000000000000e+03,7.470000000000000000e+03,2.769924045027343595e+02,2.830300447034846911e+02,2.820203613277358272e+02,2.766744353819566413e+02,2.837793124799986231e+02,2.689553292958227075e+02,3.051688839294844229e+02,2.736026095965068521e+02,2.736547408080564310e+02,2.805953685480248510e+02,2.786167773503061085e+02,2.829936245662863143e+02,2.812684246111556376e+02,1.696393487381928717e+05,3.419248190289970957e+00,1.531005181087276590e+01
1.900000000000000000e+03,7.480000000000000000e+03,2.770185724138593741e+02,2.829007514833238588e+02,2.817280285723582551e+02,2.763705657459969416e+02,2.835080319130278781e+02,2.688410494331478731e+02,3.042636963492053042e+02,2.734377863626456815e+02,2.734906902347328810e+02,2.805683045731839798e+02,2.786082801279561636e+02,2.829696918637532690e+02,2.812464161932819025e+02,1.695212211083916773e+05,3.419248190289970957e+00,1.523201183652009227e+01
1.910000000000000000e+03,7.490000000000000000e+03,2.770440413679765470e+02,2.827678268787933007e+02,2.814377072266416917e+02,2.760686784371799831e+02,2.832390625856649535e+02,2.687253926328310172e+02,3.033793404414248585e+02,2.732720088685690598e+02,2.733256789037067733e+02,2.805390800323042981e+02,2.785985395934266080e+02,2.829435032246672108e+02,2.812221380225984149e+02,1.694038587854041252e+05,3.419248190289970957e+00,1.515548123490318311e+01
1.920000000000000000e+03,7.500000000000000000e+03,2.770688139383672137e+02,2.826314943347764483e+02,2.811493834756944921e+02,2.757687851430840169e+02,2.829723668403825627e+02,2.686084173485407973e+02,3.025150362081122353e+02,2.731053631023690400e+02,2.731597925448123192e+02,2.805077472847686977e+02,2.785876042758920903e+02,2.829151236148996418e+02,2.811956406134571580e+02,1.692872472689255956e+05,3.419248190289970957e+00,1.508040065740165936e+01
1.930000000000000000e+03,7.510000000000000000e+03,2.770928928143125063e+02,2.824919648505356804e+02,2.808630430122246366e+02,2.754708931132240082e+02,2.827079071778229604e+02,2.684901812955431524e+02,3.016700467914811270e+02,2.729379284492854367e+02,2.729931102919726413e+02,2.804743575825802395e+02,2.785755203995547618e+02,2.828846159689699675e+02,2.811669734630329458e+02,1.691713726179274381e+05,3.419248190289970957e+00,1.500671417636683636e+01
1.940000000000000000e+03,7.520000000000000000e+03,2.771162807970703170e+02,2.823494377282891605e+02,2.805786710684793661e+02,2.751750059674438376e+02,2.824456464820017345e+02,2.683707411727647241e+02,3.008436747150307156e+02,2.727697784707891060e+02,2.728257054614288108e+02,2.804389610851292787e+02,2.785623319965113183e+02,2.828520412668460722e+02,2.811361850665182374e+02,1.690562214189514343e+05,3.419248190289970957e+00,1.493436903723462272e+01
1.950000000000000000e+03,7.530000000000000000e+03,2.771389807955702622e+02,2.822041012810921075e+02,2.802962524556689914e+02,2.748811243298483191e+02,2.821855481779581964e+02,2.682501524530171650e+02,3.000352586527376388e+02,2.726009815554090778e+02,2.726576462015464699e+02,2.804016068749255624e+02,2.785480810129817542e+02,2.828174586073814680e+02,2.811033229293913678e+02,1.689417807565884141e+05,3.419248190289970957e+00,1.486331543193298899e+01
1.960000000000000000e+03,7.540000000000000000e+03,2.771609958212890206e+02,2.820561334997627227e+02,2.800157716113920969e+02,2.745892463332700686e+02,2.819275763418203269e+02,2.681284692296143817e+02,2.992441706239169434e+02,2.724316014658269296e+02,2.724889960380018010e+02,2.803623429700126621e+02,2.785328074067447801e+02,2.827809252724618432e+02,2.810684335820840829e+02,1.688280381861673959e+05,3.419248190289970957e+00,1.479350629143835860e+01
1.970000000000000000e+03,7.550000000000000000e+03,2.771823289836250410e+02,2.819057026555205425e+02,2.797372126431701531e+02,2.742993680211908440e+02,2.816716957733610229e+02,2.680057441072399911e+02,2.984698135312660270e+02,2.722616978033133819e+02,2.723198143409902059e+02,2.803212163376334161e+02,2.785165492410317256e+02,2.827424968117352932e+02,2.810315625900705072e+02,1.687149817081976507e+05,3.419248190289970957e+00,1.472489709560330517e+01
1.980000000000000000e+03,7.560000000000000000e+03,2.772029834840312787e+02,2.817529679667727578e+02,2.794605593747006651e+02,2.740114836731057153e+02,2.814178720435589298e+02,2.678820281302614035e+02,2.977116189822481829e+02,2.720913264037524186e+02,2.721501567221718574e+02,2.802782729093018474e+02,2.784993427760827558e+02,2.827022270328878903e+02,2.809927545701212921e+02,1.686025997446455585e+05,3.419248190289970957e+00,1.465744569863131908e+01
1.990000000000000000e+03,7.570000000000000000e+03,2.772229626119296313e+02,2.815980800673420958e+02,2.791857953892458113e+02,2.737255860685439188e+02,2.811660715195890816e+02,2.677573707409130179e+02,2.969690453469131626e+02,2.719205396792007150e+02,2.719800753761314809e+02,2.802335575953208036e+02,2.784812225520678908e+02,2.826601681257558880e+02,2.809520532009913723e+02,1.684908811168247776e+05,3.419248190289970957e+00,1.459111216856754112e+01
2.000000000000000000e+03,7.580000000000000000e+03,2.772422697383437935e+02,2.814411815737715301e+02,2.789129040678857905e+02,2.734416667053171750e+02,2.809162613761652665e+02,2.676318197593076889e+02,2.962415760096238841e+02,2.717493869136274043e+02,2.718096193669002218e+02,2.801871143007285241e+02,2.784622214713295421e+02,2.826163706970696694e+02,2.809095012407540821e+02,1.683798150246660807e+05,3.419248190289970957e+00,1.452585863938931787e+01
2.010000000000000000e+03,7.590000000000000000e+03,2.772609083117266096e+02,2.812824074732731106e+02,2.786418686407185419e+02,2.731597159794509366e+02,2.806684095999065107e+02,2.675054213822453448e+02,2.955287178028505650e+02,2.715779145252934086e+02,2.716388349029985534e+02,2.801389859411436873e+02,2.784423708771851693e+02,2.825708838183841749e+02,2.808651405360581634e+02,1.682693910275169765e+05,3.419248190289970957e+00,1.446164917592044574e+01
2.020000000000000000e+03,7.600000000000000000e+03,2.772788818524296630e+02,2.811218856925189016e+02,2.783726722084702487e+02,2.728797233361456165e+02,2.804224849782099227e+02,2.673782201969790435e+02,2.948299995614228237e+02,2.714061662722995152e+02,2.714677655487612924e+02,2.800892144606465308e+02,2.784217006289320011e+02,2.825237550805156275e+02,2.808190120445087246e+02,1.681595990259640093e+05,3.419248190289970957e+00,1.439844964715427800e+01
2.030000000000000000e+03,7.610000000000000000e+03,2.772961939482187290e+02,2.809597374344346008e+02,2.781052977800464987e+02,2.726016773980903167e+02,2.801784570834496435e+02,2.672502592038691205e+02,2.941449708232327680e+02,2.712341834812581851e+02,2.712964524282396042e+02,2.800378408488593891e+02,2.784002391716572902e+02,2.824750306433651303e+02,2.807711558477853373e+02,1.680504292450914218e+05,3.419248190289970957e+00,1.433622761134285284e+01
2.040000000000000000e+03,7.620000000000000000e+03,2.773128482488671693e+02,2.807960775844016439e+02,2.778397283031155212e+02,2.723255660713660973e+02,2.799362962612393630e+02,2.671215798478908710e+02,2.934732006356756528e+02,2.710620052045632065e+02,2.711249344018089005e+02,2.799849051596549430e+02,2.783780136092851194e+02,2.824247552814714481e+02,2.807216111678552579e+02,1.679418722185150255e+05,3.419248190289970957e+00,1.427495220888522454e+01
2.050000000000000000e+03,7.630000000000000000e+03,2.773288484617343670e+02,2.806310150702503847e+02,2.775759466966932791e+02,2.720513766436905598e+02,2.796959736094514142e+02,2.669922220564297390e+02,2.928142764375807019e+02,2.708896683842434072e+02,2.709532482244316611e+02,2.799304465296389708e+02,2.783550497673230097e+02,2.823729724315565477e+02,2.806704163845867015e+02,1.678339187736509193e+05,3.419248190289970957e+00,1.421459406324443009e+01
2.060000000000000000e+03,7.640000000000000000e+03,2.773441983476485007e+02,2.804646532005188533e+02,2.773139358711548539e+02,2.717790958620114452e+02,2.794574609583068536e+02,2.668622242806369513e+02,2.921678030511855013e+02,2.707172079900048516e+02,2.707814286877458585e+02,2.798745031967795853e+02,2.783313722570601954e+02,2.823197242361025019e+02,2.806176090546833279e+02,1.677265600177749584e+05,3.419248190289970957e+00,1.415512518949116760e+01
2.070000000000000000e+03,7.650000000000000000e+03,2.773589017158515162e+02,2.802970899726585117e+02,2.770536787515026731e+02,2.715087100040892665e+02,2.792207308469394889e+02,2.667316235396735351e+02,2.915334017370771562e+02,2.705446571543796495e+02,2.706095087481597830e+02,2.798171125186261179e+02,2.783070045378720465e+02,2.822650515908325133e+02,2.805632259189496835e+02,1.676197873249138647e+05,3.419248190289970957e+00,1.409651890964165055e+01
2.080000000000000000e+03,7.660000000000000000e+03,2.773729624196406007e+02,2.801284183897569164e+02,2.767951582982801710e+02,2.712402049407224354e+02,2.789857565036332971e+02,2.666004554665710202e+02,2.909107093160934596e+02,2.703720472830055996e+02,2.704375196419986764e+02,2.797583109930873775e+02,2.782819689545150936e+02,2.822089941819927503e+02,2.805073029350178899e+02,1.675135923236274102e+05,3.419248190289970957e+00,1.403874977385864931e+01
2.090000000000000000e+03,7.670000000000000000e+03,2.773863843550155934e+02,2.799587266699389261e+02,2.765383575226104540e+02,2.709735661888163349e+02,2.787525118207479409e+02,2.664687543546256165e+02,2.902993773554646282e+02,2.701994081604167945e+02,2.702654909917129089e+02,2.796981342732223084e+02,2.782562868574938761e+02,2.821515905289920170e+02,2.804498752837054099e+02,1.674079668853794865e+05,3.419248190289970957e+00,1.398179348732814375e+01
2.100000000000000000e+03,7.680000000000000000e+03,2.773991714530703803e+02,2.797880985831221210e+02,2.762832595123326200e+02,2.707087789656260384e+02,2.785209713358513568e+02,2.663365532072083965e+02,2.896990714048282598e+02,2.700267680497571519e+02,2.700934509025303782e+02,2.796366171907308171e+02,2.782299785602187399e+02,2.820928780241997629e+02,2.803909773878476130e+02,1.673029031137553684e+05,3.419248190289970957e+00,1.392562684277156038e+01
2.110000000000000000e+03,7.690000000000000000e+03,2.774113276781405943e+02,2.796166136616920426e+02,2.760298474332655587e+02,2.704458282259578255e+02,2.782911102093112845e+02,2.662038837810187601e+02,2.891094702868948048e+02,2.698541537793791463e+02,2.699214260514214629e+02,2.795737937723388313e+02,2.782030634531143960e+02,2.820328929696709679e+02,2.803306429301524076e+02,1.671983933341457450e+05,3.419248190289970957e+00,1.387022765700872995e+01
2.120000000000000000e+03,7.700000000000000000e+03,2.774228570243203080e+02,2.794443474106340659e+02,2.757781045512408014e+02,2.701846987050155349e+02,2.780629042025616400e+02,2.660707766345132654e+02,2.885302654334685712e+02,2.696815908250676443e+02,2.697494417680841252e+02,2.795096972579357839e+02,2.781755600334440715e+02,2.819716706150570644e+02,2.802689048702315517e+02,1.670944300841215590e+05,3.419248190289970957e+00,1.381557471251992908e+01
2.130000000000000000e+03,7.710000000000000000e+03,2.774337635121406151e+02,2.792713715353528414e+02,2.755280142400188765e+02,2.699253749529476636e+02,2.778363296598026864e+02,2.659372611728014704e+02,2.879611602584628827e+02,2.695091033855696878e+02,2.695775221108765436e+02,2.794443601191165953e+02,2.781474859521514986e+02,2.819092451909163515e+02,2.802057954586613846e+02,1.669910061043342575e+05,3.419248190289970957e+00,1.376164770270463755e+01
2.140000000000000000e+03,7.720000000000000000e+03,2.774440511846250388e+02,2.790977541365206207e+02,2.752795599921014968e+02,2.696678413667118548e+02,2.776113634857601369e+02,2.658033656920192129e+02,2.874018695737387930e+02,2.693367144523256798e+02,2.694056899368126210e+02,2.793778140772166125e+02,2.781188580560466903e+02,2.818456499440450216e+02,2.801413462571722448e+02,1.668881143298964598e+05,3.419248190289970957e+00,1.370842718091441448e+01
2.150000000000000000e+03,7.730000000000000000e+03,2.774537241060625092e+02,2.789235598924266810e+02,2.750327254296690285e+02,2.694120822196662743e+02,2.773879831262223092e+02,2.656691174224093857e+02,2.868521190401605168e+02,2.691644458759617464e+02,2.692339669664656299e+02,2.793100901208928235e+02,2.780896924245226955e+02,2.817809171698316391e+02,2.800755881488177010e+02,1.667857478822488047e+05,3.419248190289970957e+00,1.365589451297824652e+01
2.160000000000000000e+03,7.740000000000000000e+03,2.774627863565547159e+02,2.787488502589351924e+02,2.747874943032724104e+02,2.691580816861363701e+02,2.771661665617468202e+02,2.655345425696166330e+02,2.863116446443871723e+02,2.689923184199345201e+02,2.690623738405299150e+02,2.792412185252609902e+02,2.780600044161481037e+02,2.817150782449369331e+02,2.800085513606792347e+02,1.666839000615116092e+05,3.419248190289970957e+00,1.360403183265302651e+01
2.170000000000000000e+03,7.750000000000000000e+03,2.774712420312890231e+02,2.785736835888317273e+02,2.745438505141946166e+02,2.689058238680026989e+02,2.769458922705944701e+02,2.653996663556911244e+02,2.857801922166464124e+02,2.688203518293969410e+02,2.688909301866015653e+02,2.791712288620398681e+02,2.780298086968056168e+02,2.816481636561661617e+02,2.799402654727957156e+02,1.665825643391685735e+05,3.419248190289970957e+00,1.355282200052594277e+01
2.180000000000000000e+03,7.760000000000000000e+03,2.774790952375468009e+02,2.783981154768424631e+02,2.743017781051996735e+02,2.686552928129819406e+02,2.767271392256095623e+02,2.652645130561961082e+02,2.852575169698484956e+02,2.686485648744770742e+02,2.687196546673724242e+02,2.791001500273164879e+02,2.779991192876155424e+02,2.815802030373995422e+02,2.798707593027555731e+02,1.664817343513048836e+05,3.419248190289970957e+00,1.350224856505223947e+01
2.190000000000000000e+03,7.770000000000000000e+03,2.774863500919453259e+02,2.782221982963382629e+02,2.740612612743090040e+02,2.684064725374328191e+02,2.765098868742107925e+02,2.651291060398698392e+02,2.847433830613792338e+02,2.684769754017291348e+02,2.685485650108653886e+02,2.790280102484715030e+02,2.779679495770045605e+02,2.815112251717845879e+02,2.798000614568331343e+02,1.663814038918979350e+05,3.419248190289970957e+00,1.345229572573107113e+01
2.200000000000000000e+03,7.780000000000000000e+03,2.774930107177969489e+02,2.780459822529970211e+02,2.738222843768139114e+02,2.681593470429795616e+02,2.762941151237331496e+02,2.649934678030874693e+02,2.842375631843273709e+02,2.683056003819572197e+02,2.683776780892291072e+02,2.789548371043285329e+02,2.779363123698881282e+02,2.814412580558510513e+02,2.797281995360608562e+02,1.662815669067909766e+05,3.419248190289970957e+00,1.340294829991876036e+01
2.210000000000000000e+03,7.790000000000000000e+03,2.774990812443828077e+02,2.778695148677526277e+02,2.735848319226942635e+02,2.679139003334061044e+02,2.760798043263710611e+02,2.648576200042390383e+02,2.837398381965130056e+02,2.681344559503027654e+02,2.682070099436793384e+02,2.788806575398357950e+02,2.779042199109508715e+02,2.813703289219487260e+02,2.796552006851981673e+02,1.661822174878559308e+05,3.419248190289970957e+00,1.335419169093198377e+01
2.220000000000000000e+03,7.800000000000000000e+03,2.775045658031327775e+02,2.776928413484916405e+02,2.733488885914521802e+02,2.676701164295147919e+02,2.758669352647084452e+02,2.647215834972661241e+02,2.832499967257617186e+02,2.679635574528855955e+02,2.680365758290524241e+02,2.788054978838792977e+02,2.778716839150692408e+02,2.812984641917418571e+02,2.795810914831495211e+02,1.660833498673129070e+05,3.419248190289970957e+00,1.330601185771596917e+01
2.230000000000000000e+03,7.810000000000000000e+03,2.775094685269297656e+02,2.775160045734850200e+02,2.731144392264138787e+02,2.674279793835428336e+02,2.756554891386624035e+02,2.645853783630382736e+02,2.827678348437516433e+02,2.677929194818652263e+02,2.678663902506464751e+02,2.787293838578601708e+02,2.778387155910596675e+02,2.812256896177819954e+02,2.795058979464059234e+02,1.659849584125186375e+05,3.419248190289970957e+00,1.325839528711664528e+01
2.240000000000000000e+03,7.820000000000000000e+03,2.775137935454922058e+02,2.773390452978235885e+02,2.728814688368267980e+02,2.671874732903177687e+02,2.754454475521748691e+02,2.644490239394955893e+02,2.822931557325654239e+02,2.676225559120926505e+02,2.676964670020716426e+02,2.786523405992950302e+02,2.778053256745797626e+02,2.811520302281680301e+02,2.794296455448290999e+02,1.658870376209590468e+05,3.419248190289970957e+00,1.321132896750277297e+01
2.250000000000000000e+03,7.830000000000000000e+03,2.775175449918280606e+02,2.771620022407695956e+02,2.726499626018460845e+02,2.669485823003292921e+02,2.752367925004957101e+02,2.643125388515090890e+02,2.818257693756077629e+02,2.674524799339600349e+02,2.675268191942042222e+02,2.785743926696799235e+02,2.777715244314489382e+02,2.810775103679746962e+02,2.793523592160801172e+02,1.657895821154910373e+05,3.419248190289970957e+00,1.316480036391421571e+01
2.260000000000000000e+03,7.840000000000000000e+03,2.775207269903984297e+02,2.769849121488461492e+02,2.724199058688465129e+02,2.667112906284271503e+02,2.750295063578848840e+02,2.641759410370237902e+02,2.813654922602197530e+02,2.672827040910638061e+02,2.673574593063478915e+02,2.784955640703335007e+02,2.777373217097043607e+02,2.810021537216909451e+02,2.792740633747126253e+02,1.656925866397192876e+05,3.419248190289970957e+00,1.311879739526302657e+01
2.270000000000000000e+03,7.850000000000000000e+03,2.775233436609921682e+02,2.768078099355983568e+02,2.721912841570728006e+02,2.664755825649725125e+02,2.748235718684586004e+02,2.640392477759081089e+02,2.809121471014248641e+02,2.671132403049276149e+02,2.671883991928995670e+02,2.784158782550183560e+02,2.777027269405480752e+02,2.809259833347243216e+02,2.791947819277719987e+02,1.655960460538291954e+05,3.419248190289970957e+00,1.307330841201255645e+01
2.280000000000000000e+03,7.860000000000000000e+03,2.775253991164218519e+02,2.766307287644953021e+02,2.719640831565831149e+02,2.662414424831315500e+02,2.746189721287601060e+02,2.639024757134235415e+02,2.804655625770121219e+02,2.669440999066027871e+02,2.670196501165488598e+02,2.783353581448772616e+02,2.776677491668293101e+02,2.808490216335982268e+02,2.791145382857429809e+02,1.654999553303176071e+05,3.419248190289970957e+00,1.302832217540060178e+01
2.290000000000000000e+03,7.870000000000000000e+03,2.775268974612578177e+02,2.764537000998603844e+02,2.717382887267991691e+02,2.660088548472199932e+02,2.744156905919434735e+02,2.637656408853839025e+02,2.800255730744619314e+02,2.667752936642418149e+02,2.668512227908539671e+02,2.782540261405799811e+02,2.776323970614027985e+02,2.807712904371581430e+02,2.790333553715561834e+02,1.654043095502071956e+05,3.419248190289970957e+00,1.298382783879736557e+01
2.300000000000000000e+03,7.880000000000000000e+03,2.775278427903437546e+02,2.762767538231328786e+02,2.715138868918417643e+02,2.657778042188262475e+02,2.742137110330892256e+02,2.636287587413700066e+02,2.795920184493699594e+02,2.666068318081745474e+02,2.666831273946111196e+02,2.781719041360801157e+02,2.775966789449988141e+02,2.806928110111808223e+02,2.789512556355710444e+02,1.653091038991999230e+05,3.419248190289970957e+00,1.293981492846929093e+01
2.310000000000000000e+03,7.890000000000000000e+03,2.775282391881171407e+02,2.760999182771097935e+02,2.712908638581918694e+02,2.655482752656499201e+02,2.740130175606224157e+02,2.634918441674268479e+02,2.791647438082622443e+02,2.664387240568368611e+02,2.665153735977808651e+02,2.780890135269330585e+02,2.775606028029345680e+02,2.806136040277926327e+02,2.788682610635144670e+02,1.652143336642295180e+05,3.419248190289970957e+00,1.289627332714726471e+01
2.320000000000000000e+03,7.900000000000000000e+03,2.775280907267421071e+02,2.759232203666031751e+02,2.710692059937342719e+02,2.653202527642541781e+02,2.738135945997108820e+02,2.633549115069365030e+02,2.787435992814848760e+02,2.662709796398185063e+02,2.663479705854948065e+02,2.780053752282083792e+02,2.775241763035082272e+02,2.805336896253347732e+02,2.787843931888255042e+02,1.651199942299512040e+05,3.419248190289970957e+00,1.285319325729355455e+01
2.330000000000000000e+03,7.910000000000000000e+03,2.775274014674218961e+02,2.757466856173753627e+02,2.708488998335869269e+02,2.650937216067740110e+02,2.736154268799654687e+02,2.632179745808979874e+02,2.783284398312754320e+02,2.661036073155360100e+02,2.661809270797766658e+02,2.779210096824241418e+02,2.774874068100426143e+02,2.804530874148862836e+02,2.786996731025734562e+02,1.650260810756072169e+05,3.419248190289970957e+00,1.281056526581827804e+01
2.340000000000000000e+03,7.920000000000000000e+03,2.775261754548281488e+02,2.755703382390813658e+02,2.706299320806034530e+02,2.648686668050995650e+02,2.734184994369462061e+02,2.630810467082031323e+02,2.779191250409773488e+02,2.659366153954857737e+02,2.660142513606080570e+02,2.778359368718433871e+02,2.774503014039404434e+02,2.803718164952790630e+02,2.786141214638189467e+02,1.649325897718225897e+05,3.419248190289970957e+00,1.276838020953382902e+01
2.350000000000000000e+03,7.930000000000000000e+03,2.775244167189687232e+02,2.753942011681702979e+02,2.704122896047222753e+02,2.646450734952901485e+02,2.732227975921183543e+02,2.629441407232358188e+02,2.775155189395746334e+02,2.657700117766344192e+02,2.658479512850374817e+02,2.777501763287361314e+02,2.774128668940934404e+02,2.802898954692434472e+02,2.785277585091328092e+02,1.648395159777156950e+05,3.419248190289970957e+00,1.272662924164060527e+01
2.360000000000000000e+03,7.940000000000000000e+03,2.775221292767812997e+02,2.752182961721757692e+02,2.701959594408701264e+02,2.644229269397964117e+02,2.730283069408368988e+02,2.628072689950493555e+02,2.771174898269513278e+02,2.656038039364145220e+02,2.656820343087136962e+02,2.776637471478987322e+02,2.773751098241508544e+02,2.802073424585473163e+02,2.784406040625090668e+02,1.647468554380359419e+05,3.419248190289970957e+00,1.268530379821113563e+01
2.370000000000000000e+03,7.950000000000000000e+03,2.775193171285000062e+02,2.750426438573440464e+02,2.699809287865086844e+02,2.642022125342819550e+02,2.728350133665569501e+02,2.626704434444105800e+02,2.767249100951065088e+02,2.654379989662468802e+02,2.655165074997378269e+02,2.775766679955638097e+02,2.773370364930055416e+02,2.801241751186381634e+02,2.783526775446488841e+02,1.646546039804695756e+05,3.419248190289970957e+00,1.264439558643441863e+01
2.380000000000000000e+03,7.960000000000000000e+03,2.775159842562968606e+02,2.748672637556683185e+02,2.697671850329161884e+02,2.639829158116792769e+02,2.726429030085338923e+02,2.625336755593769453e+02,2.763376560009680247e+02,2.652726036076958280e+02,2.653513775592995785e+02,2.774889571213156501e+02,2.772986529665574835e+02,2.800404106528642387e+02,2.782639979820276039e+02,1.645627575130588957e+05,3.419248190289970957e+00,1.260389657153665333e+01
2.390000000000000000e+03,7.970000000000000000e+03,2.775121346249686667e+02,2.746921743585909326e+02,2.695547156300040683e+02,2.637650224280042721e+02,2.724519622717875222e+02,2.623969764111110408e+02,2.759556078202093090e+02,2.651076241775153903e+02,2.651866508379436596e+02,2.774006323668514824e+02,2.772599650874282133e+02,2.799560658258684498e+02,2.781745840166659036e+02,1.644713120216442621e+05,3.419248190289970957e+00,1.256379897033621162e+01
2.400000000000000000e+03,7.980000000000000000e+03,2.775077721832499833e+02,2.745173931712933495e+02,2.693435082937749030e+02,2.635485181864061701e+02,2.722621778151745389e+02,2.622603566705076332e+02,2.755786492249227990e+02,2.649430667234132102e+02,2.650223333427238117e+02,2.773117111753018662e+02,2.772209784783504460e+02,2.798711569767215792e+02,2.780844539126457562e+02,1.643802635675584315e+05,3.419248190289970957e+00,1.252409523424783266e+01
2.410000000000000000e+03,7.990000000000000000e+03,2.775029008590312287e+02,2.743429367370416117e+02,2.691335508564046108e+02,2.633333890308445575e+02,2.720735365352178974e+02,2.621238266231204079e+02,2.752066674838170570e+02,2.647789369390445131e+02,2.648584307656846022e+02,2.772222106019766557e+02,2.771816985714295924e+02,2.797857000317447955e+02,2.779936255657203219e+02,1.642896082853836997e+05,3.419248190289970957e+00,1.248477804358524956e+01
2.420000000000000000e+03,8.000000000000000000e+03,2.774975245623593878e+02,2.741688207421311745e+02,2.689248313028471671e+02,2.631196210433663509e+02,2.718860255718559529e+02,2.619873961744534654e+02,2.748395532163691541e+02,2.646152402112514892e+02,2.646949484878256840e+02,2.771321473226146850e+02,2.771421305985629147e+02,2.796997105172322904e+02,2.779021165145578038e+02,1.641993423806430364e+05,3.419248190289970957e+00,1.244584029682371096e+01
2.430000000000000000e+03,8.010000000000000000e+03,2.774916471828047406e+02,2.739950599948841159e+02,2.687173377710274735e+02,2.629072004494778980e+02,2.716996323029519544e+02,2.618510748781982898e+02,2.744772002840765595e+02,2.644519816245260699e+02,2.645318915951338568e+02,2.770415376450495728e+02,2.771022796121936835e+02,2.796132035708001240e+02,2.778099439432417626e+02,1.641094621278297855e+05,3.419248190289970957e+00,1.240727510213432261e+01
2.440000000000000000e+03,8.020000000000000000e+03,2.774852725905155921e+02,2.738216684664235459e+02,2.685110585719868368e+02,2.626961136199950033e+02,2.715143442763736061e+02,2.617148719398388721e+02,2.741195056912252426e+02,2.642891659948271581e+02,2.643692648868471906e+02,2.769503975134103939e+02,2.770621504884527440e+02,2.795261939524756940e+02,2.777171246926978370e+02,1.640199638683455414e+05,3.419248190289970957e+00,1.236907576835234757e+01
2.450000000000000000e+03,8.030000000000000000e+03,2.774784046337655923e+02,2.736486593632061499e+02,2.683059821111800147e+02,2.624863470694011767e+02,2.713301494089842549e+02,2.615787962274237657e+02,2.737663694046016190e+02,2.641267978199161917e+02,2.642070729029154563e+02,2.768587425204391366e+02,2.770217479395912505e+02,2.794386960561962496e+02,2.776236752674019499e+02,1.639308440085209149e+05,3.419248190289970957e+00,1.233123579876285270e+01
2.460000000000000000e+03,8.040000000000000000e+03,2.774710471413907271e+02,2.734760451611931558e+02,2.681020969927880060e+02,2.622778874570014409e+02,2.711470356855105024e+02,2.614428562877891409e+02,2.734176943134747830e+02,2.639648813769740059e+02,2.640453199154852655e+02,2.767665879138011178e+02,2.769810765199654838e+02,2.793507239207701787e+02,2.775296118439342763e+02,1.638420990178581269e+05,3.419248190289970957e+00,1.229374888032073088e+01
2.470000000000000000e+03,8.050000000000000000e+03,2.774632039210468974e+02,2.733038375870227128e+02,2.678993919606666623e+02,2.620707215874590474e+02,2.709649913527819649e+02,2.613070603562267138e+02,2.730733860797370198e+02,2.638034206847774499e+02,2.638840099506139723e+02,2.766739486052558163e+02,2.769401406313367602e+02,2.792622912378328124e+02,2.774349502746995313e+02,1.637537254271937418e+05,3.419248190289970957e+00,1.225660887849712388e+01
2.480000000000000000e+03,8.060000000000000000e+03,2.774548787586015806e+02,2.731320477157607911e+02,2.676978558709587332e+02,2.618648364108780697e+02,2.707840048591272080e+02,2.611714163677650049e+02,2.727333530977341525e+02,2.636424195054652841e+02,2.637231467973267627e+02,2.765808391779042950e+02,2.768989445330774402e+02,2.791734113712633985e+02,2.773397060987803115e+02,1.636657198269787768e+05,3.419248190289970957e+00,1.221980983050997871e+01
2.490000000000000000e+03,8.070000000000000000e+03,2.774460754189453269e+02,2.729606859789892610e+02,2.674974777496398701e+02,2.616602190227071105e+02,2.706040648523863297e+02,2.610359319672945162e+02,2.723975062978755091e+02,2.634818813859471334e+02,2.635627340169830859e+02,2.764872738942530646e+02,2.768574923470927160e+02,2.790840973478743194e+02,2.772438945477218795e+02,1.635780788656689401e+05,3.419248190289970957e+00,1.218334593737067273e+01
2.500000000000000000e+03,8.080000000000000000e+03,2.774367976443593307e+02,2.727897621892263942e+02,2.672982467509988282e+02,2.614568566639861160e+02,2.704251601743891342e+02,2.609006145191706878e+02,2.720657591292236361e+02,2.633218096471822491e+02,2.634027749527186870e+02,2.763932667037788633e+02,2.768157880628354519e+02,2.789943618851998508e+02,2.771475305522714621e+02,1.634907992481130059e+05,3.419248190289970957e+00,1.214721155846629586e+01
2.510000000000000000e+03,8.090000000000000000e+03,2.774270491548905966e+02,2.726192855561116062e+02,2.671001521677086998e+02,2.612547367209821800e+02,2.702472798567029599e+02,2.607654711180906020e+02,2.717380274513423046e+02,2.631622073979128231e+02,2.632432727387043201e+02,2.762988312496463550e+02,2.767738355548750064e+02,2.789042173919675633e+02,2.770506287472130111e+02,1.634038777340475644e+05,3.419248190289970957e+00,1.211140120555894129e+01
2.520000000000000000e+03,8.100000000000000000e+03,2.774168336495859535e+02,2.724492647459356363e+02,2.669031834251768487e+02,2.610538467239174452e+02,2.700704131153773346e+02,2.606305085957636720e+02,2.714142294489614642e+02,2.630030775435036503e+02,2.630842303086132574e+02,2.762039808767702880e+02,2.767316385705851758e+02,2.788136759786232233e+02,2.769532034799121334e+02,1.633173111366516096e+05,3.419248190289970957e+00,1.207590953687559754e+01
2.530000000000000000e+03,8.110000000000000000e+03,2.774061548040155571e+02,2.722797078670947144e+02,2.667073300866361478e+02,2.608541743487583631e+02,2.698945493464376000e+02,2.604957335347937146e+02,2.710942855511922858e+02,2.628444227943059559e+02,2.629256504041275662e+02,2.761087286373655729e+02,2.766892007470178214e+02,2.787227494651567667e+02,2.768552688155883743e+02,1.632310963210808113e+05,3.419248190289970957e+00,1.204073135186568955e+01
2.540000000000000000e+03,8.120000000000000000e+03,2.773950162711093412e+02,2.721106225320518206e+02,2.665125818422180828e+02,2.606557074141632597e+02,2.697196781215146189e+02,2.603611522713239310e+02,2.707781183537927632e+02,2.626862456740606717e+02,2.627675355826258965e+02,2.760130872989732893e+02,2.766465256151191738e+02,2.786314493894923316e+02,2.767568385433084472e+02,1.631452302031275176e+05,3.419248190289970957e+00,1.200586158583880447e+01
2.550000000000000000e+03,8.130000000000000000e+03,2.773834216815234299e+02,2.719420158586674461e+02,2.663189285131905422e+02,2.604584338818003175e+02,2.695457891841561491e+02,2.602267709071054469e+02,2.704656525448754678e+02,2.625285485268722141e+02,2.626098882246498647e+02,2.759170693505018335e+02,2.766036166015660456e+02,2.785397870151667803e+02,2.766579261821555065e+02,1.630597097479391668e+05,3.419248190289970957e+00,1.197129530508339990e+01
2.560000000000000000e+03,8.140000000000000000e+03,2.773713746430938158e+02,2.717738944991436938e+02,2.661263600477252567e+02,2.602623418554762793e+02,2.693728724453449672e+02,2.600925953160673316e+02,2.701568148334854413e+02,2.623713335248837097e+02,2.624527105414147172e+02,2.758206870086670506e+02,2.765604770357031725e+02,2.784477733392294567e+02,2.765585449867396051e+02,1.629745319687437732e+05,3.419248190289970957e+00,1.193702770216261300e+01
2.570000000000000000e+03,8.150000000000000000e+03,2.773588787408359622e+02,2.716062646625824186e+02,2.659348665186934113e+02,2.600674195803097746e+02,2.692009179789216660e+02,2.599586311519802848e+02,2.698515338812655955e+02,2.622146026750729106e+02,2.622960045813250645e+02,2.757239522247479044e+02,2.765171101536317906e+02,2.783554190998528952e+02,2.764587079529308085e+02,1.628896939256183105e+05,3.419248190289970957e+00,1.190305409134926862e+01
2.580000000000000000e+03,8.160000000000000000e+03,2.773459375368203723e+02,2.714391321272953519e+02,2.657444381244658302e+02,2.598736554416138347e+02,2.690299160196350385e+02,2.598248838567801613e+02,2.695497402369609290e+02,2.620583578259995079e+02,2.621397722370222141e+02,2.756268766886327057e+02,2.764735191019218519e+02,2.782627347821079411e+02,2.763584278232581823e+02,1.628051927243294485e+05,3.419248190289970957e+00,1.186936990440486639e+01
2.590000000000000000e+03,8.170000000000000000e+03,2.773325545702655859e+02,2.712725022830192643e+02,2.655550651805315852e+02,2.596810379640809288e+02,2.688598569563796445e+02,2.596913586663255273e+02,2.692513662712239011e+02,2.619026006739795207e+02,2.619840152510913640e+02,2.755294718384274688e+02,2.764297069426660300e+02,2.781697306264458120e+02,2.762577170924412826e+02,1.627210255151949823e+05,3.419248190289970957e+00,1.183597068629803495e+01
2.600000000000000000e+03,8.180000000000000000e+03,2.773187333571405588e+02,2.711063801031956473e+02,2.653667381294431493e+02,2.594895558105740747e+02,2.686907313326352096e+02,2.595580606179411802e+02,2.689563461227309062e+02,2.617473327692864018e+02,2.618287352226478788e+02,2.754317488619252003e+02,2.763856766558217259e+02,2.780764166345263675e+02,2.761565880121590908e+02,1.626371894919566985e+05,3.419248190289970957e+00,1.180285209153675829e+01
2.610000000000000000e+03,8.190000000000000000e+03,2.773044773906015621e+02,2.709407702058956033e+02,2.651794475287024397e+02,2.592991977810037838e+02,2.685225298413640189e+02,2.594249945569067677e+02,2.686646156339543836e+02,2.615925555225468884e+02,2.616739336127604361e+02,2.753337187054261221e+02,2.763414311438559707e+02,2.779828025723397218e+02,2.760550525962621009e+02,1.625536818907972774e+05,3.419248190289970957e+00,1.177000988024694017e+01
2.620000000000000000e+03,8.200000000000000000e+03,2.772897901407578161e+02,2.707756769939095989e+02,2.649931840181459393e+02,2.591099528110946721e+02,2.683552433048391208e+02,2.592921651237800802e+02,2.683761122929826115e+02,2.614382702096926323e+02,2.615196117480464864e+02,2.752353920787625725e+02,2.762969732366702829e+02,2.778888979959845074e+02,2.759531226345031314e+02,1.624704999892443302e+05,3.419248190289970957e+00,1.173743991349190807e+01
2.630000000000000000e+03,8.210000000000000000e+03,2.772746750548046748e+02,2.706111041538405289e+02,2.648079384454525780e+02,2.589218099714724417e+02,2.681888627222438117e+02,2.591595768353762423e+02,2.680907751898001266e+02,2.612844779770159107e+02,2.613657708304909306e+02,2.751367794591031952e+02,2.762523056906221086e+02,2.777947122182536646e+02,2.758508096659922444e+02,1.623876411052693729e+05,3.419248190289970957e+00,1.170513815323183771e+01
2.640000000000000000e+03,8.220000000000000000e+03,2.772591355568437734e+02,2.704470554248226790e+02,2.646237016763924430e+02,2.587347584661090991e+02,2.680233792041446463e+02,2.590272339796194387e+02,2.678085449568189347e+02,2.611311798469162113e+02,2.612124119430937412e+02,2.750378910970120501e+02,2.762074311951921004e+02,2.777002543500088336e+02,2.757481250267146606e+02,1.623051025962371496e+05,3.419248190289970957e+00,1.167310065505034622e+01
2.650000000000000000e+03,8.230000000000000000e+03,2.772431750478984327e+02,2.702835341055010190e+02,2.644404647247936282e+02,2.585487876312340063e+02,2.678587840046757265e+02,2.588951406935413502e+02,2.675293637232081210e+02,2.609783767223862014e+02,2.610595360467001456e+02,2.749387370217244779e+02,2.761623523752020901e+02,2.776055332933624982e+02,2.756450798285201813e+02,1.622228818580351071e+05,3.419248190289970957e+00,1.164132356680737423e+01
2.660000000000000000e+03,8.240000000000000000e+03,2.772267969064922113e+02,2.701205431794749643e+02,2.642582187176909088e+02,2.583638869392038373e+02,2.676950685099903353e+02,2.587633009519711322e+02,2.672531750685167822e+02,2.608260693921971551e+02,2.609071439912654569e+02,2.748393270459420137e+02,2.761170717932380398e+02,2.775105577461772555e+02,2.755416849667145698e+02,1.621409763242150366e+05,3.419248190289970957e+00,1.160980312572293194e+01
2.670000000000000000e+03,8.250000000000000000e+03,2.772100044875781464e+02,2.699580854493558491e+02,2.640769548674353473e+02,2.581800459763062463e+02,2.675322242369830406e+02,2.586317185722782028e+02,2.669799239684523968e+02,2.606742585348832222e+02,2.607552365182150425e+02,2.747396707709208954e+02,2.760715919530602491e+02,2.774153362110756689e+02,2.754379511286724664e+02,1.620593834650364297e+05,3.419248190289970957e+00,1.157853565467661028e+01
2.680000000000000000e+03,8.260000000000000000e+03,2.771928011240702858e+02,2.697961633428610071e+02,2.638966645114477387e+02,2.579972544696078103e+02,2.673702428288297028e+02,2.585003972195400479e+02,2.667095567590554310e+02,2.605229447239122464e+02,2.606038142630983998e+02,2.746397775907911409e+02,2.760259153013681725e+02,2.773198769965270003e+02,2.753338888249753040e+02,1.619781007867897279e+05,3.419248190289970957e+00,1.154751756013724417e+01
2.690000000000000000e+03,8.270000000000000000e+03,2.771751901253906567e+02,2.696347791173955102e+02,2.637173390878737109e+02,2.578155022716109102e+02,2.672091160536385814e+02,2.583693404098137307e+02,2.664420210962351234e+02,2.603721284309388011e+02,2.604528777656690863e+02,2.745396566982878994e+02,2.759800442330152919e+02,2.772241882251543075e+02,2.752295082948982099e+02,1.618971258307910175e+05,3.419248190289970957e+00,1.151674532945733453e+01
2.700000000000000000e+03,8.280000000000000000e+03,2.771571747787500044e+02,2.694739347131621798e+02,2.635389701414578667e+02,2.576347793605553420e+02,2.670488358024167042e+02,2.582385515195963990e+02,2.661772659114369048e+02,2.602218100301281538e+02,2.603024274680186068e+02,2.744393170864094031e+02,2.759339810845561374e+02,2.771282778352357923e+02,2.751248196374806412e+02,1.618164561727599066e+05,3.419248190289970957e+00,1.148621552822802983e+01
2.710000000000000000e+03,8.290000000000000000e+03,2.771387583486952622e+02,2.693136318839883074e+02,2.633615493110749526e+02,2.574550758364734975e+02,2.668893940842734196e+02,2.581080337847554915e+02,2.659152413706762559e+02,2.600719898024431700e+02,2.601524637202520012e+02,2.743387675545426987e+02,2.758877281483303250e+02,2.770321535879361363e+02,2.750198327438940851e+02,1.617360894220036571e+05,3.419248190289970957e+00,1.145592479757694448e+01
2.720000000000000000e+03,8.300000000000000000e+03,2.771199440768984914e+02,2.691538721537183960e+02,2.631850683374872233e+02,2.572763819222916482e+02,2.667307830253033103e+02,2.579777903079123007e+02,2.656558988392706055e+02,2.599226679384506156e+02,2.600029867842026761e+02,2.742380167174792973e+02,2.758412876666851616e+02,2.769358230712127238e+02,2.749145573143617298e+02,1.616560232206502114e+05,3.419248190289970957e+00,1.142586985197282878e+01
2.730000000000000000e+03,8.310000000000000000e+03,2.771007351826640388e+02,2.689946568304095535e+02,2.630095190562333300e+02,2.570986879620817263e+02,2.665729948634784705e+02,2.578478240619699022e+02,2.653991908440930843e+02,2.597738445421780966e+02,2.598539968357001726e+02,2.741370729989271240e+02,2.757946618365571112e+02,2.768392937031173346e+02,2.748090028898205333e+02,1.615762552429940260e+05,3.419248190289970957e+00,1.139604747681416619e+01
2.740000000000000000e+03,8.320000000000000000e+03,2.770811348633828288e+02,2.688359870332259334e+02,2.628348934158789802e+02,2.569219844197210136e+02,2.664160219601691324e+02,2.577181378993653880e+02,2.651450710423386568e+02,2.596255196348315053e+02,2.597054939716816193e+02,2.740359446411628710e+02,2.757478528105943383e+02,2.767425727293247064e+02,2.747031787605972681e+02,1.614967831948012172e+05,3.419248190289970957e+00,1.136645452694389213e+01
2.750000000000000000e+03,8.330000000000000000e+03,2.770611462936718681e+02,2.686778637252066915e+02,2.626611834275899469e+02,2.567462618774204088e+02,2.662598567639856810e+02,2.575887345361397820e+02,2.648934941832933418e+02,2.594776931582804309e+02,2.595574782088771144e+02,2.739346397162845506e+02,2.757008627002575736e+02,2.766456672679793769e+02,2.745970941017396854e+02,1.614176048125961388e+05,3.419248190289970957e+00,1.133708792309655955e+01
2.760000000000000000e+03,8.340000000000000000e+03,2.770407726261093444e+02,2.685202876334274151e+02,2.624883812223993118e+02,2.565715110316497771e+02,2.661044918491199951e+02,2.574596165847137286e+02,2.646444160772993541e+02,2.593303649768420200e+02,2.594099494886758066e+02,2.738331661229145197e+02,2.756536935757151809e+02,2.765485842460668664e+02,2.744907578942822397e+02,1.613387178630690032e+05,3.419248190289970957e+00,1.130794465130981941e+01
2.770000000000000000e+03,8.350000000000000000e+03,2.770200169914921844e+02,2.683632593331894327e+02,2.623164790208375052e+02,2.563977226993913519e+02,2.659499198899013663e+02,2.573307865405670327e+02,2.643977935664692609e+02,2.591835348820780496e+02,2.592629076801750330e+02,2.737315315745793782e+02,2.756063474702534108e+02,2.764513304410307910e+02,2.743841789481056708e+02,1.612601201424127212e+05,3.419248190289970957e+00,1.127902176058674399e+01
2.780000000000000000e+03,8.360000000000000000e+03,2.769988824978750586e+02,2.682067792363082503e+02,2.621454691279124063e+02,2.562248878081032899e+02,2.657961336629317088e+02,2.572022467872820357e+02,2.641535844917992790e+02,2.590372025945299015e+02,2.591163525832939740e+02,2.736297436340348668e+02,2.755588263761152348e+02,2.763539124945050389e+02,2.742773659050213269e+02,1.611818094756833743e+05,3.419248190289970957e+00,1.125031636076761643e+01
2.790000000000000000e+03,8.370000000000000000e+03,2.769773722324374603e+02,2.680508475908295054e+02,2.619753439406040343e+02,2.560529973976578617e+02,2.656431260463854755e+02,2.570739996017788940e+02,2.639117476659333192e+02,2.588913677663052795e+02,2.589702839309490514e+02,2.735278097030092681e+02,2.755111322524285242e+02,2.762563368981309964e+02,2.741703272421499946e+02,1.611037837163099903e+05,3.419248190289970957e+00,1.122182562088848989e+01
2.800000000000000000e+03,8.380000000000000000e+03,2.769554892601406095e+02,2.678954645093685372e+02,2.618060959434607753e+02,2.558820426196003552e+02,2.654908900169111803e+02,2.569460471569738047e+02,2.636722428440768908e+02,2.587460299847737133e+02,2.588247013923041777e+02,2.734257370155567628e+02,2.754632670236621266e+02,2.761586100029730915e+02,2.740630712743943036e+02,1.610260407454368833e+05,3.419248190289970957e+00,1.119354676748621458e+01
2.810000000000000000e+03,8.390000000000000000e+03,2.769332366243359616e+02,2.677406299224089139e+02,2.616377177080809133e+02,2.557120147349078536e+02,2.653394186479519590e+02,2.568183915257981766e+02,2.634350306973246916e+02,2.586011887743326838e+02,2.586796045730615106e+02,2.733235326544150325e+02,2.754152325803545978e+02,2.760607380198530905e+02,2.739556061911372922e+02,1.609485784713677713e+05,3.419248190289970957e+00,1.116547708286350549e+01
2.820000000000000000e+03,8.400000000000000000e+03,2.769106173468202883e+02,2.675863437303456749e+02,2.614702018918691238e+02,2.555429051126051263e+02,2.651887051082275093e+02,2.566910346836732515e+02,2.632000727865097360e+02,2.584568435991045590e+02,2.585349930240624303e+02,2.732212035506245797e+02,2.753670307816449281e+02,2.759627270293607921e+02,2.738479399331115474e+02,1.608713948290271510e+05,3.419248190289970957e+00,1.113761390365814208e+01
2.830000000000000000e+03,8.410000000000000000e+03,2.768876344282500099e+02,2.674326055738428636e+02,2.613035412375043620e+02,2.553747052286762198e+02,2.650387426604664256e+02,2.565639785117845122e+02,2.629673315375478637e+02,2.583129938654537341e+02,2.583908662352383203e+02,2.731187564852356786e+02,2.753186634657384957e+02,2.758645829763523807e+02,2.737400803894129808e+02,1.607944877794957138e+05,3.419248190289970957e+00,1.110995461915797833e+01
2.840000000000000000e+03,8.420000000000000000e+03,2.768642908479453126e+02,2.672794150761637866e+02,2.611377285650899580e+02,2.552074066643348260e+02,2.648895246544220754e+02,2.564372247989155085e+02,2.627367702142549888e+02,2.581696389242822534e+02,2.582472236434293222e+02,2.730161980954661658e+02,2.752701324223039023e+02,2.757663116801033993e+02,2.736320352535011011e+02,1.607178553093987575e+05,3.419248190289970957e+00,1.108249666970082359e+01
2.850000000000000000e+03,8.430000000000000000e+03,2.768405895641171810e+02,2.671267716738778972e+02,2.609727567870396001e+02,2.550410011053421613e+02,2.647410445361898610e+02,2.563107752480721047e+02,2.625083529000269777e+02,2.580267780730667369e+02,2.581040646329640253e+02,2.729135348765940421e+02,2.752214394204663108e+02,2.756679188326979215e+02,2.735238120811821432e+02,1.606414954305097926e+05,3.419248190289970957e+00,1.105523754569686545e+01
2.860000000000000000e+03,8.440000000000000000e+03,2.768165335136797012e+02,2.669746747345582776e+02,2.608086188867070518e+02,2.548754803380521707e+02,2.645932958356348195e+02,2.561846314740774915e+02,2.622820444692999331e+02,2.578844105580632231e+02,2.579613885377656288e+02,2.728107731804150262e+02,2.751725862075105056e+02,2.755694100085391938e+02,2.734154182835112579e+02,1.605654061791527492e+05,3.419248190289970957e+00,1.102817478574168675e+01
2.870000000000000000e+03,8.450000000000000000e+03,2.767921256131562586e+02,2.668231235130459140e+02,2.606453079317391825e+02,2.547108362522422738e+02,2.644462721691711522e+02,2.560587950089106926e+02,2.620578105705803864e+02,2.577425355764319761e+02,2.578191946439379194e+02,2.727079192251100608e+02,2.751235745014843701e+02,2.754707906581900261e+02,2.733068611241681651e+02,1.604895856158666720e+05,3.419248190289970957e+00,1.100130597559961210e+01
2.880000000000000000e+03,8.460000000000000000e+03,2.767673687579999751e+02,2.666721171382936291e+02,2.604828170659021112e+02,2.545470608359470077e+02,2.642999672380864240e+02,2.559332673035882237e+02,2.618356176021691226e+02,2.576011522779720053e+02,2.576774821895422747e+02,2.726049790947000133e+02,2.750744059943048683e+02,2.753720661167126877e+02,2.731981477597947787e+02,1.604140318248066469e+05,3.419248190289970957e+00,1.097462874675944988e+01
2.890000000000000000e+03,8.470000000000000000e+03,2.767422658234140727e+02,2.665216546819856944e+02,2.603211395126837715e+02,2.543841461774362358e+02,2.641543748267637852e+02,2.558080497322149540e+02,2.616154326926283034e+02,2.574602597672298430e+02,2.575362503699006425e+02,2.725019587422964378e+02,2.750250823543711363e+02,2.752732416072857973e+02,2.730892851686799645e+02,1.603387429134382983e+05,3.419248190289970957e+00,1.094814077537232322e+01
2.900000000000000000e+03,8.480000000000000000e+03,2.767168196634688115e+02,2.663717350998945221e+02,2.601602685703903717e+02,2.542220844613080146e+02,2.640094888008538874e+02,2.556831435921865534e+02,2.613972236812317647e+02,2.573198571053243882e+02,2.573954983366393776e+02,2.723988639915066869e+02,2.749756052253805478e+02,2.751743222409845657e+02,2.729802802258532211e+02,1.602637170119420625e+05,3.419248190289970957e+00,1.092183978092434593e+01
2.910000000000000000e+03,8.490000000000000000e+03,2.766910331127110112e+02,2.662223572853382052e+02,2.600001976062740141e+02,2.540608679637379055e+02,2.638653031060580361e+02,2.555585501075645993e+02,2.611809590946033381e+02,2.571799433108931794e+02,2.572552252007368452e+02,2.722957005584107719e+02,2.749259762291606535e+02,2.750753130207835397e+02,2.728711396648989194e+02,1.601889522729493619e+05,3.419248190289970957e+00,1.089572352492339569e+01
2.920000000000000000e+03,8.500000000000000000e+03,2.766649089848984318e+02,2.660735200364945285e+02,2.598409200758574684e+02,2.539004890648401158e+02,2.637218117662996519e+02,2.554342704313400532e+02,2.609666081401285851e+02,2.570405173642935779e+02,2.571154300339131282e+02,2.721924739936837909e+02,2.748761969649455636e+02,2.749762188440632826e+02,2.727618700879402240e+02,1.601144468710631190e+05,3.419248190289970957e+00,1.086978981040317116e+01
2.930000000000000000e+03,8.510000000000000000e+03,2.766384500740937824e+02,2.659252220850406729e+02,2.596824294947475096e+02,2.537409402302900503e+02,2.635790088828477451e+02,2.553103056474415666e+02,2.607541406730421727e+02,2.569015782063883648e+02,2.569761118700017732e+02,2.720891897638672390e+02,2.748262690113128315e+02,2.748770445033539431e+02,2.726524779779674645e+02,1.600401990024420666e+05,3.419248190289970957e+00,1.084403648016172994e+01
2.940000000000000000e+03,8.520000000000000000e+03,2.766116591541640446e+02,2.657774621118233540e+02,2.595247194541377667e+02,2.535822140193312464e+02,2.634368886323397305e+02,2.551866567725493553e+02,2.605435271879082961e+02,2.567631247415696407e+02,2.568372697072009601e+02,2.719858532100817570e+02,2.747761939267161893e+02,2.747777946668293794e+02,2.725429696952813856e+02,1.599662068844130845e+05,3.419248190289970957e+00,1.081846141603165634e+01
2.950000000000000000e+03,8.530000000000000000e+03,2.765845389793984737e+02,2.656302386220842777e+02,2.593677836166620523e+02,2.534243030825093967e+02,2.632954452657460251e+02,2.550633247588361883e+02,2.603347387994840574e+02,2.566251558385131943e+02,2.566989025071228525e+02,2.718824695558008671e+02,2.747259732472340374e+02,2.746784739979461278e+02,2.724333514745646312e+02,1.598924687551203242e+05,3.419248190289970957e+00,1.079306253781541081e+01
2.960000000000000000e+03,8.540000000000000000e+03,2.765570922840547041e+02,2.654835501909349205e+02,2.592116157149746414e+02,2.532672001599471514e+02,2.631546731067975884e+02,2.549403104958912252e+02,2.601277472272164459e+02,2.564876703322471485e+02,2.565610091995787911e+02,2.717790439126354727e+02,2.746756084921265710e+02,2.745790869491378885e+02,2.723236294351866036e+02,1.598189828731176094e+05,3.419248190289970957e+00,1.076783780240692145e+01
2.970000000000000000e+03,8.550000000000000000e+03,2.765293217833358881e+02,2.653373952756070935e+02,2.590562095482008544e+02,2.531108980783079119e+02,2.630145665509245418e+02,2.548176148107548329e+02,2.599225247786981754e+02,2.563506670255987956e+02,2.564235886823457804e+02,2.716755812837258759e+02,2.746251011618705888e+02,2.744796379193218741e+02,2.722138095918190857e+02,1.597457475170682301e+05,3.419248190289970957e+00,1.074278520272512871e+01
2.980000000000000000e+03,8.560000000000000000e+03,2.765012301728593798e+02,2.651917722715276113e+02,2.589015589863175819e+02,2.529553897530686868e+02,2.628751200639455874e+02,2.546952384730340100e+02,2.597190443348280269e+02,2.562141446905308726e+02,2.562866398225964417e+02,2.715720865573336482e+02,2.745744527381748981e+02,2.743801312362220983e+02,2.721038978227734333e+02,1.596727609853405738e+05,3.419248190289970957e+00,1.071790276696345678e+01
2.990000000000000000e+03,8.570000000000000000e+03,2.764728201287656475e+02,2.650466795130150217e+02,2.587476579668331738e+02,2.528006681861747325e+02,2.627363281806387931e+02,2.545731821956347858e+02,2.595172793350239431e+02,2.560781020687218756e+02,2.561501614582498974e+02,2.714685645286900240e+02,2.745236646823830711e+02,2.742805711168698508e+02,2.719938999075762922e+02,1.596000215956487809e+05,3.419248190289970957e+00,1.069318855764728760e+01
3.000000000000000000e+03,8.580000000000000000e+03,2.764440943085156164e+02,2.649021153298692184e+02,2.585945004863262398e+02,2.526467264590839648e+02,2.625981855038147614e+02,2.544514466314413710e+02,2.593172037629507827e+02,2.559425378746716149e+02,2.560141523990794781e+02,2.713650198654944461e+02,2.744727384496409286e+02,2.741809616960980520e+02,2.718838215138658825e+02,1.595275276847961650e+05,3.419248190289970957e+00,1.066864067060616961e+01
3.010000000000000000e+03,8.590000000000000000e+03,2.764150553500155638e+02,2.647580779589242184e+02,2.584420806134542090e+02,2.524935577409827374e+02,2.624606867027267754e+02,2.543300323838948600e+02,2.591187921318499434e+02,2.558074507946545850e+02,2.558786114279656658e+02,2.712614571553766609e+02,2.744216754667814939e+02,2.740813070175704524e+02,2.717736682057925464e+02,1.594552776082305063e+05,3.419248190289970957e+00,1.064425723443950211e+01
3.020000000000000000e+03,8.600000000000000000e+03,2.763857058729140590e+02,2.646145656002557871e+02,2.582903924798918638e+02,2.523411552828527249e+02,2.623238265124626878e+02,2.542089400025988652e+02,2.589220194729405762e+02,2.556728394894117855e+02,2.557435373024913190e+02,2.711578808802069034e+02,2.743704771493049748e+02,2.739816110471532511e+02,2.716634454333510007e+02,1.593832697398841847e+05,3.419248190289970957e+00,1.062003640962831774e+01
3.030000000000000000e+03,8.610000000000000000e+03,2.763560484779375201e+02,2.644715764134242022e+02,2.581394302793013367e+02,2.521895124158390047e+02,2.621875997324071932e+02,2.540881699866582437e+02,2.587268613205677070e+02,2.555387025944846755e+02,2.556089287552992175e+02,2.710542954237922117e+02,2.743191448969650423e+02,2.738818776669943986e+02,2.715531585480877084e+02,1.593115024717171909e+05,3.419248190289970957e+00,1.059597638770604355e+01
3.040000000000000000e+03,8.620000000000000000e+03,2.763260857468515610e+02,2.643291085188626539e+02,2.579891882680265667e+02,2.520386225509091105e+02,2.620520012252055722e+02,2.539677227857477533e+02,2.585332937004063751e+02,2.554050387220956395e+02,2.554747844956963547e+02,2.709507050744800267e+02,2.742676800948495952e+02,2.737821106781269691e+02,2.714428127984840557e+02,1.592399742134580738e+05,3.419248190289970957e+00,1.057207539053908540e+01
3.050000000000000000e+03,8.630000000000000000e+03,2.762958202434140844e+02,2.641871599943769979e+02,2.578396607641238916e+02,2.518884791779176169e+02,2.619170259158146905e+02,2.538475988020658178e+02,2.583412931171600349e+02,2.552718464614818004e+02,2.553411032104554579e+02,2.708471140270309547e+02,2.742160841128738298e+02,2.736823138072292636e+02,2.713324133327612344e+02,1.591686833923585364e+05,3.419248190289970957e+00,1.054833166963191537e+01
3.060000000000000000e+03,8.640000000000000000e+03,2.762652545130625299e+02,2.640457288928095068e+02,2.576908421577963395e+02,2.517390758723451540e+02,2.617826687903720995e+02,2.537277983984523644e+02,2.581508365424656404e+02,2.551391243804525004e+02,2.552078835676288975e+02,2.707435263845405302e+02,2.741643583072151387e+02,2.735824906958088150e+02,2.712219651503597220e+02,1.590976284528820834e+05,3.419248190289970957e+00,1.052474350580507156e+01
3.070000000000000000e+03,8.650000000000000000e+03,2.762343910828125217e+02,2.639048132202694887e+02,2.575427268603011157e+02,2.515904062603216573e+02,2.616489248951442619e+02,2.536083218705113040e+02,2.579619014036503017e+02,2.550068710262938509e+02,2.550751242074421157e+02,2.706399461602248948e+02,2.741125040195277052e+02,2.734826449151691463e+02,2.711114733245419188e+02,1.590268078563209565e+05,3.419248190289970957e+00,1.050130920694487102e+01
3.080000000000000000e+03,8.660000000000000000e+03,2.762032324617499626e+02,2.637644109683804459e+02,2.573953093856771943e+02,2.514424640699743350e+02,2.615157893353332383e+02,2.534891694931584425e+02,2.577744655724620770e+02,2.548750849262498548e+02,2.549428237568827171e+02,2.705363772793128305e+02,2.740605225796700211e+02,2.733827799673356935e+02,2.710009426417656755e+02,1.589562200806864712e+05,3.419248190289970957e+00,1.047802710955710381e+01
3.090000000000000000e+03,8.670000000000000000e+03,2.761717811408515786e+02,2.636245200901324779e+02,2.572485842910671181e+02,2.512952430961786945e+02,2.613832572749362271e+02,2.533703414930389783e+02,2.575885073542882537e+02,2.547437645891589568e+02,2.548109808233398610e+02,2.704328235796330091e+02,2.740084153040472188e+02,2.732828992691681265e+02,2.708903778702283489e+02,1.588858636203200440e+05,3.419248190289970957e+00,1.045489557698978622e+01
3.100000000000000000e+03,8.680000000000000000e+03,2.761400395939452892e+02,2.634851385129534265e+02,2.571025461872541769e+02,2.511487372051086879e+02,2.612513239341363942e+02,2.532518380539065106e+02,2.574040054767227730e+02,2.546129085057445423e+02,2.546795939959480108e+02,2.703292888205665463e+02,2.739561834929200472e+02,2.731830061822906828e+02,2.707797836859384688e+02,1.588157369857079757e+05,3.419248190289970957e+00,1.043191299876131595e+01
3.110000000000000000e+03,8.690000000000000000e+03,2.761080102762421689e+02,2.633462641390062231e+02,2.569571897457120144e+02,2.510029403363753318e+02,2.611199845903552728e+02,2.531336593208219199e+02,2.572209390814474546e+02,2.544825151501325422e+02,2.545486618470085602e+02,2.702257766697721308e+02,2.739038284375765215e+02,2.730831039903064266e+02,2.706691646753347982e+02,1.587458387031267630e+05,3.419248190289970957e+00,1.040907779021130786e+01
3.120000000000000000e+03,8.700000000000000000e+03,2.760756956260468655e+02,2.632078948394951112e+02,2.568125096923861861e+02,2.508578465003159010e+02,2.609892345758055967e+02,2.530158054000007724e+02,2.570392877123321114e+02,2.543525829797554820e+02,2.544181829325940214e+02,2.701222907259271437e+02,2.738513514161242597e+02,2.729831959117575479e+02,2.705585253363178708e+02,1.586761673144692322e+05,3.419248190289970957e+00,1.038638839177287565e+01
3.130000000000000000e+03,8.710000000000000000e+03,2.760430980643827752e+02,2.630700284821155606e+02,2.566685008086292896e+02,2.507134497776209798e+02,2.608590692774147328e+02,2.528982763604956006e+02,2.568590313068165756e+02,2.542231104375569544e+02,2.542881557935713488e+02,2.700188344922305532e+02,2.737987536954496477e+02,2.728832850988497967e+02,2.704478700806742495e+02,1.586067213770248636e+05,3.419248190289970957e+00,1.036384326852665083e+01
3.140000000000000000e+03,8.720000000000000000e+03,2.760102199943750634e+02,2.629326629010935221e+02,2.565251579305270866e+02,2.505697443183327380e+02,2.607294841355420090e+02,2.527810722352732284e+02,2.566801501859401355e+02,2.540940959515407371e+02,2.541585789561451065e+02,2.699154113998748699e+02,2.737460365302504783e+02,2.727833746450194781e+02,2.703372032347350569e+02,1.585374994631044392e+05,3.419248190289970957e+00,1.034144090957671658e+01
3.150000000000000000e+03,8.730000000000000000e+03,2.759770638024687628e+02,2.627957959211937577e+02,2.563824759488970813e+02,2.504267243412947153e+02,2.606004746431660806e+02,2.526641930228319950e+02,2.565026250459418975e+02,2.539655379360802669e+02,2.540294509329411596e+02,2.698120248064158204e+02,2.736932011642277871e+02,2.726834675661881420e+02,2.702265290424419391e+02,1.584685001599521202e+05,3.419248190289970957e+00,1.031917982759343921e+01
3.160000000000000000e+03,8.740000000000000000e+03,2.759436318581171008e+02,2.626594253378401618e+02,2.562404498038739575e+02,2.502843841303572674e+02,2.604720363452939296e+02,2.525476386855508508e+02,2.563264369488531429e+02,2.538374347919130685e+02,2.539007702233509178e+02,2.697086780054985979e+02,2.736402488296546949e+02,2.725835668326982955e+02,2.701158516650373826e+02,1.583997220694582502e+05,3.419248190289970957e+00,1.029705855813641868e+01
3.170000000000000000e+03,8.750000000000000000e+03,2.759099265135233736e+02,2.625235489460251301e+02,2.560990744930112442e+02,2.501427180386673967e+02,2.603441648378736204e+02,2.524314091555543769e+02,2.561515673143653089e+02,2.537097849079777063e+02,2.537725353144663814e+02,2.696053741989668424e+02,2.735871807482516260e+02,2.724836753406207777e+02,2.700051751841124315e+02,1.583311638079077238e+05,3.419248190289970957e+00,1.027507565939528611e+01
3.180000000000000000e+03,8.760000000000000000e+03,2.758759501044452804e+02,2.623881645172083381e+02,2.559583450631422465e+02,2.500017204835928339e+02,2.602168557670809150e+02,2.523155043319243021e+02,2.559779979111452235e+02,2.535825866615484188e+02,2.536447446815554656e+02,2.695021165251710613e+02,2.735339981310810344e+02,2.723837959348240929e+02,2.698945036019986219e+02,1.582628240057838848e+05,3.419248190289970957e+00,1.025322971154689355e+01
3.190000000000000000e+03,8.770000000000000000e+03,2.758417049497499534e+02,2.622532698126696005e+02,2.558182566127136681e+02,2.498613859471451235e+02,2.600901048286121977e+02,2.521999240829168514e+02,2.558057108491287579e+02,2.534558384189452340e+02,2.535173967889669484e+02,2.693989080515743240e+02,2.734807021781394951e+02,2.722839314001263915e+02,2.697838408435881661e+02,1.581947013075599389e+05,3.419248190289970957e+00,1.023151931632779110e+01
3.200000000000000000e+03,8.780000000000000000e+03,2.758071933520312200e+02,2.621188625828137333e+02,2.556788042895801141e+02,2.497217089745608121e+02,2.599639077666705020e+02,2.520846682464886896e+02,2.556346885711016341e+02,2.533295385358368890e+02,2.533904900903651765e+02,2.692957517791793975e+02,2.734272940810141677e+02,2.721840844644443109e+02,2.696731907578296727e+02,1.581267943714962166e+05,3.419248190289970957e+00,1.020994309652978416e+01
3.210000000000000000e+03,8.790000000000000000e+03,2.757724175972733747e+02,2.619849405564810922e+02,2.555399833117077719e+02,2.495826841889585808e+02,2.598382603733521705e+02,2.519697366322871233e+02,2.554649138578080283e+02,2.532036853596340507e+02,2.532640230299198834e+02,2.691926506354622006e+02,2.733737749496291940e+02,2.720842577990306381e+02,2.695625571189260086e+02,1.580591018694236118e+05,3.419248190289970957e+00,1.018849969625044061e+01
3.220000000000000000e+03,8.800000000000000000e+03,2.757373799552656237e+02,2.618515014762041346e+02,2.554017888833238317e+02,2.494443062302933356e+02,2.597131584881058188e+02,2.518551290212900540e+02,2.552963697704882975e+02,2.530782772259265130e+02,2.531379940419928118e+02,2.690896074866744812e+02,2.733201461158172947e+02,2.719844540266752801e+02,2.694519436272919393e+02,1.579916224864571705e+05,3.419248190289970957e+00,1.016718777802421592e+01
3.230000000000000000e+03,8.810000000000000000e+03,2.757020826794062600e+02,2.617185430615413679e+02,2.552642163304934968e+02,2.493065698471476139e+02,2.595885979969087316e+02,2.517408451674681089e+02,2.551290397211943741e+02,2.529533124630765144e+02,2.530124015525161951e+02,2.689866251333876335e+02,2.732664086451046614e+02,2.718846756997377270e+02,2.693413539107893939e+02,1.579243549209636403e+05,3.419248190289970957e+00,1.014600602579821675e+01
3.240000000000000000e+03,8.820000000000000000e+03,2.756665280074061570e+02,2.615860630499642525e+02,2.551272609886611349e+02,2.491694698278497242e+02,2.594645748302366997e+02,2.516268847972112326e+02,2.549629074086472826e+02,2.528287893919090266e+02,2.528872439791054774e+02,2.688837063112714532e+02,2.732125636915488371e+02,2.717849253346960268e+02,2.692307915339275155e+02,1.578572978842557932e+05,3.419248190289970957e+00,1.012495314236389810e+01
3.250000000000000000e+03,8.830000000000000000e+03,2.756307181609218446e+02,2.614540591352219963e+02,2.549909182503016893e+02,2.490330010222832300e+02,2.593410849656751225e+02,2.515132476132743022e+02,2.547979568305932503e+02,2.527047063254304078e+02,2.527625197317593404e+02,2.687808536977756830e+02,2.731586123988051895e+02,2.716852054045267550e+02,2.691202599779833804e+02,1.577904501004298800e+05,3.419248190289970957e+00,1.010402784956258948e+01
3.260000000000000000e+03,8.840000000000000000e+03,2.755946553456562356e+02,2.613225290285576534e+02,2.548551835554090417e+02,2.488971583413839426e+02,2.592181244239404236e+02,2.513999332925013448e+02,2.546341722771933291e+02,2.525810615699494122e+02,2.526382272135739413e+02,2.686780699034183044e+02,2.731045559016087623e+02,2.715855183061571552e+02,2.690097626646248727e+02,1.577238103061823058e+05,3.419248190289970957e+00,1.008322888789947669e+01
3.270000000000000000e+03,8.850000000000000000e+03,2.755583417517655676e+02,2.611914704320420242e+02,2.547200523873063389e+02,2.487619367517718842e+02,2.590956892694813405e+02,2.512869414876785186e+02,2.544715383207116304e+02,2.524578534252854070e+02,2.525143648208851630e+02,2.685753574813070941e+02,2.730503953255237093e+02,2.714858664065556013e+02,2.688993029419476102e+02,1.576573772506092791e+05,3.419248190289970957e+00,1.006255501603771307e+01
3.280000000000000000e+03,8.860000000000000000e+03,2.755217795537421921e+02,2.610608810315963524e+02,2.545855202752574939e+02,2.486273312769018844e+02,2.589737756098265891e+02,2.511742718286025706e+02,2.543100398110619551e+02,2.523350801851936751e+02,2.523909309430705719e+02,2.684727189258820772e+02,2.729961317871205893e+02,2.713862520136408989e+02,2.687888841134222844e+02,1.575911496950426081e+05,3.419248190289970957e+00,1.004200501046158500e+01
3.290000000000000000e+03,8.870000000000000000e+03,2.754849709105780562e+02,2.609307585359626387e+02,2.544515827938528787e+02,2.484933369962184599e+02,2.588523795951183502e+02,2.510619239225515571e+02,2.541496618695953771e+02,2.522127401381561640e+02,2.522679239649460499e+02,2.683701566730408672e+02,2.729417663945245636e+02,2.712866773937479934e+02,2.686785093906826205e+02,1.575251264128820621e+05,3.419248190289970957e+00,1.002157766519222193e+01
3.300000000000000000e+03,8.880000000000000000e+03,2.754479179659999772e+02,2.608011006401191594e+02,2.543182355604991471e+02,2.483599490444902074e+02,2.587314974162827639e+02,2.509498973541276996e+02,2.539903898829070386e+02,2.520908315672556910e+02,2.521453422656036025e+02,2.682676731086863242e+02,2.728873002471455607e+02,2.711871447662522883e+02,2.685681819331642828e+02,1.574593061894163548e+05,3.419248190289970957e+00,1.000127179132117483e+01
3.310000000000000000e+03,8.890000000000000000e+03,2.754106228484844792e+02,2.606719050399330513e+02,2.541854742391124091e+02,2.482271626111009368e+02,2.586111253066705444e+02,2.508381916882156872e+02,2.538322094973803473e+02,2.519693527514920675e+02,2.520231842193809371e+02,2.681652705534013990e+02,2.728327344361342170e+02,2.710876563048539651e+02,2.684579048359543094e+02,1.573936878216569021e+05,3.419248190289970957e+00,9.981086216834297531e+00
3.320000000000000000e+03,8.900000000000000000e+03,2.753730876714608939e+02,2.605431694199407957e+02,2.540532945351416174e+02,2.480949729390510754e+02,2.584912595395297785e+02,2.507268064684813567e+02,2.536751066131951120e+02,2.518483019655162991e+02,2.519014481955311453e+02,2.680629512793586287e+02,2.727780700443880733e+02,2.709882141382556142e+02,2.683476811432211662e+02,1.573282701181530429e+05,3.419248190289970957e+00,9.961019786143898713e+00
3.330000000000000000e+03,8.910000000000000000e+03,2.753353145329531912e+02,2.604148914849338894e+02,2.539216921986519537e+02,2.479633753255307624e+02,2.583718964281335388e+02,2.506157412198187160e+02,2.535190673791996971e+02,2.517276774803302999e+02,2.517801325604041551e+02,2.679607175051776267e+02,2.727233081467252305e+02,2.708888203522915319e+02,2.682375138151683132e+02,1.572630518988614494e+05,3.419248190289970957e+00,9.941071359898568716e+00
3.340000000000000000e+03,8.920000000000000000e+03,2.752973055167344114e+02,2.602870689303639438e+02,2.537906630165326476e+02,2.478323651163064767e+02,2.582530323249741855e+02,2.505049954448476228e+02,2.533640781869875696e+02,2.516074775635926528e+02,2.516592356755413959e+02,2.678585713971683617e+02,2.726684498102006842e+02,2.707894769896064417e+02,2.681274057848049779e+02,1.571980319949980476e+05,3.419248190289970957e+00,9.921239814420593106e+00
3.350000000000000000e+03,8.930000000000000000e+03,2.752590626912030984e+02,2.601596994541531558e+02,2.536602028241445339e+02,2.477019377130206408e+02,2.581346636213376655e+02,2.503945686312145256e+02,2.532101256662089668e+02,2.514877004800855218e+02,2.515387558997209965e+02,2.677565150705003703e+02,2.726134960937329197e+02,2.706901860509501603e+02,2.680173598996964301e+02,1.571332092488160706e+05,3.419248190289970957e+00,9.901524041715509483e+00
3.360000000000000000e+03,8.940000000000000000e+03,2.752205881102187845e+02,2.600327807605996782e+02,2.535303074939539556e+02,2.475720885657275971e+02,2.580167867468197755e+02,2.502844602467023094e+02,2.530571966791164300e+02,2.513683444918923726e+02,2.514186915890458067e+02,2.676545505905720006e+02,2.725584480498428661e+02,2.705909494956817412e+02,2.679073789609926735e+02,1.570685825135059131e+05,3.419248190289970957e+00,9.881922948989229738e+00
3.370000000000000000e+03,8.950000000000000000e+03,2.751818838131952702e+02,2.599063105490960766e+02,2.534009729412758247e+02,2.474428131761388272e+02,2.578993981684751020e+02,2.501746697429029496e+02,2.529052783157785029e+02,2.512494078590463005e+02,2.512990410966181116e+02,2.675526799733770531e+02,2.725033067207529029e+02,2.704917692447692730e+02,2.677974657133736400e+02,1.570041506530531333e+05,3.419248190289970957e+00,9.862435458417168732e+00
3.380000000000000000e+03,8.960000000000000000e+03,2.751429518250859587e+02,2.597802865291826606e+02,2.532721951204040067e+02,2.473141070944710123e+02,2.577824943907840520e+02,2.500651965540515107e+02,2.527543578891250320e+02,2.511308888398002352e+02,2.511798027736416259e+02,2.674509051875440377e+02,2.724480731435151029e+02,2.703926471764767143e+02,2.676876228460478160e+02,1.569399125420999480e+05,3.419248190289970957e+00,9.843060506842789437e+00
3.390000000000000000e+03,8.970000000000000000e+03,2.751037941561172033e+02,2.596547064207526319e+02,2.531439700255541823e+02,2.471859659199648434e+02,2.576660719545108691e+02,2.499560400979754888e+02,2.526044229303827819e+02,2.510127856908530362e+02,2.510609749692387425e+02,2.673492281538078714e+02,2.723927483471594542e+02,2.702935851248816448e+02,2.675778529945102377e+02,1.568758670656927570e+05,3.419248190289970957e+00,9.823797045482816515e+00
3.400000000000000000e+03,8.980000000000000000e+03,2.750644128026171984e+02,2.595295679219170779e+02,2.530162936900005661e+02,2.470583852998760506e+02,2.575501274367445035e+02,2.498471997770505197e+02,2.524554611843086036e+02,2.508950966675120071e+02,2.509425560308265801e+02,2.672476507471156424e+02,2.723373333531075104e+02,2.701945849094797723e+02,2.674681587398282545e+02,1.568120131193034467e+05,3.419248190289970957e+00,9.804644039693755531e+00
3.410000000000000000e+03,8.990000000000000000e+03,2.750248097467499520e+02,2.594048687657842152e+02,2.528891621859714576e+02,2.469313609289802685e+02,2.574346574498983387e+02,2.497386749784872393e+02,2.523074606048140254e+02,2.507778200245403468e+02,2.508245443046406820e+02,2.671461747967902056e+02,2.722818291759564318e+02,2.700956482870370792e+02,2.673585426113673975e+02,1.567483496085869556e+05,3.419248190289970957e+00,9.785600468686462605e+00
3.420000000000000000e+03,9.000000000000000000e+03,2.749849869564218352e+02,2.592806066757243570e+02,2.527625716238169957e+02,2.468048885490526061e+02,2.573196586416322589e+02,2.496304650747532037e+02,2.521604093503541719e+02,2.506609540159216181e+02,2.507069381359183922e+02,2.670448020880710374e+02,2.722262368231866958e+02,2.699967769868501932e+02,2.672490070903015180e+02,1.566848754492615117e+05,3.419248190289970957e+00,9.766665325278991006e+00
3.430000000000000000e+03,9.010000000000000000e+03,2.749449463857421847e+02,2.591567793958207062e+02,2.526365181517892609e+02,2.466789639478046468e+02,2.572051276939800459e+02,2.495225694242798227e+02,2.520142957802178501e+02,2.505444968958653078e+02,2.505897358693777619e+02,2.669435343564492200e+02,2.721705572954558647e+02,2.698979727029267792e+02,2.671395546000604213e+02,1.566215895669972233e+05,3.419248190289970957e+00,9.747837615664979083e+00
3.440000000000000000e+03,9.020000000000000000e+03,2.749046899746015811e+02,2.590333846489595544e+02,2.525109979555351742e+02,2.465535829586551699e+02,2.570910613231770299e+02,2.494149873718220931e+02,2.518691084496607004e+02,2.504284469176325842e+02,2.504729358491380253e+02,2.668423733139819660e+02,2.721147915855862038e+02,2.697992370935928648e+02,2.670301875196421406e+02,1.565584908972384001e+05,3.419248190289970957e+00,9.729116359130106417e+00
3.450000000000000000e+03,9.030000000000000000e+03,2.748642196496483621e+02,2.589104201887150793e+02,2.523860072574811397e+02,2.464287414599940860e+02,2.569774562791604353e+02,2.493077182488701169e+02,2.517248361064700362e+02,2.503128023355889411e+02,2.503565364191924800e+02,2.667413206112480566e+02,2.720589406802779990e+02,2.697005717827369722e+02,2.669209081782937574e+02,1.564955783851570741e+05,3.419248190289970957e+00,9.710500587857394450e+00
3.460000000000000000e+03,9.040000000000000000e+03,2.748235373237343424e+02,2.587878837675608565e+02,2.522615423166399466e+02,2.463044353744701880e+02,2.568643093448315540e+02,2.492007613742058538e+02,2.515814676866444586e+02,2.501975614044710881e+02,2.502405359236500715e+02,2.666403778642837779e+02,2.720030055595205454e+02,2.696019783604147619e+02,2.668117188571306428e+02,1.564328509854501172e+05,3.419248190289970957e+00,9.691989346664085403e+00
3.470000000000000000e+03,9.050000000000000000e+03,2.747826448958749666e+02,2.586657731449225253e+02,2.521375994281017086e+02,2.461806606686319867e+02,2.567516173359294953e+02,2.490941160545694402e+02,2.514389923106541573e+02,2.500827223799151398e+02,2.501249327068551054e+02,2.665395466491381171e+02,2.719469871962068055e+02,2.695034583836623483e+02,2.667026217901858445e+02,1.563703076622395602e+05,3.419248190289970957e+00,9.673581692805802490e+00
3.480000000000000000e+03,9.060000000000000000e+03,2.747415442519765065e+02,2.585440860998564858e+02,2.520141749192322891e+02,2.460574133498315632e+02,2.566393771001597202e+02,2.489877815823682567e+02,2.512973992796489995e+02,2.499682835184656824e+02,2.500097251139100365e+02,2.664388285021730667e+02,2.718908865572206537e+02,2.694050133809831209e+02,2.665936191656901428e+02,1.563079473889635119e+05,3.419248190289970957e+00,9.655276695619084748e+00
3.490000000000000000e+03,9.070000000000000000e+03,2.747002372642265300e+02,2.584228203880755359e+02,2.518912651615554523e+02,2.459346894739272216e+02,2.565275855174435833e+02,2.488817572441655557e+02,2.511566780717806466e+02,2.498542430781282349e+02,2.498949114905874751e+02,2.663382249225880969e+02,2.718347046018993183e+02,2.693066448372575223e+02,2.664847131251837595e+02,1.562457691482251103e+05,3.419248190289970957e+00,9.637073436664302051e+00
3.500000000000000000e+03,9.080000000000000000e+03,2.746587257919608760e+02,2.583019738012598054e+02,2.517688665529333036e+02,2.458124851337702523e+02,2.564162394988194364e+02,2.487760423109122598e+02,2.510168183387936836e+02,2.497405993183122632e+02,2.497804901838398735e+02,2.662377373697291318e+02,2.717784422838425371e+02,2.692083542174863737e+02,2.663759057664862553e+02,1.561837719317381270e+05,3.419248190289970957e+00,9.618971009112827986e+00
3.510000000000000000e+03,9.090000000000000000e+03,2.746170116808281705e+02,2.581815441320179048e+02,2.516469755281921437e+02,2.456907964648117684e+02,2.563053359862265097e+02,2.486706360440056756e+02,2.508778099022599974e+02,2.496273505003356092e+02,2.496664595417642829e+02,2.661373672662552963e+02,2.717221005498719819e+02,2.691101429521299906e+02,2.662671991432612799e+02,1.561219547400931187e+05,3.419248190289970957e+00,9.600968517709414840e+00
3.520000000000000000e+03,9.100000000000000000e+03,2.745750967640155977e+02,2.580615291814032730e+02,2.515255885562587252e+02,2.455696196437288847e+02,2.561948719522767988e+02,2.485655376947608204e+02,2.507396427503564951e+02,2.495144948874386728e+02,2.495528179140504790e+02,2.660371159986412977e+02,2.716656803407482244e+02,2.690120124414695510e+02,2.661585952657114831e+02,1.560603165828178171e+05,3.419248190289970957e+00,9.583065078593357100e+00
3.530000000000000000e+03,9.110000000000000000e+03,2.745329828612890424e+02,2.579419267669970850e+02,2.514047021312079266e+02,2.454489508816270700e+02,2.560848443994441368e+02,2.484607465043250158e+02,2.506023070294299373e+02,2.494020307433208359e+02,2.494395636524447184e+02,2.659369849563616413e+02,2.716091825908827104e+02,2.689139640561349438e+02,2.660500960925614322e+02,1.559988564780755842e+05,3.419248190289970957e+00,9.565259818790707413e+00
3.540000000000000000e+03,9.120000000000000000e+03,2.744906717797187525e+02,2.578227346928034649e+02,2.512843128057647561e+02,2.453287864461297545e+02,2.559752503602572915e+02,2.483562617048897607e+02,2.504657930601474618e+02,2.492899563387889259e+02,2.493266951090760699e+02,2.658369753696831026e+02,2.715526082281956519e+02,2.688159991413614875e+02,2.659417035747428599e+02,1.559375734527425084e+05,3.419248190289970957e+00,9.547551877005606258e+00
3.550000000000000000e+03,9.130000000000000000e+03,2.744481653132890528e+02,2.577039507961780487e+02,2.511644171386383562e+02,2.452091226281966385e+02,2.558660868964710460e+02,2.482520825191610641e+02,2.503300913063052917e+02,2.491782699436120083e+02,2.492142106396431132e+02,2.657370885678440118e+02,2.714959581744921024e+02,2.687181190059711184e+02,2.658334195811724499e+02,1.558764665421084210e+05,3.419248190289970957e+00,9.529940402190712589e+00
3.560000000000000000e+03,9.140000000000000000e+03,2.744054652437578170e+02,2.575855729122454818e+02,2.510450117307624396e+02,2.450899557622685165e+02,2.557573510986544818e+02,2.481482081610911905e+02,2.501951923892284526e+02,2.490669698305948145e+02,2.491021086017148320e+02,2.656373257995876997e+02,2.714392333454373443e+02,2.686203249364576209e+02,2.657252459575847752e+02,1.558155347899147018e+05,3.419248190289970957e+00,9.512424553961160711e+00
3.570000000000000000e+03,9.150000000000000000e+03,2.743625733397109343e+02,2.574675988868933700e+02,2.509260932149715302e+02,2.449712822212878507e+02,2.556490400860273269e+02,2.480446378363097040e+02,2.500610870813243309e+02,2.489560542757070891e+02,2.489903873551611753e+02,2.655376882810056145e+02,2.713824346506002598e+02,2.685226181909832803e+02,2.656171845096573065e+02,1.557547772481898428e+05,3.419248190289970957e+00,9.495003502402855844e+00
3.580000000000000000e+03,9.160000000000000000e+03,2.743194913580000502e+02,2.573500265827643716e+02,2.508076582556877554e+02,2.448530984160611581e+02,2.555411510057631688e+02,2.479413707420950743e+02,2.499277663024857929e+02,2.488455215583298923e+02,2.488790452626982415e+02,2.654381771927471618e+02,2.713255629937286244e+02,2.684250000005130232e+02,2.655092370010237346e+02,1.556941929771888535e+05,3.419248190289970957e+00,9.477676427857366193e+00
3.590000000000000000e+03,9.170000000000000000e+03,2.742762210419922440e+02,2.572328538524923260e+02,2.506897035483902130e+02,2.447354007946481147e+02,2.554336810331385550e+02,2.478384060681158871e+02,2.497952211175667969e+02,2.487353699610526689e+02,2.487680806888461689e+02,2.653387936855647808e+02,2.712686192721597536e+02,2.683274715691879919e+02,2.654014051733160500e+02,1.556337810451946571e+05,3.419248190289970957e+00,9.460442520735186989e+00
3.600000000000000000e+03,9.180000000000000000e+03,2.742327641237421858e+02,2.571160785851064361e+02,2.505722258197089900e+02,2.446181858418231059e+02,2.553266273706110780e+02,2.477357429964133360e+02,2.496634427333480346e+02,2.486255977698504012e+02,2.486574920022723632e+02,2.652395388802775642e+02,2.712116043778272001e+02,2.682300340757868184e+02,2.652936907066190884e+02,1.555735405285779270e+05,3.419248190289970957e+00,9.443300981374919800e+00
3.610000000000000000e+03,9.190000000000000000e+03,2.741891223222343115e+02,2.569996986626859439e+02,2.504552218265916110e+02,2.445014500787296470e+02,2.552199872478633722e+02,2.476333807019109088e+02,2.495324224957474826e+02,2.485162032743459690e+02,2.485472775739584108e+02,2.651404138695521624e+02,2.711545191962673016e+02,2.681326886734223081e+02,2.651860952564913418e+02,1.555134705115196994e+05,3.419248190289970957e+00,9.426251019855353519e+00
3.620000000000000000e+03,9.200000000000000000e+03,2.741452973449842716e+02,2.568837119938626756e+02,2.503386883563511276e+02,2.443851900622346989e+02,2.551137579213207118e+02,2.475313183525944964e+02,2.494021518873349521e+02,2.484071847682288023e+02,2.484374357783635219e+02,2.650414197037719077e+02,2.710973646079590935e+02,2.680354364894059245e+02,2.650786204412598863e+02,1.554535700860712386e+05,3.419248190289970957e+00,9.409291855848568531e+00
3.630000000000000000e+03,9.210000000000000000e+03,2.741012908867500073e+02,2.567681164776943206e+02,2.502226222261054147e+02,2.442694023846701441e+02,2.550079366737278690e+02,2.474295551098745705e+02,2.492726225244742295e+02,2.482985405489879724e+02,2.483279649932140671e+02,2.649425574168324715e+02,2.710401414868600227e+02,2.679382786314532723e+02,2.649712678431348536e+02,1.553938383519575000e+05,3.419248190289970957e+00,9.392422718456773012e+00
3.640000000000000000e+03,9.220000000000000000e+03,2.740571046308281211e+02,2.566529100387096491e+02,2.501070202825295326e+02,2.441540836732696960e+02,2.549025208138387200e+02,2.473280901288443658e+02,2.491438261548600792e+02,2.481902689179418360e+02,2.482188635996944299e+02,2.648438280100704105e+02,2.709828507016328558e+02,2.678412161745545177e+02,2.648640390094305985e+02,1.553342744165374315e+05,3.419248190289970957e+00,9.375642846048053869e+00
3.650000000000000000e+03,9.230000000000000000e+03,2.740127402482265211e+02,2.565380906064195301e+02,2.499918794013987622e+02,2.440392305895641414e+02,2.547975076763124775e+02,2.472269225585028209e+02,2.490157546550282177e+02,2.480823681807538321e+02,2.481101299826466402e+02,2.647452324569331381e+02,2.709254931149439471e+02,2.677442501741622891e+02,2.647569354530759824e+02,1.552748773946618312e+05,3.419248190289970957e+00,9.358951486125262065e+00
3.660000000000000000e+03,9.240000000000000000e+03,2.739681993983905386e+02,2.564236562135414488e+02,2.498771964866452038e+02,2.439248398290959869e+02,2.546928946203824751e+02,2.471260515420786703e+02,2.488884000273540380e+02,2.479748366478249295e+02,2.480017625327060387e+02,2.646467717083730236e+02,2.708680695865140819e+02,2.676473815795509950e+02,2.646499586571237046e+02,1.552156464086658962e+05,3.419248190289970957e+00,9.342347895187424811e+00
3.670000000000000000e+03,9.250000000000000000e+03,2.739234837288671542e+02,2.563096046027448551e+02,2.497629684730638644e+02,2.438109081211793523e+02,2.545886790320731450e+02,2.470254762173128142e+02,2.487617543994133484e+02,2.478676726331694340e+02,2.478937596389845339e+02,2.645484466745061241e+02,2.708105809633253784e+02,2.675506115828876545e+02,2.645431100589178186e+02,1.551565805881972192e+05,3.419248190289970957e+00,9.325831338521934910e+00
3.680000000000000000e+03,9.260000000000000000e+03,2.738785948757343931e+02,2.561959338567363602e+02,2.496491923209854065e+02,2.436974322280300100e+02,2.544848583207261186e+02,2.469251957165286342e+02,2.486358100191737890e+02,2.477608744556007991e+02,2.477861196983993750e+02,2.644502582499787877e+02,2.707530280928700677e+02,2.674539410736132936e+02,2.644363910751077924e+02,1.550976790701763239e+05,3.419248190289970957e+00,9.309401090107890298e+00
3.690000000000000000e+03,9.270000000000000000e+03,2.738335344633672435e+02,2.560826419442275892e+02,2.495358650201725936e+02,2.435844089449660430e+02,2.543814299204130123e+02,2.468252091674391977e+02,2.485105592543829971e+02,2.476544404386632721e+02,2.476788411118178601e+02,2.643522073017687148e+02,2.706954118158719780e+02,2.673573710174775329e+02,2.643298030867372290e+02,1.550389409987069084e+05,3.419248190289970957e+00,9.293056432521652255e+00
3.700000000000000000e+03,9.280000000000000000e+03,2.737883041043281196e+02,2.559697268518137889e+02,2.494229835866864846e+02,2.434718350988521252e+02,2.542783912894223874e+02,2.467255156922897186e+02,2.483859945895820829e+02,2.475483689108881435e+02,2.475719222841028682e+02,2.642542946703576945e+02,2.706377329673202325e+02,2.672609023594504833e+02,2.642233474428838917e+02,1.549803655249372823e+05,3.419248190289970957e+00,9.276796656722932966e+00
3.710000000000000000e+03,9.290000000000000000e+03,2.737429054001796658e+02,2.558571865754072405e+02,2.493105450629175266e+02,2.433597075488855239e+02,2.541757399085652196e+02,2.466261144090271102e+02,2.482621086232178129e+02,2.474426582055838821e+02,2.474653616240713063e+02,2.641565211714818702e+02,2.705799923768674375e+02,2.671645360228449704e+02,2.641170254685866325e+02,1.549219518070731719e+05,3.419248190289970957e+00,9.260621061919630748e+00
3.720000000000000000e+03,9.300000000000000000e+03,2.736973399413281527e+02,2.557450191206703209e+02,2.491985465229772387e+02,2.432480231856558817e+02,2.540734732852924651e+02,2.465270044315089706e+02,2.481388940691886091e+02,2.473373066612990101e+02,2.473591575455020006e+02,2.640588875961137774e+02,2.705221908685689982e+02,2.670682729095029799e+02,2.640108384398777730e+02,1.548636990102489362e+05,3.419248190289970957e+00,9.244528955608972254e+00
3.730000000000000000e+03,9.310000000000000000e+03,2.736516093065078508e+02,2.556332225061731265e+02,2.490869850629902089e+02,2.431367789309335876e+02,2.539715889478423776e+02,2.464281848691900620e+02,2.480163437497186294e+02,2.472323126213373143e+02,2.472533084661544933e+02,2.639613947110153163e+02,2.704643292611573315e+02,2.669721139009256490e+02,2.639047876197887490e+02,1.548056063064019836e+05,3.419248190289970957e+00,9.228519653218903329e+00
3.740000000000000000e+03,9.320000000000000000e+03,2.736057150633358788e+02,2.555217947591405903e+02,2.489758578069671557e+02,2.430259717370754800e+02,2.538700844479223520e+02,2.463296548278757996e+02,2.478944505961969185e+02,2.471276744343680889e+02,2.471478128085605306e+02,2.638640432614350289e+02,2.704064083680186172e+02,2.668760598588207245e+02,2.637988742370533828e+02,1.547476728742798732e+05,3.419248190289970957e+00,9.212592478107165306e+00
3.750000000000000000e+03,9.330000000000000000e+03,2.735596587683827465e+02,2.554107339260843332e+02,2.488651619049072110e+02,2.429155985867131733e+02,2.537689573599350297e+02,2.462314134093731752e+02,2.477732076464305067e+02,2.470233904545517021e+02,2.470426689998027143e+02,2.637668339628428953e+02,2.703484289973920909e+02,2.667801116249989946e+02,2.636930994910567847e+02,1.546898978992724442e+05,3.419248190289970957e+00,9.196746761398649994e+00
3.760000000000000000e+03,9.340000000000000000e+03,2.735134419674687933e+02,2.553000380520960562e+02,2.487548945323837302e+02,2.428056564923553253e+02,2.536682052806183094e+02,2.461334597122299215e+02,2.476526080430163859e+02,2.469194590408443446e+02,2.469378754718032098e+02,2.636697675197888771e+02,2.702903919518227553e+02,2.666842700219746121e+02,2.635874645528546694e+02,1.546322805734348076e+05,3.419248190289970957e+00,9.180981841893007811e+00
3.770000000000000000e+03,9.350000000000000000e+03,2.734670661949843407e+02,2.551897052047523857e+02,2.486450528906781869e+02,2.426961424960348381e+02,2.535678258290183749e+02,2.460357928315916922e+02,2.475326450310695918e+02,2.468158785582217263e+02,2.468334306614327147e+02,2.635728446043294753e+02,2.702322980291135650e+02,2.665885358532777900e+02,2.634819705653531514e+02,1.545748200953232008e+05,3.419248190289970957e+00,9.165297065936931276e+00
3.780000000000000000e+03,9.360000000000000000e+03,2.734205329748047006e+02,2.550797334589001082e+02,2.485356342061219550e+02,2.425870536689837991e+02,2.534678166458388944e+02,2.459384118594771280e+02,2.474133119563593368e+02,2.467126473769326651e+02,2.467293330102105813e+02,2.634760658704062735e+02,2.701741480216182936e+02,2.664929099039945868e+02,2.633766186441277455e+02,1.545175156699527288e+05,3.419248190289970957e+00,9.149691787291684975e+00
3.790000000000000000e+03,9.370000000000000000e+03,2.733738438199608822e+02,2.549701209029990423e+02,2.484266357298950822e+02,2.424783871111921485e+02,2.533681753933169603e+02,2.458413158850605669e+02,2.472946022638408010e+02,2.466097638728483901e+02,2.466255809650173205e+02,2.633794319504132773e+02,2.701159427164964200e+02,2.663973929400145835e+02,2.632714098771192539e+02,1.544603665087498957e+05,3.419248190289970957e+00,9.134165367062797358e+00
3.800000000000000000e+03,9.380000000000000000e+03,2.733270002327734574e+02,2.548608656256813845e+02,2.483180547378798053e+02,2.423701399510612760e+02,2.532688997551661316e+02,2.457445039946995280e+02,2.471765094954528479e+02,2.465072264275630687e+02,2.465221729773635104e+02,2.632829434554029717e+02,2.700576828958130591e+02,2.663019857167899431e+02,2.631663453274333051e+02,1.544033718294452992e+05,3.419248190289970957e+00,9.118717173540542120e+00
3.810000000000000000e+03,9.390000000000000000e+03,2.732800037047031765e+02,2.547519657481016395e+02,2.482098885305148883e+02,2.422623093451424268e+02,2.531699874361482614e+02,2.456479752722792682e+02,2.470590272885437457e+02,2.464050334284480357e+02,2.464191075043057992e+02,2.631866009772739403e+02,2.699993693367681544e+02,2.662066889552199314e+02,2.630614260303661354e+02,1.543465308560208941e+05,3.419248190289970957e+00,9.103346582133999831e+00
3.820000000000000000e+03,9.400000000000000000e+03,2.732328557172031083e+02,2.546434193867340809e+02,2.481021344320245987e+02,2.421548924775605940e+02,2.530714361617247903e+02,2.455517287991899025e+02,2.469421493741057816e+02,2.463031832685989855e+02,2.463163830080032426e+02,2.630904050867862338e+02,2.699410028112184818e+02,2.661115033725059789e+02,2.629566529959899981e+02,1.542898428186419478e+05,3.419248190289970957e+00,9.088052975235877184e+00
3.830000000000000000e+03,9.410000000000000000e+03,2.731855577403983943e+02,2.545352246732088872e+02,2.479947897904681895e+02,2.420478865600048834e+02,2.529732436778248825e+02,2.454557636547579591e+02,2.468258695750037646e+02,2.462016743470323661e+02,2.462139979558185985e+02,2.629943563357434186e+02,2.698825840859828418e+02,2.660164296652621942e+02,2.628520272093779226e+02,1.542333069535302930e+05,3.419248190289970957e+00,9.072835742124199854e+00
3.840000000000000000e+03,9.420000000000000000e+03,2.731381112350078411e+02,2.544273797502222862e+02,2.478878519776813789e+02,2.419412888309858261e+02,2.528754077508477280e+02,2.453600789160799138e+02,2.467101818044394292e+02,2.461005050686718221e+02,2.461119508206190005e+02,2.628984552567479227e+02,2.698241139230133854e+02,2.659214685133962917e+02,2.627475496308006200e+02,1.541769225030429370e+05,3.419248190289970957e+00,9.057694278875414895e+00
3.850000000000000000e+03,9.430000000000000000e+03,2.730905176504843439e+02,2.543198827739104217e+02,2.477813183885963895e+02,2.418350965559808969e+02,2.527779261672435211e+02,2.452646736583811560e+02,2.465950800644039020e+02,2.459996738445686617e+02,2.460102400802311706e+02,2.628027023618760154e+02,2.697655930790693333e+02,2.658266205802191280e+02,2.626432211961075041e+02,1.541206887154078286e+05,3.419248190289970957e+00,9.042627988244340997e+00
3.860000000000000000e+03,9.440000000000000000e+03,2.730427784266328217e+02,2.542127319076898004e+02,2.476751864412661632e+02,2.417293070265562847e+02,2.526807967331805571e+02,2.451695469552795146e+02,2.464805584437949619e+02,2.458991790918240667e+02,2.459088642183354523e+02,2.627070981456280947e+02,2.697070223061088541e+02,2.657318865155249341e+02,2.625390428172070187e+02,1.540646048448344518e+05,3.419248190289970957e+00,9.027636279579724032e+00
3.870000000000000000e+03,9.450000000000000000e+03,2.729948949926640580e+02,2.541059253342679085e+02,2.475694535765525472e+02,2.416239175605943217e+02,2.525840172745103303e+02,2.450746978786888519e+02,2.463666111172296951e+02,2.457990192333927553e+02,2.458078217239755361e+02,2.626116430843540570e+02,2.696484023510425914e+02,2.656372669466373964e+02,2.624350153827757026e+02,1.540086701513334701e+05,3.419248190289970957e+00,9.012718568724903179e+00
3.880000000000000000e+03,9.460000000000000000e+03,2.729470597015625231e+02,2.540038205836735585e+02,2.476832468507079454e+02,2.415714245587174673e+02,2.531178215745042905e+02,2.465924111570117248e+02,2.462656301777228975e+02,2.457749926596233649e+02,2.457829118550209273e+02,2.625189632223718945e+02,2.695923103706504662e+02,2.655456151359392720e+02,2.623337641399903077e+02,1.540871955504758807e+05,1.692568239730534785e+01,9.073143618879710104e+00
3.890000000000000000e+03,9.470000000000000000e+03,2.728993297603047381e+02,2.539087210150966882e+02,2.478589103289876050e+02,2.415309553191947884e+02,2.535941706283431358e+02,2.479912800965319661e+02,2.461719230870857871e+02,2.457649499123200201e+02,2.457719854176530134e+02,2.624285945274984897e+02,2.695381585422114767e+02,2.654564352684123492e+02,2.622348258105378136e+02,1.541645476076586638e+05,1.685435885119501620e+01,9.119153827944286306e+00
3.900000000000000000e+03,9.480000000000000000e+03,2.728517292723749392e+02,2.538215762622875786e+02,2.480512654787855809e+02,2.415000360008353368e+02,2.540371002436540948e+02,2.493306579392752838e+02,2.460830056769664509e+02,2.457640300424505142e+02,2.457701813359742289e+02,2.623403299832349376e+02,2.694856582327068963e+02,2.653694808263638834e+02,2.621379946524289721e+02,1.542407470231845218e+05,1.678133186054681758e+01,9.161390897313211212e+00
3.910000000000000000e+03,9.490000000000000000e+03,2.728042730812500167e+02,2.537426340915149012e+02,2.482470686087231400e+02,2.414769015972696593e+02,2.544543692898836014e+02,2.506308515813875886e+02,2.459977552038677118e+02,2.457697577526002419e+02,2.457750240716884775e+02,2.622540686819362463e+02,2.694346604248477774e+02,2.652846281998645850e+02,2.620431712248548024e+02,1.543157882321139332e+05,1.670661068449017606e+01,9.202490360640831923e+00
3.920000000000000000e+03,9.500000000000000000e+03,2.727569730227890545e+02,2.536718043961256512e+02,2.484422513115621314e+02,2.414603100654954630e+02,2.548488008253035559e+02,2.518999233737844179e+02,2.459156217652327427e+02,2.457807267666961195e+02,2.457851071423629890e+02,2.621697529277981857e+02,2.693850756425620716e+02,2.652018070402142484e+02,2.619502993710102032e+02,1.543896590843396261e+05,1.663020479696112730e+01,9.243120141795929001e+00
3.930000000000000000e+03,9.510000000000000000e+03,2.727098397529296676e+02,2.536088386167458566e+02,2.486354950240790913e+02,2.414493637817700176e+02,2.552216340189217760e+02,2.531417009506167233e+02,2.458363083617938116e+02,2.457960413668481010e+02,2.457995347074482879e+02,2.620873456907491459e+02,2.693368427561597400e+02,2.651209725339673469e+02,2.618593436335208366e+02,1.544623458767255943e+05,1.655212388550114966e+01,9.283445217984656495e+00
3.940000000000000000e+03,9.520000000000000000e+03,2.726628833253749917e+02,2.535534158183773457e+02,2.488263413438972691e+02,2.414433925945331225e+02,2.555735668967169261e+02,2.543583443214444912e+02,2.457596346442124968e+02,2.458150727155807260e+02,2.458176778885240310e+02,2.620068208724565011e+02,2.692899156840500154e+02,2.650420934091118284e+02,2.617702795061466077e+02,1.545338347049847071e+05,1.647237785002887378e+01,9.323495598390284300e+00
3.950000000000000000e+03,9.530000000000000000e+03,2.726161133790077429e+02,2.535051849586637047e+02,2.490146110600579163e+02,2.414418801459424344e+02,2.559050998373077732e+02,2.555512518814968814e+02,2.456854754106544476e+02,2.458373449543843492e+02,2.458390608497144285e+02,2.619281582435471591e+02,2.692442569055074273e+02,2.649651456079241711e+02,2.616830883709085356e+02,1.546041118449925561e+05,1.639097680158482007e+01,9.363263381365763749e+00
3.960000000000000000e+03,9.540000000000000000e+03,2.725695391923515558e+02,2.534637856049325819e+02,2.492002179365627796e+02,2.414444166030401107e+02,2.562166551844632636e+02,2.567214201939798386e+02,2.456137314182562079e+02,2.458624776859741701e+02,2.458633032697566989e+02,2.618513404785551870e+02,2.691998338346901392e+02,2.648901092098943195e+02,2.615977545201960197e+02,1.546731638632942340e+05,1.630793106104947654e+01,9.402729819456181914e+00
3.970000000000000000e+03,9.550000000000000000e+03,2.725231696912969142e+02,2.534288593105442828e+02,2.493831069665475013e+02,2.414506675386892027e+02,2.565086209596527169e+02,2.578696067260109430e+02,2.455443150851906182e+02,2.458901546137373657e+02,2.458900889390472457e+02,2.617763513449127686e+02,2.691566166606875754e+02,2.648169660318611704e+02,2.615142633467455084e+02,1.547409776478800632e+05,1.622325115783466742e+01,9.441873295253291332e+00
3.980000000000000000e+03,9.560000000000000000e+03,2.724770134415234679e+02,2.534000554846627722e+02,2.495632335951995344e+02,2.414603529738380416e+02,2.567813672664059368e+02,2.589964132946035988e+02,2.454771434708222841e+02,2.459201051180235993e+02,2.459191473932845327e+02,2.617031745761833577e+02,2.691145769964495003e+02,2.647456983406063955e+02,2.614326002208275668e+02,1.548075404144306085e+05,1.613694782854855347e+01,9.480671775372560006e+00
3.990000000000000000e+03,9.570000000000000000e+03,2.724310786375000362e+02,2.533770345221641946e+02,2.497405566562459569e+02,2.414732329892938765e+02,2.570352528718356098e+02,2.601023337334526104e+02,2.454121349205067588e+02,2.459520927209200352e+02,2.459502422817671743e+02,2.616317932051889557e+02,2.690736870518097135e+02,2.646762880462453040e+02,2.613527498137802922e+02,1.548728397048660263e+05,1.604903201563428894e+01,9.519103581159180649e+00
4.000000000000000000e+03,9.580000000000000000e+03,2.723853730900781898e+02,2.533594694718990752e+02,2.499150362665887144e+02,2.414890976865097230e+02,2.572706275000755340e+02,2.611877835207180851e+02,2.453492076349841682e+02,2.459859073956229736e+02,2.459831637259013633e+02,2.615621891785000344e+02,2.690339191385657500e+02,2.646087161431398158e+02,2.612746957129532461e+02,1.549368633835530782e+05,1.595951486598266911e+01,9.557147616468339990e+00
4.010000000000000000e+03,9.590000000000000000e+03,2.723399042166562936e+02,2.533470466810271375e+02,2.500866332568076587e+02,2.415077600699338234e+02,2.574878327851131985e+02,2.622531194057810353e+02,2.452882792200738891e+02,2.460213601945377206e+02,2.460177229331590354e+02,2.614943431598676966e+02,2.689952453919551658e+02,2.645429624594450502e+02,2.611984202211293677e+02,1.549995996328901965e+05,1.586840772951878442e+01,9.594783421304333260e+00
4.020000000000000000e+03,9.600000000000000000e+03,2.722946790329219198e+02,2.533394659351719156e+02,2.502553091584528318e+02,2.415290509330052942e+02,2.576872025967638251e+02,2.632986530215508765e+02,2.452292667268642674e+02,2.460582793401096637e+02,2.460537482836383560e+02,2.614282344525502140e+02,2.689576376336253816e+02,2.644790055096929677e+02,2.611239042778562407e+02,1.550610369491295423e+05,1.577572215776298314e+01,9.631991168569383532e+00
4.030000000000000000e+03,9.610000000000000000e+03,2.722497041471484636e+02,2.533364402414736389e+02,2.504210263228843303e+02,2.415528151292380699e+02,2.578690631820027193e+02,2.643246606672024086e+02,2.451720869117850725e+02,2.460965072838589833e+02,2.460910823890483243e+02,2.613638410002800470e+02,2.689210673223980166e+02,2.644168224441394273e+02,2.610511274477127017e+02,1.551211641375790059e+05,1.568146990236619231e+01,9.668751644469230300e+00
4.040000000000000000e+03,9.620000000000000000e+03,2.722049857586796406e+02,2.533376954122458073e+02,2.505837480437223519e+02,2.415789088207895645e+02,2.580337332392350049e+02,2.653313905512015367e+02,2.451166565936416930e+02,2.461358984408178401e+02,2.461295798245651270e+02,2.613011394276966826e+02,2.688855055679973702e+02,2.643563890869498891e+02,2.609800679946956166e+02,1.551799703109720140e+05,1.558566291361998957e+01,9.705046226533781351e+00
4.050000000000000000e+03,9.630000000000000000e+03,2.721605296513906183e+02,2.533429695432988069e+02,2.507434386602843119e+02,2.416071974203489390e+02,2.581815240179741409e+02,2.663190682482868397e+02,2.450628929832177505e+02,2.461763174105409178e+02,2.461691053504625302e+02,2.612401051164029013e+02,2.688509231633616423e+02,2.642976799521642306e+02,2.609107029019150445e+02,1.552374448823719285e+05,1.548831333894138318e+01,9.740856862636023905e+00
4.060000000000000000e+03,9.640000000000000000e+03,2.721163411961328507e+02,2.533520124269336407e+02,2.509000636180164179e+02,2.416375540355159046e+02,2.583127394338192744e+02,2.672879009026650010e+02,2.450107140152411773e+02,2.462176375562291923e+02,2.462095324895003614e+02,2.611807122868632973e+02,2.688172906390902881e+02,2.642406683393248272e+02,2.608430079881074448e+02,1.552935775637716288e+05,1.538943352133262010e+01,9.776166053080601159e+00
4.070000000000000000e+03,9.650000000000000000e+03,2.720724253513437247e+02,2.533645849363721538e+02,2.510535895039274408e+02,2.416698582795154380e+02,2.584276762135726244e+02,2.682380805083273572e+02,2.449600386186074275e+02,2.462597398574284568e+02,2.462507423798789716e+02,2.611229340901764431e+02,2.687845783365277157e+02,2.641853264095570921e+02,2.607769579865114338e+02,1.553483583622250007e+05,1.528903599781624933e+01,9.810956835189083236e+00
4.080000000000000000e+03,9.660000000000000000e+03,2.720287866644844144e+02,2.533804584263141066e+02,2.512039840576550205e+02,2.417039953502454921e+02,2.585266240620237568e+02,2.691697865083402803e+02,2.449107869396203228e+02,2.463025119736587385e+02,2.462926228384150704e+02,2.610667426989957676e+02,2.687527564670850779e+02,2.641316252716061967e+02,2.607125266353562552e+02,1.554017775764150138e+05,1.518713349784551880e+01,9.845212770342993025e+00
4.090000000000000000e+03,9.670000000000000000e+03,2.719854292752734750e+02,2.533994141410220493e+02,2.513512161680920940e+02,2.417398553104900145e+02,2.586098658442047054e+02,2.700831878739362537e+02,2.448628805184769419e+02,2.463458474737747963e+02,2.463350675896261635e+02,2.610121093981111926e+02,2.687217951781166789e+02,2.640795350682557796e+02,2.606496867651165417e+02,1.554538257935204601e+05,1.508373894169041840e+01,9.878917933034628618e+00
4.100000000000000000e+03,9.680000000000000000e+03,2.719423569198359019e+02,2.534212426476224778e+02,2.514952558584405153e+02,2.417773325189611171e+02,2.586776777784382944e+02,2.709784447878475930e+02,2.448162424230687577e+02,2.463896451955659188e+02,2.463779756254143081e+02,2.609590046680974638e+02,2.686916646156836350e+02,2.640290250597138311e+02,2.605884103816025572e+02,1.555044938860140974e+05,1.497886543879947929e+01,9.912056901679100918e+00
4.110000000000000000e+03,9.690000000000000000e+03,2.718995729348202417e+02,2.534457433273665856e+02,2.516360742645045150e+02,2.418163251748608502e+02,2.587303296348569006e+02,2.718557100194090026e+02,2.447707973457912658e+02,2.464338087118394185e+02,2.464212506699864207e+02,2.609073982671463341e+02,2.686623349585529468e+02,2.639800637036138369e+02,2.605286687443162918e+02,1.555537730085826770e+05,1.487252628613766348e+01,9.944614750885513388e+00
4.120000000000000000e+03,9.700000000000000000e+03,2.718570802635625228e+02,2.534727238332106651e+02,2.517736436085125433e+02,2.418567349501350350e+02,2.587680849354348993e+02,2.727151300584112619e+02,2.447264716698784639e+02,2.464782458788769475e+02,2.464648007295443790e+02,2.608572593039779122e+02,2.686337765011598435e+02,2.639326187295021100e+02,2.604704324397934556e+02,1.556016545951251755e+05,1.476473496650041994e+01,9.976577044959972440e+00
4.130000000000000000e+03,9.710000000000000000e+03,2.718148814609452870e+02,2.535019996536598796e+02,2.519079371705938399e+02,2.418984666876020242e+02,2.587912011533019268e+02,2.735568460564686006e+02,2.446831935100745739e+02,2.465228684555873997e+02,2.465085377102603843e+02,2.608085563088376944e+02,2.686059596716410738e+02,2.638866572093529044e+02,2.604136714492966576e+02,1.556481303556997736e+05,1.465550514680418104e+01,1.000792983245025880e+01
4.140000000000000000e+03,9.720000000000000000e+03,2.717729787005234243e+02,2.535333936657236507e+02,2.520389292595235418e+02,2.419414281517925076e+02,2.587999299090474778e+02,2.743809946149634698e+02,2.446408927325395553e+02,2.465675917774436527e+02,2.465523770926236011e+02,2.607612572970314773e+02,2.685788550757351345e+02,2.638421456252656299e+02,2.603583552116754731e+02,1.556931922735881817e+05,1.454485067635352458e+01,1.003865964150508638e+01
4.150000000000000000e+03,9.730000000000000000e+03,2.717313737805546339e+02,2.535667357383620413e+02,2.521665951830736105e+02,2.419855298193972715e+02,2.587945171620535234e+02,2.751877084489761955e+02,2.445995009589350389e+02,2.466123344771855557e+02,2.465962376518798180e+02,2.607153298287356620e+02,2.685524335313388633e+02,2.637990499216666649e+02,2.603044526818267741e+02,1.557368326023106056e+05,1.443278558508524156e+01,1.006875347600110260e+01
4.160000000000000000e+03,9.740000000000000000e+03,2.716900681332109571e+02,2.536018623471512115e+02,2.522909112194850820e+02,2.420306847017378971e+02,2.587752033975699533e+02,2.759771169494563310e+02,2.445589515569003538e+02,2.466570182430938303e+02,2.466400412160453186e+02,2.606707410617094638e+02,2.685266660912252519e+02,2.637573355743254524e+02,2.602519323821643411e+02,1.557790438627267431e+05,1.431932408178946581e+01,1.009819881223803328e+01
4.170000000000000000e+03,9.750000000000000000e+03,2.716490628254375110e+02,2.536386162279586927e+02,2.524118545892106908e+02,2.420768081929012681e+02,2.587422238065737474e+02,2.767493466628678789e+02,2.445191796211563542e+02,2.467015676087168288e+02,2.466837124557991672e+02,2.606274578053053119e+02,2.685015240842376443e+02,2.637169676354091621e+02,2.602007624533558783e+02,1.558198188401323278e+05,1.420448055230808571e+01,1.012698359609266063e+01
4.180000000000000000e+03,9.760000000000000000e+03,2.716083585756484808e+02,2.536768460563347105e+02,2.525294034282810287e+02,2.421238179367257430e+02,2.586958084606183661e+02,2.775045217001268156e+02,2.444801219464155793e+02,2.467459097688139877e+02,2.467271787003029999e+02,2.605854465639033606e+02,2.684769791119912270e+02,2.636779107834412343e+02,2.601509107005883834e+02,1.558591505812302639e+05,1.408826955771082901e+01,1.015509624054757154e+01
4.190000000000000000e+03,9.770000000000000000e+03,2.715679557562265813e+02,2.537164061452745329e+02,2.526435367629486279e+02,2.421716337116041302e+02,2.586361824799806755e+02,2.782427640907720274e+02,2.444417169949327615e+02,2.467899744180003836e+02,2.467703697755970325e+02,2.605446735801141926e+02,2.684530030831479053e+02,2.636401293669997585e+02,2.601023446330008255e+02,1.558970323913464963e+05,1.397070583244901698e+01,1.018252562356803281e+01
4.200000000000000000e+03,9.780000000000000000e+03,2.715278578244687537e+02,2.537573289990381511e+02,2.527581059767625220e+02,2.422351569862750864e+02,2.585824170534041286e+02,2.789662295329940775e+02,2.444059466235017624e+02,2.468361989052950491e+02,2.468157231724083545e+02,2.605051560784517619e+02,2.684296145474003765e+02,2.636036387208289398e+02,2.600550826836663418e+02,1.559358609810166527e+05,1.409353710615978450e+01,1.021067895853036944e+01
4.210000000000000000e+03,9.790000000000000000e+03,2.714880698233280896e+02,2.537996807621868811e+02,2.528752685938293041e+02,2.423171802863581945e+02,2.585382896232352437e+02,2.796759044485760342e+02,2.443736286344186794e+02,2.468853232170563103e+02,2.468639790225341812e+02,2.604669170205343676e+02,2.684068357796584792e+02,2.635684603373815094e+02,2.600091489938690188e+02,1.559762801673446083e+05,1.428157472870288025e+01,1.023965691732367844e+01
4.220000000000000000e+03,9.800000000000000000e+03,2.714485971157187123e+02,2.538435229416744505e+02,2.529956306452862123e+02,2.424166551798212481e+02,2.585027321816106678e+02,2.803721888086267882e+02,2.443449977809785594e+02,2.469374101453986725e+02,2.469152002603755705e+02,2.604299727621869920e+02,2.683846816583831583e+02,2.635346089249549095e+02,2.599645610803087266e+02,1.560182695586998016e+05,1.446823511132012463e+01,1.026929679787392935e+01
4.230000000000000000e+03,9.810000000000000000e+03,2.714094450609921978e+02,2.538889173241022092e+02,2.531193476956429720e+02,2.425329283584632094e+02,2.584751732819080416e+02,2.810553904622203163e+02,2.443201998891808557e+02,2.469924992567884203e+02,2.469694265875827739e+02,2.603943362370536079e+02,2.683631630724292449e+02,2.635020952958788030e+02,2.599213330259885879e+02,1.560618090880326345e+05,1.465349458724634069e+01,1.029954247640601395e+01
4.240000000000000000e+03,9.820000000000000000e+03,2.713706189238984052e+02,2.539359248189067273e+02,2.532464396054376721e+02,2.426654996813915659e+02,2.584552309226979787e+02,2.817257626787639424e+02,2.442993291546402190e+02,2.470506126232464226e+02,2.470266802071940333e+02,2.603600184400966668e+02,2.683422886154593243e+02,2.634709278921059195e+02,2.598794769616798135e+02,1.561068787419977016e+05,1.483732966733800396e+01,1.033036508874227799e+01
4.250000000000000000e+03,9.830000000000000000e+03,2.713321238510312696e+02,2.539846039199739778e+02,2.533768831050493304e+02,2.428139406002570411e+02,2.584426092235876808e+02,2.823835234778857171e+02,2.442824472283259638e+02,2.471117601488431603e+02,2.470869711411701530e+02,2.603270291166367087e+02,2.683220654339659745e+02,2.634411135690720585e+02,2.598390037583486105e+02,1.561534584859296738e+05,1.501971704305151434e+01,1.036174346685685244e+01
4.260000000000000000e+03,9.840000000000000000e+03,2.712939648622499931e+02,2.540350097091608745e+02,2.535106403032600326e+02,2.429778630528415704e+02,2.584370592231159094e+02,2.830288663477941213e+02,2.442695937311280545e+02,2.471759431700810694e+02,2.471503008454641304e+02,2.602953771385176651e+02,2.683024996837783647e+02,2.634126580490215019e+02,2.597999234007546079e+02,1.562015282396030962e+05,1.520063358939839304e+01,1.039365903514974931e+01
4.270000000000000000e+03,9.850000000000000000e+03,2.712561468524140764e+02,2.540871933276423817e+02,2.536476678486214382e+02,2.431569056272629723e+02,2.584383617468378702e+02,2.836619667462531424e+02,2.442607925595528684e+02,2.472431567704890938e+02,2.472166645178074873e+02,2.602650707194878237e+02,2.682835968006781968e+02,2.633855661875652459e+02,2.597622452032731530e+02,1.562510678675098461e+05,1.538005636787738517e+01,1.042609438716375614e+01
4.280000000000000000e+03,9.860000000000000000e+03,2.712186745935781005e+02,2.541412017517795334e+02,2.537879200287005403e+02,2.433507263206918765e+02,2.584463186141060760e+02,2.842829863541661553e+02,2.442560559673165983e+02,2.473133912842706366e+02,2.472860526036212434e+02,2.602361175481524924e+02,2.682653616656105555e+02,2.633598421436651051e+02,2.597259779447468873e+02,1.563020571733112738e+05,1.555796262938285679e+01,1.045903285447895037e+01
4.290000000000000000e+03,9.870000000000000000e+03,2.711815527391250384e+02,2.541970777516623627e+02,2.539313498644673359e+02,2.435589981700463227e+02,2.584607474801534295e+02,2.848920760242041865e+02,2.442553873592196112e+02,2.473866333076063881e+02,2.473584518083637533e+02,2.602085248718718162e+02,2.682477987095927574e+02,2.633354894888114472e+02,2.596911299493511365e+02,1.563544758958775783e+05,1.573432981708909040e+01,1.049245836110653940e+01
4.300000000000000000e+03,9.880000000000000000e+03,2.711447858374921793e+02,2.542548598920247684e+02,2.540779095173892017e+02,2.437814063275370700e+02,2.584814784722411787e+02,2.854893779071207973e+02,2.442587832800776937e+02,2.474628664056984064e+02,2.474338458058703907e+02,2.601822995425265503e+02,2.682309120170154983e+02,2.633125112765829385e+02,2.596577091371333950e+02,1.564083037058595219e+05,1.590913556931034556e+01,1.052635536516688575e+01
4.310000000000000000e+03,9.890000000000000000e+03,2.711083782968046876e+02,2.543145829661957009e+02,2.542275504599854514e+02,2.440176459480557867e+02,2.585083518315126980e+02,2.860750270319884407e+02,2.442662348685284428e+02,2.475420716343509753e+02,2.475122157564090628e+02,2.601574480603620714e+02,2.682147051948614376e+02,2.632909100968247458e+02,2.596257230563830944e+02,1.564635202026983898e+05,1.608235772233606653e+01,1.056070882910425190e+01
4.320000000000000000e+03,9.900000000000000000e+03,2.710723344368281573e+02,2.543762776970077937e+02,2.543802235537312129e+02,2.442674206043811864e+02,2.585412161770729540e+02,2.866491525006062489e+02,2.442777289398501637e+02,2.476242279215562405e+02,2.475935406934467267e+02,2.601339765712949088e+02,2.681991816853712294e+02,2.632706880969329291e+02,2.595951788973940779e+02,1.565201049116678478e+05,1.625397431324108410e+01,1.059550419916465636e+01
4.330000000000000000e+03,9.910000000000000000e+03,2.710366584686094029e+02,2.544399712478646904e+02,2.545358790947144598e+02,2.445304410579100249e+02,2.585799271863758122e+02,2.872118784061585188e+02,2.442932488043583987e+02,2.477093123693246071e+02,2.476777978237767286e+02,2.601118908870210475e+02,2.681843445689397640e+02,2.632518470075511914e+02,2.595660835019718888e+02,1.565780372813588474e+05,1.642396358267023260e+01,1.063072738863794520e+01
4.340000000000000000e+03,9.920000000000000000e+03,2.710013544985469025e+02,2.545056873323695754e+02,2.546944668510985821e+02,2.448064242751297570e+02,2.586243465681180851e+02,2.877633245493987602e+02,2.443127748917202098e+02,2.477973004909127610e+02,2.477649627643357917e+02,2.600911964867412962e+02,2.681701966378840325e+02,2.632343881567844619e+02,2.595384433652916982e+02,1.566372966811867664e+05,1.659230397759726827e+01,1.066636476218345031e+01
4.350000000000000000e+03,9.930000000000000000e+03,2.709664265315312832e+02,2.545734464074560606e+02,2.548559360895605153e+02,2.450950926421049303e+02,2.586743412473763328e+02,2.883036070001306825e+02,2.443362852320324237e+02,2.478881664001883678e+02,2.478550097315101937e+02,2.600718985175697071e+02,2.681567404032451805e+02,2.632183124805247871e+02,2.595122646412065706e+02,1.566978623991271306e+05,1.675897415405761848e+01,1.070240312078808387e+01
4.360000000000000000e+03,9.940000000000000000e+03,2.709318784729687764e+02,2.546432658573702383e+02,2.550202356040454390e+02,2.453961733181262730e+02,2.587297827121634555e+02,2.888328385447133542e+02,2.443637558296906320e+02,2.479818829651468945e+02,2.479479116950258515e+02,2.600540017938568553e+02,2.681439781013747279e+02,2.632036205315128541e+02,2.594875531372415480e+02,1.567597136395598645e+05,1.692395297985454405e+01,1.073882968696127804e+01
4.370000000000000000e+03,9.950000000000000000e+03,2.708977141314921937e+02,2.547151601738623015e+02,2.551873137399607856e+02,2.457093977033115664e+02,2.587905464800707591e+02,2.893511290427618405e+02,2.443951609555184632e+02,2.480784219350661886e+02,2.480436405053641806e+02,2.600375107957165710e+02,2.681319116998204208e+02,2.631903124858578735e+02,2.594643143145418662e+02,1.568228295214310056e+05,1.708721953723850362e+01,1.077563209015202439e+01
4.380000000000000000e+03,9.960000000000000000e+03,2.708639372212109038e+02,2.547891411346426196e+02,2.553571184187509573e+02,2.460345009918858352e+02,2.588565116602320586e+02,2.898585857161107810e+02,2.444304733772747511e+02,2.481777540448131845e+02,2.481421669980028071e+02,2.600224296682025624e+02,2.681205428918543134e+02,2.631783881515559074e+02,2.594425532866063691e+02,1.568871890764751297e+05,1.724875312555934670e+01,1.081279835225452324e+01
4.390000000000000000e+03,9.970000000000000000e+03,2.708305513636562409e+02,2.548652179397210489e+02,2.555295971599507254e+02,2.463712217967935771e+02,2.589275605885259779e+02,2.903553133822455834e+02,2.444696645416073011e+02,2.482798491028295871e+02,2.482434610812239839e+02,2.600087622190490606e+02,2.681098731233846024e+02,2.631678469740498940e+02,2.594222748178560778e+02,1.569527712475858571e+05,1.740853326389100175e+01,1.085031687322524618e+01
4.400000000000000000e+03,9.980000000000000000e+03,2.707975600891562635e+02,2.549433973915319029e+02,2.557046971034767466e+02,2.467193018297805054e+02,2.590035785210852737e+02,2.908414146468600165e+02,2.445127047205598387e+02,2.483846760656130925e+02,2.483474918102318725e+02,2.599965119200367099e+02,2.680999035669237855e+02,2.631586880460687325e+02,2.594034833234592838e+02,1.570195548874361848e+05,1.756653969362814394e+01,1.088817641690780036e+01
4.410000000000000000e+03,9.990000000000000000e+03,2.707649668395937397e+02,2.550236838810264146e+02,2.558823650779771981e+02,2.470784856276360131e+02,2.590844533885390888e+02,2.913169900989252596e+02,2.445595631286822424e+02,2.484922031000425591e+02,2.484542274019410399e+02,2.599856819037534024e+02,2.680906351619334487e+02,2.631509101063974185e+02,2.593861828607389839e+02,1.570875187572588329e+05,1.772275238105492789e+01,1.092636609730294239e+01
4.420000000000000000e+03,1.000000000000000000e+04,2.707327749698516186e+02,2.551060800198252139e+02,2.560625474163706485e+02,2.474485203139241776e+02,2.591700755240032095e+02,2.917821382845520475e+02,2.446102080180853307e+02,2.486023976361728955e+02,2.485636354973903508e+02,2.599762749668852848e+02,2.680820685984590455e+02,2.631445115657018619e+02,2.593703771591800660e+02,1.571566415256690525e+05,1.787715151988495421e+01,1.096487536330312373e+01
4.430000000000000000e+03,1.001000000000000000e+04,2.707009877494375019e+02,2.551905860288275392e+02,2.562451902979411784e+02,2.478291553943955421e+02,2.592603375352619537e+02,2.922369560564445692e+02,2.446646067568878209e+02,2.487152264178383803e+02,2.486756828710795730e+02,2.599682935697718449e+02,2.680742043289899357e+02,2.631394904967760908e+02,2.593560695801397742e+02,1.572269017678550154e+05,1.802971753377264008e+01,1.100369398586998848e+01
4.440000000000000000e+03,1.002000000000000000e+04,2.706696083645156250e+02,2.552772003309218860e+02,2.564302395366194673e+02,2.482201425767317744e+02,2.593551341067444582e+02,2.926815385062803898e+02,2.447227258934678105e+02,2.488306555404190874e+02,2.487903357071781443e+02,2.599617398371462968e+02,2.680670425765034111e+02,2.631358446516381946e+02,2.593432631415773812e+02,1.572982779647762654e+05,1.818043107879519127e+01,1.104281204421366880e+01
4.450000000000000000e+03,1.003000000000000000e+04,2.706386399207890463e+02,2.553659195455377926e+02,2.566176406565488151e+02,2.486212356111153099e+02,2.594543618513765750e+02,2.931159790743026292e+02,2.447845312100025126e+02,2.489486504833362517e+02,2.489075595911397158e+02,2.599566155602155959e+02,2.680605833340345612e+02,2.631335714649189299e+02,2.593319605157857382e+02,1.573707485025430506e+05,1.832927304590532103e+01,1.108221991190382560e+01
4.460000000000000000e+03,1.004000000000000000e+04,2.706080854405703349e+02,2.554567385674388333e+02,2.568073389066025243e+02,2.490321901507802238e+02,2.595579191927027978e+02,2.935403696177393158e+02,2.448499877676441940e+02,2.490691761501710744e+02,2.490273195199800114e+02,2.599529221980448597e+02,2.680548263884431321e+02,2.631326680730658722e+02,2.593221640305257552e+02,1.574442916720196081e+05,1.847622456335406227e+01,1.112190824329684702e+01
4.470000000000000000e+03,1.005000000000000000e+04,2.705779478701562084e+02,2.555496506697909354e+02,2.569992792832333635e+02,2.494527636289575412e+02,2.596657062365507613e+02,2.939548004687039793e+02,2.449190599456711652e+02,2.491921968895090060e+02,2.491495799367533266e+02,2.599506608806103714e+02,2.680497713103205797e+02,2.631331313125795646e+02,2.593138756716273861e+02,1.575188856685271312e+05,1.862126699908350602e+01,1.116186795984052971e+01
4.480000000000000000e+03,1.006000000000000000e+04,2.705482300791483681e+02,2.556446475855257177e+02,2.571934065290606100e+02,2.498827151455916749e+02,2.597776246762654182e+02,2.943593604725349451e+02,2.449917114743592492e+02,2.493176765455009161e+02,2.492743047557615910e+02,2.599498324107847225e+02,2.680454174689880347e+02,2.631349577312775523e+02,2.593070970845956822e+02,1.575945085917635588e+05,1.876438196308918549e+01,1.120209023699261586e+01
4.490000000000000000e+03,1.007000000000000000e+04,2.705189348612343565e+02,2.557417195813704893e+02,2.573896651870595065e+02,2.503218053741284166e+02,2.598935776995487572e+02,2.947541370624955448e+02,2.450679054637962793e+02,2.494455783853343291e+02,2.494014573882163006e+02,2.599504372668842507e+02,2.680417640381537581e+02,2.631381436017299507e+02,2.593018295779054938e+02,1.576711384457638778e+05,1.890555130975177178e+01,1.124256649005372566e+01
4.500000000000000000e+03,1.008000000000000000e+04,2.704900649365625327e+02,2.558408555221936638e+02,2.575879995470100994e+02,2.507697964773345234e+02,2.600134698993164761e+02,2.951392162333396527e+02,2.451476044315418505e+02,2.495758652735482883e+02,2.495310007616781718e+02,2.599524756053543229e+02,2.680388100103613738e+02,2.631426849258733682e+02,2.592980741253417705e+02,1.577487531391708762e+05,1.904475714013777576e+01,1.128328836221538900e+01
4.510000000000000000e+03,1.009000000000000000e+04,2.704616229531562226e+02,2.559420429732115849e+02,2.577883537169641954e+02,2.512264519973394954e+02,2.601372072033645964e+02,2.955146826298059750e+02,2.452307703202467906e+02,2.497084995784114767e+02,2.496628973422724584e+02,2.599559472651316696e+02,2.680365541788493715e+02,2.631485774461642677e+02,2.592958313694416006e+02,1.578273304855688475e+05,1.918198180426889721e+01,1.132424771060918189e+01
4.520000000000000000e+03,1.010000000000000000e+04,2.704336114877812065e+02,2.560452682197321792e+02,2.579906715985399615e+02,2.516915368405327627e+02,2.602646968012829802e+02,2.958806195394924998e+02,2.453173645222508696e+02,2.498434432283955857e+02,2.497971091443669991e+02,2.599608517703913435e+02,2.680349951800853319e+02,2.631558166519388351e+02,2.592951016238440047e+02,1.579068482039522496e+05,1.931720790335992533e+01,1.136543659352112101e+01
4.530000000000000000e+03,1.011000000000000000e+04,2.704060330479766208e+02,2.561505163448135249e+02,2.581948969249450556e+02,2.521648171741068438e+02,2.603958470822270215e+02,2.962371089304776319e+02,2.454073478980569405e+02,2.499806577195426200e+02,2.499335977561944446e+02,2.599671883234567531e+02,2.680341314767595691e+02,2.631643977891400255e+02,2.592958848759672037e+02,1.579872839193917462e+05,1.945041829202473949e+01,1.140684725742306860e+01
4.540000000000000000e+03,1.012000000000000000e+04,2.703788900732187130e+02,2.562577712929224845e+02,2.584009732525080381e+02,2.526460603845312676e+02,2.605305675727494190e+02,2.965842314630995702e+02,2.455006807925737746e+02,2.501201041374111753e+02,2.500723243523574979e+02,2.599749558314583169e+02,2.680339613724935361e+02,2.631743158676440544e+02,2.592981807904731681e+02,1.580686151638576412e+05,1.958159608045017919e+01,1.144847212407994874e+01
4.550000000000000000e+03,1.013000000000000000e+04,2.703521849362343801e+02,2.563670159189840092e+02,2.586088439844712639e+02,2.531350350237696034e+02,2.606687688866418284e+02,2.969220665151025287e+02,2.455973230518783339e+02,2.502617431690098044e+02,2.502132497090948675e+02,2.599841528865345595e+02,2.680344830078053064e+02,2.631855656710177982e+02,2.593019887124971206e+02,1.581508193771794904e+05,1.971072463653749551e+01,1.149030377801430802e+01
4.560000000000000000e+03,1.014000000000000000e+04,2.703259199437031270e+02,2.564782320286233812e+02,2.588184523697963186e+02,2.536315107854416055e+02,2.608103626705501483e+02,2.972506921906262392e+02,2.456972340362607383e+02,2.504055351184003371e+02,2.503563342181197982e+02,2.599947777779099169e+02,2.680356943814943520e+02,2.631981417606052105e+02,2.593073076693070220e+02,1.582338739080412779e+05,1.983778758801114961e+01,1.153233495412419174e+01
4.570000000000000000e+03,1.015000000000000000e+04,2.703000973386016312e+02,2.565914004367841699e+02,2.590297415247771369e+02,2.541352584377461312e+02,2.609552615629298771e+02,2.975701853406599184e+02,2.458003726355645426e+02,2.505514399196547402e+02,2.505015379007717513e+02,2.600068284945914456e+02,2.680375933460094870e+02,2.632120384855980433e+02,2.593141363747693617e+02,1.583177560153862578e+05,1.996276882449468459e+01,1.157455852494532600e+01
4.580000000000000000e+03,1.016000000000000000e+04,2.702747193008124782e+02,2.567065009834115017e+02,2.592426544434320022e+02,2.546460498134655950e+02,2.611033791412153278e+02,2.978806215764363969e+02,2.459066972831396072e+02,2.506994171501270330e+02,2.506488204208265813e+02,2.600203027254622157e+02,2.680401776144594805e+02,2.632272499890686390e+02,2.593224732302448388e+02,1.584024428696117247e+05,2.008565249955333343e+01,1.161696748866729223e+01
4.590000000000000000e+03,1.017000000000000000e+04,2.702497879454297163e+02,2.568235126334277538e+02,2.594571339945298973e+02,2.551636577720211108e+02,2.612546298953653832e+02,2.981820752734739131e+02,2.460161659667215304e+02,2.508494260442947450e+02,2.507981410986681396e+02,2.600351978663670138e+02,2.680434447620160086e+02,2.632437702135879931e+02,2.593323163275393313e+02,1.584879115543071530e+05,2.020642303270320284e+01,1.165955495699005695e+01
4.600000000000000000e+03,1.018000000000000000e+04,2.702253053293594007e+02,2.569424134483548414e+02,2.596731229407801038e+02,2.556878561867386281e+02,2.614089291795588110e+02,2.984746195892903984e+02,2.461287362415550604e+02,2.510014255027594743e+02,2.509494589182785944e+02,2.600515110202001097e+02,2.680473922421362545e+02,2.632615929102896644e+02,2.593436634543294304e+02,1.585741390677248419e+05,2.032506511138676686e+01,1.170231414316237917e+01
4.610000000000000000e+03,1.019000000000000000e+04,2.702012734475937918e+02,2.570631806616377162e+02,2.598905639488883708e+02,2.562184199151611779e+02,2.615661931816507035e+02,2.987583264712201299e+02,2.462443652418175191e+02,2.511553741059711058e+02,2.511027325453980268e+02,2.600692390001242416e+02,2.680520173784368581e+02,2.632807116415992823e+02,2.593565120955082648e+02,1.586611023246707337e+05,2.044156369291432540e+01,1.174523835027411955e+01
4.620000000000000000e+03,1.020000000000000000e+04,2.701776942360390876e+02,2.571857907061737478e+02,2.601093995941589014e+02,2.567551247962346679e+02,2.617263388901125154e+02,2.990332666665919987e+02,2.463630096919076209e+02,2.513112301260128731e+02,2.512579203334369140e+02,2.600883783295987541e+02,2.680573173752887328e+02,2.633011197877714835e+02,2.593708594321489045e+02,1.587487781584566983e+05,2.055590400637124660e+01,1.178832095979510797e+01
4.630000000000000000e+03,1.021000000000000000e+04,2.701545695718281195e+02,2.573102192503839092e+02,2.603295723701845645e+02,2.572977476369293868e+02,2.618892840641390762e+02,2.992995097313749966e+02,2.464846259169439975e+02,2.514689515370294544e+02,2.514149803354844153e+02,2.601089252476326124e+02,2.680632893173190610e+02,2.633228105521544649e+02,2.593867023452622220e+02,1.588371433229185641e+05,2.066807155449082956e+01,1.183155542020434581e+01
4.640000000000000000e+03,1.022000000000000000e+04,2.701319012738281344e+02,2.574364412181897137e+02,2.605510247148274630e+02,2.578460661681553461e+02,2.620549472052728674e+02,2.995571240394625647e+02,2.466091698543462485e+02,2.516284960262515256e+02,2.515738703267942356e+02,2.601308757101722904e+02,2.680699301782007069e+02,2.633457769653514333e+02,2.594040374208988169e+02,1.589261744946010003e+05,2.077805211549241449e+01,1.187493523546451435e+01
4.650000000000000000e+03,1.023000000000000000e+04,2.701096911039453516e+02,2.575644308305730874e+02,2.607736989879955445e+02,2.583998591081512473e+02,2.622232475312264341e+02,2.998061767910889444e+02,2.467365970637295618e+02,2.517898210047228247e+02,2.517345477950788677e+02,2.601542253901899926e+02,2.680772368200517803e+02,2.633700118901829228e+02,2.594228609488951065e+02,1.590158482751969423e+05,2.088583174488454119e+01,1.191845395481965753e+01
4.660000000000000000e+03,1.024000000000000000e+04,2.700879407670077512e+02,2.576941616276924947e+02,2.609975375020238744e+02,2.589589061169385218e+02,2.623941049513900907e+02,3.000467340214627825e+02,2.468668627365399857e+02,2.519528836168143187e+02,2.518969699625011742e+02,2.601789696824827729e+02,2.680852059969040511e+02,2.633955080251972731e+02,2.594431689270744528e+02,1.591061411938283127e+05,2.099139677723295705e+01,1.196210516167090177e+01
4.670000000000000000e+03,1.025000000000000000e+04,2.700666519113749473e+02,2.578256064984440741e+02,2.612224825258122678e+02,2.595229878062966691e+02,2.625674400441407101e+02,3.002788606089728773e+02,2.469999217068808264e+02,2.521176407511486559e+02,2.520610937971899546e+02,2.602051037033446619e+02,2.680938343579106231e+02,2.634222579081412050e+02,2.594649570598829769e+02,1.591970297097385046e+05,2.109473382789336071e+01,1.200588246322337405e+01
4.680000000000000000e+03,1.026000000000000000e+04,2.700458261296953424e+02,2.579587377066588942e+02,2.614484762936197058e+02,2.600918857473844810e+02,2.627431740348520179e+02,3.005026202840817859e+02,2.471357284614103378e+02,2.522840490507448408e+02,2.522268760180739946e+02,2.602326222926292871e+02,2.681031184491558861e+02,2.634502539182606711e+02,2.594882207622062538e+02,1.592884902149279369e+05,2.119582979470835937e+01,1.204977948026573031e+01
4.690000000000000000e+03,1.027000000000000000e+04,2.700254649589218729e+02,2.580935269115377650e+02,2.616754610125242948e+02,2.606653824782306970e+02,2.629212287783915940e+02,3.007180756378480737e+02,2.472742371464000541e+02,2.524520649224025135e+02,2.523942731083380693e+02,2.602615200158820130e+02,2.681130547142916498e+02,2.634794882830823326e+02,2.595129551606709697e+02,1.593804990369846055e+05,2.129467185966870346e+01,1.209378983732664814e+01
4.700000000000000000e+03,1.028000000000000000e+04,2.700055698807578324e+02,2.582299451941917710e+02,2.619033788732068615e+02,2.612432615146983608e+02,2.631015267375854592e+02,3.009252881312278873e+02,2.474154015811346312e+02,2.526216445433278182e+02,2.525632413230622149e+02,2.602917911646789548e+02,2.681236395009162266e+02,2.635099530752745522e+02,2.595391550942205754e+02,1.594730324419895769e+05,2.139124749053853947e+01,1.213790715292492450e+01
4.710000000000000000e+03,1.029000000000000000e+04,2.699861423218828236e+02,2.583679630774866496e+02,2.621321720531782944e+02,2.618253073595374190e+02,2.632839909680932919e+02,3.011243181029851712e+02,2.475591752651082800e+02,2.527927438835972680e+02,2.527337367002394899e+02,2.603234297580555676e+02,2.681348690563336845e+02,2.635416402180630939e+02,2.595668151154488896e+02,1.595660666375354049e+05,2.148554444244431849e+01,1.218212503038838435e+01
4.720000000000000000e+03,1.030000000000000000e+04,2.699671836529375923e+02,2.585075505663245394e+02,2.623617827322388507e+02,2.624113055238704533e+02,2.634685451019729499e+02,3.013152247794168943e+02,2.477055113877341057e+02,2.529653186964602583e+02,2.529057150663000755e+02,2.603564295372826791e+02,2.681467395331202397e+02,2.635745414864773011e+02,2.595959294923596303e+02,1.596595777758430049e+05,2.157755075942741030e+01,1.222643704847522983e+01
4.730000000000000000e+03,1.031000000000000000e+04,2.699486951907890102e+02,2.586486771194983589e+02,2.625921530955806702e+02,2.630010425397591121e+02,2.636551133322001874e+02,3.014980662845287043e+02,2.478543628370595115e+02,2.531393245392072231e+02,2.530791320536740727e+02,2.603907839941638827e+02,2.681592469867588875e+02,2.636086485083988009e+02,2.596264922086221532e+02,1.597535419570639497e+05,2.166725477595991833e+01,1.227083675283358488e+01
4.740000000000000000e+03,1.032000000000000000e+04,2.699306781967656548e+02,2.587913117209576512e+02,2.628232253497494639e+02,2.635943059825141290e+02,2.638436204024173435e+02,3.016728996510804564e+02,2.480056822096509563e+02,2.533147167816812555e+02,2.532539430988683762e+02,2.604264863235750340e+02,2.681723873788567403e+02,2.636439527653158734e+02,2.596584969635064226e+02,1.598479352325844229e+05,2.175464511842378101e+01,1.231531764756217484e+01
4.750000000000000000e+03,1.033000000000000000e+04,2.699131338764531165e+02,2.589354228819098580e+02,2.630549417927414879e+02,2.641908843127009732e+02,2.640339915856822017e+02,3.018397808247030412e+02,2.481594218692093534e+02,2.534914506136441616e+02,2.534301034722061843e+02,2.604635294825352503e+02,2.681861565775012082e+02,2.636804455973847325e+02,2.596919371768312317e+02,1.599427336084012932e+05,2.183971070655288926e+01,1.235987318427478243e+01
4.760000000000000000e+03,1.034000000000000000e+04,2.698960633809453498e+02,2.590809786486094026e+02,2.632872445068676370e+02,2.647905676391701491e+02,2.642261526843807928e+02,3.019987646831514212e+02,2.483155337516480756e+02,2.536694810541355878e+02,2.536075682449319970e+02,2.605019061294568132e+02,2.682005503559041131e+02,2.637181181898288855e+02,2.597268059781403053e+02,1.600379130486945505e+05,2.192244075483791121e+01,1.240449676467070539e+01
4.770000000000000000e+03,1.035000000000000000e+04,2.698794678045780984e+02,2.592279466275530808e+02,2.635200759030719837e+02,2.653931465805176231e+02,2.644200300117405504e+02,3.021499050417029366e+02,2.484739696838236114e+02,2.538487629587592096e+02,2.537862923430901390e+02,2.605416086685252708e+02,2.682155643945271777e+02,2.637569615939812593e+02,2.597630962240113490e+02,1.601334494794370839e+05,2.200282477389380631e+01,1.244918171771852222e+01
4.780000000000000000e+03,1.036000000000000000e+04,2.698633481863359975e+02,2.593762940011623641e+02,2.637533783246374242e+02,2.659984131127114324e+02,2.646155503836293974e+02,3.022932546651863959e+02,2.486346811879147083e+02,2.540292510328438595e+02,2.539662305384170224e+02,2.605826292358818819e+02,2.682311942806537672e+02,2.637969667121843713e+02,2.598008004860299138e+02,1.602293187921136850e+05,2.208085257178974103e+01,1.249392130223765207e+01
4.790000000000000000e+03,1.037000000000000000e+04,2.698477055095468700e+02,2.595259875435263552e+02,2.639870941770465720e+02,2.666061603779874645e+02,2.648126411104400972e+02,3.024288652805382753e+02,2.487976195363576437e+02,2.542108998338680976e+02,2.541473374560137870e+02,2.606249597006700469e+02,2.682474355058944298e+02,2.638381243018988584e+02,2.598399110545195754e+02,1.603254968474798370e+05,2.215651425534141694e+01,1.253870869823132672e+01
4.800000000000000000e+03,1.038000000000000000e+04,2.698325406979609511e+02,2.596769936369286711e+02,2.642211659291457977e+02,2.672161827148378279e+02,2.650112299868080186e+02,3.025567875878717246e+02,2.489627357625365960e+02,2.543936637895510273e+02,2.543295675841465595e+02,2.606685916646183614e+02,2.682642834735462429e+02,2.638804249750577924e+02,2.598804199390948497e+02,1.604219594794055738e+05,2.222980023136535976e+01,1.258353700024468225e+01
4.810000000000000000e+03,1.039000000000000000e+04,2.698178546193749980e+02,2.598292782854534266e+02,2.644555361161067708e+02,2.678282756801340270e+02,2.652112452861469478e+02,3.026770712734357858e+02,2.491299806991326875e+02,2.545774971976019287e+02,2.545128752781603225e+02,2.607135164630869895e+02,2.682817334886163394e+02,2.639238591966030754e+02,2.599223188679030159e+02,1.605186824987939035e+05,2.230070120789527621e+01,1.262839921117561737e+01
4.820000000000000000e+03,1.040000000000000000e+04,2.698036480836640294e+02,2.599828071263285096e+02,2.646901473928229507e+02,2.684422361082880570e+02,2.654126157516905664e+02,3.027897650226680071e+02,2.492993048684023734e+02,2.547623542382185065e+02,2.546972147883935520e+02,2.607597251639909359e+02,2.682997807606533911e+02,2.639684172842839303e+02,2.599655992893587495e+02,1.606156416976058972e+05,2.236920819536012672e+01,1.267328823611090804e+01
4.830000000000000000e+03,1.041000000000000000e+04,2.697899218419296972e+02,2.601375454519302366e+02,2.649249424605020522e+02,2.690578621069677183e+02,2.656152705947081358e+02,3.028949165324825685e+02,2.494706586758332207e+02,2.549481889821660161e+02,2.548825402410784307e+02,2.608072085688087327e+02,2.683184204043348018e+02,2.640140894091919677e+02,2.600102523696343724e+02,1.607128128529746318e+05,2.243531250772404562e+01,1.271819687787557562e+01
4.840000000000000000e+03,1.042000000000000000e+04,2.697766765851015975e+02,2.602934582216562376e+02,2.651598641389029467e+02,2.696749531146684831e+02,2.658191394809064150e+02,3.029925725252970778e+02,2.496439922902440287e+02,2.551349553995476924e+02,2.550688056649167947e+02,2.608559572118572305e+02,2.683376474383662185e+02,2.640608655854955487e+02,2.600562689941896792e+02,1.608101717311757093e+05,2.249900576358749760e+01,1.276311783123714072e+01
4.850000000000000000e+03,1.043000000000000000e+04,2.697639129436640815e+02,2.604505100676025791e+02,2.653948553538097599e+02,2.702933099326804154e+02,2.660241525337875714e+02,3.030827787634486299e+02,2.498192556865949712e+02,2.553226073682334345e+02,2.552559649910433563e+02,2.609059613605398340e+02,2.683574567848206129e+02,2.641087356781063704e+02,2.601036397675782155e+02,1.609076940919646295e+05,2.256027988725008981e+01,1.280804367860261550e+01
4.860000000000000000e+03,1.044000000000000000e+04,2.697516314876172032e+02,2.606086653125071848e+02,2.656298591446126807e+02,2.709127347575749809e+02,2.662302403273409368e+02,3.031655800620426362e+02,2.499963986529753583e+02,2.555110986821254357e+02,2.554439720709019923e+02,2.609572110149258037e+02,2.683778432647720820e+02,2.641576893982862089e+02,2.601523550123811788e+02,1.610053556927539757e+05,2.261912710973438934e+01,1.285296688575751922e+01
4.870000000000000000e+03,1.045000000000000000e+04,2.697398327238125262e+02,2.607678879800869254e+02,2.658648186790040313e+02,2.715330312198049114e+02,2.664373338723459028e+02,3.032410203046247830e+02,2.501753708031569943e+02,2.557003830597913066e+02,2.556327806774890803e+02,2.610096959073611629e+02,2.683988016037620241e+02,2.642077163005744183e+02,2.602024047697136098e+02,1.611031322928610898e+05,2.267553996977104447e+01,1.289787979785749350e+01
4.880000000000000000e+03,1.046000000000000000e+04,2.697285170963203313e+02,2.609281418080771573e+02,2.660996772521424418e+02,2.721540044205478353e+02,2.666453646314758998e+02,3.033091424576564350e+02,2.503561215806485905e+02,2.558904141528111325e+02,2.558223445152791271e+02,2.610634055025825546e+02,2.684203264246628464e+02,2.642588057812306488e+02,2.602537787983075646e+02,1.612009996578693681e+05,2.272951131474471254e+01,1.294277463618504243e+01
4.890000000000000000e+03,1.047000000000000000e+04,2.697176849839687520e+02,2.610893902652247220e+02,2.663343783021475701e+02,2.727754609685420633e+02,2.668542645045919812e+02,3.033699885855450020e+02,2.505386002705123474e+02,2.560811455542355475e+02,2.560126172259318196e+02,2.611183289972446460e+02,2.684424122484792292e+02,2.643109470760527984e+02,2.603064665749851088e+02,1.612989335640087374e+05,2.278103430160103571e+01,1.298764349488614833e+01
4.900000000000000000e+03,1.048000000000000000e+04,2.697073367031093198e+02,2.612515965466341754e+02,2.665688654130226496e+02,2.733972090194031352e+02,2.670639658264616401e+02,3.034235998658970743e+02,2.507227560078275701e+02,2.562725308086247082e+02,2.562035524047018384e+02,2.611744553187331803e+02,2.684650534945776030e+02,2.643641292569396342e+02,2.603604572918508211e+02,1.613969098025333078e+05,2.283010239771419947e+01,1.303247833841816217e+01
4.910000000000000000e+03,1.049000000000000000e+04,2.696974725009608846e+02,2.614147236032803789e+02,2.668030823311336803e+02,2.740190583124307864e+02,2.672744013662324392e+02,3.034700166073171204e+02,2.509085377857576589e+02,2.564645234112368826e+02,2.563951036002937371e+02,2.612317731274372363e+02,2.684882444775328736e+02,2.644183412307644403e+02,2.604157398604961031e+02,1.614949041841469880e+05,2.287670938171526913e+01,1.307727099897347323e+01
4.920000000000000000e+03,1.050000000000000000e+04,2.696880925579062023e+02,2.615787341425703403e+02,2.670369729627812490e+02,2.746408202106894691e+02,2.674855043271330146e+02,3.035092782619825016e+02,2.510958944648242266e+02,2.566570768324328924e+02,2.565872243268225361e+02,2.612902708131256304e+02,2.685119794062776464e+02,2.644735717359925502e+02,2.604723029077001684e+02,1.615928925434850389e+05,2.292084934428094911e+01,1.312201317487514629e+01
4.930000000000000000e+03,1.051000000000000000e+04,2.696791969866405907e+02,2.617435906441953080e+02,2.672704813902601018e+02,2.752623077385594570e+02,2.676972083433611829e+02,3.035414234443852592e+02,2.512847747821882933e+02,2.568501445137413270e+02,2.567798680715144428e+02,2.613499364971750083e+02,2.685362523815932718e+02,2.645298093358570100e+02,2.605301347766059621e+02,1.616908507436149812e+05,2.296251668888285380e+01,1.316669642886192193e+01
4.940000000000000000e+03,1.052000000000000000e+04,2.696707858291718480e+02,2.619092553732651254e+02,2.675035518617953016e+02,2.758833356092969780e+02,2.679094474802449781e+02,3.035664899379307258e+02,2.514751273586992681e+02,2.570436798777104173e+02,2.569729883005748547e+02,2.614107580298700668e+02,2.685610573966877723e+02,2.645870424314397269e+02,2.605892235828827097e+02,1.617887546804440499e+05,2.300170613249709106e+01,1.321131218618693026e+01
4.950000000000000000e+03,1.053000000000000000e+04,2.696628590549843807e+02,2.620756903638965127e+02,2.677361288650056963e+02,2.765037203087056241e+02,2.681221562315710116e+02,3.035845147493001264e+02,2.516669007101098430e+02,2.572376363417437801e+02,2.571665384768224953e+02,2.614727229934416073e+02,2.685863883387954729e+02,2.646452592375354129e+02,2.606495569715964393e+02,1.618865802874286310e+05,2.303841270627411220e+01,1.325585173662449989e+01
4.960000000000000000e+03,1.054000000000000000e+04,2.696554165631015394e+02,2.622428574616676542e+02,2.679681570326715701e+02,2.771232800668701657e+02,2.683352695224679678e+02,3.035955340682998553e+02,2.518600432542734211e+02,2.574319673179246593e+02,2.573604720550963521e+02,2.615358186985321822e+02,2.686122389798463246e+02,2.647044477921772341e+02,2.607111225085419051e+02,1.619843035398540378e+05,2.307263175616869688e+01,1.330030623037478676e+01
4.970000000000000000e+03,1.055000000000000000e+04,2.696484581779062637e+02,2.624107183227604878e+02,2.681995812236970096e+02,2.777418349399516160e+02,2.685487227065751767e+02,3.035995833231922347e+02,2.520545033209210430e+02,2.576266262299170080e+02,2.575547424969922758e+02,2.616000321861779980e+02,2.686386029810312266e+02,2.647645959521015584e+02,2.607739073965078092e+02,1.620819004595437727e+05,2.310435894353003050e+01,1.334466668010685453e+01
4.980000000000000000e+03,1.056000000000000000e+04,2.696419836490937882e+02,2.625792344227926947e+02,2.684303465124872332e+02,2.783592068381688023e+02,2.687624515665677905e+02,3.035966971882975827e+02,2.522502291603572928e+02,2.578215665137695964e+02,2.577493032781120519e+02,2.616653502265224915e+02,2.686654738904366582e+02,2.648256913893358728e+02,2.608378985562257526e+02,1.621793471193507721e+05,2.313359024565183830e+01,1.338892396096464843e+01
4.990000000000000000e+03,1.057000000000000000e+04,2.696359926494843080e+02,2.627483670660051871e+02,2.686603981966142101e+02,2.789752195628091727e+02,2.689763923170195312e+02,3.035869096028105218e+02,2.524471689517218636e+02,2.580167416301201797e+02,2.579441078970142485e+02,2.617317593194263168e+02,2.686928451410439607e+02,2.648877215890344132e+02,2.609030826170007344e+02,1.622766196476608457e+05,2.316032195628240586e+01,1.343306881140541442e+01
5.000000000000000000e+03,1.058000000000000000e+04,2.696304847743515438e+02,2.629180773934499484e+02,2.688896818047260240e+02,2.795896988435066532e+02,2.691904816027652600e+02,3.035702537866093280e+02,2.526452708129896507e+02,2.582121050712194688e+02,2.581391098822726349e+02,2.617992456927199214e+02,2.687207100504089112e+02,2.649506738457760662e+02,2.609694459272630525e+02,1.623736942329719313e+05,2.318455068609451075e+01,1.347709183420182200e+01
5.010000000000000000e+03,1.059000000000000000e+04,2.696254595401952656e+02,2.630883263892715149e+02,2.691181431038514233e+02,2.802024723739548335e+02,2.694046565007741378e+02,3.035467622587275969e+02,2.528444828098917583e+02,2.584076103687448835e+02,2.583342628003073287e+02,2.618677953060008576e+02,2.687490618205362125e+02,2.650145352624043653e+02,2.610369745489026627e+02,1.624705471283169754e+05,2.320627336311511257e+01,1.352098349787494413e+01
5.020000000000000000e+03,1.060000000000000000e+04,2.696209163816953378e+02,2.632590749043496317e+02,2.693457281111374755e+02,2.808133698485448235e+02,2.696188545218273021e+02,3.035164668553024399e+02,2.530447529612905271e+02,2.586032111023873767e+02,2.585295202648906638e+02,2.619373938466095524e+02,2.687778935291880771e+02,2.650792927464473792e+02,2.611056542583291389e+02,1.625671546558769478e+05,2.322548723311491869e+01,1.356473413854549470e+01
5.030000000000000000e+03,1.061000000000000000e+04,2.696168546529062269e+02,2.634302836440980400e+02,2.695723830964197418e+02,2.814222229967278963e+02,2.698330136105856809e+02,3.034793987474355390e+02,2.532460292556362731e+02,2.587988609079226308e+02,2.587248359432952611e+02,2.620080267319253267e+02,2.688071981422579029e+02,2.651449330078608000e+02,2.611754705464378503e+02,1.626634932114031108e+05,2.324218985995752718e+01,1.360833396213422120e+01
5.040000000000000000e+03,1.062000000000000000e+04,2.696132736246093486e+02,2.636019131908444706e+02,2.697980545957022969e+02,2.820288656177710322e+02,2.700470721485751255e+02,3.034355884591514041e+02,2.534482596512733892e+02,2.589945134846720975e+02,2.589201635660671741e+02,2.620796791090297120e+02,2.688369685026592038e+02,2.652114425565183069e+02,2.612464086192102855e+02,1.627595392687024141e+05,2.325637912590838852e+01,1.365177304676618775e+01
5.050000000000000000e+03,1.063000000000000000e+04,2.696101724823124641e+02,2.637739240207341140e+02,2.700226894151751367e+02,2.826331336160760657e+02,2.702609689517566949e+02,3.033850658853747291e+02,2.536513920956246011e+02,2.591901226034765955e+02,2.591154569338702913e+02,2.621523358553599792e+02,2.688671973235018982e+02,2.652788077006347862e+02,2.613184533957530107e+02,1.628552693840110442e+05,2.326805323190321673e+01,1.369504134574165377e+01
5.060000000000000000e+03,1.064000000000000000e+04,2.696075503262578650e+02,2.639462764650800750e+02,2.702462346449518691e+02,2.832348650253712208e+02,2.704746432862817187e+02,3.033278603103847786e+02,2.538553745218757456e+02,2.593856421146301159e+02,2.593106699209930639e+02,2.622259815790569064e+02,2.688978772239544242e+02,2.653470145429761260e+02,2.613915895119151855e+02,1.629506602004457673e+05,2.327721069777613749e+01,1.373812869047361396e+01
5.070000000000000000e+03,1.065000000000000000e+04,2.696054061692422010e+02,2.641189307943150197e+02,2.704686376581439049e+02,2.838339000520730337e+02,2.706880348509648115e+02,3.032640004257931992e+02,2.540601548680726864e+02,2.595810259565020033e+02,2.595057564958599414e+02,2.623006006194234487e+02,2.689290006707238376e+02,2.654160489805825023e+02,2.614658013194660953e+02,1.630456884524746274e+05,2.328385036244739581e+01,1.378102479429007055e+01
5.080000000000000000e+03,1.066000000000000000e+04,2.696037389352421769e+02,2.642918471727955421e+02,2.706898461267120979e+02,2.844300810979773360e+02,2.709010837913984915e+02,3.031935143487124265e+02,2.542656810819094630e+02,2.597762281626165759e+02,2.597006707168396247e+02,2.623761770479615620e+02,2.689605600184101490e+02,2.654858967022522620e+02,2.615410728846902089e+02,1.631403309700638638e+05,2.328797138407051648e+01,1.382371925593511719e+01
5.090000000000000000e+03,1.067000000000000000e+04,2.696025474582812649e+02,2.644649856824766516e+02,2.709098080243813911e+02,2.850232527913376543e+02,2.711137306993103380e+02,3.031164296399788896e+02,2.544719011287523927e+02,2.599712028720301760e+02,2.598953667443403219e+02,2.624526946685840016e+02,2.689925474979212368e+02,2.655565431866566541e+02,2.616173879950881656e+02,1.632345646830758196e+05,2.328957324013905961e+01,1.386620156373348500e+01
5.100000000000000000e+03,1.068000000000000000e+04,2.696018304817343960e+02,2.646383063306790859e+02,2.711284716403466746e+02,2.856132620150559092e+02,2.713259166175661221e+02,3.030327733224879125e+02,2.546787630056199419e+02,2.601659043276605985e+02,2.600897988488418378e+02,2.625301370189596355e+02,2.690249552165242335e+02,2.656279737001444801e+02,2.616947301514172182e+02,1.633283666255885037e+05,2.328865572755288227e+01,1.390846109995626811e+01
5.110000000000000000e+03,1.069000000000000000e+04,2.696015866557968934e+02,2.648117690619162659e+02,2.713457855847003088e+02,2.861999579330650363e+02,2.715375830409886930e+02,3.029425718993690566e+02,2.548862147497084720e+02,2.603602868997133442e+02,2.602839214035922737e+02,2.626084873690275003e+02,2.690577751572683383e+02,2.657001732976640369e+02,2.617730825741811600e+02,1.634217139399857842e+05,2.328521896264386726e+01,1.395048714537773549e+01
5.120000000000000000e+03,1.070000000000000000e+04,2.696018145375234667e+02,2.649853337477520085e+02,2.715616987793271164e+02,2.867831920172076252e+02,2.717486719164185729e+02,3.028458513718521772e+02,2.550942044241610347e+02,2.605543050813271293e+02,2.604776889519556562e+02,2.626877287338135716e+02,2.690909991772815602e+02,2.657731268181067321e+02,2.618524282082817649e+02,1.635145838811475842e+05,2.327926338116119709e+01,1.399226888464354523e+01
5.130000000000000000e+03,1.071000000000000000e+04,2.696025125888750154e+02,2.651589602324737598e+02,2.717761604987938995e+02,2.873628180681628237e+02,2.719591256504671151e+02,3.027426372578276528e+02,2.553026801718024785e+02,2.607479135001209443e+02,2.606710561236981789e+02,2.627678438541817059e+02,2.691246190102623359e+02,2.658468188858609551e+02,2.619327497113501977e+02,1.636069538206194411e+05,2.327078973821608798e+01,1.403379541066105496e+01
5.140000000000000000e+03,1.072000000000000000e+04,2.696036791755702779e+02,2.653326083208209525e+02,2.719891203497832635e+02,2.879386922399110063e+02,2.721688871080804688e+02,3.026329546089996256e+02,2.555115901894976389e+02,2.609410669266568448e+02,2.608639777064887539e+02,2.628488152147338042e+02,2.691586262653275412e+02,2.659212339089297075e+02,2.620140294693231908e+02,1.636988012505768565e+05,2.325979910818605489e+01,1.407505573037745172e+01
5.150000000000000000e+03,1.073000000000000000e+04,2.696053125668828443e+02,2.655062376753659805e+02,2.722005283170848315e+02,2.885106730785763602e+02,2.723778996195812852e+02,3.025168280381354293e+02,2.557208827497689185e+02,2.611337202799596184e+02,2.610564086324176856e+02,2.629306250393748883e+02,2.691930124255805481e+02,2.659963560755056164e+02,2.620962495838672908e+02,1.637901037879076030e+05,2.324629288457868626e+01,1.411603877128202988e+01
5.160000000000000000e+03,1.074000000000000000e+04,2.696074109325703603e+02,2.656798081592230005e+02,2.724103346856383610e+02,2.890786214892279986e+02,2.725861069795730600e+02,3.023942817124059275e+02,2.559305062049142805e+02,2.613258286367034771e+02,2.612483039972107122e+02,2.630132552944220379e+02,2.692277688523379311e+02,2.660721693611333762e+02,2.621793918957474716e+02,1.638808391780586680e+05,2.323027277985496397e+01,1.415673338485075661e+01
5.170000000000000000e+03,1.075000000000000000e+04,2.696099723440703428e+02,2.658532794573874298e+02,2.726184901509457177e+02,2.896424008166645763e+02,2.727934534529262578e+02,3.022653393976697203e+02,2.561404090005731859e+02,2.615173472356721618e+02,2.614396190479984057e+02,2.630966876897337556e+02,2.692628867820783398e+02,2.661486575216465553e+02,2.622634379643172906e+02,1.639709852989671926e+05,2.321174082521213933e+01,1.419712835476060953e+01
5.180000000000000000e+03,1.076000000000000000e+04,2.696129947712655621e+02,2.660266112741040843e+02,2.728249457673389884e+02,2.902018768309640677e+02,2.729998837765012354e+02,3.021300244650829541e+02,2.563505396784497066e+02,2.617082314945834014e+02,2.616303092126200340e+02,2.631809036815539002e+02,2.692983573275155322e+02,2.662258040948851203e+02,2.623483690783332918e+02,1.640605201648768270e+05,2.319069937032621098e+01,1.423721240267062704e+01
5.190000000000000000e+03,1.077000000000000000e+04,2.696164760844218904e+02,2.661997633180970411e+02,2.730296529681631341e+02,2.907569177462809762e+02,2.732053431623867255e+02,3.019883599098610603e+02,2.565608468925707939e+02,2.618984370069300667e+02,2.618203300939952669e+02,2.632658844737102299e+02,2.693341714793193660e+02,2.663035924005304196e+02,2.624341662582580739e+02,1.641494219300142431e+05,2.316715108305397663e+01,1.427697419432372961e+01
5.200000000000000000e+03,1.078000000000000000e+04,2.696204140507734905e+02,2.663726953092836425e+02,2.732325635755354369e+02,2.913073942360815636e+02,2.734097773015025155e+02,3.018403683685892247e+02,2.567712794157538383e+02,2.620879195487399329e+02,2.620096374806872177e+02,2.633516110205052314e+02,2.693703201061501318e+02,2.663820055416858281e+02,2.625208102577475984e+02,1.642376688923184411e+05,2.314109894909480047e+01,1.431640234611038132e+01
5.210000000000000000e+03,1.079000000000000000e+04,2.696248063341562329e+02,2.665453669844352476e+02,2.734336298015568332e+02,2.918531794447492302e+02,2.736131323665350692e+02,3.016860721372466401e+02,2.569817861456219816e+02,2.622766350970898088e+02,2.621981873542030144e+02,2.634380640291302029e+02,2.694067939555729367e+02,2.664610264044043220e+02,2.626082815664416898e+02,1.643252394970058813e+05,2.311254627161204667e+01,1.435548543194890492e+01
5.220000000000000000e+03,1.080000000000000000e+04,2.696296504952109672e+02,2.667177381049926908e+02,2.736328042578085729e+02,2.923941489992361653e+02,2.738153550125672950e+02,3.015254931887020007e+02,2.571923161223878083e+02,2.624645398280995892e+02,2.623859358955591574e+02,2.635252239623797550e+02,2.694435836552620458e+02,2.665406376589123170e+02,2.626965604104597674e+02,1.644121123401566583e+05,2.308149667081426060e+01,1.439421199011589003e+01
5.230000000000000000e+03,1.081000000000000000e+04,2.696349439868359354e+02,2.668897684664252097e+02,2.738300399721815097e+02,2.929301810149389098e+02,2.740163923913375470e+02,3.013586531893558913e+02,2.574028185050645448e+02,2.626515901266322999e+02,2.625728394951720475e+02,2.636130710412755320e+02,2.694806797197578021e+02,2.666208217611933833e+02,2.627856267605821472e+02,1.644982661720789038e+05,2.304795408349616892e+01,1.443257052983978106e+01
5.240000000000000000e+03,1.082000000000000000e+04,2.696406841640468315e+02,2.670614179017089782e+02,2.740252903499636545e+02,2.934611560955405025e+02,2.742161921370985738e+02,3.011855735168030606e+02,2.576132427001653014e+02,2.628377425925458510e+02,2.627588547415238622e+02,2.637015852484708489e+02,2.695180725297774984e+02,2.667015609523424473e+02,2.628754603257892200e+02,1.645836799005628272e+05,2.301192276253956237e+01,1.447054953965909263e+01
5.250000000000000000e+03,1.083000000000000000e+04,2.696468682688046670e+02,2.672326463020381766e+02,2.742185093007188357e+02,2.939869573786014030e+02,2.744147023817097306e+02,3.010062752773009720e+02,2.578235380592645356e+02,2.630229540525161838e+02,2.629439384902503321e+02,2.637907463313834455e+02,2.695557523658453078e+02,2.667828372647801984e+02,2.629660405700687988e+02,1.646683325948858983e+05,2.297340727637397961e+01,1.450813749149077836e+01
5.260000000000000000e+03,1.084000000000000000e+04,2.696534934389609361e+02,2.674034136103323931e+02,2.744096510733527339e+02,2.945074704796697347e+02,2.746118717554805357e+02,3.008207793221023962e+02,2.580336543195959962e+02,2.632071815588872141e+02,2.631280477805182727e+02,2.638805338029521863e+02,2.695937093893079464e+02,2.668646325177716108e+02,2.630573466999708785e+02,1.647522034879733692e+05,2.293241250839760426e+01,1.454532285213439380e+01
5.270000000000000000e+03,1.085000000000000000e+04,2.696605567051014987e+02,2.675736798256432394e+02,2.745986703857947191e+02,2.950225835316241501e+02,2.748076493894100167e+02,3.006291062640500513e+02,2.582435413240939965e+02,2.633903824027969449e+02,2.633111399011270919e+02,2.639709269510788658e+02,2.696319336469349537e+02,2.669469283233314627e+02,2.631493576769727269e+02,1.648352719802430947e+05,2.288894365635796646e+01,1.458209408789183215e+01
5.280000000000000000e+03,1.086000000000000000e+04,2.696680549904218651e+02,2.677434050410374198e+02,2.747855223897710175e+02,2.955321871764368780e+02,2.750019849186926990e+02,3.004312764946234893e+02,2.584531490985793312e+02,2.635725141190457634e+02,2.634931723841541498e+02,2.640619048369964048e+02,2.696704150763201824e+02,2.670297060876987985e+02,2.632420522206053874e+02,1.649175176424694073e+05,2.284300623169301048e+01,1.461843967231854080e+01
5.290000000000000000e+03,1.087000000000000000e+04,2.696759851101172103e+02,2.679125494196034083e+02,2.749701626859056773e+02,2.960361745658599375e+02,2.751948284863334493e+02,3.002273102004652969e+02,2.586624278668793409e+02,2.637535344932862813e+02,2.636741030107227743e+02,2.641534462989150143e+02,2.697091435049591155e+02,2.671129470141679576e+02,2.633354088101651200e+02,1.649989202188129711e+05,2.279460605883225810e+01,1.465434809389144988e+01
5.300000000000000000e+03,1.088000000000000000e+04,2.696843437714219363e+02,2.680810732162080399e+02,2.751525473249329252e+02,2.965344413575613203e+02,2.753861307454653797e+02,3.000172273794175339e+02,2.588713280565586388e+02,2.639334015684297015e+02,2.638538898180260617e+02,2.642455299605355776e+02,2.697481086529916752e+02,2.671966321048568034e+02,2.634294056892426283e+02,1.650794596296855598e+05,2.274374927445834160e+01,1.468980786339397859e+01
5.310000000000000000e+03,1.089000000000000000e+04,2.696931275729530739e+02,2.682489368054954753e+02,2.753326328100562819e+02,2.970268857093726638e+02,2.755758428630205117e+02,2.998010478567298946e+02,2.590798003043518065e+02,2.641120736510175107e+02,2.640324911060549766e+02,2.643381342324076968e+02,2.697873001361767820e+02,2.672807421648014383e+02,2.635240208697411504e+02,1.651591159745847108e+05,2.269044232672887418e+01,1.472480752119218650e+01
5.320000000000000000e+03,1.090000000000000000e+04,2.697023330043437568e+02,2.684161005974645491e+02,2.755103761242626206e+02,2.975134082806455353e+02,2.757639165224544513e+02,2.995787913013028856e+02,2.592877954787654744e+02,2.642895093186288022e+02,2.642098654436686616e+02,2.644312373117396078e+02,2.698267074656331488e+02,2.673652578038501701e+02,2.636192321357103197e+02,1.652378695347598696e+05,2.263469197445899894e+01,1.475933564531036524e+01
5.330000000000000000e+03,1.091000000000000000e+04,2.697119564469687703e+02,2.685825251935332858e+02,2.756857347000410527e+02,2.979939122140557402e+02,2.759503039270176714e+02,2.993504772412520083e+02,2.594952646651775581e+02,2.644656674265998504e+02,2.643859716755166573e+02,2.645248171958145917e+02,2.698663200535780788e+02,2.674501594410131702e+02,2.637150170479388294e+02,1.653157007760210836e+05,2.257650528626432873e+01,1.479338085802266356e+01
5.340000000000000000e+03,1.092000000000000000e+04,2.697219941729296693e+02,2.687481712891713528e+02,2.758586664517699205e+02,2.984683031328760876e+02,2.761349578024600646e+02,2.991161250797746902e+02,2.597021591904639308e+02,2.646405071124855795e+02,2.645607689280329282e+02,2.646188516806815869e+02,2.699061272127304392e+02,2.675354273079323093e+02,2.638113529483529760e+02,1.653925903511274373e+05,2.251588963966473855e+01,1.482693183368539813e+01
5.350000000000000000e+03,1.093000000000000000e+04,2.697324423458125580e+02,2.689129997107204417e+02,2.760291297724733113e+02,2.989364891295606412e+02,2.763178314000111868e+02,2.988757541104669713e+02,2.599084306255402907e+02,2.648139878038912229e+02,2.647342166161972727e+02,2.647133183677198076e+02,2.699461181613768304e+02,2.676210414524256294e+02,2.639082169644643727e+02,1.654685191023813386e+05,2.245285272014901778e+01,1.485997730605009082e+01
5.360000000000000000e+03,1.094000000000000000e+04,2.697432970201093667e+02,2.690769714227549798e+02,2.761970835405323896e+02,2.993983807544947808e+02,2.764988784991725197e+02,2.986293835330872071e+02,2.601140307960565110e+02,2.649860692243447602e+02,2.649062744490870500e+02,2.648081946639942430e+02,2.699862820249990136e+02,2.677069817422873825e+02,2.640055860144428834e+02,1.655434680640290899e+05,2.238740252020036081e+01,1.489250607569109519e+01
5.370000000000000000e+03,1.095000000000000000e+04,2.697545541417265440e+02,2.692400475362724137e+02,2.763624871116209079e+02,2.998538909975277420e+02,2.766780534102758793e+02,2.983770324680558588e+02,2.603189118126055064e+02,2.651567113993209546e+02,2.650769024301282570e+02,2.649034577976443643e+02,2.700266078383915556e+02,2.677932278712278276e+02,2.641034368116741007e+02,1.656174184645112255e+05,2.231954733828301585e+01,1.492450701733717366e+01
5.380000000000000000e+03,1.096000000000000000e+04,2.697662095484687370e+02,2.694021893030517276e+02,2.765253003751144547e+02,3.003029352860492054e+02,2.768553109789399969e+02,2.981187199721334196e+02,2.605230259729859199e+02,2.653258746623839102e+02,2.652460608898724104e+02,2.649990848129656911e+02,2.700670845487611587e+02,2.678797593610979106e+02,2.642017458691763636e+02,1.656903517287846771e+05,2.224929577779013812e+01,1.495596908614295195e+01
5.390000000000000000e+03,1.097000000000000000e+04,2.697782589698280731e+02,2.695633581672864807e+02,2.766854836728889495e+02,3.007454314534134596e+02,2.770306065844519594e+02,2.978544650527851445e+02,2.607263259349266491e+02,2.654935196610214803e+02,2.654137104507781260e+02,2.650950525797974251e+02,2.701077010191113459e+02,2.679665555681871751e+02,2.643004895074924434e+02,1.657622494804238377e+05,2.217665674595294334e+01,1.498688132629984793e+01
5.400000000000000000e+03,1.098000000000000000e+04,2.697906980275703290e+02,2.697235157189417691e+02,2.768429978728031529e+02,3.011812997296879644e+02,2.772038961469017408e+02,2.975842866830694788e+02,2.609287646100320899e+02,2.656596073626685097e+02,2.655798120592535838e+02,2.651913377986476235e+02,2.701484460309138740e+02,2.680535956870696737e+02,2.643996438564732330e+02,1.658330935436994478e+05,2.210163945271136043e+01,1.501723287710488464e+01
5.410000000000000000e+03,1.099000000000000000e+04,2.698035222365859340e+02,2.698826237261735059e+02,2.769978043448476797e+02,3.016104627195283001e+02,2.773751361265335618e+02,2.973082038160883371e+02,2.611302952101327719e+02,2.658240990611768098e+02,2.657443269855082235e+02,2.652879170058374712e+02,2.701893082887546029e+02,2.681408587558040040e+02,2.644991848629027800e+02,1.659028659455994493e+05,2.202425340954625455e+01,1.504701298014846955e+01
5.420000000000000000e+03,1.100000000000000000e+04,2.698167270035937690e+02,2.700406441625941056e+02,2.771498649800615226e+02,3.020328453843567331e+02,2.775442835302970366e+02,2.970262353991901705e+02,2.613308712233447864e+02,2.659869563767336444e+02,2.659072168331513240e+02,2.653847665806541727e+02,2.702302764164781479e+02,2.682283236617129774e+02,2.645990882955525194e+02,1.659715489177109848e+05,2.194450842827355785e+01,1.507621098570685625e+01
5.430000000000000000e+03,1.101000000000000000e+04,2.698303076298280416e+02,2.701975391583860642e+02,2.772991421811955775e+02,3.024483750224634377e+02,2.777112959092957567e+02,2.967384003881621197e+02,2.615304464629245444e+02,2.661481412722905020e+02,2.660684435372271537e+02,2.654818627482990223e+02,2.702713389727495610e+02,2.683159691461091825e+02,2.646993297504764087e+02,1.660391248980778910e+05,2.186241461980016254e+01,1.510481636019004981e+01
5.440000000000000000e+03,1.102000000000000000e+04,2.698442593111328733e+02,2.703532710812649498e+02,2.774455988655363399e+02,3.028569812410514714e+02,2.778761313618287545e+02,2.964447177611369852e+02,2.617289750505970005e+02,2.663076160500468745e+02,2.662279693739930053e+02,2.655791815891353167e+02,2.703124844442040171e+02,2.684037738101244486e+02,2.647998846577691552e+02,1.661055765329400601e+05,2.177798239284190984e+01,1.513281869207232866e+01
5.450000000000000000e+03,1.103000000000000000e+04,2.698585771382109897e+02,2.705078024807015709e+02,2.775891984831409331e+02,3.032585959379645146e+02,2.780387485379909549e+02,2.961452065334809731e+02,2.619264114263061742e+02,2.664653433584300615e+02,2.663857569658958937e+02,2.656766990421293144e+02,2.703537012524199667e+02,2.684917161203454157e+02,2.649007282864005219e+02,1.661708866784225975e+05,2.169122245260396298e+01,1.516020769860651107e+01
5.460000000000000000e+03,1.104000000000000000e+04,2.698732560976093282e+02,2.706610961383842096e+02,2.777299050118639911e+02,3.036531532741178125e+02,2.781991066405192896e+02,2.958398857677665319e+02,2.621227103452668530e+02,2.666212862030342876e+02,2.665417692861886962e+02,2.657743909127168536e+02,2.703949777552475098e+02,2.685797744150173685e+02,2.650018357517130880e+02,1.662350384021200880e+05,2.160214579942344315e+01,1.518697323182180448e+01
5.470000000000000000e+03,1.105000000000000000e+04,2.698882910713437582e+02,2.708131150488256367e+02,2.778676829518515206e+02,3.040405896473754410e+02,2.783571654265374491e+02,2.955287745917581219e+02,2.623178269240765985e+02,2.667754079386379544e+02,2.666959696638772357e+02,2.658722328775214123e+02,2.704363022558159173e+02,2.686679269096334792e+02,2.651031820204160567e+02,1.662980149846543500e+05,2.151076372737465903e+01,1.521310528521881267e+01
5.480000000000000000e+03,1.106000000000000000e+04,2.699036768398281083e+02,2.709638224470908199e+02,2.780024973513072268e+02,3.044208436680655154e+02,2.785128852104315342e+02,2.952118922095023663e+02,2.625117165875452088e+02,2.669276722845797281e+02,2.668483217892335801e+02,2.659702004925885603e+02,2.704776629993891106e+02,2.687561517033464042e+02,2.652047419171579463e+02,1.663597999210738926e+05,2.141708782283715706e+01,1.523859399893996702e+01
5.490000000000000000e+03,1.107000000000000000e+04,2.699194080817499639e+02,2.711131817782048188e+02,2.781343137868910844e+02,3.047938561306364136e+02,2.786662268629192454e+02,2.948892579144491037e+02,2.627043351298988796e+02,2.670780433375878715e+02,2.669987897180440655e+02,2.660682691969781786e+02,2.705190481793740105e+02,2.688444267839766439e+02,2.653064901311523158e+02,1.664203769223109703e+05,2.132112996302668861e+01,1.526342966662258505e+01
5.500000000000000000e+03,1.108000000000000000e+04,2.699354793751094235e+02,2.712611567622285520e+02,2.782630983800980857e+02,3.051595699840720499e+02,2.788171518154953219e+02,2.945608911017120590e+02,2.628956386849679348e+02,2.672264855551078426e+02,2.671473378765395523e+02,2.661664143225408452e+02,2.705604459416529721e+02,2.689327300376384073e+02,2.654084012224932962e+02,1.664797299164210272e+05,2.122290231448928566e+01,1.528760274004211617e+01
5.510000000000000000e+03,1.109000000000000000e+04,2.699518851979765941e+02,2.714077113583584264e+02,2.783888177967621687e+02,3.055179303033824567e+02,2.789656220612082507e+02,2.942268112821351451e+02,2.630855837483017012e+02,2.673729637743461467e+02,2.672939310659966168e+02,2.662646110988760029e+02,2.706018443875419166e+02,2.690210392511901318e+02,2.655104496288829523e+02,1.665378430498123926e+05,2.112241733155865120e+01,1.531110383508813300e+01
5.520000000000000000e+03,1.110000000000000000e+04,2.699686199304296110e+02,2.715528097850188374e+02,2.785114392489520583e+02,3.058688842596230870e+02,2.791116001557600157e+02,2.938870380942947804e+02,2.632741271806323198e+02,2.675174432135655138e+02,2.674385344670951099e+02,2.663628346600963823e+02,2.706432315771450021e+02,2.691093321212742353e+02,2.656126096725188290e+02,1.665947006885108131e+05,2.101968775477701357e+01,1.533392373704708511e+01
5.530000000000000000e+03,1.111000000000000000e+04,2.699856778541562790e+02,2.716964165250507222e+02,2.786309304988979534e+02,3.062123810888007256e+02,2.792550492197079848e+02,2.935415913168000657e+02,2.634612262138363121e+02,2.676598894761344809e+02,2.675811136444055478e+02,2.664610600516279533e+02,2.706845955352117699e+02,2.691975862602999428e+02,2.657148555633162346e+02,1.666502874191387382e+05,2.091472660927989224e+01,1.535605340569360777e+01
5.540000000000000000e+03,1.112000000000000000e+04,2.700030531556874962e+02,2.718384963340420768e+02,2.787472598588605024e+02,3.065483720606354723e+02,2.793959329378777738e+02,2.931904908806479284e+02,2.636468384553687088e+02,2.678002685553030915e+02,2.677216345503888988e+02,2.665592622370552931e+02,2.707259242503130849e+02,2.692857792034116073e+02,2.658171614154146027e+02,1.667045880500335188e+05,2.080754720314447681e+01,1.537748398020645624e+01
5.550000000000000000e+03,1.113000000000000000e+04,2.700207399264140236e+02,2.719790142460426523e+02,2.788603961963868301e+02,3.068768104463922555e+02,2.795342155626846079e+02,2.928337568810605376e+02,2.638309218957851954e+02,2.679385468376673884e+02,2.678600635296267569e+02,2.666574161053725334e+02,2.707672056821562592e+02,2.693738884150587864e+02,2.659195012427374536e+02,1.667575876122083864e+05,2.069816312570236860e+01,1.539820678394629105e+01
5.560000000000000000e+03,1.114000000000000000e+04,2.700387321639609581e+02,2.721179355802689201e+02,2.789703089347651712e+02,3.071976514864747969e+02,2.796698619136629986e+02,2.924714095894540264e+02,2.640134349131230351e+02,2.680746911075517573e+02,2.679963673227690606e+02,2.667554964772485278e+02,2.708084277643479254e+02,2.694618912961574324e+02,2.660218489718590718e+02,1.668092713602074073e+05,2.058658824581658564e+01,1.541821332904450870e+01
5.570000000000000000e+03,1.115000000000000000e+04,2.700570237737734942e+02,2.722552259478788415e+02,2.790769680556439880e+02,3.075108523570334000e+02,2.798028373794734307e+02,2.921034694654600230e+02,2.641943362777096809e+02,2.682086685505471451e+02,2.681305130701499593e+02,2.668534781128904001e+02,2.708495784075280994e+02,2.695497651907156751e+02,2.661241784481522359e+02,1.668596247729975730e+05,2.047283671012308659e+01,1.543749532073981534e+01
5.580000000000000000e+03,1.116000000000000000e+04,2.700756085706171348e+02,2.723908512582833623e+02,2.791803440996390009e+02,3.078163721369057271e+02,2.799331079176121762e+02,2.917299571677488643e+02,2.643735851595194504e+02,2.683404467576990555e+02,2.682624683161613461e+02,2.669513357182412960e+02,2.708906455035100862e+02,2.696374873933825143e+02,2.662264634424961969e+02,1.669086335547613853e+05,2.035692294123714774e+01,1.545604466162655477e+01
