phase_s,time_s,battery,bolts,frame,panel1,panel2,panel3,panel4,panel5,panel6,pcb1,pcb2,pcb3,pcb4,energy_J,absorbed_power_W,emitted_power_W
0.000000000000000000e+00,5.580000000000000000e+03,2.700264958286874730e+02,2.712147698553746977e+02,2.794715333402270403e+02,3.080338336048823749e+02,2.800849482921112212e+02,2.918799485188939684e+02,2.645574396518283038e+02,2.683875087170956704e+02,2.683119072870601940e+02,2.666004274567955576e+02,2.705871528669402437e+02,2.692709113116351887e+02,2.658877808591844882e+02,1.668894138271166303e+05,2.035692294123714774e+01,1.548708509766012575e+01
1.000000000000000000e+01,5.590000000000000000e+03,2.700439800181405872e+02,2.713479337614456881e+02,2.795727270057706733e+02,3.083321114018746130e+02,2.802133831906144792e+02,2.915061301467857788e+02,2.647416725322570414e+02,2.685176315441151473e+02,2.684421868703869904e+02,2.666959903677378065e+02,2.706269729720294208e+02,2.693556698678802377e+02,2.659875560400015502e+02,1.669374206717967463e+05,2.030620759978202727e+01,1.550552306780387113e+01
2.000000000000000000e+01,5.600000000000000000e+03,2.700617489039609609e+02,2.714797217396794053e+02,2.796746793855685382e+02,3.086239244468320067e+02,2.803403570177018196e+02,2.911453662867506864e+02,2.649428222827053787e+02,2.686468780172571087e+02,2.685715984753893508e+02,2.667914880652028842e+02,2.706667731050458201e+02,2.694403491542930738e+02,2.660873423550065695e+02,1.669864014241668337e+05,2.042305047644012816e+01,1.552497519780986401e+01
3.000000000000000000e+01,5.610000000000000000e+03,2.700798025891953102e+02,2.716102053780934398e+02,2.797782391009229741e+02,3.089094928733902634e+02,2.804660944837560805e+02,2.907962431649974064e+02,2.651594671626048125e+02,2.687754393750021222e+02,2.687003333245941690e+02,2.668869286875209923e+02,2.707065685780942772e+02,2.695249634884876286e+02,2.661871470112337761e+02,1.670363274816831981e+05,2.053773743232776283e+01,1.554513164143564197e+01
4.000000000000000000e+01,5.620000000000000000e+03,2.700981414438905972e+02,2.717394668884143698e+02,2.798836243313107275e+02,3.091889755837465259e+02,2.805907581682546947e+02,2.904579755606267781e+02,2.653908073371066507e+02,2.689034325387700051e+02,2.688285082913435531e+02,2.669823217631243892e+02,2.707463749046127077e+02,2.696095280512851673e+02,2.662869786173057491e+02,1.670871710619069927e+05,2.065025392622727196e+01,1.556589586668972380e+01
5.000000000000000000e+01,5.630000000000000000e+03,2.701167659160078074e+02,2.718675905453284827e+02,2.799908674582398476e+02,3.094624893958971370e+02,2.807144676999709532e+02,2.901300087695635170e+02,2.656362675368037571e+02,2.690309369931819674e+02,2.689562028181584310e+02,2.670776772235269618e+02,2.707862072595883660e+02,2.696940579953915744e+02,2.663868461976638287e+02,1.671389046760436904e+05,2.076058569211495097e+01,1.558722423999878615e+01
6.000000000000000000e+01,5.640000000000000000e+03,2.701356764724453114e+02,2.719946588810277035e+02,2.800999429986109703e+02,3.097301219835733264e+02,2.808373127016814692e+02,2.898118903963955404e+02,2.658953692380392226e+02,2.691580112780042100e+02,2.690834753899304701e+02,2.671730050795376314e+02,2.708260803434081936e+02,2.697785681772201656e+02,2.664867588690461844e+02,1.671915009888093045e+05,2.086871874096988932e+01,1.560908742227967316e+01
7.000000000000000000e+01,5.650000000000000000e+03,2.701548735816015778e+02,2.721207511078545167e+02,2.802108061937772163e+02,3.099919401207845908e+02,2.809593610249534663e+02,2.895032242983723449e+02,2.661676849146600148e+02,2.692847006545301838e+02,2.692103712241486733e+02,2.672683152812943490e+02,2.708660083193335026e+02,2.698630730454522677e+02,2.665867257016732879e+02,1.672449327762898174e+05,2.097463936254764860e+01,1.563146057103669584e+01
8.000000000000000000e+01,5.660000000000000000e+03,2.701743577018281144e+02,2.722459424959899366e+02,2.803234053120574458e+02,3.102479951380925627e+02,2.810806642298606448e+02,2.892036513500586352e+02,2.664528190163169938e+02,2.694110410251083749e+02,2.693369261665189356e+02,2.673636176376185176e+02,2.709060047903495274e+02,2.699475865836961930e+02,2.666867556374696733e+02,1.672991729103272082e+05,2.107833412711854848e+01,1.565432067181282783e+01
9.000000000000000000e+01,5.670000000000000000e+03,2.701941292803202828e+02,2.723703042030027177e+02,2.804376857781872445e+02,3.104983267175053925e+02,2.812012613705349509e+02,2.889128398763950827e+02,2.667503986239858591e+02,2.695370611540266736e+02,2.694631689235768590e+02,2.674589217604203668e+02,2.709460827790469466e+02,2.700321222773337126e+02,2.667868574346638866e+02,1.673541943512111320e+05,2.117978988717045752e+01,1.567764574080070439e+01
1.000000000000000000e+02,5.680000000000000000e+03,2.702141887512031531e+02,2.724939032772217615e+02,2.805535916415595352e+02,3.107429656176348658e+02,2.813211817486352402e+02,2.886304800598497877e+02,2.670600680674249361e+02,2.696627840606012114e+02,2.695891224628764462e+02,2.675542370202710458e+02,2.709862547190807049e+02,2.701166930940920565e+02,2.668870396241160847e+02,1.674099701428302797e+05,2.127899377907578327e+01,1.570141455399662256e+01
1.100000000000000000e+02,5.690000000000000000e+03,2.702345365345703385e+02,2.726168027704488850e+02,2.806710661454343949e+02,3.109819356817203584e+02,2.814404469329172116e+02,2.883562802413581494e+02,2.673814853759313905e+02,2.697882279971474304e+02,2.697148049825732414e+02,2.676495725133552810e+02,2.710265324539503240e+02,2.702013114717310032e+02,2.669873104743169847e+02,1.674664734090076818e+05,2.137593322472244495e+01,1.572560653583447099e+01
1.200000000000000000e+02,5.700000000000000000e+03,2.702551730353516177e+02,2.727390618450814372e+02,2.807900519363193439e+02,3.112152553347676189e+02,2.815590722755607658e+02,2.880899642758035952e+02,2.677143198637152182e+02,2.699134071539818933e+02,2.698402306152012216e+02,2.677449370315859483e+02,2.710669272384932356e+02,2.702859893120744914e+02,2.670876779632592388e+02,1.675236773505263263e+05,2.147059593310863690e+01,1.575020170202336622e+01
1.300000000000000000e+02,5.710000000000000000e+03,2.702760986426640102e+02,2.728607359306045055e+02,2.809104911858497644e+02,3.114429387134949820e+02,2.816770680630710899e+02,2.878312695314949679e+02,2.680582502639979907e+02,2.700383322084547331e+02,2.699654099807631837e+02,2.678403390402045261e+02,2.711074497454827679e+02,2.703707379780649376e+02,2.671881497550880340e+02,1.675815552424643829e+05,2.156296990190125840e+01,1.577518061975971264e+01
1.400000000000000000e+02,5.720000000000000000e+03,2.702973137291093622e+02,2.729818768699137195e+02,2.810323256516923607e+02,3.116649965288415274e+02,2.817944403975296268e+02,2.875799453307231488e+02,2.684129633365465111e+02,2.701630107517460146e+02,2.700903506254430226e+02,2.679357866586028081e+02,2.711481100733512903e+02,2.704555682935042569e+02,2.672887331805410440e+02,1.676400804319141025e+05,2.165304341895766171e+01,1.580052437573023383e+01
1.500000000000000000e+02,5.730000000000000000e+03,2.703188186494843990e+02,2.731025330667351341e+02,2.811554966995943232e+02,3.118814367271604056e+02,2.819111918796990608e+02,2.873357517014474638e+02,2.687781528326197531e+02,2.702874476425213857e+02,2.702150573526150765e+02,2.680312876450851718e+02,2.711889177558089727e+02,2.705404905454359437e+02,2.673894352218950416e+02,1.676992263359936478e+05,2.174080506381063671e+01,1.582621454793583027e+01
1.600000000000000000e+02,5.740000000000000000e+03,2.703406137397187194e+02,2.732227496314820883e+02,2.812799453866181807e+02,3.120922650044140596e+02,2.820273221442481599e+02,2.870984583592588706e+02,2.691535185333096365e+02,2.704116453060559024e+02,2.703395325269660248e+02,2.681268493841171789e+02,2.712298817735781995e+02,2.706255144878012402e+02,2.674902625001234924e+02,1.677589664401305781e+05,2.182624370911644718e+01,1.585223317737582249e+01
1.700000000000000000e+02,5.750000000000000000e+03,2.703626993159296035e+02,2.733425685109138499e+02,2.814056124517144895e+02,3.122974852075428203e+02,2.821428282813803321e+02,2.868678438632494476e+02,2.695387656539859336e+02,2.705356039537223296e+02,2.704637763159585688e+02,2.682224788766066013e+02,2.712710105662227420e+02,2.707106493458139767e+02,2.675912212639291852e+02,1.678192742965939105e+05,2.190934852206564187e+01,1.587856274338412632e+01
1.800000000000000000e+02,5.760000000000000000e+03,2.703850756740702650e+02,2.734620286366657069e+02,2.815324383829715202e+02,3.124970996512882380e+02,2.822577051751818544e+02,2.866436949066820148e+02,2.699336042132183593e+02,2.706593218035848736e+02,2.705877868857031672e+02,2.683181827316329304e+02,2.713123120444489018e+02,2.707959038222886647e+02,2.676923173826377820e+02,1.678801235234329943e+05,2.199010896575657270e+01,1.590518613784005453e+01
1.900000000000000000e+02,5.770000000000000000e+03,2.704077430876563426e+02,2.735811660417061262e+02,2.816603634428815326e+02,3.126911093702258881e+02,2.823719457761582703e+02,2.864258057127342454e+02,2.703377485856306066e+02,2.707827952510222644e+02,2.707115605819909092e+02,2.684139671603448960e+02,2.713537936044095886e+02,2.708812861041482734e+02,2.677935563388061837e+02,1.679414878034844005e+05,2.206851480053137493e+01,1.593208664152387577e+01
2.000000000000000000e+02,5.780000000000000000e+03,2.704307018069374635e+02,2.737000139851054996e+02,2.817893277031512866e+02,3.128795143204953320e+02,2.824855413240881603e+02,2.862139775134389197e+02,2.707509171139982413e+02,2.709060190197134261e+02,2.708350920793646992e+02,2.685098379708690572e+02,2.713954621406649608e+02,2.709668038692053074e+02,2.678949432233832795e+02,1.680033408836341987e+05,2.214455608527421759e+01,1.595924790111359215e+01
2.100000000000000000e+02,5.790000000000000000e+03,2.704539520580000271e+02,2.738186030682131218e+02,2.819192710778721676e+02,3.130623135442438070e+02,2.825984815321590418e+02,2.860080180965854879e+02,2.711728317852846430e+02,2.710289862933382210e+02,2.709583745133423349e+02,2.686058005651574376e+02,2.714373240601083808e+02,2.710524642940459330e+02,2.679964827318368634e+02,1.680656565745428379e+05,2.221822317867181695e+01,1.598665390727549784e+01
2.200000000000000000e+02,5.800000000000000000e+03,2.704774940413437889e+02,2.739369613447431107e+02,2.820501333552849133e+02,3.132395053023440710e+02,2.827107547404370393e+02,2.858077414061260129e+02,2.716032179570300968e+02,2.711516888313134928e+02,2.710813995957423685e+02,2.687018599359420250e+02,2.714793852960432901e+02,2.711382740617167428e+02,2.680981791612620100e+02,1.681284087502559414e+05,2.228950674043579738e+01,1.601428897347485147e+01
2.300000000000000000e+02,5.810000000000000000e+03,2.705013279293046935e+02,2.740551144261947343e+02,2.821818542277193274e+02,3.134110871853018239e+02,2.828223480462724524e+02,2.856129671884049799e+02,2.720418041270239655e+02,2.712741170712682788e+02,2.712041577177494673e+02,2.687980206655032021e+02,2.715216513241663847e+02,2.712242393697059697e+02,2.682000364083733075e+02,1.681915713483275613e+05,2.235839773248697071e+01,1.604213771603307492e+01
2.400000000000000000e+02,5.820000000000000000e+03,2.705254538708671248e+02,2.741730855815487757e+02,2.823143733207602395e+02,3.135770562042470146e+02,2.829332474153075623e+02,2.854235206747083566e+02,2.724883217341158570e+02,2.713962602212358775e+02,2.713266380410756824e+02,2.688942869244932012e+02,2.715641271625083846e+02,2.713103659378446082e+02,2.683020579682001880e+02,1.682551183699486137e+05,2.242488742010131375e+01,1.607018503480237470e+01
2.500000000000000000e+02,5.830000000000000000e+03,2.705498719812812283e+02,2.742908958327692517e+02,2.824476302202761531e+02,3.137374088680696218e+02,2.830434377775720236e+02,2.852392322948010701e+02,2.729425049892246875e+02,2.715181063417539917e+02,2.714488285810061257e+02,2.689906624715064254e+02,2.716068174064055825e+02,2.713966590166878632e+02,2.684042469336899899e+02,1.683190238803529064e+05,2.248896737301737403e+01,1.609841609495706649e+01
2.600000000000000000e+02,5.840000000000000000e+03,2.705745823467577793e+02,2.744085640455391513e+02,2.825815644986300867e+02,3.138921412483942959e+02,2.831529031117523800e+02,2.850599374176293281e+02,2.734040907286999413e+02,2.716396424207438827e+02,2.715707162806761517e+02,2.690871506535392541e+02,2.716497262268837289e+02,2.714831233954107574e+02,2.685066059951489592e+02,1.683832620094038139e+05,2.255062946650523159e+01,1.612681630947211886e+01
2.700000000000000000e+02,5.850000000000000000e+03,2.705995850209218361e+02,2.745261070157519612e+02,2.827161157389901973e+02,3.140412490355938644e+02,2.832616265196159020e+02,2.848854761131602800e+02,2.738728182882541091e+02,2.717608544415123220e+02,2.716922870789894660e+02,2.691837544067162185e+02,2.716928573887298057e+02,2.715697634096862885e+02,2.686091374409793389e+02,1.684478069523365411e+05,2.260986588239657635e+01,1.615537132255253283e+01
2.800000000000000000e+02,5.860000000000000000e+03,2.706248800276875386e+02,2.746435395519011422e+02,2.828512235587485293e+02,3.141847275865728193e+02,2.833695902922387404e+02,2.847156929342175431e+02,2.743484293933883009e+02,2.718817274449434080e+02,2.718135259733076623e+02,2.692804762571714150e+02,2.717362142523811031e+02,2.716565829496414040e+02,2.687118431583153324e+02,1.685126329706728866e+05,2.266666911007600049e+01,1.618406699374718372e+01
2.900000000000000000e+02,5.870000000000000000e+03,2.706504673535312122e+02,2.747608745538673247e+02,2.829868276314482500e+02,3.143225719667951807e+02,2.834767759697658107e+02,2.845504367151949054e+02,2.748306680640490072e+02,2.720022455870978888e+02,2.719344170765862145e+02,2.693773183225154639e+02,2.717797998026932760e+02,2.717435854677326006e+02,2.688147246339871685e+02,1.685777143933392363e+05,2.272103194743327848e+01,1.621288938293675841e+01
3.000000000000000000e+02,5.880000000000000000e+03,2.706763469510937057e+02,2.748781230880534849e+02,2.831228677077831435e+02,3.144547769868182741e+02,2.835831643959712665e+02,2.843895603846266340e+02,2.753192805329098860e+02,2.721223921921848614e+02,2.720549436704897062e+02,2.694742823133445313e+02,2.718236166479538838e+02,2.718307739857373804e+02,2.689177829558706776e+02,1.686430256178795244e+05,2.277294750177651750e+01,1.624182473593984710e+01
3.100000000000000000e+02,5.890000000000000000e+03,2.707025187359374172e+02,2.749952944594004407e+02,2.832592836351533379e+02,3.145813372347035966e+02,2.836887357678776311e+02,2.842329207914865492e+02,2.758140151732839627e+02,2.722421498020950139e+02,2.721750882547306674e+02,2.695713695357417237e+02,2.718676670349264555e+02,2.719181511027026090e+02,2.690210188146393762e+02,1.687085411118171178e+05,2.282240919070608243e+01,1.627085947087064000e+01
3.200000000000000000e+02,5.900000000000000000e+03,2.707289825857343999e+02,2.751123962799388778e+02,2.833960153767329189e+02,3.147022471051456591e+02,2.837934696814078279e+02,2.840803785425811725e+02,2.763146224378878628e+02,2.723615002223353372e+02,2.722948325932892999e+02,2.696685808927193193e+02,2.719119528589346828e+02,2.720057190013914123e+02,2.691244325050428188e+02,1.687742354141715041e+05,2.286941074294918508e+01,1.629998016522172222e+01
3.300000000000000000e+02,5.910000000000000000e+03,2.707557383392812653e+02,2.752294345345748638e+02,2.835330030292901142e+02,3.148175008252713383e+02,2.838973451742720613e+02,2.839317978502800202e+02,2.768208548052186302e+02,2.724804245654602255e+02,2.724141577574481516e+02,2.697659168866764503e+02,2.719564756740896314e+02,2.720934794557377927e+02,2.692280239284293657e+02,1.688400831371628155e+05,2.291394619915503483e+01,1.632917354346940897e+01
3.400000000000000000e+02,5.920000000000000000e+03,2.707827857945234769e+02,2.753464136444639507e+02,2.836701868399928230e+02,3.149270924780228142e+02,2.840003407652906162e+02,2.837870463896172168e+02,2.773324667347390005e+02,2.725989032913973915e+02,2.725330441663027159e+02,2.698633776221559515e+02,2.720012367030258815e+02,2.721814338370148789e+02,2.693317925945414686e+02,1.689060589679091645e+05,2.295600991265040136e+01,1.635842646539051515e+01
3.500000000000000000e+02,5.930000000000000000e+03,2.708101247082343548e+02,2.754633365267564500e+02,2.838075072227424016e+02,3.150310160233236161e+02,2.841024344916182827e+02,2.836459951638250345e+02,2.778492146280216275e+02,2.727169162457203697e+02,2.726514716251265895e+02,2.699609628082152426e+02,2.720462368463770986e+02,2.722695831204486581e+02,2.694357376234908656e+02,1.689721376703837886e+05,2.299559655015559656e+01,1.638772591499098752e+01
3.600000000000000000e+02,5.940000000000000000e+03,2.708377547941875036e+02,2.755802046531543397e+02,2.839449047736967486e+02,3.151292653178306296e+02,2.842036039433771748e+02,2.835085183773090876e+02,2.783708567965065868e+02,2.728344426959284874e+02,2.727694193612356912e+02,2.700586717608730964e+02,2.720914766915111045e+02,2.723579278914667157e+02,2.695398577486629392e+02,1.690382940873915213e+05,2.303270109246061992e+01,1.641705898993296842e+01
3.700000000000000000e+02,5.950000000000000000e+03,2.708656757215703692e+02,2.756970181048558288e+02,2.840823202859505159e+02,3.152218341322422361e+02,2.843038262971095378e+02,2.833744933161393647e+02,2.788971534354161008e+02,2.729514613656074289e+02,2.728868660584209920e+02,2.701565034062256814e+02,2.721369565212970656e+02,2.724464683512845227e+02,2.696441513185323515e+02,1.691045031426672940e+05,2.306731883506164138e+01,1.644641289160216502e+01
3.800000000000000000e+02,5.960000000000000000e+03,2.708938871143046754e+02,2.758137756236504856e+02,2.842196947642196960e+02,3.153087161681042971e+02,2.844030783465146897e+02,2.832438002344393908e+02,2.794278666023908499e+02,2.730679504669295170e+02,2.730037898895965327e+02,2.702544562830300947e+02,2.721826763220841485e+02,2.725352043226329783e+02,2.697486162991609717e+02,1.691707398430987087e+05,2.309944538875738829e+01,1.647577491568877051e+01
3.900000000000000000e+02,5.970000000000000000e+03,2.709223885494062074e+02,2.759304746834557136e+02,2.843569694335891427e+02,3.153899050726662381e+02,2.845013365306757578e+02,2.831163222473416567e+02,2.799627601979128713e+02,2.731838877316976664e+02,2.731201685468570304e+02,2.703525285451418085e+02,2.722286357916131578e+02,2.726241352560479072e+02,2.698532502787551266e+02,1.692369792810159270e+05,2.312907668020573837e+01,1.650513244311501637e+01
4.000000000000000000e+02,5.980000000000000000e+03,2.709511795560781025e+02,2.760471115083919926e+02,2.844940857600852269e+02,3.154653944529768523e+02,2.845985769642313699e+02,2.829919452290785671e+02,2.805015999584145447e+02,2.732992504404840588e+02,2.732359792716804350e+02,2.704507179676418787e+02,2.722748343472777037e+02,2.727132602332065403e+02,2.699580504653346225e+02,1.693031966366390407e+05,2.315620895244011024e+01,1.653447293187180378e+01
4.100000000000000000e+02,5.990000000000000000e+03,2.709802596134375108e+02,2.761636811199674071e+02,2.846309854629077449e+02,3.155351778891175627e+02,2.846947754647448505e+02,2.828705577162230043e+02,2.810441534479631400e+02,2.734140154506220597e+02,2.733511988838743036e+02,2.705490219440162605e+02,2.723212711312663714e+02,2.728025779733001173e+02,2.700630136944636206e+02,1.693693671804679034e+05,2.318083876534586452e+01,1.656378390917856080e+01
4.200000000000000000e+02,6.000000000000000000e+03,2.710096281507890694e+02,2.762801774148798586e+02,2.847676105183806499e+02,3.155992489463916968e+02,2.847899075757204628e+02,2.827520508161931048e+02,2.815901900489562308e+02,2.735281592242180295e+02,2.734658038065082906e+02,2.706474374934828688e+02,2.723679450187569842e+02,2.728920868372554196e+02,2.701681364297742789e+02,1.694354662759308994e+05,2.320296299609645985e+01,1.659305296384659201e+01
4.300000000000000000e+02,6.010000000000000000e+03,2.710392845447344143e+02,2.763965931888604928e+02,2.849039031772172734e+02,3.156576011868290834e+02,2.848839485921386654e+02,2.826363181191786680e+02,2.821394809645418604e+02,2.736416578530088941e+02,2.735797700928552558e+02,2.707459612632832204e+02,2.724148546240108431e+02,2.729817848324410647e+02,2.702734147658393340e+02,1.695014693819507374e+05,2.322257883954937085e+01,1.662226773942735036e+01
4.400000000000000000e+02,6.020000000000000000e+03,2.710692281187500043e+02,2.765129201807715162e+02,2.850398059741023644e+02,3.157102281796135230e+02,2.849768735834831546e+02,2.825232556172754812e+02,2.826917992202264713e+02,2.737544870829020169e+02,2.736930734507088800e+02,2.708445895313869869e+02,2.724619983064510507e+02,2.730716696167083910e+02,2.703788444310316095e+02,1.695673520556479925e+05,2.323968380860181071e+01,1.665141592775987789e+01
4.500000000000000000e+02,6.030000000000000000e+03,2.710994581415936864e+02,2.766291491142679888e+02,2.851752617389923330e+02,3.157571235115502759e+02,2.850686574166437026e+02,2.824127616229607725e+02,2.832469196694981974e+02,2.738666223381748637e+02,2.738056892661697930e+02,2.709433182096821042e+02,2.725093741766158928e+02,2.731617385024482019e+02,2.704844207902454514e+02,1.696330899551244220e+05,2.325427573450600605e+01,1.668048526290519717e+01
4.600000000000000000e+02,6.040000000000000000e+03,2.711299738261797074e+02,2.767452697374622517e+02,2.853102136073301267e+02,3.157982807967820236e+02,2.851592747769079210e+02,2.823047366949054435e+02,2.838046190016671062e+02,2.739780387436452997e+02,2.739175926260144820e+02,2.710421428473619585e+02,2.725569801013580218e+02,2.732519884605220000e+02,2.705901388477780642e+02,1.696986588422865607e+05,2.326635276714424094e+01,1.670946351565063992e+01
4.700000000000000000e+02,6.050000000000000000e+03,2.711607743276015867e+02,2.768612708604873092e+02,2.854446050297370903e+02,3.158336936855225190e+02,2.852487001888001714e+02,2.821990835655747105e+02,2.843646757520476172e+02,2.740887111472122797e+02,2.740287583404383440e+02,2.711410586339537190e+02,2.726048137093619630e+02,2.733424161239262844e+02,2.706959932501126218e+02,1.697640345856699569e+05,2.327591337526337512e+01,1.673833848829986337e+01
4.800000000000000000e+02,6.060000000000000000e+03,2.711918587430625394e+02,2.769771403930619158e+02,2.855783797817493905e+02,3.158633558729102333e+02,2.853369080358231145e+02,2.820957070736379819e+02,2.849268703151030309e+02,2.741986141403004353e+02,2.741391609627686989e+02,2.712400604025292523e+02,2.726528723960113894e+02,2.734330177913029729e+02,2.708019782891226441e+02,1.698291931634712673e+05,2.328295634666902103e+01,1.676709800998609978e+01
4.900000000000000000e+02,6.070000000000000000e+03,2.712232261087968936e+02,2.770928653795394325e+02,2.857114819732459523e+02,3.158872611070778476e+02,2.854238725791367415e+02,2.819945140975346476e+02,2.854909849592372098e+02,2.743077220783081316e+02,2.742487748107352559e+02,2.713391426329099545e+02,2.727011533280733033e+02,2.735237894301437791e+02,2.709080879044616950e+02,1.698941106663297978e+05,2.328748078837924496e+01,1.679572993238613421e+01
5.000000000000000000e+02,6.080000000000000000e+03,2.712548754004922102e+02,2.772084320336062433e+02,2.858438560574362555e+02,3.159054031971618883e+02,2.855095679765172463e+02,2.818954134935634102e+02,2.860568038434934124e+02,2.744160091005373374e+02,2.743575739857098483e+02,2.714382994552156561e+02,2.727496534483008190e+02,2.736147266798204782e+02,2.710143156869053200e+02,1.699587633005714451e+05,2.328948612673777774e+01,1.682422212586254062e+01
5.100000000000000000e+02,6.090000000000000000e+03,2.712868055303280812e+02,2.773238257711936967e+02,2.859754468396436096e+02,3.159177760204995593e+02,2.855939682992224675e+02,2.817983160362474564e+02,2.866241130362554372e+02,2.745234491483580541e+02,2.744655323911987352e+02,2.715375246528049615e+02,2.727983694796452028e+02,2.737058248550247299e+02,2.711206548810438335e+02,1.700231273910032760e+05,2.328897210748673885e+01,1.685256247594504586e+01
5.200000000000000000e+02,6.100000000000000000e+03,2.713190153468750054e+02,2.774390312427091203e+02,2.861061994856813158e+02,3.159243735299515379e+02,2.856770475495268897e+02,2.817031343615799415e+02,2.871927005355871643e+02,2.746300159838326067e+02,2.745726237514520562e+02,2.716368116658203462e+02,2.728472979293178469e+02,2.737970789482001237e+02,2.712270983883547615e+02,1.700871793841768522e+05,2.328593879579889148e+01,1.688073888033830272e+01
5.300000000000000000e+02,6.110000000000000000e+03,2.713515036334063097e+02,2.775540323645446961e+02,2.862360595304244271e+02,3.159251897607280171e+02,2.857587796767485884e+02,2.816097829120794245e+02,2.877623562904949495e+02,2.747356832071726558e+02,2.746788216287542923e+02,2.717361535944502862e+02,2.728964350927828946e+02,2.738884836323433660e+02,2.713336387705509765e+02,1.701508958514225960e+05,2.328038657626937535e+01,1.690873924619451074e+01
5.400000000000000000e+02,6.120000000000000000e+03,2.713842691059140861e+02,2.776688123485244546e+02,2.863649728858065373e+02,3.159202188369990836e+02,2.858391385932329740e+02,2.815181778848453291e+02,2.883328722243373363e+02,2.748404242738043877e+02,2.747840994405164565e+02,2.718355432023683420e+02,2.729457770573411608e+02,2.739800332638812961e+02,2.714402682518406209e+02,1.702142534919346508e+05,2.327231615286694577e+01,1.693655148787253140e+01
5.500000000000000000e+02,6.130000000000000000e+03,2.714173104125937357e+02,2.777833537315605668e+02,2.864928858485203591e+02,3.159094549783769139e+02,2.859180981893485978e+02,2.814282371818771935e+02,2.889040422584113799e+02,2.749442125106442631e+02,2.748884304754937489e+02,2.719349729200144452e+02,2.729953197056516956e+02,2.740717218846834271e+02,2.715469787230946963e+02,1.702772291359544324e+05,2.326172854884467966e+01,1.696416352502490810e+01
5.600000000000000000e+02,6.140000000000000000e+03,2.714506261320937028e+02,2.778976384038230094e+02,2.866197451078469385e+02,3.158928925059998960e+02,2.859956323484878453e+02,2.813398803622465039e+02,2.894756623374577771e+02,2.750470211319625946e+02,2.749917879098416620e+02,2.720344348481293650e+02,2.730450587192096350e+02,2.741635432250325835e+02,2.716537617439440737e+02,1.703397997479269688e+05,2.324862510661032644e+01,1.699156328110656133e+01
5.700000000000000000e+02,6.150000000000000000e+03,2.714842147725312316e+02,2.780116476360985871e+02,2.867454977527912661e+02,3.158705258484419574e+02,2.860717149608491923e+02,2.812530285965297026e+02,2.900475304550327564e+02,2.751488232549656914e+02,2.750941448224644432e+02,2.721339207615054647e+02,2.730949895816623325e+02,2.742554907055633748e+02,2.717606085465130832e+02,1.704019424296540383e+05,2.323300748755599443e+01,1.701873868220333108e+01
5.800000000000000000e+02,6.160000000000000000e+03,2.715180747692655814e+02,2.781253621063112291e+02,2.868700912797359024e+02,3.158423495475591380e+02,2.861463199375449449e+02,2.811676046230968495e+02,2.906194466806422270e+02,2.752495919146148253e+02,2.751954742095196593e+02,2.722334221118920823e+02,2.731451075814865703e+02,2.743475574396822481e+02,2.718675100386134318e+02,1.704636344234095886e+05,2.321487767184757800e+01,1.704567765628490505e+01
5.900000000000000000e+02,6.170000000000000000e+03,2.715522044846797485e+02,2.782387619254925539e+02,2.869934735992389392e+02,3.158083582641610860e+02,2.862194212235959299e+02,2.810835327062806641e+02,2.911912131867997573e+02,2.753493000778641999e+02,2.752957489995655465e+02,2.723329300322585027e+02,2.731954078155258117e+02,2.744397362357205452e+02,2.719744568068329045e+02,1.705248531152308569e+05,2.319423795817366596e+01,1.707236813279135035e+01
6.000000000000000000e+02,6.180000000000000000e+03,2.715866022063359537e+02,2.783518266626676905e+02,2.871155930429798104e+02,3.157685467834762107e+02,2.862909928107089286e+02,2.810007385960900592e+02,2.917626342762494005e+02,2.754479206578611183e+02,2.753949420666804713e+02,2.724324353399593406e+02,2.732458851913906415e+02,2.745320195989286276e+02,2.720814391198340445e+02,1.705855760379420535e+05,2.317109096345409824e+01,1.709879804254646629e+01
6.100000000000000000e+02,6.190000000000000000e+03,2.716212661458046682e+02,2.784645353692206982e+02,2.872363983704534576e+02,3.157229100204474435e+02,2.863610087501369321e+02,2.809191494898601604e+02,2.923335164107244850e+02,2.755454265275693615e+02,2.754930262447800260e+02,2.725319285404586367e+02,2.732965344306571751e+02,2.746243997342145917e+02,2.721884469319280697e+02,1.706457808744705690e+05,2.314543962250813536e+01,1.712495531808336935e+01
6.200000000000000000e+02,6.200000000000000000e+03,2.716561944371016466e+02,2.785768666025521725e+02,2.873558387756810930e+02,3.156714430251051340e+02,2.864294431639637537e+02,2.808386939955394155e+02,2.929036682384866594e+02,2.756417905327165840e+02,2.755899743402273430e+02,2.726313998312394915e+02,2.733473500712065061e+02,2.747168685472625498e+02,2.722954698861556722e+02,1.707054454608480737e+05,2.311728718768239332e+01,1.715082789425661502e+01
6.300000000000000000e+02,6.210000000000000000e+03,2.716913851359843761e+02,2.786887984491175416e+02,2.874738638934668415e+02,3.156141409876386774e+02,2.864962702572227045e+02,2.807593020960098329e+02,2.934729006230567165e+02,2.757369855047392662e+02,2.756857591449652318e+02,2.727308391054927483e+02,2.733983264699601818e+02,2.748094176473319408e+02,2.724024973180789289e+02,1.707645477894730575e+05,2.308663722843845534e+01,1.717640370920191728e+01
6.400000000000000000e+02,6.220000000000000000e+03,2.717268362180859640e+02,2.788003085465156801e+02,2.875904238056212989e+02,3.155509992431751130e+02,2.865614643289657693e+02,2.806809051154955341e+02,2.940410266713260512e+02,2.758309842731263188e+02,2.757803534485301498e+02,2.728302359558338139e+02,2.734494578055164880e+02,2.749020383492305655e+02,2.725095182592501146e+02,1.708230660121306137e+05,2.305349363090029158e+01,1.720167070563741518e+01
6.500000000000000000e+02,6.230000000000000000e+03,2.717625455782578001e+02,2.789113741054681554e+02,2.877054690471073286e+02,3.154820132774240165e+02,2.866249997832284748e+02,2.806034356867205020e+02,2.946078617616880138e+02,2.759237596775492989e+02,2.758737300504085397e+02,2.729295796782716934e+02,2.735007380805739103e+02,2.749947216750969687e+02,2.726165214405424422e+02,1.708809784431695298e+05,2.301786059736155821e+01,1.722661683249018338e+01
6.600000000000000000e+02,6.240000000000000000e+03,2.717985110290391049e+02,2.790219719309098423e+02,2.878189506120392593e+02,3.154071787307972272e+02,2.866868511394104644e+02,2.805268277200872831e+02,2.951732235721600546e+02,2.760152845794492578e+02,2.759658617717104789e+02,2.730288592764459850e+02,2.735521611243960365e+02,2.750874583570118261e+02,2.727234952961245540e+02,1.709382635625652329e+05,2.297974264575275072e+01,1.725123004679273109e+01
6.700000000000000000e+02,6.250000000000000000e+03,2.718347302994922075e+02,2.791320784424843851e+02,2.879308199594024131e+02,3.153264914036339519e+02,2.867469930425974667e+02,2.804510163731348484e+02,2.957369321078848543e+02,2.761055318736134723e+02,2.760567214663834079e+02,2.731280634651973287e+02,2.736037205949882036e+02,2.751802388383836728e+02,2.728304279671916106e+02,1.709949000189075014e+05,2.293914460906843544e+01,1.727549831592030927e+01
6.800000000000000000e+02,6.260000000000000000e+03,2.718712010342812846e+02,2.792416696946152115e+02,2.880410290186254656e+02,3.152399472607121993e+02,2.868054002735172503e+02,2.803759380222535356e+02,2.962988097281060504e+02,2.761944744990105960e+02,2.761462820322898892e+02,2.732271806750565020e+02,2.736554099820081092e+02,2.752730532769387537e+02,2.729373073056013936e+02,1.710508666324731312e+05,2.289607163475437801e+01,1.729940962009448668e+01
6.900000000000000000e+02,6.270000000000000000e+03,2.719079207922030719e+02,2.793507213955267616e+02,2.881495301953274293e+02,3.151475424363177353e+02,2.868620477580645911e+02,2.803015302346889257e+02,2.968586811734187449e+02,2.762820854497758774e+02,2.762345164220164975e+02,2.733261990560905588e+02,2.737072226083776059e+02,2.753658915464564529e+02,2.730441208784631613e+02,1.711061423981958942e+05,2.285052918405497735e+01,1.732295195524980969e+01
7.000000000000000000e+02,6.280000000000000000e+03,2.719448870455390193e+02,2.794592089313257475e+02,2.882562763765492377e+02,3.150492732385484373e+02,2.869169105766740131e+02,2.802277317419630549e+02,2.974163735911345725e+02,2.763683377853502634e+02,2.763213976535152483e+02,2.734251064828011977e+02,2.737591516334020980e+02,2.754587432393223025e+02,2.731508559674695675e+02,1.711607064886100998e+05,2.280252303132080982e+01,1.734611333603172412e+01
7.100000000000000000e+02,6.290000000000000000e+03,2.719820971786563177e+02,2.795671073680862264e+02,2.883612209360068164e+02,3.149451361539490790e+02,2.869699639732077685e+02,2.801544824144625068e+02,2.979717165611553469e+02,2.764532046410032535e+02,2.764068988196562486e+02,2.735238905616170655e+02,2.738111900544452055e+02,2.755515976684129100e+02,2.732574995838809286e+02,1.712145382567442139e+05,2.275205926327649664e+01,1.736888179919384001e+01
7.200000000000000000e+02,6.300000000000000000e+03,2.720195484871874783e+02,2.796743915035970076e+02,2.884643177390952360e+02,3.148351278521782319e+02,2.870211833639272072e+02,2.800817232369259955e+02,2.985245421201447584e+02,2.765366592381291753e+02,2.764909930987599864e+02,2.736225386169326725e+02,2.738633307099722742e+02,2.756444438703803144e+02,2.733640384616969641e+02,1.712676172389808053e+05,2.269914427824892300e+01,1.739124540721503820e+01
7.300000000000000000e+02,6.310000000000000000e+03,2.720572381770390962e+02,2.797810358425866184e+02,2.885655211480251978e+02,3.147192451906229280e+02,2.870705443457482602e+02,2.800093962847607827e+02,2.990746847855899091e+02,2.766186748926601808e+02,2.765736537640702295e+02,2.737210377282210629e+02,2.739155662810333070e+02,2.757372706074293092e+02,2.734704590664021566e+02,1.713199231579001353e+05,2.264378478535603989e+01,1.741319225212524557e+01
7.400000000000000000e+02,6.320000000000000000e+03,2.720951633633906113e+02,2.798870146441087741e+02,2.886647860265132408e+02,3.145974852186542989e+02,2.871180227045321089e+02,2.799374447009714117e+02,2.996219815781946068e+02,2.766992250254065198e+02,2.766548541928613645e+02,2.738193747094798027e+02,2.739678892943568940e+02,2.758300663700389919e+02,2.735767475990631965e+02,1.713714359249768313e+05,2.258598780365624492e+01,1.743471045955910981e+01
7.500000000000000000e+02,6.330000000000000000e+03,2.721333210698437597e+02,2.799923019302685816e+02,2.887620677442821489e+02,3.144698451824038443e+02,2.871635944229765869e+02,2.798658126748327959e+02,3.001662720438131942e+02,2.767782831710059668e+02,2.767345678757044993e+02,2.739175361214194595e+02,2.740202921242479874e+02,2.759228193802348983e+02,2.736828900004567231e+02,1.714221356433526380e+05,2.252576066125830678e+01,1.745578819313032781e+01
7.600000000000000000e+02,6.340000000000000000e+03,2.721717082274375343e+02,2.800968714332232707e+02,2.888573221977413823e+02,3.143363225289670027e+02,2.872072356997493330e+02,2.797944454204803719e+02,3.007073982799055329e+02,2.768558229866597458e+02,2.768127684264953245e+02,2.740155082758993785e+02,2.740727669945632101e+02,2.760155175917145129e+02,2.737888719512677085e+02,1.714720026104497374e+05,2.246311099439237324e+01,1.747641365952337011e+01
7.700000000000000000e+02,6.350000000000000000e+03,2.722103216742655718e+02,2.802006968692855935e+02,2.889505057535642436e+02,3.141969149109513069e+02,2.872489229154252826e+02,2.797232891568173727e+02,3.012452049350343941e+02,2.769318182609690098e+02,2.768894295893186381e+02,2.741132772412128702e+02,2.741253059831045675e+02,2.761081486999854064e+02,2.738946788930065850e+02,1.715210173206442560e+05,2.239804674644167193e+01,1.749657511116810227e+01
7.800000000000000000e+02,6.360000000000000000e+03,2.722491581541718801e+02,2.803037515874895576e+02,2.890415753424681498e+02,3.140516201908396852e+02,2.872886326977252907e+02,2.796522910879176038e+02,3.017795392525723059e+02,2.770062429225362166e+02,2.769645252449194004e+02,2.742108288472477398e+02,2.741779010221997055e+02,2.762007001376633752e+02,2.740002960108757861e+02,1.715691604676765855e+05,2.233057616693541547e+01,1.751626085358943641e+01
7.900000000000000000e+02,6.370000000000000000e+03,2.722882143167968820e+02,2.804060088163835189e+02,2.891304884039689114e+02,3.139004364455963696e+02,2.873263418934363358e+02,2.795813993843938761e+02,3.023102510750181864e+02,2.770790710477646712e+02,2.770380294244308743e+02,2.743081486896937236e+02,2.742305439018892912e+02,2.762931590807369275e+02,2.741057082507298333e+02,1.716164129473057983e+05,2.226070781050280800e+01,1.753545924947849244e+01
8.000000000000000000e+02,6.380000000000000000e+03,2.723274867159374253e+02,2.805074416275560338e+02,2.892172029053222104e+02,3.137433619708275501e+02,2.873620275823911925e+02,2.795105631648486337e+02,3.028371928608958683e+02,2.771502768690146468e+02,2.771099163138028985e+02,2.744052221356832888e+02,2.742832262722224073e+02,2.763855124519852779e+02,2.742109003219566148e+02,1.716627558595272130e+05,2.218845053578843363e+01,1.755415872388958576e+01
8.100000000000000000e+02,6.390000000000000000e+03,2.723669718096405745e+02,2.806080229263268961e+02,2.893016773455198631e+02,3.135803952851749727e+02,2.873956670844648897e+02,2.794397324788902779e+02,3.033602196997486544e+02,2.772198347814601789e+02,2.771801602621343363e+02,2.745020343485626313e+02,2.743359396447137897e+02,2.764777469256292193e+02,2.743158567022570651e+02,1.717081705110482580e+05,2.211381350432901627e+01,1.757234776969409040e+01
8.200000000000000000e+02,6.400000000000000000e+03,2.724066659597343119e+02,2.807077255605042296e+02,2.893838707591095840e+02,3.134115351349887533e+02,2.874272379661890113e+02,2.793688582904887312e+02,3.038791893251187162e+02,2.772877193543602061e+02,2.772487357893652415e+02,2.745985702152047452e+02,2.743886754000682231e+02,2.765698489245556857e+02,2.744205616433750379e+02,1.717526384176147985e+05,2.203680617939188124e+01,1.759001495322443986e+01
8.300000000000000000e+02,6.410000000000000000e+03,2.724465654310937452e+02,2.808065221888187466e+02,2.894637427195634132e+02,3.132367804983487645e+02,2.874567180468666834e+02,2.792978924609374758e+02,3.043939621262477999e+02,2.773539053332344224e+02,2.773156175934925045e+02,2.746948144679104757e+02,2.744414247837889889e+02,2.766618046358754555e+02,2.745249991754013763e+02,1.717961413060895575e+05,2.195743832477505464e+01,1.760714891982026131e+01
8.400000000000000000e+02,6.420000000000000000e+03,2.724866663909609201e+02,2.809043856145382279e+02,2.895412532921822617e+02,3.130561305896994213e+02,2.874840853685457773e+02,2.792267877337183677e+02,3.049044011393756364e+02,2.774183676466900010e+02,2.773807805582530364e+02,2.747907516289595833e+02,2.744941789200238418e+02,2.767536000076221399e+02,2.746291531138317623e+02,1.718386611166844668e+05,2.187572000356933444e+01,1.762373839758369698e+01
8.500000000000000000e+02,6.430000000000000000e+03,2.725269649093047519e+02,2.810012878692424465e+02,2.896163632511522223e+02,3.128695848640095392e+02,2.875093183487713873e+02,2.791554977196338996e+02,3.054103721282805850e+02,2.774810814192789508e+02,2.774441997590440678e+02,2.748863659742040682e+02,2.745469287897325898e+02,2.768452207489348211e+02,2.747330070618507420e+02,1.718801800050084130e+05,2.179166157688238314e+01,1.763977221084612168e+01
8.600000000000000000e+02,6.440000000000000000e+03,2.725674569578515616e+02,2.810972016185251618e+02,2.896890337433858917e+02,3.126771430212967289e+02,2.875323955646436502e+02,2.790839768816894662e+02,3.059117434917981768e+02,2.775420219835839930e+02,2.775058504699179593e+02,2.749816416243427852e+02,2.745996652621927296e+02,2.769366523399963285e+02,2.748365444177292716e+02,1.719206803440440563e+05,2.170527370252501242e+01,1.765523927636517598e+01
8.700000000000000000e+02,6.450000000000000000e+03,2.726081384101796630e+02,2.811920992220820494e+02,2.897592265354671781e+02,3.124788050109683013e+02,2.875532959050339628e+02,2.790121805216261350e+02,3.064083863262760019e+02,2.776011648677866219e+02,2.775657081710175476e+02,2.750765625009013320e+02,2.746523790859337737e+02,2.770278800380767734e+02,2.749397483807500180e+02,1.719601447261613794e+05,2.161656733365990135e+01,1.767012861408262481e+01
8.800000000000000000e+02,6.460000000000000000e+03,2.726490050416328472e+02,2.812859529932044325e+02,2.898269039474581064e+02,3.122745710360493376e+02,2.875719985410066784e+02,2.789400647660306163e+02,3.069001744205377804e+02,2.776584858146746910e+02,2.776237485542225158e+02,2.751711123399468875e+02,2.747050608915913017e+02,2.771188888775255919e+02,2.750426019566971831e+02,1.719985559648690105e+05,2.152555371741284063e+01,1.768442935293159834e+01
8.900000000000000000e+02,6.470000000000000000e+03,2.726900525287812798e+02,2.813787352093913228e+02,2.898920288568928072e+02,3.120644415578183839e+02,2.875884829304602590e+02,2.788675865529130533e+02,3.073869842575719531e+02,2.777139607865780135e+02,2.776799475302272526e+02,2.752652746997649160e+02,2.747577011952545831e+02,2.772096636769254019e+02,2.751450879637798153e+02,1.720358970966427878e+05,2.143224439344668752e+01,1.769813073691668848e+01
9.000000000000000000e+02,6.480000000000000000e+03,2.727312764498906290e+02,2.814704181254495552e+02,2.899545647021128048e+02,3.118484172997258383e+02,2.876027288229309420e+02,2.787947036193777421e+02,3.078686950149864856e+02,2.777675659709324805e+02,2.777342812337169562e+02,2.753590329668596723e+02,2.748102904019229982e+02,2.773001890435438099e+02,2.752471890384825883e+02,1.720721513826065056e+05,2.133665119249825892e+01,1.771122213114746557e+01
9.100000000000000000e+02,6.490000000000000000e+03,2.727726722846483653e+02,2.815609739856332112e+02,2.900144754848265052e+02,3.116264992522375223e+02,2.876147162643853221e+02,2.787213744892309251e+02,3.083451885641157446e+02,2.778192777865106677e+02,2.777867260299537975e+02,2.754523703625600319e+02,2.748628188083975488e+02,2.773904493785012164e+02,2.753488876413574644e+02,1.721073023101814033e+05,2.123878623487826545e+01,1.772369302807847546e+01
9.200000000000000000e+02,6.500000000000000000e+03,2.728142354146561956e+02,2.816503750361689526e+02,2.900717257725785885e+02,3.113986886767266355e+02,2.876244256019225531e+02,2.786475584610222427e+02,3.088163494679037626e+02,2.778690728885654266e+02,2.778372585201474294e+02,2.755452699487897803e+02,2.749152766073267458e+02,2.774804288814086135e+02,2.754501660635841631e+02,1.721413335946157167e+05,2.113866192893465978e+01,1.773553305363407517e+01
9.300000000000000000e+02,6.510000000000000000e+03,2.728559611227500454e+02,2.817385935357454514e+02,2.901262807016288434e+02,3.111649871103018086e+02,2.876318374884145328e+02,2.785732155950867650e+02,3.092820649767679697e+02,2.779169281750106961e+02,2.778858555473396450e+02,2.756377146351786109e+02,2.749676538897284104e+02,2.775701115569611375e+02,2.755510064328805697e+02,1.721742291804101551e+05,2.103629096947928190e+01,1.774673197340811370e+01
9.400000000000000000e+02,6.520000000000000000e+03,2.728978445940780944e+02,2.818256017560950681e+02,2.901781050589933102e+02,3.109253963604949149e+02,2.876369327420950981e+02,2.784983089186114853e+02,3.097422250230880536e+02,2.779628207913008850e+02,2.779324935865899420e+02,2.757296871849463287e+02,2.750199406487609508e+02,2.776594812202826574e+02,2.756513907215036738e+02,1.722059732424083631e+05,2.093168633617834828e+01,1.775727972839003499e+01
9.500000000000000000e+02,6.530000000000000000e+03,2.729398809162734665e+02,2.819113720271708416e+02,2.902271670782128012e+02,3.106799185309321842e+02,2.876396928396491717e+02,2.784227955402607222e+02,3.101967222140643798e+02,2.780067281333040228e+02,2.779771511704649924e+02,2.758211702217823245e+02,2.750721267835477306e+02,2.777485215014672235e+02,2.757513007481504701e+02,1.722365501882833778e+05,2.082486129190667867e+01,1.776716632264585272e+01
9.600000000000000000e+02,6.540000000000000000e+03,2.729820650793437267e+02,2.819958767199420890e+02,2.902734325359005538e+02,3.104285560155155963e+02,2.876400993628051310e+02,2.783466399398034241e+02,3.106454518234049829e+02,2.780486278603592609e+02,2.780198053798184787e+02,2.759121462364402646e+02,2.751242021021068922e+02,2.778372158517117327e+02,2.758507181878049437e+02,1.722659446584003745e+05,2.071582938106617888e+01,1.777638200426424930e+01
9.700000000000000000e+02,6.550000000000000000e+03,2.730243919766640488e+02,2.820790882612474775e+02,2.903168688659573036e+02,3.101713114998879064e+02,2.876381342099770677e+02,2.782698051919765021e+02,3.110883117815179162e+02,2.780884978910673340e+02,2.780604340224298880e+02,2.760025975933642144e+02,2.751761563254372049e+02,2.779255475506061543e+02,2.759496245792936406e+02,1.722941415275656909e+05,2.060460442786846613e+01,1.778491716316323945e+01
9.800000000000000000e+02,6.560000000000000000e+03,2.730668564049764768e+02,2.821609791463216652e+02,2.903574440962576091e+02,3.099081879639668387e+02,2.876337796153068780e+02,2.781922549969204397e+02,3.115252026634724984e+02,2.781263164151029628e+02,2.780990152209496387e+02,2.760925065378542627e+02,2.752279790909835242e+02,2.780134997116002182e+02,2.760480013301913118e+02,1.723211259060689772e+05,2.049120053458211999e+01,1.779276235485551894e+01
9.900000000000000000e+02,6.570000000000000000e+03,2.731094530657031214e+02,2.822415219503949402e+02,2.903951268036734064e+02,3.096391886892895968e+02,2.876270181443851470e+02,2.781139538059146048e+02,3.119560276756974417e+02,2.781620618874039792e+02,2.781355273704776323e+02,2.761818552025683289e+02,2.752796599564288726e+02,2.781010552881284070e+02,2.761458297240857291e+02,1.723468831406469399e+05,2.037563207974465485e+01,1.779990831106491100e+01
1.000000000000000000e+03,6.580000000000000000e+03,2.731521765647421489e+02,2.823206893320390805e+02,2.904298861752470202e+02,3.093643172642101717e+02,2.876178327031167328e+02,2.780348666919690572e+02,3.123806926420595005e+02,2.781957130490803252e+02,2.781699491535149491e+02,2.762706256141438530e+02,2.753311884029675980e+02,2.781881970806534810e+02,2.762430909269913286e+02,1.723713988154488325e+05,2.025791371633944493e+01,1.780634594452974184e+01
1.010000000000000000e+03,6.590000000000000000e+03,2.731950214137187913e+02,2.823984540637513305e+02,2.904616919503345684e+02,3.090835775849982952e+02,2.876062065320167562e+02,2.779549594662879031e+02,3.127991059861872145e+02,2.782272489189109592e+02,2.782022595243466299e+02,2.763587997013510176e+02,2.753825538398122603e+02,2.782749077429023146e+02,2.763397659947675606e+02,1.723946587528619275e+05,2.013806036993787885e+01,1.781206635607578903e+01
1.020000000000000000e+03,6.600000000000000000e+03,2.732379820306562692e+02,2.824747890176712986e+02,2.904905144589150723e+02,3.087969738640575770e+02,2.875921232120172135e+02,2.778741986038017444e+02,3.132111787153344835e+02,2.782566488009617842e+02,2.782324377241307616e+02,2.764463593009620013e+02,2.754337456078974924e+02,2.783611697896046167e+02,2.764358358797121014e+02,1.724166490142978728e+05,2.001608723680690005e+01,1.781706083956633435e+01
1.030000000000000000e+03,6.610000000000000000e+03,2.732810527408671533e+02,2.825496671895276677e+02,2.905163246138787940e+02,3.085045106322407378e+02,2.875755666672606026e+02,2.777925512460940922e+02,3.136168244011425941e+02,2.782838922889819742e+02,2.782604632829459774e+02,2.765332861654889598e+02,2.754847529832229611e+02,2.784469656009529785e+02,2.765312814381919679e+02,1.724373559009021265e+05,1.989200978198232406e+01,1.782132088733278152e+01
1.040000000000000000e+03,6.620000000000000000e+03,2.733242277777656568e+02,2.826230617079141325e+02,2.905390939117465905e+02,3.082061927437711688e+02,2.875565211676708373e+02,2.777099851932172214e+02,3.140159591592226889e+02,2.783089592703591393e+02,2.782863160232284372e+02,2.766195619699410599e+02,2.755355651816931299e+02,2.785322774313428340e+02,2.766260834364910579e+02,1.724567659541684552e+05,1.976584373730797495e+01,1.782483819553091209e+01
1.050000000000000000e+03,6.630000000000000000e+03,2.733675012839530609e+02,2.826949458273935534e+02,2.905587944367481441e+02,3.079020253821499296e+02,2.875349713318826730e+02,2.776264688962202740e+02,3.144085016286489349e+02,2.783318299299427849e+02,2.783099760635676603e+02,2.767051683193732288e+02,2.755861713624632330e+02,2.786170874180868395e+02,2.767202225578323009e+02,1.724748659565238049e+05,1.963760509944104982e+01,1.782760466939094712e+01
1.060000000000000000e+03,6.640000000000000000e+03,2.734108673122343589e+02,2.827652929654847185e+02,2.905753988546965729e+02,3.075920140606244786e+02,2.875109021293812361e+02,2.775419714491719674e+02,3.147943729473666963e+02,2.783524847533148545e+02,2.783314238239440215e+02,2.767900867559768585e+02,2.756365606313947296e+02,2.787013775830637883e+02,2.768136794154794984e+02,1.724916429317789152e+05,1.950731012782389584e+01,1.782961242813536984e+01
1.070000000000000000e+03,6.650000000000000000e+03,2.734543198268359561e+02,2.828340766940872868e+02,2.905888804193565988e+02,3.072761646298957317e+02,2.874842988835367237e+02,2.774564625818584886e+02,3.151734967295472529e+02,2.783709045306987946e+02,2.783506400263230489e+02,2.768742987661848929e+02,2.756867220467806874e+02,2.787851298482248694e+02,2.769064345473213962e+02,1.725070841455641203e+05,1.937497534262246646e+01,1.783085380991288105e+01
1.080000000000000000e+03,6.660000000000000000e+03,2.734978527042812857e+02,2.829012707477035633e+02,2.905992129705380762e+02,3.069544832815677751e+02,2.874551472737866220e+02,2.773699126522926690e+02,3.155457990401222901e+02,2.783870703602814842e+02,2.783676056997405794e+02,2.769577857886703214e+02,2.757366446221006981e+02,2.788683260367832304e+02,2.769984684360709366e+02,1.725211771056844736e+05,1.924061752263171599e+01,1.783132137654117955e+01
1.090000000000000000e+03,6.670000000000000000e+03,2.735414597351015686e+02,2.829668490382073855e+02,2.906063709344291510e+02,3.066269765523788351e+02,2.874234333376617769e+02,2.772822926396884782e+02,3.159112083687266477e+02,2.784009636513484338e+02,2.783823021835580107e+02,2.770405292207130401e+02,2.757863173305133841e+02,2.789509478816511319e+02,2.770897615100241183e+02,1.725339095623935282e+05,1.910425370314822402e+01,1.783100791809578922e+01
1.100000000000000000e+03,6.680000000000000000e+03,2.735851346247421816e+02,2.830307856607028612e+02,2.906103293228086386e+02,3.062936513282464830e+02,2.873891434732785228e+02,2.771935741394802335e+02,3.162696556018515253e+02,2.784125661274684944e+02,2.783947111299754624e+02,2.771225104262847481e+02,2.758357291085242764e+02,2.790329770352595347e+02,2.771802941517290151e+02,1.725452695086224121e+05,1.896590117381025209e+01,1.782990645722472323e+01
1.110000000000000000e+03,6.690000000000000000e+03,2.736288709952343652e+02,2.830930549012750816e+02,2.906110637350707862e+02,3.059545148491845907e+02,2.873522644410578550e+02,2.771037293518580782e+02,3.166210739950216748e+02,2.784218598293999776e+02,2.784048145079875667e+02,2.772037107432612970e+02,2.758848688615044580e+02,2.791143950755216565e+02,2.772700467050549946e+02,1.725552451801277348e+05,1.882557747640562695e+01,1.782801025337135314e+01
1.120000000000000000e+03,6.700000000000000000e+03,2.736726623862812176e+02,2.831536312490295586e+02,2.906085503559673384e+02,3.056095747133961140e+02,2.873127833660183228e+02,2.770127310793797051e+02,3.169653991430922702e+02,2.784288271182635413e+02,2.784125946052370182e+02,2.772841114896937142e+02,2.759337254659484984e+02,2.791951835138301590e+02,2.773589994823752249e+02,1.725638250555647828e+05,1.868330040264753933e+01,1.782531280680049690e+01
1.130000000000000000e+03,6.710000000000000000e+03,2.737165022570703741e+02,2.832124893975410487e+02,2.906027659552399314e+02,3.052588388814160112e+02,2.872706877390242539e+02,2.769205527212091056e+02,3.173025689500889257e+02,2.784334506772370332e+02,2.784180340310441011e+02,2.773636939740651428e+02,2.759822877750951307e+02,2.792753238031154410e+02,2.774471327734216857e+02,1.725709978565362107e+05,1.853908799191879808e+01,1.782180786241464432e+01
1.140000000000000000e+03,6.720000000000000000e+03,2.737603839877186829e+02,2.832696042594681671e+02,2.905936878889489208e+02,3.049023156806777024e+02,2.872259654189282969e+02,2.768271682624056780e+02,3.176325235979827539e+02,2.784357135159293080e+02,2.784211157190763970e+02,2.774424394995576790e+02,2.760305446219897476e+02,2.793547973456541627e+02,2.775344268509778090e+02,1.725767525475761504e+05,1.839295852898456829e+01,1.781748941332919856e+01
1.150000000000000000e+03,6.730000000000000000e+03,2.738043008806796479e+02,2.833249509701312263e+02,2.905812940973326590e+02,3.045400138100258118e+02,2.871786046338464189e+02,2.767325522717288209e+02,3.179552055150531942e+02,2.784355989713286590e+02,2.784218229298379015e+02,2.775203293725446088e+02,2.760784848247987497e+02,2.794335855005421649e+02,2.776208619793601997e+02,1.725810783360449714e+05,1.824493054167403727e+01,1.781235170436787740e+01
1.160000000000000000e+03,6.740000000000000000e+03,2.738482461625624751e+02,2.833785048968066462e+02,2.905655631045576683e+02,3.041719423435566796e+02,2.871285939827306493e+02,2.766366798938169040e+02,3.182705593427195367e+02,2.784330907109397231e+02,2.784201392528839278e+02,2.775973449109306443e+02,2.761260971892584735e+02,2.795116695922420149e+02,2.777064184213614908e+02,1.725839646719677548e+05,1.809502279853126083e+01,1.780638923521749462e+01
1.170000000000000000e+03,6.750000000000000000e+03,2.738922129858750054e+02,2.834302416431386860e+02,2.905464740160655879e+02,3.037981107353403445e+02,2.870759224358179154e+02,2.765395268491831757e+02,3.185785319024051319e+02,2.784281727345982063e+02,2.784160486084685431e+02,2.776734674502174016e+02,2.761733705156783572e+02,2.795890309179363271e+02,2.777910764458104040e+02,1.725854012478871737e+05,1.794325430643550945e+01,1.779959676355258580e+01
1.180000000000000000e+03,6.760000000000000000e+03,2.739361944308203647e+02,2.834801370596615016e+02,2.905240065237039175e+02,3.034185288240054206e+02,2.870205793380823138e+02,2.764410694130402248e+02,3.188790721613842720e+02,2.784208293769701186e+02,2.784095352518210120e+02,2.777486783512351280e+02,2.762202936003149034e+02,2.796656507559671354e+02,2.778748163349799256e+02,1.725853779985981237e+05,1.778964430819136666e+01,1.779196930760902262e+01
1.190000000000000000e+03,6.770000000000000000e+03,2.739801835066327840e+02,2.835281672795725854e+02,2.904981408898474342e+02,3.030332068337343685e+02,2.869625544079348742e+02,2.763412844284193284e+02,3.191721311931885339e+02,2.784110453092403645e+02,2.784005837720390559e+02,2.778229590076330737e+02,2.762668552406357207e+02,2.797415103742374640e+02,2.779576183940944816e+02,1.725838851008084021e+05,1.763421228008889585e+01,1.778350214871491630e+01
1.200000000000000000e+03,6.780000000000000000e+03,2.740241731537890360e+02,2.835743086149493024e+02,2.904688579768459817e+02,3.026421553882344142e+02,2.869018377394035042e+02,2.762401492895767774e+02,3.194576621601767101e+02,2.783988055413055349e+02,2.783891790959918353e+02,2.778962908531635208e+02,2.763130442391773727e+02,2.798165910368784921e+02,2.780394629513028235e+02,1.725809129728554399e+05,1.747697792943427686e+01,1.777419083457894189e+01
1.210000000000000000e+03,6.790000000000000000e+03,2.740681562462968941e+02,2.836185377138327226e+02,2.904361392083571900e+02,3.022453855038654069e+02,2.868384198024156717e+02,2.761376419404552962e+02,3.197356202534753606e+02,2.783840954233534148e+02,2.783753064909548129e+02,2.779686553681679015e+02,2.763588494076170150e+02,2.798908740117784646e+02,2.781203303741552304e+02,1.725764522742682020e+05,1.731796119205107587e+01,1.776403118030675898e+01
1.220000000000000000e+03,6.800000000000000000e+03,2.741121255927344009e+02,2.836608314791855605e+02,2.903999665901744152e+02,3.018429085989385499e+02,2.867722914441470152e+02,2.760337408678038287e+02,3.200059626709339682e+02,2.783669006479873929e+02,2.783589515638586249e+02,2.780400340878967995e+02,2.764042595711179047e+02,2.799643405807569252e+02,2.782002010729906942e+02,1.725704939053569105e+05,1.715718222975259621e+01,1.775301927081138231e+01
1.230000000000000000e+03,6.810000000000000000e+03,2.741560739386484329e+02,2.837011670865027213e+02,2.903603227051187901e+02,3.014347364989473022e+02,2.867034438891888044e+02,2.759284250989506404e+02,3.202686485794798159e+02,2.783472072499877754e+02,2.783401002639441231e+02,2.781104086084183677e+02,2.764492635703707037e+02,2.800369720463452268e+02,2.782790555075110319e+02,1.725630290067030001e+05,1.699466142778552680e+01,1.774115146268257348e+01
1.240000000000000000e+03,6.820000000000000000e+03,2.741999939688593599e+02,2.837395220219450493e+02,2.903171907042864746e+02,3.010208814368011190e+02,2.866318687406979393e+02,2.758216741902969034e+02,3.205236390708031422e+02,2.783250016107335796e+02,2.783187388835617639e+02,2.781797605968006906e+02,2.764938502732968573e+02,2.801087497396678714e+02,2.783568741955328960e+02,1.725540489586625190e+05,1.683041939224529315e+01,1.772842438518429020e+01
1.250000000000000000e+03,6.830000000000000000e+03,2.742438783088437617e+02,2.837758740235934738e+02,2.902705543185250008e+02,3.006013560633094244e+02,2.865575579790639722e+02,2.757134682344459975e+02,3.207708971369806363e+02,2.783002704567969090e+02,2.782948540610494206e+02,2.782480717927968499e+02,2.765380085680458251e+02,2.801796550286842375e+02,2.784336377187711378e+02,1.725435453807951126e+05,1.666447694746340957e+01,1.771483494246725243e+01
1.260000000000000000e+03,6.840000000000000000e+03,2.742877195274218707e+02,2.838102011471507353e+02,2.902203978499368873e+02,3.001761734473563479e+02,2.864805039673054807e+02,2.756037878342166891e+02,3.210103876227568094e+02,2.782730008632020144e+02,2.782684327810083005e+02,2.783153240200102232e+02,2.765817273711726898e+02,2.802496693253825129e+02,2.785093267308999430e+02,1.725315101312663755e+05,1.649685513336714848e+01,1.770038031392478928e+01
1.270000000000000000e+03,6.850000000000000000e+03,2.743315101383437309e+02,2.838424817454737195e+02,2.901667061643173611e+02,2.997453470810736462e+02,2.864006994442776772e+02,2.754926141240949278e+02,3.212420771909913810e+02,2.782431802532796041e+02,2.782394623751598601e+02,2.783814991917782891e+02,2.766249956352019126e+02,2.803187740938903403e+02,2.785839219647554614e+02,1.725179353062002920e+05,1.632757520281186814e+01,1.768505795544162851e+01
1.280000000000000000e+03,6.860000000000000000e+03,2.743752426029062690e+02,2.838726944799007583e+02,2.901094646964151593e+02,2.993088908844266598e+02,2.863181375292486450e+02,2.753799287485448417e+02,3.214659342851371662e+02,2.782107964003629945e+02,2.782079305237407425e+02,2.784465793175920112e+02,2.766678023486138613e+02,2.803869508584082837e+02,2.786574042384037284e+02,1.725028132390415412e+05,1.615665861888636456e+01,1.766886559998826201e+01
1.290000000000000000e+03,6.870000000000000000e+03,2.744189093316015828e+02,2.839008183240105154e+02,2.900486594458516834e+02,2.988668192096043867e+02,2.862328117209995639e+02,2.752657138621415811e+02,3.216819290911366238e+02,2.781758374281189958e+02,2.781738252562680600e+02,2.785105465100633069e+02,2.767101365402943429e+02,2.804541812105040890e+02,2.787297544633291864e+02,1.724861364998130593e+05,1.598412705219155328e+01,1.765180125809301614e+01
1.300000000000000000e+03,6.880000000000000000e+03,2.744625026867577731e+02,2.839268325681843521e+02,2.899842769753491325e+02,2.984191468453102516e+02,2.861447158980914764e+02,2.751499521237014960e+02,3.218900334994672789e+02,2.781382918119339251e+02,2.781371349525117012e+02,2.785733829919196296e+02,2.767519872841691040e+02,2.805204468167627851e+02,2.788009536504161474e+02,1.724678978944273840e+05,1.581000237809282538e+01,1.763386321810700963e+01
1.310000000000000000e+03,6.890000000000000000e+03,2.745060149847734579e+02,2.839507168288174626e+02,2.899163044069358648e+02,2.979658890205350303e+02,2.860538443182348942e+02,2.750326266933560078e+02,3.220902210674721573e+02,2.780981483795005715e+02,2.780978483430731103e+02,2.786350711018057495e+02,2.767933437017544520e+02,2.805857294266876920e+02,2.788709829174111974e+02,1.724480904639109212e+05,1.563430667394648310e+01,1.761505004632012117e+01
1.320000000000000000e+03,6.900000000000000000e+03,2.745494384975235107e+02,2.839724510427151927e+02,2.898447294228901683e+02,2.975070614110382508e+02,2.859601916183935941e+02,2.749137212273826663e+02,3.222824669812475236e+02,2.780553963112711813e+02,2.780559545101692720e+02,2.786955933019020790e+02,2.768341949665297079e+02,2.806500108795266897e+02,2.789398234946371531e+02,1.724267074835927924e+05,1.545706221630053534e+01,1.759536058687504578e+01
1.330000000000000000e+03,6.910000000000000000e+03,2.745927654557265214e+02,2.839920154817761500e+02,2.897695402599913450e+02,2.970426801411164774e+02,2.858637528145593478e+02,2.747932198739447927e+02,3.224667480180175403e+02,2.780100251411324734e+02,2.780114428882637867e+02,2.787549321831803013e+02,2.768745303070451769e+02,2.807132731120337894e+02,2.790074567332151219e+02,1.724037424623093393e+05,1.527829147807023524e+01,1.757479396138972305e+01
1.340000000000000000e+03,6.920000000000000000e+03,2.746359880504921307e+02,2.840093907535115250e+02,2.896907257084771459e+02,2.965727617895752815e+02,2.857645233010856600e+02,2.746711072700230147e+02,3.226430425083614750e+02,2.779620247570044285e+02,2.779643032642264302e+02,2.788130704726373779e+02,2.769143390110008340e+02,2.807754981653533264e+02,2.790738641103511668e+02,1.723791891416111612e+05,1.509801712568870435e+01,1.755334956852379591e+01
1.350000000000000000e+03,6.930000000000000000e+03,2.746790984359375329e+02,2.840245578048294419e+02,2.896082751097533787e+02,2.960973233935864073e+02,2.856624988504707972e+02,2.745473685352227449e+02,3.228113302990610691e+02,2.779113854009099782e+02,2.779145257779123881e+02,2.788699910390918149e+02,2.769536104279756614e+02,2.808366681926499950e+02,2.791390272364462248e+02,1.723530414948411635e+05,1.491626201623311232e+01,1.753102708324526660e+01
1.360000000000000000e+03,6.940000000000000000e+03,2.747220887320703469e+02,2.840374979262969077e+02,2.895221783534647670e+02,2.956163824490492402e+02,2.855576756127992439e+02,2.744219892711040529e+02,3.229715927151790993e+02,2.778580976696507605e+02,2.778621009223106171e+02,2.789256768992240723e+02,2.769923339720934905e+02,2.808967654664670022e+02,2.792029278619036177e+02,1.723252937262297201e+05,1.473304919452654538e+01,1.750782645587012354e+01
1.370000000000000000e+03,6.950000000000000000e+03,2.747649510240702853e+02,2.840481927559457063e+02,2.894324258753161985e+02,2.951299569322127354e+02,2.854500501151016465e+02,2.742949555481392281e+02,3.231238125242919637e+02,2.778021525144865791e+02,2.778070195439858026e+02,2.789801112239142640e+02,2.770304991302665485e+02,2.809557723828981466e+02,2.792655478811134913e+02,1.722959402702613443e+05,1.454840189021618002e+01,1.748374791144874507e+01
1.380000000000000000e+03,6.960000000000000000e+03,2.748076773691718699e+02,2.840566242829388557e+02,2.893390086532195369e+02,2.946380652778710783e+02,2.853396192604777184e+02,2.741662539157600236e+02,3.232679738981314017e+02,2.777435412417773932e+02,2.777492728429182307e+02,2.790332773439055813e+02,2.770680954575236683e+02,2.810136714725514366e+02,2.793268693420574209e+02,1.722649757903308200e+05,1.436234351482796967e+01,1.745879194795834266e+01
1.390000000000000000e+03,6.970000000000000000e+03,2.748502597961172000e+02,2.840627748514855284e+02,2.892419182069997419e+02,2.941407264020255070e+02,2.852263803279664671e+02,2.740358713849922196e+02,3.234040623773221341e+02,2.776822555127097871e+02,2.776888523732188787e+02,2.790851587555996502e+02,2.771051125843530372e+02,2.810704454046676233e+02,2.793868744502592563e+02,1.722323951781223877e+05,1.417489765879829200e+01,1.743295933522784935e+01
1.400000000000000000e+03,6.980000000000000000e+03,2.748926903082187891e+02,2.840666271647542658e+02,2.891411465923973196e+02,2.936379597008722726e+02,2.851103309709124574e+02,2.739037954342199441e+02,3.235320648347466204e+02,2.776182873434748331e+02,2.776257500400757294e+02,2.791357391268617789e+02,2.771415402219924999e+02,2.811260769938452313e+02,2.794455455754798550e+02,1.721981935526015586e+05,1.398608808848291396e+01,1.740625111333926611e+01
1.410000000000000000e+03,6.990000000000000000e+03,2.749349660913593425e+02,2.840683289390767072e+02,2.890405517883536959e+02,2.931447403252848289e+02,2.850103449464207870e+02,2.737720008010766719e+02,3.236539447242228107e+02,2.775541454193760842e+02,2.775624744249407740e+02,2.791850366773157361e+02,2.771773948765456907e+02,2.811805833932320411e+02,2.795028996441307640e+02,1.721647622986390779e+05,1.403767156681601058e+01,1.738079748047041306e+01
1.420000000000000000e+03,7.000000000000000000e+03,2.749770871159062722e+02,2.840680477633798660e+02,2.889423030626487048e+02,2.926638771191350088e+02,2.849299401814219550e+02,2.736413580601658850e+02,3.237705589096693188e+02,2.774906250757936164e+02,2.774998207667285897e+02,2.792330852443578806e+02,2.772127047969380556e+02,2.812339979243492394e+02,2.795589692287460366e+02,1.721327395421210385e+05,1.415446847720168577e+01,1.735674466678318595e+01
1.430000000000000000e+03,7.010000000000000000e+03,2.750190541578281227e+02,2.840659362300967814e+02,2.888470229629723462e+02,2.921943275886917490e+02,2.848677732333476911e+02,2.735121725590941537e+02,3.238821996040834392e+02,2.774278354015365835e+02,2.774378980572592468e+02,2.792799213696347920e+02,2.772474994554465866e+02,2.812863566906765413e+02,2.796137896438648340e+02,1.721021001814540650e+05,1.426990426352800867e+01,1.733384087921225003e+01
1.440000000000000000e+03,7.020000000000000000e+03,2.750608682853124378e+02,2.840621397899752765e+02,2.887548820143608737e+02,2.917354557560531703e+02,2.848230109408717681e+02,2.733846495588975927e+02,3.239890594080382016e+02,2.773658610649137586e+02,2.773767908709349399e+02,2.793255818908251058e+02,2.772818076237485343e+02,2.813376957629315029e+02,2.796673965409160019e+02,1.720728198787686997e+05,1.438396428963272378e+01,1.731199511168850691e+01
1.450000000000000000e+03,7.030000000000000000e+03,2.751025307079531217e+02,2.840567976956659777e+02,2.886659112111477157e+02,2.912867901109892728e+02,2.847950233653046439e+02,2.732589325540201912e+02,3.240912697999039551e+02,2.773047694690875460e+02,2.773165665032128686e+02,2.793701034091618567e+02,2.773156570554700693e+02,2.813880505827943921e+02,2.797198253748391608e+02,1.720448746428909653e+05,1.449663409378689849e+01,1.729115823461637547e+01
1.460000000000000000e+03,7.040000000000000000e+03,2.751440427254453311e+02,2.840500428132623938e+02,2.885800950305343235e+02,2.908479391587044347e+02,2.847832767382869861e+02,2.731351263439800050e+02,3.241889241561877952e+02,2.772446157381353942e+02,2.772572799743242626e+02,2.794135221184197349e+02,2.773490744883446837e+02,2.814374558238600343e+02,2.797711112319557856e+02,1.720182407067366294e+05,1.460789939052856568e+01,1.727129356056146747e+01
1.470000000000000000e+03,7.050000000000000000e+03,2.751854057072421824e+02,2.840420015685816679e+02,2.884974009631065996e+02,2.904185582555024325e+02,2.847872916212596124e+02,2.730133100782616111e+02,3.242820908279050514e+02,2.771854458020978313e+02,2.771989771002621978e+02,2.794558737142483551e+02,2.773820856556542367e+02,2.814859453493859291e+02,2.798212887471740942e+02,1.719928944831603440e+05,1.471774607247395394e+01,1.725236898035521804e+01
1.480000000000000000e+03,7.060000000000000000e+03,2.752266210841406746e+02,2.840327940375285607e+02,2.884177895685930366e+02,2.899983346110025764e+02,2.848066241663333358e+02,2.728935448879416867e+02,3.243708208160331878e+02,2.771272983451907521e+02,2.771416964558637801e+02,2.794971933519130971e+02,2.774147153039199907e+02,2.815335521965507155e+02,2.798703920499487481e+02,1.719688125443864847e+05,1.482616021210620083e+01,1.723435464042073662e+01
1.490000000000000000e+03,7.070000000000000000e+03,2.752676903419140331e+02,2.840225341225929014e+02,2.883412181153406664e+02,2.895869794077202641e+02,2.848408564789077104e+02,2.727758786638662514e+02,3.244551525358159552e+02,2.770702061472119340e+02,2.770854707026124402e+02,2.795375156005093231e+02,2.774469872092079186e+02,2.815803085702593194e+02,2.799184547260359182e+02,1.719459716088183632e+05,1.493312806354120781e+01,1.721722216535900429e+01
1.500000000000000000e+03,7.080000000000000000e+03,2.753086150196406265e+02,2.840113298208976289e+02,2.882676420169282210e+02,2.891842230711802131e+02,2.848895909460567850e+02,2.726603491872876361e+02,3.245351149641344364e+02,2.770141970277865653e+02,2.770303275484839105e+02,2.795768744152330783e+02,2.774789241973152230e+02,2.816262458433134270e+02,2.799655097876335503e+02,1.719243485313561396e+05,1.503863606427049326e+01,1.720094435245170317e+01
1.510000000000000000e+03,7.090000000000000000e+03,2.753493967050782203e+02,2.839992834597845786e+02,2.881970154420762924e+02,2.887898121043019160e+02,2.849524465312150028e+02,2.725469863133820354e+02,3.246107298237486134e+02,2.769592945786724272e+02,2.769762904719358971e+02,2.796153031164268441e+02,2.775105481632503484e+02,2.816713945614297359e+02,2.800115896515654867e+02,1.719039202948247839e+05,1.514267083688079296e+01,1.718549502609623758e+01
1.520000000000000000e+03,7.100000000000000000e+03,2.753900370328828444e+02,2.839864919611953837e+02,2.881292916049305290e+02,2.884035068086137699e+02,2.850290561575841934e+02,2.724358135445585845e+02,3.246820131573306867e+02,2.769055187245899106e+02,2.769233792848855842e+02,2.796528343727173365e+02,2.775418800945947737e+02,2.817157844486122258e+02,2.800567261220608657e+02,1.718846640025101369e+05,1.524521919075019483e+01,1.717084895098442487e+01
1.530000000000000000e+03,7.110000000000000000e+03,2.754305376818280706e+02,2.839730470839951408e+02,2.880644229272201073e+02,2.880250795492700604e+02,2.851190647581266262e+02,2.723268491988823712e+02,3.247489764944257331e+02,2.768528861721379144e+02,2.768716105856385070e+02,2.796895001880122891e+02,2.775729400953682671e+02,2.817594444170827046e+02,2.801009503808146519e+02,1.718665568712710519e+05,1.534626812372056470e+01,1.715698176938215980e+01
1.540000000000000000e+03,7.120000000000000000e+03,2.754709003718593863e+02,2.839590356923691274e+02,2.880023611429881498e+02,2.876543133956877227e+02,2.852221277662382022e+02,2.722201072946505747e+02,3.248116277334000301e+02,2.768014107743156842e+02,2.768209981146495124e+02,2.797253318937374047e+02,2.776037474108103993e+02,2.818024025810463513e+02,2.801442929663098198e+02,1.718495762251698761e+05,1.544580482374612274e+01,1.714386994890949367e+01
1.550000000000000000e+03,7.130000000000000000e+03,2.755111268613281368e+02,2.839445399656677296e+02,2.879430573791418624e+02,2.872910010225407973e+02,2.853379099165117623e+02,2.721155982320260023e+02,3.248699718194927755e+02,2.767511038239197205e+02,2.767715530626201712e+02,2.797603601432225560e+02,2.776343204534067013e+02,2.818446862616905833e+02,2.801867837857511745e+02,1.718336994895592507e+05,1.554381667051787197e+01,1.713149073625841368e+01
1.560000000000000000e+03,7.140000000000000000e+03,2.755512189449452762e+02,2.839296375906299090e+02,2.878864622207837556e+02,2.869349438088310080e+02,2.854660842710355837e+02,2.720133293248455288e+02,3.249240112721367950e+02,2.767019743264980320e+02,2.767232843164528617e+02,2.797946149067344663e+02,2.776646768282431026e+02,2.818863220098992883e+02,2.802284520986950724e+02,1.718189041857530829e+05,1.564029123706372815e+01,1.711982211502271412e+01
1.570000000000000000e+03,7.150000000000000000e+03,2.755911784502656019e+02,2.839144020342312160e+02,2.878325257720718469e+02,2.865859510819419711e+02,2.856063314179788790e+02,2.719133052209791686e+02,3.249737465999702977e+02,2.766540291753188399e+02,2.766761986703667731e+02,2.798281254726093152e+02,2.776948333597204055e+02,2.819273356136672533e+02,2.802693265183843323e+02,1.718051679258809309e+05,1.573521629132416599e+01,1.710884276472526722e+01
1.580000000000000000e+03,7.160000000000000000e+03,2.756310072359375454e+02,2.838989026926279280e+02,2.877811977074207448e+02,2.862438394833013717e+02,2.857583388008497991e+02,2.718155282365498238e+02,3.250191766304643579e+02,2.766072733542339392e+02,2.766303010055609093e+02,2.798609204469749443e+02,2.777248061180517311e+02,2.819677521147536368e+02,2.803094350122508445e+02,1.717924684083816828e+05,1.582857979770310308e+01,1.709853202345283307e+01
1.590000000000000000e+03,7.170000000000000000e+03,2.756707071883828348e+02,2.838832050890745791e+02,2.877324273224660942e+02,2.859084324198741456e+02,2.859218001523485668e+02,2.717199986276471009e+02,3.250602987749537647e+02,2.765617100861447852e+02,2.765855944434438243e+02,2.798930277552775578e+02,2.777546104425779845e+02,2.820075958227907904e+02,2.803488049024711017e+02,1.717807834137007012e+05,1.592036991859391115e+01,1.708886985200900810e+01
1.600000000000000000e+03,7.180000000000000000e+03,2.757102802194843889e+02,2.838673710343079506e+02,2.876861635807142648e+02,2.855795595918867775e+02,2.860964150119889382e+02,2.716267148101769635e+02,3.250971092425298821e+02,2.765173409664039355e+02,2.765420804800546080e+02,2.799244746443110330e+02,2.777842609725828424e+02,2.820468903297814904e+02,2.803874628685878747e+02,1.717700908004179073e+05,1.601057501588032039e+01,1.707983679995881943e+01
1.610000000000000000e+03,7.190000000000000000e+03,2.757497282638516367e+02,2.838514588347809422e+02,2.876423551445850535e+02,2.852570565798532130e+02,2.862818882998610093e+02,2.715356735380577788e+02,3.251296032154675686e+02,2.764741660793469578e+02,2.764997591015861644e+02,2.799552876896598832e+02,2.778137716655148211e+02,2.820856585255740470e+02,2.804254349603807555e+02,1.717603685016457166e+05,1.609918365241200178e+01,1.707141397304005892e+01
1.620000000000000000e+03,7.200000000000000000e+03,2.757890532766328420e+02,2.838355234163242358e+02,2.876009504311917908e+02,2.849407644784991476e+02,2.864779299665979124e+02,2.714468700593497488e+02,3.251577749937023896e+02,2.764321841005188389e+02,2.764586288898864836e+02,2.799854927960071223e+02,2.778431558249971545e+02,2.821239226138321783e+02,2.804627465614669859e+02,1.717515945218628331e+05,1.618618459345470129e+01,1.706358300317110022e+01
1.630000000000000000e+03,7.210000000000000000e+03,2.758282572303905908e+02,2.838196164518245723e+02,2.875618976360384522e+02,2.846305295709199186e+02,2.866842546664478277e+02,2.713602982399900156e+02,3.251816181155194272e+02,2.763913923898135181e+02,2.764186871105239902e+02,2.800151152047843084e+02,2.778724261241187037e+02,2.821617041230203426e+02,2.804994224571991595e+02,1.717437469339485979e+05,1.627156680811470579e+01,1.705632601915487712e+01
1.640000000000000000e+03,7.220000000000000000e+03,2.758673421140937307e+02,2.838037865380585458e+02,2.875251447693776754e+02,2.843262030371798801e+02,2.869005814782228754e+02,2.712759506719046954e+02,3.252011254584955964e+02,2.763517870715051004e+02,2.763799297963016102e+02,2.800441795001308378e+02,2.779015946249926969e+02,2.821990239239539164e+02,2.805354867956896214e+02,1.717368038765372185e+05,1.635531947073743808e+01,1.704962561919124653e+01
1.650000000000000000e+03,7.230000000000000000e+03,2.759063099286484544e+02,2.837880793171295863e+02,2.874906396864333828e+02,2.840276406899437802e+02,2.871266336559294814e+02,2.711938187657668777e+02,3.252162893257974474e+02,2.763133631086773789e+02,2.763423518204713787e+02,2.800727096114098913e+02,2.779306728064981939e+02,2.822359022426873025e+02,2.805709631049164727e+02,1.717307435516490659e+05,1.643743196228005488e+01,1.704346484488401714e+01
1.660000000000000000e+03,7.240000000000000000e+03,2.759451626861796854e+02,2.837725375920896340e+02,2.874583301160755013e+02,2.837347027340364889e+02,2.873621384061974595e+02,2.711138928310740539e+02,3.252271015198457462e+02,2.762761143688630341e+02,2.763059469631151046e+02,2.801007288294336490e+02,2.779596715811413787e+02,2.822723586745697162e+02,2.806058742985545109e+02,1.717255442226251471e+05,1.651789387165784717e+01,1.703782715640401335e+01
1.670000000000000000e+03,7.250000000000000000e+03,2.759839024067890705e+02,2.837572014577992263e+02,2.874281636847509276e+02,2.834472535447581549e+02,2.876068266881921431e+02,2.710361621463985102e+02,3.252335534058397002e+02,2.762400336852501255e+02,2.762707079764116429e+02,2.801282598018330532e+02,2.779886013172537673e+02,2.823084121979354677e+02,2.806402426819729499e+02,1.717211842121941445e+05,1.659669499706425455e+01,1.703269640909352134e+01
1.680000000000000000e+03,7.260000000000000000e+03,2.760225311169687643e+02,2.837421084073095585e+02,2.874000879484825646e+02,2.831651614723489274e+02,2.878604330341806872e+02,2.709606150222693941e+02,3.252356359673296993e+02,2.762051129121555846e+02,2.762366266217227917e+02,2.801553245461587949e+02,2.780174718577696353e+02,2.823440811868640026e+02,2.806740899588913294e+02,1.717176419009244128e+05,1.667382534726437271e+01,1.702805683092560685e+01
1.690000000000000000e+03,7.270000000000000000e+03,2.760610508471640401e+02,2.837272934381787195e+02,2.873740504037218102e+02,2.828882986435332896e+02,2.881226953867574707e+02,2.708872388550213373e+02,3.252333398552299855e+02,2.761713429758643770e+02,2.762036937491378126e+02,2.801819444557359020e+02,2.780462925408040178e+02,2.823793834244313530e+02,2.807074372368705895e+02,1.717148957257753646e+05,1.674927514286173036e+01,1.702389300157302188e+01
1.700000000000000000e+03,7.280000000000000000e+03,2.760994636292500672e+02,2.837127891542585303e+02,2.873499985155355034e+02,2.826165407968044292e+02,2.883933549516459607e+02,2.708160201791411623e+02,3.252266554308486093e+02,2.761387139216717515e+02,2.761718993247292815e+02,2.802081403069500425e+02,2.780750722174810790e+02,2.824143361146340681e+02,2.807403050346538862e+02,1.717129241789356747e+05,1.682303481753822894e+01,1.702018983218409076e+01
1.710000000000000000e+03,7.290000000000000000e+03,2.761377714948359312e+02,2.836986258656130531e+02,2.873278797371880273e+02,2.823497671146699872e+02,2.886721560642038753e+02,2.707469447100880302e+02,3.252155728047672483e+02,2.761072149587080844e+02,2.761412324795381892e+02,2.802339322667434658e+02,2.781038192670573039e+02,2.824489558949213119e+02,2.807727132883086369e+02,1.717117058068407641e+05,1.689509501926707813e+01,1.701693254610765038e+01
1.720000000000000000e+03,7.300000000000000000e+03,2.761759764730156235e+02,2.836848316759930526e+02,2.873076415254909648e+02,2.820878600772010145e+02,2.889588460679682953e+02,2.706799973870005829e+02,3.252000818712803607e+02,2.760768344994787071e+02,2.761116815509105891e+02,2.802593398995740586e+02,2.781325416162234774e+02,2.824832588475883313e+02,2.808046813579686614e+02,1.717112192093953781e+05,1.696544661149851763e+01,1.701410666082174217e+01
1.730000000000000000e+03,7.310000000000000000e+03,2.762136288526171484e+02,2.836670768643135148e+02,2.870681239004206304e+02,2.817778410549859132e+02,2.885946051333849027e+02,2.706029077006234047e+02,3.235955719024881887e+02,2.759709318397591460e+02,2.760066059433800092e+02,2.802822477261391896e+02,2.781591794530692141e+02,2.825145469281377473e+02,2.808340912580384270e+02,1.715768402809188992e+05,3.419248190289970957e+00,1.685713505263853307e+01
1.740000000000000000e+03,7.320000000000000000e+03,2.762506165104687170e+02,2.836433671297352817e+02,2.867663965010266907e+02,2.814610421536795002e+02,2.882651187449496319e+02,2.705196352556412194e+02,3.221302120826611599e+02,2.758515781785301328e+02,2.758880763212989677e+02,2.803022214636717990e+02,2.781834456230796491e+02,2.825423526804656262e+02,2.808605057881635503e+02,1.714437077724380360e+05,3.419248190289970957e+00,1.673249594229570647e+01
1.750000000000000000e+03,7.330000000000000000e+03,2.762869087721171582e+02,2.836129683039704332e+02,2.864473240316303304e+02,2.811401536742216081e+02,2.879484159233708169e+02,2.704323897597301425e+02,3.207418278292405489e+02,2.757236809817013636e+02,2.757609999841865829e+02,2.803192003458217414e+02,2.782053734929924076e+02,2.825666556735196764e+02,2.808838610467716421e+02,1.713117193325135740e+05,3.419248190289970957e+00,1.661808998022461736e+01
1.760000000000000000e+03,7.340000000000000000e+03,2.763224969640702966e+02,2.835757389852190045e+02,2.861240733616664897e+02,2.808169775879026133e+02,2.876375602869655381e+02,2.703422392154836302e+02,3.194084483065743143e+02,2.755896720407360476e+02,2.756278087610513126e+02,2.803332117664474481e+02,2.782250474470301356e+02,2.825875267818311727e+02,2.809041812540529008e+02,1.711808260825064499e+05,3.419248190289970957e+00,1.650857142502233543e+01
1.770000000000000000e+03,7.350000000000000000e+03,2.763573792086640424e+02,2.835317973002259464e+02,2.858007230128228571e+02,2.804927109350030037e+02,2.873302663232311147e+02,2.702496836141634162e+02,3.181206809451833237e+02,2.754508825059656942e+02,2.754898339021883658e+02,2.803443057140522114e+02,2.782425569442497135e+02,2.826050563150200787e+02,2.809215132767229193e+02,1.710509938166444190e+05,3.419248190289970957e+00,1.640247331826997623e+01
1.780000000000000000e+03,7.360000000000000000e+03,2.763915560034609484e+02,2.834813695338837647e+02,2.854786131272246053e+02,2.801681764325749668e+02,2.870257691831184843e+02,2.701549581467830876e+02,3.168734743049024019e+02,2.753081370631226719e+02,2.753479000016321834e+02,2.803525385876992573e+02,2.782579888800426602e+02,2.826193382425843197e+02,2.809359104590233756e+02,1.709221934127809945e+05,3.419248190289970957e+00,1.629928737520787863e+01
1.790000000000000000e+03,7.370000000000000000e+03,2.764250287736562086e+02,2.834247227142927272e+02,2.851582120317121962e+02,2.798439575601884144e+02,2.867238220726651434e+02,2.700581787715879045e+02,3.156635010929074951e+02,2.751620069061635832e+02,2.752025782059974404e+02,2.803579687546372270e+02,2.782714269568201644e+02,2.826304660398739657e+02,2.809474281955607466e+02,1.707943982254752773e+05,3.419248190289970957e+00,1.619876595019780652e+01
1.800000000000000000e+03,7.380000000000000000e+03,2.764577993527344120e+02,2.833621354080137280e+02,2.848396943001382624e+02,2.795204783242394910e+02,2.864243557343751263e+02,2.699594102299105316e+02,3.144882476176850901e+02,2.750129220045301395e+02,2.750542983296587636e+02,2.803606551282087480e+02,2.782829514846984580e+02,2.826385313151032506e+02,2.809561225169341014e+02,1.706675832650691154e+05,3.419248190289970957e+00,1.610074346884468000e+01
1.810000000000000000e+03,7.390000000000000000e+03,2.764898697858671994e+02,2.832938848586101130e+02,2.845231302132542055e+02,2.791980519956478020e+02,2.861273577262051049e+02,2.698586975881917738e+02,3.133456566416887767e+02,2.748612245638900617e+02,2.749034024160191052e+02,2.803606565915931128e+02,2.782926393828283267e+02,2.826436232772203994e+02,2.809620495074756832e+02,1.705417248770022998e+05,3.419248190289970957e+00,1.600508642354409261e+01
1.820000000000000000e+03,7.400000000000000000e+03,2.765212422536562826e+02,2.832202413097205067e+02,2.842085510793214667e+02,2.788769128142857312e+02,2.858328290173710116e+02,2.697560806525373778e+02,3.122339657931549368e+02,2.747071971661233079e+02,2.747501728109969008e+02,2.803580316886566948e+02,2.783005642189054356e+02,2.826458285262060031e+02,2.809652650024946183e+02,1.704168005784547422e+05,3.419248190289970957e+00,1.591167764464909240e+01
1.830000000000000000e+03,7.410000000000000000e+03,2.765519190398906630e+02,2.831414655538772536e+02,2.838959727568058611e+02,2.785572376502694283e+02,2.855407689797320927e+02,2.696516002648897938e+02,3.111516230114157793e+02,2.745510789495127710e+02,2.745948484246769112e+02,2.803528384299240770e+02,2.783067962742576356e+02,2.826452309967244787e+02,2.809658243909538555e+02,1.702927889520936296e+05,3.419248190289970957e+00,1.582041058593088501e+01
1.840000000000000000e+03,7.420000000000000000e+03,2.765819025205859703e+02,2.830578079634126993e+02,2.835854044047525804e+02,2.782391609639537933e+02,2.852511710090349197e+02,2.695453007054175600e+02,3.100972364320141423e+02,2.743930759676788966e+02,2.744376350432945628e+02,2.803451341433100765e+02,2.783114026366419012e+02,2.826419119616873559e+02,2.809637824693785433e+02,1.701696695644482097e+05,3.419248190289970957e+00,1.573118685732116440e+01
1.850000000000000000e+03,7.430000000000000000e+03,2.766111951593125013e+02,2.829695082353890143e+02,2.832768516737681352e+02,2.779227856917758004e+02,2.849640220560995658e+02,2.694372302339556882e+02,3.090695417210586129e+02,2.742333681613381486e+02,2.742787123576802060e+02,2.803349753670145219e+02,2.783144473026451351e+02,2.826359500815823935e+02,2.809591933374782684e+02,1.700474228973661375e+05,3.419248190289970957e+00,1.564391493811721467e+01
1.860000000000000000e+03,7.440000000000000000e+03,2.766397995045546736e+02,2.828767953806530500e+02,2.829703179986190094e+02,2.776081908624654488e+02,2.846793034900060206e+02,2.693274407864589080e+02,3.080673793506645666e+02,2.740721144269642764e+02,2.741182390034681475e+02,2.803224177675490409e+02,2.783159912878530804e+02,2.826274214615052074e+02,2.809521103103050450e+02,1.699260302871982858e+05,3.419248190289970957e+00,1.555850936505675541e+01
1.870000000000000000e+03,7.450000000000000000e+03,2.766677181887578172e+02,2.827798881265970294e+02,2.826658050019453867e+02,2.772954372531360718e+02,2.843969922363564251e+02,2.692159873058824928e+02,3.070896780068802627e+02,2.739094563635875943e+02,2.739563563229576175e+02,2.803075160795545457e+02,2.783160927457309981e+02,2.826163997296736170e+02,2.809425858664773727e+02,1.698054738704092451e+05,3.419248190289970957e+00,1.547489014005669539e+01
1.880000000000000000e+03,7.460000000000000000e+03,2.766949539264765576e+02,2.826789951789547786e+02,2.823633126902019512e+02,2.769845715342541439e+02,2.841170618971125350e+02,2.691029269861642774e+02,3.061354420458604864e+02,2.737455211582564516e+02,2.737931912429173735e+02,2.802903240630429309e+02,2.783148070810096897e+02,2.826029561121110305e+02,2.809306716006793749e+02,1.696857365335024078e+05,3.419248190289970957e+00,1.539298225428634836e+01
1.890000000000000000e+03,7.470000000000000000e+03,2.767215095126562687e+02,2.825743156415376802e+02,2.820628395350386199e+02,2.766756293545626022e+02,2.838394836845286022e+02,2.689883185328312152e+02,3.052037417465867861e+02,2.735804238342270764e+02,2.736288585297922396e+02,2.802708944721609896e+02,2.783121870735859602e+02,2.825871595117161519e+02,2.809164181941322909e+02,1.695668018672862381e+05,3.419248190289970957e+00,1.531271528183970965e+01
1.900000000000000000e+03,7.480000000000000000e+03,2.767473878207890152e+02,2.824660394442744291e+02,2.817643825402716402e+02,2.763686376579939292e+02,2.835642271728530091e+02,2.688722215007774139e+02,3.042937055593899913e+02,2.734142690398377340e+02,2.734634625794980138e+02,2.802492790369294084e+02,2.783082829915715024e+02,2.825690765892080663e+02,2.808998753948786202e+02,1.694486541245401895e+05,3.419248190289970957e+00,1.523402302172229206e+01
1.910000000000000000e+03,7.490000000000000000e+03,2.767725918003515631e+02,2.823543477640394599e+02,2.814679373147076831e+02,2.760636164386181122e+02,2.832912608847115052e+02,2.687546957263436980e+02,3.034045138229902818e+02,2.732471524921124910e+02,2.732970988595923814e+02,2.802255284527525419e+02,2.783031427062944658e+02,2.825487718451858541e+02,2.808810920073327111e+02,1.693312781810438028e+05,3.419248190289970957e+00,1.515684317715616558e+01
1.920000000000000000e+03,7.500000000000000000e+03,2.767971244733437288e+02,2.822394134565410582e+02,2.811734981506896816e+02,2.757605800883897018e+02,2.830205527392389513e+02,2.686358008610610000e+02,3.025353935807262928e+02,2.730791621493134471e+02,2.731298550834283105e+02,2.801996923774052561e+02,2.782968118077997701e+02,2.825263076848056585e+02,2.808601158892219587e+02,1.692146594994159823e+05,3.419248190289970957e+00,1.508111706553300380e+01
1.930000000000000000e+03,7.510000000000000000e+03,2.768209889330859141e+02,2.821214014443340830e+02,2.808810581125965200e+02,2.754595384330348793e+02,2.827520703894447252e+02,2.685155959924968556e+02,3.016856142417966566e+02,2.729103791756959936e+02,2.729618121756785172e+02,2.801718194329072844e+02,2.782893337083201573e+02,2.825017445155480686e+02,2.808369939516679779e+02,1.690987840955745196e+05,3.419248190289970957e+00,1.500678935440028638e+01
1.940000000000000000e+03,7.520000000000000000e+03,2.768441883392265481e+02,2.820004691288880281e+02,2.805906091342382069e+02,2.751604975438921770e+02,2.824857814784011225e+02,2.683941393308023748e+02,3.008544838990703738e+02,2.727408787438304216e+02,2.727930450702115763e+02,2.801419572126592925e+02,2.782807497533329411e+02,2.824751408076152188e+02,2.808117721656355457e+02,1.689836385077263112e+05,3.419248190289970957e+00,1.493380782041232635e+01
1.950000000000000000e+03,7.530000000000000000e+03,2.768667259144921786e+02,2.818767667595758439e+02,2.803021421011373491e+02,2.748634603747740357e+02,2.822216538205490224e+02,2.682714880009627905e+02,3.000413461634778969e+02,2.725707307004924473e+02,2.726236233845241372e+02,2.801101522909644927e+02,2.782710993208073660e+02,2.824465531694990545e+02,2.807844955709638839e+02,1.688692097673710086e+05,3.419248190289970957e+00,1.486212312931696466e+01
1.960000000000000000e+03,7.540000000000000000e+03,2.768886049422343945e+02,2.817504377903682098e+02,2.800156469486656192e+02,2.745684272670236510e+02,2.819596555397877182e+02,2.681476978509091964e+02,2.992455774155112636e+02,2.724000001429064923e+02,2.724536119778018701e+02,2.800764502364056625e+02,2.782604199194415742e+02,2.824160364196710589e+02,2.807552082875291148e+02,1.687554853725098656e+05,3.419248190289970957e+00,1.479168863385969601e+01
1.970000000000000000e+03,7.550000000000000000e+03,2.769098287621484360e+02,2.816216192248811581e+02,2.797311127670401447e+02,2.742753963578930438e+02,2.816997551674494389e+02,2.680228233279045753e+02,2.984665844118891300e+02,2.722287478507400351e+02,2.722830714335985931e+02,2.800408956266326754e+02,2.782487472819492496e+02,2.823836436503460163e+02,2.807239535291833477e+02,1.686424532626219152e+05,3.419248190289970957e+00,1.472246018795710221e+01
1.980000000000000000e+03,7.560000000000000000e+03,2.769304007671483987e+02,2.814904419318015698e+02,2.794485278550461089e+02,2.739843639048232831e+02,2.814419217098903800e+02,2.678969173891041464e+02,2.977038021291664904e+02,2.720570307696467580e+02,2.721120584657641075e+02,2.800035320637191489e+02,2.782361154551907703e+02,2.823494262961729078e+02,2.806907736182077997e+02,1.685301017952988041e+05,3.419248190289970957e+00,1.465439597741343469e+01
1.990000000000000000e+03,7.570000000000000000e+03,2.769503243997422715e+02,2.813570309505924456e+02,2.791678798290957388e+02,2.736953245566107853e+02,2.811861246944009167e+02,2.677700314429862942e+02,2.969566918784368568e+02,2.718849023073148601e+02,2.719406262714576883e+02,2.799644021924274284e+02,2.782225568855252504e+02,2.823134341961019800e+02,2.806557100013396280e+02,1.684184197245654941e+05,3.419248190289970957e+00,1.458745636255344635e+01
2.000000000000000000e+03,7.580000000000000000e+03,2.769696031486250263e+02,2.812215057792692505e+02,2.788891556850768438e+02,2.734082715710293883e+02,2.809323341994789303e+02,2.676422153153844192e+02,2.962247396035864995e+02,2.717124126557878867e+02,2.717688248364518131e+02,2.799235477179156533e+02,2.782081025001743342e+02,2.822757156526563449e+02,2.806188032664388743e+02,1.683073961805077561e+05,3.419248190289970957e+00,1.452160373439519248e+01
2.010000000000000000e+03,7.590000000000000000e+03,2.769882405453359411e+02,2.810839806437965080e+02,2.786123418762873598e+02,2.731231970029771787e+02,2.806805208743928688e+02,2.675135172352655673e+02,2.955074543270719687e+02,2.715396090546321375e+02,2.715967012005326637e+02,2.798810094251668374e+02,2.781927817850721567e+02,2.822363174897138265e+02,2.805800931597684098e+02,1.681970206503424270e+05,3.419248190289970957e+00,1.445680238155869013e+01
2.020000000000000000e+03,7.600000000000000000e+03,2.770062401610859411e+02,2.809445647480557682e+02,2.783374243773133117e+02,2.728400918551045038e+02,2.804306559440906881e+02,2.673839838358652514e+02,2.948043667681743045e+02,2.713665360212216910e+02,2.714242996883747310e+02,2.798368271967141823e+02,2.781766228591325785e+02,2.821952851107940887e+02,2.805396186025918723e+02,1.680872829606751620e+05,3.419248190289970957e+00,1.439301836781151955e+01
2.030000000000000000e+03,7.610000000000000000e+03,2.770236056032421743e+02,2.808033625338421757e+02,2.780643887401574261e+02,2.725589462117482640e+02,2.801827112158612749e+02,2.672536601674588042e+02,2.941150280477042429e+02,2.711932355655924312e+02,2.712516621176599187e+02,2.797910400329670892e+02,2.781596525437713581e+02,2.821526625401669435e+02,2.804974177098815744e+02,1.679781732608043239e+05,3.419248190289970957e+00,1.433021941892484818e+01
2.040000000000000000e+03,7.620000000000000000e+03,2.770403405126953089e+02,2.806604738795002163e+02,2.777932201559669352e+02,2.722797493506210458e+02,2.799366590738868013e+02,2.671225897201976522e+02,2.934390085246413378e+02,2.710197473655099998e+02,2.710788279807763956e+02,2.797436860709889856e+02,2.781418964298783862e+02,2.821084924912705105e+02,2.804535278066716160e+02,1.678696820072420524e+05,3.419248190289970957e+00,1.426837481796577833e+01
2.050000000000000000e+03,7.630000000000000000e+03,2.770564485603593425e+02,2.805159943356943586e+02,2.775239035027682348e+02,2.720024898399449853e+02,2.796924724740923693e+02,2.669908144528399703e+02,2.927758967178517651e+02,2.708461089305731093e+02,2.709058346080925048e+02,2.796948026032633265e+02,2.781233789407348240e+02,2.820628164025516185e+02,2.804079854459470198e+02,1.677617999490496877e+05,3.419248190289970957e+00,1.420745530858160066e+01
2.060000000000000000e+03,7.640000000000000000e+03,2.770719334447656479e+02,2.803700153160791615e+02,2.772564233953135613e+02,2.717271556233491765e+02,2.794501249364261639e+02,2.668583748274686513e+02,2.921252983039012179e+02,2.706723557501310893e+02,2.707327173149093937e+02,2.796444260967303421e+02,2.781041233917342197e+02,2.820156744895809311e+02,2.803608264255823315e+02,1.676545181141458161e+05,3.419248190289970957e+00,1.414743300531204362e+01
2.070000000000000000e+03,7.650000000000000000e+03,2.770867988890000220e+02,2.802226242994039467e+02,2.769907642241163330e+02,2.714537340938505281e+02,2.792095905327676633e+02,2.667253098475654838e+02,2.914868352011835100e+02,2.704985214239736138e+02,2.705595095325698480e+02,2.795925922121855365e+02,2.780841520490503171e+02,2.819671057845174573e+02,2.803120858044765669e+02,1.675478277964128647e+05,3.419248190289970957e+00,1.408828131061774158e+01
2.080000000000000000e+03,7.660000000000000000e+03,2.771010486381327382e+02,2.800739049995176515e+02,2.767269101969557710e+02,2.711822121597290902e+02,2.789708438769652616e+02,2.665916570989624574e+02,2.908601447078723368e+02,2.703246377839200818e+02,2.703862429291035596e+02,2.795393358219732249e+02,2.780634861796447694e+02,2.819171481841152058e+02,2.802617979223689986e+02,1.674417205436353397e+05,3.419248190289970957e+00,1.402997483783429011e+01
2.090000000000000000e+03,7.670000000000000000e+03,2.771146864570625326e+02,2.799239375463089914e+02,2.764648453740140326e+02,2.709125763028702067e+02,2.787338601116503582e+02,2.664574527916825559e+02,2.902448787045756831e+02,2.701507350011979725e+02,2.702129475179017390e+02,2.794846910281916053e+02,2.780421461050921152e+02,2.818658384862612820e+02,2.802099964121012476e+02,1.673361881460436562e+05,3.419248190289970957e+00,1.397248933958491790e+01
2.100000000000000000e+03,7.680000000000000000e+03,2.771277161271171963e+02,2.797727986402864531e+02,2.762045537002377955e+02,2.706448126312868681e+02,2.784986148972070623e+02,2.663227318039743068e+02,2.896407029084904821e+02,2.699768416872895500e+02,2.700396517573976212e+02,2.794286911806457283e+02,2.780201512503850836e+02,2.818132124309345841e+02,2.801567142180122687e+02,1.672312226256201393e+05,3.419248190289970957e+00,1.391580164139180020e+01
2.110000000000000000e+03,7.690000000000000000e+03,2.771401414448749279e+02,2.796205617253368700e+02,2.759460190328500744e+02,2.703789069256973221e+02,2.782650843966349044e+02,2.661875277252156025e+02,2.890472961762230852e+02,2.698029849847513333e+02,2.698663826395266483e+02,2.793713688946519937e+02,2.779975201880509985e+02,2.817593047372445767e+02,2.801019836115032149e+02,1.671268162259814271e+05,3.419248190289970957e+00,1.385988957963103552e+01
2.120000000000000000e+03,7.700000000000000000e+03,2.771519662193984459e+02,2.794672970786765518e+02,2.756892251753935739e+02,2.701148446821441667e+02,2.780332452665133474e+02,2.660518729002037048e+02,2.884643498551980656e+02,2.696291906518872565e+02,2.696931657870374579e+02,2.793127560676468875e+02,2.779742706810711752e+02,2.817041491380854836e+02,2.800458362044363980e+02,1.670229614028609940e+05,3.419248190289970957e+00,1.380473194460301656e+01
2.130000000000000000e+03,7.710000000000000000e+03,2.771631942699608544e+02,2.793130720281246795e+02,2.754341558899562870e+02,2.698526111499476769e+02,2.778030746417048817e+02,2.659157984721697403e+02,2.878915671687471445e+02,2.694554831403868889e+02,2.695200255106051941e+02,2.792528838958670008e+02,2.779504197250682864e+02,2.816477784157565907e+02,2.799883029672723751e+02,1.669196508150647278e+05,3.419248190289970957e+00,1.375030842623368343e+01
2.140000000000000000e+03,7.720000000000000000e+03,2.771738294247812746e+02,2.791579510325631759e+02,2.751807949310834260e+02,2.695921913680889475e+02,2.775745501223451015e+02,2.657793344252306156e+02,2.873286626353652764e+02,2.692818856673140431e+02,2.693469848966939253e+02,2.791917828909391233e+02,2.779259835862891919e+02,2.815902244343347434e+02,2.799294142413938289e+02,1.668168773160305864e+05,3.419248190289970957e+00,1.369659956428877123e+01
2.150000000000000000e+03,7.730000000000000000e+03,2.771838755189218659e+02,2.790019958158247277e+02,2.749291260569804649e+02,2.693335701951070860e+02,2.773476497641914307e+02,2.656425096262457828e+02,2.867753615405333676e+02,2.691084202823225269e+02,2.691740658682757044e+02,2.791294828959701704e+02,2.779009778377218254e+02,2.815315181705842065e+02,2.798691997556959450e+02,1.667146339457429131e+05,3.419248190289970957e+00,1.364358670195157863e+01
2.160000000000000000e+03,7.740000000000000000e+03,2.771933363909765831e+02,2.788452655285370838e+02,2.746791330429348932e+02,2.690767323327190752e+02,2.771223520641158871e+02,2.655053518630977578e+02,2.862313994279608664e+02,2.689351079299385106e+02,2.690012892441019403e+02,2.790660131011017597e+02,2.778754173989413516e+02,2.814716897460118048e+02,2.798076886353424015e+02,1.666129139231831359e+05,3.419248190289970957e+00,1.359125194199396525e+01
2.170000000000000000e+03,7.750000000000000000e+03,2.772022158839687904e+02,2.786878167204140482e+02,2.744307997307718665e+02,2.688216623752715577e+02,2.768986359506060353e+02,2.653678878925197751e+02,2.856965215971540033e+02,2.687619685078430507e+02,2.688286748109747464e+02,2.790014020584719105e+02,2.778493165601680630e+02,2.814107684513569438e+02,2.797449094195974340e+02,1.665117106390834961e+05,3.419248190289970957e+00,1.353957810643113113e+01
2.180000000000000000e+03,7.760000000000000000e+03,2.772105178418437390e+02,2.785297036386195941e+02,2.741841099942143387e+02,2.685683448040918506e+02,2.766764807705701514e+02,2.652301434678593068e+02,2.851704826805910784e+02,2.685890209208076840e+02,2.686562413609997293e+02,2.789356776972483658e+02,2.778226890193636223e+02,2.813487827791996665e+02,2.796808900761251380e+02,1.664110176491442253e+05,3.419248190289970957e+00,1.348854869811574986e+01
2.190000000000000000e+03,7.770000000000000000e+03,2.772182461091797450e+02,2.783709782141264100e+02,2.739390477856953794e+02,2.683167640258168376e+02,2.764558662810105716e+02,2.650921433818488708e+02,2.846530461967707879e+02,2.684162831328910670e+02,2.684840067510158406e+02,2.788688673380609089e+02,2.777955479119101483e+02,2.812857604458628771e+02,2.796156580117965973e+02,1.663108286676378339e+05,3.419248190289970957e+00,1.343814786510636416e+01
2.200000000000000000e+03,7.780000000000000000e+03,2.772254045287110102e+02,2.782116901834733085e+02,2.736955971313905707e+02,2.680669043903915849e+02,2.762367726340007721e+02,2.649539115020851341e+02,2.841439841708299809e+02,2.682437722105701141e+02,2.683119879485196293e+02,2.788009977076627592e+02,2.777679058357222175e+02,2.812217284234511112e+02,2.795492400846903820e+02,1.662111375611915428e+05,3.419248190289970957e+00,1.338836036760602788e+01
2.210000000000000000e+03,7.790000000000000000e+03,2.772319969406562450e+02,2.780518871796361395e+02,2.734537421563791781e+02,2.678187502092222303e+02,2.760191803718390133e+02,2.648154708051576449e+02,2.836430767235983126e+02,2.680715043738430836e+02,2.681402010768352966e+02,2.787320949521003399e+02,2.777397748794878680e+02,2.811567129582487610e+02,2.794816626163840283e+02,1.661119383430149173e+05,3.419248190289970957e+00,1.333917154630418977e+01
2.220000000000000000e+03,7.800000000000000000e+03,2.772380271815468973e+02,2.778916148208990649e+02,2.732134670827144305e+02,2.675722857733115347e+02,2.758030704131351740e+02,2.646768434107520989e+02,2.831501117296833741e+02,2.678994950376729207e+02,2.679686614567053198e+02,2.786621846500900688e+02,2.777111666471838021e+02,2.810907395969025515e+02,2.794129514067213904e+02,1.660132251674578583e+05,3.419248190289970957e+00,1.329056729329213837e+01
2.230000000000000000e+03,7.810000000000000000e+03,2.772434990823047087e+02,2.777309168031627564e+02,2.729747562421756584e+02,2.673274953682663977e+02,2.755884240440618669e+02,2.645380506131104994e+02,2.826648844716122539e+02,2.677277588463827556e+02,2.677973836467112960e+02,2.785912918269462466e+02,2.776820922821074760e+02,2.810238332084554713e+02,2.793431317415327158e+02,1.659149923246485996e+05,3.419248190289970957e+00,1.324253402435974714e+01
2.240000000000000000e+03,7.820000000000000000e+03,2.772484164681015386e+02,2.775698349729538563e+02,2.727375940825794487e+02,2.670843632891914581e+02,2.753752229094490076e+02,2.643991129126287092e+02,2.821871973176463939e+02,2.675563097147844474e+02,2.676263814793043707e+02,2.785194409668658295e+02,2.776525624890783774e+02,2.809560180063267012e+02,2.792722284055849400e+02,1.658172342356054578e+05,3.419248190289970957e+00,1.319505865316181570e+01
2.250000000000000000e+03,7.830000000000000000e+03,2.772527831565469114e+02,2.774084094064980377e+02,2.725019651758581745e+02,2.668428738540134759e+02,2.751634490025537048e+02,2.642600500456952091e+02,2.817168594123328944e+02,2.673851608631750310e+02,2.674556680974883420e+02,2.784466560254056162e+02,2.776225875542714334e+02,2.808873175693152575e+02,2.792002656949432549e+02,1.657199454474691884e+05,3.419248190289970957e+00,1.314812856689070131e+01
2.260000000000000000e+03,7.840000000000000000e+03,2.772566029568047270e+02,2.772466784843457503e+02,2.722678542204918131e+02,2.666030114154575017e+02,2.749530846587209680e+02,2.641208810125937134e+02,2.812536863884679406e+02,2.672143248502163715e+02,2.672852559865317517e+02,2.783729604420805117e+02,2.775921773705246665e+02,2.808177548614926877e+02,2.791272674256979940e+02,1.656231206290044356e+05,3.419248190289970957e+00,1.310173160340656118e+01
2.270000000000000000e+03,7.850000000000000000e+03,2.772598796697733974e+02,2.770846789497825853e+02,2.720352460525749621e+02,2.663647603724415944e+02,2.747441125436853895e+02,2.639816241066827160e+02,2.807975000921292690e+02,2.670438136042544102e+02,2.671151570067068519e+02,2.782983771511346731e+02,2.775613414500187446e+02,2.807473522514300157e+02,2.790532569453110909e+02,1.655267545663334022e+05,3.419248190289970957e+00,1.305585602972452008e+01
2.280000000000000000e+03,7.860000000000000000e+03,2.772626170850781477e+02,2.769224460089599802e+02,2.718041256441232463e+02,2.661281051803215405e+02,2.745365156463004155e+02,2.638422969392197501e+02,2.803481283178618355e+02,2.668736384468917322e+02,2.669453824222712228e+02,2.782229285953605427e+02,2.775300889468503556e+02,2.806761315313718228e+02,2.789782571420512909e+02,1.654308421587761841e+05,3.419248190289970957e+00,1.301049052148977303e+01
2.290000000000000000e+03,7.870000000000000000e+03,2.772648189823047460e+02,2.767600133312406570e+02,2.715744781075964056e+02,2.658930303602126060e+02,2.743302772755474734e+02,2.637029164656667604e+02,2.799054045629946472e+02,2.667038101457963535e+02,2.667759429284623138e+02,2.781466367334613210e+02,2.774984286715920803e+02,2.806041139344657154e+02,2.789022904572509560e+02,1.653353784150138672e+05,3.419248190289970957e+00,1.296562414462011503e+01
2.300000000000000000e+03,7.880000000000000000e+03,2.772664891293749747e+02,2.765974131862416243e+02,2.713462887063376456e+02,2.656595205078896242e+02,2.741253810400627344e+02,2.635634990101635822e+02,2.794691677889468906e+02,2.665343389054974068e+02,2.666068486790003931e+02,2.780695230555709827e+02,2.774663691089254485e+02,2.805313201522672557e+02,2.788253788928238350e+02,1.652403584493704548e+05,3.419248190289970957e+00,1.292124633618977114e+01
2.310000000000000000e+03,7.890000000000000000e+03,2.772676312818359179e+02,2.764346764619919554e+02,2.711195428476876259e+02,2.654275602998761201e+02,2.739218108543350922e+02,2.634240602887707041e+02,2.790392621921124032e+02,2.663652344166131343e+02,2.664381093142038708e+02,2.779916085913413895e+02,2.774339184328918009e+02,2.804577703516423526e+02,2.787475440214511764e+02,1.651457774782324559e+05,3.419248190289970957e+00,1.287734688805798910e+01
2.320000000000000000e+03,7.900000000000000000e+03,2.772682491820390851e+02,2.762718327109639063e+02,2.708942260868507788e+02,2.651971345034374963e+02,2.737195509229599679e+02,2.632846154320236565e+02,2.786155370167726346e+02,2.661965058689152670e+02,2.662697339795808489e+02,2.779129139212329846e+02,2.774010845218995769e+02,2.803834841903896518e+02,2.786688069950814679e+02,1.650516308166643721e+05,3.419248190289970957e+00,1.283391593103506167e+01
2.330000000000000000e+03,7.910000000000000000e+03,2.772683465594844847e+02,2.761089102279287317e+02,2.706703241464322218e+02,2.649682279810162981e+02,2.735185857170694703e+02,2.631451790068632022e+02,2.781978463129657371e+02,2.660281619884755173e+02,2.661017313508023676e+02,2.778334591860044611e+02,2.773678749719495613e+02,2.803084808326543111e+02,2.785891885549079348e+02,1.649579138752438885e+05,3.419248190289970957e+00,1.279094391885068660e+01
2.340000000000000000e+03,7.920000000000000000e+03,2.772679271288125733e+02,2.759459360913328396e+02,2.704478228717767365e+02,2.647408256963588542e+02,2.733189000496740846e+02,2.630057650371584259e+02,2.777860487633224125e+02,2.658602110292454199e+02,2.659341096553318948e+02,2.777532640989679180e+02,2.773342971092461653e+02,2.802327789643574079e+02,2.785087090404959440e+02,1.648646221568755864e+05,3.419248190289970957e+00,1.274842161531067575e+01
2.350000000000000000e+03,7.930000000000000000e+03,2.772669945904140718e+02,2.757829362096057935e+02,2.702267082901888671e+02,2.645149127199194368e+02,2.731204789437800287e+02,2.628663870234768751e+02,2.773800075064366411e+02,2.656926608313899578e+02,2.657668766906442102e+02,2.776723479510351353e+02,2.773003580058718285e+02,2.801563968064911592e+02,2.784273883962849823e+02,1.647717512538738956e+05,3.419248190289970957e+00,1.270634007911979246e+01
2.360000000000000000e+03,7.940000000000000000e+03,2.772655526300234214e+02,2.756199353725810397e+02,2.700069665820046225e+02,2.642904742343323505e+02,2.729233077023829992e+02,2.627270579630433645e+02,2.769795899403395083e+02,2.655255188169812186e+02,2.656000398501407744e+02,2.775907296244184863e+02,2.772660644865803192e+02,2.800793521297933921e+02,2.783452461817100811e+02,1.646792968451515189e+05,3.419248190289970957e+00,1.266469065167521713e+01
2.370000000000000000e+03,7.950000000000000000e+03,2.772636049171327386e+02,2.754569572946126073e+02,2.697885840797541732e+02,2.640674955377454580e+02,2.727273718917850260e+02,2.625877903675194034e+02,2.765846675721324459e+02,2.653587920143009455e+02,2.654336061340268316e+02,2.775084276003298100e+02,2.772314231452838840e+02,2.800016622677441660e+02,2.782623015791504599e+02,1.645872546935048886e+05,3.419248190289970957e+00,1.262346494520192230e+01
2.380000000000000000e+03,7.960000000000000000e+03,2.772611551062108788e+02,2.752940246764954395e+02,2.695715472631471243e+02,2.638459620474332610e+02,2.725326573375926387e+02,2.624485962808240060e+02,2.761951158690191619e+02,2.651924870616518319e+02,2.652675821656284825e+02,2.774254599696541845e+02,2.771964403511523187e+02,2.799233441297983518e+02,2.781785734017423692e+02,1.644956206429998274e+05,3.419248190289970957e+00,1.258265483106637994e+01
2.390000000000000000e+03,7.970000000000000000e+03,2.772582068339921761e+02,2.751311591783049266e+02,2.693558427830599271e+02,2.636258593044415193e+02,2.723391501060538076e+02,2.623094872958186556e+02,2.758108140685662306e+02,2.650266102659879834e+02,2.651019742179487935e+02,2.773418444368688824e+02,2.771611222627230404e+02,2.798444142129602596e+02,2.780940801007374716e+02,1.644043906164906221e+05,3.419248190289970957e+00,1.254225242909422811e+01
2.400000000000000000e+03,7.980000000000000000e+03,2.772547637214687484e+02,2.749683815480065618e+02,2.691414574402664357e+02,2.634071729770163302e+02,2.721468365074060785e+02,2.621704745719958396e+02,2.754316450711424977e+02,2.648611675672545402e+02,2.649367882187290206e+02,2.772575983340664720e+02,2.771254748309497131e+02,2.797648886145717029e+02,2.780088397734655246e+02,1.643135606133136607e+05,3.419248190289970957e+00,1.250225009680339383e+01
2.410000000000000000e+03,7.990000000000000000e+03,2.772508293717968968e+02,2.748057116285452821e+02,2.689283781909056188e+02,2.631898888570935924e+02,2.719557030825115476e+02,2.620315688475980096e+02,2.750574952784543257e+02,2.646961645814432131e+02,2.647720297725718979e+02,2.771727386284298973e+02,2.770895038269133579e+02,2.796847830433313788e+02,2.779228701705629874e+02,1.642231267069080495e+05,3.419248190289970957e+00,1.246264041945764056e+01
2.420000000000000000e+03,8.000000000000000000e+03,2.772464073721172326e+02,2.746431683593689286e+02,2.687165921514340994e+02,2.629739928739992934e+02,2.717657366064540270e+02,2.618927804599962883e+02,2.746882544755365529e+02,2.645316066089051787e+02,2.646077041712455298e+02,2.770872819272175889e+02,2.770532148222047795e+02,2.796041128308082193e+02,2.778361887031747983e+02,1.641330850426817487e+05,3.419248190289970957e+00,1.242341620143272074e+01
2.430000000000000000e+03,8.010000000000000000e+03,2.772415012904687046e+02,2.744807698490035932e+02,2.685060865885860721e+02,2.627594710876123258e+02,2.715769240842006980e+02,2.617541193563117190e+02,2.743238156960601941e+02,2.643674986479124414e+02,2.644438164090588543e+02,2.770012444882571003e+02,2.770166132181524290e+02,2.795228929420164832e+02,2.777488124500800950e+02,1.640434318358643504e+05,3.419248190289970957e+00,1.238457045704217485e+01
2.440000000000000000e+03,8.020000000000000000e+03,2.772361146785078176e+02,2.743185333951194593e+02,2.682968489117058652e+02,2.625463096926450817e+02,2.713892527531431256e+02,2.616155951079159649e+02,2.739640751210277472e+02,2.642038454039254702e+02,2.642803711904771262e+02,2.769146422271086863e+02,2.769797042454895859e+02,2.794411379859461704e+02,2.776607581644439051e+02,1.639541633695893688e+05,3.419248190289970957e+00,1.234609640256680585e+01
2.450000000000000000e+03,8.030000000000000000e+03,2.772302510692109081e+02,2.741564756213190321e+02,2.680888667008590005e+02,2.623344950112025344e+02,2.712027100050456738e+02,2.614772169241323923e+02,2.736089319018831816e+02,2.640406513235921580e+02,2.641173729558531704e+02,2.768274907312343771e+02,2.769424929771082589e+02,2.793588622265978074e+02,2.775720422816838209e+02,1.638652759928643936e+05,3.419248190289970957e+00,1.230798744579656478e+01
2.460000000000000000e+03,8.040000000000000000e+03,2.772239139771093619e+02,2.739946121087363053e+02,2.678821277178677747e+02,2.621240135269930533e+02,2.710172835066707080e+02,2.613389936678131562e+02,2.732582881613793120e+02,2.638779205723088239e+02,2.639548258784254244e+02,2.767398052428616211e+02,2.769049843258229657e+02,2.792760795896051036e+02,2.774826809228696902e+02,1.637767661187460180e+05,3.419248190289970957e+00,1.227023718346270620e+01
2.470000000000000000e+03,8.050000000000000000e+03,2.772171068984530962e+02,2.738329579976327750e+02,2.676766198147920477e+02,2.619148518424050849e+02,2.708329611098480996e+02,2.612009338627323700e+02,2.729120487903182379e+02,2.637156570669288271e+02,2.637927338825842867e+02,2.766516006993989549e+02,2.768671830605686637e+02,2.791928036738928540e+02,2.773926899029899573e+02,1.636886302225433756e+05,3.419248190289970957e+00,1.223283938976759799e+01
2.480000000000000000e+03,8.060000000000000000e+03,2.772098333112343767e+02,2.736715276971107187e+02,2.674723310181938132e+02,2.617069967031915780e+02,2.706497308628873952e+02,2.610630457084911313e+02,2.725701213606416218e+02,2.635538644849360708e+02,2.636311006530530676e+02,2.765628917220022345e+02,2.768290938098024867e+02,2.791090477620987826e+02,2.773020847407710789e+02,1.636008648401322425e+05,3.419248190289970957e+00,1.219578801016235303e+01
2.490000000000000000e+03,8.070000000000000000e+03,2.772020966747109014e+02,2.735103348943454762e+02,2.672692495093671710e+02,2.615004349954959366e+02,2.704675810144515253e+02,2.609253370910091689e+02,2.722324160754600371e+02,2.633925462679942484e+02,2.634699296449126109e+02,2.764736926250628244e+02,2.767907210654567507e+02,2.790248248268139832e+02,2.772108806577149949e+02,1.635134665662322950e+05,3.419248190289970957e+00,1.215907715598992667e+01
2.500000000000000000e+03,8.080000000000000000e+03,2.771939004279843175e+02,2.733493926662809486e+02,2.670673636114862006e+02,2.612951537460797908e+02,2.702865000038038943e+02,2.607878155943274692e+02,2.718988456421265596e+02,2.632317056362479661e+02,2.633092240945204594e+02,2.763840174232023514e+02,2.767520691941741688e+02,2.789401475400533741e+02,2.771190925889387699e+02,1.634264320528855314e+05,3.419248190289970957e+00,1.212270109770161142e+01
2.510000000000000000e+03,8.090000000000000000e+03,2.771852479927188142e+02,2.731887134785055196e+02,2.668666617939211392e+02,2.610911401222925861e+02,2.701064764578903237e+02,2.606504885103503284e+02,2.715693251915930091e+02,2.630713455967448340e+02,2.631489870277993646e+02,2.762938798381145489e+02,2.767131424356288107e+02,2.788550282815850778e+02,2.770267351876856878e+02,1.633397580079115578e+05,3.419248190289970957e+00,1.208665425884004385e+01
2.520000000000000000e+03,8.100000000000000000e+03,2.771761427678594032e+02,2.730283092103188096e+02,2.666671326701985549e+02,2.608883814321056889e+02,2.699274991869922928e+02,2.605133628498033431e+02,2.712437721935989430e+02,2.629114689523255493e+02,2.629892212690529618e+02,2.762032933048532186e+02,2.766739449194242866e+02,2.787694791469467646e+02,2.769338228309862870e+02,1.632534411933964875e+05,3.419248190289970957e+00,1.205093121042921567e+01
2.530000000000000000e+03,8.110000000000000000e+03,2.771665881424999611e+02,2.728681911780140013e+02,2.664687649963185549e+02,2.606868651241271664e+02,2.697495571810449633e+02,2.603764453513148851e+02,2.709221063760120387e+02,2.627520783100956692e+02,2.628299294493134539e+02,2.761122709779555748e+02,2.766344806397572142e+02,2.786835119545888233e+02,2.768403696254222268e+02,1.631674784242994501e+05,3.419248190289970957e+00,1.201552666557843985e+01
2.540000000000000000e+03,8.120000000000000000e+03,2.771565874774374834e+02,2.727083701564939133e+02,2.662715476692379752e+02,2.604865787874750254e+02,2.695726396056957128e+02,2.602397424914416888e+02,2.706042496468289755e+02,2.625931760895003890e+02,2.626711140146651360e+02,2.760208257377482255e+02,2.765947535043260928e+02,2.785971382537582031e+02,2.767463894122596457e+02,1.630818665670854098e+05,3.419248190289970957e+00,1.198043547435607792e+01
2.550000000000000000e+03,8.130000000000000000e+03,2.771461441167422208e+02,2.725488563951898300e+02,2.660754697265986692e+02,2.602875101517972780e+02,2.693967357983530633e+02,2.601032604941736963e+02,2.702901260202345384e+02,2.624347645300609315e+02,2.625127772337203851e+02,2.759289701956098497e+02,2.765547673109083462e+02,2.785103693318204137e+02,2.766518957726285066e+02,1.629966025384031236e+05,3.419248190289970957e+00,1.194565261884017104e+01
2.560000000000000000e+03,8.140000000000000000e+03,2.771352613853515550e+02,2.723896596678102355e+02,2.658805203381139677e+02,2.600896470845108865e+02,2.692218352646576705e+02,2.599670053355189339e+02,2.699796615447241948e+02,2.622768456986320871e+02,2.623549212050108963e+02,2.758367167019799240e+02,2.765145257572733613e+02,2.784232162207492820e+02,2.765569020333999788e+02,1.629116833038068144e+05,3.419248190289970957e+00,1.191117320829215309e+01
2.570000000000000000e+03,8.150000000000000000e+03,2.771239425888750247e+02,2.722307892393799307e+02,2.656866888165432670e+02,2.598929775942526703e+02,2.690479276747917652e+02,2.598309827596286254e+02,2.696727842349760067e+02,2.621194214962266642e+02,2.621975478640089250e+02,2.757440773486079593e+02,2.764740324450525009e+02,2.783356897043684057e+02,2.764614212713189545e+02,1.628271058765010384e+05,3.419248190289970957e+00,1.187699247491145904e+01
2.580000000000000000e+03,8.160000000000000000e+03,2.771121910135234430e+02,2.720722539265746605e+02,2.654939646056718061e+02,2.596974898276049544e+02,2.688750028600272799e+02,2.596951982808905655e+02,2.693694240059464278e+02,2.619624936657148169e+02,2.620406589897704066e+02,2.756510639762807955e+02,2.764332908846951113e+02,2.782478003244661977e+02,2.763654663185192817e+02,1.627428673162084306e+05,3.419248190289970957e+00,1.184310576938501924e+01
2.590000000000000000e+03,8.170000000000000000e+03,2.771000099263984566e+02,2.719140621025839550e+02,2.653023372820531449e+02,2.595031720688308496e+02,2.687030508093572507e+02,2.595596571936081887e+02,2.690695126100720813e+02,2.618060637975495979e+02,2.618842562114164139e+02,2.755576881798415911e+02,2.763923044987725461e+02,2.781595583874030808e+02,2.762690497672868446e+02,1.626589647280283389e+05,3.419248190289970957e+00,1.180950855681696332e+01
2.600000000000000000e+03,8.180000000000000000e+03,2.770874025747734208e+02,2.717562217147624324e+02,2.651117965532577614e+02,2.593100127394065453e+02,2.685320616663219653e+02,2.594243645791526660e+02,2.687729835765506436e+02,2.616501333360087074e+02,2.617283410140847195e+02,2.754639613132254681e+02,2.763510766256492843e+02,2.780709739701218837e+02,2.761721839745251827e+02,1.625753952612537250e+05,3.419248190289970957e+00,1.177619641278406171e+01
2.610000000000000000e+03,8.190000000000000000e+03,2.770743721865234193e+02,2.715987402940905326e+02,2.649223322578224042e+02,2.591180003968382266e+02,2.683620257259416348e+02,2.592893253136705880e+02,2.684797721546523235e+02,2.614947035854674482e+02,2.615729147450898608e+02,2.753698944942331650e+02,2.763096105224765324e+02,2.779820569260133425e+02,2.760748810666279383e+02,1.624921561083669658e+05,3.419248190289970957e+00,1.174316501965636128e+01
2.620000000000000000e+03,8.200000000000000000e+03,2.770609219702500354e+02,2.714416250115884850e+02,2.647339343540056120e+02,2.589271237340359448e+02,2.681929334288651035e+02,2.591545440747748330e+02,2.681898152509788815e+02,2.613397757154185683e+02,2.614179786194362691e+02,2.752754986120189642e+02,2.762679093701327702e+02,2.778928168909196188e+02,2.759771529439315145e+02,1.624092445040169696e+05,3.419248190289970957e+00,1.171041016272838320e+01
2.630000000000000000e+03,8.210000000000000000e+03,2.770470551150937695e+02,2.712848826165163700e+02,2.645465929367578610e+02,2.587373715782904924e+02,2.680247753638752783e+02,2.590200253486880797e+02,2.679030513880927060e+02,2.611853507660501350e+02,2.612635337250056295e+02,2.751807843276574772e+02,2.762259762736987909e+02,2.778032632883991937e+02,2.758790112849347338e+02,1.623266577239905309e+05,3.419248190289970957e+00,1.167792772719619876e+01
2.640000000000000000e+03,8.220000000000000000e+03,2.770327747909219056e+02,2.711285195915602344e+02,2.643602982165584763e+02,2.585487328899048407e+02,2.678575422594284987e+02,2.588857734340049888e+02,2.676194206435503702e+02,2.610314296549465212e+02,2.611095810290513555e+02,2.750857620830489623e+02,2.761838142690088489e+02,2.777134052785650056e+02,2.757804675542699897e+02,1.622443930842583359e+05,3.419248190289970957e+00,1.164571369457594407e+01
2.650000000000000000e+03,8.230000000000000000e+03,2.770180841480624849e+02,2.709725418630524132e+02,2.641750405286438763e+02,2.583611967616367338e+02,2.676912249821774026e+02,2.587517924538765328e+02,2.673388646015051791e+02,2.608780131795816146e+02,2.609561213783848075e+02,2.749904421016740343e+02,2.761414263180456032e+02,2.776232519963247682e+02,2.756815329956729670e+02,1.621624479400313576e+05,3.419248190289970957e+00,1.161376413948802266e+01
2.660000000000000000e+03,8.240000000000000000e+03,2.770029863177421703e+02,2.708169552082754876e+02,2.639908103348767554e+02,2.581747524172178032e+02,2.675258145406442054e+02,2.586180863564205197e+02,2.670613263096932428e+02,2.607251020235968326e+02,2.608031555102494963e+02,2.748948343963888306e+02,2.760988153208348876e+02,2.775328121993845798e+02,2.755822186487862950e+02,1.620808196849068336e+05,3.419248190289970957e+00,1.158207522700925907e+01
2.670000000000000000e+03,8.250000000000000000e+03,2.769874844114531243e+02,2.706617650399039690e+02,2.638075982078696029e+02,2.579893892104580573e+02,2.673613020713751780e+02,2.584846589227964841e+02,2.667867502282187502e+02,2.605726967612089879e+02,2.606506840544377610e+02,2.747989487729242342e+02,2.760559841131127428e+02,2.774420945151304636e+02,2.754825353482933679e+02,1.619995057498978276e+05,3.419248190289970957e+00,1.155064320935341016e+01
2.680000000000000000e+03,8.260000000000000000e+03,2.769715815221093180e+02,2.705069764528366250e+02,2.636253948402995206e+02,2.578050966238758406e+02,2.671976788429053613e+02,2.583515137724965030e+02,2.665150821880026228e+02,2.604207978616575474e+02,2.604987075367217244e+02,2.747027948339963928e+02,2.760129354694032031e+02,2.773511073849095396e+02,2.753824937274785611e+02,1.619185036027245515e+05,3.419248190289970957e+00,1.151946442324406483e+01
2.690000000000000000e+03,8.270000000000000000e+03,2.769552807229296718e+02,2.703525942437327103e+02,2.634441910406184775e+02,2.576218642675934802e+02,2.670349362521233161e+02,2.582186543688503662e+02,2.662462693481558631e+02,2.602694056931229625e+02,2.603472263839146308e+02,2.746063819835428035e+02,2.759696721054132809e+02,2.772598590679340873e+02,2.752821042223625909e+02,1.618378107468730304e+05,3.419248190289970957e+00,1.148853528726042939e+01
2.700000000000000000e+03,8.280000000000000000e+03,2.769385850680624230e+02,2.701986229391462189e+02,2.632639777277817075e+02,2.574396818747011935e+02,2.668730658220461009e+02,2.580860840250941237e+02,2.659802601533025950e+02,2.601185205271889913e+02,2.601962409269797831e+02,2.745097194307192012e+02,2.759261966801273616e+02,2.771683576467245302e+02,2.751813770767161600e+02,1.617574247208551096e+05,3.419248190289970957e+00,1.145785229914450909e+01
2.710000000000000000e+03,8.290000000000000000e+03,2.769214975928906028e+02,2.700450667663324111e+02,2.630847459391982284e+02,2.572585393114533190e+02,2.667120591966137795e+02,2.579538059046245735e+02,2.657170042995935546e+02,2.599681425418904155e+02,2.600457514059809228e+02,2.744128161956379017e+02,2.758825117987711337e+02,2.770766110294410396e+02,2.750803223417394747e+02,1.616773430974706425e+05,3.419248190289970957e+00,1.142741203357257085e+01
2.720000000000000000e+03,8.300000000000000000e+03,2.769040213133358748e+02,2.698919297019349983e+02,2.629064868197081069e+02,2.570784265609132717e+02,2.665519081427297579e+02,2.578218230343898654e+02,2.654564526904679269e+02,2.598182718260759998e+02,2.598957579734687329e+02,2.743156811102073789e+02,2.758386200133153352e+02,2.769846269559517395e+02,2.749789498846354263e+02,1.615975634829685150e+05,3.419248190289970957e+00,1.139721113961751620e+01
2.730000000000000000e+03,8.310000000000000000e+03,2.768861592266562184e+02,2.697392154726311446e+02,2.627291916226265585e+02,2.568993337303767817e+02,2.663926045449314302e+02,2.576901383028392161e+02,2.651985574032590876e+02,2.596689083831777793e+02,2.597462606974863775e+02,2.742183228241855204e+02,2.757945238256290281e+02,2.768924130015696505e+02,2.748772693897471413e+02,1.615180835164456221e+05,3.419248190289970957e+00,1.136724633850979949e+01
2.740000000000000000e+03,8.320000000000000000e+03,2.768679143111171470e+02,2.695869275613040372e+02,2.625528517091581762e+02,2.567212510481669483e+02,2.662341404034751804e+02,2.575587544664984989e+02,2.649432716537017996e+02,2.595200521340593696e+02,2.595972595650978860e+02,2.741207498087215413e+02,2.757502256887331100e+02,2.767999765806280266e+02,2.747752903623184011e+02,1.614389008690426999e+05,3.419248190289970957e+00,1.133751442142461308e+01
2.750000000000000000e+03,8.330000000000000000e+03,2.768492895260390583e+02,2.694350692144039954e+02,2.623774585472086187e+02,2.565441688625248275e+02,2.660765078330788356e+02,2.574276741543427534e+02,2.646905497621856398e+02,2.593717029207382438e+02,2.594487544858407659e+02,2.740229703593435602e+02,2.757057280089811684e+02,2.767073249507985224e+02,2.746730221317908445e+02,1.613600132433354156e+05,3.419248190289970957e+00,1.130801224744626765e+01
2.760000000000000000e+03,8.340000000000000000e+03,2.768302878123984101e+02,2.692836434718865348e+02,2.622030037049250950e+02,2.563680776399545493e+02,2.659196990571478523e+02,2.572968998716951319e+02,2.644403471196184228e+02,2.592238605092663306e+02,2.593007452947192633e+02,2.739249926015278334e+02,2.756610331477780846e+02,2.766144652165495472e+02,2.745704738552497588e+02,1.612814183726662304e+05,3.419248190289970957e+00,1.127873674140469618e+01
2.770000000000000000e+03,8.350000000000000000e+03,2.768109120919999668e+02,2.691326531354941949e+02,2.620294788589775408e+02,2.561929679639941355e+02,2.657637064120286254e+02,2.571664340047612995e+02,2.641926201586560978e+02,2.590765245925254590e+02,2.591532317552604354e+02,2.738268244910524345e+02,2.756161434225413700e+02,2.765214043329637548e+02,2.744676545206501714e+02,1.612031140204316180e+05,3.419248190289970957e+00,1.124968489213085299e+01
2.780000000000000000e+03,8.360000000000000000e+03,2.767911652683749821e+02,2.689821008123519164e+02,2.618568757843009962e+02,2.560188305340103625e+02,2.656085223397158188e+02,2.570362788240987584e+02,2.639473263213470204e+02,2.589296947941085705e+02,2.590062135623642234e+02,2.737284738197861316e+02,2.755710611087583288e+02,2.764281491092808096e+02,2.743645729500732386e+02,1.611250979795862804e+05,3.419248190289970957e+00,1.122085375049732114e+01
2.790000000000000000e+03,8.370000000000000000e+03,2.767710502264374668e+02,2.688319889057295882e+02,2.616851863569132206e+02,2.558456561643779708e+02,2.654541393873845436e+02,2.569064364886575049e+02,2.637044240306540246e+02,2.587833706701596270e+02,2.588596903448839157e+02,2.736299482182888596e+02,2.755257884411385021e+02,2.763347062122786042e+02,2.742612378026369129e+02,1.610473680719180556e+05,3.419248190289970957e+00,1.119224042759810622e+01
2.800000000000000000e+03,8.380000000000000000e+03,2.767505698325781509e+02,2.686823196522360035e+02,2.615144025458620263e+02,2.556734357787960619e+02,2.653005502055842726e+02,2.567769090491864290e+02,2.634638726600977634e+02,2.586375517124423027e+02,2.587136616687111541e+02,2.735312551606294278e+02,2.754803276160742485e+02,2.762410821696837502e+02,2.741576575776278446e+02,1.609699221475593513e+05,3.419248190289970957e+00,1.116384209292306373e+01
2.810000000000000000e+03,8.390000000000000000e+03,2.767297269348828195e+02,2.685330950752642707e+02,2.613445164244204193e+02,2.555021604172407024e+02,2.651477475459550419e+02,2.566476984521360123e+02,2.632256325101915309e+02,2.584922373505898463e+02,2.585681270387568134e+02,2.734324019645327439e+02,2.754346807911738324e+02,2.761472833737244059e+02,2.740538406176715398e+02,1.608927580843465403e+05,3.419248190289970957e+00,1.113565597290993736e+01
2.820000000000000000e+03,8.400000000000000000e+03,2.767085243634609810e+02,2.683843170380009724e+02,2.611755201574393936e+02,2.553318212279015711e+02,2.649957242595245361e+02,2.565188065426976891e+02,2.629896647794250271e+02,2.583474269553489648e+02,2.584230859019199897e+02,2.733333957968735035e+02,2.753888500878935588e+02,2.760533160836025104e+02,2.739497951113845033e+02,1.608158737873432692e+05,3.419248190289970957e+00,1.110767934919278410e+01
2.830000000000000000e+03,8.410000000000000000e+03,2.766869649297344154e+02,2.682359872348625345e+02,2.610074060039529513e+02,2.551624094676348591e+02,2.648444732948506157e+02,2.563902350683403029e+02,2.627559315394276496e+02,2.582031198403036569e+02,2.582785376489856048e+02,2.732342436763939304e+02,2.753428375925369664e+02,2.759591864292178798e+02,2.738455290963481161e+02,1.607392671882029681e+05,3.419248190289970957e+00,1.107990955706826064e+01
2.840000000000000000e+03,8.420000000000000000e+03,2.766650514272656665e+02,2.680881071990607438e+02,2.608401663157723647e+02,2.549939165010985391e+02,2.646939876961923233e+02,2.562619856817134405e+02,2.625243957105697064e+02,2.580593152645832902e+02,2.581344816172119181e+02,2.731349524762398460e+02,2.752966453569791270e+02,2.758649004140518173e+02,2.737410504620402207e+02,1.606629362447540625e+05,3.419248190289970957e+00,1.105234398400043538e+01
2.850000000000000000e+03,8.430000000000000000e+03,2.766427866317109761e+02,2.679406783096742402e+02,2.606737935357879792e+02,2.548263337987008867e+02,2.645442606016265472e+02,2.561340599441628001e+02,2.622950210380778913e+02,2.579160124346650491e+02,2.579909170924393038e+02,2.730355289271441279e+02,2.752502754002355232e+02,2.757704639177545687e+02,2.736363669520394524e+02,1.605868789404125710e+05,3.419248190289970957e+00,1.102498006819410392e+01
2.860000000000000000e+03,8.440000000000000000e+03,2.766201733008045949e+02,2.677937018002760396e+02,2.605082801967844262e+02,2.546596529359503620e+02,2.643952852415077928e+02,2.560064593281703083e+02,2.620677720693086030e+02,2.577732105070009538e+02,2.578478433111287131e+02,2.729359796179194859e+02,2.752037297096181874e+02,2.756758826993695948e+02,2.735314861672907796e+02,1.605110932837591099e+05,3.419248190289970957e+00,1.099781529720340245e+01
2.870000000000000000e+03,8.450000000000000000e+03,2.765972141742734038e+02,2.676471787550058252e+02,2.603436189198503712e+02,2.544938655914731669e+02,2.642470549366213959e+02,2.558791852205501414e+02,2.618426141311647939e+02,2.576309085890953838e+02,2.577052594626309769e+02,2.728363110139090395e+02,2.751570102410432241e+02,2.755811624001553355e+02,2.734264155618257064e+02,1.604355773079554492e+05,3.419248190289970957e+00,1.097084720657085199e+01
2.880000000000000000e+03,8.460000000000000000e+03,2.765739119740781575e+02,2.675011101186536848e+02,2.601798024134735670e+02,2.543289635461682110e+02,2.640995630964386010e+02,2.557522389253165613e+02,2.616195133093069671e+02,2.574891057431274817e+02,2.575631646898725080e+02,2.727365294254111063e+02,2.751101189209822451e+02,2.754863085450791687e+02,2.733211624761825647e+02,1.603603290703773382e+05,3.419248190289970957e+00,1.094407337854858220e+01
2.890000000000000000e+03,8.470000000000000000e+03,2.765502694049844195e+02,2.673554967227127008e+02,2.600168234719100155e+02,2.541649386815425089e+02,2.639528032179402430e+02,2.556256216659292591e+02,2.613984364270775700e+02,2.573478009865729064e+02,2.574215580933398542e+02,2.726366410440481332e+02,2.750630576468852269e+02,2.753913265474139962e+02,2.732157340878569016e+02,1.602853466521502123e+05,3.419248190289970957e+00,1.091749144087470391e+01
2.900000000000000000e+03,8.480000000000000000e+03,2.765262891535234075e+02,2.672103392588888369e+02,2.598546749740132213e+02,2.540017829786266077e+02,2.638067688835308786e+02,2.554993345882788560e+02,2.611793510254976809e+02,2.572069932941277557e+02,2.572804387314060364e+02,2.725366519341644107e+02,2.750158282878916225e+02,2.752962217100485987e+02,2.731101374530765042e+02,1.602106281576172623e+05,3.419248190289970957e+00,1.089109906552083551e+01
2.910000000000000000e+03,8.490000000000000000e+03,2.765019738893828389e+02,2.670656383060716621e+02,2.596933498820965269e+02,2.538394885163142760e+02,2.636614537597858998e+02,2.553733787631580583e+02,2.609622253439079600e+02,2.570666816000713197e+02,2.571398056225547180e+02,2.724365680281500204e+02,2.749684326863160209e+02,2.752009992280748634e+02,2.730043794973075251e+02,1.601361717140222027e+05,3.419248190289970957e+00,1.086489396756419978e+01
2.920000000000000000e+03,8.500000000000000000e+03,2.764773262646328362e+02,2.669213943240784488e+02,2.595328412405216341e+02,2.536780474706186226e+02,2.635168515959577462e+02,2.552477551884121851e+02,2.607470283013783501e+02,2.569268647995439210e+02,2.569996577467899783e+02,2.723363951383075232e+02,2.749208726579799418e+02,2.751056641912978193e+02,2.728984670182667855e+02,1.600619754710217821e+05,3.419248190289970957e+00,1.083887390405185158e+01
2.930000000000000000e+03,8.510000000000000000e+03,2.764523489139687626e+02,2.667776076631308229e+02,2.593731421746861088e+02,2.535174521127887033e+02,2.633729562222924301e+02,2.551224647915574053e+02,2.605337294785692848e+02,2.567875417501889501e+02,2.568599940473716288e+02,2.722361389557764824e+02,2.748731499932043789e+02,2.750102215865983908e+02,2.727924066882524698e+02,1.599880376002919220e+05,3.419248190289970957e+00,1.081303667289862425e+01
2.940000000000000000e+03,8.520000000000000000e+03,2.764270444550703587e+02,2.666342785678698419e+02,2.592142458896631751e+02,2.533576948084769924e+02,2.632297615488557767e+02,2.549975084320168435e+02,2.603222990999100261e+02,2.566487112739283702e+02,2.567208134323637410e+02,2.721358050525919907e+02,2.748252664573071229e+02,2.749146763001555769e+02,2.726862050561732644e+02,1.599143562951198255e+05,3.419248190289970957e+00,1.078738011186244883e+01
2.950000000000000000e+03,8.530000000000000000e+03,2.764014154883905690e+02,2.664914071816410797e+02,2.590561456691256694e+02,2.531987680160450509e+02,2.630872615639241872e+02,2.548728869031108673e+02,2.601127080170896875e+02,2.565103721583994343e+02,2.565821147761772636e+02,2.720353988850485507e+02,2.747772237917141069e+02,2.748190331197640148e+02,2.725798685503057754e+02,1.598409297700413445e+05,3.419248190289970957e+00,1.076190209750479987e+01
2.960000000000000000e+03,8.540000000000000000e+03,2.763754645977812174e+02,2.663489935518232414e+02,2.588988348741532377e+02,2.530406642857970212e+02,2.629454503327514203e+02,2.547486009343718649e+02,2.599049276922874014e+02,2.563725231583354685e+02,2.564438969209699053e+02,2.719349257946068406e+02,2.747290237144428602e+02,2.747232967368694858e+02,2.724734034796808260e+02,1.597677562604605046e+05,3.419248190289970957e+00,1.073660054423310584e+01
2.970000000000000000e+03,8.550000000000000000e+03,2.763491943498202659e+02,2.662070376259983391e+02,2.587423069421199671e+02,2.528833762583466012e+02,2.628043219961037380e+02,2.546246511935195542e+02,2.596989301823992946e+02,2.562351629968533189e+02,2.563061586778359811e+02,2.718343910181081924e+02,2.746806679198754182e+02,2.746274717487274870e+02,2.723668160371929048e+02,1.596948340222451661e+05,3.419248190289970957e+00,1.071147340332463216e+01
2.980000000000000000e+03,8.560000000000000000e+03,2.763226072941249072e+02,2.660655392849070608e+02,2.585865553856669408e+02,2.527268966635292031e+02,2.626638707691494119e+02,2.545010382885282922e+02,2.594946881234900502e+02,2.560982903677532931e+02,2.561688988286630888e+02,2.717337996698897769e+02,2.746321580748193014e+02,2.745315626608227717e+02,2.722601123009929438e+02,1.596221613313935231e+05,3.419248190289970957e+00,1.068651866204160683e+01
2.990000000000000000e+03,8.570000000000000000e+03,2.762957059642344007e+02,2.659244982748173811e+02,2.584315737914360511e+02,2.525712183191983513e+02,2.625240909398014537e+02,2.543777627694761918e+02,2.592921747160962127e+02,2.559619039349942398e+02,2.560321161266343779e+02,2.716331567650910301e+02,2.745834958579293357e+02,2.744355738873371706e+02,2.721532982364721533e+02,1.595497364836885245e+05,3.419248190289970957e+00,1.066173434269734877e+01
3.000000000000000000e+03,8.580000000000000000e+03,2.762684928769453450e+02,2.657839143204925563e+02,2.582773558191471466e+02,2.524163341299858132e+02,2.623849768679740464e+02,2.542548251302746678e+02,2.590913637106043552e+02,2.558260023359092372e+02,2.558958092980903984e+02,2.715324672140905591e+02,2.745346828774503933e+02,2.743395097555728057e+02,2.720463796991319327e+02,1.594775577943618991e+05,3.419248190289970957e+00,1.063711850183791796e+01
3.010000000000000000e+03,8.590000000000000000e+03,2.762409705320312696e+02,2.656437870376148567e+02,2.581238952004442808e+02,2.522622370861257650e+02,2.622465229837710012e+02,2.541322258107477126e+02,2.588922293932753291e+02,2.556905841814382256e+02,2.557599770437293500e+02,2.714317358230948685e+02,2.744857207473696690e+02,2.742433745063265178e+02,2.719393624356661121e+02,1.594056235976961616e+05,3.419248190289970957e+00,1.061266922939461033e+01
3.020000000000000000e+03,8.600000000000000000e+03,2.762131414133906446e+02,2.655041159708974305e+02,2.579711857379128332e+02,2.521089202621869845e+02,2.621087237868056263e+02,2.540099651982022237e+02,2.586947465726873929e+02,2.555556480574147713e+02,2.556246180393700058e+02,2.713309672974982050e+02,2.744366110596932344e+02,2.741471722955723180e+02,2.718322520866694845e+02,1.593339322468029277e+05,3.419248190289970957e+00,1.058838464787128331e+01
3.030000000000000000e+03,8.610000000000000000e+03,2.761850079884531510e+02,2.653649005943050270e+02,2.578192213041122045e+02,2.519563768160863617e+02,2.619715738448228990e+02,2.538880436291890987e+02,2.584988905664899335e+02,2.554211925257928328e+02,2.554897309373773737e+02,2.712301662436465222e+02,2.743873553868582462e+02,2.740509071967761088e+02,2.717250541876096577e+02,1.592624821132362122e+05,3.419248190289970957e+00,1.056426291156991226e+01
3.040000000000000000e+03,8.620000000000000000e+03,2.761565727082499393e+02,2.652261403098808046e+02,2.576679958404319564e+02,2.518045999877676309e+02,2.618350677925133141e+02,2.537664613908951594e+02,2.583046371888307817e+02,2.552872161254291257e+02,2.553553143675625847e+02,2.711293371746684784e+02,2.743379552821946845e+02,2.739545832025500545e+02,2.716177741717112895e+02,1.591912715866779035e+05,3.419248190289970957e+00,1.054030220583119970e+01
3.050000000000000000e+03,8.630000000000000000e+03,2.761278380078984469e+02,2.650878344656878767e+02,2.575175033562077829e+02,2.516535830981761990e+02,2.616992003302028138e+02,2.536452187233250299e+02,2.581119627376143058e+02,2.551537173739311299e+02,2.552213669383093304e+02,2.710284844988515829e+02,2.742884122813525209e+02,2.738582042263677181e+02,2.715104173709963788e+02,1.591202990746662836e+05,3.419248190289970957e+00,1.051650074629594300e+01
3.060000000000000000e+03,8.640000000000000000e+03,2.760988063063593927e+02,2.649499823373955110e+02,2.573677379277709747e+02,2.515033195480080792e+02,2.615639662233147646e+02,2.535243158199920401e+02,2.579208439831384680e+02,2.550206947679710368e+02,2.550878872375737387e+02,2.709276125398225759e+02,2.742387279020352935e+02,2.737617741042255375e+02,2.714029890185425984e+02,1.590495630022966070e+05,3.419248190289970957e+00,1.049285677822342855e+01
3.070000000000000000e+03,8.650000000000000000e+03,2.760694800069765620e+02,2.648125831446012626e+02,2.572186936973898241e+02,2.513538028167797052e+02,2.614293603006619264e+02,2.534037528301169573e+02,2.577312581554532471e+02,2.548881467843594919e+02,2.549548738336660847e+02,2.708267255277376080e+02,2.741889036444740668e+02,2.736652965962418307e+02,2.712954942500230118e+02,1.589790618119096325e+05,3.419248190289970957e+00,1.046936857574020152e+01
3.080000000000000000e+03,8.660000000000000000e+03,2.760398614967656954e+02,2.646756360502864709e+02,2.570703648723807078e+02,2.512050264614804291e+02,2.612953774537279514e+02,2.532835298597035774e+02,2.575431829342546166e+02,2.547560718812484595e+02,2.548223252765330358e+02,2.707258276028943556e+02,2.741389409922570053e+02,2.735687753880471860e+02,2.711879381055930480e+02,1.589087939628085878e+05,3.419248190289970957e+00,1.044603444124663127e+01
3.090000000000000000e+03,8.670000000000000000e+03,2.760099531474687637e+02,2.645391401635928332e+02,2.569227457242978971e+02,2.510569841158464612e+02,2.611620126357499885e+02,2.531636469730464967e+02,2.573565964369272479e+02,2.546244684989611642e+02,2.546902400984605208e+02,2.706249228174877430e+02,2.740888414125068948e+02,2.734722140929061425e+02,2.710803255312689544e+02,1.588387579310410947e+05,3.419248190289970957e+00,1.042285270472289938e+01
3.100000000000000000e+03,8.680000000000000000e+03,2.759797573148202332e+02,2.644030945371569032e+02,2.567758305878919600e+02,2.509096694888920069e+02,2.610292608604286784e+02,2.530441041940194964e+02,2.571714772084896481e+02,2.544933350605993780e+02,2.545586168147218871e+02,2.705240151426178841e+02,2.740386063561874153e+02,2.733756162525234572e+02,2.709726613811538982e+02,1.587689522090534738e+05,3.419248190289970957e+00,1.039982172310645225e+01
3.110000000000000000e+03,8.690000000000000000e+03,2.759492763392812549e+02,2.642674981838713393e+02,2.566296138601794610e+02,2.507630763641501517e+02,2.608971172008880899e+02,2.529249015074176725e+02,2.569878042109602347e+02,2.543626699734561214e+02,2.544274539247780922e+02,2.704231084563646164e+02,2.739882372588392059e+02,2.732789853388964048e+02,2.708649504183134695e+02,1.586993753054388508e+05,3.419248190289970957e+00,1.037693987968312648e+01
3.120000000000000000e+03,8.700000000000000000e+03,2.759185125456015726e+02,2.641323500677177663e+02,2.564840899998044961e+02,2.506171985984646540e+02,2.607655767890328207e+02,2.528060388603514639e+02,2.568055568135363274e+02,2.542324716298106466e+02,2.542967499129786972e+02,2.703222065558414329e+02,2.739377355407818868e+02,2.731823247560226946e+02,2.707571973172788944e+02,1.586300257447521144e+05,3.419248190289970957e+00,1.035420558352453568e+01
3.130000000000000000e+03,8.710000000000000000e+03,2.758874682433281009e+02,2.639976491032125523e+02,2.563392535258851694e+02,2.504720301211609979e+02,2.606346348145378897e+02,2.526875161630501339e+02,2.566247147826784385e+02,2.541027384070025619e+02,2.541665032493108640e+02,2.702213131612768962e+02,2.738871026072557697e+02,2.730856378406006115e+02,2.706494066645637986e+02,1.585609020671554026e+05,3.419248190289970957e+00,1.033161726887264109e+01
3.140000000000000000e+03,8.720000000000000000e+03,2.758561457269374841e+02,2.638633941653388888e+02,2.561950990174317440e+02,2.503275649327944734e+02,2.605042865235569707e+02,2.525693332905849218e+02,2.564452582727800518e+02,2.539734686688646832e+02,2.540367123899934825e+02,2.701204319117048840e+02,2.738363398491126190e+02,2.729889278639419103e+02,2.705415829607672435e+02,1.584920028282738931e+05,3.419248190289970957e+00,1.030917339459414528e+01
3.150000000000000000e+03,8.730000000000000000e+03,2.758245472751718239e+02,2.637295841117966120e+02,2.560516211123274957e+02,2.501837971042291144e+02,2.603745272182364374e+02,2.524514900837758944e+02,2.562671678170809741e+02,2.538446607663369718e+02,2.539073757795290476e+02,2.700195663677753259e+02,2.737854486430354655e+02,2.728921980336685920e+02,2.704337306014167552e+02,1.584233265988421626e+05,3.419248190289970957e+00,1.028687244368200560e+01
3.160000000000000000e+03,8.740000000000000000e+03,2.757926751523515918e+02,2.635962176777230184e+02,2.559088145065892377e+02,2.500407207757503727e+02,2.602453522555886707e+02,2.523339863502108642e+02,2.560904243181535662e+02,2.537163130378626761e+02,2.537784918470580067e+02,2.699187200168266259e+02,2.737344303509538008e+02,2.727954514952058389e+02,2.703258539672506231e+02,1.583548719645755773e+05,3.419248190289970957e+00,1.026471292260740675e+01
3.170000000000000000e+03,8.750000000000000000e+03,2.757605316073125437e+02,2.634632936639287664e+02,2.557666739535520151e+02,2.498983301561027019e+02,2.601167570467530936e+02,2.522168218655157546e+02,2.559150090403965976e+02,2.535884238107566375e+02,2.536500590132146726e+02,2.698178962640719760e+02,2.736832863221571301e+02,2.726986913282709679e+02,2.702179572836238322e+02,1.582866375259055058e+05,3.419248190289970957e+00,1.024269336097221128e+01
3.180000000000000000e+03,8.760000000000000000e+03,2.757281188740078051e+02,2.633308108027118237e+02,2.556251942630706822e+02,2.497566195212986315e+02,2.599887370559870874e+02,2.520999963742502530e+02,2.557409036001432412e+02,2.534609914013795162e+02,2.535220756875229711e+02,2.697170984469480004e+02,2.736320178922326249e+02,2.726019205564799677e+02,2.701100447121979755e+02,1.582186218976630480e+05,3.419248190289970957e+00,1.022081231091248377e+01
3.190000000000000000e+03,8.770000000000000000e+03,2.756954391718437023e+02,2.631987677547639919e+02,2.554843703007818476e+02,2.496155832139235144e+02,2.598612878000776050e+02,2.519835095910237044e+02,2.555680899587686099e+02,2.533340141157126482e+02,2.533945402674657998e+02,2.696163298291986621e+02,2.735806263835773393e+02,2.725051421412427999e+02,2.700021203746217680e+02,1.581508237090219045e+05,3.419248190289970957e+00,1.019906834661680328e+01
3.200000000000000000e+03,8.780000000000000000e+03,2.756624947055858570e+02,2.630671631983838097e+02,2.553441969872682193e+02,2.494752156420506424e+02,2.597344048471347264e+02,2.518673612014460161e+02,2.553965504139333689e+02,2.532074902504303395e+02,2.532674511427556752e+02,2.695155936039956259e+02,2.735291131060393468e+02,2.724083589918272423e+02,2.698941882681726838e+02,1.580832416031770408e+05,3.419248190289970957e+00,1.017746006390144231e+01
3.210000000000000000e+03,8.790000000000000000e+03,2.756292876648984134e+02,2.629359957540885375e+02,2.552046692974111011e+02,2.493355112784809364e+02,2.596080838161684028e+02,2.517515508630869476e+02,2.552262675921833477e+02,2.530814180930077271e+02,2.531408066928204619e+02,2.694148928952079132e+02,2.734774793567280540e+02,2.723115739519190015e+02,2.697862523470968199e+02,1.580158742371234403e+05,3.419248190289970957e+00,1.015598607971734957e+01
3.220000000000000000e+03,8.800000000000000000e+03,2.755958202252734282e+02,2.628052640339540744e+02,2.550657822595308630e+02,2.491964646597805597e+02,2.594823203761559967e+02,2.516360782064991213e+02,2.550572244412852285e+02,2.529557959227442439e+02,2.530146052897004267e+02,2.693142307585587218e+02,2.734257264206324862e+02,2.722147898151779373e+02,2.696783164682933602e+02,1.579487202815038036e+05,3.419248190289970957e+00,1.013464503173568332e+01
3.230000000000000000e+03,8.810000000000000000e+03,2.755620945477265309e+02,2.626749666261447942e+02,2.549275309548734754e+02,2.490580703852225781e+02,2.593571102450615058e+02,2.515209428361266930e+02,2.548894042229552213e+02,2.528306220111482787e+02,2.528888452976233054e+02,2.692136101833507382e+02,2.733738555711539107e+02,2.721180093197626206e+02,2.695703844138525938e+02,1.578817784203890187e+05,3.419248190289970957e+00,1.011343557790914716e+01
3.240000000000000000e+03,8.820000000000000000e+03,2.755281127787733908e+02,2.625451020681953764e+02,2.547899105165562901e+02,2.489203231161544352e+02,2.592324491896580412e+02,2.514061443304667591e+02,2.547227905058237241e+02,2.527058946225836280e+02,2.527635250725334117e+02,2.691130340937837104e+02,2.733218680691786062e+02,2.720212351544230955e+02,2.694624599113766408e+02,1.578150473510436132e+05,3.419248190289970957e+00,1.009235639603409496e+01
3.250000000000000000e+03,8.830000000000000000e+03,2.754938770508360335e+02,2.624156688958404970e+02,2.546529161292856429e+02,2.487832175750604335e+02,2.591083330240365967e+02,2.512916822442078910e+02,2.545573671583936743e+02,2.525816120145720731e+02,2.526386429640668894e+02,2.690125053483533293e+02,2.732697651645956398e+02,2.719244699447195330e+02,2.693545466114443343e+02,1.577485257837862882e+05,3.419248190289970957e+00,1.007140618335808036e+01
3.260000000000000000e+03,8.840000000000000000e+03,2.754593894819140587e+02,2.622866656082162535e+02,2.545165430282779084e+02,2.486467485445288048e+02,2.589847576093519592e+02,2.511775561082689023e+02,2.543931183423146365e+02,2.524577724383906343e+02,2.525141973151738455e+02,2.689120267475707919e+02,2.732175480955050375e+02,2.718277162732427428e+02,2.692466480944892169e+02,1.576822124417495506e+05,3.419248190289970957e+00,1.005058365617244753e+01
3.270000000000000000e+03,8.850000000000000000e+03,2.754246521760547353e+02,2.621580906942137972e+02,2.543807864988642677e+02,2.485109108667334965e+02,2.588617188531013653e+02,2.510637654305734543e+02,2.542300285059004921e+02,2.523343741397919473e+02,2.523901864631974945e+02,2.688116010241856770e+02,2.731652180892364186e+02,2.717309766701986291e+02,2.691387678711893727e+02,1.576161060607397812e+05,3.419248190289970957e+00,1.002988754944635019e+01
3.280000000000000000e+03,8.860000000000000000e+03,2.753896672234999983e+02,2.620299426063515398e+02,2.542456418756020469e+02,2.483756994423507649e+02,2.587392127082262050e+02,2.509503096969842204e+02,2.540680823776302191e+02,2.522114153591725767e+02,2.522666087393990040e+02,2.687112308532111911e+02,2.731127763617167261e+02,2.716342536157993663e+02,2.690309093975963037e+02,1.575502053890278330e+05,3.419248190289970957e+00,1.000931661641609338e+01
3.290000000000000000e+03,8.870000000000000000e+03,2.753544366999688009e+02,2.619022198088818527e+02,2.541111045417334822e+02,2.482411092298026176e+02,2.586172351725216458e+02,2.508371883719824496e+02,2.539072649601717160e+02,2.520888943322691773e+02,2.521434624714000847e+02,2.686109188502076108e+02,2.730602241183087813e+02,2.715375495418855394e+02,2.689230760382386052e+02,1.574845091871345940e+05,3.419248190289970957e+00,9.988869628279191559e+00
3.300000000000000000e+03,8.880000000000000000e+03,2.753189626680312472e+02,2.617749207441152066e+02,2.539771699287071272e+02,2.481071352446390392e+02,2.584957822880323306e+02,2.507244008995015463e+02,2.537475615239567333e+02,2.519668092913445605e+02,2.520207459814232607e+02,2.685106675554188769e+02,2.730075625521020584e+02,2.714408668362489720e+02,2.688152711114437352e+02,1.574190162277508934e+05,3.419248190289970957e+00,9.968545373791782183e+00
3.310000000000000000e+03,8.890000000000000000e+03,2.752832471761718693e+02,2.616480437678821431e+02,2.538438335151256524e+02,2.479737725583699444e+02,2.583748501402803299e+02,2.506119467035989601e+02,2.535889576017014519e+02,2.518451584620900121e+02,2.518984575876475276e+02,2.684104795056122725e+02,2.729547928618412129e+02,2.713442078337264434e+02,2.687074978677133572e+02,1.573537252954797295e+05,3.419248190289970957e+00,9.948342658882742384e+00
3.320000000000000000e+03,8.900000000000000000e+03,2.752472922593125304e+02,2.615215873203085835e+02,2.537110908264904481e+02,2.478410162980695191e+02,2.582544348577217761e+02,2.504998251890636709e+02,2.534314389823586282e+02,2.517239400693077016e+02,2.517765956046215763e+02,2.683103571267492384e+02,2.729019162053111813e+02,2.712475748272681244e+02,2.685997594950032976e+02,1.572886351866948535e+05,3.419248190289970957e+00,9.928260306407368674e+00
3.330000000000000000e+03,8.910000000000000000e+03,2.752110999386874823e+02,2.613955497796324607e+02,2.535789374343905820e+02,2.477088616454041130e+02,2.581345326108894369e+02,2.503880357420817120e+02,2.532749917057990672e+02,2.516031523341617060e+02,2.516551583435162058e+02,2.682103028084039806e+02,2.728489337509510619e+02,2.711509700643453584e+02,2.684920591195019597e+02,1.572237447093635856e+05,3.419248190289970957e+00,9.908297155766794262e+00
3.340000000000000000e+03,8.920000000000000000e+03,2.751746722220702850e+02,2.612699295152965533e+02,2.534473689560732623e+02,2.475773038359319003e+02,2.580151396120629101e+02,2.502765777310967508e+02,2.531196020571272527e+02,2.514827934751666874e+02,2.515341441127171720e+02,2.681103188865695302e+02,2.727958466540960671e+02,2.710543957482114479e+02,2.683843998068612109e+02,1.571590526829253358e+05,3.419248190289970957e+00,9.888452062596295278e+00
3.350000000000000000e+03,8.930000000000000000e+03,2.751380111038046721e+02,2.611447248852005032e+02,2.533163810536275662e+02,2.474463381583630621e+02,2.578962521146439713e+02,2.501654505071246319e+02,2.529652565616171955e+02,2.513628617082661947e+02,2.514135512179776129e+02,2.680104076444114298e+02,2.727426560598279366e+02,2.709578540393008552e+02,2.682767845631959176e+02,1.570945579380833078e+05,3.419248190289970957e+00,9.868723898452227417e+00
3.360000000000000000e+03,8.940000000000000000e+03,2.751011185651796609e+02,2.610199342369928104e+02,2.531859694336253028e+02,2.473159599537189877e+02,2.577778664121981933e+02,2.500546534046304714e+02,2.528119419792948293e+02,2.512433552478142076e+02,2.512933779629485969e+02,2.679105713132924507e+02,2.726893631038888088e+02,2.708613470553790989e+02,2.681692163352261673e+02,1.570302593166909064e+05,3.419248190289970957e+00,9.849111550499893397e+00
3.370000000000000000e+03,8.950000000000000000e+03,2.750639965735703072e+02,2.608955558899440916e+02,2.530561298463255184e+02,2.471861646148250031e+02,2.576599788382767997e+02,2.499441857417727988e+02,2.526596453002785552e+02,2.511242723062801474e+02,2.511736226485735415e+02,2.678108120740390063e+02,2.726359689119122436e+02,2.707648768722355612e+02,2.680616980289798335e+02,1.569661556715288898e+05,3.419248190289970957e+00,9.829613921209894301e+00
3.380000000000000000e+03,8.960000000000000000e+03,2.750266470839531507e+02,2.607715881976956780e+02,2.529268580853133415e+02,2.470569475855178894e+02,2.575425857655881146e+02,2.498340468215704959e+02,2.525083537394275197e+02,2.510056110950144443e+02,2.510542835758826641e+02,2.677111320575949094e+02,2.725824746011574007e+02,2.706684455261823246e+02,2.679542324550215540e+02,1.569022458662661957e+05,3.419248190289970957e+00,9.810229928105348662e+00
3.390000000000000000e+03,8.970000000000000000e+03,2.749890720379140703e+02,2.606480294713421699e+02,2.527981499867967727e+02,2.469283043598513245e+02,2.574256836055981239e+02,2.497242359318815943e+02,2.523580547320091796e+02,2.508873698246642618e+02,2.509353590437272317e+02,2.676115333459237604e+02,2.725288812794751152e+02,2.705720550091577365e+02,2.678468224005579827e+02,1.568385287752170407e+05,3.419248190289970957e+00,9.790958503454318063e+00
3.400000000000000000e+03,8.980000000000000000e+03,2.749512733637890278e+02,2.605248780182631663e+02,2.526700014292017897e+02,2.468002304813364276e+02,2.573092688078116339e+02,2.496147523461327751e+02,2.522087359287595234e+02,2.507695467056794882e+02,2.508168473498158448e+02,2.675120179624673824e+02,2.724751900457989109e+02,2.704757072893298755e+02,2.677394705900849203e+02,1.567750032832048018e+05,3.419248190289970957e+00,9.771798593982051528e+00
3.410000000000000000e+03,8.990000000000000000e+03,2.749132529775469038e+02,2.604021321252890289e+02,2.525424083324012088e+02,2.466727215426829218e+02,2.571933378592910913e+02,2.495055953240404847e+02,2.520603851913846256e+02,2.506521399466490436e+02,2.506987467915343757e+02,2.674125879180031120e+02,2.724214019892645524e+02,2.703794042755027931e+02,2.676321796944463927e+02,1.567116682854998508e+05,3.419248190289970957e+00,9.752749160599879730e+00
3.420000000000000000e+03,9.000000000000000000e+03,2.748750127818594251e+02,2.602797901016716651e+02,2.524153666573441797e+02,2.465457731846528588e+02,2.570778872842795408e+02,2.493967641117217227e+02,2.519129905882265064e+02,2.505351477576174375e+02,2.505810556659062627e+02,2.673132451413024455e+02,2.723675181916027555e+02,2.702831478487013896e+02,2.675249523316187492e+02,1.566485226875682420e+05,3.419248190289970957e+00,9.733809178176377586e+00
3.430000000000000000e+03,9.010000000000000000e+03,2.748365546667890840e+02,2.601578502368843715e+02,2.522888724056307410e+02,2.464193810956771244e+02,2.569629136433818530e+02,2.492882579426923542e+02,2.517665403900121817e+02,2.504185683487949063e+02,2.504637722698570030e+02,2.672139915288286716e+02,2.723135397255306884e+02,2.701869398517646914e+02,2.674177910678621402e+02,1.565855654050337616e+05,3.419248190289970957e+00,9.714977635262552980e+00
3.440000000000000000e+03,9.020000000000000000e+03,2.747978805098671842e+02,2.600363108106135996e+02,2.521629216186610734e+02,2.462935410110312091e+02,2.568484135332512324e+02,2.491800760378270923e+02,2.516210230653722135e+02,2.503023999307438316e+02,2.503468949005082607e+02,2.671148289322402434e+02,2.722594676552019450e+02,2.700907820957692707e+02,2.673106984183135069e+02,1.565227953634683217e+05,3.419248190289970957e+00,9.696253533844119588e+00
3.450000000000000000e+03,9.030000000000000000e+03,2.747589921757891034e+02,2.599151701103329515e+02,2.520375103775869263e+02,2.461682487123004819e+02,2.567343835859425667e+02,2.490722176063320319e+02,2.514764272770086961e+02,2.501866407150053533e+02,2.502304218556574824e+02,2.670157591599539728e+02,2.722053030366095641e+02,2.699946763454969982e+02,2.672036768483758351e+02,1.564602114983077045e+05,3.419248190289970957e+00,9.677635889088742616e+00
3.460000000000000000e+03,9.040000000000000000e+03,2.747198915169765883e+02,2.597944264044179477e+02,2.519126348024088315e+02,2.460435000269691272e+02,2.566208204687508783e+02,2.489646818456877213e+02,2.513327418776547120e+02,2.500712889141193500e+02,2.501143514334257247e+02,2.669167839775556672e+02,2.721510469173186380e+02,2.698986243430796890e+02,2.670967287741928544e+02,1.563978127547066833e+05,3.419248190289970957e+00,9.659123729115831836e+00
3.470000000000000000e+03,9.050000000000000000e+03,2.746805803731875244e+02,2.596740779629277540e+02,2.517882910516861443e+02,2.459192908273288083e+02,2.565077208832165070e+02,2.488574679425806551e+02,2.511899559060913418e+02,2.499563427418437982e+02,2.499986819332127936e+02,2.668179051158588777e+02,2.720967003366146741e+02,2.698026277862517759e+02,2.669898565636235617e+02,1.563355980874169036e+05,3.419248190289970957e+00,9.640716094767197930e+00
3.480000000000000000e+03,9.060000000000000000e+03,2.746410605720078024e+02,2.595541230685042819e+02,2.516644753219934501e+02,2.457956170302137764e+02,2.563950815649255333e+02,2.487505750730303760e+02,2.510480585833066129e+02,2.498418004141041138e+02,2.498834116555418916e+02,2.667191242449187598e+02,2.720422643266583691e+02,2.697066883437955767e+02,2.668830625371086853e+02,1.562735664606277132e+05,3.419248190289970957e+00,9.622412039377435278e+00
3.490000000000000000e+03,9.070000000000000000e+03,2.746013339286405994e+02,2.594345599810820318e+02,2.515411838475642128e+02,2.456724745963404644e+02,2.562828992831016421e+02,2.486440024027921538e+02,2.509070393090183302e+02,2.497276601483958416e+02,2.497685389023583582e+02,2.666204430134187078e+02,2.719877399108302711e+02,2.696108076507803730e+02,2.667763489683262037e+02,1.562117168479174725e+05,3.419248190289970957e+00,9.604210628556803186e+00
3.500000000000000000e+03,9.080000000000000000e+03,2.745614022461093100e+02,2.593153869655106973e+02,2.514184128996355696e+02,2.455498595296299698e+02,2.561711708400508201e+02,2.485377490879638742e+02,2.507668876577203605e+02,2.496139201640465899e+02,2.496540619771431579e+02,2.665218630247892406e+02,2.719331281049574613e+02,2.695149873095818407e+02,2.666697180851679150e+02,1.561500482320491865e+05,3.419248190289970957e+00,9.586110939953996990e+00
3.510000000000000000e+03,9.090000000000000000e+03,2.745212673152890943e+02,2.591966022857292273e+02,2.512961587860429802e+02,2.454277678767454915e+02,2.560598930706281067e+02,2.484318142751409368e+02,2.506275933753675531e+02,2.495005786828449175e+02,2.495399791852339604e+02,2.664233858436218725e+02,2.718784299171680345e+02,2.694192288907183865e+02,2.665631720704702730e+02,1.560885596049021406e+05,3.419248190289970957e+00,9.568112063070699946e+00
3.520000000000000000e+03,9.100000000000000000e+03,2.744809309151796128e+02,2.590782042045247522e+02,2.511744178508953667e+02,2.453061957263800252e+02,2.559490628419885923e+02,2.483261971020540386e+02,2.504891463759468024e+02,2.493876339290459612e+02,2.494262888340604434e+02,2.663250129965903739e+02,2.718236463479784675e+02,2.693235339333002116e+02,2.664567130625371760e+02,1.560272499673650891e+05,3.419248190289970957e+00,9.550213099044714937e+00
3.530000000000000000e+03,9.110000000000000000e+03,2.744403948124218005e+02,2.589601909843698309e+02,2.510531864739643311e+02,2.451851392088824468e+02,2.558386770528669558e+02,2.482208966976858449e+02,2.503515367379391137e+02,2.492750841295644193e+02,2.493129892333275848e+02,2.662267459731195345e+02,2.717687783902682668e+02,2.692279039456598753e+02,2.663503431563817685e+02,1.559661183291600610e+05,3.419248190289970957e+00,9.532413160435412536e+00
3.540000000000000000e+03,9.120000000000000000e+03,2.743996607622656825e+02,2.588425608877702757e+02,2.509324610703102678e+02,2.450645944955838615e+02,2.557287326334966338e+02,2.481159121829848289e+02,2.502147547011221320e+02,2.491629275143038740e+02,2.492000786950969200e+02,2.661285862260584167e+02,2.717138270297144800e+02,2.691323404059181144e+02,2.662440644038462096e+02,1.559051637088296993e+05,3.419248190289970957e+00,9.514711371061217449e+00
3.550000000000000000e+03,9.130000000000000000e+03,2.743587305077578549e+02,2.587253121776611806e+02,2.508122380897994503e+02,2.449445577981079509e+02,2.556192265448424052e+02,2.480112426706662063e+02,2.500787906634094497e+02,2.490511623161758052e+02,2.490875555338683398e+02,2.660305351725222067e+02,2.716587932445143565e+02,2.690368447625345425e+02,2.661378788148843455e+02,1.558443851335004438e+05,3.419248190289970957e+00,9.497106865763690564e+00
3.560000000000000000e+03,9.140000000000000000e+03,2.743176057803046888e+02,2.586084431178887257e+02,2.506925140168901578e+02,2.448250253681754032e+02,2.555101557783355588e+02,2.479068872659804867e+02,2.499436351776643335e+02,2.489397867713839787e+02,2.489754180672639166e+02,2.659325941943392877e+02,2.716036780055623581e+02,2.689414184349452057e+02,2.660317883579327827e+02,1.557837816388915817e+05,3.419248190289970957e+00,9.479598790250596707e+00
3.570000000000000000e+03,9.150000000000000000e+03,2.742762882997187148e+02,2.584919519754287762e+02,2.505732853698350482e+02,2.447059934967492723e+02,2.554015173556722971e+02,2.478028450670508960e+02,2.498092789485693572e+02,2.488287991195119844e+02,2.488636646156940628e+02,2.658347646392174966e+02,2.715484822767602964e+02,2.688460628140736617e+02,2.659257949587008625e+02,1.557233522691483086e+05,3.419248190289970957e+00,9.462186300894012803e+00
3.580000000000000000e+03,9.160000000000000000e+03,2.742347797740546866e+02,2.583758370089906293e+02,2.504545487006067219e+02,2.445874585137784152e+02,2.552933083279903030e+02,2.476991151650526604e+02,2.496757128297671784e+02,2.487181976037342110e+02,2.487522935023130231e+02,2.657370478206604503e+02,2.714932070145911780e+02,2.687507792620393161e+02,2.658199005119749359e+02,1.556630960767227516e+05,3.419248190289970957e+00,9.444868564562039381e+00
3.590000000000000000e+03,9.170000000000000000e+03,2.741930818999218786e+02,2.582600964927724476e+02,2.503363005942490247e+02,2.444694167874523032e+02,2.551855257756170374e+02,2.475956966443802685e+02,2.495429278208321762e+02,2.486079804709839038e+02,2.486413030540666966e+02,2.656394450193792522e+02,2.714378531687652298e+02,2.686555691143450986e+02,2.657141068612421577e+02,1.556030121223069145e+05,3.419248190289970957e+00,9.427644758424404969e+00
3.600000000000000000e+03,9.180000000000000000e+03,2.741511963625937369e+02,2.581447286977129352e+02,2.502185376687327789e+02,2.443518647238535948e+02,2.550781668081046973e+02,2.474925885832761310e+02,2.494109150645680018e+02,2.484981459723276771e+02,2.485306916011014380e+02,2.655419574820193702e+02,2.713824216820195829e+02,2.685604336789014042e+02,2.656084158169225589e+02,1.555430994747477234e+05,3.419248190289970957e+00,9.410514069816915850e+00
3.610000000000000000e+03,9.190000000000000000e+03,2.741091248357968198e+02,2.580297318945322331e+02,2.501012565742963716e+02,2.442347987664374784e+02,2.549712285631338773e+02,2.473897900539245995e+02,2.492796658440105944e+02,2.483886923623904863e+02,2.484204574771745797e+02,2.654445864268563469e+02,2.713269134901462394e+02,2.684653742371909289e+02,2.655028291509875089e+02,1.554833572108850931e+05,3.419248190289970957e+00,9.393475696025717525e+00
3.620000000000000000e+03,9.200000000000000000e+03,2.740668689820468558e+02,2.579151043597914281e+02,2.499844539931993381e+02,2.441182153953845955e+02,2.548647082067146528e+02,2.472873001228498708e+02,2.491491715798358086e+02,2.482796179004922408e+02,2.483105990196924893e+02,2.653473330382116728e+02,2.712713295222737884e+02,2.683703920442664526e+02,2.653973485980345117e+02,1.554237844155112107e+05,3.419248190289970957e+00,9.376528844160201714e+00
3.630000000000000000e+03,9.210000000000000000e+03,2.740244304524843528e+02,2.578008443745707154e+02,2.498681266392751184e+02,2.440021111273702275e+02,2.547586029325726145e+02,2.471851178509995179e+02,2.490194238277081809e+02,2.481709208501545163e+02,2.482011145698915584e+02,2.652501984700423918e+02,2.712156707006092233e+02,2.682754883282481160e+02,2.652919758558516605e+02,1.553643801812259480e+05,3.419248190289970957e+00,9.359672730969171184e+00
3.640000000000000000e+03,9.220000000000000000e+03,2.739818108873046754e+02,2.576869502171027762e+02,2.497522712576637218e+02,2.438864825149890692e+02,2.546529099616414840e+02,2.470832422942365554e+02,2.488904142756294107e+02,2.480625994792735582e+02,2.480920024730273781e+02,2.651531838461767165e+02,2.711599379408339701e+02,2.681806642988518661e+02,2.651867125842695145e+02,1.553051436083889275e+05,3.419248190289970957e+00,9.342906582693803585e+00
3.650000000000000000e+03,9.230000000000000000e+03,2.739390119152968737e+02,2.575734201767597824e+02,2.496368846242226880e+02,2.437713261461119885e+02,2.545476265421366406e+02,2.469816725034994249e+02,2.487621347413795263e+02,2.479546520604818056e+02,2.479832610780904645e+02,2.650562902616184147e+02,2.711041321521399823e+02,2.680859211237494719e+02,2.650815604189092483e+02,1.552460738049811625e+05,3.419248190289970957e+00,9.326229634898872689e+00
3.660000000000000000e+03,9.240000000000000000e+03,2.738960351547656273e+02,2.574602525342603485e+02,2.495219635454388367e+02,2.436566386437455947e+02,2.544427499487483715e+02,2.468804075249236405e+02,2.486345771702044658e+02,2.478470768709881895e+02,2.478748887386728370e+02,2.649595187817972715e+02,2.710482542367459473e+02,2.679912599752246365e+02,2.649765209416551102e+02,1.551871698865761282e+05,3.419248190289970957e+00,9.309641132340054526e+00
3.670000000000000000e+03,9.250000000000000000e+03,2.738528822122969473e+02,2.573474455914935675e+02,2.494075048578373810e+02,2.435424166652640565e+02,2.543382774825965100e+02,2.467794464006368571e+02,2.485077336320717336e+02,2.477398721930452723e+02,2.477668838126381274e+02,2.648628704437175543e+02,2.709923050908220148e+02,2.678966819765634568e+02,2.648715957118026836e+02,1.551284309761629847e+05,3.419248190289970957e+00,9.293140328821250407e+00
3.680000000000000000e+03,9.260000000000000000e+03,2.738095546843047146e+02,2.572349976463025314e+02,2.492935054276881885e+02,2.434286569022035565e+02,2.542342064707211478e+02,2.466787881681078716e+02,2.483815963195044674e+02,2.476330363136075050e+02,2.476592446622070440e+02,2.647663462569354351e+02,2.709362856040119709e+02,2.678021882358794983e+02,2.647667862530182674e+02,1.550698562041262630e+05,3.419248190289970957e+00,9.276726487004333777e+00
3.690000000000000000e+03,9.270000000000000000e+03,2.737660541559844205e+02,2.571229070010108444e+02,2.491799621506850713e+02,2.433153560796965564e+02,2.541305342658551183e+02,2.465784318611629828e+02,2.482561575454158742e+02,2.475265675250091704e+02,2.475519696540974621e+02,2.646699472035846270e+02,2.708801966598159083e+02,2.677077798381965863e+02,2.646620940558161124e+02,1.550114447081393155e+05,3.419248190289970957e+00,9.260398878325501570e+00
3.700000000000000000e+03,9.280000000000000000e+03,2.737223822019531667e+02,2.570111719634554106e+02,2.490668719516374949e+02,2.432025109559959333e+02,2.540272582461143713e+02,2.464783765099201105e+02,2.481314097405101791e+02,2.474204641245574976e+02,2.474450571597802764e+02,2.645736742388818925e+02,2.708240391351525886e+02,2.676134578459008821e+02,2.645575205779499584e+02,1.549531956330781977e+05,3.419248190289970957e+00,9.244156782826419061e+00
3.710000000000000000e+03,9.290000000000000000e+03,2.736785403860703241e+02,2.568997908464909301e+02,2.489542317840116823e+02,2.430901183223657540e+02,2.539243758144782532e+02,2.463786211408044835e+02,2.480073454512746878e+02,2.473147244149323569e+02,2.473385055553280267e+02,2.644775282917294703e+02,2.707678139009712481e+02,2.675192232990029311e+02,2.644530672452242470e+02,1.548951081309251895e+05,3.419248190289970957e+00,9.227999489012807643e+00
3.720000000000000000e+03,9.300000000000000000e+03,2.736345302613984813e+02,2.567887619708709508e+02,2.488420386297038362e+02,2.429781750020764548e+02,2.538218843986766160e+02,2.462791647772089618e+02,2.478839573377715055e+02,2.472093467041594295e+02,2.472323132218100170e+02,2.643815102652875453e+02,2.707115218219033181e+02,2.674250772130096721e+02,2.643487354520477766e+02,1.548371813606678916e+05,3.419248190289970957e+00,9.211926293733476712e+00
3.730000000000000000e+03,9.310000000000000000e+03,2.735903533709687849e+02,2.566780836509740311e+02,2.487302894986157753e+02,2.428666778505807713e+02,2.537197814508813849e+02,2.461800064393407297e+02,2.477612381713088894e+02,2.471043293056993377e+02,2.471264785448889825e+02,2.642856210377412935e+02,2.706551637563741792e+02,2.673310205924456682e+02,2.642445265613747551e+02,1.547794144883002737e+05,3.419248190289970957e+00,9.195936502039561589e+00
3.740000000000000000e+03,9.320000000000000000e+03,2.735460112468826992e+02,2.565677542217337077e+02,2.486189814284061299e+02,2.427556237547465230e+02,2.536180644472111396e+02,2.460811451446436422e+02,2.476391808329485684e+02,2.469996705386521967e+02,2.470209999155593721e+02,2.641898614619364025e+02,2.705987405570160718e+02,2.672370544080905574e+02,2.641404419060866644e+02,1.547218066866530862e+05,3.419248190289970957e+00,9.180029427078606474e+00
3.750000000000000000e+03,9.330000000000000000e+03,2.735015054108437766e+02,2.564577720175319655e+02,2.485081114840973271e+02,2.426450096326013011e+02,2.535167308875639094e+02,2.459825799077723900e+02,2.475177783107572793e+02,2.468953687276162441e+02,2.469158757298306170e+02,2.640942323667201208e+02,2.705422530703149278e+02,2.671431796155018787e+02,2.640364827888736841e+02,1.546643571353322768e+05,3.419248190289970957e+00,9.164204389934235806e+00
3.760000000000000000e+03,9.340000000000000000e+03,2.734568373746171801e+02,2.563481353820116624e+02,2.483976767578174645e+02,2.425348324328812453e+02,2.534157782953252820e+02,2.458843097410399423e+02,2.473970236982735003e+02,2.467914222030602218e+02,2.468111043888975757e+02,2.639987345569156219e+02,2.704857021369497829e+02,2.670493971495275787e+02,2.639326504799640816e+02,1.546070650206826103e+05,3.419248190289970957e+00,9.148460719532522489e+00
3.770000000000000000e+03,9.350000000000000000e+03,2.734120086391797031e+02,2.562388426474194034e+02,2.482876743684343239e+02,2.424250891345982950e+02,2.533152042171006713e+02,2.457863336544298534e+02,2.472769101924301651e+02,2.466878293011889696e+02,2.467066842986332063e+02,2.639033688141910829e+02,2.704290885913826514e+02,2.669557079243678572e+02,2.638289462365130476e+02,1.545499295356588846e+05,3.419248190289970957e+00,9.132797752504309585e+00
3.780000000000000000e+03,9.360000000000000000e+03,2.733670206957734763e+02,2.561298921781620379e+02,2.481781014612749630e+02,2.423157767468596262e+02,2.532150062222542601e+02,2.456886506557489724e+02,2.471574310917225148e+02,2.465845883640754437e+02,2.466026138711338263e+02,2.638081358970989641e+02,2.703724132624902268e+02,2.668621128355885617e+02,2.637253712644571237e+02,1.544929498798072746e+05,3.419248190289970957e+00,9.117214833078948644e+00
3.790000000000000000e+03,9.370000000000000000e+03,2.733218750251874667e+02,2.560212823301138769e+02,2.480689552078460736e+02,2.422068923081663456e+02,2.531151819028798684e+02,2.455912597510248077e+02,2.470385797941441979e+02,2.464816977397189248e+02,2.464988915234498279e+02,2.637130365425964555e+02,2.703156769733629403e+02,2.667686127588524982e+02,2.636219267533583093e+02,1.544361252591226948e+05,3.419248190289970957e+00,9.101711312962004641e+00
3.800000000000000000e+03,9.380000000000000000e+03,2.732765730979218688e+02,2.559130114686946627e+02,2.479602328054688201e+02,2.420984328864504960e+02,2.530157288732562222e+02,2.454941599444729832e+02,2.469203497957256843e+02,2.463791557821630533e+02,2.463955156781227913e+02,2.636180714640321412e+02,2.702588805412240163e+02,2.666752085510482857e+02,2.635186138643427398e+02,1.543794548860065988e+05,3.419248190289970957e+00,9.086286551230809749e+00
3.810000000000000000e+03,9.390000000000000000e+03,2.732311163751015783e+02,2.558050779653904954e+02,2.478519314770294102e+02,2.419903955781817046e+02,2.529166447697694196e+02,2.453973502386923826e+02,2.468027346884317410e+02,2.462769608516149162e+02,2.462924847631325633e+02,2.635232413535140950e+02,2.702020247777828672e+02,2.665819010504604307e+02,2.634154337314013219e+02,1.543229379792358668e+05,3.419248190289970957e+00,9.070939914202828191e+00
3.820000000000000000e+03,9.400000000000000000e+03,2.731855063074062855e+02,2.556974801964644826e+02,2.477440484707030635e+02,2.418827775086390943e+02,2.528179272506164352e+02,2.453008296349242414e+02,2.466857281585574810e+02,2.461751113141478413e+02,2.461897972120744669e+02,2.634285468838199336e+02,2.701451104888071200e+02,2.664886910766276742e+02,2.633123874618612490e+02,1.542665737638157152e+05,3.419248190289970957e+00,9.055670775347211432e+00
3.830000000000000000e+03,9.410000000000000000e+03,2.731397443357499810e+02,2.555902165483323643e+02,2.476365810595521850e+02,2.417755758308821044e+02,2.527195739953411646e+02,2.452045971329697807e+02,2.465693239850892269e+02,2.460736055424402196e+02,2.460874514642600559e+02,2.633339887038073925e+02,2.700881384747249285e+02,2.663955794316679544e+02,2.632094761370150877e+02,1.542103614709615067e+05,3.419248190289970957e+00,9.040478515170580209e+00
3.840000000000000000e+03,9.420000000000000000e+03,2.730938318911874489e+02,2.554832854119844967e+02,2.475295265414090125e+02,2.416687877259911374e+02,2.526215827049319671e+02,2.451086517318505855e+02,2.464535160378049170e+02,2.459724419150470567e+02,2.459854459646176963e+02,2.632395674438438959e+02,2.700311095303368347e+02,2.663025668995765045e+02,2.631067008124013000e+02,1.541543003380135633e+05,3.419248190289970957e+00,9.025362521106529812e+00
3.850000000000000000e+03,9.430000000000000000e+03,2.730477703950937780e+02,2.553766851858620726e+02,2.474228822384662863e+02,2.415624104023808911e+02,2.525239511012312619e+02,2.450129924292884027e+02,2.463382982759215736e+02,2.458716188170768078e+02,2.458837791637571115e+02,2.631452837138047016e+02,2.699740244448394719e+02,2.662096542471508656e+02,2.630040625184248597e+02,1.540983896083670843e+05,3.419248190289970957e+00,9.010322187427780349e+00
3.860000000000000000e+03,9.440000000000000000e+03,2.730015612591952845e+02,2.552704142748642937e+02,2.473166454970272241e+02,2.414564410954917548e+02,2.524266769268122914e+02,2.449176182223901321e+02,2.462236647462005124e+02,2.457711346398942283e+02,2.457824495181204725e+02,2.630511381045386088e+02,2.699168840020260518e+02,2.661168422240533005e+02,2.629015622606176521e+02,1.540426285314115521e+05,3.419248190289970957e+00,8.995356915120620300e+00
3.870000000000000000e+03,9.450000000000000000e+03,2.729552058853593621e+02,2.551644710914642360e+02,2.472108136873039257e+02,2.413508770676054098e+02,2.523297579447923624e+02,2.448225281074758186e+02,2.461096095817951266e+02,2.456709877812030527e+02,2.456814554900454652e+02,2.629571311869807460e+02,2.698596889802557257e+02,2.660241315631435555e+02,2.627992010202378879e+02,1.539870163624554116e+05,3.419248190289970957e+00,8.980466111815079699e+00
3.880000000000000000e+03,9.460000000000000000e+03,2.729088955414530915e+02,2.550622997828606344e+02,2.473256849988506474e+02,2.412990169345280549e+02,2.528666300403554033e+02,2.463388840578756174e+02,2.460077422532821174e+02,2.456474155531163319e+02,2.456570349981108166e+02,2.628643376944424404e+02,2.698033698186005722e+02,2.659327259883390298e+02,2.626980526059022623e+02,1.540658650869409030e+05,1.692568239730534785e+01,9.040811092342780242e+00
3.890000000000000000e+03,9.470000000000000000e+03,2.728626865902891154e+02,2.549657657777800637e+02,2.475031867043324212e+02,2.412595549933234906e+02,2.533459471175347062e+02,2.477372340403483122e+02,2.459135923142972899e+02,2.456379918821005504e+02,2.456467623784313048e+02,2.627730562818933322e+02,2.697481253235199006e+02,2.658429160490396725e+02,2.625984165309285459e+02,1.541435401529928495e+05,1.685435885119501620e+01,9.086852942782174480e+00
3.900000000000000000e+03,9.480000000000000000e+03,2.728166023033280680e+02,2.548756199605537915e+02,2.476980570589369108e+02,2.412297917469918787e+02,2.537914150202778103e+02,2.490772079790381213e+02,2.458246363880118111e+02,2.456376942535053729e+02,2.456456151170305304e+02,2.626833935864501655e+02,2.696940121384055828e+02,2.657547989327919140e+02,2.625004007780767097e+02,1.542200619186671975e+05,1.678133186054681758e+01,9.129155889446176175e+00
3.910000000000000000e+03,9.490000000000000000e+03,2.727706566455234451e+02,2.547920440535108071e+02,2.478969505408514351e+02,2.412079005899732635e+02,2.542109927933770734e+02,2.503789179756614658e+02,2.457395984967748461e+02,2.456440206728557030e+02,2.456510910276241759e+02,2.625953994019170068e+02,2.696410532139666998e+02,2.656684212478683094e+02,2.624040566338213125e+02,1.542954246686623956e+05,1.670661068449017606e+01,9.170336259218814234e+00
3.920000000000000000e+03,9.500000000000000000e+03,2.727248605228906513e+02,2.547149611335427153e+02,2.480956881267179313e+02,2.411926387829802820e+02,2.546076885791549955e+02,2.516501833370080021e+02,2.456578304831890875e+02,2.456555877027080896e+02,2.456618064721516816e+02,2.625091022788600412e+02,2.695892586368818229e+02,2.655838103239904626e+02,2.623094141869673876e+02,1.543696161104021012e+05,1.663020479696112730e+01,9.211061197743674711e+00
3.930000000000000000e+03,9.510000000000000000e+03,2.726792236181406111e+02,2.546441838624231195e+02,2.482928574701446678e+02,2.411831202251701995e+02,2.549828441925050129e+02,2.528946470022535493e+02,2.455789855755717781e+02,2.456715263633040536e+02,2.456768923367271213e+02,2.624245201560825080e+02,2.695386308343513520e+02,2.655009828855480691e+02,2.622164929338238153e+02,1.544426223700230476e+05,1.655212388550114966e+01,9.251498500974372874e+00
3.940000000000000000e+03,9.520000000000000000e+03,2.726337549822890196e+02,2.545794811357134222e+02,2.484879288468302150e+02,2.411786834380320670e+02,2.553372016506648094e+02,2.541143461364174243e+02,2.455028603047613842e+02,2.456912251379991687e+02,2.456957370481119938e+02,2.623416640871275263e+02,2.694891666217268948e+02,2.654199484554957849e+02,2.621253054957873019e+02,1.545144293511668220e+05,1.647237785002887378e+01,9.291680321931313102e+00
3.950000000000000000e+03,9.530000000000000000e+03,2.725884632342578584e+02,2.545206072659689198e+02,2.486806702271282461e+02,2.411788157127168972e+02,2.556712734048036282e+02,2.553105994887056056e+02,2.454293191414008675e+02,2.457142159695327734e+02,2.457178725583997050e+02,2.622605398613059151e+02,2.694408585374241625e+02,2.653407111284055304e+02,2.620358592383253722e+02,1.545850231291683158e+05,1.639097680158482007e+01,9.331599592874555427e+00
3.960000000000000000e+03,9.540000000000000000e+03,2.725433566297890593e+02,2.544673148096917998e+02,2.488709554123206829e+02,2.411831070911051143e+02,2.559854785919265510e+02,2.564843502893331788e+02,2.453582583068356655e+02,2.457401198692175797e+02,2.457429199358689971e+02,2.621811489123957131e+02,2.693936957342125424e+02,2.652632706307861099e+02,2.619481571792974819e+02,1.546543900716786738e+05,1.630793106104947654e+01,9.371237410703816550e+00
3.970000000000000000e+03,9.550000000000000000e+03,2.724984430804921658e+02,2.544193601823688198e+02,2.490586977868950385e+02,2.411912207446470120e+02,2.562801954763694994e+02,2.576363178885243315e+02,2.452895882113517132e+02,2.457686183964565032e+02,2.457705608291836938e+02,2.621034889422551828e+02,2.693476646217827692e+02,2.651876230400098393e+02,2.618621986105572432e+02,1.547225168751350720e+05,1.622325115783466742e+01,9.410571420973429468e+00
3.980000000000000000e+03,9.560000000000000000e+03,2.724537301565703160e+02,2.543765060805335168e+02,2.492438265279400298e+02,2.412028730525566118e+02,2.565557821615005309e+02,2.587670747527700996e+02,2.452232249369160968e+02,2.457994371299357113e+02,2.458005209408799772e+02,2.620275544044720846e+02,2.693027493635995029e+02,2.651137612952477411e+02,2.617779795781803500e+02,1.547893905739322363e+05,1.613694782854855347e+01,9.449578564627449495e+00
3.990000000000000000e+03,9.570000000000000000e+03,2.724092250840859606e+02,2.543385224690386792e+02,2.494262778015825859e+02,2.412178198141290011e+02,2.568125848782408411e+02,2.598770906509699898e+02,2.451590862154542947e+02,2.458323351933937317e+02,2.458325595192538344e+02,2.619533368985688639e+02,2.692589322590657730e+02,2.650416755926972883e+02,2.616954932753403682e+02,1.548549985401507001e+05,1.604903201563428894e+01,9.488236019537591659e+00
4.000000000000000000e+03,9.580000000000000000e+03,2.723649347397577571e+02,2.543051868864137930e+02,2.496059915371935176e+02,2.412358465246107073e+02,2.570509412454770199e+02,2.609667603700303289e+02,2.450970896812198703e+02,2.458670981066686920e+02,2.458664622221299680e+02,2.618808255033097794e+02,2.692161940581194699e+02,2.649713537020764420e+02,2.616147303737445213e+02,1.549193284799430112e+05,1.595951486598266911e+01,9.526521520923260766e+00
4.010000000000000000e+03,9.590000000000000000e+03,2.723208656472031066e+02,2.542762844359506005e+02,2.497829102629961540e+02,2.412567614211293403e+02,2.572711814891144968e+02,2.620364223294538988e+02,2.450371522727218974e+02,2.459035326596948892e+02,2.459020359925250148e+02,2.618100070608600163e+02,2.691745142165785865e+02,2.649027812283286494e+02,2.615356793042434447e+02,1.549823684290780220e+05,1.586840772951878442e+01,9.564413458885782759e+00
4.020000000000000000e+03,9.600000000000000000e+03,2.722770239483281216e+02,2.542516076851227353e+02,2.499569787486525740e+02,2.412803904507603647e+02,2.574736288209368809e+02,2.630863716146528191e+02,2.449791902084994604e+02,2.459414631149774664e+02,2.459391052386163494e+02,2.617408664239579821e+02,2.691338710991649918e+02,2.648359418370941967e+02,2.614583265076054204e+02,1.550441067482272338e+05,1.577572215776298314e+01,9.601890893459300358e+00
4.030000000000000000e+03,9.610000000000000000e+03,2.722334155007109189e+02,2.542309560842274436e+02,2.501281438824651673e+02,2.413065735875348423e+02,2.576585995899164345e+02,2.641168694330634139e+02,2.449231192228601230e+02,2.459807282743662427e+02,2.459775089168372233e+02,2.616733866553882990e+02,2.690942422345852378e+02,2.647708174437794924e+02,2.613826566113635863e+02,1.551045321184576023e+05,1.568146990236619231e+01,9.638933541886265388e+00
4.040000000000000000e+03,9.620000000000000000e+03,2.721900457272187737e+02,2.542141361953381988e+02,2.502963546477284922e+02,2.413351621093130177e+02,2.578264033257030974e+02,2.651281501302245829e+02,2.448688549039230793e+02,2.460211792105372410e+02,2.460170982522812722e+02,2.616075492284454640e+02,2.690556043596099016e+02,2.647073883799305918e+02,2.613086526579281212e+02,1.551636335367440188e+05,1.558566291361998957e+01,9.675521757429438097e+00
4.050000000000000000e+03,9.630000000000000000e+03,2.721469197142499752e+02,2.542009610334564513e+02,2.504615621152458971e+02,2.413660165603602366e+02,2.579773427810268345e+02,2.661204264952148151e+02,2.448163130493516064e+02,2.460626774609451957e+02,2.460577349349940448e+02,2.615433341797045728e+02,2.690179336266635914e+02,2.646456335464528138e+02,2.612362962321319628e+02,1.552214003119075787e+05,1.548831333894138318e+01,9.711636507060582346e+00
4.060000000000000000e+03,9.640000000000000000e+03,2.721040421874999424e+02,2.541912498484084608e+02,2.506237194175202490e+02,2.413990052127089996e+02,2.581117140016259555e+02,2.670938938523416368e+02,2.447654099972788799e+02,2.461050935793855103e+02,2.460992896701461632e+02,2.614807202501730785e+02,2.689812057025717422e+02,2.645855305361103547e+02,2.611655676198749916e+02,1.552778220605172683e+05,1.538943352133262010e+01,9.747259351190862731e+00
4.070000000000000000e+03,9.650000000000000000e+03,2.720614175140078714e+02,2.541848278492982161e+02,2.507827817117698146e+02,2.414340028896235708e+02,2.582298064248049627e+02,2.680487332529672813e+02,2.447160629154724063e+02,2.461483059621647271e+02,2.461416410053215600e+02,2.614196850133316730e+02,2.689453958668827909e+02,2.645270557521405408e+02,2.610964459114090346e+02,1.553328887032744824e+05,1.528903599781624933e+01,9.782372426017653666e+00
4.080000000000000000e+03,9.660000000000000000e+03,2.720190497028827963e+02,2.541815259084476111e+02,2.509387061286802236e+02,2.414708900569710295e+02,2.583319030040631787e+02,2.689851139975893943e+02,2.446681900426449374e+02,2.461921998875157840e+02,2.461846743684355943e+02,2.613602049849121158e+02,2.689104790964674407e+02,2.644701845093496786e+02,2.610289091256087204e+02,1.553865904611016740e+05,1.518713349784551880e+01,9.816958428296670647e+00
4.090000000000000000e+03,9.670000000000000000e+03,2.719769424087577931e+02,2.541811802963014770e+02,2.510914517142069258e+02,2.415095521149909814e+02,2.584182803542154829e+02,2.699031956485823116e+02,2.446217108827852087e+02,2.462366667232506643e+02,2.462282812754685040e+02,2.613022557227814104e+02,2.688764301401061516e+02,2.644148911274209013e+02,2.609629343032540305e+02,1.554389178517285909e+05,1.508373894169041840e+01,9.851000602483654944e+00
4.100000000000000000e+03,9.680000000000000000e+03,2.719350989346875735e+02,2.541836324296643852e+02,2.512409793620255414e+02,2.415498788372891283e+02,2.584892089097645567e+02,2.708031296598877020e+02,2.445765463568903328e+02,2.462816032682650302e+02,2.462723586716598732e+02,2.612458119159117587e+02,2.688432235819581706e+02,2.643611490143097171e+02,2.608984975949014142e+02,1.554898616861670162e+05,1.497886543879947929e+01,9.884482729876593154e+00
4.110000000000000000e+03,9.690000000000000000e+03,2.718935222352499750e+02,2.541887286311813625e+02,2.513872517458397056e+02,2.415917639238599861e+02,2.585449530915805667e+02,2.716850607013873855e+02,2.445326189170779116e+02,2.463269112015464941e+02,2.463168083803373634e+02,2.611908474650313110e+02,2.688108338981818406e+02,2.643089307412734570e+02,2.608355743409992442e+02,1.555394130652929016e+05,1.487252628613766348e+01,9.917389119367490125e+00
4.120000000000000000e+03,9.700000000000000000e+03,2.718522149208671976e+02,2.541963199117565182e+02,2.515302332496969200e+02,2.416351046389991097e+02,2.585857714780486845e+02,2.725491277475725269e+02,2.444898526291773351e+02,2.463724966177457816e+02,2.463615366385357390e+02,2.611373355551792770e+02,2.687792355035748528e+02,2.642582081134269743e+02,2.607741391406591447e+02,1.555875633765122911e+05,1.476473496650041994e+01,9.949704599635895264e+00
4.130000000000000000e+03,9.710000000000000000e+03,2.718111792627969407e+02,2.542062617602217927e+02,2.516698898993434739e+02,2.416798015156695385e+02,2.586119169776063131e+02,2.733954649782812112e+02,2.444481732284911857e+02,2.464182696332866840e+02,2.464064537029338169e+02,2.610852487221876572e+02,2.687484027958105344e+02,2.642089522312531358e+02,2.607141659187530536e+02,1.556343042905233742e+05,1.465550514680418104e+01,9.981414512507132741e+00
4.140000000000000000e+03,9.720000000000000000e+03,2.717704171966406648e+02,2.542184139482832279e+02,2.518061892956289114e+02,2.417257581103536381e+02,2.586236369998496230e+02,2.742242025307051563e+02,2.444075081541760994e+02,2.464641440503978345e+02,2.464514735133846557e+02,2.610345589129967721e+02,2.687183101910408709e+02,2.641611335512532719e+02,2.606556279842268964e+02,1.556796277579853777e+05,1.454485067635352458e+01,1.001250470728279751e+01
4.150000000000000000e+03,9.730000000000000000e+03,2.717299303289219097e+02,2.542326403527277989e+02,2.519391005498995639e+02,2.417728807966802833e+02,2.586211736244136432e+02,2.750354671285564905e+02,2.443677865657168695e+02,2.465100370676950376e+02,2.464965134042210195e+02,2.609852375409863612e+02,2.686889321563949125e+02,2.641147219390789473e+02,2.605984980844360734e+02,1.557235260063583846e+05,1.443278558508524156e+01,1.004296153587952567e+01
4.160000000000000000e+03,9.740000000000000000e+03,2.716897199413046451e+02,2.542488087844551501e+02,2.520685942229902139e+02,2.418210785913861116e+02,2.586047637657381415e+02,2.758293826137688143e+02,2.443289393452763534e+02,2.465558690311176235e+02,2.465414938541838978e+02,2.609372555370568421e+02,2.686602432388165766e+02,2.640696867202024123e+02,2.605427484551981365e+02,1.557659915366653877e+05,1.431932408178946581e+01,1.007277184861179542e+01
4.170000000000000000e+03,9.750000000000000000e+03,2.716497869961093556e+02,2.542667908329619308e+02,2.521946422663144176e+02,2.418702630034495940e+02,2.585746393346962577e+02,2.766060703976676791e+02,2.442908990893453449e+02,2.466015632155636581e+02,2.465863382690157266e+02,2.608905833967142485e+02,2.686322180920264486e+02,2.640259967267428465e+02,2.604883508666582088e+02,1.558070171203701757e+05,1.420448055230808571e+01,1.010192299056642184e+01
4.180000000000000000e+03,9.760000000000000000e+03,2.716101321436484000e+02,2.542864617219532022e+02,2.523172179673366884e+02,2.419203479036174258e+02,2.585310273924785633e+02,2.773656498454568009e+02,2.442536000909164215e+02,2.466470456358317733e+02,2.466309727913060215e+02,2.608451912229436971e+02,2.686048314919974587e+02,2.639836203395226448e+02,2.604352766659229701e+02,1.558465957961397944e+05,1.408826955771082901e+01,1.013040279837305668e+01
4.190000000000000000e+03,9.770000000000000000e+03,2.715707557261952161e+02,2.543077001584938444e+02,2.524362958979869518e+02,2.419712494089214943e+02,2.584741503027015028e+02,2.781082386002335625e+02,2.442169783167893513e+02,2.466922448768893332e+02,2.466753261316109160e+02,2.608010487697781059e+02,2.685780583691691277e+02,2.639425255373903383e+02,2.603834968174778055e+02,1.558847208667673694e+05,1.397070583244901698e+01,1.015819959717815379e+01
4.200000000000000000e+03,9.780000000000000000e+03,2.715316611910624829e+02,2.543305454666761420e+02,2.525557295677940033e+02,2.420379230483999891e+02,2.584231504462536009e+02,2.788359378587108495e+02,2.441829626166199603e+02,2.467396149874782338e+02,2.467218524696236841e+02,2.607581502957521025e+02,2.685518924096915612e+02,2.639027034279550321e+02,2.603330067362829823e+02,1.559237890280392312e+05,1.409353710615978450e+01,1.018672182073056298e+01
4.210000000000000000e+03,9.790000000000000000e+03,2.714928535874453246e+02,2.543550568316524050e+02,2.526776885219877045e+02,2.421231658179771102e+02,2.583818125516239093e+02,2.795497423201902620e+02,2.441523803607896070e+02,2.467898989558574385e+02,2.467712949298896206e+02,2.607165011355381807e+02,2.685263362239970206e+02,2.638641565086680316e+02,2.602838128830859432e+02,1.559644440663164132e+05,1.428157472870288025e+01,1.021607174839006582e+01
4.220000000000000000e+03,9.800000000000000000e+03,2.714543382997578647e+02,2.543812814874545154e+02,2.528027956797207025e+02,2.422259126138655461e+02,2.583490488777536029e+02,2.802500798499036136e+02,2.441254952874076594e+02,2.468431546736931637e+02,2.468237115406938358e+02,2.606761087054171071e+02,2.685013941536707875e+02,2.638268896539020147e+02,2.602359237875811004e+02,1.560066655614326010e+05,1.446823511132012463e+01,1.024608644791885759e+01
4.230000000000000000e+03,9.810000000000000000e+03,2.714161207223984889e+02,2.544092631286308972e+02,2.529312217278358901e+02,2.423454982785884795e+02,2.583242745941019507e+02,2.809372766588145396e+02,2.441024724463159146e+02,2.468994172929274953e+02,2.468791375848652478e+02,2.606369809214482984e+02,2.684770708428142143e+02,2.637909081520351720e+02,2.601893484703339254e+02,1.560504334261038166e+05,1.465349458724634069e+01,1.027670896754382923e+01
4.240000000000000000e+03,9.820000000000000000e+03,2.713782061656562519e+02,2.544390428347302020e+02,2.530629977209015635e+02,2.424814166437517144e+02,2.583071018589741357e+02,2.816115958453746657e+02,2.440834165042485893e+02,2.469587064051489165e+02,2.469375927793864776e+02,2.605991258410659270e+02,2.684533709578892058e+02,2.637562172456231337e+02,2.601440960808553200e+02,1.560957276326242136e+05,1.483732966733800396e+01,1.030790986112442198e+01
4.250000000000000000e+03,9.830000000000000000e+03,2.713405998287344119e+02,2.544706588183736642e+02,2.531981082338017188e+02,2.426332365332959284e+02,2.582972333066058468e+02,2.822732604899726994e+02,2.440683946137519058e+02,2.470210309592972919e+02,2.469990861924669900e+02,2.605625515162419106e+02,2.684302991121308537e+02,2.637228219848275330e+02,2.601001757560978831e+02,1.561425281344760151e+05,1.501971704305151434e+01,1.033966770029048732e+01
4.260000000000000000e+03,9.840000000000000000e+03,2.713033067896562898e+02,2.545041462297533030e+02,2.533365209282247008e+02,2.428005688671529754e+02,2.582944205742977601e+02,2.829224668043755742e+02,2.440574493752735350e+02,2.470863922327664284e+02,2.470636192157455469e+02,2.605272659188049147e+02,2.684078598177408708e+02,2.636907271702165190e+02,2.600575965419821500e+02,1.561908148400991922e+05,1.520063358939839304e+01,1.037196386714590624e+01
4.270000000000000000e+03,9.850000000000000000e+03,2.712663320041718862e+02,2.545395371263103073e+02,2.534781965809017663e+02,2.429830518763028238e+02,2.582984459079102066e+02,2.835593918769114339e+02,2.440506064068574688e+02,2.471547856862246988e+02,2.471311874205053982e+02,2.604932768810969606e+02,2.683860574489307851e+02,2.636599373064591418e+02,2.600163673339247907e+02,1.562405676018529339e+05,1.538005636787738517e+01,1.040478102977503028e+01
4.280000000000000000e+03,9.860000000000000000e+03,2.712296803068280724e+02,2.545768605350530720e+02,2.536230927142370604e+02,2.431803434206929069e+02,2.583091128065609610e+02,2.841841985119062315e+02,2.440478790272680669e+02,2.472262021974809727e+02,2.472017817924964618e+02,2.604605920521528901e+02,2.683648962117387100e+02,2.636304565734101857e+02,2.599764968360233865e+02,1.562917662099985464e+05,1.555796262938285679e+01,1.043810264657166087e+01
4.290000000000000000e+03,9.870000000000000000e+03,2.711933564131484218e+02,2.546161425729209498e+02,2.537711649979766264e+02,2.433921164318857961e+02,2.583262406208424977e+02,2.847970384445503100e+02,2.440492713309864712e+02,2.473006289336444752e+02,2.472753896049336788e+02,2.604292188645878809e+02,2.683443801191380658e+02,2.636022888036707172e+02,2.599379935241227599e+02,1.563443903886022745e+05,1.573432981708909040e+01,1.047191278533054515e+01
4.300000000000000000e+03,9.880000000000000000e+03,2.711573649216953186e+02,2.546574065798161257e+02,2.539223678278459033e+02,2.436180559129072662e+02,2.583496610939424158e+02,2.853980545878189332e+02,2.440547803095747668e+02,2.473780499950203193e+02,2.473519950622967372e+02,2.603991645070018990e+02,2.683245129728669554e+02,2.635754374677805458e+02,2.599008656201175427e+02,1.563984197920615552e+05,1.590913556931034556e+01,1.050619604767309667e+01
4.310000000000000000e+03,9.890000000000000000e+03,2.711217103163281195e+02,2.547006732642461202e+02,2.540766545884656296e+02,2.438578568061919043e+02,2.583792159707397218e+02,2.859873826659547262e+02,2.440643973707888108e+02,2.474584469051938811e+02,2.474315797917702184e+02,2.603704359030862747e+02,2.683052983474608482e+02,2.635499056629742540e+02,2.598651210704564960e+02,1.564538340021449549e+05,1.608235772233606653e+01,1.054093753132579891e+01
4.320000000000000000e+03,9.900000000000000000e+03,2.710863969689687565e+02,2.547459608313091906e+02,2.542339777881420275e+02,2.441112223985566629e+02,2.584147552594550348e+02,2.865651524343360279e+02,2.440781094569425420e+02,2.475417989937799348e+02,2.475141232246663208e+02,2.603430396943675760e+02,2.682867395864057585e+02,2.635256961095024621e+02,2.598307675293889361e+02,1.565106125253325445e+05,1.625397431324108410e+01,1.057612280691541429e+01
4.330000000000000000e+03,9.910000000000000000e+03,2.710514291420390691e+02,2.547932851256644255e+02,2.543942891384052700e+02,2.443778630984496658e+02,2.584561359116856352e+02,2.871314886088094909e+02,2.440958998836249805e+02,2.476280836965732703e+02,2.475996028985072144e+02,2.603169822274620628e+02,2.682688397902391557e+02,2.635028111460631521e+02,2.597978123453317494e+02,1.565687347901935282e+05,1.642396358267023260e+01,1.061173790036900577e+01
4.340000000000000000e+03,9.920000000000000000e+03,2.710168109902343758e+02,2.548426597528950879e+02,2.545575396141827866e+02,2.446574954574701621e+02,2.585032208043888886e+02,2.876865115873127365e+02,2.441177489783521537e+02,2.477172767988404587e+02,2.476879946992327177e+02,2.602922695440983034e+02,2.682516018157525082e+02,2.634812527310760402e+02,2.597662625505174105e+02,1.566281801451711799e+05,1.659230397759726827e+01,1.064776927764341963e+01
4.350000000000000000e+03,9.930000000000000000e+03,2.709825465632343366e+02,2.548940962000276613e+02,2.547236795005425165e+02,2.449498413876291636e+02,2.585558779320650729e+02,2.882303380146278755e+02,2.441436345720351540e+02,2.478093526302037617e+02,2.477792730565582531e+02,2.602689073729156348e+02,2.682350282749587222e+02,2.634610224422843316e+02,2.597361248541632790e+02,1.566889278563028201e+05,1.675897415405761848e+01,1.068420383024411358e+01
4.360000000000000000e+03,9.940000000000000000e+03,2.709486398078671527e+02,2.549476039398871308e+02,2.548926584346687036e+02,2.452546275213831848e+02,2.586139797586519080e+02,2.887630812299312879e+02,2.441735323813572336e+02,2.479042842251790546e+02,2.478734111044217627e+02,2.602469011246333821e+02,2.682191215353632856e+02,2.634421214868879133e+02,2.597074056360040686e+02,1.567509571053016116e+05,1.692395297985454405e+01,1.072102886120343612e+01
4.370000000000000000e+03,9.950000000000000000e+03,2.709150945701015303e+02,2.550031905395856029e+02,2.550644254443250531e+02,2.455715846814883037e+02,2.586774026919506468e+02,2.892848516249680415e+02,2.442074163077275273e+02,2.480020434548465573e+02,2.479703808123479689e+02,2.602262558877797005e+02,2.682038837244597858e+02,2.634245507009376297e+02,2.596801109427502752e+02,1.568142469876788091e+05,1.708721953723850362e+01,1.075823207116124536e+01
4.380000000000000000e+03,9.960000000000000000e+03,2.708819145975546689e+02,2.550608617543668402e+02,2.552389289828297763e+02,2.459004474394788531e+02,2.587460266491689822e+02,2.897957569323997404e+02,2.442452586743517884e+02,2.481026011368785475e+02,2.480701530964684025e+02,2.602069764268254630e+02,2.681893167323167404e+02,2.634083105580288588e+02,2.596542464854029504e+02,1.568787765111064946e+05,1.724875312555934670e+01,1.079580154458545849e+01
4.390000000000000000e+03,9.970000000000000000e+03,2.708491035417343369e+02,2.551206216178034936e+02,2.554161169635140993e+02,2.462409537423204711e+02,2.588197346968628381e+02,2.902959024603468947e+02,2.442870304143682176e+02,2.482059271272368903e+02,2.481726979106435067e+02,2.601890671802340762e+02,2.681754222152925422e+02,2.633934011776775037e+02,2.596298176383058376e+02,1.569445245939153829e+05,1.740853326389100175e+01,1.083372573595886479e+01
4.400000000000000000e+03,9.980000000000000000e+03,2.708166649592890849e+02,2.551824725374070226e+02,2.555959367896520860e+02,2.465928445958377040e+02,2.588984127510042299e+02,2.907853912836226300e+02,2.443327012217614254e+02,2.483119903984184305e+02,2.482779843240988669e+02,2.601725322613062872e+02,2.681622015911430026e+02,2.633798223332912016e+02,2.596068294383258035e+02,1.570114700636905618e+05,1.756653969362814394e+01,1.087199345613379009e+01
4.410000000000000000e+03,9.990000000000000000e+03,2.707846023152265502e+02,2.552464153413333463e+02,2.557783353858963835e+02,2.469558637918825923e+02,2.589819493185866577e+02,2.912643244018278779e+02,2.443822396738185603e+02,2.484207591050133033e+02,2.483859805881390628e+02,2.601573754573944939e+02,2.681496560720664206e+02,2.633675734601084173e+02,2.595852865855675304e+02,1.570795916562115017e+05,1.772275238105492789e+01,1.091059385861096054e+01
4.420000000000000000e+03,1.000000000000000000e+04,2.707529189842655910e+02,2.553124493505931127e+02,2.559632592354745668e+02,2.473297576752578664e+02,2.590702352822754051e+02,2.917328008783338760e+02,2.444356133307663868e+02,2.485322006312730423e+02,2.484966541919516771e+02,2.601436002299093389e+02,2.681377866465787747e+02,2.633566536653448793e+02,2.595651934438611192e+02,1.571488680143155507e+05,1.787715151988495421e+01,1.094951642609025733e+01
4.430000000000000000e+03,1.001000000000000000e+04,2.707216182534062341e+02,2.553805725459358484e+02,2.561506543632148691e+02,2.477142749384097158e+02,2.591631637027539909e+02,2.921909179163416184e+02,2.444927888177215323e+02,2.486462816795956599e+02,2.486099719123546947e+02,2.601312097228819198e+02,2.681265940960397529e+02,2.633470617379409191e+02,2.595465540435837966e+02,1.572192776871252572e+05,1.802971753377264008e+01,1.098875095660736889e+01
4.440000000000000000e+03,1.002000000000000000e+04,2.706907033238828149e+02,2.554507814663395493e+02,2.563404664290472965e+02,2.481091664438057478e+02,2.592606296631438454e+02,2.926387709998638798e+02,2.445537318930864785e+02,2.487629682526077772e+02,2.487258998561304679e+02,2.601202067552564472e+02,2.681160790023394043e+02,2.633387961576531779e+02,2.595293720818971792e+02,1.572907991293330269e+05,1.818043107879519127e+01,1.102828755032529351e+01
4.450000000000000000e+03,1.003000000000000000e+04,2.706601773124609167e+02,2.555230713939856741e+02,2.565326407035539091e+02,2.485141850672911517e+02,2.593625301282079931e+02,2.930764539395864858e+02,2.446184075056060578e+02,2.488822257243470233e+02,2.488444034996290952e+02,2.601105938294189173e+02,2.681062417374790812e+02,2.633318551054086356e+02,2.595136509261566857e+02,1.573634107005855185e+05,1.832927304590532103e+01,1.106811659612812981e+01
4.460000000000000000e+03,1.004000000000000000e+04,2.706300432538906193e+02,2.555974363508854310e+02,2.567271220991477207e+02,2.489290855597324708e+02,2.594687638103418976e+02,2.935040589407169591e+02,2.446867798430759251e+02,2.490040188819051252e+02,2.489654477184793677e+02,2.601023731318477417e+02,2.680970825022932331e+02,2.633262364725168254e+02,2.594993936165279820e+02,1.574370906652705744e+05,1.847622456335406227e+01,1.110822875829084388e+01
4.470000000000000000e+03,1.005000000000000000e+04,2.706003041034531407e+02,2.556738691741086598e+02,2.569238551961134363e+02,2.493536244243402109e+02,2.595792310594152354e+02,2.939216766639012803e+02,2.447588123738742638e+02,2.491283119387779834e+02,2.490889968190436434e+02,2.600955465362749237e+02,2.680886013074833727e+02,2.633219378718260941e+02,2.594866028680856402e+02,1.575118171920964378e+05,1.862126699908350602e+01,1.114861496307316102e+01
4.480000000000000000e+03,1.006000000000000000e+04,2.705709627380155666e+02,2.557523615598059337e+02,2.571227842718795955e+02,2.497875598102963011e+02,2.596938337624649762e+02,2.943293962821756509e+02,2.448344678830575560e+02,2.492550685407834976e+02,2.492150145637274363e+02,2.600901156068084106e+02,2.680807979912914334e+02,2.633189566446614549e+02,2.594752810731096702e+02,1.575875683542088955e+05,1.876438196308918549e+01,1.118926638536290774e+01
4.490000000000000000e+03,1.007000000000000000e+04,2.705420219580938124e+02,2.558329041033177589e+02,2.573238532717366525e+02,2.502306514080273985e+02,2.598124752527307919e+02,2.947273054779550421e+02,2.449137085041330408e+02,2.493842518978840133e+02,2.493434642000609358e+02,2.600860816009639507e+02,2.680736722270461883e+02,2.633172898708203888e+02,2.594654303055289120e+02,1.576643221290941292e+05,1.890555130975177178e+01,1.123017443650153346e+01
4.500000000000000000e+03,1.008000000000000000e+04,2.705134844902656255e+02,2.559154863578811501e+02,2.575270059034731958e+02,2.506826603758500482e+02,2.599350602277272060e+02,2.951154905446478551e+02,2.449964957467587112e+02,2.495158246370928907e+02,2.494743084786666998e+02,2.600834454708138423e+02,2.680672235109466897e+02,2.633169343818335619e+02,2.594570523226239516e+02,1.577420563990044757e+05,1.904475714013777576e+01,1.127133074982628358e+01
4.510000000000000000e+03,1.009000000000000000e+04,2.704853529875625782e+02,2.560000968627070392e+02,2.577321855931476193e+02,2.511433492539437964e+02,2.600614946754523089e+02,2.954940363687240392e+02,2.450827905219942977e+02,2.496497489467320463e+02,2.496075096729323093e+02,2.600822078706617049e+02,2.680614511992813505e+02,2.633178867647155244e+02,2.594501485690942104e+02,1.578207489511757740e+05,1.918198180426889721e+01,1.131272716854376625e+01
4.520000000000000000e+03,1.010000000000000000e+04,2.704576300328593561e+02,2.560867231763281211e+02,2.579393355380246362e+02,2.516124818905356051e+02,2.601916858055473654e+02,2.958630264831336945e+02,2.451725531647962271e+02,2.497859865424289580e+02,2.497430295995455936e+02,2.600823691547570320e+02,2.680563544939590770e+02,2.633201433749635498e+02,2.594447201789215569e+02,1.579003774785431160e+05,1.931720790335992533e+01,1.135435573251645636e+01
4.530000000000000000e+03,1.011000000000000000e+04,2.704303181390546911e+02,2.561753519184895822e+02,2.581483986914326465e+02,2.520898234019632014e+02,2.603255419890979852e+02,2.962225430673285018e+02,2.452657434550314690e+02,2.499244987205746042e+02,2.498808296360522547e+02,2.600839293828124710e+02,2.680519324531133520e+02,2.633237003429426863e+02,2.594407679776103919e+02,1.579809195802689355e+05,1.945041829202473949e+01,1.139620866604955296e+01
4.540000000000000000e+03,1.012000000000000000e+04,2.704034197518046767e+02,2.562659688215121605e+02,2.583593177992060532e+02,2.525751400993162576e+02,2.604629726977843234e+02,2.965726669827980686e+02,2.453623206363190263e+02,2.500652463481435746e+02,2.500208707380316184e+02,2.600868883232348026e+02,2.680481839959592207e+02,2.633285535761439746e+02,2.594382924874394689e+02,1.580623527627162402e+05,1.958159608045017919e+01,1.143827836463325731e+01
4.550000000000000000e+03,1.013000000000000000e+04,2.703769372503516024e+02,2.563585587375179671e+02,2.585720354150106459e+02,2.530681994490703346e+02,2.606038884384162202e+02,2.969134777890779446e+02,2.454622434353674407e+02,2.502081898899959356e+02,2.501631134538844208e+02,2.600912454551139490e+02,2.680451079028139247e+02,2.633346987844050204e+02,2.594372939279638217e+02,1.581446544403757143e+05,1.971072463653749551e+01,1.148055738244051227e+01
4.560000000000000000e+03,1.014000000000000000e+04,2.703508729491484246e+02,2.564531056756080147e+02,2.587864938850569274e+02,2.535687700286450763e+02,2.607482007710443099e+02,2.972450537593597346e+02,2.455654700716528396e+02,2.503532894065511130e+02,2.503075179396269334e+02,2.600969999708540286e+02,2.680427028380312322e+02,2.633421314677321448e+02,2.594377722200124481e+02,1.582278019369697722e+05,1.983778758801114961e+01,1.152303842060566019e+01
4.570000000000000000e+03,1.015000000000000000e+04,2.703252290994844316e+02,2.565495928447764413e+02,2.590026354073613675e+02,2.540766214941252770e+02,2.608958221599879153e+02,2.975674718946336839e+02,2.456719582821374388e+02,2.505005045936703141e+02,2.504540439735920074e+02,2.601041507792344305e+02,2.680409673341401913e+02,2.633508469326950490e+02,2.594397269871776643e+02,1.583117724867916841e+05,1.996276882449468459e+01,1.156571431383416737e+01
4.580000000000000000e+03,1.016000000000000000e+04,2.703000078909375361e+02,2.566480026711084292e+02,2.592204020125355441e+02,2.545915245461932557e+02,2.610466660021054395e+02,2.978808079375429543e+02,2.457816653315627207e+02,2.506497947800067152e+02,2.506026509696031894e+02,2.601126965077732507e+02,2.680398998053074138e+02,2.633608402981325867e+02,2.594431575596726134e+02,1.583965432361253770e+05,2.008565249955333343e+01,1.160857801888928797e+01
4.590000000000000000e+03,1.017000000000000000e+04,2.702752114515859603e+02,2.567483168275012417e+02,2.594397355860094194e+02,2.551132509030270228e+02,2.612006465709786198e+02,2.981851363846324148e+02,2.458945480263323873e+02,2.508011189433656227e+02,2.507532979908172877e+02,2.601226355053229895e+02,2.680394985529960650e+02,2.633721065003639410e+02,2.594480629750572120e+02,1.584820912447781011e+05,2.020642303270320284e+01,1.165162260248108161e+01
4.600000000000000000e+03,1.018000000000000000e+04,2.702508418514609616e+02,2.568505162579284615e+02,2.596605778778289277e+02,2.556415732841239503e+02,2.613576789807987666e+02,2.984805304969670487e+02,2.460105627284011121e+02,2.509544357246501534e+02,2.509059437606736367e+02,2.601339658411652636e+02,2.680397617639251848e+02,2.633846403003653336e+02,2.594544419796802686e+02,1.585683934877284337e+05,2.032506511138676686e+01,1.169484122946486160e+01
4.610000000000000000e+03,1.019000000000000000e+04,2.702269011008046959e+02,2.569545812034128289e+02,2.598828705157719696e+02,2.561762653872527835e+02,2.615176791519053836e+02,2.987670623111486634e+02,2.461296653683048419e+02,2.511097034365315039e+02,2.510605466778402501e+02,2.601466853149145209e+02,2.680406875179483563e+02,2.633984362889299859e+02,2.594622930353820607e+02,1.586554268570801651e+05,2.044156369291432540e+01,1.173822715108126502e+01
4.620000000000000000e+03,1.020000000000000000e+04,2.702033911529844090e+02,2.570604912248346636e+02,2.601065550195747278e+02,2.567171018747797007e+02,2.616805637843353907e+02,2.990448026509928923e+02,2.462518114572896764e+02,2.512668800790348769e+02,2.512170648195667582e+02,2.601607914510622095e+02,2.680422737887112703e+02,2.634134888916222508e+02,2.594716143170055034e+02,1.587431681639410672e+05,2.055590400637124660e+01,1.178177369344289893e+01
4.630000000000000000e+03,1.021000000000000000e+04,2.701803139051094149e+02,2.571682252217231053e+02,2.603315728073914102e+02,2.572638583679972157e+02,2.618462503210735122e+02,2.993138211338210795e+02,2.463769560996240671e+02,2.514259233492223586e+02,2.513754559669930018e+02,2.601762815032854519e+02,2.680445184499680522e+02,2.634297923717921890e+02,2.594824037154191387e+02,1.588315941405495978e+05,2.066807155449082956e+01,1.182547424640075562e+01
4.640000000000000000e+03,1.022000000000000000e+04,2.701576711986874670e+02,2.572777614628411698e+02,2.605578652102162778e+02,2.578163114358594044e+02,2.620146569268910639e+02,2.995741861815203606e+02,2.465050540036379232e+02,2.515867906532888583e+02,2.515356776063107986e+02,2.601931524558652882e+02,2.680474192747927873e+02,2.634473408367331899e+02,2.594946588374659768e+02,1.589206814424901095e+05,2.077805211549241449e+01,1.186932225230539295e+01
4.650000000000000000e+03,1.023000000000000000e+04,2.701354648204374485e+02,2.573890775958528820e+02,2.607853734808135755e+02,2.583742385949574896e+02,2.621857024609726068e+02,2.998259650292758920e+02,2.466360594940909152e+02,2.517494391165604384e+02,2.516976869444007718e+02,2.602114010258770236e+02,2.680509739393382347e+02,2.634661282412251353e+02,2.595083770112352113e+02,1.590104066510935372e+05,2.088583174488454119e+01,1.191331119523707649e+01
4.660000000000000000e+03,1.024000000000000000e+04,2.701136965034062882e+02,2.575021506730282681e+02,2.610140388088449299e+02,2.589374183093024726e+02,2.623593064546981850e+02,3.000692237354830354e+02,2.467699265223834004e+02,2.519138255945895537e+02,2.518614409105571781e+02,2.602310236637733283e+02,2.680551800243517846e+02,2.634861483903591193e+02,2.595235552842714242e+02,1.591007462758734182e+05,2.099139677723295705e+01,1.195743459025278277e+01
4.670000000000000000e+03,1.025000000000000000e+04,2.700923679267500006e+02,2.576169571688294013e+02,2.612438023237183415e+02,2.595056299912912436e+02,2.625353890890778530e+02,3.003040271892363648e+02,2.469066086777043836e+02,2.520799066837182636e+02,2.520268961814990405e+02,2.602520165548297655e+02,2.680600350172340995e+02,2.635073949432230620e+02,2.595401904257146839e+02,1.591916767571093806e+05,2.109473382789336071e+01,1.200168597313321506e+01
4.680000000000000000e+03,1.026000000000000000e+04,2.700714807175078818e+02,2.577334729981640749e+02,2.614746051104286266e+02,2.600786540097788588e+02,2.627138711742339297e+02,3.005304391194371192e+02,2.470460591978330456e+02,2.522476387320489835e+02,2.521940091810146782e+02,2.602743756202813756e+02,2.680655363135928724e+02,2.635298614146862519e+02,2.595582789273863682e+02,1.592831744686465827e+05,2.119582979470835937e+01,1.204605889014600528e+01
4.690000000000000000e+03,1.027000000000000000e+04,2.700510364496483930e+02,2.578516735334088139e+02,2.617063882243169815e+02,2.606562717024790459e+02,2.628946741327076779e+02,3.007485221063325866e+02,2.471882309794663115e+02,2.524169778324754532e+02,2.523627360931065198e+02,2.602980965181881174e+02,2.680716812170919638e+02,2.635535411792136529e+02,2.595778170049462688e+02,1.593752157206328993e+05,2.129467185966870346e+01,1.209054688803981570e+01
4.700000000000000000e+03,1.028000000000000000e+04,2.700310366448593413e+02,2.579715336469564022e+02,2.619390926764803567e+02,2.612382653677124154e+02,2.630777199792881333e+02,3.009583375852263885e+02,2.473330765881932507e+02,2.525878798953478395e+02,2.525330328705755107e+02,2.603231746458005773e+02,2.680784669198732786e+02,2.635784274724334182e+02,2.595988005986324083e+02,1.594677767625523265e+05,2.139124749053853947e+01,1.213514350498395622e+01
4.710000000000000000e+03,1.029000000000000000e+04,2.700114827747187292e+02,2.580930276194977750e+02,2.621726594814103919e+02,2.618244183088302179e+02,2.632629313048793733e+02,3.011599458612031412e+02,2.474805482690705389e+02,2.527603005639837477e+02,2.527048552486538995e+02,2.603496051351021379e+02,2.680858905941078660e+02,2.636045133900887549e+02,2.596212253729136705e+02,1.595608337862398184e+05,2.148554444244431849e+01,1.217984226035782314e+01
4.720000000000000000e+03,1.030000000000000000e+04,2.699923762580312427e+02,2.582161293203192827e+02,2.624070296402984468e+02,2.624145148283318463e+02,2.634502312640982495e+02,3.013534061169302731e+02,2.476305979561527124e+02,2.529341952892609697e+02,2.528781587499911723e+02,2.603773828596500834e+02,2.680939492557957919e+02,2.636317918930258202e+02,2.596450867178364774e+02,1.596543629290234239e+05,2.157755075942741030e+01,1.222463664628258151e+01
4.730000000000000000e+03,1.031000000000000000e+04,2.699737184624218571e+02,2.583408121117373639e+02,2.626421441496344755e+02,2.630083402452182213e+02,2.636395435589041085e+02,3.015387764219427709e+02,2.477831772828202475e+02,2.531095193223767694e+02,2.530528987152709419e+02,2.604065024322259774e+02,2.681026398536616284e+02,2.636602558059810804e+02,2.596703797511818266e+02,1.597483402770865941e+05,2.166725477595991833e+01,1.226952011895049210e+01
4.740000000000000000e+03,1.032000000000000000e+04,2.699555107043046860e+02,2.584670488925358427e+02,2.628779440453570828e+02,2.636056809442500253e+02,2.638307924265037627e+02,3.017161137445996246e+02,2.479382375910739995e+02,2.532862277240757010e+02,2.532290302340777259e+02,2.604369582034208861e+02,2.681119592491155004e+02,2.636898978187125522e+02,2.596970993127795282e+02,1.598427418686305464e+05,2.175464511842378101e+01,1.231448608938484846e+01
4.750000000000000000e+03,1.033000000000000000e+04,2.699377542485312347e+02,2.585948121084820173e+02,2.631143703551254021e+02,2.642063243534533967e+02,2.640239026277704966e+02,3.018854739609110993e+02,2.480957299411645351e+02,2.534642753737177259e+02,2.534065082783075127e+02,2.604687442658246823e+02,2.681219042157336503e+02,2.637207104860573850e+02,2.597252399713203204e+02,1.599375436975593038e+05,2.183971070655288926e+01,1.235952791652134763e+01
4.760000000000000000e+03,1.034000000000000000e+04,2.699204503088281513e+02,2.587240737632250216e+02,2.633513641460218651e+02,2.648100589883880502e+02,2.642187994353278100e+02,3.020469118656766909e+02,2.482556051224643454e+02,2.536436169874619395e+02,2.535852876295548981e+02,2.605018544531749285e+02,2.681324714388172197e+02,2.637526862275929602e+02,2.597547960240854650e+02,1.600327217169761716e+05,2.192244075483791121e+01,1.240463889872235548e+01
4.770000000000000000e+03,1.035000000000000000e+04,2.699036000465858933e+02,2.588548054473685056e+02,2.635888665459546587e+02,2.654166745029017420e+02,2.644154086260714962e+02,3.022004811848387931e+02,2.484178136611996592e+02,2.538242070902572323e+02,2.537653228831260890e+02,2.605362823303102005e+02,2.681436575152543469e+02,2.637858173279467451e+02,2.597857614914903479e+02,1.601282518427027098e+05,2.200282477389380631e+01,1.244981226588670431e+01
4.780000000000000000e+03,1.036000000000000000e+04,2.698872045719530774e+02,2.589869783261660245e+02,2.638268187071512330e+02,2.660259616713772175e+02,2.646136564673412863e+02,3.023462345859976494e+02,2.485823058306473285e+02,2.540060000853320616e+02,2.539465685067764014e+02,2.605720212126715865e+02,2.681554589528019505e+02,2.638200959356836393e+02,2.598181301208327909e+02,1.602241099571521045e+05,2.208085257178974103e+01,1.249504117334724462e+01
4.790000000000000000e+03,1.037000000000000000e+04,2.698712649419375111e+02,2.591205631741362936e+02,2.640651618606585771e+02,2.666377124556952936e+02,2.648134697131920348e+02,3.024842236907945789e+02,2.487490316607982379e+02,2.541889501998742276e+02,2.541289788098869735e+02,2.606090641492902478e+02,2.681678721669377410e+02,2.638555140626878028e+02,2.598518953856003577e+02,1.603202719130337064e+05,2.215651425534141694e+01,1.254031869419927681e+01
4.800000000000000000e+03,1.038000000000000000e+04,2.698557821608906693e+02,2.592555303701279286e+02,2.643038372804645064e+02,2.672517199946032633e+02,2.650147755940733418e+02,3.026144990867595652e+02,2.489179409461916066e+02,2.543730115852082747e+02,2.543125079664103794e+02,2.606474039288236781e+02,2.681808934886208249e+02,2.638920635822967711e+02,2.598870504844687161e+02,1.604167135372768389e+05,2.222980023136535976e+01,1.258563781375953994e+01
4.810000000000000000e+03,1.039000000000000000e+04,2.698407571804374925e+02,2.593918499153070343e+02,2.645427863463118570e+02,2.678677786844039019e+02,2.652175018120236132e+02,3.027371103413788092e+02,2.490889832587201624e+02,2.545581382029294275e+02,2.544971100222427935e+02,2.606870330785865235e+02,2.681945191514421936e+02,2.639297362288716045e+02,2.599235883409120902e+02,1.605134106350326329e+05,2.230070120789527621e+01,1.263099142247491002e+01
4.820000000000000000e+03,1.040000000000000000e+04,2.698261908973359482e+02,2.595294914589856035e+02,2.647819505117905123e+02,2.684856841797716243e+02,2.654215765301660781e+02,3.028521060130949536e+02,2.492621079518637828e+02,2.547442839192714814e+02,2.546827389043340872e+02,2.607279438641693332e+02,2.682087452981389788e+02,2.639685235956912948e+02,2.599615016038309818e+02,1.606103389935871237e+05,2.236920819536012672e+01,1.267637231075242354e+01
4.830000000000000000e+03,1.041000000000000000e+04,2.698120841545234612e+02,2.596684242847463793e+02,2.650212713278621663e+02,2.691052334339169079e+02,2.656269283719385044e+02,3.029595336668647860e+02,2.494372641756173721e+02,2.549314024913269066e+02,2.548693484292803930e+02,2.607701282858559466e+02,2.682235679769503349e+02,2.640084171329627907e+02,2.600007826468572034e+02,1.607074743865571509e+05,2.243531250772404562e+01,1.272177316371628386e+01
4.840000000000000000e+03,1.042000000000000000e+04,2.697984377394374178e+02,2.598086173265394336e+02,2.652606904512141455e+02,2.697262247354289570e+02,2.658334864138899434e+02,3.030594398870958912e+02,2.496144008806992076e+02,2.551194475754515167e+02,2.550568923104594887e+02,2.608135780899272618e+02,2.682389831405840823e+02,2.640494081462409213e+02,2.600414235647782562e+02,1.608047925779996149e+05,2.249900576358749760e+01,1.276718655608805797e+01
4.850000000000000000e+03,1.043000000000000000e+04,2.697852523836249361e+02,2.599500391943819864e+02,2.655001496504449960e+02,2.703484577417059427e+02,2.660411801804477250e+02,3.031518702917771861e+02,2.497934668304680770e+02,2.553083727364955280e+02,2.552453241710919087e+02,2.608582847492139649e+02,2.682549866456300833e+02,2.640914877936202174e+02,2.600834161765444037e+02,1.609022693265862181e+05,2.256027988725008981e+01,1.281260494766823221e+01
4.860000000000000000e+03,1.044000000000000000e+04,2.697725287610312535e+02,2.600926581709219363e+02,2.657395908178299919e+02,2.709717335172126127e+02,2.662499396413561499e+02,3.032368695470945568e+02,2.499744106093767471e+02,2.554981314561896681e+02,2.554345975482108031e+02,2.609042394758902788e+02,2.682715742510913515e+02,2.641346470838471419e+02,2.601267520226646184e+02,1.609998803899248305e+05,2.261912710973438934e+01,1.285802067910254287e+01
4.870000000000000000e+03,1.045000000000000000e+04,2.697602674884062708e+02,2.602364422237715189e+02,2.659789559767086189e+02,2.715958545700721061e+02,2.664596952078061349e+02,3.033144813822812011e+02,2.501571806323283909e+02,2.556886771413995803e+02,2.556246659033429864e+02,2.609514332168617443e+02,2.682887416147738122e+02,2.641788768734466544e+02,2.601714223656073841e+02,1.610976015288088238e+05,2.267553996977104447e+01,1.290342596808798881e+01
4.880000000000000000e+03,1.046000000000000000e+04,2.697484691237891070e+02,2.603813590144551995e+02,2.662181872912891549e+02,2.722206248898568219e+02,2.666703777292528343e+02,3.033847486047793041e+02,2.503417251534385457e+02,2.558799631332833826e+02,2.558154826305681979e+02,2.609998566532323707e+02,2.683064842942254131e+02,2.642241678644458034e+02,2.602174181878778541e+02,1.611954085116153583e+05,2.272951131474471254e+01,1.294881290595120937e+01
4.890000000000000000e+03,1.047000000000000000e+04,2.697371341636015813e+02,2.605273759164641660e+02,2.664572270760244237e+02,2.728458499851750503e+02,2.668819184932295911e+02,3.034477131157610756e+02,2.505279922766587219e+02,2.560719427132632404e+02,2.560070010628311934e+02,2.610495001991868094e+02,2.683247977429912225e+02,2.642705106014678336e+02,2.602647301919034248e+02,1.612932771186497703e+05,2.278103430160103571e+01,1.299417345456563488e+01
4.900000000000000000e+03,1.048000000000000000e+04,2.697262630478984420e+02,2.606744599978919723e+02,2.666960178002872794e+02,2.734713369231924958e+02,2.670942492173321057e+02,3.035034159263321385e+02,2.507159299624712503e+02,2.562645691193807238e+02,2.561991744890948439e+02,2.611003540014095847e+02,2.683436773108076636e+02,2.643178954684219661e+02,2.603133487979682172e+02,1.613911831466214790e+05,2.283010239771419947e+01,1.303949944389518301e+01
4.910000000000000000e+03,1.049000000000000000e+04,2.697158561499999223e+02,2.608225780696549805e+02,2.669345021020300806e+02,2.740968943683687939e+02,2.673073020532685291e+02,3.035518971719904471e+02,2.509054860389553596e+02,2.564577955437745231e+02,2.563919561510540461e+02,2.611524079389009216e+02,2.683631182434709785e+02,2.643663126858596115e+02,2.603632641470605904e+02,1.614891024130254809e+05,2.287670938171526913e+01,1.308478256942103890e+01
4.920000000000000000e+03,1.050000000000000000e+04,2.697059137828671851e+02,2.609716966687628315e+02,2.671726227946803647e+02,2.747223326202172871e+02,2.675210095840360509e+02,3.035931961306856124e+02,2.510966082103785766e+02,2.566515751489845343e+02,2.565852992583314744e+02,2.612056516214368003e+02,2.683831156748411217e+02,2.644157523081345289e+02,2.604144660950101411e+02,1.615870107607163663e+05,2.292084934428094911e+01,1.313001439048202457e+01
4.930000000000000000e+03,1.051000000000000000e+04,2.696964361937187391e+02,2.611217820691360885e+02,2.674103228767895644e+02,2.753474636544943905e+02,2.677353048234343191e+02,3.036273512392320981e+02,2.512892440661932767e+02,2.568458610720041975e+02,2.567791569957067850e+02,2.612600743892268724e+02,2.684036646314723384e+02,2.644662042201626377e+02,2.604669442147771861e+02,1.616848840623320721e+05,2.296251668888285380e+01,1.317518632881179030e+01
4.940000000000000000e+03,1.052000000000000000e+04,2.696874235654921677e+02,2.612728002942706098e+02,2.676475455390093998e+02,2.759721011605601575e+02,2.679501212145700038e+02,3.036544001088375353e+02,2.514833410937918075e+02,2.570406064342132595e+02,2.569734825311405757e+02,2.613156653117413271e+02,2.684247600272010459e+02,2.645176581338329242e+02,2.605206877950722628e+02,1.617826982248768618e+05,2.300170613249709106e+01,1.322028966740210976e+01
4.950000000000000000e+03,1.053000000000000000e+04,2.696788760126016200e+02,2.614247171251794271e+02,2.678842341756644601e+02,2.765960605835405204e+02,2.681653926304067568e+02,3.036743795431856938e+02,2.516788466740209742e+02,2.572357643533920850e+02,2.571682290253584711e+02,2.613724131874896557e+02,2.684463966653073612e+02,2.645701035857679813e+02,2.605756858394965434e+02,1.618804291942229902e+05,2.303841270627411220e+01,1.326531554979368366e+01
4.960000000000000000e+03,1.054000000000000000e+04,2.696707935831484519e+02,2.615774981088034110e+02,2.681203323905159550e+02,2.772191591597336355e+02,2.683810533705163834e+02,3.036873255559831932e+02,2.518757081121909494e+02,2.574312879449125830e+02,2.573633496363719928e+02,2.614303065429226081e+02,2.684685692315092638e+02,2.646235299329082977e+02,2.606319270658831329e+02,1.619780529596520937e+05,2.307263175616869688e+01,1.331025497976816041e+01
4.970000000000000000e+03,1.055000000000000000e+04,2.696631762550703684e+02,2.617311085664400139e+02,2.683557840049652441e+02,2.778412159568428024e+02,2.685970381674091527e+02,3.036932733872433232e+02,2.520738726308687490e+02,2.576271303366233383e+02,2.575587975325739762e+02,2.614893336318400543e+02,2.684912722965261196e+02,2.646779263493302210e+02,2.606893999056226221e+02,1.620755455584404699e+05,2.310435894353003050e+01,1.335509882151060346e+01
4.980000000000000000e+03,1.056000000000000000e+04,2.696560239355781050e+02,2.618855135979072202e+02,2.685905330707841472e+02,2.784620519124823090e+02,2.688132821838937048e+02,3.036922575211756907e+02,2.522732873825189301e+02,2.578232446723420139e+02,2.577545258987057082e+02,2.615494824353900185e+02,2.685145003130429018e+02,2.647332818252261859e+02,2.607480925027330727e+02,1.621728830803580931e+05,2.313359024565183830e+01,1.339983779990956769e+01
4.990000000000000000e+03,1.057000000000000000e+04,2.696493364598281346e+02,2.620406780952229724e+02,2.688245238729421658e+02,2.790814898720450969e+02,2.690297210127566245e+02,3.036843117043260349e+02,2.524738994661051663e+02,2.580195841224405058e+02,2.579504879436319129e+02,2.616107406609518193e+02,2.685382476142041810e+02,2.647895851619123277e+02,2.608079927136343485e+02,1.622700416722866357e+05,2.316032195628240586e+01,1.344446250151343314e+01
5.000000000000000000e+03,1.058000000000000000e+04,2.696431135896249884e+02,2.621965667465244678e+02,2.690577009446074612e+02,2.796993546261221582e+02,2.692462906808334537e+02,3.036694689631611936e+02,2.526756559232268842e+02,2.582161018917710180e+02,2.581466369095987829e+02,2.616730957417062768e+02,2.685625084122875705e+02,2.648468249686634408e+02,2.608690881066362977e+02,1.623669975426800083e+05,2.318455068609451075e+01,1.348896337558495340e+01
5.010000000000000000e+03,1.059000000000000000e+04,2.696373550115937405e+02,2.623531440491675539e+02,2.692900090309854590e+02,2.803154729189424756e+02,2.694629276479190594e+02,3.036477616220649907e+02,2.528785038532638509e+02,2.584127512271492151e+02,2.583429260750899061e+02,2.617365348365437967e+02,2.685872767955579548e+02,2.649049896603364687e+02,2.609313659609568958e+02,1.624637269661368628e+05,2.320627336311511257e+01,1.353333073673220710e+01
5.020000000000000000e+03,1.060000000000000000e+04,2.696320603365156217e+02,2.625103743072008342e+02,2.695213932705909201e+02,2.809296736015940610e+02,2.696795688097195125e+02,3.036192213213827813e+02,2.530823900218539109e+02,2.586094854258041664e+02,2.585393087801228376e+02,2.618010448294437538e+02,2.686125467310296244e+02,2.649640674541149679e+02,2.609948132671127610e+02,1.625602062879687001e+05,2.322548723311491869e+01,1.357755476269409911e+01
5.030000000000000000e+03,1.061000000000000000e+04,2.696272290974609973e+02,2.626682216516250605e+02,2.697517989242052749e+02,2.815417874890530356e+02,2.698961514995360176e+02,3.035838790357062749e+02,2.532872614941991003e+02,2.588062578451007880e+02,2.587357384138636007e+02,2.618666123293923533e+02,2.686383120588035354e+02,2.650240463661028230e+02,2.610594167260401264e+02,1.626564119285886118e+05,2.324218985995752718e+01,1.362162550298433672e+01
5.040000000000000000e+03,1.062000000000000000e+04,2.696228607483827773e+02,2.628266500421937053e+02,2.699811715912184127e+02,2.821516475129177479e+02,2.701126134884571002e+02,3.035417650919069388e+02,2.534930652057269640e+02,2.590030219085487602e+02,2.589321684303027382e+02,2.619332236705341188e+02,2.686645664930290422e+02,2.650849142097819140e+02,2.611251627492648026e+02,1.627523203880836663e+05,2.325637912590838852e+01,1.366553287716904208e+01
5.050000000000000000e+03,1.063000000000000000e+04,2.696189546626250149e+02,2.629856232686587987e+02,2.702094571560906502e+02,2.827590887281953655e+02,2.703288929931541134e+02,3.034929091877606879e+02,2.536997480871926030e+02,2.591997311143201159e+02,2.591285523582666315e+02,2.620008649118276480e+02,2.686913036202035414e+02,2.651466585921596675e+02,2.611920374581301303e+02,1.628479082505448314e+05,2.326805323190321673e+01,1.370926667883979277e+01
5.060000000000000000e+03,1.064000000000000000e+04,2.696155101322577821e+02,2.631451049725221765e+02,2.704366017996422329e+02,2.833639483454888932e+02,2.705449286656188406e+02,3.034373404100799689e+02,2.539072570764032832e+02,2.593963390440299577e+02,2.593248438088178318e+02,2.620695218369501163e+02,2.687185168982788923e+02,2.652092669118118806e+02,2.612600266847820762e+02,1.629431521886309492e+05,2.327721069777613749e+01,1.375281657876360164e+01
5.070000000000000000e+03,1.065000000000000000e+04,2.696125263654374749e+02,2.633050586445153840e+02,2.706625520036632224e+02,2.839660657621084852e+02,2.707606596114432023e+02,3.033750872529306548e+02,2.541155391243646022e+02,2.595927993700042293e+02,2.595209964822092275e+02,2.621391799548915742e+02,2.687461996554634425e+02,2.652727263564000282e+02,2.613291159715953427e+02,1.630380289678124827e+05,2.328385036244739581e+01,1.379617212871115584e+01
5.080000000000000000e+03,1.066000000000000000e+04,2.696100024862109876e+02,2.634654476345029934e+02,2.708872545630539435e+02,2.845652825926731566e+02,2.709760253819335958e+02,3.033061776364218076e+02,2.543245412078507002e+02,2.597890658622879414e+02,2.597169641764419907e+02,2.622098245000807992e+02,2.687743450898573769e+02,2.653370239001764617e+02,2.613992905716419841e+02,1.631325154508011183e+05,2.328797138407051648e+01,1.383932276520523530e+01
5.090000000000000000e+03,1.067000000000000000e+04,2.696079375327656180e+02,2.636262351597526390e+02,2.711106565929925978e+02,2.851614426996454768e+02,2.711909659799015344e+02,3.032306389247540892e+02,2.545342103316658893e+02,2.599850924010417543e+02,2.599127007951047972e+02,2.622814404330424054e+02,2.688029462682799817e+02,2.654021463021451837e+02,2.614705354487193745e+02,1.632265886018399324e+05,2.328957324013905961e+01,1.388225781374702628e+01
5.100000000000000000e+03,1.068000000000000000e+04,2.696063304558437039e+02,2.637873843123613256e+02,2.713327055351794570e+02,2.857543922193421508e+02,2.714054218619699554e+02,3.031484979449517141e+02,2.547444935489355089e+02,2.601808329786406944e+02,2.601081603558782263e+02,2.623540124404983089e+02,2.688319961252270787e+02,2.654680801038086315e+02,2.615428352782414549e+02,1.633202254909182084e+05,2.328865572755288227e+01,1.392496649333560121e+01
5.110000000000000000e+03,1.069000000000000000e+04,2.696051801183750172e+02,2.639488580665087056e+02,2.715533491699399065e+02,2.863439795911045280e+02,2.716193339407812459e+02,3.030597810050234102e+02,2.549553379636508907e+02,2.603762417108189879e+02,2.603032969945640502e+02,2.624275249367093465e+02,2.688614874622635966e+02,2.655348116273399910e+02,2.616161744476660260e+02,1.634134032980710617e+05,2.328521896264386726e+01,1.396743792109237603e+01
5.120000000000000000e+03,1.070000000000000000e+04,2.696044852912031047e+02,2.641106192855905306e+02,2.717725356175142792e+02,2.869300555819380065e+02,2.718326435920457129e+02,3.029645139122400224e+02,2.551666907381898000e+02,2.605712728433993561e+02,2.604980649815609581e+02,2.625019620635169986e+02,2.688914129527075829e+02,2.656023269744553659e+02,2.616905370569324987e+02,1.635060993174119503e+05,2.327926338116119709e+01,1.400966111750392784e+01
5.130000000000000000e+03,1.071000000000000000e+04,2.696042446564687793e+02,2.642726307329072029e+02,2.719902133561107007e+02,2.875124733129273409e+02,2.720452926498679176e+02,3.028627219918450351e+02,2.553784990978708436e+02,2.607658807622176482e+02,2.606924187226385925e+02,2.625773076921120150e+02,2.689217651311863051e+02,2.656706120243599116e+02,2.617659069197115969e+02,1.635982909613743832e+05,2.327078973821608798e+01,1.405162501136917719e+01
5.140000000000000000e+03,1.072000000000000000e+04,2.696044568033906330e+02,2.644348550753548466e+02,2.722063312165580555e+02,2.880910882780935935e+02,2.722572234173216543e+02,3.027544301049019282e+02,2.555907103646638632e+02,2.609600199969933669e+02,2.608863127635838168e+02,2.626535454236161513e+02,2.689525364012496311e+02,2.657396524328872260e+02,2.618422675644624746e+02,1.636899557646829926e+05,2.325979910818605489e+01,1.409331844568050585e+01
5.150000000000000000e+03,1.073000000000000000e+04,2.696051202279219297e+02,2.645972548930150197e+02,2.724208384004570007e+02,2.886657583697202654e+02,2.724683786652973367e+02,3.026396626666381167e+02,2.558032719361020497e+02,2.611536452327208053e+02,2.610797018083228522e+02,2.627306585906234204e+02,2.689837190330357544e+02,2.658094336314197790e+02,2.619196022349455575e+02,1.637810713883964927e+05,2.324629288457868626e+01,1.413473018311770701e+01
5.160000000000000000e+03,1.074000000000000000e+04,2.696062333307734775e+02,2.647597926853008516e+02,2.726336844850651460e+02,2.892363438968963010e+02,2.726787016375734538e+02,3.025184436648147539e+02,2.560161313102747158e+02,2.613467113133650628e+02,2.612725407185728272e+02,2.628086302584713962e+02,2.690153051644338120e+02,2.658799408260835548e+02,2.619978938924648446e+02,1.638716156237666437e+05,2.323027277985496397e+01,1.417584891204725572e+01
5.170000000000000000e+03,1.075000000000000000e+04,2.696077944163125153e+02,2.649224308852777199e+02,2.728448194280484813e+02,2.898027076041391297e+02,2.728881360537771457e+02,3.023907966773591056e+02,2.562292360908058981e+02,2.615391732558826448e+02,2.614647845239463777e+02,2.628874432271391015e+02,2.690472867987980408e+02,2.659511589970396130e+02,2.620771252165033047e+02,1.639615663962074032e+05,2.321174082521213933e+01,1.421666325278164500e+01
5.180000000000000000e+03,1.076000000000000000e+04,2.696098016935937380e+02,2.650851318519586926e+02,2.730541935773694036e+02,2.903647146884065364e+02,2.730966261118695684e+02,3.022567448906291361e+02,2.564425339956768539e+02,2.617309862536986884e+02,2.616563884292683611e+02,2.629670800324869901e+02,2.690796558080108412e+02,2.660230729012083657e+02,2.621572786067173979e+02,1.640509017689783068e+05,2.319069937032621098e+01,1.425716176382447564e+01
5.190000000000000000e+03,1.077000000000000000e+04,2.696122532736874859e+02,2.652478578980101247e+02,2.732617576792648606e+02,2.909222328144448397e+02,2.733041164924804889e+02,3.021163111172435833e+02,2.566559728725080163e+02,2.619221056785393671e+02,2.618473078222569370e+02,2.630475229483930661e+02,2.691124039316589460e+02,2.660956670629346377e+02,2.622383361848127947e+02,1.641395999470681709e+05,2.316715108305397663e+01,1.429733294845526181e+01
5.200000000000000000e+03,1.078000000000000000e+04,2.696151471682890701e+02,2.654105712837952069e+02,2.734674628825529226e+02,2.914751321283133052e+02,2.735105523621655834e+02,3.019695178138843517e+02,2.568695006981937468e+02,2.621124870996293339e+02,2.620374982808680215e+02,2.631287539892785503e+02,2.691455227778880044e+02,2.661689257831965847e+02,2.623202797962583759e+02,1.642276392807192460e+05,2.314109894909480047e+01,1.433716526141825831e+01
5.210000000000000000e+03,1.079000000000000000e+04,2.696184812894688321e+02,2.655732342287984693e+02,2.736712607489304787e+02,2.920232852704618267e+02,2.737158793766506051e+02,3.018163870987468158e+02,2.570830655918725256e+02,2.623020862831449449e+02,2.622269155805087166e+02,2.632107549113837308e+02,2.691790038239400360e+02,2.662428331371403374e+02,2.624030910125721903e+02,1.643149982690736651e+05,2.311254627161204667e+01,1.437664711574513809e+01
5.220000000000000000e+03,1.080000000000000000e+04,2.696222534489452869e+02,2.657358089194690933e+02,2.738731032568700243e+02,2.925665673843134300e+02,2.739200436838248152e+02,3.016569407693271501e+02,2.572966158276577175e+02,2.624908592014411397e+02,2.624155157015944724e+02,2.632935072161109247e+02,2.692128384173677773e+02,2.663173729745887499e+02,2.624867511333586663e+02,1.644016555637005949e+05,2.308149667081426060e+01,1.441576688976308596e+01
5.230000000000000000e+03,1.081000000000000000e+04,2.696264613577343994e+02,2.658982575170902578e+02,2.740729428119853992e+02,2.931048561277587510e+02,2.741229919278275133e+02,3.014912003198398338e+02,2.575100998359254731e+02,2.626787620404536483e+02,2.626032548369283290e+02,2.633769921519718196e+02,2.692470177757574561e+02,2.663925289204970568e+02,2.625712411889714986e+02,1.644875899720762391e+05,2.304795408349616892e+01,1.445451293416096838e+01
5.240000000000000000e+03,1.082000000000000000e+04,2.696311026221640645e+02,2.660605421661768446e+02,2.742707322496595452e+02,2.936380316771347907e+02,2.743246712518819095e+02,3.013191869581450533e+02,2.577234662211824912e+02,2.628657512069793256e+02,2.627900893983580772e+02,2.634611907177107355e+02,2.692815329934630881e+02,2.664682843762096240e+02,2.626565419429365420e+02,1.645727804608067381e+05,2.301192276253956237e+01,1.449287357921508779e+01
5.250000000000000000e+03,1.083000000000000000e+04,2.696361747490078073e+02,2.662226250011992192e+02,2.744664248454594144e+02,2.941659767357000987e+02,2.745250293020515073e+02,3.011409216234560517e+02,2.579366637626156944e+02,2.630517833354894606e+02,2.629759760244795075e+02,2.635460836649043017e+02,2.693163750329055119e+02,2.665446225206856639e+02,2.627426338948938564e+02,1.646572061591040110e+05,2.297340727637397961e+01,1.453083714207642885e+01
5.260000000000000000e+03,1.084000000000000000e+04,2.696416751400000180e+02,2.663844681554746217e+02,2.746599743197148769e+02,2.946885765357019409e+02,2.747240142304815436e+02,3.009564250029583263e+02,2.581496414271109643e+02,2.632368152955354503e+02,2.631608715874199902e+02,2.636316515013518824e+02,2.693515347338798165e+02,2.666215263121563908e+02,2.628294972833668339e+02,1.647408463618527749e+05,2.293241250839760426e+01,1.456839193414305456e+01
5.270000000000000000e+03,1.085000000000000000e+04,2.696476010929141012e+02,2.665460337685156560e+02,2.748513348443279938e+02,2.952057188413653535e+02,2.749215746985763644e+02,3.007657175486857000e+02,2.583623483768907931e+02,2.634208041984142596e+02,2.633447331998107188e+02,2.637178744940289334e+02,2.693870028128682179e+02,2.666989784896367155e+02,2.629171120890189854e+02,1.648236805327639740e+05,2.288894365635796646e+01,1.460552626850030045e+01
5.280000000000000000e+03,1.086000000000000000e+04,2.696539498013593175e+02,2.667072839943693907e+02,2.750404610486912702e+02,2.957172939488644943e+02,2.751176598807649043e+02,3.005688194945178111e+02,2.585747339790198680e+02,2.636037074045464124e+02,2.635275182215368091e+02,2.638047326728431585e+02,2.694227698648355727e+02,2.667769615751433321e+02,2.630054580379716640e+02,1.649056883075235819e+05,2.284300623169301048e+01,1.464222846743599504e+01
5.290000000000000000e+03,1.087000000000000000e+04,2.696607183535312515e+02,2.668681810094225852e+02,2.752273080291589054e+02,2.962231946863404914e+02,2.753122194671800571e+02,3.003657508723812839e+02,2.587867478054120056e+02,2.637854825296969921e+02,2.637091842689472401e+02,2.638922058338287684e+02,2.694588263643640857e+02,2.668554578758397042e+02,2.630945146050115113e+02,1.649868494965766731e+05,2.279460605883225810e+01,1.467848686987698770e+01
5.300000000000000000e+03,1.088000000000000000e+04,2.696679037324921637e+02,2.670286870213789143e+02,2.754118313457670979e+02,2.967233164083378369e+02,2.755052036682322978e+02,3.001565315289217324e+02,2.589983396627490038e+02,2.639660874520739071e+02,2.638896892156896001e+02,2.639802735432477903e+02,2.694951626683071595e+02,2.669344494868743141e+02,2.631842610175357322e+02,1.650671440881514573e+05,2.274374927445834160e+01,1.471428983913486555e+01
5.310000000000000000e+03,1.089000000000000000e+04,2.696755028154374827e+02,2.671887642577177076e+02,2.755939870417480506e+02,2.972175569957526591e+02,2.756965632154886521e+02,2.999411811416941305e+02,2.592094595838947839e+02,2.641454803191016367e+02,2.640689912051512920e+02,2.640689151412636875e+02,2.695317690174777567e+02,2.670139182927774186e+02,2.632746762580107998e+02,1.651465522509901202e+05,2.269044232672887418e+01,1.474962577046012413e+01
5.320000000000000000e+03,1.090000000000000000e+04,2.696835123740547715e+02,2.673483750350771402e+02,2.757737316322434822e+02,2.977058168440603936e+02,2.758862493667317608e+02,2.997197192351169406e+02,2.594200578303984344e+02,2.643236195538308380e+02,2.642470486552005582e+02,2.641581097461730678e+02,2.695686355390037079e+02,2.670938459728002385e+02,2.633657390715588917e+02,1.652250543371022504e+05,2.263469197445899894e+01,1.478448309818124073e+01
5.330000000000000000e+03,1.091000000000000000e+04,2.696919290735937693e+02,2.675074816888333658e+02,2.759510221278017639e+02,2.981879988611248109e+02,2.760742139087143414e+02,2.994921651964820057e+02,2.596300849161470410e+02,2.645004638612286385e+02,2.644238202639766087e+02,2.642478362586713274e+02,2.696057522486472635e+02,2.671742140021427758e+02,2.634574279659859712e+02,1.653026308843485021e+05,2.257650528626432873e+01,1.481885030374180090e+01
5.340000000000000000e+03,1.092000000000000000e+04,2.697007494728750316e+02,2.676660466255149231e+02,2.761258160307252183e+02,2.986640084555206727e+02,2.762604091612208776e+02,2.992585382917276888e+02,2.598394916037420899e+02,2.646759722351228561e+02,2.645992650173891434e+02,2.643380733661726936e+02,2.696431090530054462e+02,2.672550036559381397e+02,2.635497212177216397e+02,1.653792626190037990e+05,2.251588963966473855e+01,1.485271592300422050e+01
5.350000000000000000e+03,1.093000000000000000e+04,2.697099700248281806e+02,2.678240323223710675e+02,2.762980713400646664e+02,2.991337535260858544e+02,2.764447879769228393e+02,2.990188576808899370e+02,2.600482289181424562e+02,2.648501039669176862e+02,2.647733421941310326e+02,2.644287995476227024e+02,2.696806957519352181e+02,2.673361960130729358e+02,2.636425968763479659e+02,1.654549304582172481e+05,2.245285272014901778e+01,1.488606855377522820e+01
5.360000000000000000e+03,1.094000000000000000e+04,2.697195870758359320e+02,2.679814013362164928e+02,2.764677465462698933e+02,2.995971444491630109e+02,2.766273037447685965e+02,2.987731424335598263e+02,2.602562481832855497e+02,2.650228186398202297e+02,2.649460113733007915e+02,2.645199930777960731e+02,2.697185020415526537e+02,2.674177719599643410e+02,2.637360327692900341e+02,1.655296155124208890e+05,2.238740252020036081e+01,1.491889686356221745e+01
5.370000000000000000e+03,1.095000000000000000e+04,2.697295968660703807e+02,2.681381162968007175e+02,2.766348006716168015e+02,3.000540940683490589e+02,2.768079103973546466e+02,2.985214115442398679e+02,2.604635009531434093e+02,2.651940761560288706e+02,2.651172324393860436e+02,2.646116320318143948e+02,2.697565175165620417e+02,2.674997121943390539e+02,2.638300065061164332e+02,1.656032990875402174e+05,2.231954733828301585e+01,1.495118959613949094e+01
5.380000000000000000e+03,1.096000000000000000e+04,2.697399955295546761e+02,2.682941399564577978e+02,2.767991932301728184e+02,3.005045176730412209e+02,2.769865624101289541e+02,2.982636839470783343e+02,2.606699390954710225e+02,2.653638367241871379e+02,2.652869655890334570e+02,2.647036942921899936e+02,2.697947316717622925e+02,2.675819972303213490e+02,2.639244954838632111e+02,1.656759626872999361e+05,2.224929577779013812e+01,1.498293557950212396e+01
5.390000000000000000e+03,1.097000000000000000e+04,2.697507790949375135e+02,2.684494351465214663e+02,2.769608842619608140e+02,3.009483329869560180e+02,2.771632148041534265e+02,2.979999785309636877e+02,2.608755147657566908e+02,2.655320608733270547e+02,2.654551713365310661e+02,2.647961575515564618e+02,2.698331339096885131e+02,2.676646074020301285e+02,2.640194768916933299e+02,1.657475880152758327e+05,2.217665674595294334e+01,1.501412373288704494e+01
5.400000000000000000e+03,1.098000000000000000e+04,2.697619434850078619e+02,2.686039648166809002e+02,2.771198343271723843e+02,3.013854601486432898e+02,2.773378231492888517e+02,2.977303141542300864e+02,2.610801804198302989e+02,2.656987094578268511e+02,2.656218105197534101e+02,2.648889993193384953e+02,2.698717135377546583e+02,2.677475228690821609e+02,2.641149277168418052e+02,1.658181569769992784e+05,2.210163945271136043e+01,1.504474307389023835e+01
5.410000000000000000e+03,1.099000000000000000e+04,2.697734845174374527e+02,2.687576920139615595e+02,2.772760045168656120e+02,3.018158216925513671e+02,2.775103435681994597e+02,2.974547096589977855e+02,2.612838888249644356e+02,2.658637436624425732e+02,2.657868443061148014e+02,2.649821969265522057e+02,2.699104597739535620e+02,2.678307236201803221e+02,2.642108247478394105e+02,1.658876516818455711e+05,2.202425340954625455e+01,1.507478272558686605e+01
5.420000000000000000e+03,1.100000000000000000e+04,2.697853979050235012e+02,2.689105799574381876e+02,2.774293564410982071e+02,3.022393425285274589e+02,2.776807327336624667e+02,2.971731838856598529e+02,2.614865930565898111e+02,2.660271250083990253e+02,2.659502341978895856e+02,2.650757275318805455e+02,2.699493617507258136e+02,2.679141894803410651e+02,2.643071445842525691e+02,1.659560544449803128e+05,2.194450842827355785e+01,1.510423192307504436e+01
5.430000000000000000e+03,1.101000000000000000e+04,2.697976792563125059e+02,2.690625919633337162e+02,2.775798522547639209e+02,3.026559499199548213e+02,2.778489478776255623e+02,2.968857556869033374e+02,2.616882465156793387e+02,2.661888153587381112e+02,2.661119420370011994e+02,2.651695681273309333e+02,2.699884085166275440e+02,2.679979001144886297e+02,2.644038636382406366e+02,1.660233477891206276e+05,2.186241461980016254e+01,1.513308002056525936e+01
5.440000000000000000e+03,1.102000000000000000e+04,2.698103240762968653e+02,2.692136914978585196e+02,2.777274546457898055e+02,3.030655734612747665e+02,2.780149467885592571e+02,2.965924439417393614e+02,2.618888029375527253e+02,2.663487769234841949e+02,2.662719300120646722e+02,2.652636955439569419e+02,2.700275890405885661e+02,2.680818350329611235e+02,2.645009581413864339e+02,1.660895144463103788e+05,2.177798239284190984e+01,1.516131649807154069e+01
5.450000000000000000e+03,1.103000000000000000e+04,2.698233277667812331e+02,2.693638421777390022e+02,2.778721268457489373e+02,3.034681450533698808e+02,2.781786878164279528e+02,2.962932675692804878e+02,2.620882163891214987e+02,2.665069722649956248e+02,2.664301606624864007e+02,2.653580864576696285e+02,2.700668922149543505e+02,2.681659735977950163e+02,2.645984041514249725e+02,1.661545373594755365e+05,2.169122245260396298e+01,1.518893096767511075e+01
5.460000000000000000e+03,1.104000000000000000e+04,2.698366856268750098e+02,2.695130077168817593e+02,2.780138326459142490e+02,3.038635988792614739e+02,2.783401298793341994e+02,2.959882455423395413e+02,2.622864412919259394e+02,2.666633643044465316e+02,2.665865968819413183e+02,2.654527173913356819e+02,2.701063068565968592e+02,2.682502950275280114e+02,2.646961775576295963e+02,1.662183996840648470e+05,2.160214579942344315e+01,1.521591318047216213e+01
5.470000000000000000e+03,1.105000000000000000e+04,2.698503928540859533e+02,2.696611521725683929e+02,2.781525363422746864e+02,3.042518713774476851e+02,2.784992324449980856e+02,2.956773969009663006e+02,2.624834323878569649e+02,2.668179163244609526e+02,2.667412019283678433e+02,2.655475647366348539e+02,2.701458217181693726e+02,2.683347784044983655e+02,2.647942540867845764e+02,1.662810847894824983e+05,2.151076372737465903e+01,1.524225303117160912e+01
5.480000000000000000e+03,1.106000000000000000e+04,2.698644445453828666e+02,2.698082395982107187e+02,2.782882028276404753e+02,3.046329012148805759e+02,2.786559555598553288e+02,2.953607407653436212e+02,2.626791448038604813e+02,2.669705919731644030e+02,2.668939394243817560e+02,2.656426047391220777e+02,2.701854254822866324e+02,2.684194026801363293e+02,2.648926093100968728e+02,1.663425762605838827e+05,2.141708782283715706e+01,1.526794056610474648e+01
5.490000000000000000e+03,1.107000000000000000e+04,2.698788356974687872e+02,2.699542342842628386e+02,2.784207975339569430e+02,3.050066292591014303e+02,2.788102598362023627e+02,2.950382963493097463e+02,2.628735340210058666e+02,2.671213552736715542e+02,2.670447733636982548e+02,2.657378135161447403e+02,2.702251067692168363e+02,2.685041466807268762e+02,2.649912186490925023e+02,1.664028578989609960e+05,2.132112996302668861e+01,1.529296598821315989e+01
5.500000000000000000e+03,1.108000000000000000e+04,2.698935612078671511e+02,2.700991007098603518e+02,2.785502864510092991e+02,3.053729985492560104e+02,2.789621064558979242e+02,2.947100829729511702e+02,2.630665558890196394e+02,2.672701706255177214e+02,2.671936681152632787e+02,2.658331670620390810e+02,2.702648541402925844e+02,2.685889891140193981e+02,2.650900573819000101e+02,1.664619137241592980e+05,2.122290231448928566e+01,1.531731966275926560e+01
5.510000000000000000e+03,1.109000000000000000e+04,2.699086158760624699e+02,2.702428035502838952e+02,2.786766361291532803e+02,3.057319542665857171e+02,2.791114571722014830e+02,2.943761200752399532e+02,2.632581666330974031e+02,2.674170028099244405e+02,2.673405884283799878e+02,2.659286412542459175e+02,2.703046561015236193e+02,2.686739085759265322e+02,2.651891006500334811e+02,1.665197279750136368e+05,2.112241733155865120e+01,1.534099212294754722e+01
5.520000000000000000e+03,1.110000000000000000e+04,2.699239944043906689e+02,2.703853076779196272e+02,2.787998136831038778e+02,3.060834437039496834e+02,2.792582743111684636e+02,2.940364272277610098e+02,2.634483228594238540e+02,2.675618169936932418e+02,2.674854994368083112e+02,2.660242118599402374e+02,2.703445011068437225e+02,2.687588835563282714e+02,2.652883234645783546e+02,1.665762851106219459e+05,2.101968775477701357e+01,1.536397407526143688e+01
5.530000000000000000e+03,1.111000000000000000e+04,2.699396913993672342e+02,2.705265781866855832e+02,2.789197867855291406e+02,3.064274162337439975e+02,2.794025207698305167e+02,2.936910241442244001e+02,2.636369815722595717e+02,2.677045787339102390e+02,2.676283666632016320e+02,2.661198545428254079e+02,2.703843775636693749e+02,2.688438924467451443e+02,2.653877007139414559e+02,1.666315698115970881e+05,2.091472660927989224e+01,1.538625640473009248e+01
5.540000000000000000e+03,1.112000000000000000e+04,2.699557013723437535e+02,2.706665803798011325e+02,2.790365236947336598e+02,3.067638232771778917e+02,2.795441600316835888e+02,2.933399306957472845e+02,2.638241001322825241e+02,2.678452539824884866e+02,2.677691560228840331e+02,2.662155448698619580e+02,2.704242738326690301e+02,2.689289135460684861e+02,2.654872071695812110e+02,1.666855669808021630e+05,2.080754720314447681e+01,1.540783017941534716e+01
5.550000000000000000e+03,1.113000000000000000e+04,2.699720187414532120e+02,2.708052797825440052e+02,2.791499932208749897e+02,3.070926182717806228e+02,2.796831561455300061e+02,2.929831669219286141e+02,2.640096363379449258e+02,2.679838090896374183e+02,2.679078338287324073e+02,2.663112583180035813e+02,2.704641782352533141e+02,2.690139250679143856e+02,2.655868174932433021e+02,1.667382617445326759e+05,2.069816312570236860e+01,1.542868665610791901e+01
5.560000000000000000e+03,1.114000000000000000e+04,2.699886378320547351e+02,2.709426421607236080e+02,2.792601647508981841e+02,3.074137566372831429e+02,2.798194737414923452e+02,2.926207530411550692e+02,2.641935483764990522e+02,2.681202108081590723e+02,2.680443667942425350e+02,2.664069702818846395e+02,2.705040790556011530e+02,2.690989051473139284e+02,2.656865062442119552e+02,1.667896394532415434e+05,2.058658824581658564e+01,1.544881728427415801e+01
5.570000000000000000e+03,1.115000000000000000e+04,2.700055528786718355e+02,2.710786335126540507e+02,2.793670082466302915e+02,3.077271957431597116e+02,2.799530780284637785e+02,2.922527094644617023e+02,2.643757948439613301e+02,2.682544262965928965e+02,2.681787220379297310e+02,2.665026560796586068e+02,2.705439645453239450e+02,2.691838318476926020e+02,2.657862478859192947e+02,1.668396856824127317e+05,2.047283671012308659e+01,1.546821371064288897e+01
5.580000000000000000e+03,1.116000000000000000e+04,2.700227580258515445e+02,2.712132200833427760e+02,2.794704942442018591e+02,3.080328948741714612e+02,2.800839347946803173e+02,2.918790568059335442e+02,2.645563347503060072e+02,2.683864231235081093e+02,2.683108670866160423e+02,2.665982909611911964e+02,2.705838229257368539e+02,2.692686831677790451e+02,2.658860167931211436e+02,1.668883862332203425e+05,2.035692294123714774e+01,1.548686778342358039e+01
