time_s,eclipse,solar_panel1_W_m2,solar_panel2_W_m2,solar_panel3_W_m2,solar_panel4_W_m2,solar_panel5_W_m2,solar_panel6_W_m2,albedo_panel1_W_m2,albedo_panel2_W_m2,albedo_panel3_W_m2,albedo_panel4_W_m2,albedo_panel5_W_m2,albedo_panel6_W_m2,earth_ir_panel1_W_m2,earth_ir_panel2_W_m2,earth_ir_panel3_W_m2,earth_ir_panel4_W_m2,earth_ir_panel5_W_m2,earth_ir_panel6_W_m2,absorbed_panel1_W_m2,absorbed_panel2_W_m2,absorbed_panel3_W_m2,absorbed_panel4_W_m2,absorbed_panel5_W_m2,absorbed_panel6_W_m2
0.000000000000000000e+00,0.000000000000000000e+00,1.366955585238983303e+03,0.000000000000000000e+00,1.101943664387795607e+01,0.000000000000000000e+00,0.000000000000000000e+00,0.000000000000000000e+00,0.000000000000000000e+00,3.597639256597086046e+02,1.154897680152399886e+02,1.154897680152399886e+02,1.154897680152399886e+02,1.154897680152399886e+02,0.000000000000000000e+00,2.079171440098260746e+02,6.674460949372304697e+01,6.674460949372304697e+01,6.674460949372304697e+01,6.674460949372304697e+01,1.052555800634017260e+03,4.204810521247555926e+02,1.434658681381897054e+02,1.349809019224036888e+02,1.349809019224036888e+02,1.349809019224036888e+02
1.000000000000000000e+01,0.000000000000000000e+00,1.366993005054983314e+03,0.000000000000000000e+00,0.000000000000000000e+00,4.373114536190586321e+00,0.000000000000000000e+00,0.000000000000000000e+00,0.000000000000000000e+00,3.597737740410656784e+02,1.154929294975263758e+02,1.154929294975263758e+02,1.154929294975263758e+02,1.154929294975263758e+02,0.000000000000000000e+00,2.079171440098260746e+02,6.674460949372304697e+01,6.674460949372304697e+01,6.674460949372304697e+01,6.674460949372304697e+01,1.052584613892337075e+03,4.204886353784005451e+02,1.349833362637642153e+02,1.383506344566309565e+02,1.349833362637642153e+02,1.349833362637642153e+02
2.000000000000000000e+01,0.000000000000000000e+00,1.366857103130169889e+03,0.000000000000000000e+00,0.000000000000000000e+00,1.976511124683568710e+01,0.000000000000000000e+00,0.000000000000000000e+00,0.000000000000000000e+00,3.597380065219863923e+02,1.154814475723350995e+02,1.154814475723350995e+02,1.154814475723350995e+02,1.154814475723350995e+02,0.000000000000000000e+00,2.079171440098260746e+02,6.674460949372304697e+01,6.674460949372304697e+01,6.674460949372304697e+01,6.674460949372304697e+01,1.052479969410230751e+03,4.204610943887095118e+02,1.349744951813669331e+02,1.501936308414304051e+02,1.349744951813669331e+02,1.349744951813669331e+02
3.000000000000000000e+01,0.000000000000000000e+00,1.366547896695618192e+03,0.000000000000000000e+00,0.000000000000000000e+00,3.515460192893724667e+01,0.000000000000000000e+00,0.000000000000000000e+00,0.000000000000000000e+00,3.596566276374529139e+02,1.154553236954653386e+02,1.154553236954653386e+02,1.154553236954653386e+02,1.154553236954653386e+02,0.000000000000000000e+00,2.079171440098260746e+02,6.674460949372304697e+01,6.674460949372304697e+01,6.674460949372304697e+01,6.674460949372304697e+01,1.052241880455625960e+03,4.203984326476187334e+02,1.349543797961772214e+02,1.620234232814588893e+02,1.349543797961772214e+02,1.349543797961772214e+02
4.000000000000000000e+01,0.000000000000000000e+00,1.366065424955769458e+03,0.000000000000000000e+00,0.000000000000000000e+00,5.053963534111821332e+01,0.000000000000000000e+00,0.000000000000000000e+00,0.000000000000000000e+00,3.595296477055354103e+02,1.154145611791767863e+02,1.154145611791767863e+02,1.154145611791767863e+02,1.154145611791767863e+02,0.000000000000000000e+00,2.079171440098260746e+02,6.674460949372304697e+01,6.674460949372304697e+01,6.674460949372304697e+01,6.674460949372304697e+01,1.051870377215942426e+03,4.203006581000422557e+02,1.349229926586350246e+02,1.738385118712960491e+02,1.349229926586350246e+02,1.349229926586350246e+02
5.000000000000000000e+01,0.000000000000000000e+00,1.365409749083461747e+03,0.000000000000000000e+00,0.000000000000000000e+00,6.591826080713866531e+01,0.000000000000000000e+00,0.000000000000000000e+00,0.000000000000000000e+00,3.593570828260843655e+02,1.153591651917696623e+02,1.153591651917696623e+02,1.153591651917696623e+02,1.153591651917696623e+02,0.000000000000000000e+00,2.079171440098260746e+02,6.674460949372304697e+01,6.674460949372304697e+01,6.674460949372304697e+01,6.674460949372304697e+01,1.051365506794265457e+03,4.201677831428648915e+02,1.348803377483315273e+02,1.856373985698283207e+02,1.348803377483315273e+02,1.348803377483315273e+02
6.000000000000000000e+01,0.000000000000000000e+00,1.364580952212173770e+03,0.000000000000000000e+00,0.000000000000000000e+00,8.128852846322783421e+01,0.000000000000000000e+00,0.000000000000000000e+00,0.000000000000000000e+00,3.591389548786888213e+02,1.152891427569294933e+02,1.152891427569294933e+02,1.152891427569294933e+02,1.152891427569294933e+02,0.000000000000000000e+00,2.079171440098260746e+02,6.674460949372304697e+01,6.674460949372304697e+01,6.674460949372304697e+01,6.674460949372304697e+01,1.050727333203373746e+03,4.199998246233703867e+02,1.348264204735046121e+02,1.974185873901900550e+02,1.348264204735046121e+02,1.348264204735046121e+02
7.000000000000000000e+01,0.000000000000000000e+00,1.363579139425483845e+03,0.000000000000000000e+00,0.000000000000000000e+00,9.664848950530353022e+01,0.000000000000000000e+00,0.000000000000000000e+00,0.000000000000000000e+00,3.588752915199025892e+02,1.152045027528365324e+02,1.152045027528365324e+02,1.152045027528365324e+02,1.152045027528365324e+02,0.000000000000000000e+00,2.079171440098260746e+02,6.674460949372304697e+01,6.674460949372304697e+01,6.674460949372304697e+01,6.674460949372304697e+01,1.049955937357622588e+03,4.197968038371050170e+02,1.347612476703530149e+02,2.091805845894367621e+02,1.347612476703530149e+02,1.347612476703530149e+02
8.000000000000000000e+01,0.000000000000000000e+00,1.362404437743746485e+03,0.000000000000000000e+00,0.000000000000000000e+00,1.119961964360668674e+02,0.000000000000000000e+00,0.000000000000000000e+00,0.000000000000000000e+00,3.585661261797375801e+02,1.151052559110400892e+02,1.151052559110400892e+02,1.151052559110400892e+02,1.151052559110400892e+02,0.000000000000000000e+00,2.079171440098260746e+02,6.674460949372304697e+01,6.674460949372304697e+01,6.674460949372304697e+01,6.674460949372304697e+01,1.049051417062684777e+03,4.195587465251778667e+02,1.346848276021697757e+02,2.209218988579412439e+02,1.346848276021697757e+02,1.346848276021697757e+02
9.000000000000000000e+01,0.000000000000000000e+00,1.361056996107987288e+03,0.000000000000000000e+00,0.000000000000000000e+00,1.273297033119215342e+02,0.000000000000000000e+00,0.000000000000000000e+00,0.000000000000000000e+00,3.582114980574249330e+02,1.149914148150979116e+02,1.149914148150979116e+02,1.149914148150979116e+02,1.149914148150979116e+02,0.000000000000000000e+00,2.079171440098260746e+02,6.674460949372304697e+01,6.674460949372304697e+01,6.674460949372304697e+01,6.674460949372304697e+01,1.048013887003150330e+03,4.192856828709972206e+02,1.345971699582943018e+02,2.326410415084738759e+02,1.345971699582943018e+02,1.345971699582943018e+02
1.000000000000000000e+02,0.000000000000000000e+00,1.359536985361019333e+03,0.000000000000000000e+00,0.000000000000000000e+00,1.426470659897051974e+02,0.000000000000000000e+00,0.000000000000000000e+00,0.000000000000000000e+00,3.578114521164454231e+02,1.148629938989806334e+02,1.148629938989806334e+02,1.148629938989806334e+02,1.148629938989806334e+02,0.000000000000000000e+00,2.079171440098260746e+02,6.674460949372304697e+01,6.674460949372304697e+01,6.674460949372304697e+01,6.674460949372304697e+01,1.046843478727984802e+03,4.189776474964429553e+02,1.344982858528839813e+02,2.443365266649569776e+02,1.344982858528839813e+02,1.344982858528839813e+02
1.100000000000000000e+02,0.000000000000000000e+00,1.357844598225780828e+03,0.000000000000000000e+00,0.000000000000000000e+00,1.579463423731867806e+02,0.000000000000000000e+00,0.000000000000000000e+00,0.000000000000000000e+00,3.573660390788280097e+02,1.147200094452417858e+02,1.147200094452417858e+02,1.147200094452417858e+02,1.147200094452417858e+02,0.000000000000000000e+00,2.079171440098260746e+02,6.674460949372304697e+01,6.674460949372304697e+01,6.674460949372304697e+01,6.674460949372304697e+01,1.045540340633851201e+03,4.186346794574775458e+02,1.343881878235050635e+02,2.560068714508588528e+02,1.343881878235050635e+02,1.343881878235050635e+02
1.200000000000000000e+02,0.000000000000000000e+00,1.355980049280900403e+03,0.000000000000000000e+00,0.000000000000000000e+00,1.732255926593037145e+02,0.000000000000000000e+00,0.000000000000000000e+00,0.000000000000000000e+00,3.568753154187190262e+02,1.145624795829532019e+02,1.145624795829532019e+02,1.145624795829532019e+02,1.145624795829532019e+02,0.000000000000000000e+00,2.079171440098260746e+02,6.674460949372304697e+01,6.674460949372304697e+01,6.674460949372304697e+01,6.674460949372304697e+01,1.044104637946293224e+03,4.182568222391936388e+02,1.342668898295428619e+02,2.676505961772067508e+02,1.342668898295428619e+02,1.342668898295428619e+02
1.300000000000000000e+02,0.000000000000000000e+00,1.353943574933490254e+03,0.000000000000000000e+00,0.000000000000000000e+00,1.884828795841150111e+02,0.000000000000000000e+00,0.000000000000000000e+00,0.000000000000000000e+00,3.563393433552218426e+02,1.143904242854065245e+02,1.143904242854065245e+02,1.143904242854065245e+02,1.143904242854065245e+02,0.000000000000000000e+00,2.079171440098260746e+02,6.674460949372304697e+01,6.674460949372304697e+01,6.674460949372304697e+01,6.674460949372304697e+01,1.042536552698787546e+03,4.178441237503008097e+02,1.341344072504319342e+02,2.792662245302004749e+02,1.341344072504319342e+02,1.341344072504319342e+02
1.400000000000000000e+02,0.000000000000000000e+00,1.351735433389172840e+03,0.000000000000000000e+00,0.000000000000000000e+00,2.037162686684231403e+02,0.000000000000000000e+00,0.000000000000000000e+00,0.000000000000000000e+00,3.557581908445080217e+02,1.142038653675807893e+02,1.142038653675807893e+02,1.142038653675807893e+02,1.142038653675807893e+02,0.000000000000000000e+00,2.079171440098260746e+02,6.674460949372304697e+01,6.674460949372304697e+01,6.674460949372304697e+01,6.674460949372304697e+01,1.040836283709663121e+03,4.173966363170511613e+02,1.339907568837060978e+02,2.908522837583918772e+02,1.339907568837060978e+02,1.339907568837060978e+02
1.500000000000000000e+02,0.000000000000000000e+00,1.349355904619341118e+03,0.000000000000000000e+00,0.000000000000000000e+00,2.189238284630522458e+02,0.000000000000000000e+00,0.000000000000000000e+00,0.000000000000000000e+00,3.551319315712008802e+02,1.140028264833763529e+02,1.140028264833763529e+02,1.140028264833763529e+02,1.140028264833763529e+02,0.000000000000000000e+00,2.079171440098260746e+02,6.674460949372304697e+01,6.674460949372304697e+01,6.674460949372304697e+01,6.674460949372304697e+01,1.039004046556892717e+03,4.169144166766046737e+02,1.338359569428686768e+02,3.024073048594189004e+02,1.338359569428686768e+02,1.338359569428686768e+02
1.600000000000000000e+02,0.000000000000000000e+00,1.346805290325662327e+03,0.000000000000000000e+00,0.000000000000000000e+00,2.341036307937330321e+02,0.000000000000000000e+00,0.000000000000000000e+00,0.000000000000000000e+00,3.544606449390333864e+02,1.137873331226159905e+02,1.137873331226159905e+02,1.137873331226159905e+02,1.137873331226159905e+02,0.000000000000000000e+00,2.079171440098260746e+02,6.674460949372304697e+01,6.674460949372304697e+01,6.674460949372304697e+01,6.674460949372304697e+01,1.037040073550760098e+03,4.163975259698356695e+02,1.336700270550832101e+02,3.139298227662576437e+02,1.336700270550832101e+02,1.336700270550832101e+02
1.700000000000000000e+02,0.000000000000000000e+00,1.344083913901824644e+03,0.000000000000000000e+00,0.000000000000000000e+00,2.492537510055814494e+02,0.000000000000000000e+00,0.000000000000000000e+00,0.000000000000000000e+00,3.537444160607802246e+02,1.135574126078128643e+02,1.135574126078128643e+02,1.135574126078128643e+02,1.135574126078128643e+02,0.000000000000000000e+00,2.079171440098260746e+02,6.674460949372304697e+01,6.674460949372304697e+01,6.674460949372304697e+01,6.674460949372304697e+01,1.034944613704404901e+03,4.158460297335807354e+02,1.334929882586848180e+02,3.254183765329825064e+02,1.334929882586848180e+02,1.334929882586848180e+02
1.800000000000000000e+02,0.000000000000000000e+00,1.341192120392533980e+03,0.000000000000000000e+00,0.000000000000000000e+00,2.643722682071221470e+02,0.000000000000000000e+00,0.000000000000000000e+00,0.000000000000000000e+00,3.529833357474664695e+02,1.133130940907064144e+02,1.133130940907064144e+02,1.133130940907064144e+02,1.133130940907064144e+02,0.000000000000000000e+00,2.079171440098260746e+02,6.674460949372304697e+01,6.674460949372304697e+01,6.674460949372304697e+01,6.674460949372304697e+01,1.032717932702251119e+03,4.152599978923291246e+02,1.333048630005128246e+02,3.368715095199968346e+02,1.333048630005128246e+02,1.333048630005128246e+02
1.900000000000000000e+02,0.000000000000000000e+00,1.338130276449765233e+03,0.000000000000000000e+00,0.000000000000000000e+00,2.794572655138441064e+02,0.000000000000000000e+00,0.000000000000000000e+00,0.000000000000000000e+00,3.521775004968534404e+02,1.130544085485661299e+02,1.130544085485661299e+02,1.130544085485661299e+02,1.130544085485661299e+02,0.000000000000000000e+00,2.079171440098260746e+02,6.674460949372304697e+01,6.674460949372304697e+01,6.674460949372304697e+01,6.674460949372304697e+01,1.030360312866319191e+03,4.146395047493571155e+02,1.331056751330648069e+02,3.482877695787247490e+02,1.331056751330648069e+02,1.331056751330648069e+02
2.000000000000000000e+02,0.000000000000000000e+00,1.334898770286274612e+03,0.000000000000000000e+00,0.000000000000000000e+00,2.945068302912382023e+02,0.000000000000000000e+00,0.000000000000000000e+00,0.000000000000000000e+00,3.513270124812038944e+02,1.127813887802639243e+02,1.127813887802639243e+02,1.127813887802639243e+02,1.127813887802639243e+02,0.000000000000000000e+00,2.079171440098260746e+02,6.674460949372304697e+01,6.674460949372304697e+01,6.674460949372304697e+01,6.674460949372304697e+01,1.027872053120431474e+03,4.139846289773070112e+02,1.328954499114721273e+02,3.596657092357255010e+02,1.328954499114721273e+02,1.328954499114721273e+02
2.100000000000000000e+02,0.000000000000000000e+00,1.331498011626377775e+03,0.000000000000000000e+00,0.000000000000000000e+00,3.095190543973057515e+02,0.000000000000000000e+00,0.000000000000000000e+00,0.000000000000000000e+00,3.504319795343274109e+02,1.124940694021155565e+02,1.124940694021155565e+02,1.124940694021155565e+02,1.124940694021155565e+02,0.000000000000000000e+00,2.079171440098260746e+02,6.674460949372304697e+01,6.674460949372304697e+01,6.674460949372304697e+01,6.674460949372304697e+01,1.025253468952310868e+03,4.132954536082120285e+02,1.326742139902978863e+02,3.710038858762233076e+02,1.326742139902978863e+02,1.326742139902978863e+02
2.200000000000000000e+02,0.000000000000000000e+00,1.327928431654001088e+03,0.000000000000000000e+00,0.000000000000000000e+00,3.244920344244908961e+02,0.000000000000000000e+00,0.000000000000000000e+00,0.000000000000000000e+00,3.494925151379081285e+02,1.121924868434916363e+02,1.121924868434916363e+02,1.121924868434916363e+02,1.121924868434916363e+02,0.000000000000000000e+00,2.079171440098260746e+02,6.674460949372304697e+01,6.674460949372304697e+01,6.674460949372304697e+01,6.674460949372304697e+01,1.022504892373580901e+03,4.125720660229692385e+02,1.324419954201574683e+02,3.823008619270154327e+02,1.324419954201574683e+02,1.324419954201574683e+02
2.300000000000000000e+02,0.000000000000000000e+00,1.324190482958011216e+03,0.000000000000000000e+00,0.000000000000000000e+00,3.394238719410126350e+02,0.000000000000000000e+00,0.000000000000000000e+00,0.000000000000000000e+00,3.485087384071164252e+02,1.118766793421987131e+02,1.118766793421987131e+02,1.118766793421987131e+02,1.118766793421987131e+02,0.000000000000000000e+00,2.079171440098260746e+02,6.674460949372304697e+01,6.674460949372304697e+01,6.674460949372304697e+01,6.674460949372304697e+01,1.019626671877668628e+03,4.118145579402596468e+02,1.321988236441619051e+02,3.935552050387416330e+02,1.321988236441619051e+02,1.321988236441619051e+02
2.400000000000000000e+02,0.000000000000000000e+00,1.320284639474831010e+03,0.000000000000000000e+00,0.000000000000000000e+00,3.543126737315724313e+02,0.000000000000000000e+00,0.000000000000000000e+00,0.000000000000000000e+00,3.474807740755060195e+02,1.115466869396310301e+02,1.115466869396310301e+02,1.115466869396310301e+02,1.115466869396310301e+02,0.000000000000000000e+00,2.079171440098260746e+02,6.674460949372304697e+01,6.674460949372304697e+01,6.674460949372304697e+01,6.674460949372304697e+01,1.016619172395619898e+03,4.110230254049196219e+02,1.319447294941847986e+02,4.047654882674955843e+02,1.319447294941847986e+02,1.319447294941847986e+02
2.500000000000000000e+02,0.000000000000000000e+00,1.316211396428349190e+03,0.000000000000000000e+00,0.000000000000000000e+00,3.691565520373908384e+02,0.000000000000000000e+00,0.000000000000000000e+00,0.000000000000000000e+00,3.464087524791992223e+02,1.112025514756937525e+02,1.112025514756937525e+02,1.112025514756937525e+02,1.112025514756937525e+02,0.000000000000000000e+00,2.079171440098260746e+02,6.674460949372304697e+01,6.674460949372304697e+01,6.674460949372304697e+01,6.674460949372304697e+01,1.013482775249828933e+03,4.101975687757633295e+02,1.316797451869530846e+02,4.159302902557440689e+02,1.316797451869530846e+02,1.316797451869530846e+02
2.600000000000000000e+02,0.000000000000000000e+00,1.311971270267130649e+03,0.000000000000000000e+00,0.000000000000000000e+00,3.839536247955625754e+02,0.000000000000000000e+00,0.000000000000000000e+00,0.000000000000000000e+00,3.452928095403613611e+02,1.108443165834979993e+02,1.108443165834979993e+02,1.108443165834979993e+02,1.108443165834979993e+02,0.000000000000000000e+00,2.079171440098260746e+02,6.674460949372304697e+01,6.674460949372304697e+01,6.674460949372304697e+01,6.674460949372304697e+01,1.010217878105690602e+03,4.093382927128582196e+02,1.314039043199623507e+02,4.270481954125455673e+02,1.314039043199623507e+02,1.314039043199623507e+02
2.700000000000000000e+02,0.000000000000000000e+00,1.307564798598935567e+03,0.000000000000000000e+00,0.000000000000000000e+00,3.987020158776790595e+02,0.000000000000000000e+00,0.000000000000000000e+00,0.000000000000000000e+00,3.441330867499672763e+02,1.104720276838285855e+02,1.104720276838285855e+02,1.104720276838285855e+02,1.104720276838285855e+02,0.000000000000000000e+00,2.079171440098260746e+02,6.674460949372304697e+01,6.674460949372304697e+01,6.674460949372304697e+01,6.674460949372304697e+01,1.006824894921180430e+03,4.084453061642548164e+02,1.311172418672169044e+02,4.381177940930297723e+02,1.311172418672169044e+02,1.311172418672169044e+02
2.800000000000000000e+02,0.000000000000000000e+00,1.302992540122555511e+03,0.000000000000000000e+00,0.000000000000000000e+00,4.133998553277087353e+02,0.000000000000000000e+00,0.000000000000000000e+00,0.000000000000000000e+00,3.429297311498613681e+02,1.100857319793851019e+02,1.100857319793851019e+02,1.100857319793851019e+02,1.100857319793851019e+02,0.000000000000000000e+00,2.079171440098260746e+02,6.674460949372304697e+01,6.674460949372304697e+01,6.674460949372304697e+01,6.674460949372304697e+01,1.003304255894367770e+03,4.075187223521731994e+02,1.308197941747954189e+02,4.491376827771311468e+02,1.308197941747954189e+02,1.308197941747954189e+02
2.900000000000000000e+02,0.000000000000000000e+00,1.298255074556976751e+03,0.000000000000000000e+00,0.000000000000000000e+00,4.280452795990848927e+02,0.000000000000000000e+00,0.000000000000000000e+00,0.000000000000000000e+00,3.416828953141144893e+02,1.096854784487970988e+02,1.096854784487970988e+02,1.096854784487970988e+02,1.096854784487970988e+02,0.000000000000000000e+00,2.079171440098260746e+02,6.674460949372304697e+01,6.674460949372304697e+01,6.674460949372304697e+01,6.674460949372304697e+01,9.996564074088721554e+02,4.065586587586481073e+02,1.305115989562426648e+02,4.601064642475379856e+02,1.305115989562426648e+02,1.305115989562426648e+02
3.000000000000000000e+02,0.000000000000000000e+00,1.293353002567875819e+03,0.000000000000000000e+00,0.000000000000000000e+00,4.426364317909904003e+02,0.000000000000000000e+00,0.000000000000000000e+00,0.000000000000000000e+00,3.403927373296784822e+02,1.092713178404139853e+02,1.092713178404139853e+02,1.092713178404139853e+02,1.092713178404139853e+02,0.000000000000000000e+00,2.079171440098260746e+02,6.674460949372304697e+01,6.674460949372304697e+01,6.674460949372304697e+01,6.674460949372304697e+01,9.958818119772644195e+02,4.055652371106324381e+02,1.301926952877876715e+02,4.710227477668502729e+02,1.301926952877876715e+02,1.301926952877876715e+02
3.100000000000000000e+02,0.000000000000000000e+00,1.288286945691462734e+03,0.000000000000000000e+00,0.000000000000000000e+00,4.571714618837905846e+02,0.000000000000000000e+00,0.000000000000000000e+00,0.000000000000000000e+00,3.390594207763428471e+02,1.088433026658707234e+02,1.088433026658707234e+02,1.088433026658707234e+02,1.088433026658707234e+02,0.000000000000000000e+00,2.079171440098260746e+02,6.674460949372304697e+01,6.674460949372304697e+01,6.674460949372304697e+01,6.674460949372304697e+01,9.919809481824263457e+02,4.045385833645639195e+02,1.298631236033893686e+02,4.818851492539080823e+02,1.298631236033893686e+02,1.298631236033893686e+02
3.200000000000000000e+02,0.000000000000000000e+00,1.283057546255674197e+03,0.000000000000000000e+00,0.000000000000000000e+00,4.716485269736018608e+02,0.000000000000000000e+00,0.000000000000000000e+00,0.000000000000000000e+00,3.376831147059938303e+02,1.084014871934297162e+02,1.084014871934297162e+02,1.084014871934297162e+02,1.084014871934297162e+02,0.000000000000000000e+00,2.079171440098260746e+02,6.674460949372304697e+01,6.674460949372304697e+01,6.674460949372304697e+01,6.674460949372304697e+01,9.879543106168691793e+02,4.034788276903951783e+02,1.295229256896097922e+02,4.926922914592831830e+02,1.295229256896097922e+02,1.295229256896097922e+02
3.300000000000000000e+02,0.000000000000000000e+00,1.277665467298733574e+03,0.000000000000000000e+00,0.000000000000000000e+00,4.860657915059532002e+02,0.000000000000000000e+00,0.000000000000000000e+00,0.000000000000000000e+00,3.362639936211804184e+02,1.079459274411001815e+02,1.079459274411001815e+02,1.079459274411001815e+02,1.079459274411001815e+02,0.000000000000000000e+00,2.079171440098260746e+02,6.674460949372304697e+01,6.674460949372304697e+01,6.674460949372304697e+01,6.674460949372304697e+01,9.838024098200248773e+02,4.023861044550889119e+02,1.291721446803160518e+02,5.034428041398999767e+02,1.291721446803160518e+02,1.291721446803160518e+02
3.400000000000000000e+02,0.000000000000000000e+00,1.272111392485084252e+03,0.000000000000000000e+00,0.000000000000000000e+00,5.004214275085149097e+02,0.000000000000000000e+00,0.000000000000000000e+00,0.000000000000000000e+00,3.348022374529894591e+02,1.074766811695356949e+02,1.074766811695356949e+02,1.074766811695356949e+02,1.074766811695356949e+02,0.000000000000000000e+00,2.079171440098260746e+02,6.674460949372304697e+01,6.674460949372304697e+01,6.674460949372304697e+01,6.674460949372304697e+01,9.795257722135148697e+02,4.012605522055819165e+02,1.288108250512113955e+02,5.141353242327678572e+02,1.288108250512113955e+02,1.288108250512113955e+02
3.500000000000000000e+02,0.000000000000000000e+00,1.266396026018706380e+03,0.000000000000000000e+00,0.000000000000000000e+00,5.147136148228723869e+02,0.000000000000000000e+00,0.000000000000000000e+00,0.000000000000000000e+00,3.332980315382314416e+02,1.069938078747104839e+02,1.069938078747104839e+02,1.069938078747104839e+02,1.069938078747104839e+02,0.000000000000000000e+00,2.079171440098260746e+02,6.674460949372304697e+01,6.674460949372304697e+01,6.674460949372304697e+01,6.674460949372304697e+01,9.751249400344039486e+02,4.001023136512181964e+02,1.284390126141959740e+02,5.247684960278077142e+02,1.284390126141959740e+02,1.284390126141959740e+02
3.600000000000000000e+02,0.000000000000000000e+00,1.260520092553831319e+03,0.000000000000000000e+00,0.000000000000000000e+00,5.289405413353001677e+02,0.000000000000000000e+00,0.000000000000000000e+00,0.000000000000000000e+00,3.317515665959421085e+02,1.064973687803760782e+02,1.064973687803760782e+02,1.064973687803760782e+02,1.064973687803760782e+02,0.000000000000000000e+00,2.079171440098260746e+02,6.674460949372304697e+01,6.674460949372304697e+01,6.674460949372304697e+01,6.674460949372304697e+01,9.706004712664500857e+02,3.989115356456553627e+02,1.280567545115584664e+02,5.353409713397396672e+02,1.280567545115584664e+02,1.280567545115584664e+02
3.700000000000000000e+02,0.000000000000000000e+00,1.254484337103062217e+03,0.000000000000000000e+00,0.000000000000000000e+00,5.431004032065256979e+02,0.000000000000000000e+00,0.000000000000000000e+00,0.000000000000000000e+00,3.301630387032007548e+02,1.059874268302986167e+02,1.059874268302986167e+02,1.059874268302986167e+02,1.059874268302986167e+02,0.000000000000000000e+00,2.079171440098260746e+02,6.674460949372304697e+01,6.674460949372304697e+01,6.674460949372304697e+01,6.674460949372304697e+01,9.659529395693579090e+02,3.976883691682445487e+02,1.276640992099988239e+02,5.458514096790236181e+02,1.276640992099988239e+02,1.276640992099988239e+02
3.800000000000000000e+02,0.000000000000000000e+00,1.248289524942913204e+03,0.000000000000000000e+00,0.000000000000000000e+00,5.571914051004340536e+02,0.000000000000000000e+00,0.000000000000000000e+00,0.000000000000000000e+00,3.285326492702697010e+02,1.054640466802782299e+02,1.054640466802782299e+02,1.054640466802782299e+02,1.054640466802782299e+02,0.000000000000000000e+00,2.079171440098260746e+02,6.674460949372304697e+01,6.674460949372304697e+01,6.674460949372304697e+01,6.674460949372304697e+01,9.611829342060432282e+02,3.964329693048876493e+02,1.272610964944831267e+02,5.562984784218173218e+02,1.272610964944831267e+02,1.272610964944831267e+02
3.900000000000000000e+02,0.000000000000000000e+00,1.241936441516779951e+03,0.000000000000000000e+00,0.000000000000000000e+00,5.712117604117038354e+02,0.000000000000000000e+00,0.000000000000000000e+00,0.000000000000000000e+00,3.268606050150573310e+02,1.049272946899512533e+02,1.049272946899512533e+02,1.049272946899512533e+02,1.049272946899512533e+02,0.000000000000000000e+00,2.079171440098260746e+02,6.674460949372304697e+01,6.674460949372304697e+01,6.674460949372304697e+01,6.674460949372304697e+01,9.562910599679205461e+02,3.951454952283741022e+02,1.268477974619313500e+02,5.666808529789433351e+02,1.268477974619313500e+02,1.268477974619313500e+02
4.000000000000000000e+02,0.000000000000000000e+00,1.235425892335352273e+03,0.000000000000000000e+00,0.000000000000000000e+00,5.851596914923297845e+02,0.000000000000000000e+00,0.000000000000000000e+00,0.000000000000000000e+00,3.251471179369080460e+02,1.043772389143764912e+02,1.043772389143764912e+02,1.043772389143764912e+02,1.043772389143764912e+02,0.000000000000000000e+00,2.079171440098260746e+02,6.674460949372304697e+01,6.674460949372304697e+01,6.674460949372304697e+01,6.674460949372304697e+01,9.512779370982212868e+02,3.938261101781992011e+02,1.264242545147388057e+02,5.769972169638326704e+02,1.264242545147388057e+02,1.264242545147388057e+02
4.100000000000000000e+02,0.000000000000000000e+00,1.228758702874484243e+03,0.000000000000000000e+00,0.000000000000000000e+00,5.990334298770100077e+02,0.000000000000000000e+00,0.000000000000000000e+00,0.000000000000000000e+00,3.233924052897231149e+02,1.038139490954064854e+02,1.038139490954064854e+02,1.038139490954064854e+02,1.038139490954064854e+02,0.000000000000000000e+00,2.079171440098260746e+02,6.674460949372304697e+01,6.674460949372304697e+01,6.674460949372304697e+01,6.674460949372304697e+01,9.461442012133528578e+02,3.924749814398667809e+02,1.259905213541318858e+02,5.872462623594295792e+02,1.259905213541318858e+02,1.259905213541318858e+02
4.200000000000000000e+02,0.000000000000000000e+00,1.221935718470530219e+03,0.000000000000000000e+00,0.000000000000000000e+00,6.128312165073749611e+02,0.000000000000000000e+00,0.000000000000000000e+00,0.000000000000000000e+00,3.215966895544146382e+02,1.032374966528448681e+02,1.032374966528448681e+02,1.032374966528448681e+02,1.032374966528448681e+02,0.000000000000000000e+00,2.079171440098260746e+02,6.674460949372304697e+01,6.674460949372304697e+01,6.674460949372304697e+01,6.674460949372304697e+01,9.408905032223083253e+02,3.910922803236792333e+02,1.255466529733594427e+02,5.974266896840382515e+02,1.255466529733594427e+02,1.255466529733594427e+02
4.300000000000000000e+02,0.000000000000000000e+00,1.214957804213165446e+03,0.000000000000000000e+00,0.000000000000000000e+00,6.265513019550141962e+02,0.000000000000000000e+00,0.000000000000000000e+00,0.000000000000000000e+00,3.197601984106972282e+02,1.026479546753910910e+02,1.026479546753910910e+02,1.026479546753910910e+02,1.026479546753910910e+02,0.000000000000000000e+00,2.079171440098260746e+02,6.674460949372304697e+01,6.674460949372304697e+01,6.674460949372304697e+01,6.674460949372304697e+01,9.355175092441373863e+02,3.896781821430168407e+02,1.250927056507200348e+02,6.075372081560809647e+02,1.250927056507200348e+02,1.250927056507200348e+02
4.400000000000000000e+02,0.000000000000000000e+00,1.207825844835699627e+03,0.000000000000000000e+00,0.000000000000000000e+00,6.401919466432925674e+02,0.000000000000000000e+00,0.000000000000000000e+00,0.000000000000000000e+00,3.178831647082203062e+02,1.020453979113732998e+02,1.020453979113732998e+02,1.020453979113732998e+02,1.020453979113732998e+02,0.000000000000000000e+00,2.079171440098260746e+02,6.674460949372304697e+01,6.674460949372304697e+01,6.674460949372304697e+01,6.674460949372304697e+01,9.300259005234887582e+02,3.882328661921096113e+02,1.246287369424263431e+02,6.175765358577616553e+02,1.246287369424263431e+02,1.246287369424263431e+02
4.500000000000000000e+02,0.000000000000000000e+00,1.200540744602903033e+03,0.000000000000000000e+00,0.000000000000000000e+00,6.537514210679065627e+02,0.000000000000000000e+00,0.000000000000000000e+00,0.000000000000000000e+00,3.159658264370450524e+02,1.014299027592712008e+02,1.014299027592712008e+02,1.014299027592712008e+02,1.014299027592712008e+02,0.000000000000000000e+00,2.079171440098260746e+02,6.674460949372304697e+01,6.674460949372304697e+01,6.674460949372304697e+01,6.674460949372304697e+01,9.244163733442353532e+02,3.867565157233046875e+02,1.241548056753077276e+02,6.275433998975956911e+02,1.241548056753077276e+02,1.241548056753077276e+02
4.600000000000000000e+02,0.000000000000000000e+00,1.193103427196351504e+03,0.000000000000000000e+00,0.000000000000000000e+00,6.672280060161746178e+02,0.000000000000000000e+00,0.000000000000000000e+00,0.000000000000000000e+00,3.140084266974694174e+02,1.008015472580292453e+02,1.008015472580292453e+02,1.008015472580292453e+02,1.008015472580292453e+02,0.000000000000000000e+00,2.079171440098260746e+02,6.674460949372304697e+01,6.674460949372304697e+01,6.674460949372304697e+01,6.674460949372304697e+01,9.186896389411906512e+02,3.852493179238314269e+02,1.236709719393514035e+02,6.374365365718058456e+02,1.236709719393514035e+02,1.236709719393514035e+02
4.700000000000000000e+02,0.000000000000000000e+00,1.185514835597315823e+03,0.000000000000000000e+00,0.000000000000000000e+00,6.806199927850116183e+02,0.000000000000000000e+00,0.000000000000000000e+00,0.000000000000000000e+00,3.120112136692055742e+02,1.001604110771621805e+02,1.001604110771621805e+02,1.001604110771621805e+02,1.001604110771621805e+02,0.000000000000000000e+00,2.079171440098260746e+02,6.674460949372304697e+01,6.674460949372304697e+01,6.674460949372304697e+01,6.674460949372304697e+01,9.128464234099332089e+02,3.837114638920683092e+02,1.231772970800837754e+02,6.472546915245427499e+02,1.231772970800837754e+02,1.231772970800837754e+02
4.800000000000000000e+02,0.000000000000000000e+00,1.177775931967197266e+03,0.000000000000000000e+00,0.000000000000000000e+00,6.939256833975809968e+02,0.000000000000000000e+00,0.000000000000000000e+00,0.000000000000000000e+00,3.099744405799125389e+02,9.950657550665356155e+01,9.950657550665356155e+01,9.950657550665356155e+01,9.950657550665356155e+01,0.000000000000000000e+00,2.079171440098260746e+02,6.674460949372304697e+01,6.674460949372304697e+01,6.674460949372304697e+01,6.674460949372304697e+01,9.068874676147419223e+02,3.821431486133126327e+02,1.226738436907921539e+02,6.569966199069294817e+02,1.226738436907921539e+02,1.226738436907921539e+02
4.900000000000000000e+02,0.000000000000000000e+00,1.169887697525537760e+03,0.000000000000000000e+00,0.000000000000000000e+00,7.071433908185778137e+02,0.000000000000000000e+00,0.000000000000000000e+00,0.000000000000000000e+00,3.078983656730899838e+02,9.884012344664911609e+01,9.884012344664911609e+01,9.884012344664911609e+01,9.884012344664911609e+01,0.000000000000000000e+00,2.079171440098260746e+02,6.674460949372304697e+01,6.674460949372304697e+01,6.674460949372304697e+01,6.674460949372304697e+01,9.008135270946640958e+02,3.805445709350592551e+02,1.221606756045887039e+02,6.666610865348936841e+02,1.221606756045887039e+02,1.221606756045887039e+02
5.000000000000000000e+02,0.000000000000000000e+00,1.161851132425607830e+03,0.000000000000000000e+00,0.000000000000000000e+00,7.202714391681324742e+02,0.000000000000000000e+00,0.000000000000000000e+00,0.000000000000000000e+00,3.057832521753349511e+02,9.816113939694568558e+01,9.816113939694568558e+01,9.816113939694568558e+01,9.816113939694568558e+01,0.000000000000000000e+00,2.079171440098260746e+02,6.674460949372304697e+01,6.674460949372304697e+01,6.674460949372304697e+01,6.674460949372304697e+01,8.946253719677180243e+02,3.789159335417879220e+02,1.216378578863170787e+02,6.762468660457791430e+02,1.216378578863170787e+02,1.216378578863170787e+02
5.100000000000000000e+02,0.000000000000000000e+00,1.153667255627598024e+03,0.000000000000000000e+00,0.000000000000000000e+00,7.333081639342949529e+02,0.000000000000000000e+00,0.000000000000000000e+00,0.000000000000000000e+00,3.036293682629672617e+02,9.746970944627744871e+01,9.746970944627744871e+01,9.746970944627744871e+01,9.746970944627744871e+01,0.000000000000000000e+00,2.079171440098260746e+02,6.674460949372304697e+01,6.674460949372304697e+01,6.674460949372304697e+01,6.674460949372304697e+01,8.883237868332505514e+02,3.772574429292647551e+02,1.211054568243025358e+02,6.857527430537096507e+02,1.211054568243025358e+02,1.211054568243025358e+02
5.200000000000000000e+02,0.000000000000000000e+00,1.145337104769424968e+03,0.000000000000000000e+00,0.000000000000000000e+00,7.462519121840771277e+02,0.000000000000000000e+00,0.000000000000000000e+00,0.000000000000000000e+00,3.014369870280276018e+02,9.676592126140079131e+01,9.676592126140079131e+01,9.676592126140079131e+01,9.676592126140079131e+01,0.000000000000000000e+00,2.079171440098260746e+02,6.674460949372304697e+01,6.674460949372304697e+01,6.674460949372304697e+01,6.674460949372304697e+01,8.819095706724572210e+02,3.755693093783612539e+02,1.205635399219474948e+02,6.951775123036868536e+02,1.205635399219474948e+02,1.205635399219474948e+02
5.300000000000000000e+02,0.000000000000000000e+00,1.136861736035167041e+03,0.000000000000000000e+00,0.000000000000000000e+00,7.591010427730329866e+02,0.000000000000000000e+00,0.000000000000000000e+00,0.000000000000000000e+00,2.992063864436515246e+02,9.604986407597883158e+01,9.604986407597883158e+01,9.604986407597883158e+01,9.604986407597883158e+01,0.000000000000000000e+00,2.079171440098260746e+02,6.674460949372304697e+01,6.674460949372304697e+01,6.674460949372304697e+01,6.674460949372304697e+01,8.753835367470786650e+02,3.738517469283916625e+02,1.200121758891725960e+02,7.045199788244079855e+02,1.200121758891725960e+02,1.200121758891725960e+02
5.400000000000000000e+02,0.000000000000000000e+00,1.128242224021152879e+03,0.000000000000000000e+00,0.000000000000000000e+00,7.718539265533362368e+02,0.000000000000000000e+00,0.000000000000000000e+00,0.000000000000000000e+00,2.969378493288259619e+02,9.532162867926764704e+01,9.532162867926764704e+01,9.532162867926764704e+01,9.532162867926764704e+01,0.000000000000000000e+00,2.079171440098260746e+02,6.674460949372304697e+01,6.674460949372304697e+01,6.674460949372304697e+01,6.674460949372304697e+01,8.687465124962877780e+02,3.721049733499759782e+02,1.194514346337049915e+02,7.137789580797738154e+02,1.194514346337049915e+02,1.194514346337049915e+02
5.500000000000000000e+02,0.000000000000000000e+00,1.119479661599708606e+03,0.000000000000000000e+00,0.000000000000000000e+00,7.845089465803442863e+02,0.000000000000000000e+00,0.000000000000000000e+00,0.000000000000000000e+00,2.946316633125290991e+02,9.458130740460478592e+01,9.458130740460478592e+01,9.458130740460478592e+01,9.458130740460478592e+01,0.000000000000000000e+00,2.079171440098260746e+02,6.674460949372304697e+01,6.674460949372304697e+01,6.674460949372304697e+01,6.674460949372304697e+01,8.619993394317756383e+02,3.703292101174273512e+02,1.188813872522145800e+02,7.229532761190796464e+02,1.188813872522145800e+02,1.188813872522145800e+02
5.600000000000000000e+02,0.000000000000000000e+00,1.110575159780597687e+03,0.000000000000000000e+00,0.000000000000000000e+00,7.970644983176080132e+02,0.000000000000000000e+00,0.000000000000000000e+00,0.000000000000000000e+00,2.922881207972634456e+02,9.382899411770262077e+01,9.382899411770262077e+01,9.382899411770262077e+01,9.382899411770262077e+01,0.000000000000000000e+00,2.079171440098260746e+02,6.674460949372304697e+01,6.674460949372304697e+01,6.674460949372304697e+01,6.674460949372304697e+01,8.551428730310602759e+02,3.685246823806728571e+02,1.183021060212999203e+02,7.320417697258581029e+02,1.183021060212999203e+02,1.183021060212999203e+02
5.700000000000000000e+02,0.000000000000000000e+00,1.101529847570149286e+03,0.000000000000000000e+00,0.000000000000000000e+00,8.095189898403147026e+02,0.000000000000000000e+00,0.000000000000000000e+00,0.000000000000000000e+00,2.899075189219803974e+02,9.306478420474668667e+01,9.306478420474668667e+01,9.306478420474668667e+01,9.306478420474668667e+01,0.000000000000000000e+00,2.079171440098260746e+02,6.674460949372304697e+01,6.674460949372304697e+01,6.674460949372304697e+01,6.674460949372304697e+01,8.481779826290149913e+02,3.666916189367049128e+02,1.177136643883238492e+02,7.410432865653662020e+02,1.177136643883238492e+02,1.177136643883238492e+02
5.800000000000000000e+02,0.000000000000000000e+00,1.092344871828115402e+03,0.000000000000000000e+00,0.000000000000000000e+00,8.218708420371281136e+02,0.000000000000000000e+00,0.000000000000000000e+00,0.000000000000000000e+00,2.874901595244066925e+02,9.228877456030191695e+01,9.228877456030191695e+01,9.228877456030191695e+01,9.228877456030191695e+01,0.000000000000000000e+00,2.079171440098260746e+02,6.674460949372304697e+01,6.674460949372304697e+01,6.674460949372304697e+01,6.674460949372304697e+01,8.411055513076488523e+02,3.648302522005731134e+02,1.171161369621013648e+02,7.499566853306899930e+02,1.171161369621013648e+02,1.171161369621013648e+02
5.900000000000000000e+02,0.000000000000000000e+00,1.083021397122258350e+03,0.000000000000000000e+00,0.000000000000000000e+00,8.341184888104036190e+02,0.000000000000000000e+00,0.000000000000000000e+00,0.000000000000000000e+00,2.850363491027742384e+02,9.150106357502720300e+01,9.150106357502720300e+01,9.150106357502720300e+01,9.150106357502720300e+01,0.000000000000000000e+00,2.079171440098260746e+02,6.674460949372304697e+01,6.674460949372304697e+01,6.674460949372304697e+01,6.674460949372304697e+01,8.339264757841389155e+02,3.629408181759161494e+02,1.165095995034398584e+02,7.587808358874506212e+02,1.165095995034398584e+02,1.165095995034398584e+02
6.000000000000000000e+02,0.000000000000000000e+00,1.073560605580695437e+03,0.000000000000000000e+00,0.000000000000000000e+00,8.462603772747548874e+02,0.000000000000000000e+00,0.000000000000000000e+00,0.000000000000000000e+00,2.825463987769589380e+02,9.070175112320043809e+01,9.070175112320043809e+01,9.070175112320043809e+01,9.070175112320043809e+01,0.000000000000000000e+00,2.079171440098260746e+02,6.674460949372304697e+01,6.674460949372304697e+01,6.674460949372304697e+01,6.674460949372304697e+01,8.266416662971355436e+02,3.610235564250383504e+02,1.158941289155332299e+02,7.675146194170945364e+02,1.158941289155332299e+02,1.158941289155332299e+02
6.100000000000000000e+02,0.000000000000000000e+00,1.063963696742014235e+03,0.000000000000000000e+00,0.000000000000000000e+00,8.582949679539473209e+02,0.000000000000000000e+00,0.000000000000000000e+00,0.000000000000000000e+00,2.800206242490332897e+02,8.989093855005533840e+01,8.989093855005533840e+01,8.989093855005533840e+01,8.989093855005533840e+01,0.000000000000000000e+00,2.079171440098260746e+02,6.674460949372304697e+01,6.674460949372304697e+01,6.674460949372304697e+01,6.674460949372304697e+01,8.192520464913509386e+02,3.590787100385356325e+02,1.152698032342115084e+02,7.761569285587509057e+02,1.152698032342115084e+02,1.152698032342115084e+02
6.200000000000000000e+02,0.000000000000000000e+00,1.054231887403184146e+03,0.000000000000000000e+00,0.000000000000000000e+00,8.702207349760863053e+02,0.000000000000000000e+00,0.000000000000000000e+00,0.000000000000000000e+00,2.774593457632387299e+02,8.906872865893181768e+01,8.906872865893181768e+01,8.906872865893181768e+01,8.906872865893181768e+01,0.000000000000000000e+00,2.079171440098260746e+02,6.674460949372304697e+01,6.674460949372304697e+01,6.674460949372304697e+01,6.674460949372304697e+01,8.117585533004518084e+02,3.571065256044738021e+02,1.146367016180464020e+02,7.847066675496328116e+02,1.146367016180464020e+02,1.146367016180464020e+02
6.300000000000000000e+02,0.000000000000000000e+00,1.044366411465279498e+03,0.000000000000000000e+00,0.000000000000000000e+00,8.820361662670837859e+02,0.000000000000000000e+00,0.000000000000000000e+00,0.000000000000000000e+00,2.748628880653819806e+02,8.823522569824172024e+01,8.823522569824172024e+01,8.823522569824172024e+01,8.823522569824172024e+01,0.000000000000000000e+00,2.079171440098260746e+02,6.674460949372304697e+01,6.674460949372304697e+01,6.674460949372304697e+01,6.674460949372304697e+01,8.041621368282652611e+02,3.551072531771241074e+02,1.139949043383150240e+02,7.931627523639695028e+02,1.139949043383150240e+02,1.139949043383150240e+02
6.400000000000000000e+02,0.000000000000000000e+00,1.034368519777028496e+03,0.000000000000000000e+00,0.000000000000000000e+00,8.937397637423764536e+02,0.000000000000000000e+00,0.000000000000000000e+00,0.000000000000000000e+00,2.722315803616596099e+02,8.739053534825077918e+01,8.739053534825077918e+01,8.739053534825077918e+01,8.739053534825077918e+01,0.000000000000000000e+00,2.079171440098260746e+02,6.674460949372304697e+01,6.674460949372304697e+01,6.674460949372304697e+01,6.674460949372304697e+01,7.964637602283119122e+02,3.530811462452578553e+02,1.133444927688219934e+02,8.015241108504518479e+02,1.133444927688219934e+02,1.133444927688219934e+02
6.500000000000000000e+02,0.000000000000000000e+00,1.024239479976222128e+03,0.000000000000000000e+00,0.000000000000000000e+00,9.053300434968664376e+02,0.000000000000000000e+00,0.000000000000000000e+00,0.000000000000000000e+00,2.695657562769184210e+02,8.653476470767962780e+01,8.653476470767962780e+01,8.653476470767962780e+01,8.653476470767962780e+01,0.000000000000000000e+00,2.079171440098260746e+02,6.674460949372304697e+01,6.674460949372304697e+01,6.674460949372304697e+01,6.674460949372304697e+01,7.886643995816911001e+02,3.510284617000071421e+02,1.126855493755822124e+02,8.097896828681693933e+02,1.126855493755822124e+02,1.126855493755822124e+02
6.600000000000000000e+02,0.000000000000000000e+00,1.013980576328985649e+03,0.000000000000000000e+00,0.000000000000000000e+00,9.168055359930687018e+02,0.000000000000000000e+00,0.000000000000000000e+00,0.000000000000000000e+00,2.668657538123546260e+02,8.566802228012453213e+01,8.566802228012453213e+01,8.566802228012453213e+01,8.566802228012453213e+01,0.000000000000000000e+00,2.079171440098260746e+02,6.674460949372304697e+01,6.674460949372304697e+01,6.674460949372304697e+01,6.674460949372304697e+01,7.807650437733190074e+02,3.489494598022930631e+02,1.120181577063647751e+02,8.179584204210276539e+02,1.120181577063647751e+02,1.120181577063647751e+02
6.700000000000000000e+02,0.000000000000000000e+00,1.003593109566949465e+03,0.000000000000000000e+00,0.000000000000000000e+00,9.281647862474319481e+02,0.000000000000000000e+00,0.000000000000000000e+00,0.000000000000000000e+00,2.641319153026589674e+02,8.479041796030031719e+01,8.479041796030031719e+01,8.479041796030031719e+01,8.479041796030031719e+01,0.000000000000000000e+00,2.079171440098260746e+02,6.674460949372304697e+01,6.674460949372304697e+01,6.674460949372304697e+01,6.674460949372304697e+01,7.727666943665510644e+02,3.468444041498273691e+02,1.113424023801001397e+02,8.260292877906227886e+02,1.113424023801001397e+02,1.113424023801001397e+02
6.800000000000000000e+02,0.000000000000000000e+00,9.930783967223253512e+02,0.000000000000000000e+00,0.000000000000000000e+00,9.394063540148191578e+02,0.000000000000000000e+00,0.000000000000000000e+00,0.000000000000000000e+00,2.613645873726113109e+02,8.390206302010655293e+01,8.390206302010655293e+01,8.390206302010655293e+01,8.390206302010655293e+01,0.000000000000000000e+00,2.079171440098260746e+02,6.674460949372304697e+01,6.674460949372304697e+01,6.674460949372304697e+01,6.674460949372304697e+01,7.646703654761905682e+02,3.447135616436906957e+02,1.106583690761509331e+02,8.340012616675617210e+02,1.106583690761509331e+02,1.106583690761509331e+02
6.900000000000000000e+02,0.000000000000000000e+00,9.824377709609213980e+02,0.000000000000000000e+00,0.000000000000000000e+00,9.505288139711158237e+02,0.000000000000000000e+00,0.000000000000000000e+00,0.000000000000000000e+00,2.585641208931322126e+02,8.300307009451952922e+01,8.300307009451952922e+01,8.300307009451952922e+01,8.300307009451952922e+01,0.000000000000000000e+00,2.079171440098260746e+02,6.674460949372304697e+01,6.674460949372304697e+01,6.674460949372304697e+01,6.674460949372304697e+01,7.564770836399094378e+02,3.425572024544917440e+02,1.099661445234489463e+02,8.418733312812080385e+02,1.099661445234489463e+02,1.099661445234489463e+02
7.000000000000000000e+02,0.000000000000000000e+00,9.716725814131090146e+02,0.000000000000000000e+00,0.000000000000000000e+00,9.615307558939470027e+02,0.000000000000000000e+00,0.000000000000000000e+00,0.000000000000000000e+00,2.557308709367960091e+02,8.209355316731111429e+01,8.209355316731111429e+01,8.209355316731111429e+01,8.209355316731111429e+01,0.000000000000000000e+00,2.079171440098260746e+02,6.674460949372304697e+01,6.674460949372304697e+01,6.674460949372304697e+01,6.674460949372304697e+01,7.481878876880939515e+02,3.403755999881128673e+02,1.092658164894984623e+02,8.496444985278376407e+02,1.092658164894984623e+02,1.092658164894984623e+02
7.100000000000000000e+02,0.000000000000000000e+00,9.607841930027659600e+02,0.000000000000000000e+00,0.000000000000000000e+00,9.724107848414803357e+02,0.000000000000000000e+00,0.000000000000000000e+00,0.000000000000000000e+00,2.528651967328109151e+02,8.117362755659677021e+01,8.117362755659677021e+01,8.117362755659677021e+01,8.117362755659677021e+01,0.000000000000000000e+00,2.079171440098260746e+02,6.674460949372304697e+01,6.674460949372304697e+01,6.674460949372304697e+01,6.674460949372304697e+01,7.398038286121297915e+02,3.381690308510443401e+02,1.085574737692484177e+02,8.573137780971883330e+02,1.085574737692484177e+02,1.085574737692484177e+02
7.200000000000000000e+02,0.000000000000000000e+00,9.497739862742155310e+02,0.000000000000000000e+00,0.000000000000000000e+00,9.831675213292930948e+02,0.000000000000000000e+00,0.000000000000000000e+00,0.000000000000000000e+00,2.499674616214717275e+02,8.024340990021416076e+01,8.024340990021416076e+01,8.024340990021416076e+01,8.024340990021416076e+01,0.000000000000000000e+00,2.079171440098260746e+02,6.674460949372304697e+01,6.674460949372304697e+01,6.674460949372304697e+01,6.674460949372304697e+01,7.313259694311459498e+02,3.359377748153132188e+02,1.078412061738337968e+02,8.648801975973894969e+02,1.078412061738337968e+02,1.078412061738337968e+02
7.300000000000000000e+02,0.000000000000000000e+00,9.386433572171880542e+02,0.000000000000000000e+00,0.000000000000000000e+00,9.937996015052763141e+02,0.000000000000000000e+00,0.000000000000000000e+00,0.000000000000000000e+00,2.470380330080920714e+02,7.930301814093469659e+01,7.930301814093469659e+01,7.930301814093469659e+01,7.930301814093469659e+01,0.000000000000000000e+00,2.079171440098260746e+02,6.674460949372304697e+01,6.674460949372304697e+01,6.674460949372304697e+01,6.674460949372304697e+01,7.227553850572347756e+02,3.336821147830108885e+02,1.071171045191886151e+02,8.723427976782513724e+02,1.071171045191886151e+02,1.071171045191886151e+02
7.400000000000000000e+02,0.000000000000000000e+00,9.273937170898237810e+02,0.000000000000000000e+00,0.000000000000000000e+00,1.004305677322557017e+03,0.000000000000000000e+00,0.000000000000000000e+00,0.000000000000000000e+00,2.440772823164212753e+02,7.835257151150956645e+01,7.835257151150956645e+01,7.835257151150956645e+01,7.835257151150956645e+01,0.000000000000000000e+00,2.079171440098260746e+02,6.674460949372304697e+01,6.674460949372304697e+01,6.674460949372304697e+01,6.674460949372304697e+01,7.140931621591643079e+02,3.314023367504243538e+02,1.063852606145312620e+02,8.797006321529001980e+02,1.063852606145312620e+02,1.063852606145312620e+02
7.500000000000000000e+02,0.000000000000000000e+00,9.160264922397348073e+02,0.000000000000000000e+00,0.000000000000000000e+00,1.014684416710420919e+03,0.000000000000000000e+00,0.000000000000000000e+00,0.000000000000000000e+00,2.410855849415503371e+02,7.739219051955193152e+01,7.739219051955193152e+01,7.739219051955193152e+01,7.739219051955193152e+01,0.000000000000000000e+00,2.079171440098260746e+02,6.674460949372304697e+01,6.674460949372304697e+01,6.674460949372304697e+01,6.674460949372304697e+01,7.053403990245958539e+02,3.290987297717737192e+02,1.056457672507238783e+02,8.869527681177479508e+02,1.056457672507238783e+02,1.056457672507238783e+02
7.600000000000000000e+02,0.000000000000000000e+00,9.045431239231627387e+02,0.000000000000000000e+00,0.000000000000000000e+00,1.024934503743203095e+03,0.000000000000000000e+00,0.000000000000000000e+00,0.000000000000000000e+00,2.380633202023167030e+02,7.642199693225801127e+01,7.642199693225801127e+01,7.642199693225801127e+01,7.642199693225801127e+01,0.000000000000000000e+00,2.079171440098260746e+02,6.674460949372304697e+01,6.674460949372304697e+01,6.674460949372304697e+01,6.674460949372304697e+01,6.964982054208353475e+02,3.267715859225638724e+02,1.048987181885075586e+02,8.940982860707739519e+02,1.048987181885075586e+02,1.048987181885075586e+02
7.700000000000000000e+02,0.000000000000000000e+00,8.929450681222365347e+02,0.000000000000000000e+00,0.000000000000000000e+00,1.035054638807137735e+03,0.000000000000000000e+00,0.000000000000000000e+00,0.000000000000000000e+00,2.350108712932088793e+02,7.544211376096785671e+01,7.544211376096785671e+01,7.544211376096785671e+01,7.544211376096785671e+01,0.000000000000000000e+00,2.079171440098260746e+02,6.674460949372304697e+01,6.674460949372304697e+01,6.674460949372304697e+01,6.674460949372304697e+01,6.875677024541221272e+02,3.244212002625508262e+02,1.041442081466141474e+02,9.011362800281102636e+02,1.041442081466141474e+02,1.041442081466141474e+02
7.800000000000000000e+02,0.000000000000000000e+00,8.812337953603716869e+02,0.000000000000000000e+00,0.000000000000000000e+00,1.045043538765134144e+03,0.000000000000000000e+00,0.000000000000000000e+00,0.000000000000000000e+00,2.319286252357823059e+02,7.445266524556893728e+01,7.445266524556893728e+01,7.445266524556893728e+01,7.445266524556893728e+01,0.000000000000000000e+00,2.079171440098260746e+02,6.674460949372304697e+01,6.674460949372304697e+01,6.674460949372304697e+01,6.674460949372304697e+01,6.785500224274861694e+02,3.220478707983323829e+02,1.033823327897569868e+02,9.080658576389101881e+02,1.033823327897569868e+02,1.033823327897569868e+02
7.900000000000000000e+02,0.000000000000000000e+00,8.694107905158185758e+02,0.000000000000000000e+00,0.000000000000000000e+00,1.054899937119468859e+03,0.000000000000000000e+00,0.000000000000000000e+00,0.000000000000000000e+00,2.288169728295875700e+02,7.345377683874349373e+01,7.345377683874349373e+01,7.345377683874349373e+01,7.345377683874349373e+01,0.000000000000000000e+00,2.079171440098260746e+02,6.674460949372304697e+01,6.674460949372304697e+01,6.674460949372304697e+01,6.674460949372304697e+01,6.694463086971803705e+02,3.196518984455624377e+02,1.026131887165013836e+02,9.148861402984924780e+02,1.026131887165013836e+02,1.026131887165013836e+02
8.000000000000000000e+02,0.000000000000000000e+00,8.574775526333952484e+02,0.000000000000000000e+00,0.000000000000000000e+00,1.064622584172364213e+03,0.000000000000000000e+00,0.000000000000000000e+00,0.000000000000000000e+00,2.256763086026213614e+02,7.244557519006242785e+01,7.244557519006242785e+01,7.244557519006242785e+01,7.244557519006242785e+01,0.000000000000000000e+00,2.079171440098260746e+02,6.674460949372304697e+01,6.674460949372304697e+01,6.674460949372304697e+01,6.674460949372304697e+01,6.602577155277143675e+02,3.172335869907984147e+02,1.018368734470169699e+02,9.215962632597374977e+02,1.018368734470169699e+02,1.018368734470169699e+02
8.100000000000000000e+02,0.000000000000000000e+00,8.454355947344240576e+02,0.000000000000000000e+00,0.000000000000000000e+00,1.074210247184437776e+03,0.000000000000000000e+00,0.000000000000000000e+00,0.000000000000000000e+00,2.225070307613040654e+02,7.142818812992737776e+01,7.142818812992737776e+01,7.142818812992737776e+01,7.142818812992737776e+01,0.000000000000000000e+00,2.079171440098260746e+02,6.674460949372304697e+01,6.674460949372304697e+01,6.674460949372304697e+01,6.674460949372304697e+01,6.509854079455064948e+02,3.147932430529841099e+02,1.010534854107129803e+02,9.281953757427299934e+02,1.010534854107129803e+02,1.010534854107129803e+02
8.200000000000000000e+02,0.000000000000000000e+00,8.332864436248934226e+02,0.000000000000000000e+00,0.000000000000000000e+00,1.083661710531001972e+03,0.000000000000000000e+00,0.000000000000000000e+00,0.000000000000000000e+00,2.193095411399908699e+02,7.040174465336301068e+01,7.040174465336301068e+01,7.040174465336301068e+01,7.040174465336301068e+01,0.000000000000000000e+00,2.079171440098260746e+02,6.674460949372304697e+01,6.674460949372304697e+01,6.674460949372304697e+01,6.674460949372304697e+01,6.416305615911679752e+02,3.123311760445729419e+02,1.002631239337584077e+02,9.346826410426299390e+02,1.002631239337584077e+02,1.002631239337584077e+02
8.300000000000000000e+02,0.000000000000000000e+00,8.210316397018729049e+02,0.000000000000000000e+00,0.000000000000000000e+00,1.092975775856196151e+03,0.000000000000000000e+00,0.000000000000000000e+00,0.000000000000000000e+00,2.160842451500227241e+02,6.936637490366155134e+01,6.936637490366155134e+01,6.936637490366155134e+01,6.936637490366155134e+01,0.000000000000000000e+00,2.079171440098260746e+02,6.674460949372304697e+01,6.674460949372304697e+01,6.674460949372304697e+01,6.674460949372304697e+01,6.321943625704421947e+02,3.098476981322974666e+02,9.946588922648828657e+01,9.410572366357594092e+02,9.946588922648828657e+01,9.946588922648828657e+01
8.400000000000000000e+02,0.000000000000000000e+00,8.086727367582062698e+02,0.000000000000000000e+00,0.000000000000000000e+00,1.102151262224923812e+03,0.000000000000000000e+00,0.000000000000000000e+00,0.000000000000000000e+00,2.128315517283242571e+02,6.832221015588199009e+01,6.832221015588199009e+01,6.832221015588199009e+01,6.832221015588199009e+01,0.000000000000000000e+00,2.079171440098260746e+02,6.674460949372304697e+01,6.674460949372304697e+01,6.674460949372304697e+01,6.674460949372304697e+01,6.226780073038188448e+02,3.073431241975896455e+02,9.866188237069803790e+01,9.473183542838893345e+02,9.866188237069803790e+01,9.866188237069803790e+01
8.500000000000000000e+02,0.000000000000000000e+00,7.962113017855067483e+02,0.000000000000000000e+00,0.000000000000000000e+00,1.111187006272584540e+03,0.000000000000000000e+00,0.000000000000000000e+00,0.000000000000000000e+00,2.095518732855548194e+02,6.726938280020571881e+01,6.726938280020571881e+01,6.726938280020571881e+01,6.726938280020571881e+01,0.000000000000000000e+00,2.079171440098260746e+02,6.674460949372304697e+01,6.674460949372304697e+01,6.674460949372304697e+01,6.674460949372304697e+01,6.130827023748402098e+02,3.048177717966572118e+02,9.785120530682729623e+01,9.534652001367173852e+02,9.785120530682729623e+01,9.785120530682729623e+01
8.600000000000000000e+02,0.000000000000000000e+00,7.836489147754733722e+02,0.000000000000000000e+00,0.000000000000000000e+00,1.120081862352579492e+03,0.000000000000000000e+00,0.000000000000000000e+00,0.000000000000000000e+00,2.062456256538177399e+02,6.620802632515041353e+01,6.620802632515041353e+01,6.620802632515041353e+01,6.620802632515041353e+01,0.000000000000000000e+00,2.079171440098260746e+02,6.674460949372304697e+01,6.674460949372304697e+01,6.674460949372304697e+01,6.674460949372304697e+01,6.034096643771144954e+02,3.022719611202196575e+02,9.703396082103472509e+01,9.594969948325209543e+02,9.703396082103472509e+01,9.703396082103472509e+01
8.700000000000000000e+02,0.000000000000000000e+00,7.709871685195681721e+02,0.000000000000000000e+00,0.000000000000000000e+00,1.128834702681565659e+03,0.000000000000000000e+00,0.000000000000000000e+00,0.000000000000000000e+00,2.029132280339381111e+02,6.513827530064534699e+01,6.513827530064534699e+01,6.513827530064534699e+01,6.513827530064534699e+01,0.000000000000000000e+00,2.079171440098260746e+02,6.674460949372304697e+01,6.674460949372304697e+01,6.674460949372304697e+01,6.674460949372304697e+01,5.936601197600674595e+02,2.997060149529123123e+02,9.621025253216581063e+01,9.654129735969713693e+02,9.621025253216581063e+01,9.621025253216581063e+01
8.800000000000000000e+02,0.000000000000000000e+00,7.582276684070601505e+02,0.000000000000000000e+00,0.000000000000000000e+00,1.137444417482451399e+03,0.000000000000000000e+00,0.000000000000000000e+00,0.000000000000000000e+00,1.995551029423106115e+02,6.406026536096881330e+01,6.406026536096881330e+01,6.406026536096881330e+01,6.406026536096881330e+01,0.000000000000000000e+00,2.079171440098260746e+02,6.674460949372304697e+01,6.674460949372304697e+01,6.674460949372304697e+01,6.674460949372304697e+01,5.838353046734363261e+02,2.971202586323591390e+02,9.538018487861488381e+01,9.712123863401023982e+02,9.538018487861488381e+01,9.538018487861488381e+01
8.900000000000000000e+02,0.000000000000000000e+00,7.453720322214821863e+02,0.000000000000000000e+00,0.000000000000000000e+00,1.145909915125101634e+03,0.000000000000000000e+00,0.000000000000000000e+00,0.000000000000000000e+00,1.961716761573299266e+02,6.297413318755137368e+01,6.297413318755137368e+01,6.297413318755137368e+01,6.297413318755137368e+01,0.000000000000000000e+00,2.079171440098260746e+02,6.674460949372304697e+01,6.674460949372304697e+01,6.674460949372304697e+01,6.674460949372304697e+01,5.739364648105413380e+02,2.945150200079240221e+02,9.454386310508346014e+01,9.768944977514116772e+02,9.454386310508346014e+01,9.454386310508346014e+01
9.000000000000000000e+02,0.000000000000000000e+00,7.324218899355071244e+02,0.000000000000000000e+00,0.000000000000000000e+00,1.154230122264750207e+03,0.000000000000000000e+00,0.000000000000000000e+00,0.000000000000000000e+00,1.927633766654048486e+02,6.188001649164560547e+01,6.188001649164560547e+01,6.188001649164560547e+01,6.188001649164560547e+01,0.000000000000000000e+00,2.079171440098260746e+02,6.674460949372304697e+01,6.674460949372304697e+01,6.674460949372304697e+01,6.674460949372304697e+01,5.639648552503405199e+02,2.918906293991417442e+02,9.370139324923601976e+01,9.824585873930936941e+02,9.370139324923601976e+01,9.370139324923601976e+01
9.100000000000000000e+02,0.000000000000000000e+00,7.193788835042843175e+02,0.000000000000000000e+00,0.000000000000000000e+00,1.162403983978087354e+03,0.000000000000000000e+00,0.000000000000000000e+00,0.000000000000000000e+00,1.893306366065673103e+02,6.077805399686575072e+01,6.077805399686575072e+01,6.077805399686575072e+01,6.077805399686575072e+01,0.000000000000000000e+00,2.079171440098260746e+02,6.674460949372304697e+01,6.674460949372304697e+01,6.674460949372304697e+01,6.674460949372304697e+01,5.539217402982989142e+02,2.892474195538368349e+02,9.285288212825551568e+01,9.879039497913828427e+02,9.285288212825551568e+01,9.285288212825551568e+01
9.200000000000000000e+02,0.000000000000000000e+00,7.062446666572569711e+02,0.000000000000000000e+00,0.000000000000000000e+00,1.170430463897014306e+03,0.000000000000000000e+00,0.000000000000000000e+00,0.000000000000000000e+00,1.858738912196816386e+02,5.966838542159901237e+01,5.966838542159901237e+01,5.966838542159901237e+01,5.966838542159901237e+01,0.000000000000000000e+00,2.079171440098260746e+02,6.674460949372304697e+01,6.674460949372304697e+01,6.674460949372304697e+01,6.674460949372304697e+01,5.438083933260878666e+02,2.865857256059348401e+02,9.199843732530013085e+01,9.932298945260010896e+02,9.199843732530013085e+01,9.199843732530013085e+01
9.300000000000000000e+02,0.000000000000000000e+00,6.930209046884830286e+02,0.000000000000000000e+00,0.000000000000000000e+00,1.178308544340045273e+03,0.000000000000000000e+00,0.000000000000000000e+00,0.000000000000000000e+00,1.823935787872598553e+02,5.855115146129045200e+01,5.855115146129045200e+01,5.855115146129045200e+01,5.855115146129045200e+01,0.000000000000000000e+00,2.079171440098260746e+02,6.674460949372304697e+01,6.674460949372304697e+01,6.674460949372304697e+01,6.674460949372304697e+01,5.336260966101319809e+02,2.839058850329701045e+02,9.113816717586254867e+01,9.984357463176972942e+02,9.113816717586254867e+01,9.113816717586254867e+01
9.400000000000000000e+02,0.000000000000000000e+00,6.797092742454914287e+02,0.000000000000000000e+00,0.000000000000000000e+00,1.186037226441340408e+03,0.000000000000000000e+00,0.000000000000000000e+00,0.000000000000000000e+00,1.788901405798914084e+02,5.742649377060408966e+01,5.742649377060408966e+01,5.742649377060408966e+01,5.742649377060408966e+01,0.000000000000000000e+00,2.079171440098260746e+02,6.674460949372304697e+01,6.674460949372304697e+01,6.674460949372304697e+01,6.674460949372304697e+01,5.233761411690284149e+02,2.812082376132963191e+02,9.027218075403405351e+01,1.003520845113866130e+03,9.027218075403405351e+01,9.027218075403405351e+01
9.500000000000000000e+02,0.000000000000000000e+00,6.663114631166996560e+02,0.000000000000000000e+00,0.000000000000000000e+00,1.193615530277351354e+03,0.000000000000000000e+00,0.000000000000000000e+00,0.000000000000000000e+00,1.753640208002946395e+02,5.629455494546248673e+01,5.629455494546248673e+01,5.629455494546248673e+01,5.629455494546248673e+01,0.000000000000000000e+00,2.079171440098260746e+02,6.674460949372304697e+01,6.674460949372304697e+01,6.674460949372304697e+01,6.674460949372304697e+01,5.130598265998587522e+02,2.784931253830068272e+02,8.940058785867501001e+01,1.008484546172235582e+03,8.940058785867501001e+01,8.940058785867501001e+01
9.600000000000000000e+02,0.000000000000000000e+00,6.528291700174198695e+02,0.000000000000000000e+00,0.000000000000000000e+00,1.201042494991066860e+03,0.000000000000000000e+00,0.000000000000000000e+00,0.000000000000000000e+00,1.718156665269963526e+02,5.515547850496711391e+01,5.515547850496711391e+01,5.515547850496711391e+01,5.515547850496711391e+01,0.000000000000000000e+00,2.079171440098260746e+02,6.674460949372304697e+01,6.674460949372304697e+01,6.674460949372304697e+01,6.674460949372304697e+01,5.026784609134132893e+02,2.757608925925671883e+02,8.852349899949356882e+01,1.013326220142615057e+03,8.852349899949356882e+01,8.852349899949356882e+01
9.700000000000000000e+02,0.000000000000000000e+00,6.392641043744748686e+02,0.000000000000000000e+00,0.000000000000000000e+00,1.208317178913839825e+03,0.000000000000000000e+00,0.000000000000000000e+00,0.000000000000000000e+00,1.682455276576458232e+02,5.400940887320118833e+01,5.400940887320118833e+01,5.400940887320118833e+01,5.400940887320118833e+01,0.000000000000000000e+00,2.079171440098260746e+02,6.674460949372304697e+01,6.674460949372304697e+01,6.674460949372304697e+01,6.674460949372304697e+01,4.922333603683456431e+02,2.730118856631672770e+02,8.764102538303382062e+01,1.018045253146690470e+03,8.764102538303382062e+01,8.764102538303382062e+01
9.800000000000000000e+02,0.000000000000000000e+00,6.256179861094606167e+02,0.000000000000000000e+00,0.000000000000000000e+00,1.215438659684783488e+03,0.000000000000000000e+00,0.000000000000000000e+00,0.000000000000000000e+00,1.646540568519722854e+02,5.285649136091822697e+01,5.285649136091822697e+01,5.285649136091822697e+01,5.285649136091822697e+01,0.000000000000000000e+00,2.079171440098260746e+02,6.674460949372304697e+01,6.674460949372304697e+01,6.674460949372304697e+01,6.674460949372304697e+01,4.817258493042846794e+02,2.702464531427986003e+02,8.675327889857592822e+01,1.022641046855859145e+03,8.675327889857592822e+01,8.675327889857592822e+01
9.900000000000000000e+02,0.000000000000000000e+00,6.118925454206770382e+02,0.000000000000000000e+00,0.000000000000000000e+00,1.222406034367715620e+03,0.000000000000000000e+00,0.000000000000000000e+00,0.000000000000000000e+00,1.610417094743923485e+02,5.169687214711807854e+01,5.169687214711807854e+01,5.169687214711807854e+01,5.169687214711807854e+01,0.000000000000000000e+00,2.079171440098260746e+02,6.674460949372304697e+01,6.674460949372304697e+01,6.674460949372304697e+01,6.674460949372304697e+01,4.711572599739213274e+02,2.674649456620620640e+02,8.586037210394982822e+01,1.027113018567090876e+03,8.586037210394982822e+01,8.586037210394982822e+01
1.000000000000000000e+03,0.000000000000000000e+00,5.980895225637551675e+02,0.000000000000000000e+00,0.000000000000000000e+00,1.229218419565643899e+03,0.000000000000000000e+00,0.000000000000000000e+00,0.000000000000000000e+00,1.574089435362739380e+02,5.053069826051278568e+01,5.053069826051278568e+01,5.053069826051278568e+01,5.053069826051278568e+01,0.000000000000000000e+00,2.079171440098260746e+02,6.674460949372304697e+01,6.674460949372304697e+01,6.674460949372304697e+01,6.674460949372304697e+01,4.605289323740914824e+02,2.646677158897109052e+02,8.496241821126375271e+01,1.031460601276809484e+03,8.496241821126375271e+01,8.496241821126375271e+01
1.010000000000000000e+03,0.000000000000000000e+00,5.842106676310075954e+02,0.000000000000000000e+00,0.000000000000000000e+00,1.235874951532772229e+03,0.000000000000000000e+00,0.000000000000000000e+00,0.000000000000000000e+00,1.537562196378643478e+02,4.935811756088459390e+01,4.935811756088459390e+01,4.935811756088459390e+01,4.935811756088459390e+01,0.000000000000000000e+00,2.079171440098260746e+02,6.674460949372304697e+01,6.674460949372304697e+01,6.674460949372304697e+01,6.674460949372304697e+01,4.498422140758758587e+02,2.618551184879355560e+02,8.405953107255004397e+01,1.035683243752784847e+03,8.405953107255004397e+01,8.405953107255004397e+01
1.020000000000000000e+03,0.000000000000000000e+00,5.702577403295339309e+02,0.000000000000000000e+00,0.000000000000000000e+00,1.242374786284015727e+03,0.000000000000000000e+00,0.000000000000000000e+00,0.000000000000000000e+00,1.500840009098907899e+02,4.817927872033881442e+01,4.817927872033881442e+01,4.817927872033881442e+01,4.817927872033881442e+01,0.000000000000000000e+00,2.079171440098260746e+02,6.674460949372304697e+01,6.674460949372304697e+01,6.674460949372304697e+01,6.674460949372304697e+01,4.390984600537411211e+02,2.590275100673958946e+02,8.315182516532978241e+01,1.039780410604021881e+03,8.315182516532978241e+01,8.315182516532978241e+01
1.030000000000000000e+03,0.000000000000000000e+00,5.562325097581093587e+02,0.000000000000000000e+00,0.000000000000000000e+00,1.248717099702007999e+03,0.000000000000000000e+00,0.000000000000000000e+00,0.000000000000000000e+00,1.463927529548402902e+02,4.699433120445380752e+01,4.699433120445380752e+01,4.699433120445380752e+01,4.699433120445380752e+01,0.000000000000000000e+00,2.079171440098260746e+02,6.674460949372304697e+01,6.674460949372304697e+01,6.674460949372304697e+01,6.674460949372304697e+01,4.282990325137442369e+02,2.561852491420070237e+02,8.223941557809833114e+01,1.043751582348644661e+03,8.223941557809833114e+01,8.223941557809833114e+01
1.040000000000000000e+03,0.000000000000000000e+00,5.421367541828763024e+02,0.000000000000000000e+00,0.000000000000000000e+00,1.254901087641593904e+03,0.000000000000000000e+00,0.000000000000000000e+00,0.000000000000000000e+00,1.426829437879250122e+02,4.580342525332987691e+01,4.580342525332987691e+01,4.580342525332987691e+01,4.580342525332987691e+01,0.000000000000000000e+00,2.079171440098260746e+02,6.674460949372304697e+01,6.674460949372304697e+01,6.674460949372304697e+01,6.674460949372304697e+01,4.174453007208147710e+02,2.533286960834822139e+02,8.132241799573290564e+01,1.047596255479760202e+03,8.132241799573290564e+01,8.132241799573290564e+01
1.050000000000000000e+03,0.000000000000000000e+00,5.279722608118778453e+02,0.000000000000000000e+00,0.000000000000000000e+00,1.260925966031786629e+03,0.000000000000000000e+00,0.000000000000000000e+00,0.000000000000000000e+00,1.389550437777426168e+02,4.460671186254036513e+01,4.460671186254036513e+01,4.460671186254036513e+01,4.460671186254036513e+01,0.000000000000000000e+00,2.079171440098260746e+02,6.674460949372304697e+01,6.674460949372304697e+01,6.674460949372304697e+01,6.674460949372304697e+01,4.065386408251459329e+02,2.504582130756417939e+02,8.040094868482498214e+01,1.051313942529300675e+03,8.040094868482498214e+01,8.040094868482498214e+01
1.060000000000000000e+03,0.000000000000000000e+00,5.137408255684583764e+02,0.000000000000000000e+00,0.000000000000000000e+00,1.266790970975179789e+03,0.000000000000000000e+00,0.000000000000000000e+00,0.000000000000000000e+00,1.352095255866381081e+02,4.340434276398688951e+01,4.340434276398688951e+01,4.340434276398688951e+01,4.340434276398688951e+01,0.000000000000000000e+00,2.079171440098260746e+02,6.674460949372304697e+01,6.674460949372304697e+01,6.674460949372304697e+01,6.674460949372304697e+01,3.955804356877129635e+02,2.475741640684913136e+02,7.947512447893879539e+01,1.054904172129827430e+03,7.947512447893879539e+01,7.947512447893879539e+01
1.070000000000000000e+03,0.000000000000000000e+00,4.994442528635559597e+02,0.000000000000000000e+00,0.000000000000000000e+00,1.272495358844803150e+03,0.000000000000000000e+00,0.000000000000000000e+00,0.000000000000000000e+00,1.314468641107746407e+02,4.219647040666115601e+01,4.219647040666115601e+01,4.219647040666115601e+01,4.219647040666115601e+01,0.000000000000000000e+00,2.079171440098260746e+02,6.674460949372304697e+01,6.674460949372304697e+01,6.674460949372304697e+01,6.674460949372304697e+01,3.845720747049380748e+02,2.446769147320764546e+02,7.854506276379798635e+01,1.058366489074296396e+03,7.854506276379798635e+01,7.854506276379798635e+01
1.080000000000000000e+03,0.000000000000000000e+00,4.850843553669206472e+02,0.000000000000000000e+00,0.000000000000000000e+00,1.278038406378407217e+03,0.000000000000000000e+00,0.000000000000000000e+00,0.000000000000000000e+00,1.276675364199211202e+02,4.098324793731581650e+01,4.098324793731581650e+01,4.098324793731581650e+01,4.098324793731581650e+01,0.000000000000000000e+00,2.079171440098260746e+02,6.674460949372304697e+01,6.674460949372304697e+01,6.674460949372304697e+01,6.674460949372304697e+01,3.735149536325288864e+02,2.417668324101192354e+02,7.761088146240207664e+01,1.061700454373775756e+03,7.761088146240207664e+01,7.761088146240207664e+01
1.090000000000000000e+03,0.000000000000000000e+00,4.706629537772852245e+02,0.000000000000000000e+00,0.000000000000000000e+00,1.283419410770166451e+03,0.000000000000000000e+00,0.000000000000000000e+00,0.000000000000000000e+00,1.238720216969644810e+02,3.976482918104699138e+01,3.976482918104699138e+01,3.976482918104699138e+01,3.976482918104699138e+01,0.000000000000000000e+00,2.079171440098260746e+02,6.674460949372304697e+01,6.674460949372304697e+01,6.674460949372304697e+01,6.674460949372304697e+01,3.624104744085096286e+02,2.388442860734426176e+02,7.667269902007508620e+01,1.064905645313103150e+03,7.667269902007508620e+01,7.667269902007508620e+01
1.100000000000000000e+03,0.000000000000000000e+00,4.561818765915178915e+02,0.000000000000000000e+00,0.000000000000000000e+00,1.288637689759787008e+03,0.000000000000000000e+00,0.000000000000000000e+00,0.000000000000000000e+00,1.200608011771535928e+02,3.854136862179066014e+01,3.854136862179066014e+01,3.854136862179066014e+01,3.854136862179066014e+01,0.000000000000000000e+00,2.079171440098260746e+02,6.674460949372304697e+01,6.674460949372304697e+01,6.674460949372304697e+01,6.674460949372304697e+01,3.512600449754687588e+02,2.359096462731882298e+02,7.573063438944770098e+01,1.067981655504483797e+03,7.573063438944770098e+01,7.573063438944770098e+01
1.110000000000000000e+03,0.000000000000000000e+00,4.416429598727859798e+02,0.000000000000000000e+00,0.000000000000000000e+00,1.293692581719012878e+03,0.000000000000000000e+00,0.000000000000000000e+00,0.000000000000000000e+00,1.162343580870834074e+02,3.731302138273557034e+01,3.731302138273557034e+01,3.731302138273557034e+01,3.731302138273557034e+01,0.000000000000000000e+00,2.079171440098260746e+02,6.674460949372304697e+01,6.674460949372304697e+01,6.674460949372304697e+01,6.674460949372304697e+01,3.400650791020452175e+02,2.329632850938342017e+02,7.478480701537529285e+01,1.070928094939015409e+03,7.478480701537529285e+01,7.478480701537529285e+01
1.120000000000000000e+03,0.000000000000000000e+00,4.270480470177608368e+02,0.000000000000000000e+00,0.000000000000000000e+00,1.298583445735512441e+03,0.000000000000000000e+00,0.000000000000000000e+00,0.000000000000000000e+00,1.123931775834262794e+02,3.607994320665509491e+01,3.607994320665509491e+01,3.607994320665509491e+01,3.607994320665509491e+01,0.000000000000000000e+00,2.079171440098260746e+02,6.674460949372304697e+01,6.674460949372304697e+01,6.674460949372304697e+01,6.674460949372304697e+01,3.288269962036758329e+02,2.300055761060182249e+02,7.383533681979332641e+01,1.073744590036138106e+03,7.383533681979332641e+01,7.383533681979332641e+01
1.130000000000000000e+03,0.000000000000000000e+00,4.123989885228924095e+02,0.000000000000000000e+00,0.000000000000000000e+00,1.303309661694140686e+03,0.000000000000000000e+00,0.000000000000000000e+00,0.000000000000000000e+00,1.085377466914187892e+02,3.484229043616054611e+01,3.484229043616054611e+01,3.484229043616054611e+01,3.484229043616054611e+01,0.000000000000000000e+00,2.079171440098260746e+02,6.674460949372304697e+01,6.674460949372304697e+01,6.674460949372304697e+01,6.674460949372304697e+01,3.175472211626271815e+02,2.270368943191724611e+02,7.288234418651251190e+01,1.076430783691000897e+03,7.288234418651251190e+01,7.288234418651251190e+01
1.140000000000000000e+03,0.000000000000000000e+00,3.976976417497843954e+02,0.000000000000000000e+00,0.000000000000000000e+00,1.307870630355563890e+03,0.000000000000000000e+00,0.000000000000000000e+00,0.000000000000000000e+00,1.046685542431115721e+02,3.360021999387839031e+01,3.360021999387839031e+01,3.360021999387839031e+01,3.360021999387839031e+01,0.000000000000000000e+00,2.079171440098260746e+02,6.674460949372304697e+01,6.674460949372304697e+01,6.674460949372304697e+01,6.674460949372304697e+01,3.062271841473340146e+02,2.240576161339758983e+02,7.192594994595525293e+01,1.078986335319739510e+03,7.192594994595525293e+01,7.192594994595525293e+01
1.150000000000000000e+03,0.000000000000000000e+00,3.829458706896970170e+02,0.000000000000000000e+00,0.000000000000000000e+00,1.312265773432238120e+03,0.000000000000000000e+00,0.000000000000000000e+00,0.000000000000000000e+00,1.007860908153898407e+02,3.235388936255391457e+01,3.235388936255391457e+01,3.235388936255391457e+01,3.235388936255391457e+01,0.000000000000000000e+00,2.079171440098260746e+02,6.674460949372304697e+01,6.674460949372304697e+01,6.674460949372304697e+01,6.674460949372304697e+01,2.948683204310667065e+02,2.210681192946301508e+02,7.096627535983540724e+01,1.081410920902658972e+03,7.096627535983540724e+01,7.096627535983540724e+01
1.160000000000000000e+03,0.000000000000000000e+00,3.681455457272123795e+02,0.000000000000000000e+00,0.000000000000000000e+00,1.316494533661728838e+03,0.000000000000000000e+00,0.000000000000000000e+00,0.000000000000000000e+00,9.689084866777319860e+01,3.110345656508399159e+01,3.110345656508399159e+01,3.110345656508399159e+01,3.110345656508399159e+01,0.000000000000000000e+00,2.079171440098260746e+02,6.674460949372304697e+01,6.674460949372304697e+01,6.674460949372304697e+01,6.674460949372304697e+01,2.834720702099535288e+02,2.180687828409653548e+02,7.000344210578356297e+01,1.083704233025314807e+03,7.000344210578356297e+01,7.000344210578356297e+01
1.170000000000000000e+03,0.000000000000000000e+00,3.532985434030865122e+02,0.000000000000000000e+00,0.000000000000000000e+00,1.320556374877368626e+03,0.000000000000000000e+00,0.000000000000000000e+00,0.000000000000000000e+00,9.298332168000169418e+01,2.984908014448123481e+01,2.984908014448123481e+01,2.984908014448123481e+01,2.984908014448123481e+01,0.000000000000000000e+00,2.079171440098260746e+02,6.674460949372304697e+01,6.674460949372304697e+01,6.674460949372304697e+01,6.674460949372304697e+01,2.720398784203766240e+02,2.150599870603812747e+02,6.903757226191945051e+01,1.085865980917493289e+03,6.903757226191945051e+01,6.903757226191945051e+01
1.180000000000000000e+03,0.000000000000000000e+00,3.384067461763219171e+02,0.000000000000000000e+00,0.000000000000000000e+00,1.324450782076236464e+03,0.000000000000000000e+00,0.000000000000000000e+00,0.000000000000000000e+00,8.906400528941644268e+01,2.859091914377222921e+01,2.859091914377222921e+01,2.859091914377222921e+01,2.859091914377222921e+01,0.000000000000000000e+00,2.079171440098260746e+02,6.674460949372304697e+01,6.674460949372304697e+01,6.674460949372304697e+01,6.674460949372304697e+01,2.605731945557678841e+02,2.120421134396306400e+02,6.806878829137352227e+01,1.087895890490075772e+03,6.806878829137352227e+01,6.806878829137352227e+01
1.190000000000000000e+03,0.000000000000000000e+00,3.234720421854895562e+02,0.000000000000000000e+00,0.000000000000000000e+00,1.328177261484456039e+03,0.000000000000000000e+00,0.000000000000000000e+00,0.000000000000000000e+00,8.513339642814300134e+01,2.732913308583241374e+01,2.732913308583241374e+01,2.732913308583241374e+01,2.732913308583241374e+01,0.000000000000000000e+00,2.079171440098260746e+02,6.674460949372304697e+01,6.674460949372304697e+01,6.674460949372304697e+01,6.674460949372304697e+01,2.490734724828269577e+02,2.090155446164500859e+02,6.709721302675986010e+01,1.089793704369791158e+03,6.709721302675986010e+01,6.709721302675986010e+01
1.200000000000000000e+03,0.000000000000000000e+00,3.084963250093309739e+02,0.000000000000000000e+00,0.000000000000000000e+00,1.331735340619801036e+03,0.000000000000000000e+00,0.000000000000000000e+00,0.000000000000000000e+00,8.119199346008504392e+01,2.606388195316008094e+01,2.606388195316008094e+01,2.606388195316008094e+01,2.606388195316008094e+01,0.000000000000000000e+00,2.079171440098260746e+02,6.674460949372304697e+01,6.674460949372304697e+01,6.674460949372304697e+01,6.674460949372304697e+01,2.375421702571848641e+02,2.059806643310454604e+02,6.612296965460215858e+01,1.091559181931849025e+03,6.612296965460215858e+01,6.612296965460215858e+01
1.210000000000000000e+03,0.000000000000000000e+00,2.934814934266704540e+02,0.000000000000000000e+00,0.000000000000000000e+00,1.335124568351601738e+03,0.000000000000000000e+00,0.000000000000000000e+00,0.000000000000000000e+00,7.724029611773654835e+01,2.479532616759211194e+01,2.479532616759211194e+01,2.479532616759211194e+01,2.479532616759211194e+01,0.000000000000000000e+00,2.079171440098260746e+02,6.674460949372304697e+01,6.674460949372304697e+01,6.674460949372304697e+01,6.674460949372304697e+01,2.259807499385362632e+02,2.029378573774371262e+02,6.514618169971481620e+01,1.093192099330448173e+03,6.514618169971481620e+01,6.514618169971481620e+01
1.220000000000000000e+03,0.000000000000000000e+00,2.784294511756678503e+02,0.000000000000000000e+00,0.000000000000000000e+00,1.338344514957944739e+03,0.000000000000000000e+00,0.000000000000000000e+00,0.000000000000000000e+00,7.327880543882046993e+01,2.352362656996402279e+01,2.352362656996402279e+01,2.352362656996402279e+01,2.352362656996402279e+01,0.000000000000000000e+00,2.079171440098260746e+02,6.674460949372304697e+01,6.674460949372304697e+01,6.674460949372304697e+01,6.674460949372304697e+01,2.143906774052642561e+02,1.998875095546717375e+02,6.416697300954119498e+01,1.094692249527158765e+03,6.416697300954119498e+01,6.416697300954119498e+01
1.230000000000000000e+03,0.000000000000000000e+00,2.633421067124424439e+02,0.000000000000000000e+00,0.000000000000000000e+00,1.341394772180155996e+03,0.000000000000000000e+00,0.000000000000000000e+00,0.000000000000000000e+00,6.930802370276188640e+01,2.224894439971685500e+01,2.224894439971685500e+01,2.224894439971685500e+01,2.224894439971685500e+01,0.000000000000000000e+00,2.079171440098260746e+02,6.674460949372304697e+01,6.674460949372304697e+01,6.674460949372304697e+01,6.674460949372304697e+01,2.027734221685806801e+02,1.968300076179066309e+02,6.318546773845087472e+01,1.096059442317171261e+03,6.318546773845087472e+01,6.318546773845087472e+01
1.240000000000000000e+03,0.000000000000000000e+00,2.482213729690996900e+02,0.000000000000000000e+00,0.000000000000000000e+00,1.344274953274565405e+03,0.000000000000000000e+00,0.000000000000000000e+00,0.000000000000000000e+00,6.532845436700385733e+01,2.097144127445359629e+01,2.097144127445359629e+01,2.097144127445359629e+01,2.097144127445359629e+01,0.000000000000000000e+00,2.079171440098260746e+02,6.674460949372304697e+01,6.674460949372304697e+01,6.674460949372304697e+01,6.674460949372304697e+01,1.911304571862067689e+02,1.937657392293729401e+02,6.220179033199816843e+01,1.097293504353413709e+03,6.220179033199816843e+01,6.220179033199816843e+01
1.250000000000000000e+03,0.000000000000000000e+00,2.330691671111876815e+02,0.000000000000000000e+00,0.000000000000000000e+00,1.346984693061542202e+03,0.000000000000000000e+00,0.000000000000000000e+00,0.000000000000000000e+00,6.134060200317345846e+01,1.969127916944746914e+01,1.969127916944746914e+01,1.969127916944746914e+01,1.969127916944746914e+01,0.000000000000000000e+00,2.079171440098260746e+02,6.674460949372304697e+01,6.674460949372304697e+01,6.674460949372304697e+01,6.674460949372304697e+01,1.794632586756145258e+02,1.906950929092235469e+02,6.121606551114344796e+01,1.098394279168531057e+03,6.121606551114344796e+01,6.121606551114344796e+01
1.260000000000000000e+03,0.000000000000000000e+00,2.178874102946210485e+02,0.000000000000000000e+00,0.000000000000000000e+00,1.349523647971795754e+03,0.000000000000000000e+00,0.000000000000000000e+00,0.000000000000000000e+00,5.734497223310732750e+01,1.840862039710518161e+01,1.840862039710518161e+01,1.840862039710518161e+01,1.840862039710518161e+01,0.000000000000000000e+00,2.079171440098260746e+02,6.674460949372304697e+01,6.674460949372304697e+01,6.674460949372304697e+01,6.674460949372304697e+01,1.677733059268581997e+02,1.876184579862726309e+02,6.022841825643988756e+01,1.099361627194722587e+03,6.022841825643988756e+01,6.022841825643988756e+01
1.270000000000000000e+03,0.000000000000000000e+00,2.026780274220951696e+02,0.000000000000000000e+00,0.000000000000000000e+00,1.351891496089937164e+03,0.000000000000000000e+00,0.000000000000000000e+00,0.000000000000000000e+00,5.334207166474334372e+01,1.712362758638712990e+01,1.712362758638712990e+01,1.712362758638712990e+01,1.712362758638712990e+01,0.000000000000000000e+00,2.079171440098260746e+02,6.674460949372304697e+01,6.674460949372304697e+01,6.674460949372304697e+01,6.674460949372304697e+01,1.560620811150132852e+02,1.845362245486323332e+02,5.923897379218698944e+01,1.100195425781438644e+03,5.923897379218698944e+01,5.923897379218698944e+01
1.280000000000000000e+03,0.000000000000000000e+00,1.874429468990272483e+02,0.000000000000000000e+00,0.000000000000000000e+00,1.354087937195294671e+03,0.000000000000000000e+00,0.000000000000000000e+00,0.000000000000000000e+00,4.933240782788763568e+01,1.583646366218764534e+01,1.583646366218764534e+01,1.583646366218764534e+01,1.583646366218764534e+01,0.000000000000000000e+00,2.079171440098260746e+02,6.674460949372304697e+01,6.674460949372304697e+01,6.674460949372304697e+01,6.674460949372304697e+01,1.443310691122509866e+02,1.814487833942534394e+02,5.824785757055338564e+01,1.100895569210930489e+03,5.824785757055338564e+01,5.824785757055338564e+01
1.290000000000000000e+03,0.000000000000000000e+00,1.721841003890526451e+02,0.000000000000000000e+00,0.000000000000000000e+00,1.356112692799979868e+03,0.000000000000000000e+00,0.000000000000000000e+00,0.000000000000000000e+00,4.531648910986457679e+01,1.454729182467762882e+01,1.454729182467762882e+01,1.454729182467762882e+01,1.454729182467762882e+01,0.000000000000000000e+00,2.079171440098260746e+02,6.674460949372304697e+01,6.674460949372304697e+01,6.674460949372304697e+01,6.674460949372304697e+01,1.325817572995705405e+02,1.783565259813756825e+02,5.725519525567067092e+01,1.101461968711655345e+03,5.725519525567067092e+01,5.725519525567067092e+01
1.300000000000000000e+03,0.000000000000000000e+00,1.569034225691083577e+02,0.000000000000000000e+00,0.000000000000000000e+00,1.357965506184196101e+03,0.000000000000000000e+00,0.000000000000000000e+00,0.000000000000000000e+00,4.129482469105809628e+01,1.325627552861234015e+01,1.325627552861234015e+01,1.325627552861234015e+01,1.325627552861234015e+01,0.000000000000000000e+00,2.079171440098260746e+02,6.674460949372304697e+01,6.674460949372304697e+01,6.674460949372304697e+01,6.674460949372304697e+01,1.208156353782134431e+02,1.752598443788947122e+02,5.626111270770039852e+01,1.101894552469531618e+03,5.626111270770039852e+01,5.626111270770039852e+01
1.310000000000000000e+03,0.000000000000000000e+00,1.416028508841342557e+02,0.000000000000000000e+00,0.000000000000000000e+00,1.359646142428788608e+03,0.000000000000000000e+00,0.000000000000000000e+00,0.000000000000000000e+00,3.726792448035249805e+01,1.196357846260688262e+01,1.196357846260688262e+01,1.196357846260688262e+01,1.196357846260688262e+01,0.000000000000000000e+00,2.079171440098260746e+02,6.674460949372304697e+01,6.674460949372304697e+01,6.674460949372304697e+01,6.674460949372304697e+01,1.090341951807833851e+02,1.721591312166513887e+02,5.526573596687619272e+01,1.102193265637043623e+03,5.526573596687619272e+01,5.526573596687619272e+01
1.320000000000000000e+03,0.000000000000000000e+00,1.262843253014236637e+02,0.000000000000000000e+00,0.000000000000000000e+00,1.361154388445030236e+03,0.000000000000000000e+00,0.000000000000000000e+00,0.000000000000000000e+00,3.323629905048079536e+01,1.066936452838204019e+01,1.066936452838204019e+01,1.066936452838204019e+01,1.066936452838204019e+01,0.000000000000000000e+00,2.079171440098260746e+02,6.674460949372304697e+01,6.674460949372304697e+01,6.674460949372304697e+01,6.674460949372304697e+01,9.723893048209622236e+01,1.690547796356501919e+02,5.426919123752306717e+01,1.102358070340196491e+03,5.426919123752306717e+01,5.426919123752306717e+01
1.330000000000000000e+03,0.000000000000000000e+00,1.109497880646538874e+02,0.000000000000000000e+00,0.000000000000000000e+00,1.362490053001638898e+03,0.000000000000000000e+00,0.000000000000000000e+00,0.000000000000000000e+00,2.920045957328902020e+01,9.373797819983112234e+00,9.373797819983112234e+00,9.373797819983112234e+00,9.373797819983112234e+00,0.000000000000000000e+00,2.079171440098260746e+02,6.674460949372304697e+01,6.674460949372304697e+01,6.674460949372304697e+01,6.674460949372304697e+01,8.543133680978348821e+01,1.659471832382125172e+02,5.327160487205589590e+01,1.102388945683318070e+03,5.327160487205589590e+01,5.327160487205589590e+01
1.340000000000000000e+03,0.000000000000000000e+00,9.560118344762722131e+01,0.000000000000000000e+00,0.000000000000000000e+00,1.363652966749023335e+03,0.000000000000000000e+00,0.000000000000000000e+00,0.000000000000000000e+00,2.516091775492419202e+01,8.077042602974252361e+00,8.077042602974252361e+00,8.077042602974252361e+00,8.077042602974252361e+00,0.000000000000000000e+00,2.079171440098260746e+02,6.674460949372304697e+01,6.674460949372304697e+01,6.674460949372304697e+01,6.674460949372304697e+01,7.361291125467296581e+01,1.628367360380715922e+02,5.227310335495906912e+01,1.102285887751707151e+03,5.227310335495906912e+01,5.227310335495906912e+01
1.350000000000000000e+03,0.000000000000000000e+00,8.024045750775718489e+01,0.000000000000000000e+00,0.000000000000000000e+00,1.364642982240756510e+03,0.000000000000000000e+00,0.000000000000000000e+00,0.000000000000000000e+00,2.111818577095529292e+01,6.779263293611305308e+00,6.779263293611305308e+00,6.779263293611305308e+00,6.779263293611305308e+00,0.000000000000000000e+00,2.079171440098260746e+02,6.674460949372304697e+01,6.674460949372304697e+01,6.674460949372304697e+01,6.674460949372304697e+01,6.178515228097303691e+01,1.597238324104155538e+02,5.127381328674960059e+01,1.102048909612132320e+03,5.127381328674960059e+01,5.127381328674960059e+01
1.360000000000000000e+03,0.000000000000000000e+00,6.486955783932565112e+01,0.000000000000000000e+00,0.000000000000000000e+00,1.365459973952268683e+03,0.000000000000000000e+00,0.000000000000000000e+00,0.000000000000000000e+00,1.707277620143394259e+01,5.480624437995279763e+00,5.480624437995279763e+00,5.480624437995279763e+00,5.480624437995279763e+00,0.000000000000000000e+00,2.079171440098260746e+02,6.674460949372304697e+01,6.674460949372304697e+01,6.674460949372304697e+01,6.674460949372304697e+01,4.994955953628075207e+01,1.566088670418841104e+02,5.027386136792526372e+01,1.101678041311172137e+03,5.027386136792526372e+01,5.027386136792526372e+01
1.370000000000000000e+03,0.000000000000000000e+00,4.949043332654677840e+01,0.000000000000000000e+00,0.000000000000000000e+00,1.366103838296763797e+03,0.000000000000000000e+00,0.000000000000000000e+00,0.000000000000000000e+00,1.302520196590420554e+01,4.181290691209495591e+00,4.181290691209495591e+00,4.181290691209495591e+00,4.181290691209495591e+00,0.000000000000000000e+00,2.079171440098260746e+02,6.674460949372304697e+01,6.674460949372304697e+01,6.674460949372304697e+01,6.674460949372304697e+01,3.810763366144102093e+01,1.534922348805262118e+02,4.927337438290020799e+01,1.101173329871408441e+03,4.927337438290020799e+01,4.927337438290020799e+01
1.380000000000000000e+03,0.000000000000000000e+00,3.410503389646690664e+01,0.000000000000000000e+00,0.000000000000000000e+00,1.366574493638353033e+03,0.000000000000000000e+00,0.000000000000000000e+00,0.000000000000000000e+00,8.975976258369254168e+00,2.881426796442875471e+00,2.881426796442875471e+00,2.881426796442875471e+00,2.881426796442875471e+00,0.000000000000000000e+00,2.079171440098260746e+02,6.674460949372304697e+01,6.674460949372304697e+01,6.674460949372304697e+01,6.674460949372304697e+01,2.626087610027951769e+01,1.503743310857242932e+02,4.827247918392991011e+01,1.100534839285461885e+03,4.827247918392991011e+01,4.827247918392991011e+01
1.390000000000000000e+03,0.000000000000000000e+00,1.871531027173238115e+01,0.000000000000000000e+00,0.000000000000000000e+00,1.366871880302405089e+03,0.000000000000000000e+00,0.000000000000000000e+00,0.000000000000000000e+00,4.925612482223238331e+00,1.581197564102077902e+00,1.581197564102077902e+00,1.581197564102077902e+00,1.581197564102077902e+00,0.000000000000000000e+00,2.079171440098260746e+02,6.674460949372304697e+01,6.674460949372304697e+01,6.674460949372304697e+01,6.674460949372304697e+01,1.441078890923393452e+01,1.472555509780918612e+02,4.727130267502749916e+01,1.099762650507879471e+03,4.727130267502749916e+01,4.727130267502749916e+01
1.400000000000000000e+03,0.000000000000000000e+00,3.323213723256355667e+00,0.000000000000000000e+00,0.000000000000000000e+00,1.366995960583113629e+03,0.000000000000000000e+00,0.000000000000000000e+00,0.000000000000000000e+00,8.746241851566101122e-01,2.807678509150973167e-01,2.807678509150973167e-01,2.807678509150973167e-01,2.807678509150973167e-01,0.000000000000000000e+00,2.079171440098260746e+02,6.674460949372304697e+01,6.674460949372304697e+01,6.674460949372304697e+01,6.674460949372304697e+01,2.558874566907393788e+00,1.441362899893505585e+02,4.626997179587352349e+01,1.098856861444871129e+03,4.626997179587352349e+01,4.626997179587352349e+01
1.410000000000000000e+03,0.000000000000000000e+00,0.000000000000000000e+00,1.206930417718378123e+01,0.000000000000000000e+00,1.366946718748275998e+03,0.000000000000000000e+00,0.000000000000000000e+00,0.000000000000000000e+00,0.000000000000000000e+00,0.000000000000000000e+00,0.000000000000000000e+00,0.000000000000000000e+00,0.000000000000000000e+00,0.000000000000000000e+00,2.079171440098260746e+02,6.674460949372304697e+01,6.674460949372304697e+01,6.674460949372304697e+01,6.674460949372304697e+01,0.000000000000000000e+00,1.527561935832114841e+02,4.605378055066889686e+01,1.098602753986841435e+03,4.605378055066889686e+01,4.605378055066889686e+01
1.420000000000000000e+03,0.000000000000000000e+00,0.000000000000000000e+00,2.746029180438721795e+01,0.000000000000000000e+00,1.366724161041290017e+03,0.000000000000000000e+00,0.000000000000000000e+00,0.000000000000000000e+00,0.000000000000000000e+00,0.000000000000000000e+00,0.000000000000000000e+00,0.000000000000000000e+00,0.000000000000000000e+00,0.000000000000000000e+00,2.079171440098260746e+02,6.674460949372304697e+01,6.674460949372304697e+01,6.674460949372304697e+01,6.674460949372304697e+01,0.000000000000000000e+00,1.646072540561581263e+02,4.605378055066889686e+01,1.098431384552462305e+03,4.605378055066889686e+01,4.605378055066889686e+01
1.430000000000000000e+03,0.000000000000000000e+00,0.000000000000000000e+00,4.284779772717696034e+01,0.000000000000000000e+00,1.366328315680360447e+03,0.000000000000000000e+00,0.000000000000000000e+00,0.000000000000000000e+00,0.000000000000000000e+00,0.000000000000000000e+00,0.000000000000000000e+00,0.000000000000000000e+00,0.000000000000000000e+00,0.000000000000000000e+00,2.079171440098260746e+02,6.674460949372304697e+01,6.674460949372304697e+01,6.674460949372304697e+01,6.674460949372304697e+01,0.000000000000000000e+00,1.764556336167062227e+02,4.605378055066889686e+01,1.098126583624546583e+03,4.605378055066889686e+01,4.605378055066889686e+01
1.440000000000000000e+03,0.000000000000000000e+00,0.000000000000000000e+00,5.822987095582401906e+01,0.000000000000000000e+00,1.365759232854923084e+03,0.000000000000000000e+00,0.000000000000000000e+00,0.000000000000000000e+00,0.000000000000000000e+00,0.000000000000000000e+00,0.000000000000000000e+00,0.000000000000000000e+00,0.000000000000000000e+00,0.000000000000000000e+00,2.079171440098260746e+02,6.674460949372304697e+01,6.674460949372304697e+01,6.674460949372304697e+01,6.674460949372304697e+01,0.000000000000000000e+00,1.882998300027644518e+02,4.605378055066889686e+01,1.097688389848959787e+03,4.605378055066889686e+01,4.605378055066889686e+01
1.450000000000000000e+03,0.000000000000000000e+00,0.000000000000000000e+00,7.360456118941253578e+01,0.000000000000000000e+00,1.365016984719279435e+03,0.000000000000000000e+00,0.000000000000000000e+00,0.000000000000000000e+00,0.000000000000000000e+00,0.000000000000000000e+00,0.000000000000000000e+00,0.000000000000000000e+00,0.000000000000000000e+00,0.000000000000000000e+00,2.079171440098260746e+02,6.674460949372304697e+01,6.674460949372304697e+01,6.674460949372304697e+01,6.674460949372304697e+01,0.000000000000000000e+00,2.001383414826276237e+02,4.605378055066889686e+01,1.097116858784514079e+03,4.605378055066889686e+01,4.605378055066889686e+01
1.460000000000000000e+03,0.000000000000000000e+00,0.000000000000000000e+00,8.896991906312068465e+01,0.000000000000000000e+00,1.364101665383449927e+03,0.000000000000000000e+00,0.000000000000000000e+00,0.000000000000000000e+00,0.000000000000000000e+00,0.000000000000000000e+00,0.000000000000000000e+00,0.000000000000000000e+00,0.000000000000000000e+00,0.000000000000000000e+00,2.079171440098260746e+02,6.674460949372304697e+01,6.674460949372304697e+01,6.674460949372304697e+01,6.674460949372304697e+01,0.000000000000000000e+00,2.119696670453828915e+02,4.605378055066889686e+01,1.096412062895925374e+03,4.605378055066889686e+01,4.605378055066889686e+01
1.470000000000000000e+03,0.000000000000000000e+00,0.000000000000000000e+00,1.043239963953812719e+02,0.000000000000000000e+00,1.363013390901239973e+03,0.000000000000000000e+00,0.000000000000000000e+00,0.000000000000000000e+00,0.000000000000000000e+00,0.000000000000000000e+00,0.000000000000000000e+00,0.000000000000000000e+00,0.000000000000000000e+00,0.000000000000000000e+00,2.079171440098260746e+02,6.674460949372304697e+01,6.674460949372304697e+01,6.674460949372304697e+01,6.674460949372304697e+01,0.000000000000000000e+00,2.237923065912235643e+02,4.605378055066889686e+01,1.095574091544623798e+03,4.605378055066889686e+01,4.605378055066889686e+01
1.480000000000000000e+03,0.000000000000000000e+00,0.000000000000000000e+00,1.196648464348927945e+02,0.000000000000000000e+00,1.361752299255526623e+03,0.000000000000000000e+00,0.000000000000000000e+00,0.000000000000000000e+00,0.000000000000000000e+00,0.000000000000000000e+00,0.000000000000000000e+00,0.000000000000000000e+00,0.000000000000000000e+00,0.000000000000000000e+00,2.079171440098260746e+02,6.674460949372304697e+01,6.674460949372304697e+01,6.674460949372304697e+01,6.674460949372304697e+01,0.000000000000000000e+00,2.356047611216474138e+02,4.605378055066889686e+01,1.094603050977424573e+03,4.605378055066889686e+01,4.605378055066889686e+01
1.490000000000000000e+03,0.000000000000000000e+00,0.000000000000000000e+00,1.349905241074488629e+02,0.000000000000000000e+00,1.360318550340763522e+03,0.000000000000000000e+00,0.000000000000000000e+00,0.000000000000000000e+00,0.000000000000000000e+00,0.000000000000000000e+00,0.000000000000000000e+00,0.000000000000000000e+00,0.000000000000000000e+00,0.000000000000000000e+00,2.079171440098260746e+02,6.674460949372304697e+01,6.674460949372304697e+01,6.674460949372304697e+01,6.674460949372304697e+01,0.000000000000000000e+00,2.474055329295156014e+02,4.605378055066889686e+01,1.093499064313057033e+03,4.605378055066889686e+01,4.605378055066889686e+01
1.500000000000000000e+03,0.000000000000000000e+00,0.000000000000000000e+00,1.502990862625552779e+02,0.000000000000000000e+00,1.358712325942707139e+03,0.000000000000000000e+00,0.000000000000000000e+00,0.000000000000000000e+00,0.000000000000000000e+00,0.000000000000000000e+00,0.000000000000000000e+00,0.000000000000000000e+00,0.000000000000000000e+00,0.000000000000000000e+00,2.079171440098260746e+02,6.674460949372304697e+01,6.674460949372304697e+01,6.674460949372304697e+01,6.674460949372304697e+01,0.000000000000000000e+00,2.591931257889475546e+02,4.605378055066889686e+01,1.092262271526553604e+03,4.605378055066889686e+01,4.605378055066889686e+01
1.510000000000000000e+03,0.000000000000000000e+00,0.000000000000000000e+00,1.655885919198030081e+02,0.000000000000000000e+00,1.356933829715368574e+03,0.000000000000000000e+00,0.000000000000000000e+00,0.000000000000000000e+00,0.000000000000000000e+00,0.000000000000000000e+00,0.000000000000000000e+00,0.000000000000000000e+00,0.000000000000000000e+00,0.000000000000000000e+00,2.079171440098260746e+02,6.674460949372304697e+01,6.674460949372304697e+01,6.674460949372304697e+01,6.674460949372304697e+01,0.000000000000000000e+00,2.709660451450282608e+02,4.605378055066889686e+01,1.090892829431502832e+03,4.605378055066889686e+01,4.605378055066889686e+01
1.520000000000000000e+03,0.000000000000000000e+00,0.000000000000000000e+00,1.808571025149662148e+02,0.000000000000000000e+00,1.354983287155192556e+03,0.000000000000000000e+00,0.000000000000000000e+00,0.000000000000000000e+00,0.000000000000000000e+00,0.000000000000000000e+00,0.000000000000000000e+00,0.000000000000000000e+00,0.000000000000000000e+00,0.000000000000000000e+00,2.079171440098260746e+02,6.674460949372304697e+01,6.674460949372304697e+01,6.674460949372304697e+01,6.674460949372304697e+01,0.000000000000000000e+00,2.827227983033039891e+02,4.605378055066889686e+01,1.089390911660167376e+03,4.605378055066889686e+01,4.605378055066889686e+01
1.530000000000000000e+03,0.000000000000000000e+00,0.000000000000000000e+00,1.961026821457931817e+02,0.000000000000000000e+00,1.352860945572465653e+03,0.000000000000000000e+00,0.000000000000000000e+00,0.000000000000000000e+00,0.000000000000000000e+00,0.000000000000000000e+00,0.000000000000000000e+00,0.000000000000000000e+00,0.000000000000000000e+00,0.000000000000000000e+00,2.079171440098260746e+02,6.674460949372304697e+01,6.674460949372304697e+01,6.674460949372304697e+01,6.674460949372304697e+01,0.000000000000000000e+00,2.944618946190407200e+02,4.605378055066889686e+01,1.087756708641467640e+03,4.605378055066889686e+01,4.605378055066889686e+01
1.540000000000000000e+03,0.000000000000000000e+00,0.000000000000000000e+00,2.113233978174620233e+02,0.000000000000000000e+00,1.350567074059960305e+03,0.000000000000000000e+00,0.000000000000000000e+00,0.000000000000000000e+00,0.000000000000000000e+00,0.000000000000000000e+00,0.000000000000000000e+00,0.000000000000000000e+00,0.000000000000000000e+00,0.000000000000000000e+00,2.079171440098260746e+02,6.674460949372304697e+01,6.674460949372304697e+01,6.674460949372304697e+01,6.674460949372304697e+01,0.000000000000000000e+00,3.061818456862257563e+02,4.605378055066889686e+01,1.085990427576838556e+03,4.605378055066889686e+01,4.605378055066889686e+01
1.550000000000000000e+03,0.000000000000000000e+00,0.000000000000000000e+00,2.265173196876638428e+02,0.000000000000000000e+00,1.348101963458816726e+03,0.000000000000000000e+00,0.000000000000000000e+00,0.000000000000000000e+00,0.000000000000000000e+00,0.000000000000000000e+00,0.000000000000000000e+00,0.000000000000000000e+00,0.000000000000000000e+00,0.000000000000000000e+00,2.079171440098260746e+02,6.674460949372304697e+01,6.674460949372304697e+01,6.674460949372304697e+01,6.674460949372304697e+01,0.000000000000000000e+00,3.178811655262811655e+02,4.605378055066889686e+01,1.084092292413957921e+03,4.605378055066889686e+01,4.605378055066889686e+01
1.560000000000000000e+03,0.000000000000000000e+00,0.000000000000000000e+00,2.416825213112898609e+02,0.000000000000000000e+00,1.345465926321665620e+03,0.000000000000000000e+00,0.000000000000000000e+00,0.000000000000000000e+00,0.000000000000000000e+00,0.000000000000000000e+00,0.000000000000000000e+00,0.000000000000000000e+00,0.000000000000000000e+00,0.000000000000000000e+00,2.079171440098260746e+02,6.674460949372304697e+01,6.674460949372304697e+01,6.674460949372304697e+01,6.674460949372304697e+01,0.000000000000000000e+00,3.295583707764731685e+02,4.605378055066889686e+01,1.082062543818351514e+03,4.605378055066889686e+01,4.605378055066889686e+01
1.570000000000000000e+03,0.000000000000000000e+00,0.000000000000000000e+00,2.568170798846860521e+02,0.000000000000000000e+00,1.342659296873001495e+03,0.000000000000000000e+00,0.000000000000000000e+00,0.000000000000000000e+00,0.000000000000000000e+00,0.000000000000000000e+00,0.000000000000000000e+00,0.000000000000000000e+00,0.000000000000000000e+00,0.000000000000000000e+00,2.079171440098260746e+02,6.674460949372304697e+01,6.674460949372304697e+01,6.674460949372304697e+01,6.674460949372304697e+01,0.000000000000000000e+00,3.412119808779882533e+02,4.605378055066889686e+01,1.079901439142880236e+03,4.605378055066889686e+01,4.605378055066889686e+01
1.580000000000000000e+03,0.000000000000000000e+00,0.000000000000000000e+00,2.719190764894462404e+02,0.000000000000000000e+00,1.339682430966804532e+03,0.000000000000000000e+00,0.000000000000000000e+00,0.000000000000000000e+00,0.000000000000000000e+00,0.000000000000000000e+00,0.000000000000000000e+00,0.000000000000000000e+00,0.000000000000000000e+00,0.000000000000000000e+00,2.079171440098260746e+02,6.674460949372304697e+01,6.674460949372304697e+01,6.674460949372304697e+01,6.674460949372304697e+01,0.000000000000000000e+00,3.528405182636536210e+02,4.605378055066889686e+01,1.077609252395108570e+03,4.605378055066889686e+01,4.605378055066889686e+01
1.590000000000000000e+03,0.000000000000000000e+00,0.000000000000000000e+00,2.869865963357131022e+02,0.000000000000000000e+00,1.336535706041421918e+03,0.000000000000000000e+00,0.000000000000000000e+00,0.000000000000000000e+00,0.000000000000000000e+00,0.000000000000000000e+00,0.000000000000000000e+00,0.000000000000000000e+00,0.000000000000000000e+00,0.000000000000000000e+00,2.079171440098260746e+02,6.674460949372304697e+01,6.674460949372304697e+01,6.674460949372304697e+01,6.674460949372304697e+01,0.000000000000000000e+00,3.644425085452790540e+02,4.605378055066889686e+01,1.075186274202563936e+03,4.605378055066889686e+01,4.605378055066889686e+01
1.600000000000000000e+03,0.000000000000000000e+00,0.000000000000000000e+00,3.020177290049549015e+02,0.000000000000000000e+00,1.333219521071713643e+03,0.000000000000000000e+00,0.000000000000000000e+00,0.000000000000000000e+00,0.000000000000000000e+00,0.000000000000000000e+00,0.000000000000000000e+00,0.000000000000000000e+00,0.000000000000000000e+00,0.000000000000000000e+00,2.079171440098260746e+02,6.674460949372304697e+01,6.674460949372304697e+01,6.674460949372304697e+01,6.674460949372304697e+01,0.000000000000000000e+00,3.760164807005952525e+02,4.605378055066889686e+01,1.072632811775888513e+03,4.605378055066889686e+01,4.605378055066889686e+01
1.610000000000000000e+03,0.000000000000000000e+00,0.000000000000000000e+00,3.170105686921888264e+02,0.000000000000000000e+00,1.329734296518464362e+03,0.000000000000000000e+00,0.000000000000000000e+00,0.000000000000000000e+00,0.000000000000000000e+00,0.000000000000000000e+00,0.000000000000000000e+00,0.000000000000000000e+00,0.000000000000000000e+00,0.000000000000000000e+00,2.079171440098260746e+02,6.674460949372304697e+01,6.674460949372304697e+01,6.674460949372304697e+01,6.674460949372304697e+01,0.000000000000000000e+00,3.875609672597653343e+02,4.605378055066889686e+01,1.069949188869886484e+03,4.605378055066889686e+01,4.605378055066889686e+01
1.620000000000000000e+03,0.000000000000000000e+00,0.000000000000000000e+00,3.319632144476186113e+02,0.000000000000000000e+00,1.326080474275073584e+03,0.000000000000000000e+00,0.000000000000000000e+00,0.000000000000000000e+00,0.000000000000000000e+00,0.000000000000000000e+00,0.000000000000000000e+00,0.000000000000000000e+00,0.000000000000000000e+00,0.000000000000000000e+00,2.079171440098260746e+02,6.674460949372304697e+01,6.674460949372304697e+01,6.674460949372304697e+01,6.674460949372304697e+01,0.000000000000000000e+00,3.990745044914463051e+02,4.605378055066889686e+01,1.067135745742475592e+03,4.605378055066889686e+01,4.605378055066889686e+01
1.630000000000000000e+03,0.000000000000000000e+00,0.000000000000000000e+00,3.468737704176569423e+02,0.000000000000000000e+00,1.322258517611529214e+03,0.000000000000000000e+00,0.000000000000000000e+00,0.000000000000000000e+00,0.000000000000000000e+00,0.000000000000000000e+00,0.000000000000000000e+00,0.000000000000000000e+00,0.000000000000000000e+00,0.000000000000000000e+00,2.079171440098260746e+02,6.674460949372304697e+01,6.674460949372304697e+01,6.674460949372304697e+01,6.674460949372304697e+01,0.000000000000000000e+00,4.105556325883758291e+02,4.605378055066889686e+01,1.064192839111546391e+03,4.605378055066889686e+01,4.605378055066889686e+01
1.640000000000000000e+03,0.000000000000000000e+00,0.000000000000000000e+00,3.617403460853028037e+02,0.000000000000000000e+00,1.318268911115666697e+03,0.000000000000000000e+00,0.000000000000000000e+00,0.000000000000000000e+00,0.000000000000000000e+00,0.000000000000000000e+00,0.000000000000000000e+00,0.000000000000000000e+00,0.000000000000000000e+00,0.000000000000000000e+00,2.079171440098260746e+02,6.674460949372304697e+01,6.674460949372304697e+01,6.674460949372304697e+01,6.674460949372304697e+01,0.000000000000000000e+00,4.220028958524630980e+02,4.605378055066889686e+01,1.061120842109732394e+03,4.605378055066889686e+01,4.605378055066889686e+01
1.650000000000000000e+03,0.000000000000000000e+00,0.000000000000000000e+00,3.765610565098391476e+02,0.000000000000000000e+00,1.314112160631729921e+03,0.000000000000000000e+00,0.000000000000000000e+00,0.000000000000000000e+00,0.000000000000000000e+00,0.000000000000000000e+00,0.000000000000000000e+00,0.000000000000000000e+00,0.000000000000000000e+00,0.000000000000000000e+00,2.079171440098260746e+02,6.674460949372304697e+01,6.674460949372304697e+01,6.674460949372304697e+01,6.674460949372304697e+01,0.000000000000000000e+00,4.334148428793561152e+02,4.605378055066889686e+01,1.057920144237100885e+03,4.605378055066889686e+01,4.605378055066889686e+01
1.660000000000000000e+03,0.000000000000000000e+00,0.000000000000000000e+00,3.913340225658268992e+02,0.000000000000000000e+00,1.309788793196234565e+03,0.000000000000000000e+00,0.000000000000000000e+00,0.000000000000000000e+00,0.000000000000000000e+00,0.000000000000000000e+00,0.000000000000000000e+00,0.000000000000000000e+00,0.000000000000000000e+00,0.000000000000000000e+00,2.079171440098260746e+02,6.674460949372304697e+01,6.674460949372304697e+01,6.674460949372304697e+01,6.674460949372304697e+01,0.000000000000000000e+00,4.447900267424666936e+02,4.605378055066889686e+01,1.054591151311769636e+03,4.605378055066889686e+01,4.605378055066889686e+01
1.670000000000000000e+03,0.000000000000000000e+00,0.000000000000000000e+00,4.060573711813599402e+02,0.000000000000000000e+00,1.305299356971144562e+03,0.000000000000000000e+00,0.000000000000000000e+00,0.000000000000000000e+00,0.000000000000000000e+00,0.000000000000000000e+00,0.000000000000000000e+00,0.000000000000000000e+00,0.000000000000000000e+00,0.000000000000000000e+00,2.079171440098260746e+02,6.674460949372304697e+01,6.674460949372304697e+01,6.674460949372304697e+01,6.674460949372304697e+01,0.000000000000000000e+00,4.561270051764271329e+02,4.605378055066889686e+01,1.051134285418450190e+03,4.605378055066889686e+01,4.605378055066889686e+01
1.680000000000000000e+03,0.000000000000000000e+00,0.000000000000000000e+00,4.207292355755523658e+02,0.000000000000000000e+00,1.300644421174369882e+03,0.000000000000000000e+00,0.000000000000000000e+00,0.000000000000000000e+00,0.000000000000000000e+00,0.000000000000000000e+00,0.000000000000000000e+00,0.000000000000000000e+00,0.000000000000000000e+00,0.000000000000000000e+00,2.079171440098260746e+02,6.674460949372304697e+01,6.674460949372304697e+01,6.674460949372304697e+01,6.674460949372304697e+01,0.000000000000000000e+00,4.674243407599552711e+02,4.605378055066889686e+01,1.047549984854933655e+03,4.605378055066889686e+01,4.605378055066889686e+01
1.690000000000000000e+03,0.000000000000000000e+00,0.000000000000000000e+00,4.353477554952294781e+02,0.000000000000000000e+00,1.295824576007596079e+03,0.000000000000000000e+00,0.000000000000000000e+00,0.000000000000000000e+00,0.000000000000000000e+00,0.000000000000000000e+00,0.000000000000000000e+00,0.000000000000000000e+00,0.000000000000000000e+00,0.000000000000000000e+00,2.079171440098260746e+02,6.674460949372304697e+01,6.674460949372304697e+01,6.674460949372304697e+01,6.674460949372304697e+01,0.000000000000000000e+00,4.786806010981066493e+02,4.605378055066889686e+01,1.043838704076517843e+03,4.605378055066889686e+01,4.605378055066889686e+01
1.700000000000000000e+03,0.000000000000000000e+00,0.000000000000000000e+00,4.499110774507893211e+02,0.000000000000000000e+00,1.290840432581451978e+03,0.000000000000000000e+00,0.000000000000000000e+00,0.000000000000000000e+00,0.000000000000000000e+00,0.000000000000000000e+00,0.000000000000000000e+00,0.000000000000000000e+00,0.000000000000000000e+00,0.000000000000000000e+00,2.079171440098260746e+02,6.674460949372304697e+01,6.674460949372304697e+01,6.674460949372304697e+01,6.674460949372304697e+01,0.000000000000000000e+00,4.898943590038877574e+02,4.605378055066889686e+01,1.040000913638386919e+03,4.605378055066889686e+01,4.605378055066889686e+01
1.710000000000000000e+03,0.000000000000000000e+00,0.000000000000000000e+00,4.644173549512083241e+02,0.000000000000000000e+00,1.285692622838026409e+03,0.000000000000000000e+00,0.000000000000000000e+00,0.000000000000000000e+00,0.000000000000000000e+00,0.000000000000000000e+00,0.000000000000000000e+00,0.000000000000000000e+00,0.000000000000000000e+00,0.000000000000000000e+00,2.079171440098260746e+02,6.674460949372304697e+01,6.674460949372304697e+01,6.674460949372304697e+01,6.674460949372304697e+01,0.000000000000000000e+00,5.010641926792103504e+02,4.605378055066889686e+01,1.036037100135949231e+03,4.605378055066889686e+01,4.605378055066889686e+01
1.720000000000000000e+03,0.000000000000000000e+00,0.000000000000000000e+00,4.788647487381581414e+02,0.000000000000000000e+00,1.280381799470743999e+03,0.000000000000000000e+00,0.000000000000000000e+00,0.000000000000000000e+00,0.000000000000000000e+00,0.000000000000000000e+00,0.000000000000000000e+00,0.000000000000000000e+00,0.000000000000000000e+00,0.000000000000000000e+00,2.079171440098260746e+02,6.674460949372304697e+01,6.674460949372304697e+01,6.674460949372304697e+01,6.674460949372304697e+01,0.000000000000000000e+00,5.121886858951617114e+02,4.605378055066889686e+01,1.031947766143141735e+03,4.605378055066889686e+01,4.605378055066889686e+01
1.730000000000000000e+03,1.000000000000000000e+00,0.000000000000000000e+00,0.000000000000000000e+00,0.000000000000000000e+00,0.000000000000000000e+00,0.000000000000000000e+00,0.000000000000000000e+00,0.000000000000000000e+00,0.000000000000000000e+00,0.000000000000000000e+00,0.000000000000000000e+00,0.000000000000000000e+00,0.000000000000000000e+00,0.000000000000000000e+00,2.079171440098260746e+02,6.674460949372304697e+01,6.674460949372304697e+01,6.674460949372304697e+01,6.674460949372304697e+01,0.000000000000000000e+00,1.434628293667799710e+02,4.605378055066889686e+01,4.605378055066889686e+01,4.605378055066889686e+01,4.605378055066889686e+01
1.740000000000000000e+03,1.000000000000000000e+00,0.000000000000000000e+00,0.000000000000000000e+00,0.000000000000000000e+00,0.000000000000000000e+00,0.000000000000000000e+00,0.000000000000000000e+00,0.000000000000000000e+00,0.000000000000000000e+00,0.000000000000000000e+00,0.000000000000000000e+00,0.000000000000000000e+00,0.000000000000000000e+00,0.000000000000000000e+00,2.079171440098260746e+02,6.674460949372304697e+01,6.674460949372304697e+01,6.674460949372304697e+01,6.674460949372304697e+01,0.000000000000000000e+00,1.434628293667799710e+02,4.605378055066889686e+01,4.605378055066889686e+01,4.605378055066889686e+01,4.605378055066889686e+01
1.750000000000000000e+03,1.000000000000000000e+00,0.000000000000000000e+00,0.000000000000000000e+00,0.000000000000000000e+00,0.000000000000000000e+00,0.000000000000000000e+00,0.000000000000000000e+00,0.000000000000000000e+00,0.000000000000000000e+00,0.000000000000000000e+00,0.000000000000000000e+00,0.000000000000000000e+00,0.000000000000000000e+00,0.000000000000000000e+00,2.079171440098260746e+02,6.674460949372304697e+01,6.674460949372304697e+01,6.674460949372304697e+01,6.674460949372304697e+01,0.000000000000000000e+00,1.434628293667799710e+02,4.605378055066889686e+01,4.605378055066889686e+01,4.605378055066889686e+01,4.605378055066889686e+01
1.760000000000000000e+03,1.000000000000000000e+00,0.000000000000000000e+00,0.000000000000000000e+00,0.000000000000000000e+00,0.000000000000000000e+00,0.000000000000000000e+00,0.000000000000000000e+00,0.000000000000000000e+00,0.000000000000000000e+00,0.000000000000000000e+00,0.000000000000000000e+00,0.000000000000000000e+00,0.000000000000000000e+00,0.000000000000000000e+00,2.079171440098260746e+02,6.674460949372304697e+01,6.674460949372304697e+01,6.674460949372304697e+01,6.674460949372304697e+01,0.000000000000000000e+00,1.434628293667799710e+02,4.605378055066889686e+01,4.605378055066889686e+01,4.605378055066889686e+01,4.605378055066889686e+01
1.770000000000000000e+03,1.000000000000000000e+00,0.000000000000000000e+00,0.000000000000000000e+00,0.000000000000000000e+00,0.000000000000000000e+00,0.000000000000000000e+00,0.000000000000000000e+00,0.000000000000000000e+00,0.000000000000000000e+00,0.000000000000000000e+00,0.000000000000000000e+00,0.000000000000000000e+00,0.000000000000000000e+00,0.000000000000000000e+00,2.079171440098260746e+02,6.674460949372304697e+01,6.674460949372304697e+01,6.674460949372304697e+01,6.674460949372304697e+01,0.000000000000000000e+00,1.434628293667799710e+02,4.605378055066889686e+01,4.605378055066889686e+01,4.605378055066889686e+01,4.605378055066889686e+01
1.780000000000000000e+03,1.000000000000000000e+00,0.000000000000000000e+00,0.000000000000000000e+00,0.000000000000000000e+00,0.000000000000000000e+00,0.000000000000000000e+00,0.000000000000000000e+00,0.000000000000000000e+00,0.000000000000000000e+00,0.000000000000000000e+00,0.000000000000000000e+00,0.000000000000000000e+00,0.000000000000000000e+00,0.000000000000000000e+00,2.079171440098260746e+02,6.674460949372304697e+01,6.674460949372304697e+01,6.674460949372304697e+01,6.674460949372304697e+01,0.000000000000000000e+00,1.434628293667799710e+02,4.605378055066889686e+01,4.605378055066889686e+01,4.605378055066889686e+01,4.605378055066889686e+01
1.790000000000000000e+03,1.000000000000000000e+00,0.000000000000000000e+00,0.000000000000000000e+00,0.000000000000000000e+00,0.000000000000000000e+00,0.000000000000000000e+00,0.000000000000000000e+00,0.000000000000000000e+00,0.000000000000000000e+00,0.000000000000000000e+00,0.000000000000000000e+00,0.000000000000000000e+00,0.000000000000000000e+00,0.000000000000000000e+00,2.079171440098260746e+02,6.674460949372304697e+01,6.674460949372304697e+01,6.674460949372304697e+01,6.674460949372304697e+01,0.000000000000000000e+00,1.434628293667799710e+02,4.605378055066889686e+01,4.605378055066889686e+01,4.605378055066889686e+01,4.605378055066889686e+01
1.800000000000000000e+03,1.000000000000000000e+00,0.000000000000000000e+00,0.000000000000000000e+00,0.000000000000000000e+00,0.000000000000000000e+00,0.000000000000000000e+00,0.000000000000000000e+00,0.000000000000000000e+00,0.000000000000000000e+00,0.000000000000000000e+00,0.000000000000000000e+00,0.000000000000000000e+00,0.000000000000000000e+00,0.000000000000000000e+00,2.079171440098260746e+02,6.674460949372304697e+01,6.674460949372304697e+01,6.674460949372304697e+01,6.674460949372304697e+01,0.000000000000000000e+00,1.434628293667799710e+02,4.605378055066889686e+01,4.605378055066889686e+01,4.605378055066889686e+01,4.605378055066889686e+01
1.810000000000000000e+03,1.000000000000000000e+00,0.000000000000000000e+00,0.000000000000000000e+00,0.000000000000000000e+00,0.000000000000000000e+00,0.000000000000000000e+00,0.000000000000000000e+00,0.000000000000000000e+00,0.000000000000000000e+00,0.000000000000000000e+00,0.000000000000000000e+00,0.000000000000000000e+00,0.000000000000000000e+00,0.000000000000000000e+00,2.079171440098260746e+02,6.674460949372304697e+01,6.674460949372304697e+01,6.674460949372304697e+01,6.674460949372304697e+01,0.000000000000000000e+00,1.434628293667799710e+02,4.605378055066889686e+01,4.605378055066889686e+01,4.605378055066889686e+01,4.605378055066889686e+01
1.820000000000000000e+03,1.000000000000000000e+00,0.000000000000000000e+00,0.000000000000000000e+00,0.000000000000000000e+00,0.000000000000000000e+00,0.000000000000000000e+00,0.000000000000000000e+00,0.000000000000000000e+00,0.000000000000000000e+00,0.000000000000000000e+00,0.000000000000000000e+00,0.000000000000000000e+00,0.000000000000000000e+00,0.000000000000000000e+00,2.079171440098260746e+02,6.674460949372304697e+01,6.674460949372304697e+01,6.674460949372304697e+01,6.674460949372304697e+01,0.000000000000000000e+00,1.434628293667799710e+02,4.605378055066889686e+01,4.605378055066889686e+01,4.605378055066889686e+01,4.605378055066889686e+01
1.830000000000000000e+03,1.000000000000000000e+00,0.000000000000000000e+00,0.000000000000000000e+00,0.000000000000000000e+00,0.000000000000000000e+00,0.000000000000000000e+00,0.000000000000000000e+00,0.000000000000000000e+00,0.000000000000000000e+00,0.000000000000000000e+00,0.000000000000000000e+00,0.000000000000000000e+00,0.000000000000000000e+00,0.000000000000000000e+00,2.079171440098260746e+02,6.674460949372304697e+01,6.674460949372304697e+01,6.674460949372304697e+01,6.674460949372304697e+01,0.000000000000000000e+00,1.434628293667799710e+02,4.605378055066889686e+01,4.605378055066889686e+01,4.605378055066889686e+01,4.605378055066889686e+01
1.840000000000000000e+03,1.000000000000000000e+00,0.000000000000000000e+00,0.000000000000000000e+00,0.000000000000000000e+00,0.000000000000000000e+00,0.000000000000000000e+00,0.000000000000000000e+00,0.000000000000000000e+00,0.000000000000000000e+00,0.000000000000000000e+00,0.000000000000000000e+00,0.000000000000000000e+00,0.000000000000000000e+00,0.000000000000000000e+00,2.079171440098260746e+02,6.674460949372304697e+01,6.674460949372304697e+01,6.674460949372304697e+01,6.674460949372304697e+01,0.000000000000000000e+00,1.434628293667799710e+02,4.605378055066889686e+01,4.605378055066889686e+01,4.605378055066889686e+01,4.605378055066889686e+01
1.850000000000000000e+03,1.000000000000000000e+00,0.000000000000000000e+00,0.000000000000000000e+00,0.000000000000000000e+00,0.000000000000000000e+00,0.000000000000000000e+00,0.000000000000000000e+00,0.000000000000000000e+00,0.000000000000000000e+00,0.000000000000000000e+00,0.000000000000000000e+00,0.000000000000000000e+00,0.000000000000000000e+00,0.000000000000000000e+00,2.079171440098260746e+02,6.674460949372304697e+01,6.674460949372304697e+01,6.674460949372304697e+01,6.674460949372304697e+01,0.000000000000000000e+00,1.434628293667799710e+02,4.605378055066889686e+01,4.605378055066889686e+01,4.605378055066889686e+01,4.605378055066889686e+01
1.860000000000000000e+03,1.000000000000000000e+00,0.000000000000000000e+00,0.000000000000000000e+00,0.000000000000000000e+00,0.000000000000000000e+00,0.000000000000000000e+00,0.000000000000000000e+00,0.000000000000000000e+00,0.000000000000000000e+00,0.000000000000000000e+00,0.000000000000000000e+00,0.000000000000000000e+00,0.000000000000000000e+00,0.000000000000000000e+00,2.079171440098260746e+02,6.674460949372304697e+01,6.674460949372304697e+01,6.674460949372304697e+01,6.674460949372304697e+01,0.000000000000000000e+00,1.434628293667799710e+02,4.605378055066889686e+01,4.605378055066889686e+01,4.605378055066889686e+01,4.605378055066889686e+01
1.870000000000000000e+03,1.000000000000000000e+00,0.000000000000000000e+00,0.000000000000000000e+00,0.000000000000000000e+00,0.000000000000000000e+00,0.000000000000000000e+00,0.000000000000000000e+00,0.000000000000000000e+00,0.000000000000000000e+00,0.000000000000000000e+00,0.000000000000000000e+00,0.000000000000000000e+00,0.000000000000000000e+00,0.000000000000000000e+00,2.079171440098260746e+02,6.674460949372304697e+01,6.674460949372304697e+01,6.674460949372304697e+01,6.674460949372304697e+01,0.000000000000000000e+00,1.434628293667799710e+02,4.605378055066889686e+01,4.605378055066889686e+01,4.605378055066889686e+01,4.605378055066889686e+01
1.880000000000000000e+03,1.000000000000000000e+00,0.000000000000000000e+00,0.000000000000000000e+00,0.000000000000000000e+00,0.000000000000000000e+00,0.000000000000000000e+00,0.000000000000000000e+00,0.000000000000000000e+00,0.000000000000000000e+00,0.000000000000000000e+00,0.000000000000000000e+00,0.000000000000000000e+00,0.000000000000000000e+00,0.000000000000000000e+00,2.079171440098260746e+02,6.674460949372304697e+01,6.674460949372304697e+01,6.674460949372304697e+01,6.674460949372304697e+01,0.000000000000000000e+00,1.434628293667799710e+02,4.605378055066889686e+01,4.605378055066889686e+01,4.605378055066889686e+01,4.605378055066889686e+01
1.890000000000000000e+03,1.000000000000000000e+00,0.000000000000000000e+00,0.000000000000000000e+00,0.000000000000000000e+00,0.000000000000000000e+00,0.000000000000000000e+00,0.000000000000000000e+00,0.000000000000000000e+00,0.000000000000000000e+00,0.000000000000000000e+00,0.000000000000000000e+00,0.000000000000000000e+00,0.000000000000000000e+00,0.000000000000000000e+00,2.079171440098260746e+02,6.674460949372304697e+01,6.674460949372304697e+01,6.674460949372304697e+01,6.674460949372304697e+01,0.000000000000000000e+00,1.434628293667799710e+02,4.605378055066889686e+01,4.605378055066889686e+01,4.605378055066889686e+01,4.605378055066889686e+01
1.900000000000000000e+03,1.000000000000000000e+00,0.000000000000000000e+00,0.000000000000000000e+00,0.000000000000000000e+00,0.000000000000000000e+00,0.000000000000000000e+00,0.000000000000000000e+00,0.000000000000000000e+00,0.000000000000000000e+00,0.000000000000000000e+00,0.000000000000000000e+00,0.000000000000000000e+00,0.000000000000000000e+00,0.000000000000000000e+00,2.079171440098260746e+02,6.674460949372304697e+01,6.674460949372304697e+01,6.674460949372304697e+01,6.674460949372304697e+01,0.000000000000000000e+00,1.434628293667799710e+02,4.605378055066889686e+01,4.605378055066889686e+01,4.605378055066889686e+01,4.605378055066889686e+01
1.910000000000000000e+03,1.000000000000000000e+00,0.000000000000000000e+00,0.000000000000000000e+00,0.000000000000000000e+00,0.000000000000000000e+00,0.000000000000000000e+00,0.000000000000000000e+00,0.000000000000000000e+00,0.000000000000000000e+00,0.000000000000000000e+00,0.000000000000000000e+00,0.000000000000000000e+00,0.000000000000000000e+00,0.000000000000000000e+00,2.079171440098260746e+02,6.674460949372304697e+01,6.674460949372304697e+01,6.674460949372304697e+01,6.674460949372304697e+01,0.000000000000000000e+00,1.434628293667799710e+02,4.605378055066889686e+01,4.605378055066889686e+01,4.605378055066889686e+01,4.605378055066889686e+01
1.920000000000000000e+03,1.000000000000000000e+00,0.000000000000000000e+00,0.000000000000000000e+00,0.000000000000000000e+00,0.000000000000000000e+00,0.000000000000000000e+00,0.000000000000000000e+00,0.000000000000000000e+00,0.000000000000000000e+00,0.000000000000000000e+00,0.000000000000000000e+00,0.000000000000000000e+00,0.000000000000000000e+00,0.000000000000000000e+00,2.079171440098260746e+02,6.674460949372304697e+01,6.674460949372304697e+01,6.674460949372304697e+01,6.674460949372304697e+01,0.000000000000000000e+00,1.434628293667799710e+02,4.605378055066889686e+01,4.605378055066889686e+01,4.605378055066889686e+01,4.605378055066889686e+01
1.930000000000000000e+03,1.000000000000000000e+00,0.000000000000000000e+00,0.000000000000000000e+00,0.000000000000000000e+00,0.000000000000000000e+00,0.000000000000000000e+00,0.000000000000000000e+00,0.000000000000000000e+00,0.000000000000000000e+00,0.000000000000000000e+00,0.000000000000000000e+00,0.000000000000000000e+00,0.000000000000000000e+00,0.000000000000000000e+00,2.079171440098260746e+02,6.674460949372304697e+01,6.674460949372304697e+01,6.674460949372304697e+01,6.674460949372304697e+01,0.000000000000000000e+00,1.434628293667799710e+02,4.605378055066889686e+01,4.605378055066889686e+01,4.605378055066889686e+01,4.605378055066889686e+01
1.940000000000000000e+03,1.000000000000000000e+00,0.000000000000000000e+00,0.000000000000000000e+00,0.000000000000000000e+00,0.000000000000000000e+00,0.000000000000000000e+00,0.000000000000000000e+00,0.000000000000000000e+00,0.000000000000000000e+00,0.000000000000000000e+00,0.000000000000000000e+00,0.000000000000000000e+00,0.000000000000000000e+00,0.000000000000000000e+00,2.079171440098260746e+02,6.674460949372304697e+01,6.674460949372304697e+01,6.674460949372304697e+01,6.674460949372304697e+01,0.000000000000000000e+00,1.434628293667799710e+02,4.605378055066889686e+01,4.605378055066889686e+01,4.605378055066889686e+01,4.605378055066889686e+01
1.950000000000000000e+03,1.000000000000000000e+00,0.000000000000000000e+00,0.000000000000000000e+00,0.000000000000000000e+00,0.000000000000000000e+00,0.000000000000000000e+00,0.000000000000000000e+00,0.000000000000000000e+00,0.000000000000000000e+00,0.000000000000000000e+00,0.000000000000000000e+00,0.000000000000000000e+00,0.000000000000000000e+00,0.000000000000000000e+00,2.079171440098260746e+02,6.674460949372304697e+01,6.674460949372304697e+01,6.674460949372304697e+01,6.674460949372304697e+01,0.000000000000000000e+00,1.434628293667799710e+02,4.605378055066889686e+01,4.605378055066889686e+01,4.605378055066889686e+01,4.605378055066889686e+01
1.960000000000000000e+03,1.000000000000000000e+00,0.000000000000000000e+00,0.000000000000000000e+00,0.000000000000000000e+00,0.000000000000000000e+00,0.000000000000000000e+00,0.000000000000000000e+00,0.000000000000000000e+00,0.000000000000000000e+00,0.000000000000000000e+00,0.000000000000000000e+00,0.000000000000000000e+00,0.000000000000000000e+00,0.000000000000000000e+00,2.079171440098260746e+02,6.674460949372304697e+01,6.674460949372304697e+01,6.674460949372304697e+01,6.674460949372304697e+01,0.000000000000000000e+00,1.434628293667799710e+02,4.605378055066889686e+01,4.605378055066889686e+01,4.605378055066889686e+01,4.605378055066889686e+01
1.970000000000000000e+03,1.000000000000000000e+00,0.000000000000000000e+00,0.000000000000000000e+00,0.000000000000000000e+00,0.000000000000000000e+00,0.000000000000000000e+00,0.000000000000000000e+00,0.000000000000000000e+00,0.000000000000000000e+00,0.000000000000000000e+00,0.000000000000000000e+00,0.000000000000000000e+00,0.000000000000000000e+00,0.000000000000000000e+00,2.079171440098260746e+02,6.674460949372304697e+01,6.674460949372304697e+01,6.674460949372304697e+01,6.674460949372304697e+01,0.000000000000000000e+00,1.434628293667799710e+02,4.605378055066889686e+01,4.605378055066889686e+01,4.605378055066889686e+01,4.605378055066889686e+01
1.980000000000000000e+03,1.000000000000000000e+00,0.000000000000000000e+00,0.000000000000000000e+00,0.000000000000000000e+00,0.000000000000000000e+00,0.000000000000000000e+00,0.000000000000000000e+00,0.000000000000000000e+00,0.000000000000000000e+00,0.000000000000000000e+00,0.000000000000000000e+00,0.000000000000000000e+00,0.000000000000000000e+00,0.000000000000000000e+00,2.079171440098260746e+02,6.674460949372304697e+01,6.674460949372304697e+01,6.674460949372304697e+01,6.674460949372304697e+01,0.000000000000000000e+00,1.434628293667799710e+02,4.605378055066889686e+01,4.605378055066889686e+01,4.605378055066889686e+01,4.605378055066889686e+01
1.990000000000000000e+03,1.000000000000000000e+00,0.000000000000000000e+00,0.000000000000000000e+00,0.000000000000000000e+00,0.000000000000000000e+00,0.000000000000000000e+00,0.000000000000000000e+00,0.000000000000000000e+00,0.000000000000000000e+00,0.000000000000000000e+00,0.000000000000000000e+00,0.000000000000000000e+00,0.000000000000000000e+00,0.000000000000000000e+00,2.079171440098260746e+02,6.674460949372304697e+01,6.674460949372304697e+01,6.674460949372304697e+01,6.674460949372304697e+01,0.000000000000000000e+00,1.434628293667799710e+02,4.605378055066889686e+01,4.605378055066889686e+01,4.605378055066889686e+01,4.605378055066889686e+01
2.000000000000000000e+03,1.000000000000000000e+00,0.000000000000000000e+00,0.000000000000000000e+00,0.000000000000000000e+00,0.000000000000000000e+00,0.000000000000000000e+00,0.000000000000000000e+00,0.000000000000000000e+00,0.000000000000000000e+00,0.000000000000000000e+00,0.000000000000000000e+00,0.000000000000000000e+00,0.000000000000000000e+00,0.000000000000000000e+00,2.079171440098260746e+02,6.674460949372304697e+01,6.674460949372304697e+01,6.674460949372304697e+01,6.674460949372304697e+01,0.000000000000000000e+00,1.434628293667799710e+02,4.605378055066889686e+01,4.605378055066889686e+01,4.605378055066889686e+01,4.605378055066889686e+01
2.010000000000000000e+03,1.000000000000000000e+00,0.000000000000000000e+00,0.000000000000000000e+00,0.000000000000000000e+00,0.000000000000000000e+00,0.000000000000000000e+00,0.000000000000000000e+00,0.000000000000000000e+00,0.000000000000000000e+00,0.000000000000000000e+00,0.000000000000000000e+00,0.000000000000000000e+00,0.000000000000000000e+00,0.000000000000000000e+00,2.079171440098260746e+02,6.674460949372304697e+01,6.674460949372304697e+01,6.674460949372304697e+01,6.674460949372304697e+01,0.000000000000000000e+00,1.434628293667799710e+02,4.605378055066889686e+01,4.605378055066889686e+01,4.605378055066889686e+01,4.605378055066889686e+01
2.020000000000000000e+03,1.000000000000000000e+00,0.000000000000000000e+00,0.000000000000000000e+00,0.000000000000000000e+00,0.000000000000000000e+00,0.000000000000000000e+00,0.000000000000000000e+00,0.000000000000000000e+00,0.000000000000000000e+00,0.000000000000000000e+00,0.000000000000000000e+00,0.000000000000000000e+00,0.000000000000000000e+00,0.000000000000000000e+00,2.079171440098260746e+02,6.674460949372304697e+01,6.674460949372304697e+01,6.674460949372304697e+01,6.674460949372304697e+01,0.000000000000000000e+00,1.434628293667799710e+02,4.605378055066889686e+01,4.605378055066889686e+01,4.605378055066889686e+01,4.605378055066889686e+01
2.030000000000000000e+03,1.000000000000000000e+00,0.000000000000000000e+00,0.000000000000000000e+00,0.000000000000000000e+00,0.000000000000000000e+00,0.000000000000000000e+00,0.000000000000000000e+00,0.000000000000000000e+00,0.000000000000000000e+00,0.000000000000000000e+00,0.000000000000000000e+00,0.000000000000000000e+00,0.000000000000000000e+00,0.000000000000000000e+00,2.079171440098260746e+02,6.674460949372304697e+01,6.674460949372304697e+01,6.674460949372304697e+01,6.674460949372304697e+01,0.000000000000000000e+00,1.434628293667799710e+02,4.605378055066889686e+01,4.605378055066889686e+01,4.605378055066889686e+01,4.605378055066889686e+01
2.040000000000000000e+03,1.000000000000000000e+00,0.000000000000000000e+00,0.000000000000000000e+00,0.000000000000000000e+00,0.000000000000000000e+00,0.000000000000000000e+00,0.000000000000000000e+00,0.000000000000000000e+00,0.000000000000000000e+00,0.000000000000000000e+00,0.000000000000000000e+00,0.000000000000000000e+00,0.000000000000000000e+00,0.000000000000000000e+00,2.079171440098260746e+02,6.674460949372304697e+01,6.674460949372304697e+01,6.674460949372304697e+01,6.674460949372304697e+01,0.000000000000000000e+00,1.434628293667799710e+02,4.605378055066889686e+01,4.605378055066889686e+01,4.605378055066889686e+01,4.605378055066889686e+01
2.050000000000000000e+03,1.000000000000000000e+00,0.000000000000000000e+00,0.000000000000000000e+00,0.000000000000000000e+00,0.000000000000000000e+00,0.000000000000000000e+00,0.000000000000000000e+00,0.000000000000000000e+00,0.000000000000000000e+00,0.000000000000000000e+00,0.000000000000000000e+00,0.000000000000000000e+00,0.000000000000000000e+00,0.000000000000000000e+00,2.079171440098260746e+02,6.674460949372304697e+01,6.674460949372304697e+01,6.674460949372304697e+01,6.674460949372304697e+01,0.000000000000000000e+00,1.434628293667799710e+02,4.605378055066889686e+01,4.605378055066889686e+01,4.605378055066889686e+01,4.605378055066889686e+01
2.060000000000000000e+03,1.000000000000000000e+00,0.000000000000000000e+00,0.000000000000000000e+00,0.000000000000000000e+00,0.000000000000000000e+00,0.000000000000000000e+00,0.000000000000000000e+00,0.000000000000000000e+00,0.000000000000000000e+00,0.000000000000000000e+00,0.000000000000000000e+00,0.000000000000000000e+00,0.000000000000000000e+00,0.000000000000000000e+00,2.079171440098260746e+02,6.674460949372304697e+01,6.674460949372304697e+01,6.674460949372304697e+01,6.674460949372304697e+01,0.000000000000000000e+00,1.434628293667799710e+02,4.605378055066889686e+01,4.605378055066889686e+01,4.605378055066889686e+01,4.605378055066889686e+01
2.070000000000000000e+03,1.000000000000000000e+00,0.000000000000000000e+00,0.000000000000000000e+00,0.000000000000000000e+00,0.000000000000000000e+00,0.000000000000000000e+00,0.000000000000000000e+00,0.000000000000000000e+00,0.000000000000000000e+00,0.000000000000000000e+00,0.000000000000000000e+00,0.000000000000000000e+00,0.000000000000000000e+00,0.000000000000000000e+00,2.079171440098260746e+02,6.674460949372304697e+01,6.674460949372304697e+01,6.674460949372304697e+01,6.674460949372304697e+01,0.000000000000000000e+00,1.434628293667799710e+02,4.605378055066889686e+01,4.605378055066889686e+01,4.605378055066889686e+01,4.605378055066889686e+01
2.080000000000000000e+03,1.000000000000000000e+00,0.000000000000000000e+00,0.000000000000000000e+00,0.000000000000000000e+00,0.000000000000000000e+00,0.000000000000000000e+00,0.000000000000000000e+00,0.000000000000000000e+00,0.000000000000000000e+00,0.000000000000000000e+00,0.000000000000000000e+00,0.000000000000000000e+00,0.000000000000000000e+00,0.000000000000000000e+00,2.079171440098260746e+02,6.674460949372304697e+01,6.674460949372304697e+01,6.674460949372304697e+01,6.674460949372304697e+01,0.000000000000000000e+00,1.434628293667799710e+02,4.605378055066889686e+01,4.605378055066889686e+01,4.605378055066889686e+01,4.605378055066889686e+01
2.090000000000000000e+03,1.000000000000000000e+00,0.000000000000000000e+00,0.000000000000000000e+00,0.000000000000000000e+00,0.000000000000000000e+00,0.000000000000000000e+00,0.000000000000000000e+00,0.000000000000000000e+00,0.000000000000000000e+00,0.000000000000000000e+00,0.000000000000000000e+00,0.000000000000000000e+00,0.000000000000000000e+00,0.000000000000000000e+00,2.079171440098260746e+02,6.674460949372304697e+01,6.674460949372304697e+01,6.674460949372304697e+01,6.674460949372304697e+01,0.000000000000000000e+00,1.434628293667799710e+02,4.605378055066889686e+01,4.605378055066889686e+01,4.605378055066889686e+01,4.605378055066889686e+01
2.100000000000000000e+03,1.000000000000000000e+00,0.000000000000000000e+00,0.000000000000000000e+00,0.000000000000000000e+00,0.000000000000000000e+00,0.000000000000000000e+00,0.000000000000000000e+00,0.000000000000000000e+00,0.000000000000000000e+00,0.000000000000000000e+00,0.000000000000000000e+00,0.000000000000000000e+00,0.000000000000000000e+00,0.000000000000000000e+00,2.079171440098260746e+02,6.674460949372304697e+01,6.674460949372304697e+01,6.674460949372304697e+01,6.674460949372304697e+01,0.000000000000000000e+00,1.434628293667799710e+02,4.605378055066889686e+01,4.605378055066889686e+01,4.605378055066889686e+01,4.605378055066889686e+01
2.110000000000000000e+03,1.000000000000000000e+00,0.000000000000000000e+00,0.000000000000000000e+00,0.000000000000000000e+00,0.000000000000000000e+00,0.000000000000000000e+00,0.000000000000000000e+00,0.000000000000000000e+00,0.000000000000000000e+00,0.000000000000000000e+00,0.000000000000000000e+00,0.000000000000000000e+00,0.000000000000000000e+00,0.000000000000000000e+00,2.079171440098260746e+02,6.674460949372304697e+01,6.674460949372304697e+01,6.674460949372304697e+01,6.674460949372304697e+01,0.000000000000000000e+00,1.434628293667799710e+02,4.605378055066889686e+01,4.605378055066889686e+01,4.605378055066889686e+01,4.605378055066889686e+01
2.120000000000000000e+03,1.000000000000000000e+00,0.000000000000000000e+00,0.000000000000000000e+00,0.000000000000000000e+00,0.000000000000000000e+00,0.000000000000000000e+00,0.000000000000000000e+00,0.000000000000000000e+00,0.000000000000000000e+00,0.000000000000000000e+00,0.000000000000000000e+00,0.000000000000000000e+00,0.000000000000000000e+00,0.000000000000000000e+00,2.079171440098260746e+02,6.674460949372304697e+01,6.674460949372304697e+01,6.674460949372304697e+01,6.674460949372304697e+01,0.000000000000000000e+00,1.434628293667799710e+02,4.605378055066889686e+01,4.605378055066889686e+01,4.605378055066889686e+01,4.605378055066889686e+01
2.130000000000000000e+03,1.000000000000000000e+00,0.000000000000000000e+00,0.000000000000000000e+00,0.000000000000000000e+00,0.000000000000000000e+00,0.000000000000000000e+00,0.000000000000000000e+00,0.000000000000000000e+00,0.000000000000000000e+00,0.000000000000000000e+00,0.000000000000000000e+00,0.000000000000000000e+00,0.000000000000000000e+00,0.000000000000000000e+00,2.079171440098260746e+02,6.674460949372304697e+01,6.674460949372304697e+01,6.674460949372304697e+01,6.674460949372304697e+01,0.000000000000000000e+00,1.434628293667799710e+02,4.605378055066889686e+01,4.605378055066889686e+01,4.605378055066889686e+01,4.605378055066889686e+01
2.140000000000000000e+03,1.000000000000000000e+00,0.000000000000000000e+00,0.000000000000000000e+00,0.000000000000000000e+00,0.000000000000000000e+00,0.000000000000000000e+00,0.000000000000000000e+00,0.000000000000000000e+00,0.000000000000000000e+00,0.000000000000000000e+00,0.000000000000000000e+00,0.000000000000000000e+00,0.000000000000000000e+00,0.000000000000000000e+00,2.079171440098260746e+02,6.674460949372304697e+01,6.674460949372304697e+01,6.674460949372304697e+01,6.674460949372304697e+01,0.000000000000000000e+00,1.434628293667799710e+02,4.605378055066889686e+01,4.605378055066889686e+01,4.605378055066889686e+01,4.605378055066889686e+01
2.150000000000000000e+03,1.000000000000000000e+00,0.000000000000000000e+00,0.000000000000000000e+00,0.000000000000000000e+00,0.000000000000000000e+00,0.000000000000000000e+00,0.000000000000000000e+00,0.000000000000000000e+00,0.000000000000000000e+00,0.000000000000000000e+00,0.000000000000000000e+00,0.000000000000000000e+00,0.000000000000000000e+00,0.000000000000000000e+00,2.079171440098260746e+02,6.674460949372304697e+01,6.674460949372304697e+01,6.674460949372304697e+01,6.674460949372304697e+01,0.000000000000000000e+00,1.434628293667799710e+02,4.605378055066889686e+01,4.605378055066889686e+01,4.605378055066889686e+01,4.605378055066889686e+01
2.160000000000000000e+03,1.000000000000000000e+00,0.000000000000000000e+00,0.000000000000000000e+00,0.000000000000000000e+00,0.000000000000000000e+00,0.000000000000000000e+00,0.000000000000000000e+00,0.000000000000000000e+00,0.000000000000000000e+00,0.000000000000000000e+00,0.000000000000000000e+00,0.000000000000000000e+00,0.000000000000000000e+00,0.000000000000000000e+00,2.079171440098260746e+02,6.674460949372304697e+01,6.674460949372304697e+01,6.674460949372304697e+01,6.674460949372304697e+01,0.000000000000000000e+00,1.434628293667799710e+02,4.605378055066889686e+01,4.605378055066889686e+01,4.605378055066889686e+01,4.605378055066889686e+01
2.170000000000000000e+03,1.000000000000000000e+00,0.000000000000000000e+00,0.000000000000000000e+00,0.000000000000000000e+00,0.000000000000000000e+00,0.000000000000000000e+00,0.000000000000000000e+00,0.000000000000000000e+00,0.000000000000000000e+00,0.000000000000000000e+00,0.000000000000000000e+00,0.000000000000000000e+00,0.000000000000000000e+00,0.000000000000000000e+00,2.079171440098260746e+02,6.674460949372304697e+01,6.674460949372304697e+01,6.674460949372304697e+01,6.674460949372304697e+01,0.000000000000000000e+00,1.434628293667799710e+02,4.605378055066889686e+01,4.605378055066889686e+01,4.605378055066889686e+01,4.605378055066889686e+01
2.180000000000000000e+03,1.000000000000000000e+00,0.000000000000000000e+00,0.000000000000000000e+00,0.000000000000000000e+00,0.000000000000000000e+00,0.000000000000000000e+00,0.000000000000000000e+00,0.000000000000000000e+00,0.000000000000000000e+00,0.000000000000000000e+00,0.000000000000000000e+00,0.000000000000000000e+00,0.000000000000000000e+00,0.000000000000000000e+00,2.079171440098260746e+02,6.674460949372304697e+01,6.674460949372304697e+01,6.674460949372304697e+01,6.674460949372304697e+01,0.000000000000000000e+00,1.434628293667799710e+02,4.605378055066889686e+01,4.605378055066889686e+01,4.605378055066889686e+01,4.605378055066889686e+01
2.190000000000000000e+03,1.000000000000000000e+00,0.000000000000000000e+00,0.000000000000000000e+00,0.000000000000000000e+00,0.000000000000000000e+00,0.000000000000000000e+00,0.000000000000000000e+00,0.000000000000000000e+00,0.000000000000000000e+00,0.000000000000000000e+00,0.000000000000000000e+00,0.000000000000000000e+00,0.000000000000000000e+00,0.000000000000000000e+00,2.079171440098260746e+02,6.674460949372304697e+01,6.674460949372304697e+01,6.674460949372304697e+01,6.674460949372304697e+01,0.000000000000000000e+00,1.434628293667799710e+02,4.605378055066889686e+01,4.605378055066889686e+01,4.605378055066889686e+01,4.605378055066889686e+01
2.200000000000000000e+03,1.000000000000000000e+00,0.000000000000000000e+00,0.000000000000000000e+00,0.000000000000000000e+00,0.000000000000000000e+00,0.000000000000000000e+00,0.000000000000000000e+00,0.000000000000000000e+00,0.000000000000000000e+00,0.000000000000000000e+00,0.000000000000000000e+00,0.000000000000000000e+00,0.000000000000000000e+00,0.000000000000000000e+00,2.079171440098260746e+02,6.674460949372304697e+01,6.674460949372304697e+01,6.674460949372304697e+01,6.674460949372304697e+01,0.000000000000000000e+00,1.434628293667799710e+02,4.605378055066889686e+01,4.605378055066889686e+01,4.605378055066889686e+01,4.605378055066889686e+01
2.210000000000000000e+03,1.000000000000000000e+00,0.000000000000000000e+00,0.000000000000000000e+00,0.000000000000000000e+00,0.000000000000000000e+00,0.000000000000000000e+00,0.000000000000000000e+00,0.000000000000000000e+00,0.000000000000000000e+00,0.000000000000000000e+00,0.000000000000000000e+00,0.000000000000000000e+00,0.000000000000000000e+00,0.000000000000000000e+00,2.079171440098260746e+02,6.674460949372304697e+01,6.674460949372304697e+01,6.674460949372304697e+01,6.674460949372304697e+01,0.000000000000000000e+00,1.434628293667799710e+02,4.605378055066889686e+01,4.605378055066889686e+01,4.605378055066889686e+01,4.605378055066889686e+01
2.220000000000000000e+03,1.000000000000000000e+00,0.000000000000000000e+00,0.000000000000000000e+00,0.000000000000000000e+00,0.000000000000000000e+00,0.000000000000000000e+00,0.000000000000000000e+00,0.000000000000000000e+00,0.000000000000000000e+00,0.000000000000000000e+00,0.000000000000000000e+00,0.000000000000000000e+00,0.000000000000000000e+00,0.000000000000000000e+00,2.079171440098260746e+02,6.674460949372304697e+01,6.674460949372304697e+01,6.674460949372304697e+01,6.674460949372304697e+01,0.000000000000000000e+00,1.434628293667799710e+02,4.605378055066889686e+01,4.605378055066889686e+01,4.605378055066889686e+01,4.605378055066889686e+01
2.230000000000000000e+03,1.000000000000000000e+00,0.000000000000000000e+00,0.000000000000000000e+00,0.000000000000000000e+00,0.000000000000000000e+00,0.000000000000000000e+00,0.000000000000000000e+00,0.000000000000000000e+00,0.000000000000000000e+00,0.000000000000000000e+00,0.000000000000000000e+00,0.000000000000000000e+00,0.000000000000000000e+00,0.000000000000000000e+00,2.079171440098260746e+02,6.674460949372304697e+01,6.674460949372304697e+01,6.674460949372304697e+01,6.674460949372304697e+01,0.000000000000000000e+00,1.434628293667799710e+02,4.605378055066889686e+01,4.605378055066889686e+01,4.605378055066889686e+01,4.605378055066889686e+01
2.240000000000000000e+03,1.000000000000000000e+00,0.000000000000000000e+00,0.000000000000000000e+00,0.000000000000000000e+00,0.000000000000000000e+00,0.000000000000000000e+00,0.000000000000000000e+00,0.000000000000000000e+00,0.000000000000000000e+00,0.000000000000000000e+00,0.000000000000000000e+00,0.000000000000000000e+00,0.000000000000000000e+00,0.000000000000000000e+00,2.079171440098260746e+02,6.674460949372304697e+01,6.674460949372304697e+01,6.674460949372304697e+01,6.674460949372304697e+01,0.000000000000000000e+00,1.434628293667799710e+02,4.605378055066889686e+01,4.605378055066889686e+01,4.605378055066889686e+01,4.605378055066889686e+01
2.250000000000000000e+03,1.000000000000000000e+00,0.000000000000000000e+00,0.000000000000000000e+00,0.000000000000000000e+00,0.000000000000000000e+00,0.000000000000000000e+00,0.000000000000000000e+00,0.000000000000000000e+00,0.000000000000000000e+00,0.000000000000000000e+00,0.000000000000000000e+00,0.000000000000000000e+00,0.000000000000000000e+00,0.000000000000000000e+00,2.079171440098260746e+02,6.674460949372304697e+01,6.674460949372304697e+01,6.674460949372304697e+01,6.674460949372304697e+01,0.000000000000000000e+00,1.434628293667799710e+02,4.605378055066889686e+01,4.605378055066889686e+01,4.605378055066889686e+01,4.605378055066889686e+01
2.260000000000000000e+03,1.000000000000000000e+00,0.000000000000000000e+00,0.000000000000000000e+00,0.000000000000000000e+00,0.000000000000000000e+00,0.000000000000000000e+00,0.000000000000000000e+00,0.000000000000000000e+00,0.000000000000000000e+00,0.000000000000000000e+00,0.000000000000000000e+00,0.000000000000000000e+00,0.000000000000000000e+00,0.000000000000000000e+00,2.079171440098260746e+02,6.674460949372304697e+01,6.674460949372304697e+01,6.674460949372304697e+01,6.674460949372304697e+01,0.000000000000000000e+00,1.434628293667799710e+02,4.605378055066889686e+01,4.605378055066889686e+01,4.605378055066889686e+01,4.605378055066889686e+01
2.270000000000000000e+03,1.000000000000000000e+00,0.000000000000000000e+00,0.000000000000000000e+00,0.000000000000000000e+00,0.000000000000000000e+00,0.000000000000000000e+00,0.000000000000000000e+00,0.000000000000000000e+00,0.000000000000000000e+00,0.000000000000000000e+00,0.000000000000000000e+00,0.000000000000000000e+00,0.000000000000000000e+00,0.000000000000000000e+00,2.079171440098260746e+02,6.674460949372304697e+01,6.674460949372304697e+01,6.674460949372304697e+01,6.674460949372304697e+01,0.000000000000000000e+00,1.434628293667799710e+02,4.605378055066889686e+01,4.605378055066889686e+01,4.605378055066889686e+01,4.605378055066889686e+01
2.280000000000000000e+03,1.000000000000000000e+00,0.000000000000000000e+00,0.000000000000000000e+00,0.000000000000000000e+00,0.000000000000000000e+00,0.000000000000000000e+00,0.000000000000000000e+00,0.000000000000000000e+00,0.000000000000000000e+00,0.000000000000000000e+00,0.000000000000000000e+00,0.000000000000000000e+00,0.000000000000000000e+00,0.000000000000000000e+00,2.079171440098260746e+02,6.674460949372304697e+01,6.674460949372304697e+01,6.674460949372304697e+01,6.674460949372304697e+01,0.000000000000000000e+00,1.434628293667799710e+02,4.605378055066889686e+01,4.605378055066889686e+01,4.605378055066889686e+01,4.605378055066889686e+01
2.290000000000000000e+03,1.000000000000000000e+00,0.000000000000000000e+00,0.000000000000000000e+00,0.000000000000000000e+00,0.000000000000000000e+00,0.000000000000000000e+00,0.000000000000000000e+00,0.000000000000000000e+00,0.000000000000000000e+00,0.000000000000000000e+00,0.000000000000000000e+00,0.000000000000000000e+00,0.000000000000000000e+00,0.000000000000000000e+00,2.079171440098260746e+02,6.674460949372304697e+01,6.674460949372304697e+01,6.674460949372304697e+01,6.674460949372304697e+01,0.000000000000000000e+00,1.434628293667799710e+02,4.605378055066889686e+01,4.605378055066889686e+01,4.605378055066889686e+01,4.605378055066889686e+01
2.300000000000000000e+03,1.000000000000000000e+00,0.000000000000000000e+00,0.000000000000000000e+00,0.000000000000000000e+00,0.000000000000000000e+00,0.000000000000000000e+00,0.000000000000000000e+00,0.000000000000000000e+00,0.000000000000000000e+00,0.000000000000000000e+00,0.000000000000000000e+00,0.000000000000000000e+00,0.000000000000000000e+00,0.000000000000000000e+00,2.079171440098260746e+02,6.674460949372304697e+01,6.674460949372304697e+01,6.674460949372304697e+01,6.674460949372304697e+01,0.000000000000000000e+00,1.434628293667799710e+02,4.605378055066889686e+01,4.605378055066889686e+01,4.605378055066889686e+01,4.605378055066889686e+01
2.310000000000000000e+03,1.000000000000000000e+00,0.000000000000000000e+00,0.000000000000000000e+00,0.000000000000000000e+00,0.000000000000000000e+00,0.000000000000000000e+00,0.000000000000000000e+00,0.000000000000000000e+00,0.000000000000000000e+00,0.000000000000000000e+00,0.000000000000000000e+00,0.000000000000000000e+00,0.000000000000000000e+00,0.000000000000000000e+00,2.079171440098260746e+02,6.674460949372304697e+01,6.674460949372304697e+01,6.674460949372304697e+01,6.674460949372304697e+01,0.000000000000000000e+00,1.434628293667799710e+02,4.605378055066889686e+01,4.605378055066889686e+01,4.605378055066889686e+01,4.605378055066889686e+01
2.320000000000000000e+03,1.000000000000000000e+00,0.000000000000000000e+00,0.000000000000000000e+00,0.000000000000000000e+00,0.000000000000000000e+00,0.000000000000000000e+00,0.000000000000000000e+00,0.000000000000000000e+00,0.000000000000000000e+00,0.000000000000000000e+00,0.000000000000000000e+00,0.000000000000000000e+00,0.000000000000000000e+00,0.000000000000000000e+00,2.079171440098260746e+02,6.674460949372304697e+01,6.674460949372304697e+01,6.674460949372304697e+01,6.674460949372304697e+01,0.000000000000000000e+00,1.434628293667799710e+02,4.605378055066889686e+01,4.605378055066889686e+01,4.605378055066889686e+01,4.605378055066889686e+01
2.330000000000000000e+03,1.000000000000000000e+00,0.000000000000000000e+00,0.000000000000000000e+00,0.000000000000000000e+00,0.000000000000000000e+00,0.000000000000000000e+00,0.000000000000000000e+00,0.000000000000000000e+00,0.000000000000000000e+00,0.000000000000000000e+00,0.000000000000000000e+00,0.000000000000000000e+00,0.000000000000000000e+00,0.000000000000000000e+00,2.079171440098260746e+02,6.674460949372304697e+01,6.674460949372304697e+01,6.674460949372304697e+01,6.674460949372304697e+01,0.000000000000000000e+00,1.434628293667799710e+02,4.605378055066889686e+01,4.605378055066889686e+01,4.605378055066889686e+01,4.605378055066889686e+01
2.340000000000000000e+03,1.000000000000000000e+00,0.000000000000000000e+00,0.000000000000000000e+00,0.000000000000000000e+00,0.000000000000000000e+00,0.000000000000000000e+00,0.000000000000000000e+00,0.000000000000000000e+00,0.000000000000000000e+00,0.000000000000000000e+00,0.000000000000000000e+00,0.000000000000000000e+00,0.000000000000000000e+00,0.000000000000000000e+00,2.079171440098260746e+02,6.674460949372304697e+01,6.674460949372304697e+01,6.674460949372304697e+01,6.674460949372304697e+01,0.000000000000000000e+00,1.434628293667799710e+02,4.605378055066889686e+01,4.605378055066889686e+01,4.605378055066889686e+01,4.605378055066889686e+01
2.350000000000000000e+03,1.000000000000000000e+00,0.000000000000000000e+00,0.000000000000000000e+00,0.000000000000000000e+00,0.000000000000000000e+00,0.000000000000000000e+00,0.000000000000000000e+00,0.000000000000000000e+00,0.000000000000000000e+00,0.000000000000000000e+00,0.000000000000000000e+00,0.000000000000000000e+00,0.000000000000000000e+00,0.000000000000000000e+00,2.079171440098260746e+02,6.674460949372304697e+01,6.674460949372304697e+01,6.674460949372304697e+01,6.674460949372304697e+01,0.000000000000000000e+00,1.434628293667799710e+02,4.605378055066889686e+01,4.605378055066889686e+01,4.605378055066889686e+01,4.605378055066889686e+01
2.360000000000000000e+03,1.000000000000000000e+00,0.000000000000000000e+00,0.000000000000000000e+00,0.000000000000000000e+00,0.000000000000000000e+00,0.000000000000000000e+00,0.000000000000000000e+00,0.000000000000000000e+00,0.000000000000000000e+00,0.000000000000000000e+00,0.000000000000000000e+00,0.000000000000000000e+00,0.000000000000000000e+00,0.000000000000000000e+00,2.079171440098260746e+02,6.674460949372304697e+01,6.674460949372304697e+01,6.674460949372304697e+01,6.674460949372304697e+01,0.000000000000000000e+00,1.434628293667799710e+02,4.605378055066889686e+01,4.605378055066889686e+01,4.605378055066889686e+01,4.605378055066889686e+01
2.370000000000000000e+03,1.000000000000000000e+00,0.000000000000000000e+00,0.000000000000000000e+00,0.000000000000000000e+00,0.000000000000000000e+00,0.000000000000000000e+00,0.000000000000000000e+00,0.000000000000000000e+00,0.000000000000000000e+00,0.000000000000000000e+00,0.000000000000000000e+00,0.000000000000000000e+00,0.000000000000000000e+00,0.000000000000000000e+00,2.079171440098260746e+02,6.674460949372304697e+01,6.674460949372304697e+01,6.674460949372304697e+01,6.674460949372304697e+01,0.000000000000000000e+00,1.434628293667799710e+02,4.605378055066889686e+01,4.605378055066889686e+01,4.605378055066889686e+01,4.605378055066889686e+01
2.380000000000000000e+03,1.000000000000000000e+00,0.000000000000000000e+00,0.000000000000000000e+00,0.000000000000000000e+00,0.000000000000000000e+00,0.000000000000000000e+00,0.000000000000000000e+00,0.000000000000000000e+00,0.000000000000000000e+00,0.000000000000000000e+00,0.000000000000000000e+00,0.000000000000000000e+00,0.000000000000000000e+00,0.000000000000000000e+00,2.079171440098260746e+02,6.674460949372304697e+01,6.674460949372304697e+01,6.674460949372304697e+01,6.674460949372304697e+01,0.000000000000000000e+00,1.434628293667799710e+02,4.605378055066889686e+01,4.605378055066889686e+01,4.605378055066889686e+01,4.605378055066889686e+01
2.390000000000000000e+03,1.000000000000000000e+00,0.000000000000000000e+00,0.000000000000000000e+00,0.000000000000000000e+00,0.000000000000000000e+00,0.000000000000000000e+00,0.000000000000000000e+00,0.000000000000000000e+00,0.000000000000000000e+00,0.000000000000000000e+00,0.000000000000000000e+00,0.000000000000000000e+00,0.000000000000000000e+00,0.000000000000000000e+00,2.079171440098260746e+02,6.674460949372304697e+01,6.674460949372304697e+01,6.674460949372304697e+01,6.674460949372304697e+01,0.000000000000000000e+00,1.434628293667799710e+02,4.605378055066889686e+01,4.605378055066889686e+01,4.605378055066889686e+01,4.605378055066889686e+01
2.400000000000000000e+03,1.000000000000000000e+00,0.000000000000000000e+00,0.000000000000000000e+00,0.000000000000000000e+00,0.000000000000000000e+00,0.000000000000000000e+00,0.000000000000000000e+00,0.000000000000000000e+00,0.000000000000000000e+00,0.000000000000000000e+00,0.000000000000000000e+00,0.000000000000000000e+00,0.000000000000000000e+00,0.000000000000000000e+00,2.079171440098260746e+02,6.674460949372304697e+01,6.674460949372304697e+01,6.674460949372304697e+01,6.674460949372304697e+01,0.000000000000000000e+00,1.434628293667799710e+02,4.605378055066889686e+01,4.605378055066889686e+01,4.605378055066889686e+01,4.605378055066889686e+01
2.410000000000000000e+03,1.000000000000000000e+00,0.000000000000000000e+00,0.000000000000000000e+00,0.000000000000000000e+00,0.000000000000000000e+00,0.000000000000000000e+00,0.000000000000000000e+00,0.000000000000000000e+00,0.000000000000000000e+00,0.000000000000000000e+00,0.000000000000000000e+00,0.000000000000000000e+00,0.000000000000000000e+00,0.000000000000000000e+00,2.079171440098260746e+02,6.674460949372304697e+01,6.674460949372304697e+01,6.674460949372304697e+01,6.674460949372304697e+01,0.000000000000000000e+00,1.434628293667799710e+02,4.605378055066889686e+01,4.605378055066889686e+01,4.605378055066889686e+01,4.605378055066889686e+01
2.420000000000000000e+03,1.000000000000000000e+00,0.000000000000000000e+00,0.000000000000000000e+00,0.000000000000000000e+00,0.000000000000000000e+00,0.000000000000000000e+00,0.000000000000000000e+00,0.000000000000000000e+00,0.000000000000000000e+00,0.000000000000000000e+00,0.000000000000000000e+00,0.000000000000000000e+00,0.000000000000000000e+00,0.000000000000000000e+00,2.079171440098260746e+02,6.674460949372304697e+01,6.674460949372304697e+01,6.674460949372304697e+01,6.674460949372304697e+01,0.000000000000000000e+00,1.434628293667799710e+02,4.605378055066889686e+01,4.605378055066889686e+01,4.605378055066889686e+01,4.605378055066889686e+01
2.430000000000000000e+03,1.000000000000000000e+00,0.000000000000000000e+00,0.000000000000000000e+00,0.000000000000000000e+00,0.000000000000000000e+00,0.000000000000000000e+00,0.000000000000000000e+00,0.000000000000000000e+00,0.000000000000000000e+00,0.000000000000000000e+00,0.000000000000000000e+00,0.000000000000000000e+00,0.000000000000000000e+00,0.000000000000000000e+00,2.079171440098260746e+02,6.674460949372304697e+01,6.674460949372304697e+01,6.674460949372304697e+01,6.674460949372304697e+01,0.000000000000000000e+00,1.434628293667799710e+02,4.605378055066889686e+01,4.605378055066889686e+01,4.605378055066889686e+01,4.605378055066889686e+01
2.440000000000000000e+03,1.000000000000000000e+00,0.000000000000000000e+00,0.000000000000000000e+00,0.000000000000000000e+00,0.000000000000000000e+00,0.000000000000000000e+00,0.000000000000000000e+00,0.000000000000000000e+00,0.000000000000000000e+00,0.000000000000000000e+00,0.000000000000000000e+00,0.000000000000000000e+00,0.000000000000000000e+00,0.000000000000000000e+00,2.079171440098260746e+02,6.674460949372304697e+01,6.674460949372304697e+01,6.674460949372304697e+01,6.674460949372304697e+01,0.000000000000000000e+00,1.434628293667799710e+02,4.605378055066889686e+01,4.605378055066889686e+01,4.605378055066889686e+01,4.605378055066889686e+01
2.450000000000000000e+03,1.000000000000000000e+00,0.000000000000000000e+00,0.000000000000000000e+00,0.000000000000000000e+00,0.000000000000000000e+00,0.000000000000000000e+00,0.000000000000000000e+00,0.000000000000000000e+00,0.000000000000000000e+00,0.000000000000000000e+00,0.000000000000000000e+00,0.000000000000000000e+00,0.000000000000000000e+00,0.000000000000000000e+00,2.079171440098260746e+02,6.674460949372304697e+01,6.674460949372304697e+01,6.674460949372304697e+01,6.674460949372304697e+01,0.000000000000000000e+00,1.434628293667799710e+02,4.605378055066889686e+01,4.605378055066889686e+01,4.605378055066889686e+01,4.605378055066889686e+01
2.460000000000000000e+03,1.000000000000000000e+00,0.000000000000000000e+00,0.000000000000000000e+00,0.000000000000000000e+00,0.000000000000000000e+00,0.000000000000000000e+00,0.000000000000000000e+00,0.000000000000000000e+00,0.000000000000000000e+00,0.000000000000000000e+00,0.000000000000000000e+00,0.000000000000000000e+00,0.000000000000000000e+00,0.000000000000000000e+00,2.079171440098260746e+02,6.674460949372304697e+01,6.674460949372304697e+01,6.674460949372304697e+01,6.674460949372304697e+01,0.000000000000000000e+00,1.434628293667799710e+02,4.605378055066889686e+01,4.605378055066889686e+01,4.605378055066889686e+01,4.605378055066889686e+01
2.470000000000000000e+03,1.000000000000000000e+00,0.000000000000000000e+00,0.000000000000000000e+00,0.000000000000000000e+00,0.000000000000000000e+00,0.000000000000000000e+00,0.000000000000000000e+00,0.000000000000000000e+00,0.000000000000000000e+00,0.000000000000000000e+00,0.000000000000000000e+00,0.000000000000000000e+00,0.000000000000000000e+00,0.000000000000000000e+00,2.079171440098260746e+02,6.674460949372304697e+01,6.674460949372304697e+01,6.674460949372304697e+01,6.674460949372304697e+01,0.000000000000000000e+00,1.434628293667799710e+02,4.605378055066889686e+01,4.605378055066889686e+01,4.605378055066889686e+01,4.605378055066889686e+01
2.480000000000000000e+03,1.000000000000000000e+00,0.000000000000000000e+00,0.000000000000000000e+00,0.000000000000000000e+00,0.000000000000000000e+00,0.000000000000000000e+00,0.000000000000000000e+00,0.000000000000000000e+00,0.000000000000000000e+00,0.000000000000000000e+00,0.000000000000000000e+00,0.000000000000000000e+00,0.000000000000000000e+00,0.000000000000000000e+00,2.079171440098260746e+02,6.674460949372304697e+01,6.674460949372304697e+01,6.674460949372304697e+01,6.674460949372304697e+01,0.000000000000000000e+00,1.434628293667799710e+02,4.605378055066889686e+01,4.605378055066889686e+01,4.605378055066889686e+01,4.605378055066889686e+01
2.490000000000000000e+03,1.000000000000000000e+00,0.000000000000000000e+00,0.000000000000000000e+00,0.000000000000000000e+00,0.000000000000000000e+00,0.000000000000000000e+00,0.000000000000000000e+00,0.000000000000000000e+00,0.000000000000000000e+00,0.000000000000000000e+00,0.000000000000000000e+00,0.000000000000000000e+00,0.000000000000000000e+00,0.000000000000000000e+00,2.079171440098260746e+02,6.674460949372304697e+01,6.674460949372304697e+01,6.674460949372304697e+01,6.674460949372304697e+01,0.000000000000000000e+00,1.434628293667799710e+02,4.605378055066889686e+01,4.605378055066889686e+01,4.605378055066889686e+01,4.605378055066889686e+01
2.500000000000000000e+03,1.000000000000000000e+00,0.000000000000000000e+00,0.000000000000000000e+00,0.000000000000000000e+00,0.000000000000000000e+00,0.000000000000000000e+00,0.000000000000000000e+00,0.000000000000000000e+00,0.000000000000000000e+00,0.000000000000000000e+00,0.000000000000000000e+00,0.000000000000000000e+00,0.000000000000000000e+00,0.000000000000000000e+00,2.079171440098260746e+02,6.674460949372304697e+01,6.674460949372304697e+01,6.674460949372304697e+01,6.674460949372304697e+01,0.000000000000000000e+00,1.434628293667799710e+02,4.605378055066889686e+01,4.605378055066889686e+01,4.605378055066889686e+01,4.605378055066889686e+01
2.510000000000000000e+03,1.000000000000000000e+00,0.000000000000000000e+00,0.000000000000000000e+00,0.000000000000000000e+00,0.000000000000000000e+00,0.000000000000000000e+00,0.000000000000000000e+00,0.000000000000000000e+00,0.000000000000000000e+00,0.000000000000000000e+00,0.000000000000000000e+00,0.000000000000000000e+00,0.000000000000000000e+00,0.000000000000000000e+00,2.079171440098260746e+02,6.674460949372304697e+01,6.674460949372304697e+01,6.674460949372304697e+01,6.674460949372304697e+01,0.000000000000000000e+00,1.434628293667799710e+02,4.605378055066889686e+01,4.605378055066889686e+01,4.605378055066889686e+01,4.605378055066889686e+01
2.520000000000000000e+03,1.000000000000000000e+00,0.000000000000000000e+00,0.000000000000000000e+00,0.000000000000000000e+00,0.000000000000000000e+00,0.000000000000000000e+00,0.000000000000000000e+00,0.000000000000000000e+00,0.000000000000000000e+00,0.000000000000000000e+00,0.000000000000000000e+00,0.000000000000000000e+00,0.000000000000000000e+00,0.000000000000000000e+00,2.079171440098260746e+02,6.674460949372304697e+01,6.674460949372304697e+01,6.674460949372304697e+01,6.674460949372304697e+01,0.000000000000000000e+00,1.434628293667799710e+02,4.605378055066889686e+01,4.605378055066889686e+01,4.605378055066889686e+01,4.605378055066889686e+01
2.530000000000000000e+03,1.000000000000000000e+00,0.000000000000000000e+00,0.000000000000000000e+00,0.000000000000000000e+00,0.000000000000000000e+00,0.000000000000000000e+00,0.000000000000000000e+00,0.000000000000000000e+00,0.000000000000000000e+00,0.000000000000000000e+00,0.000000000000000000e+00,0.000000000000000000e+00,0.000000000000000000e+00,0.000000000000000000e+00,2.079171440098260746e+02,6.674460949372304697e+01,6.674460949372304697e+01,6.674460949372304697e+01,6.674460949372304697e+01,0.000000000000000000e+00,1.434628293667799710e+02,4.605378055066889686e+01,4.605378055066889686e+01,4.605378055066889686e+01,4.605378055066889686e+01
2.540000000000000000e+03,1.000000000000000000e+00,0.000000000000000000e+00,0.000000000000000000e+00,0.000000000000000000e+00,0.000000000000000000e+00,0.000000000000000000e+00,0.000000000000000000e+00,0.000000000000000000e+00,0.000000000000000000e+00,0.000000000000000000e+00,0.000000000000000000e+00,0.000000000000000000e+00,0.000000000000000000e+00,0.000000000000000000e+00,2.079171440098260746e+02,6.674460949372304697e+01,6.674460949372304697e+01,6.674460949372304697e+01,6.674460949372304697e+01,0.000000000000000000e+00,1.434628293667799710e+02,4.605378055066889686e+01,4.605378055066889686e+01,4.605378055066889686e+01,4.605378055066889686e+01
2.550000000000000000e+03,1.000000000000000000e+00,0.000000000000000000e+00,0.000000000000000000e+00,0.000000000000000000e+00,0.000000000000000000e+00,0.000000000000000000e+00,0.000000000000000000e+00,0.000000000000000000e+00,0.000000000000000000e+00,0.000000000000000000e+00,0.000000000000000000e+00,0.000000000000000000e+00,0.000000000000000000e+00,0.000000000000000000e+00,2.079171440098260746e+02,6.674460949372304697e+01,6.674460949372304697e+01,6.674460949372304697e+01,6.674460949372304697e+01,0.000000000000000000e+00,1.434628293667799710e+02,4.605378055066889686e+01,4.605378055066889686e+01,4.605378055066889686e+01,4.605378055066889686e+01
2.560000000000000000e+03,1.000000000000000000e+00,0.000000000000000000e+00,0.000000000000000000e+00,0.000000000000000000e+00,0.000000000000000000e+00,0.000000000000000000e+00,0.000000000000000000e+00,0.000000000000000000e+00,0.000000000000000000e+00,0.000000000000000000e+00,0.000000000000000000e+00,0.000000000000000000e+00,0.000000000000000000e+00,0.000000000000000000e+00,2.079171440098260746e+02,6.674460949372304697e+01,6.674460949372304697e+01,6.674460949372304697e+01,6.674460949372304697e+01,0.000000000000000000e+00,1.434628293667799710e+02,4.605378055066889686e+01,4.605378055066889686e+01,4.605378055066889686e+01,4.605378055066889686e+01
2.570000000000000000e+03,1.000000000000000000e+00,0.000000000000000000e+00,0.000000000000000000e+00,0.000000000000000000e+00,0.000000000000000000e+00,0.000000000000000000e+00,0.000000000000000000e+00,0.000000000000000000e+00,0.000000000000000000e+00,0.000000000000000000e+00,0.000000000000000000e+00,0.000000000000000000e+00,0.000000000000000000e+00,0.000000000000000000e+00,2.079171440098260746e+02,6.674460949372304697e+01,6.674460949372304697e+01,6.674460949372304697e+01,6.674460949372304697e+01,0.000000000000000000e+00,1.434628293667799710e+02,4.605378055066889686e+01,4.605378055066889686e+01,4.605378055066889686e+01,4.605378055066889686e+01
2.580000000000000000e+03,1.000000000000000000e+00,0.000000000000000000e+00,0.000000000000000000e+00,0.000000000000000000e+00,0.000000000000000000e+00,0.000000000000000000e+00,0.000000000000000000e+00,0.000000000000000000e+00,0.000000000000000000e+00,0.000000000000000000e+00,0.000000000000000000e+00,0.000000000000000000e+00,0.000000000000000000e+00,0.000000000000000000e+00,2.079171440098260746e+02,6.674460949372304697e+01,6.674460949372304697e+01,6.674460949372304697e+01,6.674460949372304697e+01,0.000000000000000000e+00,1.434628293667799710e+02,4.605378055066889686e+01,4.605378055066889686e+01,4.605378055066889686e+01,4.605378055066889686e+01
2.590000000000000000e+03,1.000000000000000000e+00,0.000000000000000000e+00,0.000000000000000000e+00,0.000000000000000000e+00,0.000000000000000000e+00,0.000000000000000000e+00,0.000000000000000000e+00,0.000000000000000000e+00,0.000000000000000000e+00,0.000000000000000000e+00,0.000000000000000000e+00,0.000000000000000000e+00,0.000000000000000000e+00,0.000000000000000000e+00,2.079171440098260746e+02,6.674460949372304697e+01,6.674460949372304697e+01,6.674460949372304697e+01,6.674460949372304697e+01,0.000000000000000000e+00,1.434628293667799710e+02,4.605378055066889686e+01,4.605378055066889686e+01,4.605378055066889686e+01,4.605378055066889686e+01
2.600000000000000000e+03,1.000000000000000000e+00,0.000000000000000000e+00,0.000000000000000000e+00,0.000000000000000000e+00,0.000000000000000000e+00,0.000000000000000000e+00,0.000000000000000000e+00,0.000000000000000000e+00,0.000000000000000000e+00,0.000000000000000000e+00,0.000000000000000000e+00,0.000000000000000000e+00,0.000000000000000000e+00,0.000000000000000000e+00,2.079171440098260746e+02,6.674460949372304697e+01,6.674460949372304697e+01,6.674460949372304697e+01,6.674460949372304697e+01,0.000000000000000000e+00,1.434628293667799710e+02,4.605378055066889686e+01,4.605378055066889686e+01,4.605378055066889686e+01,4.605378055066889686e+01
2.610000000000000000e+03,1.000000000000000000e+00,0.000000000000000000e+00,0.000000000000000000e+00,0.000000000000000000e+00,0.000000000000000000e+00,0.000000000000000000e+00,0.000000000000000000e+00,0.000000000000000000e+00,0.000000000000000000e+00,0.000000000000000000e+00,0.000000000000000000e+00,0.000000000000000000e+00,0.000000000000000000e+00,0.000000000000000000e+00,2.079171440098260746e+02,6.674460949372304697e+01,6.674460949372304697e+01,6.674460949372304697e+01,6.674460949372304697e+01,0.000000000000000000e+00,1.434628293667799710e+02,4.605378055066889686e+01,4.605378055066889686e+01,4.605378055066889686e+01,4.605378055066889686e+01
2.620000000000000000e+03,1.000000000000000000e+00,0.000000000000000000e+00,0.000000000000000000e+00,0.000000000000000000e+00,0.000000000000000000e+00,0.000000000000000000e+00,0.000000000000000000e+00,0.000000000000000000e+00,0.000000000000000000e+00,0.000000000000000000e+00,0.000000000000000000e+00,0.000000000000000000e+00,0.000000000000000000e+00,0.000000000000000000e+00,2.079171440098260746e+02,6.674460949372304697e+01,6.674460949372304697e+01,6.674460949372304697e+01,6.674460949372304697e+01,0.000000000000000000e+00,1.434628293667799710e+02,4.605378055066889686e+01,4.605378055066889686e+01,4.605378055066889686e+01,4.605378055066889686e+01
2.630000000000000000e+03,1.000000000000000000e+00,0.000000000000000000e+00,0.000000000000000000e+00,0.000000000000000000e+00,0.000000000000000000e+00,0.000000000000000000e+00,0.000000000000000000e+00,0.000000000000000000e+00,0.000000000000000000e+00,0.000000000000000000e+00,0.000000000000000000e+00,0.000000000000000000e+00,0.000000000000000000e+00,0.000000000000000000e+00,2.079171440098260746e+02,6.674460949372304697e+01,6.674460949372304697e+01,6.674460949372304697e+01,6.674460949372304697e+01,0.000000000000000000e+00,1.434628293667799710e+02,4.605378055066889686e+01,4.605378055066889686e+01,4.605378055066889686e+01,4.605378055066889686e+01
2.640000000000000000e+03,1.000000000000000000e+00,0.000000000000000000e+00,0.000000000000000000e+00,0.000000000000000000e+00,0.000000000000000000e+00,0.000000000000000000e+00,0.000000000000000000e+00,0.000000000000000000e+00,0.000000000000000000e+00,0.000000000000000000e+00,0.000000000000000000e+00,0.000000000000000000e+00,0.000000000000000000e+00,0.000000000000000000e+00,2.079171440098260746e+02,6.674460949372304697e+01,6.674460949372304697e+01,6.674460949372304697e+01,6.674460949372304697e+01,0.000000000000000000e+00,1.434628293667799710e+02,4.605378055066889686e+01,4.605378055066889686e+01,4.605378055066889686e+01,4.605378055066889686e+01
2.650000000000000000e+03,1.000000000000000000e+00,0.000000000000000000e+00,0.000000000000000000e+00,0.000000000000000000e+00,0.000000000000000000e+00,0.000000000000000000e+00,0.000000000000000000e+00,0.000000000000000000e+00,0.000000000000000000e+00,0.000000000000000000e+00,0.000000000000000000e+00,0.000000000000000000e+00,0.000000000000000000e+00,0.000000000000000000e+00,2.079171440098260746e+02,6.674460949372304697e+01,6.674460949372304697e+01,6.674460949372304697e+01,6.674460949372304697e+01,0.000000000000000000e+00,1.434628293667799710e+02,4.605378055066889686e+01,4.605378055066889686e+01,4.605378055066889686e+01,4.605378055066889686e+01
2.660000000000000000e+03,1.000000000000000000e+00,0.000000000000000000e+00,0.000000000000000000e+00,0.000000000000000000e+00,0.000000000000000000e+00,0.000000000000000000e+00,0.000000000000000000e+00,0.000000000000000000e+00,0.000000000000000000e+00,0.000000000000000000e+00,0.000000000000000000e+00,0.000000000000000000e+00,0.000000000000000000e+00,0.000000000000000000e+00,2.079171440098260746e+02,6.674460949372304697e+01,6.674460949372304697e+01,6.674460949372304697e+01,6.674460949372304697e+01,0.000000000000000000e+00,1.434628293667799710e+02,4.605378055066889686e+01,4.605378055066889686e+01,4.605378055066889686e+01,4.605378055066889686e+01
2.670000000000000000e+03,1.000000000000000000e+00,0.000000000000000000e+00,0.000000000000000000e+00,0.000000000000000000e+00,0.000000000000000000e+00,0.000000000000000000e+00,0.000000000000000000e+00,0.000000000000000000e+00,0.000000000000000000e+00,0.000000000000000000e+00,0.000000000000000000e+00,0.000000000000000000e+00,0.000000000000000000e+00,0.000000000000000000e+00,2.079171440098260746e+02,6.674460949372304697e+01,6.674460949372304697e+01,6.674460949372304697e+01,6.674460949372304697e+01,0.000000000000000000e+00,1.434628293667799710e+02,4.605378055066889686e+01,4.605378055066889686e+01,4.605378055066889686e+01,4.605378055066889686e+01
2.680000000000000000e+03,1.000000000000000000e+00,0.000000000000000000e+00,0.000000000000000000e+00,0.000000000000000000e+00,0.000000000000000000e+00,0.000000000000000000e+00,0.000000000000000000e+00,0.000000000000000000e+00,0.000000000000000000e+00,0.000000000000000000e+00,0.000000000000000000e+00,0.000000000000000000e+00,0.000000000000000000e+00,0.000000000000000000e+00,2.079171440098260746e+02,6.674460949372304697e+01,6.674460949372304697e+01,6.674460949372304697e+01,6.674460949372304697e+01,0.000000000000000000e+00,1.434628293667799710e+02,4.605378055066889686e+01,4.605378055066889686e+01,4.605378055066889686e+01,4.605378055066889686e+01
2.690000000000000000e+03,1.000000000000000000e+00,0.000000000000000000e+00,0.000000000000000000e+00,0.000000000000000000e+00,0.000000000000000000e+00,0.000000000000000000e+00,0.000000000000000000e+00,0.000000000000000000e+00,0.000000000000000000e+00,0.000000000000000000e+00,0.000000000000000000e+00,0.000000000000000000e+00,0.000000000000000000e+00,0.000000000000000000e+00,2.079171440098260746e+02,6.674460949372304697e+01,6.674460949372304697e+01,6.674460949372304697e+01,6.674460949372304697e+01,0.000000000000000000e+00,1.434628293667799710e+02,4.605378055066889686e+01,4.605378055066889686e+01,4.605378055066889686e+01,4.605378055066889686e+01
2.700000000000000000e+03,1.000000000000000000e+00,0.000000000000000000e+00,0.000000000000000000e+00,0.000000000000000000e+00,0.000000000000000000e+00,0.000000000000000000e+00,0.000000000000000000e+00,0.000000000000000000e+00,0.000000000000000000e+00,0.000000000000000000e+00,0.000000000000000000e+00,0.000000000000000000e+00,0.000000000000000000e+00,0.000000000000000000e+00,2.079171440098260746e+02,6.674460949372304697e+01,6.674460949372304697e+01,6.674460949372304697e+01,6.674460949372304697e+01,0.000000000000000000e+00,1.434628293667799710e+02,4.605378055066889686e+01,4.605378055066889686e+01,4.605378055066889686e+01,4.605378055066889686e+01
2.710000000000000000e+03,1.000000000000000000e+00,0.000000000000000000e+00,0.000000000000000000e+00,0.000000000000000000e+00,0.000000000000000000e+00,0.000000000000000000e+00,0.000000000000000000e+00,0.000000000000000000e+00,0.000000000000000000e+00,0.000000000000000000e+00,0.000000000000000000e+00,0.000000000000000000e+00,0.000000000000000000e+00,0.000000000000000000e+00,2.079171440098260746e+02,6.674460949372304697e+01,6.674460949372304697e+01,6.674460949372304697e+01,6.674460949372304697e+01,0.000000000000000000e+00,1.434628293667799710e+02,4.605378055066889686e+01,4.605378055066889686e+01,4.605378055066889686e+01,4.605378055066889686e+01
2.720000000000000000e+03,1.000000000000000000e+00,0.000000000000000000e+00,0.000000000000000000e+00,0.000000000000000000e+00,0.000000000000000000e+00,0.000000000000000000e+00,0.000000000000000000e+00,0.000000000000000000e+00,0.000000000000000000e+00,0.000000000000000000e+00,0.000000000000000000e+00,0.000000000000000000e+00,0.000000000000000000e+00,0.000000000000000000e+00,2.079171440098260746e+02,6.674460949372304697e+01,6.674460949372304697e+01,6.674460949372304697e+01,6.674460949372304697e+01,0.000000000000000000e+00,1.434628293667799710e+02,4.605378055066889686e+01,4.605378055066889686e+01,4.605378055066889686e+01,4.605378055066889686e+01
2.730000000000000000e+03,1.000000000000000000e+00,0.000000000000000000e+00,0.000000000000000000e+00,0.000000000000000000e+00,0.000000000000000000e+00,0.000000000000000000e+00,0.000000000000000000e+00,0.000000000000000000e+00,0.000000000000000000e+00,0.000000000000000000e+00,0.000000000000000000e+00,0.000000000000000000e+00,0.000000000000000000e+00,0.000000000000000000e+00,2.079171440098260746e+02,6.674460949372304697e+01,6.674460949372304697e+01,6.674460949372304697e+01,6.674460949372304697e+01,0.000000000000000000e+00,1.434628293667799710e+02,4.605378055066889686e+01,4.605378055066889686e+01,4.605378055066889686e+01,4.605378055066889686e+01
2.740000000000000000e+03,1.000000000000000000e+00,0.000000000000000000e+00,0.000000000000000000e+00,0.000000000000000000e+00,0.000000000000000000e+00,0.000000000000000000e+00,0.000000000000000000e+00,0.000000000000000000e+00,0.000000000000000000e+00,0.000000000000000000e+00,0.000000000000000000e+00,0.000000000000000000e+00,0.000000000000000000e+00,0.000000000000000000e+00,2.079171440098260746e+02,6.674460949372304697e+01,6.674460949372304697e+01,6.674460949372304697e+01,6.674460949372304697e+01,0.000000000000000000e+00,1.434628293667799710e+02,4.605378055066889686e+01,4.605378055066889686e+01,4.605378055066889686e+01,4.605378055066889686e+01
2.750000000000000000e+03,1.000000000000000000e+00,0.000000000000000000e+00,0.000000000000000000e+00,0.000000000000000000e+00,0.000000000000000000e+00,0.000000000000000000e+00,0.000000000000000000e+00,0.000000000000000000e+00,0.000000000000000000e+00,0.000000000000000000e+00,0.000000000000000000e+00,0.000000000000000000e+00,0.000000000000000000e+00,0.000000000000000000e+00,2.079171440098260746e+02,6.674460949372304697e+01,6.674460949372304697e+01,6.674460949372304697e+01,6.674460949372304697e+01,0.000000000000000000e+00,1.434628293667799710e+02,4.605378055066889686e+01,4.605378055066889686e+01,4.605378055066889686e+01,4.605378055066889686e+01
2.760000000000000000e+03,1.000000000000000000e+00,0.000000000000000000e+00,0.000000000000000000e+00,0.000000000000000000e+00,0.000000000000000000e+00,0.000000000000000000e+00,0.000000000000000000e+00,0.000000000000000000e+00,0.000000000000000000e+00,0.000000000000000000e+00,0.000000000000000000e+00,0.000000000000000000e+00,0.000000000000000000e+00,0.000000000000000000e+00,2.079171440098260746e+02,6.674460949372304697e+01,6.674460949372304697e+01,6.674460949372304697e+01,6.674460949372304697e+01,0.000000000000000000e+00,1.434628293667799710e+02,4.605378055066889686e+01,4.605378055066889686e+01,4.605378055066889686e+01,4.605378055066889686e+01
2.770000000000000000e+03,1.000000000000000000e+00,0.000000000000000000e+00,0.000000000000000000e+00,0.000000000000000000e+00,0.000000000000000000e+00,0.000000000000000000e+00,0.000000000000000000e+00,0.000000000000000000e+00,0.000000000000000000e+00,0.000000000000000000e+00,0.000000000000000000e+00,0.000000000000000000e+00,0.000000000000000000e+00,0.000000000000000000e+00,2.079171440098260746e+02,6.674460949372304697e+01,6.674460949372304697e+01,6.674460949372304697e+01,6.674460949372304697e+01,0.000000000000000000e+00,1.434628293667799710e+02,4.605378055066889686e+01,4.605378055066889686e+01,4.605378055066889686e+01,4.605378055066889686e+01
2.780000000000000000e+03,1.000000000000000000e+00,0.000000000000000000e+00,0.000000000000000000e+00,0.000000000000000000e+00,0.000000000000000000e+00,0.000000000000000000e+00,0.000000000000000000e+00,0.000000000000000000e+00,0.000000000000000000e+00,0.000000000000000000e+00,0.000000000000000000e+00,0.000000000000000000e+00,0.000000000000000000e+00,0.000000000000000000e+00,2.079171440098260746e+02,6.674460949372304697e+01,6.674460949372304697e+01,6.674460949372304697e+01,6.674460949372304697e+01,0.000000000000000000e+00,1.434628293667799710e+02,4.605378055066889686e+01,4.605378055066889686e+01,4.605378055066889686e+01,4.605378055066889686e+01
2.790000000000000000e+03,1.000000000000000000e+00,0.000000000000000000e+00,0.000000000000000000e+00,0.000000000000000000e+00,0.000000000000000000e+00,0.000000000000000000e+00,0.000000000000000000e+00,0.000000000000000000e+00,0.000000000000000000e+00,0.000000000000000000e+00,0.000000000000000000e+00,0.000000000000000000e+00,0.000000000000000000e+00,0.000000000000000000e+00,2.079171440098260746e+02,6.674460949372304697e+01,6.674460949372304697e+01,6.674460949372304697e+01,6.674460949372304697e+01,0.000000000000000000e+00,1.434628293667799710e+02,4.605378055066889686e+01,4.605378055066889686e+01,4.605378055066889686e+01,4.605378055066889686e+01
2.800000000000000000e+03,1.000000000000000000e+00,0.000000000000000000e+00,0.000000000000000000e+00,0.000000000000000000e+00,0.000000000000000000e+00,0.000000000000000000e+00,0.000000000000000000e+00,0.000000000000000000e+00,0.000000000000000000e+00,0.000000000000000000e+00,0.000000000000000000e+00,0.000000000000000000e+00,0.000000000000000000e+00,0.000000000000000000e+00,2.079171440098260746e+02,6.674460949372304697e+01,6.674460949372304697e+01,6.674460949372304697e+01,6.674460949372304697e+01,0.000000000000000000e+00,1.434628293667799710e+02,4.605378055066889686e+01,4.605378055066889686e+01,4.605378055066889686e+01,4.605378055066889686e+01
2.810000000000000000e+03,1.000000000000000000e+00,0.000000000000000000e+00,0.000000000000000000e+00,0.000000000000000000e+00,0.000000000000000000e+00,0.000000000000000000e+00,0.000000000000000000e+00,0.000000000000000000e+00,0.000000000000000000e+00,0.000000000000000000e+00,0.000000000000000000e+00,0.000000000000000000e+00,0.000000000000000000e+00,0.000000000000000000e+00,2.079171440098260746e+02,6.674460949372304697e+01,6.674460949372304697e+01,6.674460949372304697e+01,6.674460949372304697e+01,0.000000000000000000e+00,1.434628293667799710e+02,4.605378055066889686e+01,4.605378055066889686e+01,4.605378055066889686e+01,4.605378055066889686e+01
2.820000000000000000e+03,1.000000000000000000e+00,0.000000000000000000e+00,0.000000000000000000e+00,0.000000000000000000e+00,0.000000000000000000e+00,0.000000000000000000e+00,0.000000000000000000e+00,0.000000000000000000e+00,0.000000000000000000e+00,0.000000000000000000e+00,0.000000000000000000e+00,0.000000000000000000e+00,0.000000000000000000e+00,0.000000000000000000e+00,2.079171440098260746e+02,6.674460949372304697e+01,6.674460949372304697e+01,6.674460949372304697e+01,6.674460949372304697e+01,0.000000000000000000e+00,1.434628293667799710e+02,4.605378055066889686e+01,4.605378055066889686e+01,4.605378055066889686e+01,4.605378055066889686e+01
2.830000000000000000e+03,1.000000000000000000e+00,0.000000000000000000e+00,0.000000000000000000e+00,0.000000000000000000e+00,0.000000000000000000e+00,0.000000000000000000e+00,0.000000000000000000e+00,0.000000000000000000e+00,0.000000000000000000e+00,0.000000000000000000e+00,0.000000000000000000e+00,0.000000000000000000e+00,0.000000000000000000e+00,0.000000000000000000e+00,2.079171440098260746e+02,6.674460949372304697e+01,6.674460949372304697e+01,6.674460949372304697e+01,6.674460949372304697e+01,0.000000000000000000e+00,1.434628293667799710e+02,4.605378055066889686e+01,4.605378055066889686e+01,4.605378055066889686e+01,4.605378055066889686e+01
2.840000000000000000e+03,1.000000000000000000e+00,0.000000000000000000e+00,0.000000000000000000e+00,0.000000000000000000e+00,0.000000000000000000e+00,0.000000000000000000e+00,0.000000000000000000e+00,0.000000000000000000e+00,0.000000000000000000e+00,0.000000000000000000e+00,0.000000000000000000e+00,0.000000000000000000e+00,0.000000000000000000e+00,0.000000000000000000e+00,2.079171440098260746e+02,6.674460949372304697e+01,6.674460949372304697e+01,6.674460949372304697e+01,6.674460949372304697e+01,0.000000000000000000e+00,1.434628293667799710e+02,4.605378055066889686e+01,4.605378055066889686e+01,4.605378055066889686e+01,4.605378055066889686e+01
2.850000000000000000e+03,1.000000000000000000e+00,0.000000000000000000e+00,0.000000000000000000e+00,0.000000000000000000e+00,0.000000000000000000e+00,0.000000000000000000e+00,0.000000000000000000e+00,0.000000000000000000e+00,0.000000000000000000e+00,0.000000000000000000e+00,0.000000000000000000e+00,0.000000000000000000e+00,0.000000000000000000e+00,0.000000000000000000e+00,2.079171440098260746e+02,6.674460949372304697e+01,6.674460949372304697e+01,6.674460949372304697e+01,6.674460949372304697e+01,0.000000000000000000e+00,1.434628293667799710e+02,4.605378055066889686e+01,4.605378055066889686e+01,4.605378055066889686e+01,4.605378055066889686e+01
2.860000000000000000e+03,1.000000000000000000e+00,0.000000000000000000e+00,0.000000000000000000e+00,0.000000000000000000e+00,0.000000000000000000e+00,0.000000000000000000e+00,0.000000000000000000e+00,0.000000000000000000e+00,0.000000000000000000e+00,0.000000000000000000e+00,0.000000000000000000e+00,0.000000000000000000e+00,0.000000000000000000e+00,0.000000000000000000e+00,2.079171440098260746e+02,6.674460949372304697e+01,6.674460949372304697e+01,6.674460949372304697e+01,6.674460949372304697e+01,0.000000000000000000e+00,1.434628293667799710e+02,4.605378055066889686e+01,4.605378055066889686e+01,4.605378055066889686e+01,4.605378055066889686e+01
2.870000000000000000e+03,1.000000000000000000e+00,0.000000000000000000e+00,0.000000000000000000e+00,0.000000000000000000e+00,0.000000000000000000e+00,0.000000000000000000e+00,0.000000000000000000e+00,0.000000000000000000e+00,0.000000000000000000e+00,0.000000000000000000e+00,0.000000000000000000e+00,0.000000000000000000e+00,0.000000000000000000e+00,0.000000000000000000e+00,2.079171440098260746e+02,6.674460949372304697e+01,6.674460949372304697e+01,6.674460949372304697e+01,6.674460949372304697e+01,0.000000000000000000e+00,1.434628293667799710e+02,4.605378055066889686e+01,4.605378055066889686e+01,4.605378055066889686e+01,4.605378055066889686e+01
2.880000000000000000e+03,1.000000000000000000e+00,0.000000000000000000e+00,0.000000000000000000e+00,0.000000000000000000e+00,0.000000000000000000e+00,0.000000000000000000e+00,0.000000000000000000e+00,0.000000000000000000e+00,0.000000000000000000e+00,0.000000000000000000e+00,0.000000000000000000e+00,0.000000000000000000e+00,0.000000000000000000e+00,0.000000000000000000e+00,2.079171440098260746e+02,6.674460949372304697e+01,6.674460949372304697e+01,6.674460949372304697e+01,6.674460949372304697e+01,0.000000000000000000e+00,1.434628293667799710e+02,4.605378055066889686e+01,4.605378055066889686e+01,4.605378055066889686e+01,4.605378055066889686e+01
2.890000000000000000e+03,1.000000000000000000e+00,0.000000000000000000e+00,0.000000000000000000e+00,0.000000000000000000e+00,0.000000000000000000e+00,0.000000000000000000e+00,0.000000000000000000e+00,0.000000000000000000e+00,0.000000000000000000e+00,0.000000000000000000e+00,0.000000000000000000e+00,0.000000000000000000e+00,0.000000000000000000e+00,0.000000000000000000e+00,2.079171440098260746e+02,6.674460949372304697e+01,6.674460949372304697e+01,6.674460949372304697e+01,6.674460949372304697e+01,0.000000000000000000e+00,1.434628293667799710e+02,4.605378055066889686e+01,4.605378055066889686e+01,4.605378055066889686e+01,4.605378055066889686e+01
2.900000000000000000e+03,1.000000000000000000e+00,0.000000000000000000e+00,0.000000000000000000e+00,0.000000000000000000e+00,0.000000000000000000e+00,0.000000000000000000e+00,0.000000000000000000e+00,0.000000000000000000e+00,0.000000000000000000e+00,0.000000000000000000e+00,0.000000000000000000e+00,0.000000000000000000e+00,0.000000000000000000e+00,0.000000000000000000e+00,2.079171440098260746e+02,6.674460949372304697e+01,6.674460949372304697e+01,6.674460949372304697e+01,6.674460949372304697e+01,0.000000000000000000e+00,1.434628293667799710e+02,4.605378055066889686e+01,4.605378055066889686e+01,4.605378055066889686e+01,4.605378055066889686e+01
2.910000000000000000e+03,1.000000000000000000e+00,0.000000000000000000e+00,0.000000000000000000e+00,0.000000000000000000e+00,0.000000000000000000e+00,0.000000000000000000e+00,0.000000000000000000e+00,0.000000000000000000e+00,0.000000000000000000e+00,0.000000000000000000e+00,0.000000000000000000e+00,0.000000000000000000e+00,0.000000000000000000e+00,0.000000000000000000e+00,2.079171440098260746e+02,6.674460949372304697e+01,6.674460949372304697e+01,6.674460949372304697e+01,6.674460949372304697e+01,0.000000000000000000e+00,1.434628293667799710e+02,4.605378055066889686e+01,4.605378055066889686e+01,4.605378055066889686e+01,4.605378055066889686e+01
2.920000000000000000e+03,1.000000000000000000e+00,0.000000000000000000e+00,0.000000000000000000e+00,0.000000000000000000e+00,0.000000000000000000e+00,0.000000000000000000e+00,0.000000000000000000e+00,0.000000000000000000e+00,0.000000000000000000e+00,0.000000000000000000e+00,0.000000000000000000e+00,0.000000000000000000e+00,0.000000000000000000e+00,0.000000000000000000e+00,2.079171440098260746e+02,6.674460949372304697e+01,6.674460949372304697e+01,6.674460949372304697e+01,6.674460949372304697e+01,0.000000000000000000e+00,1.434628293667799710e+02,4.605378055066889686e+01,4.605378055066889686e+01,4.605378055066889686e+01,4.605378055066889686e+01
2.930000000000000000e+03,1.000000000000000000e+00,0.000000000000000000e+00,0.000000000000000000e+00,0.000000000000000000e+00,0.000000000000000000e+00,0.000000000000000000e+00,0.000000000000000000e+00,0.000000000000000000e+00,0.000000000000000000e+00,0.000000000000000000e+00,0.000000000000000000e+00,0.000000000000000000e+00,0.000000000000000000e+00,0.000000000000000000e+00,2.079171440098260746e+02,6.674460949372304697e+01,6.674460949372304697e+01,6.674460949372304697e+01,6.674460949372304697e+01,0.000000000000000000e+00,1.434628293667799710e+02,4.605378055066889686e+01,4.605378055066889686e+01,4.605378055066889686e+01,4.605378055066889686e+01
2.940000000000000000e+03,1.000000000000000000e+00,0.000000000000000000e+00,0.000000000000000000e+00,0.000000000000000000e+00,0.000000000000000000e+00,0.000000000000000000e+00,0.000000000000000000e+00,0.000000000000000000e+00,0.000000000000000000e+00,0.000000000000000000e+00,0.000000000000000000e+00,0.000000000000000000e+00,0.000000000000000000e+00,0.000000000000000000e+00,2.079171440098260746e+02,6.674460949372304697e+01,6.674460949372304697e+01,6.674460949372304697e+01,6.674460949372304697e+01,0.000000000000000000e+00,1.434628293667799710e+02,4.605378055066889686e+01,4.605378055066889686e+01,4.605378055066889686e+01,4.605378055066889686e+01
2.950000000000000000e+03,1.000000000000000000e+00,0.000000000000000000e+00,0.000000000000000000e+00,0.000000000000000000e+00,0.000000000000000000e+00,0.000000000000000000e+00,0.000000000000000000e+00,0.000000000000000000e+00,0.000000000000000000e+00,0.000000000000000000e+00,0.000000000000000000e+00,0.000000000000000000e+00,0.000000000000000000e+00,0.000000000000000000e+00,2.079171440098260746e+02,6.674460949372304697e+01,6.674460949372304697e+01,6.674460949372304697e+01,6.674460949372304697e+01,0.000000000000000000e+00,1.434628293667799710e+02,4.605378055066889686e+01,4.605378055066889686e+01,4.605378055066889686e+01,4.605378055066889686e+01
2.960000000000000000e+03,1.000000000000000000e+00,0.000000000000000000e+00,0.000000000000000000e+00,0.000000000000000000e+00,0.000000000000000000e+00,0.000000000000000000e+00,0.000000000000000000e+00,0.000000000000000000e+00,0.000000000000000000e+00,0.000000000000000000e+00,0.000000000000000000e+00,0.000000000000000000e+00,0.000000000000000000e+00,0.000000000000000000e+00,2.079171440098260746e+02,6.674460949372304697e+01,6.674460949372304697e+01,6.674460949372304697e+01,6.674460949372304697e+01,0.000000000000000000e+00,1.434628293667799710e+02,4.605378055066889686e+01,4.605378055066889686e+01,4.605378055066889686e+01,4.605378055066889686e+01
2.970000000000000000e+03,1.000000000000000000e+00,0.000000000000000000e+00,0.000000000000000000e+00,0.000000000000000000e+00,0.000000000000000000e+00,0.000000000000000000e+00,0.000000000000000000e+00,0.000000000000000000e+00,0.000000000000000000e+00,0.000000000000000000e+00,0.000000000000000000e+00,0.000000000000000000e+00,0.000000000000000000e+00,0.000000000000000000e+00,2.079171440098260746e+02,6.674460949372304697e+01,6.674460949372304697e+01,6.674460949372304697e+01,6.674460949372304697e+01,0.000000000000000000e+00,1.434628293667799710e+02,4.605378055066889686e+01,4.605378055066889686e+01,4.605378055066889686e+01,4.605378055066889686e+01
2.980000000000000000e+03,1.000000000000000000e+00,0.000000000000000000e+00,0.000000000000000000e+00,0.000000000000000000e+00,0.000000000000000000e+00,0.000000000000000000e+00,0.000000000000000000e+00,0.000000000000000000e+00,0.000000000000000000e+00,0.000000000000000000e+00,0.000000000000000000e+00,0.000000000000000000e+00,0.000000000000000000e+00,0.000000000000000000e+00,2.079171440098260746e+02,6.674460949372304697e+01,6.674460949372304697e+01,6.674460949372304697e+01,6.674460949372304697e+01,0.000000000000000000e+00,1.434628293667799710e+02,4.605378055066889686e+01,4.605378055066889686e+01,4.605378055066889686e+01,4.605378055066889686e+01
2.990000000000000000e+03,1.000000000000000000e+00,0.000000000000000000e+00,0.000000000000000000e+00,0.000000000000000000e+00,0.000000000000000000e+00,0.000000000000000000e+00,0.000000000000000000e+00,0.000000000000000000e+00,0.000000000000000000e+00,0.000000000000000000e+00,0.000000000000000000e+00,0.000000000000000000e+00,0.000000000000000000e+00,0.000000000000000000e+00,2.079171440098260746e+02,6.674460949372304697e+01,6.674460949372304697e+01,6.674460949372304697e+01,6.674460949372304697e+01,0.000000000000000000e+00,1.434628293667799710e+02,4.605378055066889686e+01,4.605378055066889686e+01,4.605378055066889686e+01,4.605378055066889686e+01
3.000000000000000000e+03,1.000000000000000000e+00,0.000000000000000000e+00,0.000000000000000000e+00,0.000000000000000000e+00,0.000000000000000000e+00,0.000000000000000000e+00,0.000000000000000000e+00,0.000000000000000000e+00,0.000000000000000000e+00,0.000000000000000000e+00,0.000000000000000000e+00,0.000000000000000000e+00,0.000000000000000000e+00,0.000000000000000000e+00,2.079171440098260746e+02,6.674460949372304697e+01,6.674460949372304697e+01,6.674460949372304697e+01,6.674460949372304697e+01,0.000000000000000000e+00,1.434628293667799710e+02,4.605378055066889686e+01,4.605378055066889686e+01,4.605378055066889686e+01,4.605378055066889686e+01
3.010000000000000000e+03,1.000000000000000000e+00,0.000000000000000000e+00,0.000000000000000000e+00,0.000000000000000000e+00,0.000000000000000000e+00,0.000000000000000000e+00,0.000000000000000000e+00,0.000000000000000000e+00,0.000000000000000000e+00,0.000000000000000000e+00,0.000000000000000000e+00,0.000000000000000000e+00,0.000000000000000000e+00,0.000000000000000000e+00,2.079171440098260746e+02,6.674460949372304697e+01,6.674460949372304697e+01,6.674460949372304697e+01,6.674460949372304697e+01,0.000000000000000000e+00,1.434628293667799710e+02,4.605378055066889686e+01,4.605378055066889686e+01,4.605378055066889686e+01,4.605378055066889686e+01
3.020000000000000000e+03,1.000000000000000000e+00,0.000000000000000000e+00,0.000000000000000000e+00,0.000000000000000000e+00,0.000000000000000000e+00,0.000000000000000000e+00,0.000000000000000000e+00,0.000000000000000000e+00,0.000000000000000000e+00,0.000000000000000000e+00,0.000000000000000000e+00,0.000000000000000000e+00,0.000000000000000000e+00,0.000000000000000000e+00,2.079171440098260746e+02,6.674460949372304697e+01,6.674460949372304697e+01,6.674460949372304697e+01,6.674460949372304697e+01,0.000000000000000000e+00,1.434628293667799710e+02,4.605378055066889686e+01,4.605378055066889686e+01,4.605378055066889686e+01,4.605378055066889686e+01
3.030000000000000000e+03,1.000000000000000000e+00,0.000000000000000000e+00,0.000000000000000000e+00,0.000000000000000000e+00,0.000000000000000000e+00,0.000000000000000000e+00,0.000000000000000000e+00,0.000000000000000000e+00,0.000000000000000000e+00,0.000000000000000000e+00,0.000000000000000000e+00,0.000000000000000000e+00,0.000000000000000000e+00,0.000000000000000000e+00,2.079171440098260746e+02,6.674460949372304697e+01,6.674460949372304697e+01,6.674460949372304697e+01,6.674460949372304697e+01,0.000000000000000000e+00,1.434628293667799710e+02,4.605378055066889686e+01,4.605378055066889686e+01,4.605378055066889686e+01,4.605378055066889686e+01
3.040000000000000000e+03,1.000000000000000000e+00,0.000000000000000000e+00,0.000000000000000000e+00,0.000000000000000000e+00,0.000000000000000000e+00,0.000000000000000000e+00,0.000000000000000000e+00,0.000000000000000000e+00,0.000000000000000000e+00,0.000000000000000000e+00,0.000000000000000000e+00,0.000000000000000000e+00,0.000000000000000000e+00,0.000000000000000000e+00,2.079171440098260746e+02,6.674460949372304697e+01,6.674460949372304697e+01,6.674460949372304697e+01,6.674460949372304697e+01,0.000000000000000000e+00,1.434628293667799710e+02,4.605378055066889686e+01,4.605378055066889686e+01,4.605378055066889686e+01,4.605378055066889686e+01
3.050000000000000000e+03,1.000000000000000000e+00,0.000000000000000000e+00,0.000000000000000000e+00,0.000000000000000000e+00,0.000000000000000000e+00,0.000000000000000000e+00,0.000000000000000000e+00,0.000000000000000000e+00,0.000000000000000000e+00,0.000000000000000000e+00,0.000000000000000000e+00,0.000000000000000000e+00,0.000000000000000000e+00,0.000000000000000000e+00,2.079171440098260746e+02,6.674460949372304697e+01,6.674460949372304697e+01,6.674460949372304697e+01,6.674460949372304697e+01,0.000000000000000000e+00,1.434628293667799710e+02,4.605378055066889686e+01,4.605378055066889686e+01,4.605378055066889686e+01,4.605378055066889686e+01
3.060000000000000000e+03,1.000000000000000000e+00,0.000000000000000000e+00,0.000000000000000000e+00,0.000000000000000000e+00,0.000000000000000000e+00,0.000000000000000000e+00,0.000000000000000000e+00,0.000000000000000000e+00,0.000000000000000000e+00,0.000000000000000000e+00,0.000000000000000000e+00,0.000000000000000000e+00,0.000000000000000000e+00,0.000000000000000000e+00,2.079171440098260746e+02,6.674460949372304697e+01,6.674460949372304697e+01,6.674460949372304697e+01,6.674460949372304697e+01,0.000000000000000000e+00,1.434628293667799710e+02,4.605378055066889686e+01,4.605378055066889686e+01,4.605378055066889686e+01,4.605378055066889686e+01
3.070000000000000000e+03,1.000000000000000000e+00,0.000000000000000000e+00,0.000000000000000000e+00,0.000000000000000000e+00,0.000000000000000000e+00,0.000000000000000000e+00,0.000000000000000000e+00,0.000000000000000000e+00,0.000000000000000000e+00,0.000000000000000000e+00,0.000000000000000000e+00,0.000000000000000000e+00,0.000000000000000000e+00,0.000000000000000000e+00,2.079171440098260746e+02,6.674460949372304697e+01,6.674460949372304697e+01,6.674460949372304697e+01,6.674460949372304697e+01,0.000000000000000000e+00,1.434628293667799710e+02,4.605378055066889686e+01,4.605378055066889686e+01,4.605378055066889686e+01,4.605378055066889686e+01
3.080000000000000000e+03,1.000000000000000000e+00,0.000000000000000000e+00,0.000000000000000000e+00,0.000000000000000000e+00,0.000000000000000000e+00,0.000000000000000000e+00,0.000000000000000000e+00,0.000000000000000000e+00,0.000000000000000000e+00,0.000000000000000000e+00,0.000000000000000000e+00,0.000000000000000000e+00,0.000000000000000000e+00,0.000000000000000000e+00,2.079171440098260746e+02,6.674460949372304697e+01,6.674460949372304697e+01,6.674460949372304697e+01,6.674460949372304697e+01,0.000000000000000000e+00,1.434628293667799710e+02,4.605378055066889686e+01,4.605378055066889686e+01,4.605378055066889686e+01,4.605378055066889686e+01
3.090000000000000000e+03,1.000000000000000000e+00,0.000000000000000000e+00,0.000000000000000000e+00,0.000000000000000000e+00,0.000000000000000000e+00,0.000000000000000000e+00,0.000000000000000000e+00,0.000000000000000000e+00,0.000000000000000000e+00,0.000000000000000000e+00,0.000000000000000000e+00,0.000000000000000000e+00,0.000000000000000000e+00,0.000000000000000000e+00,2.079171440098260746e+02,6.674460949372304697e+01,6.674460949372304697e+01,6.674460949372304697e+01,6.674460949372304697e+01,0.000000000000000000e+00,1.434628293667799710e+02,4.605378055066889686e+01,4.605378055066889686e+01,4.605378055066889686e+01,4.605378055066889686e+01
3.100000000000000000e+03,1.000000000000000000e+00,0.000000000000000000e+00,0.000000000000000000e+00,0.000000000000000000e+00,0.000000000000000000e+00,0.000000000000000000e+00,0.000000000000000000e+00,0.000000000000000000e+00,0.000000000000000000e+00,0.000000000000000000e+00,0.000000000000000000e+00,0.000000000000000000e+00,0.000000000000000000e+00,0.000000000000000000e+00,2.079171440098260746e+02,6.674460949372304697e+01,6.674460949372304697e+01,6.674460949372304697e+01,6.674460949372304697e+01,0.000000000000000000e+00,1.434628293667799710e+02,4.605378055066889686e+01,4.605378055066889686e+01,4.605378055066889686e+01,4.605378055066889686e+01
3.110000000000000000e+03,1.000000000000000000e+00,0.000000000000000000e+00,0.000000000000000000e+00,0.000000000000000000e+00,0.000000000000000000e+00,0.000000000000000000e+00,0.000000000000000000e+00,0.000000000000000000e+00,0.000000000000000000e+00,0.000000000000000000e+00,0.000000000000000000e+00,0.000000000000000000e+00,0.000000000000000000e+00,0.000000000000000000e+00,2.079171440098260746e+02,6.674460949372304697e+01,6.674460949372304697e+01,6.674460949372304697e+01,6.674460949372304697e+01,0.000000000000000000e+00,1.434628293667799710e+02,4.605378055066889686e+01,4.605378055066889686e+01,4.605378055066889686e+01,4.605378055066889686e+01
3.120000000000000000e+03,1.000000000000000000e+00,0.000000000000000000e+00,0.000000000000000000e+00,0.000000000000000000e+00,0.000000000000000000e+00,0.000000000000000000e+00,0.000000000000000000e+00,0.000000000000000000e+00,0.000000000000000000e+00,0.000000000000000000e+00,0.000000000000000000e+00,0.000000000000000000e+00,0.000000000000000000e+00,0.000000000000000000e+00,2.079171440098260746e+02,6.674460949372304697e+01,6.674460949372304697e+01,6.674460949372304697e+01,6.674460949372304697e+01,0.000000000000000000e+00,1.434628293667799710e+02,4.605378055066889686e+01,4.605378055066889686e+01,4.605378055066889686e+01,4.605378055066889686e+01
3.130000000000000000e+03,1.000000000000000000e+00,0.000000000000000000e+00,0.000000000000000000e+00,0.000000000000000000e+00,0.000000000000000000e+00,0.000000000000000000e+00,0.000000000000000000e+00,0.000000000000000000e+00,0.000000000000000000e+00,0.000000000000000000e+00,0.000000000000000000e+00,0.000000000000000000e+00,0.000000000000000000e+00,0.000000000000000000e+00,2.079171440098260746e+02,6.674460949372304697e+01,6.674460949372304697e+01,6.674460949372304697e+01,6.674460949372304697e+01,0.000000000000000000e+00,1.434628293667799710e+02,4.605378055066889686e+01,4.605378055066889686e+01,4.605378055066889686e+01,4.605378055066889686e+01
3.140000000000000000e+03,1.000000000000000000e+00,0.000000000000000000e+00,0.000000000000000000e+00,0.000000000000000000e+00,0.000000000000000000e+00,0.000000000000000000e+00,0.000000000000000000e+00,0.000000000000000000e+00,0.000000000000000000e+00,0.000000000000000000e+00,0.000000000000000000e+00,0.000000000000000000e+00,0.000000000000000000e+00,0.000000000000000000e+00,2.079171440098260746e+02,6.674460949372304697e+01,6.674460949372304697e+01,6.674460949372304697e+01,6.674460949372304697e+01,0.000000000000000000e+00,1.434628293667799710e+02,4.605378055066889686e+01,4.605378055066889686e+01,4.605378055066889686e+01,4.605378055066889686e+01
3.150000000000000000e+03,1.000000000000000000e+00,0.000000000000000000e+00,0.000000000000000000e+00,0.000000000000000000e+00,0.000000000000000000e+00,0.000000000000000000e+00,0.000000000000000000e+00,0.000000000000000000e+00,0.000000000000000000e+00,0.000000000000000000e+00,0.000000000000000000e+00,0.000000000000000000e+00,0.000000000000000000e+00,0.000000000000000000e+00,2.079171440098260746e+02,6.674460949372304697e+01,6.674460949372304697e+01,6.674460949372304697e+01,6.674460949372304697e+01,0.000000000000000000e+00,1.434628293667799710e+02,4.605378055066889686e+01,4.605378055066889686e+01,4.605378055066889686e+01,4.605378055066889686e+01
3.160000000000000000e+03,1.000000000000000000e+00,0.000000000000000000e+00,0.000000000000000000e+00,0.000000000000000000e+00,0.000000000000000000e+00,0.000000000000000000e+00,0.000000000000000000e+00,0.000000000000000000e+00,0.000000000000000000e+00,0.000000000000000000e+00,0.000000000000000000e+00,0.000000000000000000e+00,0.000000000000000000e+00,0.000000000000000000e+00,2.079171440098260746e+02,6.674460949372304697e+01,6.674460949372304697e+01,6.674460949372304697e+01,6.674460949372304697e+01,0.000000000000000000e+00,1.434628293667799710e+02,4.605378055066889686e+01,4.605378055066889686e+01,4.605378055066889686e+01,4.605378055066889686e+01
3.170000000000000000e+03,1.000000000000000000e+00,0.000000000000000000e+00,0.000000000000000000e+00,0.000000000000000000e+00,0.000000000000000000e+00,0.000000000000000000e+00,0.000000000000000000e+00,0.000000000000000000e+00,0.000000000000000000e+00,0.000000000000000000e+00,0.000000000000000000e+00,0.000000000000000000e+00,0.000000000000000000e+00,0.000000000000000000e+00,2.079171440098260746e+02,6.674460949372304697e+01,6.674460949372304697e+01,6.674460949372304697e+01,6.674460949372304697e+01,0.000000000000000000e+00,1.434628293667799710e+02,4.605378055066889686e+01,4.605378055066889686e+01,4.605378055066889686e+01,4.605378055066889686e+01
3.180000000000000000e+03,1.000000000000000000e+00,0.000000000000000000e+00,0.000000000000000000e+00,0.000000000000000000e+00,0.000000000000000000e+00,0.000000000000000000e+00,0.000000000000000000e+00,0.000000000000000000e+00,0.000000000000000000e+00,0.000000000000000000e+00,0.000000000000000000e+00,0.000000000000000000e+00,0.000000000000000000e+00,0.000000000000000000e+00,2.079171440098260746e+02,6.674460949372304697e+01,6.674460949372304697e+01,6.674460949372304697e+01,6.674460949372304697e+01,0.000000000000000000e+00,1.434628293667799710e+02,4.605378055066889686e+01,4.605378055066889686e+01,4.605378055066889686e+01,4.605378055066889686e+01
3.190000000000000000e+03,1.000000000000000000e+00,0.000000000000000000e+00,0.000000000000000000e+00,0.000000000000000000e+00,0.000000000000000000e+00,0.000000000000000000e+00,0.000000000000000000e+00,0.000000000000000000e+00,0.000000000000000000e+00,0.000000000000000000e+00,0.000000000000000000e+00,0.000000000000000000e+00,0.000000000000000000e+00,0.000000000000000000e+00,2.079171440098260746e+02,6.674460949372304697e+01,6.674460949372304697e+01,6.674460949372304697e+01,6.674460949372304697e+01,0.000000000000000000e+00,1.434628293667799710e+02,4.605378055066889686e+01,4.605378055066889686e+01,4.605378055066889686e+01,4.605378055066889686e+01
3.200000000000000000e+03,1.000000000000000000e+00,0.000000000000000000e+00,0.000000000000000000e+00,0.000000000000000000e+00,0.000000000000000000e+00,0.000000000000000000e+00,0.000000000000000000e+00,0.000000000000000000e+00,0.000000000000000000e+00,0.000000000000000000e+00,0.000000000000000000e+00,0.000000000000000000e+00,0.000000000000000000e+00,0.000000000000000000e+00,2.079171440098260746e+02,6.674460949372304697e+01,6.674460949372304697e+01,6.674460949372304697e+01,6.674460949372304697e+01,0.000000000000000000e+00,1.434628293667799710e+02,4.605378055066889686e+01,4.605378055066889686e+01,4.605378055066889686e+01,4.605378055066889686e+01
3.210000000000000000e+03,1.000000000000000000e+00,0.000000000000000000e+00,0.000000000000000000e+00,0.000000000000000000e+00,0.000000000000000000e+00,0.000000000000000000e+00,0.000000000000000000e+00,0.000000000000000000e+00,0.000000000000000000e+00,0.000000000000000000e+00,0.000000000000000000e+00,0.000000000000000000e+00,0.000000000000000000e+00,0.000000000000000000e+00,2.079171440098260746e+02,6.674460949372304697e+01,6.674460949372304697e+01,6.674460949372304697e+01,6.674460949372304697e+01,0.000000000000000000e+00,1.434628293667799710e+02,4.605378055066889686e+01,4.605378055066889686e+01,4.605378055066889686e+01,4.605378055066889686e+01
3.220000000000000000e+03,1.000000000000000000e+00,0.000000000000000000e+00,0.000000000000000000e+00,0.000000000000000000e+00,0.000000000000000000e+00,0.000000000000000000e+00,0.000000000000000000e+00,0.000000000000000000e+00,0.000000000000000000e+00,0.000000000000000000e+00,0.000000000000000000e+00,0.000000000000000000e+00,0.000000000000000000e+00,0.000000000000000000e+00,2.079171440098260746e+02,6.674460949372304697e+01,6.674460949372304697e+01,6.674460949372304697e+01,6.674460949372304697e+01,0.000000000000000000e+00,1.434628293667799710e+02,4.605378055066889686e+01,4.605378055066889686e+01,4.605378055066889686e+01,4.605378055066889686e+01
3.230000000000000000e+03,1.000000000000000000e+00,0.000000000000000000e+00,0.000000000000000000e+00,0.000000000000000000e+00,0.000000000000000000e+00,0.000000000000000000e+00,0.000000000000000000e+00,0.000000000000000000e+00,0.000000000000000000e+00,0.000000000000000000e+00,0.000000000000000000e+00,0.000000000000000000e+00,0.000000000000000000e+00,0.000000000000000000e+00,2.079171440098260746e+02,6.674460949372304697e+01,6.674460949372304697e+01,6.674460949372304697e+01,6.674460949372304697e+01,0.000000000000000000e+00,1.434628293667799710e+02,4.605378055066889686e+01,4.605378055066889686e+01,4.605378055066889686e+01,4.605378055066889686e+01
3.240000000000000000e+03,1.000000000000000000e+00,0.000000000000000000e+00,0.000000000000000000e+00,0.000000000000000000e+00,0.000000000000000000e+00,0.000000000000000000e+00,0.000000000000000000e+00,0.000000000000000000e+00,0.000000000000000000e+00,0.000000000000000000e+00,0.000000000000000000e+00,0.000000000000000000e+00,0.000000000000000000e+00,0.000000000000000000e+00,2.079171440098260746e+02,6.674460949372304697e+01,6.674460949372304697e+01,6.674460949372304697e+01,6.674460949372304697e+01,0.000000000000000000e+00,1.434628293667799710e+02,4.605378055066889686e+01,4.605378055066889686e+01,4.605378055066889686e+01,4.605378055066889686e+01
3.250000000000000000e+03,1.000000000000000000e+00,0.000000000000000000e+00,0.000000000000000000e+00,0.000000000000000000e+00,0.000000000000000000e+00,0.000000000000000000e+00,0.000000000000000000e+00,0.000000000000000000e+00,0.000000000000000000e+00,0.000000000000000000e+00,0.000000000000000000e+00,0.000000000000000000e+00,0.000000000000000000e+00,0.000000000000000000e+00,2.079171440098260746e+02,6.674460949372304697e+01,6.674460949372304697e+01,6.674460949372304697e+01,6.674460949372304697e+01,0.000000000000000000e+00,1.434628293667799710e+02,4.605378055066889686e+01,4.605378055066889686e+01,4.605378055066889686e+01,4.605378055066889686e+01
3.260000000000000000e+03,1.000000000000000000e+00,0.000000000000000000e+00,0.000000000000000000e+00,0.000000000000000000e+00,0.000000000000000000e+00,0.000000000000000000e+00,0.000000000000000000e+00,0.000000000000000000e+00,0.000000000000000000e+00,0.000000000000000000e+00,0.000000000000000000e+00,0.000000000000000000e+00,0.000000000000000000e+00,0.000000000000000000e+00,2.079171440098260746e+02,6.674460949372304697e+01,6.674460949372304697e+01,6.674460949372304697e+01,6.674460949372304697e+01,0.000000000000000000e+00,1.434628293667799710e+02,4.605378055066889686e+01,4.605378055066889686e+01,4.605378055066889686e+01,4.605378055066889686e+01
3.270000000000000000e+03,1.000000000000000000e+00,0.000000000000000000e+00,0.000000000000000000e+00,0.000000000000000000e+00,0.000000000000000000e+00,0.000000000000000000e+00,0.000000000000000000e+00,0.000000000000000000e+00,0.000000000000000000e+00,0.000000000000000000e+00,0.000000000000000000e+00,0.000000000000000000e+00,0.000000000000000000e+00,0.000000000000000000e+00,2.079171440098260746e+02,6.674460949372304697e+01,6.674460949372304697e+01,6.674460949372304697e+01,6.674460949372304697e+01,0.000000000000000000e+00,1.434628293667799710e+02,4.605378055066889686e+01,4.605378055066889686e+01,4.605378055066889686e+01,4.605378055066889686e+01
3.280000000000000000e+03,1.000000000000000000e+00,0.000000000000000000e+00,0.000000000000000000e+00,0.000000000000000000e+00,0.000000000000000000e+00,0.000000000000000000e+00,0.000000000000000000e+00,0.000000000000000000e+00,0.000000000000000000e+00,0.000000000000000000e+00,0.000000000000000000e+00,0.000000000000000000e+00,0.000000000000000000e+00,0.000000000000000000e+00,2.079171440098260746e+02,6.674460949372304697e+01,6.674460949372304697e+01,6.674460949372304697e+01,6.674460949372304697e+01,0.000000000000000000e+00,1.434628293667799710e+02,4.605378055066889686e+01,4.605378055066889686e+01,4.605378055066889686e+01,4.605378055066889686e+01
3.290000000000000000e+03,1.000000000000000000e+00,0.000000000000000000e+00,0.000000000000000000e+00,0.000000000000000000e+00,0.000000000000000000e+00,0.000000000000000000e+00,0.000000000000000000e+00,0.000000000000000000e+00,0.000000000000000000e+00,0.000000000000000000e+00,0.000000000000000000e+00,0.000000000000000000e+00,0.000000000000000000e+00,0.000000000000000000e+00,2.079171440098260746e+02,6.674460949372304697e+01,6.674460949372304697e+01,6.674460949372304697e+01,6.674460949372304697e+01,0.000000000000000000e+00,1.434628293667799710e+02,4.605378055066889686e+01,4.605378055066889686e+01,4.605378055066889686e+01,4.605378055066889686e+01
3.300000000000000000e+03,1.000000000000000000e+00,0.000000000000000000e+00,0.000000000000000000e+00,0.000000000000000000e+00,0.000000000000000000e+00,0.000000000000000000e+00,0.000000000000000000e+00,0.000000000000000000e+00,0.000000000000000000e+00,0.000000000000000000e+00,0.000000000000000000e+00,0.000000000000000000e+00,0.000000000000000000e+00,0.000000000000000000e+00,2.079171440098260746e+02,6.674460949372304697e+01,6.674460949372304697e+01,6.674460949372304697e+01,6.674460949372304697e+01,0.000000000000000000e+00,1.434628293667799710e+02,4.605378055066889686e+01,4.605378055066889686e+01,4.605378055066889686e+01,4.605378055066889686e+01
3.310000000000000000e+03,1.000000000000000000e+00,0.000000000000000000e+00,0.000000000000000000e+00,0.000000000000000000e+00,0.000000000000000000e+00,0.000000000000000000e+00,0.000000000000000000e+00,0.000000000000000000e+00,0.000000000000000000e+00,0.000000000000000000e+00,0.000000000000000000e+00,0.000000000000000000e+00,0.000000000000000000e+00,0.000000000000000000e+00,2.079171440098260746e+02,6.674460949372304697e+01,6.674460949372304697e+01,6.674460949372304697e+01,6.674460949372304697e+01,0.000000000000000000e+00,1.434628293667799710e+02,4.605378055066889686e+01,4.605378055066889686e+01,4.605378055066889686e+01,4.605378055066889686e+01
3.320000000000000000e+03,1.000000000000000000e+00,0.000000000000000000e+00,0.000000000000000000e+00,0.000000000000000000e+00,0.000000000000000000e+00,0.000000000000000000e+00,0.000000000000000000e+00,0.000000000000000000e+00,0.000000000000000000e+00,0.000000000000000000e+00,0.000000000000000000e+00,0.000000000000000000e+00,0.000000000000000000e+00,0.000000000000000000e+00,2.079171440098260746e+02,6.674460949372304697e+01,6.674460949372304697e+01,6.674460949372304697e+01,6.674460949372304697e+01,0.000000000000000000e+00,1.434628293667799710e+02,4.605378055066889686e+01,4.605378055066889686e+01,4.605378055066889686e+01,4.605378055066889686e+01
3.330000000000000000e+03,1.000000000000000000e+00,0.000000000000000000e+00,0.000000000000000000e+00,0.000000000000000000e+00,0.000000000000000000e+00,0.000000000000000000e+00,0.000000000000000000e+00,0.000000000000000000e+00,0.000000000000000000e+00,0.000000000000000000e+00,0.000000000000000000e+00,0.000000000000000000e+00,0.000000000000000000e+00,0.000000000000000000e+00,2.079171440098260746e+02,6.674460949372304697e+01,6.674460949372304697e+01,6.674460949372304697e+01,6.674460949372304697e+01,0.000000000000000000e+00,1.434628293667799710e+02,4.605378055066889686e+01,4.605378055066889686e+01,4.605378055066889686e+01,4.605378055066889686e+01
3.340000000000000000e+03,1.000000000000000000e+00,0.000000000000000000e+00,0.000000000000000000e+00,0.000000000000000000e+00,0.000000000000000000e+00,0.000000000000000000e+00,0.000000000000000000e+00,0.000000000000000000e+00,0.000000000000000000e+00,0.000000000000000000e+00,0.000000000000000000e+00,0.000000000000000000e+00,0.000000000000000000e+00,0.000000000000000000e+00,2.079171440098260746e+02,6.674460949372304697e+01,6.674460949372304697e+01,6.674460949372304697e+01,6.674460949372304697e+01,0.000000000000000000e+00,1.434628293667799710e+02,4.605378055066889686e+01,4.605378055066889686e+01,4.605378055066889686e+01,4.605378055066889686e+01
3.350000000000000000e+03,1.000000000000000000e+00,0.000000000000000000e+00,0.000000000000000000e+00,0.000000000000000000e+00,0.000000000000000000e+00,0.000000000000000000e+00,0.000000000000000000e+00,0.000000000000000000e+00,0.000000000000000000e+00,0.000000000000000000e+00,0.000000000000000000e+00,0.000000000000000000e+00,0.000000000000000000e+00,0.000000000000000000e+00,2.079171440098260746e+02,6.674460949372304697e+01,6.674460949372304697e+01,6.674460949372304697e+01,6.674460949372304697e+01,0.000000000000000000e+00,1.434628293667799710e+02,4.605378055066889686e+01,4.605378055066889686e+01,4.605378055066889686e+01,4.605378055066889686e+01
3.360000000000000000e+03,1.000000000000000000e+00,0.000000000000000000e+00,0.000000000000000000e+00,0.000000000000000000e+00,0.000000000000000000e+00,0.000000000000000000e+00,0.000000000000000000e+00,0.000000000000000000e+00,0.000000000000000000e+00,0.000000000000000000e+00,0.000000000000000000e+00,0.000000000000000000e+00,0.000000000000000000e+00,0.000000000000000000e+00,2.079171440098260746e+02,6.674460949372304697e+01,6.674460949372304697e+01,6.674460949372304697e+01,6.674460949372304697e+01,0.000000000000000000e+00,1.434628293667799710e+02,4.605378055066889686e+01,4.605378055066889686e+01,4.605378055066889686e+01,4.605378055066889686e+01
3.370000000000000000e+03,1.000000000000000000e+00,0.000000000000000000e+00,0.000000000000000000e+00,0.000000000000000000e+00,0.000000000000000000e+00,0.000000000000000000e+00,0.000000000000000000e+00,0.000000000000000000e+00,0.000000000000000000e+00,0.000000000000000000e+00,0.000000000000000000e+00,0.000000000000000000e+00,0.000000000000000000e+00,0.000000000000000000e+00,2.079171440098260746e+02,6.674460949372304697e+01,6.674460949372304697e+01,6.674460949372304697e+01,6.674460949372304697e+01,0.000000000000000000e+00,1.434628293667799710e+02,4.605378055066889686e+01,4.605378055066889686e+01,4.605378055066889686e+01,4.605378055066889686e+01
3.380000000000000000e+03,1.000000000000000000e+00,0.000000000000000000e+00,0.000000000000000000e+00,0.000000000000000000e+00,0.000000000000000000e+00,0.000000000000000000e+00,0.000000000000000000e+00,0.000000000000000000e+00,0.000000000000000000e+00,0.000000000000000000e+00,0.000000000000000000e+00,0.000000000000000000e+00,0.000000000000000000e+00,0.000000000000000000e+00,2.079171440098260746e+02,6.674460949372304697e+01,6.674460949372304697e+01,6.674460949372304697e+01,6.674460949372304697e+01,0.000000000000000000e+00,1.434628293667799710e+02,4.605378055066889686e+01,4.605378055066889686e+01,4.605378055066889686e+01,4.605378055066889686e+01
3.390000000000000000e+03,1.000000000000000000e+00,0.000000000000000000e+00,0.000000000000000000e+00,0.000000000000000000e+00,0.000000000000000000e+00,0.000000000000000000e+00,0.000000000000000000e+00,0.000000000000000000e+00,0.000000000000000000e+00,0.000000000000000000e+00,0.000000000000000000e+00,0.000000000000000000e+00,0.000000000000000000e+00,0.000000000000000000e+00,2.079171440098260746e+02,6.674460949372304697e+01,6.674460949372304697e+01,6.674460949372304697e+01,6.674460949372304697e+01,0.000000000000000000e+00,1.434628293667799710e+02,4.605378055066889686e+01,4.605378055066889686e+01,4.605378055066889686e+01,4.605378055066889686e+01
3.400000000000000000e+03,1.000000000000000000e+00,0.000000000000000000e+00,0.000000000000000000e+00,0.000000000000000000e+00,0.000000000000000000e+00,0.000000000000000000e+00,0.000000000000000000e+00,0.000000000000000000e+00,0.000000000000000000e+00,0.000000000000000000e+00,0.000000000000000000e+00,0.000000000000000000e+00,0.000000000000000000e+00,0.000000000000000000e+00,2.079171440098260746e+02,6.674460949372304697e+01,6.674460949372304697e+01,6.674460949372304697e+01,6.674460949372304697e+01,0.000000000000000000e+00,1.434628293667799710e+02,4.605378055066889686e+01,4.605378055066889686e+01,4.605378055066889686e+01,4.605378055066889686e+01
3.410000000000000000e+03,1.000000000000000000e+00,0.000000000000000000e+00,0.000000000000000000e+00,0.000000000000000000e+00,0.000000000000000000e+00,0.000000000000000000e+00,0.000000000000000000e+00,0.000000000000000000e+00,0.000000000000000000e+00,0.000000000000000000e+00,0.000000000000000000e+00,0.000000000000000000e+00,0.000000000000000000e+00,0.000000000000000000e+00,2.079171440098260746e+02,6.674460949372304697e+01,6.674460949372304697e+01,6.674460949372304697e+01,6.674460949372304697e+01,0.000000000000000000e+00,1.434628293667799710e+02,4.605378055066889686e+01,4.605378055066889686e+01,4.605378055066889686e+01,4.605378055066889686e+01
3.420000000000000000e+03,1.000000000000000000e+00,0.000000000000000000e+00,0.000000000000000000e+00,0.000000000000000000e+00,0.000000000000000000e+00,0.000000000000000000e+00,0.000000000000000000e+00,0.000000000000000000e+00,0.000000000000000000e+00,0.000000000000000000e+00,0.000000000000000000e+00,0.000000000000000000e+00,0.000000000000000000e+00,0.000000000000000000e+00,2.079171440098260746e+02,6.674460949372304697e+01,6.674460949372304697e+01,6.674460949372304697e+01,6.674460949372304697e+01,0.000000000000000000e+00,1.434628293667799710e+02,4.605378055066889686e+01,4.605378055066889686e+01,4.605378055066889686e+01,4.605378055066889686e+01
3.430000000000000000e+03,1.000000000000000000e+00,0.000000000000000000e+00,0.000000000000000000e+00,0.000000000000000000e+00,0.000000000000000000e+00,0.000000000000000000e+00,0.000000000000000000e+00,0.000000000000000000e+00,0.000000000000000000e+00,0.000000000000000000e+00,0.000000000000000000e+00,0.000000000000000000e+00,0.000000000000000000e+00,0.000000000000000000e+00,2.079171440098260746e+02,6.674460949372304697e+01,6.674460949372304697e+01,6.674460949372304697e+01,6.674460949372304697e+01,0.000000000000000000e+00,1.434628293667799710e+02,4.605378055066889686e+01,4.605378055066889686e+01,4.605378055066889686e+01,4.605378055066889686e+01
3.440000000000000000e+03,1.000000000000000000e+00,0.000000000000000000e+00,0.000000000000000000e+00,0.000000000000000000e+00,0.000000000000000000e+00,0.000000000000000000e+00,0.000000000000000000e+00,0.000000000000000000e+00,0.000000000000000000e+00,0.000000000000000000e+00,0.000000000000000000e+00,0.000000000000000000e+00,0.000000000000000000e+00,0.000000000000000000e+00,2.079171440098260746e+02,6.674460949372304697e+01,6.674460949372304697e+01,6.674460949372304697e+01,6.674460949372304697e+01,0.000000000000000000e+00,1.434628293667799710e+02,4.605378055066889686e+01,4.605378055066889686e+01,4.605378055066889686e+01,4.605378055066889686e+01
3.450000000000000000e+03,1.000000000000000000e+00,0.000000000000000000e+00,0.000000000000000000e+00,0.000000000000000000e+00,0.000000000000000000e+00,0.000000000000000000e+00,0.000000000000000000e+00,0.000000000000000000e+00,0.000000000000000000e+00,0.000000000000000000e+00,0.000000000000000000e+00,0.000000000000000000e+00,0.000000000000000000e+00,0.000000000000000000e+00,2.079171440098260746e+02,6.674460949372304697e+01,6.674460949372304697e+01,6.674460949372304697e+01,6.674460949372304697e+01,0.000000000000000000e+00,1.434628293667799710e+02,4.605378055066889686e+01,4.605378055066889686e+01,4.605378055066889686e+01,4.605378055066889686e+01
3.460000000000000000e+03,1.000000000000000000e+00,0.000000000000000000e+00,0.000000000000000000e+00,0.000000000000000000e+00,0.000000000000000000e+00,0.000000000000000000e+00,0.000000000000000000e+00,0.000000000000000000e+00,0.000000000000000000e+00,0.000000000000000000e+00,0.000000000000000000e+00,0.000000000000000000e+00,0.000000000000000000e+00,0.000000000000000000e+00,2.079171440098260746e+02,6.674460949372304697e+01,6.674460949372304697e+01,6.674460949372304697e+01,6.674460949372304697e+01,0.000000000000000000e+00,1.434628293667799710e+02,4.605378055066889686e+01,4.605378055066889686e+01,4.605378055066889686e+01,4.605378055066889686e+01
3.470000000000000000e+03,1.000000000000000000e+00,0.000000000000000000e+00,0.000000000000000000e+00,0.000000000000000000e+00,0.000000000000000000e+00,0.000000000000000000e+00,0.000000000000000000e+00,0.000000000000000000e+00,0.000000000000000000e+00,0.000000000000000000e+00,0.000000000000000000e+00,0.000000000000000000e+00,0.000000000000000000e+00,0.000000000000000000e+00,2.079171440098260746e+02,6.674460949372304697e+01,6.674460949372304697e+01,6.674460949372304697e+01,6.674460949372304697e+01,0.000000000000000000e+00,1.434628293667799710e+02,4.605378055066889686e+01,4.605378055066889686e+01,4.605378055066889686e+01,4.605378055066889686e+01
3.480000000000000000e+03,1.000000000000000000e+00,0.000000000000000000e+00,0.000000000000000000e+00,0.000000000000000000e+00,0.000000000000000000e+00,0.000000000000000000e+00,0.000000000000000000e+00,0.000000000000000000e+00,0.000000000000000000e+00,0.000000000000000000e+00,0.000000000000000000e+00,0.000000000000000000e+00,0.000000000000000000e+00,0.000000000000000000e+00,2.079171440098260746e+02,6.674460949372304697e+01,6.674460949372304697e+01,6.674460949372304697e+01,6.674460949372304697e+01,0.000000000000000000e+00,1.434628293667799710e+02,4.605378055066889686e+01,4.605378055066889686e+01,4.605378055066889686e+01,4.605378055066889686e+01
3.490000000000000000e+03,1.000000000000000000e+00,0.000000000000000000e+00,0.000000000000000000e+00,0.000000000000000000e+00,0.000000000000000000e+00,0.000000000000000000e+00,0.000000000000000000e+00,0.000000000000000000e+00,0.000000000000000000e+00,0.000000000000000000e+00,0.000000000000000000e+00,0.000000000000000000e+00,0.000000000000000000e+00,0.000000000000000000e+00,2.079171440098260746e+02,6.674460949372304697e+01,6.674460949372304697e+01,6.674460949372304697e+01,6.674460949372304697e+01,0.000000000000000000e+00,1.434628293667799710e+02,4.605378055066889686e+01,4.605378055066889686e+01,4.605378055066889686e+01,4.605378055066889686e+01
3.500000000000000000e+03,1.000000000000000000e+00,0.000000000000000000e+00,0.000000000000000000e+00,0.000000000000000000e+00,0.000000000000000000e+00,0.000000000000000000e+00,0.000000000000000000e+00,0.000000000000000000e+00,0.000000000000000000e+00,0.000000000000000000e+00,0.000000000000000000e+00,0.000000000000000000e+00,0.000000000000000000e+00,0.000000000000000000e+00,2.079171440098260746e+02,6.674460949372304697e+01,6.674460949372304697e+01,6.674460949372304697e+01,6.674460949372304697e+01,0.000000000000000000e+00,1.434628293667799710e+02,4.605378055066889686e+01,4.605378055066889686e+01,4.605378055066889686e+01,4.605378055066889686e+01
3.510000000000000000e+03,1.000000000000000000e+00,0.000000000000000000e+00,0.000000000000000000e+00,0.000000000000000000e+00,0.000000000000000000e+00,0.000000000000000000e+00,0.000000000000000000e+00,0.000000000000000000e+00,0.000000000000000000e+00,0.000000000000000000e+00,0.000000000000000000e+00,0.000000000000000000e+00,0.000000000000000000e+00,0.000000000000000000e+00,2.079171440098260746e+02,6.674460949372304697e+01,6.674460949372304697e+01,6.674460949372304697e+01,6.674460949372304697e+01,0.000000000000000000e+00,1.434628293667799710e+02,4.605378055066889686e+01,4.605378055066889686e+01,4.605378055066889686e+01,4.605378055066889686e+01
3.520000000000000000e+03,1.000000000000000000e+00,0.000000000000000000e+00,0.000000000000000000e+00,0.000000000000000000e+00,0.000000000000000000e+00,0.000000000000000000e+00,0.000000000000000000e+00,0.000000000000000000e+00,0.000000000000000000e+00,0.000000000000000000e+00,0.000000000000000000e+00,0.000000000000000000e+00,0.000000000000000000e+00,0.000000000000000000e+00,2.079171440098260746e+02,6.674460949372304697e+01,6.674460949372304697e+01,6.674460949372304697e+01,6.674460949372304697e+01,0.000000000000000000e+00,1.434628293667799710e+02,4.605378055066889686e+01,4.605378055066889686e+01,4.605378055066889686e+01,4.605378055066889686e+01
3.530000000000000000e+03,1.000000000000000000e+00,0.000000000000000000e+00,0.000000000000000000e+00,0.000000000000000000e+00,0.000000000000000000e+00,0.000000000000000000e+00,0.000000000000000000e+00,0.000000000000000000e+00,0.000000000000000000e+00,0.000000000000000000e+00,0.000000000000000000e+00,0.000000000000000000e+00,0.000000000000000000e+00,0.000000000000000000e+00,2.079171440098260746e+02,6.674460949372304697e+01,6.674460949372304697e+01,6.674460949372304697e+01,6.674460949372304697e+01,0.000000000000000000e+00,1.434628293667799710e+02,4.605378055066889686e+01,4.605378055066889686e+01,4.605378055066889686e+01,4.605378055066889686e+01
3.540000000000000000e+03,1.000000000000000000e+00,0.000000000000000000e+00,0.000000000000000000e+00,0.000000000000000000e+00,0.000000000000000000e+00,0.000000000000000000e+00,0.000000000000000000e+00,0.000000000000000000e+00,0.000000000000000000e+00,0.000000000000000000e+00,0.000000000000000000e+00,0.000000000000000000e+00,0.000000000000000000e+00,0.000000000000000000e+00,2.079171440098260746e+02,6.674460949372304697e+01,6.674460949372304697e+01,6.674460949372304697e+01,6.674460949372304697e+01,0.000000000000000000e+00,1.434628293667799710e+02,4.605378055066889686e+01,4.605378055066889686e+01,4.605378055066889686e+01,4.605378055066889686e+01
3.550000000000000000e+03,1.000000000000000000e+00,0.000000000000000000e+00,0.000000000000000000e+00,0.000000000000000000e+00,0.000000000000000000e+00,0.000000000000000000e+00,0.000000000000000000e+00,0.000000000000000000e+00,0.000000000000000000e+00,0.000000000000000000e+00,0.000000000000000000e+00,0.000000000000000000e+00,0.000000000000000000e+00,0.000000000000000000e+00,2.079171440098260746e+02,6.674460949372304697e+01,6.674460949372304697e+01,6.674460949372304697e+01,6.674460949372304697e+01,0.000000000000000000e+00,1.434628293667799710e+02,4.605378055066889686e+01,4.605378055066889686e+01,4.605378055066889686e+01,4.605378055066889686e+01
3.560000000000000000e+03,1.000000000000000000e+00,0.000000000000000000e+00,0.000000000000000000e+00,0.000000000000000000e+00,0.000000000000000000e+00,0.000000000000000000e+00,0.000000000000000000e+00,0.000000000000000000e+00,0.000000000000000000e+00,0.000000000000000000e+00,0.000000000000000000e+00,0.000000000000000000e+00,0.000000000000000000e+00,0.000000000000000000e+00,2.079171440098260746e+02,6.674460949372304697e+01,6.674460949372304697e+01,6.674460949372304697e+01,6.674460949372304697e+01,0.000000000000000000e+00,1.434628293667799710e+02,4.605378055066889686e+01,4.605378055066889686e+01,4.605378055066889686e+01,4.605378055066889686e+01
3.570000000000000000e+03,1.000000000000000000e+00,0.000000000000000000e+00,0.000000000000000000e+00,0.000000000000000000e+00,0.000000000000000000e+00,0.000000000000000000e+00,0.000000000000000000e+00,0.000000000000000000e+00,0.000000000000000000e+00,0.000000000000000000e+00,0.000000000000000000e+00,0.000000000000000000e+00,0.000000000000000000e+00,0.000000000000000000e+00,2.079171440098260746e+02,6.674460949372304697e+01,6.674460949372304697e+01,6.674460949372304697e+01,6.674460949372304697e+01,0.000000000000000000e+00,1.434628293667799710e+02,4.605378055066889686e+01,4.605378055066889686e+01,4.605378055066889686e+01,4.605378055066889686e+01
3.580000000000000000e+03,1.000000000000000000e+00,0.000000000000000000e+00,0.000000000000000000e+00,0.000000000000000000e+00,0.000000000000000000e+00,0.000000000000000000e+00,0.000000000000000000e+00,0.000000000000000000e+00,0.000000000000000000e+00,0.000000000000000000e+00,0.000000000000000000e+00,0.000000000000000000e+00,0.000000000000000000e+00,0.000000000000000000e+00,2.079171440098260746e+02,6.674460949372304697e+01,6.674460949372304697e+01,6.674460949372304697e+01,6.674460949372304697e+01,0.000000000000000000e+00,1.434628293667799710e+02,4.605378055066889686e+01,4.605378055066889686e+01,4.605378055066889686e+01,4.605378055066889686e+01
3.590000000000000000e+03,1.000000000000000000e+00,0.000000000000000000e+00,0.000000000000000000e+00,0.000000000000000000e+00,0.000000000000000000e+00,0.000000000000000000e+00,0.000000000000000000e+00,0.000000000000000000e+00,0.000000000000000000e+00,0.000000000000000000e+00,0.000000000000000000e+00,0.000000000000000000e+00,0.000000000000000000e+00,0.000000000000000000e+00,2.079171440098260746e+02,6.674460949372304697e+01,6.674460949372304697e+01,6.674460949372304697e+01,6.674460949372304697e+01,0.000000000000000000e+00,1.434628293667799710e+02,4.605378055066889686e+01,4.605378055066889686e+01,4.605378055066889686e+01,4.605378055066889686e+01
3.600000000000000000e+03,1.000000000000000000e+00,0.000000000000000000e+00,0.000000000000000000e+00,0.000000000000000000e+00,0.000000000000000000e+00,0.000000000000000000e+00,0.000000000000000000e+00,0.000000000000000000e+00,0.000000000000000000e+00,0.000000000000000000e+00,0.000000000000000000e+00,0.000000000000000000e+00,0.000000000000000000e+00,0.000000000000000000e+00,2.079171440098260746e+02,6.674460949372304697e+01,6.674460949372304697e+01,6.674460949372304697e+01,6.674460949372304697e+01,0.000000000000000000e+00,1.434628293667799710e+02,4.605378055066889686e+01,4.605378055066889686e+01,4.605378055066889686e+01,4.605378055066889686e+01
3.610000000000000000e+03,1.000000000000000000e+00,0.000000000000000000e+00,0.000000000000000000e+00,0.000000000000000000e+00,0.000000000000000000e+00,0.000000000000000000e+00,0.000000000000000000e+00,0.000000000000000000e+00,0.000000000000000000e+00,0.000000000000000000e+00,0.000000000000000000e+00,0.000000000000000000e+00,0.000000000000000000e+00,0.000000000000000000e+00,2.079171440098260746e+02,6.674460949372304697e+01,6.674460949372304697e+01,6.674460949372304697e+01,6.674460949372304697e+01,0.000000000000000000e+00,1.434628293667799710e+02,4.605378055066889686e+01,4.605378055066889686e+01,4.605378055066889686e+01,4.605378055066889686e+01
3.620000000000000000e+03,1.000000000000000000e+00,0.000000000000000000e+00,0.000000000000000000e+00,0.000000000000000000e+00,0.000000000000000000e+00,0.000000000000000000e+00,0.000000000000000000e+00,0.000000000000000000e+00,0.000000000000000000e+00,0.000000000000000000e+00,0.000000000000000000e+00,0.000000000000000000e+00,0.000000000000000000e+00,0.000000000000000000e+00,2.079171440098260746e+02,6.674460949372304697e+01,6.674460949372304697e+01,6.674460949372304697e+01,6.674460949372304697e+01,0.000000000000000000e+00,1.434628293667799710e+02,4.605378055066889686e+01,4.605378055066889686e+01,4.605378055066889686e+01,4.605378055066889686e+01
3.630000000000000000e+03,1.000000000000000000e+00,0.000000000000000000e+00,0.000000000000000000e+00,0.000000000000000000e+00,0.000000000000000000e+00,0.000000000000000000e+00,0.000000000000000000e+00,0.000000000000000000e+00,0.000000000000000000e+00,0.000000000000000000e+00,0.000000000000000000e+00,0.000000000000000000e+00,0.000000000000000000e+00,0.000000000000000000e+00,2.079171440098260746e+02,6.674460949372304697e+01,6.674460949372304697e+01,6.674460949372304697e+01,6.674460949372304697e+01,0.000000000000000000e+00,1.434628293667799710e+02,4.605378055066889686e+01,4.605378055066889686e+01,4.605378055066889686e+01,4.605378055066889686e+01
3.640000000000000000e+03,1.000000000000000000e+00,0.000000000000000000e+00,0.000000000000000000e+00,0.000000000000000000e+00,0.000000000000000000e+00,0.000000000000000000e+00,0.000000000000000000e+00,0.000000000000000000e+00,0.000000000000000000e+00,0.000000000000000000e+00,0.000000000000000000e+00,0.000000000000000000e+00,0.000000000000000000e+00,0.000000000000000000e+00,2.079171440098260746e+02,6.674460949372304697e+01,6.674460949372304697e+01,6.674460949372304697e+01,6.674460949372304697e+01,0.000000000000000000e+00,1.434628293667799710e+02,4.605378055066889686e+01,4.605378055066889686e+01,4.605378055066889686e+01,4.605378055066889686e+01
3.650000000000000000e+03,1.000000000000000000e+00,0.000000000000000000e+00,0.000000000000000000e+00,0.000000000000000000e+00,0.000000000000000000e+00,0.000000000000000000e+00,0.000000000000000000e+00,0.000000000000000000e+00,0.000000000000000000e+00,0.000000000000000000e+00,0.000000000000000000e+00,0.000000000000000000e+00,0.000000000000000000e+00,0.000000000000000000e+00,2.079171440098260746e+02,6.674460949372304697e+01,6.674460949372304697e+01,6.674460949372304697e+01,6.674460949372304697e+01,0.000000000000000000e+00,1.434628293667799710e+02,4.605378055066889686e+01,4.605378055066889686e+01,4.605378055066889686e+01,4.605378055066889686e+01
3.660000000000000000e+03,1.000000000000000000e+00,0.000000000000000000e+00,0.000000000000000000e+00,0.000000000000000000e+00,0.000000000000000000e+00,0.000000000000000000e+00,0.000000000000000000e+00,0.000000000000000000e+00,0.000000000000000000e+00,0.000000000000000000e+00,0.000000000000000000e+00,0.000000000000000000e+00,0.000000000000000000e+00,0.000000000000000000e+00,2.079171440098260746e+02,6.674460949372304697e+01,6.674460949372304697e+01,6.674460949372304697e+01,6.674460949372304697e+01,0.000000000000000000e+00,1.434628293667799710e+02,4.605378055066889686e+01,4.605378055066889686e+01,4.605378055066889686e+01,4.605378055066889686e+01
3.670000000000000000e+03,1.000000000000000000e+00,0.000000000000000000e+00,0.000000000000000000e+00,0.000000000000000000e+00,0.000000000000000000e+00,0.000000000000000000e+00,0.000000000000000000e+00,0.000000000000000000e+00,0.000000000000000000e+00,0.000000000000000000e+00,0.000000000000000000e+00,0.000000000000000000e+00,0.000000000000000000e+00,0.000000000000000000e+00,2.079171440098260746e+02,6.674460949372304697e+01,6.674460949372304697e+01,6.674460949372304697e+01,6.674460949372304697e+01,0.000000000000000000e+00,1.434628293667799710e+02,4.605378055066889686e+01,4.605378055066889686e+01,4.605378055066889686e+01,4.605378055066889686e+01
3.680000000000000000e+03,1.000000000000000000e+00,0.000000000000000000e+00,0.000000000000000000e+00,0.000000000000000000e+00,0.000000000000000000e+00,0.000000000000000000e+00,0.000000000000000000e+00,0.000000000000000000e+00,0.000000000000000000e+00,0.000000000000000000e+00,0.000000000000000000e+00,0.000000000000000000e+00,0.000000000000000000e+00,0.000000000000000000e+00,2.079171440098260746e+02,6.674460949372304697e+01,6.674460949372304697e+01,6.674460949372304697e+01,6.674460949372304697e+01,0.000000000000000000e+00,1.434628293667799710e+02,4.605378055066889686e+01,4.605378055066889686e+01,4.605378055066889686e+01,4.605378055066889686e+01
3.690000000000000000e+03,1.000000000000000000e+00,0.000000000000000000e+00,0.000000000000000000e+00,0.000000000000000000e+00,0.000000000000000000e+00,0.000000000000000000e+00,0.000000000000000000e+00,0.000000000000000000e+00,0.000000000000000000e+00,0.000000000000000000e+00,0.000000000000000000e+00,0.000000000000000000e+00,0.000000000000000000e+00,0.000000000000000000e+00,2.079171440098260746e+02,6.674460949372304697e+01,6.674460949372304697e+01,6.674460949372304697e+01,6.674460949372304697e+01,0.000000000000000000e+00,1.434628293667799710e+02,4.605378055066889686e+01,4.605378055066889686e+01,4.605378055066889686e+01,4.605378055066889686e+01
3.700000000000000000e+03,1.000000000000000000e+00,0.000000000000000000e+00,0.000000000000000000e+00,0.000000000000000000e+00,0.000000000000000000e+00,0.000000000000000000e+00,0.000000000000000000e+00,0.000000000000000000e+00,0.000000000000000000e+00,0.000000000000000000e+00,0.000000000000000000e+00,0.000000000000000000e+00,0.000000000000000000e+00,0.000000000000000000e+00,2.079171440098260746e+02,6.674460949372304697e+01,6.674460949372304697e+01,6.674460949372304697e+01,6.674460949372304697e+01,0.000000000000000000e+00,1.434628293667799710e+02,4.605378055066889686e+01,4.605378055066889686e+01,4.605378055066889686e+01,4.605378055066889686e+01
3.710000000000000000e+03,1.000000000000000000e+00,0.000000000000000000e+00,0.000000000000000000e+00,0.000000000000000000e+00,0.000000000000000000e+00,0.000000000000000000e+00,0.000000000000000000e+00,0.000000000000000000e+00,0.000000000000000000e+00,0.000000000000000000e+00,0.000000000000000000e+00,0.000000000000000000e+00,0.000000000000000000e+00,0.000000000000000000e+00,2.079171440098260746e+02,6.674460949372304697e+01,6.674460949372304697e+01,6.674460949372304697e+01,6.674460949372304697e+01,0.000000000000000000e+00,1.434628293667799710e+02,4.605378055066889686e+01,4.605378055066889686e+01,4.605378055066889686e+01,4.605378055066889686e+01
3.720000000000000000e+03,1.000000000000000000e+00,0.000000000000000000e+00,0.000000000000000000e+00,0.000000000000000000e+00,0.000000000000000000e+00,0.000000000000000000e+00,0.000000000000000000e+00,0.000000000000000000e+00,0.000000000000000000e+00,0.000000000000000000e+00,0.000000000000000000e+00,0.000000000000000000e+00,0.000000000000000000e+00,0.000000000000000000e+00,2.079171440098260746e+02,6.674460949372304697e+01,6.674460949372304697e+01,6.674460949372304697e+01,6.674460949372304697e+01,0.000000000000000000e+00,1.434628293667799710e+02,4.605378055066889686e+01,4.605378055066889686e+01,4.605378055066889686e+01,4.605378055066889686e+01
3.730000000000000000e+03,1.000000000000000000e+00,0.000000000000000000e+00,0.000000000000000000e+00,0.000000000000000000e+00,0.000000000000000000e+00,0.000000000000000000e+00,0.000000000000000000e+00,0.000000000000000000e+00,0.000000000000000000e+00,0.000000000000000000e+00,0.000000000000000000e+00,0.000000000000000000e+00,0.000000000000000000e+00,0.000000000000000000e+00,2.079171440098260746e+02,6.674460949372304697e+01,6.674460949372304697e+01,6.674460949372304697e+01,6.674460949372304697e+01,0.000000000000000000e+00,1.434628293667799710e+02,4.605378055066889686e+01,4.605378055066889686e+01,4.605378055066889686e+01,4.605378055066889686e+01
3.740000000000000000e+03,1.000000000000000000e+00,0.000000000000000000e+00,0.000000000000000000e+00,0.000000000000000000e+00,0.000000000000000000e+00,0.000000000000000000e+00,0.000000000000000000e+00,0.000000000000000000e+00,0.000000000000000000e+00,0.000000000000000000e+00,0.000000000000000000e+00,0.000000000000000000e+00,0.000000000000000000e+00,0.000000000000000000e+00,2.079171440098260746e+02,6.674460949372304697e+01,6.674460949372304697e+01,6.674460949372304697e+01,6.674460949372304697e+01,0.000000000000000000e+00,1.434628293667799710e+02,4.605378055066889686e+01,4.605378055066889686e+01,4.605378055066889686e+01,4.605378055066889686e+01
3.750000000000000000e+03,1.000000000000000000e+00,0.000000000000000000e+00,0.000000000000000000e+00,0.000000000000000000e+00,0.000000000000000000e+00,0.000000000000000000e+00,0.000000000000000000e+00,0.000000000000000000e+00,0.000000000000000000e+00,0.000000000000000000e+00,0.000000000000000000e+00,0.000000000000000000e+00,0.000000000000000000e+00,0.000000000000000000e+00,2.079171440098260746e+02,6.674460949372304697e+01,6.674460949372304697e+01,6.674460949372304697e+01,6.674460949372304697e+01,0.000000000000000000e+00,1.434628293667799710e+02,4.605378055066889686e+01,4.605378055066889686e+01,4.605378055066889686e+01,4.605378055066889686e+01
3.760000000000000000e+03,1.000000000000000000e+00,0.000000000000000000e+00,0.000000000000000000e+00,0.000000000000000000e+00,0.000000000000000000e+00,0.000000000000000000e+00,0.000000000000000000e+00,0.000000000000000000e+00,0.000000000000000000e+00,0.000000000000000000e+00,0.000000000000000000e+00,0.000000000000000000e+00,0.000000000000000000e+00,0.000000000000000000e+00,2.079171440098260746e+02,6.674460949372304697e+01,6.674460949372304697e+01,6.674460949372304697e+01,6.674460949372304697e+01,0.000000000000000000e+00,1.434628293667799710e+02,4.605378055066889686e+01,4.605378055066889686e+01,4.605378055066889686e+01,4.605378055066889686e+01
3.770000000000000000e+03,1.000000000000000000e+00,0.000000000000000000e+00,0.000000000000000000e+00,0.000000000000000000e+00,0.000000000000000000e+00,0.000000000000000000e+00,0.000000000000000000e+00,0.000000000000000000e+00,0.000000000000000000e+00,0.000000000000000000e+00,0.000000000000000000e+00,0.000000000000000000e+00,0.000000000000000000e+00,0.000000000000000000e+00,2.079171440098260746e+02,6.674460949372304697e+01,6.674460949372304697e+01,6.674460949372304697e+01,6.674460949372304697e+01,0.000000000000000000e+00,1.434628293667799710e+02,4.605378055066889686e+01,4.605378055066889686e+01,4.605378055066889686e+01,4.605378055066889686e+01
3.780000000000000000e+03,1.000000000000000000e+00,0.000000000000000000e+00,0.000000000000000000e+00,0.000000000000000000e+00,0.000000000000000000e+00,0.000000000000000000e+00,0.000000000000000000e+00,0.000000000000000000e+00,0.000000000000000000e+00,0.000000000000000000e+00,0.000000000000000000e+00,0.000000000000000000e+00,0.000000000000000000e+00,0.000000000000000000e+00,2.079171440098260746e+02,6.674460949372304697e+01,6.674460949372304697e+01,6.674460949372304697e+01,6.674460949372304697e+01,0.000000000000000000e+00,1.434628293667799710e+02,4.605378055066889686e+01,4.605378055066889686e+01,4.605378055066889686e+01,4.605378055066889686e+01
3.790000000000000000e+03,1.000000000000000000e+00,0.000000000000000000e+00,0.000000000000000000e+00,0.000000000000000000e+00,0.000000000000000000e+00,0.000000000000000000e+00,0.000000000000000000e+00,0.000000000000000000e+00,0.000000000000000000e+00,0.000000000000000000e+00,0.000000000000000000e+00,0.000000000000000000e+00,0.000000000000000000e+00,0.000000000000000000e+00,2.079171440098260746e+02,6.674460949372304697e+01,6.674460949372304697e+01,6.674460949372304697e+01,6.674460949372304697e+01,0.000000000000000000e+00,1.434628293667799710e+02,4.605378055066889686e+01,4.605378055066889686e+01,4.605378055066889686e+01,4.605378055066889686e+01
3.800000000000000000e+03,1.000000000000000000e+00,0.000000000000000000e+00,0.000000000000000000e+00,0.000000000000000000e+00,0.000000000000000000e+00,0.000000000000000000e+00,0.000000000000000000e+00,0.000000000000000000e+00,0.000000000000000000e+00,0.000000000000000000e+00,0.000000000000000000e+00,0.000000000000000000e+00,0.000000000000000000e+00,0.000000000000000000e+00,2.079171440098260746e+02,6.674460949372304697e+01,6.674460949372304697e+01,6.674460949372304697e+01,6.674460949372304697e+01,0.000000000000000000e+00,1.434628293667799710e+02,4.605378055066889686e+01,4.605378055066889686e+01,4.605378055066889686e+01,4.605378055066889686e+01
3.810000000000000000e+03,1.000000000000000000e+00,0.000000000000000000e+00,0.000000000000000000e+00,0.000000000000000000e+00,0.000000000000000000e+00,0.000000000000000000e+00,0.000000000000000000e+00,0.000000000000000000e+00,0.000000000000000000e+00,0.000000000000000000e+00,0.000000000000000000e+00,0.000000000000000000e+00,0.000000000000000000e+00,0.000000000000000000e+00,2.079171440098260746e+02,6.674460949372304697e+01,6.674460949372304697e+01,6.674460949372304697e+01,6.674460949372304697e+01,0.000000000000000000e+00,1.434628293667799710e+02,4.605378055066889686e+01,4.605378055066889686e+01,4.605378055066889686e+01,4.605378055066889686e+01
3.820000000000000000e+03,1.000000000000000000e+00,0.000000000000000000e+00,0.000000000000000000e+00,0.000000000000000000e+00,0.000000000000000000e+00,0.000000000000000000e+00,0.000000000000000000e+00,0.000000000000000000e+00,0.000000000000000000e+00,0.000000000000000000e+00,0.000000000000000000e+00,0.000000000000000000e+00,0.000000000000000000e+00,0.000000000000000000e+00,2.079171440098260746e+02,6.674460949372304697e+01,6.674460949372304697e+01,6.674460949372304697e+01,6.674460949372304697e+01,0.000000000000000000e+00,1.434628293667799710e+02,4.605378055066889686e+01,4.605378055066889686e+01,4.605378055066889686e+01,4.605378055066889686e+01
3.830000000000000000e+03,1.000000000000000000e+00,0.000000000000000000e+00,0.000000000000000000e+00,0.000000000000000000e+00,0.000000000000000000e+00,0.000000000000000000e+00,0.000000000000000000e+00,0.000000000000000000e+00,0.000000000000000000e+00,0.000000000000000000e+00,0.000000000000000000e+00,0.000000000000000000e+00,0.000000000000000000e+00,0.000000000000000000e+00,2.079171440098260746e+02,6.674460949372304697e+01,6.674460949372304697e+01,6.674460949372304697e+01,6.674460949372304697e+01,0.000000000000000000e+00,1.434628293667799710e+02,4.605378055066889686e+01,4.605378055066889686e+01,4.605378055066889686e+01,4.605378055066889686e+01
3.840000000000000000e+03,1.000000000000000000e+00,0.000000000000000000e+00,0.000000000000000000e+00,0.000000000000000000e+00,0.000000000000000000e+00,0.000000000000000000e+00,0.000000000000000000e+00,0.000000000000000000e+00,0.000000000000000000e+00,0.000000000000000000e+00,0.000000000000000000e+00,0.000000000000000000e+00,0.000000000000000000e+00,0.000000000000000000e+00,2.079171440098260746e+02,6.674460949372304697e+01,6.674460949372304697e+01,6.674460949372304697e+01,6.674460949372304697e+01,0.000000000000000000e+00,1.434628293667799710e+02,4.605378055066889686e+01,4.605378055066889686e+01,4.605378055066889686e+01,4.605378055066889686e+01
3.850000000000000000e+03,1.000000000000000000e+00,0.000000000000000000e+00,0.000000000000000000e+00,0.000000000000000000e+00,0.000000000000000000e+00,0.000000000000000000e+00,0.000000000000000000e+00,0.000000000000000000e+00,0.000000000000000000e+00,0.000000000000000000e+00,0.000000000000000000e+00,0.000000000000000000e+00,0.000000000000000000e+00,0.000000000000000000e+00,2.079171440098260746e+02,6.674460949372304697e+01,6.674460949372304697e+01,6.674460949372304697e+01,6.674460949372304697e+01,0.000000000000000000e+00,1.434628293667799710e+02,4.605378055066889686e+01,4.605378055066889686e+01,4.605378055066889686e+01,4.605378055066889686e+01
3.860000000000000000e+03,1.000000000000000000e+00,0.000000000000000000e+00,0.000000000000000000e+00,0.000000000000000000e+00,0.000000000000000000e+00,0.000000000000000000e+00,0.000000000000000000e+00,0.000000000000000000e+00,0.000000000000000000e+00,0.000000000000000000e+00,0.000000000000000000e+00,0.000000000000000000e+00,0.000000000000000000e+00,0.000000000000000000e+00,2.079171440098260746e+02,6.674460949372304697e+01,6.674460949372304697e+01,6.674460949372304697e+01,6.674460949372304697e+01,0.000000000000000000e+00,1.434628293667799710e+02,4.605378055066889686e+01,4.605378055066889686e+01,4.605378055066889686e+01,4.605378055066889686e+01
3.870000000000000000e+03,1.000000000000000000e+00,0.000000000000000000e+00,0.000000000000000000e+00,0.000000000000000000e+00,0.000000000000000000e+00,0.000000000000000000e+00,0.000000000000000000e+00,0.000000000000000000e+00,0.000000000000000000e+00,0.000000000000000000e+00,0.000000000000000000e+00,0.000000000000000000e+00,0.000000000000000000e+00,0.000000000000000000e+00,2.079171440098260746e+02,6.674460949372304697e+01,6.674460949372304697e+01,6.674460949372304697e+01,6.674460949372304697e+01,0.000000000000000000e+00,1.434628293667799710e+02,4.605378055066889686e+01,4.605378055066889686e+01,4.605378055066889686e+01,4.605378055066889686e+01
3.880000000000000000e+03,0.000000000000000000e+00,0.000000000000000000e+00,4.706629537772853951e+02,1.283419410770166451e+03,0.000000000000000000e+00,0.000000000000000000e+00,0.000000000000000000e+00,0.000000000000000000e+00,0.000000000000000000e+00,0.000000000000000000e+00,0.000000000000000000e+00,0.000000000000000000e+00,0.000000000000000000e+00,0.000000000000000000e+00,2.079171440098260746e+02,6.674460949372304697e+01,6.674460949372304697e+01,6.674460949372304697e+01,6.674460949372304697e+01,0.000000000000000000e+00,5.058733037752897417e+02,1.034286726843697124e+03,4.605378055066889686e+01,4.605378055066889686e+01,4.605378055066889686e+01
3.890000000000000000e+03,0.000000000000000000e+00,0.000000000000000000e+00,4.561818765915177210e+02,1.288637689759787008e+03,0.000000000000000000e+00,0.000000000000000000e+00,0.000000000000000000e+00,0.000000000000000000e+00,0.000000000000000000e+00,0.000000000000000000e+00,0.000000000000000000e+00,0.000000000000000000e+00,0.000000000000000000e+00,0.000000000000000000e+00,2.079171440098260746e+02,6.674460949372304697e+01,6.674460949372304697e+01,6.674460949372304697e+01,6.674460949372304697e+01,0.000000000000000000e+00,4.947228743422485877e+02,1.038304801665704872e+03,4.605378055066889686e+01,4.605378055066889686e+01,4.605378055066889686e+01
3.900000000000000000e+03,0.000000000000000000e+00,0.000000000000000000e+00,4.416429598727855250e+02,1.293692581719012878e+03,0.000000000000000000e+00,0.000000000000000000e+00,0.000000000000000000e+00,0.000000000000000000e+00,0.000000000000000000e+00,0.000000000000000000e+00,0.000000000000000000e+00,0.000000000000000000e+00,0.000000000000000000e+00,0.000000000000000000e+00,2.079171440098260746e+02,6.674460949372304697e+01,6.674460949372304697e+01,6.674460949372304697e+01,6.674460949372304697e+01,0.000000000000000000e+00,4.835279084688248759e+02,1.042197068474308935e+03,4.605378055066889686e+01,4.605378055066889686e+01,4.605378055066889686e+01
3.910000000000000000e+03,0.000000000000000000e+00,0.000000000000000000e+00,4.270480470177612915e+02,1.298583445735512214e+03,0.000000000000000000e+00,0.000000000000000000e+00,0.000000000000000000e+00,0.000000000000000000e+00,0.000000000000000000e+00,0.000000000000000000e+00,0.000000000000000000e+00,0.000000000000000000e+00,0.000000000000000000e+00,0.000000000000000000e+00,2.079171440098260746e+02,6.674460949372304697e+01,6.674460949372304697e+01,6.674460949372304697e+01,6.674460949372304697e+01,0.000000000000000000e+00,4.722898255704561734e+02,1.045963033767013258e+03,4.605378055066889686e+01,4.605378055066889686e+01,4.605378055066889686e+01
3.920000000000000000e+03,0.000000000000000000e+00,0.000000000000000000e+00,4.123989885228925800e+02,1.303309661694140686e+03,0.000000000000000000e+00,0.000000000000000000e+00,0.000000000000000000e+00,0.000000000000000000e+00,0.000000000000000000e+00,0.000000000000000000e+00,0.000000000000000000e+00,0.000000000000000000e+00,0.000000000000000000e+00,0.000000000000000000e+00,2.079171440098260746e+02,6.674460949372304697e+01,6.674460949372304697e+01,6.674460949372304697e+01,6.674460949372304697e+01,0.000000000000000000e+00,4.610100505294072946e+02,1.049602220055157204e+03,4.605378055066889686e+01,4.605378055066889686e+01,4.605378055066889686e+01
3.930000000000000000e+03,0.000000000000000000e+00,0.000000000000000000e+00,3.976976417497839975e+02,1.307870630355563890e+03,0.000000000000000000e+00,0.000000000000000000e+00,0.000000000000000000e+00,0.000000000000000000e+00,0.000000000000000000e+00,0.000000000000000000e+00,0.000000000000000000e+00,0.000000000000000000e+00,0.000000000000000000e+00,0.000000000000000000e+00,2.079171440098260746e+02,6.674460949372304697e+01,6.674460949372304697e+01,6.674460949372304697e+01,6.674460949372304697e+01,0.000000000000000000e+00,4.496900135141136161e+02,1.053114165924453118e+03,4.605378055066889686e+01,4.605378055066889686e+01,4.605378055066889686e+01
3.940000000000000000e+03,0.000000000000000000e+00,0.000000000000000000e+00,3.829458706896974718e+02,1.312265773432237893e+03,0.000000000000000000e+00,0.000000000000000000e+00,0.000000000000000000e+00,0.000000000000000000e+00,0.000000000000000000e+00,0.000000000000000000e+00,0.000000000000000000e+00,0.000000000000000000e+00,0.000000000000000000e+00,0.000000000000000000e+00,2.079171440098260746e+02,6.674460949372304697e+01,6.674460949372304697e+01,6.674460949372304697e+01,6.674460949372304697e+01,0.000000000000000000e+00,4.383311497978470470e+02,1.056498426093492071e+03,4.605378055066889686e+01,4.605378055066889686e+01,4.605378055066889686e+01
3.950000000000000000e+03,0.000000000000000000e+00,0.000000000000000000e+00,3.681455457272126068e+02,1.316494533661728838e+03,0.000000000000000000e+00,0.000000000000000000e+00,0.000000000000000000e+00,0.000000000000000000e+00,0.000000000000000000e+00,0.000000000000000000e+00,0.000000000000000000e+00,0.000000000000000000e+00,0.000000000000000000e+00,0.000000000000000000e+00,2.079171440098260746e+02,6.674460949372304697e+01,6.674460949372304697e+01,6.674460949372304697e+01,6.674460949372304697e+01,0.000000000000000000e+00,4.269348995767336419e+02,1.059754571470200062e+03,4.605378055066889686e+01,4.605378055066889686e+01,4.605378055066889686e+01
3.960000000000000000e+03,0.000000000000000000e+00,0.000000000000000000e+00,3.532985434030864553e+02,1.320556374877368626e+03,0.000000000000000000e+00,0.000000000000000000e+00,0.000000000000000000e+00,0.000000000000000000e+00,0.000000000000000000e+00,0.000000000000000000e+00,0.000000000000000000e+00,0.000000000000000000e+00,0.000000000000000000e+00,0.000000000000000000e+00,2.079171440098260746e+02,6.674460949372304697e+01,6.674460949372304697e+01,6.674460949372304697e+01,6.674460949372304697e+01,0.000000000000000000e+00,4.155027077871565098e+02,1.062882189206242856e+03,4.605378055066889686e+01,4.605378055066889686e+01,4.605378055066889686e+01
3.970000000000000000e+03,0.000000000000000000e+00,0.000000000000000000e+00,3.384067461763215192e+02,1.324450782076236464e+03,0.000000000000000000e+00,0.000000000000000000e+00,0.000000000000000000e+00,0.000000000000000000e+00,0.000000000000000000e+00,0.000000000000000000e+00,0.000000000000000000e+00,0.000000000000000000e+00,0.000000000000000000e+00,0.000000000000000000e+00,2.079171440098260746e+02,6.674460949372304697e+01,6.674460949372304697e+01,6.674460949372304697e+01,6.674460949372304697e+01,0.000000000000000000e+00,4.040360239225475425e+02,1.065880882749371040e+03,4.605378055066889686e+01,4.605378055066889686e+01,4.605378055066889686e+01
3.980000000000000000e+03,0.000000000000000000e+00,0.000000000000000000e+00,3.234720421854900110e+02,1.328177261484455812e+03,0.000000000000000000e+00,0.000000000000000000e+00,0.000000000000000000e+00,0.000000000000000000e+00,0.000000000000000000e+00,0.000000000000000000e+00,0.000000000000000000e+00,0.000000000000000000e+00,0.000000000000000000e+00,0.000000000000000000e+00,2.079171440098260746e+02,6.674460949372304697e+01,6.674460949372304697e+01,6.674460949372304697e+01,6.674460949372304697e+01,0.000000000000000000e+00,3.925363018496072982e+02,1.068750271893699846e+03,4.605378055066889686e+01,4.605378055066889686e+01,4.605378055066889686e+01
3.990000000000000000e+03,0.000000000000000000e+00,0.000000000000000000e+00,3.084963250093311444e+02,1.331735340619800809e+03,0.000000000000000000e+00,0.000000000000000000e+00,0.000000000000000000e+00,0.000000000000000000e+00,0.000000000000000000e+00,0.000000000000000000e+00,0.000000000000000000e+00,0.000000000000000000e+00,0.000000000000000000e+00,0.000000000000000000e+00,2.079171440098260746e+02,6.674460949372304697e+01,6.674460949372304697e+01,6.674460949372304697e+01,6.674460949372304697e+01,0.000000000000000000e+00,3.810049996239649772e+02,1.071489992827915557e+03,4.605378055066889686e+01,4.605378055066889686e+01,4.605378055066889686e+01
4.000000000000000000e+03,0.000000000000000000e+00,0.000000000000000000e+00,2.934814934266703403e+02,1.335124568351601965e+03,0.000000000000000000e+00,0.000000000000000000e+00,0.000000000000000000e+00,0.000000000000000000e+00,0.000000000000000000e+00,0.000000000000000000e+00,0.000000000000000000e+00,0.000000000000000000e+00,0.000000000000000000e+00,0.000000000000000000e+00,2.079171440098260746e+02,6.674460949372304697e+01,6.674460949372304697e+01,6.674460949372304697e+01,6.674460949372304697e+01,0.000000000000000000e+00,3.694435793053161206e+02,1.074099698181402573e+03,4.605378055066889686e+01,4.605378055066889686e+01,4.605378055066889686e+01
4.010000000000000000e+03,0.000000000000000000e+00,0.000000000000000000e+00,2.784294511756673955e+02,1.338344514957944739e+03,0.000000000000000000e+00,0.000000000000000000e+00,0.000000000000000000e+00,0.000000000000000000e+00,0.000000000000000000e+00,0.000000000000000000e+00,0.000000000000000000e+00,0.000000000000000000e+00,0.000000000000000000e+00,0.000000000000000000e+00,2.079171440098260746e+02,6.674460949372304697e+01,6.674460949372304697e+01,6.674460949372304697e+01,6.674460949372304697e+01,0.000000000000000000e+00,3.578535067720438292e+02,1.076579057068286374e+03,4.605378055066889686e+01,4.605378055066889686e+01,4.605378055066889686e+01
4.020000000000000000e+03,0.000000000000000000e+00,0.000000000000000000e+00,2.633421067124428987e+02,1.341394772180155996e+03,0.000000000000000000e+00,0.000000000000000000e+00,0.000000000000000000e+00,0.000000000000000000e+00,0.000000000000000000e+00,0.000000000000000000e+00,0.000000000000000000e+00,0.000000000000000000e+00,0.000000000000000000e+00,0.000000000000000000e+00,2.079171440098260746e+02,6.674460949372304697e+01,6.674460949372304697e+01,6.674460949372304697e+01,6.674460949372304697e+01,0.000000000000000000e+00,3.462362515353610206e+02,1.078927755129389197e+03,4.605378055066889686e+01,4.605378055066889686e+01,4.605378055066889686e+01
4.030000000000000000e+03,0.000000000000000000e+00,0.000000000000000000e+00,2.482213729690995478e+02,1.344274953274565632e+03,0.000000000000000000e+00,0.000000000000000000e+00,0.000000000000000000e+00,0.000000000000000000e+00,0.000000000000000000e+00,0.000000000000000000e+00,0.000000000000000000e+00,0.000000000000000000e+00,0.000000000000000000e+00,0.000000000000000000e+00,2.079171440098260746e+02,6.674460949372304697e+01,6.674460949372304697e+01,6.674460949372304697e+01,6.674460949372304697e+01,0.000000000000000000e+00,3.345932865529866262e+02,1.081145494572084544e+03,4.605378055066889686e+01,4.605378055066889686e+01,4.605378055066889686e+01
4.040000000000000000e+03,0.000000000000000000e+00,0.000000000000000000e+00,2.330691671111872267e+02,1.346984693061542430e+03,0.000000000000000000e+00,0.000000000000000000e+00,0.000000000000000000e+00,0.000000000000000000e+00,0.000000000000000000e+00,0.000000000000000000e+00,0.000000000000000000e+00,0.000000000000000000e+00,0.000000000000000000e+00,0.000000000000000000e+00,2.079171440098260746e+02,6.674460949372304697e+01,6.674460949372304697e+01,6.674460949372304697e+01,6.674460949372304697e+01,0.000000000000000000e+00,3.229260880423940989e+02,1.083231994208056676e+03,4.605378055066889686e+01,4.605378055066889686e+01,4.605378055066889686e+01
4.050000000000000000e+03,0.000000000000000000e+00,0.000000000000000000e+00,2.178874102946215032e+02,1.349523647971795754e+03,0.000000000000000000e+00,0.000000000000000000e+00,0.000000000000000000e+00,0.000000000000000000e+00,0.000000000000000000e+00,0.000000000000000000e+00,0.000000000000000000e+00,0.000000000000000000e+00,0.000000000000000000e+00,0.000000000000000000e+00,2.079171440098260746e+02,6.674460949372304697e+01,6.674460949372304697e+01,6.674460949372304697e+01,6.674460949372304697e+01,0.000000000000000000e+00,3.112361352936385401e+02,1.085186989488951667e+03,4.605378055066889686e+01,4.605378055066889686e+01,4.605378055066889686e+01
4.060000000000000000e+03,0.000000000000000000e+00,0.000000000000000000e+00,2.026780274220953402e+02,1.351891496089936936e+03,0.000000000000000000e+00,0.000000000000000000e+00,0.000000000000000000e+00,0.000000000000000000e+00,0.000000000000000000e+00,0.000000000000000000e+00,0.000000000000000000e+00,0.000000000000000000e+00,0.000000000000000000e+00,0.000000000000000000e+00,2.079171440098260746e+02,6.674460949372304697e+01,6.674460949372304697e+01,6.674460949372304697e+01,6.674460949372304697e+01,0.000000000000000000e+00,2.995249104817934267e+02,1.087010232539920480e+03,4.605378055066889686e+01,4.605378055066889686e+01,4.605378055066889686e+01
4.070000000000000000e+03,0.000000000000000000e+00,0.000000000000000000e+00,1.874429468990271062e+02,1.354087937195294899e+03,0.000000000000000000e+00,0.000000000000000000e+00,0.000000000000000000e+00,0.000000000000000000e+00,0.000000000000000000e+00,0.000000000000000000e+00,0.000000000000000000e+00,0.000000000000000000e+00,0.000000000000000000e+00,0.000000000000000000e+00,2.079171440098260746e+02,6.674460949372304697e+01,6.674460949372304697e+01,6.674460949372304697e+01,6.674460949372304697e+01,0.000000000000000000e+00,2.877938984790308723e+02,1.088701492191046100e+03,4.605378055066889686e+01,4.605378055066889686e+01,4.605378055066889686e+01
4.080000000000000000e+03,0.000000000000000000e+00,0.000000000000000000e+00,1.721841003890521904e+02,1.356112692799980096e+03,0.000000000000000000e+00,0.000000000000000000e+00,0.000000000000000000e+00,0.000000000000000000e+00,0.000000000000000000e+00,0.000000000000000000e+00,0.000000000000000000e+00,0.000000000000000000e+00,0.000000000000000000e+00,0.000000000000000000e+00,2.079171440098260746e+02,6.674460949372304697e+01,6.674460949372304697e+01,6.674460949372304697e+01,6.674460949372304697e+01,0.000000000000000000e+00,2.760445866663501420e+02,1.090260554006653592e+03,4.605378055066889686e+01,4.605378055066889686e+01,4.605378055066889686e+01
4.090000000000000000e+03,0.000000000000000000e+00,0.000000000000000000e+00,1.569034225691088125e+02,1.357965506184196101e+03,0.000000000000000000e+00,0.000000000000000000e+00,0.000000000000000000e+00,0.000000000000000000e+00,0.000000000000000000e+00,0.000000000000000000e+00,0.000000000000000000e+00,0.000000000000000000e+00,0.000000000000000000e+00,0.000000000000000000e+00,2.079171440098260746e+02,6.674460949372304697e+01,6.674460949372304697e+01,6.674460949372304697e+01,6.674460949372304697e+01,0.000000000000000000e+00,2.642784647449937552e+02,1.091687220312499903e+03,4.605378055066889686e+01,4.605378055066889686e+01,4.605378055066889686e+01
4.100000000000000000e+03,0.000000000000000000e+00,0.000000000000000000e+00,1.416028508841344262e+02,1.359646142428788608e+03,0.000000000000000000e+00,0.000000000000000000e+00,0.000000000000000000e+00,0.000000000000000000e+00,0.000000000000000000e+00,0.000000000000000000e+00,0.000000000000000000e+00,0.000000000000000000e+00,0.000000000000000000e+00,0.000000000000000000e+00,2.079171440098260746e+02,6.674460949372304697e+01,6.674460949372304697e+01,6.674460949372304697e+01,6.674460949372304697e+01,0.000000000000000000e+00,2.524970245475634840e+02,1.092981310220836349e+03,4.605378055066889686e+01,4.605378055066889686e+01,4.605378055066889686e+01
4.110000000000000000e+03,0.000000000000000000e+00,0.000000000000000000e+00,1.262843253014235358e+02,1.361154388445030236e+03,0.000000000000000000e+00,0.000000000000000000e+00,0.000000000000000000e+00,0.000000000000000000e+00,0.000000000000000000e+00,0.000000000000000000e+00,0.000000000000000000e+00,0.000000000000000000e+00,0.000000000000000000e+00,0.000000000000000000e+00,2.079171440098260746e+02,6.674460949372304697e+01,6.674460949372304697e+01,6.674460949372304697e+01,6.674460949372304697e+01,0.000000000000000000e+00,2.407017598488760939e+02,1.094142659653342207e+03,4.605378055066889686e+01,4.605378055066889686e+01,4.605378055066889686e+01
4.120000000000000000e+03,0.000000000000000000e+00,0.000000000000000000e+00,1.109497880646531485e+02,1.362490053001638898e+03,0.000000000000000000e+00,0.000000000000000000e+00,0.000000000000000000e+00,0.000000000000000000e+00,0.000000000000000000e+00,0.000000000000000000e+00,0.000000000000000000e+00,0.000000000000000000e+00,0.000000000000000000e+00,0.000000000000000000e+00,2.079171440098260746e+02,6.674460949372304697e+01,6.674460949372304697e+01,6.674460949372304697e+01,6.674460949372304697e+01,0.000000000000000000e+00,2.288941661765628908e+02,1.095171121361931000e+03,4.605378055066889686e+01,4.605378055066889686e+01,4.605378055066889686e+01
4.130000000000000000e+03,0.000000000000000000e+00,0.000000000000000000e+00,9.560118344762739184e+01,1.363652966749023335e+03,0.000000000000000000e+00,0.000000000000000000e+00,0.000000000000000000e+00,0.000000000000000000e+00,0.000000000000000000e+00,0.000000000000000000e+00,0.000000000000000000e+00,0.000000000000000000e+00,0.000000000000000000e+00,0.000000000000000000e+00,2.079171440098260746e+02,6.674460949372304697e+01,6.674460949372304697e+01,6.674460949372304697e+01,6.674460949372304697e+01,0.000000000000000000e+00,2.170757406214530647e+02,1.096066564947416964e+03,4.605378055066889686e+01,4.605378055066889686e+01,4.605378055066889686e+01
4.140000000000000000e+03,0.000000000000000000e+00,0.000000000000000000e+00,8.024045750775704278e+01,1.364642982240756510e+03,0.000000000000000000e+00,0.000000000000000000e+00,0.000000000000000000e+00,0.000000000000000000e+00,0.000000000000000000e+00,0.000000000000000000e+00,0.000000000000000000e+00,0.000000000000000000e+00,0.000000000000000000e+00,0.000000000000000000e+00,2.079171440098260746e+02,6.674460949372304697e+01,6.674460949372304697e+01,6.674460949372304697e+01,6.674460949372304697e+01,0.000000000000000000e+00,2.052479816477529084e+02,1.096828876876051481e+03,4.605378055066889686e+01,4.605378055066889686e+01,4.605378055066889686e+01
4.150000000000000000e+03,0.000000000000000000e+00,0.000000000000000000e+00,6.486955783932521058e+01,1.365459973952268683e+03,0.000000000000000000e+00,0.000000000000000000e+00,0.000000000000000000e+00,0.000000000000000000e+00,0.000000000000000000e+00,0.000000000000000000e+00,0.000000000000000000e+00,0.000000000000000000e+00,0.000000000000000000e+00,0.000000000000000000e+00,2.079171440098260746e+02,6.674460949372304697e+01,6.674460949372304697e+01,6.674460949372304697e+01,6.674460949372304697e+01,0.000000000000000000e+00,1.934123889030603891e+02,1.097457960493915834e+03,4.605378055066889686e+01,4.605378055066889686e+01,4.605378055066889686e+01
4.160000000000000000e+03,0.000000000000000000e+00,0.000000000000000000e+00,4.949043332654724026e+01,1.366103838296763797e+03,0.000000000000000000e+00,0.000000000000000000e+00,0.000000000000000000e+00,0.000000000000000000e+00,0.000000000000000000e+00,0.000000000000000000e+00,0.000000000000000000e+00,0.000000000000000000e+00,0.000000000000000000e+00,0.000000000000000000e+00,2.079171440098260746e+02,6.674460949372304697e+01,6.674460949372304697e+01,6.674460949372304697e+01,6.674460949372304697e+01,0.000000000000000000e+00,1.815704630282213543e+02,1.097953736039177102e+03,4.605378055066889686e+01,4.605378055066889686e+01,4.605378055066889686e+01
4.170000000000000000e+03,0.000000000000000000e+00,0.000000000000000000e+00,3.410503389646707717e+01,1.366574493638353033e+03,0.000000000000000000e+00,0.000000000000000000e+00,0.000000000000000000e+00,0.000000000000000000e+00,0.000000000000000000e+00,0.000000000000000000e+00,0.000000000000000000e+00,0.000000000000000000e+00,0.000000000000000000e+00,0.000000000000000000e+00,2.079171440098260746e+02,6.674460949372304697e+01,6.674460949372304697e+01,6.674460949372304697e+01,6.674460949372304697e+01,0.000000000000000000e+00,1.697237054670596308e+02,1.098316140652200829e+03,4.605378055066889686e+01,4.605378055066889686e+01,4.605378055066889686e+01
4.180000000000000000e+03,0.000000000000000000e+00,0.000000000000000000e+00,1.871531027173224615e+01,1.366871880302405089e+03,0.000000000000000000e+00,0.000000000000000000e+00,0.000000000000000000e+00,0.000000000000000000e+00,0.000000000000000000e+00,0.000000000000000000e+00,0.000000000000000000e+00,0.000000000000000000e+00,0.000000000000000000e+00,0.000000000000000000e+00,2.079171440098260746e+02,6.674460949372304697e+01,6.674460949372304697e+01,6.674460949372304697e+01,6.674460949372304697e+01,0.000000000000000000e+00,1.578736182760138149e+02,1.098545128383520932e+03,4.605378055066889686e+01,4.605378055066889686e+01,4.605378055066889686e+01
4.190000000000000000e+03,0.000000000000000000e+00,0.000000000000000000e+00,3.323213723255916019e+00,1.366995960583113629e+03,0.000000000000000000e+00,0.000000000000000000e+00,0.000000000000000000e+00,0.000000000000000000e+00,0.000000000000000000e+00,0.000000000000000000e+00,0.000000000000000000e+00,0.000000000000000000e+00,0.000000000000000000e+00,0.000000000000000000e+00,2.079171440098260746e+02,6.674460949372304697e+01,6.674460949372304697e+01,6.674460949372304697e+01,6.674460949372304697e+01,0.000000000000000000e+00,1.460217039336870357e+02,1.098640670199666602e+03,4.605378055066889686e+01,4.605378055066889686e+01,4.605378055066889686e+01
4.200000000000000000e+03,0.000000000000000000e+00,1.206930417718331228e+01,0.000000000000000000e+00,1.366946718748275998e+03,0.000000000000000000e+00,0.000000000000000000e+00,0.000000000000000000e+00,0.000000000000000000e+00,3.176475005956731934e+00,1.019697460970962588e+00,1.019697460970962588e+00,1.019697460970962588e+00,1.019697460970962588e+00,0.000000000000000000e+00,2.079171440098260746e+02,6.674460949372304697e+01,6.674460949372304697e+01,6.674460949372304697e+01,6.674460949372304697e+01,9.293364216431150737e+00,1.459087151213666402e+02,1.099387921031789119e+03,4.683894759561653842e+01,4.683894759561653842e+01,4.683894759561653842e+01
4.210000000000000000e+03,0.000000000000000000e+00,2.746029180438705097e+01,0.000000000000000000e+00,1.366724161041290017e+03,0.000000000000000000e+00,0.000000000000000000e+00,0.000000000000000000e+00,0.000000000000000000e+00,7.227171450183025314e+00,2.320033484895566378e+00,2.320033484895566378e+00,2.320033484895566378e+00,2.320033484895566378e+00,0.000000000000000000e+00,2.079171440098260746e+02,6.674460949372304697e+01,6.674460949372304697e+01,6.674460949372304697e+01,6.674460949372304697e+01,2.114442468937803099e+01,1.490277513834209060e+02,1.100217810335831928e+03,4.784020633403848421e+01,4.784020633403848421e+01,4.784020633403848421e+01
4.220000000000000000e+03,0.000000000000000000e+00,4.284779772717740798e+01,0.000000000000000000e+00,1.366328315680360447e+03,0.000000000000000000e+00,0.000000000000000000e+00,0.000000000000000000e+00,0.000000000000000000e+00,1.127695155765246149e+01,3.620075350590493901e+00,3.620075350590493901e+00,3.620075350590493901e+00,3.620075350590493901e+00,0.000000000000000000e+00,2.079171440098260746e+02,6.674460949372304697e+01,6.674460949372304697e+01,6.674460949372304697e+01,6.674460949372304697e+01,3.299280424992660699e+01,1.521460820661723687e+02,1.100914041644501140e+03,4.884123857062357388e+01,4.884123857062357388e+01,4.884123857062357388e+01
4.230000000000000000e+03,0.000000000000000000e+00,5.822987095582476513e+01,0.000000000000000000e+00,1.365759232854923084e+03,0.000000000000000000e+00,0.000000000000000000e+00,0.000000000000000000e+00,0.000000000000000000e+00,1.532530185467823713e+01,4.919658225084062586e+00,4.919658225084062586e+00,4.919658225084062586e+00,4.919658225084062586e+00,0.000000000000000000e+00,2.079171440098260746e+02,6.674460949372304697e+01,6.674460949372304697e+01,6.674460949372304697e+01,6.674460949372304697e+01,4.483700063598507057e+01,1.552633117948822132e+02,1.101476526682274425e+03,4.984191738398362759e+01,4.984191738398362759e+01,4.984191738398362759e+01
4.240000000000000000e+03,0.000000000000000000e+00,7.360456118941236525e+01,0.000000000000000000e+00,1.365016984719279662e+03,0.000000000000000000e+00,0.000000000000000000e+00,0.000000000000000000e+00,0.000000000000000000e+00,1.937170904885962841e+01,6.218617333600216845e+00,6.218617333600216845e+00,6.218617333600216845e+00,6.218617333600216845e+00,0.000000000000000000e+00,2.079171440098260746e+02,6.674460949372304697e+01,6.674460949372304697e+01,6.674460949372304697e+01,6.674460949372304697e+01,5.667551211584752480e+01,1.583790453344018943e+02,1.101905194131386452e+03,5.084211589754106342e+01,5.084211589754106342e+01,5.084211589754106342e+01
4.250000000000000000e+03,0.000000000000000000e+00,8.896991906312081255e+01,0.000000000000000000e+00,1.364101665383449927e+03,0.000000000000000000e+00,0.000000000000000000e+00,0.000000000000000000e+00,0.000000000000000000e+00,2.341566009416387573e+01,7.516787980450815532e+00,7.516787980450815532e+00,7.516787980450815532e+00,7.516787980450815532e+00,0.000000000000000000e+00,2.079171440098260746e+02,6.674460949372304697e+01,6.674460949372304697e+01,6.674460949372304697e+01,6.674460949372304697e+01,6.850683767860303419e+01,1.614928876392861525e+02,1.102199989640872445e+03,5.184170729561602542e+01,5.184170729561602542e+01,5.184170729561602542e+01
4.260000000000000000e+03,0.000000000000000000e+00,1.043239963953817124e+02,0.000000000000000000e+00,1.363013390901239973e+03,0.000000000000000000e+00,0.000000000000000000e+00,0.000000000000000000e+00,0.000000000000000000e+00,2.745664225597361607e+01,8.814005569916865568e+00,8.814005569916865568e+00,8.814005569916865568e+00,8.814005569916865568e+00,0.000000000000000000e+00,2.079171440098260746e+02,6.674460949372304697e+01,6.674460949372304697e+01,6.674460949372304697e+01,6.674460949372304697e+01,8.032947722444392014e+01,1.646044439038796554e+02,1.102360875833459659e+03,5.284056483950488570e+01,5.284056483950488570e+01,5.284056483950488570e+01
4.270000000000000000e+03,0.000000000000000000e+00,1.196648464348923113e+02,0.000000000000000000e+00,1.361752299255526623e+03,0.000000000000000000e+00,0.000000000000000000e+00,0.000000000000000000e+00,0.000000000000000000e+00,3.149414317609775793e+01,1.011010562711800453e+01,1.011010562711800453e+01,1.011010562711800453e+01,1.011010562711800453e+01,0.000000000000000000e+00,2.079171440098260746e+02,6.674460949372304697e+01,6.674460949372304697e+01,6.674460949372304697e+01,6.674460949372304697e+01,9.214193175486708753e+01,1.677133196123752441e+02,1.102387832310305384e+03,5.383856188354975814e+01,5.383856188354975814e+01,5.383856188354975814e+01
4.280000000000000000e+03,0.000000000000000000e+00,1.349905241074486923e+02,0.000000000000000000e+00,1.360318550340763522e+03,0.000000000000000000e+00,0.000000000000000000e+00,0.000000000000000000e+00,0.000000000000000000e+00,3.552765093773456329e+01,1.140492381886667062e+01,1.140492381886667062e+01,1.140492381886667062e+01,1.140492381886667062e+01,0.000000000000000000e+00,2.079171440098260746e+02,6.674460949372304697e+01,6.674460949372304697e+01,6.674460949372304697e+01,6.674460949372304697e+01,1.039427035627355025e+02,1.708191205888355739e+02,1.102280855653584240e+03,5.483557189119623132e+01,5.483557189119623132e+01,5.483557189119623132e+01
4.290000000000000000e+03,0.000000000000000000e+00,1.502990862625553916e+02,0.000000000000000000e+00,1.358712325942706912e+03,0.000000000000000000e+00,0.000000000000000000e+00,0.000000000000000000e+00,0.000000000000000000e+00,3.955665413037595357e+01,1.269829597450336145e+01,1.269829597450336145e+01,1.269829597450336145e+01,1.269829597450336145e+01,0.000000000000000000e+00,2.079171440098260746e+02,6.674460949372304697e+01,6.674460949372304697e+01,6.674460949372304697e+01,6.674460949372304697e+01,1.157302964221676547e+02,1.739214530471694502e+02,1.102039959426920859e+03,5.583146845103648559e+01,5.583146845103648559e+01,5.583146845103648559e+01
4.300000000000000000e+03,0.000000000000000000e+00,1.655885919198034628e+02,0.000000000000000000e+00,1.356933829715368574e+03,0.000000000000000000e+00,0.000000000000000000e+00,0.000000000000000000e+00,0.000000000000000000e+00,4.358064191465076220e+01,1.399005810671233618e+01,1.399005810671233618e+01,1.399005810671233618e+01,1.399005810671233618e+01,0.000000000000000000e+00,2.079171440098260746e+02,6.674460949372304697e+01,6.674460949372304697e+01,6.674460949372304697e+01,6.674460949372304697e+01,1.275032157782486735e+02,1.770199236410610411e+02,1.101665174173671176e+03,5.682612529283739633e+01,5.682612529283739633e+01,5.682612529283739633e+01
4.310000000000000000e+03,0.000000000000000000e+00,1.808571025149657316e+02,0.000000000000000000e+00,1.354983287155192556e+03,0.000000000000000000e+00,0.000000000000000000e+00,0.000000000000000000e+00,0.000000000000000000e+00,4.759910408709367857e+01,1.528004643231344772e+01,1.528004643231344772e+01,1.528004643231344772e+01,1.528004643231344772e+01,0.000000000000000000e+00,2.079171440098260746e+02,6.674460949372304697e+01,6.674460949372304697e+01,6.674460949372304697e+01,6.674460949372304697e+01,1.392599689365236202e+02,1.801141395138421046e+02,1.101156547413048656e+03,5.781941630355025552e+01,5.781941630355025552e+01,5.781941630355025552e+01
4.320000000000000000e+03,0.000000000000000000e+00,1.961026821457933522e+02,0.000000000000000000e+00,1.352860945572465653e+03,0.000000000000000000e+00,0.000000000000000000e+00,0.000000000000000000e+00,0.000000000000000000e+00,5.161153114483552429e+01,1.656809739302869744e+01,1.656809739302869744e+01,1.656809739302869744e+01,1.656809739302869744e+01,0.000000000000000000e+00,2.079171440098260746e+02,6.674460949372304697e+01,6.674460949372304697e+01,6.674460949372304697e+01,6.674460949372304697e+01,1.509990652522608912e+02,1.832037083483033371e+02,1.100514143634099582e+03,5.881121554330099599e+01,5.881121554330099599e+01,5.881121554330099599e+01
4.330000000000000000e+03,0.000000000000000000e+00,2.113233978174624497e+02,0.000000000000000000e+00,1.350567074059960305e+03,0.000000000000000000e+00,0.000000000000000000e+00,0.000000000000000000e+00,0.000000000000000000e+00,5.561741435020140045e+01,1.785404767621926325e+01,1.785404767621926325e+01,1.785404767621926325e+01,1.785404767621926325e+01,0.000000000000000000e+00,2.079171440098260746e+02,6.674460949372304697e+01,6.674460949372304697e+01,6.674460949372304697e+01,6.674460949372304697e+01,1.627190163194460979e+02,1.862882384164350356e+02,1.099738044287527373e+03,5.980139726135772804e+01,5.980139726135772804e+01,5.980139726135772804e+01
4.340000000000000000e+03,0.000000000000000000e+00,2.265173196876633881e+02,0.000000000000000000e+00,1.348101963458816726e+03,0.000000000000000000e+00,0.000000000000000000e+00,0.000000000000000000e+00,0.000000000000000000e+00,5.961624579521483724e+01,1.913773423559229769e+01,1.913773423559229769e+01,1.913773423559229769e+01,1.913773423559229769e+01,0.000000000000000000e+00,2.079171440098260746e+02,6.674460949372304697e+01,6.674460949372304697e+01,6.674460949372304697e+01,6.674460949372304697e+01,1.744183361595008250e+02,1.893673386290953999e+02,1.098828347775363909e+03,6.078983591207496318e+01,6.078983591207496318e+01,6.078983591207496318e+01
4.350000000000000000e+03,0.000000000000000000e+00,2.416825213112896904e+02,0.000000000000000000e+00,1.345465926321665847e+03,0.000000000000000000e+00,0.000000000000000000e+00,0.000000000000000000e+00,0.000000000000000000e+00,6.360751846599655579e+01,2.041899431187395919e+01,2.041899431187395919e+01,2.041899431187395919e+01,2.041899431187395919e+01,0.000000000000000000e+00,2.079171440098260746e+02,6.674460949372304697e+01,6.674460949372304697e+01,6.674460949372304697e+01,6.674460949372304697e+01,1.860955414096930554e+02,1.924406185855973206e+02,1.097785169438494677e+03,6.177640617081184615e+01,6.177640617081184615e+01,6.177640617081184615e+01
4.360000000000000000e+03,0.000000000000000000e+00,2.568170798846861658e+02,0.000000000000000000e+00,1.342659296873001495e+03,0.000000000000000000e+00,0.000000000000000000e+00,0.000000000000000000e+00,0.000000000000000000e+00,6.759072630704721973e+01,2.169766545344513275e+01,2.169766545344513275e+01,2.169766545344513275e+01,2.169766545344513275e+01,0.000000000000000000e+00,2.079171440098260746e+02,6.674460949372304697e+01,6.674460949372304697e+01,6.674460949372304697e+01,6.674460949372304697e+01,1.977491515112083391e+02,1.955076886232063202e+02,1.096608641542032956e+03,6.276098294982165271e+01,6.276098294982165271e+01,6.276098294982165271e+01
4.370000000000000000e+03,0.000000000000000000e+00,2.719190764894466952e+02,0.000000000000000000e+00,1.339682430966804304e+03,0.000000000000000000e+00,0.000000000000000000e+00,0.000000000000000000e+00,0.000000000000000000e+00,7.156536428541164696e+01,2.297358553693914729e+01,2.297358553693914729e+01,2.297358553693914729e+01,2.297358553693914729e+01,0.000000000000000000e+00,2.079171440098260746e+02,6.674460949372304697e+01,6.674460949372304697e+01,6.674460949372304697e+01,6.674460949372304697e+01,2.093776888968739627e+02,1.985681598665469494e+02,1.095298913258551465e+03,6.374344141411204134e+01,6.374344141411204134e+01,6.374344141411204134e+01
4.380000000000000000e+03,0.000000000000000000e+00,2.869865963357126475e+02,0.000000000000000000e+00,1.336535706041422145e+03,0.000000000000000000e+00,0.000000000000000000e+00,0.000000000000000000e+00,0.000000000000000000e+00,7.553092845471164196e+01,2.424659278779730442e+01,2.424659278779730442e+01,2.424659278779730442e+01,2.424659278779730442e+01,0.000000000000000000e+00,2.079171440098260746e+02,6.674460949372304697e+01,6.674460949372304697e+01,6.674460949372304697e+01,6.674460949372304697e+01,2.209796791784987420e+02,2.016216442769079435e+02,1.093856150649167830e+03,6.472365699727282617e+01,6.472365699727282617e+01,6.472365699727282617e+01
4.390000000000000000e+03,0.000000000000000000e+00,3.020177290049547878e+02,0.000000000000000000e+00,1.333219521071713643e+03,0.000000000000000000e+00,0.000000000000000000e+00,0.000000000000000000e+00,0.000000000000000000e+00,7.948691601904279480e+01,2.551652580078073385e+01,2.551652580078073385e+01,2.551652580078073385e+01,2.551652580078073385e+01,0.000000000000000000e+00,2.079171440098260746e+02,6.674460949372304697e+01,6.674460949372304697e+01,6.674460949372304697e+01,6.674460949372304697e+01,2.325536513338151963e+02,2.046677547014429308e+02,1.092280536642489778e+03,6.570150541727005589e+01,6.570150541727005589e+01,6.570150541727005589e+01
4.400000000000000000e+03,0.000000000000000000e+00,3.170105686921889401e+02,0.000000000000000000e+00,1.329734296518464362e+03,0.000000000000000000e+00,0.000000000000000000e+00,0.000000000000000000e+00,0.000000000000000000e+00,8.343282539672242137e+01,2.678322356043445041e+01,2.678322356043445041e+01,2.678322356043445041e+01,2.678322356043445041e+01,0.000000000000000000e+00,2.079171440098260746e+02,6.674460949372304697e+01,6.674460949372304697e+01,6.674460949372304697e+01,6.674460949372304697e+01,2.440981378929854770e+02,2.077061049222562303e+02,1.090572271011420980e+03,6.667686269220342865e+01,6.667686269220342865e+01,6.667686269220342865e+01
4.410000000000000000e+03,0.000000000000000000e+00,3.319632144476190660e+02,0.000000000000000000e+00,1.326080474275073584e+03,0.000000000000000000e+00,0.000000000000000000e+00,0.000000000000000000e+00,0.000000000000000000e+00,8.736815628388656307e+01,2.804652546150300552e+01,2.804652546150300552e+01,2.804652546150300552e+01,2.804652546150300552e+01,0.000000000000000000e+00,2.079171440098260746e+02,6.674460949372304697e+01,6.674460949372304697e+01,6.674460949372304697e+01,6.674460949372304697e+01,2.556116751246666752e+02,2.107363097053726051e+02,1.088731570347832985e+03,6.764960515602621172e+01,6.764960515602621172e+01,6.764960515602621172e+01
4.420000000000000000e+03,0.000000000000000000e+00,3.468737704176568286e+02,0.000000000000000000e+00,1.322258517611529214e+03,0.000000000000000000e+00,0.000000000000000000e+00,0.000000000000000000e+00,0.000000000000000000e+00,9.129240971792316373e+01,2.930627132929347667e+01,2.930627132929347667e+01,2.930627132929347667e+01,2.930627132929347667e+01,0.000000000000000000e+00,2.079171440098260746e+02,6.674460949372304697e+01,6.674460949372304697e+01,6.674460949372304697e+01,6.674460949372304697e+01,2.670928032215957728e+02,2.137579848495807937e+02,1.086758668035102346e+03,6.861960947422487322e+01,6.861960947422487322e+01,6.861960947422487322e+01
4.430000000000000000e+03,0.000000000000000000e+00,3.617403460853029742e+02,0.000000000000000000e+00,1.318268911115666697e+03,0.000000000000000000e+00,0.000000000000000000e+00,0.000000000000000000e+00,0.000000000000000000e+00,9.520508814073703263e+01,3.056230143998452320e+01,3.056230143998452320e+01,3.056230143998452320e+01,3.056230143998452320e+01,0.000000000000000000e+00,2.079171440098260746e+02,6.674460949372304697e+01,6.674460949372304697e+01,6.674460949372304697e+01,6.674460949372304697e+01,2.785400664856832691e+02,2.167707472351474962e+02,1.084653814218520438e+03,6.958675265945697674e+01,6.958675265945697674e+01,6.958675265945697674e+01
4.440000000000000000e+03,0.000000000000000000e+00,3.765610565098396023e+02,0.000000000000000000e+00,1.314112160631729921e+03,0.000000000000000000e+00,0.000000000000000000e+00,0.000000000000000000e+00,0.000000000000000000e+00,9.910569546183363343e+01,3.181445654087724151e+01,3.181445654087724151e+01,3.181445654087724151e+01,3.181445654087724151e+01,0.000000000000000000e+00,2.079171440098260746e+02,6.674460949372304697e+01,6.674460949372304697e+01,6.674460949372304697e+01,6.674460949372304697e+01,2.899520135125765137e+02,2.197742148723918660e+02,1.082417275773576421e+03,7.055091208714436846e+01,7.055091208714436846e+01,7.055091208714436846e+01
4.450000000000000000e+03,0.000000000000000000e+00,3.913340225658265012e+02,0.000000000000000000e+00,1.309788793196234792e+03,0.000000000000000000e+00,0.000000000000000000e+00,0.000000000000000000e+00,0.000000000000000000e+00,1.029937371212195956e+02,3.306257787058721220e+01,3.306257787058721220e+01,3.306257787058721220e+01,3.306257787058721220e+01,0.000000000000000000e+00,2.079171440098260746e+02,6.674460949372304697e+01,6.674460949372304697e+01,6.674460949372304697e+01,6.674460949372304697e+01,3.013271973756864099e+02,2.227680069501190587e+02,1.080049336272121991e+03,7.151196551102104593e+01,7.151196551102104593e+01,7.151196551102104593e+01
4.460000000000000000e+03,0.000000000000000000e+00,4.060573711813597697e+02,0.000000000000000000e+00,1.305299356971144562e+03,0.000000000000000000e+00,0.000000000000000000e+00,0.000000000000000000e+00,0.000000000000000000e+00,1.068687201521090913e+02,3.430650717917419001e+01,3.430650717917419001e+01,3.430650717917419001e+01,3.430650717917419001e+01,0.000000000000000000e+00,2.079171440098260746e+02,6.674460949372304697e+01,6.674460949372304697e+01,6.674460949372304697e+01,6.674460949372304697e+01,3.126641758096470198e+02,2.257517438839039698e+02,1.077550295946414280e+03,7.246979107863302261e+01,7.246979107863302261e+01,7.246979107863302261e+01
4.470000000000000000e+03,0.000000000000000000e+00,4.207292355755525364e+02,0.000000000000000000e+00,1.300644421174369654e+03,0.000000000000000000e+00,0.000000000000000000e+00,0.000000000000000000e+00,0.000000000000000000e+00,1.107301532434255620e+02,3.554608674820615732e+01,3.554608674820615732e+01,3.554608674820615732e+01,3.554608674820615732e+01,0.000000000000000000e+00,2.079171440098260746e+02,6.674460949372304697e+01,6.674460949372304697e+01,6.674460949372304697e+01,6.674460949372304697e+01,3.239615113931754422e+02,2.287250473642176587e+02,1.074920471651052367e+03,7.342426734678764433e+01,7.342426734678764433e+01,7.342426734678764433e+01
4.480000000000000000e+03,0.000000000000000000e+00,4.353477554952299329e+02,0.000000000000000000e+00,1.295824576007595851e+03,0.000000000000000000e+00,0.000000000000000000e+00,0.000000000000000000e+00,0.000000000000000000e+00,1.145775468020965491e+02,3.678115941075689221e+01,3.678115941075689221e+01,3.678115941075689221e+01,3.678115941075689221e+01,0.000000000000000000e+00,2.079171440098260746e+02,6.674460949372304697e+01,6.674460949372304697e+01,6.674460949372304697e+01,6.674460949372304697e+01,3.352177717313270477e+02,2.316875404043943263e+02,1.072160196822800572e+03,7.437527329695170408e+01,7.437527329695170408e+01,7.437527329695170408e+01
4.490000000000000000e+03,0.000000000000000000e+00,4.499110774507889801e+02,0.000000000000000000e+00,1.290840432581451978e+03,0.000000000000000000e+00,0.000000000000000000e+00,0.000000000000000000e+00,0.000000000000000000e+00,1.184104130151287393e+02,3.801156857133302935e+01,3.801156857133302935e+01,3.801156857133302935e+01,3.801156857133302935e+01,0.000000000000000000e+00,2.079171440098260746e+02,6.674460949372304697e+01,6.674460949372304697e+01,6.674460949372304697e+01,6.674460949372304697e+01,3.464315296371075306e+02,2.346388473884290988e+02,1.069269821438313556e+03,7.532268835059532819e+01,7.532268835059532819e+01,7.532268835059532819e+01
4.500000000000000000e+03,0.000000000000000000e+00,4.644173549512082104e+02,0.000000000000000000e+00,1.285692622838026409e+03,0.000000000000000000e+00,0.000000000000000000e+00,0.000000000000000000e+00,0.000000000000000000e+00,1.222282659114593315e+02,3.923715822572930989e+01,3.923715822572930989e+01,3.923715822572930989e+01,3.923715822572930989e+01,0.000000000000000000e+00,2.079171440098260746e+02,6.674460949372304697e+01,6.674460949372304697e+01,6.674460949372304697e+01,6.674460949372304697e+01,3.576013633124303510e+02,2.375785941186036609e+02,1.066249711969760710e+03,7.626639238448046854e+01,7.626639238448046854e+01,7.626639238448046854e+01
4.510000000000000000e+03,0.000000000000000000e+00,4.788647487381583119e+02,0.000000000000000000e+00,1.280381799470743999e+03,0.000000000000000000e+00,0.000000000000000000e+00,0.000000000000000000e+00,0.000000000000000000e+00,1.260306214235706932e+02,4.045777298080782458e+01,4.045777298080782458e+01,4.045777298080782458e+01,4.045777298080782458e+01,0.000000000000000000e+00,2.079171440098260746e+02,6.674460949372304697e+01,6.674460949372304697e+01,6.674460949372304697e+01,6.674460949372304697e+01,3.687258565283818825e+02,2.405064078629293931e+02,1.063100251338363933e+03,7.720626574589093138e+01,7.720626574589093138e+01,7.720626574589093138e+01
4.520000000000000000e+03,0.000000000000000000e+00,4.932514270192072559e+02,0.000000000000000000e+00,1.274908635841610248e+03,0.000000000000000000e+00,0.000000000000000000e+00,0.000000000000000000e+00,0.000000000000000000e+00,1.298169974488667435e+02,4.167325807420078831e+01,4.167325807420078831e+01,4.167325807420078831e+01,4.167325807420078831e+01,0.000000000000000000e+00,2.079171440098260746e+02,6.674460949372304697e+01,6.674460949372304697e+01,6.674460949372304697e+01,6.674460949372304697e+01,3.798035988047896012e+02,2.434219174024073595e+02,1.059821838865843347e+03,7.814218926780350216e+01,7.814218926780350216e+01,7.814218926780350216e+01
4.530000000000000000e+03,0.000000000000000000e+00,5.075755657000717633e+02,0.000000000000000000e+00,1.269273825895835671e+03,0.000000000000000000e+00,0.000000000000000000e+00,0.000000000000000000e+00,0.000000000000000000e+00,1.335869139107984438e+02,4.288345939393273198e+01,4.288345939393273198e+01,4.288345939393273198e+01,4.288345939393273198e+01,0.000000000000000000e+00,2.079171440098260746e+02,6.674460949372304697e+01,6.674460949372304697e+01,6.674460949372304697e+01,6.674460949372304697e+01,3.908331855890552902e+02,2.463247530780947727e+02,1.056414890223790735e+03,7.907404428399709673e+01,7.907404428399709673e+01,7.907404428399709673e+01
4.540000000000000000e+03,0.000000000000000000e+00,5.218353486158998749e+02,0.000000000000000000e+00,1.263478084073848322e+03,0.000000000000000000e+00,0.000000000000000000e+00,0.000000000000000000e+00,0.000000000000000000e+00,1.373398928197339899e+02,4.408822349796084694e+01,4.408822349796084694e+01,4.408822349796084694e+01,4.408822349796084694e+01,0.000000000000000000e+00,2.079171440098260746e+02,6.674460949372304697e+01,6.674460949372304697e+01,6.674460949372304697e+01,6.674460949372304697e+01,4.018132184342429127e+02,2.492145468379751492e+02,1.052879837380962044e+03,8.000171264409874539e+01,8.000171264409874539e+01,8.000171264409874539e+01
4.550000000000000000e+03,0.000000000000000000e+00,5.360289677615364781e+02,0.000000000000000000e+00,1.257522145220711991e+03,0.000000000000000000e+00,0.000000000000000000e+00,0.000000000000000000e+00,0.000000000000000000e+00,1.410754583335617838e+02,4.528739763362938220e+01,4.528739763362938220e+01,4.528739763362938220e+01,4.528739763362938220e+01,0.000000000000000000e+00,2.079171440098260746e+02,6.674460949372304697e+01,6.674460949372304697e+01,6.674460949372304697e+01,6.674460949372304697e+01,4.127423051763830699e+02,2.520909322836225499e+02,1.049217128548511710e+03,8.092507672856352485e+01,8.092507672856352485e+01,8.092507672856352485e+01
4.560000000000000000e+03,0.000000000000000000e+00,5.501546235207646305e+02,0.000000000000000000e+00,1.251406764492954835e+03,0.000000000000000000e+00,0.000000000000000000e+00,0.000000000000000000e+00,0.000000000000000000e+00,1.447931368180233846e+02,4.648082975703754016e+01,4.648082975703754016e+01,4.648082975703754016e+01,4.648082975703754016e+01,0.000000000000000000e+00,2.079171440098260746e+02,6.674460949372304697e+01,6.674460949372304697e+01,6.674460949372304697e+01,6.674460949372304697e+01,4.236190601109887552e+02,2.549535447166579729e+02,1.045427228123163104e+03,8.184401946358781288e+01,8.184401946358781288e+01,8.184401946358781288e+01
4.570000000000000000e+03,0.000000000000000000e+00,5.642105248944832283e+02,0.000000000000000000e+00,1.245132717262819142e+03,0.000000000000000000e+00,0.000000000000000000e+00,0.000000000000000000e+00,0.000000000000000000e+00,1.484924569067668756e+02,4.766836855231745318e+01,4.766836855231745318e+01,4.766836855231745318e+01,4.766836855231745318e+01,0.000000000000000000e+00,2.079171440098260746e+02,6.674460949372304697e+01,6.674460949372304697e+01,6.674460949372304697e+01,6.674460949372304697e+01,4.344421041687521097e+02,2.578020211849904513e+02,1.041510616628323987e+03,8.275842433595333603e+01,8.275842433595333603e+01,8.275842433595333603e+01
4.580000000000000000e+03,0.000000000000000000e+00,5.781948897277820834e+02,0.000000000000000000e+00,1.238700799019956321e+03,0.000000000000000000e+00,0.000000000000000000e+00,0.000000000000000000e+00,0.000000000000000000e+00,1.521729495611098457e+02,4.884986345081907899e+01,4.884986345081907899e+01,4.884986345081907899e+01,4.884986345081907899e+01,0.000000000000000000e+00,2.079171440098260746e+02,6.674460949372304697e+01,6.674460949372304697e+01,6.674460949372304697e+01,6.674460949372304697e+01,4.452100650903922201e+02,2.606360005288345292e+02,1.037467790653166048e+03,8.366817540779959472e+01,8.366817540779959472e+01,8.366817540779959472e+01
4.590000000000000000e+03,0.000000000000000000e+00,5.921059449359062228e+02,0.000000000000000000e+00,1.232111825270562576e+03,0.000000000000000000e+00,0.000000000000000000e+00,0.000000000000000000e+00,0.000000000000000000e+00,1.558341481295100834e+02,5.002516465020119796e+01,5.002516465020119796e+01,5.002516465020119796e+01,5.002516465020119796e+01,0.000000000000000000e+00,2.079171440098260746e+02,6.674460949372304697e+01,6.674460949372304697e+01,6.674460949372304697e+01,6.674460949372304697e+01,4.559215776006478222e+02,2.634551234265027233e+02,1.033299262789657178e+03,8.457315733132381297e+01,8.457315733132381297e+01,8.457315733132381297e+01
4.600000000000000000e+03,0.000000000000000000e+00,6.059419267290649032e+02,0.000000000000000000e+00,1.225366631433983684e+03,0.000000000000000000e+00,0.000000000000000000e+00,0.000000000000000000e+00,0.000000000000000000e+00,1.594755884067322427e+02,5.119412313342478882e+01,5.119412313342478882e+01,5.119412313342478882e+01,5.119412313342478882e+01,0.000000000000000000e+00,2.079171440098260746e+02,6.674460949372304697e+01,6.674460949372304697e+01,6.674460949372304697e+01,6.674460949372304697e+01,4.665752835813800061e+02,2.662590324399637893e+02,1.029005561567573295e+03,8.547325536340598262e+01,8.547325536340598262e+01,8.547325536340598262e+01
4.610000000000000000e+03,0.000000000000000000e+00,6.197010808360668079e+02,0.000000000000000000e+00,1.218466072736787737e+03,0.000000000000000000e+00,0.000000000000000000e+00,0.000000000000000000e+00,0.000000000000000000e+00,1.630968086927055651e+02,5.235659068764731927e+01,5.235659068764731927e+01,5.235659068764731927e+01,5.235659068764731927e+01,0.000000000000000000e+00,2.079171440098260746e+02,6.674460949372304697e+01,6.674460949372304697e+01,6.674460949372304697e+01,6.674460949372304697e+01,4.771698322437714523e+02,2.690473720601632408e+02,1.024587231387483826e+03,8.636835538015733960e+01,8.636835538015733960e+01,8.636835538015733960e+01
4.620000000000000000e+03,0.000000000000000000e+00,6.333816627267392505e+02,0.000000000000000000e+00,1.211411024104334047e+03,0.000000000000000000e+00,0.000000000000000000e+00,0.000000000000000000e+00,0.000000000000000000e+00,1.666973498510614320e+02,5.351241992301418549e+01,5.351241992301418549e+01,5.351241992301418549e+01,5.351241992301418549e+01,0.000000000000000000e+00,2.079171440098260746e+02,6.674460949372304697e+01,6.674460949372304697e+01,6.674460949372304697e+01,6.674460949372304697e+01,4.877038802995892297e+02,2.718197887520972813e+02,1.020044832451727075e+03,8.725834389138981351e+01,8.725834389138981351e+01,8.725834389138981351e+01
4.630000000000000000e+03,0.000000000000000000e+00,6.469819378331204689e+02,0.000000000000000000e+00,1.204202380049840485e+03,0.000000000000000000e+00,0.000000000000000000e+00,0.000000000000000000e+00,0.000000000000000000e+00,1.702767553673484144e+02,5.466146429134661844e+01,5.466146429134661844e+01,5.466146429134661844e+01,5.466146429134661844e+01,0.000000000000000000e+00,2.079171440098260746e+02,6.674460949372304697e+01,6.674460949372304697e+01,6.674460949372304697e+01,6.674460949372304697e+01,4.981760921315027986e+02,2.745759309996382171e+02,1.015378940693383015e+03,8.814310805500579704e+01,8.814310805500579704e+01,8.814310805500579704e+01
4.640000000000000000e+03,0.000000000000000000e+00,6.605001817693905650e+02,0.000000000000000000e+00,1.196841054560964722e+03,0.000000000000000000e+00,0.000000000000000000e+00,0.000000000000000000e+00,0.000000000000000000e+00,1.738345714069147903e+02,5.580357810472287383e+01,5.580357810472287383e+01,5.580357810472287383e+01,5.580357810472287383e+01,0.000000000000000000e+00,2.079171440098260746e+02,6.674460949372304697e+01,6.674460949372304697e+01,6.674460949372304697e+01,6.674460949372304697e+01,5.085851399624307305e+02,2.773154493501043589e+02,1.010590147703248363e+03,8.902253569130550659e+01,8.902253569130550659e+01,8.902253569130550659e+01
4.650000000000000000e+03,0.000000000000000000e+00,6.739346805505002749e+02,0.000000000000000000e+00,1.189327980983923226e+03,0.000000000000000000e+00,0.000000000000000000e+00,0.000000000000000000e+00,0.000000000000000000e+00,1.773703468724487493e+02,5.693861655394953658e+01,5.693861655394953658e+01,5.693861655394953658e+01,5.693861655394953658e+01,0.000000000000000000e+00,2.079171440098260746e+02,6.674460949372304697e+01,6.674460949372304697e+01,6.674460949372304697e+01,6.674460949372304697e+01,5.189297040238852787e+02,2.800379964585655443e+02,1.005679060654830892e+03,8.989651529721004408e+01,8.989651529721004408e+01,8.989651529721004408e+01
4.660000000000000000e+03,0.000000000000000000e+00,6.872837308094923401e+02,0.000000000000000000e+00,1.181664111905149412e+03,0.000000000000000000e+00,0.000000000000000000e+00,0.000000000000000000e+00,0.000000000000000000e+00,1.808836334611743837e+02,5.806643572692232880e+01,5.806643572692232880e+01,5.806643572692232880e+01,5.806643572692232880e+01,0.000000000000000000e+00,2.079171440098260746e+02,6.674460949372304697e+01,6.674460949372304697e+01,6.674460949372304697e+01,6.674460949372304697e+01,5.292084727233091144e+02,2.827432271318842822e+02,1.000646302227364117e+03,9.076493606039909423e+01,9.076493606039909423e+01,9.076493606039909423e+01
4.670000000000000000e+03,0.000000000000000000e+00,7.005456400134697788e+02,0.000000000000000000e+00,1.173850419030515923e+03,0.000000000000000000e+00,0.000000000000000000e+00,0.000000000000000000e+00,0.000000000000000000e+00,1.843739857216916391e+02,5.918689262687256303e+01,5.918689262687256303e+01,5.918689262687256303e+01,5.918689262687256303e+01,0.000000000000000000e+00,2.079171440098260746e+02,6.674460949372304697e+01,6.674460949372304697e+01,6.674460949372304697e+01,6.674460949372304697e+01,5.394201428103717717e+02,2.854307983724825135e+02,9.954925105268580410e+02,9.162768787336077025e+01,9.162768787336077025e+01,9.162768787336077025e+01
4.680000000000000000e+03,0.000000000000000000e+00,7.137187266781983226e+02,0.000000000000000000e+00,1.165887893062129478e+03,0.000000000000000000e+00,0.000000000000000000e+00,0.000000000000000000e+00,0.000000000000000000e+00,1.878409611104565329e+02,6.029984519049822467e+01,6.029984519049822467e+01,6.029984519049822467e+01,6.029984519049822467e+01,0.000000000000000000e+00,2.079171440098260746e+02,6.674460949372304697e+01,6.674460949372304697e+01,6.674460949372304697e+01,6.674460949372304697e+01,5.495634195422127277e+02,2.881003694218314877e+02,9.902183390051922061e+02,9.248466134735252808e+01,9.248466134735252808e+01,9.248466134735252808e+01
4.690000000000000000e+03,0.000000000000000000e+00,7.268013205812950446e+02,0.000000000000000000e+00,1.157777543572721697e+03,0.000000000000000000e+00,0.000000000000000000e+00,0.000000000000000000e+00,0.000000000000000000e+00,1.912841200478897292e+02,6.140515230597564056e+01,6.140515230597564056e+01,6.140515230597564056e+01,6.140515230597564056e+01,0.000000000000000000e+00,2.079171440098260746e+02,6.674460949372304697e+01,6.674460949372304697e+01,6.674460949372304697e+01,6.674460949372304697e+01,5.596370168475972378e+02,2.907516018036550349e+02,9.848244563772658466e+02,9.333574782627013633e+01,9.333574782627013633e+01,9.333574782627013633e+01
4.700000000000000000e+03,0.000000000000000000e+00,7.397917629740016991e+02,0.000000000000000000e+00,1.149520398877644311e+03,0.000000000000000000e+00,0.000000000000000000e+00,0.000000000000000000e+00,0.000000000000000000e+00,1.947030259741121938e+02,6.250267383085147088e+01,6.250267383085147088e+01,6.250267383085147088e+01,6.250267383085147088e+01,0.000000000000000000e+00,2.079171440098260746e+02,6.674460949372304697e+01,6.674460949372304697e+01,6.674460949372304697e+01,6.674460949372304697e+01,5.696396574899813459e+02,2.933841593668463474e+02,9.793115465362106988e+02,9.418083940042453150e+01,9.418083940042453150e+01,9.418083940042453150e+01
4.710000000000000000e+03,0.000000000000000000e+00,7.526884067914961634e+02,0.000000000000000000e+00,1.141117505904488098e+03,0.000000000000000000e+00,0.000000000000000000e+00,0.000000000000000000e+00,0.000000000000000000e+00,1.980972454042963022e+02,6.359227060981135793e+01,6.359227060981135793e+01,6.359227060981135793e+01,6.359227060981135793e+01,0.000000000000000000e+00,2.079171440098260746e+02,6.674460949372304697e+01,6.674460949372304697e+01,6.674460949372304697e+01,6.674460949372304697e+01,5.795700732294520776e+02,2.959977083280881516e+02,9.736803084666794348e+02,9.501982892022364524e+01,9.501982892022364524e+01,9.501982892022364524e+01
4.720000000000000000e+03,0.000000000000000000e+00,7.654896168617285639e+02,0.000000000000000000e+00,1.132569930060340084e+03,0.000000000000000000e+00,0.000000000000000000e+00,0.000000000000000000e+00,0.000000000000000000e+00,2.014663479836286228e+02,6.467380449232372541e+01,6.467380449232372541e+01,6.467380449232372541e+01,6.467380449232372541e+01,0.000000000000000000e+00,2.079171440098260746e+02,6.674460949372304697e+01,6.674460949372304697e+01,6.674460949372304697e+01,6.674460949372304697e+01,5.894270049835309919e+02,2.985919173141739975e+02,9.679314561562200652e+02,9.585261000975816614e+01,9.585261000975816614e+01,9.585261000975816614e+01
4.730000000000000000e+03,0.000000000000000000e+00,7.781937701127394575e+02,0.000000000000000000e+00,1.123878755096705618e+03,0.000000000000000000e+00,0.000000000000000000e+00,0.000000000000000000e+00,0.000000000000000000e+00,2.048099065418733460e+02,6.574713835015555219e+01,6.574713835015555219e+01,6.574713835015555219e+01,6.574713835015555219e+01,0.000000000000000000e+00,2.079171440098260746e+02,6.674460949372304697e+01,6.674460949372304697e+01,6.674460949372304697e+01,6.674460949372304697e+01,5.992092029868093732e+02,3.011664574040224807e+02,9.620657185047521125e+02,9.667907708028866409e+01,9.667907708028866409e+01,9.667907708028866409e+01
4.740000000000000000e+03,0.000000000000000000e+00,7.907992557784529026e+02,0.000000000000000000e+00,1.115045082972094633e+03,0.000000000000000000e+00,0.000000000000000000e+00,0.000000000000000000e+00,0.000000000000000000e+00,2.081274971475340294e+02,6.681213609475905457e+01,6.681213609475905457e+01,6.681213609475905457e+01,6.681213609475905457e+01,0.000000000000000000e+00,2.079171440098260746e+02,6.674460949372304697e+01,6.674460949372304697e+01,6.674460949372304697e+01,6.674460949372304697e+01,6.089154269494086975e+02,3.037210021703812117e+02,9.560838392321462607e+02,9.749912534363338068e+01,9.749912534363338068e+01,9.749912534363338068e+01
4.750000000000000000e+03,0.000000000000000000e+00,8.033044756029097471e+02,0.000000000000000000e+00,1.106070033712302575e+03,0.000000000000000000e+00,0.000000000000000000e+00,0.000000000000000000e+00,0.000000000000000000e+00,2.114186991616050761e+02,6.786866269452681877e+01,6.786866269452681877e+01,6.786866269452681877e+01,6.786866269452681877e+01,0.000000000000000000e+00,2.079171440098260746e+02,6.674460949372304697e+01,6.674460949372304697e+01,6.674460949372304697e+01,6.674460949372304697e+01,6.185444462142405655e+02,3.062552277212158742e+02,9.499865767839276032e+02,9.831265082545453993e+01,9.831265082545453993e+01,9.831265082545453993e+01
4.760000000000000000e+03,0.000000000000000000e+00,8.157078440429047532e+02,0.000000000000000000e+00,1.096954745268407123e+03,0.000000000000000000e+00,0.000000000000000000e+00,0.000000000000000000e+00,0.000000000000000000e+00,2.146830952909030259e+02,6.891658419191192309e+01,6.891658419191192309e+01,6.891658419191192309e+01,6.891658419191192309e+01,0.000000000000000000e+00,2.079171440098260746e+02,6.674460949372304697e+01,6.674460949372304697e+01,6.674460949372304697e+01,6.674460949372304697e+01,6.280950399130366577e+02,3.087688127407752745e+02,9.437747042351145410e+02,9.911955037844107608e+01,9.911955037844107608e+01,9.911955037844107608e+01
4.770000000000000000e+03,0.000000000000000000e+00,8.280077884690228984e+02,0.000000000000000000e+00,1.087700373372482545e+03,0.000000000000000000e+00,0.000000000000000000e+00,0.000000000000000000e+00,0.000000000000000000e+00,2.179202716409765230e+02,6.995576772041287938e+01,6.995576772041287938e+01,6.995576772041287938e+01,6.995576772041287938e+01,0.000000000000000000e+00,2.079171440098260746e+02,6.674460949372304697e+01,6.674460949372304697e+01,6.674460949372304697e+01,6.674460949372304697e+01,6.375659971211476886e+02,3.112614385303319295e+02,9.374490091921984458e+02,9.991972169538681214e+01,9.991972169538681214e+01,9.991972169538681214e+01
4.780000000000000000e+03,0.000000000000000000e+00,8.402027493650317638e+02,0.000000000000000000e+00,1.078308091391065091e+03,0.000000000000000000e+00,0.000000000000000000e+00,0.000000000000000000e+00,0.000000000000000000e+00,2.211298177685837061e+02,7.098608152141962080e+01,7.098608152141962080e+01,7.098608152141962080e+01,7.098608152141962080e+01,0.000000000000000000e+00,2.079171440098260746e+02,6.674460949372304697e+01,6.674460949372304697e+01,6.674460949372304697e+01,6.674460949372304697e+01,6.469561170110745252e+02,3.137327890485894386e+02,9.310102936932821649e+02,1.007130633221620144e+02,1.007130633221620144e+02,1.007130633221620144e+02
4.790000000000000000e+03,0.000000000000000000e+00,8.522911805256168236e+02,0.000000000000000000e+00,1.068779090176379896e+03,0.000000000000000000e+00,0.000000000000000000e+00,0.000000000000000000e+00,0.000000000000000000e+00,2.243113267337333525e+02,7.200739496091962621e+01,7.200739496091962621e+01,7.200739496091962621e+01,7.200739496091962621e+01,0.000000000000000000e+00,2.079171440098260746e+02,6.674460949372304697e+01,6.674460949372304697e+01,6.674460949372304697e+01,6.674460949372304697e+01,6.562642090047249894e+02,3.161825509517546493e+02,9.244593741063894186e+02,1.014994746705770012e+02,1.014994746705770012e+02,1.014994746705770012e+02
4.800000000000000000e+03,0.000000000000000000e+00,8.642715492524206411e+02,0.000000000000000000e+00,1.059114577915355085e+03,0.000000000000000000e+00,0.000000000000000000e+00,0.000000000000000000e+00,0.000000000000000000e+00,2.274643951512798026e+02,7.301957854606055776e+01,7.301957854606055776e+01,7.301957854606055776e+01,7.301957854606055776e+01,0.000000000000000000e+00,2.079171440098260746e+02,6.674460949372304697e+01,6.674460949372304697e+01,6.674460949372304697e+01,6.674460949372304697e+01,6.654890929243639448e+02,3.186104136332654093e+02,9.177970810259589598e+02,1.022788560311355184e+02,1.022788560311355184e+02,1.022788560311355184e+02
4.810000000000000000e+03,0.000000000000000000e+00,8.761423365483775569e+02,0.000000000000000000e+00,1.049315779976432850e+03,0.000000000000000000e+00,0.000000000000000000e+00,0.000000000000000000e+00,0.000000000000000000e+00,2.305886232420690192e+02,7.402250394156902757e+01,7.402250394156902757e+01,7.402250394156902757e+01,7.402250394156902757e+01,0.000000000000000000e+00,2.079171440098260746e+02,6.674460949372304697e+01,6.674460949372304697e+01,6.674460949372304697e+01,6.674460949372304697e+01,6.746295991422507541e+02,3.210160692631731081e+02,9.110242591675304311e+02,1.030511085856770421e+02,1.030511085856770421e+02,1.030511085856770421e+02
4.820000000000000000e+03,0.000000000000000000e+00,8.879020373103065822e+02,0.000000000000000000e+00,1.039383938754205928e+03,0.000000000000000000e+00,0.000000000000000000e+00,0.000000000000000000e+00,0.000000000000000000e+00,2.336836148836265465e+02,7.501604398602218282e+01,7.501604398602218282e+01,7.501604398602218282e+01,7.501604398602218282e+01,0.000000000000000000e+00,2.079171440098260746e+02,6.674460949372304697e+01,6.674460949372304697e+01,6.674460949372304697e+01,6.674460949372304697e+01,6.836845687289360285e+02,3.233992128271723914e+02,9.041417672606445421e+02,1.038161344199059783e+02,1.038161344199059783e+02,1.038161344199059783e+02
4.830000000000000000e+03,0.000000000000000000e+00,8.995491605197479430e+02,0.000000000000000000e+00,1.029320313511890618e+03,0.000000000000000000e+00,0.000000000000000000e+00,0.000000000000000000e+00,0.000000000000000000e+00,2.367489776603830478e+02,7.600007270797084402e+01,7.600007270797084402e+01,7.600007270797084402e+01,7.600007270797084402e+01,0.000000000000000000e+00,2.079171440098260746e+02,6.674460949372304697e+01,6.674460949372304697e+01,6.674460949372304697e+01,6.674460949372304697e+01,6.926528536002059582e+02,3.257595421652749224e+02,8.971504779399623430e+02,1.045738365358064499e+02,1.045738365358064499e+02,1.045738365358064499e+02
4.840000000000000000e+03,0.000000000000000000e+00,9.110822294320045103e+02,0.000000000000000000e+00,1.019126180221668164e+03,0.000000000000000000e+00,0.000000000000000000e+00,0.000000000000000000e+00,0.000000000000000000e+00,2.397843229134271894e+02,7.697446534191104206e+01,7.697446534191104206e+01,7.697446534191104206e+01,7.697446534191104206e+01,0.000000000000000000e+00,2.079171440098260746e+02,6.674460949372304697e+01,6.674460949372304697e+01,6.674460949372304697e+01,6.674460949372304697e+01,7.015333166626435286e+02,3.280967580101189469e+02,8.900512776346249666e+02,1.053241188639403987e+02,1.053241188639403987e+02,1.053241188639403987e+02
4.850000000000000000e+03,0.000000000000000000e+00,9.224997817633816339e+02,0.000000000000000000e+00,1.008802831402902711e+03,0.000000000000000000e+00,0.000000000000000000e+00,0.000000000000000000e+00,0.000000000000000000e+00,2.427892657897849915e+02,7.793909834410334270e+01,7.793909834410334270e+01,7.793909834410334270e+01,7.793909834410334270e+01,0.000000000000000000e+00,2.079171440098260746e+02,6.674460949372304697e+01,6.674460949372304697e+01,6.674460949372304697e+01,6.674460949372304697e+01,7.103248319578038945e+02,3.304105640249143789e+02,8.828450664558635026e+02,1.060668862756284625e+02,1.060668862756284625e+02,1.060668862756284625e+02
4.860000000000000000e+03,0.000000000000000000e+00,9.338003698765933223e+02,0.000000000000000000e+00,9.983515759582580813e+02,0.000000000000000000e+00,0.000000000000000000e+00,0.000000000000000000e+00,0.000000000000000000e+00,2.457634252912158388e+02,7.889384940823717329e+01,7.889384940823717329e+01,7.889384940823717329e+01,7.889384940823717329e+01,0.000000000000000000e+00,2.079171440098260746e+02,6.674460949372304697e+01,6.674460949372304697e+01,6.674460949372304697e+01,6.674460949372304697e+01,7.190262848049768536e+02,3.327006668410161865e+02,8.755327580828702594e+02,1.068020445950115231e+02,1.068020445950115231e+02,1.068020445950115231e+02
4.870000000000000000e+03,0.000000000000000000e+00,9.449825609643044118e+02,0.000000000000000000e+00,9.877737390077471673e+02,0.000000000000000000e+00,0.000000000000000000e+00,0.000000000000000000e+00,0.000000000000000000e+00,2.487064243225183873e+02,7.983859748093776432e+01,7.983859748093776432e+01,7.983859748093776432e+01,7.983859748093776432e+01,0.000000000000000000e+00,2.079171440098260746e+02,6.674460949372304697e+01,6.674460949372304697e+01,6.674460949372304697e+01,6.674460949372304697e+01,7.276365719425143652e+02,3.349667760951191440e+02,8.681152796469561963e+02,1.075295006109909792e+02,1.075295006109909792e+02,1.075295006109909792e+02
4.880000000000000000e+03,0.000000000000000000e+00,9.560449372307992917e+02,0.000000000000000000e+00,9.770706617207157478e+02,0.000000000000000000e+00,0.000000000000000000e+00,0.000000000000000000e+00,0.000000000000000000e+00,2.516178897393433260e+02,8.077322277711475351e+01,8.077322277711475351e+01,8.077322277711475351e+01,8.077322277711475351e+01,0.000000000000000000e+00,2.079171440098260746e+02,6.674460949372304697e+01,6.674460949372304697e+01,6.674460949372304697e+01,6.674460949372304697e+01,7.361546016677154967e+02,3.372086044660743482e+02,8.605935716139983924e+02,1.082491620890472603e+02,1.082491620890472603e+02,1.082491620890472603e+02
4.890000000000000000e+03,0.000000000000000000e+00,9.669860960717442140e+02,0.000000000000000000e+00,9.662437011457965355e+02,0.000000000000000000e+00,0.000000000000000000e+00,0.000000000000000000e+00,0.000000000000000000e+00,2.544974523955042685e+02,8.169760679514978108e+01,8.169760679514978108e+01,8.169760679514978108e+01,8.169760679514978108e+01,0.000000000000000000e+00,2.079171440098260746e+02,6.674460949372304697e+01,6.674460949372304697e+01,6.674460949372304697e+01,6.674460949372304697e+01,7.445792939752431039e+02,3.394258677113182330e+02,8.529685876651974468e+02,1.089609377829342236e+02,1.089609377829342236e+02,1.089609377829342236e+02
4.900000000000000000e+03,0.000000000000000000e+00,9.778046502520273862e+02,0.000000000000000000e+00,9.552942300388455124e+02,0.000000000000000000e+00,0.000000000000000000e+00,0.000000000000000000e+00,0.000000000000000000e+00,2.573447471897827654e+02,8.261163233192152688e+01,8.261163233192152688e+01,8.261163233192152688e+01,8.261163233192152688e+01,0.000000000000000000e+00,2.079171440098260746e+02,6.674460949372304697e+01,6.674460949372304697e+01,6.674460949372304697e+01,6.674460949372304697e+01,7.529095806940611055e+02,3.416182847029127174e+02,8.452412945761594756e+02,1.096647374462484663e+02,1.096647374462484663e+02,1.096647374462484663e+02
4.910000000000000000e+03,0.000000000000000000e+00,9.884992280816413768e+02,0.000000000000000000e+00,9.442236366888932935e+02,0.000000000000000000e+00,0.000000000000000000e+00,0.000000000000000000e+00,0.000000000000000000e+00,2.601594131122184308e+02,8.351518349766560334e+01,8.351518349766560334e+01,8.351518349766560334e+01,8.351518349766560334e+01,0.000000000000000000e+00,2.079171440098260746e+02,6.674460949372304697e+01,6.674460949372304697e+01,6.674460949372304697e+01,6.674460949372304697e+01,7.611444056228639283e+02,3.437855774631881332e+02,8.374126720943193050e+02,1.103604718438714087e+02,1.103604718438714087e+02,1.103604718438714087e+02
4.920000000000000000e+03,0.000000000000000000e+00,9.990684735896049915e+02,0.000000000000000000e+00,9.330333247421212945e+02,0.000000000000000000e+00,0.000000000000000000e+00,0.000000000000000000e+00,0.000000000000000000e+00,2.629410932898823035e+02,8.440814573066853654e+01,8.440814573066853654e+01,8.440814573066853654e+01,8.440814573066853654e+01,0.000000000000000000e+00,2.079171440098260746e+02,6.674460949372304697e+01,6.674460949372304697e+01,6.674460949372304697e+01,6.674460949372304697e+01,7.692827246639958503e+02,3.459274711999893270e+02,8.294837128147171370e+02,1.110480527632836640e+02,1.110480527632836640e+02,1.110480527632836640e+02
4.930000000000000000e+03,0.000000000000000000e+00,1.009511046695884943e+03,0.000000000000000000e+00,9.217247130238935142e+02,0.000000000000000000e+00,0.000000000000000000e+00,0.000000000000000000e+00,0.000000000000000000e+00,2.656894350321247771e+02,8.529040581179297931e+01,8.529040581179297931e+01,8.529040581179297931e+01,8.529040581179297931e+01,0.000000000000000000e+00,2.079171440098260746e+02,6.674460949372304697e+01,6.674460949372304697e+01,6.674460949372304697e+01,6.674460949372304697e+01,7.773235059558314788e+02,3.480436943415160158e+02,8.214554220541474479e+02,1.117273930257494783e+02,1.117273930257494783e+02,1.117273930257494783e+02
4.940000000000000000e+03,0.000000000000000000e+00,1.019825623381308901e+03,0.000000000000000000e+00,9.102992353588596188e+02,0.000000000000000000e+00,0.000000000000000000e+00,0.000000000000000000e+00,0.000000000000000000e+00,2.684040898752940052e+02,8.616185187883307606e+01,8.616185187883307606e+01,8.616185187883307606e+01,8.616185187883307606e+01,0.000000000000000000e+00,2.079171440098260746e+02,6.674460949372304697e+01,6.674460949372304697e+01,6.674460949372304697e+01,6.674460949372304697e+01,7.852657300036079278e+02,3.501339785707563692e+02,8.133288177236922820e+02,1.123984064973703596e+02,1.123984064973703596e+02,1.123984064973703596e+02
4.950000000000000000e+03,0.000000000000000000e+00,1.030010895855433546e+03,0.000000000000000000e+00,8.987583403891654825e+02,0.000000000000000000e+00,0.000000000000000000e+00,0.000000000000000000e+00,0.000000000000000000e+00,2.710847136269166526e+02,8.702237344069716585e+01,8.702237344069716585e+01,8.702237344069716585e+01,8.702237344069716585e+01,0.000000000000000000e+00,2.079171440098260746e+02,6.674460949372304697e+01,6.674460949372304697e+01,6.674460949372304697e+01,6.674460949372304697e+01,7.931083898086837962e+02,3.521980588595058066e+02,8.051049301996631584e+02,1.130610081000057221e+02,1.130610081000057221e+02,1.130610081000057221e+02
4.960000000000000000e+03,0.000000000000000000e+00,1.040065572722362958e+03,0.000000000000000000e+00,8.871034913907752752e+02,0.000000000000000000e+00,0.000000000000000000e+00,0.000000000000000000e+00,0.000000000000000000e+00,2.737309664093389756e+02,8.787186139141712715e+01,8.787186139141712715e+01,8.787186139141712715e+01,8.787186139141712715e+01,0.000000000000000000e+00,2.079171440098260746e+02,6.674460949372304697e+01,6.674460949372304697e+01,6.674460949372304697e+01,6.674460949372304697e+01,8.008504909962194915e+02,3.542356735019709504e+02,7.967848021929570450e+02,1.137151138220600899e+02,1.137151138220600899e+02,1.137151138220600899e+02
4.970000000000000000e+03,0.000000000000000000e+00,1.049988379144486544e+03,0.000000000000000000e+00,8.753361660879402280e+02,0.000000000000000000e+00,0.000000000000000000e+00,0.000000000000000000e+00,0.000000000000000000e+00,2.763425127028203292e+02,8.871020802398223282e+01,8.871020802398223282e+01,8.871020802398223282e+01,8.871020802398223282e+01,0.000000000000000000e+00,2.079171440098260746e+02,6.674460949372304697e+01,6.674460949372304697e+01,6.674460949372304697e+01,6.674460949372304697e+01,8.084910519412546819e+02,3.562465641479516307e+02,7.883694886168491394e+02,1.143606407291352127e+02,1.143606407291352127e+02,1.143606407291352127e+02
4.980000000000000000e+03,0.000000000000000000e+00,1.059778057004112725e+03,0.000000000000000000e+00,8.634578564658426103e+02,0.000000000000000000e+00,0.000000000000000000e+00,0.000000000000000000e+00,0.000000000000000000e+00,2.789190213880731903e+02,8.953730704399502827e+01,8.953730704399502827e+01,8.953730704399502827e+01,8.953730704399502827e+01,0.000000000000000000e+00,2.079171440098260746e+02,6.674460949372304697e+01,6.674460949372304697e+01,6.674460949372304697e+01,6.674460949372304697e+01,8.160291038931668481e+02,3.582304758355963372e+02,7.798600564532438284e+02,1.149975069745450753e+02,1.149975069745450753e+02,1.149975069745450753e+02
4.990000000000000000e+03,0.000000000000000000e+00,1.069433365062989424e+03,0.000000000000000000e+00,8.514700685814216286e+02,0.000000000000000000e+00,0.000000000000000000e+00,0.000000000000000000e+00,0.000000000000000000e+00,2.814601657882461723e+02,9.035305358314859348e+01,9.035305358314859348e+01,9.035305358314859348e+01,9.035305358314859348e+01,0.000000000000000000e+00,2.079171440098260746e+02,6.674460949372304697e+01,6.674460949372304697e+01,6.674460949372304697e+01,6.674460949372304697e+01,8.234636910985018403e+02,3.601871570237295259e+02,7.712575846173879199e+02,1.156256318096933171e+02,1.156256318096933171e+02,1.156256318096933171e+02
5.000000000000000000e+03,0.000000000000000000e+00,1.078953079119678932e+03,0.000000000000000000e+00,8.393743223724228528e+02,0.000000000000000000e+00,0.000000000000000000e+00,0.000000000000000000e+00,0.000000000000000000e+00,2.839656237103437775e+02,9.115734421252282971e+01,9.115734421252282971e+01,9.115734421252282971e+01,9.115734421252282971e+01,0.000000000000000000e+00,2.079171440098260746e+02,6.674460949372304697e+01,6.674460949372304697e+01,6.674460949372304697e+01,6.674460949372304697e+01,8.307938709221527915e+02,3.621163596237446427e+02,7.625631638210770689e+02,1.162449355943114710e+02,1.162449355943114710e+02,1.162449355943114710e+02
5.010000000000000000e+03,0.000000000000000000e+00,1.088335992164778645e+03,0.000000000000000000e+00,8.271721514646797004e+02,0.000000000000000000e+00,0.000000000000000000e+00,0.000000000000000000e+00,0.000000000000000000e+00,2.864350774860774891e+02,9.195007695569844941e+01,9.195007695569844941e+01,9.195007695569844941e+01,9.195007695569844941e+01,0.000000000000000000e+00,2.079171440098260746e+02,6.674460949372304697e+01,6.674460949372304697e+01,6.674460949372304697e+01,6.674460949372304697e+01,8.380187139668795453e+02,3.640178390310596797e+02,7.537778964343600592e+02,1.168553398065567137e+02,1.168553398065567137e+02,1.168553398065567137e+02
5.020000000000000000e+03,0.000000000000000000e+00,1.097580914533954001e+03,0.000000000000000000e+00,8.148651029776702899e+02,0.000000000000000000e+00,0.000000000000000000e+00,0.000000000000000000e+00,0.000000000000000000e+00,2.888682140121426869e+02,9.273115130168629605e+01,9.273115130168629605e+01,9.273115130168629605e+01,9.273115130168629605e+01,0.000000000000000000e+00,2.079171440098260746e+02,6.674460949372304697e+01,6.674460949372304697e+01,6.674460949372304697e+01,6.674460949372304697e+01,8.451373041911446080e+02,3.658913541561298644e+02,7.449028963457734562e+02,1.174567670529673364e+02,1.174567670529673364e+02,1.174567670529673364e+02
5.030000000000000000e+03,0.000000000000000000e+00,1.106686674058778408e+03,0.000000000000000000e+00,8.024547373283547813e+02,0.000000000000000000e+00,0.000000000000000000e+00,0.000000000000000000e+00,0.000000000000000000e+00,2.912647247899171248e+02,9.350046821767131178e+01,9.350046821767131178e+01,9.350046821767131178e+01,9.350046821767131178e+01,0.000000000000000000e+00,2.079171440098260746e+02,6.674460949372304697e+01,6.674460949372304697e+01,6.674460949372304697e+01,6.674460949372304697e+01,8.521487390252593741e+02,3.677366674550161747e+02,7.359392888211089030e+02,1.180491410782757953e+02,1.180491410782757953e+02,1.180491410782757953e+02
5.040000000000000000e+03,0.000000000000000000e+00,1.115652116215355818e+03,0.000000000000000000e+00,7.899426280333261730e+02,0.000000000000000000e+00,0.000000000000000000e+00,0.000000000000000000e+00,0.000000000000000000e+00,2.936243059645764220e+02,9.425793016156917759e+01,9.425793016156917759e+01,9.425793016156917759e+01,9.425793016156917759e+01,0.000000000000000000e+00,2.079171440098260746e+02,6.674460949372304697e+01,6.674460949372304697e+01,6.674460949372304697e+01,6.674460949372304697e+01,8.590521294858240253e+02,3.695535449595038244e+02,7.268882103607382987e+02,1.186323867750771512e+02,1.186323867750771512e+02,1.186323867750771512e+02
5.050000000000000000e+03,0.000000000000000000e+00,1.124476104270698670e+03,0.000000000000000000e+00,7.773303615093088865e+02,0.000000000000000000e+00,0.000000000000000000e+00,0.000000000000000000e+00,0.000000000000000000e+00,2.959466583636190649e+02,9.500344109439339491e+01,9.500344109439339491e+01,9.500344109439339491e+01,9.500344109439339491e+01,0.000000000000000000e+00,2.079171440098260746e+02,6.674460949372304697e+01,6.674460949372304697e+01,6.674460949372304697e+01,6.674460949372304697e+01,8.658466002884380259e+02,3.713417563067666833e+02,7.177508085555195976e+02,1.192064301933518209e+02,1.192064301933518209e+02,1.192064301933518209e+02
5.060000000000000000e+03,0.000000000000000000e+00,1.133157519426857334e+03,0.000000000000000000e+00,7.646195368720127590e+02,0.000000000000000000e+00,0.000000000000000000e+00,0.000000000000000000e+00,0.000000000000000000e+00,2.982314875347989869e+02,9.573690649243225437e+01,9.573690649243225437e+01,9.573690649243225437e+01,9.573690649243225437e+01,0.000000000000000000e+00,2.079171440098260746e+02,6.674460949372304697e+01,6.674460949372304697e+01,6.674460949372304697e+01,6.674460949372304697e+01,8.725312899586801905e+02,3.731010747685751880e+02,7.085282419412915260e+02,1.197711985498417278e+02,1.197711985498417278e+02,1.197711985498417278e+02
5.070000000000000000e+03,0.000000000000000000e+00,1.141695260962772863e+03,0.000000000000000000e+00,7.518117657333820034e+02,0.000000000000000000e+00,0.000000000000000000e+00,0.000000000000000000e+00,0.000000000000000000e+00,3.004785037834593027e+02,9.645823335923356012e+01,9.645823335923356012e+01,9.645823335923356012e+01,9.645823335923356012e+01,0.000000000000000000e+00,2.079171440098260746e+02,6.674460949372304697e+01,6.674460949372304697e+01,6.674460949372304697e+01,6.674460949372304697e+01,8.791053509413351321e+02,3.748312772800436505e+02,6.992216798519827989e+02,1.203266202372787461e+02,1.203266202372787461e+02,1.203266202372787461e+02
5.080000000000000000e+03,0.000000000000000000e+00,1.150088246373839866e+03,0.000000000000000000e+00,7.389086719972542596e+02,0.000000000000000000e+00,0.000000000000000000e+00,0.000000000000000000e+00,0.000000000000000000e+00,3.026874222092632749e+02,9.716733023739580233e+01,9.716733023739580233e+01,9.716733023739580233e+01,9.716733023739580233e+01,0.000000000000000000e+00,2.079171440098260746e+02,6.674460949372304697e+01,6.674460949372304697e+01,6.674460949372304697e+01,6.674460949372304697e+01,8.855679497078567692e+02,3.765321444679127012e+02,6.898323022713494765e+02,1.208726248334636750e+02,1.208726248334636750e+02,1.208726248334636750e+02
5.090000000000000000e+03,0.000000000000000000e+00,1.158335411509153118e+03,0.000000000000000000e+00,7.259118916534712298e+02,0.000000000000000000e+00,0.000000000000000000e+00,0.000000000000000000e+00,0.000000000000000000e+00,3.048579627423161469e+02,9.786410722016381669e+01,9.786410722016381669e+01,9.786410722016381669e+01,9.786410722016381669e+01,0.000000000000000000e+00,2.079171440098260746e+02,6.674460949372304697e+01,6.674460949372304697e+01,6.674460949372304697e+01,6.674460949372304697e+01,8.919182668620479717e+02,3.782034606783633990e+02,6.803612996833678608e+02,1.214091431101950320e+02,1.214091431101950320e+02,1.214091431101950320e+02
5.100000000000000000e+03,0.000000000000000000e+00,1.166435710706436339e+03,0.000000000000000000e+00,7.128230725704456745e+02,0.000000000000000000e+00,0.000000000000000000e+00,0.000000000000000000e+00,0.000000000000000000e+00,3.069898501786759084e+02,9.854847596282836264e+01,9.854847596282836264e+01,9.854847596282836264e+01,9.854847596282836264e+01,0.000000000000000000e+00,2.079171440098260746e+02,6.674460949372304697e+01,6.674460949372304697e+01,6.674460949372304697e+01,6.674460949372304697e+01,8.981554972439560061e+02,3.798450140043604506e+02,6.708098729212898661e+02,1.219361070420467286e+02,1.219361070420467286e+02,1.219361070420467286e+02
5.110000000000000000e+03,0.000000000000000000e+00,1.174388116924618998e+03,0.000000000000000000e+00,6.996438742862309255e+02,0.000000000000000000e+00,0.000000000000000000e+00,0.000000000000000000e+00,0.000000000000000000e+00,3.090828142152462306e+02,9.922034969392717585e+01,9.922034969392717585e+01,9.922034969392717585e+01,9.922034969392717585e+01,0.000000000000000000e+00,2.079171440098260746e+02,6.674460949372304697e+01,6.674460949372304697e+01,6.674460949372304697e+01,6.674460949372304697e+01,9.042788500319566083e+02,3.814565963125195367e+02,6.611792330153906505e+02,1.224534498149928368e+02,1.224534498149928368e+02,1.224534498149928368e+02
5.120000000000000000e+03,0.000000000000000000e+00,1.182191621874059365e+03,0.000000000000000000e+00,6.863759677981018967e+02,0.000000000000000000e+00,0.000000000000000000e+00,0.000000000000000000e+00,0.000000000000000000e+00,3.111365894840489545e+02,9.987964322624708302e+01,9.987964322624708302e+01,9.987964322624708302e+01,9.987964322624708302e+01,0.000000000000000000e+00,2.079171440098260746e+02,6.674460949372304697e+01,6.674460949372304697e+01,6.674460949372304697e+01,6.674460949372304697e+01,9.102875488430257747e+02,3.830380032694976649e+02,6.514706010394176019e+02,1.229611058348791630e+02,1.229611058348791630e+02,1.229611058348791630e+02
5.130000000000000000e+03,0.000000000000000000e+00,1.189845236144381261e+03,0.000000000000000000e+00,6.730210353506950014e+02,0.000000000000000000e+00,0.000000000000000000e+00,0.000000000000000000e+00,0.000000000000000000e+00,3.131509155858694271e+02,1.005262729676245783e+02,1.005262729676245783e+02,1.005262729676245783e+02,1.005262729676245783e+02,0.000000000000000000e+00,2.079171440098260746e+02,6.674460949372304697e+01,6.674460949372304697e+01,6.674460949372304697e+01,6.674460949372304697e+01,9.161808318311735775e+02,3.845890343678994441e+02,6.416852079557748993e+02,1.234590107357398381e+02,1.234590107357398381e+02,1.234590107357398381e+02
5.140000000000000000e+03,0.000000000000000000e+00,1.197347989329924530e+03,0.000000000000000000e+00,6.595807702227125446e+02,0.000000000000000000e+00,0.000000000000000000e+00,0.000000000000000000e+00,0.000000000000000000e+00,3.151255371232729772e+02,1.011601569315446767e+02,1.011601569315446767e+02,1.011601569315446767e+02,1.011601569315446767e+02,0.000000000000000000e+00,2.079171440098260746e+02,6.674460949372304697e+01,6.674460949372304697e+01,6.674460949372304697e+01,6.674460949372304697e+01,9.219579517840419385e+02,3.861094929517001901e+02,6.318242944594469463e+02,1.239471013879582983e+02,1.239471013879582983e+02,1.239471013879582983e+02
5.150000000000000000e+03,0.000000000000000000e+00,1.204698930152784669e+03,0.000000000000000000e+00,6.460568765122278592e+02,0.000000000000000000e+00,0.000000000000000000e+00,0.000000000000000000e+00,0.000000000000000000e+00,3.170602037329872473e+02,1.017812147475361400e+02,1.017812147475361400e+02,1.017812147475361400e+02,1.017812147475361400e+02,0.000000000000000000e+00,2.079171440098260746e+02,6.674460949372304697e+01,6.674460949372304697e+01,6.674460949372304697e+01,6.674460949372304697e+01,9.276181762176441907e+02,3.875991862411801776e+02,6.218891108206871650e+02,1.244253159062717202e+02,1.244253159062717202e+02,1.244253159062717202e+02
5.160000000000000000e+03,0.000000000000000000e+00,1.211897126583422050e+03,0.000000000000000000e+00,6.324510689206281313e+02,0.000000000000000000e+00,0.000000000000000000e+00,0.000000000000000000e+00,0.000000000000000000e+00,3.189546701176453212e+02,1.023893676713614553e+02,1.023893676713614553e+02,1.023893676713614553e+02,1.023893676713614553e+02,0.000000000000000000e+00,2.079171440098260746e+02,6.674460949372304697e+01,6.674460949372304697e+01,6.674460949372304697e+01,6.674460949372304697e+01,9.331607874692349469e+02,3.890579253573669121e+02,6.118809167265009137e+02,1.248935936576172310e+02,1.248935936576172310e+02,1.248935936576172310e+02
5.170000000000000000e+03,0.000000000000000000e+00,1.218941665958837575e+03,0.000000000000000000e+00,6.187650725352018526e+02,0.000000000000000000e+00,0.000000000000000000e+00,0.000000000000000000e+00,0.000000000000000000e+00,3.208086960768873155e+02,1.029845385950010410e+02,1.029845385950010410e+02,1.029845385950010410e+02,1.029845385950010410e+02,0.000000000000000000e+00,2.079171440098260746e+02,6.674460949372304697e+01,6.674460949372304697e+01,6.674460949372304697e+01,6.674460949372304697e+01,9.385850827883049305e+02,3.904855253459832056e+02,6.018009811209251438e+02,1.253518752688196969e+02,1.253518752688196969e+02,1.253518752688196969e+02
5.180000000000000000e+03,0.000000000000000000e+00,1.225831655098287683e+03,0.000000000000000000e+00,6.050006226104173948e+02,0.000000000000000000e+00,0.000000000000000000e+00,0.000000000000000000e+00,0.000000000000000000e+00,3.226220465378153790e+02,1.035666520564296320e+02,1.035666520564296320e+02,1.035666520564296320e+02,1.035666520564296320e+02,0.000000000000000000e+00,2.079171440098260746e+02,6.674460949372304697e+01,6.674460949372304697e+01,6.674460949372304697e+01,6.674460949372304697e+01,9.438903744256815571e+02,3.918818052008978157e+02,5.916505820441410606e+02,1.258001026341197246e+02,1.258001026341197246e+02,1.258001026341197246e+02
5.190000000000000000e+03,0.000000000000000000e+00,1.232566220416533952e+03,0.000000000000000000e+00,5.911594643479036222e+02,0.000000000000000000e+00,0.000000000000000000e+00,0.000000000000000000e+00,0.000000000000000000e+00,3.243944915847994253e+02,1.041356342491844629e+02,1.041356342491844629e+02,1.041356342491844629e+02,1.041356342491844629e+02,0.000000000000000000e+00,2.079171440098260746e+02,6.674460949372304697e+01,6.674460949372304697e+01,6.674460949372304697e+01,6.674460949372304697e+01,9.490759897207311724e+02,3.932465878870755205e+02,5.814310064704267234e+02,1.262382189225409377e+02,1.262382189225409377e+02,1.262382189225409377e+02
5.200000000000000000e+03,0.000000000000000000e+00,1.239144508034601813e+03,0.000000000000000000e+00,5.772433526751822228e+02,0.000000000000000000e+00,0.000000000000000000e+00,0.000000000000000000e+00,0.000000000000000000e+00,3.261258064886270631e+02,1.046914130317228597e+02,1.046914130317228597e+02,1.046914130317228597e+02,1.046914130317228597e+02,0.000000000000000000e+00,2.079171440098260746e+02,6.674460949372304697e+01,6.674460949372304697e+01,6.674460949372304697e+01,6.674460949372304697e+01,9.541412711866433938e+02,3.945797003630228232e+02,5.711435501449857384e+02,1.266661685850955053e+02,1.266661685850955053e+02,1.266661685850955053e+02
5.210000000000000000e+03,0.000000000000000000e+00,1.245565683888046578e+03,0.000000000000000000e+00,5.632540520231548271e+02,0.000000000000000000e+00,0.000000000000000000e+00,0.000000000000000000e+00,0.000000000000000000e+00,3.278157717349980658e+02,1.052339179365693127e+02,1.052339179365693127e+02,1.052339179365693127e+02,1.052339179365693127e+02,0.000000000000000000e+00,2.079171440098260746e+02,6.674460949372304697e+01,6.674460949372304697e+01,6.674460949372304697e+01,6.674460949372304697e+01,9.590855765937958495e+02,3.958809736027284885e+02,5.607895174196564767e+02,1.270838973618272689e+02,1.270838973618272689e+02,1.270838973618272689e+02
5.220000000000000000e+03,0.000000000000000000e+00,1.251828933832704251e+03,0.000000000000000000e+00,5.491933361023922089e+02,0.000000000000000000e+00,0.000000000000000000e+00,0.000000000000000000e+00,0.000000000000000000e+00,3.294641730523562160e+02,1.057630801792500108e+02,1.057630801792500108e+02,1.057630801792500108e+02,1.057630801792500108e+02,0.000000000000000000e+00,2.079171440098260746e+02,6.674460949372304697e+01,6.674460949372304697e+01,6.674460949372304697e+01,6.674460949372304697e+01,9.639082790511822623e+02,3.971502426170942499e+02,5.503702210875334231e+02,1.274913522886914166e+02,1.274913522886914166e+02,1.274913522886914166e+02
5.230000000000000000e+03,0.000000000000000000e+00,1.257933463747918267e+03,0.000000000000000000e+00,5.350629876782403471e+02,0.000000000000000000e+00,0.000000000000000000e+00,0.000000000000000000e+00,0.000000000000000000e+00,3.310708014390572771e+02,1.062788326670142141e+02,1.062788326670142141e+02,1.062788326670142141e+02,1.062788326670142141e+02,0.000000000000000000e+00,2.079171440098260746e+02,6.674460949372304697e+01,6.674460949372304697e+01,6.674460949372304697e+01,6.674460949372304697e+01,9.686087670858970569e+02,3.983873464748540982e+02,5.398869822165148662e+02,1.278884817042698501e+02,1.278884817042698501e+02,1.278884817042698501e+02
5.240000000000000000e+03,0.000000000000000000e+00,1.263878499637224877e+03,0.000000000000000000e+00,5.208647983447888237e+02,0.000000000000000000e+00,0.000000000000000000e+00,0.000000000000000000e+00,0.000000000000000000e+00,3.326354531898680875e+02,1.067811100073407147e+02,1.067811100073407147e+02,1.067811100073407147e+02,1.067811100073407147e+02,0.000000000000000000e+00,2.079171440098260746e+02,6.674460949372304697e+01,6.674460949372304697e+01,6.674460949372304697e+01,6.674460949372304697e+01,9.731864447206631894e+02,3.995921283229783967e+02,5.293411299818086491e+02,1.282752352563212526e+02,1.282752352563212526e+02,1.282752352563212526e+02
5.250000000000000000e+03,0.000000000000000000e+00,1.269663287726488534e+03,0.000000000000000000e+00,5.066005682977111633e+02,0.000000000000000000e+00,0.000000000000000000e+00,0.000000000000000000e+00,0.000000000000000000e+00,3.341579299217943912e+02,1.072698485162291178e+02,1.072698485162291178e+02,1.072698485162291178e+02,1.072698485162291178e+02,0.000000000000000000e+00,2.079171440098260746e+02,6.674460949372304697e+01,6.674460949372304697e+01,6.674460949372304697e+01,6.674460949372304697e+01,9.776407315493961505e+02,4.007644354065616881e+02,5.187340014974029145e+02,1.286515639081653148e+02,1.286515639081653148e+02,1.286515639081653148e+02
5.260000000000000000e+03,0.000000000000000000e+00,1.275287094559476145e+03,0.000000000000000000e+00,4.922721061060130978e+02,0.000000000000000000e+00,0.000000000000000000e+00,0.000000000000000000e+00,0.000000000000000000e+00,3.356380385992345623e+02,1.077449862262745484e+02,1.077449862262745484e+02,1.077449862262745484e+02,1.077449862262745484e+02,0.000000000000000000e+00,2.079171440098260746e+02,6.674460949372304697e+01,6.674460949372304697e+01,6.674460949372304697e+01,6.674460949372304697e+01,9.819710628107966386e+02,4.019041190881905550e+02,5.080669416465303811e+02,1.290174199449002970e+02,1.290174199449002970e+02,1.290174199449002970e+02
5.270000000000000000e+03,0.000000000000000000e+00,1.280749207090848131e+03,0.000000000000000000e+00,4.778812284827301937e+02,0.000000000000000000e+00,0.000000000000000000e+00,0.000000000000000000e+00,0.000000000000000000e+00,3.370755915584537661e+02,1.082064628945241651e+02,1.082064628945241651e+02,1.082064628945241651e+02,1.082064628945241651e+02,0.000000000000000000e+00,2.079171440098260746e+02,6.674460949372304697e+01,6.674460949372304697e+01,6.674460949372304697e+01,6.674460949372304697e+01,9.861768894599530313e+02,4.030110348667893732e+02,4.973413029111547417e+02,1.293727569794525039e+02,1.293727569794525039e+02,1.293727569794525039e+02
5.280000000000000000e+03,0.000000000000000000e+00,1.286048932776569472e+03,0.000000000000000000e+00,4.634297600545813225e+02,0.000000000000000000e+00,0.000000000000000000e+00,0.000000000000000000e+00,0.000000000000000000e+00,3.384704065313786145e+02,1.086542200101157079e+02,1.086542200101157079e+02,1.086542200101157079e+02,1.086542200101157079e+02,0.000000000000000000e+00,2.079171440098260746e+02,6.674460949372304697e+01,6.674460949372304697e+01,6.674460949372304697e+01,6.674460949372304697e+01,9.902576782379585438e+02,4.040850423959415139e+02,4.865584452004856075e+02,1.297175299584579875e+02,1.297175299584579875e+02,1.297175299584579875e+02
5.290000000000000000e+03,0.000000000000000000e+00,1.291185599661714605e+03,0.000000000000000000e+00,4.489195331306253820e+02,0.000000000000000000e+00,0.000000000000000000e+00,0.000000000000000000e+00,0.000000000000000000e+00,3.398223066687067444e+02,1.090882008016958906e+02,1.090882008016958906e+02,1.090882008016958906e+02,1.090882008016958906e+02,0.000000000000000000e+00,2.079171440098260746e+02,6.674460949372304697e+01,6.674460949372304697e+01,6.674460949372304697e+01,6.674460949372304697e+01,9.942129117395202229e+02,4.051260055016841761e+02,4.757197356785562192e+02,1.300516951679747422e+02,1.300516951679747422e+02,1.300516951679747422e+02
5.300000000000000000e+03,0.000000000000000000e+00,1.296158556465668198e+03,0.000000000000000000e+00,4.343523874699378666e+02,0.000000000000000000e+00,0.000000000000000000e+00,0.000000000000000000e+00,0.000000000000000000e+00,3.411311205623298974e+02,1.095083502446187396e+02,1.095083502446187396e+02,1.095083502446187396e+02,1.095083502446187396e+02,0.000000000000000000e+00,2.079171440098260746e+02,6.674460949372304697e+01,6.674460949372304697e+01,6.674460949372304697e+01,6.674460949372304697e+01,9.980420884785645512e+02,4.061337921997740068e+02,4.648265485908775076e+02,1.303752102390253356e+02,1.303752102390253356e+02,1.303752102390253356e+02
5.310000000000000000e+03,0.000000000000000000e+00,1.300967172664698865e+03,0.000000000000000000e+00,4.197301700483531022e+02,0.000000000000000000e+00,0.000000000000000000e+00,0.000000000000000000e+00,0.000000000000000000e+00,3.423966822670664101e+02,1.099146150679219005e+02,1.099146150679219005e+02,1.099146150679219005e+02,1.099146150679219005e+02,0.000000000000000000e+00,2.079171440098260746e+02,6.674460949372304697e+01,6.674460949372304697e+01,6.674460949372304697e+01,6.674460949372304697e+01,1.001744722951818176e+03,4.071082747124211210e+02,4.538802650902006235e+02,1.306880341529687541e+02,1.306880341529687541e+02,1.306880341529687541e+02
5.320000000000000000e+03,0.000000000000000000e+00,1.305610838571903969e+03,0.000000000000000000e+00,4.050547348242822068e+02,0.000000000000000000e+00,0.000000000000000000e+00,0.000000000000000000e+00,0.000000000000000000e+00,3.436188313217017480e+02,1.103069437610810297e+02,1.103069437610810297e+02,1.103069437610810297e+02,1.103069437610810297e+02,0.000000000000000000e+00,2.079171440098260746e+02,6.674460949372304697e+01,6.674460949372304697e+01,6.674460949372304697e+01,6.674460949372304697e+01,1.005320345700366033e+03,4.080493294844902721e+02,4.428822730613986209e+02,1.309901272467012916e+02,1.309901272467012916e+02,1.309901272467012916e+02
5.330000000000000000e+03,0.000000000000000000e+00,1.310088965414513723e+03,0.000000000000000000e+00,3.903279425036450903e+02,0.000000000000000000e+00,0.000000000000000000e+00,0.000000000000000000e+00,0.000000000000000000e+00,3.447974127693335618e+02,1.106852865805409749e+02,1.106852865805409749e+02,1.106852865805409749e+02,1.106852865805409749e+02,0.000000000000000000e+00,2.079171440098260746e+02,6.674460949372304697e+01,6.674460949372304697e+01,6.674460949372304697e+01,6.674460949372304697e+01,1.008768503369175619e+03,4.089568371991667846e+02,4.318339669454921363e+02,1.312814512176854578e+02,1.312814512176854578e+02,1.312814512176854578e+02
5.340000000000000000e+03,0.000000000000000000e+00,1.314400985408540009e+03,0.000000000000000000e+00,3.755516603039577603e+02,0.000000000000000000e+00,0.000000000000000000e+00,0.000000000000000000e+00,0.000000000000000000e+00,3.459322771770186478e+02,1.110495955560224957e+02,1.110495955560224957e+02,1.110495955560224957e+02,1.110495955560224957e+02,0.000000000000000000e+00,2.079171440098260746e+02,6.674460949372304697e+01,6.674460949372304697e+01,6.674460949372304697e+01,6.674460949372304697e+01,1.012088758764575800e+03,4.098306827930842928e+02,4.207367475628536795e+02,1.315619691288062256e+02,1.315619691288062256e+02,1.315619691288062256e+02
5.350000000000000000e+03,0.000000000000000000e+00,1.318546351830766525e+03,0.000000000000000000e+00,3.607277617175819842e+02,0.000000000000000000e+00,0.000000000000000000e+00,0.000000000000000000e+00,0.000000000000000000e+00,3.470232806547193718e+02,1.113998244966046514e+02,1.113998244966046514e+02,1.113998244966046514e+02,1.113998244966046514e+02,0.000000000000000000e+00,2.079171440098260746e+02,6.674460949372304697e+01,6.674460949372304697e+01,6.674460949372304697e+01,6.674460949372304697e+01,1.015280690909690293e+03,4.106707554709139458e+02,4.095920219355925838e+02,1.318316454130544741e+02,1.318316454130544741e+02,1.318316454130544741e+02
5.360000000000000000e+03,0.000000000000000000e+00,1.322524539088068877e+03,0.000000000000000000e+00,3.458581262741866453e+02,0.000000000000000000e+00,0.000000000000000000e+00,0.000000000000000000e+00,0.000000000000000000e+00,3.480702848735479620e+02,1.117359289965812792e+02,1.117359289965812792e+02,1.117359289965812792e+02,1.117359289965812792e+02,0.000000000000000000e+00,2.079171440098260746e+02,6.674460949372304697e+01,6.674460949372304697e+01,6.674460949372304697e+01,6.674460949372304697e+01,1.018343895097813061e+03,4.114769487194118938e+02,3.984012031091601784e+02,1.320904458780364905e+02,1.320904458780364905e+02,1.320904458780364905e+02
5.370000000000000000e+03,0.000000000000000000e+00,1.326335042784054622e+03,0.000000000000000000e+00,3.309446393024367694e+02,0.000000000000000000e+00,0.000000000000000000e+00,0.000000000000000000e+00,0.000000000000000000e+00,3.490731570833052615e+02,1.120578664410913632e+02,1.120578664410913632e+02,1.120578664410913632e+02,1.120578664410913632e+02,0.000000000000000000e+00,2.079171440098260746e+02,6.674460949372304697e+01,6.674460949372304697e+01,6.674460949372304697e+01,6.674460949372304697e+01,1.021277982943722122e+03,4.122491603209250570e+02,3.871657099731855283e+02,1.323383377103092471e+02,1.323383377103092471e+02,1.323383377103092471e+02
5.380000000000000000e+03,0.000000000000000000e+00,1.329977379783015294e+03,0.000000000000000000e+00,3.159891916909581937e+02,0.000000000000000000e+00,0.000000000000000000e+00,0.000000000000000000e+00,0.000000000000000000e+00,3.500317701293118375e+02,1.123655960115219585e+02,1.123655960115219585e+02,1.123655960115219585e+02,1.123655960115219585e+02,0.000000000000000000e+00,2.079171440098260746e+02,6.674460949372304697e+01,6.674460949372304697e+01,6.674460949372304697e+01,6.674460949372304697e+01,1.024082582432921754e+03,4.129872923663500615e+02,3.758869670815786321e+02,1.325752894795407997e+02,1.325752894795407997e+02,1.325752894795407997e+02
5.390000000000000000e+03,0.000000000000000000e+00,1.333451088271183608e+03,0.000000000000000000e+00,3.009936796485868058e+02,0.000000000000000000e+00,0.000000000000000000e+00,0.000000000000000000e+00,0.000000000000000000e+00,3.509460024685303665e+02,1.126590786906837707e+02,1.126590786906837707e+02,1.126590786906837707e+02,1.126590786906837707e+02,0.000000000000000000e+00,2.079171440098260746e+02,6.674460949372304697e+01,6.674460949372304697e+01,6.674460949372304697e+01,6.674460949372304697e+01,1.026757337968811498e+03,4.136912512675484095e+02,3.645664044719072194e+02,1.328012711424954091e+02,1.328012711424954091e+02,1.328012711424954091e+02
5.400000000000000000e+03,0.000000000000000000e+00,1.336755727815287173e+03,0.000000000000000000e+00,2.859600044639491898e+02,0.000000000000000000e+00,0.000000000000000000e+00,0.000000000000000000e+00,0.000000000000000000e+00,3.518157381849758849e+02,1.129382772677580675e+02,1.129382772677580675e+02,1.129382772677580675e+02,1.129382772677580675e+02,0.000000000000000000e+00,2.079171440098260746e+02,6.674460949372304697e+01,6.674460949372304697e+01,6.674460949372304697e+01,6.674460949372304697e+01,1.029301910417771069e+03,4.143609477692114069e+02,3.532054574840834675e+02,1.330162540468426187e+02,1.330162540468426187e+02,1.330162540468426187e+02
5.410000000000000000e+03,0.000000000000000000e+00,1.339890879418392160e+03,0.000000000000000000e+00,2.708900722643928134e+02,0.000000000000000000e+00,0.000000000000000000e+00,0.000000000000000000e+00,0.000000000000000000e+00,3.526408670044131100e+02,1.132031563430148537e+02,1.132031563430148537e+02,1.132031563430148537e+02,1.132031563430148537e+02,0.000000000000000000e+00,2.079171440098260746e+02,6.674460949372304697e+01,6.674460949372304697e+01,6.674460949372304697e+01,6.674460949372304697e+01,1.031715977152161940e+03,4.149962969601780287e+02,3.418055665783728045e+02,1.332202109347903445e+02,1.332202109347903445e+02,1.332202109347903445e+02
5.420000000000000000e+03,0.000000000000000000e+00,1.342856145573025969e+03,0.000000000000000000e+00,2.557857937743139303e+02,0.000000000000000000e+00,0.000000000000000000e+00,0.000000000000000000e+00,0.000000000000000000e+00,3.534212843083377606e+02,1.134536823323009287e+02,1.134536823323009287e+02,1.134536823323009287e+02,1.134536823323009287e+02,0.000000000000000000e+00,2.079171440098260746e+02,6.674460949372304697e+01,6.674460949372304697e+01,6.674460949372304697e+01,6.674460949372304697e+01,1.033999232091229942e+03,4.155972182842000393e+02,3.303681771527623141e+02,1.334131159465406142e+02,1.334131159465406142e+02,1.334131159465406142e+02
5.430000000000000000e+03,0.000000000000000000e+00,1.345651150311579840e+03,0.000000000000000000e+00,2.406490840728926059e+02,0.000000000000000000e+00,0.000000000000000000e+00,0.000000000000000000e+00,0.000000000000000000e+00,3.541568911472415948e+02,1.136898234712982401e+02,1.136898234712982401e+02,1.136898234712982401e+02,1.136898234712982401e+02,0.000000000000000000e+00,2.079171440098260746e+02,6.674460949372304697e+01,6.674460949372304697e+01,6.674460949372304697e+01,6.674460949372304697e+01,1.036151385739916577e+03,4.161636355501559592e+02,3.188947393596958477e+02,1.335949446235685514e+02,1.335949446235685514e+02,1.335949446235685514e+02
5.440000000000000000e+03,0.000000000000000000e+00,1.348275539253976376e+03,0.000000000000000000e+00,2.254818623512751969e+02,0.000000000000000000e+00,0.000000000000000000e+00,0.000000000000000000e+00,0.000000000000000000e+00,3.548475942531580927e+02,1.139115498195512828e+02,1.139115498195512828e+02,1.139115498195512828e+02,1.139115498195512828e+02,0.000000000000000000e+00,2.079171440098260746e+02,6.674460949372304697e+01,6.674460949372304697e+01,6.674460949372304697e+01,6.674460949372304697e+01,1.038172165225561912e+03,4.166954769417117177e+02,3.073867079222052894e+02,1.337656739117233826e+02,1.337656739117233826e+02,1.337656739117233826e+02
5.450000000000000000e+03,0.000000000000000000e+00,1.350728979652601993e+03,0.000000000000000000e+00,2.102860516692460919e+02,0.000000000000000000e+00,0.000000000000000000e+00,0.000000000000000000e+00,0.000000000000000000e+00,3.554933060514879912e+02,1.141188332642631735e+02,1.141188332642631735e+02,1.141188332642631735e+02,1.141188332642631735e+02,0.000000000000000000e+00,2.079171440098260746e+02,6.674460949372304697e+01,6.674460949372304697e+01,6.674460949372304697e+01,6.674460949372304697e+01,1.040061314332503571e+03,4.171926750264257180e+02,2.958455419494710554e+02,1.339252821641515538e+02,1.339252821641515538e+02,1.339252821641515538e+02
5.460000000000000000e+03,0.000000000000000000e+00,1.353011160434496333e+03,0.000000000000000000e+00,1.950635787113975823e+02,0.000000000000000000e+00,0.000000000000000000e+00,0.000000000000000000e+00,0.000000000000000000e+00,3.560939446721026229e+02,1.143116475238601595e+02,1.143116475238601595e+02,1.143116475238601595e+02,1.143116475238601595e+02,0.000000000000000000e+00,2.079171440098260746e+02,6.674460949372304697e+01,6.674460949372304697e+01,6.674460949372304697e+01,6.674460949372304697e+01,1.041818593534562297e+03,4.176551667642989969e+02,2.842727047518173435e+02,1.340737491440412157e+02,1.340737491440412157e+02,1.340737491440412157e+02
5.470000000000000000e+03,0.000000000000000000e+00,1.355121792240793184e+03,0.000000000000000000e+00,1.798163735428465486e+02,0.000000000000000000e+00,0.000000000000000000e+00,0.000000000000000000e+00,0.000000000000000000e+00,3.566494339597248313e+02,1.144899681513238363e+02,1.144899681513238363e+02,1.144899681513238363e+02,1.144899681513238363e+02,0.000000000000000000e+00,2.079171440098260746e+02,6.674460949372304697e+01,6.674460949372304697e+01,6.674460949372304697e+01,6.674460949372304697e+01,1.043443780025410888e+03,4.180828935157680917e+02,2.726696636551801021e+02,1.342110560271882491e+02,1.342110560271882491e+02,1.342110560271882491e+02
5.480000000000000000e+03,0.000000000000000000e+00,1.357060607463408815e+03,0.000000000000000000e+00,1.645463693645160390e+02,0.000000000000000000e+00,0.000000000000000000e+00,0.000000000000000000e+00,0.000000000000000000e+00,3.571597034835843942e+02,1.146537725372908909e+02,1.146537725372908909e+02,1.146537725372908909e+02,1.146537725372908909e+02,0.000000000000000000e+00,2.079171440098260746e+02,6.674460949372304697e+01,6.674460949372304697e+01,6.674460949372304697e+01,6.674460949372304697e+01,1.044936667746824924e+03,4.184758010491399318e+02,2.610378898150602254e+02,1.343371854043828932e+02,1.343371854043828932e+02,1.343371854043828932e+02
5.490000000000000000e+03,0.000000000000000000e+00,1.358827360278971582e+03,0.000000000000000000e+00,1.492555022680306820e+02,0.000000000000000000e+00,0.000000000000000000e+00,0.000000000000000000e+00,0.000000000000000000e+00,3.576246885463477838e+02,1.148030399129195871e+02,1.148030399129195871e+02,1.148030399129195871e+02,1.148030399129195871e+02,0.000000000000000000e+00,2.079171440098260746e+02,6.674460949372304697e+01,6.674460949372304697e+01,6.674460949372304697e+01,6.674460949372304697e+01,1.046297067414808225e+03,4.188338395474677327e+02,2.493788580300006288e+02,1.344521212836169752e+02,1.344521212836169752e+02,1.344521212836169752e+02
5.500000000000000000e+03,0.000000000000000000e+00,1.360421826679990090e+03,0.000000000000000000e+00,1.339457109902339482e+02,0.000000000000000000e+00,0.000000000000000000e+00,0.000000000000000000e+00,0.000000000000000000e+00,3.580443301923216950e+02,1.149377513525231791e+02,1.149377513525231791e+02,1.149377513525231791e+02,1.149377513525231791e+02,0.000000000000000000e+00,2.079171440098260746e+02,6.674460949372304697e+01,6.674460949372304697e+01,6.674460949372304697e+01,6.674460949372304697e+01,1.047524806543592376e+03,4.191569636148676636e+02,2.376940465545918926e+02,1.345558490921117425e+02,1.345558490921117425e+02,1.345558490921117425e+02
5.510000000000000000e+03,0.000000000000000000e+00,1.361843804503255342e+03,0.000000000000000000e+00,1.186189366673771701e+02,0.000000000000000000e+00,0.000000000000000000e+00,0.000000000000000000e+00,0.000000000000000000e+00,3.584185752149276141e+02,1.150578897759694854e+02,1.150578897759694854e+02,1.150578897759694854e+02,1.150578897759694854e+02,0.000000000000000000e+00,2.079171440098260746e+02,6.674460949372304697e+01,6.674460949372304697e+01,6.674460949372304697e+01,6.674460949372304697e+01,1.048619729467506659e+03,4.194451322822742441e+02,2.259849369120458391e+02,1.346483556781654158e+02,1.346483556781654158e+02,1.346483556781654158e+02
5.520000000000000000e+03,0.000000000000000000e+00,1.363093113455473940e+03,0.000000000000000000e+00,1.032771225889970026e+02,0.000000000000000000e+00,0.000000000000000000e+00,0.000000000000000000e+00,0.000000000000000000e+00,3.587473761634480525e+02,1.151634399508464952e+02,1.151634399508464952e+02,1.151634399508464952e+02,1.151634399508464952e+02,0.000000000000000000e+00,2.079171440098260746e+02,6.674460949372304697e+01,6.674460949372304697e+01,6.674460949372304697e+01,6.674460949372304697e+01,1.049581697360714998e+03,4.196983090126349225e+02,2.142530137063483835e+02,1.347296293128206912e+02,1.347296293128206912e+02,1.347296293128206912e+02
5.530000000000000000e+03,0.000000000000000000e+00,1.364169595136125736e+03,0.000000000000000000e+00,8.792221395153195829e+01,0.000000000000000000e+00,0.000000000000000000e+00,0.000000000000000000e+00,0.000000000000000000e+00,3.590306913490430247e+02,1.152543884943936519e+02,1.152543884943936519e+02,1.152543884943936519e+02,1.152543884943936519e+02,0.000000000000000000e+00,2.079171440098260746e+02,6.674460949372304697e+01,6.674460949372304697e+01,6.674460949372304697e+01,6.674460949372304697e+01,1.050410588254816730e+03,4.199164617055431563e+02,2.024997644340316185e+02,1.347996596913520193e+02,1.347996596913520193e+02,1.347996596913520193e+02
5.540000000000000000e+03,0.000000000000000000e+00,1.365073113057548881e+03,0.000000000000000000e+00,7.255615761168643019e+01,0.000000000000000000e+00,0.000000000000000000e+00,0.000000000000000000e+00,0.000000000000000000e+00,3.592684848500354633e+02,1.153307238751986858e+02,1.153307238751986858e+02,1.153307238751986858e+02,1.153307238751986858e+02,0.000000000000000000e+00,2.079171440098260746e+02,6.674460949372304697e+01,6.674460949372304697e+01,6.674460949372304697e+01,6.674460949372304697e+01,1.051106297054312563e+03,4.200995627013072635e+02,1.907266792955704489e+02,1.348584379345718958e+02,1.348584379345718958e+02,1.348584379345718958e+02
5.550000000000000000e+03,0.000000000000000000e+00,1.365803552662245693e+03,0.000000000000000000e+00,5.718090183958402406e+01,0.000000000000000000e+00,0.000000000000000000e+00,0.000000000000000000e+00,0.000000000000000000e+00,3.594607265164661385e+02,1.153924364146597412e+02,1.153924364146597412e+02,1.153924364146597412e+02,1.153924364146597412e+02,0.000000000000000000e+00,2.079171440098260746e+02,6.674460949372304697e+01,6.674460949372304697e+01,6.674460949372304697e+01,6.674460949372304697e+01,1.051668735549929124e+03,4.202475887844589124e+02,1.789352510064366015e+02,1.349059565899569009e+02,1.349059565899569009e+02,1.349059565899569009e+02
5.560000000000000000e+03,0.000000000000000000e+00,1.366360821337405469e+03,0.000000000000000000e+00,4.179839607175271965e+01,0.000000000000000000e+00,0.000000000000000000e+00,0.000000000000000000e+00,0.000000000000000000e+00,3.596073919739159237e+02,1.154395182882124118e+02,1.154395182882124118e+02,1.154395182882124118e+02,1.154395182882124118e+02,0.000000000000000000e+00,2.079171440098260746e+02,6.674460949372304697e+01,6.674460949372304697e+01,6.674460949372304697e+01,6.674460949372304697e+01,1.052097832429802338e+03,4.203605211866952232e+02,1.671269746078420724e+02,1.349422096325924656e+02,1.349422096325924656e+02,1.349422096325924656e+02
5.570000000000000000e+03,0.000000000000000000e+00,1.366744848426648105e+03,0.000000000000000000e+00,2.641059066394991461e+01,0.000000000000000000e+00,0.000000000000000000e+00,0.000000000000000000e+00,0.000000000000000000e+00,3.597084626265965994e+02,1.154719635263219288e+02,1.154719635263219288e+02,1.154719635263219288e+02,1.154719635263219288e+02,0.000000000000000000e+00,2.079171440098260746e+02,6.674460949372304697e+01,6.674460949372304697e+01,6.674460949372304697e+01,6.674460949372304697e+01,1.052393533288519166e+03,4.204383455892593702e+02,1.553033472771782044e+02,1.349671924659367903e+02,1.349671924659367903e+02,1.349671924659367903e+02
5.580000000000000000e+03,0.000000000000000000e+00,1.366955585238983303e+03,0.000000000000000000e+00,1.101943664387829003e+01,0.000000000000000000e+00,0.000000000000000000e+00,0.000000000000000000e+00,0.000000000000000000e+00,3.597639256597086046e+02,1.154897680152399886e+02,1.154897680152399886e+02,1.154897680152399886e+02,1.154897680152399886e+02,0.000000000000000000e+00,2.079171440098260746e+02,6.674460949372304697e+01,6.674460949372304697e+01,6.674460949372304697e+01,6.674460949372304697e+01,1.052555800634017260e+03,4.204810521247555926e+02,1.434658681381899896e+02,1.349809019224036888e+02,1.349809019224036888e+02,1.349809019224036888e+02
