phase_s,time_s,battery,bolts,frame,panel1,panel2,panel3,panel4,panel5,panel6,pcb1,pcb2,pcb3,pcb4,energy_J,absorbed_power_W,emitted_power_W
0.000000000000000000e+00,5.580000000000000000e+03,2.731893040981562990e+02,2.773270984927422091e+02,2.846358812931622424e+02,3.166030051265373686e+02,2.852493859361363775e+02,2.970583279561926702e+02,2.686039536413566111e+02,2.724063992705558803e+02,2.722855285859608330e+02,2.715814623161270447e+02,2.744838286634271753e+02,2.743366133898539374e+02,2.708122715927135005e+02,1.528334573248822708e+05,2.087436367252282921e+01,1.603967377248529758e+01
1.000000000000000000e+01,5.590000000000000000e+03,2.732238752754062716e+02,2.774706044637129025e+02,2.847397570946780547e+02,3.169035434799559994e+02,2.853872321788483077e+02,2.966354401720175247e+02,2.687981262420470330e+02,2.725449366229453858e+02,2.724248129902178448e+02,2.717045382459511416e+02,2.745390109261146563e+02,2.744500854469038131e+02,2.709455039040741440e+02,1.528810936811343418e+05,2.082167240867334712e+01,1.605803551863185774e+01
2.000000000000000000e+01,5.600000000000000000e+03,2.732588079036718796e+02,2.776122406617314482e+02,2.848444801756315883e+02,3.171968737634607578e+02,2.855234068556974876e+02,2.962281265228119764e+02,2.690119349794370009e+02,2.726824852532425894e+02,2.725631223276487844e+02,2.718272254834211026e+02,2.745941407473484901e+02,2.745631883302992264e+02,2.710784203760546234e+02,1.529297480358281755e+05,2.094306760520124655e+01,1.607763090055487254e+01
3.000000000000000000e+01,5.610000000000000000e+03,2.732941008215234433e+02,2.777521271779691006e+02,2.849510621290537529e+02,3.174832526986869539e+02,2.856581578877483594e+02,2.958346777583502671e+02,2.692436850188877315e+02,2.728192600248310100e+02,2.727006713335483141e+02,2.719495540436944339e+02,2.746492574741602652e+02,2.746759615774361123e+02,2.712110489395930699e+02,1.529793895089818980e+05,2.106222288404554988e+01,1.609807432959104645e+01
4.000000000000000000e+01,5.620000000000000000e+03,2.733297533644140458e+02,2.778904000344430756e+02,2.850597789596320126e+02,3.177628734258764780e+02,2.857916689036132993e+02,2.954541131433113037e+02,2.694924000432129674e+02,2.729553964904207533e+02,2.728375954237982342e+02,2.720715500092795196e+02,2.747043939346172010e+02,2.747884393572643376e+02,2.713434136281309748e+02,1.530299883440477424e+05,2.117912313744763253e+01,1.611923837870326537e+01
5.000000000000000000e+01,5.630000000000000000e+03,2.733657650722578296e+02,2.780271980714284155e+02,2.851706745621242476e+02,3.180358816494032226e+02,2.859240754020536315e+02,2.950857364835060253e+02,2.697573795083230834e+02,2.730909874749013397e+02,2.729739872837599250e+02,2.721932368651073944e+02,2.747595786267072526e+02,2.749006521242539520e+02,2.714755359165287132e+02,1.530815152153004019e+05,2.129375354356469430e+01,1.614106514771653167e+01
6.000000000000000000e+01,5.640000000000000000e+03,2.734021356026327680e+02,2.781626565850755242e+02,2.852837167528515465e+02,3.183023886424542184e+02,2.860554777497434316e+02,2.947289835290062001e+02,2.700380466383816156e+02,2.732261005450217795e+02,2.731099143322319378e+02,2.723146363520165778e+02,2.748148370144743353e+02,2.750126277247723579e+02,2.716074355582597377e+02,1.531339410287340870e+05,2.140609956834905603e+01,1.616351693678736012e+01
7.000000000000000000e+01,5.650000000000000000e+03,2.734388647006874749e+02,2.782969044419560305e+02,2.853988475238311366e+02,3.185624804876106282e+02,2.861859504185871970e+02,2.943833638071300811e+02,2.703338907037422132e+02,2.733607868612947414e+02,2.732454275766523324e+02,2.724357688906532076e+02,2.748701922763865468e+02,2.751243920605987796e+02,2.717391310876295165e+02,1.531872368579807517e+05,2.151614696739087762e+01,1.618656273125532863e+01
8.000000000000000000e+01,5.660000000000000000e+03,2.734759521880234274e+02,2.784300627553662366e+02,2.855159998835474653e+02,3.188162245969227229e+02,2.863155485075700426e+02,2.940484352263267169e+02,2.706444419880315309e+02,2.734950860308239271e+02,2.733805664713881924e+02,2.725566539629598992e+02,2.749256657432093789e+02,2.752359694824897360e+02,2.718706400812282027e+02,1.532413739197800751e+05,2.162388178772427949e+01,1.621017427570257752e+01
9.000000000000000000e+01,5.670000000000000000e+03,2.735133979532733974e+02,2.785622445829479261e+02,2.856351036867824860e+02,3.190636743688736487e+02,2.864443124128106319e+02,2.937237911795576792e+02,2.709692592432318179e+02,2.736290289971597645e+02,2.735153618075111694e+02,2.726773101981742116e+02,2.749812771738157835e+02,2.753473830265778588e+02,2.720019793252577074e+02,1.532963235614456353e+05,2.172929036959638793e+01,1.623432484537176634e+01
1.000000000000000000e+02,5.680000000000000000e+03,2.735512019478750290e+02,2.786935549537714678e+02,2.857560877143212679e+02,3.193048725639332019e+02,2.865722712204056961e+02,2.934090530119267441e+02,2.713079224685154145e+02,2.737626398943720005e+02,2.736498375651278252e+02,2.727977554706845922e+02,2.750370449297142841e+02,2.754586545597430813e+02,2.721331648935648673e+02,1.533520572529234632e+05,2.183235934819932922e+01,1.625898881924909389e+01
1.100000000000000000e+02,5.690000000000000000e+03,2.735893641783047201e+02,2.788240911226061485e+02,2.858788804182953527e+02,3.195398537789450302e+02,2.866994452010893610e+02,2.931038651082095043e+02,2.716600282974948186e+02,2.738959373101945403e+02,2.737840121790690660e+02,2.729180069394342354e+02,2.750929860981231627e+02,2.755698048693534474e+02,2.722642121860906173e+02,1.534085465803141706e+05,2.193307565536469284e+01,1.628414150569214058e+01
1.200000000000000000e+02,5.700000000000000000e+03,2.736278847011250264e+02,2.789539429189121620e+02,2.860034102029958376e+02,3.197686462772223308e+02,2.868258476684241032e+02,2.928078914278557932e+02,2.720251867922459041e+02,2.740289351959528403e+02,2.739178994555556415e+02,2.730380810638583284e+02,2.751491165762679429e+02,2.756808537189981507e+02,2.723951359441568911e+02,1.534657632406449411e+05,2.203142652122047807e+01,1.630975905192432407e+01
1.300000000000000000e+02,5.710000000000000000e+03,2.736667636158202868e+02,2.790831931297395840e+02,2.861296054952586019e+02,3.199912733557088700e+02,2.869514863664282984e+02,2.925208129283988683e+02,2.724030191829007777e+02,2.741616435546299044e+02,2.740515092349619977e+02,2.731579936085404938e+02,2.752054511395401732e+02,2.757918198934611382e+02,2.725259502530714144e+02,1.535236790369161172e+05,2.212739947581021482e+01,1.633581838409620346e+01
1.400000000000000000e+02,5.720000000000000000e+03,2.737060010588047021e+02,2.792119179069384813e+02,2.862573948025894879e+02,3.202077543736405687e+02,2.870763645234547994e+02,2.922423255727516107e+02,2.727931560826643818e+02,2.742940689534630110e+02,2.741848479530594318e+02,2.732777596334381087e+02,2.752620034969294238e+02,2.759027212222126764e+02,2.726566685396414300e+02,1.535822658738981117e+05,2.222098235067400651e+01,1.636229715769921711e+01
1.500000000000000000e+02,5.730000000000000000e+03,2.737455971973359397e+02,2.793401871422415184e+02,2.863867067048785202e+02,3.204181055295608189e+02,2.872004816611142246e+02,2.919721387509181341e+02,2.731952362008422597e+02,2.744262149645546742e+02,2.743179190254355717e+02,2.733973934986770473e+02,2.753187863390354551e+02,2.760135746040728009e+02,2.727873035638325518e+02,1.536414957543152850e+05,2.231216328039138475e+01,1.638917371387801580e+01
1.600000000000000000e+02,5.740000000000000000e+03,2.737855522235468584e+02,2.794680648384570532e+02,2.865174698829144972e+02,3.206223404597009221e+02,2.873238342130268848e+02,2.917099739982990627e+02,2.736089052541359479e+02,2.745580824938770661e+02,2.744507232129898284e+02,2.735169088526628798e+02,2.753758113816741115e+02,2.761243960265851456e+02,2.729178674172457590e+02,1.537013407754128566e+05,2.240093070408573084e+01,1.641642703769880285e+01
1.700000000000000000e+02,5.750000000000000000e+03,2.738258663479140864e+02,2.795956094712842059e+02,2.866496131150280462e+02,3.208204706935744639e+02,2.874464160098874572e+02,2.914555639345381906e+02,2.740338151577801682e+02,2.746896700662008470e+02,2.745832588969852850e+02,2.736363186299228119e+02,2.754330894067179543e+02,2.762352005846639145e+02,2.730483715143741392e+02,1.537617731260170112e+05,2.248727336689009704e+01,1.644403671888131058e+01
1.800000000000000000e+02,5.760000000000000000e+03,2.738665397938124784e+02,2.797228743032487159e+02,2.867830652978924491e+02,3.210125060118213582e+02,2.875682186609972177e+02,2.912086513783295345e+02,2.744696233398859704e+02,2.748209740606906735e+02,2.747155223146694425e+02,2.737556350477111664e+02,2.754906303006905546e+02,2.763460024981351353e+02,2.731788265901866453e+02,1.538227650838861009e+05,2.257118032137417174e+01,1.647198291402710879e+01
1.900000000000000000e+02,5.770000000000000000e+03,2.739075727920234158e+02,2.798499076977875006e+02,2.869177554530497218e+02,3.211984547230389921e+02,2.876892318572519684e+02,2.909689885896337387e+02,2.749159922036941452e+02,2.749519889113956879e+02,2.748475077591593845e+02,2.738748696043749646e+02,2.755484430928706274e+02,2.764568151283348811e+02,2.733092426980135770e+02,1.538842890135350754e+05,2.265264092893240999e+01,1.650024631061714686e+01
2.000000000000000000e+02,5.780000000000000000e+03,2.739489655741796810e+02,2.799767534043525075e+02,2.870536127407539198e+02,3.213783238833829046e+02,2.878094436139773507e+02,2.907363366189653107e+02,2.753725886770149032e+02,2.750827072774627595e+02,2.749792077506274381e+02,2.739940330830044104e+02,2.756065359910558641e+02,2.765676509977951127e+02,2.734396292093588272e+02,1.539463173643612536e+05,2.273164486113277150e+01,1.652880809256435413e+01
2.100000000000000000e+02,5.790000000000000000e+03,2.739907183690859256e+02,2.801034508235335352e+02,2.871905664765070583e+02,3.215521194705816583e+02,2.879288404706780966e+02,2.905104647397828330e+02,2.758390838412182120e+02,2.752131201915036627e+02,2.751106131840314220e+02,2.741131355454102163e+02,2.756649164146027147e+02,2.766785218057382849e+02,2.735699948139508706e+02,1.540088226691069722e+05,2.280818210102637522e+01,1.655764990736587094e+01
2.200000000000000000e+02,5.800000000000000000e+03,2.740328313968046814e+02,2.802300352556422922e+02,2.873285461429724137e+02,3.217198465240446694e+02,2.880474076525718488e+02,2.902911499483781199e+02,2.763151526200620083e+02,2.753432171884758191e+02,2.752417134583765801e+02,2.742321863431241695e+02,2.757235910285166369e+02,2.767894384467114151e+02,2.737003475227040781e+02,1.540717775426665903e+05,2.288224294441752349e+01,1.658675383473228848e+01
2.300000000000000000e+02,5.810000000000000000e+03,2.740753048622890446e+02,2.803565381312324689e+02,2.874674814055501884e+02,3.218815092578716985e+02,2.881651292074342336e+02,2.900781765191446766e+02,2.768004735196902857e+02,2.754729864195054461e+02,2.753724965901809014e+02,2.743511941180455551e+02,2.757825657806506570e+02,2.769004110283584623e+02,2.738306946702049345e+02,1.541351546812392771e+05,2.295381800109407067e+01,1.661610235680633707e+01
2.400000000000000000e+02,5.820000000000000000e+03,2.741181389530937622e+02,2.804829872256331669e+02,2.876073021268105663e+02,3.220371111536117041e+02,2.882819881200323380e+02,2.898713356063560127e+02,2.772947284093189069e+02,2.756024147523659167e+02,2.755029493145982542e+02,2.744701668086338486e+02,2.758418459253310857e+02,2.770114488886530353e+02,2.739610429164239349e+02,1.541989268616933550e+05,2.302289819601806187e+01,1.664567832981445150e+01
2.500000000000000000e+02,5.830000000000000000e+03,2.741613338340000041e+02,2.806094068626806575e+02,2.877479383762694169e+02,3.221866550366601132e+02,2.883979664075263258e+02,2.896704248833802922e+02,2.777976023332981867e+02,2.757314878620184118e+02,2.756330571747294016e+02,2.745891116542616714e+02,2.759014360566274604e+02,2.771225606134648842e+02,2.740913982662854096e+02,1.542630669412832940e+05,2.308947477047630414e+01,1.667546495694542230e+01
2.600000000000000000e+02,5.840000000000000000e+03,2.742048896420703272e+02,2.807358180979749704e+02,2.878893204516999162e+02,3.223301431398951422e+02,2.885130452094047087e+02,2.894752482147214323e+02,2.783087833561903608e+02,2.758601903113654998e+02,2.757628046037192462e+02,2.747080352033640338e+02,2.759613401355954920e+02,2.772337540536533993e+02,2.742217660485168835e+02,1.543275478575899033e+05,2.315353928319096610e+01,1.670544576301385220e+01
2.700000000000000000e+02,5.850000000000000000e+03,2.742488064827578000e+02,2.808622388957181215e+02,2.880313788859493798e+02,3.224675771591435023e+02,2.886272048566556805e+02,2.892856153571214577e+02,2.788279624253727320e+02,2.759885056251522997e+02,2.758921749977719173e+02,2.748269433196415434e+02,2.760215615160673224e+02,2.773450363413680861e+02,2.743521509431919867e+02,1.543923426287417533e+05,2.321508361138976539e+01,1.673560456999380008e+01
2.800000000000000000e+02,5.860000000000000000e+03,2.742930844262500045e+02,2.809886842948034200e+02,2.881740444585111618e+02,3.225989582962757822e+02,2.887404249390274913e+02,2.891013416808658008e+02,2.793548332582479929e+02,2.761164163568764138e+02,2.760211507832161146e+02,2.749458411902239163e+02,2.760821029776044497e+02,2.774564139102931790e+02,2.744825569815987478e+02,1.544574243539547024e+05,2.327409995183591462e+01,1.676592547387531340e+01
2.900000000000000000e+02,5.870000000000000000e+03,2.743377235025859591e+02,2.811151665592116160e+02,2.883172482138654686e+02,3.227242873033909518e+02,2.888526843632577084e+02,2.889222479179917400e+02,2.798890922441445355e+02,2.762439041500531403e+02,2.761497134780153715e+02,2.750647333327218576e+02,2.761429667413264610e+02,2.775678924961080156e+02,2.746129875527976765e+02,1.545227662140256434e+05,2.333058082181750592e+01,1.679639282295616454e+01
3.000000000000000000e+02,5.880000000000000000e+03,2.743827236989531002e+02,2.812416953261009667e+02,2.884609214650887452e+02,3.228435645128222973e+02,2.889639614059976225e+02,2.887481599209032765e+02,2.804304383623001513e+02,2.763709497952761467e+02,2.762778437483890457e+02,2.751836236039707728e+02,2.762041544969522420e+02,2.776794771765061682e+02,2.747434454109020407e+02,1.545883414724089089e+05,2.338451906009619563e+01,1.682699119686539646e+01
3.100000000000000000e+02,5.890000000000000000e+03,2.744280849550078187e+02,2.813682777798545089e+02,2.886049957642172785e+02,3.229567898705220728e+02,2.890742337294934714e+02,2.885789084441091177e+02,2.809785730845454168e+02,2.764975332758820628e+02,2.764055214612890268e+02,2.753025153724743177e+02,2.762656674238801884e+02,2.777911723684638332e+02,2.748739326825568696e+02,1.546541234761466621e+05,2.343590782781522108e+01,1.685770538497532200e+01
3.200000000000000000e+02,5.900000000000000000e+03,2.744738071603906064e+02,2.814949186459131170e+02,2.887494031094800562e+02,3.230639629629524165e+02,2.891834785579565619e+02,2.884143289366421641e+02,2.815332004320315491e+02,2.766236338423828443e+02,2.765327257325239430e+02,2.754214108154558289e+02,2.763275062118482310e+02,2.779029818461249874e+02,2.750044508738531590e+02,1.547200856575779908e+05,2.348474060936650432e+01,1.688852037537523287e+01
3.300000000000000000e+02,5.910000000000000000e+03,2.745198901502812419e+02,2.816216204612861702e+02,2.888940756325003463e+02,3.231650830412812070e+02,2.892916725159468569e+02,2.882542613484790763e+02,2.820940267529700805e+02,2.767492300237983045e+02,2.766594349772988721e+02,2.755403120909409154e+02,2.763896710794032288e+02,2.780149087547424642e+02,2.751350008771521516e+02,1.547862015352017479e+05,2.353101121321673261e+01,1.691942132683923461e+01
3.400000000000000000e+02,5.920000000000000000e+03,2.745663337025702617e+02,2.817483836386406324e+02,2.890389458491201253e+02,3.232601490439382133e+02,2.893987918026098214e+02,2.880985499483361991e+02,2.826607608012853916e+02,2.768742996885728189e+02,2.767856269446365900e+02,2.756592204875490779e+02,2.764521617941348381e+02,2.781269556244793080e+02,2.752655829794776423e+02,1.548524447157823888e+05,2.357471377269244428e+01,1.695039355767278266e+01
3.500000000000000000e+02,5.930000000000000000e+03,2.746131375347031280e+02,2.818752065634108135e+02,2.891839465969466119e+02,3.233491596168157685e+02,2.895048121938831400e+02,2.879470431523031380e+02,2.832331136782229919e+02,2.769988200834694680e+02,2.769112787638437112e+02,2.757781366766166116e+02,2.765149776900656207e+02,2.782391243826918412e+02,2.753961968696345366e+02,1.549187888960850541e+05,2.361584274672381056e+01,1.698142252940566266e+01
3.600000000000000000e+02,5.940000000000000000e+03,2.746603013000234341e+02,2.820020856940849967e+02,2.893290110490103189e+02,3.234321131323051759e+02,2.896097090766848510e+02,2.877995933620850337e+02,2.838107988100948660e+02,2.771227678711053386e+02,2.770363669809573253e+02,2.758970607199580627e+02,2.765781176789367919e+02,2.783514163640562629e+02,2.755268416446463107e+02,1.549852078647975868e+05,2.365439292054721676e+01,1.701249383181163921e+01
3.700000000000000000e+02,5.950000000000000000e+03,2.747078245847109201e+02,2.821290156816800163e+02,2.894740727146338486e+02,3.235090077063967442e+02,2.897134574758758276e+02,2.876560568118635501e+02,2.843935319273583104e+02,2.772461191656866504e+02,2.771608675943625713e+02,2.760159920774358966e+02,2.766415802755137179e+02,2.784638323254678198e+02,2.756575158201048907e+02,1.550516755046832259e+05,2.369035940636645776e+01,1.704359316853343742e+01
3.800000000000000000e+02,5.960000000000000000e+03,2.747557069054843737e+02,2.822559894163691752e+02,2.896190654629104984e+02,3.235798412152937544e+02,2.898160320892342270e+02,2.875162934238741173e+02,2.849810310629423498e+02,2.773688495674921910e+02,2.772847560896344703e+02,2.761349296146763095e+02,2.767053636016075870e+02,2.785763724531309435e+02,2.757882173327710689e+02,1.551181657949005021e+05,2.372373764397243434e+01,1.707470634426348255e+01
3.900000000000000000e+02,5.970000000000000000e+03,2.748039477053437736e+02,2.823829981200091197e+02,2.897639235274698990e+02,3.236446113107073188e+02,2.899174073154385383e+02,2.873801666713462737e+02,2.855730165465344612e+02,2.774909341958276627e+02,2.774080074719593654e+02,2.762538716096738654e+02,2.767694654026848866e+02,2.786890363738262977e+02,2.759189435507796020e+02,1.551846528133203974e+05,2.375452340132136086e+01,1.710581925236785139e+01
4.000000000000000000e+02,5.980000000000000000e+03,2.748525463518984679e+02,2.825100315554270765e+02,2.899085814858182175e+02,3.237033154340679175e+02,2.900175572695872006e+02,2.872475434483997105e+02,2.861692109859116613e+02,2.776123477180383361e+02,2.775305962970950873e+02,2.763728157687961584e+02,2.768338830639506796e+02,2.788018231652870327e+02,2.760496912805123202e+02,1.552511107391163532e+05,2.378271277507135650e+01,1.713691786224927327e+01
4.100000000000000000e+02,5.990000000000000000e+03,2.749015021330391164e+02,2.826370778786566120e+02,2.900529743228124744e+02,3.237559508309046237e+02,2.901164558258911939e+02,2.871182939467458937e+02,2.867693393075094264e+02,2.777330643802363284e+02,2.776524967008056137e+02,2.764917592218326945e+02,2.768986136165178777e+02,2.789147313617844475e+02,2.761804567737118532e+02,1.553175138553263096e+05,2.380830219107733825e+01,1.716798820993182062e+01
4.200000000000000000e+02,6.000000000000000000e+03,2.749508142558437385e+02,2.827641238742962742e+02,2.901970373954374622e+02,3.238025145620538296e+02,2.902140766317202178e+02,2.869922915380323047e+02,2.873731287403959982e+02,2.778530580373310386e+02,2.777736824270241982e+02,2.766106985368113556e+02,2.769636537503018872e+02,2.790277589744555939e+02,2.763112357328478197e+02,1.553838365516325284e+05,2.383128840484418731e+01,1.719901638711464997e+01
4.300000000000000000e+02,6.010000000000000000e+03,2.750004818420390507e+02,2.828911549816878050e+02,2.903407064569662452e+02,3.238430035185803604e+02,2.903103931329867464e+02,2.868694126627041214e+02,2.879803088398466571e+02,2.779723021783800050e+02,2.778941268552900965e+02,2.767296297279853547e+02,2.770289998270336582e+02,2.791409034806242744e+02,2.764420233179680508e+02,1.554500533271946479e+05,2.385166850193812138e+01,1.722998853196475721e+01
4.400000000000000000e+02,6.020000000000000000e+03,2.750505039262656055e+02,2.830181553619202077e+02,2.904839176621827619e+02,3.238774144330133709e+02,2.904053785963395171e+02,2.867495367235861181e+02,2.885906115031189643e+02,2.780907699527760428e+02,2.780138030264049007e+02,2.768485482621807705e+02,2.770946478838217786e+02,2.792541618431910706e+02,2.765728141571053129e+02,1.555161387935975217e+05,2.386943989835624080e+01,1.726089082038980393e+01
4.500000000000000000e+02,6.030000000000000000e+03,2.751008794529843726e+02,2.831451079623271880e+02,2.906266075742663588e+02,3.239057438900160832e+02,2.904990061304458777e+02,2.866325459849483650e+02,2.892037709903428322e+02,2.782084341954752063e+02,2.781326836674984975e+02,2.769674490673906462e+02,2.771605936467854008e+02,2.793675305175854646e+02,2.767036023486431304e+02,1.555820676778237685e+05,2.388460034085410300e+01,1.729170945796931846e+01
4.600000000000000000e+02,6.040000000000000000e+03,2.751516072738593834e+02,2.832719945758661879e+02,2.907687131741434996e+02,3.239279883381287277e+02,2.905912487072196200e+02,2.865183254759029978e+02,2.898195239496629938e+02,2.783252674507043594e+02,2.782507412158313969e+02,2.770863265370178965e+02,2.772268325372451727e+02,2.794810054559820856e+02,2.768343814701773340e+02,1.556478148253433174e+05,2.389714790723149207e+01,1.732243067270323778e+01
4.700000000000000000e+02,6.050000000000000000e+03,2.752026861444921906e+02,2.833987959026734984e+02,2.909101718666303213e+02,3.239441441005541265e+02,2.906820791808155491e+02,2.864067628987625085e+02,2.904376094434401807e+02,2.784412419954230700e+02,2.783679478421726685e+02,2.772051745410640251e+02,2.772933596798814051e+02,2.795945821142952354e+02,2.769651445824223401e+02,1.557133552032833686e+05,2.390708100657604263e+01,1.735304070828038192e+01
4.800000000000000000e+02,6.060000000000000000e+03,2.752541147230077740e+02,2.835254915993922964e+02,2.910509214880337368e+02,3.239542073852956605e+02,2.907714703068406266e+02,2.862977485411818179e+02,2.910577689778394870e+02,2.785563298609324079e+02,2.784842754724794531e+02,2.773239864326992574e+02,2.773601699100977385e+02,2.797082554583336105e+02,2.770958842391509052e+02,1.557786639036613342e+05,2.391439837946503388e+01,1.738352581803309960e+01
4.900000000000000000e+02,6.070000000000000000e+03,2.753058915661172250e+02,2.836520603369033324e+02,2.911909003137576519e+02,3.239581742954219408e+02,2.908593947607812424e+02,2.861911751928819285e+02,2.916797465348569176e+02,2.786705028548665837e+02,2.785996958097372271e+02,2.774427550537071738e+02,2.774272577794498602e+02,2.798220199687168588e+02,2.772265924914002539e+02,1.558437161466239486e+05,2.391909909812500601e+01,1.741387225959989848e+01
5.000000000000000000e+02,6.080000000000000000e+03,2.753580151271328305e+02,2.837784798490800995e+02,2.913300470651590786e+02,3.239560408390756265e+02,2.909458251554305548e+02,2.860869380653351186e+02,2.923032886059386328e+02,2.787837325817128544e+02,2.787141803541851459e+02,2.775614727424011789e+02,2.774946175622208102e+02,2.799358696473595387e+02,2.773572608939896327e+02,1.559084872837935691e+05,2.392118256654945796e+01,1.744406629011168874e+01
5.100000000000000000e+02,6.090000000000000000e+03,2.754104837533749901e+02,2.839047269801936864e+02,2.914683009170530568e+02,3.239478029382019031e+02,2.910307340589162095e+02,2.859849347161035666e+02,2.929281442278282839e+02,2.788959904624466617e+02,2.788277004233020193e+02,2.776801313409396244e+02,2.775622432617507229e+02,2.800497980193607646e+02,2.774878805119759022e+02,1.559729528016258555e+05,2.392064852057434976e+01,1.747409416207798927e+01
5.200000000000000000e+02,6.100000000000000000e+03,2.754632956833515323e+02,2.840307777317822229e+02,2.916056015038476517e+02,3.239334564402245746e+02,2.911140940080482551e+02,2.858850649752291702e+02,2.935540650191391023e+02,2.790072477541099261e+02,2.789402271712582433e+02,2.777987222021890261e+02,2.776301286154463241e+02,2.801637981405805249e+02,2.776184419266592158e+02,1.560370883247692254e+05,2.391749702791165078e+01,1.750394211977196335e+01
5.300000000000000000e+02,6.110000000000000000e+03,2.755164490445234264e+02,2.841566073099509140e+02,2.917418889234252219e+02,3.239129971238078838e+02,2.911958775259753338e+02,2.857872308762459284e+02,2.941808052176604633e+02,2.791174755678926545e+02,2.790517316069308436e+02,2.779172361966981271e+02,2.776982671023764624e+02,2.802778626117090539e+02,2.777489352421523563e+02,1.561008696196418023e+05,2.391172848814072438e+01,1.753359639621583455e+01
5.400000000000000000e+02,6.120000000000000000e+03,2.755699418507578571e+02,2.842821901658418255e+02,2.918771037515459739e+02,3.238864207105650621e+02,2.912760571390230666e+02,2.856913365891971353e+02,2.948081217231294886e+02,2.792266448879958034e+02,2.791621846124176045e+02,2.780356637163952200e+02,2.777666519415574271e+02,2.803919835587407761e+02,2.778793500909836212e+02,1.561642725977098453e+05,2.390334363265767692e+01,1.756304321095860033e+01
5.500000000000000000e+02,6.130000000000000000e+03,2.756237719993593487e+02,2.844075000253043868e+02,2.920111870416836837e+02,3.238537228725624573e+02,2.913546053889414225e+02,2.855972883571251941e+02,2.954357741351387290e+02,2.793347265877627592e+02,2.792715569598155980e+02,2.781539946939332140e+02,2.778352761015309511e+02,2.805061526569863872e+02,2.780096756402043070e+02,1.562272733190024446e+05,2.389234352458260346e+01,1.759226876814676643e+01
5.600000000000000000e+02,6.140000000000000000e+03,2.756779372695859252e+02,2.845325098419332903e+02,2.921440803334030534e+02,3.238148992410554001e+02,2.914314948478137808e+02,2.855049944346773714e+02,2.960635247950378357e+02,2.794416914469540529e+02,2.793798193260942639e+02,2.782722185897129066e+02,2.779041323006815674e+02,2.806203612265337597e+02,2.781399005926518839e+02,1.562898479956603260e+05,2.387872955862483337e+01,1.762125925518756020e+01
5.700000000000000000e+02,6.150000000000000000e+03,2.757324353193281468e+02,2.846571922618258554e+02,2.922757256594035198e+02,3.237699454155174408e+02,2.915066981319104684e+02,2.854143650306455129e+02,2.966911388274673982e+02,2.795475101694892714e+02,2.794869423175416614e+02,2.783903244156728647e+02,2.779732130220635327e+02,2.807345998400327289e+02,2.782700132133574016e+02,1.563519729954098584e+05,2.386250346090604069e+01,1.765000084235875377e+01
5.800000000000000000e+02,6.160000000000000000e+03,2.757872636832187254e+02,2.847815189754072662e+02,2.924060655493115064e+02,3.237188569713738957e+02,2.915801879131132637e+02,2.853253122561192185e+02,2.973183841825916147e+02,2.796521533977387435e+02,2.795928964753025525e+02,2.785083007337525487e+02,2.780425105014116980e+02,2.808488589288613184e+02,2.784000013047286188e+02,1.564136248449725099e+05,2.384366728874145380e+01,1.767847968238702805e+01
5.900000000000000000e+02,6.170000000000000000e+03,2.758424197703593563e+02,2.849054612286012116e+02,2.925350430432475832e+02,3.236616294684698687e+02,2.916519369375849919e+02,2.852377500525054757e+02,2.979450316779839341e+02,2.797555917277143180e+02,2.796976522947310286e+02,2.786261356659533703e+02,2.781120167399708407e+02,2.809631283803802262e+02,2.785298522356314948e+02,1.564747802336327150e+05,2.382222343037895129e+01,1.770668191059589347e+01
6.000000000000000000e+02,6.180000000000000000e+03,2.758979008617031354e+02,2.850289897327945710e+02,2.926626016878215637e+02,3.235982584593907632e+02,2.917219180305288546e+02,2.851515941678893569e+02,2.985708550412616091e+02,2.798577957242458751e+02,2.798011802407226014e+02,2.787438168972379913e+02,2.781817235038864169e+02,2.810773976447069344e+02,2.786595529376471632e+02,1.565354160166439833e+05,2.379817460469627832e+01,1.773459364622161871e+01
6.100000000000000000e+02,6.190000000000000000e+03,2.759537041078046968e+02,2.851520746962972339e+02,2.927886855471573426e+02,3.235287394965788508e+02,2.917901041120697414e+02,2.850667620897582992e+02,2.991956309510709389e+02,2.799587359354263185e+02,2.799034507616153178e+02,2.788613316887472138e+02,2.782516223325319515e+02,2.811916557375163848e+02,2.787890899144860555e+02,1.565955092187089613e+05,2.377152386085631619e+01,1.776220099347162318e+01
6.200000000000000000e+02,6.200000000000000000e+03,2.760098265275624954e+02,2.852746858553776406e+02,2.929132392095988280e+02,3.234530681412089734e+02,2.918564682088350537e+02,2.849831730025326806e+02,2.998191390795154234e+02,2.800583829064241854e+02,2.800044343032847109e+02,2.789786668798819278e+02,2.783217045370568030e+02,2.813058912427255223e+02,2.789184492466574739e+02,1.566550370374628692e+05,2.374227457792048313e+01,1.778949004349399843e+01
6.300000000000000000e+02,6.210000000000000000e+03,2.760662650045156852e+02,2.853967925049072392e+02,2.930362077912685663e+02,3.233712399699215894e+02,2.919209834646251807e+02,2.849007477423098180e+02,3.004411621319504775e+02,2.801567071933504280e+02,2.801041013220699369e+02,2.790958088957236214e+02,2.783919612048320005e+02,2.814200923179768097e+02,2.790476166018911499e+02,1.567139768467396498e+05,2.371043046442029123e+01,1.781644687662343429e+01
6.400000000000000000e+02,6.220000000000000000e+03,2.761230162865390980e+02,2.855183635220710130e+02,2.931575369442784904e+02,3.232832505835147572e+02,2.919836231519140597e+02,2.848194087539458224e+02,3.010614858883450893e+02,2.802536793761149170e+02,2.802024222985673418e+02,2.792127437547335944e+02,2.784623832027408525e+02,2.815342466983864824e+02,2.791765772353533066e+02,1.567723062001253711e+05,2.367599555788713417e+01,1.784305756526636344e+01
6.500000000000000000e+02,6.230000000000000000e+03,2.761800769820234223e+02,2.856393674011315511e+02,2.932771728579670025e+02,3.231890956139342279e+02,2.920443606804715273e+02,2.847390800479898303e+02,3.016798992416732972e+02,2.803492700709160772e+02,2.802993677498531611e+02,2.793294570840043889e+02,2.785329611795835945e+02,2.816483416984820565e+02,2.793053160001993547e+02,1.568300028340895660e+05,2.363897422434039441e+01,1.786930817696551799e+01
6.600000000000000000e+02,6.240000000000000000e+03,2.762374435594219335e+02,2.857597722757151928e+02,2.933950622700588156e+02,3.230887707318521507e+02,2.921031696105287665e+02,2.846596871632932562e+02,3.022961942367978736e+02,2.804434499434100871e+02,2.803949082419418914e+02,2.794459341083138497e+02,2.786036855691990581e+02,2.817623642174044676e+02,2.794338173527152094e+02,1.568870446714228019e+05,2.359937115773384875e+01,1.789518477824156406e+01
6.700000000000000000e+02,6.250000000000000000e+03,2.762951123448359567e+02,2.858795459458639243e+02,2.935111524678893034e+02,3.229822716541837622e+02,2.921600236607388297e+02,2.845811571270551212e+02,3.029101661071338185e+02,2.805361897202044474e+02,2.804890144022617164e+02,2.795621596724582787e+02,2.786745465934869799e+02,2.818763007420490112e+02,2.795620653594062333e+02,1.569434098244721245e+05,2.355719137936052476e+01,1.792067343856391304e+01
6.800000000000000000e+02,6.260000000000000000e+03,2.763530795197344219e+02,2.859986559018935850e+02,2.936253912724465636e+02,3.228695941514903325e+02,2.922148967019193151e+02,2.845034184737866099e+02,3.035216133106565621e+02,2.806274602005202041e+02,2.805816569271475487e+02,2.796781182443692160e+02,2.787455342644734060e+02,2.819901373505872471e+02,2.796900437026002919e+02,1.569990765981965233e+05,2.351244023721604748e+01,1.794576023555372046e+01
6.900000000000000000e+02,6.270000000000000000e+03,2.764113411197890855e+02,2.861170693513132051e+02,2.937377271376506656e+02,3.227507340548120283e+02,2.922677628315503853e+02,2.844264009838522043e+02,3.041303375642394826e+02,2.807172322679637659e+02,2.806728066053487964e+02,2.797937939212035872e+02,2.788166383884214383e+02,2.821038597205613883e+02,2.798177356911846800e+02,1.570540234935146000e+05,2.346512340532056839e+01,1.797043125682696996e+01
7.000000000000000000e+02,6.280000000000000000e+03,2.764698930334687930e+02,2.862347532397216696e+02,2.938481090028072913e+02,3.226256872623891923e+02,2.923185962853441424e+02,2.843500360032785466e+02,3.047361438764719423e+02,2.808054769013272107e+02,2.807624343148528965e+02,2.799091704393986220e+02,2.788878485675323873e+02,2.822174531262262462e+02,2.799451242608660095e+02,1.571082292102130596e+05,2.341524688299936585e+01,1.799467260978359917e+01
7.100000000000000000e+02,6.290000000000000000e+03,2.765287309995937335e+02,2.863516742748412298e+02,2.939564864115128557e+02,3.224944497496539952e+02,2.923673715088313543e+02,2.842742561585404246e+02,3.053388405787041506e+02,2.808921651857543793e+02,2.808505110395810220e+02,2.800242311797087496e+02,2.789591542032649159e+02,2.823309024487696206e+02,2.800721919882570319e+02,1.571616726500208024e+05,2.336281699412214508e+01,1.801847042410344102e+01
7.200000000000000000e+02,6.300000000000000000e+03,2.765878506066875389e+02,2.864677989477258961e+02,2.940628094812035442e+02,3.223570175733213432e+02,2.924140631529464827e+02,2.841989953996923077e+02,3.059382393546145522e+02,2.809772683222635123e+02,2.809370078801220529e+02,2.801389591765640148e+02,2.790305444994400546e+02,2.824441921785458476e+02,2.801989210915765511e+02,1.572143329195639235e+05,2.330784038630128663e+01,1.804181085834492393e+01
7.300000000000000000e+02,6.310000000000000000e+03,2.766472472910234046e+02,2.865830935541891336e+02,2.941670289096999795e+02,3.222133868791330542e+02,2.924586460814440443e+02,2.841241889661915820e+02,3.065341552676161996e+02,2.810607576387990321e+02,2.810218960633421830e+02,2.802533371255570955e+02,2.791020084650466515e+02,2.825573064200692670e+02,2.803252934412194577e+02,1.572661893332431500e+05,2.325032403004895087e+01,1.806468010617438580e+01
7.400000000000000000e+02,6.320000000000000000e+03,2.767069163359453228e+02,2.866975242162298514e+02,2.942690959785576297e+02,3.220635539092178874e+02,2.925010953773886513e+02,2.840497733569974343e+02,3.071264067861832245e+02,2.811426045997809524e+02,2.811051469521972308e+02,2.803673473914126362e+02,2.791735349174904286e+02,2.826702288985275118e+02,2.804512905696669236e+02,1.573172214160267322e+05,2.319027521789331558e+01,1.808706440273561356e+01
7.500000000000000000e+02,6.330000000000000000e+03,2.767668528696796670e+02,2.868110569021657170e+02,2.943689625591290451e+02,3.219075150088939949e+02,2.925413863526058549e+02,2.839756863042664463e+02,3.077148158075884794e+02,2.812227808156908964e+02,2.811867320555871288e+02,2.804809720161856603e+02,2.792451124855645048e+02,2.827829429629910010e+02,2.805768936747007274e+02,1.573674089061755221e+05,2.312770156345390049e+01,1.810895003152210592e+01
7.600000000000000000e+02,6.340000000000000000e+03,2.768270518656718764e+02,2.869236574455924824e+02,2.944665811179718276e+02,3.217452666339020197e+02,2.925794945540543495e+02,2.839018667414488846e+02,3.082992076788426630e+02,2.813012580526414013e+02,2.812666230385532344e+02,2.805941927273987631e+02,2.793167296126525230e+02,2.828954315934049077e+02,2.807020836291345631e+02,1.574167317579327500e+05,2.306261100047630919e+01,1.813032333120172623e+01
7.700000000000000000e+02,6.350000000000000000e+03,2.768875081400233853e+02,2.870352915647340524e+02,2.945619047109523763e+02,3.215768053555952974e+02,2.926153957717459662e+02,2.838282548017396039e+02,3.088794112162248666e+02,2.813780082412248476e+02,2.813447917251417607e+02,2.807069909467039679e+02,2.793883745604404112e+02,2.830076774049200026e+02,2.808268409882557535e+02,1.574651701440099569e+05,2.299501178182622496e+01,1.815117070320757620e+01
7.800000000000000000e+02,6.360000000000000000e+03,2.769482163518515563e+02,2.871459248815003775e+02,2.946548870057756631e+02,3.214021278695714727e+02,2.926490660456416890e+02,2.837547917496134460e+02,3.094552587217492601e+02,2.814530034856855991e+02,2.814212101184524499e+02,2.808193477980370290e+02,2.794600354112814102e+02,2.831196626576376048e+02,2.809511459978164680e+02,1.575127044581614318e+05,2.292491247844310465e+01,1.817147861854635948e+01
7.900000000000000000e+02,6.370000000000000000e+03,2.770091710018984372e+02,2.872555229378555168e+02,2.947454822711798670e+02,3.212212310022056272e+02,2.926804816726169634e+02,2.836814199922184798e+02,3.100265859978204617e+02,2.815262160722015778e+02,2.814958504006671092e+02,2.809312441164314578e+02,2.795317000736400814e+02,2.832313692561393736e+02,2.810749786020700185e+02,1.575593153175055631e+05,2.285232197825338218e+01,1.819123362587144754e+01
8.000000000000000000e+02,6.380000000000000000e+03,2.770703664319453310e+02,2.873640512186660771e+02,2.948336453842922538e+02,3.210341117165434071e+02,2.927096192124513436e+02,2.836080830423752559e+02,3.105932323592025455e+02,2.815976184779419214e+02,2.815686849437926185e+02,2.810426604569879601e+02,2.796033562837466206e+02,2.833427787641617215e+02,2.811983184525932984e+02,1.576049835648684530e+05,2.277724948504363667e+01,1.821042235903504647e+01
8.100000000000000000e+02,6.390000000000000000e+03,2.771317968245937209e+02,2.874714751612158352e+02,2.949193318362083573e+02,3.208407671174600182e+02,2.927364554961697536e+02,2.835347255003193823e+02,3.111550406426412110e+02,2.816671833762507049e+02,2.816396863215643407e+02,2.811535771033410356e+02,2.796749916102867246e+02,2.834538724048250060e+02,2.813211449158437745e+02,1.576496902709879796e+05,2.269970451729358984e+01,1.822903154508218293e+01
8.200000000000000000e+02,6.400000000000000000e+03,2.771934562022265709e+02,2.875777601794385419e+02,2.950024977315424053e+02,3.206411944625514820e+02,2.927609676284832858e+02,2.834612930287578365e+02,3.117118572142298945e+02,2.817348836505354939e+02,2.817088273068787885e+02,2.812639740769666332e+02,2.797465934582031082e+02,2.835646310712530749e+02,2.814434370933026344e+02,1.576934167366369220e+05,2.261969690696929547e+01,1.824704801208915228e+01
8.300000000000000000e+02,6.410000000000000000e+03,2.772553384274843893e+02,2.876828716728153950e+02,2.950830997812728924e+02,3.204353911676692519e+02,2.927831329979154589e+02,2.833877323914181829e+02,3.122635319742609568e+02,2.818006923943937636e+02,2.817760808789861926e+02,2.813738311465079391e+02,2.798181490714551956e+02,2.836750353325016931e+02,2.815651737830942807e+02,1.577361444946730917e+05,2.253723679827649562e+01,1.826445869856267024e+01
8.400000000000000000e+02,6.420000000000000000e+03,2.773174372024531635e+02,2.877867750646071272e+02,2.951610953442891514e+02,3.202233548068736582e+02,2.928029292784668769e+02,2.833139912794788984e+02,3.128099183566091028e+02,2.818645829299898651e+02,2.818414202546873639e+02,2.814831278369979373e+02,2.798896455438188013e+02,2.837850654430671966e+02,2.816863335668099353e+02,1.577778553119394928e+05,2.245233464637444598e+01,1.828125065873615185e+01
8.500000000000000000e+02,6.430000000000000000e+03,2.773797460687733860e+02,2.878894357378952122e+02,2.952364424309059814e+02,3.200050831266948421e+02,2.928203344506039798e+02,2.832400183752932890e+02,3.133508733377990438e+02,2.819265288020848743e+02,2.819048188943426680e+02,2.815918434372802039e+02,2.799610698081430087e+02,2.838947013466835188e+02,2.818068947556924968e+02,1.578185311910989112e+05,2.236500121605033797e+01,1.829741107303242131e+01
8.600000000000000000e+02,6.440000000000000000e+03,2.774422584080234628e+02,2.879908192028730127e+02,2.953090995623562662e+02,3.197805740479544738e+02,2.928353267770331740e+02,2.831657635612061767e+02,3.138862574186455277e+02,2.819865037942598747e+02,2.819662504278595065e+02,2.816999570146003862e+02,2.800324086560843853e+02,2.840039226900862559e+02,2.819268354268735379e+02,1.578581543724326184e+05,2.227524758035436747e+01,1.831292725811764655e+01
8.700000000000000000e+02,6.450000000000000000e+03,2.775049674414062792e+02,2.880908909420127202e+02,2.953790260125127816e+02,3.195498256749823440e+02,2.928478848368359877e+02,2.830911774709675797e+02,3.144159346350771784e+02,2.820444819288963458e+02,2.820256887888586448e+02,2.818074474179437630e+02,2.801036487346901254e+02,2.841127088275300139e+02,2.820461334233572188e+02,1.578967073354068561e+05,2.218308511919581605e+01,1.832778667080895474e+01
8.800000000000000000e+02,6.460000000000000000e+03,2.775678662304062527e+02,2.881896165548824911e+02,2.954461816369657186e+02,3.193128362996684473e+02,2.928579875085042659e+02,2.830162117655837051e+02,3.149397725370706667e+02,2.821004374851152079e+02,2.820831081412913477e+02,2.819142932921785132e+02,2.801747765526862395e+02,2.842210388381685675e+02,2.821647663665826258e+02,1.579341728002751479e+05,2.208852551790017316e+01,1.834197691901676208e+01
8.900000000000000000e+02,6.470000000000000000e+03,2.776309476774218865e+02,2.882869616756188407e+02,2.955105269486444968e+02,3.190696044112404479e+02,2.928656140006954729e+02,2.829408190373004572e+02,3.154576421889951234e+02,2.821543449936560819e+02,2.821384829046103846e+02,2.820204730810336287e+02,2.802457784853633029e+02,2.843288915085015560e+02,2.822827116615853811e+02,1.579705337296006328e+05,2.199158076572754794e+01,1.835548577024277250e+01
9.000000000000000000e+02,6.480000000000000000e+03,2.776942045256328129e+02,2.883828921102539198e+02,2.955720230636418364e+02,3.188201286982829288e+02,2.928707438213393743e+02,2.828649527946927833e+02,3.159694181461785547e+02,2.822061792480872100e+02,2.821917877575700118e+02,2.821259650636283141e+02,2.803166407819912251e+02,2.844362453780742612e+02,2.823999465271133431e+02,1.580057733292654739e+05,2.189226315435254122e+01,1.836830115820944798e+01
9.100000000000000000e+02,6.490000000000000000e+03,2.777576293605000046e+02,2.884773736981094316e+02,2.956306317669075270e+02,3.185644080568322352e+02,2.928733568203463165e+02,2.827885674649695602e+02,3.164749784484107522e+02,2.822559153103313747e+02,2.822429976465583081e+02,2.822307473200248751e+02,2.803873495626428962e+02,2.845430787308519029e+02,2.825164479717859649e+02,1.580398750502429612e+05,2.179058527630580500e+01,1.838041119293536241e+01
9.200000000000000000e+02,6.500000000000000000e+03,2.778212146104452813e+02,2.885703724239671715e+02,2.956863154758190149e+02,3.183024415965371645e+02,2.928734331714645123e+02,2.827116183601130501e+02,3.169742045985383925e+02,2.823035285174402702e+02,2.822920877908795205e+02,2.823347977731567084e+02,2.804578908316979664e+02,2.846493696010691110e+02,2.826321928278442783e+02,1.580728225893832569e+05,2.168656002337738187e+01,1.839180416779788629e+01
9.300000000000000000e+02,6.510000000000000000e+03,2.778849525470624826e+02,2.886618544293753530e+02,2.957390372428173464e+02,3.180342286441967872e+02,2.928709533814487713e+02,2.826340616761417550e+02,3.174669815391710586e+02,2.823489944844057504e+02,2.823390336887160288e+02,2.824380941938492242e+02,2.805282504795071077e+02,2.847550957907684506e+02,2.827471577532265883e+02,1.581045998905870365e+05,2.158020058498218674e+01,1.840246856755151939e+01
9.400000000000000000e+02,6.520000000000000000e+03,2.779488352876250019e+02,2.887517859423779214e+02,2.957887607821780307e+02,3.177597687572610994e+02,2.928658982940862074e+02,2.825558544633416318e+02,3.179531976422074422e+02,2.823922891141668288e+02,2.823838111220219389e+02,2.825406142039514066e+02,2.805984142861602777e+02,2.848602348768595789e+02,2.828613192496096644e+02,1.581351911457926035e+05,2.147152044648770541e+01,1.841239307667748193e+01
9.500000000000000000e+02,6.530000000000000000e+03,2.780128547946953290e+02,2.888401334066221011e+02,2.958354504407111563e+02,3.174790617213982955e+02,2.928582490960872633e+02,2.824769546243198874e+02,3.184327446685915675e+02,2.824333886006735383e+02,2.824263961626556920e+02,2.826423352944074168e+02,2.806683679288971689e+02,2.849647642229911639e+02,2.829746536573364892e+02,1.581645807957795914e+05,2.136053338750415520e+01,1.842156658660265123e+01
9.600000000000000000e+02,6.540000000000000000e+03,2.780770028788515447e+02,2.889268634223401477e+02,2.958790712145359976e+02,3.171921075602452902e+02,2.928479873179678634e+02,2.823973209004054752e+02,3.189055177500409854e+02,2.824722694329539081e+02,2.824667651770407133e+02,2.827432348320241999e+02,2.807380969872679088e+02,2.850686609899432824e+02,2.830871371806678667e+02,1.581927535310157691e+05,2.124725348013740245e+01,1.842997820347815718e+01
9.700000000000000000e+02,6.550000000000000000e+03,2.781412711993359608e+02,2.890119427711764502e+02,2.959195887514166543e+02,3.168989065412742434e+02,2.928350948417817108e+02,2.823169128515017405e+02,3.193714153585183908e+02,2.825089084017668029e+02,2.825048948310328001e+02,2.828432900706360442e+02,2.808075869479407629e+02,2.851719021462303090e+02,2.831987458911098088e+02,1.582196942922950257e+05,2.113169508720470802e+01,1.843761725560952414e+01
9.800000000000000000e+02,6.560000000000000000e+03,2.782056512660859084e+02,2.890953384330169911e+02,2.959569693440782316e+02,3.165994591813728789e+02,2.928195539003979775e+02,2.822356908574328145e+02,3.198303392750959233e+02,2.825432826027858937e+02,2.825407620951006038e+02,2.829424781616983182e+02,2.808768232102130469e+02,2.852744644801528580e+02,2.833094557392537922e+02,1.582453882713642670e+05,2.101387286041370217e+01,1.844447330085834125e+01
9.900000000000000000e+02,6.570000000000000000e+03,2.782701344408984596e+02,2.891770175936403575e+02,2.959911799389164457e+02,3.162937662528472629e+02,2.928013470842814741e+02,2.821536160904400958e+02,3.202821945565034412e+02,2.825753694440251138e+02,2.825743442487550396e+02,2.830407761652564886e+02,2.809457910919397818e+02,2.853763246102101903e+02,2.834192425653445753e+02,1.582698209113886696e+05,2.089380173850464573e+01,1.845053613350928501e+01
1.000000000000000000e+03,6.580000000000000000e+03,2.783347119403359784e+02,2.892569476578955801e+02,2.960221881308234515e+02,3.159818287892207991e+02,2.927804573430339019e+02,2.820706505157171478e+02,3.207268895000576663e+02,2.826051466477613303e+02,2.826056188849241835e+02,2.831381610607294306e+02,2.810144758346406206e+02,2.854774589972927856e+02,2.835280821098092474e+02,1.582929779074291582e+05,2.077149694535638247e+01,1.845579579125672964e+01
1.010000000000000000e+03,6.590000000000000000e+03,2.783993748364062526e+02,2.893350962588424409e+02,2.960499621661887204e+02,3.156636480911281524e+02,2.927568679894857837e+02,2.819867568756970968e+02,3.211643356067374953e+02,2.826325922560802155e+02,2.826345639144408324e+02,2.832346097571096379e+02,2.810828626105769672e+02,2.855778439558791888e+02,2.836359500241122760e+02,1.583148452067278849e+05,2.064697398805604678e+01,1.846024256185022239e+01
1.020000000000000000e+03,6.600000000000000000e+03,2.784641140596640412e+02,2.894114312712643482e+02,2.960744709422737628e+02,3.153392257320044223e+02,2.927305627019665621e+02,2.819018986797352113e+02,3.215944475421334232e+02,2.826576846346207503e+02,2.826611575699845389e+02,2.833300991045363162e+02,2.811509365268204874e+02,2.856774556659852919e+02,2.837428218815410332e+02,1.583354090089541278e+05,2.052024865493295280e+01,1.846386698942721694e+01
1.030000000000000000e+03,6.610000000000000000e+03,2.785289204008203114e+02,2.894859208205716641e+02,2.960956840079684866e+02,3.150085635637662449e+02,2.927015255278065524e+02,2.818160401940441488e+02,3.220171430961772785e+02,2.826804024768802037e+02,2.826853784104326905e+02,2.834246059046379287e+02,2.812186826317556552e+02,2.857762701853174008e+02,2.838486731872256996e+02,1.583546557663973654e+05,2.039133701355676820e+01,1.846665988077973353e+01
1.040000000000000000e+03,6.620000000000000000e+03,2.785937845133359474e+02,2.895585332912442027e+02,2.961135715634035250e+02,3.146716637226476223e+02,2.926697408858370864e+02,2.817291464314929499e+02,3.224323431409063687e+02,2.827007248080535646e+02,2.827072053240537457e+02,2.835181069217371714e+02,2.812860859215301161e+02,2.858742634609513971e+02,2.839534793911820998e+02,1.583725721840476908e+05,2.026025540870030639e+01,1.846861231123681790e+01
1.050000000000000000e+03,6.630000000000000000e+03,2.786586969156640521e+02,2.896292373420420176e+02,2.961281044595930325e+02,3.143285286350363776e+02,2.926351935688340404e+02,2.816411831418632232e+02,3.228399715866449924e+02,2.827186309886604363e+02,2.827266175328030613e+02,2.836105788932834457e+02,2.813531313432533238e+02,2.859714113417726367e+02,2.840572158970894066e+02,1.583891452195761958e+05,2.012702046026713276e+01,1.846971563033759622e+01
1.060000000000000000e+03,6.640000000000000000e+03,2.787236479937890294e+02,2.896980019111542788e+02,2.961392541977238579e+02,3.139791610222808345e+02,2.925978687463614278e+02,2.815521168026356804e+02,3.232399553369334058e+02,2.827341007181174746e+02,2.827435945955436978e+02,2.837019985409706351e+02,2.814198038064206457e+02,2.860676895906582331e+02,2.841598580739977251e+02,1.584043620833145105e+05,1.999164906118437912e+01,1.846996146726120713e+01
1.070000000000000000e+03,6.650000000000000000e+03,2.787886280041172427e+02,2.897647962187877511e+02,2.961469929319096082e+02,3.136235639086935407e+02,2.925577519668300965e+02,2.814619146089133892e+02,3.236322242427798983e+02,2.827471140381776422e+02,2.827581164114758394e+02,2.837923425809848368e+02,2.814860881829769141e+02,2.861630738967497791e+02,2.842613812666132844e+02,1.584182102380647557e+05,1.985415837526081262e+01,1.846934173603014528e+01
1.080000000000000000e+03,6.660000000000000000e+03,2.788536270759687454e+02,2.898295897964990218e+02,2.961512934621922568e+02,3.132617406233783868e+02,2.925148291597338357e+02,2.813705444671269333e+02,3.240167110535801385e+02,2.827576513363034110e+02,2.827701632233229248e+02,2.838815877359727438e+02,2.815519693162804060e+02,2.862575398878129818e+02,2.843617608066724642e+02,1.584306773989621724e+05,1.971456583501068138e+01,1.846784864027955564e+01
1.090000000000000000e+03,6.670000000000000000e+03,2.789186352142890541e+02,2.898923524792392641e+02,2.961521292403421057e+02,3.128936948093836463e+02,2.924690866380329908e+02,2.812779749801952676e+02,3.243933513689833035e+02,2.827656933484792035e+02,2.827797156204778730e+02,2.839697107445002757e+02,2.816174320264051403e+02,2.863510631426548798e+02,2.844609720240782735e+02,1.584417515331063187e+05,1.957288913944341857e+01,1.846547467783133101e+01
1.100000000000000000e+03,6.680000000000000000e+03,2.789836423028046966e+02,2.899530544189286729e+02,2.961494743642715548e+02,3.125194304269600707e+02,2.924205110996084613e+02,2.811841754471051331e+02,3.247620835888432680e+02,2.827712211623338021e+02,2.827867545418179134e+02,2.840566883728036487e+02,2.816824611159050846e+02,2.864436192037385354e+02,2.845589902571586549e+02,1.584514208592799259e+05,1.942914625181955302e+01,1.846221264510040072e+01
1.110000000000000000e+03,6.690000000000000000e+03,2.790486381071094115e+02,2.900116660938037398e+02,2.961433035795724891e+02,3.121389517601867283e+02,2.923690896294340291e+02,2.810891158490663884e+02,3.251228488622957684e+02,2.827742162201146243e+02,2.827912612785740976e+02,2.841424974243131487e+02,2.817470413761161012e+02,2.865351835892214467e+02,2.846557908640787105e+02,1.584596738475576858e+05,1.928335539737318172e+01,1.845805564103419272e+01
1.120000000000000000e+03,6.700000000000000000e+03,2.791136122768437531e+02,2.900681583205224570e+02,2.961335922770940670e+02,3.117522634223960267e+02,2.923148097012366975e+02,2.809927668435493615e+02,3.254755910356437880e+02,2.827746603210762260e+02,2.827932174755250685e+02,2.842271147517969894e+02,2.818111575914942932e+02,2.866257318071103555e+02,2.847513492313794359e+02,1.584664992187607859e+05,1.913553506100114987e+01,1.845299707084727459e+01
1.130000000000000000e+03,6.710000000000000000e+03,2.791785543506875342e+02,2.901225022418161643e+02,2.961203164923257418e+02,3.113593703609378736e+02,2.922576591787262146e+02,2.808950997555039066e+02,3.258202565998211071e+02,2.827725356243082615e+02,2.827926051398518439e+02,2.843105172660784774e+02,2.818747945492549434e+02,2.867152393635624321e+02,2.848456407917460069e+02,1.584718859440122033e+05,1.898570398491933986e+01,1.844703064953527161e+01
1.140000000000000000e+03,6.720000000000000000e+03,2.792434537577032074e+02,2.901746693642002128e+02,2.961034529046157218e+02,3.109602778643841248e+02,2.921976263175815234e+02,2.807960865705595097e+02,3.261567946373867244e+02,2.827678246510450890e+02,2.827894066334287686e+02,2.843926819462300841e+02,2.819379370409011472e+02,2.868036817794277340e+02,2.849386410244525223e+02,1.584758232441181899e+05,1.883388116628637121e+01,1.844015040491985147e+01
1.150000000000000000e+03,6.730000000000000000e+03,2.793082998220156696e+02,2.902246315512646788e+02,2.960829788342412030e+02,3.105549915651833430e+02,2.921346997678678576e+02,2.806956999271004634e+02,3.264851567687056786e+02,2.827605102871530107e+02,2.827836046819239186e+02,2.844735858453408355e+02,2.820005698703150756e+02,2.868910346009165551e+02,2.850303254735013070e+02,1.584783005889678025e+05,1.868008585479490691e+01,1.843235068053442660e+01
1.160000000000000000e+03,6.740000000000000000e+03,2.793730817652890437e+02,2.902723610316784288e+02,2.960588722348819033e+02,3.101435174476479233e+02,2.920688685689044632e+02,2.805939131093137462e+02,3.268052970929190906e+02,2.827505757838829368e+02,2.827751823754524594e+02,2.845532061339458778e+02,2.820626778577760660e+02,2.869772734122334441e+02,2.851206697552804030e+02,1.584793076968076057e+05,1.852433755023098882e+01,1.842362613786701075e+01
1.170000000000000000e+03,6.750000000000000000e+03,2.794377887107656306e+02,2.903178303981487716e+02,2.960311117073233618e+02,3.097258618525000884e+02,2.920001221609012987e+02,2.804907000397346337e+02,3.271171721416828859e+02,2.827380047619694778e+02,2.827641231701060747e+02,2.846315200475138454e+02,2.821242458507024367e+02,2.870623738473536264e+02,2.852096495699058210e+02,1.584788345335327322e+05,1.836665600000163323e+01,1.841397175924505802e+01
1.180000000000000000e+03,6.760000000000000000e+03,2.795024096866015952e+02,2.903610126279121459e+02,2.959996764831885230e+02,3.093020314822452406e+02,2.919284503782564570e+02,2.803860352723779101e+02,3.274207408173498379e+02,2.827227812122562227e+02,2.827504108900013193e+02,2.847085049473637355e+02,2.821852587219558472e+02,2.871463116030255378e+02,2.852972407111352595e+02,1.584768713119361782e+05,1.820706119663109490e+01,1.840338284937046254e+01
1.190000000000000000e+03,6.770000000000000000e+03,2.795669336294609479e+02,2.904018810809794786e+02,2.959645464301999027e+02,3.088720334065558859e+02,2.918538434498204879e+02,2.802798939851881528e+02,3.277159643400406708e+02,2.827048894976927613e+02,2.827340297293530398e+02,2.847841383139786444e+02,2.822457013801973176e+02,2.872290624492213169e+02,2.853834190770438681e+02,1.584734084908703226e+05,1.804557337522592775e+01,1.839185503707335556e+01
1.200000000000000000e+03,6.780000000000000000e+03,2.796313493881328327e+02,2.904404095094739660e+02,2.959257020427711495e+02,3.084358750678139813e+02,2.917762920075562647e+02,2.801722519774148168e+02,3.280028061890255913e+02,2.826843143548421722e+02,2.827149642533034353e+02,2.848583977575242443e+02,2.823055587742687749e+02,2.873106022428002007e+02,2.854681606793218975e+02,1.584684367743771290e+05,1.788221301090943882e+01,1.837938427677744357e+01
1.210000000000000000e+03,6.790000000000000000e+03,2.796956457272422085e+02,2.904765720610690778e+02,2.958831244475651374e+02,3.079935642863657677e+02,2.916957870802857542e+02,2.800630856562616486e+02,3.282812320495909830e+02,2.826610408955145886e+02,2.826931993998508119e+02,2.849312610274803319e+02,2.823648158985680539e+02,2.873909069381082872e+02,2.855514416560270092e+02,1.584619471108253056e+05,1.771700081622559964e+01,1.836596684955625491e+01
1.220000000000000000e+03,6.800000000000000000e+03,2.797598113309296650e+02,2.905103432897917060e+02,2.958367953975637192e+02,3.075451092662498240e+02,2.916123200948693466e+02,2.799523720354113152e+02,3.285512097564001692e+02,2.826350546078841717e+02,2.826687204813954963e+02,2.850027060218666293e+02,2.824234577985689043e+02,2.874699525985188870e+02,2.856332382776801069e+02,1.584539306919650990e+05,1.754995773851290153e+01,1.835159936397772640e+01
1.230000000000000000e+03,6.810000000000000000e+03,2.798238348068124992e+02,2.905416981549856814e+02,2.957866972695651384e+02,3.070905186000669573e+02,2.915258828776454720e+02,2.798400887277485367e+02,3.288127092379256169e+02,2.826063413580269525e+02,2.826415131854963079e+02,2.850727107979917037e+02,2.824814695761837129e+02,2.875477154096535060e+02,2.857135269596270746e+02,1.584443789519802085e+05,1.738110495724840376e+01,1.833627875667439966e+01
1.240000000000000000e+03,6.820000000000000000e+03,2.798877046896406000e+02,2.905706120326432256e+02,2.957328130620871889e+02,3.066298012750889939e+02,2.914364676545317252e+02,2.797262139388312789e+02,3.290657024601590592e+02,2.825748873908981977e+02,2.826115635763413820e+02,2.851412535795333270e+02,2.825388363949555810e+02,2.876241716884628090e+02,2.857922842710742088e+02,1.584332835665007005e+05,1.721046388136245042e+01,1.832000229264160396e+01
1.250000000000000000e+03,6.830000000000000000e+03,2.799514094452421773e+02,2.905970607175410123e+02,2.956751263922139970e+02,3.061629666779821264e+02,2.913440670514742123e+02,2.796107264610367338e+02,3.293101633715242542e+02,2.825406793313397884e+02,2.825788580956472060e+02,2.852083127668381053e+02,2.825955434851858286e+02,2.876992978953402940e+02,2.858694869448150371e+02,1.584206364515665337e+05,1.703805614652412714e+01,1.830276756527070958e+01
1.260000000000000000e+03,6.840000000000000000e+03,2.800149374740936992e+02,2.906210204288759655e+02,2.956136214925060699e+02,3.056900246006455291e+02,2.912486740949427713e+02,2.794936056677884153e+02,3.295460678471598612e+02,2.825037041850030732e+02,2.825433835635190007e+02,2.852738669466269812e+02,2.826515761487460168e+02,2.877730706452366576e+02,2.859451118861226746e+02,1.584064297625923646e+05,1.686390361239813984e+01,1.828457249614898927e+01
1.270000000000000000e+03,6.850000000000000000e+03,2.800782771160390894e+02,2.906424678137285582e+02,2.955482832089321619e+02,3.052109852456089811e+02,2.911502822108647024e+02,2.793748315074419111e+02,3.297733936345032930e+02,2.824639493391271117e+02,2.825051271792719376e+02,2.853378948984504291e+02,2.827069197645603253e+02,2.878454667182537605e+02,2.860191361833984161e+02,1.583906558933322958e+05,1.668802835987317223e+01,1.826541533455096200e+01
1.280000000000000000e+03,6.860000000000000000e+03,2.801414166532343870e+02,2.906613799550524391e+02,2.954790969951003490e+02,3.047258592307989602e+02,2.910488852256066821e+02,2.792543844961587638e+02,3.299921202984612023e+02,2.824214025632849712e+02,2.824640765266775020e+02,2.854003756049812637e+02,2.827615597931913953e+02,2.879164630696132008e+02,2.860915371147081601e+02,1.583733074747368228e+05,1.651045268826226575e+01,1.824529465680416962e+01
1.290000000000000000e+03,6.870000000000000000e+03,2.802043443146093864e+02,2.906777343665497710e+02,2.954060489182615470e+02,3.042346575970771596e+02,2.909444773651786704e+02,2.791322457194925164e+02,3.302022291676258874e+02,2.823760520103613771e+02,2.824202195553433512e+02,2.854612882596112513e+02,2.828154817810776080e+02,2.879860368421417434e+02,2.861622921607076933e+02,1.583543773739141761e+05,1.633119911247544209e+01,1.822420936513314871e+01
1.300000000000000000e+03,6.880000000000000000e+03,2.802670482802500374e+02,2.906915090145813565e+02,2.953291256417190880e+02,3.037373918111151170e+02,2.908370532553700514e+02,2.790083968156203014e+02,3.304037032802601175e+02,2.823278862141117429e+02,2.823735446114210959e+02,2.855206122744516506e+02,2.828686713667097479e+02,2.880541653734997567e+02,2.862313790078377451e+02,1.583338586929818557e+05,1.615029036016507646e+01,1.820215868671873238e+01
1.310000000000000000e+03,6.890000000000000000e+03,2.803295166844453092e+02,2.907026822992630741e+02,2.952483144322277440e+02,3.032340737720265906e+02,2.907266079208623069e+02,2.788828199773743108e+02,3.305965273316894582e+02,2.822768940950707020e+02,2.823240404166406847e+02,2.855783272905613899e+02,2.829211142834725479e+02,2.881208262078588405e+02,2.862987755625556474e+02,1.583117447678927565e+05,1.596774936884420271e+01,1.817914217217893480e+01
1.320000000000000000e+03,6.900000000000000000e+03,2.803917376204062748e+02,2.907112330745599138e+02,2.951636031534980020e+02,3.027247158171319938e+02,2.906131367854983409e+02,2.787554979449304255e+02,3.307806876217638319e+02,2.822230649561745395e+02,2.822716960744463677e+02,2.856344131815792480e+02,2.829727963651812388e+02,2.881859971052781475e+02,2.863644599568234526e+02,1.582880291673422034e+05,1.578359928297828318e+01,1.815515969391568873e+01
1.330000000000000000e+03,6.910000000000000000e+03,2.804536991437812503e+02,2.907171406431318701e+02,2.950749802630822387e+02,3.022093307271061349e+02,2.904966356709659294e+02,2.786264140018590751e+02,3.309561720031946379e+02,2.821663884845018515e+02,2.822165010694172906e+02,2.856888500666441359e+02,2.830237035497433453e+02,2.882496560509999313e+02,2.864284105559638078e+02,1.582627056915622670e+05,1.559786345105069572e+01,1.813021144431860066e+01
1.340000000000000000e+03,6.920000000000000000e+03,2.805153892775312556e+02,2.907203847696084154e+02,2.949824348078078629e+02,3.016879317312054809e+02,2.903771007967681044e+02,2.784955519676869358e+02,3.311229698304705380e+02,2.821068547518734704e+02,2.821584452687492330e+02,2.857416183098675901e+02,2.830738218846267955e+02,2.883117812646966058e+02,2.864906059682662089e+02,1.582357683712334838e+05,1.541056542260235318e+01,1.810429793367785578e+01
1.350000000000000000e+03,6.930000000000000000e+03,2.805767960145624897e+02,2.907209456687506872e+02,2.948859564236691426e+02,3.011605325142036236e+02,2.902545287791220971e+02,2.783628961953596104e+02,3.312810719097245737e+02,2.820444542118556797e+02,2.820975189209751193e+02,2.857926985343296451e+02,2.831231375292878738e+02,2.883723512095057799e+02,2.865510250518559019e+02,1.582072114661771047e+05,1.522172894524589459e+01,1.807741998798743666e+01
1.360000000000000000e+03,6.940000000000000000e+03,2.806379073229921914e+02,2.907188040202919979e+02,2.947855353271841068e+02,3.006271472205589816e+02,2.901289166304929950e+02,2.782284315633166329e+02,3.314304704491746065e+02,2.819791777051769941e+02,2.820337126564568848e+02,2.858420716270111939e+02,2.831716367603245317e+02,2.884313446005721175e+02,2.866096469226997669e+02,1.581770294643067173e+05,1.503137796165465545e+01,1.804957874654502703e+01
1.370000000000000000e+03,6.950000000000000000e+03,2.806987111495000136e+02,2.907139409631823810e+02,2.946811623195916354e+02,3.000877904611157874e+02,2.900002617587483655e+02,2.780921434733170372e+02,3.315711590104837683e+02,2.819110164478277056e+02,2.819670174875002431e+02,2.858897187457189375e+02,2.832193059752246427e+02,2.884887404138065108e+02,2.866664509620664489e+02,1.581452170803623158e+05,1.483953660652700179e+01,1.802077565916788160e+01
1.380000000000000000e+03,6.960000000000000000e+03,2.807591954233984097e+02,2.907063381026426327e+02,2.945728287647924049e+02,2.995424773167992498e+02,2.898685619655021242e+02,2.779540178409519058e+02,3.317031324609936291e+02,2.818399620604537859e+02,2.818974248095279336e+02,2.859356213250432575e+02,2.832661316963398122e+02,2.885445178932977797e+02,2.867214168235049669e+02,1.581117692547388142e+05,1.464622920352626423e+01,1.799101248396222630e+01
1.390000000000000000e+03,6.970000000000000000e+03,2.808193480608047139e+02,2.906959775101601622e+02,2.944605266149810632e+02,2.989912233471910099e+02,2.897338154461496060e+02,2.778140411005699661e+02,3.318263869266229449e+02,2.817660065246288923e+02,2.818249263899230641e+02,2.859797610833679755e+02,2.833121005732677986e+02,2.885986565603962504e+02,2.867745244415930301e+02,1.580766811522992793e+05,1.445148026219673199e+01,1.796029128350157933e+01
1.400000000000000000e+03,6.980000000000000000e+03,2.808791569683203306e+02,2.906828417253668704e+02,2.943442483832026255e+02,2.984340445956263466e+02,2.895960207889115736e+02,2.776722001872184364e+02,3.319409197461633312e+02,2.816891422125798954e+02,2.817495143873223924e+02,2.860221200277040907e+02,2.833571993885836946e+02,2.886511362201270003e+02,2.868257540329840367e+02,1.580399481611909578e+05,1.425531447485607295e+01,1.792861442246658754e+01
1.410000000000000000e+03,6.990000000000000000e+03,2.809386176832812794e+02,2.906671218384391295e+02,2.942282782802421934e+02,2.978882529140216775e+02,2.894770106666487663e+02,2.775308075110030472e+02,3.320490375076295777e+02,2.816122324990114976e+02,2.816740519578829662e+02,2.860627594988442866e+02,2.834014852217253519e+02,2.887020182084845601e+02,2.868751652128538581e+02,1.580040522327256331e+05,1.430890769909825622e+01,1.789850146251690788e+01
1.420000000000000000e+03,7.000000000000000000e+03,2.809977300292655968e+02,2.906490511382552313e+02,2.941151022185437114e+02,2.973570499122187130e+02,2.893808087752644269e+02,2.773908435338346408e+02,3.321517110460181357e+02,2.815361778944606499e+02,2.815994394008087056e+02,2.861017580238974460e+02,2.834450264339599812e+02,2.887513819175580352e+02,2.869228348630391565e+02,1.579696537764598324e+05,1.443025513845999441e+01,1.787010170781972462e+01
1.430000000000000000e+03,7.010000000000000000e+03,2.810564951949531292e+02,2.906288541435153547e+02,2.940054665475464617e+02,2.968391752459924078e+02,2.893058047343135968e+02,2.772526240781347724e+02,3.322492471242713918e+02,2.814611011527520077e+02,2.815257992593946597e+02,2.861391877272334341e+02,2.834878817666208306e+02,2.887992996101642120e+02,2.869688335480885826e+02,1.579367247266524646e+05,1.455018842295487502e+01,1.784309434722660370e+01
1.440000000000000000e+03,7.020000000000000000e+03,2.811149149378750280e+02,2.906067488931878415e+02,2.938995749586619581e+02,2.963338491112050406e+02,2.892509893814287807e+02,2.771163608350777849e+02,3.323418488250134715e+02,2.813870992042833450e+02,2.814532283759361349e+02,2.861751156916379273e+02,2.835301027040259783e+02,2.888458374374492337e+02,2.870132268664450521e+02,1.579052380662516225e+05,1.466869234618055273e+01,1.781735931604999479e+01
1.450000000000000000e+03,7.030000000000000000e+03,2.811729913526640985e+02,2.905829457779541372e+02,2.937974563098358658e+02,2.958404911801146113e+02,2.892155986428608685e+02,2.769822025061768613e+02,3.324296567289051154e+02,2.813142476226259987e+02,2.813818018435309227e+02,2.862096054254158162e+02,2.835717355719465900e+02,2.888910570982466766e+02,2.870560769752231636e+02,1.578751672713567386e+05,1.478575188296411191e+01,1.779283228974015785e+01
1.460000000000000000e+03,7.040000000000000000e+03,2.812307267929609225e+02,2.905576443000039717e+02,2.936990806556852931e+02,2.953586198796072608e+02,2.891989861699913149e+02,2.768502571213064698e+02,3.325127712841430139e+02,2.812426060621414763e+02,2.813115792178000447e+02,2.862427177769594664e+02,2.836128228446798403e+02,2.889350169354780746e+02,2.870974434217855560e+02,1.578464861409055884e+05,1.490135219126714361e+01,1.776946613458227375e+01
1.470000000000000000e+03,7.050000000000000000e+03,2.812881238406015996e+02,2.905310330602106319e+02,2.936043973636510600e+02,2.948878120742244278e+02,2.892005727010219971e+02,2.767206048307230049e+02,3.325912656420093754e+02,2.811722223397861740e+02,2.812426080939389976e+02,2.862745114766333927e+02,2.836534039451692593e+02,2.889777726515275162e+02,2.871373837365019881e+02,1.578191687350993743e+05,1.501547861406754691e+01,1.774722007376251298e+01
1.480000000000000000e+03,7.060000000000000000e+03,2.813451852867109437e+02,2.905032892715687467e+02,2.935133481661380870e+02,2.944276845524047985e+02,2.892198231202888792e+02,2.765933057718060581e+02,3.326651935533730580e+02,2.811031352424457168e+02,2.811749270338282258e+02,2.863050434556838582e+02,2.836935157449714211e+02,2.890193777426851511e+02,2.871759537432533307e+02,1.577931893462004373e+05,1.512811668121793218e+01,1.772605643165591260e+01
1.490000000000000000e+03,7.070000000000000000e+03,2.814019141172499872e+02,2.904745789184867135e+02,2.934258718169676285e+02,2.939778841894108723e+02,2.892562345040574883e+02,2.764684052230718407e+02,3.327345945427855440e+02,2.810353764451531902e+02,2.811085674901437415e+02,2.863343690332060305e+02,2.837331928898891533e+02,2.890598837679348208e+02,2.872132077443809521e+02,1.577685224801186705e+05,1.523925211128027613e+01,1.770593955521335516e+01
1.500000000000000000e+03,7.080000000000000000e+03,2.814583135012656498e+02,2.904450571512503529e+02,2.933419058244335247e+02,2.935380819842436040e+02,2.893093290398304589e+02,2.763459371523723007e+02,3.327994974667471411e+02,2.809689718538512579e+02,2.810435551440220934e+02,2.863625420266267270e+02,2.837724680250388474e+02,2.890993405231922679e+02,2.872491986288403041e+02,1.577451428423720936e+05,1.534887081333667780e+01,1.768683540140440869e+01
1.510000000000000000e+03,7.090000000000000000e+03,2.815143867772578687e+02,2.904148687926669936e+02,2.932613871164116972e+02,2.931079690503283928e+02,2.893786493814050118e+02,2.762259267434092180e+02,3.328599230461505272e+02,2.809039425745555718e+02,2.809799108942559087e+02,2.863896148154741468e+02,2.838113719573157141e+02,2.891377961574800111e+02,2.872839779366468065e+02,1.577230253256869037e+05,1.545695888877595081e+01,1.766871134280427924e+01
1.520000000000000000e+03,7.100000000000000000e+03,2.815701374425624977e+02,2.903841488976031542e+02,2.931842523301586425e+02,2.926872537425407472e+02,2.894637553664641700e+02,2.761083922423234753e+02,3.329158857129450553e+02,2.808403056378834890e+02,2.809176515537007504e+02,2.864156383815263780e+02,2.838499337820543929e+02,2.891752972534117703e+02,2.873175958968854502e+02,1.577021449991357804e+05,1.556350263305584747e+01,1.765153604954348054e+01
1.530000000000000000e+03,7.110000000000000000e+03,2.816255691394375162e+02,2.903530233152613960e+02,2.931104379318074962e+02,2.922756594629298661e+02,2.895642215777846786e+02,2.759933463306882686e+02,3.329673949811941611e+02,2.807780745557671480e+02,2.808567904264614299e+02,2.864406623337482642e+02,2.838881809864066668e+02,2.892118888890973949e+02,2.873501014502127191e+02,1.576824770978312881e+05,1.566848853744065018e+01,1.763527940159388407e+01
1.540000000000000000e+03,7.120000000000000000e+03,2.816806856449999827e+02,2.903216092439449767e+02,2.930398802834953358e+02,2.918729229578051445e+02,2.896796354625897720e+02,2.758807971600682549e+02,3.330144564771533169e+02,2.807172597606856925e+02,2.807973377418352356e+02,2.864647349264053560e+02,2.839261395371190702e+02,2.892476146843703191e+02,2.873815422665658161e+02,1.576639970136574120e+05,1.577190329071395780e+01,1.761991241429166166e+01
1.550000000000000000e+03,7.130000000000000000e+03,2.817354908590546643e+02,2.902900157566357393e+02,2.929725156885766637e+02,2.914787929383927576e+02,2.898095958437130548e+02,2.757707491420596853e+02,3.330570727239531834e+02,2.806578689606276953e+02,2.807393010091568044e+02,2.864879030743981048e+02,2.839638339594762328e+02,2.892825168437849470e+02,2.874119647586838937e+02,1.576466802865212085e+05,1.587373378086642361e+01,1.760540717093265428e+01
1.560000000000000000e+03,7.140000000000000000e+03,2.817899887935312222e+02,2.902583443016523574e+02,2.929082804220748244e+02,2.910930289605829557e+02,2.899537117179370398e+02,2.756632035567548087e+02,3.330952437435405500e+02,2.805999074279833962e+02,2.806826853077803889e+02,2.865102123662820759e+02,2.840012874100091267e+02,2.893166361930934727e+02,2.874414140939608728e+02,1.576305025963661028e+05,1.597396709675822457e+01,1.759173676039455358e+01
1.570000000000000000e+03,7.150000000000000000e+03,2.818441835614453339e+02,2.902266891680033041e+02,2.928471107590041811e+02,2.907154004863216414e+02,2.901116012687221541e+02,2.755581590264065994e+02,3.331289675230402167e+02,2.805433782411221273e+02,2.806274935277923532e+02,2.865317070806786433e+02,2.840385217429716249e+02,2.893500122138939901e+02,2.874699342060949334e+02,1.576154397556463373e+05,1.607259052975608071e+01,1.757887521847163725e+01
1.580000000000000000e+03,7.160000000000000000e+03,2.818980793667734019e+02,2.901951379209785387e+02,2.927889429982706133e+02,2.903456860898275522e+02,2.902828910437413015e+02,2.754556118880174154e+02,3.331582403794710672e+02,2.804882824878984593e+02,2.805737265746751063e+02,2.865524301972594117e+02,2.840755575739587471e+02,2.893826830795496221e+02,2.874975678058543735e+02,1.576014677023394033e+05,1.616959157534458313e+01,1.756679747269991765e+01
1.590000000000000000e+03,7.170000000000000000e+03,2.819516804957499971e+02,2.901637718237486752e+02,2.927337135016649654e+02,2.899836728059540292e+02,2.904672152622732710e+02,2.753555564876933204e+02,3.331830572476135330e+02,2.804346193948679797e+02,2.805213835394670241e+02,2.865724234153884709e+02,2.841124143417579262e+02,2.894146856759069237e+02,2.875243564076486678e+02,1.575885624943365692e+05,1.626495793471165996e+01,1.755547928974429439e+01
1.600000000000000000e+03,7.180000000000000000e+03,2.820049913060312861e+02,2.901326661809866891e+02,2.926813586401473231e+02,2.896291554645544011e+02,2.906642152238079007e+02,2.752579854167572648e+02,3.332034119066221933e+02,2.803823866497729114e+02,2.804704618493042858e+02,2.865917271720698523e+02,2.841491103645140583e+02,2.894460556516465317e+02,2.875503403240012972e+02,1.575767003024622682e+05,1.635867751630792810e+01,1.754489722823906561e+01
1.610000000000000000e+03,7.190000000000000000e+03,2.820580162183359789e+02,2.901018907167200496e+02,2.926318149311485399e+02,2.892819362880347853e+02,2.908735388000561102e+02,2.751628897035661794e+02,3.332192971644049067e+02,2.803315802604508349e+02,2.804209573943852547e+02,2.866103806559902409e+02,2.841856628935478852e+02,2.894768274372302130e+02,2.875755586956818206e+02,1.575658574058635277e+05,1.645073843737980468e+01,1.753502858900375827e+01
1.620000000000000000e+03,7.200000000000000000e+03,2.821107597082813072e+02,2.900715098899736404e+02,2.925850189703622277e+02,2.889418243672691915e+02,2.910948399933697033e+02,2.750702589701638772e+02,3.332307050061921245e+02,2.802821948524031086e+02,2.803728646405622271e+02,2.866284218291386310e+02,2.842220881670712060e+02,2.895070342776388088e+02,2.876000495032703839e+02,1.575560101869793434e+05,1.654112902547611696e+01,1.752585137320152597e+01
1.630000000000000000e+03,7.210000000000000000e+03,2.821632262982343491e+02,2.900415831952900589e+02,2.925409074705221428e+02,2.886086352719153183e+02,2.913277785510562694e+02,2.749800815611117173e+02,3.332376267151636853e+02,2.802342237205720039e+02,2.803261767283024142e+02,2.866458874453080625e+02,2.842584014594788187e+02,2.895367082629266520e+02,2.876238495859237787e+02,1.575471351270440209e+05,1.662983781992807053e+01,1.751734424043092275e+01
1.640000000000000000e+03,7.220000000000000000e+03,2.822154205491953007e+02,2.900121654463746950e+02,2.924994172753979456e+02,2.882821906863657659e+02,2.915720196248764182e+02,2.748923446513405224e+02,3.332400529724301350e+02,2.801876589165076439e+02,2.802808855600911215e+02,2.866628130697898769e+02,2.842946171287155153e+02,2.895658803592041295e+02,2.876469946584710442e+02,1.575392088020247465e+05,1.671685357330233757e+01,1.750948646936144826e+01
1.650000000000000000e+03,7.230000000000000000e+03,2.822673470540780727e+02,2.899833070357201450e+02,2.924604853715529771e+02,2.879623180875069579e+02,2.918272334703719935e+02,2.748070343372159527e+02,3.332379739403450003e+02,2.801424913258093738e+02,2.802369818772774579e+02,2.866792330994255735e+02,2.843307486593400881e+02,2.895945804348882007e+02,2.876695193290498196e+02,1.575322078789777006e+05,1.680216525282713036e+01,1.750225792069188913e+01
1.660000000000000000e+03,7.240000000000000000e+03,2.823190104300390999e+02,2.899550541813698601e+02,2.924240489036615145e+02,2.876488504292042876e+02,2.920930951778056510e+02,2.747241357142482343e+02,3.332313793326247264e+02,2.800987107385273021e+02,2.801944553333543126e+02,2.866951807828316987e+02,2.843668087118899166e+02,2.896228372913083717e+02,2.876914571169393184e+02,1.575261091126761166e+05,1.688576204179107165e+01,1.749563900178213416e+01
1.670000000000000000e+03,7.250000000000000000e+03,2.823704153124921845e+02,2.899274491510853409e+02,2.923900451814729990e+02,2.873416258821479232e+02,2.923692844327711100e+02,2.746436329451720439e+02,3.332202584736293716e+02,2.800563059133201591e+02,2.801532945552152682e+02,2.867106882416871940e+02,2.844028091530890379e+02,2.896506786889659111e+02,2.877128404715619467e+02,1.575208893427280127e+05,1.696763334091461672e+01,1.748961063370571267e+01
1.680000000000000000e+03,7.260000000000000000e+03,2.824215663483749950e+02,2.899005304794665108e+02,2.923584116917500637e+02,2.870404875716419610e+02,2.926554853010014199e+02,2.745655093180470203e+02,3.332046003493874196e+02,2.800152646348387862e+02,2.801134872022590798e+02,2.867257864877926181e+02,2.844387611012323873e+02,2.896781313742470729e+02,2.877337007902548294e+02,1.575165254908882489e+05,1.704776876969395616e+01,1.748415421965487226e+01
1.690000000000000000e+03,7.270000000000000000e+03,2.824724681902187626e+02,2.898743331640342831e+02,2.923290861069956463e+02,2.867452833439246547e+02,2.929513860336552398e+02,2.744897472986550042e+02,3.331843936521647151e+02,2.799755737673452813e+02,2.800750200169717345e+02,2.867405054490697580e+02,2.844746749602053342e+02,2.897052211053597262e+02,2.877540684367742188e+02,1.575129945587579859e+05,1.712615816771718613e+01,1.747925161513870762e+01
1.700000000000000000e+03,7.280000000000000000e+03,2.825231254902890896e+02,2.898488888484442896e+02,2.923020062933758254e+02,2.864558655495626454e+02,2.932566788932642794e+02,2.744163285762966780e+02,3.331596268190073715e+02,2.799372193024003082e+02,2.800378788792615978e+02,2.867548739845983619e+02,2.845105604535230555e+02,2.897319726768556620e+02,2.877739727585080800e+02,1.575102736257661600e+05,1.720279159595251173e+01,1.747488509997603501e+01
1.710000000000000000e+03,7.290000000000000000e+03,2.825735428954765780e+02,2.898242260036471407e+02,2.922771103214727191e+02,2.861720908300206361e+02,2.935710599956847773e+02,2.743452341057652006e+02,3.331302880654086493e+02,2.799001864070717147e+02,2.800020488454436531e+02,2.867689199075213651e+02,2.845464266566594915e+02,2.897584099439425245e+02,2.877934421047425531e+02,1.575083398473452544e+05,1.727765933800845843e+01,1.747103735127788227e+01
1.720000000000000000e+03,7.300000000000000000e+03,2.826237250414765754e+02,2.898003700899723185e+02,2.922543364678649596e+02,2.858938199417119677e+02,2.938942291667808604e+02,2.742764441446477690e+02,3.330963654165801699e+02,2.798644594615248593e+02,2.799675141930632094e+02,2.867826700028450091e+02,2.845822820268910505e+02,2.897845558455483683e+02,2.878125038455341382e+02,1.575071704535739846e+05,1.735075190136579693e+01,1.746769141842337802e+01
1.730000000000000000e+03,7.310000000000000000e+03,2.826729988283984198e+02,2.897707620883047070e+02,2.919890484192453641e+02,2.855614317361441294e+02,2.934659432300989010e+02,2.741953377817966953e+02,3.312210024394724996e+02,2.797435367744795371e+02,2.798477732392564121e+02,2.867912326147644535e+02,2.846131827902638065e+02,2.898045024967755126e+02,2.878262603977039475e+02,1.573671515765789081e+05,3.276779515694560274e+00,1.727866813314997785e+01
1.740000000000000000e+03,7.320000000000000000e+03,2.827211848864453145e+02,2.897324571674306526e+02,2.916503243322226808e+02,2.852217189336502088e+02,2.930797764912002208e+02,2.741072860097716557e+02,3.295153956478332020e+02,2.796077167677109969e+02,2.797131238587314783e+02,2.867947978919795560e+02,2.846395657839904061e+02,2.898184048739833543e+02,2.878348967087268306e+02,1.572286129253457766e+05,3.276779515694560274e+00,1.713064161980032551e+01
1.750000000000000000e+03,7.330000000000000000e+03,2.827682324633203734e+02,2.896843484550999506e+02,2.912901894558694949e+02,2.848773596236210892e+02,2.927099382152279077e+02,2.740146862504110459e+02,3.279077428742346001e+02,2.794621837331809502e+02,2.795687502387306154e+02,2.867936818668775913e+02,2.846619354887263853e+02,2.898266850821730145e+02,2.878387234553873668e+02,1.570914160528145730e+05,3.276779515694560274e+00,1.699646553864311471e+01
1.760000000000000000e+03,7.340000000000000000e+03,2.828141263533359506e+02,2.896262310581669794e+02,2.909249568160500985e+02,2.845303194237209254e+02,2.923480561365698236e+02,2.739185925144732892e+02,3.263707182798814301e+02,2.793096885177706099e+02,2.794174032336237588e+02,2.867881473560905192e+02,2.846806777042966132e+02,2.898297099260167897e+02,2.878379980914941711e+02,1.569554935176327126e+05,3.276779515694560274e+00,1.686903262294231354e+01
1.770000000000000000e+03,7.350000000000000000e+03,2.828588618732655959e+02,2.895583292470182641e+02,2.905599280954361348e+02,2.841819782537987180e+02,2.919913202074359333e+02,2.738194838266345528e+02,3.248919517000821315e+02,2.791518279131558415e+02,2.792606795661382080e+02,2.867784035246676240e+02,2.846960863534469013e+02,2.898277761048336743e+02,2.878329245340838156e+02,1.568207987759906100e+05,3.276779515694560274e+00,1.674625380869676761e+01
1.780000000000000000e+03,7.360000000000000000e+03,2.829024378707499636e+02,2.894810627923294533e+02,2.901968771797667159e+02,2.838333095155097681e+02,2.916387633487360063e+02,2.737175930036460159e+02,3.234645982108656881e+02,2.789896214977271143e+02,2.790995986278030614e+02,2.867646223193078185e+02,2.847083962944842597e+02,2.898211299748774650e+02,2.878236696323850197e+02,1.566872928519961715e+05,3.276779515694560274e+00,1.662737247623256920e+01
1.790000000000000000e+03,7.370000000000000000e+03,2.829448546659141357e+02,2.893949320328766817e+02,2.898364026948727314e+02,2.834850091619618979e+02,2.912900460195418191e+02,2.736130489786370958e+02,3.220841302202709358e+02,2.788237766267093889e+02,2.789348674792057068e+02,2.867469515207089898e+02,2.847178041772948518e+02,2.898099840948970041e+02,2.878103762490680992e+02,1.565549404958478699e+05,3.276779515694560274e+00,1.651201606664741561e+01
1.800000000000000000e+03,7.380000000000000000e+03,2.829861134101640232e+02,2.893004611200931322e+02,2.894786979668410822e+02,2.831375813339495835e+02,2.909450423196391853e+02,2.735059395210247430e+02,3.207471479242398118e+02,2.786548175055002048e+02,2.787670099599719720e+02,2.867255232235136191e+02,2.847244807609179702e+02,2.897945279444869584e+02,2.877931717593534131e+02,1.564237089260697539e+05,3.276779515694560274e+00,1.639993775532193254e+01
1.810000000000000000e+03,7.390000000000000000e+03,2.830262159217109570e+02,2.891981703036367435e+02,2.891238130235556127e+02,2.827913953062328005e+02,2.906036946308209963e+02,2.733963389911044715e+02,3.194508885115675412e+02,2.784831524959820399e+02,2.785964340114682045e+02,2.867004590913922470e+02,2.847285778817574737e+02,2.897749345850145346e+02,2.877721733040498293e+02,1.562935673291775747e+05,3.276779515694560274e+00,1.629094076388180667e+01
1.820000000000000000e+03,7.400000000000000000e+03,2.830651645471797337e+02,2.890885619586533721e+02,2.887717467890573744e+02,2.824467240597822411e+02,2.902659622252291456e+02,2.732843202211093967e+02,3.181929977209975959e+02,2.783091117187441910e+02,2.784234693126804814e+02,2.866718735251275803e+02,2.847302334082260131e+02,2.897513648037651137e+02,2.877474909761034496e+02,1.561644866028800607e+05,3.276779515694560274e+00,1.618485396539009713e+01
1.830000000000000000e+03,7.410000000000000000e+03,2.831029621740859170e+02,2.889721145971712417e+02,2.884224802904278704e+02,2.821037708783275093e+02,2.899318038860362208e+02,2.731699590828769715e+02,3.169714098021280506e+02,2.781329695041808918e+02,2.782483897275911886e+02,2.866398755953092063e+02,2.847295737644273572e+02,2.897239697501486262e+02,2.877192297363407647e+02,1.560364391890399274e+05,3.276779515694560274e+00,1.608152295372784479e+01
1.840000000000000000e+03,7.420000000000000000e+03,2.831396121910312900e+02,2.888492803109060105e+02,2.880759886897464526e+02,2.817626879780941636e+02,2.896011730443379406e+02,2.730533356597801458e+02,3.157842771818514507e+02,2.779549586235287393e+02,2.780714275618641409e+02,2.866045701687395990e+02,2.847267158970745982e+02,2.896928926298463693e+02,2.876874905930199020e+02,1.559093989450834633e+05,3.276779515694560274e+00,1.598080617534784054e+01
1.850000000000000000e+03,7.430000000000000000e+03,2.831751184656562828e+02,2.887204843930787774e+02,2.877322455739770248e+02,2.814235897062496292e+02,2.892740174116886465e+02,2.729345338310785110e+02,3.146299254266539265e+02,2.777752798181219305e+02,2.778927830800369065e+02,2.865660586331540003e+02,2.847217685551208888e+02,2.896582698327353000e+02,2.876523712572412705e+02,1.557833410359749396e+05,3.276779515694560274e+00,1.588257287959062758e+01
1.860000000000000000e+03,7.440000000000000000e+03,2.832094853204922060e+02,2.885861258942552467e+02,2.873912243167268912e+02,2.810865620229233173e+02,2.889502800400313731e+02,2.728136404151987904e+02,3.135068223500850308e+02,2.775941084506863490e+02,2.777126311790844397e+02,2.865244392800062769e+02,2.847148332384660421e+02,2.896202316917274970e+02,2.876139665770147076e+02,1.556582418393160333e+05,3.276779515694560274e+00,1.578670180467955753e+01
1.870000000000000000e+03,7.450000000000000000e+03,2.832427175064921698e+02,2.884465787925954032e+02,2.870528984715523393e+02,2.807516693677679314e+02,2.886299007120185252e+02,2.726907439932247144e+02,3.124135556768328570e+02,2.774115993569017746e+02,2.775311262305414175e+02,2.864798075613471156e+02,2.847060048859881363e+02,2.895789030281226246e+02,2.875723687806712974e+02,1.555340788602319662e+05,3.276779515694560274e+00,1.569308019906385887e+01
1.880000000000000000e+03,7.460000000000000000e+03,2.832748201766094098e+02,2.883021933770381224e+02,2.867172417751605735e+02,2.804189596922694250e+02,2.883128172010215735e+02,2.725659338686400019e+02,3.113488162263167283e+02,2.772278904795329026e+02,2.773484057236868239e+02,2.864322562441968216e+02,2.846953724312888880e+02,2.895344035548941406e+02,2.875276676310794528e+02,1.554108306542593054e+05,3.276779515694560274e+00,1.560160302651309649e+01
1.890000000000000000e+03,7.470000000000000000e+03,2.833057988579922153e+02,2.881532977327207163e+02,2.863842280697961655e+02,2.800884681826899509e+02,2.879989663131922271e+02,2.724392991473106918e+02,3.103113848410382616e+02,2.770431056621378048e+02,2.771645930513578833e+02,2.863818755103021090e+02,2.846830192614020234e+02,2.894868481919505712e+02,2.874799505238925690e+02,1.552884767568808747e+05,3.276779515694560274e+00,1.551217228623087863e+01
1.900000000000000000e+03,7.480000000000000000e+03,2.833356594258984273e+02,2.880001992151582044e+02,2.860538312220166972e+02,2.797602200407726514e+02,2.876882846887997971e+02,2.723109279824998907e+02,3.093001219613220201e+02,2.768573568310505948e+02,2.769797997060447301e+02,2.863287530272331196e+02,2.846690236120826967e+02,2.894363473278367564e+02,2.874293025594619166e+02,1.551669976193083567e+05,3.276779515694560274e+00,1.542469641610858133e+01
1.910000000000000000e+03,7.490000000000000000e+03,2.833644080757812844e+02,2.878431858729430246e+02,2.857260250567621824e+02,2.794342325815754293e+02,2.873807093993524404e+02,2.721809069779815786e+02,3.083139591263739590e+02,2.766707457493779998e+02,2.767941270207215325e+02,2.862729740111500405e+02,2.846534589175075780e+02,2.893830070446322225e+02,2.873758065963889976e+02,1.550463745492805610e+05,3.276779515694560274e+00,1.533908976146030412e+01
1.920000000000000000e+03,7.500000000000000000e+03,2.833920512977812223e+02,2.876825277994610133e+02,2.854007833320003442e+02,2.791105168293476027e+02,2.870761783724455540e+02,2.720493207351581191e+02,3.073518919253352806e+02,2.764833654138025167e+02,2.766076675770568158e+02,2.862146212726845533e+02,2.846363941281256302e+02,2.893269293173320875e+02,2.873195433004460710e+02,1.549265896567603340e+05,3.276779515694560274e+00,1.525527209764591596e+01
1.930000000000000000e+03,7.510000000000000000e+03,2.834185958515781181e+02,2.875184783977093730e+02,2.850780797211631921e+02,2.787890787436857636e+02,2.867746306937003737e+02,2.719162515222616889e+02,3.064129740528468346e+02,2.762953012071548642e+02,2.764205063517871395e+02,2.861537752680623043e+02,2.846178940029645901e+02,2.892682121988187873e+02,2.872605911903367542e+02,1.548076258040211978e+05,3.276779515694560274e+00,1.517316819970105435e+01
1.940000000000000000e+03,7.520000000000000000e+03,2.834440487417265899e+02,2.873512755364518512e+02,2.847578878242550218e+02,2.784699201698834941e+02,2.864760068072202444e+02,2.717817790443550052e+02,3.054963122344844351e+02,2.761066318385515501e+02,2.762327216622977630e+02,2.860905141492124812e+02,2.845980193801289602e+02,2.892069499898492495e+02,2.871990266817275597e+02,1.546894665594368707e+05,3.276779515694560274e+00,1.509270745254264945e+01
1.950000000000000000e+03,7.530000000000000000e+03,2.834684171955312308e+02,2.871811426549843986e+02,2.844401811772844439e+02,2.781530395804886666e+02,2.861802486371650502e+02,2.716459802939992301e+02,3.046010618419694538e+02,2.759174301308281656e+02,2.760443859496761547e+02,2.860249138132979851e+02,2.845768274306080912e+02,2.891432334020273629e+02,2.871349241360416613e+02,1.545720961550615029e+05,3.276779515694560274e+00,1.501382349710642394e+01
1.960000000000000000e+03,7.540000000000000000e+03,2.834917086404140036e+02,2.870082897388001584e+02,2.841249332816118454e+02,2.778384326625634344e+02,2.858872996627878820e+02,2.715089294668558750e+02,3.037264230602507951e+02,2.757277636751431373e+02,2.758555664363106530e+02,2.859570479567820485e+02,2.845543718943526983e+02,2.890771497110088717e+02,2.870683559061990309e+02,1.544554994471259997e+05,3.276779515694560274e+00,1.493645390859952649e+01
1.970000000000000000e+03,7.550000000000000000e+03,2.835139306839374740e+02,2.868329142610479039e+02,2.838121176297753436e+02,2.775260927842484193e+02,2.855971049476079315e+02,2.713706979275074218e+02,3.028716375145093025e+02,2.755376953836829443e+02,2.756663256752532902e+02,2.858869881291516322e+02,2.845307033014755689e+02,2.890087829002484909e+02,2.869993923865870897e+02,1.543396618797283154e+05,3.276779515694560274e+00,1.486053990321108387e+01
1.980000000000000000e+03,7.560000000000000000e+03,2.835350910944687257e+02,2.866552019752689375e+02,2.835017077403273333e+02,2.772160113731629281e+02,2.853096111429663324e+02,2.712313542133005058e+02,3.020359852712280713e+02,2.753472839609347034e+02,2.754767220371549570e+02,2.858148037849931598e+02,2.845058691832199429e+02,2.889382138059164618e+02,2.869281020584381849e+02,1.542245694511179754e+05,3.276779515694560274e+00,1.478602607110186540e+01
1.990000000000000000e+03,7.570000000000000000e+03,2.835551977832499233e+02,2.864753277624234897e+02,2.831936771608775416e+02,2.769081782038961705e+02,2.850247664704211275e+02,2.710909640672074943e+02,3.012187822083445212e+02,2.751565843041605604e+02,2.752868100848044719e+02,2.857405623402178207e+02,2.844799142638933631e+02,2.888655202486803546e+02,2.868545515448990955e+02,1.541102086822615820e+05,3.276779515694560274e+00,1.471286013227889278e+01
2.000000000000000000e+03,7.580000000000000000e+03,2.835742587871718570e+02,2.862934563102129459e+02,2.828879995425768925e+02,2.766025816740426535e+02,2.847425206913549118e+02,2.709495904922325167e+02,3.004193775150083638e+02,2.749656478487974027e+02,2.750966409378488606e+02,2.856643292346464023e+02,2.844528806444842530e+02,2.887907771554808960e+02,2.867788056585695244e+02,1.539965665879679436e+05,3.276779515694560274e+00,1.464099271181196826e+01
2.010000000000000000e+03,7.590000000000000000e+03,2.835922822526327991e+02,2.861097427524404679e+02,2.825846486324747389e+02,2.762992089913479390e+02,2.844628250674360288e+02,2.708072938213978205e+02,2.996371515895193056e+02,2.747745228679077627e+02,2.749062625664714687e+02,2.855861679742275783e+02,2.844248079751650380e+02,2.887140567097228541e+02,2.867009274512132606e+02,1.538836306497276528e+05,3.276779515694560274e+00,1.457037713631554610e+01
2.020000000000000000e+03,7.600000000000000000e+03,2.836092764219140463e+02,2.859243333521572481e+02,2.822835983053681730e+02,2.759980463510010509e+02,2.841856323118036016e+02,2.706641317985934734e+02,2.988715140422126524e+02,2.745832547341316854e+02,2.747157200537378117e+02,2.855061401985332168e+02,2.843957336248159322e+02,2.886354283921414776e+02,2.866209782652293825e+02,1.537713887906512828e+05,3.276779515694560274e+00,1.450096924617755967e+01
2.030000000000000000e+03,7.610000000000000000e+03,2.836252496186875192e+02,2.857373659819326122e+02,2.819848226009233372e+02,2.756990790768389843e+02,2.839108965491845993e+02,2.705201596657042842e+02,2.981219018588387826e+02,2.743918861480054829e+02,2.745250558239149541e+02,2.854243057303478963e+02,2.843656927998716810e+02,2.885549592039798199e+02,2.865390177805753638e+02,1.536598293520210427e+05,3.276779515694560274e+00,1.443272722251094820e+01
2.040000000000000000e+03,7.620000000000000000e+03,2.836402102357812396e+02,2.855489706808118626e+02,2.816882957249545143e+02,2.754022917488370581e+02,2.836385732545525684e+02,2.703754302555362301e+02,2.973877777941634122e+02,2.742004573384733135e+02,2.743343098444138946e+02,2.853407226316958258e+02,2.843347187230734789e+02,2.884727136932360736e+02,2.864551040599828866e+02,1.535489410715250997e+05,3.276779515694560274e+00,1.436561142979511629e+01
2.050000000000000000e+03,7.630000000000000000e+03,2.836541667232422128e+02,2.853592701278196841e+02,2.813939920799887204e+02,2.751076683053428269e+02,2.833686192114701043e+02,2.702299940853262115e+02,2.966686288195043630e+02,2.740090062438511040e+02,2.741435198038432191e+02,2.852554472545135695e+02,2.843028427435119170e+02,2.883887540800207603e+02,2.863692936113360474e+02,1.534387130627909792e+05,3.276779515694560274e+00,1.429958426972946484e+01
2.060000000000000000e+03,7.640000000000000000e+03,2.836671275772578156e+02,2.851683801008903174e+02,2.811018862821722450e+02,2.748151921347135840e+02,2.831009924557765771e+02,2.700838994523011820e+02,2.959639647254140300e+02,2.738175686719783926e+02,2.739527212747145768e+02,2.851685342945573893e+02,2.842700944629045807e+02,2.883031403582800181e+02,2.862816414116159649e+02,1.533291347964052984e+05,3.276779515694560274e+00,1.423461004709095334e+01
2.070000000000000000e+03,7.650000000000000000e+03,2.836791013317890702e+02,2.849764098876250387e+02,2.808119531714727373e+02,2.745248461543317262e+02,2.828356522302978533e+02,2.699371925265648997e+02,2.952733168275561866e+02,2.736261784425745986e+02,2.737619478547459835e+02,2.850800368452116800e+02,2.842365018487105885e+02,2.882159303810113329e+02,2.861922009661753918e+02,1.532201960821499233e+05,3.276779515694560274e+00,1.417065484610861326e+01
2.080000000000000000e+03,7.660000000000000000e+03,2.836900965463124749e+02,2.847834626648349854e+02,2.805241678291808398e+02,2.742366128786694617e+02,2.825725589389886068e+02,2.697899174456524634e+02,2.945962367635435157e+02,2.734348675181419708e+02,2.735712312969471327e+02,2.849900064333928640e+02,2.842020913437639820e+02,2.881271799561401394e+02,2.861010243510593227e+02,1.531118870522697107e+05,3.276779515694560274e+00,1.410768641647454302e+01
2.090000000000000000e+03,7.670000000000000000e+03,2.837001218000233962e+02,2.845896358685697010e+02,2.802385055842559041e+02,2.739504744819093958e+02,2.823116740970127125e+02,2.696421164021820687e+02,2.939322953777325438e+02,2.732436661204362167e+02,2.733806016277184199e+02,2.848984930872919108e+02,2.841668879634916607e+02,2.880369429226943794e+02,2.860081622517004121e+02,1.530041981459641829e+05,3.276779515694560274e+00,1.404567406780395977e+01
2.100000000000000000e+03,7.680000000000000000e+03,2.837091856826249909e+02,2.843950215144625417e+02,2.799549420258218788e+02,2.736664128505930194e+02,2.820529602900727468e+02,2.694938297327420855e+02,2.932810816817205932e+02,2.730526028372242990e+02,2.731900872526337594e+02,2.848055453734255593e+02,2.841309153892062227e+02,2.879452712387453630e+02,2.859136640089460570e+02,1.528971200946454192e+05,3.276779515694560274e+00,1.398458857219327456e+01
2.110000000000000000e+03,7.690000000000000000e+03,2.837172967874453207e+02,2.841997065177129116e+02,2.796734530108876129e+02,2.733844096319203345e+02,2.817963811321256458e+02,2.693450960022507843e+02,2.926422018874504829e+02,2.728617047217793470e+02,2.729997150543732118e+02,2.847112104412613576e+02,2.840941960538319790e+02,2.878522150558462727e+02,2.858175776563278987e+02,1.527906439083261066e+05,3.276779515694560274e+00,1.392440207412558983e+01
2.120000000000000000e+03,7.700000000000000000e+03,2.837244637051093719e+02,2.840037729795143377e+02,2.793940146672671290e+02,2.731044462762843068e+02,2.815419012248291892e+02,2.691959520849345608e+02,2.920152785092096224e+02,2.726709973794730786e+02,2.728095104869952365e+02,2.846155340688063120e+02,2.840567512238316681e+02,2.877578227897795955e+02,2.857199499604535049e+02,1.526847608627045993e+05,3.276779515694560274e+00,1.386508800704835664e+01
2.130000000000000000e+03,7.710000000000000000e+03,2.837306950173750124e+02,2.838072984871907920e+02,2.791166034089741288e+02,2.728265040764009655e+02,2.812894861210155568e+02,2.690464332424539293e+02,2.913999494962284871e+02,2.724805050534765201e+02,2.726194976386537974e+02,2.845185607071648519e+02,2.840186010728708652e+02,2.876621412001682074e+02,2.856208264582983247e+02,1.525794624869904364e+05,3.276779515694560274e+00,1.380662101505050288e+01
2.140000000000000000e+03,7.720000000000000000e+03,2.837359992902890440e+02,2.836103563087581279e+02,2.788411959285207331e+02,2.725505642017221817e+02,2.810391022864612296e+02,2.688965731980579790e+02,2.907958674688990754e+02,2.722902506996954912e+02,2.724296993439883181e+02,2.844203335199185858e+02,2.839797647553345428e+02,2.875652154452576497e+02,2.855202514931244195e+02,1.524747405525771901e+05,3.276779515694560274e+00,1.374897688223913939e+01
2.150000000000000000e+03,7.730000000000000000e+03,2.837403850713594124e+02,2.834130156983825373e+02,2.785677692072277978e+02,2.722766077301346286e+02,2.807907170682713627e+02,2.687464042082730202e+02,2.902026989695259545e+02,2.721002560566713555e+02,2.722401372120422138e+02,2.843208944241416702e+02,2.839402604659333065e+02,2.874670891511387367e+02,2.854182682498481540e+02,1.523705870623187511e+05,3.276779515694560274e+00,1.369213246511288951e+01
2.160000000000000000e+03,7.740000000000000000e+03,2.837438608828437054e+02,2.832153420720846952e+02,2.782963005176367233e+02,2.720046156731831957e+02,2.805442986501001315e+02,2.685959571302404925e+02,2.896201237552488692e+02,2.719105417130390379e+02,2.720508317326062979e+02,2.842202841297903433e+02,2.839001055080130982e+02,2.873678044744028170e+02,2.853149187932222048e+02,1.522669942403761088e+05,3.276779515694560274e+00,1.363606563056533183e+01
2.170000000000000000e+03,7.750000000000000000e+03,2.837464352201250222e+02,2.830173972406937537e+02,2.780267674156956446e+02,2.717345690058112950e+02,2.802998160566044135e+02,2.684452614866474391e+02,2.890478341546422598e+02,2.717211271675411126e+02,2.718618023042309346e+02,2.841185421769991990e+02,2.838593163354569242e+02,2.872674021572007064e+02,2.852102440933701928e+02,1.521639545226765040e+05,3.276779515694560274e+00,1.358075519863904290e+01
2.180000000000000000e+03,7.760000000000000000e+03,2.837481165448047022e+02,2.828192396275674128e+02,2.777591477514039298e+02,2.714664486836323363e+02,2.800572390737497699e+02,2.682943455272061897e+02,2.884855344448815231e+02,2.715320308865009906e+02,2.716730673109851750e+02,2.840157069723960603e+02,2.838179086328533458e+02,2.871659215848002304e+02,2.851042840664558753e+02,1.520614605480310565e+05,3.276779515694560274e+00,1.352618088765140136e+01
2.190000000000000000e+03,7.770000000000000000e+03,2.837489132830234553e+02,2.826209243476436086e+02,2.774934196857002462e+02,2.712002356756538575e+02,2.798165382530789884e+02,2.681432362872862427e+02,2.879329402940429645e+02,2.713432703567569888e+02,2.714846441683241665e+02,2.839118158242276877e+02,2.837758973343441085e+02,2.870634008354508069e+02,2.849970775937086955e+02,1.519595051495367079e+05,3.276779515694560274e+00,1.347232326538036062e+01
2.200000000000000000e+03,7.780000000000000000e+03,2.837488338216953139e+02,2.824225035323981388e+02,2.772295616595025081e+02,2.709359109721470418e+02,2.795776848766026887e+02,2.679919596435884159e+02,2.873897781724505194e+02,2.711548621368753516e+02,2.712965493784752198e+02,2.838069049733441034e+02,2.837332966902218914e+02,2.869598767340982022e+02,2.848886625645135950e+02,1.518580813466069812e+05,3.276779515694560274e+00,1.341916370103555067e+01
2.210000000000000000e+03,7.790000000000000000e+03,2.837478865054608832e+02,2.822240264058340244e+02,2.769675523854453445e+02,2.706734555984751864e+02,2.793406509321350768e+02,2.678405403666437223e+02,2.868557849232313970e+02,2.709668219028157523e+02,2.711087985592860150e+02,2.837010096394808443e+02,2.836901203017457078e+02,2.868553849020062785e+02,2.847790758964636666e+02,1.517571823373699444e+05,3.276779515694560274e+00,1.336668432280420404e+01
2.220000000000000000e+03,7.800000000000000000e+03,2.837460796366250406e+02,2.820255394430859042e+02,2.767073708944009240e+02,2.704128506444476443e+02,2.791054090909977958e+02,2.676890021721853259e+02,2.863307071706184388e+02,2.707791644925670198e+02,2.709214065136109753e+02,2.835941640318466170e+02,2.836463811612974837e+02,2.867499597942616560e+02,2.846683535690212921e+02,1.516568014915142267e+05,3.276779515694560274e+00,1.331486797589886351e+01
2.230000000000000000e+03,7.810000000000000000e+03,2.837434214665156560e+02,2.818270865474547691e+02,2.764489964976287411e+02,2.701540772692804353e+02,2.788719326745301146e+02,2.675373677668903838e+02,2.858143009326159927e+02,2.705919039460480917e+02,2.707343872552818880e+02,2.834864013952986852e+02,2.836020916920133459e+02,2.866436347564692824e+02,2.845565306464443438e+02,1.515569323434627731e+05,3.276779515694560274e+00,1.326369818480237228e+01
2.240000000000000000e+03,7.820000000000000000e+03,2.837399202014765933e+02,2.816287091443945201e+02,2.761924087907783587e+02,2.698971167167260887e+02,2.786401956430388509e+02,2.673856588952277207e+02,2.853063311766444485e+02,2.704050535502861408e+02,2.705477540509951382e+02,2.833777540346930550e+02,2.835572637816182464e+02,2.865364420581005902e+02,2.844436413025105139e+02,1.514575685859701771e+05,3.276779515694560274e+00,1.321315911798950893e+01
2.250000000000000000e+03,7.830000000000000000e+03,2.837355839948671701e+02,2.814304462961256377e+02,2.759375876631996789e+02,2.696419503310551704e+02,2.784101725713685482e+02,2.672338963845336934e+02,2.848065714015806407e+02,2.702186258792137892e+02,2.703615194578205205e+02,2.832682533434294214e+02,2.835119088155652207e+02,2.864284129341358494e+02,2.843297188473687243e+02,1.513587040639771440e+05,3.276779515694560274e+00,1.316323555452260230e+01
2.260000000000000000e+03,7.840000000000000000e+03,2.837304209480624877e+02,2.812323350147012206e+02,2.756845132658313560e+02,2.693885595478925552e+02,2.781818386299028134e+02,2.670821001758984607e+02,2.843148032566446091e+02,2.700326327909176030e+02,2.701756953557765542e+02,2.831579298360319399e+02,2.834660377065274588e+02,2.863195776216496142e+02,2.842147957595028629e+02,1.512603327689329162e+05,3.276779515694560274e+00,1.311391285111095861e+01
2.270000000000000000e+03,7.850000000000000000e+03,2.837244391071718610e+02,2.810344100530078322e+02,2.754331660456610962e+02,2.691369259346685112e+02,2.779551695509252340e+02,2.669302893841783089e+02,2.838308161885755680e+02,2.698470855188440964e+02,2.699902929826690183e+02,2.830468131641466698e+02,2.834196609238982774e+02,2.862099654202651209e+02,2.840989036965488594e+02,1.511624488330940367e+05,3.276779515694560274e+00,1.306517691517058211e+01
2.280000000000000000e+03,7.860000000000000000e+03,2.837176464684999928e+02,2.808367042416946902e+02,2.751835267241223733e+02,2.688870311776834114e+02,2.777301416385512880e+02,2.667784822987591724e+02,2.833544070742893268e+02,2.696619946739812121e+02,2.698053229634739409e+02,2.829349321596010896e+02,2.833727885162997495e+02,2.860996046792574816e+02,2.839820735277244808e+02,1.510650465245450614e+05,3.276779515694560274e+00,1.301701417583362819e+01
2.290000000000000000e+03,7.870000000000000000e+03,2.837100509666093444e+02,2.806392485533457375e+02,2.749355763005206086e+02,2.686388570964276141e+02,2.775067317143775654e+02,2.666266964625899050e+02,2.828853799066607735e+02,2.694773702671139972e+02,2.696207953448664512e+02,2.828223148400804803e+02,2.833254301390491037e+02,2.859885228718221697e+02,2.838643353328441776e+02,1.509681202420299232e+05,3.276779515694560274e+00,1.296941155830580250e+01
2.300000000000000000e+03,7.880000000000000000e+03,2.837016604802968232e+02,2.804420721403043899e+02,2.746892960379378792e+02,2.683923856464285791e+02,2.772849171371810826e+02,2.664749486754278109e+02,2.824235454802957861e+02,2.692932217470620344e+02,2.694367196144499417e+02,2.827089884445446160e+02,2.832775950851860216e+02,2.858767466141725890e+02,2.837457184716444658e+02,1.508716645103753253e+05,3.276779515694560274e+00,1.292235645962930946e+01
2.310000000000000000e+03,7.890000000000000000e+03,2.836924828278359314e+02,2.802452024896311968e+02,2.744446674714733945e+02,2.681475989320416602e+02,2.770646757562212201e+02,2.663232550368906004e+02,2.819687211063083510e+02,2.691095580274810573e+02,2.692531047303907599e+02,2.825949794538684046e+02,2.832292922874921146e+02,2.857643016955332769e+02,2.836262515605887415e+02,1.507756739759163465e+05,3.276779515694560274e+00,1.287583672587589589e+01
2.320000000000000000e+03,7.900000000000000000e+03,2.836825257733905801e+02,2.800486654819443402e+02,2.742016723907748883e+02,2.679044792052859520e+02,2.768459859239040952e+02,2.661716309707101686e+02,2.815207303210390819e+02,2.689263875046602834e+02,2.690699591478460206e+02,2.824803136150571845e+02,2.831805303571894683e+02,2.856512131108010522e+02,2.835059625086455526e+02,1.506801434022855829e+05,3.276779515694560274e+00,1.282984063053639900e+01
2.330000000000000000e+03,7.910000000000000000e+03,2.836717970177421648e+02,2.798524854765215650e+02,2.739602928604937233e+02,2.676630088747179457e+02,2.766288264494623945e+02,2.660200912577367944e+02,2.810794026162764112e+02,2.687437180915886756e+02,2.688872908439768139e+02,2.823650159602162830e+02,2.831313175974063938e+02,2.855375050853026551e+02,2.833848785356096869e+02,1.505850676662528422e+05,3.276779515694560274e+00,1.278435685392034493e+01
2.340000000000000000e+03,7.920000000000000000e+03,2.836603042022969134e+02,2.796566853891748679e+02,2.737205111890993976e+02,2.674231705078917116e+02,2.764131766102469214e+02,2.658686500617293405e+02,2.806445732148529260e+02,2.685615572306921877e+02,2.687051073352457706e+02,2.822491108299624898e+02,2.830816620183610439e+02,2.854232011059594925e+02,2.832630261904228064e+02,1.504904417539659771e+05,3.276779515694560274e+00,1.273937446479525448e+01
2.350000000000000000e+03,7.930000000000000000e+03,2.836480549082656921e+02,2.794612867657425568e+02,2.734823099452881934e+02,2.671849468360002788e+02,2.761990161214358181e+02,2.657173209555769517e+02,2.802160828065360079e+02,2.683799119227340952e+02,2.685234157016246286e+02,2.821326218929062861e+02,2.830315713550203327e+02,2.853083239446817743e+02,2.831404313695934434e+02,1.503962607571780100e+05,3.276779515694560274e+00,1.269488290184527912e+01
2.360000000000000000e+03,7.940000000000000000e+03,2.836350566529141020e+02,2.792663098366703025e+02,2.732456719468145252e+02,2.669483207566215128e+02,2.759863251319108031e+02,2.655661169459361872e+02,2.797937773268638466e+02,2.681987887438086773e+02,2.683422226065197833e+02,2.820155721643130278e+02,2.829810531024636475e+02,2.851928956840421279e+02,2.830171193339253932e+02,1.503025198696601146e+05,3.276779515694560274e+00,1.265087195684966126e+01
2.370000000000000000e+03,7.950000000000000000e+03,2.836213168958359461e+02,2.790717736325390774e+02,2.730105802561791961e+02,2.667132753368815088e+02,2.757750842082472218e+02,2.654150504967801680e+02,2.793775077468987433e+02,2.680181938650107440e+02,2.681615343156769313e+02,2.818979840281327824e+02,2.829301144741908161e+02,2.850769377419950388e+02,2.828931147263717207e+02,1.502092143839885248e+05,3.276779515694560274e+00,1.260733175876604051e+01
2.380000000000000000e+03,7.960000000000000000e+03,2.836068430380312293e+02,2.788776959972624354e+02,2.727770181863612606e+02,2.664797938156480086e+02,2.755652743230413080e+02,2.652641335518370056e+02,2.789671298459535365e+02,2.678381330709340773e+02,2.679813567210132419e+02,2.817798792526560874e+02,2.828787624554421427e+02,2.849604708939817783e+02,2.827684415880764845e+02,1.501163396881527733e+05,3.276779515694560274e+00,1.256425275826967791e+01
2.390000000000000000e+03,7.970000000000000000e+03,2.835916424161562759e+02,2.786840936538284836e+02,2.725449692631737548e+02,2.662478596045658037e+02,2.753568768419516459e+02,2.651133775560019785e+02,2.785625040956875864e+02,2.676586117769689963e+02,2.678016953348650304e+02,2.816612790086601308e+02,2.828270038281150960e+02,2.848435152950564770e+02,2.826431233739226627e+02,1.500238912626143720e+05,3.276779515694560274e+00,1.252162571460941365e+01
2.400000000000000000e+03,7.980000000000000000e+03,2.835757223043046906e+02,2.784909823184821107e+02,2.723144172710914290e+02,2.660174562908853204e+02,2.751498735107858238e+02,2.649627934755525303e+02,2.781634953440943150e+02,2.674796350466137937e+02,2.676225553412882050e+02,2.815422038881536082e+02,2.827748451651691539e+02,2.847260904861806807e+02,2.825171829707339270e+02,1.499318646772629581e+05,3.276779515694560274e+00,1.247944168018841182e+01
2.410000000000000000e+03,7.990000000000000000e+03,2.835590899149062807e+02,2.782983765849743349e+02,2.720853462290733660e+02,2.657885676386293881e+02,2.749442464515064444e+02,2.648123918177508358e+02,2.777699727407468799e+02,2.673012076067125236e+02,2.674439415884822324e+02,2.814226739180675168e+02,2.827222928420939070e+02,2.846082154805539517e+02,2.823906427034712578e+02,1.498402555886430200e+05,3.276779515694560274e+00,1.243769198937032527e+01
2.420000000000000000e+03,8.000000000000000000e+03,2.835417523997109015e+02,2.781062902095517302e+02,2.718577403676359836e+02,2.655611775891278512e+02,2.747399781429172663e+02,2.646621826487228191e+02,2.773818095357475499e+02,2.671233338605635481e+02,2.672658586098613114e+02,2.813027085830130432e+02,2.826693530492132140e+02,2.844899086777016350e+02,2.822635243605860751e+02,1.497490597373079800e+05,3.276779515694560274e+00,1.239636824577078578e+01
2.430000000000000000e+03,8.010000000000000000e+03,2.835237168451640173e+02,2.779147360020706401e+02,2.716315841541113514e+02,2.653352702628769748e+02,2.745370514155214323e+02,2.645121756125551542e+02,2.769988829077926766e+02,2.669460179086913740e+02,2.670883106373003102e+02,2.811823268292168905e+02,2.826160318091320960e+02,2.843711879562094396e+02,2.821358492023670124e+02,1.496582729451595224e+05,3.276779515694560274e+00,1.235546231082237512e+01
2.440000000000000000e+03,8.020000000000000000e+03,2.835049902888437146e+02,2.777237259447509814e+02,2.714068622638164925e+02,2.651108299563698552e+02,2.743354494401650641e+02,2.643623799468603579e+02,2.766210738262219593e+02,2.667692635555764582e+02,2.669113016148816655e+02,2.810615470928942159e+02,2.825623349485496192e+02,2.842520706728364530e+02,2.820076379754510754e+02,1.495678911130310735e+05,3.276779515694560274e+00,1.231496629281762445e+01
2.450000000000000000e+03,8.030000000000000000e+03,2.834855796934609202e+02,2.775332710915481584e+02,2.711835595997387145e+02,2.648878411481463218e+02,2.741351557185182628e+02,2.642128044994119591e+02,2.762482669057920930e+02,2.665930743240385254e+02,2.667348352114839258e+02,2.809403873020515903e+02,2.825082682357382851e+02,2.841325736768436059e+02,2.818789109248530167e+02,1.494779102182854258e+05,3.276779515694560274e+00,1.227487253695459835e+01
2.460000000000000000e+03,8.040000000000000000e+03,2.834654919669687274e+02,2.773433819744798257e+02,2.709616612734125738e+02,2.646662884946547933e+02,2.739361540744096146e+02,2.640634577434418588e+02,2.758803502595011992e+02,2.664174534734017925e+02,2.665589148341165924e+02,2.808188649080867094e+02,2.824538370684986148e+02,2.840127133359446816e+02,2.817496878102847973e+02,1.493883263126024394e+05,3.276779515694560274e+00,1.223517361547792959e+01
2.470000000000000000e+03,8.050000000000000000e+03,2.834447339551405776e+02,2.771540681441888410e+02,2.707411526066943566e+02,2.644461568312681834e+02,2.737384286450120499e+02,2.639143477924487797e+02,2.755172153685408603e+02,2.662424040043100604e+02,2.663835436388158655e+02,2.806969968797358206e+02,2.823990469145056181e+02,2.838925055398050858e+02,2.816199879149837670e+02,1.492991355197227676e+05,3.276779515694560274e+00,1.219586231830305678e+01
2.480000000000000000e+03,8.060000000000000000e+03,2.834233124445390786e+02,2.769653385415612661e+02,2.705220191277817321e+02,2.642274311716780062e+02,2.735419638719102977e+02,2.637654824140477103e+02,2.751587569553057619e+02,2.660679286724791268e+02,2.662087245413974301e+02,2.805747997279332822e+02,2.823439030345020342e+02,2.837719657224768639e+02,2.814898300587082645e+02,1.492103340334256645e+05,3.276779515694560274e+00,1.215693164423174011e+01
2.490000000000000000e+03,8.070000000000000000e+03,2.834012341614218826e+02,2.767772014456852503e+02,2.703042465676947472e+02,2.640100967076676852e+02,2.733467444932344392e+02,2.636168690438059912e+02,2.748048728621951113e+02,2.658940300000356842e+02,2.660344602282909818e+02,2.804522895159446421e+02,2.822884105593878985e+02,2.836511088760577195e+02,2.813592326097232217e+02,1.491219181154747785e+05,3.276779515694560274e+00,1.211837479267492412e+01
2.500000000000000000e+03,8.080000000000000000e+03,2.833785057724062995e+02,2.765896645073434570e+02,2.700878208568931313e+02,2.637941388084977348e+02,2.731527555355320374e+02,2.634685147976449002e+02,2.744554639357005499e+02,2.657207102853897140e+02,2.658607531668950514e+02,2.803294818721498132e+02,2.822325744973434212e+02,2.835299495650621111e+02,2.812282134961177462e+02,1.490338840937172645e+05,3.276779515694560274e+00,1.208018515568244311e+01
2.510000000000000000e+03,8.090000000000000000e+03,2.833551338848905630e+02,2.764027347806559192e+02,2.698727281220756709e+02,2.635795430198975282e+02,2.729599823062951600e+02,2.633204264844516160e+02,2.741104339158912921e+02,2.655479716134020691e+02,2.656876056148805674e+02,2.802063920020589194e+02,2.821763997396484456e+02,2.834085019398737586e+02,2.810967902169381318e+02,1.489462283602563548e+05,3.276779515694560274e+00,1.204235631043474086e+01
2.520000000000000000e+03,8.100000000000000000e+03,2.833311250473515770e+02,2.762164187532806636e+02,2.696589546827731283e+02,2.633662950632345314e+02,2.727684103865497605e+02,2.631726106176990925e+02,2.737696893303082106e+02,2.653758158640650322e+02,2.655150196297172442e+02,2.800830346998332061e+02,2.821198910665374342e+02,2.832867797498015534e+02,2.809649798526097584e+02,1.488589473696167115e+05,3.276779515694560274e+00,1.200488201203759431e+01
2.530000000000000000e+03,8.110000000000000000e+03,2.833064857494844091e+02,2.760307223755289669e+02,2.694464870480413765e+02,2.631543808346352762e+02,2.725780256234870649e+02,2.630250734268043971e+02,2.734331393929581964e+02,2.652042447221907082e+02,2.653429970770711748e+02,2.799594243597431387e+02,2.820630531520499744e+02,2.831647963561493953e+02,2.808327990756176860e+02,1.487720376370590820e+05,3.276779515694560274e+00,1.196775618670561236e+01
2.540000000000000000e+03,8.120000000000000000e+03,2.832812224226953504e+02,2.758456510385423144e+02,2.692353119133747441e+02,2.629437864037753343e+02,2.723888141239060587e+02,2.628778208677908310e+02,2.731006959076092357e+02,2.650332596831640330e+02,2.651715396392028765e+02,2.798355750327263536e+02,2.820058905665998168e+02,2.830425647432563210e+02,2.807002641599513595e+02,1.486854957369289477e+05,3.276779515694560274e+00,1.193097292522422315e+01
2.550000000000000000e+03,8.130000000000000000e+03,2.832553414408906178e+02,2.756612097992679651e+02,2.690254161578636740e+02,2.627344980127551253e+02,2.722007622474895925e+02,2.627308586339433987e+02,2.727722731749939840e+02,2.648628620700084184e+02,2.650006488234293442e+02,2.797115002548423490e+02,2.819484077911856161e+02,2.829200975331876862e+02,2.805673909921296172e+02,1.485993183011346555e+05,3.276779515694560274e+00,1.189452647694211151e+01
2.560000000000000000e+03,8.140000000000000000e+03,2.832288491204219554e+02,2.754774031109124621e+02,2.688167868380155028e+02,2.625265020735141661e+02,2.720138566002302127e+02,2.625841921635789049e+02,2.724477879039866934e+02,2.646930530291422201e+02,2.648303259692228835e+02,2.795872133307395302e+02,2.818906092081492716e+02,2.827974069942704887e+02,2.804341950807336161e+02,1.485135020175043028e+05,3.276779515694560274e+00,1.185841124355977350e+01
2.570000000000000000e+03,8.150000000000000000e+03,2.832017517208046797e+02,2.752942350169967085e+02,2.686094111941126812e+02,2.623197851700484193e+02,2.718280840282127997e+02,2.624378266558053951e+02,2.721271591273425088e+02,2.645238335444077507e+02,2.646605722555978559e+02,2.794627271625845424e+02,2.818324991132611785e+02,2.826745050523430223e+02,2.803006915628786828e+02,1.484280436284127645e+05,3.276779515694560274e+00,1.182262177381753787e+01
2.580000000000000000e+03,8.160000000000000000e+03,2.831740554447343925e+02,2.751117091699329649e+02,2.684032766349613439e+02,2.621143340531752983e+02,2.716434316117411640e+02,2.622917670715993381e+02,2.718103081197933761e+02,2.643552044435097628e+02,2.644913887086055411e+02,2.793380543037005737e+02,2.817740817179187616e+02,2.825514033021979685e+02,2.801668952166230042e+02,1.483429399293111055e+05,3.276779515694560274e+00,1.178715275793221373e+01
2.590000000000000000e+03,8.170000000000000000e+03,2.831457664392031006e+02,2.749298288214101831e+02,2.681983707427528998e+02,2.619101356408423840e+02,2.714598866593595972e+02,2.621460181473864850e+02,2.714971583203614500e+02,2.641871664045893340e+02,2.643227762070137601e+02,2.792132069685064266e+02,2.817153611530212061e+02,2.824281130171689256e+02,2.800328204682425621e+02,1.482581877673963900e+05,3.276779515694560274e+00,1.175199902254248130e+01
2.600000000000000000e+03,8.180000000000000000e+03,2.831168907953281177e+02,2.747485968665084783e+02,2.679946812644310512e+02,2.617071770139816635e+02,2.712774367022860815e+02,2.620005844009535849e+02,2.711876352577908733e+02,2.640197199624826681e+02,2.641547354893141915e+02,2.790881970429232979e+02,2.816563414725029588e+02,2.823046451593796746e+02,2.798984814007192199e+02,1.481737840402915317e+05,3.276779515694560274e+00,1.171715552574554309e+01
2.610000000000000000e+03,8.190000000000000000e+03,2.830874345489297070e+02,2.745680158212344395e+02,2.677921961186810904e+02,2.615054454208934089e+02,2.710960694889463412e+02,2.618554701423169604e+02,2.708816664788109847e+02,2.638528655151706062e+02,2.639872671596925784e+02,2.789630360905965745e+02,2.815970266555407306e+02,2.821810103889503125e+02,2.797638917622794565e+02,1.480897256947343412e+05,3.276779515694560274e+00,1.168261735261391898e+01
2.620000000000000000e+03,8.200000000000000000e+03,2.830574036817265551e+02,2.743880878810185777e+02,2.675909033835106356e+02,2.613049282698497677e+02,2.709157729798691889e+02,2.617106794793895688e+02,2.705791814799966915e+02,2.636866033298799721e+02,2.638203716936752130e+02,2.788377353632402560e+02,2.815374206106006341e+02,2.820572190725639530e+02,2.796290649741023344e+02,1.480060097254528955e+05,3.276779515694560274e+00,1.164837971062392796e+01
2.630000000000000000e+03,8.210000000000000000e+03,2.830268041202421614e+02,2.742088149497025142e+02,2.673907912902620296e+02,2.611056131295406431e+02,2.707365353391190865e+02,2.615662163247938565e+02,2.702801116375415518e+02,2.635209335480546997e+02,2.636540494438333440e+02,2.787123058131872995e+02,2.814775271794910623e+02,2.819332812940931490e+02,2.794940141381237027e+02,1.479226331738444278e+05,3.276779515694560274e+00,1.161443792517831675e+01
2.640000000000000000e+03,8.220000000000000000e+03,2.829956417379843856e+02,2.740301985523392432e+02,2.671918482469080800e+02,2.609074877273855009e+02,2.705583449404054477e+02,2.614220844060029094e+02,2.699843901581378987e+02,2.633558561918125633e+02,2.634883006450498328e+02,2.785867580887666577e+02,2.814173501337787684e+02,2.818092068594582997e+02,2.793587520493077250e+02,1.478395931269687135e+05,3.276779515694560274e+00,1.158078743623047302e+01
2.650000000000000000e+03,8.230000000000000000e+03,2.829639223549218627e+02,2.738522400149752798e+02,2.669940627956319759e+02,2.607105399477001697e+02,2.703811903465015121e+02,2.612782872682464586e+02,2.696919519989321543e+02,2.631913711691371418e+02,2.633231254195127349e+02,2.784611025566717899e+02,2.813568931866840330e+02,2.816850053092053372e+02,2.792232911907835842e+02,1.477568867163629620e+05,3.276779515694560274e+00,1.154742379354434867e+01
2.660000000000000000e+03,8.240000000000000000e+03,2.829316517377266109e+02,2.736749403461227530e+02,2.667974236418511964e+02,2.605147578298801818e+02,2.702050603174317303e+02,2.611348282834851489e+02,2.694027338226811139e+02,2.630274782778644749e+02,2.631585237817767506e+02,2.783353493014273567e+02,2.812961599890303432e+02,2.815606859231679664e+02,2.790876437539610038e+02,1.476745111169722222e+05,3.276779515694560274e+00,1.151434265350079045e+01
2.670000000000000000e+03,8.250000000000000000e+03,2.828988356013984458e+02,2.734983003146123792e+02,2.666019196376347509e+02,2.603201295669335309e+02,2.700299437992540561e+02,2.609917106566136908e+02,2.691166739373218206e+02,2.628641772109893964e+02,2.629944956435266477e+02,2.782095081328689616e+02,2.812351541338935590e+02,2.814362577294767220e+02,2.789518216385875462e+02,1.475924635462171864e+05,3.276779515694560274e+00,1.148153977534407133e+01
2.680000000000000000e+03,8.260000000000000000e+03,2.828654796083984593e+02,2.733223203469847249e+02,2.664075398037612104e+02,2.601266435123799283e+02,2.698558299215799821e+02,2.608489374462966452e+02,2.688337122429704777e+02,2.627014675639361485e+02,2.628310408174559711e+02,2.780835885972354617e+02,2.811738791548843324e+02,2.813117295108427811e+02,2.788158364626426078e+02,1.475107412630889157e+05,3.276779515694560274e+00,1.144901101846571301e+01
2.690000000000000000e+03,8.270000000000000000e+03,2.828315893699609092e+02,2.731470009335068880e+02,2.662142732359917545e+02,2.599342881434341166e+02,2.696827079930972673e+02,2.607065115073697257e+02,2.685537901804271996e+02,2.625393488312128056e+02,2.626681590221424472e+02,2.779575999917509534e+02,2.811123385380805075e+02,2.811871098138052503e+02,2.786796995677291306e+02,1.474293415663897467e+05,3.276779515694560274e+00,1.141675233664773970e+01
2.700000000000000000e+03,8.280000000000000000e+03,2.827971704463749347e+02,2.729723420458961982e+02,2.660221092483508301e+02,2.597430521086614021e+02,2.695105674978985917e+02,2.605644355934617806e+02,2.682768506816656213e+02,2.623778204162138081e+02,2.625058498860433360e+02,2.778315513511702193e+02,2.810505357133675375e+02,2.810624069543051746e+02,2.785434220261395240e+02,1.473482617951207503e+05,3.276779515694560274e+00,1.138475977819099683e+01
2.710000000000000000e+03,8.290000000000000000e+03,2.827622283471093851e+02,2.727983435578281615e+02,2.658310372660911298e+02,2.595529241974979868e+02,2.693393980911406516e+02,2.604227122974317581e+02,2.680028381220515712e+02,2.622168816380844305e+02,2.623441129511284089e+02,2.777054514634872930e+02,2.809884740600386976e+02,2.809376290238530487e+02,2.784070146463111541e+02,1.472674993266467936e+05,3.276779515694560274e+00,1.135302948130048151e+01
2.720000000000000000e+03,8.300000000000000000e+03,2.827267685320077817e+02,2.726250051460641544e+02,2.656410468528194997e+02,2.593638933429072040e+02,2.691691895952450295e+02,2.602813440722480323e+02,2.677316982747817065e+02,2.620565317313693185e+02,2.621829476768621134e+02,2.775793088817499665e+02,2.809261569089344448e+02,2.808127838961113980e+02,2.782704879794509907e+02,1.471870515761233110e+05,3.276779515694560274e+00,1.132155767129382973e+01
2.730000000000000000e+03,8.310000000000000000e+03,2.826907964111093747e+02,2.724523263054745712e+02,2.654521277078642925e+02,2.591759486204342693e+02,2.689999319961249853e+02,2.601403332363173035e+02,2.674633782665417243e+02,2.618967698504010286e+02,2.620223534436036630e+02,2.774531319246425483e+02,2.808635875438777703e+02,2.806878792337313371e+02,2.781338523253066342e+02,1.471069159955862560e+05,3.276779515694560274e+00,1.129034065790047592e+01
2.740000000000000000e+03,8.320000000000000000e+03,2.826543173448437756e+02,2.722803063507291199e+02,2.652642696637711879e+02,2.589890792462321656e+02,2.688316154396299567e+02,2.599996819782181205e+02,2.671978265353743609e+02,2.617375950728830958e+02,2.618623295561018836e+02,2.773269286904989031e+02,2.808007692027999269e+02,2.805629224935116781e+02,2.779971177381225971e+02,1.470270900731126312e+05,3.276779515694560274e+00,1.125937483261433414e+01
2.750000000000000000e+03,8.330000000000000000e+03,2.826173366457265956e+02,2.721089444405748736e+02,2.650774626843285660e+02,2.588032745753321819e+02,2.686642302279269643e+02,2.598593923613862557e+02,2.669349927897533234e+02,2.615790064035937803e+02,2.617028752470236554e+02,2.772007070501347812e+02,2.807377050800790244e+02,2.804379209331723359e+02,2.778602940325221198e+02,1.469475713321663789e+05,3.276779515694560274e+00,1.122865666617332359e+01
2.760000000000000000e+03,8.340000000000000000e+03,2.825798595773827628e+02,2.719382395724788921e+02,2.648916968623832418e+02,2.586185240999274129e+02,2.684977668160144049e+02,2.597194663284603848e+02,2.666748279695394785e+02,2.614210027775024514e+02,2.615439896797998927e+02,2.770744746643482017e+02,2.806743983269903424e+02,2.803128816161099621e+02,2.777233907883324946e+02,1.468683573306475009e+05,3.276779515694560274e+00,1.119818270609093958e+01
2.770000000000000000e+03,8.350000000000000000e+03,2.825418913561405816e+02,2.717681906142735215e+02,2.647069624153383529e+02,2.584348174476122040e+02,2.683322158071005674e+02,2.595799057054833838e+02,2.664172842072468939e+02,2.612635830629547513e+02,2.613856719519574199e+02,2.769482389801033833e+02,2.806108520538264770e+02,2.801878114176519148e+02,2.775864173564912107e+02,1.467894456603083527e+05,3.276779515694560274e+00,1.116794957429025104e+01
2.780000000000000000e+03,8.360000000000000000e+03,2.825034371505156514e+02,2.715987963070276692e+02,2.645232496905591120e+02,2.582521443794735205e+02,2.681675679537011092e+02,2.594407122062191320e+02,2.661623147938619240e+02,2.611067460648015413e+02,2.612279210995863536e+02,2.768220072436556620e+02,2.805470693308875525e+02,2.800627170311780105e+02,2.774493828296347147e+02,1.467108339459004346e+05,3.276779515694560274e+00,1.113795396500665191e+01
2.790000000000000000e+03,8.370000000000000000e+03,2.824645020824453354e+02,2.714300551549017086e+02,2.643405491540712546e+02,2.580704947883507430e+02,2.680038141491679085e+02,2.593018874359232768e+02,2.659098741416637495e+02,2.609504905272049200e+02,2.610707360931411927e+02,2.766957864994287775e+02,2.804830531880566014e+02,2.799376049665327173e+02,2.773122961967749234e+02,1.466325198445666756e+05,3.276779515694560274e+00,1.110819264233793824e+01
2.800000000000000000e+03,8.380000000000000000e+03,2.824250912270624667e+02,2.712619656686624694e+02,2.641588513938201004e+02,2.578898586970681208e+02,2.678409454274397490e+02,2.591634328954195325e+02,2.656599177510886989e+02,2.607948151357889515e+02,2.609141158505225917e+02,2.765695836068409790e+02,2.804188066179066254e+02,2.798124815654967961e+02,2.771751661089255094e+02,1.465545010451072012e+05,3.276779515694560274e+00,1.107866243840884124e+01
2.810000000000000000e+03,8.390000000000000000e+03,2.823852096139843866e+02,2.710945261978072836e+02,2.639781471172193505e+02,2.577102262569978279e+02,2.676789529593854695e+02,2.590253499842109477e+02,2.654124021784853653e+02,2.606397185214651131e+02,2.607580592332164429e+02,2.764434052273995803e+02,2.803543325767880106e+02,2.796873529999328412e+02,2.770380010538525539e+02,1.464767752673676005e+05,3.276779515694560274e+00,1.104936025125549293e+01
2.820000000000000000e+03,8.400000000000000000e+03,2.823448622266406574e+02,2.709277349969105444e+02,2.637984271447330684e+02,2.575315877433559422e+02,2.675178280501560266e+02,2.588876400047388415e+02,2.651672850032360884e+02,2.604851992622751595e+02,2.606025650499256017e+02,2.763172578425622419e+02,2.802896339850822187e+02,2.795622252780944450e+02,2.769008093160799717e+02,1.463993402615537343e+05,3.276779515694560274e+00,1.102028304284214855e+01
2.830000000000000000e+03,8.410000000000000000e+03,2.823040540038593917e+02,2.707615901854541107e+02,2.636196824201640538e+02,2.573539335611114893e+02,2.673575621362937227e+02,2.587503041653618538e+02,2.649245248011905005e+02,2.603312558860095010e+02,2.604476320589165539e+02,2.761911477545562548e+02,2.802247137280646143e+02,2.794371042480023561e+02,2.767635989787653443e+02,1.463221938076482911e+05,3.276779515694560274e+00,1.099142783742331986e+01
2.840000000000000000e+03,8.420000000000000000e+03,2.822627898393280930e+02,2.705960898062515980e+02,2.634419039958006579e+02,2.571772542349663127e+02,2.671981467833588226e+02,2.586133435843224788e+02,2.646840811119139403e+02,2.601778868724470613e+02,2.602932589710983962e+02,2.760650810913064106e+02,2.801595746570279175e+02,2.793119956026042132e+02,2.766263779303355363e+02,1.462453337147635175e+05,3.276779515694560274e+00,1.096279171957524667e+01
2.850000000000000000e+03,8.430000000000000000e+03,2.822210745824140758e+02,2.704312318303024085e+02,2.632650830308550667e+02,2.570015404114419653e+02,2.670395736804212561e+02,2.584767592890486867e+02,2.644459144113504863e+02,2.600250906558455881e+02,2.601394444509478490e+02,2.759390638104507616e+02,2.800942195903187439e+02,2.791869048847975705e+02,2.764891538736818575e+02,1.461687578205986647e+05,3.276779515694560274e+00,1.093437183236890853e+01
2.860000000000000000e+03,8.440000000000000000e+03,2.821789130390312152e+02,2.702670142091799903e+02,2.630892107870157588e+02,2.568267828566978324e+02,2.668818346372146380e+02,2.583405522157201517e+02,2.642099860858899092e+02,2.598728656251646498e+02,2.599861871205787338e+02,2.758131017124117648e+02,2.800286513168689453e+02,2.790618374887177424e+02,2.763519342945643302e+02,1.460924639908687677e+05,3.276779515694560274e+00,1.090616537558291199e+01
2.870000000000000000e+03,8.450000000000000000e+03,2.821363099710390543e+02,2.701034345234645571e+02,2.629142786810471648e+02,2.566529724549335469e+02,2.667249215993886082e+02,2.582047232509955847e+02,2.639762584048730787e+02,2.597212101306293448e+02,2.598334855571300182e+02,2.756872004146028416e+02,2.799628725869196160e+02,2.789367986680465492e+02,2.762147265803392884e+02,1.460164501186746056e+05,3.276779515694560274e+00,1.087816960544087586e+01
2.880000000000000000e+03,8.460000000000000000e+03,2.820932700975156422e+02,2.699404906007383147e+02,2.627402781814092236e+02,2.564801002066329261e+02,2.665688266167524603e+02,2.580692731688892536e+02,2.637446944960427118e+02,2.595701224841244539e+02,2.596813383011929091e+02,2.755613653949497461e+02,2.798968861247240056e+02,2.788117935361500486e+02,2.760775378525939345e+02,1.459407141240713536e+05,3.276779515694560274e+00,1.085038183119414867e+01
2.890000000000000000e+03,8.470000000000000000e+03,2.820497980949609769e+02,2.697781800865657260e+02,2.625672008821669579e+02,2.563081572270803576e+02,2.664135418578794656e+02,2.579342026784053132e+02,2.635152583209155637e+02,2.594196009571577406e+02,2.595297438545737236e+02,2.754356019738854684e+02,2.798306946244526898e+02,2.786868270701291976e+02,2.759403750919314007e+02,1.458652539534913376e+05,3.276779515694560274e+00,1.082279941451332661e+01
2.900000000000000000e+03,8.480000000000000000e+03,2.820058985974687857e+02,2.696165005581738683e+02,2.623950384798694131e+02,2.561371347446706750e+02,2.662590596053464651e+02,2.577995124154195992e+02,2.632879146509018256e+02,2.592696437863431242e+02,2.593787006830359019e+02,2.753099153237582186e+02,2.797643007505060950e+02,2.785619041178630368e+02,2.758032451082178227e+02,1.457900675792338443e+05,3.276779515694560274e+00,1.079541976803840697e+01
2.910000000000000000e+03,8.490000000000000000e+03,2.819615761970391077e+02,2.694554495579928357e+02,2.622237827691657230e+02,2.559670240961025627e+02,2.661053722537943713e+02,2.576652029452008037e+02,2.630626290440944786e+02,2.591202491740858704e+02,2.592282072178942371e+02,2.751843104669968625e+02,2.796977071392982452e+02,2.784370293944862738e+02,2.756661545460800653e+02,1.457151529989622359e+05,3.276779515694560274e+00,1.076824035388381162e+01
2.920000000000000000e+03,8.500000000000000000e+03,2.819168354447109550e+02,2.692950245132460623e+02,2.620534256554250874e+02,2.557978167356366157e+02,2.659524723064730551e+02,2.575312747646612479e+02,2.628393678269829934e+02,2.589714152912349618e+02,2.590782618576502614e+02,2.750587922888429375e+02,2.796309163975203660e+02,2.783122074946794555e+02,2.755291098867409119e+02,1.456405082352646568e+05,3.276779515694560274e+00,1.074125868261343797e+01
2.930000000000000000e+03,8.510000000000000000e+03,2.818716808500000184e+02,2.691352228519111804e+02,2.618839591319834881e+02,2.556295042191346454e+02,2.658003523737859268e+02,2.573977283047248648e+02,2.626180980678077503e+02,2.588231402785904720e+02,2.589288629698349382e+02,2.749333655318932870e+02,2.795639311050161950e+02,2.781874428884291888e+02,2.753921174531137126e+02,1.455661313351196004e+05,3.276779515694560274e+00,1.071447231157889490e+01
2.940000000000000000e+03,8.520000000000000000e+03,2.818261168820469038e+02,2.689760419407125482e+02,2.617153752923552474e+02,2.554620782110644654e+02,2.656490051709061504e+02,2.572645639328219431e+02,2.623987875590003114e+02,2.586754222475173037e+02,2.587800088923374346e+02,2.748080348063191423e+02,2.794967538135995255e+02,2.780627399272629532e+02,2.752551834123438539e+02,1.454920203695188684e+05,3.276779515694560274e+00,1.068787884382095577e+01
2.950000000000000000e+03,8.530000000000000000e+03,2.817801479697968716e+02,2.688174790474352562e+02,2.615476663260062651e+02,2.552955304810088251e+02,2.654984235160507069e+02,2.571317819548405055e+02,2.621814047966208818e+02,2.585282592814410805e+02,2.586316979339859472e+02,2.746828045877018099e+02,2.794293870818212326e+02,2.779381028464288192e+02,2.751183137925179949e+02,1.454181734329451865e+05,3.276779515694560274e+00,1.066147592684782985e+01
2.960000000000000000e+03,8.540000000000000000e+03,2.817337785018594332e+02,2.686595315346305597e+02,2.613808245162906587e+02,2.551298529023597155e+02,2.653486003280748946e+02,2.569993826175152662e+02,2.619659189616465937e+02,2.583816494391785454e+02,2.584839283789906972e+02,2.745576792277018967e+02,2.793618333567807781e+02,2.778135357727020391e+02,2.749815144405966976e+02,1.453445886429751408e+05,3.276779515694560274e+00,1.063526125156989011e+01
2.970000000000000000e+03,8.550000000000000000e+03,2.816870128274296690e+02,2.685021966026396285e+02,2.612148422393253213e+02,2.549650374506475714e+02,2.651995286248259731e+02,2.568673661104302823e+02,2.617522999010232638e+02,2.582355907544631464e+02,2.583366984847590970e+02,2.744326629499665842e+02,2.792940951364099647e+02,2.776890427200548288e+02,2.748447910875481170e+02,1.452712641398743144e+05,3.276779515694560274e+00,1.060923255108780339e+01
2.980000000000000000e+03,8.560000000000000000e+03,2.816398552562890245e+02,2.683454714525156533e+02,2.610497119626244285e+02,2.548010762022335598e+02,2.650512015211229482e+02,2.567357325679033693e+02,2.615405181097012246e+02,2.580900812377839770e+02,2.581900064847333738e+02,2.743077598569981319e+02,2.792261748728400335e+02,2.775646275955016336e+02,2.747081493145017248e+02,1.451981980861457414e+05,3.276779515694560274e+00,1.058338759962186515e+01
2.990000000000000000e+03,8.570000000000000000e+03,2.815923100595547339e+02,2.681893532513359446e+02,2.608854262434444991e+02,2.546379613326594153e+02,2.649036122268573763e+02,2.566044820708696079e+02,2.613305447136140174e+02,2.579451188777915718e+02,2.580438505896549941e+02,2.741829739318959582e+02,2.791580749926408771e+02,2.774402942053939682e+02,2.745715945631054069e+02,1.451253886661490542e+05,3.276779515694560274e+00,1.055772421147845641e+01
3.000000000000000000e+03,8.580000000000000000e+03,2.815443814701718566e+02,2.680338391426500948e+02,2.607219777280436119e+02,2.544756851155064510e+02,2.647567540453479751e+02,2.564736146490319584e+02,2.611223514526020608e+02,2.578007016424954827e+02,2.578982289887366051e+02,2.740583090421681618e+02,2.790897978979280083e+02,2.773160462494715262e+02,2.744351321383765026e+02,1.450528340857340372e+05,3.276779515694560274e+00,1.053224024006330239e+01
3.010000000000000000e+03,8.590000000000000000e+03,2.814960736826405991e+02,2.678789262360035650e+02,2.605593591485540514e+02,2.543142399198405883e+02,2.646106203714536491e+02,2.563431302823398710e+02,2.609159106634557475e+02,2.576568274806752470e+02,2.577531398503891751e+02,2.739337689418618993e+02,2.790213459687026898e+02,2.771918873313219365e+02,2.742987672202497151e+02,1.449805325718086387e+05,3.276779515694560274e+00,1.050693357682234463e+01
3.020000000000000000e+03,8.600000000000000000e+03,2.814473908541093579e+02,2.677246116408499574e+02,2.603975633248101076e+02,2.541536182108453090e+02,2.644652046898602293e+02,2.562130289029882988e+02,2.607111952656798053e+02,2.575134943233136937e+02,2.576085813243105349e+02,2.738093572615994731e+02,2.789527215598293424e+02,2.770678209594572081e+02,2.741625048456419904e+02,1.449084823720248824e+05,3.276779515694560274e+00,1.048180215042193808e+01
3.030000000000000000e+03,8.610000000000000000e+03,2.813983371037187453e+02,2.675708923878183896e+02,2.602365831613375349e+02,2.539938125473827313e+02,2.643205005735479176e+02,2.560833103968742535e+02,2.605081787458438498e+02,2.573707000826490798e+02,2.574645515415358545e+02,2.736850775664670437e+02,2.788839270027201565e+02,2.769438505453358630e+02,2.740263499326652550e+02,1.448366817543329671e+05,3.276779515694560274e+00,1.045684392574358235e+01
3.040000000000000000e+03,8.620000000000000000e+03,2.813489165142109414e+02,2.674177655491341739e+02,2.600764116435959181e+02,2.538348155800263157e+02,2.641765016807873394e+02,2.559539746053663407e+02,2.603068351406290617e+02,2.572284426564112323e+02,2.573210486160471646e+02,2.735609332751261036e+02,2.788149646104565136e+02,2.768199794081127720e+02,2.738903072742281779e+02,1.447651290067342343e+05,3.276779515694560274e+00,1.043205690296139210e+01
3.050000000000000000e+03,8.630000000000000000e+03,2.812991331313593832e+02,2.672652281367900287e+02,2.599170418442046184e+02,2.536766200506137920e+02,2.640332017578792261e+02,2.558250213269212168e+02,2.601071390273068573e+02,2.570867199269844718e+02,2.571780706454025562e+02,2.734369277153148232e+02,2.787458366671418162e+02,2.766962107879218138e+02,2.737543815411250989e+02,1.446938224368684459e+05,3.276779515694560274e+00,1.040743911687841639e+01
3.060000000000000000e+03,8.640000000000000000e+03,2.812489909644765476e+02,2.671132771739016789e+02,2.597584669124158268e+02,2.535192187903322178e+02,2.638905946319645750e+02,2.556964503184262014e+02,2.599090655044380469e+02,2.569455297628214225e+02,2.570356157120417038e+02,2.733130641170111517e+02,2.786765454413590533e+02,2.765725478251189315e+02,2.736185772859449798e+02,1.446227603716730955e+05,3.276779515694560274e+00,1.038298863586869203e+01
3.070000000000000000e+03,8.650000000000000000e+03,2.811984939869374784e+02,2.669619096598613623e+02,2.596006800788201190e+02,2.533626047189246719e+02,2.637486742126316699e+02,2.555682612968049341e+02,2.597125901817173599e+02,2.568048700191557145e+02,2.568936818840207366e+02,2.731893456130892446e+02,2.786070931780445221e+02,2.764489935801694855e+02,2.734828989449022743e+02,1.445519411570826196e+05,3.276779515694560274e+00,1.035870356117031932e+01
3.080000000000000000e+03,8.660000000000000000e+03,2.811476461366406170e+02,2.668111225780691029e+02,2.594436746527867399e+02,2.532067708431089272e+02,2.636074344900017081e+02,2.554404539404181946e+02,2.595176891661810714e+02,2.566647385390532463e+02,2.567522672159967669e+02,2.730657752412391233e+02,2.785374821009898483e+02,2.763255510345041444e+02,2.733473508402691436e+02,1.444813631577168126e+05,3.276779515694560274e+00,1.033458202610775878e+01
3.090000000000000000e+03,8.670000000000000000e+03,2.810964513158906470e+02,2.666609129157125722e+02,2.592874440170779735e+02,2.530517102522926791e+02,2.634668695330982473e+02,2.553130278875576096e+02,2.593243390496357961e+02,2.565251331542178264e+02,2.566113697501469915e+02,2.729423559471356384e+02,2.784677144287987289e+02,2.762022230789392552e+02,2.732119371835910897e+02,1.444110247565199097e+05,3.276779515694560274e+00,1.031062219520960177e+01
3.100000000000000000e+03,8.680000000000000000e+03,2.810449133917031190e+02,2.665112776522353784e+02,2.591319816504569644e+02,2.528974161299034051e+02,2.633269734928108505e+02,2.551859827491950057e+02,2.591325169000893993e+02,2.563860516868199966e+02,2.564709875176613423e+02,2.728190905865614013e+02,2.783977923032949207e+02,2.760790125090355787e+02,2.730766620677752599e+02,1.443409243544979254e+05,3.276779515694560274e+00,1.028682226417641665e+01
3.110000000000000000e+03,8.690000000000000000e+03,2.809930361972656101e+02,2.663622136988632860e+02,2.589772810713252511e+02,2.527438817329697258e+02,2.631877405824640732e+02,2.550593180928408401e+02,2.589422002344062435e+02,2.562474919482352220e+02,2.563311185362447304e+02,2.726959819254246895e+02,2.783277179277966979e+02,2.759559221250416385e+02,2.729415295120228961e+02,1.442710603704340174e+05,3.276779515694560274e+00,1.026318045764283582e+01
3.120000000000000000e+03,8.700000000000000000e+03,2.809408235304765640e+02,2.662137180493822370e+02,2.588233359025598475e+02,2.525911004040765420e+02,2.630491651043681713e+02,2.549330334561432778e+02,2.587533670310029379e+02,2.561094517416087228e+02,2.561917608153287915e+02,2.725730326456649664e+02,2.782574934278708270e+02,2.758329545582281526e+02,2.728065433950202987e+02,1.442014312404974480e+05,3.276779515694560274e+00,1.023969503005366732e+01
3.130000000000000000e+03,8.710000000000000000e+03,2.808882791558124836e+02,2.660657876585263466e+02,2.586701398275604333e+02,2.524390655667853025e+02,2.629112414279488803e+02,2.548071283425171600e+02,2.585659957023044626e+02,2.559719288620528630e+02,2.560529123547632366e+02,2.724502453463572920e+02,2.781871209313753184e+02,2.757101124038720172e+02,2.726717075077011145e+02,1.441320354181044095e+05,3.276779515694560274e+00,1.021636426422012889e+01
3.140000000000000000e+03,8.720000000000000000e+03,2.808354068034687998e+02,2.659184194641764520e+02,2.585176866081908429e+02,2.522877707233144235e+02,2.627739639995629659e+02,2.546816022285998713e+02,2.583800650872395863e+02,2.558349210974014625e+02,2.559145711454908678e+02,2.723276225435333799e+02,2.781166025359591458e+02,2.755873981848673111e+02,2.725370255412259439e+02,1.440628713735053316e+05,3.276779515694560274e+00,1.019318647096823582e+01
3.150000000000000000e+03,8.730000000000000000e+03,2.807822101704375086e+02,2.657716104165930915e+02,2.583659700727502013e+02,2.521372094562001109e+02,2.626373273320034514e+02,2.545564545579100866e+02,2.581955544424990876e+02,2.556984262288097227e+02,2.557767351701933194e+02,2.722051666732914441e+02,2.780459403295416223e+02,2.754648143536357452e+02,2.724025010888225324e+02,1.439939375936008291e+05,3.276779515694560274e+00,1.017015998827507417e+01
3.160000000000000000e+03,8.740000000000000000e+03,2.807286929206796913e+02,2.656253574638541863e+02,2.582149841205687153e+02,2.519873754244763973e+02,2.625013260089804703e+02,2.544316847457440929e+02,2.580124434307829233e+02,2.555624420317201668e+02,2.556394024043337367e+02,2.720828800949281003e+02,2.779751363778671021e+02,2.753423632954958293e+02,2.722681376489016429e+02,1.439252325816595985e+05,3.276779515694560274e+00,1.014728318076484825e+01
3.170000000000000000e+03,8.750000000000000000e+03,2.806748586850078482e+02,2.654796575541552670e+02,2.580647227204606224e+02,2.518382623636157405e+02,2.623659546826061728e+02,2.543072921798030279e+02,2.578307121114532947e+02,2.554269662762573319e+02,2.555025708163258287e+02,2.719607650920107176e+02,2.779041927277209538e+02,2.752200473295902157e+02,2.721339386264298810e+02,1.438567548570012441e+05,3.276779515694560274e+00,1.012455443908426034e+01
3.180000000000000000e+03,8.760000000000000000e+03,2.806207110619687910e+02,2.653345076368662490e+02,2.579151799097091953e+02,2.516898640845510045e+02,2.622312080726396175e+02,2.541832762212305568e+02,2.576503409312007307e+02,2.552919967277281899e+02,2.553662383685798147e+02,2.718388238740216707e+02,2.778331114076152062e+02,2.750978687096868498e+02,2.719999073348769798e+02,1.437885029548115272e+05,3.276779515694560274e+00,1.010197217940086745e+01
3.190000000000000000e+03,8.770000000000000000e+03,2.805662536176953381e+02,2.651899046688935186e+02,2.577663497919765518e+02,2.515421744716439321e+02,2.620970809646638600e+02,2.540596362050640664e+02,2.574713107143592197e+02,2.551575311477327546e+02,2.552304030179088841e+02,2.717170585793854798e+02,2.777618944278172535e+02,2.749758296270135247e+02,2.718660469973424370e+02,1.437204754258578469e+05,3.276779515694560274e+00,1.007953484275707723e+01
3.200000000000000000e+03,8.780000000000000000e+03,2.805114898867734610e+02,2.650458455993770031e+02,2.576182265383588401e+02,2.513951874831699342e+02,2.619635682096516689e+02,2.539363714420777285e+02,2.572936026540695593e+02,2.550235672940314657e+02,2.550950627158572388e+02,2.715954712751942566e+02,2.776905437806460668e+02,2.748539322108667875e+02,2.717323607557465266e+02,1.436526708362753270e+05,3.276779515694560274e+00,1.005724089458474069e+01
3.210000000000000000e+03,8.790000000000000000e+03,2.804564233713984436e+02,2.649023273942851802e+02,2.574708043846981127e+02,2.512488971489898688e+02,2.618306647222191827e+02,2.538134812190509138e+02,2.571171983034355435e+02,2.548901029218918666e+02,2.549602154097152038e+02,2.714740639607203434e+02,2.776190614405348924e+02,2.747321785309987945e+02,2.715988516581920749e+02,1.435850877672611095e+05,3.276779515694560274e+00,1.003508882418050163e+01
3.220000000000000000e+03,8.800000000000000000e+03,2.804010575431718735e+02,2.647593470214342233e+02,2.573240776313894003e+02,2.511032975700478858e+02,2.616983654800258137e+02,2.536909647997475474e+02,2.569420795670142752e+02,2.547571357839981374e+02,2.548258590428096113e+02,2.713528385681003101e+02,2.775474493645350549e+02,2.746105705981102574e+02,2.714655226721083636e+02,1.435177248149319494e+05,3.276779515694560274e+00,1.001307714415437289e+01
3.230000000000000000e+03,8.810000000000000000e+03,2.803453958419765968e+02,2.646169014475120775e+02,2.571780406423995373e+02,2.509583829173218419e+02,2.615666655224017632e+02,2.535688214258826179e+02,2.567682286925185053e+02,2.546246636312989153e+02,2.546919915546529012e+02,2.712317969643763718e+02,2.774757094920580585e+02,2.744891103656779592e+02,2.713323766900520582e+02,1.434505805900144333e+05,3.276779515694560274e+00,9.991204389960721244e+00
3.240000000000000000e+03,8.820000000000000000e+03,2.802894416774531692e+02,2.644749876607721717e+02,2.570326878443446503e+02,2.508141474305659244e+02,2.614355599496151399e+02,2.534470503179358332e+02,2.565956282627174119e+02,2.544926842134823346e+02,2.545586108822952269e+02,2.711109409530766925e+02,2.774038437456063093e+02,2.743677997317780068e+02,2.711994165118907176e+02,1.433836537176958518e+05,3.276779515694560274e+00,9.969469119411094482e+00
3.250000000000000000e+03,8.830000000000000000e+03,2.802331984283437123e+02,2.643336026479886414e+02,2.568880137257705201e+02,2.506705854175938839e+02,2.613050439214944163e+02,2.533256506759773572e+02,2.564242611878553930e+02,2.543611952792753073e+02,2.544257149599285981e+02,2.709902722757999527e+02,2.773318540304882731e+02,2.742466405393513469e+02,2.710666448669777537e+02,1.433169428373211704e+05,3.276779515694560274e+00,9.947869912196054543e+00
3.260000000000000000e+03,8.840000000000000000e+03,2.801766694433046609e+02,2.641927434070352092e+02,2.567440128360752851e+02,2.505276912531441269e+02,2.611751126568131554e+02,2.532046216804816083e+02,2.562541106975994012e+02,2.542301945770951761e+02,2.542933017198999437e+02,2.708697926138111143e+02,2.772597422352131389e+02,2.741256345785395752e+02,2.709340644063058789e+02,1.432504466022587440e+05,3.276779515694560274e+00,9.926405369433554782e+00
3.270000000000000000e+03,8.850000000000000000e+03,2.801198580409296710e+02,2.640524069306800357e+02,2.566006797848285146e+02,2.503854593781799167e+02,2.610457614320151833e+02,2.530839624928904072e+02,2.560851603341404257e+02,2.540996798553275937e+02,2.541613690921777788e+02,2.707495035892009696e+02,2.771875102316104744e+02,2.740047835851943887e+02,2.708016777202083176e+02,1.431841636796353851e+05,3.276779515694560274e+00,9.905074113206378428e+00
3.280000000000000000e+03,8.860000000000000000e+03,2.800627675101562772e+02,2.639125902575553937e+02,2.564580092406083054e+02,2.502438842985573331e+02,2.609169855802828693e+02,2.529636722564883087e+02,2.559173939445770998e+02,2.539696488629425346e+02,2.540299150070420353e+02,2.706294067666783576e+02,2.771151598757949159e+02,2.738840892502485644e+02,2.706694872905275702e+02,1.431180927501698316e+05,3.276779515694560274e+00,9.883874786163872272e+00
3.290000000000000000e+03,8.870000000000000000e+03,2.800054011104609231e+02,2.637732904026709093e+02,2.563159959313376248e+02,2.501029605843134789e+02,2.607887804912616048e+02,2.528437500974205534e+02,2.557507956743454542e+02,2.538400993498887317e+02,2.538989373927327904e+02,2.705095036547697873e+02,2.770426930061599364e+02,2.737635532108525354e+02,2.705374955568422592e+02,1.430522325079193979e+05,3.276779515694560274e+00,9.862806051090046822e+00
3.300000000000000000e+03,8.880000000000000000e+03,2.799477620723906170e+02,2.636345044053525726e+02,2.561746346422348211e+02,2.499626828688250271e+02,2.606611416093069806e+02,2.527241951251622254e+02,2.555853499600452210e+02,2.537110290672755468e+02,2.537684341775145640e+02,2.703897957075629392e+02,2.769701114458893016e+02,2.736431770541402670e+02,2.704057048812998119e+02,1.429865816601871920e+05,3.276779515694560274e+00,9.841866590481597399e+00
3.310000000000000000e+03,8.890000000000000000e+03,2.798898535971718502e+02,2.634962293081774192e+02,2.560339202152184157e+02,2.498230458477142122e+02,2.605340644329672841e+02,2.526050064327618827e+02,2.554210415229660782e+02,2.535824357679385344e+02,2.536384032893555229e+02,2.702702843279748777e+02,2.768974170017483516e+02,2.735229623246025312e+02,2.702741175565448657e+02,1.429211389271598891e+05,3.276779515694560274e+00,9.821055106140256896e+00
3.320000000000000000e+03,8.900000000000000000e+03,2.798316788577266152e+02,2.633584621745528125e+02,2.558938475501693688e+02,2.496840442781242473e+02,2.604075445150554060e+02,2.524861830991019360e+02,2.552578553629623457e+02,2.534543172067343164e+02,2.535088426568031821e+02,2.701509708614278225e+02,2.768246114648566731e+02,2.734029105128528840e+02,2.701427358080295562e+02,1.428559030419000192e+05,3.276779515694560274e+00,9.800370318851994611e+00
3.330000000000000000e+03,8.910000000000000000e+03,2.797732409984687365e+02,2.632212000852256324e+02,2.557544115965497156e+02,2.495456729777861256e+02,2.602815774569100427e+02,2.523677241847823893e+02,2.550957767515605781e+02,2.533266711409901006e+02,2.533797502088992815e+02,2.700318566065212735e+02,2.767516966112052046e+02,2.732830230787416212e+02,2.700115617960159398e+02,1.427908727500422392e+05,3.276779515694560274e+00,9.779810967799583921e+00
3.340000000000000000e+03,8.920000000000000000e+03,2.797145431355703522e+02,2.630844401202688800e+02,2.556156073655607770e+02,2.494079268241391674e+02,2.601561589160480139e+02,2.522496287400012989e+02,2.549347912264986178e+02,2.531994953307736864e+02,2.532511238757929561e+02,2.699129428116052622e+02,2.766786742005792803e+02,2.731633014227891181e+02,2.698805976154139898e+02,1.427260468096363184e+05,3.276779515694560274e+00,9.759375810508698734e+00
3.350000000000000000e+03,8.930000000000000000e+03,2.796555883577030954e+02,2.629481793784407273e+02,2.554774299191858518e+02,2.492708007534752994e+02,2.600312845989554376e+02,2.521318958000009047e+02,2.547748845854144975e+02,2.530727875391411601e+02,2.531229615888594253e+02,2.697942306767305922e+02,2.766055459778248178e+02,2.730437469094123912e+02,2.697498452989012776e+02,1.426614239910186734e+05,3.276779515694560274e+00,9.739063622271084242e+00
3.360000000000000000e+03,8.940000000000000000e+03,2.795963797251015990e+02,2.628124149719971001e+02,2.553398743725705629e+02,2.491342897601270465e+02,2.599069502619585137e+02,2.520145243869673095e+02,2.546160428801409239e+02,2.529465455325081678e+02,2.529952612811467247e+02,2.696757213548121399e+02,2.765323136722917070e+02,2.729243608607486067e+02,2.696193068179034071e+02,1.425970030765187403e+05,3.276779515694560274e+00,9.718873195856527758e+00
3.370000000000000000e+03,8.950000000000000000e+03,2.795369202716249788e+02,2.626771440265149522e+02,2.552029358939494728e+02,2.489983888957886506e+02,2.597831517108807020e+02,2.518975135109027690e+02,2.544582524113660043e+02,2.528207670810478760e+02,2.528680208876366748e+02,2.695574159533063039e+02,2.764589789983244827e+02,2.728051445574978970e+02,2.694889840821107896e+02,1.425327828604711103e+05,3.276779515694560274e+00,9.698803341187023364e+00
3.380000000000000000e+03,8.960000000000000000e+03,2.794772130035780719e+02,2.625423636817253055e+02,2.550666097030363062e+02,2.488630932685018138e+02,2.596598847998281485e+02,2.517808621696534601e+02,2.543014997227911067e+02,2.526954499588539989e+02,2.527412383455136933e+02,2.694393155344016577e+02,2.763855436552921674e+02,2.726860992405724460e+02,2.693588789432096178e+02,1.424687621488858422e+05,3.276779515694560274e+00,9.678852884955709612e+00
3.390000000000000000e+03,8.970000000000000000e+03,2.794172608999687668e+02,2.624080710935967318e+02,2.549308910700384274e+02,2.487283980414408973e+02,2.595371454305619068e+02,2.516645693493652800e+02,2.541457715960119685e+02,2.525705919441510900e+02,2.526149115944509163e+02,2.693214211176128856e+02,2.763120093286858037e+02,2.725672261116047821e+02,2.692289931950611503e+02,1.424049397593247122e+05,3.276779515694560274e+00,9.659020670343597459e+00
3.400000000000000000e+03,8.980000000000000000e+03,2.793570669136797164e+02,2.622742634288017598e+02,2.547957753171536979e+02,2.485942984337191888e+02,2.594149295517215705e+02,2.515486340261025191e+02,2.539910550453665792e+02,2.524461908197755236e+02,2.524890385768150907e+02,2.692037336785202797e+02,2.762383776872654835e+02,2.724485263339113885e+02,2.690993285751468989e+02,1.423413145207863126e+05,3.276779515694560274e+00,9.639305556707615352e+00
3.410000000000000000e+03,8.990000000000000000e+03,2.792966339711093724e+02,2.621409378723190002e+02,2.546612578151261914e+02,2.484607897177691882e+02,2.592932331582449024e+02,2.514330551649609617e+02,2.538373373127013224e+02,2.523222443733182558e+02,2.523636172381279152e+02,2.690862541516088413e+02,2.761646503869018261e+02,2.723300010336230343e+02,2.689698867655146728e+02,1.422778852735206892e+05,3.276779515694560274e+00,9.619706419253777341e+00
3.420000000000000000e+03,9.000000000000000000e+03,2.792359649725468103e+02,2.620080916243223328e+02,2.545273339839185098e+02,2.483278672193987120e+02,2.591720522906344968e+02,2.513178317210752084e+02,2.536846058626618969e+02,2.521987503978640177e+02,2.522386455274116770e+02,2.689689834299363156e+02,2.760908290691914999e+02,2.722116512991838704e+02,2.688406693936510123e+02,1.422146508688505855e+05,3.276779515694560274e+00,9.600222148754809837e+00
3.430000000000000000e+03,9.010000000000000000e+03,2.791750627919140584e+02,2.618757218981289157e+02,2.543939992924453861e+02,2.481955263173078094e+02,2.590513830339130550e+02,2.512029626404816156e+02,2.535328483779058786e+02,2.520757066907133321e+02,2.521141213963916812e+02,2.688519223693881486e+02,2.760169153603897030e+02,2.720934781854514881e+02,2.687116780353862850e+02,1.421516101690598880e+05,3.276779515694560274e+00,9.580851651230123167e+00
3.440000000000000000e+03,9.020000000000000000e+03,2.791139302775077908e+02,2.617438259211979812e+02,2.542612492570518441e+02,2.480637624417027496e+02,2.589312215173305276e+02,2.510884468598611363e+02,2.533820527542221726e+02,2.519531110551145900e+02,2.519900428009044049e+02,2.687350717884629603e+02,2.759429108730499820e+02,2.719754827115185662e+02,2.685829142142395654e+02,1.420887620471836126e+05,3.276779515694560274e+00,9.561593847661995937e+00
3.450000000000000000e+03,9.030000000000000000e+03,2.790525702525078486e+02,2.616124009425299732e+02,2.541290794415069172e+02,2.479325710741614444e+02,2.588115639136472623e+02,2.509742833075405315e+02,2.532322070961918712e+02,2.518309613000287470e+02,2.518664077007090327e+02,2.686184324629039679e+02,2.758688172058767236e+02,2.718576658623298954e+02,2.684543794030369668e+02,1.420261053869479219e+05,3.276779515694560274e+00,9.542447673757710191e+00
3.460000000000000000e+03,9.040000000000000000e+03,2.789909855144140920e+02,2.614814442233684986e+02,2.539974854560083486e+02,2.478019477465211935e+02,2.586924064383384803e+02,2.508604709034164841e+02,2.530832997126768191e+02,2.517092552403711920e+02,2.517432140597334183e+02,2.685020051356401609e+02,2.757946359437242450e+02,2.717400285888932103e+02,2.683260750250949513e+02,1.419636390825299313e+05,3.276779515694560274e+00,9.523412079641841999e+00
3.470000000000000000e+03,9.050000000000000000e+03,2.789291788362109514e+02,2.613509530334603141e+02,2.538664629568572764e+02,2.476718880405486800e+02,2.585737453491297515e+02,2.507470085598751837e+02,2.529353191125579770e+02,2.515879906969566377e+02,2.516204598461810065e+02,2.683857905133085069e+02,2.757203686572808010e+02,2.716225718173205337e+02,2.681980024548731762e+02,1.419013620385367249e+05,3.276779515694560274e+00,9.504486029609848785e+00
3.480000000000000000e+03,9.060000000000000000e+03,2.788671529654765777e+02,2.612209246753145067e+02,2.537360076456952811e+02,2.475423875867522838e+02,2.584555769451147853e+02,2.506338951817805878e+02,2.527882540003969041e+02,2.514671654970169357e+02,2.514981430327934504e+02,2.682697892676144420e+02,2.756460169039331731e+02,2.715052964274536862e+02,2.680701630201361922e+02,1.418392731697033450e+05,3.276779515694560274e+00,9.485668501845264444e+00
3.490000000000000000e+03,9.070000000000000000e+03,2.788049106255703009e+02,2.610913564562100078e+02,2.536061152690551239e+02,2.474134420642668601e+02,2.583378975665206099e+02,2.505211296670286174e+02,2.526420932724855675e+02,2.513467774742043446e+02,2.513762615972757999e+02,2.681540020363644885e+02,2.755715822271409934e+02,2.713882032778567464e+02,2.679425580017054926e+02,1.417773714009140094e+05,3.276779515694560274e+00,9.466958488206644873e+00
3.500000000000000000e+03,9.080000000000000000e+03,2.787424545152968562e+02,2.609622457015739201e+02,2.534767816174564530e+02,2.472850471997725776e+02,2.582207035934403621e+02,2.504087109069571113e+02,2.524968260125163511e+02,2.512268244688150389e+02,2.512548135218715402e+02,2.680384294243183376e+02,2.754970661581816671e+02,2.712712931951148789e+02,2.678151886352314364e+02,1.417156556669588608e+05,3.276779515694560274e+00,9.448354993931534551e+00
3.510000000000000000e+03,9.090000000000000000e+03,2.786797873093281623e+02,2.608335897542399380e+02,2.533480025253088002e+02,2.471571987670309909e+02,2.581039914461497915e+02,2.502966377865161292e+02,2.523524414883562486e+02,2.511073043278116756e+02,2.511337967940994531e+02,2.679230720036849789e+02,2.754224702132090670e+02,2.711545669762044781e+02,2.676880561118349533e+02,1.416541249124560854e+05,3.276779515694560274e+00,9.429857037434892675e+00
3.520000000000000000e+03,9.100000000000000000e+03,2.786169116586562495e+02,2.607053859702288037e+02,2.532197738704750236e+02,2.470298925861576151e+02,2.579877575840120016e+02,2.501849091850873492e+02,2.522089291475665505e+02,2.509882149051755107e+02,2.510132094065459398e+02,2.678079303178873829e+02,2.753477958948558921e+02,2.710380253889159121e+02,2.675611615791991653e+02,1.415927780917355267e+05,3.276779515694560274e+00,9.411463650069652687e+00
3.530000000000000000e+03,9.110000000000000000e+03,2.785538301901952991e+02,2.605776317281201386e+02,2.530920915715694832e+02,2.469031245232088168e+02,2.578719985037682818e+02,2.500735239754254735e+02,2.520662786140116793e+02,2.508695540620099109e+02,2.508930493573015497e+02,2.676930048750945161e+02,2.752730446986925585e+02,2.709216691729889135e+02,2.674345061426004690e+02,1.415316141686566116e+05,3.276779515694560274e+00,9.393173875840332698e+00
3.540000000000000000e+03,9.120000000000000000e+03,2.784905455075234499e+02,2.604503244193124942e+02,2.529649515918603697e+02,2.467768904890617705e+02,2.577567107419842500e+02,2.499624810264089660e+02,2.519244796841971947e+02,2.507513196668918170e+02,2.507733146499919314e+02,2.675782961563811568e+02,2.751982180975536494e+02,2.708054990404195905e+02,2.673080908655015264e+02,1.414706321165295667e+05,3.276779515694560274e+00,9.374986771291135668e+00
3.550000000000000000e+03,9.130000000000000000e+03,2.784270601908124831e+02,2.603234614523606751e+02,2.528383499344969323e+02,2.466511864393373799e+02,2.576418908715306770e+02,2.498517792013303449e+02,2.517835223236344007e+02,2.506335095952775305e+02,2.506540032938897298e+02,2.674638046134313072e+02,2.751233175572979235e+02,2.706895156761956969e+02,2.671819167707498082e+02,1.414098309179537464e+05,3.276779515694560274e+00,9.356901405180035880e+00
3.560000000000000000e+03,9.140000000000000000e+03,2.783633767972109467e+02,2.601970402503095556e+02,2.527122826441748487e+02,2.465260083735080343e+02,2.575275355027498563e+02,2.497414173587677055e+02,2.516433966638049355e+02,2.505161217305879973e+02,2.505351133040082630e+02,2.673495306693291127e+02,2.750483445300337735e+02,2.705737197397619411e+02,2.670559848415088027e+02,1.413492095647569222e+05,3.276779515694560274e+00,9.338916858333181636e+00
3.570000000000000000e+03,9.150000000000000000e+03,2.782994978607734424e+02,2.600710582610068400e+02,2.525867458050815344e+02,2.464013523343365932e+02,2.574136412814868891e+02,2.496313943530996085e+02,2.515040929978942472e+02,2.503991539637132462e+02,2.504166427016061220e+02,2.672354747197453548e+02,2.749733004554084346e+02,2.704581118612233013e+02,2.669302960218749377e+02,1.412887670578045945e+05,3.276779515694560274e+00,9.321032223378542980e+00
3.580000000000000000e+03,9.160000000000000000e+03,2.782354258930937476e+02,2.599455129408349876e+02,2.524617355419508726e+02,2.462772144074198764e+02,2.573002048900148679e+02,2.495217090346359896e+02,2.513656017784139465e+02,2.502826041933575993e+02,2.502985895135811631e+02,2.671216371327307115e+02,2.748981867602291231e+02,2.703426926508578845e+02,2.668048512177758766e+02,1.412285024069442297e+05,3.276779515694560274e+00,9.303246604577033452e+00
3.590000000000000000e+03,9.170000000000000000e+03,2.781711633831171753e+02,2.598204017661651051e+02,2.523372480190303122e+02,2.461535907202816702e+02,2.571872230457968840e+02,2.494123602498371781e+02,2.512279136136659474e+02,2.501664703260109377e+02,2.501809517734914152e+02,2.670080182520437120e+02,2.748230048589964554e+02,2.702274626905647210e+02,2.666796512968157913e+02,1.411684146308536292e+05,3.276779515694560274e+00,9.285559117624021752e+00
3.600000000000000000e+03,9.180000000000000000e+03,2.781067127975780977e+02,2.596957222178017446e+02,2.522132794390404626e+02,2.460304774422370429e+02,2.570746925009169672e+02,2.493033468418828420e+02,2.510910192644732888e+02,2.500507502760881096e+02,2.500637275205181140e+02,2.668946183948647786e+02,2.747477561533463017e+02,2.701124225447490517e+02,2.665546970966956906e+02,1.411085027569512604e+05,3.276779515694560274e+00,9.267968889431433155e+00
3.610000000000000000e+03,9.190000000000000000e+03,2.780420765810859507e+02,2.595714718182640581e+02,2.520898260444037646e+02,2.459078707836646345e+02,2.569626100428019981e+02,2.491946676509518852e+02,2.509549096415842939e+02,2.499354419663520446e+02,2.499469148010628032e+02,2.667814378525018242e+02,2.746724420332320165e+02,2.699975727390732345e+02,2.664299894089800773e+02,1.410487658212741953e+05,3.276779515694560274e+00,9.250475057991572214e+00
3.620000000000000000e+03,9.200000000000000000e+03,2.779772571561718451e+02,2.594476480916846413e+02,2.519668841120022194e+02,2.457857669951088155e+02,2.568509724901699656e+02,2.490863215124555836e+02,2.508195758021939810e+02,2.498205433275679752e+02,2.498305116675667534e+02,2.666684768924998821e+02,2.745970638763307079e+02,2.698829137974169612e+02,2.663055289960568075e+02,1.409892028683579410e+05,3.276779515694560274e+00,9.233076772054676695e+00
3.630000000000000000e+03,9.210000000000000000e+03,2.779122569239531799e+02,2.593242485807245998e+02,2.518444499605354565e+02,2.456641623673280606e+02,2.567397766979069047e+02,2.489783072613381592e+02,2.506850089473406911e+02,2.497060522987427476e+02,2.497145161793960426e+02,2.665557357587005072e+02,2.745216230481529465e+02,2.697684462024577101e+02,2.661813165855910484e+02,1.409298129511563457e+05,3.276779515694560274e+00,9.215773191136504394e+00
3.640000000000000000e+03,9.220000000000000000e+03,2.778470782637109551e+02,2.592012708456907149e+02,2.517225199435313812e+02,2.455430532303697646e+02,2.566290195527228093e+02,2.488706237292379342e+02,2.505512004187485786e+02,2.495919668275435583e+02,2.495989264024448175e+02,2.664432146716758325e+02,2.744461209022702519e+02,2.696541704235535235e+02,2.660573528712529878e+02,1.408705951309253578e+05,3.276779515694560274e+00,9.198563485216549651e+00
3.650000000000000000e+03,9.230000000000000000e+03,2.777817235334765655e+02,2.590787124627767071e+02,2.516010904513303785e+02,2.454224359531932009e+02,2.565186979737231923e+02,2.487632697454656068e+02,2.504181416965047902e+02,2.494782848696596602e+02,2.494837404097320928e+02,2.663309138329378811e+02,2.743705587802531340e+02,2.695400869078018786e+02,2.659336385106826128e+02,1.408115484770981129e+05,3.276779515694560274e+00,9.181446834591804773e+00
3.660000000000000000e+03,9.240000000000000000e+03,2.777161950703359707e+02,2.589565710111718886e+02,2.514801579098596562e+02,2.453023069430519740e+02,2.564088089117205982e+02,2.486562441371270893e+02,2.502858243958771141e+02,2.493650043897303021e+02,2.493689562800052499e+02,2.662188334136934031e+02,2.742949380122086041e+02,2.694261960804392970e+02,2.658101741532032634e+02,1.407526720672387746e+05,3.276779515694560274e+00,9.164422429662007374e+00
3.670000000000000000e+03,9.250000000000000000e+03,2.776504951901953291e+02,2.588348441184180047e+02,2.513597187811353137e+02,2.451826626450600770e+02,2.562993493494014956e+02,2.485495457295387780e+02,2.501542402649988333e+02,2.492521233607043030e+02,2.492545721006810027e+02,2.661069735723198733e+02,2.742192599161551811e+02,2.693124983478332979e+02,2.656869603781477167e+02,1.406939649868738488e+05,3.276779515694560274e+00,9.147489470843151338e+00
3.680000000000000000e+03,9.260000000000000000e+03,2.775846261879765962e+02,2.587135294065514017e+02,2.512397695623578215e+02,2.450634995416195352e+02,2.561903163003711370e+02,2.484431733465605134e+02,2.500233811822297980e+02,2.491396397642932357e+02,2.491405859655481549e+02,2.659953344432686890e+02,2.741435257987393470e+02,2.691989940951082190e+02,2.655639977569147732e+02,1.406354263294218690e+05,3.276779515694560274e+00,9.130647168354725451e+00
3.690000000000000000e+03,9.270000000000000000e+03,2.775185903386405926e+02,2.585926245177246301e+02,2.511203067854063420e+02,2.449448141521683340e+02,2.560817068091162128e+02,2.483371258105983657e+02,2.498932391534974613e+02,2.490275515909864339e+02,2.490269959754768365e+02,2.658839161404766855e+02,2.740677369553849871e+02,2.690856836883905316e+02,2.654412868282408340e+02,1.405770551961690362e+05,3.276779515694560274e+00,9.113894742066502630e+00
3.700000000000000000e+03,9.280000000000000000e+03,2.774523898961406303e+02,2.584721271115263335e+02,2.510013270164278367e+02,2.448266030321696007e+02,2.559735179501460607e+02,2.482314019428216625e+02,2.497638063099354326e+02,2.489158568400381739e+02,2.489138002384547690e+02,2.657727187585978186e+02,2.739918946696348030e+02,2.689725674739875103e+02,2.653188281011970844e+02,1.405188506960163359e+05,3.276779515694560274e+00,9.097231421332219625e+00
3.710000000000000000e+03,9.290000000000000000e+03,2.773860270945311868e+02,2.583520348585631723e+02,2.508828268557083447e+02,2.447088627733235171e+02,2.558657468280118792e+02,2.481260005634846948e+02,2.496350749055184508e+02,2.488045535194614502e+02,2.488009968699773538e+02,2.656617423777257727e+02,2.739160002133999114e+02,2.688596457795694050e+02,2.651966220561204182e+02,1.404608119455533160e+05,3.276779515694560274e+00,9.080656444858947296e+00
3.720000000000000000e+03,9.300000000000000000e+03,2.773195041476093934e+02,2.582323454577350503e+02,2.507648029364527531e+02,2.445915900025071892e+02,2.557583905763685266e+02,2.480209204916221779e+02,2.495070373145584881e+02,2.486936396465821986e+02,2.486885839927074642e+02,2.655509870465759832e+02,2.738400548486922048e+02,2.687469189180778812e+02,2.650746691452908408e+02,1.404029380688427773e+05,3.276779515694560274e+00,9.064169060531922284e+00
3.730000000000000000e+03,9.310000000000000000e+03,2.772528232491249582e+02,2.581130566162116224e+02,2.506472519254174642e+02,2.444747813816228188e+02,2.556514463581427492e+02,2.479161605460312217e+02,2.493796860294319515e+02,2.485831132473020375e+02,2.485765597368356339e+02,2.654404528069002254e+02,2.737640598257629563e+02,2.686343871788883462e+02,2.649529697938742174e+02,1.403452281973785430e+05,3.276779515694560274e+00,9.047768525276094209e+00
3.740000000000000000e+03,9.320000000000000000e+03,2.771859865737812925e+02,2.579941660576852200e+02,2.505301705220326767e+02,2.443584336070306335e+02,2.555449113650012407e+02,2.478117195447778442e+02,2.492530136586580909e+02,2.484729723567263875e+02,2.484649222400008455e+02,2.653301396800998759e+02,2.736880163832958033e+02,2.685220508368792025e+02,2.648315244002507143e+02,1.402876814700540563e+05,3.276779515694560274e+00,9.031454104930400462e+00
3.750000000000000000e+03,9.330000000000000000e+03,2.771189962760234380e+02,2.578756715247766920e+02,2.504135554575911442e+02,2.442425434091775003e+02,2.554387828165806695e+02,2.477075963057260424e+02,2.491270129240106712e+02,2.483632150187368666e+02,2.483536696473551615e+02,2.652200476692767666e+02,2.736119257494507906e+02,2.684099101496908020e+02,2.647103333366449078e+02,1.402302970329375821e+05,3.276779515694560274e+00,9.015225074065934763e+00
3.760000000000000000e+03,9.340000000000000000e+03,2.770518544913281289e+02,2.577575707756793690e+02,2.502974034957015306e+02,2.441271075520084821e+02,2.553330579606175945e+02,2.476037896466100392e+02,2.490016766589418751e+02,2.482538392868021049e+02,2.482428001117990561e+02,2.651101767625115144e+02,2.735357891412671734e+02,2.682979653557800930e+02,2.645893969497743683e+02,1.401730740393249434e+05,3.276779515694560274e+00,8.999080715889085980e+00
3.770000000000000000e+03,9.350000000000000000e+03,2.769845633357343786e+02,2.576398615772819198e+02,2.501817114311235173e+02,2.440121228327574556e+02,2.552277340721494170e+02,2.475002983851202316e+02,2.488769978064892996e+02,2.481448432230397430e+02,2.481323117934746563e+02,2.650005269299280144e+02,2.734596077651073642e+02,2.681862166862918002e+02,2.644687155611063076e+02,1.401160116495598049e+05,3.276779515694560274e+00,8.983020322075923048e+00
3.780000000000000000e+03,9.360000000000000000e+03,2.769171249064140738e+02,2.575225417228456877e+02,2.500664760899637145e+02,2.438975860811572147e+02,2.551228084535730147e+02,2.473971213390339869e+02,2.487529694168990773e+02,2.480362248989873990e+02,2.480222028605483899e+02,2.648910981267554234e+02,2.733833828166195872e+02,2.680746643461358190e+02,2.643482894679635820e+02,1.400591090309995343e+05,3.276779515694560274e+00,8.967043192655992812e+00
3.790000000000000000e+03,9.370000000000000000e+03,2.768495412819531225e+02,2.574056090174300380e+02,2.499516943289045230e+02,2.437834941594774136e+02,2.550182784338870761e+02,2.472942573265568740e+02,2.486295846456063998e+02,2.479279823953670814e+02,2.479124714887086895e+02,2.647818902921306403e+02,2.733071154809879317e+02,2.679633085287754852e+02,2.642281189437874218e+02,1.400023653579338861e+05,3.276779515694560274e+00,8.951148635866438497e+00
3.800000000000000000e+03,9.380000000000000000e+03,2.767818145216172070e+02,2.572890612822642993e+02,2.498373630350336043e+02,2.436698439617782128e+02,2.549141413685717907e+02,2.471917051662532003e+02,2.485068367517687875e+02,2.478201138020775431e+02,2.478031158615112020e+02,2.646729033502639936e+02,2.732308069327457360e+02,2.678521494124395304e+02,2.641082042385147020e+02,1.399457798114581383e+05,3.276779515694560274e+00,8.935335968045734489e+00
3.810000000000000000e+03,9.390000000000000000e+03,2.767139466664843894e+02,2.571728963542050792e+02,2.497234791254282129e+02,2.435566324136081846e+02,2.548103946391551915e+02,2.470894636773271031e+02,2.483847190956708459e+02,2.477126172183889707e+02,2.476941341702657553e+02,2.645641372107830875e+02,2.731544583358347609e+02,2.677411871605132774e+02,2.639885455793128699e+02,1.398893515794366249e+05,3.276779515694560274e+00,8.919604513493300857e+00
3.820000000000000000e+03,9.400000000000000000e+03,2.766459397392578126e+02,2.570571120860449241e+02,2.496100395468182001e+02,2.434438564715455016e+02,2.547070356529148683e+02,2.469875316797574385e+02,2.482632251373716485e+02,2.476054907527536102e+02,2.475855246141006205e+02,2.644555917689688158e+02,2.730780708441665752e+02,2.676304219219471179e+02,2.638691431708350024e+02,1.398330798564254073e+05,3.276779515694560274e+00,8.903953604347426776e+00
3.830000000000000000e+03,9.410000000000000000e+03,2.765777957444531125e+02,2.569417063475058853e+02,2.494970412751125366e+02,2.433315131228742416e+02,2.546040618425420803e+02,2.468859079942296262e+02,2.481423484345687314e+02,2.474987325230104034e+02,2.474772854001279541e+02,2.643472669064190086e+02,2.730016456011229025e+02,2.675198538314547818e+02,2.637499971946144797e+02,1.397769638435667148e+05,3.276779515694560274e+00,8.888382580472031336e+00
3.840000000000000000e+03,9.420000000000000000e+03,2.765095166685624690e+02,2.568266769938297784e+02,2.493844813152028621e+02,2.432195993850851323e+02,2.545014706657510146e+02,2.467845914425165290e+02,2.480220826409552615e+02,2.473923406561224851e+02,2.473694147420047784e+02,2.642391624908759127e+02,2.729251837394203903e+02,2.674094830088014305e+02,2.636311078388876012e+02,1.397210027485470637e+05,3.276779515694560274e+00,8.872890789304646475e+00
3.850000000000000000e+03,9.430000000000000000e+03,2.764411044800625064e+02,2.567120219704964370e+02,2.492723567005675704e+02,2.431081123056843012e+02,2.543992596049882309e+02,2.466835808474658052e+02,2.479024215042331605e+02,2.472863132885739503e+02,2.472619108641316643e+02,2.641312783772586386e+02,2.728486863827697562e+02,2.672993095632413088e+02,2.635124752034211042e+02,1.396651957854753127e+05,3.276779515694560274e+00,8.857477585818367416e+00
3.860000000000000000e+03,9.440000000000000000e+03,2.763725611297421665e+02,2.565977391619746300e+02,2.491606644929876779e+02,2.429970489616482041e+02,2.542974261670833869e+02,2.465828750331626509e+02,2.477833588649266403e+02,2.471806485657997143e+02,2.471547719969316859e+02,2.640236144178797986e+02,2.727721546435421942e+02,2.671893335882365363e+02,2.633940994243937439e+02,1.396095421748647350e+05,3.276779515694560274e+00,8.842142332335468424e+00
3.870000000000000000e+03,9.450000000000000000e+03,2.763038885507812665e+02,2.564838265173597165e+02,2.490494017821885677e+02,2.428864064591440695e+02,2.541959678830784242e+02,2.464824728251072656e+02,2.476648886538478678e+02,2.470753446437406922e+02,2.470479963790426439e+02,2.639161704235416437e+02,2.726955896257205723e+02,2.670795551652645941e+02,2.632759806037274757e+02,1.395540411435077840e+05,3.276779515694560274e+00,8.826884398459965198e+00
3.880000000000000000e+03,9.460000000000000000e+03,2.762353609436796660e+02,2.563754485771784175e+02,2.491824362255145502e+02,2.428361274755053500e+02,2.548263067053244129e+02,2.482546286077256354e+02,2.475608149039750856e+02,2.470564513015411308e+02,2.470276347200993143e+02,2.638122615435652278e+02,2.726222330431914997e+02,2.669736119611233676e+02,2.631614315377995013e+02,1.396381506752298155e+05,1.730943843207419874e+01,8.898486772051173332e+00
3.890000000000000000e+03,9.470000000000000000e+03,2.761670665742343544e+02,2.562753313529372008e+02,2.493895497483487418e+02,2.427994162696338094e+02,2.553882420158120681e+02,2.498858412322804270e+02,2.474651852764127398e+02,2.470532409047476960e+02,2.470229595572665175e+02,2.637114742041621867e+02,2.725515023088138946e+02,2.668710622419981746e+02,2.630500396305227468e+02,1.397209737187976716e+05,1.723533604650501871e+01,8.953032356793794833e+00
3.900000000000000000e+03,9.480000000000000000e+03,2.760990444607734275e+02,2.561846178491107366e+02,2.496182242233037982e+02,2.427735791201593543e+02,2.559095856789231505e+02,2.514443610611627946e+02,2.473752691248928386e+02,2.470603962939699727e+02,2.470286535280792748e+02,2.636135643780808095e+02,2.724830365887043513e+02,2.667716110292111580e+02,2.629415628565956808e+02,1.398025405682766577e+05,1.715946384842896677e+01,9.002779349617700433e+00
3.910000000000000000e+03,9.490000000000000000e+03,2.760313195680624858e+02,2.561035975565218337e+02,2.498519156583328140e+02,2.427566213177668715e+02,2.563999165602066341e+02,2.529548685617523347e+02,2.472897979413815790e+02,2.470750897250293292e+02,2.470418886151801701e+02,2.635183968922828512e+02,2.724166273189923118e+02,2.666750908227840569e+02,2.628358684038506681e+02,1.398828485665746266e+05,1.708183145772076728e+01,9.051032021172755293e+00
3.920000000000000000e+03,9.500000000000000000e+03,2.759639124277812243e+02,2.560321338923552048e+02,2.500851929986908431e+02,2.427471081595466842e+02,2.568628987377795738e+02,2.544274894356720438e+02,2.472081430067448196e+02,2.470956689248684484e+02,2.470610123541594874e+02,2.634258933292281313e+02,2.723521456785568944e+02,2.665814047957414914e+02,2.627328803552019281e+02,1.399618860762923723e+05,1.700244871743084474e+01,9.098698125648123636e+00
3.930000000000000000e+03,9.510000000000000000e+03,2.758968418486953169e+02,2.559698882870970351e+02,2.503161922922886333e+02,2.427439884933526741e+02,2.573001796766491225e+02,2.558670636954591942e+02,2.471299615182082334e+02,2.471210680795652479e+02,2.470849588567534454e+02,2.633360052552706065e+02,2.722895047182733492e+02,2.664904938281739533e+02,2.626325528477524927e+02,1.400396391115342849e+05,1.692132569253736563e+01,9.146022547206186459e+00
3.940000000000000000e+03,9.520000000000000000e+03,2.758301256764687537e+02,2.559164332789362390e+02,2.505442401884849630e+02,2.427464707634711658e+02,2.577126813960412051e+02,2.572762892680220261e+02,2.470550408587804441e+02,2.471505380798571991e+02,2.471129790370778778e+02,2.632486997511463187e+02,2.722286398908936462e+02,2.664023185426305531e+02,2.625348555824764389e+02,1.401160932549381105e+05,1.683847266867006454e+01,9.193058708735023288e+00
3.950000000000000000e+03,9.530000000000000000e+03,2.757637809852187729e+02,2.558713090367301106e+02,2.507690747246157912e+02,2.427539420398250911e+02,2.581010500594833275e+02,2.586568786491737910e+02,2.469832278196690538e+02,2.471835153436601331e+02,2.471445094207873581e+02,2.631639512715520368e+02,2.721694986866266390e+02,2.663168493693315781e+02,2.624397656679359443e+02,1.401912342376861779e+05,1.675390015080611050e+01,9.239802262597130778e+00
3.960000000000000000e+03,9.540000000000000000e+03,2.756978241043124740e+02,2.558340515743404922e+02,2.509905797469263291e+02,2.427659148040351624e+02,2.584658201411606342e+02,2.600100291373323671e+02,2.469143955840362139e+02,2.472195534916248505e+02,2.471791037759654728e+02,2.630817370008984994e+02,2.721120349195715562e+02,2.662340609280379340e+02,2.623472629692294618e+02,1.402650481207323319e+05,1.666761886193822306e+01,9.286230950444164023e+00
3.970000000000000000e+03,9.550000000000000000e+03,2.756322706022890543e+02,2.558042067169668314e+02,2.512086913415988079e+02,2.427819912443996486e+02,2.588074768196443642e+02,2.613366366820395115e+02,2.468484281920503349e+02,2.472582851606028100e+02,2.472163949274944343e+02,2.630020342312608363e+02,2.720562055286426357e+02,2.661539288319009415e+02,2.622573274789641573e+02,1.403375213509315217e+05,1.657963974171504518e+01,9.332317124772567141e+00
3.980000000000000000e+03,9.560000000000000000e+03,2.755671352621562846e+02,2.557813367546536654e+02,2.514233641512416852e+02,2.428018388233932683e+02,2.591264803049803618e+02,2.626374047355125754e+02,2.467852133864520852e+02,2.472993992275069672e+02,2.472560719612575895e+02,2.629248189346410527e+02,2.720019688012200163e+02,2.660764279192043205e+02,2.621699378809260566e+02,1.404086407758067071e+05,1.648997394505414604e+01,9.378031869519322328e+00
3.990000000000000000e+03,9.570000000000000000e+03,2.755024320609140887e+02,2.557650233545452352e+02,2.516345592004574883e+02,2.428251732840977866e+02,2.594232754190742298e+02,2.639129055885205730e+02,2.467246395686755704e+02,2.473426263690983262e+02,2.472978657748590763e+02,2.628500650441546327e+02,2.719492834174026257e+02,2.660015312792488089e+02,2.620850708270330642e+02,1.404783936444574210e+05,1.639863284072763605e+01,9.423346398453157136e+00
4.000000000000000000e+03,9.580000000000000000e+03,2.754381741544062265e+02,2.557548684289609469e+02,2.518422396315787637e+02,2.428517466676053687e+02,2.596982952860846581e+02,2.651636179473111383e+02,2.466665947744818084e+02,2.473877294120547106e+02,2.473415394269758849e+02,2.627777441539328152e+02,2.718981079784950907e+02,2.659292098015661168e+02,2.620027006294445755e+02,1.405467676036042976e+05,1.630562800992075978e+01,9.468232528938010262e+00
4.010000000000000000e+03,9.590000000000000000e+03,2.753743738684531195e+02,2.557504939516289255e+02,2.520463693455375278e+02,2.428813387599917348e+02,2.599519627295683222e+02,2.663899514830470707e+02,2.466109666122175383e+02,2.474344965854770635e+02,2.473868813815086014e+02,2.627078254591449422e+02,2.718484008139718071e+02,2.658594320117650227e+02,2.619227991896796652e+02,1.406137506922075700e+05,1.621097124476347417e+01,9.512662832115699629e+00
4.020000000000000000e+03,9.600000000000000000e+03,2.753110426942733966e+02,2.557515412328046978e+02,2.522469127266682847e+02,2.429137509258198122e+02,2.601846907183311828e+02,2.675922636511245969e+02,2.465576426239921375e+02,2.474827366259879398e+02,2.474337006124362972e+02,2.626402758297844571e+02,2.718001199443748988e+02,2.657921640730588706e+02,2.618453360745347140e+02,1.406793313356213330e+05,1.611467454683537071e+01,9.556610667432128281e+00
4.030000000000000000e+03,9.610000000000000000e+03,2.752481912902655949e+02,2.557576699188782641e+02,2.524438346111627709e+02,2.429488015374759016e+02,2.603968825329379797e+02,2.687708718901359362e+02,2.465065107934829598e+02,2.475322751116113693e+02,2.474818229358534154e+02,2.625750599552922040e+02,2.717532231253066470e+02,2.657273698805505546e+02,2.617702786474368963e+02,1.407434983398335753e+05,1.601675012564389888e+01,9.600050181746089706e+00
4.040000000000000000e+03,9.620000000000000000e+03,2.751858294852968925e+02,2.557685568896865220e+02,2.526371005566265353e+02,2.429863227237928811e+02,2.605889318433233939e+02,2.699260621367901649e+02,2.464574600625253709e+02,2.475829516573907938e+02,2.475310882054456272e+02,2.625121405211872343e+02,2.717076679402922537e+02,2.656650112080392319e+02,2.616975922412789259e+02,1.408062408858063573e+05,1.591721039707641516e+01,9.642956290579808964e+00
4.050000000000000000e+03,9.630000000000000000e+03,2.751239662867656079e+02,2.557838951464332808e+02,2.528266768810061649e+02,2.430261578199309440e+02,2.607612228017475218e+02,2.710580956492050291e+02,2.464103807935704822e+02,2.476346177237792290e+02,2.475813481193999053e+02,2.624514783942477152e+02,2.716634118950367451e+02,2.656050478686398719e+02,2.616272403394817729e+02,1.408675485240790294e+05,1.581606798182591689e+01,9.685304664175159672e+00
4.060000000000000000e+03,9.640000000000000000e+03,2.750626098895234009e+02,2.558033927216237089e+02,2.530125307965946604e+02,2.430681594938934040e+02,2.609141301735241427e+02,2.721672140095400891e+02,2.463651651540279204e+02,2.476871348788512535e+02,2.476324644821316667e+02,2.623930328065873709e+02,2.716204125226450401e+02,2.655474378830402884e+02,2.615591847522574653e+02,1.409274111692503211e+05,1.571333570379083611e+01,9.727071712597048503e+00
4.070000000000000000e+03,9.650000000000000000e+03,2.750017676882109754e+02,2.558267716214131156e+02,2.531946304840471385e+02,2.431121883058245885e+02,2.610480195073909613e+02,2.732536430510954801e+02,2.463217074186914886e+02,2.477403734027602127e+02,2.476843078093430677e+02,2.623367615547954301e+02,2.715786274766737165e+02,2.654921376459691373e+02,2.614933857880773758e+02,1.409858190948338306e+05,1.560902658844915436e+01,9.768234573807559329e+00
4.080000000000000000e+03,9.660000000000000000e+03,2.749414462902499849e+02,2.558537669891396718e+02,2.533729451392500209e+02,2.431581115937900393e+02,2.611632473389068991e+02,2.743175959486764555e+02,2.462799041957019313e+02,2.477942111619620107e+02,2.477367561974679688e+02,2.622826210633780306e+02,2.715380146206456402e+02,2.654391020701341404e+02,2.614298024114610826e+02,1.410427629280343535e+05,1.550315386120683669e+01,9.808771104598312363e+00
4.090000000000000000e+03,9.670000000000000000e+03,2.748816515301327854e+02,2.558841260344134412e+02,2.535474449987667640e+02,2.432058026020369539e+02,2.612601614163871773e+02,2.753592756752079822e+02,2.462396545859087382e+02,2.478485326774149939e+02,2.477896943980940705e+02,2.622305666812683853e+02,2.714985320941044620e+02,2.653882847492165524e+02,2.613683923866636292e+02,1.410982336445862893e+05,1.539573094572101652e+01,9.848659873482016991e+00
4.100000000000000000e+03,9.680000000000000000e+03,2.748223884856171821e+02,2.559176073496748245e+02,2.537181013499011613e+02,2.432551397912903894e+02,2.613391009418901376e+02,2.763788769745165155e+02,2.462008602867554146e+02,2.479032283668230434e+02,2.478430130552144135e+02,2.621805527209621118e+02,2.714601383763731519e+02,2.653396380777282957e+02,2.613091124100412799e+02,1.411522225636701623e+05,1.528677146219796157e+01,9.887880155682642780e+00
4.110000000000000000e+03,9.690000000000000000e+03,2.747636614925390859e+02,2.559539801284219038e+02,2.538848865299557360e+02,2.433060062869853084e+02,2.614003968195311245e+02,2.773765879566924468e+02,2.461634256501241964e+02,2.479581939102720582e+02,2.478966080731735531e+02,2.621325326054696347e+02,2.714227923475539228e+02,2.652931133767974075e+02,2.612519182303871617e+02,1.412047213428603718e+05,1.517628922566620808e+01,9.926411929556548941e+00
4.120000000000000000e+03,9.700000000000000000e+03,2.747054741635078585e+02,2.559930234985387756e+02,2.540477739179111154e+02,2.433582894316216994e+02,2.614443719062127229e+02,2.783525913972797525e+02,2.461272577047539301e+02,2.480133297229828031e+02,2.479503800871024168e+02,2.620864589801926741e+02,2.713864533136165846e+02,2.652486610080979972e+02,2.611967647573783324e+02,1.412557219729957287e+05,1.506429824422491492e+01,9.964235874150370265e+00
4.130000000000000000e+03,9.710000000000000000e+03,2.746478294046875135e+02,2.560345258953300913e+02,2.542067379215184530e+02,2.434118804180594680e+02,2.614713412608352883e+02,2.793070658012088643e+02,2.460922661499072035e+02,2.480685405094688178e+02,2.480042340183348983e+02,2.620422838152628060e+02,2.713510810502201593e+02,2.652062304756572644e+02,2.611436061605436976e+02,1.413052167731289228e+05,1.495081271726778205e+01,1.000133336765208369e+01
4.140000000000000000e+03,9.720000000000000000e+03,2.745907294322578309e+02,2.560782844984984195e+02,2.543617539610449967e+02,2.434666739854620232e+02,2.614816123888292623e+02,2.802401862759824667e+02,2.460583633280113247e+02,2.481237348879379567e+02,2.480580786977745333e+02,2.619999584980234317e+02,2.713166358312986404e+02,2.651657705217571674e+02,2.610923959589029550e+02,1.413531983854501741e+05,1.483584703368268620e+01,1.003768648641107220e+01
4.150000000000000000e+03,9.730000000000000000e+03,2.745341757926797186e+02,2.561241047175403764e+02,2.545127984516368542e+02,2.435225681630169561e+02,2.614754854813144220e+02,2.811521252533040069e+02,2.460254641806565417e+02,2.481788250695692000e+02,2.481118265454830123e+02,2.619594339169094610e+02,2.712830784429337427e+02,2.651272292142444940e+02,2.610430871022554697e+02,1.413996597701688879e+05,1.471941577002732870e+01,1.007327800447080435e+01
4.160000000000000000e+03,9.740000000000000000e+03,2.744781693793828481e+02,2.561717997109749376e+02,2.546598487848457921e+02,2.435794640528011428e+02,2.614532536456213165e+02,2.820430530828111841e+02,2.459934861932706838e+02,2.482337265840635609e+02,2.481653932961043552e+02,2.619206605379249595e+02,2.712503702114759108e+02,2.650905540279273964e+02,2.609956320464712007e+02,1.414445942003919918e+05,1.460153368868106405e+01,1.010809139319107430e+01
4.170000000000000000e+03,9.750000000000000000e+03,2.744227104514530993e+02,2.562211899949342637e+02,2.548028833093519552e+02,2.436372656428056303e+02,2.614152031306832100e+02,2.829131385237682821e+02,2.459623493316867666e+02,2.482883580435301383e+02,2.482186977620114305e+02,2.618835884776893863e+02,2.712184729784070214e+02,2.650556919206038629e+02,2.609499828214585477e+02,1.414879952570248861e+05,1.448221573597313672e+01,1.014211082109182982e+01
4.180000000000000000e+03,9.760000000000000000e+03,2.743677986520000331e+02,2.562721029814853182e+02,2.549418813129142904e+02,2.436958796445195787e+02,2.613616135419496231e+02,2.837625491495369943e+02,2.459319759724654091e+02,2.483426409365060010e+02,2.482716616279239190e+02,2.618481675641857578e+02,2.711873491667746521e+02,2.650225894022061652e+02,2.609060910937817539e+02,1.415298568235934363e+05,1.436147704028767613e+01,1.017532115352026878e+01
4.190000000000000000e+03,9.770000000000000000e+03,2.743134330269687098e+02,2.563243726618007940e+02,2.550768230040937397e+02,2.437552153499285055e+02,2.612927580494968538e+02,2.845914516805097492e+02,2.459022908307516104e+02,2.483964994491294647e+02,2.483242092714217790e+02,2.618143473985852552e+02,2.711569617442447679e+02,2.649911926012416643e+02,2.608639082265696629e+02,1.415701730810787412e+05,1.423933291014553149e+01,1.020770795217256399e+01
4.200000000000000000e+03,9.780000000000000000e+03,2.742596169718984243e+02,2.563780360495065338e+02,2.552119970654520102e+02,2.438325937434208868e+02,2.612308051285348256e+02,2.854023339270111705e+02,2.458755520741842702e+02,2.484527398254785453e+02,2.483791471462081972e+02,2.617821425278776815e+02,2.711273327923386205e+02,2.649615130636277058e+02,2.608234503962266331e+02,1.416114335272049648e+05,1.436694981789697856e+01,1.024090601517008636e+01
4.210000000000000000e+03,9.790000000000000000e+03,2.742063561887109699e+02,2.564331734147743873e+02,2.553498997221601314e+02,2.439312363831506332e+02,2.611801121356714361e+02,2.861963493204507358e+02,2.458526892415586076e+02,2.485122077910352516e+02,2.484373211891171138e+02,2.617515782443725811e+02,2.710984919234921335e+02,2.649335735410146526e+02,2.607847444546034694e+02,1.416543064719015674e+05,1.456231358157811506e+01,1.027501992370439510e+01
4.220000000000000000e+03,9.800000000000000000e+03,2.741536568627109318e+02,2.564898621118281881e+02,2.554912870977613863e+02,2.440498871738754190e+02,2.611393869139456001e+02,2.869739854524089537e+02,2.458339691339034516e+02,2.485749722466489686e+02,2.484988005056958400e+02,2.617226728512033560e+02,2.710704602192067796e+02,2.649073893214823556e+02,2.607478102189352285e+02,1.416987704811090662e+05,1.475624644663499829e+01,1.030984632966496051e+01
4.230000000000000000e+03,9.810000000000000000e+03,2.741015251582421683e+02,2.565481799821836830e+02,2.556363716292417507e+02,2.441877604269998301e+02,2.611079281918686661e+02,2.877356248123956561e+02,2.458195563558734307e+02,2.486410779646595870e+02,2.485636300631673805e+02,2.616954403333190839e+02,2.710432534112279654e+02,2.648829705816091291e+02,2.607126631534372336e+02,1.417448046121618827e+05,1.494872382422067680e+01,1.034531151058549270e+01
4.240000000000000000e+03,9.820000000000000000e+03,2.740499671086483886e+02,2.566082033209212341e+02,2.557851901774058661e+02,2.443442614615960622e+02,2.610852711238005668e+02,2.884815860264177445e+02,2.458095543081210508e+02,2.487105501350122267e+02,2.486318352365788940e+02,2.616698920953803054e+02,2.710168838391681447e+02,2.648603242366620520e+02,2.606793161082163124e+02,1.417923880565264262e+05,1.513972131003019861e+01,1.038137765239162569e+01
4.250000000000000000e+03,9.830000000000000000e+03,2.739989885741483704e+02,2.566700043976803727e+02,2.559377202804622584e+02,2.445188865981468211e+02,2.610710607457896231e+02,2.892121462345501186e+02,2.458040273392126664e+02,2.487833997116929652e+02,2.487034271607870437e+02,2.616460379052423377e+02,2.709913619749695499e+02,2.648394550475981077e+02,2.606477802725358970e+02,1.418415000326284498e+05,1.532921468739488446e+01,1.041801784047403778e+01
4.260000000000000000e+03,9.840000000000000000e+03,2.739485952361328600e+02,2.567336507151370597e+02,2.560939183759929278e+02,2.447111833039350586e+02,2.610650019180769164e+02,2.899275539281456417e+02,2.458030133843139424e+02,2.488596273891042472e+02,2.487784067027060360e+02,2.616238864484794249e+02,2.709666966270572175e+02,2.648203662893942010e+02,2.606180657146746853e+02,1.418921197489825718e+05,1.551717993035268250e+01,1.045520904314310862e+01
4.270000000000000000e+03,9.850000000000000000e+03,2.738987926013202809e+02,2.567992040592193916e+02,2.562537328921333142e+02,2.449207320513693276e+02,2.610668368722751893e+02,2.906280368530176474e+02,2.458065317001120889e+02,2.489392262949089627e+02,2.488567671587988457e+02,2.616034456156384067e+02,2.709428956318552082e+02,2.648030601286071715e+02,2.605901816816755172e+02,1.419442263881574327e+05,1.570359320669448877e+01,1.049293002091400240e+01
4.280000000000000000e+03,9.860000000000000000e+03,2.738495860059296660e+02,2.568667204468733871e+02,2.564171089127513596e+02,2.451471368035597038e+02,2.610763336913365720e+02,2.913138071947055323e+02,2.458145879069423927e+02,2.490221838083940611e+02,2.489384960740819110e+02,2.615847226752401866e+02,2.709199660049623049e+02,2.647875378389595653e+02,2.605641367681810721e+02,1.419977990975418652e+05,1.588843088098588474e+01,1.053116065718764816e+01
4.290000000000000000e+03,9.870000000000000000e+03,2.738009806209219050e+02,2.569362501972991595e+02,2.565839899030187325e+02,2.453900193406629455e+02,2.610932796198079586e+02,2.919850651480692250e+02,2.458271774384530772e+02,2.491084828111819434e+02,2.490235764933025564e+02,2.615677243648554509e+02,2.708979140730879180e+02,2.647737999558935940e+02,2.605399390092852627e+02,1.420528169824412034e+05,1.607166951756379447e+01,1.056988172294604666e+01
4.300000000000000000e+03,9.880000000000000000e+03,2.737529814565313018e+02,2.570078381671602301e+02,2.567543183736662513e+02,2.456490155260500217e+02,2.611174767747531860e+02,2.926420014600732884e+02,2.458442879837834312e+02,2.491981025737896971e+02,2.491119878476057750e+02,2.615524569389385761e+02,2.708767455578414456e+02,2.647618463439265497e+02,2.605175959282021267e+02,1.421092591002176923e+05,1.625328588350795656e+01,1.060907478174203611e+01
4.310000000000000000e+03,9.890000000000000000e+03,2.737055933665937459e+02,2.570815240408131785e+02,2.569280361508085662e+02,2.459237726633888599e+02,2.611487391894383450e+02,2.932847992835095283e+02,2.458659012580279750e+02,2.492910194041717205e+02,2.492037066041822584e+02,2.615389261918696207e+02,2.708564656193442488e+02,2.647516762512425430e+02,2.604971145587964543e+02,1.421671044548736536e+05,1.643325695158662825e+01,1.064872214216778801e+01
4.320000000000000000e+03,9.900000000000000000e+03,2.736588210519375366e+02,2.571573426251533192e+02,2.571050844946620373e+02,2.462139475419870109e+02,2.611868906730247772e+02,2.939136355499534830e+02,2.458919943063108349e+02,2.493872071348041288e+02,2.492987067528947591e+02,2.615271374652721761e+02,2.708370789052116834e+02,2.647432883414701905e+02,2.604785014548185700e+02,1.422263319919692003e+05,1.661155990317625353e+01,1.068880682704088869e+01
4.330000000000000000e+03,9.910000000000000000e+03,2.736126690650000342e+02,2.572353241856806676e+02,2.572854041609568299e+02,2.465192049387570705e+02,2.612317632040628155e+02,2.945286819986451974e+02,2.459225404768126282e+02,2.494866374985001585e+02,2.493969601821802939e+02,2.615170956509837765e+02,2.708185895534697920e+02,2.647366807192938722e+02,2.604617626912354922e+02,1.422869205939027597e+05,1.678817213115458884e+01,1.072931254842344018e+01
4.340000000000000000e+03,9.920000000000000000e+03,2.735671418113360005e+02,2.573154947452587749e+02,2.574689354377795212e+02,2.468392164479398048e+02,2.612831956962619415e+02,2.951301059518091279e+02,2.459575101530609800e+02,2.495892804228200248e+02,2.494984369733838605e+02,2.615088051886666562e+02,2.708010012279465855e+02,2.647318509425574007e+02,2.604469038635349420e+02,1.423488490753435472e+05,1.696307124276709644e+01,1.077022368469727098e+01
4.350000000000000000e+03,9.930000000000000000e+03,2.735222435552812499e+02,2.573978763674870152e+02,2.576556181758569437e+02,2.471736595450821596e+02,2.613410330307442564e+02,2.957180709057925014e+02,2.459968713093075507e+02,2.496951042642541552e+02,2.496031056363289338e+02,2.615022700635597062e+02,2.707843171283496986e+02,2.647287960439488188e+02,2.604339300852371366e+02,1.424120961790082511e+05,1.713623506246616301e+01,1.081152525824878552e+01
4.360000000000000000e+03,9.940000000000000000e+03,2.734779784213124572e+02,2.574824874352812571e+02,2.578453918127371480e+02,2.475222168316936404e+02,2.614051252858214411e+02,2.962927369796260564e+02,2.460405899342992200e+02,2.498040759990813626e+02,2.497109332973349183e+02,2.614974938045655790e+02,2.707685400092451005e+02,2.647275125465125143e+02,2.604228459838913636e+02,1.424766405715695873e+05,1.730764163472270667e+01,1.085320291317999519e+01
4.370000000000000000e+03,9.950000000000000000e+03,2.734343503983281494e+02,2.575693428975611710e+02,2.580381953964788977e+02,2.478845754175206935e+02,2.614753271156270671e+02,2.968542612593418539e+02,2.460886303573267071e+02,2.499161613769269650e+02,2.498218858560314004e+02,2.614944794829418697e+02,2.707536721959844499e+02,2.647279964751274406e+02,2.604136557044895426e+02,1.425424608399811550e+05,1.747726922680993766e+01,1.089524289312918270e+01
4.380000000000000000e+03,9.960000000000000000e+03,2.733913633426484466e+02,2.576584545041843057e+02,2.582339676070096175e+02,2.482604264082447116e+02,2.615514972432357581e+02,2.974027980605986841e+02,2.461409554996407678e+02,2.500313250491211079e+02,2.499359281112873816e+02,2.614932297127617176e+02,2.707397156015716746e+02,2.647302433759098790e+02,2.604063629060428298e+02,1.426095354879046790e+05,1.764509633155886448e+01,1.093763201886422998e+01
4.390000000000000000e+03,9.970000000000000000e+03,2.733490209801093442e+02,2.577498310177252847e+02,2.584326467781605743e+02,2.486494644787284187e+02,2.616334980427143364e+02,2.979384991299375542e+02,2.461975270702092189e+02,2.501495306725288685e+02,2.500530238673335646e+02,2.614937466523542753e+02,2.707266717441779633e+02,2.647342483327364562e+02,2.604009707640129250e+02,1.426778429324293975e+05,1.781110167008525380e+01,1.098035766588838058e+01
4.400000000000000000e+03,9.980000000000000000e+03,2.733073269109453349e+02,2.578434784093112171e+02,2.586341709155676654e+02,2.490513875119382874e+02,2.617211951895218363e+02,2.984615137980519535e+02,2.462583057181670370e+02,2.502707410015310643e+02,2.501731360232214456e+02,2.614960320052587122e+02,2.707145417639482048e+02,2.647400059843746476e+02,2.603974819743958733e+02,1.427473615011288202e+05,1.797526419448749024e+01,1.102340774201496032e+01
4.410000000000000000e+03,9.990000000000000000e+03,2.732662846119218329e+02,2.579394000379436989e+02,2.588384777164606021e+02,2.494658962935073419e+02,2.618144573667842678e+02,2.989719890956568520e+02,2.463232511532460762e+02,2.503949179597974535e+02,2.502962266461966294e+02,2.615000870288736223e+02,2.707033264428947632e+02,2.647475105431058751e+02,2.603958987550595339e+02,1.428180694292578264e+05,1.813756309051531090e+01,1.106677066484455985e+01
4.420000000000000000e+03,1.000000000000000000e+04,2.732258974394843563e+02,2.580375968217656464e+02,2.590455045879152749e+02,2.498926942490550687e+02,2.619131560159781884e+02,2.994700698421514744e+02,2.463923222410469975e+02,2.505220227051944164e+02,2.504222570358577684e+02,2.615059125332672920e+02,2.706930262141556796e+02,2.647567558131825081e+02,2.603962228529596814e+02,1.428899448571919347e+05,1.829797778020884991e+01,1.111043533936249084e+01
4.430000000000000000e+03,1.001000000000000000e+04,2.731861686331797046e+02,2.581380673761263438e+02,2.592551886634886387e+02,2.503314872184375304e+02,2.620171651224077323e+02,2.999558987110181079e+02,2.464654770787889220e+02,2.506520156835863986e+02,2.505511877786944126e+02,2.615135088895372633e+02,2.706836411932604278e+02,2.647677352094607386e+02,2.603984555483456802e+02,1.429629658282740565e+05,1.845648792450774422e+01,1.115439113552431039e+01
4.440000000000000000e+03,1.002000000000000000e+04,2.731471013191953148e+02,2.582408081644873050e+02,2.594674668189549038e+02,2.507819832602917813e+02,2.621263610293644888e+02,3.004296162774580807e+02,2.465426730565854427e+02,2.507848566756972559e+02,2.506829787950095181e+02,2.615228760350084372e+02,2.706751711854626592e+02,2.647804417764004938e+02,2.604025976599464229e+02,1.430371102867120062e+05,1.861307342582987800e+01,1.119862786584556780e+01
4.450000000000000000e+03,1.003000000000000000e+04,2.731086985130078233e+02,2.583458136318304241e+02,2.596822756891779704e+02,2.512438924807275669e+02,2.622406222771863895e+02,3.008913610552595514e+02,2.466238669071541949e+02,2.509205048391372372e+02,2.508175893759858184e+02,2.615340134803558385e+02,2.706676156963222866e+02,2.647948682070339714e+02,2.604086495525178861e+02,1.431123560758504027e+05,1.876771443061962685e+01,1.124313576316281882e+01
4.460000000000000000e+03,1.004000000000000000e+04,2.730709631229921683e+02,2.584530762955133696e+02,2.598995516785454925e+02,2.517169268861308069e+02,2.623598294584072050e+02,3.013412695162828641e+02,2.467090147470407544e+02,2.510589187424125157e+02,2.509549782301993730e+02,2.615469203146019481e+02,2.706609739744780541e+02,2.648110068610859571e+02,2.604166111429526040e+02,1.431886809366910311e+05,1.892039133186506206e+01,1.128790545848093529e+01
4.470000000000000000e+03,1.005000000000000000e+04,2.730338979529609560e+02,2.585625868996422696e+02,2.601192309777045466e+02,2.522008002506058233e+02,2.624838650933776307e+02,3.017794761101636709e+02,2.467980721097872276e+02,2.512000563985441204e+02,2.510951035066013048e+02,2.615615952145059282e+02,2.706552449876278956e+02,2.648288497834130339e+02,2.604264819084650640e+02,1.432660625065388740e+05,1.907108477158396198e+01,1.133292795885827786e+01
4.480000000000000000e+03,1.006000000000000000e+04,2.729975057066405952e+02,2.586743344528978241e+02,2.603412495843914485e+02,2.526952280029370002e+02,2.626126135181709742e+02,3.022061132803308965e+02,2.468909939750483886e+02,2.513438752890003798e+02,2.512379228113716181e+02,2.615780364480364710e+02,2.706504274892786270e+02,2.648483887221383384e+02,2.604382608890094275e+02,1.433444783180587692e+05,1.921977564327818300e+01,1.137819462537456339e+01
4.490000000000000000e+03,1.007000000000000000e+04,2.729617889890078573e+02,2.587883063953489682e+02,2.605655432980538535e+02,2.531999271258408726e+02,2.627459607813608500e+02,3.026213114548522753e+02,2.469877347928955942e+02,2.514903323958673127e+02,2.513833932624477541e+02,2.615962418848259290e+02,2.706465199756820539e+02,2.648696151456108510e+02,2.604519467011634788e+02,1.434239057984219980e+05,1.936644509435620165e+01,1.142369715164312005e+01
4.500000000000000000e+03,1.008000000000000000e+04,2.729267503104062484e+02,2.589044886376113368e+02,2.607920477482998649e+02,2.537146160661596355e+02,2.628837945531331002e+02,3.030251990600138470e+02,2.470882485046430190e+02,2.516393842200762947e+02,2.515314714899813282e+02,2.616162090012703629e+02,2.706435207378827386e+02,2.648925202560080834e+02,2.604675375404377178e+02,1.435043222688236274e+05,1.951107452852347279e+01,1.146942754199090331e+01
4.510000000000000000e+03,1.009000000000000000e+04,2.728923920889687338e+02,2.590228656503213642e+02,2.610206984001247292e+02,2.542390146595748206e+02,2.630260040441525007e+02,3.034179025166214956e+02,2.471924885615095491e+02,2.517909868039520802e+02,2.516821136601172100e+02,2.616379348875899495e+02,2.706414278621628569e+02,2.649170950149866144e+02,2.604850311892859054e+02,1.435857049441208947e+05,1.965364560814022354e+01,1.151537809013008484e+01
4.520000000000000000e+03,1.010000000000000000e+04,2.728587166530078321e+02,2.591434205455983033e+02,2.612514305650092865e+02,2.547728440654636302e+02,2.631724799269376831e+02,3.037995462358613850e+02,2.473004079412632734e+02,2.519450957468834815e+02,2.518352755033096173e+02,2.616614162543817201e+02,2.706402392477279477e+02,2.649433301469754269e+02,2.605044250242086150e+02,1.436680309328144067e+05,1.979414025654648412e+01,1.156154135801899585e+01
4.530000000000000000e+03,1.011000000000000000e+04,2.728257262463281450e+02,2.592661351510820396e+02,2.614841794073533947e+02,2.553158267030858042e+02,2.633231142682345194e+02,3.041702526113342628e+02,2.474119591628806347e+02,2.521016662340033179e+02,2.519909123351850724e+02,2.616866494396007283e+02,2.706399526004685185e+02,2.649712161604815037e+02,2.605257160216156080e+02,1.437512772371289611e+05,1.993254066035408201e+01,1.160791015502979562e+01
4.540000000000000000e+03,1.012000000000000000e+04,2.727934230272109630e+02,2.593909900557763990e+02,2.617188799819101064e+02,2.558676862061731754e+02,2.634778004662216517e+02,3.045301420399171661e+02,2.475270943003432649e+02,2.522606530346648697e+02,2.521489790259821575e+02,2.617136304134146485e+02,2.706405654763566417e+02,2.650007433585545868e+02,2.605489007639902184e+02,1.438354207535252208e+05,2.006882927170519082e+01,1.165447751675656463e+01
4.550000000000000000e+03,1.013000000000000000e+04,2.727618090728359448e+02,2.595179646853672466e+02,2.619554672003192763e+02,2.564281473783074716e+02,2.636364331901904734e+02,3.048793328788423764e+02,2.476457649950425832e+02,2.524220105382450186e+02,2.523094300983813980e+02,2.617423547851664125e+02,2.706420752615010770e+02,2.650319018573749759e+02,2.605739754460532254e+02,1.439204382731745136e+05,2.020298881049721373e+01,1.170123668544150775e+01
4.560000000000000000e+03,1.014000000000000000e+04,2.727308863819922067e+02,2.596470373702011898e+02,2.621938758722437797e+02,2.569969361595565260e+02,2.637989083270067567e+02,3.052179414673763063e+02,2.477679224678277023e+02,2.525856927571877009e+02,2.524722196820535487e+02,2.617728178089298012e+02,2.706444791925966911e+02,2.650646815851456495e+02,2.606009358811214156e+02,1.440063064829176874e+05,2.033500226657373133e+01,1.174818108934017147e+01
4.570000000000000000e+03,1.015000000000000000e+04,2.727006568763437713e+02,2.597781853724202392e+02,2.624340407242719380e+02,2.575737795922519240e+02,2.639651229315251157e+02,3.055460821325336269e+02,2.478935175299668003e+02,2.527516533087694484e+02,2.526373015456063911e+02,2.618050143892603501e+02,2.706477743652379218e+02,2.650990723108288307e+02,2.606297775055869010e+02,1.440930019662295817e+05,2.046485290188130080e+01,1.179530432272080276e+01
4.580000000000000000e+03,1.016000000000000000e+04,2.726711224032812311e+02,2.599113849538405248e+02,2.626758963464927206e+02,2.581584058035856515e+02,2.641349751766600775e+02,3.058638671284783754e+02,2.480225005944234908e+02,2.529198455718821492e+02,2.528046291087912323e+02,2.618389390830743650e+02,2.706519577386780497e+02,2.651350636415459121e+02,2.606604953837475023e+02,1.441805012045390904e+05,2.059252425259158770e+01,1.184260012770068293e+01
4.590000000000000000e+03,1.017000000000000000e+04,2.726422847377265271e+02,2.600466114249499014e+02,2.629193772990735170e+02,2.587505439865569201e+02,2.643083643162014482e+02,3.061714067213123371e+02,2.481548216856754152e+02,2.530902224751711458e+02,2.529741554566337243e+02,2.618745861075078665e+02,2.706570261445181700e+02,2.651726450361480261e+02,2.606930842113119411e+02,1.442687805787373218e+05,2.071800013118885531e+01,1.189006237336317895e+01
4.600000000000000000e+03,1.018000000000000000e+04,2.726141455837265539e+02,2.601838391733424487e+02,2.631644180347752240e+02,2.593499244263541641e+02,2.644851906390177874e+02,3.064688091274672388e+02,2.482904304487803415e+02,2.532627366631644747e+02,2.531458333493302746e+02,2.619119493418373850e+02,2.706629762921378415e+02,2.652118058127236395e+02,2.607275383270592783e+02,1.443578163707905915e+05,2.084126462852242412e+01,1.193768503864597363e+01
4.610000000000000000e+03,1.019000000000000000e+04,2.725867065766171891e+02,2.603230417218489947e+02,2.634109529921814783e+02,2.599562783565411337e+02,2.646653554336156731e+02,3.067561805341392756e+02,2.484292761611622495e+02,2.534373404947735082e+02,2.533196152380734816e+02,2.619510223361191947e+02,2.706698047736329045e+02,2.652525351562546234e+02,2.607638517055529519e+02,1.444475847657258855e+05,2.096230211582377834e+01,1.198546219227951326e+01
4.620000000000000000e+03,1.020000000000000000e+04,2.725599692839375052e+02,2.604641917591022207e+02,2.636589165137367559e+02,2.605693381538673066e+02,2.648487609531905491e+02,3.070336250960125994e+02,2.485713077407689582e+02,2.536139860069434349e+02,2.534954532726457614e+02,2.619917983069622096e+02,2.706775080689860147e+02,2.652948221261465847e+02,2.608020179678065347e+02,1.445380618536688271e+05,2.108109724668812390e+01,1.203338797697327145e+01
4.630000000000000000e+03,1.021000000000000000e+04,2.725339352073906412e+02,2.606072611730296558e+02,2.639082429159147409e+02,2.611888372107474652e+02,2.650353103826299730e+02,3.073012449401843469e+02,2.487164737555308420e+02,2.537926249587395091e+02,2.536732993194875405e+02,2.620342701448280991e+02,2.706860825500121450e+02,2.653386556599416508e+02,2.608420303826583790e+02,1.446292236321180244e+05,2.119763495902016004e+01,1.208145659076330958e+01
4.640000000000000000e+03,1.022000000000000000e+04,2.725086057835937936e+02,2.607522211014195932e+02,2.641588664804997393e+02,2.618145099760776020e+02,2.652249078082938354e+02,3.075591401697659535e+02,2.488647224328272785e+02,2.539732088340825840e+02,2.538531049649835154e+02,2.620784304198167547e+02,2.706955244825870750e+02,2.653840245814174068e+02,2.608838818712507646e+02,1.447210460085188970e+05,2.131190047694387957e+01,1.212966227007896336e+01
4.650000000000000000e+03,1.023000000000000000e+04,2.724839823847499929e+02,2.608990419455341794e+02,2.644107214671157067e+02,2.624460919673680337e+02,2.654174581890193281e+02,3.078074088706490556e+02,2.490160016684442041e+02,2.541556888541061596e+02,2.540348215309540763e+02,2.621242713791824599e+02,2.707058300306713363e+02,2.654309176019679626e+02,2.609275650084925928e+02,1.448135048027687590e+05,2.142387931267595391e+01,1.217799927333627608e+01
4.660000000000000000e+03,1.024000000000000000e+04,2.724600663207734215e+02,2.610476934116849179e+02,2.646637421204908378e+02,2.630833197855916978e+02,2.656128673300601122e+02,3.080461471176587338e+02,2.491702590354637721e+02,2.543400159873711175e+02,2.542184000848316145e+02,2.621717849512649536e+02,2.707169952580724157e+02,2.654793233248138904e+02,2.609730720243753694e+02,1.449065757502110791e+05,2.153355726836263528e+01,1.222646186489260067e+01
4.670000000000000000e+03,1.025000000000000000e+04,2.724368588387109185e+02,2.611981445394638968e+02,2.649178626807918135e+02,2.637259311344283788e+02,2.658110418581083536e+02,3.082754489836132734e+02,2.493274417935510598e+02,2.545261409604685241e+02,2.544037914481885423e+02,2.622209627469212023e+02,2.707290161295371149e+02,2.655292302473891937e+02,2.610203948059302093e+02,1.450002345045219408e+05,2.164092043787993092e+01,1.227504429941019382e+01
4.680000000000000000e+03,1.026000000000000000e+04,2.724143611233906199e+02,2.613503637282450995e+02,2.651730173901795524e+02,2.643736648417027482e+02,2.660118891967571813e+02,3.084954065489977211e+02,2.494874968974414458e+02,2.547140142673044920e+02,2.545909462121698255e+02,2.622717960614025969e+02,2.707418885151117820e+02,2.655806267635017548e+02,2.610695249046327717e+02,1.450944566410340776e+05,2.174595520859681130e+01,1.232374080679584161e+01
4.690000000000000000e+03,1.027000000000000000e+04,2.723925742989453056e+02,2.615043187533814830e+02,2.654291405071400050e+02,2.650262608847118599e+02,2.662153175520184050e+02,3.087061099139825728e+02,2.496503710068927830e+02,2.549035861829373744e+02,2.547798147404452322e+02,2.623242758750735106e+02,2.707556081855250341e+02,2.656335011636272156e+02,2.611204535264333231e+02,1.451892176599272643e+05,2.184864826310106523e+01,1.237254557777757391e+01
4.700000000000000000e+03,1.028000000000000000e+04,2.723714994275859453e+02,2.616599768010055982e+02,2.656861663111045573e+02,2.656834604248299456e+02,2.664212358816546384e+02,3.089076472117816365e+02,2.498160104932983643e+02,2.550948067687893399e+02,2.549703471880965253e+02,2.623783928431818140e+02,2.707701708266577612e+02,2.656878416354744559e+02,2.611731715420144155e+02,1.452844929898220580e+05,2.194898658088790100e+01,1.242145274982428838e+01
4.710000000000000000e+03,1.029000000000000000e+04,2.723511375100156329e+02,2.618173045335215079e+02,2.659440291060684558e+02,2.663450058329601120e+02,2.666295538779546632e+02,3.091001046159299221e+02,2.499843614508894234e+02,2.552876258855014839e+02,2.551624935027294896e+02,2.624341373471514771e+02,2.707855719921823834e+02,2.657436362648291492e+02,2.612276694851854018e+02,1.453802579914390808e+05,2.204695744001079660e+01,1.247045639323975585e+01
4.720000000000000000e+03,1.030000000000000000e+04,2.723314894849999632e+02,2.619762680201829426e+02,2.662026632502558527e+02,2.670106407289092658e+02,2.668401819569687063e+02,3.092835663682034237e+02,2.501553697054761471e+02,2.554819932022322178e+02,2.553562034395886542e+02,2.624914994058494813e+02,2.708018071790404520e+02,2.658008730328502907e+02,2.612839375520786689e+02,1.454764879613315570e+05,2.214254841869452761e+01,1.251955049890770866e+01
4.730000000000000000e+03,1.031000000000000000e+04,2.723125562291797337e+02,2.621368328229726785e+02,2.664620031404347742e+02,2.676801100179540640e+02,2.670530312448912014e+02,3.094581147852579761e+02,2.503289808201440678e+02,2.556778582066121714e+02,2.555514265703816363e+02,2.625504687529544867e+02,2.708188717719167471e+02,2.658595398151098834e+02,2.613419656018370461e+02,1.455731581358914264e+05,2.223574739691011715e+01,1.256872896570762776e+01
4.740000000000000000e+03,1.032000000000000000e+04,2.722943385587344096e+02,2.622989640077890954e+02,2.667219832360890450e+02,2.683531599282048319e+02,2.672680135541161235e+02,3.096238302805926423e+02,2.505051401062337391e+02,2.558751702177168283e+02,2.557481122927990214e+02,2.626110347991258891e+02,2.708367610524081783e+02,2.659196243793774670e+02,2.614017431568292977e+02,1.456702436954027216e+05,2.232654255791153020e+01,1.261798558859388386e+01
4.750000000000000000e+03,1.033000000000000000e+04,2.722768372249609001e+02,2.624626261547132344e+02,2.669825380647573638e+02,2.690295380599391706e+02,2.674850413717824722e+02,3.097807913827381867e+02,2.506837926348892154e+02,2.560738783882104599e+02,2.559462098400020125e+02,2.626731866442265755e+02,2.708554702053507981e+02,2.659811143827859041e+02,2.614632594017923566e+02,1.457677197682223050e+05,2.241492238973399154e+01,1.266731404745597978e+01
4.760000000000000000e+03,1.034000000000000000e+04,2.722600529154374840e+02,2.626277833806536819e+02,2.672436022322266354e+02,2.697089934255558319e+02,2.677040278473375565e+02,3.099290747554364316e+02,2.508648832410244154e+02,2.562739317198253843e+02,2.561456682908990388e+02,2.627369130743401229e+02,2.708749943117569501e+02,2.660439973687784914e+02,2.615265031844566010e+02,1.458655614351062104e+05,2.250087568665348670e+01,1.271670789647536637e+01
4.770000000000000000e+03,1.035000000000000000e+04,2.722439862526484262e+02,2.627943993562064406e+02,2.675051104303345255e+02,2.703912764985157082e+02,2.679248867822207671e+02,3.100687552192612770e+02,2.510483565358182716e+02,2.564752790713756099e+02,2.563464365794212085e+02,2.628022025582637866e+02,2.708953283475183866e+02,2.661082607625903051e+02,2.615914630135718539e+02,1.459637437336227158e+05,2.258439155060766268e+01,1.276616055418448781e+01
4.780000000000000000e+03,1.036000000000000000e+04,2.722286377934452730e+02,2.629624373211848933e+02,2.677669974489230071e+02,2.710761392626026804e+02,2.681475326184604455e+02,3.101999057739716363e+02,2.512341569114029198e+02,2.566778691686861293e+02,2.565484635007936163e+02,2.628690432493489766e+02,2.709164671831292708e+02,2.661738918680222241e+02,2.616581270586822257e+02,1.460622416627596249e+05,2.266545939257746411e+01,1.281566529393813170e+01
4.790000000000000000e+03,1.037000000000000000e+04,2.722140080271093439e+02,2.631318601031699700e+02,2.680291981816560565e+02,2.717633352604590300e+02,2.683718804279287156e+02,3.103225976218313349e+02,2.514222285562104844e+02,2.568816506113743685e+02,2.567516977278198169e+02,2.629374229828290481e+02,2.709384055776582727e+02,2.662408778619646910e+02,2.617264831488995469e+02,1.461610301875108562e+05,2.274406893392985651e+01,1.286521523521883381e+01
4.800000000000000000e+03,1.038000000000000000e+04,2.722000973738281573e+02,2.633026301312855253e+02,2.682916476349184336e+02,2.724526196489671293e+02,2.685978459017898103e+02,3.104369001913023567e+02,2.516125154583219228e+02,2.570865718893294911e+02,2.569560878165444819e+02,2.630073292749077041e+02,2.709611381781628552e+02,2.663092057893578044e+02,2.617965187714197555e+02,1.462600842435757513e+05,2.282021020772097231e+01,1.291480333541725756e+01
4.810000000000000000e+03,1.039000000000000000e+04,2.721869061842812698e+02,2.634747094533271365e+02,2.685542809433626985e+02,2.731437492512721406e+02,2.688253453470062482e+02,3.105428811635370039e+02,2.518049614166061758e+02,2.572925813830690913e+02,2.571615822132897051e+02,2.630787493210066827e+02,2.709846595164001428e+02,2.663788625530282275e+02,2.618682210706621163e+02,1.463593787423352478e+05,2.289387355995983242e+01,1.296442238222704191e+01
4.820000000000000000e+03,1.040000000000000000e+04,2.721744347367031196e+02,2.636480597388623437e+02,2.688170333722571854e+02,2.738364826124546880e+02,2.690542956740731597e+02,3.106406064965262885e+02,2.519995100492679398e+02,2.574996273785195058e+02,2.573681292666964850e+02,2.631516699941209936e+02,2.710089640045080159e+02,2.664498349276971112e+02,2.619415768459456331e+02,1.464588885755863739e+05,2.296504965083241245e+01,1.301406498662781530e+01
4.830000000000000000e+03,1.041000000000000000e+04,2.721626832354062344e+02,2.638226423089570289e+02,2.690798403323753973e+02,2.745305800557822522e+02,2.692846143929604068e+02,3.107301404532504421e+02,2.521961048035247472e+02,2.577076580744912917e+02,2.575756772366115683e+02,2.632260778430932078e+02,2.710340459345421777e+02,2.665221095241827811e+02,2.620165725510472612e+02,1.465585886206091382e+05,2.303372945588583320e+01,1.306372357665823891e+01
4.840000000000000000e+03,1.042000000000000000e+04,2.721516518093750392e+02,2.639984181425690508e+02,2.693426373853762925e+02,2.752258037395968131e+02,2.695162196052039008e+02,3.108115456283933327e+02,2.523946889637555273e+02,2.579166215930974886e+02,2.577841743031832493e+02,2.633019590912382455e+02,2.710598994728761681e+02,2.665956728035517926e+02,2.620931942912807244e+02,1.466584537452389486e+05,2.309990426717254053e+01,1.311339039161973474e+01
4.850000000000000000e+03,1.043000000000000000e+04,2.721413405097343912e+02,2.641753478865999796e+02,2.696053602556803526e+02,2.759219177153950682e+02,2.697490299991239908e+02,3.108848829765131541e+02,2.525952056612651120e+02,2.581264659886007848e+02,2.579935685765543099e+02,2.633792996339055890e+02,2.710865186575827579e+02,2.666705110638719134e+02,2.621714278226867805e+02,1.467584588129400508e+05,2.316356569435445323e+01,1.316305747704504903e+01
4.860000000000000000e+03,1.044000000000000000e+04,2.721317493078124699e+02,2.643533918747308462e+02,2.698679448356801913e+02,2.766186879863986974e+02,2.699829648433295688e+02,3.109502118389562497e+02,2.527975978824552783e+02,2.583371392553726196e+02,2.582038081050645246e+02,2.634580850370313669e+02,2.711138973984108134e+02,2.667466104351034915e+02,2.622512585588688125e+02,1.468585786879875232e+05,2.322470566576671658e+01,1.321271668004032840e+01
4.870000000000000000e+03,1.045000000000000000e+04,2.721228780929921527e+02,2.645325101199003939e+02,2.701303272136228202e+02,2.773158825690064759e+02,2.702179439902726017e+02,3.110075899799059016e+02,2.530018084814518602e+02,2.585485893364103731e+02,2.584148408855043613e+02,2.635383005343212517e+02,2.711420294586531554e+02,2.668239568716629719e+02,2.623326715303844594e+02,1.469587882406972931e+05,2.328331642944115742e+01,1.326235964599633199e+01
4.880000000000000000e+03,1.046000000000000000e+04,2.721147266700078262e+02,2.647126623546348014e+02,2.703924436501883974e+02,2.780132715479424519e+02,2.704538878598360157e+02,3.110570736055328211e+02,2.532077801835440596e+02,2.587607641397121938e+02,2.586266148719689681e+02,2.636199310265161557e+02,2.711709084751090586e+02,2.669025361450003970e+02,2.624156514449773567e+02,1.470590623526353156e+05,2.333939055408913177e+01,1.331197781470310559e+01
4.890000000000000000e+03,1.047000000000000000e+04,2.721072947575624994e+02,2.648938080271617537e+02,2.706542306155970437e+02,2.787106271394678743e+02,2.706907174436993273e+02,3.110987174009171667e+02,2.534154555991262328e+02,2.589736115381656418e+02,2.588390779848232910e+02,2.637029610786782996e+02,2.712005279374531028e+02,2.669823338331965488e+02,2.625001826413325148e+02,1.471593759220023057e+05,2.339292093004373996e+01,1.336156241801970879e+01
4.900000000000000000e+03,1.048000000000000000e+04,2.721005819844374969e+02,2.650759063031256346e+02,2.709156247895584784e+02,2.794077237500032425e+02,2.709283543022029903e+02,3.111325745590395400e+02,2.536247772313101621e+02,2.591870793831910760e+02,2.590521781193814377e+02,2.637873749182290339e+02,2.712308811906343067e+02,2.670633353257093177e+02,2.625862490988390618e+02,1.472597038688774919e+05,2.344390077016132778e+01,1.341110447790994087e+01
4.910000000000000000e+03,1.049000000000000000e+04,2.720945878884375020e+02,2.652589160900924412e+02,2.711765630711710173e+02,2.801043380355399677e+02,2.711667205612149019e+02,3.111586968113724652e+02,2.538356874844040476e+02,2.594011155128210362e+02,2.592658631564751204e+02,2.638731564331621371e+02,2.712619614320584560e+02,2.671455258041027037e+02,2.626738344359511075e+02,1.473600211406015442e+05,2.349232361068191111e+01,1.346059480500514027e+01
4.920000000000000000e+03,1.050000000000000000e+04,2.720893119123749671e+02,2.654427960460508302e+02,2.714369825915003389e+02,2.808002489619423727e+02,2.714057389108550069e+02,3.111771344590430317e+02,2.540481286783411008e+02,2.596156677618595836e+02,2.594800809704817084e+02,2.639602891710800350e+02,2.712937616938496603e+02,2.672288902378825242e+02,2.627629219081066481e+02,1.474603027171413414e+05,2.353818331204885439e+01,1.351002399796992215e+01
4.930000000000000000e+03,1.051000000000000000e+04,2.720847534027499819e+02,2.656275045947399462e+02,2.716968207100114228e+02,2.814952378620709510e+02,2.716453326025310275e+02,3.111879364037810660e+02,2.542620430452072924e+02,2.598306839701163540e+02,2.596947794483016310e+02,2.640487563356544456e+02,2.713262748694105539e+02,2.673134133785127915e+02,2.628534944078191984e+02,1.475605236164509552e+05,2.358147405968719212e+01,1.355938244312218188e+01
4.940000000000000000e+03,1.052000000000000000e+04,2.720809116060781321e+02,2.658129999152125720e+02,2.719560150553675157e+02,2.821890884978511167e+02,2.718854254497598504e+02,3.111911501800361748e+02,2.544773727610808010e+02,2.600461119920000783e+02,2.599099064571906297e+02,2.641385407863455725e+02,2.713594936850824979e+02,2.673990797520028195e+02,2.629455344599698492e+02,1.476606588998423540e+05,2.362219036474095191e+01,1.360866031468146886e+01
4.950000000000000000e+03,1.053000000000000000e+04,2.720777856669062658e+02,2.659992399683249005e+02,2.722145034963251078e+02,2.828815871140967602e+02,2.721259418263952625e+02,3.111868219861906937e+02,2.546940599320568026e+02,2.602618997048659821e+02,2.601254099198613403e+02,2.642296250365284891e+02,2.713934107057300480e+02,2.674858736514904649e+02,2.630390242222536585e+02,1.477606836773754330e+05,2.366032706476902092e+01,1.365784757631489654e+01
4.960000000000000000e+03,1.054000000000000000e+04,2.720753746246874698e+02,2.661861825048828223e+02,2.724722241766902471e+02,2.835725224968845737e+02,2.723668066670567214e+02,3.111749967165305293e+02,2.549120466161132583e+02,2.604779950189454212e+02,2.603412377770728767e+02,2.643219912517023431e+02,2.714280183296521045e+02,2.675737791308673081e+02,2.631339454830266504e+02,1.478605731132334622e+05,2.369587932439975830e+01,1.370693398224304715e+01
4.970000000000000000e+03,1.055000000000000000e+04,2.720736774107031124e+02,2.663737850705016399e+02,2.727291155181741260e+02,2.842616860295968877e+02,2.726079454669715574e+02,3.111557179930206871e+02,2.551312748315924637e+02,2.606943458862646708e+02,2.605573380079675303e+02,2.644156212484306252e+02,2.714633087874269677e+02,2.676627799977838436e+02,2.632302796600544070e+02,1.479603024310243200e+05,2.372884263594399457e+01,1.375590907946390118e+01
4.980000000000000000e+03,1.056000000000000000e+04,2.720726928461406260e+02,2.665620050183737249e+02,2.729851162288416617e+02,2.849488717475463773e+02,2.728492842825584148e+02,3.111290281971382683e+02,2.553516865647953296e+02,2.609109003093083174e+02,2.607736586413194573e+02,2.645104964930533242e+02,2.714992741384231749e+02,2.677528598071577903e+02,2.633280077990422114e+02,1.480598469191413024e+05,2.375921281996665613e+01,1.380476221040654572e+01
4.990000000000000000e+03,1.057000000000000000e+04,2.720724196384609286e+02,2.667507995184358833e+02,2.732401653146482658e+02,2.856338763915283607e+02,2.730907497298198905e+02,3.110949685020956395e+02,2.555732237814177097e+02,2.611276063506487048e+02,2.609901477633347326e+02,2.646065981007549226e+02,2.715359062673868493e+02,2.678440018546277770e+02,2.634271105728969360e+02,1.481591819360701775e+05,2.378698602581660637e+01,1.385348251613567072e+01
5.000000000000000000e+03,1.058000000000000000e+04,2.720728563792343948e+02,2.669401255621764335e+02,2.734942020899589465e+02,2.863164994600914497e+02,2.733322689895526310e+02,3.110535789044260468e+02,2.557958284370045021e+02,2.613444121400582389e+02,2.612067535225573920e+02,2.647039068345983424e+02,2.715731968839650108e+02,2.679361891707612813e+02,2.635275682804523854e+02,1.482582829156550579e+05,2.381215873211488798e+01,1.390205894001979914e+01
5.010000000000000000e+03,1.059000000000000000e+04,2.720740015413281299e+02,2.671299399781067905e+02,2.737471661810170076e+02,2.869965432595648736e+02,2.735737698048914126e+02,3.110048982561401658e+02,2.560194424825533019e+02,2.615612658875233478e+02,2.614234241493581976e+02,2.648024031048080360e+02,2.716111375177126774e+02,2.680294045146324038e+02,2.636293608457333448e+02,1.483571253723061236e+05,2.383472774720122800e+01,1.395048023208347487e+01
5.020000000000000000e+03,1.060000000000000000e+04,2.720758534755702840e+02,2.673201994443626859e+02,2.739989975429531341e+02,2.876738129537652071e+02,2.738151804843586774e+02,3.109489642962015523e+02,2.562440078786937079e+02,2.617781158885028390e+02,2.616401079540497108e+02,2.649020669685782536e+02,2.716497195116488683e+02,2.681236303689079818e+02,2.637324678176838688e+02,1.484556849062240799e+05,2.385469020953868835e+01,1.399873495358733955e+01
5.030000000000000000e+03,1.061000000000000000e+04,2.720784104091171685e+02,2.675108604743600722e+02,2.742496364646064535e+02,2.883481166105920011e+02,2.740564299031108249e+02,3.108858136822211691e+02,2.564694666030383132e+02,2.619949105341373752e+02,2.618567533427145122e+02,2.650028781290983488e+02,2.716889340392496592e+02,2.682188489335328541e+02,2.638368683691938941e+02,1.485539372085038631e+05,2.387204358807647253e+01,1.404681148227965615e+01
5.040000000000000000e+03,1.062000000000000000e+04,2.720816704405781365e+02,2.677018794552744225e+02,2.744990235800920004e+02,2.890192652480731681e+02,2.742974475042575477e+02,3.108154820224311834e+02,2.566957606611186407e+02,2.622115983204185454e+02,2.620733088228321321e+02,2.651048159361809553e+02,2.717287720816140109e+02,2.683150421214335211e+02,2.639425412972308322e+02,1.486518580662331078e+05,2.388678568257087065e+01,1.409469801804078060e+01
5.050000000000000000e+03,1.063000000000000000e+04,2.720856315408046839e+02,2.678932126396250624e+02,2.747470998767862511e+02,2.896870728772052530e+02,2.745381633029174395e+02,3.107380039064836978e+02,2.569228320959793450e+02,2.624281278566262472e+02,2.622897230129931927e+02,2.652078593862570415e+02,2.717692244343479615e+02,2.684121915537866698e+02,2.640494650228889668e+02,1.487494233675673604e+05,2.389891462386419008e+01,1.414238258896471834e+01
5.060000000000000000e+03,1.064000000000000000e+04,2.720902915474062524e+02,2.680848161625341959e+02,2.749938067046491028e+02,2.903513565435143278e+02,2.747785078855438314e+02,3.106534129367838659e+02,2.571506229969048150e+02,2.626444478782149190e+02,2.625059446520748452e+02,2.653119871219164452e+02,2.718102817042787365e+02,2.685102785552113573e+02,2.641576175914460123e+02,1.488466091066109948e+05,2.390842887412177831e+01,1.418985305791089502e+01
5.070000000000000000e+03,1.065000000000000000e+04,2.720956481632734381e+02,2.682766460467809111e+02,2.752390857902911421e+02,2.910119363666797199e+02,2.750184124139478286e+02,3.105617417597892427e+02,2.573790755150325822e+02,2.628605072404550356e+02,2.627219226079915870e+02,2.654171774345817312e+02,2.718519343101837649e+02,2.686092841502372721e+02,2.642669766729261482e+02,1.489433913883815403e+05,2.391532722702698166e+01,1.423709712927030857e+01
5.080000000000000000e+03,1.066000000000000000e+04,2.721016989539687643e+02,2.684686582126497569e+02,2.754828792445663339e+02,2.916686355822707810e+02,2.752578086278447245e+02,3.104630220967220566e+02,2.576081318460483658e+02,2.630762549503744481e+02,2.629376058876597426e+02,2.655234082635168988e+02,2.718941724806883258e+02,2.687091890596331041e+02,2.643775195621133207e+02,1.490397464336036064e+05,2.391960880793411093e+01,1.428410235632843950e+01
5.090000000000000000e+03,1.067000000000000000e+04,2.721084413453515936e+02,2.686608084874856672e+02,2.757251295455359923e+02,2.923212805559199978e+02,2.754966288470851623e+02,3.103572847736157314e+02,2.578377343175749843e+02,2.632916401638068464e+02,2.631529436421413379e+02,2.656306571975051156e+02,2.719369862545646015e+02,2.688099736965818920e+02,2.644892231816058938e+02,1.491356505835186690e+05,2.392127307397935709e+01,1.433085614953956721e+01
5.100000000000000000e+03,1.068000000000000000e+04,2.721158726210156829e+02,2.688530526140866641e+02,2.759657795986307747e+02,2.929697008458097116e+02,2.757348059745592650e+02,3.102445597520626279e+02,2.580678252901727774e+02,2.635066121893310083e+02,2.633678851796159961e+02,2.657389014763668342e+02,2.719803654781547380e+02,2.689116181649552004e+02,2.646020640807474820e+02,1.492310803044189815e+05,2.392031981414956476e+01,1.437734578337362201e+01
5.110000000000000000e+03,1.069000000000000000e+04,2.721239899205078245e+02,2.690453462620380378e+02,2.762047727070074643e+02,2.936137292137445911e+02,2.759722734989278479e+02,3.101248761592588608e+02,2.582983472395393392e+02,2.637211205040269988e+02,2.635823799723406182e+02,2.658481179928020310e+02,2.720242998080187817e+02,2.690141022563883553e+02,2.647160184378906820e+02,1.493260121924235718e+05,2.391674914930903384e+01,1.442355840543697632e+01
5.120000000000000000e+03,1.070000000000000000e+04,2.721327902365625278e+02,2.692376450191783874e+02,2.764420525948065688e+02,2.942532016573017017e+02,2.762089654966907233e+02,3.099982623169701128e+02,2.585292427513281268e+02,2.639351147598824809e+02,2.637963776679015950e+02,2.659582832939859145e+02,2.720687787086646381e+02,2.691174054473393653e+02,2.648310620613331139e+02,1.494204229778381414e+05,2.391056153218418245e+01,1.446948104504272870e+01
5.130000000000000000e+03,1.071000000000000000e+04,2.721422704132734225e+02,2.694299044518551227e+02,2.766775634044896606e+02,2.948879574307308644e+02,2.764448166398470335e+02,3.098647457729202870e+02,2.587604545227270592e+02,2.641485447930762689e+02,2.640098280885407007e+02,2.660693735842820615e+02,2.721137914536559492e+02,2.692215069001283041e+02,2.649471703949047310e+02,1.495142895296134520e+05,2.390175774730614222e+01,1.451510062175490745e+01
5.140000000000000000e+03,1.072000000000000000e+04,2.721524271440468965e+02,2.696220800554283983e+02,2.769112497192468254e+02,2.955178390728207773e+02,2.766797621912605791e+02,3.097243533273937715e+02,2.589919253802521553e+02,2.643613606321519569e+02,2.642226812531336577e+02,2.661813647267266560e+02,2.721593271259287121e+02,2.693263854594625855e+02,2.650643185151606076e+02,1.496075888596755394e+05,2.389033891091130002e+01,1.456040395491861972e+01
5.150000000000000000e+03,1.073000000000000000e+04,2.721632569703359650e+02,2.698141272765537337e+02,2.771430565665978065e+02,2.961426924222552088e+02,2.769137380147268459e+02,3.095771110633681928e+02,2.592235982908918004e+02,2.645735125071300331e+02,2.644348873773414539e+02,2.662942322473606964e+02,2.722053746170759041e+02,2.694320196525270603e+02,2.651824811373221564e+02,1.497002981271725730e+05,2.387630647079974722e+01,1.460537777302909035e+01
5.160000000000000000e+03,1.074000000000000000e+04,2.721747562770312925e+02,2.700060015600231509e+02,2.773729294203250788e+02,2.967623666366010866e+02,2.771466805736893093e+02,3.094230443749232791e+02,2.594554163632977861e+02,2.647849508571853789e+02,2.646463968838295955e+02,2.664079513379595028e+02,2.722519226336885936e+02,2.695383876891798991e+02,2.653016326167955299e+02,1.497923946425340255e+05,2.385966220615172517e+01,1.465000872309293456e+01
5.170000000000000000e+03,1.075000000000000000e+04,2.721869212954140949e+02,2.701976583179521754e+02,2.776008142169322923e+02,2.973767142051329984e+02,2.773785269370206947e+02,3.092621779952431780e+02,2.596873228645599738e+02,2.649956263394743132e+02,2.648571604108755650e+02,2.665224968585198440e+02,2.722989596905706549e+02,2.696454674620851506e+02,2.654217469530545941e+02,1.498838558715580439e+05,2.384040822730203502e+01,1.469428338055865879e+01
5.180000000000000000e+03,1.076000000000000000e+04,2.721997480997187608e+02,2.703890529500215507e+02,2.778266573605778831e+02,2.979855909609109403e+02,2.776092147815025442e+02,3.090945360243154028e+02,2.599192612281144079e+02,2.652054898374645973e+02,2.650671288207983594e+02,2.666378433414208757e+02,2.723464741175283734e+02,2.697532365473069262e+02,2.655427977926976268e+02,1.499746594393126143e+05,2.381854697547250410e+01,1.473818825928022846e+01
5.190000000000000000e+03,1.077000000000000000e+04,2.722132325996484496e+02,2.705801408726543400e+02,2.780504057310231474e+02,2.985888560889540031e+02,2.778386823953275098e+02,3.089201419565439437e+02,2.601511750637552041e+02,2.654144924696297494e+02,2.652762532082631424e+02,2.667539649965149238e+02,2.723944540578071383e+02,2.698616722064803639e+02,2.656647584334481280e+02,1.500647831339636468e+05,2.379408122246238477e+01,1.478170982158593461e+01
5.200000000000000000e+03,1.078000000000000000e+04,2.722273705501171435e+02,2.707708774951315149e+02,2.782720066905274621e+02,2.991863721314304030e+02,2.780668686812738883e+02,3.087390187075553172e+02,2.603830081689327471e+02,2.656225855969813097e+02,2.654844849084666407e+02,2.668708357146811068e+02,2.724428874733102930e+02,2.699707513869465174e+02,2.657876018279437176e+02,1.501542049104716862e+05,2.376701407029701230e+01,1.482483448849614405e+01
5.210000000000000000e+03,1.079000000000000000e+04,2.722421575420312365e+02,2.709612182525081607e+02,2.784914080979150413e+02,2.997780049951434194e+02,2.782937131601055398e+02,3.085511886411177329e+02,2.606147045291408517e+02,2.658297208324738676e+02,2.656917755054001304e+02,2.669884290664133459e+02,2.724917621445469536e+02,2.700804507253685642e+02,2.659113005881789604e+02,1.502429028942381265e+05,2.373734895083440577e+01,1.486754864998821724e+01
5.220000000000000000e+03,1.080000000000000000e+04,2.722575890035468547e+02,2.711511186193499725e+02,2.787085583010309620e+02,3.003636239426566590e+02,2.785191559737588705e+02,3.083566735954113938e+02,2.608462083440444417e+02,2.660358500472896139e+02,2.658980768398906775e+02,2.671067183229239390e+02,2.725410656734065924e+02,2.701907465496453256e+02,2.660358269903843507e+02,1.503308553845774150e+05,2.370508962533021702e+01,1.490983867536230534e+01
5.230000000000000000e+03,1.081000000000000000e+04,2.722736601988437428e+02,2.713405340767304779e+02,2.789234061661095438e+02,3.009431016004767798e+02,2.787431378888643394e+02,3.081554949089639308e+02,2.610774640288796036e+02,2.662409253803954812e+02,2.661033410174378560e+02,2.672256764424819266e+02,2.725907854845679594e+02,2.703016148818270494e+02,2.661611529792705255e+02,1.504180408580885269e+05,2.367024018396077523e+01,1.495169092389899923e+01
5.240000000000000000e+03,1.082000000000000000e+04,2.722903662272500469e+02,2.715294201917835721e+02,2.791359010623639847e+02,3.015163139461053561e+02,2.789656002997587620e+02,3.079476734461465526e+02,2.613084162177868848e+02,2.664448992462353090e+02,2.663075204164558158e+02,2.673452760906615140e+02,2.726409088300312078e+02,2.704130314423989034e+02,2.662872501738270330e+02,1.505044379719902063e+05,2.363280504530454351e+01,1.499309175492137314e+01
5.250000000000000000e+03,1.083000000000000000e+04,2.723077020228515721e+02,2.717177325809641957e+02,2.793459928837379493e+02,3.020831403042001853e+02,2.791864852319706642e+02,3.077332296226393851e+02,2.615390097819296216e+02,2.666477243417742216e+02,2.665105676960180858e+02,2.674654896335356398e+02,2.726914227910583577e+02,2.705249716542189162e+02,2.664140898720844461e+02,1.505900255672778003e+05,2.359278895578187729e+01,1.503402753850694040e+01
5.260000000000000000e+03,1.084000000000000000e+04,2.723256623531171385e+02,2.719054269214717010e+02,2.795536320495696145e+02,3.026434633342255438e+02,2.794057353454271606e+02,3.075121834299432066e+02,2.617691898409917144e+02,2.668493536542691800e+02,2.667124358028405027e+02,2.675862891534280834e+02,2.727423142815133588e+02,2.706374106453956756e+02,2.665416430621369841e+02,1.506747826717183925e+05,2.355019698905316616e+01,1.507448466590417802e+01
5.270000000000000000e+03,1.085000000000000000e+04,2.723442418193125150e+02,2.720924589791546282e+02,2.797587695233536351e+02,3.031971690226658893e+02,2.796232939371642487e+02,3.072845544600086782e+02,2.619989017413602710e+02,2.670497404727227035e+02,2.669130779827006563e+02,2.677076464512485927e+02,2.727935700507979959e+02,2.707503232572477145e+02,2.666698804162635952e+02,1.507586885028966935e+05,2.350503454537562220e+01,1.511444955965574266e+01
5.280000000000000000e+03,1.086000000000000000e+04,2.723634348555547149e+02,2.722787846044775506e+02,2.799613567933147351e+02,3.037441466582301359e+02,2.798391049449770094e+02,3.070503619293972974e+02,2.622280911298850015e+02,2.672488383881939740e+02,2.671124477808244251e+02,2.678295330534203913e+02,2.728451766878405920e+02,2.708636840468979017e+02,2.667987723086398546e+02,1.508417224709946313e+05,2.345730735091852637e+01,1.515390868460811902e+01
5.290000000000000000e+03,1.087000000000000000e+04,2.723832357291094013e+02,2.724643597474847070e+02,2.801613459036030918e+02,3.042842888210726073e+02,2.800531129502216459e+02,3.068096247027252730e+02,2.624567039053547433e+02,2.674466013070201029e+02,2.673104990558134659e+02,2.679519202192063290e+02,2.728971206244942778e+02,2.709774672940283153e+02,2.669282888177187942e+02,1.509238641815824085e+05,2.340702145703723147e+01,1.519284855760319353e+01
5.300000000000000000e+03,1.088000000000000000e+04,2.724036385391875115e+02,2.726491404680583628e+02,2.803586894503737312e+02,3.048174913602650804e+02,2.802652631806845989e+02,3.065623613161775438e+02,2.626846862487934686e+02,2.676429834565059309e+02,2.675071859844357505e+02,2.680747789471282658e+02,2.729493881392268122e+02,2.710916470070726518e+02,2.670583997329709973e+02,1.510050934381030384e+05,2.335418323950587904e+01,1.523125575786149533e+01
5.310000000000000000e+03,1.089000000000000000e+04,2.724246372185702967e+02,2.728330829454043283e+02,2.805533405888043035e+02,3.053436533710427057e+02,2.804755015136788074e+02,3.063085900003197821e+02,2.629119846311155584e+02,2.678379393922339773e+02,2.677024630690245885e+02,2.681980799830189994e+02,2.730019653615560173e+02,2.712061969294647383e+02,2.671890745627756587e+02,1.510853902445551648e+05,2.329879939770903974e+01,1.526911693706618145e+01
5.320000000000000000e+03,1.090000000000000000e+04,2.724462255326952800e+02,2.730161434884469713e+02,2.807452530389041385e+02,3.058626771696041260e+02,2.806837744785556765e+02,3.060483287027567485e+02,2.631385458220962619e+02,2.680314240051918091e+02,2.678962851450505696e+02,2.683217938271914136e+02,2.730548382761180619e+02,2.713210905467354905e+02,2.673202825414275594e+02,1.511647348078088544e+05,2.324087695379228791e+01,1.530641882929998232e+01
5.330000000000000000e+03,1.091000000000000000e+04,2.724683970800390966e+02,2.731982785455263638e+02,2.809343810908833348e+02,3.063744682657115277e+02,2.808900292598888768e+02,3.057815951102416534e+02,2.633643168993157246e+02,2.682233925288568912e+02,2.680886073875402076e+02,2.684458907426123915e+02,2.731079927263587592e+02,2.714363010938735670e+02,2.674519926364735056e+02,1.512431075398629182e+05,2.318042325177183827e+01,1.534314826088221118e+01
5.340000000000000000e+03,1.092000000000000000e+04,2.724911452932030898e+02,2.733794447149056737e+02,2.811206796152302445e+02,3.068789353333458507e+02,2.810942137011842306e+02,3.055084066705665578e+02,2.635892452454675094e+02,2.684138005461144303e+02,2.682793853208978021e+02,2.685703407627898969e+02,2.731614144199776888e+02,2.715518015626639681e+02,2.675841735576005362e+02,1.513204890601447551e+05,2.311744595660344004e+01,1.537929215988566511e+01
5.350000000000000000e+03,1.093000000000000000e+04,2.725144634389687326e+02,2.735595987541908016e+02,2.813041040516576459e+02,3.073759901786388582e+02,2.812962763023469961e+02,3.052287806139729582e+02,2.638132785970042846e+02,2.686026039960705702e+02,2.684685748169222848e+02,2.686951136999290384e+02,2.732150889327868981e+02,2.716675647098309128e+02,2.677167937635816202e+02,1.513968601974962221e+05,2.305195305321047883e+01,1.541483756601886768e+01
5.360000000000000000e+03,1.094000000000000000e+04,2.725383446267812246e+02,2.737386975474781821e+02,2.814846104401316325e+02,3.078655477076970328e+02,2.814961662285559783e+02,3.049427339741885135e+02,2.640363649900886003e+02,2.687897591796133270e+02,2.686561321143598775e+02,2.688201791521357222e+02,2.732690017341402609e+02,2.717835630642713340e+02,2.678498214711121932e+02,1.514722019921957399e+05,2.298395284547162376e+01,1.544977163926214558e+01
5.370000000000000000e+03,1.095000000000000000e+04,2.725627817806874873e+02,2.739166982941429751e+02,2.816621554017325479e+02,3.083475258885945891e+02,2.816938333096215956e+02,3.046502836092686266e+02,2.642584528249927871e+02,2.689752227699282798e+02,2.688420138147137095e+02,2.689455065185375133e+02,2.733231381024942266e+02,2.718997689398274247e+02,2.679832246647676470e+02,1.515464956978562986e+05,2.291345395516788841e+01,1.548408166961642785e+01
5.380000000000000000e+03,1.096000000000000000e+04,2.725877676785390236e+02,2.740935582417021692e+02,2.818366961574598690e+02,3.088218457158192223e+02,2.818892280423356169e+02,3.043514462218519725e+02,2.644794908419299304e+02,2.691589518142617408e+02,2.690261768946951406e+02,2.690710649990015781e+02,2.733774832792433926e+02,2.720161544384768604e+02,2.681169711036299077e+02,1.516197227832067292e+05,2.284046532088957449e+01,1.551775508558215755e+01
5.390000000000000000e+03,1.097000000000000000e+04,2.726132949334765385e+02,2.742692348867168448e+02,2.820081905273291341e+02,3.092884311709739222e+02,2.820823015924781885e+02,3.040462383792194032e+02,2.646994281406396681e+02,2.693409037419922356e+02,2.692085787100590437e+02,2.691968236085532453e+02,2.734320223588204044e+02,2.721326914626239954e+02,2.682510283314264825e+02,1.516918649337250390e+05,2.276499619690287801e+01,1.555077946290248825e+01
5.400000000000000000e+03,1.098000000000000000e+04,2.726393559967734745e+02,2.744436859350593068e+02,2.821765969353780292e+02,3.097472091816555348e+02,2.822730057970695725e+02,3.037346765330033804e+02,2.649182141867925111e+02,2.695210363711681794e+02,2.693891770023582239e+02,2.693227511858137291e+02,2.734867403305045173e+02,2.722493517239332732e+02,2.683853636852364843e+02,1.517629040532670042e+05,2.268705615197654524e+01,1.558314253303961294e+01
5.410000000000000000e+03,1.099000000000000000e+04,2.726659431600625112e+02,2.746168693116690065e+02,2.823418744117775532e+02,3.101981095794682233e+02,2.824612931652996508e+02,3.034167770384921710e+02,2.651357988245659385e+02,2.696993079131668765e+02,2.695679299047997119e+02,2.694488164024577372e+02,2.735416220819984119e+02,2.723661067533182631e+02,2.685199443054287940e+02,1.518328222655917634e+05,2.260665506816865289e+01,1.561483219138217571e+01
5.420000000000000000e+03,1.100000000000000000e+04,2.726930485563437401e+02,2.747887431703271659e+02,2.825039826060533414e+02,3.106410650560500812e+02,2.826471168838186259e+02,3.030925561734156304e+02,2.653521322604694888e+02,2.698756769839115464e+02,2.697447959482866509e+02,2.695749877726065051e+02,2.735966524046564814e+02,2.724829279102407327e+02,2.686547371445403769e+02,1.519016019156752154e+05,2.252380313957363711e+01,1.564583650492753364e+01
5.430000000000000000e+03,1.101000000000000000e+04,2.727206641617109426e+02,2.749592659030612367e+02,2.826628817735128791e+02,3.110760111181486991e+02,2.828304308126527644e+02,3.027620301570983088e+02,2.655671651126642132e+02,2.700501026006485290e+02,2.699197340671667575e+02,2.697012336626922888e+02,2.736518159984717613e+02,2.725997863935238001e+02,2.687897089778274449e+02,1.519692255711142789e+05,2.243851087102985176e+01,1.567614372042502957e+01
5.440000000000000000e+03,1.102000000000000000e+04,2.727487817974844120e+02,2.751283961496611710e+02,2.828185327923713430e+02,3.115028860409189519e+02,2.830111894903986922e+02,3.024252151680948941e+02,2.657808483858167392e+02,2.702225441940858559e+02,2.700927036047389151e+02,2.698275223017192275e+02,2.737070974772319687e+02,2.727166532512683261e+02,2.689248264129186055e+02,1.520356760232972447e+05,2.235078907678750681e+01,1.570574227138962087e+01
5.450000000000000000e+03,1.103000000000000000e+04,2.727773931316640983e+02,2.752960927921348002e+02,2.829708971698904634e+02,3.119216308207604698e+02,2.831893481396373318e+02,3.020821273629475741e+02,2.659931334932580853e+02,2.703929616134296339e+02,2.702636643243250205e+02,2.699538217653168317e+02,2.737624813738464127e+02,2.728334993906320278e+02,2.690600558964306970e+02,1.521009362885806768e+05,2.226064887913769752e+01,1.573462078585506063e+01
5.460000000000000000e+03,1.104000000000000000e+04,2.728064896798906034e+02,2.754623150283561586e+02,2.831199370157929138e+02,3.123321891262446570e+02,2.833648626495189546e+02,3.017327828932325247e+02,2.662039722439769776e+02,2.705613151268950105e+02,2.704325763882818023e+02,2.700801000929741917e+02,2.738179521473223872e+02,2.729502955907142336e+02,2.691953637329744424e+02,1.521649896092636918e+05,2.216810170700209071e+01,1.576276809151491065e+01
5.470000000000000000e+03,1.105000000000000000e+04,2.728360628094297340e+02,2.756270222803753995e+02,2.832656150974266893e+02,3.127345072515246329e+02,2.835376896041503301e+02,3.013771979232842568e+02,2.664133168651339361e+02,2.707275654356251380e+02,2.705994004081425146e+02,2.702063251261239998e+02,2.738734941855558418e+02,2.730670125108273965e+02,2.693307160854811855e+02,1.522278194547036837e+05,2.207315929448386882e+01,1.579017322454040340e+01
5.480000000000000000e+03,1.106000000000000000e+04,2.728661037393828224e+02,2.757901742735914468e+02,2.834078947879012276e+02,3.131285340573585927e+02,2.837077862652955673e+02,3.010153886471820783e+02,2.666211200363292733e+02,2.708916736678332313e+02,2.707640974155747244e+02,2.703324646449140687e+02,2.739290918123585357e+02,2.731836207022232657e+02,2.694660789907849789e+02,1.522894095220925810e+05,2.197583367937997068e+01,1.581682543507773708e+01
5.490000000000000000e+03,1.107000000000000000e+04,2.728966035435468598e+02,2.759517310270430244e+02,2.835467401058221526e+02,3.135142209296236615e+02,2.838751105777952262e+02,3.006473713053485426e+02,2.668273348403672571e+02,2.710536013928959846e+02,2.709266288771764835e+02,2.704584863418122040e+02,2.739847292929842979e+02,2.733000906196111259e+02,2.696014183690152208e+02,1.523497437373426801e+05,2.187613720165481723e+01,1.584271419276473480e+01
5.500000000000000000e+03,1.108000000000000000e+04,2.729275531525000247e+02,2.761116528624671105e+02,2.836821157011326022e+02,3.138915217225885499e+02,2.840396211701113316e+02,3.002731622012925072e+02,2.670319148028769405e+02,2.712133106218962553e+02,2.710869566990259614e+02,2.705843578328250487e+02,2.740403908390583183e+02,2.734163926315628714e+02,2.697367000344816006e+02,1.524088062557928788e+05,2.177408250187569649e+01,1.586782919288565097e+01
5.510000000000000000e+03,1.109000000000000000e+04,2.729589433560781231e+02,2.762699004133486937e+02,2.838139868642651891e+02,3.142603927104266859e+02,2.842012773545013715e+02,2.998927777175937308e+02,2.672348138829900108e+02,2.713707638126672919e+02,2.712450432314305999e+02,2.707100466683408513e+02,2.740960606144913072e+02,2.735324970325019081e+02,2.698718897059058577e+02,1.524665814629367669e+05,2.166968251961009528e+01,1.589216036166711632e+01
5.520000000000000000e+03,1.110000000000000000e+04,2.729907648058906489e+02,2.764264346331966635e+02,2.839423195123490586e+02,3.146207925227981264e+02,2.843600391278207553e+02,2.995062343319468141e+02,2.674359865153519422e+02,2.715259238742528964e+02,2.714008512725927176e+02,2.708355203434278451e+02,2.741517227409681254e+02,2.736483740527409623e+02,2.700069530174946522e+02,1.525230539750324679e+05,2.156295049178502765e+01,1.591569786187908520e+01
5.530000000000000000e+03,1.111000000000000000e+04,2.730230080171484133e+02,2.765812168001621103e+02,2.840670802131936625e+02,3.149726821060047541e+02,2.845158671714540901e+02,2.991135486326601267e+02,2.676353875653278465e+02,2.716787541712956227e+02,2.715543440758374345e+02,2.709607463085976065e+02,2.742073613026665271e+02,2.737639938705974600e+02,2.701418555290715062e+02,1.525782086395689985e+05,2.145389995100879332e+01,1.593843209719467957e+01
5.540000000000000000e+03,1.112000000000000000e+04,2.730556633719062347e+02,2.767342085419694513e+02,2.841882361659534695e+02,3.153160246613532536e+02,2.846687228466199144e+02,2.987147373342028231e+02,2.678329723812746579e+02,2.718292185278462512e+02,2.717054853430416301e+02,2.710856919805434018e+02,2.742629603525731454e+02,2.738793266240086268e+02,2.702765627382643743e+02,1.526320305358647020e+05,2.134254472385511292e+01,1.596035371708834028e+01
5.550000000000000000e+03,1.113000000000000000e+04,2.730887211214218269e+02,2.768853718149505312e+02,2.843057552356295901e+02,3.156507855921890950e+02,2.848185682149157856e+02,2.983098172923437801e+02,2.680286967216128460e+02,2.719772812316841168e+02,2.718542392463239707e+02,2.712103247542811459e+02,2.743185039174734356e+02,2.739943424208100851e+02,2.704110400902181937e+02,1.526845049753820058e+05,2.122889892911006626e+01,1.598145362060657071e+01
5.560000000000000000e+03,1.114000000000000000e+04,2.731221713887968008e+02,2.770346689389361927e+02,2.844196059013876834e+02,3.159769324498787455e+02,2.849653660047210906e+02,2.978988055183697270e+02,2.682225168796544494e+02,2.721229070380813937e+02,2.720005704182552790e+02,2.713346120096451841e+02,2.743739760033876109e+02,2.741090113505053978e+02,2.705452529884414616e+02,1.527356175021830131e+05,2.111297697598197587e+01,1.600172296152696916e+01
5.570000000000000000e+03,1.115000000000000000e+04,2.731560041718203138e+02,2.771820625880710054e+02,2.845297572996328199e+02,3.162944348796883105e+02,2.851090796344263936e+02,2.974817191947997799e+02,2.684143895992657463e+02,2.722660611732640064e+02,2.721444439588900650e+02,2.714585211262242410e+02,2.744293606006277741e+02,2.742233034955190192e+02,2.706791668065014278e+02,1.527853538931628864e+05,2.099479356227444526e+01,1.602115315127382900e+01
5.580000000000000000e+03,1.116000000000000000e+04,2.731902093456718603e+02,2.773275158092434367e+02,2.846361792096710133e+02,3.166032645664064944e+02,2.852496732054811446e+02,2.970585756884750595e+02,2.686042721058011580e+02,2.724067093379259177e+02,2.722858254400261444e+02,2.715820194928246565e+02,2.744846416894062031e+02,2.743371889425018821e+02,2.708127468985491078e+02,1.528337001583612873e+05,2.087436367252282921e+01,1.603973586254462802e+01
