phase_s,time_s,battery,bolts,frame,panel1,panel2,panel3,panel4,panel5,panel6,pcb1,pcb2,pcb3,pcb4,energy_J,absorbed_power_W,emitted_power_W
0.000000000000000000e+00,5.580000000000000000e+03,2.722354804371250339e+02,2.745398082688834620e+02,2.813035081695787767e+02,3.101323950245146648e+02,2.818023810366650537e+02,2.939324128104599367e+02,2.664866526932331112e+02,2.704696475424573805e+02,2.703880243689378631e+02,2.691380173596934355e+02,2.730592084806793309e+02,2.718316935026318220e+02,2.684006281054712417e+02,1.682059258029987104e+05,2.021445426664176637e+01,1.526455321604759874e+01
1.000000000000000000e+01,5.590000000000000000e+03,2.722547635465390954e+02,2.746744316446035441e+02,2.814055027235109492e+02,3.104317672407770488e+02,2.819312414043213266e+02,2.935590631430183066e+02,2.666705040835095133e+02,2.706004102011734176e+02,2.705189894055316131e+02,2.692368433230676601e+02,2.731007364030278950e+02,2.719202890817430216e+02,2.685042170238092467e+02,1.682547360403281054e+05,2.016373892518664235e+01,1.528271498427268682e+01
2.000000000000000000e+01,5.600000000000000000e+03,2.722743390178202390e+02,2.748074438617861688e+02,2.815083065526514474e+02,3.107247184812423484e+02,2.820586663302449324e+02,2.931988057872911213e+02,2.668713413870826230e+02,2.707303127334609485e+02,2.706491033755850140e+02,2.693355554544212964e+02,2.731422228316525889e+02,2.720087561455143828e+02,2.686077706368179179e+02,1.683045230930269463e+05,2.028058180184474679e+01,1.530187634122768969e+01
3.000000000000000000e+01,5.610000000000000000e+03,2.722942066693281618e+02,2.749389410913050256e+02,2.816127568511449795e+02,3.110114614668110562e+02,2.821848737093102386e+02,2.928502225079342907e+02,2.670877378259727948e+02,2.708595443760430044e+02,2.707785554731307229e+02,2.694341738416295584e+02,2.731836963900228170e+02,2.720971221061083725e+02,2.687113079917878622e+02,1.683552584488755965e+05,2.039526875773238501e+01,1.532173298814932316e+01
4.000000000000000000e+01,5.620000000000000000e+03,2.723143666073281679e+02,2.750690329676920669e+02,2.817190626052806124e+02,3.112921520152557378e+02,2.823100236524325055e+02,2.925125207903829505e+02,2.673188856511468430e+02,2.709882223459060810e+02,2.709074628669406479e+02,2.695327153325823701e+02,2.732251807463836144e+02,2.721854101639846704e+02,2.688148449065308796e+02,1.684069144005136914e+05,2.050778525163189059e+01,1.534218989937675559e+01
5.000000000000000000e+01,5.630000000000000000e+03,2.723348190359062073e+02,2.751978319568128768e+02,2.818272482721177994e+02,3.115669049874666143e+02,2.824342344452225575e+02,2.921851393395845662e+02,2.675642024267863235e+02,2.711164266950225397e+02,2.710359055562371964e+02,2.696311948926847890e+02,2.732666965962104086e+02,2.722736408672063817e+02,2.689183953287065947e+02,1.684594635284311080e+05,2.061811701751956605e+01,1.536320403233947829e+01
6.000000000000000000e+01,5.640000000000000000e+03,2.723555641967421934e+02,2.753254483473681944e+02,2.819372816786686826e+02,3.118358061019395677e+02,2.825575943603624864e+02,2.918676207203479862e+02,2.678232040829083758e+02,2.712442161029434828e+02,2.711639421628133277e+02,2.697296262408458460e+02,2.733082626059053837e+02,2.723618329732747725e+02,2.690219719777255136e+02,1.685128785633772495e+05,2.072625006637451150e+01,1.538474637522743649e+01
7.000000000000000000e+01,5.650000000000000000e+03,2.723766023484218977e+02,2.754519879749736901e+02,2.820491125110064559e+02,3.120989199818150155e+02,2.826801697143254160e+02,2.915595650959602949e+02,2.680954589196678626e+02,2.713716355370625024e+02,2.712916175915652843e+02,2.698280221858325376e+02,2.733498959197654017e+02,2.724500038807427700e+02,2.691255866765417863e+02,1.685671323451987701e+05,2.083217068795226012e+01,1.540679230415834233e+01
8.000000000000000000e+01,5.660000000000000000e+03,2.723979337609922027e+02,2.755775509784908763e+02,2.821626844553745741e+02,3.123562957292370470e+02,2.828020104111280943e+02,2.912606106049431105e+02,2.683805681963471557e+02,2.714987203240537497e+02,2.714189671074551597e+02,2.699263948224612477e+02,2.733916124332793061e+02,2.725381698862993289e+02,2.692292505415567234e+02,1.686221978078960092e+05,2.093586545252316000e+01,1.542931897285136245e+01
9.000000000000000000e+01,5.670000000000000000e+03,2.724195587106249832e+02,2.757022317035211927e+02,2.822779390561491368e+02,3.126079707730325481e+02,2.829231538502713192e+02,2.909704234488909833e+02,2.686781564665533892e+02,2.716254985217236708e+02,2.715460187051825187e+02,2.700247556495189656e+02,2.734334269909523414e+02,2.726263463589467619e+02,2.693329741160779349e+02,1.686780479724159813e+05,2.103732121257507615e+01,1.545230454277562515e+01
1.000000000000000000e+02,5.680000000000000000e+03,2.724414774788437512e+02,2.758261184275596065e+02,2.823948170984008925e+02,3.128539736981191481e+02,2.830436277420039914e+02,2.906886920979305273e+02,2.689878659377445160e+02,2.717519924245322045e+02,2.716727946158813438e+02,2.701231156395664357e+02,2.734753535050582514e+02,2.727145478467248267e+02,2.694367674303680360e+02,1.687346559419021942e+05,2.113652510448039834e+01,1.547572792977213396e+01
1.100000000000000000e+02,5.690000000000000000e+03,2.724636903508047112e+02,2.759492934884980855e+02,2.825132590162319275e+02,3.130943262814388390e+02,2.831634521660568566e+02,2.904151234662559773e+02,2.693093528963933068e+02,2.718782195812040072e+02,2.717993123214846491e+02,2.702214852795708566e+02,2.735174050394931555e+02,2.728027881503768981e+02,2.695406400438434957e+02,1.687919948980109766e+05,2.123346455012705647e+01,1.549956870322200686e+01
1.200000000000000000e+02,5.700000000000000000e+03,2.724861976144921982e+02,2.760718334603492963e+02,2.826332050737962049e+02,3.133290450082052985e+02,2.832826411059822931e+02,2.901494401888325001e+02,2.696422850985795776e+02,2.720041935374389368e+02,2.719255853017246523e+02,2.703198745922829858e+02,2.735595938703597767e+02,2.728910803722348533e+02,2.696446010661435935e+02,1.688500380978149478e+05,2.132812725851325553e+01,1.552380703173955467e+01
1.300000000000000000e+02,5.710000000000000000e+03,2.725089995590859644e+02,2.761938093744990965e+02,2.827545953968145227e+02,3.135581422042949953e+02,2.834012036039558780e+02,2.898913785784494621e+02,2.699863399479177701e+02,2.721299243812782720e+02,2.720516235869646380e+02,2.704182931459844781e+02,2.736019315298677839e+02,2.729794369497776074e+02,2.697486591673718976e+02,1.689087588710481650e+05,2.142050122730588413e+01,1.554842364606438920e+01
1.400000000000000000e+02,5.720000000000000000e+03,2.725320964737500162e+02,2.763152869639147298e+02,2.828773700042247583e+02,3.137816268978193648e+02,2.835191446398553126e+02,2.896406870378436906e+02,2.703412030526623084e+02,2.722554191864226709e+02,2.721774341854126078e+02,2.705167500579569264e+02,2.736444288404723579e+02,2.730678696797319844e+02,2.698528225811537595e+02,1.689681306177457445e+05,2.151057474436227679e+01,1.557339980716791494e+01
1.500000000000000000e+02,5.730000000000000000e+03,2.725554886446718683e+02,2.764363269161868857e+02,2.830014688355730641e+02,3.139995054770679417e+02,2.836364658118242232e+02,2.893971247930143136e+02,2.707065670858479507e+02,2.723806823559160080e+02,2.723030214430139608e+02,2.706152539936350649e+02,2.736870959425918954e+02,2.731563897347951979e+02,2.699570991033916130e+02,1.690281268060659349e+05,2.159833638921525534e+01,1.559871727663119678e+01
1.600000000000000000e+02,5.740000000000000000e+03,2.725791763552186922e+02,2.765569849353997824e+02,2.831268317277646247e+02,3.142117821975297147e+02,2.837531658638228009e+02,2.891604608612470884e+02,2.710821309892110094e+02,2.725057158944285902e+02,2.724283873080228204e+02,2.707138133351613760e+02,2.737299423091081394e+02,2.732450076744494822e+02,2.700614960887733105e+02,1.690887209705749992e+05,2.168377503452106225e+01,1.562435828960207296e+01
1.700000000000000000e+02,5.750000000000000000e+03,2.726031598816172163e+02,2.766773127590872718e+02,2.832533984788556154e+02,3.144184595798723194e+02,2.838692411031419169e+02,2.889304731979663075e+02,2.714675991632821024e+02,2.726305196886617637e+02,2.725535315872746196e+02,2.708124354830335960e+02,2.737729767990211940e+02,2.733337334637733420e+02,2.701660204461203421e+02,1.691498867107176047e+05,2.176687984747026050e+01,1.565030552810280540e+01
1.800000000000000000e+02,5.760000000000000000e+03,2.726274394932187306e+02,2.767973571978499194e+02,2.833811088236318483e+02,3.146195387192542512e+02,2.839846857326136842e+02,2.887069479779661947e+02,2.718626809759073240e+02,2.727550916431995347e+02,2.726784521359189171e+02,2.709111279037807094e+02,2.738162076308331621e+02,2.734225764753155090e+02,2.702706786413484679e+02,1.692115976894735359e+05,2.184764029116118778e+01,1.567654209510626906e+01
1.900000000000000000e+02,5.770000000000000000e+03,2.726520154493359200e+02,2.769171611983323373e+02,2.835099024763104580e+02,3.148150195328164500e+02,2.840994921176271646e+02,2.884896789846325191e+02,2.722670902370788895e+02,2.728794278883285074e+02,2.728031450296044227e+02,2.710098974228210977e+02,2.738596424276606172e+02,2.735115454993207891e+02,2.703754766838131900e+02,1.692738276325011393e+05,2.192604612593598645e+01,1.570305149005015721e+01
2.000000000000000000e+02,5.780000000000000000e+03,2.726768879972968875e+02,2.770367638281774134e+02,2.836397191399947815e+02,3.150049009560734703e+02,2.842136510041655697e+02,2.882784670831089215e+02,2.726805448231614832e+02,2.730035229238463899e+02,2.729276047108445482e+02,2.711087503954358908e+02,2.739032882300412552e+02,2.736006487516550578e+02,2.704804201282886993e+02,1.693365503272851929e+05,2.200208741067883267e+01,1.572981758560498200e+01
2.100000000000000000e+02,5.790000000000000000e+03,2.727020573686562557e+02,2.771562004860312527e+02,2.837704985247779632e+02,3.151891811018749650e+02,2.843271516965223782e+02,2.880731197614444454e+02,2.731027663444760378e+02,2.731273697438851968e+02,2.730518241172592866e+02,2.712076927061796141e+02,2.739471515167466009e+02,2.736898938870454572e+02,2.705855140720189524e+02,1.693997396226570127e+05,2.207575450407643558e+01,1.575682460519216299e+01
2.200000000000000000e+02,5.800000000000000000e+03,2.727275237833749770e+02,2.772755030920254171e+02,2.839021803676327522e+02,3.153678573889801555e+02,2.844399822075739621e+02,2.878734507268100060e+02,2.735334798669052816e+02,2.732509599494707686e+02,2.731757947945497449e+02,2.713067297677777105e+02,2.739912382060011851e+02,2.737792880022474264e+02,2.706907631526264595e+02,1.694633694285143283e+05,2.214703806584041246e+01,1.578405710156564723e+01
2.300000000000000000e+02,5.810000000000000000e+03,2.727532874394062787e+02,2.773947002698551501e+02,2.840347044470470337e+02,3.155409266478001200e+02,2.845521293817885180e+02,2.876792795469278872e+02,2.739724136734121203e+02,2.733742838481947501e+02,2.732995069956173211e+02,2.714058665213724453e+02,2.740355536945771746e+02,2.738688376475344057e+02,2.707961715550371764e+02,1.695274137158236699e+05,2.221592905789159289e+01,1.581149993626955208e+01
2.400000000000000000e+02,5.820000000000000000e+03,2.727793485137187872e+02,2.775138175129843603e+02,2.841680106068469627e+02,3.157083852074040351e+02,2.846635790066624736e+02,2.874904313287664763e+02,2.744192990645196915e+02,2.734973305439177693e+02,2.734229497704883443e+02,2.715051074349158853e+02,2.740801028627105893e+02,2.739585488342767121e+02,2.709017429881856742e+02,1.695918465166112583e+05,2.228241874550592883e+01,1.583913826039506922e+01
2.500000000000000000e+02,5.830000000000000000e+03,2.728057071628671792e+02,2.776328773470719966e+02,2.843020387646365634e+02,3.158702289681143611e+02,2.847743158993342263e+02,2.873067364286338830e+02,2.748738701804578568e+02,2.736200880159820485e+02,2.735461110457562199e+02,2.716044565058156195e+02,2.741248900870341458e+02,2.740484270447726090e+02,2.710074807137740436e+02,1.696566419244190911e+05,2.234649869842198910e+01,1.586695749572932534e+01
2.600000000000000000e+02,5.840000000000000000e+03,2.728323635179140751e+02,2.777518994812848518e+02,2.844367289305882309e+02,3.160264534627843886e+02,2.848843239885020466e+02,2.871280301890897704e+02,2.753358638512515313e+02,2.737425431925159955e+02,2.736689776969282661e+02,2.717039172615916982e+02,2.741699192617962808e+02,2.741384772403534384e+02,2.711133875365654831e+02,1.697217740947735438e+05,2.240816079190985022e+01,1.589494331714976560e+01
2.700000000000000000e+02,5.850000000000000000e+03,2.728593176836015459e+02,2.778709009479199494e+02,2.845720212251478642e+02,3.161770539088336136e+02,2.849935863861123835e+02,2.869541526978701995e+02,2.758050194676224578e+02,2.738646820161702635e+02,2.737915356150749062e+02,2.718034927618562051e+02,2.742151938128503161e+02,2.742287038710919660e+02,2.712194657976498320e+02,1.697872172459637222e+05,2.246739720780119143e+01,1.592308163585666136e+01
2.800000000000000000e+02,5.860000000000000000e+03,2.728865697363203253e+02,2.779898962369981064e+02,2.847078558904920556e+02,3.163220252522911551e+02,2.851020854486971530e+02,2.867849485666747569e+02,2.762810788666273538e+02,2.739864895045839148e+02,2.739137697670547595e+02,2.719031855999635923e+02,2.742607167111383433e+02,2.743191108836526837e+02,2.713257173858771125e+02,1.698529456597882090e+05,2.252420043548061557e+01,1.595135858324371547e+01
2.900000000000000000e+02,5.870000000000000000e+03,2.729141197215781176e+02,2.781088974223447394e+02,2.848441733042507735e+02,3.164613622056110671e+02,2.852098028336155267e+02,2.866202667268014466e+02,2.767637862321706734e+02,2.741079498062997573e+02,2.740356642511412133e+02,2.720029979099866750e+02,2.743064904905223216e+02,2.744097017322577585e+02,2.714321437372497030e+02,1.699189336827078951e+05,2.257856327283790066e+01,1.597976049566272927e+01
3.000000000000000000e+02,5.880000000000000000e+03,2.729419676521875431e+02,2.782279142772656542e+02,2.849809139954792840e+02,3.165950592828551180e+02,2.853167195504520350e+02,2.864599602393578834e+02,2.772528880108800422e+02,2.742290462526021884e+02,2.741572023502278626e+02,2.721029313600899968e+02,2.743525172601127906e+02,2.745004793842690560e+02,2.715387458377790040e+02,1.699851557269632467e+05,2.263047882718113257e+01,1.600827389998961081e+01
3.100000000000000000e+02,5.890000000000000000e+03,2.729701135070625355e+02,2.783469543939385176e+02,2.851180186558099194e+02,3.167231108272693518e+02,2.854228160077400958e+02,2.863038861190182160e+02,2.777481328357398525e+02,2.743497614051766504e+02,2.742783665753361788e+02,2.722029871662014671e+02,2.743987987143575538e+02,2.745914463316074148e+02,2.716455242254833138e+02,1.700515862719517900e+05,2.267994051611069395e+01,1.603688549968703114e+01
3.200000000000000000e+02,5.900000000000000000e+03,2.729985572284218733e+02,2.784660232816344774e+02,2.852554281492438690e+02,3.168455110366108443e+02,2.855280720549825446e+02,2.861519051694755831e+02,2.782492714596615428e+02,2.744700771012084033e+02,2.743991387156542601e+02,2.723031660908327467e+02,2.744453361565054479e+02,2.746826045950973594e+02,2.717524790004823672e+02,1.701181998657009390e+05,2.272694206835380371e+01,1.606558216170685682e+01
3.300000000000000000e+02,5.910000000000000000e+03,2.730272987201719275e+02,2.785851244716393467e+02,2.853930835268772626e+02,3.169622539887584480e+02,2.856324670209855867e+02,2.860038818267305487e+02,2.787560567024165721e+02,2.745899744950881995e+02,2.745194998779342086e+02,2.724034684473454035e+02,2.744921305010655601e+02,2.747739557453819543e+02,2.718596098143218569e+02,1.701849711264228681e+05,2.277147752455964991e+01,1.609435090403269086e+01
3.400000000000000000e+02,5.920000000000000000e+03,2.730563378461718571e+02,2.787042596104840868e+02,2.855309260385057541e+02,3.170733336600237067e+02,2.857359797537887971e+02,2.858596840173688634e+02,2.792682433997023281e+02,2.747094340982852145e+02,2.746394305261385398e+02,2.725038941042694205e+02,2.745391822912349653e+02,2.748655008917705231e+02,2.719669158859192066e+02,1.702518747443053871e+05,2.281354123805502354e+01,1.612317888388710330e+01
3.500000000000000000e+02,5.930000000000000000e+03,2.730856744288125242e+02,2.788234285502929879e+02,2.856688971415731544e+02,3.171787439447789438e+02,2.858385886529816844e+02,2.857191830199022888e+02,2.797855883625350657e+02,2.748284358163697902e+02,2.747589105191075873e+02,2.726044424892473899e+02,2.745864917098281808e+02,2.749572407032778187e+02,2.720743960006183215e+02,1.703188854834128870e+05,2.285312787556020453e+01,1.615205338647890088e+01
3.600000000000000000e+02,5.940000000000000000e+03,2.731153082461015629e+02,2.789426294344466442e+02,2.858069385119147228e+02,3.172784786719862495e+02,2.859402717019480633e+02,2.855822533366191465e+02,2.803078503420035759e+02,2.749469589839590071e+02,2.748779191452043733e+02,2.727051125933988942e+02,2.746340585907296372e+02,2.750491754133227005e+02,2.721820485149260094e+02,1.703859781834906025e+05,2.289023241786524210e+01,1.618096181423562641e+01
3.700000000000000000e+02,5.950000000000000000e+03,2.731452390312109628e+02,2.790618587785553473e+02,2.859449920546649082e+02,3.173725316207513174e+02,2.860410064991282297e+02,2.854487725716896307e+02,2.808347899999907895e+02,2.750649823986571505e+02,2.749964351559643774e+02,2.728059029748538933e+02,2.746818824299353992e+02,2.751413048268117336e+02,2.722898713597664369e+02,1.704531277622248745e+05,2.292485016046626001e+01,1.620989167684903265e+01
3.800000000000000000e+02,5.960000000000000000e+03,2.731754664697500061e+02,2.791811115475283032e+02,2.860829999134665513e+02,3.174608965345175307e+02,2.861407702861228017e+02,2.853186213161041564e+02,2.813661698850075936e+02,2.751824843522930450e+02,2.751144367976582998e+02,2.729068117651720513e+02,2.747299623961648649e+02,2.752336283275623714e+02,2.723978620441527028e+02,1.705203092173037876e+05,2.295697671416201402e+01,1.623883058162346771e+01
3.900000000000000000e+02,5.970000000000000000e+03,2.732059901983984673e+02,2.793003812306989175e+02,2.862209044769011257e+02,3.175435671337627355e+02,2.862395399733218255e+02,2.851916830398625962e+02,2.819017544117925809e+02,2.752994426608316303e+02,2.752319018414781908e+02,2.730078366807786097e+02,2.747782973405489884e+02,2.753261448852023250e+02,2.725060176616427725e+02,1.705874976287318277e+05,2.298660800561035344e+01,1.626776622441430220e+01
4.000000000000000000e+02,5.980000000000000000e+03,2.732368098030468673e+02,2.794196598992490408e+02,2.863586484007707895e+02,3.176205371281441785e+02,2.863372921744958148e+02,2.850678439869286649e+02,2.824413098537742712e+02,2.754158346946564961e+02,2.753488076157502178e+02,2.731089749886074287e+02,2.748268858062796767e+02,2.754188530571515230e+02,2.726143348891300775e+02,1.706546681611358072e+05,2.301374027784472531e+01,1.629668638161674465e+01
4.100000000000000000e+02,5.990000000000000000e+03,2.732679248175390967e+02,2.795389383029199735e+02,2.864961745931444739e+02,3.176918002278173390e+02,2.864340032159046245e+02,2.849469930784988492e+02,2.829846043191913623e+02,2.755316374038579852e+02,2.754651310204225183e+02,2.732102235765495379e+02,2.748757260383524681e+02,2.755117510155711216e+02,2.727228099993773185e+02,1.707217960663627309e+05,2.303837009075048670e+01,1.632557890110710375e+01
4.200000000000000000e+02,6.000000000000000000e+03,2.732993347214609230e+02,2.796582058978236205e+02,2.866334262458934745e+02,3.177573501533507851e+02,2.865296491738132545e+02,2.848290218193392889e+02,2.835314077563581350e+02,2.756468273458553995e+02,2.755808485707783007e+02,2.733115789081061848e+02,2.749248159917479484e+02,2.756048365197376029e+02,2.728314388569162929e+02,1.707888566858044651e+05,2.306049432150107137e+01,1.635443169564414490e+01
4.300000000000000000e+02,6.010000000000000000e+03,2.733310389386952579e+02,2.797774509255423823e+02,2.867703468330756209e+02,3.178171806461061237e+02,2.866242058921119451e+02,2.847138242085619595e+02,2.840814919467727577e+02,2.757613807102262626e+02,2.756959364126881837e+02,2.734130370394452143e+02,2.749741533372597360e+02,2.756981069476445327e+02,2.729402169263400992e+02,1.708558254531549464e+05,2.308011016495398593e+01,1.638323273554145487e+01
4.400000000000000000e+02,6.020000000000000000e+03,2.733630368359218892e+02,2.798966604701080882e+02,2.869068801155661390e+02,3.178712854764256690e+02,2.867176490005371079e+02,2.846012966566210025e+02,2.846346305015861162e+02,2.758752733426713348e+02,2.758103703482739206e+02,2.735145936372614983e+02,2.750237354783131423e+02,2.757915592938045393e+02,2.730491392757289759e+02,1.709226778970133164e+05,2.309721513400642579e+01,1.641197004184271080e+01
4.500000000000000000e+02,6.030000000000000000e+03,2.733953277205156382e+02,2.800158205092428716e+02,2.870429701583598785e+02,3.179196584526403058e+02,2.868099539415428012e+02,2.844913379040085601e+02,2.851905988704722859e+02,2.759884807684032353e+02,2.759241258592990675e+02,2.736162439600548169e+02,2.750735595471935540e+02,2.758851901754629239e+02,2.731582005809547695e+02,1.709893896436094365e+05,2.311180705991062112e+01,1.644063168045531498e+01
4.600000000000000000e+02,6.040000000000000000e+03,2.734279108395234061e+02,2.801349159653766492e+02,2.871785613327029978e+02,3.179622934293083745e+02,2.869010959863247763e+02,2.843838489456179559e+02,2.857491743444530812e+02,2.761009782144798805e+02,2.760371781293957838e+02,2.737179828775029478e+02,2.751236224177055192e+02,2.759789958394708833e+02,2.732673951300953377e+02,1.710559364196448587e+05,2.312388409254885246e+01,1.646920575636719875e+01
4.700000000000000000e+02,6.050000000000000000e+03,2.734607853779062907e+02,2.802539307829030122e+02,2.873135983204910531e+02,3.179991843150407362e+02,2.869910502530579492e+02,2.842787329571428927e+02,2.863101360621467961e+02,2.762127406309595017e+02,2.761495020651078676e+02,2.738198048760656889e+02,2.751739207122930111e+02,2.760729721596715081e+02,2.733767168263276517e+02,1.711222940551343199e+05,2.313344470066799019e+01,1.649768040819714088e+01
4.800000000000000000e+02,6.060000000000000000e+03,2.734939504564609365e+02,2.803728479252653187e+02,2.874480261302970803e+02,3.180303250781714723e+02,2.870797917283841798e+02,2.841758952256303132e+02,2.868732650259941011e+02,2.763237427112486557e+02,2.762610723169963762e+02,2.739217040586206622e+02,2.752244508107297634e+02,2.761671146538276957e+02,2.734861591932600504e+02,1.711884384862639126e+05,2.314048767207363255e+01,1.652604380356418545e+01
4.900000000000000000e+02,6.070000000000000000e+03,2.735274051312343886e+02,2.804916494328040812e+02,2.875817901059809287e+02,3.180557097553958101e+02,2.871672952859794350e+02,2.840752430842471767e+02,2.874383441160960047e+02,2.764339589124463146e+02,2.763718632996926772e+02,2.740236741484151253e+02,2.752752088454938075e+02,2.762614184796796053e+02,2.735957153795791328e+02,1.712543457584214048e+05,2.314501211378386714e+01,1.655428413484261796e+01
5.000000000000000000e+02,6.080000000000000000e+03,2.735611483904609145e+02,2.806103165150246923e+02,2.877148359174817642e+02,3.180753324575241550e+02,2.872535356968008955e+02,2.839766858466437611e+02,2.880051580961647346e+02,2.765433634747499809e+02,2.764818492100366143e+02,2.741257084975010230e+02,2.753261907268175150e+02,2.763558784419756762e+02,2.737053781637558814e+02,1.713199920290362206e+05,2.314701745214239992e+01,1.658238961460320127e+01
5.100000000000000000e+02,6.090000000000000000e+03,2.735951791549218797e+02,2.807288295505875908e+02,2.878471095850218262e+02,3.180891873758824886e+02,2.873384876523909384e+02,2.838801347488617921e+02,2.885734936384253615e+02,2.766519304391586047e+02,2.765910040461453718e+02,2.742278000894194747e+02,2.753773921263794477e+02,2.764504889966660812e+02,2.738151399539751196e+02,1.713853535708016425e+05,2.314650343289136103e+01,1.661034847239002943e+01
5.200000000000000000e+02,6.100000000000000000e+03,2.736294962746875399e+02,2.808471681370788247e+02,2.879785574778099431e+02,3.180972687883504477e+02,2.874221257767173370e+02,2.837855028904177743e+02,2.891431393391854954e+02,2.767596336656059748e+02,2.766993016251111612e+02,2.743299415435843684e+02,2.754288084987007892e+02,2.765452442551035119e+02,2.739249927975736227e+02,1.714504067745614157e+05,2.314347012120351366e+01,1.663814895137757333e+01
5.300000000000000000e+02,6.110000000000000000e+03,2.736640985286171599e+02,2.809653111300791579e+02,2.881091263235895781e+02,3.180995710652971411e+02,2.875044246430873045e+02,2.836927051796614023e+02,2.897138857393794069e+02,2.768664468503596368e+02,2.768067156002111915e+02,2.744321251200578899e+02,2.754804350797780330e+02,2.766401379868979689e+02,2.740349283826845976e+02,1.715151281525020313e+05,2.313791790167399753e+01,1.666577930557255627e+01
5.400000000000000000e+02,6.120000000000000000e+03,2.736989846227500038e+02,2.810832366803801960e+02,2.882387632150713443e+02,3.180960886746805727e+02,2.875853587888174161e+02,2.836016582791943961e+02,2.902855253477046062e+02,2.769723435423445608e+02,2.769132194775776270e+02,2.745343427243633414e+02,2.755322668906147783e+02,2.767351636259224961e+02,2.741449380426640801e+02,1.715794943412294379e+05,2.312984747827155729e+01,1.669322779740402041e+01
5.500000000000000000e+02,6.130000000000000000e+03,2.737341531882265144e+02,2.812009222694752566e+02,2.883674156136013949e+02,3.180868161879749891e+02,2.876649027271309933e+02,2.835122805579770784e+02,2.908578526587112378e+02,2.770772971596107936e+02,2.770187866321830938e+02,2.746365859115785497e+02,2.755842987520169345e+02,2.768303142757550859e+02,2.742550127603850001e+02,1.716434821048508165e+05,2.311925987424929474e+01,1.672048269552818667e+01
5.600000000000000000e+02,6.140000000000000000e+03,2.737696027805781682e+02,2.813183447543548255e+02,2.884950313611694810e+02,3.180717482851449631e+02,2.877430309647259037e+02,2.834244920412152169e+02,2.914306641814838486e+02,2.771812810049035534e+02,2.771233903237076674e+02,2.747388458916718719e+02,2.756365252714958842e+02,2.769255827000451973e+02,2.743651431726993906e+02,1.717070683382017887e+05,2.310615643201494152e+01,1.674753227334341332e+01
5.700000000000000000e+02,6.150000000000000000e+03,2.738053318780781069e+02,2.814354803839713668e+02,2.886215586819069472e+02,3.180508797595040278e+02,2.878197180124610099e+02,2.833382143661609120e+02,2.920037584615084825e+02,2.772842682805813865e+02,2.772270037114294610e+02,2.748411135285884939e+02,2.756889408612510692e+02,2.770209613471968169e+02,2.744753195741870400e+02,1.717702300699815387e+05,2.309053881296060950e+01,1.677436480758448312e+01
5.800000000000000000e+02,6.160000000000000000e+03,2.738413388796796539e+02,2.815523048309004253e+02,2.887469461912628503e+02,3.180242055233036353e+02,2.878949383986520161e+02,2.832533707330899233e+02,2.925769361064735676e+02,2.773862321032552245e+02,2.773295998687308952e+02,2.749433793632075549e+02,2.757415397371045174e+02,2.771164423382097084e+02,2.745855319215081067e+02,1.718329444658438442e+05,2.307240899725219663e+01,1.680096857731517446e+01
5.900000000000000000e+02,6.170000000000000000e+03,2.738776221045625334e+02,2.816687932428785643e+02,2.888711429011369773e+02,3.179917206128707221e+02,2.879686666816421052e+02,2.831698858676400050e+02,2.931499998121229282e+02,2.774871455181678357e+02,2.774311517974998651e+02,2.750456335903120930e+02,2.757943159235502435e+02,2.772120174749852595e+02,2.746957698379370072e+02,1.718951888316636032e+05,2.305176928357828814e+01,1.682733186337542008e+01
6.000000000000000000e+02,6.180000000000000000e+03,2.739141797902265694e+02,2.817849202406852100e+02,2.889940982236961418e+02,3.179534201912289291e+02,2.880408774623994077e+02,2.830876859792653022e+02,2.937227543872938895e+02,2.775869815263459941e+02,2.775316324417701139e+02,2.751478660839870827e+02,2.758472632566056291e+02,2.773076782381551766e+02,2.748060226171633076e+02,1.719569406166492263e+05,2.302862228885871332e+01,1.685344294837361190e+01
6.100000000000000000e+02,6.190000000000000000e+03,2.739510100912656299e+02,2.819006600112190881e+02,2.891157619819530282e+02,3.179092995552218781e+02,2.881115453939734152e+02,2.830066987205996156e+02,2.942950067854488339e+02,2.776857130495571937e+02,2.776310147010625542e+02,2.752500663947024577e+02,2.759003753886952381e+02,2.774034158068569695e+02,2.749162792280095573e+02,1.720181774165261886e+05,2.300297094791275043e+01,1.687929011589672257e+01
6.200000000000000000e+02,6.200000000000000000e+03,2.739881110776875062e+02,2.820159862450442461e+02,2.892360844134472586e+02,3.178593541390615655e+02,2.881806451956235264e+02,2.829268531519245471e+02,2.948665661280707582e+02,2.777833130066900367e+02,2.777292714433884839e+02,2.753522237557622248e+02,2.759536457903240603e+02,2.774992210376777848e+02,2.750265283186240595e+02,1.720788769766578916e+05,2.297481851308701195e+01,1.690486165203910218e+01
6.300000000000000000e+02,6.210000000000000000e+03,2.740254807342734011e+02,2.821308722245055378e+02,2.893550161737276767e+02,3.178035795186889345e+02,2.882481516618368573e+02,2.828480797046860857e+02,2.954372437313540445e+02,2.778797542916057068e+02,2.778263755178814449e+02,2.754543270861978499e+02,2.760070677543422448e+02,2.775950844852030741e+02,2.751367582208042677e+02,1.721390171952616074e+05,2.294416855384307752e+01,1.693014584561197466e+01
6.400000000000000000e+02,6.220000000000000000e+03,2.740631169587265958e+02,2.822452908050003657e+02,2.894725083505106795e+02,3.177419714163751223e+02,2.883140396778082959e+02,2.827703101468889031e+02,2.960068531370734490e+02,2.779750097916703453e+02,2.779222997671195117e+02,2.755563649969878952e+02,2.760606343984510431e+02,2.776909963981243550e+02,2.752469569524558892e+02,1.721985761264268076e+05,2.291102495630491376e+01,1.695513098950978303e+01
6.500000000000000000e+02,6.230000000000000000e+03,2.741010175605468362e+02,2.823592145281123749e+02,2.895885124486514997e+02,3.176745257050927762e+02,2.883782842162138422e+02,2.826934775506686037e+02,2.965752101331372614e+02,2.780690523996514685e+02,2.780170170388115594e+02,2.756583257951951964e+02,2.761143386693238426e+02,2.777869467249428226e+02,2.753571122276557617e+02,1.722575319833405665e+05,2.287539192276617328e+01,1.697980538148235752e+01
6.600000000000000000e+02,6.240000000000000000e+03,2.741391802601718837e+02,2.824726155388541429e+02,2.897029804213572106e+02,3.176012384127111545e+02,2.884408603633538632e+02,2.826175162603234412e+02,2.971421327880209446e+02,2.781618550249528425e+02,2.781105001965361794e+02,2.757601974894225805e+02,2.761681733449413514e+02,2.778829251150890514e+02,2.754672114549226762e+02,1.723158631413057446e+05,2.283727397115737645e+01,1.700415732643958933e+01
6.700000000000000000e+02,6.250000000000000000e+03,2.741776026871405634e+02,2.825854656662148727e+02,2.898158646609379048e+02,3.175221057265645186e+02,2.885017433205359225e+02,2.825423618620065440e+02,2.977074414743416924e+02,2.782533906053761825e+02,2.782027221324677839e+02,2.758619677932985041e+02,2.762221310375072107e+02,2.779789209224730939e+02,2.755772417442971118e+02,1.723735481407842599e+05,2.279667593447304696e+01,1.702817513826180829e+01
6.800000000000000000e+02,6.260000000000000000e+03,2.742162823794531050e+02,2.826977364335612037e+02,2.899271180072839798e+02,3.174371239979210486e+02,2.885609084147001795e+02,2.824679511552805025e+02,2.982709588955381150e+02,2.783436321177295554e+02,2.782936557775030337e+02,2.759636241326029449e+02,2.762762041964668356e+02,2.780749232087815699e+02,2.756871899111177981e+02,1.724305656905092183e+05,2.275360296015898953e+01,1.705184714211357289e+01
6.900000000000000000e+02,6.270000000000000000e+03,2.742552167822812521e+02,2.828093990840092147e+02,2.900366937523551769e+02,3.173462897453712230e+02,2.886183311077136295e+02,2.823942221238536376e+02,2.988325101119972373e+02,2.784325525886798118e+02,2.783832741122033667e+02,2.760651536481879589e+02,2.763303851112701750e+02,2.781709207442109459e+02,2.757970424835555718e+02,1.724868946704018163e+05,2.270806050945959242e+01,1.707516167693524523e+01
7.000000000000000000e+02,6.280000000000000000e+03,2.742944032469375202e+02,2.829204245972366607e+02,2.901445456459956631e+02,3.172495996600079593e+02,2.886739870052755350e+02,2.823211139098358444e+02,2.993919225664237729e+02,2.785201251049525126e+02,2.784715501763985230e+02,2.761665432016706632e+02,2.763846659140749580e+02,2.782669020157872524e+02,2.759067857030658502e+02,1.725425141345951124e+05,2.266005435672543555e+01,1.709810709834883369e+01
7.100000000000000000e+02,6.290000000000000000e+03,2.743338390295468798e+02,2.830307837131028919e+02,2.902506279010343633e+02,3.171470506091756647e+02,2.887278518654464960e+02,2.822485667873759212e+02,2.999490261083213909e+02,2.786063228237030103e+02,2.785584570803237625e+02,2.762677793808047113e+02,2.764390385828580179e+02,2.783628552254273245e+02,2.760164055300141968e+02,1.725974033143129200e+05,2.260959058868110816e+01,1.712067178175549742e+01
7.200000000000000000e+02,6.300000000000000000e+03,2.743735212906171910e+02,2.831404469261315171e+02,2.903548951990071032e+02,3.170386396407996017e+02,2.887799016079626426e+02,2.821765221465985860e+02,3.005036530206493808e+02,2.786911189821484527e+02,2.786439680132366448e+02,2.763688485023504882e+02,2.764934949427895390e+02,2.784587682933298538e+02,2.761258876534405999e+02,1.726515416207850212e+05,2.255667560365353452e+01,1.714284412600528640e+01
7.300000000000000000e+02,6.310000000000000000e+03,2.744134470935859440e+02,2.832493845900013412e+02,2.904573026898743251e+02,3.169243639875619465e+02,2.888301123188603015e+02,2.821049224379467546e+02,3.010556380358124215e+02,2.787744869072494112e+02,2.787280562541256472e+02,2.764697366232519471e+02,2.765480266716648430e+02,2.785546288651278815e+02,2.762352174886813145e+02,1.727049086480927945e+05,2.250131611076066207e+01,1.716461255592574986e+01
7.400000000000000000e+02,6.320000000000000000e+03,2.744536134041015316e+02,2.833575668222838999e+02,2.905578060039522370e+02,3.168042210710593167e+02,2.888784602631679945e+02,2.820337111944630806e+02,3.016048183664517524e+02,2.788564000240365317e+02,2.788106951803223978e+02,2.765704295389752474e+02,2.766026253000457018e+02,2.786504243105337650e+02,2.763443801865731757e+02,1.727574841759423143e+05,2.244351912906086000e+01,1.718596552749342266e+01
7.500000000000000000e+02,6.330000000000000000e+03,2.744940170889843785e+02,2.834649635868385644e+02,2.906563612523730171e+02,3.166782085058543998e+02,2.889249218897534774e+02,2.819628329811549747e+02,3.021510337226978891e+02,2.789368318663408672e+02,2.788918582767072394e+02,2.766709127919809816e+02,2.766572822147094257e+02,2.787461417312861158e+02,2.764533606375453587e+02,1.728092481723936507e+05,2.238329198666292541e+01,1.720689153125741555e+01
7.600000000000000000e+02,6.340000000000000000e+03,2.745346549157890763e+02,2.835715447018926056e+02,2.907529250327130512e+02,3.165463241041688889e+02,2.889694738394932756e+02,2.818922333802044591e+02,3.026941263331418099e+02,2.790157560848386993e+02,2.789715191443007143e+02,2.767711716769476880e+02,2.767119886616563917e+02,2.788417679594867309e+02,2.765621434767926985e+02,1.728601807966010529e+05,2.232064231979699187e+01,1.722737909666358647e+01
7.700000000000000000e+02,6.350000000000000000e+03,2.745755235518280983e+02,2.836772798568085818e+02,2.908474544320282007e+02,3.164085658790062894e+02,2.890120929523282030e+02,2.818218589709349544e+02,3.032339409636736036e+02,2.790931464555195589e+02,2.790496515092761456e+02,2.768711912462030114e+02,2.767667357476453844e+02,2.789372895684928153e+02,2.766707130882286947e+02,1.729102624014393077e+05,2.225557807184629056e+01,1.724741679649142867e+01
7.800000000000000000e+02,6.360000000000000000e+03,2.746166195632187623e+02,2.837821386106120372e+02,2.909399070507240594e+02,3.162649320629362819e+02,2.890527562745231762e+02,2.817516573096318098e+02,3.037703249478641965e+02,2.791689768892179586e+02,2.791262292310002522e+02,2.769709563149140195e+02,2.768215143820715411e+02,2.790326928658899988e+02,2.767790536124573464e+02,1.729594735360445920e+05,2.218810749234003055e+01,1.726699325252576500e+01
7.900000000000000000e+02,6.370000000000000000e+03,2.746579394147187259e+02,2.838860904570784669e+02,2.910302409309099403e+02,3.161154210579367145e+02,2.890914410654485778e+02,2.816815769110525025e+02,3.043031281573994420e+02,2.792432214365312575e+02,2.792012263099685470e+02,2.770704514664382714e+02,2.768763155486498135e+02,2.791279639066277127e+02,2.768871489509007802e+02,1.730077949483151606e+05,2.211823913590742308e+01,1.728609713680236126e+01
8.000000000000000000e+02,6.380000000000000000e+03,2.746994794686093542e+02,2.839891047846504080e+02,2.911184146808334958e+02,3.159600315201115563e+02,2.891281248041731260e+02,2.816115672303229758e+02,3.048322030869358628e+02,2.793158542992206321e+02,2.792746168987328019e+02,2.771696610602139117e+02,2.769311298699207100e+02,2.792230884928574710e+02,2.769949827696168541e+02,1.730552075874844159e+05,2.204598186119304515e+01,1.730471718150731419e+01
8.100000000000000000e+02,6.390000000000000000e+03,2.747412359846250069e+02,2.840911509246184323e+02,2.912043873906882254e+02,3.157987623116479199e+02,2.891627851959898976e+02,2.815415786450897713e+02,3.053574048232085829e+02,2.793868498369373583e+02,2.793463753008946355e+02,2.772685692348518387e+02,2.769859479288629132e+02,2.793180521803063243e+02,2.771025385070640823e+02,1.731016926064648142e+05,2.197134482973362779e+01,1.732284218137206011e+01
8.200000000000000000e+02,6.400000000000000000e+03,2.747832051193594225e+02,2.841921981487275843e+02,2.912881186626402155e+02,3.156316125163772313e+02,2.891954001789977156e+02,2.814715624384587045e+02,3.058785910687627734e+02,2.794561825748888282e+02,2.794164759894907206e+02,2.773671599133837162e+02,2.770407601855629309e+02,2.794128402796692399e+02,2.772097993757892027e+02,1.731472313641486689e+05,2.189433750479648921e+01,1.734046099941009089e+01
8.300000000000000000e+02,6.410000000000000000e+03,2.748253829253437743e+02,2.842922156937445379e+02,2.913695686130997728e+02,3.154585814449617374e+02,2.892259479296184281e+02,2.814014707832596400e+02,3.063956221529460890e+02,2.795238272105659689e+02,2.794848936084628690e+02,2.774654168135656391e+02,2.770955569738760005e+02,2.795074378624125302e+02,2.773167483747807864e+02,1.731918054276772309e+05,2.181496965017966971e+01,1.735756257232932853e+01
8.400000000000000000e+02,6.420000000000000000e+03,2.748677653513281030e+02,2.843911727739346134e+02,2.914486978762687386e+02,3.152796686389099250e+02,2.892544068686653418e+02,2.813312567253196903e+02,3.069083610430329827e+02,2.795897586212800547e+02,2.795516029810702321e+02,2.775633234513223897e+02,2.771503285134957082e+02,2.796018297634338978e+02,2.774233682894199546e+02,1.732353965746837493e+05,2.173325132897395662e+01,1.737413591607588614e+01
8.500000000000000000e+02,6.430000000000000000e+03,2.749103482420703131e+02,2.844890385942002240e+02,2.915254676087921553e+02,3.150948738749906397e+02,2.892807556676218042e+02,2.812608741698585391e+02,3.074166733526225244e+02,2.796539518713228176e+02,2.796165791165475980e+02,2.776608631426333886e+02,2.772050649058905947e+02,2.796960005903046635e+02,2.775296416993884350e+02,1.732779867954261135e+05,2.164919290228699822e+01,1.739017013154341385e+01
8.600000000000000000e+02,6.440000000000000000e+03,2.749531273372812734e+02,2.845857823637617230e+02,2.915998394921811609e+02,3.149041971693973210e+02,2.893049732540721379e+02,2.811902778651345898e+02,3.079204273492921402e+02,2.797163822186125799e+02,2.796797972169924833e+02,2.777580190165653562e+02,2.772597561402085944e+02,2.797899347225955466e+02,2.776355509846864607e+02,1.733195582947825314e+05,2.156280502792962395e+01,1.740565441022803839e+01
8.700000000000000000e+02,6.450000000000000000e+03,2.749960982721406140e+02,2.846813733091628364e+02,2.916717757371823723e+02,3.147076387828955149e+02,2.893270388167743477e+02,2.811194233900117752e+02,3.084194939603369789e+02,2.797770251211695722e+02,2.797412326843567030e+02,2.778547740180598566e+02,2.773143920955932344e+02,2.798836163157711781e+02,2.777410783315671097e+02,1.733600934943087050e+05,2.147409865906451998e+01,1.742057804011978561e+01
8.800000000000000000e+02,6.460000000000000000e+03,2.750392565772500006e+02,2.847757806881601823e+02,2.917412390839123191e+02,3.145051992226694324e+02,2.893469318114775888e+02,2.810482671369830427e+02,3.089137467767438920e+02,2.798358562440550372e+02,2.798008611263759349e+02,2.779511109149494814e+02,2.773689625449771938e+02,2.799770293182393175e+02,2.778462057386536799e+02,1.733995750341420062e+05,2.138308504281745570e+01,1.743493041140224165e+01
8.900000000000000000e+02,6.470000000000000000e+03,2.750825976779218536e+02,2.848689738007968799e+02,2.918081927984686104e+02,3.142968792474207476e+02,2.893646319656779156e+02,2.809767663268738715e+02,3.094030620562022023e+02,2.798928514650143597e+02,2.798586583562895385e+02,2.780470123042546220e+02,2.774234571576872668e+02,2.800701574620901511e+02,2.779509150230479690e+02,1.734379857747722999e+05,2.128977571885130970e+01,1.744870102282105861e+01
9.000000000000000000e+02,6.480000000000000000e+03,2.751261168949765761e+02,2.849609220028486334e+02,2.918726007195041348e+02,3.140826798763386591e+02,2.893801192861280924e+02,2.809048788868804536e+02,3.098873187240764082e+02,2.799479868891060050e+02,2.799146004198920537e+02,2.781424606187332529e+02,2.774778655031524295e+02,2.801629842742726169e+02,2.780551878266754784e+02,1.734753087989236810e+05,2.119418251790287400e+01,1.746187948618909758e+01
9.100000000000000000e+02,6.490000000000000000e+03,2.751698094446015830e+02,2.850515947292763599e+02,2.919344271585518982e+02,3.138626023854451432e+02,2.893933740510262851e+02,2.808325636732081421e+02,3.103663983725358548e+02,2.800012388204823992e+02,2.799686635754692361e+02,2.782374381342339120e+02,2.775321770541121964e+02,2.802554930818178036e+02,2.781590056228415051e+02,1.735115274132048944e+05,2.109631756028288407e+01,1.747445553526837259e+01
9.200000000000000000e+02,6.500000000000000000e+03,2.752136704384139989e+02,2.851409614521081153e+02,2.919936370535944548e+02,3.136366483225923503e+02,2.894043768394634526e+02,2.807597801384574723e+02,3.108401852620775117e+02,2.800525838229604005e+02,2.800208243224316220e+02,2.783319269725487857e+02,2.775863811891943556e+02,2.803476670174750325e+02,2.782623497222596143e+02,1.735466251496787299e+05,2.099619325433927486e+01,1.748641902819697691e+01
9.300000000000000000e+02,6.510000000000000000e+03,2.752576948836093607e+02,2.852289917844596516e+02,2.920501958263538427e+02,3.134048194975815136e+02,2.894131085120747571e+02,2.806864885986491345e+02,3.113085663125907558e+02,2.801019986833053963e+02,2.800710593875510313e+02,2.784259091149339724e+02,2.776404671971498033e+02,2.804394890264534865e+02,2.783652012773972046e+02,1.735805857674691360e+05,2.089382229488389697e+01,1.749775995618325197e+01
9.400000000000000000e+02,6.520000000000000000e+03,2.753018776834375103e+02,2.853156554154505216e+02,2.921040694711627452e+02,3.131671179976116832e+02,2.894195502292747619e+02,2.806126500741603422e+02,3.117714311016953843e+02,2.801494604383107685e+02,2.801193457351475899e+02,2.785193664032767060e+02,2.776944242779634919e+02,2.805309418693632892e+02,2.784675412996629689e+02,1.736133932541930699e+05,2.078921766158295981e+01,1.750846844813698411e+01
9.500000000000000000e+02,6.530000000000000000e+03,2.753462136381406253e+02,2.854009221518050481e+02,2.921552245205470513e+02,3.129235461875023248e+02,2.894236834488120849e+02,2.805382263406453376e+02,3.122286718573782309e+02,2.801949463609905138e+02,2.801656605828305260e+02,2.786122805483416869e+02,2.777482415552603356e+02,2.806220081326723630e+02,2.785693506497884755e+02,1.736450318273986049e+05,2.068239261731129375e+01,1.751853477724448638e+01
9.600000000000000000e+02,6.540000000000000000e+03,2.753906974439531155e+02,2.854847619126315408e+02,2.922036280672995190e+02,3.126741067168727568e+02,2.894254899321266521e+02,2.804631798869010026e+02,3.126801834516519421e+02,2.802384339813143583e+02,2.802099813977081908e+02,2.787046331382392736e+02,2.778019080665991964e+02,2.807126702313121314e+02,2.786706100553578267e+02,1.736754859357974201e+05,2.057336070647079396e+01,1.752794936664388814e+01
9.700000000000000000e+02,6.550000000000000000e+03,2.754353236954218573e+02,2.855671447704817751e+02,2.922492477589120199e+02,3.124188025192888745e+02,2.894249517486650802e+02,2.803874739007490007e+02,3.131258633878500177e+02,2.802799010909412800e+02,2.802522859034384624e+02,2.787964056437191402e+02,2.778554127752748855e+02,2.808029104165659646e+02,2.787713001157791837e+02,1.737047402605976386e+05,2.046213575327307765e+01,1.753670279490446404e+01
9.800000000000000000e+02,6.560000000000000000e+03,2.754800868845468358e+02,2.856480409306191177e+02,2.922920517964294618e+02,3.121576368214767285e+02,2.894220512793662579e+02,2.803110722835957631e+02,3.135656117918244945e+02,2.803193257409961348e+02,2.802925520847878147e+02,2.788875794261672354e+02,2.779087445724223926e+02,2.808927107825924736e+02,2.788714013084853605e+02,1.737327797165958327e+05,2.034873185998673506e+01,1.754478580239091201e+01
9.900000000000000000e+02,6.570000000000000000e+03,2.755249814023359249e+02,2.857274207504115111e+02,2.923320089390392127e+02,3.118906131457224546e+02,2.894167712204493341e+02,2.802339396295653273e+02,3.139993313986755084e+02,2.803566862494615748e+02,2.803307581927156775e+02,2.789781357443772549e+02,2.779618922806434398e+02,2.809820532726456577e+02,2.789708939985063125e+02,1.737595894533194369e+05,2.023316340514926992e+01,1.755218929675836392e+01
1.000000000000000000e+03,6.580000000000000000e+03,2.755700015392656042e+02,2.858052547624307067e+02,2.923690885058323374e+02,3.116177353147157874e+02,2.894090945870726728e+02,2.801560412159911380e+02,3.144269275390606140e+02,2.803919612062255169e+02,2.803668827493837625e+02,2.790680557596775770e+02,2.780148446576478136e+02,2.810709196860333350e+02,2.790697584345856512e+02,1.737851548560093506e+05,2.011544504174406001e+01,1.755890435866141530e+01
1.010000000000000000e+03,6.590000000000000000e+03,2.756151414860078148e+02,2.858815136566106503e+02,2.924032603751209081e+02,3.113390074558155334e+02,2.893990047158729340e+02,2.800773430009479057e+02,3.148483081235482359e+02,2.804251294768799312e+02,2.804009045503849507e+02,2.791573205504478210e+02,2.780675903999698448e+02,2.811592916850480606e+02,2.791679747731046177e+02,1.738094615465844108e+05,1.999559169534249037e+01,1.756492224731076846e+01
1.020000000000000000e+03,6.600000000000000000e+03,2.756603953343359308e+02,2.859561683144016797e+02,2.924344949903272664e+02,3.110544340038683231e+02,2.893864852703228507e+02,2.799978116012624696e+02,3.152633836258117981e+02,2.804561702075000653e+02,2.804328026734538639e+02,2.792459111099471443e+02,2.781201181482718425e+02,2.812471508016631105e+02,2.792655230737827878e+02,1.738324953844476549e+05,1.987361856221151157e+01,1.757023440578694817e+01
1.030000000000000000e+03,6.610000000000000000e+03,2.757057570783359779e+02,2.860291898095117631e+02,2.924627633597384602e+02,3.107640197113511817e+02,2.893715202420562491e+02,2.799174142917361223e+02,3.156720670651869796e+02,2.804850628293070827e+02,2.804625564771527024e+02,2.793338083586975813e+02,2.781724164833074724e+02,2.813344784452497152e+02,2.793623833124618159e+02,1.738542424674164504e+05,1.974954110738693558e+01,1.757483246650213005e+01
1.040000000000000000e+03,6.620000000000000000e+03,2.757512206151719170e+02,2.861005494114866679e+02,2.924880370527914693e+02,3.104677696444269941e+02,2.893540939543342461e+02,2.798361190029670524e+02,3.160742739857765287e+02,2.805117870614013782e+02,2.804901456091977252e+02,2.794209931501409869e+02,2.782244739465885459e+02,2.814212559095844881e+02,2.794585353841333131e+02,1.738746891322608571e+05,1.962337506271258647e+01,1.757870825640790713e+01
1.050000000000000000e+03,6.630000000000000000e+03,2.757967797461562327e+02,2.861702186039042886e+02,2.925102882045815704e+02,3.101656891932426561e+02,2.893341910639686603e+02,2.797538943095518107e+02,3.164699224371869377e+02,2.805363229157251794e+02,2.805155500075779287e+02,2.795074462818286634e+02,2.782762790285590881e+02,2.815074643786282422e+02,2.795539591122251295e+02,1.738938219555013347e+05,1.949513642484566134e+01,1.758185380214764848e+01
1.060000000000000000e+03,6.640000000000000000e+03,2.758424281781250329e+02,2.862381690795579630e+02,2.925294895222839955e+02,3.098577840742966032e+02,2.893117965692153462e+02,2.796707094145511974e+02,3.168589329513511075e+02,2.805586507000614915e+02,2.805387499062167080e+02,2.795931484972124963e+02,2.783278201769554698e+02,2.815930849381520034e+02,2.796486342559481955e+02,1.739116277539359871e+05,1.936484145322850736e+01,1.758426133486198495e+01
1.070000000000000000e+03,6.650000000000000000e+03,2.758881595247187875e+02,2.863043727763183597e+02,2.925456142741192025e+02,3.095440603358563294e+02,2.892868958032979663e+02,2.795865341504163553e+02,3.172412285202300950e+02,2.805787510222201036e+02,2.805597258365480684e+02,2.796780804968002485e+02,2.783790858047756842e+02,2.816780985791692729e+02,2.797425405198927137e+02,1.739280935851649265e+05,1.923250666802707798e+01,1.758592329497548334e+01
1.080000000000000000e+03,6.660000000000000000e+03,2.759339673070780918e+02,2.863688018365172638e+02,2.925586363012553761e+02,3.092245243607248995e+02,2.892594744481526163e+02,2.795013389807122621e+02,3.176167345712214001e+02,2.805966047918268487e+02,2.805784586336952771e+02,2.797622229444501727e+02,2.784300642898759293e+02,2.817624862065360958e+02,2.798356575521570448e+02,1.739432067480184196e+05,1.909814884803633106e+01,1.758683233734241114e+01
1.090000000000000000e+03,6.670000000000000000e+03,2.759798449559140749e+02,2.864314286700937942e+02,2.925685300150539092e+02,3.088991828729870122e+02,2.892295185278131839e+02,2.794150949578609584e+02,3.179853789411585012e+02,2.806121932295820329e+02,2.805949294374480019e+02,2.798455564749621090e+02,2.784807439814172767e+02,2.818462286477813450e+02,2.799279649665757006e+02,1.739569547829333751e+05,1.896178502855283199e+01,1.758698133483108705e+01
1.100000000000000000e+03,6.680000000000000000e+03,2.760257858125859798e+02,2.864922259282523100e+02,2.925752703905760654e+02,3.085680429406846770e+02,2.891970144138182377e+02,2.793277737610313807e+02,3.183470918507517240e+02,2.806254978622882845e+02,2.806091196963336074e+02,2.799280617017371924e+02,2.785311132029422652e+02,2.819293066603752322e+02,2.800194423397774699e+02,1.739693254723355058e+05,1.882343249921486361e+01,1.758636338348372163e+01
1.110000000000000000e+03,6.690000000000000000e+03,2.760717831306250218e+02,2.865511665194336501e+02,2.925788329747522312e+02,3.082311119807717432e+02,2.891619488279860093e+02,2.792393476639346659e+02,3.187018058760563690e+02,2.806365005304811575e+02,2.806210111706400880e+02,2.800097192240994559e+02,2.785811602566855072e+02,2.820117009392764658e+02,2.801100692210738998e+02,1.739803068407711107e+05,1.868310880181023492e+01,1.758497180628059198e+01
1.120000000000000000e+03,6.700000000000000000e+03,2.761178300772655803e+02,2.866082236169990551e+02,2.925791938841269939e+02,3.078883977637293583e+02,2.891243088443138163e+02,2.791497895333190513e+02,3.190494559206067606e+02,2.806451833908996036e+02,2.806305859354832251e+02,2.800905096349458745e+02,2.786308734273353593e+02,2.820933921251447032e+02,2.801998251409316936e+02,1.739898871552082128e+05,1.854083172805214730e+01,1.758280015722119316e+01
1.130000000000000000e+03,6.710000000000000000e+03,2.761639197349530832e+02,2.866633706663909607e+02,2.925763298048878482e+02,3.075399084178002340e+02,2.890840818908473011e+02,2.790590728229186652e+02,3.193899791857177206e+02,2.806515289191362399e+02,2.806378263835134135e+02,2.801704135281108847e+02,2.786802409873280340e+02,2.821743608122286560e+02,2.802886896169391093e+02,1.739980549251048651e+05,1.839661931732340960e+01,1.757984222508597583e+01
1.140000000000000000e+03,6.720000000000000000e+03,2.762100451034297066e+02,2.867165813905765503e+02,2.925702179926865369e+02,3.071856524333929883e+02,2.890412557515116987e+02,2.789671715674798520e+02,3.197233151402792828e+02,2.806555199123083639e+02,2.806427152277409505e+02,2.802494115059759565e+02,2.787292511993097150e+02,2.822545875562405513e+02,2.803766421638175075e+02,1.740047989025062416e+05,1.825048985438917981e+01,1.757609203707288259e+01
1.150000000000000000e+03,6.730000000000000000e+03,2.762561991007187316e+02,2.867678298123241802e+02,2.925608362694147218e+02,3.068256386657674284e+02,2.889958185679898861e+02,2.788740603754803828e+02,3.200494054895130489e+02,2.806571394915596898e+02,2.806452355040384532e+02,2.803274841879344308e+02,2.787778923217608167e+02,2.823340528827677645e+02,2.804636622988238059e+02,1.740101080820442003e+05,1.810246186707864524e+01,1.757154386208661379e+01
1.160000000000000000e+03,6.740000000000000000e+03,2.763023745654531353e+02,2.868170902052688689e+02,2.925481630357655831e+02,3.064598763479863237e+02,2.889477588411588727e+02,2.787797144278425208e+02,3.203681941431232190e+02,2.806563711050609413e+02,2.806453705736241773e+02,2.804046122137628458e+02,2.788261526112187880e+02,2.824127372948275934e+02,2.805497295495248409e+02,1.740139717008846346e+05,1.795255412393586880e+01,1.756619221442576162e+01
1.170000000000000000e+03,6.750000000000000000e+03,2.763485642584921607e+02,2.868643371867054270e+02,2.925321772498349446e+02,3.060883750819546094e+02,2.888970654325779606e+02,2.786841094672282679e+02,3.206796271827108740e+02,2.806531985301713803e+02,2.806431041255319201e+02,2.804807762569576539e+02,2.788740203283423966e+02,2.824906212783688488e+02,2.806348234620824655e+02,1.740163792386245041e+05,1.780078563184012097e+01,1.756003185620824780e+01
1.180000000000000000e+03,6.760000000000000000e+03,2.763947608649374956e+02,2.869095456576025072e+02,2.925128584434700656e+02,3.057111448519883083e+02,2.888437275671325892e+02,2.785872217909832784e+02,3.209836528286189150e+02,2.806476058752579661e+02,2.806384201788531527e+02,2.805559570284958681e+02,2.789214837406925085e+02,2.825676853193062925e+02,2.807189236085684456e+02,1.740173204172097030e+05,1.764717563359597818e+01,1.755305780050942488e+01
1.190000000000000000e+03,6.770000000000000000e+03,2.764409569956171708e+02,2.869526908325634622e+02,2.924901867139311662e+02,3.053281960270329023e+02,2.887877348324558398e+02,2.784890282526134229e+02,3.212802214056309822e+02,2.806395775820844278e+02,2.806313030851877670e+02,2.806301352850867374e+02,2.789685311268035548e+02,2.826439099025067208e+02,2.808020095937901033e+02,1.740167852006044704e+05,1.749174360549350382e+01,1.754526531397316091e+01
1.200000000000000000e+03,6.780000000000000000e+03,2.764871451896640338e+02,2.869937482456396651e+02,2.924641427254503014e+02,3.049395393651285531e+02,2.887290771811141212e+02,2.783895062525938329e+02,3.215692853091713346e+02,2.806290984281291685e+02,2.806217375279258022e+02,2.807032918358442544e+02,2.790151507819871313e+02,2.827192755229889372e+02,2.808840610644547837e+02,1.740147637947199983e+05,1.733450925483888483e+01,1.753664991923163541e+01
1.210000000000000000e+03,6.790000000000000000e+03,2.765333179160937220e+02,2.870326937505111573e+02,2.924347077084350985e+02,3.045451860177847152e+02,2.886677449320873166e+02,2.782886337318374217e+02,3.218507989697543508e+02,2.806161535281511306e+02,2.806097085294607041e+02,2.807754075496190467e+02,2.790613310199738066e+02,2.827937626937553546e+02,2.809650577128804798e+02,1.740112466469172505e+05,1.717549251745568384e+01,1.752720739711903164e+01
1.220000000000000000e+03,6.800000000000000000e+03,2.765794675757734922e+02,2.870695035273857911e+02,2.924018634576071918e+02,3.041451475345895687e+02,2.886037287711021690e+02,2.781863891686924717e+02,3.221247188180699368e+02,2.806007283354700235e+02,2.805952014488455575e+02,2.808464633658031744e+02,2.791070601780114657e+02,2.828673519543273187e+02,2.810449792895254291e+02,1.740062244458246278e+05,1.701471355515720418e+01,1.751693378870523077e+01
1.230000000000000000e+03,6.810000000000000000e+03,2.766255865039687478e+02,2.871041540905208080e+02,2.923655923315232030e+02,3.037394358679064226e+02,2.885370197521846194e+02,2.780827515730732102e+02,3.223910032488124671e+02,2.805828086454856702e+02,2.805782019844266983e+02,2.809164402960051916e+02,2.791523266207663596e+02,2.829400238794840448e+02,2.811238056059119685e+02,1.739996881209086860e+05,1.685219275319013477e+01,1.750582539710733698e+01
1.240000000000000000e+03,6.820000000000000000e+03,2.766716669718515504e+02,2.871366222922144971e+02,2.923258772508366974e+02,3.033280633762712455e+02,2.884676092977607027e+02,2.779777004821207811e+02,3.226496125846738892e+02,2.805623805956205388e+02,2.805586961760278086e+02,2.809853194342425695e+02,2.791971187440680069e+02,2.830117590841327342e+02,2.812015165455482588e+02,1.739916288419285556e+05,1.668795071764990112e+01,1.749387878908529004e+01
1.250000000000000000e+03,6.830000000000000000e+03,2.767177011894765428e+02,2.871668853274752564e+02,2.922827016992881113e+02,3.029110428301216871e+02,2.883954892010218600e+02,2.778712159549540957e+02,3.229005090408148817e+02,2.805394306675456164e+02,2.805366704060887741e+02,2.810530819580620800e+02,2.792414249791250995e+02,2.830825382344872310e+02,2.812780920683309205e+02,1.739820380187002302e+05,1.652200827286802109e+01,1.748109079653659137e+01
1.260000000000000000e+03,6.840000000000000000e+03,2.767636813069843811e+02,2.871949207402428215e+02,2.922360497158420003e+02,3.024883874159285142e+02,2.883206516224993265e+02,2.777632785680058305e+02,3.231436566849528162e+02,2.805139456875670589e+02,2.805121114005372078e+02,2.811197091562978585e+02,2.792852337960062528e+02,2.831523420553058372e+02,2.813535122194903124e+02,1.739709073003508092e+05,1.635438645877175645e+01,1.746745851743218481e+01
1.270000000000000000e+03,6.850000000000000000e+03,2.768095994178203227e+02,2.872207064275983157e+02,2.921859059029205810e+02,3.020601107400800629e+02,2.882430890967765436e+02,2.776538694104928595e+02,3.233790214057336243e+02,2.804859128291814727e+02,2.804850062310446219e+02,2.811851824059634737e+02,2.793285337075562893e+02,2.832211513371054821e+02,2.814277571304896810e+02,1.739582285749652074e+05,1.618510652821647611e+01,1.745297931720920559e+01
1.280000000000000000e+03,6.860000000000000000e+03,2.768554475600859064e+02,2.872442206400651230e+02,2.921322554166328018e+02,3.016262268344361814e+02,2.881627945270811324e+02,2.775429700799976445e+02,3.236065708706863688e+02,2.804553196136464521e+02,2.804553423152084974e+02,2.812494831981607604e+02,2.793713132732112854e+02,2.832889469446554926e+02,2.815008070416644728e+02,1.739439939688656013e+05,1.601418994429097609e+01,1.743765082925325061e+01
1.290000000000000000e+03,6.870000000000000000e+03,2.769012177193203001e+02,2.872654419909222270e+02,2.920750839692544787e+02,3.011867501599420507e+02,2.880797611894303714e+02,2.774305626778992746e+02,3.238262744920012324e+02,2.804221539110691310e+02,2.804231074181662393e+02,2.813125931406343057e+02,2.794135611026792958e+02,2.833557098241955714e+02,2.815726422926427404e+02,1.739281958460658789e+05,1.584165837759615947e+01,1.742147095567943182e+01
1.300000000000000000e+03,6.880000000000000000e+03,2.769469018309531521e+02,2.872843494593017795e+02,2.920143778263395689e+02,3.007416956115205267e+02,2.879939827310346914e+02,2.773166298052927345e+02,3.240381033884314093e+02,2.803864039414526133e+02,2.803882896537392639e+02,2.813744939646487069e+02,2.794552658587259657e+02,2.834214210106030691e+02,2.816432433370307535e+02,1.739108268076636014e+05,1.566753370349743335e+01,1.740443786767688650e+01
1.310000000000000000e+03,6.890000000000000000e+03,2.769924917823437909e+02,2.873009223917903796e+02,2.919501238046942717e+02,3.002910785219863783e+02,2.879054531713376264e+02,2.772011545571086799e+02,3.242420303477830430e+02,2.803480582756064905e+02,2.803508774847979907e+02,2.814351675308067797e+02,2.794964162643123586e+02,2.834860616366224804e+02,2.817125907478628051e+02,1.738918796910722449e+05,1.549183799935108929e+01,1.738655000568385489e+01
1.320000000000000000e+03,6.900000000000000000e+03,2.770379794149531563e+02,2.873151405080931227e+02,2.918823092709329217e+02,2.998349146675018346e+02,2.878141669016347350e+02,2.770841205205651363e+02,3.244380297903776977e+02,2.803071058357093079e+02,2.803108597244407179e+02,2.814945958364487524e+02,2.795370011005265951e+02,2.835496129390499505e+02,2.817806652248632417e+02,1.738713475693956716e+05,1.531459354170514686e+01,1.736780607950517208e+01
1.330000000000000000e+03,6.910000000000000000e+03,2.770833565273437671e+02,2.873269839041211071e+02,2.918109221393885946e+02,2.993732202715144695e+02,2.877201186851040688e+02,2.769655117687328243e+02,3.246260777315047790e+02,2.802635358966027752e+02,2.802682255365235164e+02,2.815527610211549359e+02,2.795770092141837608e+02,2.836120562661981239e+02,2.818474476008482839e+02,1.738492237507035607e+05,1.513582280347484144e+01,1.734820506808296869e+01
1.340000000000000000e+03,6.920000000000000000e+03,2.771286148771640114e+02,2.873364330551738703e+02,2.917359508697662704e+02,2.989060120090974237e+02,2.876233036568371517e+02,2.768453128576076097e+02,3.248061517444384663e+02,2.802173380854877678e+02,2.802229644362282670e+02,2.816096453738595073e+02,2.796164295199317280e+02,2.836733730854078885e+02,2.819129188481829829e+02,1.738255017772088759e+05,1.495554845109331232e+01,1.732774621915107360e+01
1.350000000000000000e+03,6.930000000000000000e+03,2.771737461833281486e+02,2.873434688190618544e+02,2.916573844654744221e+02,2.984333070119379840e+02,2.875237173235018986e+02,2.767235088215971928e+02,3.249782309238540847e+02,2.801685023832469597e+02,2.801750662907663241e+02,2.816652313384095123e+02,2.796552510036132730e+02,2.837335449903583253e+02,2.819770600855445650e+02,1.738001754245579359e+05,1.477379334163771851e+01,1.730642904873432286e+01
1.360000000000000000e+03,6.940000000000000000e+03,2.772187421289766007e+02,2.873480724387887904e+02,2.915752124708938595e+02,2.979551228724572525e+02,2.874213555637115860e+02,2.766000851695036431e+02,3.251422958483414050e+02,2.801170191245387286e+02,2.801245213194247867e+02,2.817195015201788237e+02,2.796934627266034568e+02,2.837925537080353706e+02,2.820398525841890205e+02,1.737732387010056409e+05,1.459058051993115157e+01,1.728425334039906147e+01
1.370000000000000000e+03,6.950000000000000000e+03,2.772635943635546596e+02,2.873502255471012745e+02,2.914894249699644320e+02,2.974714776487547852e+02,2.873162146267287085e+02,2.764750278812296642e+02,3.252983285451882693e+02,2.800628789980083866e+02,2.800713200931437541e+02,2.817724386916385129e+02,2.797310538270879192e+02,2.838503811054484913e+02,2.821012777740634192e+02,1.737446858465984988e+05,1.440593321562078444e+01,1.726121914440966520e+01
1.380000000000000000e+03,6.960000000000000000e+03,2.773082945054687229e+02,2.873499101674511849e+02,2.914000125814691273e+02,2.969823898684359165e+02,2.872082911327858028e+02,2.763483234015747030e+02,3.254463124531228004e+02,2.800060730469044756e+02,2.800154535399749989e+02,2.818240257982794219e+02,2.797680135245582278e+02,2.839070091969034593e+02,2.821613172505129228e+02,1.737145113323420810e+05,1.421987484023257586e+01,1.723732677670099633e+01
1.390000000000000000e+03,6.970000000000000000e+03,2.773528341444062448e+02,2.873471087163850939e+02,2.913069664602913349e+02,2.964878785337199361e+02,2.870975820721777154e+02,2.762199586401172837e+02,3.255862323868372528e+02,2.799465926689675825e+02,2.799569129366414018e+02,2.818742459651797958e+02,2.798043311228445873e+02,2.839624201502209644e+02,2.822199527800477199e+02,1.736827098593389965e+05,1.403242898420289642e+01,1.721257681756449642e+01
1.400000000000000000e+03,6.980000000000000000e+03,2.773972048438593561e+02,2.873418040069218478e+02,2.912102782925843485e+02,2.959879631261401869e+02,2.869840848050927207e+02,2.760899209640922436e+02,3.257180745015605225e+02,2.798844296173544990e+02,2.798956899143138912e+02,2.819230825014374773e+02,2.798399960129899000e+02,2.840165962937995801e+02,2.822771663057919795e+02,1.736492763579433959e+05,1.384361941388751838e+01,1.718697011039546041e+01
1.410000000000000000e+03,6.990000000000000000e+03,2.774414034830780906e+02,2.873341599025582696e+02,2.911138002697159664e+02,2.954975632270663368e+02,2.868866022941521123e+02,2.759602357286118490e+02,3.258438523382886842e+02,2.798220752918818448e+02,2.798342757629054063e+02,2.819705800639951008e+02,2.798750523811170297e+02,2.840695825078795451e+02,2.823330011310850978e+02,1.736166025247445796e+05,1.389520289222061500e+01,1.716258680964698158e+01
1.420000000000000000e+03,7.000000000000000000e+03,2.774854298107578074e+02,2.873243720732796191e+02,2.910196866920401249e+02,2.950194811932832977e+02,2.868086452573246561e+02,2.758317619393729956e+02,3.259644108486410232e+02,2.797603215185765748e+02,2.797734622137060114e+02,2.820167936617380064e+02,2.799095508851921750e+02,2.841214346917760167e+02,2.823875109381344259e+02,1.735853268534585950e+05,1.401199980260629019e+01,1.713956754990382336e+01
1.430000000000000000e+03,7.010000000000000000e+03,2.775292844197265936e+02,2.873126265588421120e+02,2.909285406220686809e+02,2.945526887090456967e+02,2.867488895220428731e+02,2.757047741655492246e+02,3.260800112433591380e+02,2.796992817527110446e+02,2.797133625828037111e+02,2.820617722215890240e+02,2.799435340831390704e+02,2.841722022660664493e+02,2.824407433689657410e+02,1.735554245514518698e+05,1.412743558893261309e+01,1.711766641199127292e+01
1.440000000000000000e+03,7.020000000000000000e+03,2.775729682252500083e+02,2.872991042109733826e+02,2.908405152057022178e+02,2.940965591506372334e+02,2.867065148611353607e+02,2.755794566763100875e+02,3.261908249876665877e+02,2.796390444982181407e+02,2.796540652800144926e+02,2.821055609322989994e+02,2.799770393431807634e+02,2.842219301991958673e+02,2.824927423675410978e+02,1.735268715594232199e+05,1.424149561503732997e+01,1.709679544092505665e+01
1.450000000000000000e+03,7.030000000000000000e+03,2.776164823102109835e+02,2.872839796374544790e+02,2.907556281925874373e+02,2.936506246210570907e+02,2.866808968601133074e+02,2.754559408251500372e+02,3.262969712159999744e+02,2.795796791079208106e+02,2.795956395416922646e+02,2.821482025568801077e+02,2.800101005469105075e+02,2.842706604006908151e+02,2.825435494963859355e+02,1.734996441473288578e+05,1.435416541919150291e+01,1.707690725017137368e+01
1.460000000000000000e+03,7.040000000000000000e+03,2.776598278741483909e+02,2.872674199097526184e+02,2.906738544231843093e+02,2.932144939484366546e+02,2.866715030337669532e+02,2.753343242279783567e+02,3.263985359640926731e+02,2.795212411853053140e+02,2.795381408495862843e+02,2.821897381041956123e+02,2.800427490131373816e+02,2.843184325194874305e+02,2.825932046050737654e+02,1.734737187991003157e+05,1.446543071593317009e+01,1.705796615893374124e+01
1.470000000000000000e+03,7.050000000000000000e+03,2.777030062125937775e+02,2.872495838085152968e+02,2.905951542651601471e+02,2.927878212967209492e+02,2.866778532796402033e+02,2.752146813996535570e+02,3.264955828110449829e+02,2.794637762893364652e+02,2.794816146382476063e+02,2.822302071959124419e+02,2.800750140269815915e+02,2.843652844173714129e+02,2.826417462035046242e+02,1.734490721725766198e+05,1.457527739787856014e+01,1.703994066341241265e+01
1.480000000000000000e+03,7.060000000000000000e+03,2.777460187088203156e+02,2.872306215510615175e+02,2.905194827795528454e+02,2.923702921157330366e+02,2.866995023693437474e+02,2.750970701449364242e+02,3.265881592932135504e+02,2.794073223471144729e+02,2.794260987061966830e+02,2.822696482948950347e+02,2.801069231747498520e+02,2.844112524675557552e+02,2.826892116861268960e+02,1.734256810808979208e+05,1.468369153751080702e+01,1.702280131438853061e+01
1.490000000000000000e+03,7.070000000000000000e+03,2.777888668278281443e+02,2.872106748167376509e+02,2.904467928369501806e+02,2.919616156773094531e+02,2.867360308580127821e+02,2.749815357190975078e+02,3.266763010754373227e+02,2.793519112470408459e+02,2.793716248168096854e+02,2.823080988441631121e+02,2.801385025625331195e+02,2.844563717460550265e+02,2.827356374688969822e+02,1.734035224803272285e+05,1.479065938894581400e+01,1.700652004942348583e+01
1.500000000000000000e+03,7.080000000000000000e+03,2.778315521127577767e+02,2.871898769268613592e+02,2.903770362204051594e+02,2.915615205404350831e+02,2.867870396473310848e+02,2.748681136895829695e+02,3.267600348188378803e+02,2.792975699354005883e+02,2.793182197888691576e+02,2.823455953537343248e+02,2.801697769684253672e+02,2.845006761682799379e+02,2.827810590810406666e+02,1.733825734607359627e+05,1.489616738967509946e+01,1.699106994459807396e+01
1.510000000000000000e+03,7.090000000000000000e+03,2.778740761812187543e+02,2.871683531444583650e+02,2.903101640524317304e+02,2.911697514532878586e+02,2.868521463679315957e+02,2.747568319850278158e+02,3.268393802323978434e+02,2.792443211975208897e+02,2.792659062821964540e+02,2.823821734593888095e+02,2.802007699533907044e+02,2.845441985770575002e+02,2.828255112192053957e+02,1.733628112372758915e+05,1.500020216228539738e+01,1.697642509570362535e+01
1.520000000000000000e+03,7.100000000000000000e+03,2.779164407219765280e+02,2.871462210147031442e+02,2.902461269780992552e+02,2.907860670932653306e+02,2.869309827870097820e+02,2.746477124035312727e+02,3.269143515807226095e+02,2.791921842444836557e+02,2.792147033835948378e+02,2.824178679549270328e+02,2.802315039430712886e+02,2.845869708093028407e+02,2.828690277823453698e+02,1.733442131427948480e+05,1.510275051615480102e+01,1.696256054347464470e+01
1.530000000000000000e+03,7.110000000000000000e+03,2.779586474908593914e+02,2.871235907303330350e+02,2.901848752579870165e+02,2.904102383361553734e+02,2.870231928589780637e+02,2.745407717451735152e+02,3.269849588144094810e+02,2.791411751659184119e+02,2.791646270595736610e+02,2.824527128170260539e+02,2.802620002931307113e+02,2.846290237384468469e+02,2.829116418943573308e+02,1.733267566208117059e+05,1.520379944912517090e+01,1.694945221492483967e+01
1.540000000000000000e+03,7.120000000000000000e+03,2.780006983081093495e+02,2.871005655002126105e+02,2.901263588264240525e+02,2.900420468893227053e+02,2.871284312061666242e+02,2.744360226757086139e+02,3.270512084294892361e+02,2.790913072892664104e+02,2.791156905165761941e+02,2.824867412194558938e+02,2.802922793419832033e+02,2.846703873157745193e+02,2.829533859179898627e+02,1.733104192191680777e+05,1.530333614915073071e+01,1.693707687300646825e+01
1.550000000000000000e+03,7.130000000000000000e+03,2.780425950532734305e+02,2.870772419241650368e+02,2.900705273354593032e+02,2.896812841877655273e+02,2.872463619074660528e+02,2.743334743930960826e+02,3.271131041298507398e+02,2.790425914717458227e+02,2.790679044918499585e+02,2.825199855417269532e+02,2.803223604553861605e+02,2.847110905952191615e+02,2.829942914634490876e+02,1.732951785839072545e+05,1.540134799592247816e+01,1.692541206971254297e+01
1.560000000000000000e+03,7.140000000000000000e+03,2.780843396623437798e+02,2.870537103418378706e+02,2.900173301932956065e+02,2.893277504823121831e+02,2.873766575135888388e+02,2.742331331482480437e+02,3.271706473423224679e+02,2.789950363423659496e+02,2.790212774971572571e+02,2.825524773772849016e+02,2.803522620664705300e+02,2.847511617572528735e+02,2.830343893971195257e+02,1.732810124538709933e+05,1.549782256246833434e+01,1.691443610260339270e+01
1.570000000000000000e+03,7.150000000000000000e+03,2.781259341234140834e+02,2.870300551811637320e+02,2.899667165970460019e+02,2.889812540814599515e+02,2.875189982334919705e+02,2.741350026555887780e+02,3.272238376213324500e+02,2.789486485039350327e+02,2.789758160199077111e+02,2.825842475391643802e+02,2.803820017114564962e+02,2.847906281299445936e+02,2.830737098433959318e+02,1.732678986555410665e+05,1.559274761672877396e+01,1.690412797371717346e+01
1.580000000000000000e+03,7.160000000000000000e+03,2.781673804731718747e+02,2.870063552775504832e+02,2.899186355655569969e+02,2.886416107058458351e+02,2.876730712549275495e+02,2.740390844199927756e+02,3.272726729702503690e+02,2.789034327056684788e+02,2.789315246959598085e+02,2.826153260628024668e+02,2.804115960631698385e+02,2.848295162069149455e+02,2.831122821910080347e+02,1.732558150983810774e+05,1.568611112310771105e+01,1.689446735086483642e+01
1.590000000000000000e+03,7.170000000000000000e+03,2.782086807927656196e+02,2.869826841833414619e+02,2.898730359656044584e+02,2.883086429379819720e+02,2.878385701678541864e+02,2.739453779997298852e+02,3.273171500968576311e+02,2.788593919903328811e+02,2.788884064569804764e+02,2.826457422149932199e+02,2.804410609629205737e+02,2.848678516648242294e+02,2.831501350979070821e+02,1.732447397704995819e+05,1.577790124399851734e+01,1.688543453087396173e+01
1.600000000000000000e+03,7.180000000000000000e+03,2.782498372041015386e+02,2.869591104565807882e+02,2.898298665411656430e+02,2.879821797400751393e+02,2.880151944721836799e+02,2.738538812199283257e+02,3.273572646209034360e+02,2.788165278229088244e+02,2.788464626593623166e+02,2.826755244967614544e+02,2.804704114507209169e+02,2.849056593800560790e+02,2.831872964952391385e+02,1.732346507347319566e+05,1.586810634128492481e+01,1.687701040485826454e+01
1.610000000000000000e+03,7.190000000000000000e+03,2.782908518658671824e+02,2.869356979304179731e+02,2.897890759352252417e+02,2.876620560410933649e+02,2.882026491530240264e+02,2.737645903473726321e+02,3.273930112419104717e+02,2.787748402019071818e+02,2.788056931947165253e+02,2.827047006500633870e+02,2.804996617943753563e+02,2.849429634445816646e+02,2.832237935928025081e+02,1.732255261249752948e+05,1.595671497781660619e+01,1.686917642542127282e+01
1.620000000000000000e+03,7.200000000000000000e+03,2.783317269701875034e+02,2.869125059694225683e+02,2.897506127140101739e+02,2.873481123635533550e+02,2.884006443097627539e+02,2.736775002354551134e+02,3.274243838771843684e+02,2.787343277578153220e+02,2.787660965895460663e+02,2.827332976639899584e+02,2.805288255181270074e+02,2.849797871822066782e+02,2.832596528850997402e+02,1.732173441429863451e+05,1.604371591885930926e+01,1.686191457548259720e+01
1.630000000000000000e+03,7.210000000000000000e+03,2.783724647389453253e+02,2.868895897084029798e+02,2.897144253875223967e+02,2.870401944939319492e+02,2.886088948316545952e+02,2.735926044454176917e+02,3.274513757764602815e+02,2.786949878412392536e+02,2.787276700923013095e+02,2.827613417819576398e+02,2.805579154296544857e+02,2.850161531639891450e+02,2.832949001562498097e+02,1.732100830553901615e+05,1.612909813351931376e+01,1.685520733879030075e+01
1.640000000000000000e+03,7.220000000000000000e+03,2.784130674194922221e+02,2.868670002743874079e+02,2.896804624287891556e+02,2.867381531872902087e+02,2.888271201108652235e+02,2.735098953489651876e+02,3.274739796166795713e+02,2.786568166003893339e+02,2.786904097513009333e+02,2.827888585085833029e+02,2.805869436470485425e+02,2.850520832239219544e+02,2.833295604882932821e+02,1.732037211909238249e+05,1.621285079614204605e+01,1.684903767197872071e+01
1.650000000000000000e+03,7.230000000000000000e+03,2.784535372822109593e+02,2.868447849978291515e+02,2.896486722906107047e+02,2.864418438977867254e+02,2.890550437872054772e+02,2.734293642149586390e+02,3.274921875831400939e+02,2.786198090520719006e+02,2.786543104867490115e+02,2.828158726180364511e+02,2.806159216272313870e+02,2.850875984739345199e+02,2.833636582672133954e+02,1.731982369381730095e+05,1.629496328768465929e+01,1.684338897811122493e+01
1.660000000000000000e+03,7.240000000000000000e+03,2.784938766166406481e+02,2.868229876077890594e+02,2.896190034255688488e+02,2.861511265380917166e+02,2.892923935199428342e+02,2.733510012873557002e+02,3.275059914374969594e+02,2.785839591453341768e+02,2.786193661525766174e+02,2.828424081619948538e+02,2.806448601786983090e+02,2.851227193187355624e+02,2.833972171903938033e+02,1.731936087433516223e+05,1.637542519706245159e+01,1.683824508164461520e+01
1.670000000000000000e+03,7.250000000000000000e+03,2.785340877279843426e+02,2.868016484174928564e+02,2.895914042956675871e+02,2.858658652512981462e+02,2.895389007834401127e+02,2.732747958475758310e+02,3.275153825768394427e+02,2.785492598195709206e+02,2.785855695957025659e+02,2.828684884778455171e+02,2.806737695050292132e+02,2.851574654719951241e+02,2.834302602742253043e+02,1.731898151084127021e+05,1.645422632246886252e+01,1.683359020448610721e+01
1.680000000000000000e+03,7.260000000000000000e+03,2.785741729338125197e+02,2.867808044971412755e+02,2.895658233901705785e+02,2.855859282083847575e+02,2.897943006821089966e+02,2.732007362745721366e+02,3.275203520842470084e+02,2.785157030576596071e+02,2.785529127090270549e+02,2.828941361977480256e+02,2.807026592143913604e+02,2.851918559699261095e+02,2.834628098628993484e+02,1.731868345894132508e+05,1.653135667266897713e+01,1.682940894346788596e+01
1.690000000000000000e+03,7.270000000000000000e+03,2.786141345618124774e+02,2.867604898359563776e+02,2.895422092386774580e+02,2.853111874158080354e+02,2.900583317839407300e+02,2.731288100965344938e+02,3.275208907736180208e+02,2.784832799356488522e+02,2.785213864804185278e+02,2.829193732572761633e+02,2.807315383457704456e+02,2.852259091853036352e+02,2.834948876346117004e+02,1.731846457951845077e+05,1.660680646826633478e+01,1.682568624891109010e+01
1.700000000000000000e+03,7.280000000000000000e+03,2.786539749457265316e+02,2.867407354973847760e+02,2.895205104206404485e+02,2.850415185400735822e+02,2.903307359683942650e+02,2.730590040350390950e+02,3.275169892285475726e+02,2.784519806673889661e+02,2.784909810395220688e+02,2.829442209050942552e+02,2.807604153906319198e+02,2.852596428424331521e+02,2.835265146119284054e+02,1.731832273860067653e+05,1.668056614294283690e+01,1.682240740424739300e+01
1.710000000000000000e+03,7.290000000000000000e+03,2.786936964226250097e+02,2.867215697581846143e+02,2.895006755730096870e+02,2.847768007589759236e+02,2.906112582899756376e+02,2.729913040498655619e+02,3.275086378356099885e+02,2.784217946464151510e+02,2.784616856923042292e+02,2.829686997112764288e+02,2.807892983129549975e+02,2.852930740307227779e+02,2.835577111686994272e+02,1.731825580726756016e+05,1.675262634467168610e+01,1.681955800691370939e+01
1.720000000000000000e+03,7.300000000000000000e+03,2.787333013304218525e+02,2.867030182496002908e+02,2.894826534255080333e+02,2.845169165449364073e+02,2.908996468517583480e+02,2.729256953738351967e+02,3.274958268195737219e+02,2.783927104864339981e+02,2.784334889798001882e+02,2.829928295770978934e+02,2.808181945706050442e+02,2.853262192175402561e+02,2.835884970392557420e+02,1.731826166156912805e+05,1.682297793690312560e+01,1.681712394906244512e+01
1.730000000000000000e+03,7.310000000000000000e+03,2.787723297223125201e+02,2.866798009907366804e+02,2.892463955077299715e+02,2.842096497062701701e+02,2.905402490721912727e+02,2.728490817498681054e+02,3.258924967261049233e+02,2.782884890793923205e+02,2.783301516472417916e+02,2.830129098061129298e+02,2.808433656888423684e+02,2.853546864439280171e+02,2.836151686447952898e+02,1.730487443247732590e+05,3.276779515694560274e+00,1.666400345810104966e+01
1.740000000000000000e+03,7.320000000000000000e+03,2.788106662817578467e+02,2.866494804199817850e+02,2.889485544825245142e+02,2.838958954518119526e+02,2.902155010686511787e+02,2.727666477466814285e+02,3.244288947267501726e+02,2.781709304870411756e+02,2.782134733513953506e+02,2.830292585522502691e+02,2.808653029717813752e+02,2.853787833132597029e+02,2.836380412126218289e+02,1.729160863479727414e+05,3.276779515694560274e+00,1.654257487806986404e+01
1.750000000000000000e+03,7.330000000000000000e+03,2.788482788292344026e+02,2.866111241235335001e+02,2.886339227582749345e+02,2.835781178346442744e+02,2.899030823109189896e+02,2.726805853024191038e+02,3.230431601487543958e+02,2.780447850191156931e+02,2.780882043622045217e+02,2.830421255312650715e+02,2.808843826796589269e+02,2.853988302275690216e+02,2.836573612928287957e+02,1.727845425750372233e+05,3.276779515694560274e+00,1.643115534681563616e+01
1.760000000000000000e+03,7.340000000000000000e+03,2.788851576208593883e+02,2.865645246848160923e+02,2.883155763155393743e+02,2.832580566026816768e+02,2.895962377784428554e+02,2.725918245937577922e+02,3.217131448728726468e+02,2.779124599565424205e+02,2.779567520372182798e+02,2.830516872150714676e+02,2.809008596611039934e+02,2.854150670442326145e+02,2.836733021157433541e+02,1.726540653653912013e+05,3.276779515694560274e+00,1.632449942229394324e+01
1.770000000000000000e+03,7.350000000000000000e+03,2.789212998251405793e+02,2.865098118152877760e+02,2.879974918071694105e+02,2.829369074040479859e+02,2.892928579758668661e+02,2.725007764132816988e+02,3.204292255489092440e+02,2.777753102940492340e+02,2.778204714204392758e+02,2.830580785776272705e+02,2.809149212083427756e+02,2.854276808327012986e+02,2.836859954304112534e+02,1.725246214057537727e+05,3.276779515694560274e+00,1.622117470403870243e+01
1.780000000000000000e+03,7.360000000000000000e+03,2.789567050163515773e+02,2.864472690203310776e+02,2.876809227108514051e+02,2.826155033672770287e+02,2.889922783967706437e+02,2.724076314284467912e+02,3.191861764220716395e+02,2.776341880823873680e+02,2.776802145362066767e+02,2.830614098678271375e+02,2.809267162208482773e+02,2.854368263047986716e+02,2.836955483169749641e+02,1.723961822974390816e+05,3.276779515694560274e+00,1.612068981192641814e+01
1.790000000000000000e+03,7.370000000000000000e+03,2.789913737080703413e+02,2.863772471259873100e+02,2.873662717446456440e+02,2.822944361909935651e+02,2.886942975028759406e+02,2.723124857005603303e+02,3.179805567655232608e+02,2.774896824623943985e+02,2.775365704110511160e+02,2.830617756035873072e+02,2.809363697349203903e+02,2.854426371258250583e+02,2.837020522017452322e+02,1.722687220217692084e+05,3.276779515694560274e+00,1.602280675603029536e+01
1.800000000000000000e+03,7.380000000000000000e+03,2.790253068350156127e+02,2.863001224729866863e+02,2.870536657261566234e+02,2.819741333760171642e+02,2.883988610103971268e+02,2.722153958199426143e+02,3.168097820455616329e+02,2.773422318853016009e+02,2.773899773278132557e+02,2.830592598394960078e+02,2.809439906454813354e+02,2.854452323880868789e+02,2.837055881310324139e+02,1.721422161583410343e+05,3.276779515694560274e+00,1.592736572095342851e+01
1.810000000000000000e+03,7.390000000000000000e+03,2.790585055622422033e+02,2.862162759625713306e+02,2.867431396671298103e+02,2.816549082160792068e+02,2.881059568251598648e+02,2.721164039278232281e+02,3.156717500507253362e+02,2.771921807796165922e+02,2.772407794994626329e+02,2.830539394499348305e+02,2.809496762203251592e+02,2.854447206065005957e+02,2.837062300583507408e+02,1.720166415862676513e+05,3.276779515694560274e+00,1.583423675769282291e+01
1.820000000000000000e+03,7.400000000000000000e+03,2.790909712155859097e+02,2.861260822693171235e+02,2.864346977426422427e+02,2.813369930740163909e+02,2.878155798951884208e+02,2.720155490994154661e+02,3.145646683193326680e+02,2.770398104295327926e+02,2.770892579637824156e+02,2.830458862435661445e+02,2.809535149520153823e+02,2.854412023437342896e+02,2.837040469617010672e+02,1.718919763328675763e+05,3.276779515694560274e+00,1.574330504817750409e+01
1.830000000000000000e+03,7.410000000000000000e+03,2.791227052579140491e+02,2.860299041026516988e+02,2.861283339347353376e+02,2.810205619697194379e+02,2.875277211978500418e+02,2.719128722741282900e+02,3.134869632281182703e+02,2.768853570773028423e+02,2.769356486984258936e+02,2.830351683427130638e+02,2.809555884428336299e+02,2.854347719801183416e+02,2.836991042224195780e+02,1.717681994737660279e+05,3.276779515694560274e+00,1.565446576121997424e+01
1.840000000000000000e+03,7.420000000000000000e+03,2.791537092835624776e+02,2.859280892969127308e+02,2.858240389705290454e+02,2.807057462183577172e+02,2.872423651731479026e+02,2.718084180403488972e+02,3.124372263846481701e+02,2.767290232735683730e+02,2.767801539818448759e+02,2.830218510859988328e+02,2.809559726911628559e+02,2.854255189315820758e+02,2.836914645323294053e+02,1.716452910546289640e+05,3.276779515694560274e+00,1.556762189610646274e+01
1.850000000000000000e+03,7.430000000000000000e+03,2.791839850187812999e+02,2.858209694179225266e+02,2.855218025515865179e+02,2.803926454365072800e+02,2.869594900266361606e+02,2.717022349079124410e+02,3.114141801100493012e+02,2.765709854372145173e+02,2.766229499491431056e+02,2.830059976146425242e+02,2.809547389837065339e+02,2.854135284927709790e+02,2.836811884800834491e+02,1.715232320241176058e+05,3.276779515694560274e+00,1.548268315289798380e+01
1.860000000000000000e+03,7.440000000000000000e+03,2.792135343226015607e+02,2.857088593464749238e+02,2.852216139654995573e+02,2.800813353962845440e+02,2.866790688764745028e+02,2.715943748604855728e+02,3.104166536981407489e+02,2.764113991279438096e+02,2.764641918802532814e+02,2.829876692575011248e+02,2.809519545267640410e+02,2.853988824288651358e+02,2.836683349358125383e+02,1.714020041742465110e+05,3.276779515694560274e+00,1.539956519843778437e+01
1.870000000000000000e+03,7.450000000000000000e+03,2.792423591884297025e+02,2.855920573399615705e+02,2.849234621665608529e+02,2.797718737138185361e+02,2.864010709987144310e+02,2.714848926727078151e+02,3.094435662573209243e+02,2.762504029012520732e+02,2.763040180488715691e+02,2.829669257765313546e+02,2.809476829075000524e+02,2.853816593898029055e+02,2.836529612991360523e+02,1.712815900862519047e+05,3.276779515694560274e+00,1.531818911120360482e+01
1.880000000000000000e+03,7.460000000000000000e+03,2.792704617444062478e+02,2.854708454948642498e+02,2.846273357215795272e+02,2.794643040171054054e+02,2.861254629349210745e+02,2.713738451159613305e+02,3.084939138319393805e+02,2.760881212059499603e+02,2.761425526227375826e+02,2.829438255267110094e+02,2.809419844308371239e+02,2.853619352130799598e+02,2.836351236591794986e+02,1.711619730810767505e+05,3.276779515694560274e+00,1.523848092034079471e+01
1.890000000000000000e+03,7.470000000000000000e+03,2.792978442528515188e+02,2.853454903621571930e+02,2.843332227387605826e+02,2.791586590389978255e+02,2.858522094020939903e+02,2.712612902295282993e+02,3.075667594369613198e+02,2.759246666234710119e+02,2.759799079053047990e+02,2.829184255559290477e+02,2.809349163832728209e+02,2.853397831455998244e+02,2.836148768906292617e+02,1.710431371739121969e+05,3.276779515694560274e+00,1.516037120593238363e+01
1.900000000000000000e+03,7.480000000000000000e+03,2.793245091078671294e+02,2.852162436584446823e+02,2.840411108201317347e+02,2.788549629341022182e+02,2.855812740025240828e+02,2.711472866767144296e+02,3.066612251576871131e+02,2.757601416322012255e+02,2.758161860996538621e+02,2.828907816743538888e+02,2.809265332395292489e+02,2.853152740105014118e+02,2.835922747322168789e+02,1.709250670321213547e+05,3.276779515694560274e+00,1.508379474362459938e+01
1.910000000000000000e+03,7.490000000000000000e+03,2.793504588331953187e+02,2.850833430373043598e+02,2.837509870419937101e+02,2.785532330381798829e+02,2.853126197750891606e+02,2.710318931936928948e+02,3.057764857526648257e+02,2.755946400207020019e+02,2.756514807296404115e+02,2.828609484959401925e+02,2.809168868343493841e+02,2.852884763412188249e+02,2.835673698190735195e+02,1.708077479366462212e+05,3.276779515694560274e+00,1.500869018520962683e+01
1.920000000000000000e+03,7.500000000000000000e+03,2.793756960781328189e+02,2.849470129007061132e+02,2.834628379598716492e+02,2.782534812084661553e+02,2.850462096017737963e+02,2.709151681448599902e+02,3.049117633802277965e+02,2.754282480349424986e+02,2.754858777726539074e+02,2.828289794678369162e+02,2.809060265107838745e+02,2.852594564891120399e+02,2.835402137162953977e+02,1.706911657459715498e+05,3.276779515694560274e+00,1.493499976858844036e+01
1.930000000000000000e+03,7.510000000000000000e+03,2.794002236136562374e+02,2.848074651444895835e+02,2.831766496313376820e+02,2.779557148631133145e+02,2.847820065151492486e+02,2.707971691656290432e+02,3.040663231872994174e+02,2.752610453178521084e+02,2.753194566083180348e+02,2.827949268929505706e+02,2.808939992502615723e+02,2.852282787163518378e+02,2.835108569390832827e+02,1.705753068630439520e+05,3.276779515694560274e+00,1.486266905468318988e+01
1.940000000000000000e+03,7.520000000000000000e+03,2.794240443277344070e+02,2.846648999091520409e+02,2.828924076480755048e+02,2.776599377888472873e+02,2.845199739193799928e+02,2.706779528860696473e+02,3.032394695593352481e+02,2.750931056879904872e+02,2.751522908011934874e+02,2.827588419465332663e+02,2.808808497880578443e+02,2.851950052761243342e+02,2.834793489694874324e+02,1.704601582043531234e+05,3.276779515694560274e+00,1.479164668722059872e+01
1.950000000000000000e+03,7.530000000000000000e+03,2.794471612199922674e+02,2.845195062916686766e+02,2.826100971762545555e+02,2.773661507757670961e+02,2.842600757478712126e+02,2.705575747195523491e+02,3.024305429034702684e+02,2.749244977906655549e+02,2.749844487468674856e+02,2.827207746923811555e+02,2.808666207269845927e+02,2.851596964862463324e+02,2.834457382711624405e+02,1.703457071712927427e+05,3.276779515694560274e+00,1.472188417301209995e+01
1.960000000000000000e+03,7.540000000000000000e+03,2.794695773971562289e+02,2.843714630179671303e+02,2.823297030041312610e+02,2.770743521209897153e+02,2.840022765751127736e+02,2.704360887090024335e+02,3.016389168528372124e+02,2.747552856444788176e+02,2.748159942161605045e+02,2.826807740963681113e+02,2.808513526365546795e+02,2.851224107979195423e+02,2.834100723023248065e+02,1.702319416236428078e+05,3.276779515694560274e+00,1.465333568081812210e+01
1.970000000000000000e+03,7.550000000000000000e+03,2.794912960668359005e+02,2.842209390725546996e+02,2.820512095839058588e+02,2.767845380307920777e+02,2.837465416882345153e+02,2.703135474179372864e+02,3.008639958134873496e+02,2.745855291059999104e+02,2.746469868256962172e+02,2.826388880422144894e+02,2.808350841510193732e+02,2.850832048595235619e+02,2.833723975295060882e+02,1.701188498546568153e+05,3.276779515694560274e+00,1.458595785697802683e+01
1.980000000000000000e+03,7.560000000000000000e+03,2.795123205324374567e+02,2.840680942915459468e+02,2.817746010796485052e+02,2.764967029464736470e+02,2.834928371350429757e+02,2.701900018580042229e+02,3.001052127947432950e+02,2.744152842649326089e+02,2.744774824311161865e+02,2.825951633461659185e+02,2.808178520605607673e+02,2.850421335767767914e+02,2.833327594421010076e+02,1.700064205680678715e+05,3.276779515694560274e+00,1.451970965604929376e+01
1.990000000000000000e+03,7.570000000000000000e+03,2.795326541877812474e+02,2.839130799162415428e+02,2.814998614095657672e+02,2.762108398074729507e+02,2.832411297515357091e+02,2.700655014462046779e+02,2.993620274748238330e+02,2.742446037844360376e+02,2.743075334695685683e+02,2.825496457736686580e+02,2.807996914001655568e+02,2.849992501708412078e+02,2.832912025661901794e+02,1.698946428565567185e+05,3.276779515694560274e+00,1.445455218512534046e+01
2.000000000000000000e+03,7.580000000000000000e+03,2.795523005112265764e+02,2.837560391147613927e+02,2.812269742882306218e+02,2.759269402702909701e+02,2.829913871707855151e+02,2.699400939850548298e+02,2.986339244613633923e+02,2.740735372003909447e+02,2.741371892471944989e+02,2.825023800554460536e+02,2.807806355340617301e+02,2.849546062382875675e+02,2.832477704810257251e+02,1.697835061816233792e+05,3.276779515694560274e+00,1.439044856040118603e+01
2.010000000000000000e+03,7.590000000000000000e+03,2.795712630607265510e+02,2.835971074333369302e+02,2.809559232650357785e+02,2.756449948881673322e+02,2.827435778258468417e+02,2.698138256614550983e+02,2.979204117247518298e+02,2.739021311743018714e+02,2.739664962156414845e+02,2.824534099054025660e+02,2.807607162369280900e+02,2.849082518000105324e+02,2.832025058328325713e+02,1.696730003548540408e+05,3.276779515694560274e+00,1.432736377565611896e+01
2.020000000000000000e+03,7.600000000000000000e+03,2.795895454679452996e+02,2.834364132888782706e+02,2.806866917597438942e+02,2.753649932618198477e+02,2.824976709408703641e+02,2.696867410586111191e+02,2.972210191689151202e+02,2.737304297230005545e+02,2.737954981763530782e+02,2.824027780387428379e+02,2.807399637661973202e+02,2.848602353580625959e+02,2.831554503536407310e+02,1.695631155203099479e+05,3.276779515694560274e+00,1.426526458000215669e+01
2.030000000000000000e+03,7.610000000000000000e+03,2.796071514336328505e+02,2.832740783479730453e+02,2.804192630980511467e+02,2.750869241680177311e+02,2.822536365206919413e+02,2.695588831795291185e+02,2.965352973307462889e+02,2.735584744125850420e+02,2.736242364910435185e+02,2.823505261907192789e+02,2.807184069480563835e+02,2.848106039453800804e+02,2.831066448767591055e+02,1.694538421381901135e+05,3.276779515694560274e+00,1.420411936569273514e+01
2.040000000000000000e+03,7.620000000000000000e+03,2.796240847220936985e+02,2.831102179388437889e+02,2.801536205389015777e+02,2.748107756670203230e+02,2.820114453329053390e+02,2.694302934776964094e+02,2.958628161876202967e+02,2.733863045393508173e+02,2.734527502561487609e+02,2.822966951341982167e+02,2.806960732350966623e+02,2.847594031754158550e+02,2.830561293547312971e+02,1.693451709693017474e+05,3.276779515694560274e+00,1.414389806432756203e+01
2.050000000000000000e+03,7.630000000000000000e+03,2.796403491567031665e+02,2.829449414059052970e+02,2.798897473034262475e+02,2.745365351970350503e+02,2.817710688879088821e+02,2.693010118948763534e+02,2.952031640563726000e+02,2.732139572861444776e+02,2.732810764611588183e+02,2.822413247025510259e+02,2.806729887816724727e+02,2.847066772901818013e+02,2.830039428763868727e+02,1.692370930607723421e+05,3.276779515694560274e+00,1.408457205071051987e+01
2.060000000000000000e+03,7.640000000000000000e+03,2.796559486152655722e+02,2.827783524386064755e+02,2.796276266012315546e+02,2.742641896550027241e+02,2.815324794205873786e+02,2.691710769014684956e+02,2.945559465801247825e+02,2.730414678652523435e+02,2.731092501303780296e+02,2.821844538061722005e+02,2.806491785077367354e+02,2.846524692074382870e+02,2.829501236837289184e+02,1.691295997324211057e+05,3.276779515694560274e+00,1.402611405399402855e+01
2.070000000000000000e+03,7.650000000000000000e+03,2.796708870249609618e+02,2.826105494093164339e+02,2.793672416498186521e+02,2.739937254669259801e+02,2.812956498660524858e+02,2.690405255411845928e+02,2.939207857870293878e+02,2.728688696445110509e+02,2.729373044506260158e+02,2.821261204531388671e+02,2.806246661554686170e+02,2.845968205654914982e+02,2.828947091937214964e+02,1.690226825640317984e+05,3.276779515694560274e+00,1.396849807517604702e+01
2.080000000000000000e+03,7.660000000000000000e+03,2.796851683472890500e+02,2.824416258706078224e+02,2.791085757000685135e+02,2.737251286492927420e+02,2.810605538439145903e+02,2.689093934756675139e+02,2.932973192216628036e+02,2.726961942699988981e+02,2.727652708886672599e+02,2.820663617786736950e+02,2.805994741780291406e+02,2.845397717649480001e+02,2.828377360135186791e+02,1.689163333834720543e+05,3.276779515694560274e+00,1.391169931110871438e+01
2.090000000000000000e+03,7.670000000000000000e+03,2.796987966122421767e+02,2.822716699070605273e+02,2.788516120496041140e+02,2.734583848674267301e+02,2.808271656267860976e+02,2.687777150331761504e+02,2.926851991280798302e+02,2.725234717534294759e+02,2.725931792930387019e+02,2.820052140247968282e+02,2.805736245254947789e+02,2.844813620031836763e+02,2.827792399515344073e+02,1.688105442553168396e+05,3.276779515694560274e+00,1.385569408274056613e+01
2.100000000000000000e+03,7.680000000000000000e+03,2.797117758674999664e+02,2.821007658407848453e+02,2.785963340618063739e+02,2.731934794799360589e+02,2.805954601272383115e+02,2.686455232540060933e+02,2.920840916923394843e+02,2.723507305895424793e+02,2.724210579939178842e+02,2.819427126170228348e+02,2.805471375649395895e+02,2.844216293324222988e+02,2.827192560443067464e+02,1.687053074704388564e+05,3.276779515694560274e+00,1.380045976981883626e+01
2.110000000000000000e+03,7.690000000000000000e+03,2.797241101965234407e+02,2.819289934942588047e+02,2.783427251763225740e+02,2.729303975853562179e+02,2.803654128686195008e+02,2.685128499360995988e+02,2.914936763349655848e+02,2.721779978369416995e+02,2.722489338912487256e+02,2.818788921505221765e+02,2.805200329089657316e+02,2.843606106877890625e+02,2.826578185710274056e+02,1.686006155359027325e+05,3.276779515694560274e+00,1.374597474933525376e+01
2.120000000000000000e+03,7.700000000000000000e+03,2.797358037136015696e+02,2.817564286383505987e+02,2.780907689266339844e+02,2.726691240584536899e+02,2.801369999741730226e+02,2.683797256831455798e+02,2.909136450498326667e+02,2.720052991981310697e+02,2.720768325358219499e+02,2.818137864127627381e+02,2.804923292658704668e+02,2.842983419265103180e+02,2.825949610743587073e+02,1.684964611655976623e+05,3.276779515694560274e+00,1.369221833864138915e+01
2.130000000000000000e+03,7.710000000000000000e+03,2.797468605589140793e+02,2.815831432261758209e+02,2.778404489536030724e+02,2.724096435902987992e+02,2.799101981388605509e+02,2.682461799494378738e+02,2.903437017804878337e+02,2.718326590965468768e+02,2.719047782055367293e+02,2.817474284049513926e+02,2.804640444818769538e+02,2.842348578624373658e+02,2.825307163673929836e+02,1.683928372713447025e+05,3.276779515694560274e+00,1.363917074225492243e+01
2.140000000000000000e+03,7.720000000000000000e+03,2.797572848960156193e+02,2.814092055982471265e+02,2.775917490074185707e+02,2.721519407155140584e+02,2.796849846158436321e+02,2.681122410828131137e+02,2.897835618364880474e+02,2.716601007453987222e+02,2.717327939746843981e+02,2.816798503603594099e+02,2.804351955908667833e+02,2.841701923028484771e+02,2.824651165589814354e+02,1.682897369545783440e+05,3.276779515694560274e+00,1.358681300227067190e+01
2.150000000000000000e+03,7.730000000000000000e+03,2.797670809090234343e+02,2.812346806685781075e+02,2.773446529644107841e+02,2.718959998432378597e+02,2.794613371888647180e+02,2.679779363686560032e+02,2.892329513473812881e+02,2.714876462148220071e+02,2.715609017752406089e+02,2.816110837618855385e+02,2.804057988494985239e+02,2.841043780823147245e+02,2.823981930675430476e+02,1.681871534984127502e+05,3.276779515694560274e+00,1.353512695195676407e+01
2.160000000000000000e+03,7.740000000000000000e+03,2.797762527985234442e+02,2.810596300353854531e+02,2.770991448301934952e+02,2.716418052838721451e+02,2.792392341656033068e+02,2.678432920706089249e+02,2.886916067426848258e+02,2.713153165121336770e+02,2.713891224696306494e+02,2.815411593591549035e+02,2.803758697816784888e+02,2.840374470938838272e+02,2.823299766349103948e+02,1.680850803600677173e+05,3.276779515694560274e+00,1.348409517362117072e+01
2.170000000000000000e+03,7.750000000000000000e+03,2.797848047785156496e+02,2.808841123670383695e+02,2.768552087467859337e+02,2.713893412717596902e+02,2.790186543546221856e+02,2.677083334709075189e+02,2.881592742681764321e+02,2.711431315461051099e+02,2.712174758914659378e+02,2.814701071938781070e+02,2.803454232117537686e+02,2.839694303231442518e+02,2.822604973468144749e+02,1.679835111640137329e+05,3.276779515694560274e+00,1.343370095552108090e+01
2.180000000000000000e+03,7.760000000000000000e+03,2.797927410752187711e+02,2.807081832479564127e+02,2.766128289994251759e+02,2.711385919876915978e+02,2.787995770475651511e+02,2.675730849089875392e+02,2.876357095291065775e+02,2.709711103247118444e+02,2.710459809064769843e+02,2.813979566039693623e+02,2.803144733046718784e+02,2.839003578758405979e+02,2.821897846467649629e+02,1.678824396949843212e+05,3.276779515694560274e+00,1.338392825762057825e+01
2.190000000000000000e+03,7.770000000000000000e+03,2.798000659244687540e+02,2.805318955379625550e+02,2.763719900231151883e+02,2.708895415782822056e+02,2.785819820062890813e+02,2.674375698186019576e+02,2.871206770534979000e+02,2.707992709058349874e+02,2.708746554619019093e+02,2.813247362487281862e+02,2.802830335949942082e+02,2.838302590080507457e+02,2.821178673421104577e+02,1.677818598918452044e+05,3.276779515694560274e+00,1.333476167436140258e+01
2.200000000000000000e+03,7.780000000000000000e+03,2.798067835682812188e+02,2.803552994503987748e+02,2.761326764040132957e+02,2.706421741745534177e+02,2.783658494456574317e+02,2.673018107636737568e+02,2.866139498876618745e+02,2.706276304677650160e+02,2.707035166308756402e+02,2.812504741243591297e+02,2.802511170213457490e+02,2.837591621505628154e+02,2.820447736363493050e+02,1.676817658414707985e+05,3.276779515694560274e+00,1.328618640187708166e+01
2.210000000000000000e+03,7.790000000000000000e+03,2.798128982535468481e+02,2.801784426847874556e+02,2.758948728837654016e+02,2.703964739081035873e+02,2.781511600195601090e+02,2.671658294722869869e+02,2.861153092122783050e+02,2.704562053534909296e+02,2.705325806568688449e+02,2.811751975792760163e+02,2.802187359561324342e+02,2.836870949453438016e+02,2.819705311271636674e+02,1.675821517730815685e+05,3.276779515694560274e+00,1.323818820709669453e+01
2.220000000000000000e+03,7.800000000000000000e+03,2.798184142293047216e+02,2.800013705561706274e+02,2.756585643650049064e+02,2.701524249267826576e+02,2.779378948069460762e+02,2.670296468699408479e+02,2.856245439722688388e+02,2.702850111116388234e+02,2.703618629944033387e+02,2.810989333264184324e+02,2.801859022345852281e+02,2.836140842610715254e+02,2.818951668326191111e+02,1.674830120528166299e+05,3.276779515694560274e+00,1.319075339863943874e+01
2.230000000000000000e+03,7.810000000000000000e+03,2.798233357452577934e+02,2.798241261107763194e+02,2.754237359095483271e+02,2.699100114061184286e+02,2.777260352991697800e+02,2.668932831106309322e+02,2.851414505330956217e+02,2.701140625347741206e+02,2.701913783477097013e+02,2.810217074723463497e+02,2.801526271817382394e+02,2.835401562235686015e+02,2.818187071956917862e+02,1.673843411785569624e+05,3.276779515694560274e+00,1.314386879947506159e+01
2.240000000000000000e+03,7.820000000000000000e+03,2.798276670496405814e+02,2.796467502460726564e+02,2.751903727426720252e+02,2.696692175659281929e+02,2.775155633841526424e+02,2.667567576076364730e+02,2.846658323550317391e+02,2.699433736968919106e+02,2.700211407070696623e+02,2.809435455154609826e+02,2.801189216385613463e+02,2.834653362375908046e+02,2.817411781018142847e+02,1.672861337751142564e+05,3.276779515694560274e+00,1.309752172141010007e+01
2.250000000000000000e+03,7.830000000000000000e+03,2.798314123872187338e+02,2.794692818005748904e+02,2.749584602558297206e+02,2.694300276788756037e+02,2.773064613379270895e+02,2.666200890617785717e+02,2.841974996865686762e+02,2.697729579844135515e+02,2.698511633836986903e+02,2.808644723668117535e+02,2.800847959838322367e+02,2.833896490123493663e+02,2.816626048920518883e+02,1.671883845894721453e+05,3.276779515694560274e+00,1.305169994105058962e+01
2.260000000000000000e+03,7.840000000000000000e+03,2.798345759987890915e+02,2.792917576698620223e+02,2.747279840062635117e+02,2.691924260795723285e+02,2.770987118021679976e+02,2.664832954896236288e+02,2.837362692633961956e+02,2.696028281356182106e+02,2.696814590391599609e+02,2.807845123673994294e+02,2.800502601701188610e+02,2.833131185830375216e+02,2.815830123745410560e+02,1.670910884865113185e+05,3.276779515694560274e+00,1.300639167680541242e+01
2.270000000000000000e+03,7.850000000000000000e+03,2.798371621179921931e+02,2.791142128751259861e+02,2.744989297121866798e+02,2.689563971783901479e+02,2.768922978054209239e+02,2.663463942495168340e+02,2.832819640372440517e+02,2.694329962625364487e+02,2.695120397189326695e+02,2.807036892989327725e+02,2.800153237223930205e+02,2.832357683314803012e+02,2.815024248393792163e+02,1.669942404446236906e+05,3.276779515694560274e+00,1.296158556841280785e+01
2.280000000000000000e+03,7.860000000000000000e+03,2.798391749715156607e+02,2.789366806846377358e+02,2.742712832617693834e+02,2.687219254663108359e+02,2.766872027120174380e+02,2.662094020673127943e+02,2.828344129110844278e+02,2.692634738832505832e+02,2.693429168806081293e+02,2.806220263993415642e+02,2.799799957779081296e+02,2.831576210078091549e+02,2.814208660684420238e+02,1.668978355518727622e+05,3.276779515694560274e+00,1.291727065605413216e+01
2.290000000000000000e+03,7.870000000000000000e+03,2.798406187761796673e+02,2.787591926874563910e+02,2.740450307215953671e+02,2.684889955248042952e+02,2.764834102099019901e+02,2.660723350603071253e+02,2.823934504793711540e+02,2.690942719591679406e+02,2.691741014230775022e+02,2.805395463757207040e+02,2.799442850901921247e+02,2.830786987511052644e+02,2.813383593483163168e+02,1.668018690020617505e+05,3.276779515694560274e+00,1.287343636136905012e+01
2.300000000000000000e+03,7.880000000000000000e+03,2.798414977390859235e+02,2.785817786427519422e+02,2.738201583552555576e+02,2.682575920496988147e+02,2.762809043445533916e+02,2.659352087610729996e+02,2.819589168378860222e+02,2.689254009026913650e+02,2.690056037122662929e+02,2.804562714144516917e+02,2.799082000813368722e+02,2.829990231001117991e+02,2.812549274670694217e+02,1.667063360912231728e+05,3.276779515694560274e+00,1.283007247201906509e+01
2.310000000000000000e+03,7.890000000000000000e+03,2.798418160554531369e+02,2.784044674261565433e+02,2.735966524461983340e+02,2.680276997889498034e+02,2.760796694853466420e+02,2.657980381386200861e+02,2.815306572130859877e+02,2.687568706106619061e+02,2.688374335995773663e+02,2.803722232008670403e+02,2.798717488166973908e+02,2.829186150380677418e+02,2.811705927784334449e+02,1.666112322138320305e+05,3.276779515694560274e+00,1.278716911877979001e+01
2.320000000000000000e+03,7.900000000000000000e+03,2.798415779084375004e+02,2.782272858203609758e+02,2.733744996180325302e+02,2.677993036435839826e+02,2.758796902807622473e+02,2.656608376208320124e+02,2.811085219527489585e+02,2.685886904985623573e+02,2.686696004441122909e+02,2.802874229237230566e+02,2.798349390470970093e+02,2.828374949758024286e+02,2.810853771402560142e+02,1.665165528599580284e+05,3.276779515694560274e+00,1.274471676644666474e+01
2.330000000000000000e+03,7.910000000000000000e+03,2.798407874659218919e+02,2.780502594453658958e+02,2.731536865790288289e+02,2.675723886192034229e+02,2.756809517145715063e+02,2.655236211138247882e+02,2.806923661864487940e+02,2.684208695013803663e+02,2.685021131481400971e+02,2.802018912946438149e+02,2.797977782192959921e+02,2.827556827918979252e+02,2.809993019667721228e+02,1.664222936117019854e+05,3.276779515694560274e+00,1.270270619615446428e+01
2.340000000000000000e+03,7.920000000000000000e+03,2.798394488844453463e+02,2.778734125814472691e+02,2.729342002172172670e+02,2.673469398385334443e+02,2.754834390529760526e+02,2.653864020221802775e+02,2.802820496647712503e+02,2.682534161127681500e+02,2.683349801700552462e+02,2.801156485481136542e+02,2.797602734851025161e+02,2.826731978413373554e+02,2.809123882326439343e+02,1.663284501405388000e+05,3.276779515694560274e+00,1.266112849116160177e+01
2.350000000000000000e+03,7.930000000000000000e+03,2.798375663029765406e+02,2.776967682710892404e+02,2.727160275741332498e+02,2.671229425467885221e+02,2.752871378544001004e+02,2.652491932673376027e+02,2.798774365710124812e+02,2.680863383924394157e+02,2.681682095405586779e+02,2.800287144673709463e+02,2.797224317262729869e+02,2.825900589735239805e+02,2.808246564819764899e+02,1.662350182040389627e+05,3.276779515694560274e+00,1.261997502330318532e+01
2.360000000000000000e+03,7.940000000000000000e+03,2.798351438446874795e+02,2.775203483376029112e+02,2.724991558610560105e+02,2.669003821169152388e+02,2.750920339449563130e+02,2.651120073062432994e+02,2.794783953515234316e+02,2.679196439947156705e+02,2.680018088874536488e+02,2.799411083854261051e+02,2.796842595607336079e+02,2.825062845476799680e+02,2.807361268378606383e+02,1.661419936433592229e+05,3.276779515694560274e+00,1.257923744062995830e+01
2.370000000000000000e+03,7.950000000000000000e+03,2.798321856145000197e+02,2.773441735017288465e+02,2.722835724372355912e+02,2.666792440457245448e+02,2.748981134313826828e+02,2.649748561444566803e+02,2.790847985382182515e+02,2.677533401795063810e+02,2.678357854502879718e+02,2.798528492017350118e+02,2.796457633628841108e+02,2.824218924477937662e+02,2.806468190121430553e+02,1.660493723804979818e+05,3.276779515694560274e+00,1.253890765511897243e+01
2.380000000000000000e+03,7.960000000000000000e+03,2.798286957013515348e+02,2.771682633533212652e+02,2.720692648323300773e+02,2.664595139685521872e+02,2.747053626738965022e+02,2.648377513590172043e+02,2.786965226016404245e+02,2.675874338335493121e+02,2.676701460974335873e+02,2.797639553877571643e+02,2.796069492650416350e+02,2.823369000971015339e+02,2.805567523146287385e+02,1.659571504158545285e+05,3.276779515694560274e+00,1.249897783175818589e+01
2.390000000000000000e+03,7.970000000000000000e+03,2.798246781755702841e+02,2.769926364587038279e+02,2.718562207305883476e+02,2.662411776532935619e+02,2.745137682926244906e+02,2.647007041099010962e+02,2.783134477811919396e+02,2.674219314842092103e+02,2.675048973464736832e+02,2.796744450002263420e+02,2.795678231757195817e+02,2.822513244717268890e+02,2.804659456622933931e+02,1.658653238257224439e+05,3.276779515694560274e+00,1.245944037746835065e+01
2.400000000000000000e+03,7.980000000000000000e+03,2.798201370869062430e+02,2.768173103979072494e+02,2.716444279676820202e+02,2.660242210048158427e+02,2.743233171592822828e+02,2.645637251561504399e+02,2.779354579554122893e+02,2.672568393169796082e+02,2.673400453725787429e+02,2.795843356908480928e+02,2.795283907889249235e+02,2.821651821148127510e+02,2.803744175881874980e+02,1.657738887600089074e+05,3.276779515694560274e+00,1.242028793115744811e+01
2.410000000000000000e+03,7.990000000000000000e+03,2.798150764675937694e+02,2.766423017925599197e+02,2.714338745373248685e+02,2.658086300670085507e+02,2.741339963755797271e+02,2.644268248703627933e+02,2.775624404997214469e+02,2.670921631908682343e+02,2.671755960281494140e+02,2.794936447151674201e+02,2.794886576037208101e+02,2.820784891482336434e+02,2.802821862496948597e+02,1.656828414400607580e+05,3.276779515694560274e+00,1.238151335382209695e+01
2.420000000000000000e+03,8.000000000000000000e+03,2.798095003286015299e+02,2.764676263812015122e+02,2.712245485780317722e+02,2.655943910232606413e+02,2.739457932960659718e+02,2.642900132512860409e+02,2.771942861467580315e+02,2.669279086472893709e+02,2.670115548549703703e+02,2.794023889428567031e+02,2.794486289156631074e+02,2.819912612868956785e+02,2.801892694378644819e+02,1.655921781564010307e+05,3.276779515694560274e+00,1.234310971959431669e+01
2.430000000000000000e+03,8.010000000000000000e+03,2.798034126613672470e+02,2.762932990483971594e+02,2.710164383817012208e+02,2.653814901977735872e+02,2.737586954912210331e+02,2.641532999404165025e+02,2.768308888632236062e+02,2.667640809297020041e+02,2.668479270984659593e+02,2.793105848681777843e+02,2.794083098397170488e+02,2.819035138494209036e+02,2.800956845842296161e+02,1.655018952668530401e+05,3.276779515694560274e+00,1.230507030676321278e+01
2.440000000000000000e+03,8.020000000000000000e+03,2.797968174355312385e+02,2.761193338071933567e+02,2.708095323986598260e+02,2.651699140614104522e+02,2.735726907587693404e+02,2.640166942309749629e+02,2.764721457394123831e+02,2.666006849929780174e+02,2.666847177200631904e+02,2.792182486136840112e+02,2.793677053150129268e+02,2.818152617702402836e+02,2.800014487700190102e+02,1.654119891944151022e+05,3.276779515694560274e+00,1.226738858996623094e+01
2.450000000000000000e+03,8.030000000000000000e+03,2.797897186008671611e+02,2.759457439443954740e+02,2.706038192087452217e+02,2.649596492244610317e+02,2.733877671137827292e+02,2.638802050821638545e+02,2.761179568640746425e+02,2.664377255171235674e+02,2.665219314066745255e+02,2.791253959457064866e+02,2.793268201120089316e+02,2.817265196110840861e+02,2.799065787334008064e+02,1.653224564255381702e+05,3.276779515694560274e+00,1.223005823197915731e+01
2.460000000000000000e+03,8.040000000000000000e+03,2.797821200841484597e+02,2.757725419901084365e+02,2.703992875442358468e+02,2.647506824418744031e+02,2.732039127820709723e+02,2.637438411304328838e+02,2.757682252055761865e+02,2.662752069169505944e+02,2.663595725874810682e+02,2.790320422793851094e+02,2.792856588459295608e+02,2.816373015720930653e+02,2.798110908776168344e+02,1.652332935081789619e+05,3.276779515694560274e+00,1.219307307607084567e+01
2.470000000000000000e+03,8.050000000000000000e+03,2.797740257905937256e+02,2.755997397480022642e+02,2.701959262796362964e+02,2.645430006128545983e+02,2.730211161967786211e+02,2.636076107009556608e+02,2.754228565271628781e+02,2.661131333534194141e+02,2.661976454407381425e+02,2.789382026875058500e+02,2.792442259791015431e+02,2.815476215016939250e+02,2.797150012771213596e+02,1.651444970501401694e+05,3.276779515694560274e+00,1.215642713937034358e+01
2.480000000000000000e+03,8.060000000000000000e+03,2.797654396032968975e+02,2.754273483514111263e+02,2.699937244305839386e+02,2.643365907812353726e+02,2.728393659914995624e+02,2.634715218183068259e+02,2.750817592678254186e+02,2.659515087466485284e+02,2.660361539054895275e+02,2.788438919082898337e+02,2.792025258302949737e+02,2.814574929072653049e+02,2.796183256862611870e+02,1.650560637174053409e+05,3.276779515694560274e+00,1.212011460575491917e+01
2.490000000000000000e+03,8.070000000000000000e+03,2.797563653833749981e+02,2.752553782846481454e+02,2.697926711499661678e+02,2.641314401352321966e+02,2.726586509957475073e+02,2.633355822167779934e+02,2.747448444576287443e+02,2.657903367832661843e+02,2.658751016913072931e+02,2.787491243538193544e+02,2.791605625797021730e+02,2.813669289641227351e+02,2.795210795453114656e+02,1.649679902324836003e+05,3.276779515694560274e+00,1.208412981960841570e+01
2.500000000000000000e+03,8.080000000000000000e+03,2.797468069683437193e+02,2.750838394115081655e+02,2.695927557275140316e+02,2.639275360075533854e+02,2.724789602300450042e+02,2.631997993506267335e+02,2.744120256216235134e+02,2.656296209268213033e+02,2.657144922880927993e+02,2.786539141171186884e+02,2.791183402763466574e+02,2.812759425298829683e+02,2.794232779877611392e+02,1.648802733729146130e+05,3.276779515694560274e+00,1.204846727965237818e+01
2.510000000000000000e+03,8.090000000000000000e+03,2.797367681733437621e+02,2.749127410461774161e+02,2.693939675758692829e+02,2.637248658749384731e+02,2.723002828925764902e+02,2.630641803961743221e+02,2.740832186913439728e+02,2.654693644272080633e+02,2.655543289742718116e+02,2.785582749805174672e+02,2.790758628486628368e+02,2.811845461446019954e+02,2.793249358641726872e+02,1.647929099697425263e+05,3.276779515694560274e+00,1.201312163264781852e+01
2.520000000000000000e+03,8.100000000000000000e+03,2.797262527905859315e+02,2.747420918241715526e+02,2.691962962785181617e+02,2.635234173578187438e+02,2.721226083886355696e+02,2.629287322899032233e+02,2.737583419211414366e+02,2.653095703290072152e+02,2.653946148272386267e+02,2.784622204216581167e+02,2.790331341012428652e+02,2.810927520444102470e+02,2.792260676761432592e+02,1.647058969061962562e+05,3.276779515694560274e+00,1.197808766945546211e+01
2.530000000000000000e+03,8.110000000000000000e+03,2.797152645901250025e+02,2.745718997598402211e+02,2.689997315071311732e+02,2.633231782193276445e+02,2.719459262754778592e+02,2.627934616943940114e+02,2.734373158057605906e+02,2.651502414761928890e+02,2.652353527287478414e+02,2.783657636131752042e+02,2.789901579080269585e+02,2.810005721665281726e+02,2.791266876958724765e+02,1.646192311160493409e+05,3.276779515694560274e+00,1.194336031740240855e+01
2.540000000000000000e+03,8.120000000000000000e+03,2.797038073172499821e+02,2.744021729326595391e+02,2.688042630748727788e+02,2.631241363616773015e+02,2.717702262918960514e+02,2.626583750359309306e+02,2.731200630012180000e+02,2.649913805327852856e+02,2.650765453756053489e+02,2.782689174617846675e+02,2.789469374911637942e+02,2.809080181780863086e+02,2.790268099227102425e+02,1.645329095826902194e+05,3.276779515694560274e+00,1.190893463665102736e+01
2.550000000000000000e+03,8.130000000000000000e+03,2.796918846928593894e+02,2.742329182932411982e+02,2.686098809461897190e+02,2.629262798465750848e+02,2.715954983442560433e+02,2.625234785046484944e+02,2.728065082679667057e+02,2.648329899772606950e+02,2.649181952902970920e+02,2.781716945687303451e+02,2.789034765135239695e+02,2.808151014527039706e+02,2.789264479722052101e+02,1.644469293375359266e+05,3.276779515694560274e+00,1.187480581592756934e+01
2.560000000000000000e+03,8.140000000000000000e+03,2.796795004149687998e+02,2.740641425443658932e+02,2.684165751734117862e+02,2.627295968531144581e+02,2.714217325047807776e+02,2.623887780632019258e+02,2.724965783645764077e+02,2.646750721131896853e+02,2.647603048189824904e+02,2.780741072640629454e+02,2.788597783634606913e+02,2.807218330952862289e+02,2.788256153387153518e+02,1.643612874588364211e+05,3.276779515694560274e+00,1.184096916601959038e+01
2.570000000000000000e+03,8.150000000000000000e+03,2.796666581584765936e+02,2.738958519465052177e+02,2.682243359529753093e+02,2.625340757119305977e+02,2.712489190062299258e+02,2.622542794539726856e+02,2.721902020097361401e+02,2.645176290775674488e+02,2.646028761445109012e+02,2.779761676079623385e+02,2.788158463325503362e+02,2.806282239482331988e+02,2.787243251742808070e+02,1.642759810705721902e+05,3.276779515694560274e+00,1.180742011678028369e+01
2.580000000000000000e+03,8.160000000000000000e+03,2.796533615745624957e+02,2.737280523382773367e+02,2.680331535990692373e+02,2.623397048924168757e+02,2.710770482375735355e+02,2.621199882054903583e+02,2.718873098064827900e+02,2.643606628473484648e+02,2.644459112924330384e+02,2.778778873980951403e+02,2.787716836219910874e+02,2.805342845983058737e+02,2.786225903808846738e+02,1.641910073412959464e+05,3.276779515694560274e+00,1.177415421260769435e+01
2.590000000000000000e+03,8.170000000000000000e+03,2.796396142908515685e+02,2.735607491587705340e+02,2.678430185444748304e+02,2.621464730022104277e+02,2.709061107418948495e+02,2.619859096428285739e+02,2.715878341766925814e+02,2.642041752455153869e+02,2.642894121370760558e+02,2.777792781708929510e+02,2.787272933475949230e+02,2.804400253820045918e+02,2.785204236091094572e+02,1.641063634830067167e+05,3.276779515694560274e+00,1.174116710841170885e+01
2.600000000000000000e+03,8.180000000000000000e+03,2.796254199110780974e+02,2.733939474244677967e+02,2.676539213472805727e+02,2.619543687862636716e+02,2.707360972136414716e+02,2.618520488901831413e+02,2.712917093109260804e+02,2.640481679476718000e+02,2.641333804075936200e+02,2.776803512121562107e+02,2.786826785428443713e+02,2.803454563940914568e+02,2.784178372623192672e+02,1.640220467500998348e+05,3.276779515694560274e+00,1.170845456596073575e+01
2.610000000000000000e+03,8.190000000000000000e+03,2.796107820153594048e+02,2.732276518169518340e+02,2.674658526738389810e+02,2.617633811260363927e+02,2.705669984916673911e+02,2.617184108796940905e+02,2.709988710980564974e+02,2.638926424879882688e+02,2.639778176935956253e+02,2.775811175618154039e+02,2.786378421635848781e+02,2.802505874932018060e+02,2.783148434992684201e+02,1.639380544383008382e+05,3.276779515694560274e+00,1.167601244988388132e+01
2.620000000000000000e+03,8.200000000000000000e+03,2.795957041598281307e+02,2.730618665908785943e+02,2.672788032682556718e+02,2.615734989956575305e+02,2.703988055659756355e+02,2.615850003717852132e+02,2.707092570394139557e+02,2.637376002637731744e+02,2.638227254420023655e+02,2.774815880184891626e+02,2.785927870905001100e+02,2.801554283058429746e+02,2.782114544741097575e+02,1.638543838835399365e+05,3.276779515694560274e+00,1.164383672267046954e+01
2.630000000000000000e+03,8.210000000000000000e+03,2.795801898771328524e+02,2.728965958959436762e+02,2.670927641044010556e+02,2.613847116248851989e+02,2.702315095450313152e+02,2.614518219023038910e+02,2.704228063378682236e+02,2.635830425415177842e+02,2.636681049957093137e+02,2.773817731454590785e+02,2.785475161349930886e+02,2.800599882427492844e+02,2.781076814036991891e+02,1.637710324616444996e+05,3.276779515694560274e+00,1.161192344726399028e+01
2.640000000000000000e+03,8.220000000000000000e+03,2.795642426759218893e+02,2.727318432747399584e+02,2.669077261462464321e+02,2.611970082590851234e+02,2.700651016938600151e+02,2.613188798782490494e+02,2.701394596371147827e+02,2.634289704627759647e+02,2.635139575514738794e+02,2.772816832761316164e+02,2.785020320393372231e+02,2.799642764935902051e+02,2.780035360114215450e+02,1.636879975864119479e+05,3.276779515694560274e+00,1.158026877599104409e+01
2.650000000000000000e+03,8.230000000000000000e+03,2.795478660416015373e+02,2.725676121185696843e+02,2.667236805022998283e+02,2.610103783095084964e+02,2.698995734002324980e+02,2.611861785230262285e+02,2.698591591036379214e+02,2.632753850478364939e+02,2.633602841931871126e+02,2.771813285189383578e+02,2.784563374806837714e+02,2.798683020326809583e+02,2.778990295468701675e+02,1.636052767093961302e+05,3.276779515694560274e+00,1.154886895133386915e+01
2.660000000000000000e+03,8.240000000000000000e+03,2.795310634353593855e+02,2.724039054635253478e+02,2.665406184034814032e+02,2.608248113201483420e+02,2.697349161911764099e+02,2.610537218966463229e+02,2.695818483560258301e+02,2.631222872009985849e+02,2.632070858905283899e+02,2.770807187621438175e+02,2.784104350736064362e+02,2.797720736311737824e+02,2.777941730316887856e+02,1.635228673187875538e+05,3.276779515694560274e+00,1.151772030313119899e+01
2.670000000000000000e+03,8.250000000000000000e+03,2.795138382952578695e+02,2.722407261193818613e+02,2.663585311720948994e+02,2.606402969588712608e+02,2.695711217177336607e+02,2.609215139011812994e+02,2.693074724094874455e+02,2.629696777150730327e+02,2.630543635045128212e+02,2.769798636792147022e+02,2.783643273737319532e+02,2.796755998606486173e+02,2.776889772824422948e+02,1.634407669387182686e+05,3.276779515694560274e+00,1.148681924503518026e+01
2.680000000000000000e+03,8.260000000000000000e+03,2.794961940355078127e+02,2.720780766650817100e+02,2.661774102234088559e+02,2.604568250105833727e+02,2.694081817557679415e+02,2.607895582860292620e+02,2.690359776260494300e+02,2.628175572757709801e+02,2.629021177909224889e+02,2.768787727364922375e+02,2.783180169116805018e+02,2.795788890983877764e+02,2.775834528965276604e+02,1.633589731282819412e+05,3.276779515694560274e+00,1.145616227147385580e+01
2.690000000000000000e+03,8.270000000000000000e+03,2.794781340472031843e+02,2.719159592231094393e+02,2.659972471409690797e+02,2.602743854362836373e+02,2.692460882024839179e+02,2.606578586500947949e+02,2.687673117268341798e+02,2.626659264648761223e+02,2.627503494045603816e+02,2.767774551877563454e+02,2.782715060593761223e+02,2.794819495267503839e+02,2.774776102698612021e+02,1.632774834809708991e+05,3.276779515694560274e+00,1.142574595764969558e+01
2.700000000000000000e+03,8.280000000000000000e+03,2.794596616977343615e+02,2.717543758708427504e+02,2.658180335381363193e+02,2.600929682694701910e+02,2.690848330782945368e+02,2.605264184552513029e+02,2.685014236636968690e+02,2.625147857665551783e+02,2.625990589027184683e+02,2.766759200900029327e+02,2.782247972500143760e+02,2.793847891466309648e+02,2.773714595997747665e+02,1.631962956236471655e+05,3.276779515694560274e+00,1.139556695333290648e+01
2.710000000000000000e+03,8.290000000000000000e+03,2.794407803313594059e+02,2.715933284232422125e+02,2.656397611463880821e+02,2.599125636819491092e+02,2.689244085156625488e+02,2.603952410193119249e+02,2.682382636343895683e+02,2.623641355697731115e+02,2.624482467491860689e+02,2.765741763037311785e+02,2.781778928242838447e+02,2.792874157785319085e+02,2.772650108933206639e+02,1.631154072159812786e+05,3.276779515694560274e+00,1.136562198210652141e+01
2.720000000000000000e+03,8.300000000000000000e+03,2.794214932689218926e+02,2.714328184502575141e+02,2.654624218027834104e+02,2.597331619681390293e+02,2.687648067653490784e+02,2.602643295272684441e+02,2.679777830380614319e+02,2.622139761716538260e+02,2.622979133183423528e+02,2.764722325011196062e+02,2.781307950751475460e+02,2.791898370667241807e+02,2.771582739510464535e+02,1.630348159496769076e+05,3.276779515694560274e+00,1.133590783931938972e+01
2.730000000000000000e+03,8.310000000000000000e+03,2.794018038085077933e+02,2.712728473221289391e+02,2.652860074385381495e+02,2.595547535429956270e+02,2.686060201895641057e+02,2.601336870341267513e+02,2.677199344348626937e+02,2.620643077815878996e+02,2.621480588981268625e+02,2.763700971597045850e+02,2.780835062498540537e+02,2.790920604843507817e+02,2.770512583908869146e+02,1.629545195478278911e+05,3.276779515694560274e+00,1.130642138962578969e+01
2.740000000000000000e+03,8.320000000000000000e+03,2.793817152246796809e+02,2.711134162015752054e+02,2.651105100775509982e+02,2.593773289405519336e+02,2.684480412583837392e+02,2.600033164688744023e+02,2.674646715103848464e+02,2.619151305245177355e+02,2.619986836928233060e+02,2.762677785746423069e+02,2.780360285517909347e+02,2.789940933371398728e+02,2.769439736617724179e+02,1.628745157641588594e+05,3.276779515694560274e+00,1.127715956475318038e+01
2.750000000000000000e+03,8.330000000000000000e+03,2.793612307697266033e+02,2.709545260633249200e+02,2.649359218432699663e+02,2.592008788121669909e+02,2.682908625536131240e+02,2.598732206385863037e+02,2.672119490455764890e+02,2.617664444437077123e+02,2.618497878283671980e+02,2.761652848688800077e+02,2.779883641416111004e+02,2.788959427690223833e+02,2.768364289989047506e+02,1.627948023824896663e+05,3.276779515694560274e+00,1.124811936173055216e+01
2.760000000000000000e+03,8.340000000000000000e+03,2.793403536723516254e+02,2.707961776985143842e+02,2.647622349473923578e+02,2.590253939255832165e+02,2.681344767594779910e+02,2.597434022321739349e+02,2.669617228807989591e+02,2.616182495052403283e+02,2.617013713532688826e+02,2.760626239834847411e+02,2.779405151394155382e+02,2.787976157644446857e+02,2.767286334823896823e+02,1.627153772159491491e+05,3.276779515694560274e+00,1.121929784068908020e+01
2.770000000000000000e+03,8.350000000000000000e+03,2.793190871391093992e+02,2.706383717476405764e+02,2.645894416890062644e+02,2.588508651609321305e+02,2.679788766633669184e+02,2.596138638232541780e+02,2.667139498851246344e+02,2.614705455998588945e+02,2.615534342423624139e+02,2.759598036856007752e+02,2.778924836268812442e+02,2.786991191570668889e+02,2.766205960141572859e+02,1.626362381065431982e+05,3.276779515694560274e+00,1.119069212292477111e+01
2.780000000000000000e+03,8.360000000000000000e+03,2.792974343536640731e+02,2.704811086516012892e+02,2.644175344645191217e+02,2.586772835149461116e+02,2.678240551551252793e+02,2.594846078756922907e+02,2.664685879284140810e+02,2.613233325459050320e+02,2.614059763996987158e+02,2.758568315794554451e+02,2.778442716495681566e+02,2.786004596229868184e+02,2.765123253246661079e+02,1.625573829244013177e+05,3.276779515694560274e+00,1.116229938934419508e+01
2.790000000000000000e+03,8.370000000000000000e+03,2.792753984776874745e+02,2.703243887164101693e+02,2.642465057542854083e+02,2.585046400944214611e+02,2.676700052231701648e+02,2.593556367454742713e+02,2.662255958501227724e+02,2.611766100930216226e+02,2.612589976613433009e+02,2.757537151008696696e+02,2.777958812138398343e+02,2.785016436960243027e+02,2.764038299768227489e+02,1.624788095673369244e+05,3.276779515694560274e+00,1.113411687855775334e+01
2.800000000000000000e+03,8.380000000000000000e+03,2.792529826496171950e+02,2.701682120961269788e+02,2.640763481268188571e+02,2.583329261164736863e+02,2.675167199537849001e+02,2.592269526842739538e+02,2.659849334324877645e+02,2.610303779242290148e+02,2.611124977981407369e+02,2.756504615213553961e+02,2.777473142935496071e+02,2.784026777659437357e+02,2.762951183689388017e+02,1.624005159601295600e+05,3.276779515694560274e+00,1.110614188522943913e+01
2.810000000000000000e+03,8.390000000000000000e+03,2.792301899864921779e+02,2.700125790438935383e+02,2.639070542337834695e+02,2.581621329070091519e+02,2.673641925265723671e+02,2.590985578428277449e+02,2.657465613715258996e+02,2.608846356587741866e+02,2.609664765287094497e+02,2.755470779715957406e+02,2.776985728327690026e+02,2.783035680938682503e+02,2.761861985145890230e+02,1.623225000541496847e+05,3.276779515694560274e+00,1.107837175863357615e+01
2.820000000000000000e+03,8.400000000000000000e+03,2.792070235830547063e+02,2.698574889158447832e+02,2.637386168140142217e+02,2.579922518995837777e+02,2.672124162165741836e+02,2.589704542740976194e+02,2.655104412535791312e+02,2.607393828537415175e+02,2.608209334802552917e+02,2.754435714086558278e+02,2.776496587351659855e+02,2.782043207718860458e+02,2.760770789573968500e+02,1.622447598266861751e+05,3.276779515694560274e+00,1.105080390028017057e+01
2.830000000000000000e+03,8.410000000000000000e+03,2.791834865117265849e+02,2.697029418494925608e+02,2.635710286883406752e+02,2.578232746340469248e+02,2.670613843891771353e+02,2.588426439362968381e+02,2.652765355285430360e+02,2.605946190071610431e+02,2.606758682538531957e+02,2.753399486470302691e+02,2.776005738800046743e+02,2.781049417944734614e+02,2.759677672879956845e+02,1.621672932805256860e+05,3.276779515694560274e+00,1.102343576365464628e+01
2.840000000000000000e+03,8.420000000000000000e+03,2.791595818233828368e+02,2.695489372387864364e+02,2.634042827593495417e+02,2.576551927546278193e+02,2.669110904998002525e+02,2.587151286956428748e+02,2.650448074859742746e+02,2.604503435601168917e+02,2.605312803760701854e+02,2.752362163526989889e+02,2.775513201134049837e+02,2.780054370039095488e+02,2.758582714831577505e+02,1.620900984434330894e+05,3.276779515694560274e+00,1.099626485183823732e+01
2.850000000000000000e+03,8.430000000000000000e+03,2.791353125470156442e+02,2.693954747275862474e+02,2.632383720087149186e+02,2.574879980081773851e+02,2.667615280912301046e+02,2.585879103291858883e+02,2.648152212301441750e+02,2.603065558993819195e+02,2.603871693304549240e+02,2.751323810443440721e+02,2.775018992566763814e+02,2.779058121294308989e+02,2.757485990633331312e+02,1.620131733676266449e+05,3.276779515694560274e+00,1.096928871658053062e+01
2.860000000000000000e+03,8.440000000000000000e+03,2.791106816903202912e+02,2.692425536984798669e+02,2.630732895013799180e+02,2.573216822447030836e+02,2.666126907938615886e+02,2.584609905273023287e+02,2.645877416613994910e+02,2.601632553590449675e+02,2.602435345462463943e+02,2.750284491115073706e+02,2.774523131001652132e+02,2.778060727705341151e+02,2.756387575077136489e+02,1.619365161293763667e+05,3.276779515694560274e+00,1.094250495687866476e+01
2.870000000000000000e+03,8.450000000000000000e+03,2.790856922390312889e+02,2.690901734526263454e+02,2.629090283785142219e+02,2.571562374141916507e+02,2.664645723223340497e+02,2.583343708975232289e+02,2.643623344495330230e+02,2.600204412232395157e+02,2.601003754026036177e+02,2.749244267917780462e+02,2.774025634085381284e+02,2.777062244076956858e+02,2.755287541529680766e+02,1.618601248284358880e+05,3.276779515694560274e+00,1.091591121759159932e+01
2.880000000000000000e+03,8.460000000000000000e+03,2.790603471499218813e+02,2.689383343616139541e+02,2.627455818609543030e+02,2.569916555656747619e+02,2.663171664756189898e+02,2.582080529654542715e+02,2.641389660164992392e+02,2.598781127509701037e+02,2.599576912392378176e+02,2.748203202417202533e+02,2.773526508760963907e+02,2.776062724393116810e+02,2.754185962125318383e+02,1.617839975878989790e+05,3.276779515694560274e+00,1.088950518901446074e+01
2.890000000000000000e+03,8.470000000000000000e+03,2.790346493662734702e+02,2.687870330433834738e+02,2.625829432422702325e+02,2.568279288463364765e+02,2.661704671310388903e+02,2.580820381783282755e+02,2.639176035122590065e+02,2.597362690985559652e+02,2.598154813348817811e+02,2.747161353472791916e+02,2.773025793876131502e+02,2.775062220500214494e+02,2.753082907099538943e+02,1.617081325530230533e+05,3.276779515694560274e+00,1.086328460323530720e+01
2.900000000000000000e+03,8.480000000000000000e+03,2.790086018198906004e+02,2.686362698190517904e+02,2.624211058905985965e+02,2.566650494993323264e+02,2.660244682483332213e+02,2.579563279072435193e+02,2.636982147955916957e+02,2.595949094126854675e+02,2.596737449269603530e+02,2.746118779888773815e+02,2.772523495242398894e+02,2.774060783946729885e+02,2.751978445994241724e+02,1.616325278917456162e+05,3.276779515694560274e+00,1.083724723521732436e+01
2.910000000000000000e+03,8.490000000000000000e+03,2.789822074139765959e+02,2.684860436253206899e+02,2.622600632491728447e+02,2.565030098633476427e+02,2.658791638646165438e+02,2.578309234481509407e+02,2.634807684179711487e+02,2.594540327993956907e+02,2.595324812152550749e+02,2.745075538876420183e+02,2.772019629361935813e+02,2.773058465034904430e+02,2.750872646685769496e+02,1.615571817937567830e+05,3.276779515694560274e+00,1.081139090135623704e+01
2.920000000000000000e+03,8.500000000000000000e+03,2.789554690291406587e+02,2.683363533081650303e+02,2.620998088350766011e+02,2.563418023714535252e+02,2.657345480942484528e+02,2.577058260267896799e+02,2.632652336021140513e+02,2.593136383213470708e+02,2.593916893601542597e+02,2.744031686441743432e+02,2.771514212683612186e+02,2.772055312960739002e+02,2.749765575672564637e+02,1.614820924701339682e+05,3.276779515694560274e+00,1.078571345816955152e+01
2.930000000000000000e+03,8.510000000000000000e+03,2.789283895252734169e+02,2.681871976401357642e+02,2.619403362349809754e+02,2.561814195477548992e+02,2.655906151274687090e+02,2.575810367986775873e+02,2.630515802245130317e+02,2.591737250008570754e+02,2.592513684826784583e+02,2.742987277309561591e+02,2.771007261464469593e+02,2.771051375863188468e+02,2.748657298333820904e+02,1.614072581530406605e+05,3.276779515694560274e+00,1.076021280112627743e+01
2.940000000000000000e+03,8.520000000000000000e+03,2.789009717418593937e+02,2.680385753123010772e+02,2.617816391110400218e+02,2.560218540105959164e+02,2.654473592286580015e+02,2.574565568518328860e+02,2.628397788009349370e+02,2.590342918219499211e+02,2.591115176662561339e+02,2.741942364917783834e+02,2.770498791755048273e+02,2.770046700866479910e+02,2.747547878781093118e+02,1.613326770952584920e+05,3.276779515694560274e+00,1.073488686379162260e+01
2.950000000000000000e+03,8.530000000000000000e+03,2.788732184979062936e+02,2.678904849761979108e+02,2.616237111899567935e+02,2.558630984651130689e+02,2.653047747351789667e+02,2.573323872081252830e+02,2.626298004655113800e+02,2.588953377325931342e+02,2.589721359585308278e+02,2.740897001549384413e+02,2.769988819419797892e+02,2.769041334089972111e+02,2.746437379861444015e+02,1.612583475698804832e+05,3.276779515694560274e+00,1.070973361666013091e+01
2.960000000000000000e+03,8.540000000000000000e+03,2.788451325925937567e+02,2.677429251432831734e+02,2.614665462706655035e+02,2.557051457071704021e+02,2.651628560563041219e+02,2.572085288271909462e+02,2.624216169567598627e+02,2.587568616435071363e+02,2.588332223721999412e+02,2.739851238778695688e+02,2.769477360092855065e+02,2.768035320672491935e+02,2.745325863328985747e+02,1.611842678699615644e+05,3.276779515694560274e+00,1.068475106633465366e+01
2.970000000000000000e+03,8.550000000000000000e+03,2.788167168047187943e+02,2.675958943459111197e+02,2.613101382190266690e+02,2.555479886195204813e+02,2.650215976712701149e+02,2.570849826065237380e+02,2.622152006014744074e+02,2.586188624341585296e+02,2.586947758876713124e+02,2.738805126534371084e+02,2.768964429245208407e+02,2.767028704810829822e+02,2.744213389611643379e+02,1.611104363080970070e+05,3.276779515694560274e+00,1.065993725460562658e+01
2.980000000000000000e+03,8.560000000000000000e+03,2.787879738935859564e+02,2.674493910307992337e+02,2.611544809679800210e+02,2.553916201715762213e+02,2.648809941286551179e+02,2.569617493840926272e+02,2.620105242993262209e+02,2.584813389515232984e+02,2.585567954534336650e+02,2.737758713826880239e+02,2.768450042160006319e+02,2.766021529762729187e+02,2.743100018031875607e+02,1.610368512161519029e+05,3.276779515694560274e+00,1.063529025757772750e+01
2.990000000000000000e+03,8.570000000000000000e+03,2.787589065983593741e+02,2.673034135703356924e+02,2.609995685149771134e+02,2.552360334166628206e+02,2.647410400448728751e+02,2.568388299387880238e+02,2.618075615083353114e+02,2.583442900116511964e+02,2.584192799873120521e+02,2.736712048672324045e+02,2.767934213943899522e+02,2.765013837911368455e+02,2.741985806896810800e+02,1.609635109448774019e+05,3.276779515694560274e+00,1.061080818473379495e+01
3.000000000000000000e+03,8.580000000000000000e+03,2.787295176388827826e+02,2.671579603212929896e+02,2.608453949259828732e+02,2.550812214942179992e+02,2.646017301029065720e+02,2.567162249954677691e+02,2.616062862302446206e+02,2.582077144013973111e+02,2.582822283788295863e+02,2.735665177892544762e+02,2.767416959518934618e+02,2.764005670713947893e+02,2.740870813161144497e+02,1.608904138636010466e+05,3.276779515694560274e+00,1.058648917827590985e+01
3.010000000000000000e+03,8.590000000000000000e+03,2.786998097153984304e+02,2.670130295700820398e+02,2.606919543284882366e+02,2.549271776251072481e+02,2.644630590513604602e+02,2.565939352230926715e+02,2.614066729971387986e+02,2.580716108796136723e+02,2.581456394893797892e+02,2.734618147382478242e+02,2.766898293656053056e+02,2.762997068764518076e+02,2.739755092842852946e+02,1.608175583599474048e+05,3.276779515694560274e+00,1.056233141219382432e+01
3.020000000000000000e+03,8.600000000000000000e+03,2.786697855087109588e+02,2.668686195657230087e+02,2.605392409139885785e+02,2.547738951117950421e+02,2.643250217031962848e+02,2.564719612379835780e+02,2.612086968574926686e+02,2.579359781779027116e+02,2.580095121537470959e+02,2.733571002012467375e+02,2.766378230957508890e+02,2.761988071767175370e+02,2.738638700862141491e+02,1.607449428394298302e+05,3.276779515694560274e+00,1.053833309150093989e+01
3.030000000000000000e+03,8.610000000000000000e+03,2.786394476805547242e+02,2.667247285153590610e+02,2.603872489251068600e+02,2.546213673293744932e+02,2.641876129346258040e+02,2.563503036053569986e+02,2.610123333565327357e+02,2.578008150022528753e+02,2.578738451791093098e+02,2.732523785666946878e+02,2.765856785868696761e+02,2.760978718657928539e+02,2.737521691509876405e+02,1.606725657252414094e+05,3.276779515694560274e+00,1.051449245113437314e+01
3.040000000000000000e+03,8.620000000000000000e+03,2.786087988735390581e+02,2.665813545735625212e+02,2.602359727026462792e+02,2.544695877564056445e+02,2.640508276841088673e+02,2.562289628406383599e+02,2.608175585514828754e+02,2.576661200340191726e+02,2.577386373537754025e+02,2.731476541262610453e+02,2.765333972683158663e+02,2.759969047510521705e+02,2.736404116665992206e+02,1.606004254579711705e+05,3.276779515694560274e+00,1.049080775668249998e+01
3.050000000000000000e+03,8.630000000000000000e+03,2.785778417111797012e+02,2.664384958664388705e+02,2.600854066080709117e+02,2.543185499257878064e+02,2.639146609511678889e+02,2.561079394110277576e+02,2.606243489573547549e+02,2.575318919308841714e+02,2.576038874382592780e+02,2.730429310774841269e+02,2.764809805543430912e+02,2.758959095610843519e+02,2.735286028687103794e+02,1.605285204951819615e+05,3.276779515694560274e+00,1.046727730169708792e+01
3.060000000000000000e+03,8.640000000000000000e+03,2.785465787985312431e+02,2.662961504530201751e+02,2.599355450744916993e+02,2.541682474519375319e+02,2.637791077954165644e+02,2.559872337345049402e+02,2.604326815629098064e+02,2.573981293279408646e+02,2.574695941703834592e+02,2.729382135245410836e+02,2.764284298435160281e+02,2.757948899901375626e+02,2.734167478404477833e+02,1.604568493112944998e+05,3.276779515694560274e+00,1.044389940792453508e+01
3.070000000000000000e+03,8.650000000000000000e+03,2.785150127216640499e+02,2.661543164171051785e+02,2.597863826041179323e+02,2.540186740331412238e+02,2.636441633351005294e+02,2.558668461896840540e+02,2.602425338121227014e+02,2.572648308387297220e+02,2.573357562681633794e+02,2.728335054816924981e+02,2.763757465277534493e+02,2.756938495675957483e+02,2.733048515586984877e+02,1.603854103971779696e+05,3.276779515694560274e+00,1.042067242498207769e+01
3.080000000000000000e+03,8.660000000000000000e+03,2.784831460480391456e+02,2.660129917799407622e+02,2.596379137502738104e+02,2.538698234371856870e+02,2.635098227480912101e+02,2.557467771076730685e+02,2.600538835937026647e+02,2.571319950564599139e+02,2.572023724292946554e+02,2.727288108741881842e+02,2.763229319697163646e+02,2.755927918078396033e+02,2.731929189109130220e+02,1.603142022599456541e+05,3.276779515694560274e+00,1.039759472928342277e+01
3.090000000000000000e+03,8.670000000000000000e+03,2.784509813272031238e+02,2.658721745368519578e+02,2.594901331198395837e+02,2.537216895043505360e+02,2.633760812675711804e+02,2.556270267742505098e+02,2.598667092294625718e+02,2.569996205547457748e+02,2.570694413310022242e+02,2.726241335403709058e+02,2.762699875322542766e+02,2.754917201445317119e+02,2.730809547018509420e+02,1.602432234227355802e+05,3.276779515694560274e+00,1.037466472335144729e+01
3.100000000000000000e+03,8.680000000000000000e+03,2.784185210898672267e+02,2.657318626549430860e+02,2.593430353842296654e+02,2.535742661512775271e+02,2.632429341841251471e+02,2.555075954376989102e+02,2.596809894642441918e+02,2.568677058884053395e+02,2.569369616326621895e+02,2.725194772332239381e+02,2.762169145611992462e+02,2.753906379352715135e+02,2.729689636227691381e+02,1.601724724243438977e+05,3.276779515694560274e+00,1.035188083555267546e+01
3.110000000000000000e+03,8.690000000000000000e+03,2.783857678489921454e+02,2.655920540773632865e+02,2.591966152674359591e+02,2.534275473650330639e+02,2.631103768431887033e+02,2.553884833048421399e+02,2.594967034555349983e+02,2.567362495944571492e+02,2.568049319756561886e+02,2.724148456213588361e+02,2.761637143887774073e+02,2.752895484707498781e+02,2.728569502845761008e+02,1.601019478190566879e+05,3.276779515694560274e+00,1.032924151929560352e+01
3.120000000000000000e+03,8.700000000000000000e+03,2.783527240991796816e+02,2.654527467216051946e+02,2.590508675477531142e+02,2.532815272028640265e+02,2.629784046443580792e+02,2.552696905431636480e+02,2.593138307630013628e+02,2.566052501928189145e+02,2.566733509843391516e+02,2.723102422991707954e+02,2.761103883367304661e+02,2.751884549726345881e+02,2.727449192083562934e+02,1.600316481763812772e+05,3.276779515694560274e+00,1.030674525245223094e+01
3.130000000000000000e+03,8.710000000000000000e+03,2.783193923175546729e+02,2.653139378772477812e+02,2.589057870597160900e+02,2.531361997924787772e+02,2.628470130408683190e+02,2.551512172819785462e+02,2.591323513409166139e+02,2.564747061831182009e+02,2.565422172551340623e+02,2.722056707591606255e+02,2.760569376945537670e+02,2.750873611472840139e+02,2.726328748024815809e+02,1.599615720807054895e+05,3.276779515694560274e+00,1.028439053656044422e+01
3.140000000000000000e+03,8.720000000000000000e+03,2.782857749634922016e+02,2.651756267109261671e+02,2.587613686913012998e+02,2.529915593312684052e+02,2.627161975387601842e+02,2.550330636147770065e+02,2.589522455262595031e+02,2.563446160581152071e+02,2.564115293978039176e+02,2.721011344411210189e+02,2.760033637915885265e+02,2.749862689695585232e+02,2.725208214600816063e+02,1.598917181314830959e+05,3.276779515694560274e+00,1.026217589736240576e+01
3.150000000000000000e+03,8.730000000000000000e+03,2.782518744783828311e+02,2.650378103925824007e+02,2.586176073842539154e+02,2.528476000829911072e+02,2.625859536956066904e+02,2.549152295997764099e+02,2.587734940309188687e+02,2.562149782933111624e+02,2.562812859896764621e+02,2.719966366992114217e+02,2.759496679018424743e+02,2.748851820217605564e+02,2.724087634271764955e+02,1.598220849423481559e+05,3.276779515694560274e+00,1.024009988319370912e+01
3.160000000000000000e+03,8.740000000000000000e+03,2.782176932861796672e+02,2.649004867594290431e+02,2.584744981325457047e+02,2.527043163792560563e+02,2.624562771200014026e+02,2.547977152605913318e+02,2.585960779326932766e+02,2.560857913488386544e+02,2.561514855928368775e+02,2.718921808094671633e+02,2.758958512963964722e+02,2.747841032805861232e+02,2.722967048809157973e+02,1.597526711413249141e+05,3.276779515694560274e+00,1.021816106470661012e+01
3.170000000000000000e+03,8.750000000000000000e+03,2.781832337939062540e+02,2.647636536483873897e+02,2.583320359840444098e+02,2.525617026187236149e+02,2.623271634707838871e+02,2.546805205885819703e+02,2.584199786668847310e+02,2.559570536718850917e+02,2.560221267575085449e+02,2.717877699665301066e+02,2.758419152378053809e+02,2.746830356422677824e+02,2.721846499199554614e+02,1.596834753705728217e+05,3.276779515694560274e+00,1.019635803455530976e+01
3.180000000000000000e+03,8.760000000000000000e+03,2.781484983909609241e+02,2.646273088727705272e+02,2.581902160297572095e+02,2.524197532601156695e+02,2.621986084559854362e+02,2.545636455381344092e+02,2.582451780177523233e+02,2.558287636961459839e+02,2.558932080218922067e+02,2.716834073225586508e+02,2.757878609774723486e+02,2.745819819522951661e+02,2.720726025629366518e+02,1.596144962860345258e+05,3.276779515694560274e+00,1.017468940663316346e+01
3.190000000000000000e+03,8.770000000000000000e+03,2.781134894499531356e+02,2.644914502334088411e+02,2.580490334206735952e+02,2.522784628319024876e+02,2.620706078322535859e+02,2.544470900372143660e+02,2.580716581106250374e+02,2.557009198445485652e+02,2.557647279126030355e+02,2.715790959234770980e+02,2.757336897561542060e+02,2.744809449954647107e+02,2.719605667501561470e+02,1.595457325573666603e+05,3.276779515694560274e+00,1.015315381606355416e+01
3.200000000000000000e+03,8.780000000000000000e+03,2.780782093258750365e+02,2.643560755195238130e+02,2.579084833528245326e+02,2.521378259230989443e+02,2.619431574040147552e+02,2.543308539814419760e+02,2.578994014033163467e+02,2.555735205291060197e+02,2.556366849450008374e+02,2.714748387605160929e+02,2.756794028071870457e+02,2.743799274982065413e+02,2.718485463450167572e+02,1.594771828675902216e+05,3.276779515694560274e+00,1.013174991845223261e+01
3.210000000000000000e+03,8.790000000000000000e+03,2.780426603579297193e+02,2.642211825106224410e+02,2.577685610733692556e+02,2.519978371863728057e+02,2.618162530229521963e+02,2.542149372372208518e+02,2.577283906801887383e+02,2.554465641511466742e+02,2.555090776241211472e+02,2.713706387549859755e+02,2.756250013481856058e+02,2.742789321297243532e+02,2.717365451352761170e+02,1.594088459130774718e+05,3.276779515694560274e+00,1.011047638958562800e+01
3.220000000000000000e+03,8.800000000000000000e+03,2.780068448676328217e+02,2.640867689737369801e+02,2.576292618747015695e+02,2.518584913334629505e+02,2.616898905867537337e+02,2.540993396411274716e+02,2.575586090423793735e+02,2.553200491021682978e+02,2.553819044446092903e+02,2.712664987681991420e+02,2.755704865914715356e+02,2.741779615100953151e+02,2.716245668342843373e+02,1.593407204031494912e+05,3.276779515694560274e+00,1.008933192483418395e+01
3.230000000000000000e+03,8.810000000000000000e+03,2.779707651603124532e+02,2.639528326723039982e+02,2.574905811006926228e+02,2.517197831388699569e+02,2.615640660390560583e+02,2.539840610034954125e+02,2.573900399025147863e+02,2.551939737644464117e+02,2.552551638919758830e+02,2.711624215868051806e+02,2.755158597362359387e+02,2.740770181996499559e+02,2.715126150824760316e+02,1.592728050600204151e+05,3.276779515694560274e+00,1.006831523893636060e+01
3.240000000000000000e+03,8.820000000000000000e+03,2.779344235249375288e+02,2.638193713643030947e+02,2.573525141417153463e+02,2.515817074366407269e+02,2.614387753680792343e+02,2.538691011069374781e+02,2.572226669773595518e+02,2.550683365118310917e+02,2.551288544426375040e+02,2.710584099338520900e+02,2.754611219750954092e+02,2.739761047042482005e+02,2.714006934487333638e+02,1.592050986185814836e+05,3.276779515694560274e+00,1.004742506552963022e+01
3.250000000000000000e+03,8.830000000000000000e+03,2.778978222338203068e+02,2.636863827937702354e+02,2.572150564314525809e+02,2.514442591169921855e+02,2.613140146067676142e+02,2.537544597078278343e+02,2.570564742783670340e+02,2.549431357095195665e+02,2.550029745647312041e+02,2.709544664855060319e+02,2.754062744888645966e+02,2.738752234852290144e+02,2.712888054314547048e+02,1.591375998261685600e+05,3.276779515694560274e+00,1.002666015663761812e+01
3.260000000000000000e+03,8.840000000000000000e+03,2.778609635433515450e+02,2.635538647003199912e+02,2.570782034576918704e+02,2.513074331329723918e+02,2.611897798319748176e+02,2.536401365385747795e+02,2.568914461110043703e+02,2.548183697155704976e+02,2.548775227186137045e+02,2.708505938371605453e+02,2.753513184500465627e+02,2.737743769437574883e+02,2.711769544546718862e+02,1.590703074424554943e+05,3.276779515694560274e+00,1.000601928260906703e+01
3.270000000000000000e+03,8.850000000000000000e+03,2.778238496934999944e+02,2.634218148230787619e+02,2.569419507434759566e+02,2.511712244915289602e+02,2.610660671605367043e+02,2.535261313039197830e+02,2.567275670617641481e+02,2.546940368807176469e+02,2.547524973566656001e+02,2.707467945313434825e+02,2.752962550219295963e+02,2.736735674468985167e+02,2.710651438899625987e+02,1.590032202392009785e+05,3.276779515694560274e+00,9.985501231311394221e+00
3.280000000000000000e+03,8.860000000000000000e+03,2.777864829083906670e+02,2.632902308997171303e+02,2.568062938646075963e+02,2.510356282567173309e+02,2.609428727553369640e+02,2.534124436883933527e+02,2.565648219952395266e+02,2.545701355491752338e+02,2.546278969246052384e+02,2.706430710513017175e+02,2.752410853592012359e+02,2.735727972899156271e+02,2.709533770343455217e+02,1.589363370001342264e+05,3.276779515694560274e+00,9.965104808156089788e+00
3.290000000000000000e+03,8.870000000000000000e+03,2.777488653960311922e+02,2.631591106666911628e+02,2.566712284384660734e+02,2.509006395482489324e+02,2.608201928193847152e+02,2.532990733521514812e+02,2.564031960472052560e+02,2.544466640591372766e+02,2.545037198623397501e+02,2.705394258233297933e+02,2.751858106072515966e+02,2.734720687392880336e+02,2.708416571082365181e+02,1.588696565207300591e+05,3.276779515694560274e+00,9.944828835571557946e+00
3.300000000000000000e+03,8.880000000000000000e+03,2.777109993491405930e+02,2.630284518540443059e+02,2.565367501264358339e+02,2.507662535408298083e+02,2.606980235967151884e+02,2.531860199328703516e+02,2.562426746189690903e+02,2.543236207430760487e+02,2.543799646034949546e+02,2.704358612158665665e+02,2.751304319030373335e+02,2.733713840094204670e+02,2.707299872780770329e+02,1.588031776081186254e+05,3.276779515694560274e+00,9.924672152685774407e+00
3.310000000000000000e+03,8.890000000000000000e+03,2.776728869442578116e+02,2.628982521915019674e+02,2.564028546337139005e+02,2.506324654632917941e+02,2.605763613721053389e+02,2.530732830471150123e+02,2.560832433713549676e+02,2.542010039283381388e+02,2.542566295760971400e+02,2.703323795403319423e+02,2.750749503747557014e+02,2.732707452688180183e+02,2.706183706458586471e+02,1.587368990808180533e+05,3.276779515694560274e+00,9.904633615029961646e+00
3.320000000000000000e+03,8.900000000000000000e+03,2.776345303427734166e+02,2.627685094102887433e+02,2.562695377061595536e+02,2.504992705978801837e+02,2.604552024685912670e+02,2.529608622893285883e+02,2.559248882189783103e+02,2.540788119372546987e+02,2.541337132028055237e+02,2.702289830620259750e+02,2.750193671423880915e+02,2.731701546412307948e+02,2.705068102515713235e+02,1.586708197686789790e+05,3.276779515694560274e+00,9.884712094100342128e+00
3.330000000000000000e+03,8.910000000000000000e+03,2.775959316906093477e+02,2.626392212427806498e+02,2.561367951350625844e+02,2.503666642794607355e+02,2.603345432504993937e+02,2.528487572351932613e+02,2.557675953248990766e+02,2.539570430882229459e+02,2.540112139021149460e+02,2.701256739806917722e+02,2.749636833175317179e+02,2.730696142064913374e+02,2.703953090716809129e+02,1.586049385126541019e+05,3.276779515694560274e+00,9.864906477241049743e+00
3.340000000000000000e+03,8.920000000000000000e+03,2.775570931182422214e+02,2.625103854094131179e+02,2.560046227518175783e+02,2.502346418949078384e+02,2.602143801199927680e+02,2.527369674401972759e+02,2.556113510952491765e+02,2.538356956954655743e+02,2.538891300873060288e+02,2.700224544504831101e+02,2.749079000033842703e+02,2.729691260009082612e+02,2.702838700352604064e+02,1.585392541646993195e+05,3.276779515694560274e+00,9.845215667194185727e+00
3.350000000000000000e+03,8.930000000000000000e+03,2.775180167410312606e+02,2.623819996540039483e+02,2.558730164291748679e+02,2.501031988822066410e+02,2.600947095171724754e+02,2.526254924408321187e+02,2.554561421736402451e+02,2.537147680698759018e+02,2.537674601687128018e+02,2.699193265733640601e+02,2.748520182953677704e+02,2.728686920193435981e+02,2.701724959924368932e+02,1.584737655875368509e+05,3.276779515694560274e+00,9.825638581845460351e+00
3.360000000000000000e+03,8.940000000000000000e+03,2.774787046589686952e+02,2.622540617068981419e+02,2.557419720789613962e+02,2.499723307290801415e+02,2.599755279198673179e+02,2.525143317547372703e+02,2.553019554368597142e+02,2.535942585190421141e+02,2.536462025523222508e+02,2.698162924013171278e+02,2.747960392789169646e+02,2.727683142151082620e+02,2.700611897607832930e+02,1.584084716547126882e+05,3.276779515694560274e+00,9.806174153909807956e+00
3.370000000000000000e+03,8.950000000000000000e+03,2.774391589576172237e+02,2.621265693152724339e+02,2.556114856575442218e+02,2.498420329749748987e+02,2.598568318428405064e+02,2.524034848823563948e+02,2.551487779887415570e+02,2.534741653477341856e+02,2.535253556418539063e+02,2.697133539371670850e+02,2.747399640384381883e+02,2.726679945005062109e+02,2.699499540586240869e+02,1.583433712499539542e+05,3.276779515694560274e+00,9.786821330704661648e+00
3.380000000000000000e+03,8.960000000000000000e+03,2.773993817073828154e+02,2.619995202153017999e+02,2.554815531571566112e+02,2.497123012070371146e+02,2.597386178372199765e+02,2.522929513069068435e+02,2.549965971564912763e+02,2.533544868584858705e+02,2.534049178376050975e+02,2.696105131350097395e+02,2.746837936425895350e+02,2.725677347474148746e+02,2.698387915906756689e+02,1.582784632677243208e+05,3.276779515694560274e+00,9.767579073844752102e+00
3.390000000000000000e+03,8.970000000000000000e+03,2.773593749638125132e+02,2.618729121461611840e+02,2.553521706103879296e+02,2.495831310610243747e+02,2.596208824904064159e+02,2.521827304947340167e+02,2.548454004851606669e+02,2.532352213516893187e+02,2.532848875371282702e+02,2.695077719016617266e+02,2.746275291554574096e+02,2.724675367953832392e+02,2.697277049919308638e+02,1.582137466125936771e+05,3.276779515694560274e+00,9.748446358951913027e+00
3.400000000000000000e+03,8.980000000000000000e+03,2.773191407679765348e+02,2.617467428641513720e+02,2.552233340886539565e+02,2.494545182206055074e+02,2.595036224248946155e+02,2.520728218960520053e+02,2.546951757335116326e+02,2.531163671258861996e+02,2.531652631360803696e+02,2.694051320976449233e+02,2.745711716338278165e+02,2.723674024347871523e+02,2.696166968437708533e+02,1.581492201992440387e+05,3.276779515694560274e+00,9.729422175395125549e+00
3.410000000000000000e+03,8.990000000000000000e+03,2.772786811462656260e+02,2.616210101225569815e+02,2.550950397016379441e+02,2.493264584166410316e+02,2.593868342983565753e+02,2.519632249455508202e+02,2.545459108692588472e+02,2.529979224784374594e+02,2.530460430282346920e+02,2.693025955380863365e+02,2.745147221269913871e+02,2.722673334250768562e+02,2.695057696744370332e+02,1.580848829523475433e+05,3.276779515694560274e+00,9.710505526087755968e+00
3.420000000000000000e+03,9.000000000000000000e+03,2.772379981107499702e+02,2.614957116807685793e+02,2.549672835969902280e+02,2.491989474263631905e+02,2.592705148028221629e+02,2.518539390627598777e+02,2.543975940648297751e+02,2.528798857054235611e+02,2.529272256056948152e+02,2.692001639934676973e+02,2.744581816765856388e+02,2.721673314879313921e+02,2.693949259602878783e+02,1.580207338063833595e+05,3.276779515694560274e+00,9.691695427176863831e+00
3.430000000000000000e+03,9.010000000000000000e+03,2.771970936591562236e+02,2.613708453048418505e+02,2.548400619595916510e+02,2.490719810729552819e+02,2.591546606643634050e+02,2.517449636526863799e+02,2.542502136931960877e+02,2.527622551021990489e+02,2.528088092592890916e+02,2.690978391899835174e+02,2.744015513172633973e+02,2.720673983092162302e+02,2.692841681265229568e+02,1.579567717055670510e+05,3.276779515694560274e+00,9.672990907839336572e+00
3.440000000000000000e+03,9.020000000000000000e+03,2.771559697749140696e+02,2.612464087636559498e+02,2.547133710113401435e+02,2.489455552248473111e+02,2.590392686424810336e+02,2.516362981063048778e+02,2.541037583233331816e+02,2.526450289635891409e+02,2.526907923788993457e+02,2.689956228138011056e+02,2.743448320763504285e+02,2.719675355391738094e+02,2.691734985482431739e+02,1.578929956036806980e+05,3.276779515694560274e+00,9.654391010021761588e+00
3.450000000000000000e+03,9.030000000000000000e+03,2.771146284273515334e+02,2.611223998367220247e+02,2.545872070106346143e+02,2.488196657950331883e+02,2.589243355297114135e+02,2.515279418008463779e+02,2.539582167167704654e+02,2.525282055842486670e+02,2.525731733536389925e+02,2.688935165054743948e+02,2.742880249738490193e+02,2.718677447936274234e+02,2.690629195513088234e+02,1.578294044639603235e+05,3.276779515694560274e+00,9.635894788230530139e+00
3.460000000000000000e+03,9.040000000000000000e+03,2.770730715718984243e+02,2.609988163078378420e+02,2.544615662518332897e+02,2.486943087406395136e+02,2.588098581512851979e+02,2.514198941004135293e+02,2.538135778229798234e+02,2.524117832588279953e+02,2.524559505722200470e+02,2.687915218667485533e+02,2.742311310231243624e+02,2.717680276541644844e+02,2.689524334130249485e+02,1.577659972589890240e+05,3.276779515694560274e+00,9.617501309285763966e+00
3.470000000000000000e+03,9.050000000000000000e+03,2.770313011498593596e+02,2.608756559652701981e+02,2.543364450650930735e+02,2.485694800620989611e+02,2.586958333644148524e+02,2.513121543564960803e+02,2.536698307761156457e+02,2.522957602823534558e+02,2.523391224229310126e+02,2.686896404577264548e+02,2.741741512302200476e+02,2.716683856692026211e+02,2.688420423664532564e+02,1.577027729705449310e+05,3.276779515694560274e+00,9.599209652115716196e+00
3.480000000000000000e+03,9.060000000000000000e+03,2.769893190888124650e+02,2.607529166110517735e+02,2.542118398155791965e+02,2.484451758028022539e+02,2.585822580579977057e+02,2.512047219081189837e+02,2.535269648907749342e+02,2.521801349503702454e+02,2.522226872944271179e+02,2.685878738010477491e+02,2.741170865944981756e+02,2.715688203546494606e+02,2.687317485906340266e+02,1.576397305894959718e+05,3.276779515694560274e+00,9.581018907527891315e+00
3.490000000000000000e+03,9.070000000000000000e+03,2.769471273025391156e+02,2.606305960514667959e+02,2.540877469035343097e+02,2.483213920484704431e+02,2.584691291524152348e+02,2.510975960827435074e+02,2.533849696586691493e+02,2.520649055593052594e+02,2.521066435754522104e+02,2.684862233770847411e+02,2.740599381085114601e+02,2.714693331938251504e+02,2.686215542240058767e+02,1.575768691156821733e+05,3.276779515694560274e+00,9.562928178021737224e+00
3.500000000000000000e+03,9.080000000000000000e+03,2.769047276915077873e+02,2.605086921112480809e+02,2.539641627600228730e+02,2.481981249239025829e+02,2.583564435985481964e+02,2.509907761941024091e+02,2.532438347447549063e+02,2.519500704066655032e+02,2.519909896553668602e+02,2.683846906311257499e+02,2.740027067582467453e+02,2.713699256436345877e+02,2.685114613594751063e+02,1.575141875578434556e+05,3.276779515694560274e+00,9.544936577459132820e+00
3.510000000000000000e+03,9.090000000000000000e+03,2.768621221422187091e+02,2.603872025938981096e+02,2.538410838594998324e+02,2.480753706016211595e+02,2.582441983780442456e+02,2.508842615502298088e+02,2.531035499840443777e+02,2.518356277911619827e+02,2.518757239239826049e+02,2.682832769703184113e+02,2.739453935223159533e+02,2.712705991172723543e+02,2.684014720442373232e+02,1.574516849334109575e+05,3.276779515694560274e+00,9.527043231200940099e+00
3.520000000000000000e+03,9.100000000000000000e+03,2.768193125280859022e+02,2.602661253432435160e+02,2.537185067004558618e+02,2.479531252891311510e+02,2.581323905018202822e+02,2.507780514441679429e+02,2.529641053775624187e+02,2.517215760132206128e+02,2.517608447724076370e+02,2.681819837630207530e+02,2.738879993736385359e+02,2.711713550098604628e+02,2.682915882830034775e+02,1.573893602684943471e+05,3.276779515694560274e+00,9.509247275513764919e+00
3.530000000000000000e+03,9.110000000000000000e+03,2.767763007088984750e+02,2.601454581879629586e+02,2.535964278188915273e+02,2.478313852355331051e+02,2.580210170116085919e+02,2.506721451596336294e+02,2.528254910902896881e+02,2.516079133745405443e+02,2.516463505928572317e+02,2.680808123508116410e+02,2.738305252774009659e+02,2.710721946825307214e+02,2.681818120373526995e+02,1.573272125977054820e+05,3.276779515694560274e+00,9.491547857592562920e+00
3.540000000000000000e+03,9.120000000000000000e+03,2.767330885317187494e+02,2.600251990706292418e+02,2.534748437828839087e+02,2.477101467293753956e+02,2.579100749777772990e+02,2.505665419705503041e+02,2.526876974469164452e+02,2.514946381797406616e+02,2.515322397804341676e+02,2.679797640296617374e+02,2.737729721960131997e+02,2.709731193878678255e+02,2.680721452302024659e+02,1.572652409641111735e+05,3.276779515694560274e+00,9.473944135371713315e+00
3.550000000000000000e+03,9.130000000000000000e+03,2.766896778296796811e+02,2.599053456591988720e+02,2.533537511949282930e+02,2.475894060998923010e+02,2.577995614993595836e+02,2.504612411412853703e+02,2.525507149299118055e+02,2.513817487348641748e+02,2.514185107278005944e+02,2.678788400553032716e+02,2.737153410776569444e+02,2.708741305927436542e+02,2.679625897329229360e+02,1.572034444190287031e+05,3.276779515694560274e+00,9.456435277268216311e+00
3.560000000000000000e+03,9.140000000000000000e+03,2.766460704237500181e+02,2.597858959241855246e+02,2.532331466835309470e+02,2.474691597109463999e+02,2.576894737038323910e+02,2.503562419271384556e+02,2.524145341720442275e+02,2.512692433473919777e+02,2.513051618321372587e+02,2.677780416796609302e+02,2.736576328704147159e+02,2.707752294906320003e+02,2.678531473787224968e+02,1.571418220220621151e+05,3.276779515694560274e+00,9.439020461917886351e+00
3.570000000000000000e+03,9.150000000000000000e+03,2.766022681212577936e+02,2.596668477399323365e+02,2.531130269115241163e+02,2.473494039653588459e+02,2.575798087469219126e+02,2.502515435744924730e+02,2.522791459575963700e+02,2.511571203285020601e+02,2.511921914919090284e+02,2.676773700910333673e+02,2.735998485149142994e+02,2.706764173292905298e+02,2.677438199841571986e+02,1.570803728409046016e+05,3.276779515694560274e+00,9.421698878141025801e+00
3.580000000000000000e+03,9.160000000000000000e+03,2.765582727171093893e+02,2.595481989946038084e+02,2.529933885773518227e+02,2.472301353066854972e+02,2.574705638117677040e+02,2.501471453211532321e+02,2.521445412210824770e+02,2.510453779917872623e+02,2.510795981083253139e+02,2.675768264547330659e+02,2.735419889452101643e+02,2.705776953297619229e+02,2.676346092936042851e+02,1.570190959512180125e+05,3.276779515694560274e+00,9.404469724877870362e+00
3.590000000000000000e+03,9.170000000000000000e+03,2.765140859929453541e+02,2.594299475680674050e+02,2.528742284067882906e+02,2.471113502134238331e+02,2.573617361090616669e+02,2.500430463968975232e+02,2.520107110404624962e+02,2.509340146539774707e+02,2.509673800839989326e+02,2.674764119062152758e+02,2.734840550886599431e+02,2.704790646861158621e+02,2.675255170413414021e+02,1.569579904366118717e+05,3.276779515694560274e+00,9.387332210853321257e+00
3.600000000000000000e+03,9.180000000000000000e+03,2.764697097186171391e+02,2.593120913872982101e+02,2.527555431565833146e+02,2.469930452005921211e+02,2.572533228764974069e+02,2.499392460234575424e+02,2.518776466351971806e+02,2.508230286344735305e+02,2.508555358252406222e+02,2.673761275490705884e+02,2.734260478673842272e+02,2.703805265676726890e+02,2.674165448912804663e+02,1.568970553885572590e+05,3.276779515694560274e+00,9.370285554430790143e+00
3.610000000000000000e+03,9.190000000000000000e+03,2.764251456503125155e+02,2.591946283580647901e+02,2.526373296137053899e+02,2.468752168192722252e+02,2.571453213781704790e+02,2.498357434151039342e+02,2.517453393641126809e+02,2.507124182561307748e+02,2.507440637401269328e+02,2.672759744583827342e+02,2.733679681963959638e+02,2.702820821171957277e+02,2.673076944945509581e+02,1.568362899061418138e+05,3.276779515694560274e+00,9.353328983472213309e+00
3.620000000000000000e+03,9.200000000000000000e+03,2.763803955325155925e+02,2.590775563824166738e+02,2.525195845949912155e+02,2.467578616559856073e+02,2.570377289047971203e+02,2.497325377788069432e+02,2.516137807225124448e+02,2.506021818448426473e+02,2.506329622389293945e+02,2.671759536755912450e+02,2.733098169845992516e+02,2.701837324751704728e+02,2.671989674594196913e+02,1.567756930961714243e+05,3.276779515694560274e+00,9.336461735168649412e+00
3.630000000000000000e+03,9.210000000000000000e+03,2.763354610969609553e+02,2.589608734440020044e+02,2.524023049469647901e+02,2.466409763325179938e+02,2.569305427727549613e+02,2.496296283145286452e+02,2.514829623395156091e+02,2.504923177304919477e+02,2.505222297360619166e+02,2.670760662158193668e+02,2.732515951364230773e+02,2.700854786926342967e+02,2.670903653602579766e+02,1.567152640729518025e+05,3.276779515694560274e+00,9.319683055921835546e+00
3.640000000000000000e+03,9.220000000000000000e+03,2.762903440633125456e+02,2.588445774641422759e+02,2.522854875451556893e+02,2.465245575046537283e+02,2.568237603242651517e+02,2.495270142157086752e+02,2.513528759754487680e+02,2.503828242465015137e+02,2.504118646481892370e+02,2.669763130648417473e+02,2.731933035489117856e+02,2.699873218588577402e+02,2.669818897338827242e+02,1.566550019582382520e+05,3.276779515694560274e+00,9.302992201156348173e+00
3.650000000000000000e+03,9.230000000000000000e+03,2.762450461388203280e+02,2.587286663993287448e+02,2.521691292941530946e+02,2.464086018634018558e+02,2.567173789265759751e+02,2.494246946690277298e+02,2.512235135194516431e+02,2.502736997298964923e+02,2.503018653951826593e+02,2.668766951796426952e+02,2.731349431132397285e+02,2.698892630197819358e+02,2.668735420828795100e+02,1.565949058811358991e+05,3.276779515694560274e+00,9.286388435200628066e+00
3.660000000000000000e+03,9.240000000000000000e+03,2.761995690183437659e+02,2.586131382171598716e+02,2.520532271270369051e+02,2.462931061329546480e+02,2.566113959721920992e+02,2.493226688553872066e+02,2.510948669870018648e+02,2.501649425215959468e+02,2.501922304003806232e+02,2.667772134892060194e+02,2.730765147149717791e+02,2.697913031982840266e+02,2.667653238759352234e+02,1.565349749780332204e+05,3.276779515694560274e+00,9.269871031129589767e+00
3.670000000000000000e+03,9.250000000000000000e+03,2.761539143851328504e+02,2.584979908959909380e+02,2.519377780049560158e+02,2.461780670709011360e+02,2.565058088779751415e+02,2.492209359495087426e+02,2.509669285173785340e+02,2.500565509667314359e+02,2.500829580903331077e+02,2.666778688964535604e+02,2.730180192340069993e+02,2.696934433938978373e+02,2.666572365474620483e+02,1.564752083924933686e+05,3.276779515694560274e+00,9.253439270621729662e+00
3.680000000000000000e+03,9.260000000000000000e+03,2.761080839102343703e+02,2.583832224238385606e+02,2.518227789158592032e+02,2.460634814676206474e+02,2.564006150844871854e+02,2.491194951207278052e+02,2.508396903704602323e+02,2.499485234142733248e+02,2.499740468953212371e+02,2.665786622830390797e+02,2.729594575441722100e+02,2.695956845832058093e+02,2.665492815007850140e+02,1.564156052751846146e+05,3.276779515694560274e+00,9.237092443787549456e+00
3.690000000000000000e+03,9.270000000000000000e+03,2.760620792527968774e+02,2.582688307278685329e+02,2.517082268787802946e+02,2.459493461459088621e+02,2.562958120585510642e+02,2.490183455325447426e+02,2.507131449279038975e+02,2.498408582176546417e+02,2.498654952477771474e+02,2.664795944874707629e+02,2.729008305112817538e+02,2.694980277876475157e+02,2.664414601020993132e+02,1.563561647837500786e+05,3.276779515694560274e+00,9.220829849136414680e+00
3.700000000000000000e+03,9.280000000000000000e+03,2.760159020604453417e+02,2.581548139665941335e+02,2.515941189362577290e+02,2.458356579606673904e+02,2.561913972886458168e+02,2.489174863439014587e+02,2.505872846861516052e+02,2.497335537351354446e+02,2.497573015873514066e+02,2.663806663407403335e+02,2.728421390017127237e+02,2.694004738127775909e+02,2.663337736946975838e+02,1.562968860828623292e+05,3.276779515694560274e+00,9.204650793386296215e+00
3.710000000000000000e+03,9.290000000000000000e+03,2.759695539685156973e+02,2.580411700857656569e+02,2.514804521594390962e+02,2.457224137984649133e+02,2.560873682871366555e+02,2.488169167083663353e+02,2.504621022569399429e+02,2.496266083295691089e+02,2.496494643555088544e+02,2.662818786425424378e+02,2.727833838708178291e+02,2.693030236316650416e+02,2.662262235836278705e+02,1.562377683439311513e+05,3.276779515694560274e+00,9.188554591314620268e+00
3.720000000000000000e+03,9.300000000000000000e+03,2.759230366013828188e+02,2.579278971172044521e+02,2.513672236459291867e+02,2.456096105771331963e+02,2.559837225898019142e+02,2.487166357752224428e+02,2.503375903649044005e+02,2.495200203680151390e+02,2.495419819977239797e+02,2.661832321680525411e+02,2.727245659695297491e+02,2.692056781369240639e+02,2.661188110445695543e+02,1.561788107452376280e+05,3.276779515694560274e+00,9.172540565648969135e+00
3.730000000000000000e+03,9.310000000000000000e+03,2.758763515714062464e+02,2.578149931070504408e+02,2.512544305197213248e+02,2.454972452452103653e+02,2.558804577551017587e+02,2.486166426888999297e+02,2.502137418449810298e+02,2.494137882224824523e+02,2.494348529634666249e+02,2.660847276655251221e+02,2.726656861433875747e+02,2.691084382001656650e+02,2.660115373233489890e+02,1.561200124716692371e+05,3.276779515694560274e+00,9.156608046929363809e+00
3.740000000000000000e+03,9.320000000000000000e+03,2.758295004795780869e+02,2.577024560990498685e+02,2.511420699312122906e+02,2.453853147817216040e+02,2.557775713644348343e+02,2.485169365898689762e+02,2.500905496411514832e+02,2.493079102693637310e+02,2.493280757067502122e+02,2.659863658721063757e+02,2.726067452319012432e+02,2.690113046725024333e+02,2.659044036347959832e+02,1.560613727148085600e+05,3.276779515694560274e+00,9.140756373409537616e+00
3.750000000000000000e+03,9.330000000000000000e+03,2.757824849156249911e+02,2.575902841695244661e+02,2.510301390542926470e+02,2.452738161957886405e+02,2.556750610199491689e+02,2.484175166144694060e+02,2.499680068022674106e+02,2.492023848905915315e+02,2.492216486852842934e+02,2.658881474842405623e+02,2.725477440698615510e+02,2.689142783851140166e+02,2.657974111728013327e+02,1.560028906727295252e+05,3.276779515694560274e+00,9.124984890889333400e+00
3.760000000000000000e+03,9.340000000000000000e+03,2.757353064578359181e+02,2.574784753942874431e+02,2.509186350918251662e+02,2.451627465258715972e+02,2.555729243480603259e+02,2.483183818950901980e+02,2.498461064838625987e+02,2.490972104729298735e+02,2.491155703620167117e+02,2.657900731861610666e+02,2.724886834859871669e+02,2.688173601486848838e+02,2.656905610895642553e+02,1.559445655499926361e+05,3.276779515694560274e+00,9.109292952698391233e+00
3.770000000000000000e+03,9.350000000000000000e+03,2.756879666732265264e+02,2.573670279083655714e+02,2.508075552701232027e+02,2.450521028401922194e+02,2.554711589957399269e+02,2.482195315606271606e+02,2.497248419430862043e+02,2.489923854085056689e+02,2.490098392049025051e+02,2.656921436379047918e+02,2.724295643051591469e+02,2.687205507127561646e+02,2.655838545189061506e+02,1.558863965575334441e+05,3.276779515694560274e+00,9.093679919540257117e+00
3.780000000000000000e+03,9.360000000000000000e+03,2.756404671179922161e+02,2.572559396926325235e+02,2.506968968405127498e+02,2.449418822357770864e+02,2.553697626316172204e+02,2.481209647366840727e+02,2.496042065377940560e+02,2.488879080940977815e+02,2.489044536836012753e+02,2.655943594766588376e+02,2.723703873427953681e+02,2.686238509545437978e+02,2.654772925592530441e+02,1.558283829126512283e+05,3.276779515694560274e+00,9.078145159278612653e+00
3.790000000000000000e+03,9.370000000000000000e+03,2.755928093367656402e+02,2.571452089349192534e+02,2.505866570785794067e+02,2.448320818378868466e+02,2.552687329454390408e+02,2.480226805453157795e+02,2.494841937245332133e+02,2.487837769318676635e+02,2.487994122747950030e+02,2.654967213197927549e+02,2.723111534124889204e+02,2.685272615668191065e+02,2.653708762890731805e+02,1.557705238388384460e+05,3.276779515694560274e+00,9.062688046942188436e+00
3.800000000000000000e+03,9.380000000000000000e+03,2.755449948635390456e+02,2.570348337463705093e+02,2.504768332847857550e+02,2.447226988003309600e+02,2.551680676479652448e+02,2.479246781057149747e+02,2.493647970572820896e+02,2.486799903296636955e+02,2.486947134596433102e+02,2.653992297628066694e+02,2.722518633216842545e+02,2.684307832949780845e+02,2.652646067573675737e+02,1.557128185658130678e+05,3.276779515694560274e+00,9.047307964612606668e+00
3.810000000000000000e+03,9.390000000000000000e+03,2.754970252213046251e+02,2.569248122563147945e+02,2.503674227832740939e+02,2.446137303045056228e+02,2.550677644707044465e+02,2.478269565340635268e+02,2.492460101849450780e+02,2.485765467004922584e+02,2.485903557236921699e+02,2.653018853827725252e+02,2.721925178722523810e+02,2.683344168623272026e+02,2.651584849868390847e+02,1.556552663293852238e+05,3.276779515694560274e+00,9.032004301252504419e+00
3.820000000000000000e+03,9.400000000000000000e+03,2.754489019220937394e+02,2.568151426133242694e+02,2.502584229222755994e+02,2.445051735594354341e+02,2.549678211655167388e+02,2.477295149439632098e+02,2.491278268503789661e+02,2.484734444630542498e+02,2.484863375575575901e+02,2.652046887350805378e+02,2.721331178609799508e+02,2.682381629677244632e+02,2.650525119748077714e+02,1.555978663713965216e+05,3.276779515694560274e+00,9.016776452676138476e+00
3.830000000000000000e+03,9.410000000000000000e+03,2.754006264672890438e+02,2.567058229715348716e+02,2.501498310736953385e+02,2.443970258012832915e+02,2.548682355045685881e+02,2.476323524464295929e+02,2.490102408880857752e+02,2.483706820415779930e+02,2.483826574568735737e+02,2.651076403559625305e+02,2.720736640792475214e+02,2.681420222972744227e+02,2.649466886932326588e+02,1.555406179396778462e+05,3.276779515694560274e+00,9.001623821396250946e+00
3.840000000000000000e+03,9.420000000000000000e+03,2.753522003477422118e+02,2.565968514969782177e+02,2.500416446325181425e+02,2.442892842930302209e+02,2.547690052800670060e+02,2.475354681500743368e+02,2.488932462230087594e+02,2.482682578659005799e+02,2.482793139219165539e+02,2.650107407625736187e+02,2.720141573133576003e+02,2.680459955206893028e+02,2.648410160888300879e+02,1.554835202879847493e+05,3.276779515694560274e+00,8.986545816551966936e+00
3.850000000000000000e+03,9.430000000000000000e+03,2.753036250432265888e+02,2.564882263665853088e+02,2.499338610169817514e+02,2.441819463243005544e+02,2.546701283038532040e+02,2.474388611612994566e+02,2.487768368685453595e+02,2.481661703716233376e+02,2.481763054582470147e+02,2.649139904531290313e+02,2.719545983443179580e+02,2.679500832902349430e+02,2.647354950842511130e+02,1.554265726758671808e+05,3.276779515694560274e+00,8.971541853793059573e+00
3.860000000000000000e+03,9.440000000000000000e+03,2.752549020234609998e+02,2.563799457669929325e+02,2.498264776679993986e+02,2.440750092106098350e+02,2.545716024072600590e+02,2.473425305845621267e+02,2.486610069252547817e+02,2.480644180001223162e+02,2.480736305764384610e+02,2.648173899070321795e+02,2.718949879478154799e+02,2.678542862447706057e+02,2.646301265777001390e+02,1.553697743687006878e+05,3.276779515694560274e+00,8.956611355200164937e+00
3.870000000000000000e+03,9.450000000000000000e+03,2.752060327473672032e+02,2.562720078994730102e+02,2.497194920491398022e+02,2.439684702934604275e+02,2.544734254410477092e+02,2.472464755222819122e+02,2.485457505791740971e+02,2.479629991983403556e+02,2.479712877921710970e+02,2.647209395859082406e+02,2.718353268947898300e+02,2.677586050033909260e+02,2.645249114442164569e+02,1.553131246375465707e+05,3.276779515694560274e+00,8.941753749174830901e+00
3.880000000000000000e+03,9.460000000000000000e+03,2.751572144216094102e+02,2.561687931128656146e+02,2.498320479265566973e+02,2.439148352264398909e+02,2.550058853529563976e+02,2.487630391894434752e+02,2.484434646818753265e+02,2.479377254507406292e+02,2.479450894514341428e+02,2.646272902047686557e+02,2.717782142436516324e+02,2.676659215501957760e+02,2.644224995560841762e+02,1.553909473195407190e+05,1.678321372270995937e+01,9.000946644739599378e+00
3.890000000000000000e+03,9.470000000000000000e+03,2.751085056738047001e+02,2.560726092037164676e+02,2.500064887355785288e+02,2.438732312817122363e+02,2.554809206410649267e+02,2.501607707741322315e+02,2.483484575749510554e+02,2.479264468610442123e+02,2.479328859228668875e+02,2.645359825629130910e+02,2.717230649770953619e+02,2.675757451030152652e+02,2.643224324965433993e+02,1.554676065443083353e+05,1.671189017659962417e+01,9.045968364819374941e+00
3.900000000000000000e+03,9.480000000000000000e+03,2.750599311759843886e+02,2.559844060269342378e+02,2.501976341399104058e+02,2.438411845699225182e+02,2.559225623464953401e+02,2.514990168990858592e+02,2.482582452416365584e+02,2.479243021073540945e+02,2.479298157612094258e+02,2.644468102517058128e+02,2.716695899159097394e+02,2.674878294423459693e+02,2.642245051771088811e+02,1.555431223875792057e+05,1.663886318595142910e+01,9.087279415950742845e+00
3.910000000000000000e+03,9.490000000000000000e+03,2.750115060941484444e+02,2.559044305235182435e+02,2.503922394545224392e+02,2.438169301126421544e+02,2.563385681257688589e+02,2.527980852866318173e+02,2.481717049789003511e+02,2.479288156859857963e+02,2.479334032259338869e+02,2.643596720665905195e+02,2.716176390302050550e+02,2.674020503568397089e+02,2.641286179163433872e+02,1.556174891090878518e+05,1.656414200989478402e+01,9.127470393131666526e+00
3.920000000000000000e+03,9.500000000000000000e+03,2.749632425007421261e+02,2.558325914908782863e+02,2.505862358647274561e+02,2.437992259438425151e+02,2.567317604241342224e+02,2.540660403203561089e+02,2.480882869314879144e+02,2.479385812287306976e+02,2.479422417464316197e+02,2.642745098206535204e+02,2.715671218668870210e+02,2.673183367480177708e+02,2.640347141231260366e+02,1.556906944958661334e+05,1.648773612236573527e+01,9.167197974995064058e+00
3.930000000000000000e+03,9.510000000000000000e+03,2.749151512499530554e+02,2.557686392110742304e+02,2.507783046807569463e+02,2.437871745402895840e+02,2.571033778293910927e+02,2.553067116911217909e+02,2.480076941675369540e+02,2.479527029866243595e+02,2.479554354551711981e+02,2.641912859492337020e+02,2.715179764027633382e+02,2.672366430478355142e+02,2.639427578627348794e+02,1.557627248080962454e+05,1.640965521090575763e+01,9.206624520594434813e+00
3.940000000000000000e+03,9.520000000000000000e+03,2.748672425719374814e+02,2.557122516757119115e+02,2.509679874833868212e+02,2.437801058596328119e+02,2.574541177331244626e+02,2.565222613349045560e+02,2.479297464200666923e+02,2.479705521184141048e+02,2.479723554721588528e+02,2.641099738045894583e+02,2.714701557351837664e+02,2.671569371797833128e+02,2.638527241371398873e+02,1.558335661078972626e+05,1.632990917543348175e+01,9.245779732567203979e+00
3.950000000000000000e+03,9.530000000000000000e+03,2.748195262656875002e+02,2.556630765753583887e+02,2.511551050981499316e+02,2.437775036549151082e+02,2.577844798324281328e+02,2.577140894014489163e+02,2.478543185780575868e+02,2.479916527701849134e+02,2.479925259741134482e+02,2.640305525963308355e+02,2.714236215692528162e+02,2.670791944991320293e+02,2.637645938209940368e+02,1.559032046341062523e+05,1.624850812698942448e+01,9.284656047241856669e+00
3.960000000000000000e+03,9.540000000000000000e+03,2.747720117565703504e+02,2.556207525282610789e+02,2.513395713242336740e+02,2.437789582021401031e+02,2.580948857457029817e+02,2.588831941235043814e+02,2.477813114926644857e+02,2.480156245516506033e+02,2.480155666484023698e+02,2.639530044297462723e+02,2.713783405919123197e+02,2.670033942823860684e+02,2.636783506973756630e+02,1.559716269110831199e+05,1.616546238645408451e+01,9.323235236363785816e+00
3.970000000000000000e+03,9.550000000000000000e+03,2.747247081050390989e+02,2.555849200803457393e+02,2.515213311972520387e+02,2.437841351793129547e+02,2.583857227270714247e+02,2.600303345249156450e+02,2.477106376797319740e+02,2.480421511648434034e+02,2.480411613017747925e+02,2.638773124907019110e+02,2.713342823012725944e+02,2.669295176467221609e+02,2.635939796367623558e+02,1.560388197789938422e+05,1.608078248323927539e+01,9.361496246033665258e+00
3.980000000000000000e+03,9.560000000000000000e+03,2.746776240000390317e+02,2.555552276926734976e+02,2.517003401554508741e+02,2.437927547071485037e+02,2.586573601868362289e+02,2.611561138862994653e+02,2.476422142868354399e+02,2.480709619880678645e+02,2.480690394486087769e+02,2.638034599277900156e+02,2.712914176482199764e+02,2.668575461627551135e+02,2.635114654787737436e+02,1.561047704000192753e+05,1.599447915395315967e+01,9.399417610265903278e+00
3.990000000000000000e+03,9.570000000000000000e+03,2.746307677480312464e+02,2.555313349064193176e+02,2.518765570673863863e+02,2.438045769612919855e+02,2.589101560758393816e+02,2.622610274166697764e+02,2.475759597479981835e+02,2.481018205332214848e+02,2.480989647432722904e+02,2.637314291798585941e+02,2.712497182116478598e+02,2.667874610137672562e+02,2.634307923570964363e+02,1.561694662570361397e+05,1.590656334103889336e+01,9.436978206410788772e+00
4.000000000000000000e+03,9.580000000000000000e+03,2.745841472611641052e+02,2.555129139141627661e+02,2.520499420515497491e+02,2.438193921317742365e+02,2.591444593380530819e+02,2.633454918809128458e+02,2.475117923474907684e+02,2.481345167556161471e+02,2.481307272954221617e+02,2.636612015932464601e+02,2.712091556969883186e+02,2.667192425184935018e+02,2.633519433130776974e+02,1.562328951498650131e+05,1.581704619138727530e+01,9.474157480759256345e+00
4.010000000000000000e+03,9.590000000000000000e+03,2.745377700484531260e+02,2.554996502912314895e+02,2.522204559334386431e+02,2.438370133057180453e+02,2.593606108143803795e+02,2.644098652317652522e+02,2.474496297692138569e+02,2.481688616853714393e+02,2.481641382937630453e+02,2.635927572267009964e+02,2.711697016584305402e+02,2.666528698029579232e+02,2.632749000993931077e+02,1.562950451912151184e+05,1.572593905492339061e+01,9.510935500962236944e+00
4.020000000000000000e+03,9.600000000000000000e+03,2.744916432068046674e+02,2.554912430860911741e+02,2.523880602158105546e+02,2.438572713537488994e+02,2.595589435742919591e+02,2.654544602471912071e+02,2.473893891361517205e+02,2.482046835141768781e+02,2.481990260944198781e+02,2.635260747751495387e+02,2.711313273595128521e+02,2.665883206889992607e+02,2.631996431001965675e+02,1.563559048024117365e+05,1.563325348316758934e+01,9.547292953336974364e+00
4.030000000000000000e+03,9.610000000000000000e+03,2.744457734169843661e+02,2.554874046104498575e+02,2.525527172508945455e+02,2.438800112000994034e+02,2.597397830870280586e+02,2.664795541993157144e+02,2.473309872734818384e+02,2.482418246589566593e+02,2.482352332779660173e+02,2.634611315702250636e+02,2.710940037259850897e+02,2.665255716436040530e+02,2.631261513293211465e+02,1.564154627094272582e+05,1.553900122777080028e+01,9.583211121985566905e+00
4.040000000000000000e+03,9.620000000000000000e+03,2.744001669393827569e+02,2.554878600247988629e+02,2.527143902819588845e+02,2.439050890715089395e+02,2.599034472501714390e+02,2.674853962826567795e+02,2.472743410523347620e+02,2.482801394942088677e+02,2.482726143843795512e+02,2.633979036250109402e+02,2.710577013488153852e+02,2.664645977926163596e+02,2.630544024725965073e+02,1.564737079391723382e+05,1.544319423902459576e+01,9.618671869508737871e+00
4.050000000000000000e+03,9.630000000000000000e+03,2.743548296123281034e+02,2.554923468058219953e+02,2.528730436044526186e+02,2.439323704393753474e+02,2.600502465211610570e+02,2.684722129407679176e+02,2.472193677390702078e+02,2.483194925729772251e+02,2.483110341320069097e+02,2.633363657062706125e+02,2.710223905245653100e+02,2.664053729723149218e+02,2.629843729575452471e+02,1.565306298158114660e+05,1.534584466434598937e+01,9.653657614995882597e+00
4.060000000000000000e+03,9.640000000000000000e+03,2.743097668519999957e+02,2.555006141518480263e+02,2.530286426113253242e+02,2.439617284637655530e+02,2.601804840296218799e+02,2.694402121056614874e+02,2.471659853145779380e+02,2.483597572063060284e+02,2.483503659967211377e+02,2.632764914199868258e+02,2.709880413132114541e+02,2.663478698019590638e+02,2.629160380370863095e+02,1.565862179573435278e+05,1.524696484673722630e+01,9.688151316556904646e+00
4.070000000000000000e+03,9.650000000000000000e+03,2.742649836533281018e+02,2.555124223834541510e+02,2.531811538287664121e+02,2.439930428045750261e+02,2.602944557225080757e+02,2.703895864785538379e+02,2.471141127472696155e+02,2.484008143167831122e+02,2.483904910647175939e+02,2.632182533033853815e+02,2.709546235930051807e+02,2.662920597663720628e+02,2.628493718780116524e+02,1.566404622723402572e+05,1.514656732322085730e+01,9.722136456177139507e+00
4.080000000000000000e+03,9.660000000000000000e+03,2.742204845924296706e+02,2.555275423253779650e+02,2.533305449273678676e+02,2.440261986997654731e+02,2.603924505322628420e+02,2.713205161305779711e+02,2.470636702168505963e+02,2.484425515021042656e+02,2.484312970959899189e+02,2.631616229157480120e+02,2.709221071345076552e+02,2.662379133010946362e+02,2.627843476516824239e+02,1.566933529567187070e+05,1.504466482325012322e+01,9.755597026909109459e+00
4.090000000000000000e+03,9.670000000000000000e+03,2.741762738303202696e+02,2.555457547179541393e+02,2.534767847189729650e+02,2.440610862467402740e+02,2.604747505602873616e+02,2.722331705825790777e+02,2.470145792907579789e+02,2.484848622639822509e+02,2.484726777531548123e+02,2.631065709307316069e+02,2.708904616588391718e+02,2.661853998792728362e+02,2.627209376217197700e+02,1.567448804906932928e+05,1.494127026709502459e+01,9.788517522029646756e+00
4.100000000000000000e+03,9.680000000000000000e+03,2.741323551162422518e+02,2.555668497055419834e+02,2.536198431421345845e+02,2.440975998323378064e+02,2.605416312712817444e+02,2.731277104901129746e+02,2.469667630582050606e+02,2.485276453699697754e+02,2.485145319617929260e+02,2.630530672211286287e+02,2.708596568508633027e+02,2.661344880969365363e+02,2.626591132279497742e+02,1.567950356356883713e+05,1.483639676420408549e+01,9.820882925977564071e+00
4.110000000000000000e+03,9.690000000000000000e+03,2.740887317937109628e+02,2.555906260963128602e+02,2.537596912405714988e+02,2.441356376780728965e+02,2.605933616925530032e+02,2.740042890196195913e+02,2.469201462271225296e+02,2.485708043148595152e+02,2.485567633745649516e+02,2.630010809332030703e+02,2.708296625928476260e+02,2.660851457470847663e+02,2.625988451631492353e+02,1.568438094314478803e+05,1.473005761154226967e+01,9.852678706530522135e+00
4.120000000000000000e+03,9.700000000000000000e+03,2.740454068052734442e+02,2.556168911666634358e+02,2.538963011369577316e+02,2.441751014720110220e+02,2.606302046151943159e+02,2.748630529832147431e+02,2.468746551907361493e+02,2.486142468742597771e+02,2.485992799216897708e+02,2.629505805724525089e+02,2.708004487483354410e+02,2.660373399023703200e+02,2.625401034490640768e+02,1.568911931930955034e+05,1.462226629190502614e+01,9.883890808416269991e+00
4.130000000000000000e+03,9.710000000000000000e+03,2.740023826986718518e+02,2.556454599892998374e+02,2.540296460052047394e+02,2.442158960673110641e+02,2.606524167942682197e+02,2.757041437821276872e+02,2.468302180682433402e+02,2.486578847217195687e+02,2.486419934288891227e+02,2.629015340669408829e+02,2.707719853738916527e+02,2.659910369812870385e+02,2.624828575032464073e+02,1.569371785082396236e+05,1.451303647220878723e+01,9.914505647799392918e+00
4.140000000000000000e+03,9.720000000000000000e+03,2.739596616342656148e+02,2.556761550456484429e+02,2.541597000409294651e+02,2.442579292327136500e+02,2.606602491456710027e+02,2.765276981960552121e+02,2.467867647251661083e+02,2.487016331031578886e+02,2.486848192919164546e+02,2.628539088328957973e+02,2.707442427168010113e+02,2.659462028145971431e+02,2.624270762026167176e+02,1.569817572342208005e+05,1.440238200175813077e+01,9.944510107662029696e+00
4.150000000000000000e+03,9.730000000000000000e+03,2.739172453900937398e+02,2.557088058191598634e+02,2.542864384323697209e+02,2.443011114431970441e+02,2.606539469385517123e+02,2.773338490484066483e+02,2.467442267774729885e+02,2.487454105571934235e+02,2.487276761967216885e+02,2.628076718348045233e+02,2.707171912475441786e+02,2.659028027062603314e+02,2.623727279405364357e+02,1.570249214951056056e+05,1.429031691048984953e+01,9.973891533826105160e+00
4.160000000000000000e+03,9.740000000000000000e+03,2.738751353720390398e+02,2.557432484195592508e+02,2.544098373314242281e+02,2.443453557026848841e+02,2.606337499822037103e+02,2.781227257707564604e+02,2.467025375819042665e+02,2.487891386736360744e+02,2.487704858778238588e+02,2.627627896389368516e+02,2.706908016868958953e+02,2.658608014891467519e+02,2.623197806821988252e+02,1.570666636790740013e+05,1.417685540719407022e+01,1.000263773162082970e+01
4.170000000000000000e+03,9.750000000000000000e+03,2.738333326171484714e+02,2.557793252362532712e+02,2.545298738267334500e+02,2.443905773916364979e+02,2.605998928075067624e+02,2.788944548835606838e+02,2.466616322178900873e+02,2.488327418834009279e+02,2.488131729082246864e+02,2.627192284659824395e+02,2.706650450300568309e+02,2.658201635796600613e+02,2.622682020115859700e+02,1.571069764355373918e+05,1.406201187771269012e+01,1.003073696298035244e+01
4.180000000000000000e+03,9.760000000000000000e+03,2.737918378062421425e+02,2.558168846059147086e+02,2.546465259160820551e+02,2.444366941350254763e+02,2.605526048413686908e+02,2.796491604078255477e+02,2.466214474600919004e+02,2.488761472745153185e+02,2.488556645151178088e+02,2.626769542362004586e+02,2.706398925668046900e+02,2.657808530253793151e+02,2.622179591792160522e+02,1.571458526723496034e+05,1.394580088311543342e+01,1.005817794391020037e+01
4.190000000000000000e+03,9.770000000000000000e+03,2.737506512686405813e+02,2.558557805182672951e+02,2.547597724819944460e+02,2.444836256860305070e+02,2.604921105756030215e+02,2.803869642189149545e+02,2.465819217466577697e+02,2.489192844303833567e+02,2.488978904179645042e+02,2.626359326132180740e+02,2.706153158983353251e+02,2.657428335511383466e+02,2.621690191433361861e+02,1.571832855530166416e+05,1.382823715785362140e+01,1.008494984223654356e+01
4.200000000000000000e+03,9.780000000000000000e+03,2.737097764965390638e+02,2.558960455753594374e+02,2.548734650904135037e+02,2.445462737907169526e+02,2.604374823117713618e+02,2.811100221164140294e+02,2.465450371239803928e+02,2.489645908785734889e+02,2.489422882910421322e+02,2.625961807211684800e+02,2.705913336418954032e+02,2.657061203567169514e+02,2.621214002633639097e+02,1.572216718992222159e+05,1.395106843156438714e+01,1.011243457485913311e+01
4.210000000000000000e+03,9.790000000000000000e+03,2.736692186083437832e+02,2.559377461970683498e+02,2.549897615234121417e+02,2.446274309300671916e+02,2.603924983297645213e+02,2.818193206275852276e+02,2.465116116317149988e+02,2.490128068141099789e+02,2.489895984790374541e+02,2.625577216491844865e+02,2.705679683113907004e+02,2.656707350252983133e+02,2.620751268317500831e+02,1.572616556565740611e+05,1.413910605410748467e+01,1.014073108507016130e+01
4.220000000000000000e+03,9.800000000000000000e+03,2.736289830527734352e+02,2.559809442146237473e+02,2.551092680276563271e+02,2.447260484526547657e+02,2.603560911011933285e+02,2.825152597632920788e+02,2.464818802506766247e+02,2.490639952079971522e+02,2.490398841001961614e+02,2.625205719188196554e+02,2.705452350253713689e+02,2.656366923824655260e+02,2.620302165547648769e+02,1.573032165316216124e+05,1.432576643672472905e+01,1.016967969604352717e+01
4.230000000000000000e+03,9.810000000000000000e+03,2.735890752768515881e+02,2.560257017204235126e+02,2.552321403494206038e+02,2.448414728184631031e+02,2.603276895901435637e+02,2.831981473593327792e+02,2.464559890281322510e+02,2.491181957947856063e+02,2.490931850288815212e+02,2.624847446293521216e+02,2.705231448972523367e+02,2.656040033639827698e+02,2.619866837031420346e+02,1.573463345444654115e+05,1.451102591265094688e+01,1.019922538653802135e+01
4.240000000000000000e+03,9.820000000000000000e+03,2.735495006347109666e+02,2.560720799295381198e+02,2.553583985116284509e+02,2.449732036710324792e+02,2.603069121932051075e+02,2.838682366254887484e+02,2.464340323761375657e+02,2.491754308108135945e+02,2.491495236346927129e+02,2.624502509313201699e+02,2.705017067301423026e+02,2.655726765079128882e+02,2.619445405876284667e+02,1.573909897629184416e+05,1.469486099274261193e+01,1.022933990250266234e+01
4.250000000000000000e+03,9.830000000000000000e+03,2.735102643592734353e+02,2.561201376235081852e+02,2.554880194094678814e+02,2.451208122661679738e+02,2.602934633935737452e+02,2.845257454738244860e+02,2.464160721621497316e+02,2.492357103197922754e+02,2.492089101080652256e+02,2.624171007212266886e+02,2.704809278628422362e+02,2.655427187626155501e+02,2.619037982491186085e+02,1.574371622286637430e+05,1.487724836845611875e+01,1.026000254406360668e+01
4.260000000000000000e+03,9.840000000000000000e+03,2.734713715565546863e+02,2.561699301539798626e+02,2.556209652999271498e+02,2.452839103650218249e+02,2.602870946099338312e+02,2.851708672437133600e+02,2.464021482194382884e+02,2.492990358163747828e+02,2.492713460659088014e+02,2.623853030097746455e+02,2.704608146312806412e+02,2.655141359287308092e+02,2.618644668328486773e+02,1.574848319337218709e+05,1.505816491480300279e+01,1.029119515355089298e+01
4.270000000000000000e+03,9.850000000000000000e+03,2.734328272063671648e+02,2.562215089164300252e+02,2.557571929807219817e+02,2.454621363968410037e+02,2.602875870302212320e+02,2.858037772031135546e+02,2.463922846545890479e+02,2.493654025400335001e+02,2.493368268661007789e+02,2.623548661412445426e+02,2.704413726392070316e+02,2.654869329292133671e+02,2.618265558043913188e+02,1.575339788108576904e+05,1.523758769328199136e+01,1.032290071703044454e+01
4.280000000000000000e+03,9.860000000000000000e+03,2.733946361644999570e+02,2.562749211271959666e+02,2.558966568859231359e+02,2.456551482178850279e+02,2.602947428263644269e+02,2.864246368038544119e+02,2.463864939296495322e+02,2.494348009789105731e+02,2.494053431125328473e+02,2.623257979265924860e+02,2.704226069244930386e+02,2.654611139798931845e+02,2.617900740838468323e+02,1.575845827283179387e+05,1.541549395478746476e+01,1.035510294087713490e+01
4.290000000000000000e+03,9.870000000000000000e+03,2.733568031663515967e+02,2.563302097840075362e+02,2.560393101802454794e+02,2.458626187411079513e+02,2.603083799965845060e+02,2.870335966318186820e+02,2.463847796557532490e+02,2.495072178812412460e+02,2.494768816670133162e+02,2.622981057267954839e+02,2.704045220621953831e+02,2.654366826991972630e+02,2.617550301291645951e+02,1.576366234858968819e+05,1.559186114249369659e+01,1.038778610866718388e+01
4.300000000000000000e+03,9.880000000000000000e+03,2.733193328303827911e+02,2.563874137328990628e+02,2.561851051672945800e+02,2.460842330098505499e+02,2.603283290019362539e+02,2.876307985359189843e+02,2.463871385821304898e+02,2.495826369636607751e+02,2.495514263582450667e+02,2.622717965028368781e+02,2.703871222362802769e+02,2.654136421805396822e+02,2.617214319859562011e+02,1.576900808117719134e+05,1.576666689471495353e+01,1.042093502394109805e+01
4.310000000000000000e+03,9.890000000000000000e+03,2.732822296608906072e+02,2.564465678146702885e+02,2.563339934578675638e+02,2.463196860876219603e+02,2.603544304078465075e+02,2.882163772086590825e+02,2.463935620496054355e+02,2.496610394274496230e+02,2.496289584981340681e+02,2.622468768462217668e+02,2.703704112730353017e+02,2.653919950394922580e+02,2.616892873182329140e+02,1.577449343595155806e+05,1.593988904774067450e+01,1.045453498075687193e+01
4.320000000000000000e+03,9.900000000000000000e+03,2.732454980518281218e+02,2.565077030281380530e+02,2.564859260499974880e+02,2.465686814722483859e+02,2.603865331498128057e+02,2.887904613827591902e+02,2.464040370742296773e+02,2.497424043467534602e+02,2.497094572702609696e+02,2.622233529903247131e+02,2.703543926768023766e+02,2.653717434448884660e+02,2.616586034221575687e+02,1.578011637054696912e+05,1.611150563864569207e+01,1.048857174376251677e+01
4.330000000000000000e+03,9.910000000000000000e+03,2.732091422891249977e+02,2.565708467079723505e+02,2.566408533734806952e+02,2.468309298636771700e+02,2.604244932123887111e+02,2.893531747519178907e+02,2.464185471646871690e+02,2.498267089671823271e+02,2.497929000291298962e+02,2.622012308350879266e+02,2.703390696415269758e+02,2.653528891404940850e+02,2.616293872402621901e+02,1.578587483461504453e+05,1.628149490807484057e+01,1.052303153157691895e+01
4.340000000000000000e+03,9.920000000000000000e+03,2.731731665531640374e+02,2.566360227355843335e+02,2.567987253265229128e+02,2.471061481836178473e+02,2.604681726028671847e+02,2.899046366884754775e+02,2.464370729470625179e+02,2.499139289431284965e+02,2.498792625369968050e+02,2.621805159351374641e+02,2.703244450644937160e+02,2.653354334593598765e+02,2.616016453618163951e+02,1.579176676959727774e+05,1.644983530300187624e+01,1.055790100147864585e+01
4.350000000000000000e+03,9.930000000000000000e+03,2.731375749216250028e+02,2.567032517263265277e+02,2.569594913043592896e+02,2.473940587877705184e+02,2.605174385370529535e+02,2.904449628072397900e+02,2.464595926462912416e+02,2.500040385273107120e+02,2.499685191534455555e+02,2.621612135057552564e+02,2.703105215536211858e+02,2.653193773353006009e+02,2.615753840233948040e+02,1.579779010851230123e+05,1.661650547946223000e+01,1.059316723468514354e+01
4.360000000000000000e+03,9.940000000000000000e+03,2.731023713717734154e+02,2.567725512147395648e+02,2.571231002262370566e+02,2.476943888199479602e+02,2.605721627856432860e+02,2.909742654139677143e+02,2.464860824594827591e+02,2.500970107244725114e+02,2.500606429888464959e+02,2.621433284221683948e+02,2.702973014351634902e+02,2.653047213115535214e+02,2.615506091094097201e+02,1.580394277575525921e+05,1.678148430525915202e+01,1.062881772184037743e+01
4.370000000000000000e+03,9.950000000000000000e+03,2.730675597823984049e+02,2.568439358351305373e+02,2.572895005598472267e+02,2.480068696786815394e+02,2.606322211408750036e+02,2.914926538642914693e+02,2.465165168484681431e+02,2.501928174177744495e+02,2.501556060321236714e+02,2.621268652190401554e+02,2.702847867592870443e+02,2.652914655490011455e+02,2.615273261504172524e+02,1.581022268691883364e+05,1.694475086264311159e+01,1.066484034870951980e+01
4.380000000000000000e+03,9.960000000000000000e+03,2.730331439355156249e+02,2.569174174922392808e+02,2.574586403471341214e+02,2.483312365715209467e+02,2.606974929788369195e+02,2.920002348538720298e+02,2.465508687706398803e+02,2.502914294739542811e+02,2.502533792545343374e+02,2.621118280879329632e+02,2.702729792998067069e+02,2.652796098333329269e+02,2.615055403224687325e+02,1.581662774862441584e+05,1.710628445096395467e+01,1.070122338206109802e+01
4.390000000000000000e+03,9.970000000000000000e+03,2.729991275196093738e+02,2.569930055263922668e+02,2.576304672219100667e+02,2.486672281361384194e+02,2.607678608946573036e+02,2.924971126545430025e+02,2.465891098585819634e+02,2.503928168307959083e+02,2.503539326977493431e+02,2.620982208808710539e+02,2.702618805699722770e+02,2.652691535822509650e+02,2.614852564453914283e+02,1.582315585838240222e+05,1.726606458929560617e+01,1.073795545551979203e+01
4.400000000000000000e+03,9.980000000000000000e+03,2.729655141304687049e+02,2.570707068421777421e+02,2.578049284390506273e+02,2.490145861247683854e+02,2.608432103966096065e+02,2.929833893070958766e+02,2.466312105701852033e+02,2.504969485712542792e+02,2.504572355480748627e+02,2.620860471021859439e+02,2.702514918220588811e+02,2.652600958531931497e+02,2.614664789831402345e+02,1.582980490445644245e+05,1.742407101903275546e+01,1.077502555583119914e+01
4.410000000000000000e+03,9.990000000000000000e+03,2.729323072737421967e+02,2.571505260780061803e+02,2.579819708898756971e+02,2.493730551266750410e+02,2.609234296461978602e+02,2.934591647813887221e+02,2.466771403035677110e+02,2.506037929869140726e+02,2.505632561983757398e+02,2.620753099143933014e+02,2.702418140424953776e+02,2.652524353515515827e+02,2.614492120428191129e+02,1.583657276575169235e+05,1.758028370645953586e+01,1.081242300902239961e+01
4.420000000000000000e+03,1.000000000000000000e+04,2.728995103660390669e+02,2.572324657037949009e+02,2.581615411204157908e+02,2.497423823316531184e+02,2.610084092363659920e+02,2.939245371065999848e+02,2.467268674927563268e+02,2.507133176298938793e+02,2.506719623068821647e+02,2.620660121365443160e+02,2.702328479848210350e+02,2.652461704382470771e+02,2.614334593753912941e+02,1.584345731171368388e+05,1.773468284528956218e+01,1.085013746672998991e+01
4.430000000000000000e+03,1.001000000000000000e+04,2.728671267377030745e+02,2.573165261647435500e+02,2.583435853564809577e+02,2.501223173242549365e+02,2.610980419992997668e+02,2.943796024868929635e+02,2.467803596857020239e+02,2.508254893630395657e+02,2.507833208287783862e+02,2.620581562454925688e+02,2.702245941523992769e+02,2.652412991375743445e+02,2.614192243768098365e+02,1.585045640224980016e+05,1.788724885917724805e+01,1.088815889258232694e+01
4.440000000000000000e+03,1.002000000000000000e+04,2.728351596333828297e+02,2.574027059816475003e+02,2.585280495183224048e+02,2.505126118816110079e+02,2.611922228398541961e+02,2.948244553903482483e+02,2.468375836087398625e+02,2.509402743984183815e+02,2.508972980853815216e+02,2.620517443773624677e+02,2.702170528169854151e+02,2.652378191479459133e+02,2.614065100880492309e+02,1.585756788765826204e+05,1.803796240419980279e+01,1.092647754876620603e+01
4.450000000000000000e+03,1.003000000000000000e+04,2.728036122152890925e+02,2.574910018591520497e+02,2.587148792113031277e+02,2.509130199020392240e+02,2.612908485893076431e+02,2.952591886151890321e+02,2.468985052203623525e+02,2.510576383293043818e+02,2.510138597672631420e+02,2.620467783294398600e+02,2.702102240203985275e+02,2.652357278493029753e+02,2.613953191974992478e+02,1.586478960858464707e+05,1.818680437130992900e+01,1.096508398335858381e+01
4.460000000000000000e+03,1.004000000000000000e+04,2.727724875628437644e+02,2.575814087785878996e+02,2.589040197957859846e+02,2.513232971290497062e+02,2.613938178781610304e+02,2.956838933832558496e+02,2.469630897565081682e+02,2.511775461711164610e+02,2.511329709866701876e+02,2.620432595581929718e+02,2.702041075852332597e+02,2.652350223135092619e+02,2.613856540444234042e+02,1.587211939597918536e+05,1.833375588875867379e+01,1.100396901587095044e+01
4.470000000000000000e+03,1.005000000000000000e+04,2.727417886763203114e+02,2.576739201010254305e+02,2.590954163571096274e+02,2.517432011213061855e+02,2.615010310113414675e+02,2.960986593753976877e+02,2.470313017689397270e+02,2.512999623813123549e+02,2.512545963081023785e+02,2.620411891910409281e+02,2.701987031206931533e+02,2.652356993054464169e+02,2.613775166193586870e+02,1.587955507108389866e+05,1.847879832448811399e+01,1.104312372487998672e+01
4.480000000000000000e+03,1.006000000000000000e+04,2.727115184772030716e+02,2.577685276287506326e+02,2.592890137467464911e+02,2.521724911189798490e+02,2.616123898811550816e+02,2.965035747984928776e+02,2.471031051586066951e+02,2.514248508775042978e+02,2.513786997412248638e+02,2.620405680201371865e+02,2.701940100303052645e+02,2.652377553052818939e+02,2.613709085691689324e+02,1.588709444542590354e+05,1.862191328849379701e+01,1.108253943470354841e+01
4.490000000000000000e+03,1.007000000000000000e+04,2.726816798104062514e+02,2.578652217018486681e+02,2.594847565582463176e+02,2.526109279428007994e+02,2.617277978640142919e+02,2.968987263936152203e+02,2.471784632045836929e+02,2.515521751025326012e+02,2.515052448114372510e+02,2.620413965082768186e+02,2.701900275184826796e+02,2.652411865148835659e+02,2.613658311942809860e+02,1.589473532082929742e+05,1.876308263515639396e+01,1.112220770302000261e+01
4.500000000000000000e+03,1.008000000000000000e+04,2.726522754449999866e+02,2.579639912547337417e+02,2.596825891902681178e+02,2.530582739047840164e+02,2.618471597361690328e+02,2.972841995126337906e+02,2.472573385896890841e+02,2.516818979821668449e+02,2.516341945510446578e+02,2.620436747923500889e+02,2.701867546004941119e+02,2.652459888550471874e+02,2.613622854556047059e+02,1.590247548944028094e+05,1.890228846554238373e+01,1.116212030732543248e+01
4.510000000000000000e+03,1.009000000000000000e+04,2.726233080768593595e+02,2.580648239072597789e+02,2.598824558203577908e+02,2.535142927410431639e+02,2.619703816010550099e+02,2.976600781236617195e+02,2.473396934232359854e+02,2.518139819828640498e+02,2.517655115267191377e+02,2.620474026849917664e+02,2.701841901046240082e+02,2.652521579869799666e+02,2.613602719785275781e+02,1.591031273377257749e+05,1.903951312967350873e+01,1.120226923255825646e+01
4.520000000000000000e+03,1.010000000000000000e+04,2.725947803287734246e+02,2.581677060046715724e+02,2.600843004363094906e+02,2.539787495238677479e+02,2.620973708196596590e+02,2.980264448482361104e+02,2.474254892610207719e+02,2.519483891277469070e+02,2.518991578545306425e+02,2.620525796787649710e+02,2.701823326846835016e+02,2.652596893159295632e+02,2.613597910537733924e+02,1.591824482675798645e+05,1.917473922876453685e+01,1.124264665835811705e+01
4.530000000000000000e+03,1.011000000000000000e+04,2.725666947531562982e+02,2.582726226942737640e+02,2.602880668398668718e+02,2.544514106132145912e+02,2.622280359416332658e+02,2.983833809820339980e+02,2.475146871248024354e+02,2.520850810094801773e+02,2.520350952187240523e+02,2.620592049492273645e+02,2.701811808227010943e+02,2.652685779999874853e+02,2.613608426411362302e+02,1.592626953182544676e+05,1.930794961742934746e+01,1.128324494658218669e+01
4.540000000000000000e+03,1.012000000000000000e+04,2.725390538326719252e+02,2.583795579677946535e+02,2.604936986630923457e+02,2.549320435964112903e+02,2.623622866524955271e+02,2.987309665194331956e+02,2.476072475186609836e+02,2.522240188033987920e+02,2.521732848884320788e+02,2.620672773553896491e+02,2.701807328379672981e+02,2.652788189560583305e+02,2.613634263710586652e+02,1.593438460297707061e+05,1.943912740585478716e+01,1.132405662895957654e+01
4.550000000000000000e+03,1.013000000000000000e+04,2.725118599812421962e+02,2.584884947260263743e+02,2.607011393741596521e+02,2.554204172393754675e+02,2.625000337161583275e+02,2.990692801702211909e+02,2.477031304452317784e+02,2.523651632834770169e+02,2.523136877301598133e+02,2.620767954488508735e+02,2.701809868893549265e+02,2.652904068782118543e+02,2.613675415514309179e+02,1.594258778490241675e+05,1.956825596194210348e+01,1.136507439465434111e+01
4.560000000000000000e+03,1.014000000000000000e+04,2.724851155455703520e+02,2.585994148204218845e+02,2.609103322920366281e+02,2.559163014461903458e+02,2.626411889253928393e+02,2.993983993769779772e+02,2.478022954203180177e+02,2.525084748386297235e+02,2.524562642241034780e+02,2.620877574712454248e+02,2.701819409850380680e+02,2.653033362299074724e+02,2.613731871671695899e+02,1.595087681307405292e+05,1.969531891341576113e+01,1.140629107828893396e+01
4.570000000000000000e+03,1.015000000000000000e+04,2.724588228069374622e+02,2.587122990936031783e+02,2.611212205965823614e+02,2.564194672195724820e+02,2.627856650555789315e+02,2.997184003312360119e+02,2.479047014869898931e+02,2.526539134854550639e+02,2.526009744771311603e+02,2.621001613584984966e+02,2.701835929868352650e+02,2.653176012611664873e+02,2.613803618857167521e+02,1.595924941389365413e+05,1.982030014989929612e+01,1.144769964790977923e+01
4.580000000000000000e+03,1.016000000000000000e+04,2.724329839812031082e+02,2.588271274529609514e+02,2.613337473332688887e+02,2.569296866269930888e+02,2.629333758212412704e+02,3.000293579840706570e+02,2.480103072289201123e+02,2.528014388809616548e+02,2.527477782358226932e+02,2.621140047453434931e+02,2.701859406158877164e+02,2.653331960138689283e+02,2.613890640547348312e+02,1.596770330482189311e+05,1.994318382495794495e+01,1.148929319298468066e+01
4.590000000000000000e+03,1.017000000000000000e+04,2.724076012213203057e+02,2.589438788689127477e+02,2.615478554319129216e+02,2.574467327766406584e+02,2.630842358348688776e+02,3.003313460630397458e+02,2.481190707828063751e+02,2.529510103347593031e+02,2.528966348993595830e+02,2.621292849664412188e+02,2.701889814591539789e+02,2.653501143274158949e+02,2.613992917098545377e+02,1.597623619454365980e+05,2.006395435810782146e+01,1.153106491285408808e+01
4.600000000000000000e+03,1.018000000000000000e+04,2.723826766159374984e+02,2.590625314554964120e+02,2.617634877098508923e+02,2.579703797908084084e+02,2.632381605738063399e+02,3.006244370813929550e+02,2.482309498502509655e+02,2.531025868227375781e+02,2.530475035304387745e+02,2.621459990592810527e+02,2.701927129623842347e+02,2.653683498458966028e+02,2.614110425754178664e+02,1.598484578312985832e+05,2.018259643679138193e+01,1.157300810519348389e+01
4.610000000000000000e+03,1.019000000000000000e+04,2.723582121934843485e+02,2.591830624652086499e+02,2.619805868829623705e+02,2.585004027911913909e+02,2.633950663403931003e+02,3.009087023489374815e+02,2.483459017097951005e+02,2.532561269964458006e+02,2.532003428683900097e+02,2.621641437679468254e+02,2.701971324576466031e+02,2.653878960231324982e+02,2.614243140693188252e+02,1.599352976222677389e+05,2.029909501831893692e+01,1.161511615458041824e+01
4.620000000000000000e+03,1.020000000000000000e+04,2.723342099208359741e+02,2.593054483598577917e+02,2.621990955752304444e+02,2.590365778828536349e+02,2.635548702322508916e+02,3.011842119832240314e+02,2.484638832278137670e+02,2.534115891962177045e+02,2.533551113387617875e+02,2.621837155432565396e+02,2.702022371482736958e+02,2.654087461285866993e+02,2.614391032995485489e+02,1.600228581524925539e+05,2.041343533177585812e+01,1.165738252139277087e+01
4.630000000000000000e+03,1.021000000000000000e+04,2.723106717043281151e+02,2.594296648256800495e+02,2.624189563305324668e+02,2.595786821351016442e+02,2.637174901120621939e+02,3.014510349187274869e+02,2.485848508693299266e+02,2.535689314622393908e+02,2.535117670669389156e+02,2.622047105474606497e+02,2.702080241177984590e+02,2.654308932527259799e+02,2.614554070749735502e+02,1.601111161758811213e+05,2.052560287989544108e+01,1.169980073071623394e+01
4.640000000000000000e+03,1.022000000000000000e+04,2.722875993912031163e+02,2.595556868097496590e+02,2.626401116158327795e+02,2.601264935879314635e+02,2.638828445789916941e+02,3.017092389162845052e+02,2.487087607092924202e+02,2.537281115436630614e+02,2.536702678862237690e+02,2.622271246553352171e+02,2.702144903363290496e+02,2.654543303114983246e+02,2.614732218996218762e+02,1.602000483683545317e+05,2.063558344089702956e+01,1.174236436172501463e+01
4.650000000000000000e+03,1.023000000000000000e+04,2.722649947698828328e+02,2.596834885466494143e+02,2.628625038379452690e+02,2.606797912386248299e+02,2.640508529429184819e+02,3.019588905742130009e+02,2.488355684418940541e+02,2.538890869109299615e+02,2.538305713508142105e+02,2.622509534570656342e+02,2.702216326600001821e+02,2.654790500506378521e+02,2.614925439691278370e+02,1.602896313301842019e+05,2.074336307028915272e+01,1.178506703713185999e+01
4.660000000000000000e+03,1.024000000000000000e+04,2.722428595700937421e+02,2.598130435941540100e+02,2.630860753402512842e+02,2.612383550349593406e+02,2.642214351996171899e+02,3.022000553304410460e+02,2.489652293914515155e+02,2.540518147656685528e+02,2.539926347422554329e+02,2.622761922580727401e+02,2.702294478359302730e+02,2.655050450494046572e+02,2.615133692153240190e+02,1.603798415883310081e+05,2.084892810263758278e+01,1.182790241241423956e+01
4.670000000000000000e+03,1.025000000000000000e+04,2.722211954642031060e+02,2.599443248526100660e+02,2.633107684272862343e+02,2.618019658918637447e+02,2.643945120081876894e+02,3.024327974816694109e+02,2.490976985218505604e+02,2.542162520505718248e+02,2.541564150854983950e+02,2.623028360828948848e+02,2.702379325042856522e+02,2.655323077251618429e+02,2.615356932363924898e+02,1.604706555992368667e+05,2.095226515329797579e+01,1.187086416639613873e+01
4.680000000000000000e+03,1.026000000000000000e+04,2.722000040669843770e+02,2.600773045932181162e+02,2.635365253625209334e+02,2.623704056852896542e+02,2.645700046698358392e+02,3.026571801855336616e+02,2.492329304467689894e+02,2.543823554595881546e+02,2.543218691541316616e+02,2.623308796763781174e+02,2.702470832006315504e+02,2.655608303356920601e+02,2.615595113501857440e+02,1.605620497513537412e+05,2.105336112011297089e+01,1.191394599100228113e+01
4.690000000000000000e+03,1.027000000000000000e+04,2.721792869363750356e+02,2.602119544831784310e+02,2.637632883798316925e+02,2.629434572627346824e+02,2.647478351078740388e+02,3.028732654713619468e+02,2.493708794388479646e+02,2.545500814476473863e+02,2.544889534816831826e+02,2.623603175040747146e+02,2.702568963585534334e+02,2.655906049813766003e+02,2.615848185820597109e+02,1.606540003679901711e+05,2.115220318507331498e+01,1.195714158168589236e+01
4.700000000000000000e+03,1.028000000000000000e+04,2.721590455735312162e+02,2.603482456096500641e+02,2.639909996927787006e+02,2.635209044534599343e+02,2.649279258497567753e+02,3.030811142493246280e+02,2.495114994392714038e+02,2.547193862390068375e+02,2.546576243713259089e+02,2.623911437554586996e+02,2.702673683081712852e+02,2.656216236100960941e+02,2.616116096657349317e+02,1.607464837102702877e+05,2.124877881594315454e+01,1.200044462813365165e+01
4.710000000000000000e+03,1.029000000000000000e+04,2.721392814230390513e+02,2.604861484989700671e+02,2.642196015002360241e+02,2.641025320791735567e+02,2.651102000094587083e+02,3.032807863193805815e+02,2.496547440672062805e+02,2.548902258419131783e+02,2.548278379055571747e+02,2.624233523435789266e+02,2.702784952826572180e+02,2.656538780170309337e+02,2.616398790447087777e+02,1.608394759800604661e+05,2.134307576784893357e+01,1.204384880522285428e+01
4.720000000000000000e+03,1.030000000000000000e+04,2.721199958720781638e+02,2.606256331553734071e+02,2.644490359965428752e+02,2.646881259722676418e+02,2.652945812703088677e+02,3.034723403805479620e+02,2.498005666286816790e+02,2.550625560506227600e+02,2.549995499533907548e+02,2.624569369065209230e+02,2.702902734193741026e+02,2.656873598478803729e+02,2.616696208731374327e+02,1.609329533232236863e+05,2.143508208483202537e+01,1.208734776407958655e+01
4.730000000000000000e+03,1.031000000000000000e+04,2.721011902526952895e+02,2.607666690186227925e+02,2.646792453907426079e+02,2.652774729893705512e+02,2.654809938784821384e+02,3.036558340446999864e+02,2.499489201264771054e+02,2.552363324596256859e+02,2.551727161833710227e+02,2.624918908075411537e+02,2.703026987545856628e+02,2.657220605982128063e+02,2.617008290154682300e+02,1.610268918327509891e+05,2.152478610136452986e+01,1.213093512403362517e+01
4.740000000000000000e+03,1.032000000000000000e+04,2.720828658400077984e+02,2.609092250823134691e+02,2.649101718901810045e+02,2.658703610302133029e+02,2.656693626150834007e+02,3.038313238394785571e+02,2.500997572685960790e+02,2.554115104711369781e+02,2.553472920741119765e+02,2.625282071398582957e+02,2.703157672298127068e+02,2.657579716166952721e+02,2.617334970504958847e+02,1.611212675520984048e+05,2.161217644382839609e+01,1.217460446386667883e+01
4.750000000000000000e+03,1.033000000000000000e+04,2.720650238523750204e+02,2.610532698453112062e+02,2.651417577301368738e+02,2.664665790623589032e+02,2.658596127938134259e+02,3.039988652235657582e+02,2.502530304771262308e+02,2.555880453048259255e+02,2.555232329153394062e+02,2.625658787217068948e+02,2.703294746909180617e+02,2.657950841054140483e+02,2.617676182686604989e+02,1.612160564785961178e+05,2.169724203195750434e+01,1.221834931417873449e+01
4.760000000000000000e+03,1.034000000000000000e+04,2.720476654513827839e+02,2.611987713418708381e+02,2.653739451755304799e+02,2.670659171384675119e+02,2.660516702469051324e+02,3.041585125963386531e+02,2.504086918976840366e+02,2.557658920072773867e+02,2.557004938231229403e+02,2.626048981009188310e+02,2.703438168894469413e+02,2.658333891200589960e+02,2.618031856769102887e+02,1.613112345670303330e+05,2.177997208024252984e+01,1.226216314980787203e+01
4.770000000000000000e+03,1.035000000000000000e+04,2.720307917411952872e+02,2.613456971669834275e+02,2.656066765295967116e+02,2.676681664265252039e+02,2.662454613137393835e+02,3.043103193085081557e+02,2.505666934082529735e+02,2.559450054582708276e+02,2.558790297466248944e+02,2.626452575535904543e+02,2.703587894810032140e+02,2.658728775696200728e+02,2.618401919941624669e+02,1.614067777331166144e+05,2.186035609929841783e+01,1.230603938253515395e+01
4.780000000000000000e+03,1.036000000000000000e+04,2.720144037692031134e+02,2.614940144874059342e+02,2.658398941393514860e+02,2.682731192312581925e+02,2.664409128311913264e+02,3.044543376740890608e+02,2.507269866277848678e+02,2.561253403836687994e+02,2.560587954802632566e+02,2.626869490854075480e+02,2.703743880266208635e+02,2.659135402168702740e+02,2.618786296550046018e+02,1.615026618572870793e+05,2.193838389719434900e+01,1.234997135425441783e+01
4.790000000000000000e+03,1.037000000000000000e+04,2.719985025234843761e+02,2.616436900600569970e+02,2.660735403999704545e+02,2.688805690369717354e+02,2.666379521236432311e+02,3.045906189806678412e+02,2.508895229210572211e+02,2.563068513656646701e+02,2.562397456683324322e+02,2.627299644311297016e+02,2.703906079931468298e+02,2.659553676778411386e+02,2.619184908085215397e+02,1.615988627883052686e+05,2.201404558074603202e+01,1.239395233049964418e+01
4.800000000000000000e+03,1.038000000000000000e+04,2.719830889357968999e+02,2.617946902476641071e+02,2.663075577949227295e+02,2.694903104831112159e+02,2.668365070006257156e+02,3.047192135038599190e+02,2.510542534231379648e+02,2.564894928326029913e+02,2.564218348156911702e+02,2.627742950562068245e+02,2.704074447496009839e+02,2.659983504213046217e+02,2.619597673191785816e+02,1.616953563472617243e+05,2.208733155676998194e+01,1.243797549328626495e+01
4.810000000000000000e+03,1.039000000000000000e+04,2.719681638779999844e+02,2.619469810271442611e+02,2.665418888510685065e+02,2.701021394778699687e+02,2.670365057389616368e+02,3.048401705176855785e+02,2.512211290228133294e+02,2.566732191021831113e+02,2.566050172966910168e+02,2.628199321545802150e+02,2.704248935706806947e+02,2.660424787675126481e+02,2.620024507664896305e+02,1.617921183313839138e+05,2.215823253329988773e+01,1.248203393669085060e+01
4.820000000000000000e+03,1.040000000000000000e+04,2.719537281616562723e+02,2.621005280197611000e+02,2.667764761816612236e+02,2.707158531690811287e+02,2.672378770825870333e+02,3.049535383073147159e+02,2.513901003953762086e+02,2.568579843625140029e+02,2.567892473620636906e+02,2.628668666509422565e+02,2.704429496354814546e+02,2.660877428870197718e+02,2.620465324453459743e+02,1.618891245179375401e+05,2.222673952076473824e+01,1.252612066029805504e+01
4.830000000000000000e+03,1.041000000000000000e+04,2.719397825391093875e+02,2.622552964892282148e+02,2.670112624913258514e+02,2.713312499960550781e+02,2.674405502355018598e+02,3.050593641832032858e+02,2.515611179944974083e+02,2.570437426894148416e+02,2.569744791495864433e+02,2.629150891997167037e+02,2.704616080246525485e+02,2.661341328006718072e+02,2.620920033655532393e+02,1.619863506684021559e+05,2.229284383312865359e+01,1.257022856412319456e+01
4.840000000000000000e+03,1.042000000000000000e+04,2.719263277012578328e+02,2.624112513631054640e+02,2.672461905848886090e+02,2.719481297140037555e+02,2.676444548561577221e+02,3.051576944952103077e+02,2.517341320708835326e+02,2.572304480553499388e+02,2.571606666919491317e+02,2.629645901782226929e+02,2.704808637216201532e+02,2.661816383739146659e+02,2.621388542526473202e+02,1.620837725324612693e+05,2.235653708899211267e+01,1.261435044387568460e+01
4.850000000000000000e+03,1.043000000000000000e+04,2.719133642768593973e+02,2.625683572407786528e+02,2.674812033536449007e+02,2.725662934580843739e+02,2.678495210491456078e+02,3.052485746413486822e+02,2.519090926729553530e+02,2.574180543358955902e+02,2.573477639226844076e+02,2.630153597182530802e+02,2.705007116111275991e+02,2.662302493223439797e+02,2.621870755465548655e+02,1.621813658521263860e+05,2.241781121265470844e+01,1.265847898657248294e+01
4.860000000000000000e+03,1.044000000000000000e+04,2.719008928328750017e+02,2.627265784122262176e+02,2.677162438206876232e+02,2.731855437320035094e+02,2.680556793671863147e+02,3.053320490902876827e+02,2.520859496657365639e+02,2.576065153207772482e+02,2.575357246898053063e+02,2.630673876510844593e+02,2.705211464755333850e+02,2.662799552040738718e+02,2.622366574022581744e+02,1.622791063660741202e+05,2.247665843513901507e+01,1.270260676626493179e+01
4.870000000000000000e+03,1.045000000000000000e+04,2.718889138716718321e+02,2.628858788633161225e+02,2.679512551217220562e+02,2.738056844772605700e+02,2.682628608011776805e+02,3.054081613894218776e+02,2.522646527318281642e+02,2.577957847207075588e+02,2.577245027605960104e+02,2.631206635500747666e+02,2.705421630016540462e+02,2.663307454187211079e+02,2.622875896889876230e+02,1.623769698137004743e+05,2.253307129517565954e+01,1.274672624034705670e+01
4.880000000000000000e+03,1.046000000000000000e+04,2.718774278314843968e+02,2.630462222938069772e+02,2.681861805220014503e+02,2.744265211011083352e+02,2.684709967803976838e+02,3.054769541817301501e+02,2.524451513824214999e+02,2.579858161760389521e+02,2.579140518297634799e+02,2.631751767171919596e+02,2.705637557699905074e+02,2.663826092060517112e+02,2.623398619905110536e+02,1.624749319395575440e+05,2.258704264014933472e+01,1.279082974622022562e+01
4.890000000000000000e+03,1.047000000000000000e+04,2.718664350844765636e+02,2.632075721300345208e+02,2.684209634248842917e+02,2.750478605127337346e+02,2.686800191687547681e+02,3.055384692204823409e+02,2.526273949661680831e+02,2.581765632654164619e+02,2.581043255266953906e+02,2.632309161828566175e+02,2.705859192582819901e+02,2.664355356431382233e+02,2.623934636030811589e+02,1.625729684976113494e+05,2.263856562700564723e+01,1.283490949827661076e+01
4.900000000000000000e+03,1.048000000000000000e+04,2.718559359373281268e+02,2.633698915249150332e+02,2.686555473765000670e+02,2.756695111612069695e+02,2.688898602595441503e+02,3.055927473848070122e+02,2.528113326772063658e+02,2.583679795136440589e+02,2.582952774311012831e+02,2.632878707075984721e+02,2.706086478404586160e+02,2.664895136420432209e+02,2.624483835388172679e+02,1.626710552556084003e+05,2.268763372311882165e+01,1.287895758526851964e+01
4.910000000000000000e+03,1.049000000000000000e+04,2.718459306277109135e+02,2.635331433869170041e+02,2.688898760797356999e+02,2.762912830732245766e+02,2.691004527778167130e+02,3.056398286950600323e+02,2.529969135646969676e+02,2.585600183987270384e+02,2.584868610719201456e+02,2.633460287752029672e+02,2.706319357845707145e+02,2.665445319475929864e+02,2.625046105215850503e+02,1.627691679994832957e+05,2.273424070711989131e+01,1.292296596804040831e+01
4.920000000000000000e+03,1.050000000000000000e+04,2.718364193245625415e+02,2.636972903727302082e+02,2.691238933976799217e+02,2.769129878913413449e+02,2.693117298749564270e+02,3.056797523290495064e+02,2.531840865411077743e+02,2.587526333644709666e+02,2.586790299403451172e+02,2.634053786022103623e+02,2.706557772508870130e+02,2.666005791343307578e+02,2.625621329884114630e+02,1.628672825377252593e+05,2.277838066968556419e+01,1.296692647770663775e+01
4.930000000000000000e+03,1.051000000000000000e+04,2.718274021269999707e+02,2.638622949101454651e+02,2.693575433645012822e+02,2.775344389116476123e+02,2.695236251293522400e+02,3.057125566373022707e+02,2.533728003916733940e+02,2.589457778249407625e+02,2.588717374973628580e+02,2.634659081296343857e+02,2.706801662915037241e+02,2.666576436035804250e+02,2.626209390891373232e+02,1.629653747059282614e+05,2.282004801428746532e+01,1.301083081410869013e+01
4.940000000000000000e+03,1.052000000000000000e+04,2.718188790612500725e+02,2.640281192036429161e+02,2.695907701918138173e+02,2.781554511206416578e+02,2.697360725446196739e+02,3.057382791606914907e+02,2.535630037826278453e+02,2.591394051743144473e+02,2.590649371819916382e+02,2.635276050282679989e+02,2.707050968516761600e+02,2.667157135827594630e+02,2.626810166836432927e+02,1.630634203711257724e+05,2.285923745790170614e+01,1.305467054468319255e+01
4.950000000000000000e+03,1.053000000000000000e+04,2.718108500840156125e+02,2.641947252443355865e+02,2.698235182809856951e+02,2.787758412376288106e+02,2.699490065518389201e+02,3.057569566458345207e+02,2.537546452684640599e+02,2.593334687876124462e+02,2.592585824191952497e+02,2.635904566949171794e+02,2.707305627572754361e+02,2.667747771197914517e+02,2.627423533468750634e+02,1.631613954363489756e+05,2.289594403167873438e+01,1.309843710369006331e+01
4.960000000000000000e+03,1.054000000000000000e+04,2.718033150754843632e+02,2.643620748199580248e+02,2.700557322243590193e+02,2.793954277474512082e+02,2.701623620024572006e+02,3.057686250623929709e+02,2.539476733037438976e+02,2.595279220468340782e+02,2.594526266283115774e+02,2.636544502524080826e+02,2.707565577291251770e+02,2.668348220819959806e+02,2.628049363637471174e+02,1.632592758450851543e+05,2.293016308157330840e+01,1.314212179191229879e+01
4.970000000000000000e+03,1.055000000000000000e+04,2.717962738409921712e+02,2.645301295267803425e+02,2.702873568225040799e+02,2.800140309406474444e+02,2.703760741771745302e+02,3.057733196199096710e+02,2.541420362510892517e+02,2.597227183249763129e+02,2.596470232310497295e+02,2.637195725501968582e+02,2.707830753719621271e+02,2.668958361528959244e+02,2.628687527305028766e+02,1.633570375857215258e+05,2.296189026893464558e+01,1.318571577647626469e+01
4.980000000000000000e+03,1.056000000000000000e+04,2.717897261097187425e+02,2.646988507770895467e+02,2.705183370825420752e+02,2.806314729508080745e+02,2.705900787781276904e+02,3.057710747847892208e+02,2.543376823888574165e+02,2.599178110180132535e+02,2.598417256593581897e+02,2.637858101646305613e+02,2.708101091752858451e+02,2.669578068297587379e+02,2.629337891545584398e+02,1.634546566961275530e+05,2.299112157105645338e+01,1.322921009138050152e+01
4.990000000000000000e+03,1.057000000000000000e+04,2.717836715328437549e+02,2.648681998110498625e+02,2.707486182315225278e+02,2.812475777897418538e+02,2.708043119335751499e+02,3.057619242964631212e+02,2.545345599205022040e+02,2.601131535370740266e+02,2.600366873641775669e+02,2.638531494064643539e+02,2.708376525124274394e+02,2.670207214205353239e+02,2.630000320541884093e+02,1.635521092680837610e+05,2.301785328168702804e+01,1.327259563795399977e+01
5.000000000000000000e+03,1.058000000000000000e+04,2.717781096820547191e+02,2.650381376990605986e+02,2.709781457316464071e+02,2.818621713903905857e+02,2.710187101984562332e+02,3.057459011900787118e+02,2.547326169838619307e+02,2.603086993225005017e+02,2.602318618229005551e+02,2.639215762850146803e+02,2.708656986385624919e+02,2.670845670421115301e+02,2.630674675587030151e+02,1.636493714517659682e+05,2.304208201149912583e+01,1.331586318633001653e+01
5.010000000000000000e+03,1.059000000000000000e+04,2.717730400491640808e+02,2.652086253551403274e+02,2.712068652725274660e+02,2.824750816330166572e+02,2.712332105550260621e+02,3.057230378053960749e+02,2.549318016597577525e+02,2.605044018499339131e+02,2.604272025475020200e+02,2.639910765670815636e+02,2.708942406930653419e+02,2.671493306152828495e+02,2.631360815078527366e+02,1.637464194602173520e+05,2.306380468851972765e+01,1.335900337630717694e+01
5.020000000000000000e+03,1.060000000000000000e+04,2.717684620421640602e+02,2.653796235607757126e+02,2.714347227931619386e+02,2.830861383870179679e+02,2.714477504146706792e+02,3.056933658110643819e+02,2.551320619795939137e+02,2.607002146393929252e+02,2.606226630932577564e+02,2.640616357342460105e+02,2.709232716863049859e+02,2.672149988646501697e+02,2.632058594502452138e+02,1.638432295738740359e+05,2.308301855851953377e+01,1.340200671942686661e+01
5.030000000000000000e+03,1.061000000000000000e+04,2.717643749870625243e+02,2.655510929449795299e+02,2.716616644799612459e+02,2.836951735436340414e+02,2.716622676164435575e+02,3.056569162184882202e+02,2.553333459386922470e+02,2.608960912634012175e+02,2.608181970651336314e+02,2.641332389943996759e+02,2.709527845184209696e+02,2.672815583152461159e+02,2.632767866547544600e+02,1.639397781448967871e+05,2.309972118536215291e+01,1.344486360088222376e+01
5.040000000000000000e+03,1.062000000000000000e+04,2.717607781249062668e+02,2.657229940129880106e+02,2.718876367866135979e+02,2.843020210505906675e+02,2.718767004343785629e+02,3.056137194030382034e+02,2.555356014941662863e+02,2.610919853551919232e+02,2.610137581280361019e+02,2.642058712825290741e+02,2.709827719628540308e+02,2.673489952899284390e+02,2.633488480894235408e+02,1.640360416016998934e+05,2.311391045131300714e+01,1.348756428205995661e+01
5.050000000000000000e+03,1.063000000000000000e+04,2.717576706106874553e+02,2.658952871483792251e+02,2.721125864306315520e+02,2.849065169464115570e+02,2.720909875719308388e+02,3.055638051194997047e+02,2.557387766014639965e+02,2.612878506135669454e+02,2.612093000110916137e+02,2.642795172607666245e+02,2.710132266612047260e+02,2.674172959075920630e+02,2.634220284373943173e+02,1.641319964533058228e+05,2.312558455730783180e+01,1.353009890342280386e+01
5.060000000000000000e+03,1.064000000000000000e+04,2.717550515115859184e+02,2.660679326256572494e+02,2.723364604030012970e+02,2.855084993839834624e+02,2.723050681711342804e+02,3.055072025206881108e+02,2.559428191808847544e+02,2.614836408155914569e+02,2.614047765207822067e+02,2.643541613193328317e+02,2.710441411618374445e+02,2.674864460802605208e+02,2.634963120970829209e+02,1.642276192936676671e+05,2.313474202318075257e+01,1.357245748692630372e+01
5.070000000000000000e+03,1.065000000000000000e+04,2.717529198061484408e+02,2.662408906175048742e+02,2.725592059861057805e+02,2.861078086743808626e+02,2.725188818102262758e+02,3.054439401753156744e+02,2.561476771603968245e+02,2.616793098216427325e+02,2.616001415449895262e+02,2.644297875766260404e+02,2.710755078557575644e+02,2.675564315118712102e+02,2.635716831763803043e+02,1.643228868060949608e+05,2.314138168785201444e+01,1.361462994004795490e+01
5.080000000000000000e+03,1.066000000000000000e+04,2.717512743825859616e+02,2.664141212011885500e+02,2.727807707514640470e+02,2.867042873087950738e+02,2.727323685078523567e+02,3.053740460858393817e+02,2.563532984721409775e+02,2.618748115838836839e+02,2.617953490617883858e+02,2.645063798802789847e+02,2.711073190211755559e+02,2.676272376958460200e+02,2.636481254959896319e+02,1.644177757675070025e+05,2.314550270947513155e+01,1.365660605911135406e+01
5.090000000000000000e+03,1.067000000000000000e+04,2.717501140374297393e+02,2.665875843692647322e+02,2.730011025702376628e+02,2.872977799888138293e+02,2.729454687236611790e+02,3.052975477067735710e+02,2.565596310625962815e+02,2.620701001548466138e+02,2.619903531472689906e+02,2.645839218075020653e+02,2.711395668108600603e+02,2.676988499133728965e+02,2.637256225922579347e+02,1.645122630526848370e+05,2.314710456554367468e+01,1.369837553324757273e+01
5.100000000000000000e+03,1.068000000000000000e+04,2.717494374748046653e+02,2.667612400408274880e+02,2.732201496227089592e+02,2.878881336541583664e+02,2.731581233621485580e+02,3.052144719619329862e+02,2.567666229033396803e+02,2.622651296914870045e+02,2.621851079837820748e+02,2.646623966666879255e+02,2.711722432518761252e+02,2.677712532311831524e+02,2.638041577144620078e+02,1.646063256385694258e+05,2.314618705295749734e+01,1.373992794854178712e+01
5.110000000000000000e+03,1.069000000000000000e+04,2.717492433045546818e+02,2.669350487840663959e+02,2.734378602342505928e+02,2.884751973907867750e+02,2.733702737765010511e+02,3.051248452023477284e+02,2.569742219956655731e+02,2.624598544712027888e+02,2.623795678565667799e+02,2.647417875011605588e+02,2.712053402516573897e+02,2.678444325243724506e+02,2.638837138753869453e+02,1.646999406081649358e+05,2.314275028804848944e+01,1.378125278642061957e+01
5.120000000000000000e+03,1.070000000000000000e+04,2.717495300411328003e+02,2.671089688444798753e+02,2.736541836020045366e+02,2.890588229422161248e+02,2.735818617676916347e+02,3.050286934591396744e+02,2.571823763838694390e+02,2.626542288907509146e+02,2.625736871787131577e+02,2.648220770822841814e+02,2.712388495773124646e+02,2.679183723951355205e+02,2.639642736641435476e+02,1.647930851554985275e+05,2.313679470656582282e+01,1.382233945134765207e+01
5.130000000000000000e+03,1.071000000000000000e+04,2.717502961022499903e+02,2.672829607750010155e+02,2.738690686537299825e+02,2.896388639939557379e+02,2.737928295911754049e+02,3.049260421327223867e+02,2.573910341635586292e+02,2.628482074768335792e+02,2.627674205273649477e+02,2.649032479148504535e+02,2.712727628751758857e+02,2.679930572661816086e+02,2.640458195160902619e+02,1.648857365884619940e+05,2.312832106362071016e+01,1.386317724578566057e+01
5.140000000000000000e+03,1.072000000000000000e+04,2.717515398084452727e+02,2.674569842241309061e+02,2.740824648897424822e+02,2.902151766890156068e+02,2.740031199582855379e+02,3.048169161994929937e+02,2.576001434887880350e+02,2.630417448940340819e+02,2.629607225745660912e+02,2.649852822450237682e+02,2.713070716648592793e+02,2.680684713392196272e+02,2.641283335858798864e+02,1.649778723336709372e+05,2.311733043359067707e+01,1.390375539000006455e+01
5.150000000000000000e+03,1.073000000000000000e+04,2.717532593816484905e+02,2.676309989167327785e+02,2.742943221496229285e+02,2.907876195312865661e+02,2.742126760381196391e+02,3.047013402003379952e+02,2.578096525838310527e+02,2.632347959547209939e+02,2.631535481455991885e+02,2.650681620499004794e+02,2.713417673405143660e+02,2.681445985985922107e+02,2.642117976515777400e+02,1.650694699402773113e+05,2.310382420998329778e+01,1.394406302692784649e+01
5.160000000000000000e+03,1.074000000000000000e+04,2.717554529419375058e+02,2.678049644482001668e+02,2.745045906225553267e+02,2.913560534021058857e+02,2.744214414627441556e+02,3.045793382544371752e+02,2.580195097476529327e+02,2.634273156240407161e+02,2.633458522171473533e+02,2.651518690502594495e+02,2.713768411741060049e+02,2.682214228048878795e+02,2.642961933033797663e+02,1.651605070838257088e+05,2.308780410525957905e+01,1.398408922708753366e+01
5.170000000000000000e+03,1.075000000000000000e+04,2.717581185098593437e+02,2.679788404216865274e+02,2.747132208583573743e+02,2.919203415787308700e+02,2.746293603274463067e+02,3.044509340762617740e+02,2.582296633662726890e+02,2.636192590315944244e+02,2.635375899294886040e+02,2.652363847077417631e+02,2.714122843077127527e+02,2.682989274986111354e+02,2.643815018260929151e+02,1.652509615701670991e+05,2.306927215061676151e+01,1.402382299450837522e+01
5.180000000000000000e+03,1.076000000000000000e+04,2.717612540041874922e+02,2.681525864345761647e+02,2.749201637798830689e+02,2.924803497509303725e+02,2.748363771970857670e+02,3.043161509928248734e+02,2.584400619227276366e+02,2.638105814637162894e+02,2.637287165880505881e+02,2.653216902266020725e+02,2.714480877586699421e+02,2.683770960009084661e+02,2.644677042301873371e+02,1.653408113391934312e+05,2.304823069573082961e+01,1.406325327231408195e+01
5.190000000000000000e+03,1.077000000000000000e+04,2.717648572403984417e+02,2.683261620789645576e+02,2.751253706788023692e+02,2.930359460357653916e+02,2.750424371071936775e+02,3.041750119613481047e+02,2.586506540018449414e+02,2.640012383964013338e+02,2.639191876729459523e+02,2.654077665566974247e+02,2.714842424202133770e+02,2.684559114124810435e+02,2.645547812538495691e+02,1.654300344685978198e+05,2.302468240845860237e+01,1.410236894933588836e+01
5.200000000000000000e+03,1.078000000000000000e+04,2.717689259283124557e+02,2.684995269611250706e+02,2.753287932327496037e+02,2.935870009913861054e+02,2.752474855673908110e+02,3.040275395864480288e+02,2.588613883023544417e+02,2.641911854820987173e+02,2.641089588461419453e+02,2.654945943959198758e+02,2.715207390607888556e+02,2.685353566150614597e+02,2.646427133655209332e+02,1.655186091775182867e+05,2.299863027449942265e+01,1.414115886612600193e+01
5.210000000000000000e+03,1.079000000000000000e+04,2.717734576756250249e+02,2.686726406915124130e+02,2.755303835075961274e+02,2.941333876291502634e+02,2.754514685649417061e+02,3.038737561376161693e+02,2.590722136442723240e+02,2.643803785661062875e+02,2.642979859588194813e+02,2.655821541920543041e+02,2.715575683270474201e+02,2.686154142712693442e+02,2.647314807663382226e+02,1.656065138301321131e+05,2.297007759701666174e+01,1.417961182157069189e+01
5.220000000000000000e+03,1.080000000000000000e+04,2.717784499830156051e+02,2.688454629077122604e+02,2.757300939673468747e+02,2.946749814250481450e+02,2.756543325676182690e+02,3.037136835659051144e+02,2.592830789749950782e+02,2.645687736904883423e+02,2.644862250584342860e+02,2.656704261462415388e+02,2.715947207434363690e+02,2.686960668260683747e+02,2.648210633947854262e+02,1.656937269391982700e+05,2.293902799621887212e+01,1.421771657941061839e+01
5.230000000000000000e+03,1.081000000000000000e+04,2.717839002450468797e+02,2.690179532766296120e+02,2.759278774783909398e+02,2.952116603254659140e+02,2.758560245290021271e+02,3.035473435229021106e+02,2.594939333881055177e+02,2.647563271019583908e+02,2.646736323962613824e+02,2.657593902153577119e+02,2.716321867134238346e+02,2.687772965069337943e+02,2.649114409185405634e+02,1.657802271694679512e+05,2.290548540890079110e+01,1.425546187521195129e+01
5.240000000000000000e+03,1.082000000000000000e+04,2.717898057491483996e+02,2.691900715044036474e+02,2.761236873126230762e+02,2.957433047562699358e+02,2.760564918879987886e+02,3.033747573747378965e+02,2.597047261304674066e+02,2.649429952594674660e+02,2.648601644323566120e+02,2.658490261150799938e+02,2.716699565208876948e+02,2.688590853260743074e+02,2.650025927567632493e+02,1.658659933410991216e+05,2.286945408794417034e+01,1.429283642302297253e+01
5.250000000000000000e+03,1.083000000000000000e+04,2.717961636738905895e+02,2.693617773445816965e+02,2.763174771747717955e+02,2.962697976338994295e+02,2.762556825752313330e+02,3.031959462211777918e+02,2.599154065672692013e+02,2.651287348432483100e+02,2.650457778507579860e+02,2.659393133236776521e+02,2.717080203339846776e+02,2.689414150816463689e+02,2.650944980678413003e+02,1.659510044329210359e+05,2.283093860177860179e+01,1.432982892196972813e+01
5.260000000000000000e+03,1.084000000000000000e+04,2.718029710915234318e+02,2.695330305761227692e+02,2.765092011868834447e+02,2.967910243601687057e+02,2.764535450213774084e+02,3.030109309171529048e+02,2.601259242806484053e+02,2.653135027582360976e+02,2.652304295539682357e+02,2.660302310495418396e+02,2.717463681995201341e+02,2.690242673588271600e+02,2.651871357557875513e+02,1.660352395856822259e+05,2.278994383380221933e+01,1.436642806469621547e+01
5.270000000000000000e+03,1.085000000000000000e+04,2.718102249644921358e+02,2.697037911173414955e+02,2.766988138659629612e+02,2.973068728252418964e+02,2.766500281351875969e+02,3.028197320670445833e+02,2.603362289960614362e+02,2.654972561399173401e+02,2.654140766782266496e+02,2.661217583828713487e+02,2.717849900520238293e+02,2.691076235341429879e+02,2.652804844789682193e+02,1.661186781052235165e+05,2.274647498176257798e+01,1.440262254171078737e+01
5.280000000000000000e+03,1.086000000000000000e+04,2.718179221454062713e+02,2.698740188925693246e+02,2.768862702103695028e+02,2.978172334159174852e+02,2.768450813446840471e+02,3.026223700749593490e+02,2.605462706302017750e+02,2.656799523672818850e+02,2.655966765978902799e+02,2.662138740635194836e+02,2.718238757150533047e+02,2.691914647754023804e+02,2.653745226465867972e+02,1.662012994654604699e+05,2.270053755709763266e+01,1.443840105136245455e+01
5.290000000000000000e+03,1.087000000000000000e+04,2.718260593779843930e+02,2.700436739215676880e+02,2.770715256434617686e+02,2.983219990096487209e+02,2.770386545760293302e+02,3.024188651386670017e+02,2.607559992888244551e+02,2.658615490658837643e+02,2.657781869335252054e+02,2.663065566528688919e+02,2.718630148982997525e+02,2.692757720448553300e+02,2.654692284261958548e+02,1.662830833115017158e+05,2.265213738423688383e+01,1.447375230571630134e+01
5.300000000000000000e+03,1.088000000000000000e+04,2.718346332953672118e+02,2.702127163129378005e+02,2.772545360359907249e+02,2.988210649729291504e+02,2.772306982614445019e+02,3.022092372708926860e+02,2.609653652761280114e+02,2.660420041145246159e+02,2.659585655579551258e+02,2.663997844942108486e+02,2.719023972027066520e+02,2.693605261020735497e+02,2.655645797468259843e+02,1.663640094624154735e+05,2.260128059986295312e+01,1.450866503780063965e+01
5.310000000000000000e+03,1.089000000000000000e+04,2.718436404206640873e+02,2.703811062612871865e+02,2.774352577152039885e+02,2.993143291581820904e+02,2.774211633432274766e+02,3.019935063156971182e+02,2.611743191055051625e+02,2.662212756525860300e+02,2.661377706027658405e+02,2.664935357139785310e+02,2.719420121224184186e+02,2.694457075070661176e+02,2.656605543032726473e+02,1.664440579142364440e+05,2.254797365213349991e+01,1.454312800899765357e+01
5.320000000000000000e+03,1.090000000000000000e+04,2.718530771663125165e+02,2.705488040870068289e+02,2.776136474625545247e+02,2.998016918954518815e+02,2.776100012766526106e+02,3.017716919640379274e+02,2.613828115022341763e+02,2.663993220861567579e+02,2.663157604647393555e+02,2.665877882289057652e+02,2.719818490465326590e+02,2.695312966231446126e+02,2.657571295598904157e+02,1.665232088425237162e+05,2.249222329986362467e+01,1.457713001598602354e+01
5.330000000000000000e+03,1.091000000000000000e+04,2.718629398342187642e+02,2.707157702049776162e+02,2.777896625289614576e+02,3.002830559882087869e+02,2.777971640329963634e+02,3.015438137698266701e+02,2.615907934181549308e+02,2.665761020944589745e+02,2.664924938127762175e+02,2.666825197481799705e+02,2.720218972619004489e+02,2.696172736208488345e+02,2.658542827553924326e+02,1.666014426051907067e+05,2.243403661166894381e+01,1.461065989823641686e+01
5.340000000000000000e+03,1.092000000000000000e+04,2.718732246154297059e+02,2.708819651533792126e+02,2.779632606350562583e+02,3.007583267034135019e+02,2.779826041027743031e+02,3.013098911652324432e+02,2.617982160364343258e+02,2.667515746367218981e+02,2.666679295941129340e+02,2.667777077791111537e+02,2.720621459546018173e+02,2.697036184809280712e+02,2.659519909067131493e+02,1.666787397449882992e+05,2.237342096506935718e+01,1.464370654508974035e+01
5.350000000000000000e+03,1.093000000000000000e+04,2.718839275906484545e+02,2.710473495983665089e+02,2.781343999769517268e+02,3.012274117614584839e+02,2.781662744982386357e+02,3.010699434761164071e+02,2.620050307800170231e+02,2.669256989583534505e+02,2.668420270403974541e+02,2.668733296322524211e+02,2.721025842142780107e+02,2.697903109988765209e+02,2.660502308145098596e+02,1.667550809921011387e+05,2.231038404555363286e+01,1.467625890290286961e+01
5.360000000000000000e+03,1.094000000000000000e+04,2.718950447295859476e+02,2.712118843410253817e+02,2.783030392335684837e+02,3.016902213257186531e+02,2.783481287568631615e+02,3.008239899372640593e+02,2.622111893201543467e+02,2.670984345971533003e+02,2.670147456742330405e+02,2.669693624205694391e+02,2.721432010351456938e+02,2.698773307887656756e+02,2.661489790670368620e+02,1.668304472664955829e+05,2.224493384560497944e+01,1.470830598221908758e+01
5.370000000000000000e+03,1.095000000000000000e+04,2.719065718918203061e+02,2.713755303283411422e+02,2.784691375628858054e+02,3.021466679846172383e+02,2.785281209435734127e+02,3.005720497073996285e+02,2.624166435900027068e+02,2.672697413890452935e+02,2.671860453131367876e+02,2.670657830841329314e+02,2.721839853195076557e+02,2.699646572871315584e+02,2.662482120458485042e+02,1.669048196803238243e+05,2.217707866368763447e+01,1.473983686468742604e+01
5.380000000000000000e+03,1.096000000000000000e+04,2.719185048264374700e+02,2.715382486619401448e+02,2.786326546286753683e+02,3.025966667463038107e+02,2.787062056535299917e+02,3.003141418840658616e+02,2.626213457586202367e+02,2.674395794748004391e+02,2.673558860847184633e+02,2.671625683676152221e+02,2.722249258802755776e+02,2.700522697581941429e+02,2.663479059309710237e+02,1.669781795401823474e+05,2.210682710319476030e+01,1.477084070992573750e+01
5.390000000000000000e+03,1.097000000000000000e+04,2.719308391726250420e+02,2.717000005812333825e+02,2.787935505799924840e+02,3.030401350142181514e+02,2.788823380169465622e+02,3.000502855183223687e+02,2.628252483021214516e+02,2.676079093057206819e+02,2.675242284178364685e+02,2.672596948431777264e+02,2.722660114440124062e+02,2.701401472975936713e+02,2.664480367042341413e+02,1.670505083492858394e+05,2.203418807135756907e+01,1.480130676306977833e+01
5.400000000000000000e+03,1.098000000000000000e+04,2.719435704601172006e+02,2.718607475229248394e+02,2.789517860674471308e+02,3.034769925752389099e+02,2.790564736974726543e+02,2.997804996292761075e+02,2.630283039519904378e+02,2.677746916494264724e+02,2.676910330589739715e+02,2.673571389122134860e+02,2.723072306540179852e+02,2.702282688386351310e+02,2.665485801582849490e+02,1.671217878095645574e+05,2.195917077811597196e+01,1.483122436079787576e+01
5.410000000000000000e+03,1.099000000000000000e+04,2.719566941091171657e+02,2.720204510982512716e+02,2.791073222436787091e+02,3.039071615748902104e+02,2.792285688981180556e+02,2.995048032185110287e+02,2.632304657448869420e+02,2.679398875866031062e+02,2.678562610747093231e+02,2.674548768116034125e+02,2.723485720738332247e+02,2.703166131564400985e+02,2.666495118989996058e+02,1.671919998237180116e+05,2.188178473495086962e+01,1.486058293843304590e+01
5.420000000000000000e+03,1.100000000000000000e+04,2.719702054317108946e+02,2.721790730590140583e+02,2.792601207797873144e+02,3.043305665058237537e+02,2.793985803636093124e+02,2.992232152841548896e+02,2.634316869874784288e+02,2.681034585504966117e+02,2.680198738595483974e+02,2.675528846159890008e+02,2.723900241893613270e+02,2.704051588732694427e+02,2.667508073525069676e+02,1.672611264971630007e+05,2.180203975367817293e+01,1.488937203681100385e+01
5.430000000000000000e+03,1.101000000000000000e+04,2.719840996307344199e+02,2.723365753939544334e+02,2.794101438534934232e+02,3.047471341836772467e+02,2.795664653800686210e+02,2.989357548350508296e+02,2.636319213024797818e+02,2.682653662848770182e+02,2.681818331370869259e+02,2.676511382489052266e+02,2.724315754108770307e+02,2.704938844643202174e+02,2.668524417706424288e+02,1.673291501399132540e+05,2.171994594520477051e+01,1.491758130824219819e+01
5.440000000000000000e+03,1.102000000000000000e+04,2.719983718025077906e+02,2.724929202585540224e+02,2.795573541634098547e+02,3.051567937217485564e+02,2.797321817812319296e+02,2.986424409041848094e+02,2.638311226218771708e+02,2.684255728786052941e+02,2.683421009695119324e+02,2.677496134842022570e+02,2.724732140815267485e+02,2.705827682627722197e+02,2.669543902367426540e+02,1.673960532683420461e+05,2.163551371824652136e+01,1.494520052333830051e+01
5.450000000000000000e+03,1.103000000000000000e+04,2.720130169359218826e+02,2.726480700396738257e+02,2.797017149259863800e+02,3.055594765124509422e+02,2.798956879463177074e+02,2.983432925638016968e+02,2.640292451836735950e+02,2.685840407647883694e+02,2.685006397614017146e+02,2.678482859559912299e+02,2.725149284754414793e+02,2.706717884658626190e+02,2.670566276715604772e+02,1.674618186069004005e+05,2.154875377800858161e+01,1.497221957693442462e+01
5.460000000000000000e+03,1.104000000000000000e+04,2.720280299140078455e+02,2.728019873244355722e+02,2.798431898719840092e+02,3.059551161966254540e+02,2.800569428059184247e+02,2.980383289360289609e+02,2.642262435859174161e+02,2.687407327168768347e+02,2.686574122650671370e+02,2.679471311618083860e+02,2.725567068040959953e+02,2.707609231412195641e+02,2.671591288405513751e+02,1.675264290898682084e+05,2.145967712482805467e+01,1.499862849477373672e+01
5.470000000000000000e+03,1.105000000000000000e+04,2.720434055146796481e+02,2.729546349189079137e+02,2.799817433058232155e+02,3.063436486540259125e+02,2.802159058423209217e+02,2.977275692091465658e+02,2.644220726468178668e+02,2.688956118895870873e+02,2.688123815853116980e+02,2.680461244700943553e+02,2.725985372162794533e+02,2.708501502322454257e+02,2.672618683587400028e+02,1.675898678627604386e+05,2.136829505277926700e+01,1.502441743800892660e+01
5.480000000000000000e+03,1.106000000000000000e+04,2.720591384112422020e+02,2.731059758603477121e+02,2.801173400117914412e+02,3.067250119573897109e+02,2.803725370908954915e+02,2.974110326491640990e+02,2.646166876378134702e+02,2.690486417684029448e+02,2.689655111849875198e+02,2.681452411269074219e+02,2.726404078057157676e+02,2.709394475647003446e+02,2.673648206976930624e+02,1.676521182839717367e+05,2.127461914824176858e+01,1.504957671131823282e+01
5.490000000000000000e+03,1.107000000000000000e+04,2.720752231734296629e+02,2.732559734183499245e+02,2.802499453305122188e+02,3.070991463558406736e+02,2.805267971394501956e+02,2.970887386142514970e+02,2.648100441059220884e+02,2.691997862174984562e+02,2.691167648890161104e+02,2.682444562615654604e+02,2.726823066124005663e+02,2.710287928835132902e+02,2.674679601922190386e+02,1.677131639261167438e+05,2.117866128843130724e+01,1.507409676659262843e+01
5.500000000000000000e+03,1.108000000000000000e+04,2.720916542685625359e+02,2.734045911021012785e+02,2.803795251545348606e+02,3.074659942447084404e+02,2.806786471491324733e+02,2.967607065649210654e+02,2.650020979890657600e+02,2.693490094637985521e+02,2.692661068907847266e+02,2.683437448944273456e+02,2.727242216268284665e+02,2.711181637279671008e+02,2.675712610463175452e+02,1.677729885774521972e+05,2.108043363989390429e+01,1.509796821029198988e+01
5.510000000000000000e+03,1.109000000000000000e+04,2.721084260623906061e+02,2.735517926730179283e+02,2.805060458938683041e+02,3.078255001378756788e+02,2.808280488221190581e+02,2.964269560791681783e+02,2.651928055516680161e+02,2.694962761100473472e+02,2.694135017550878501e+02,2.684430819426833068e+02,2.727661407930342534e+02,2.712075376501538813e+02,2.676746973402317167e+02,1.678315762430821778e+05,2.097994865696326272e+01,1.512118180692278102e+01
5.520000000000000000e+03,1.110000000000000000e+04,2.721255328208437163e+02,2.736975421492353462e+02,2.806294745144228386e+02,3.081776106375322115e+02,2.809749644271267357e+02,2.960875068639213623e+02,2.653821234241160596e+02,2.696415511373842264e+02,2.695589144232849890e+02,2.685424422276037149e+02,2.728080520117460992e+02,2.712968920683081251e+02,2.677782430371943860e+02,1.678889111462546862e+05,2.087721908018163575e+01,1.514372848520946491e+01
5.530000000000000000e+03,1.111000000000000000e+04,2.721429687092734184e+02,2.738418038121221230e+02,2.807497785286183216e+02,3.085222744042232534e+02,2.811193567954442187e+02,2.957423787675135145e+02,2.655700086035948289e+02,2.697847999092853115e+02,2.697023102175677423e+02,2.686418004809543731e+02,2.728499431485021205e+02,2.713862043156637469e+02,2.678818719902208159e+02,1.679449777294929081e+05,2.077225793468450377e+01,1.516559934302480173e+01
5.540000000000000000e+03,1.112000000000000000e+04,2.721607277966171523e+02,2.739845422126904850e+02,2.808669259980785000e+02,3.088594421258214879e+02,2.812611893217521697e+02,2.953915917917241813e+02,2.657564184594908170e+02,2.699259881760946769e+02,2.698436548453993282e+02,2.687411313525286687e+02,2.728918020297162457e+02,2.714754516473070112e+02,2.679855579493884647e+02,1.679997606556698738e+05,2.066507852854908833e+01,1.518678565219608956e+01
5.550000000000000000e+03,1.113000000000000000e+04,2.721788040545312697e+02,2.741257221774870345e+02,2.809808855376156771e+02,3.091890664859413960e+02,2.814004259665064183e+02,2.950351661040216413e+02,2.659413107400550871e+02,2.700650820791971682e+02,2.699829144039189828e+02,2.688404094164413323e+02,2.729336164513355243e+02,2.715646112471353035e+02,2.680892745626628653e+02,1.680532448090197868e+05,2.055569445110698368e+01,1.520727886323565414e+01
5.560000000000000000e+03,1.114000000000000000e+04,2.721971913597656112e+02,2.742653088189316577e+02,2.810916263119646601e+02,3.095111021322103966e+02,2.815370312533020751e+02,2.946731220489515977e+02,2.661246435751004356e+02,2.702020481548935891e+02,2.701200553832100013e+02,2.689396091787480145e+02,2.729753741822867710e+02,2.716536602346928362e+02,2.681929954045059503e+02,1.681054152962367225e+05,2.044411957122120072e+01,1.522707060962593317e+01
5.570000000000000000e+03,1.115000000000000000e+04,2.722158834944531236e+02,2.744032675377555961e+02,2.811991180457553128e+02,3.098255056435406232e+02,2.816709702749009807e+02,2.943054801602590373e+02,2.663063754855754723e+02,2.703368533384286820e+02,2.702550446706072194e+02,2.690387050842098233e+02,2.730170629670682843e+02,2.717425756723338850e+02,2.682966939518456115e+02,1.681562574471623229e+05,2.033036803552770166e+01,1.524615271235510150e+01
5.580000000000000000e+03,1.116000000000000000e+04,2.722348741485937467e+02,2.745395640306894620e+02,2.813033310205559019e+02,3.101322354970096171e+02,2.818022086915292448e+02,2.939322611718962435e+02,2.664864653845990006e+02,2.704694649678809810e+02,2.703878495551331866e+02,2.691376715234637800e+02,2.730586705300302128e+02,2.718313345720254688e+02,2.684003436115556269e+02,1.682057568157641217e+05,2.021445426664176637e+01,1.526451718389659895e+01
