phase_s,time_s,battery,bolts,frame,panel1,panel2,panel3,panel4,panel5,panel6,pcb1,pcb2,pcb3,pcb4,energy_J,absorbed_power_W,emitted_power_W
0.000000000000000000e+00,5.580000000000000000e+03,2.700732161685234018e+02,2.723899076662627294e+02,2.791796664619006378e+02,3.078157622768768533e+02,2.799324503895586531e+02,2.917293784061168935e+02,2.643728688804155240e+02,2.683397485236107514e+02,2.682618001403601511e+02,2.669499877811783790e+02,2.708885254360863541e+02,2.696360868332631071e+02,2.662253598549454523e+02,1.669079768969470751e+05,2.035692294123717971e+01,1.545590422159738431e+01
1.000000000000000000e+01,5.590000000000000000e+03,2.700920934802734337e+02,2.725238597998561545e+02,2.792808221762514904e+02,3.081139208879329772e+02,2.800603410516112035e+02,2.913557407538006601e+02,2.645558710304169381e+02,2.684696745072750446e+02,2.683919117770193452e+02,2.670477134816109697e+02,2.709295154126875786e+02,2.697236537690454270e+02,2.663275908839705153e+02,1.669562965094206156e+05,2.030620759978206280e+01,1.547424626166723272e+01
2.000000000000000000e+01,5.600000000000000000e+03,2.701112579109843637e+02,2.726561976664885947e+02,2.793827827321296695e+02,3.084056518361169310e+02,2.801867921187223374e+02,2.909951979137026115e+02,2.647558477393367298e+02,2.685987347516609702e+02,2.685211663238005713e+02,2.671453306682926723e+02,2.709704612253065648e+02,2.698110967053391960e+02,2.664297909949730183e+02,1.670055909497372631e+05,2.042305047644016014e+01,1.549360637596535106e+01
3.000000000000000000e+01,5.610000000000000000e+03,2.701307092591328001e+02,2.727870170322581771e+02,2.794863851092061395e+02,3.086911681185967495e+02,2.803120214589627039e+02,2.906463307536775460e+02,2.649713720572325428e+02,2.687271184247050542e+02,2.686497529083046061e+02,2.672428590695662365e+02,2.710113911001618590e+02,2.698984425605373190e+02,2.665319789248827647e+02,1.670558315817169496e+05,2.053773743232779836e+01,1.551367417113635483e+01
4.000000000000000000e+01,5.620000000000000000e+03,2.701504476043280647e+02,2.729164271160771023e+02,2.795918381478765582e+02,3.089706258393845246e+02,2.804361891650480061e+02,2.903083460676326695e+02,2.652016361465738896e+02,2.688549426851237172e+02,2.687777886450376741e+02,2.673403151689968809e+02,2.710523283321133476e+02,2.699857140199950436e+02,2.666341701751340452e+02,1.671069905935641727e+05,2.065025392622730394e+01,1.553435267825439858e+01
5.000000000000000000e+01,5.630000000000000000e+03,2.701704731203125220e+02,2.730445400027074356e+02,2.796991661686422503e+02,3.092441401405584429e+02,2.805594134965259059e+02,2.899806819312893822e+02,2.654460575166273202e+02,2.689822875317767057e+02,2.689053534831332399e+02,2.674377135792284435e+02,2.710932932732326890e+02,2.700729311720405121e+02,2.667363783842168914e+02,1.671590404703956156e+05,2.076058569211497939e+01,1.555559794525286499e+01
6.000000000000000000e+01,5.640000000000000000e+03,2.701907860164765793e+02,2.731714656157676018e+02,2.798083368810779348e+02,3.095117970208813176e+02,2.806817826997515795e+02,2.896628803236445151e+02,2.657041520368047713e+02,2.691092115940130043e+02,2.690325059972742565e+02,2.675350676791574074e+02,2.711343042766596909e+02,2.701601123273505891e+02,2.668386159841075482e+02,1.672119538537912886e+05,2.086871874096992840e+01,1.557738033339436612e+01
7.000000000000000000e+01,5.650000000000000000e+03,2.702113865199609108e+02,2.732973093923851025e+02,2.799192998328978774e+02,3.097736613964592607e+02,2.808033630526311981e+02,2.893545408667838501e+02,2.659754880494683675e+02,2.692357597911437779e+02,2.691592910249451052e+02,2.676323899513080846e+02,2.711753781921263453e+02,2.702472744623557901e+02,2.669408945170949892e+02,1.672657035003183992e+05,2.097463936254768058e+01,1.559967468575141503e+01
8.000000000000000000e+01,5.660000000000000000e+03,2.702322748667890551e+02,2.734221712875458934e+02,2.800319986761523978e+02,3.100297826280016125e+02,2.809242044456626672e+02,2.890553011761189168e+02,2.662596665316999633e+02,2.693619674033632236e+02,2.692857438324388681e+02,2.677296921782668733e+02,2.712165306527078883e+02,2.703344334694277222e+02,2.670432248205073051e+02,1.673202622642455390e+05,2.107833412711858045e+01,1.562245765783221962e+01
9.000000000000000000e+01,5.670000000000000000e+03,2.702534513002109406e+02,2.735461452971917424e+02,2.801463748204178614e+02,3.102801984350991233e+02,2.810443442483690433e+02,2.887648269769837270e+02,2.665563120633412382e+02,2.694878624457916771e+02,2.694118923528506002e+02,2.678269855595394802e+02,2.712577762585234495e+02,2.704216043410702923e+02,2.671456171870954677e+02,1.673756030928719556e+05,2.117978988717048949e+01,1.564570694246895677e+01
1.000000000000000000e+02,5.680000000000000000e+03,2.702749160679140914e+02,2.736693194382318097e+02,2.802623689479589757e+02,3.105249376823364855e+02,2.811638101383424555e+02,2.884828062915403279e+02,2.668650668001571375e+02,2.696134671650164023e+02,2.695377587747959183e+02,2.679242807815827518e+02,2.712991286971766840e+02,2.705088012664709822e+02,2.672480814017109196e+02,1.674316990197106497e+05,2.127899377907581879e+01,1.566940100587357954e+01
1.100000000000000000e+02,5.690000000000000000e+03,2.702966694221406101e+02,2.737917758102363450e+02,2.803799214070569406e+02,3.107640224260346713e+02,2.812826221655126915e+02,2.882089456147207329e+02,2.671855869406711008e+02,2.697387990701624858e+02,2.696633605425243445e+02,2.680215880577524104e+02,2.713406008270055736e+02,2.705960377067278841e+02,2.673506267901279898e+02,1.674885231611467898e+05,2.137593322472247692e+01,1.569351898466361561e+01
1.200000000000000000e+02,5.700000000000000000e+03,2.703187116175391225e+02,2.739135907704456940e+02,2.804989723728147055e+02,3.109974694297477527e+02,2.814007942847814547e+02,2.879429671895175602e+02,2.675175401644362410e+02,2.698638716668896791e+02,2.697887110987632582e+02,2.681189171494704624e+02,2.713822047357393217e+02,2.706833264434832813e+02,2.674532622400686819e+02,1.675460487131044501e+05,2.147059593310866887e+01,1.571804063093458481e+01
1.300000000000000000e+02,5.710000000000000000e+03,2.703410429106561992e+02,2.740348351535833444e+02,2.806194618893157440e+02,3.112252912973726779e+02,2.815183355111816468e+02,2.876846069626212739e+02,2.678606037867043597e+02,2.699886950065815654e+02,2.699138204393747174e+02,2.682162773763544124e+02,2.714239517840877056e+02,2.707706796115765542e+02,2.675559962107441265e+02,1.676042489482275851e+05,2.156296990190129392e+01,1.574294627406530722e+01
1.400000000000000000e+02,5.720000000000000000e+03,2.703636635578750429e+02,2.741555745145387846e+02,2.807413298948046076e+02,3.114474973339688972e+02,2.816352507981490021e+02,2.874336129952185956e+02,2.682144633310808217e+02,2.701132761268854665e+02,2.700386955407570895e+02,2.683136776185198755e+02,2.714658526382753507e+02,2.708581087223794839e+02,2.676588367360506027e+02,1.676630972132995958e+05,2.165304341895769724e+01,1.576821678805391258e+01
1.500000000000000000e+02,5.730000000000000000e+03,2.703865738141015527e+02,2.742758693803961592e+02,2.808645162533042026e+02,3.116640942035772923e+02,2.817515417187339608e+02,2.871897441942932119e+02,2.685788113807673767e+02,2.702376193982995574e+02,2.701633407180840436e+02,2.684111263160023668e+02,2.715079172968465855e+02,2.709456246793366745e+02,2.677617914225711502e+02,1.677225669269650825e+05,2.174080506381066868e+01,1.579383356100469271e+01
1.600000000000000000e+02,5.740000000000000000e+03,2.704097739309374901e+02,2.743957754974869658e+02,2.809889607319042852e+02,3.118750864366011797e+02,2.818672069935274180e+02,2.869527692803485479e+02,2.689533467820111809e+02,2.703617268025286648e+02,2.702877578943363801e+02,2.685086314653262320e+02,2.715501551132543909e+02,2.710332377918863926e+02,2.678648674473245705e+02,1.677826315779032011e+05,2.182624370911647915e+01,1.581977846764590367e+01
1.700000000000000000e+02,5.750000000000000000e+03,2.704332641547187563e+02,2.745153440793659456e+02,2.811146030624339573e+02,3.120804768267329337e+02,2.819822429079233075e+02,2.867224659319647913e+02,2.693377738359049545e+02,2.704855981819894737e+02,2.704119468502685777e+02,2.686062006161806721e+02,2.715925748149958281e+02,2.711209577840804741e+02,2.679680715527832717e+02,1.678432647231219162e+05,2.190934852206567385e+01,1.584603384083367672e+01
1.800000000000000000e+02,5.760000000000000000e+03,2.704570447251641099e+02,2.746346220316569315e+02,2.812413829164833601e+02,3.122802667405278498e+02,2.820966436441176484e+02,2.864986200665258025e+02,2.697318018109131117e+02,2.706092314270807719e+02,2.705359054186939716e+02,2.687038408633711697e+02,2.716351845234669327e+02,2.712087938053767857e+02,2.680714100444632209e+02,1.679044399866027525e+05,2.199010896575660468e+01,1.587258244638042015e+01
1.900000000000000000e+02,5.770000000000000000e+03,2.704811158726874964e+02,2.747536522184880141e+02,2.813692399502016315e+02,3.124744563647584528e+02,2.822104015490394318e+02,2.862810252285620436e+02,2.701351444141226921e+02,2.707326226364673403e+02,2.706596296553910292e+02,2.688015588538046359e+02,2.716779917708871608e+02,2.712967544378129787e+02,2.681748887798158876e+02,1.679661310582064325e+05,2.206851480053140691e+01,1.589940745682405598e+01
2.000000000000000000e+02,5.780000000000000000e+03,2.705054778167577751e+02,2.748724736097308323e+02,2.814981138118452577e+02,3.126630449025319649e+02,2.823235073507539710e+02,2.860694820618602989e+02,2.705475194148263540e+02,2.708557662947269478e+02,2.707831139858504343e+02,2.688993607713038614e+02,2.717210035164031297e+02,2.713848477073950107e+02,2.682785131785710746e+02,1.680283116927968804e+05,2.214455608527425312e+01,1.592649242815701172e+01
2.100000000000000000e+02,5.790000000000000000e+03,2.705301307902890358e+02,2.749911215293941495e+02,2.816279441652815763e+02,3.128460307322542349e+02,2.824359503403516101e+02,2.858637978495962670e+02,2.709686483159015324e+02,2.709786553787496359e+02,2.709063513338390976e+02,2.689972523411492489e+02,2.717642261002274608e+02,2.714730810772247764e+02,2.683822882090130406e+02,1.680909557097626384e+05,2.221822317867184893e+01,1.595382127654896642e+01
2.200000000000000000e+02,5.800000000000000000e+03,2.705550749293672084e+02,2.751096278357392748e+02,2.817586707010691498e+02,3.130234115358431382e+02,2.825477185163285867e+02,2.856637861099479778e+02,2.713982560705301808e+02,2.711012814750584994e+02,2.710293332337313359e+02,2.690952388260985231e+02,2.718076655199846527e+02,2.715614614809751401e+02,2.684862183898206922e+02,1.681540369923535036e+05,2.228950674043582580e+01,1.598137825615808794e+01
2.300000000000000000e+02,5.810000000000000000e+03,2.705803104367499827e+02,2.752280211006123523e+02,2.818902331594291581e+02,3.131951844041786899e+02,2.826587987133140132e+02,2.854692662364792000e+02,2.718360708489972808e+02,2.712236348798953713e+02,2.711520499303277347e+02,2.691933250282204426e+02,2.718513270474377350e+02,2.716499953121074213e+02,2.685903077890843633e+02,1.682175294879034045e+05,2.235839773248700268e+01,1.600914793825289451e+01
2.400000000000000000e+02,5.820000000000000000e+03,2.706058374686874686e+02,2.753463267779343369e+02,2.820225713463462398e+02,3.133613459242178578e+02,2.827691767080600016e+02,2.852800631764379204e+02,2.722818238347588817e+02,2.713457046882385839e+02,2.712744904682123206e+02,2.692915152853727818e+02,2.718952155126233947e+02,2.717386884378264540e+02,2.686945600237118583e+02,1.682814072076554876e+05,2.242488742010134217e+01,1.603711519121705820e+01
2.500000000000000000e+02,5.830000000000000000e+03,2.706316561587577780e+02,2.754645673635595813e+02,2.821556251489307101e+02,3.135218922514635551e+02,2.828788373110455154e+02,2.850960071401173082e+02,2.727352490504727029e+02,2.714674788739990845e+02,2.713966427713444887e+02,2.693898134748292250e+02,2.719393352580084979e+02,2.718275462069893820e+02,2.687989782605437767e+02,1.683456442270907282e+05,2.248896737301740245e+01,1.606526516138141147e+01
2.600000000000000000e+02,5.840000000000000000e+03,2.706577666172108820e+02,2.755827625447572018e+02,2.822893345523759763e+02,3.136768191708260360e+02,2.829877644470780069e+02,2.849169333366743899e+02,2.731960832083497621e+02,2.715889443626551270e+02,2.715184937161378684e+02,2.694882230133145526e+02,2.719836901490027685e+02,2.719165734592355079e+02,2.689035652143500101e+02,1.684102146863709495e+05,2.255062946650526712e+01,1.609358325494273956e+01
2.700000000000000000e+02,5.850000000000000000e+03,2.706841689294296316e+02,2.757009293427073544e+02,2.824236396532048730e+02,3.138261221487642274e+02,2.830959412244690157e+02,2.847426817331195821e+02,2.736640655775386222e+02,2.717100870970925826e+02,2.716400291971654610e+02,2.695867468585501001e+02,2.720282835891570699e+02,2.720057745333491539e+02,2.690083231575808895e+02,1.684750927910120809e+05,2.260986588239660477e+01,1.612205512053939316e+01
2.800000000000000000e+02,5.860000000000000000e+03,2.707108631538906138e+02,2.758190822435686869e+02,2.825584806772596949e+02,3.139697963770380511e+02,2.832033500000744084e+02,2.845730968322592389e+02,2.741389378742301233e+02,2.718308920985356281e+02,2.717612341881137468e+02,2.696853875115008350e+02,2.720731185342515914e+02,2.720951532754499453e+02,2.691132539072430632e+02,1.685402528126497346e+05,2.266666911007603602e+01,1.615066663290722815e+01
2.900000000000000000e+02,5.870000000000000000e+03,2.707378493192734368e+02,2.759372333289209109e+02,2.826937979844720417e+02,3.141078368075408775e+02,2.833099724333986842e+02,2.844080274675238797e+02,2.746204441576734894e+02,2.719513435216027801e+02,2.718820927970786556e+02,2.697841470387206755e+02,2.721181975087164346e+02,2.721847130488264952e+02,2.692183588408521473e+02,1.686056690900390968e+05,2.272103194743331400e+01,1.617940387687967529e+01
3.000000000000000000e+02,5.880000000000000000e+03,2.707651274240781731e+02,2.760553923704456452e+02,2.828295321056572789e+02,3.142402382001548631e+02,2.834157895383518735e+02,2.842473266133428069e+02,2.751083307580214523e+02,2.720714247083034820e+02,2.720025883257993087e+02,2.698830269935600086e+02,2.721635226181022631e+02,2.722744567398322033e+02,2.693236388925879510e+02,1.686713160302893375e+05,2.277294750177655303e+01,1.620825313358828623e+01
3.100000000000000000e+02,5.890000000000000000e+03,2.707926974331093675e+02,2.761735670011263437e+02,2.829656237210558629e+02,3.143669951300079788e+02,2.835207817300994861e+02,2.840908512079443540e+02,2.756023461821279170e+02,2.721911182329552048e+02,2.721227032896763376e+02,2.699820285481712290e+02,2.722090955633213412e+02,2.723643867681580559e+02,2.694290945591853301e+02,1.687371681099492998e+05,2.282240919070611795e+01,1.623720086438790133e+01
3.200000000000000000e+02,5.900000000000000000e+03,2.708205592768359224e+02,2.762917627461396251e+02,2.831020136968915040e+02,3.144881020270656791e+02,2.836249288678533276e+02,2.839384619874662121e+02,2.761022410623506858e+02,2.723104059487534414e+02,2.722424195025190556e+02,2.700811524058149757e+02,2.722549176467707639e+02,2.724545050978882159e+02,2.695347259022191793e+02,1.688031998766377801e+05,2.286941074294921350e+01,1.626623369889020765e+01
3.300000000000000000e+02,5.910000000000000000e+03,2.708487128487266205e+02,2.764099831693561100e+02,2.832386430896378897e+02,3.146035531974589503e+02,2.837282102931787904e+02,2.837900233319376753e+02,2.766077680963600756e+02,2.724292690293564192e+02,2.723617180938050524e+02,2.701803988288460232e+02,2.723009898008978098e+02,2.725448132387067517e+02,2.696405325448916983e+02,1.688693859505061409e+05,2.291394619915507036e+01,1.629533842165550084e+01
3.400000000000000000e+02,5.920000000000000000e+03,2.708771580041406537e+02,2.765282299568860935e+02,2.833754531574273869e+02,3.147133428419658117e+02,2.838306048679997389e+02,2.836454031194002710e+02,2.771186819991812627e+02,2.725476880086198435e+02,2.724805795532576553e+02,2.702797676423528515e+02,2.723473125863441737e+02,2.726353122584550874e+02,2.697465136858565984e+02,1.689357010259724921e+05,2.295600991265043689e+01,1.632450196001152420e+01
3.500000000000000000e+02,5.930000000000000000e+03,2.709058945577108943e+02,2.766465030066829627e+02,2.835123853711961033e+02,3.148174650755437369e+02,2.839320910088470100e+02,2.835044725888193966e+02,2.776347394626895948e+02,2.726656428178515625e+02,2.725989837684126087e+02,2.703792582387881112e+02,2.723938862081430443e+02,2.727260027902279944e+02,2.698526680969224003e+02,1.690021198735359940e+05,2.299559655015562853e+01,1.635371137254746543e+01
3.600000000000000000e+02,5.940000000000000000e+03,2.709349222823905734e+02,2.767648005136702523e+02,2.836493814251637673e+02,3.149159139439536830e+02,2.840326467192410291e+02,2.833671062115718655e+02,2.781556991202289737e+02,2.727831128206473750e+02,2.727169100597421334e+02,2.704788695809439218e+02,2.724407105268522287e+02,2.728168850393221874e+02,2.699589941275701221e+02,1.690686173417218088e+05,2.303270109246065545e+01,1.638295383815870565e+01
3.700000000000000000e+02,5.950000000000000000e+03,2.709642409071797147e+02,2.768831190502653499e+02,2.837863832466588292e+02,3.150086834393948720e+02,2.841322496198350791e+02,2.832331815688224310e+02,2.786813215181624628e+02,2.729000768467122953e+02,2.728343372140173528e+02,2.705786002076755494e+02,2.724877850693935670e+02,2.729079587904927280e+02,2.700654897085499897e+02,1.691351683591225301e+05,2.306731883506167335e+01,1.641221664571122929e+01
3.800000000000000000e+02,5.960000000000000000e+03,2.709938501152656158e+02,2.770014536438359869e+02,2.839233330083104647e+02,3.150957675159222617e+02,2.842308769772636765e+02,2.831025792298959232e+02,2.792113690917373674e+02,2.730165132234999419e+02,2.729512435161270218e+02,2.706784482368266254e+02,2.725351090391869775e+02,2.729992234151426374e+02,2.701721523577182325e+02,1.692017479365035833e+05,2.309944538875742737e+01,1.644148718409414300e+01
3.900000000000000000e+02,5.970000000000000000e+03,2.710237495431327943e+02,2.771197978491171625e+02,2.840601731293234025e+02,3.151771600969797760e+02,2.843285057317486348e+02,2.829751826636852456e+02,2.797456061467538575e+02,2.731323998060091753e+02,2.730676067789260628e+02,2.707784113702114723e+02,2.725826813262333417e+02,2.730906778780005197e+02,2.702789791816205707e+02,1.692683311691806302e+05,2.312907668020576679e+01,1.647075293318343370e+01
4.000000000000000000e+02,5.980000000000000000e+03,2.710539387777890283e+02,2.772381438178682060e+02,2.841968462938624498e+02,3.152528550926177786e+02,2.844251125233303128e+02,2.828508781147537547e+02,2.802837988453330809e+02,2.732477140056861344e+02,2.731834043724101093e+02,2.708784868985258072e+02,2.726305005162278121e+02,2.731823207430539355e+02,2.703859668780096399e+02,1.693348932392189163e+05,2.315620895244014577e+01,1.650000145503627991e+01
4.100000000000000000e+02,5.990000000000000000e+03,2.710844173558046464e+02,2.773564823653984490e+02,2.843332954562921486e+02,3.153228464096673065e+02,2.845206737156100871e+02,2.827295545096710043e+02,2.808257151953475841e+02,2.733624328181015244e+02,2.732986132504405532e+02,2.709786717012527788e+02,2.726785648999792784e+02,2.732741501830356583e+02,2.704931117461386521e+02,1.694014094179255480e+05,2.318083876534590004e+01,1.652922038551394479e+01
4.200000000000000000e+02,6.000000000000000000e+03,2.711151847613828068e+02,2.774748030346019050e+02,2.844694638502003841e+02,3.153871279617079608e+02,2.846151654202826649e+02,2.826111033649580122e+02,2.813711250445034011e+02,2.734765328492045455e+02,2.734132099770109789e+02,2.710789622604072520e+02,2.727268724818989654e+02,2.733661639791444031e+02,2.706004096848331528e+02,1.694678550683974172e+05,2.320296299609649537e+01,1.655839742661855141e+01
4.300000000000000000e+02,6.010000000000000000e+03,2.711462404250781333e+02,2.775930941504723251e+02,2.846052949965994685e+02,3.154456936784279719e+02,2.847085635192740369e+02,2.824954186985851265e+02,2.819198000777531092e+02,2.735899903403434905e+02,2.735271707546792186e+02,2.711793546554901013e+02,2.727754209881341581e+02,2.734583595326722616e+02,2.707078561984344560e+02,1.695342056480656029e+05,2.322257883954940638e+01,1.658752033931681069e+01
4.400000000000000000e+02,6.020000000000000000e+03,2.711775837215859610e+02,2.777113428862035107e+02,2.847407327141574456e+02,3.154985375148359026e+02,2.848008436884454113e+02,2.823823969452377014e+02,2.824715138187780212e+02,2.737027811925501055e+02,2.736404714423035216e+02,2.712798445756018282e+02,2.728242078637409804e+02,2.735507338682474483e+02,2.708154464015147482e+02,1.696004367113492044e+05,2.323968380860183913e+01,1.661657693679342174e+01
4.500000000000000000e+02,6.030000000000000000e+03,2.712092139681797107e+02,2.778295353155699559e+02,2.848757211170628807e+02,3.155456534594642335e+02,2.848919814102771397e+02,2.822719368764402361e+02,2.830260416273122246e+02,2.738148809892779809e+02,2.737530875829979209e+02,2.713804273172229955e+02,2.728732303233225593e+02,2.736432836396373887e+02,2.709231750213639316e+02,1.696665239123109495e+05,2.325427573450604157e+01,1.664555507773496856e+01
4.600000000000000000e+02,6.040000000000000000e+03,2.712411304237656395e+02,2.779476564615661118e+02,2.850102046396458491e+02,3.155870355431396206e+02,2.849819520051830750e+02,2.821639395232192555e+02,2.835831607156055725e+02,2.739262650191182047e+02,2.738649944248501811e+02,2.714810977914214618e+02,2.729224852914038593e+02,2.737360051354584130e+02,2.710310364063313955e+02,1.697324430076440913e+05,2.326635276714426936e+01,1.667444266109529494e+01
4.700000000000000000e+02,6.050000000000000000e+03,2.712733322868438108e+02,2.780656903471819987e+02,2.851441280332704196e+02,3.156226778461015101e+02,2.850707306443487141e+02,2.820583081031063557e+02,2.841426501514025063e+02,2.740369082970908607e+02,2.739761669427502397e+02,2.715818505317197378e+02,2.729719694538513295e+02,2.738288942808603110e+02,2.711390245221887199e+02,1.697981698593580513e+05,2.327591337526340354e+01,1.670322762039847220e+01
4.800000000000000000e+02,6.060000000000000000e+03,2.713058186937265646e+02,2.781836202095863086e+02,2.852774363361512542e+02,3.156525745042245603e+02,2.851582923540914862e+02,2.819549479506562193e+02,2.847042908424193683e+02,2.741467855854306208e+02,2.740865798554565345e+02,2.716826796932431307e+02,2.730216792607498633e+02,2.739219466524070867e+02,2.712471329751348890e+02,1.698636804377202061e+05,2.328295634666905656e+01,1.673189791726791498e+01
4.900000000000000000e+02,6.070000000000000000e+03,2.713385887173515698e+02,2.783014278828200077e+02,2.854100750399969684e+02,3.156767197179498226e+02,2.852446120878589113e+02,2.818537664505176394e+02,2.852678656572782643e+02,2.742558714130520912e+02,2.741962076521753602e+02,2.717835790587242855e+02,2.730716109160594556e+02,2.740151574623390047e+02,2.713553549700311578e+02,1.699289508241277654e+05,2.328748078837928048e+01,1.676044154215874471e+01
5.000000000000000000e+02,6.080000000000000000e+03,2.713716413657343764e+02,2.784190948766549809e+02,2.855419898432503487e+02,3.156951077576045464e+02,2.853296646662718103e+02,2.817546729743336869e+02,2.858331592768782912e+02,2.743641400941758093e+02,2.743050246124442424e+02,2.718845420470609042e+02,2.731217604010269042e+02,2.741085215834203836e+02,2.714636833741509463e+02,1.699939572142127727e+05,2.328948612673781327e+01,1.678884650330295969e+01
5.100000000000000000e+02,6.090000000000000000e+03,2.714049755799140939e+02,2.785366016573522643e+02,2.856731268566746849e+02,3.157077329698003041e+02,2.854134248447891196e+02,2.816575788200534589e+02,2.863999583313875519e+02,2.744715657472136172e+02,2.744130048137201925e+02,2.719855617108268007e+02,2.731721234584451850e+02,2.742020335451481969e+02,2.715721106841156711e+02,1.700586759207532741e+05,2.328897210748677793e+01,1.681710082697523845e+01
5.200000000000000000e+02,6.100000000000000000e+03,2.714385902332734304e+02,2.786539279429580347e+02,2.858034325320069229e+02,3.157145897837392567e+02,2.854958673119953687e+02,2.815623971533166809e+02,2.869680513782451499e+02,2.745781223137926190e+02,2.745201221567858738e+02,2.720866307457423545e+02,2.732226956273732412e+02,2.742956875376538051e+02,2.716806290406193511e+02,1.701230833768430166e+05,2.328593879579892700e+01,1.684519255329642817e+01
5.300000000000000000e+02,6.110000000000000000e+03,2.714724841293203212e+02,2.787710527106914355e+02,2.859328536860206214e+02,3.157156727167658801e+02,2.855769667097217734e+02,2.814690429530321580e+02,2.875372289286085561e+02,2.746837835746590599e+02,2.746263503822071925e+02,2.721877414937756612e+02,2.732734722234582705e+02,2.743894774151531237e+02,2.717892302301554537e+02,1.701871561388456030e+05,2.328038657626941088e+01,1.687310973351439358e+01
5.400000000000000000e+02,6.120000000000000000e+03,2.715066560003984364e+02,2.788879542357425407e+02,2.860613375042690905e+02,3.157109763799410871e+02,2.856566976472137753e+02,2.813774329585223768e+02,2.881072834687772115e+02,2.747885231667751214e+02,2.747316630866523042e+02,2.722888859478495647e+02,2.733244483490599350e+02,2.744833967015865710e+02,2.718979056898357385e+02,1.702508708895847376e+05,2.327231615286697775e+01,1.690084042744985737e+01
5.500000000000000000e+02,6.130000000000000000e+03,2.715411045067500027e+02,2.790046101274713806e+02,2.861888315443550255e+02,3.157004954838207027e+02,2.857350347124813652e+02,2.812874856162303558e+02,2.886780094830783128e+02,2.748923145992244486e+02,2.748360337390033692e+02,2.723900557558243349e+02,2.733756189155913603e+02,2.745774385908411546e+02,2.720066465114995253e+02,1.703142044414862175e+05,2.326172854884471519e+01,1.692837270131293792e+01
5.600000000000000000e+02,6.140000000000000000e+03,2.715758282339687639e+02,2.791209973707477729e+02,2.863152837485284863e+02,3.156842248432955103e+02,2.858119524900465649e+02,2.811991210354857458e+02,2.892492034776647074e+02,2.749951312688881444e+02,2.749394356960260666e+02,2.724912422257419848e+02,2.734269786150134109e+02,2.746715959516379826e+02,2.721154434463142024e+02,1.703771337396299350e+05,2.324862510661035486e+01,1.695569462610824374e+01
5.700000000000000000e+02,6.150000000000000000e+03,2.716108256926953004e+02,2.792370923417754511e+02,2.864406424456449258e+02,3.156621593829873405e+02,2.858874255716443145e+02,2.811122609392702998e+02,2.898206640055689718e+02,2.750969464756686875e+02,2.750418422171888437e+02,2.725924363309226237e+02,2.734785219505321834e+02,2.747658613360974869e+02,2.722242869080837409e+02,1.704396358650313923e+05,2.323300748755602285e+01,1.698279427623508298e+01
5.800000000000000000e+02,6.160000000000000000e+03,2.716460953167656385e+02,2.793528708619948020e+02,2.865648563586174760e+02,3.156342941421689829e+02,2.859614285696260367e+02,2.810268286205979962e+02,2.903921916921431716e+02,2.751977334371404140e+02,2.751432264796597451e+02,2.726936287068637057e+02,2.735302432316713066e+02,2.748602269753033625e+02,2.723331669779564663e+02,1.705016880377122434e+05,2.321487767184760997e+01,1.700965972850769958e+01
5.900000000000000000e+02,6.170000000000000000e+03,2.716816354611875113e+02,2.794683082098271143e+02,2.866878746102079276e+02,3.156006242795202184e+02,2.860339361293312663e+02,2.809427488996637976e+02,2.909635892619612605e+02,2.752974653022611733e+02,2.752435615918423082e+02,2.727948096709473020e+02,2.735821365779611369e+02,2.749546847859721197e+02,2.724420734084491187e+02,1.705632676198605914e+05,2.319423795817370149e+01,1.703627906153195681e+01
6.000000000000000000e+02,6.180000000000000000e+03,2.717174444019687485e+02,2.795833791566972764e+02,2.868096467286691222e+02,3.155611450779384768e+02,2.861049229412030854e+02,2.808599480833843813e+02,2.915346615642647521e+02,2.753961151709788737e+02,2.753428206077744562e+02,2.728959692137029265e+02,2.736341959232271961e+02,2.750492263731092635e+02,2.725509956276832781e+02,1.706243521190916654e+05,2.317109096345413377e+01,1.706264035559698300e+01
6.100000000000000000e+02,6.190000000000000000e+03,2.717535203336093446e+02,2.796980580125052143e+02,2.869301226566999503e+02,3.155158519494430038e+02,2.861743637526871566e+02,2.807783539264283945e+02,2.921052156032316134e+02,2.754936560891146087e+02,2.754409765400050674e+02,2.729970970095420171e+02,2.736864150192529337e+02,2.751438430306124019e+02,2.726599227436709612e+02,1.706849191914959520e+05,2.314543962250817088e+01,1.708873169248397161e+01
6.200000000000000000e+02,6.200000000000000000e+03,2.717898613689219474e+02,2.798123186235407047e+02,2.870492527526486128e+02,3.154647404397102264e+02,2.862422333784681996e+02,2.806978955945695589e+02,2.926750605610038747e+02,2.755900610841981688e+02,2.755380023728210972e+02,2.730981824175933639e+02,2.737387874387276270e+02,2.752385257528393936e+02,2.727688435481737770e+02,1.707449466448928579e+05,2.311728718768242175e+01,1.711454115621913985e+01
6.300000000000000000e+02,6.210000000000000000e+03,2.718264655365859426e+02,2.799261344223046990e+02,2.871669877975302825e+02,3.154078062325234555e+02,2.863085067113329387e+02,2.806185036257638217e+02,2.932440078291695045e+02,2.756853031664406330e+02,2.756338710744324771e+02,2.731992144906051863e+02,2.737913065787931828e+02,2.753332652303627128e+02,2.728777465216117548e+02,1.708044124419174623e+05,2.308663722843849087e+01,1.714005683368415944e+01
6.400000000000000000e+02,6.220000000000000000e+03,2.718633307804688002e+02,2.800394784186302104e+02,2.872832790088918955e+02,3.153450451540890640e+02,2.863731587384905879e+02,2.805401098994579456e+02,2.938118710360204773e+02,2.757793553423446156e+02,2.757285556099274686e+02,2.733001819762444029e+02,2.738439656638145721e+02,2.754280518481015179e+02,2.729866198355208553e+02,1.708632947030982468e+05,2.305349363090032710e+01,1.716526681608634064e+01
6.500000000000000000e+02,6.230000000000000000e+03,2.719004549588359509e+02,2.801523232957750906e+02,2.873980780274267772e+02,3.152764531777779666e+02,2.864361645396890026e+02,2.804626476018117955e+02,2.943784660699175220e+02,2.758721906271156286e+02,2.758220289524074360e+02,2.734010733232211123e+02,2.738967577492670671e+02,2.755228756981601919e+02,2.730954513609193555e+02,1.709215717101347400e+05,2.301786059736159729e+01,1.719015919980715168e+01
6.600000000000000000e+02,6.240000000000000000e+03,2.719378358417812365e+02,2.802646413599534867e+02,2.875113369415588522e+02,3.152020264282712105e+02,2.864974993084924790e+02,2.803860511940889637e+02,2.949436111112257777e+02,2.759637820558159547e+02,2.759142640943414904e+02,2.735018766857460264e+02,2.739496757236714188e+02,2.756177265782256427e+02,2.732042286686170200e+02,1.709792219087442209e+05,2.297974264575278980e+01,1.721472208862772035e+01
6.700000000000000000e+02,6.250000000000000000e+03,2.719754711116250405e+02,2.803764045974853616e+02,2.876230082842314459e+02,3.151217611863741013e+02,2.865571383574721267e+02,2.803102563825558491e+02,2.955071266578392510e+02,2.760541026948766898e+02,2.760052340594498901e+02,2.736025799275511758e+02,2.740027123125396429e+02,2.757125939948080600e+02,2.733129390337820723e+02,1.710362239119226870e+05,2.293914460906846742e+01,1.723894359569612433e+01
6.800000000000000000e+02,6.260000000000000000e+03,2.720133583606875050e+02,2.804875846920677418e+02,2.877330450376776412e+02,3.150356538920174785e+02,2.866150571278060397e+02,2.802352000884088739e+02,2.960688355518563526e+02,2.761431256528801441e+02,2.760949119132012584e+02,2.737031706289812973e+02,2.740558600806421623e+02,2.758074671670545968e+02,2.734215694463753152e+02,1.710925565028775309e+05,2.289607163475441354e+01,1.726281184581645078e+01
6.900000000000000000e+02,6.270000000000000000e+03,2.720514950905468936e+02,2.805981530487497366e+02,2.878414006417809787e+02,3.149437011505949613e+02,2.866712311985279484e+02,2.801608204212554938e+02,2.966285630057652725e+02,2.762308240912562383e+02,2.761832707736413681e+02,2.738036360890117749e+02,2.741091114346987752e+02,2.759023350259836320e+02,2.735301066068417981e+02,1.711481986380227027e+05,2.285052918405500577e+01,1.728631497821118757e+01
7.000000000000000000e+02,6.280000000000000000e+03,2.720898787110546664e+02,2.807080808112652903e+02,2.879480289962882580e+02,3.148458997355598967e+02,2.867256362953126541e+02,2.800870566507824151e+02,2.971861366280577386e+02,2.763171712343626041e+02,2.762702838215389534e+02,2.739039633319342215e+02,2.741624586266584629e+02,2.759971862243540954e+02,2.736385369362450888e+02,1.712031294499567593e+05,2.280252303132084890e+01,1.730944114937246425e+01
7.100000000000000000e+02,6.290000000000000000e+03,2.721285065391796820e+02,2.808173388868714255e+02,2.880528844668162947e+02,3.147422465934990896e+02,2.867782482990833728e+02,2.800138491816223905e+02,2.977413864479149197e+02,2.764021403801115184e+02,2.763559243103846370e+02,2.740041391119118543e+02,2.742158937559552214e+02,2.760920091338197722e+02,2.737468465799013870e+02,1.712573282503956580e+05,2.275205926327652151e+01,1.733217853632893224e+01
7.200000000000000000e+02,6.300000000000000000e+03,2.721673757975937633e+02,2.809258979462356933e+02,2.881559218931259920e+02,3.146327388479493266e+02,2.868290432567906691e+02,2.799411395273739345e+02,2.982941449412752490e+02,2.764857049091734211e+02,2.764401655763966801e+02,2.741041499164921333e+02,2.742694087719547724e+02,2.761867918493121579e+02,2.738550214153611932e+02,1.713107745329592144e+05,2.269914427824895142e+01,1.735451534017910546e+01
7.300000000000000000e+02,6.310000000000000000e+03,2.722064836151171789e+02,2.810337284959218778e+02,2.882570965858706700e+02,3.145173738040453486e+02,2.868779973842488857e+02,2.798688702860512763e+02,2.988442470497883505e+02,2.765678382949687943e+02,2.765229810478107311e+02,2.742039819757832220e+02,2.743229954781423885e+02,2.762815221941187929e+02,2.739630470415270338e+02,1.713634479761710973e+05,2.264378478535607542e+01,1.737643978952496937e+01
7.400000000000000000e+02,6.320000000000000000e+03,2.722458270238437308e+02,2.811408008361458428e+02,2.883563643333086475e+02,3.143961489524107265e+02,2.869250870746635655e+02,2.797969851313181380e+02,2.993915302077550677e+02,2.766485141123720268e+02,2.766043442540683372e+02,2.743036212632574120e+02,2.743766455331012253e+02,2.763761877186037736e+02,2.740709088101578459e+02,1.714153284460694995e+05,2.258598780365626979e+01,1.739794014488514051e+01
7.500000000000000000e+02,6.330000000000000000e+03,2.722854029598984766e+02,2.812470851025765342e+02,2.884536814165086298e+02,3.142690619736445115e+02,2.869702889139474564e+02,2.797254287592854780e+02,2.999358343617647051e+02,2.767277060470166816e+02,2.766842288350071613e+02,2.744030535028985014e+02,2.744303504538842162e+02,2.764707757134483472e+02,2.741785918102717119e+02,1.714663959990299772e+05,2.252576066125834231e+01,1.741900470238154952e+01
7.600000000000000000e+02,6.340000000000000000e+03,2.723252082618984105e+02,2.813525512920019764e+02,2.885490046019348256e+02,3.141361107426977810e+02,2.870135796806234794e+02,2.796541468945448514e+02,3.004770019913677288e+02,2.768053879044801420e+02,2.767626085497080339e+02,2.745022641742794463e+02,2.744841016174574406e+02,2.765652731994593978e+02,2.742860808796600622e+02,1.715166308844246378e+05,2.246311099439240166e+01,1.743962179852356797e+01
7.700000000000000000e+02,6.350000000000000000e+03,2.723652396703358818e+02,2.814571692710716206e+02,2.886422911480577227e+02,3.139972933317872048e+02,2.870549363552843261e+02,2.795830862597098303e+02,3.010148781278428487e+02,2.768815336185275555e+02,2.768394572848649204e+02,2.746012385181685431e+02,2.745378902680122337e+02,2.766596669430140309e+02,2.743933606098513565e+02,1.715660135472776601e+05,2.239804674644170390e+01,1.745977981460928063e+01
7.800000000000000000e+02,6.360000000000000000e+03,2.724054938269062518e+02,2.815609087872070404e+02,2.887334988263002060e+02,3.138526080266980784e+02,2.870943361273501750e+02,2.795121945574096003e+02,3.015493103816245366e+02,2.769561172601918315e+02,2.769147490635019722e+02,2.746999615414752043e+02,2.745917074666815552e+02,2.767539434493938870e+02,2.745004153465387162e+02,1.716145246307728521e+05,2.233057616693544389e+01,1.747946718237828279e+01
7.900000000000000000e+02,6.370000000000000000e+03,2.724459672736250582e+02,2.816637395063629583e+02,2.888225858665717283e+02,3.137020532896212899e+02,2.871317564022122042e+02,2.794414204498062304e+02,3.020801489250615077e+02,2.770291130434641218e+02,2.769884580521456883e+02,2.747984180231958362e+02,2.746455442969454452e+02,2.768480889750914571e+02,2.746072292099825631e+02,1.716621449787187448e+05,2.226070781050284353e+01,1.749867238618299226e+01
8.000000000000000000e+02,6.380000000000000000e+03,2.724866564527187620e+02,2.817656310055348285e+02,2.889095110515467013e+02,3.135456278236778758e+02,2.871671748078977089e+02,2.793707135414494473e+02,3.026072465585407940e+02,2.771004953359611136e+02,2.770605585719827673e+02,2.748965925184865000e+02,2.746993915450829036e+02,2.769420895280311470e+02,2.747137860812633789e+02,1.717088556381558883e+05,2.218845053578846205e+01,1.751738397189150120e+01
8.100000000000000000e+02,6.390000000000000000e+03,2.725275577057265650e+02,2.818665528009341870e+02,2.889942336552043116e+02,3.133833305378175282e+02,2.872005692013070188e+02,2.793000243611805331e+02,3.031304586920909401e+02,2.771702386658332102e+02,2.771310250983463561e+02,2.749944693693385602e+02,2.747532399370820713e+02,2.770359308708083290e+02,2.748200696184084677e+02,1.717546378616109141e+05,2.211381350432903758e+01,1.753559055006886069e+01
8.200000000000000000e+02,6.400000000000000000e+03,2.725686672729687530e+02,2.819664743530953501e+02,2.890767134654308279e+02,3.132151605603352209e+02,2.872319176744988454e+02,2.792293043453063319e+02,3.036496433651902862e+02,2.772383177289825085e+02,2.771998322782506534e+02,2.750920327043935458e+02,2.748070800751610250e+02,2.771295985270938900e+02,2.749260632598638949e+02,1.717994731094086892e+05,2.203680617939190967e+01,1.755328080177579864e+01
8.300000000000000000e+02,6.410000000000000000e+03,2.726099812934765509e+02,2.820653650888854145e+02,2.891569107882014578e+02,3.130411172433637148e+02,2.872611985612027183e+02,2.791585058210893635e+02,3.041646612597536432e+02,2.773047073964840479e+02,2.772669549322371267e+02,2.751892664458773083e+02,2.748609024440453368e+02,2.772230777834765263e+02,2.750317502270142427e+02,1.718433430519571120e+05,2.195743832477509017e+01,1.757044348418035185e+01
8.400000000000000000e+02,6.420000000000000000e+03,2.726514958043281354e+02,2.821631944138288191e+02,2.892347864494732335e+02,3.128612001668052471e+02,2.872883904420668841e+02,2.790875819912939733e+02,3.046753757086823953e+02,2.773693827217951480e+02,2.773323680626154442e+02,2.752861543187599978e+02,2.749146974081573944e+02,2.773163536952517916e+02,2.751371135369136027e+02,1.718862295718843525e+05,2.187572000356936641e+01,1.758706743620368229e+01
8.500000000000000000e+02,6.430000000000000000e+03,2.726932067404922009e+02,2.822599317265989498e+02,2.893103017991966226e+02,3.126754091433362532e+02,2.873134721505200559e+02,2.790164869183477094e+02,3.051816527057943631e+02,2.774323189474383753e+02,2.773960468602002720e+02,2.753826798562201361e+02,2.749684552213987558e+02,2.774094110891466016e+02,2.752421360018418000e+02,1.719281147662050789e+05,2.179166157688241157e+01,1.760314158434336562e+01
8.600000000000000000e+02,6.440000000000000000e+03,2.727351099345703460e+02,2.823555464315579684e+02,2.893834187155196673e+02,3.124837442220643879e+02,2.873364227790107748e+02,2.789451755104356607e+02,3.056833609121587756e+02,2.774934915122003076e+02,2.774579667112602692e+02,2.754788263998560751e+02,2.750221660253305345e+02,2.775022345724923980e+02,2.753468002371362786e+02,1.719689809482832788e+05,2.170527370252503374e+01,1.761865494858175651e+01
8.700000000000000000e+02,6.450000000000000000e+03,2.727772011164531705e+02,2.824500079522737224e+02,2.894540996073217229e+02,3.122862056933138319e+02,2.873572216837404767e+02,2.788736035067609009e+02,3.061803716623517175e+02,2.775528760574302396e+02,2.775181032039039337e+02,2.755745771127147918e+02,2.750758198539703585e+02,2.775948085322993961e+02,2.754510886673912751e+02,1.720088106498122797e+05,2.161656733365993333e+01,1.763359664831465068e+01
8.800000000000000000e+02,6.460000000000000000e+03,2.728194759137343226e+02,2.825432857443496459e+02,2.895223074171834696e+02,3.120827940925623238e+02,2.873758484903571002e+02,2.788017274630914812e+02,3.066725589682309305e+02,2.776104484335131701e+02,2.775764321347277246e+02,2.756699149830934630e+02,2.751294066370180076e+02,2.776871171435985843e+02,2.755549835323081425e+02,1.720475866227305378e+05,2.152555371741287615e+01,1.764795590838370032e+01
8.900000000000000000e+02,6.470000000000000000e+03,2.728619298510312774e+02,2.826353493046129870e+02,2.895880054178173850e+02,3.118735101686024791e+02,2.873922830970105906e+02,2.787295052441562575e+02,3.071597995212777050e+02,2.776661847060962032e+02,2.776329293749627709e+02,2.757648228308211742e+02,2.751829162024503148e+02,2.777791443736822430e+02,2.756584668924406856e+02,1.720852918409152189e+05,2.143224439344672305e+01,1.766172207181127973e+01
9.000000000000000000e+02,6.480000000000000000e+03,2.729045583506249386e+02,2.827261681927721497e+02,2.896511580616182755e+02,3.116583550120102473e+02,2.874065056822408906e+02,2.786568940046327043e+02,3.076419726936575216e+02,2.777200611630207732e+02,2.776875714224527769e+02,2.758592833136041236e+02,2.752363382802907381e+02,2.778708739877778271e+02,2.757615206363392986e+02,1.721219095021872781e+05,2.133665119249828734e+01,1.767488457929599477e+01
9.100000000000000000e+02,6.490000000000000000e+03,2.729473567320000029e+02,2.828157120264977493e+02,2.897117296784301743e+02,3.114373299170895848e+02,2.874184967107692614e+02,2.785838531542090095e+02,3.081189605385550294e+02,2.777720543148919887e+02,2.777403346258927286e+02,2.759532789330046398e+02,2.752896625053441539e+02,2.779622895535591169e+02,2.758641264860192450e+02,1.721574230296970927e+05,2.123878623487830097e+01,1.768743301446371774e+01
9.200000000000000000e+02,6.500000000000000000e+03,2.729903202123672372e+02,2.829039505527945835e+02,2.897696853646531281e+02,3.112104364354676136e+02,2.874282369349296005e+02,2.785103424179467879e+02,3.085906477853309298e+02,2.778221409141063987e+02,2.777911956554925723e+02,2.760467920277042708e+02,2.753428784226114203e+02,2.780533744479295137e+02,2.759662660040453943e+02,1.721918160735932179e+05,2.113866192893468821e+01,1.769935708581829203e+01
9.300000000000000000e+02,6.510000000000000000e+03,2.730334439070546750e+02,2.829908535070729272e+02,2.898249907866834292e+02,3.109776763943366404e+02,2.874357074004888659e+02,2.784363222409285186e+02,3.090569218386769990e+02,2.778702979410793432e+02,2.778401314436369489e+02,2.761398048487664028e+02,2.753959754850606032e+02,2.781441118606632017e+02,2.760679205962503602e+02,1.722250725125593599e+05,2.103629096947931743e+01,1.771064663687574381e+01
9.400000000000000000e+02,6.520000000000000000e+03,2.730767228293437370e+02,2.830763908213363038e+02,2.898776121476384446e+02,3.107390518916888595e+02,2.874408894498139944e+02,2.783617538265209532e+02,3.095176727720157714e+02,2.779165026313401654e+02,2.778871191566714174e+02,2.762322994431686425e+02,2.754489430631170421e+02,2.782344848030160165e+02,2.761690715219903041e+02,1.722571764552024542e+05,2.093168633617837315e+01,1.772129165345999269e+01
9.500000000000000000e+02,6.530000000000000000e+03,2.731201518913203472e+02,2.831605324983788705e+02,2.899275162008425468e+02,3.104945653033751114e+02,2.874437647269436980e+02,2.782865991090772013e+02,3.099727933215592088e+02,2.779607324594443298e+02,2.779321362159653859e+02,2.763242577579011368e+02,2.755017704472817286e+02,2.783244761116841346e+02,2.762696999131746338e+02,1.722881122414286656e+05,2.082486129190670709e+01,1.773128226956251297e+01
9.600000000000000000e+02,6.540000000000000000e+03,2.731637259040234653e+02,2.832432486961051268e+02,2.899746702508982708e+02,3.102442192808036907e+02,2.874443151825088307e+02,2.782108207515255458e+02,3.104221788748521931e+02,2.780029651578944936e+02,2.779751602944093634e+02,2.764156616181990103e+02,2.755544468485511516e+02,2.784140684555855501e+02,2.763697867505430850e+02,1.723178644436901668e+05,2.071582938106620730e+01,1.774060877336651032e+01
9.700000000000000000e+02,6.550000000000000000e+03,2.732074395780156237e+02,2.833245096805586059e+02,2.900190421682168562e+02,3.099880167643616460e+02,2.874425230765021979e+02,2.781343821160977541e+02,3.108657274645474331e+02,2.780431787220703654e+02,2.780161693229985644e+02,2.765064927340265513e+02,2.756069614037269275e+02,2.785032443425200768e+02,2.764693128946796605e+02,1.723464178682075290e+05,2.060460442786848745e+01,1.774926161331180552e+01
9.800000000000000000e+02,6.560000000000000000e+03,2.732512875242655923e+02,2.834042858699472163e+02,2.900606003747031423e+02,3.097259609826093651e+02,2.874383709824157904e+02,2.780572472780772273e+02,3.113033397551232611e+02,2.780813514088853253e+02,2.780551414963111370e+02,2.765967327063666517e+02,2.756593031794091075e+02,2.785919861247534755e+02,2.765682590863485757e+02,1.723737575560801488e+05,2.049120053458214841e+01,1.775723140413627021e+01
9.900000000000000000e+02,6.570000000000000000e+03,2.732952642542578587e+02,2.834825478394785137e+02,2.900993138522306367e+02,3.094580554575653650e+02,2.874318417910462244e+02,2.779793810060863848e+02,3.117349190301109729e+02,2.781174617439897929e+02,2.780920552767830145e+02,2.766863630340886289e+02,2.757114611749720439e+02,2.786802760060539867e+02,2.766666059532842610e+02,1.723998687843048829e+05,2.037563207974468327e+01,1.776450893262849462e+01
1.000000000000000000e+03,6.580000000000000000e+03,2.733393641814453190e+02,2.835592663263809072e+02,2.901351521439623866e+02,3.091843040093393142e+02,2.874229187139844726e+02,2.779007487533428389e+02,3.121603711778124080e+02,2.781514885263536598e+02,2.781268893991972959e+02,2.767753651248820574e+02,2.757634243267974625e+02,2.787680960483855870e+02,2.767643340160221896e+02,1.724247370668076328e+05,2.025791371633948046e+01,1.777108516342077849e+01
1.010000000000000000e+03,6.590000000000000000e+03,2.733835816213906469e+02,2.836344122432916492e+02,2.901680853529118735e+02,3.089047107601079460e+02,2.874115852858611788e+02,2.778213166557097793e+02,3.125796046752057009e+02,2.781834108325018633e+02,2.781596228734112515e+02,2.768637202969927102e+02,2.758151815118607146e+02,2.788554281784403202e+02,2.768614236977031169e+02,1.724483481552176818e+05,2.013806036993791082e+01,1.777695124467654253e+01
1.020000000000000000e+03,6.600000000000000000e+03,2.734279107930000237e+02,2.837079566838681899e+02,2.901980841521475440e+02,3.086192801383617166e+02,2.873978253712799642e+02,2.777410515023464086e+02,3.129925305713207990e+02,2.782132080209728429e+02,2.781902349943143236e+02,2.769514097891745337e+02,2.758667215528147381e+02,2.789422541947875516e+02,2.769578553281229460e+02,1.724706880398244248e+05,2.001608723680692492e+01,1.778209851353164339e+01
1.030000000000000000e+03,6.610000000000000000e+03,2.734723458192421504e+02,2.837798709463766613e+02,2.902251197756027636e+02,3.083280168858756269e+02,2.873816231634826863e+02,2.776599207487837475e+02,3.133990624674752894e+02,2.782408597365958940e+02,2.782187053378602855e+02,2.770384147680886713e+02,2.759180332138897143e+02,2.790285557753308012e+02,2.770536091524170956e+02,1.724917429502016166e+05,1.989200978198235603e+01,1.778651850161265813e+01
1.040000000000000000e+03,6.620000000000000000e+03,2.735168807286094079e+02,2.838501265137714995e+02,2.902491640239952631e+02,3.080309260583199489e+02,2.873629631897420040e+02,2.775778925043491085e+02,3.137991164990661446e+02,2.782663459139517954e+02,2.782450137709565183e+02,2.771247163344734190e+02,2.759691052211990154e+02,2.791143144804064491e+02,2.771486653377579046e+02,1.725114993559581926e+05,1.976584373730800337e+01,1.779020294055560925e+01
1.050000000000000000e+03,6.630000000000000000e+03,2.735615094555937503e+02,2.839186950908890026e+02,2.902701892633070315e+02,3.077280130307850072e+02,2.873418303137641487e+02,2.774949355191161544e+02,3.141926113119448019e+02,2.782896467816740369e+02,2.782691404519636649e+02,2.772102955310745642e+02,2.760199262498829285e+02,2.791995117726727358e+02,2.772430039809016762e+02,1.725299439672688022e+05,1.963760509944107469e+01,1.779314376683518617e+01
1.060000000000000000e+03,6.640000000000000000e+03,2.736062258422890636e+02,2.839855485942327959e+02,2.902881684285489996e+02,3.074192835043114655e+02,2.873182097376745219e+02,2.774110191818901399e+02,3.145794680424767193e+02,2.783107428653672741e+02,2.782910658372135799e+02,2.772951333505752132e+02,2.760704849379112602e+02,2.792841290064450277e+02,2.773366051153187186e+02,1.725470637354746286e+05,1.950731012782392781e+01,1.779533312716855420e+01
1.070000000000000000e+03,6.650000000000000000e+03,2.736510236394219078e+02,2.840506591740634690e+02,2.903030750265762663e+02,3.071047435089374176e+02,2.872920870074190702e+02,2.773261134991149675e+02,3.149596102922663476e+02,2.783296149919030995e+02,2.783107706809146293e+02,2.773792107417962143e+02,2.761207698868422540e+02,2.793681474472151649e+02,2.774294487186231777e+02,1.725628458534922102e+05,1.937497534262249133e+01,1.779676338298300209e+01
1.080000000000000000e+03,6.660000000000000000e+03,2.736958965075702963e+02,2.841139992085960557e+02,2.903148831770263314e+02,3.067843994071079123e+02,2.872634480302278916e+02,2.772401889862147755e+02,3.153329641039005082e+02,2.783462443217662212e+02,2.783282360425437787e+02,2.774625086176795321e+02,2.761707696652920276e+02,2.794515482760177747e+02,2.775215147192882910e+02,1.725772777562128613e+05,1.924061752263174441e+01,1.779742711406529310e+01
1.090000000000000000e+03,6.670000000000000000e+03,2.737408380186562908e+02,2.841755413234267849e+02,2.903235674152720094e+02,3.064582579004653553e+02,2.872322790075850776e+02,2.771532171491764416e+02,3.156994579347046397e+02,2.783606122364275848e+02,2.783434432874017261e+02,2.775450078619622900e+02,2.762204728146570005e+02,2.795343125970994720e+02,2.776127830050569401e+02,1.725903471208033734e+05,1.910425370314824534e+01,1.779731712916408881e+01
1.100000000000000000e+03,6.680000000000000000e+03,2.737858416569999918e+02,2.842352583914417323e+02,2.903291030161100252e+02,3.061263260322890574e+02,2.871985665367156457e+02,2.770651697084263105e+02,3.160590226297402410e+02,2.783727005122249238e+02,2.783563740906081421e+02,2.776266893376684948e+02,2.762698678513326058e+02,2.796164214456958916e+02,2.777032334294468683e+02,1.726020418669963838e+05,1.896590117381028406e+01,1.779642646091538083e+01
1.110000000000000000e+03,6.690000000000000000e+03,2.738309008213281004e+02,2.842931235448457414e+02,2.903314657606334208e+02,3.057886111927537058e+02,2.871622975564667968e+02,2.769760191155417033e+02,3.164115913937491769e+02,2.783824912154582307e+02,2.783670104401766139e+02,2.777075338938522577e+02,2.763189432719943852e+02,2.796978557953470954e+02,2.777928458194580799e+02,1.726123501572824025e+05,1.882557747640564827e+01,1.779474837611552829e+01
1.120000000000000000e+03,6.700000000000000000e+03,2.738760088258828205e+02,2.843491101812822990e+02,2.903306320004863892e+02,3.054451211233620143e+02,2.871234593569816980e+02,2.768857384194087672e+02,3.167570997622487425e+02,2.783899667272318084e+02,2.783753346394267965e+02,2.777875223730417815e+02,2.763676875569747722e+02,2.797785965662310446e+02,2.778815999831559793e+02,1.726212603970247437e+05,1.868330040264756065e+01,1.779227637866483036e+01
1.130000000000000000e+03,6.710000000000000000e+03,2.739211589019687949e+02,2.844031919701344577e+02,2.903265786577626386e+02,3.050958639214067034e+02,2.870820395831126461e+02,2.767943012560992884e+02,3.170954855713178517e+02,2.783951097482130308e+02,2.783813293105422417e+02,2.778666356186113262e+02,2.764160891751762392e+02,2.798586246328742959e+02,2.779694757168347792e+02,1.726287612345408124e+05,1.853908799191882295e+01,1.778900421322124004e+01
1.140000000000000000e+03,6.720000000000000000e+03,2.739663441998593498e+02,2.844553428583909636e+02,2.903192832250053357e+02,3.047408480447716101e+02,2.870380262365807198e+02,2.767016818430580543e+02,3.174266889270085699e+02,2.783979033010854778e+02,2.783849773965209806e+02,2.779448544821677274e+02,2.764641365870513710e+02,2.799379208315996834e+02,2.780564528122137062e+02,1.726348415610814409e+05,1.839295852898459316e+01,1.778492586882300941e+01
1.150000000000000000e+03,6.730000000000000000e+03,2.740115577901015627e+02,2.845055370835985968e+02,2.903087237632470305e+02,3.043800823151732402e+02,2.869914076777480432e+02,2.766078549721967761e+02,3.177506521736677314e+02,2.783983307335794848e+02,2.783862621640752195e+02,2.780221598314568041e+02,2.765118182493016548e+02,2.800164659691132556e+02,2.781425110649302610e+02,1.726394905108334497e+05,1.824493054167405859e+01,1.778003558230125947e+01
1.160000000000000000e+03,6.740000000000000000e+03,2.740567926657735143e+02,2.845537491698662507e+02,2.902948789042342241e+02,3.040135759247409624e+02,2.869421726271682473e+02,2.765127960050008369e+02,3.180673198613897625e+02,2.783963757203745217e+02,2.783851672058816007e+02,2.780985325565928861e+02,2.765591226188566907e+02,2.800942408300547299e+02,2.782276302803384738e+02,1.726426974607806187e+05,1.809502279853128925e+01,1.777432784160045998e+01
1.170000000000000000e+03,6.750000000000000000e+03,2.741020417437187007e+02,2.845999539428792104e+02,2.902777278474276272e+02,3.036413384384856613e+02,2.868903101672555636e+02,2.764164808662189898e+02,3.183766387129181794e+02,2.783920222659962178e+02,2.783816764430324042e+02,2.781739535785305861e+02,2.766060381568790945e+02,2.801712261847413856e+02,2.783117902825756005e+02,1.726444520305544138e+05,1.794325430643553787e+01,1.776779738876789594e+01
1.180000000000000000e+03,6.760000000000000000e+03,2.741472978665312894e+02,2.846441265336077322e+02,2.902572503605157408e+02,3.032633797998724958e+02,2.868358097434806382e+02,2.763188860387205636e+02,3.186785575900213416e+02,2.783852547066140346e+02,2.783757741270125052e+02,2.782484038557277017e+02,2.766525533305460272e+02,2.802474027983772089e+02,2.783949709207444130e+02,1.726447440822088392e+05,1.778964430819139153e+01,1.776043922284521415e+01
1.190000000000000000e+03,6.770000000000000000e+03,2.741925538050546720e+02,2.846862423817337344e+02,2.902334267786009718e+02,3.028797103349086228e+02,2.867786611659619780e+02,2.762199885571292839e+02,3.189730274589320516e+02,2.783760577121501001e+02,2.783674448410382638e+02,2.783218643914819950e+02,2.766986566234764382e+02,2.803227514371254756e+02,2.784771520768559867e+02,1.726435637200196506e+05,1.763421228008891717e+01,1.775224860243015002e+01
1.200000000000000000e+03,6.780000000000000000e+03,2.742378022589062425e+02,2.847262772423786146e+02,2.902062380026870869e+02,3.024903407571344474e+02,2.867188546099888526e+02,2.761197660039313178e+02,3.192600013555688747e+02,2.783644162884114621e+02,2.783566735041738411e+02,2.783943162417496069e+02,2.767443365319209079e+02,2.803972528783342000e+02,2.785583136735200469e+02,1.726409012900807429e+05,1.747697792943429818e+01,1.774322104822530122e+01
1.210000000000000000e+03,6.790000000000000000e+03,2.742830358601328271e+02,2.847642071932500016e+02,2.901756655000093588e+02,3.020952821709781233e+02,2.866563806178602363e+02,2.760181965024735291e+02,3.195394343497442833e+02,2.783503157801117140e+02,2.783434453712542904e+02,2.784657405212008712e+02,2.767895815735110432e+02,2.804708879153104135e+02,2.786384356788362311e+02,1.726367473799972213e+05,1.731796119205110429e+01,1.773335234514280501e+01
1.220000000000000000e+03,6.800000000000000000e+03,2.743282471740077995e+02,2.848000086470358383e+02,2.901416913014674037e+02,3.016945460774478533e+02,2.865912300992433757e+02,2.759152587131114274e+02,3.198112835098879714e+02,2.783337418666421286e+02,2.783277460351980039e+02,2.785361184109306691e+02,2.768343802897787782e+02,2.805436373685573699e+02,2.787174981179454676e+02,1.726310928185230296e+05,1.715718222975262464e+01,1.772263854426578433e+01
1.230000000000000000e+03,6.810000000000000000e+03,2.743734287014531787e+02,2.848336583395856678e+02,2.901042980013634178e+02,3.012881443781054713e+02,2.865233943321124457e+02,2.758109318280451703e+02,3.200755078661850348e+02,2.783146805734894542e+02,2.783095614281982080e+02,2.786054311662506393e+02,2.768787212498996269e+02,2.806154820917755046e+02,2.787954810765560296e+02,1.726239286750336178e+05,1.699466142778555167e+01,1.771107596482526247e+01
1.240000000000000000e+03,6.820000000000000000e+03,2.744185728813203013e+02,2.848651333471428870e+02,2.900634687567874153e+02,3.008760893794388949e+02,2.864528649644094003e+02,2.757051955653365667e+02,3.203320683748106603e+02,2.782931182667808798e+02,2.782888778237892780e+02,2.786736601194187415e+02,2.769225930549026202e+02,2.806864029806362169e+02,2.788723647105365444e+02,1.726152462590916257e+05,1.683041939224532157e+01,1.769866119564596119e+01
1.250000000000000000e+03,6.830000000000000000e+03,2.744636720920078119e+02,2.848944110873011368e+02,2.900191872852102506e+02,3.004583937977414507e+02,2.863796340139227823e+02,2.755980301657817790e+02,3.205809278804106270e+02,2.782690416564035445e+02,2.782656818381854578e+02,2.787407866975499928e+02,2.769659843412732698e+02,2.807563809803344270e+02,2.789481292445456120e+02,1.726050371198849753e+05,1.666447694746343799e+01,1.768539109660719788e+01
1.260000000000000000e+03,6.840000000000000000e+03,2.745087186544453175e+02,2.849214693282298185e+02,2.899714378596746087e+02,3.000350707632288731e+02,2.863036938663528872e+02,2.754894163867322163e+02,3.208220510769732527e+02,2.782424377974390381e+02,2.782399604308686207e+02,2.788067924173292340e+02,2.770088837848639400e+02,2.808253970931243089e+02,2.790227550052154584e+02,1.725932930457312614e+05,1.649685513336717335e+01,1.767126279953886936e+01
1.270000000000000000e+03,6.850000000000000000e+03,2.745537048332031418e+02,2.849462862150928117e+02,2.899202053152330336e+02,2.996061338248400716e+02,2.862250372808670136e+02,2.753793354980480785e+02,3.210554044747160560e+02,2.782132940916844177e+02,2.782117009072913447e+02,2.788716588975323702e+02,2.770512801055210161e+02,2.808934323616542770e+02,2.790962223935236466e+02,1.725800060633750982e+05,1.632757520281188945e+01,1.765627370957889752e+01
1.280000000000000000e+03,6.860000000000000000e+03,2.745986228394609725e+02,2.849688401643216480e+02,2.898654750411783994e+02,2.991715969544161453e+02,2.861436573871508244e+02,2.752677692773257832e+02,3.212809563598151499e+02,2.781815982879542162e+02,2.781808909177208875e+02,2.789353678647140100e+02,2.770931620676151965e+02,2.809604679762656474e+02,2.791685119093154412e+02,1.725651684374129982e+05,1.615665861888638943e+01,1.764042150565213873e+01
1.290000000000000000e+03,6.870000000000000000e+03,2.746434648333359405e+02,2.849891100408323723e+02,2.898072329808471750e+02,2.987314745516230801e+02,2.860595476864025386e+02,2.751547000054068803e+02,3.214986767575053364e+02,2.781473384836139076e+02,2.781475184601204660e+02,2.789979011602966352e+02,2.771345184875875134e+02,2.810264851325319455e+02,2.792396041601593879e+02,1.725487726696351892e+05,1.598412705219157459e+01,1.762370414110588968e+01
1.300000000000000000e+03,6.880000000000000000e+03,2.746882229254609342e+02,2.850070750432493583e+02,2.897454656301445084e+02,2.982857814482023855e+02,2.859727020513164462e+02,2.750401104621212767e+02,3.217085373942117030e+02,2.781105031255222571e+02,2.781115718807041048e+02,2.790592407471376077e+02,2.771753382357405826e+02,2.810914651380520581e+02,2.793094798636958558e+02,1.725308114982845145e+05,1.581000237809284670e+01,1.760611984405174013e+01
1.310000000000000000e+03,6.890000000000000000e+03,2.747328891799062376e+02,2.850227147375179584e+02,2.896801600348341026e+02,2.978345329122903422e+02,2.858831147263879870e+02,2.749239839218188308e+02,3.219105116601094210e+02,2.780710810107736961e+02,2.780730398744163381e+02,2.791193687159021692e+02,2.772156102397512996e+02,2.811553893971009757e+02,2.793781198555337824e+02,1.725112778973475797e+05,1.563430667394650797e+01,1.758766711749262157e+01
1.320000000000000000e+03,6.900000000000000000e+03,2.747774556162421504e+02,2.850360090617109563e+02,2.896113037897093250e+02,2.973777446534130604e+02,2.857907803280116923e+02,2.748063041489252214e+02,3.221045745716729698e+02,2.780290612873519649e+02,2.780319114856059173e+02,2.791782672914171144e+02,2.772553234882482229e+02,2.812182394154747271e+02,2.794455050957608364e+02,1.724901650758275646e+05,1.545706221630055843e+01,1.756834473929406926e+01
1.330000000000000000e+03,6.910000000000000000e+03,2.748219142116875560e+02,2.850469383287650089e+02,2.895388850354930241e+02,2.969154328267956089e+02,2.856956938441293232e+02,2.746870553937944237e+02,3.222907027339884962e+02,2.779844334546536970e+02,2.779881761087457903e+02,2.792359188390790337e+02,2.772944670341919391e+02,2.812799968093638086e+02,2.795116166751045057e+02,1.724674664768658113e+05,1.527829147807025478e+01,1.754815176193161008e+01
1.340000000000000000e+03,6.920000000000000000e+03,2.748662569039296955e+02,2.850554832300481962e+02,2.894628924572829192e+02,2.964476140377598767e+02,2.855978506343154208e+02,2.745662223890418545e+02,3.224688743034135427e+02,2.779371873643093522e+02,2.779418234890153485e+02,2.792923058709050679e+02,2.773330299983560963e+02,2.813406433119566827e+02,2.795764358222160126e+02,1.724431757770789263e+05,1.509801712568872745e+01,1.752708751206041882e+01
1.350000000000000000e+03,6.930000000000000000e+03,2.749104755931953150e+02,2.850616248379274680e+02,2.893833152821030126e+02,2.959743053464870854e+02,2.854972464290905236e+02,2.744437903446681162e+02,3.226390689505294631e+02,2.778873132202247120e+02,2.778928437225612242e+02,2.793474110518723705e+02,2.773710015730496252e+02,2.814001607808491485e+02,2.796399439092169814e+02,1.724172868856080750e+05,1.491626201623313364e+01,1.750515158990593889e+01
1.360000000000000000e+03,6.940000000000000000e+03,2.749545621444140693e+02,2.850653446098730797e+02,2.893001432764614265e+02,2.954955242724730624e+02,2.853938773303899552e+02,2.743197449443837286e+02,3.228012678228038794e+02,2.778348015794284152e+02,2.778412272574739177e+02,2.794012172057454677e+02,2.774083710241193899e+02,2.814585312044866896e+02,2.797021224587006145e+02,1.723897939433285501e+05,1.473304919452656314e+01,1.748234386847922650e+01
1.370000000000000000e+03,6.950000000000000000e+03,2.749985083898437779e+02,2.850666243901051757e+02,2.892133667446610161e+02,2.950112887989396313e+02,2.852877398103075279e+02,2.741940723419554047e+02,3.229554535083013320e+02,2.777796433516582510e+02,2.777869648925209276e+02,2.794537073208041988e+02,2.774451276953824390e+02,2.815157367092508593e+02,2.797629531496063464e+02,1.723606913219231064e+05,1.454840189021619778e+01,1.745866449256879349e+01
1.380000000000000000e+03,6.960000000000000000e+03,2.750423061317734437e+02,2.850654464126992593e+02,2.891229765256570090e+02,2.945216173776635742e+02,2.851788307110805363e+02,2.740667591566370902e+02,3.231016099986005656e+02,2.777218298004165149e+02,2.777300477789763136e+02,2.795048645562728780e+02,2.774812610110752757e+02,2.815717595663495558e+02,2.798224178233934367e+02,1.723299736230988347e+05,1.436234351482799099e+01,1.743411387762800757e+01
1.390000000000000000e+03,6.970000000000000000e+03,2.750859471443906159e+02,2.850617933043037056e+02,2.890289639905539048e+02,2.940265289334239469e+02,2.850671472444904566e+02,2.739377924696229343e+02,3.232397226531843444e+02,2.776613525423582587e+02,2.776704674206055756e+02,2.795546722472720944e+02,2.775167604790823930e+02,2.816265821980448436e+02,2.798804984897578834e+02,1.722976356775987661e+05,1.417489765879831509e+01,1.740869270847902328e+01
1.400000000000000000e+03,6.980000000000000000e+03,2.751294231762499294e+02,2.850556480853782659e+02,2.889313210410515467e+02,2.935260428683590135e+02,2.849526869911903191e+02,2.738071598194997023e+02,3.233697781632791362e+02,2.775982035478537000e+02,2.776082156722412719e+02,2.796031139107177523e+02,2.775516156937527512e+02,2.816801871845687515e+02,2.799371773329792177e+02,1.722636725442599272e+05,1.398608808848292995e+01,1.738240193777071596e+01
1.410000000000000000e+03,6.990000000000000000e+03,2.751727311726172047e+02,2.850471742508815396e+02,2.888338995432442289e+02,2.930350775160864600e+02,2.848542508829709163e+02,2.736768863930381599e+02,3.234937900885981321e+02,2.775348739792431729e+02,2.775457835916177487e+02,2.796502337342654982e+02,2.775858705032128455e+02,2.817326189433614445e+02,2.799924972177552149e+02,1.722304756433692528e+05,1.403767156681603367e+01,1.735736221535844237e+01
1.420000000000000000e+03,7.000000000000000000e+03,2.752158708817890442e+02,2.850365668417786651e+02,2.887388533396907633e+02,2.925564345075345045e+02,2.847753480432173205e+02,2.735478309410647171e+02,3.236126033023028299e+02,2.774721553915281902e+02,2.774839626303121349e+02,2.796960859435595239e+02,2.776195750158492501e+02,2.817839325996037019e+02,2.800465110738567773e+02,1.721986831672099652e+05,1.415446847720170709e+01,1.733371667437329222e+01
1.430000000000000000e+03,7.010000000000000000e+03,2.752588428767265327e+02,2.850240112380657820e+02,2.886467851246196687e+02,2.920890851972590099e+02,2.847146532248791573e+02,2.734202678105291398e+02,3.237264789587042628e+02,2.774101609616061523e+02,2.774228658670805316e+02,2.797407186429095987e+02,2.776527712450641729e+02,2.818341767704052927e+02,2.800992657471417715e+02,1.721682700716953841e+05,1.426990426352803176e+01,1.731121440514029786e+01
1.440000000000000000e+03,7.020000000000000000e+03,2.753016480438750477e+02,2.850096876534433932e+02,2.885578476978032541e+02,2.916324027224295037e+02,2.846713452526383321e+02,2.732943810345436759e+02,3.238355884705373455e+02,2.773489789836027626e+02,2.773625814889824710e+02,2.797841762104578720e+02,2.776854960522038027e+02,2.818833956453215706e+02,2.801508043970630979e+02,1.721392120647993870e+05,1.438396428963274687e+01,1.728976557184559937e+01
1.450000000000000000e+03,7.030000000000000000e+03,2.753442874332733936e+02,2.849937700951074362e+02,2.884720585071343066e+02,2.911859189689882896e+02,2.846447988138943401e+02,2.731703017286667432e+02,3.239400509180746894e+02,2.772886785883612220e+02,2.773031785161122684e+02,2.798265006232836640e+02,2.777177828523119274e+02,2.819316303881373642e+02,2.802011678227793254e+02,1.721114851945808041e+05,1.449663409378692158e+01,1.726932170783373266e+01
1.460000000000000000e+03,7.040000000000000000e+03,2.753867622083984088e+02,2.849764250677806103e+02,2.883893921009359360e+02,2.907492425620765744e+02,2.846344805628668269e+02,2.730481272884028385e+02,3.240399522815536102e+02,2.772293151588198725e+02,2.772447122153337205e+02,2.798677321274139445e+02,2.777496625305130920e+02,2.819789199351108664e+02,2.802503951342928303e+02,1.720850657315399149e+05,1.460789939052858699e+01,1.724984628924994823e+01
1.470000000000000000e+03,7.050000000000000000e+03,2.754290736260859376e+02,2.849578108243981660e+02,2.883098085611720194e+02,2.903220274802554286e+02,2.846399095702061572e+02,2.729279320041156325e+02,3.241353560806647920e+02,2.771709340359969929e+02,2.771872278094071476e+02,2.799079096095643990e+02,2.777811639732666436e+02,2.820253014665206592e+02,2.802985241235017497e+02,1.720599301275859470e+05,1.471774607247397881e+01,1.723130705924055306e+01
1.480000000000000000e+03,7.060000000000000000e+03,2.754712230285546752e+02,2.849380770925319553e+02,2.882332626741027752e+02,2.899039589902697003e+02,2.846606398133452558e+02,2.728097734593262658e+02,3.242263097897308057e+02,2.771135729307881093e+02,2.771307628893049468e+02,2.799470708203431855e+02,2.778123143961184951e+02,2.820708107022798004e+02,2.803455914906710404e+02,1.720360549969364074e+05,1.482616021210622392e+01,1.721367386384236653e+01
1.490000000000000000e+03,7.070000000000000000e+03,2.755132118385469084e+02,2.849173650912073867e+02,2.881597070356747281e+02,2.894947462041776589e+02,2.846962510840974687e+02,2.726936966891013867e+02,3.243128490093046707e+02,2.770572635183787042e+02,2.770753490097472422e+02,2.799852525147183542e+02,2.778431395620899593e+02,2.821154820960310303e+02,2.803916329779732450e+02,1.720134171037110500e+05,1.493312806354123090e+01,1.719691797115940446e+01
1.500000000000000000e+03,7.080000000000000000e+03,2.755550415547577927e+02,2.848958077174902996e+02,2.880890931615235218e+02,2.890941175290890897e+02,2.847463435495229191e+02,2.725797370431529885e+02,3.243950003346409403e+02,2.770020325327503201e+02,2.770210127837975733e+02,2.800224905365415111e+02,2.778736639312384114e+02,2.821593489647587489e+02,2.804366834613806532e+02,1.719919933519558981e+05,1.503863606427051636e+01,1.718101181753176832e+01
1.510000000000000000e+03,7.090000000000000000e+03,2.755967137497187878e+02,2.848735298386826571e+02,2.880213719113160664e+02,2.887018175722790261e+02,2.848105341331005889e+02,2.724679222352538090e+02,3.244727834066065952e+02,2.769479025498702640e+02,2.769677766676553006e+02,2.800588198763598484e+02,2.779039107690463197e+02,2.822024435803336360e+02,2.804807770046542146e+02,1.719717607771982148e+05,1.514267083688081605e+01,1.716592888604925804e+01
1.520000000000000000e+03,7.100000000000000000e+03,2.756382300651250148e+02,2.848506486321673492e+02,2.879564936721278627e+02,2.883176048791920607e+02,2.848884539210567937e+02,2.723582738509463752e+02,3.245462124203580743e+02,2.768948925735649027e+02,2.769156595469773379e+02,2.800942747073332839e+02,2.779339022281704956e+02,2.822447972287458242e+02,2.805239468941043128e+02,1.719526965384542709e+05,1.524521919075021970e+01,1.715164362970615741e+01
1.530000000000000000e+03,7.110000000000000000e+03,2.756795922093828040e+02,2.848272739465742234e+02,2.878944084511684878e+02,2.879412502033321744e+02,2.849797462104349961e+02,2.722508084803707789e+02,3.246152972553434211e+02,2.768430184888333656e+02,2.768646771895311645e+02,2.801288884051195964e+02,2.779636594112099033e+02,2.822864402613543007e+02,2.805662256600354567e+02,1.719347779111460550e+05,1.534626812372058957e+01,1.713813141152958508e+01
1.540000000000000000e+03,7.120000000000000000e+03,2.757208019539140764e+02,2.848035086759388150e+02,2.878350659342654012e+02,2.875725351377762991e+02,2.850840649887791756e+02,2.721455385822441144e+02,3.246800443349997067e+02,2.767922934210836843e+02,2.768148426053005551e+02,2.801626935629832360e+02,2.779932024224326597e+02,2.823274021258860103e+02,2.806076450901661019e+02,1.719179822803501738e+05,1.544580482374614760e+01,1.712536845232622085e+01
1.550000000000000000e+03,7.130000000000000000e+03,2.757618611291796924e+02,2.847794491224821058e+02,2.877784155303570515e+02,2.872112510112963832e+02,2.852010737217037217e+02,2.720424731502129703e+02,3.247404572896149944e+02,2.767427280280919604e+02,2.767661663383082100e+02,2.801957220005778026e+02,2.780225504109467920e+02,2.823677113952293780e+02,2.806482362389362493e+02,1.719022871346230968e+05,1.554381667051789684e+01,1.711333178280730394e+01
1.560000000000000000e+03,7.140000000000000000e+03,2.758027716212109226e+02,2.847551853531783763e+02,2.877244064097287719e+02,2.868571979749626735e+02,2.853304443670962200e+02,2.719416182340246451e+02,3.247965374710693709e+02,2.766943307424753584e+02,2.767186567093013423e+02,2.802280047702264483e+02,2.780517216095057620e+02,2.824073957894390787e+02,2.806880294329570802e+02,1.718876700603021309e+05,1.564029123706375302e+01,1.710199919878952102e+01
1.570000000000000000e+03,7.150000000000000000e+03,2.758435353679608966e+02,2.847308015408889901e+02,2.876729875361893392e+02,2.865101842450640106e+02,2.854718565599764588e+02,2.718429773493344328e+02,3.248482843576722416e+02,2.766471079734960767e+02,2.766723200175366628e+02,2.802595721639401063e+02,2.780807333692736165e+02,2.824464821954680360e+02,2.807270542755690030e+02,1.718741087362056714e+05,1.573521629132418909e+01,1.709134921901834758e+01
1.580000000000000000e+03,7.160000000000000000e+03,2.758841543555312796e+02,2.847063762839864012e+02,2.876241077002749762e+02,2.861700254560182657e+02,2.856249969327354847e+02,2.717465518056875453e+02,3.248956958753656750e+02,2.766010642796190950e+02,2.766271607136824855e+02,2.802904537144961523e+02,2.781096021923356147e+02,2.824849966846919642e+02,2.807653396522440516e+02,1.718615809288107848e+05,1.582857979770312795e+01,1.708136104535406830e+01
1.590000000000000000e+03,7.170000000000000000e+03,2.759246306142500202e+02,2.846819829157968798e+02,2.875777155466131489e+02,2.858365441088587318e+02,2.857895585373134963e+02,2.716523409686006971e+02,3.249387686538566982e+02,2.765562025158995993e+02,2.765831815473484312e+02,2.803206782035493347e+02,2.781383437623006785e+02,2.825229645296942635e+02,2.808029137326316231e+02,1.718500644877171144e+05,1.592036991859393602e+01,1.707201452501377048e+01
1.600000000000000000e+03,7.180000000000000000e+03,2.759649662148281664e+02,2.846576897911982655e+02,2.875337596006052081e+02,2.855095690918437867e+02,2.859652403524820556e+02,2.715603424734095483e+02,3.249774982332738773e+02,2.765125239630528995e+02,2.765403836950868026e+02,2.803502736651599889e+02,2.781669729737403713e+02,2.825604102200531997e+02,2.808398039761736982e+02,1.718395373415641952e+05,1.601057501588034526e+01,1.706329011487859404e+01
1.610000000000000000e+03,7.190000000000000000e+03,2.760051632654765967e+02,2.846335605548259196e+02,2.874921882918642382e+02,2.851889352657163954e+02,2.861517468574789405e+02,2.714705524000034984e+02,3.250118792326722996e+02,2.764700284374119406e+02,2.764987668725037793e+02,2.803792673912282680e+02,2.781955039608810694e+02,2.825973574777691510e+02,2.808760371373149951e+02,1.718299774943357625e+05,1.609918365241202665e+01,1.705516884782563736e+01
1.620000000000000000e+03,7.200000000000000000e+03,2.760452239067813025e+02,2.846096543975218083e+02,2.874529499793199534e+02,2.848744830866763209e+02,2.863487876615971572e+02,2.713829654179128852e+02,3.250419054880197791e+02,2.764287143915570368e+02,2.764583294324311282e+02,2.804076859378946551e+02,2.782239501260490897e+02,2.826338292725403107e+02,2.809116392694156730e+02,1.718213630218549515e+05,1.618618459345472615e+01,1.704763230059764112e+01
1.630000000000000000e+03,7.210000000000000000e+03,2.760851503109296914e+02,2.845860262948047534e+02,2.874159929655373844e+02,2.845660582770339033e+02,2.865560771790762260e+02,2.712975749047079717e+02,3.250675701663277550e+02,2.763885790006102070e+02,2.764190684530135513e+02,2.804355551316982655e+02,2.782523241610173272e+02,2.826698478541014765e+02,2.809466357318856922e+02,1.718136720687641355e+05,1.627156680811472711e+01,1.704066256342446906e+01
1.640000000000000000e+03,7.220000000000000000e+03,2.761249446744922125e+02,2.845627272206291991e+02,2.873812655361826955e+02,2.842635115434612203e+02,2.867733343403162962e+02,2.712143730602454070e+02,3.250888658611290225e+02,2.763496182410167421e+02,2.763809798157061550e+02,2.804629000764578564e+02,2.782806380811992994e+02,2.827054346932997078e+02,2.809810511955986954e+02,1.718068828456794145e+05,1.635531947073745940e+01,1.703424221204032918e+01
1.650000000000000000e+03,7.230000000000000000e+03,2.761646092175234344e+02,2.845398043673756092e+02,2.873487159451645994e+02,2.839666982848014527e+02,2.870002823378075618e+02,2.711333509760282823e+02,3.251057846730918754e+02,2.763118269607145976e+02,2.763440582764143301e+02,2.804897451610277130e+02,2.783089032462955856e+02,2.827406106160369177e+02,2.810149096496809307e+02,1.718009736267026165e+05,1.643743196228007619e+01,1.702835427948414804e+01
1.660000000000000000e+03,7.240000000000000000e+03,2.762041461800390607e+02,2.845173013378245628e+02,2.873182924556953139e+02,2.836754783638380673e+02,2.872366483969644833e+02,2.710544987228542482e+02,3.251183182784708379e+02,2.762751989430370259e+02,2.763082975280522078e+02,2.805161140668889175e+02,2.783371303836152038e+02,2.827753957310569604e+02,2.810482344085173736e+02,1.717959227471907507e+05,1.651789387165786493e+01,1.702298223082718920e+01
1.670000000000000000e+03,7.250000000000000000e+03,2.762435578173672184e+02,2.844952583281631178e+02,2.872899433480782250e+02,2.833897158796639815e+02,2.874821635708359508e+02,2.709778054139507049e+02,3.251264579878014160e+02,2.762397269651305578e+02,2.762736902595900688e+02,2.805420297752076522e+02,2.783653296132837909e+02,2.828098094690215589e+02,2.810810481193892088e+02,1.717917086016908870e+05,1.659669499706427587e+01,1.701810993871668032e+01
1.680000000000000000e+03,7.260000000000000000e+03,2.762828463987343639e+02,2.844737123012487245e+02,2.872636169334655278e+02,2.831092789611755052e+02,2.877365625555327142e+02,2.709032592626825817e+02,3.251301947969701587e+02,2.762054028508322290e+02,2.762402282093945587e+02,2.805675145773950021e+02,2.783935104708559720e+02,2.828438705956738204e+02,2.811133727701090379e+02,1.717883096423512907e+05,1.667382534726439403e+01,1.701372166014436615e+01
1.690000000000000000e+03,7.270000000000000000e+03,2.763220142033671323e+02,2.844526971469053365e+02,2.872392615667544078e+02,2.828340395788635533e+02,2.879995835229042314e+02,2.708308476340055790e+02,3.251295194314095056e+02,2.761722175198876812e+02,2.762079022133410717e+02,2.805925900818407968e+02,2.784216819291454499e+02,2.828775972267760608e+02,2.811452296957174326e+02,1.717857043772948091e+05,1.674927514286174812e+01,1.700980201439396922e+01
1.700000000000000000e+03,7.280000000000000000e+03,2.763610635169453076e+02,2.844322438372070678e+02,2.872168256599670713e+02,2.825638733633529682e+02,2.882709679687749258e+02,2.707605570906714547e+02,3.251244223853787503e+02,2.761401610336014869e+02,2.761767022515363692e+02,2.806172772233639989e+02,2.784498524194200400e+02,2.829110068402520710e+02,2.811766395880246705e+02,1.717838713693537284e+05,1.682303481753825025e+01,1.700633596213759091e+01
1.710000000000000000e+03,7.290000000000000000e+03,2.763999966299218158e+02,2.844123805673949050e+02,2.871962576913767862e+02,2.822986594446854269e+02,2.885504605753948226e+02,2.706923734349375081e+02,3.251148939567729599e+02,2.761092226368646152e+02,2.761466174898481540e+02,2.806415962717455272e+02,2.784780298517694632e+02,2.829441162911255105e+02,2.812076225025809890e+02,1.717827892350843467e+05,1.689509501926709945e+01,1.700330878561426573e+01
1.720000000000000000e+03,7.300000000000000000e+03,2.764388158331249770e+02,2.843931328926367996e+02,2.871775062181713452e+02,2.820382802955051602e+02,2.888378090858151381e+02,2.706262817462016415e+02,3.251009242776655128e+02,2.760793907967567975e+02,2.761176363189752010e+02,2.806655668407957478e+02,2.785062216346565265e+02,2.829769418235417788e+02,2.812381978672392506e+02,1.717824366437360586e+05,1.696544661149853894e+01,1.700070606968591846e+01
1.730000000000000000e+03,7.310000000000000000e+03,2.764770708498906515e+02,2.843692611349922572e+02,2.869405581454248022e+02,2.817305383312858567e+02,2.884774534537168620e+02,2.705491938534798351e+02,3.234967125102918999e+02,2.759744507600291854e+02,2.760135438411081736e+02,2.806855322927410157e+02,2.785307318402373085e+02,2.830051475720419489e+02,2.812647062873791697e+02,1.716481859883591824e+05,3.419248190289977174e+00,1.684430789629452363e+01
1.740000000000000000e+03,7.320000000000000000e+03,2.765146489274765713e+02,2.843383350607444982e+02,2.866420644643717992e+02,2.814163284343241003e+02,2.881517955811953016e+02,2.704662958456950719e+02,3.220323732554470553e+02,2.758562014057744705e+02,2.758961385440809977e+02,2.807018182974323963e+02,2.785520563493852251e+02,2.830290495268268387e+02,2.812874706179444502e+02,1.715151756040182663e+05,3.419248190289977174e+00,1.672028365877000411e+01
1.750000000000000000e+03,7.330000000000000000e+03,2.765515187137109478e+02,2.842994222793643075e+02,2.863268134621990839e+02,2.810981142629543683e+02,2.878385079108481364e+02,2.703797799491884462e+02,3.206460141795744221e+02,2.757293921130743684e+02,2.757701697595802557e+02,2.807146745081359995e+02,2.785705693796064679e+02,2.830489671386608848e+02,2.813067374559361724e+02,1.713833031101306551e+05,3.419248190289977174e+00,1.660649549895202881e+01
1.760000000000000000e+03,7.340000000000000000e+03,2.765876708051640662e+02,2.842523136561679848e+02,2.860078785754025148e+02,2.807776353183335232e+02,2.875308338102130961e+02,2.702905764415619387e+02,3.193154755968713516e+02,2.755964295213212267e+02,2.756380442325892659e+02,2.807242758367250417e+02,2.785865229673139538e+02,2.830651376536063708e+02,2.813226785808532213e+02,1.712525196918846632e+05,3.419248190289977174e+00,1.649758836630405767e+01
1.770000000000000000e+03,7.350000000000000000e+03,2.766231025463203537e+02,2.841971367557034682e+02,2.856892350801688281e+02,2.804560870234670347e+02,2.872266631137136983e+02,2.701990962261266986e+02,3.180311266524234384e+02,2.754586682079091702e+02,2.755011165929087724e+02,2.807307554678625365e+02,2.786001017756261717e+02,2.830777453713715772e+02,2.813354240630906702e+02,1.711227911681426922e+05,3.419248190289977174e+00,1.639209922319777490e+01
1.780000000000000000e+03,7.360000000000000000e+03,2.766578136196719129e+02,2.841341728594485971e+02,2.853721356615648119e+02,2.801343022808928254e+02,2.869253307352499860e+02,2.701055301227648897e+02,3.167877351164174229e+02,2.753169599254885611e+02,2.753602385617970754e+02,2.807342218787841830e+02,2.786114523086131385e+02,2.830869423379962200e+02,2.813450793143545070e+02,1.709940883855495485e+05,3.419248190289977174e+00,1.628952536673181584e+01
1.790000000000000000e+03,7.370000000000000000e+03,2.766918046115781635e+02,2.840637705992561450e+02,2.850569824230584004e+02,2.798128726937306965e+02,2.866266345230043271e+02,2.700099743654263875e+02,3.155818542983732868e+02,2.751718935282452208e+02,2.752159989178632600e+02,2.807347678797725621e+02,2.786206974570376360e+02,2.830928596958142407e+02,2.813517341537448146e+02,1.708663846317607095e+05,3.419248190289977174e+00,1.618962271722725887e+01
1.800000000000000000e+03,7.380000000000000000e+03,2.767250765052812653e+02,2.839863042210374715e+02,2.847439017448501772e+02,2.794922255346784823e+02,2.863305195494204440e+02,2.699124857333930549e+02,3.144108941364055454e+02,2.750239072273256511e+02,2.750688357159945667e+02,2.807324758818737109e+02,2.786279441399967709e+02,2.830956141461707034e+02,2.813554680800879737e+02,1.707396548367310315e+05,3.419248190289977174e+00,1.609222704918520463e+01
1.810000000000000000e+03,7.390000000000000000e+03,2.767576304968281420e+02,2.839021526422721990e+02,2.844329281869848955e+02,2.791726739129330213e+02,2.860369730616707216e+02,2.698131065616894375e+02,3.132727473074708087e+02,2.748733452557813735e+02,2.749190929476039287e+02,2.807274211733458742e+02,2.786332878063884664e+02,2.830953119300970684e+02,2.813563535523077235e+02,1.706138752669719688e+05,3.419248190289977174e+00,1.599720471017450407e+01
1.820000000000000000e+03,7.400000000000000000e+03,2.767894679269141420e+02,2.838116886751774359e+02,2.841240655253984642e+02,2.788544500138380045e+02,2.857459893491550247e+02,2.697118761197822892e+02,3.121656166312811251e+02,2.747204886445276202e+02,2.747670514284043861e+02,2.807196740353485893e+02,2.786368152637857634e+02,2.830920514422909946e+02,2.813544581055851950e+02,1.704890233702631085e+05,3.419248190289977174e+00,1.590443757902719746e+01
1.830000000000000000e+03,7.410000000000000000e+03,2.768205902580234579e+02,2.837152732605156871e+02,2.838173073389504566e+02,2.785377276772035202e+02,2.854575587364877265e+02,2.696088355357945829e+02,3.110879241355189038e+02,2.745655733994976799e+02,2.746129469099954576e+02,2.807093011128906710e+02,2.786386065526813809e+02,2.830859250139133110e+02,2.813498457259408951e+02,1.703650776728144847e+05,3.419248190289977174e+00,1.581381781050476576e+01
1.840000000000000000e+03,7.420000000000000000e+03,2.768509990731406560e+02,2.836132525851806463e+02,2.835126439576714006e+02,2.782226380398607262e+02,2.851716650199784340e+02,2.695040295795145653e+02,3.100382574168519909e+02,2.744088018315007957e+02,2.744569814409757669e+02,2.806963663152752133e+02,2.786387362290996634e+02,2.830770200847076694e+02,2.813425777520184283e+02,1.702420176986447477e+05,3.419248190289977174e+00,1.572524562628981926e+01
1.850000000000000000e+03,7.430000000000000000e+03,2.768806960820625136e+02,2.835059566873326844e+02,2.832100646867771729e+02,2.779092805372406474e+02,2.848882857745074944e+02,2.693975069287629935e+02,3.090153350953564768e+02,2.742503501139137825e+02,2.742993309230228647e+02,2.806809314037567447e+02,2.786372742229617074e+02,2.830654200671872331e+02,2.813327134631585409e+02,1.701198239005181240e+05,3.419248190289977174e+00,1.563862815405958351e+01
1.860000000000000000e+03,7.440000000000000000e+03,2.769096831134531271e+02,2.833936990075254698e+02,2.829095584211897290e+02,2.775977307646752479e+02,2.846073934978094258e+02,2.692893197349249590e+02,3.080179830474663731e+02,2.740903735579217368e+02,2.741401503970486146e+02,2.806630563720078726e+02,2.786342864844265250e+02,2.830512049255759166e+02,2.813203104608867307e+02,1.699984775984232547e+05,3.419248190289977174e+00,1.555387867178751549e+01
1.870000000000000000e+03,7.450000000000000000e+03,2.769379621203672173e+02,2.832767764652581945e+02,2.826111137274085081e+02,2.772880461618496497e+02,2.843289568591563921e+02,2.691795229169218260e+02,3.070451172239111770e+02,2.739290104678502757e+02,2.739795778970546394e+02,2.806427996914442247e+02,2.786298354350179238e+02,2.830344515884208363e+02,2.813054249164790122e+02,1.698779609238295234e+05,3.419248190289977174e+00,1.547091603464257048e+01
1.880000000000000000e+03,7.460000000000000000e+03,2.769655351816484199e+02,2.831554699064404303e+02,2.823147187870938524e+02,2.769802701813258636e+02,2.840529418078313029e+02,2.690681733826949653e+02,3.060957307476248275e+02,2.737663850386933291e+02,2.738177373477286665e+02,2.806202184690653212e+02,2.786239802978883517e+02,2.830152342452355470e+02,2.812881117247067664e+02,1.697582567685899558e+05,3.419248190289977174e+00,1.538966419925233708e+01
1.890000000000000000e+03,7.470000000000000000e+03,2.769924045027343027e+02,2.830300447034846911e+02,2.820203613277357135e+02,2.766744353819566413e+02,2.837793124799987368e+02,2.689553292958228212e+02,3.051688839294845366e+02,2.736026095965070226e+02,2.736547408080563741e+02,2.805953685480248510e+02,2.786167773503060516e+02,2.829936245662864280e+02,2.812684246111554103e+02,1.696393487381930172e+05,3.419248190289977174e+00,1.531005181087273925e+01
1.900000000000000000e+03,7.480000000000000000e+03,2.770185724138593741e+02,2.829007514833239156e+02,2.817280285723581983e+02,2.763705657459968847e+02,2.835080319130279349e+02,2.688410494331481004e+02,3.042636963492053610e+02,2.734377863626457383e+02,2.734906902347331084e+02,2.805683045731839229e+02,2.786082801279561068e+02,2.829696918637532121e+02,2.812464161932819593e+02,1.695212211083918519e+05,3.419248190289977174e+00,1.523201183652009760e+01
1.910000000000000000e+03,7.490000000000000000e+03,2.770440413679765470e+02,2.827678268787933007e+02,2.814377072266415780e+02,2.760686784371800968e+02,2.832390625856649535e+02,2.687253926328310172e+02,3.033793404414248585e+02,2.732720088685691167e+02,2.733256789037069439e+02,2.805390800323043550e+02,2.785985395934264375e+02,2.829435032246669834e+02,2.812221380225983012e+02,1.694038587854040670e+05,3.419248190289977174e+00,1.515548123490318488e+01
1.920000000000000000e+03,7.500000000000000000e+03,2.770688139383671569e+02,2.826314943347763915e+02,2.811493834756947763e+02,2.757687851430843011e+02,2.829723668403824490e+02,2.686084173485409110e+02,3.025150362081121784e+02,2.731053631023689832e+02,2.731597925448123760e+02,2.805077472847685840e+02,2.785876042758922040e+02,2.829151236148994712e+02,2.811956406134572717e+02,1.692872472689255956e+05,3.419248190289977174e+00,1.508040065740167179e+01
1.930000000000000000e+03,7.510000000000000000e+03,2.770928928143125063e+02,2.824919648505357941e+02,2.808630430122245230e+02,2.754708931132241787e+02,2.827079071778231878e+02,2.684901812955429250e+02,3.016700467914813544e+02,2.729379284492853230e+02,2.729931102919725276e+02,2.804743575825804101e+02,2.785755203995547618e+02,2.828846159689699107e+02,2.811669734630329458e+02,1.691713726179276127e+05,3.419248190289977174e+00,1.500671417636683280e+01
1.940000000000000000e+03,7.520000000000000000e+03,2.771162807970703170e+02,2.823494377282891037e+02,2.805786710684794230e+02,2.751750059674438376e+02,2.824456464820017345e+02,2.683707411727647809e+02,3.008436747150307156e+02,2.727697784707891060e+02,2.728257054614288108e+02,2.804389610851293355e+02,2.785623319965111477e+02,2.828520412668460722e+02,2.811361850665183511e+02,1.690562214189514634e+05,3.419248190289977174e+00,1.493436903723462450e+01
1.950000000000000000e+03,7.530000000000000000e+03,2.771389807955703191e+02,2.822041012810921075e+02,2.802962524556689345e+02,2.748811243298482623e+02,2.821855481779580259e+02,2.682501524530170514e+02,3.000352586527375820e+02,2.726009815554090210e+02,2.726576462015466404e+02,2.804016068749255624e+02,2.785480810129818110e+02,2.828174586073814112e+02,2.811033229293915952e+02,1.689417807565882686e+05,3.419248190289977174e+00,1.486331543193299254e+01
1.960000000000000000e+03,7.540000000000000000e+03,2.771609958212890774e+02,2.820561334997627227e+02,2.800157716113922106e+02,2.745892463332701254e+02,2.819275763418202132e+02,2.681284692296146090e+02,2.992441706239170571e+02,2.724316014658268159e+02,2.724889960380018579e+02,2.803623429700127758e+02,2.785328074067447233e+02,2.827809252724616726e+02,2.810684335820840261e+02,1.688280381861674832e+05,3.419248190289977174e+00,1.479350629143835860e+01
1.970000000000000000e+03,7.550000000000000000e+03,2.771823289836249842e+02,2.819057026555204857e+02,2.797372126431699826e+02,2.742993680211909577e+02,2.816716957733610798e+02,2.680057441072398206e+02,2.984698135312660270e+02,2.722616978033133819e+02,2.723198143409901490e+02,2.803212163376334729e+02,2.785165492410317825e+02,2.827424968117352932e+02,2.810315625900703935e+02,1.687149817081976798e+05,3.419248190289977174e+00,1.472489709560328919e+01
1.980000000000000000e+03,7.560000000000000000e+03,2.772029834840312787e+02,2.817529679667728146e+02,2.794605593747006651e+02,2.740114836731056585e+02,2.814178720435588730e+02,2.678820281302614603e+02,2.977116189822480692e+02,2.720913264037524755e+02,2.721501567221719142e+02,2.802782729093016769e+02,2.784993427760828126e+02,2.827022270328877767e+02,2.809927545701212921e+02,1.686025997446454712e+05,3.419248190289977174e+00,1.465744569863129243e+01
1.990000000000000000e+03,7.570000000000000000e+03,2.772229626119296881e+02,2.815980800673421527e+02,2.791857953892457544e+02,2.737255860685438051e+02,2.811660715195888542e+02,2.677573707409129611e+02,2.969690453469130489e+02,2.719205396792007718e+02,2.719800753761315946e+02,2.802335575953209172e+02,2.784812225520681181e+02,2.826601681257561154e+02,2.809520532009914859e+02,1.684908811168246320e+05,3.419248190289977174e+00,1.459111216856755355e+01
2.000000000000000000e+03,7.580000000000000000e+03,2.772422697383437367e+02,2.814411815737715301e+02,2.789129040678856200e+02,2.734416667053171182e+02,2.809162613761652665e+02,2.676318197593078594e+02,2.962415760096237136e+02,2.717493869136273474e+02,2.718096193669001650e+02,2.801871143007284672e+02,2.784622214713295989e+02,2.826163706970697831e+02,2.809095012407540253e+02,1.683798150246661389e+05,3.419248190289977174e+00,1.452585863938931077e+01
2.010000000000000000e+03,7.590000000000000000e+03,2.772609083117265527e+02,2.812824074732731674e+02,2.786418686407185987e+02,2.731597159794509935e+02,2.806684095999063970e+02,2.675054213822455722e+02,2.955287178028505650e+02,2.715779145252935223e+02,2.716388349029985534e+02,2.801389859411435737e+02,2.784423708771852262e+02,2.825708838183841181e+02,2.808651405360581066e+02,1.682693910275168892e+05,3.419248190289977174e+00,1.446164917592046706e+01
2.020000000000000000e+03,7.600000000000000000e+03,2.772788818524297199e+02,2.811218856925189016e+02,2.783726722084701350e+02,2.728797233361459575e+02,2.804224849782097522e+02,2.673782201969790435e+02,2.948299995614230511e+02,2.714061662722996289e+02,2.714677655487612356e+02,2.800892144606464171e+02,2.784217006289320580e+02,2.825237550805154001e+02,2.808190120445087814e+02,1.681595990259639802e+05,3.419248190289977174e+00,1.439844964715425668e+01
2.030000000000000000e+03,7.610000000000000000e+03,2.772961939482187859e+02,2.809597374344346008e+02,2.781052977800466124e+02,2.726016773980903736e+02,2.801784570834496435e+02,2.672502592038691773e+02,2.941449708232327112e+02,2.712341834812581283e+02,2.712964524282395473e+02,2.800378408488593323e+02,2.784002391716571765e+02,2.824750306433651872e+02,2.807711558477852805e+02,1.680504292450914509e+05,3.419248190289977174e+00,1.433622761134285639e+01
2.040000000000000000e+03,7.620000000000000000e+03,2.773128482488672262e+02,2.807960775844017007e+02,2.778397283031155212e+02,2.723255660713662110e+02,2.799362962612393062e+02,2.671215798478908710e+02,2.934732006356755960e+02,2.710620052045633201e+02,2.711249344018089005e+02,2.799849051596546587e+02,2.783780136092851762e+02,2.824247552814715050e+02,2.807216111678552579e+02,1.679418722185149672e+05,3.419248190289977174e+00,1.427495220888522454e+01
2.050000000000000000e+03,7.630000000000000000e+03,2.773288484617344238e+02,2.806310150702503279e+02,2.775759466966932223e+02,2.720513766436905598e+02,2.796959736094515847e+02,2.669922220564297959e+02,2.928142764375807019e+02,2.708896683842431230e+02,2.709532482244318317e+02,2.799304465296389139e+02,2.783550497673231234e+02,2.823729724315566045e+02,2.806704163845865878e+02,1.678339187736507156e+05,3.419248190289977174e+00,1.421459406324442654e+01
2.060000000000000000e+03,7.640000000000000000e+03,2.773441983476484438e+02,2.804646532005189101e+02,2.773139358711548539e+02,2.717790958620114452e+02,2.794574609583067399e+02,2.668622242806370650e+02,2.921678030511855013e+02,2.707172079900049653e+02,2.707814286877457448e+02,2.798745031967794148e+02,2.783313722570602522e+02,2.823197242361025019e+02,2.806176090546832711e+02,1.677265600177748711e+05,3.419248190289977174e+00,1.415512518949116938e+01
2.070000000000000000e+03,7.650000000000000000e+03,2.773589017158515730e+02,2.802970899726585685e+02,2.770536787515026163e+02,2.715087100040891528e+02,2.792207308469395457e+02,2.667316235396734783e+02,2.915334017370772131e+02,2.705446571543797063e+02,2.706095087481597830e+02,2.798171125186260042e+02,2.783070045378718760e+02,2.822650515908323428e+02,2.805632259189496835e+02,1.676197873249140684e+05,3.419248190289977174e+00,1.409651890964168075e+01
2.080000000000000000e+03,7.660000000000000000e+03,2.773729624196406576e+02,2.801284183897568596e+02,2.767951582982801142e+02,2.712402049407226059e+02,2.789857565036332403e+02,2.666004554665710202e+02,2.909107093160935165e+02,2.703720472830054860e+02,2.704375196419987333e+02,2.797583109930873206e+02,2.782819689545150936e+02,2.822089941819928072e+02,2.805073029350176057e+02,1.675135923236273811e+05,3.419248190289977174e+00,1.403874977385865286e+01
2.090000000000000000e+03,7.670000000000000000e+03,2.773863843550156503e+02,2.799587266699388692e+02,2.765383575226106245e+02,2.709735661888164486e+02,2.787525118207479409e+02,2.664687543546259008e+02,2.902993773554646282e+02,2.701994081604167377e+02,2.702654909917129658e+02,2.796981342732223652e+02,2.782562868574938193e+02,2.821515905289920738e+02,2.804498752837055235e+02,1.674079668853793992e+05,3.419248190289977174e+00,1.398179348732812066e+01
2.100000000000000000e+03,7.680000000000000000e+03,2.773991714530703803e+02,2.797880985831220642e+02,2.762832595123325063e+02,2.707087789656259247e+02,2.785209713358513000e+02,2.663365532072085671e+02,2.896990714048283166e+02,2.700267680497570382e+02,2.700934509025303782e+02,2.796366171907308171e+02,2.782299785602186262e+02,2.820928780241998197e+02,2.803909773878475562e+02,1.673029031137554557e+05,3.419248190289977174e+00,1.392562684277155327e+01
2.110000000000000000e+03,7.690000000000000000e+03,2.774113276781406512e+02,2.796166136616920994e+02,2.760298474332655587e+02,2.704458282259578255e+02,2.782911102093112277e+02,2.662038837810185896e+02,2.891094702868948048e+02,2.698541537793792600e+02,2.699214260514215198e+02,2.795737937723390587e+02,2.782030634531142823e+02,2.820328929696709679e+02,2.803306429301524076e+02,1.671983933341458323e+05,3.419248190289977174e+00,1.387022765700873528e+01
2.120000000000000000e+03,7.700000000000000000e+03,2.774228570243203080e+02,2.794443474106341228e+02,2.757781045512408582e+02,2.701846987050156486e+02,2.780629042025618105e+02,2.660707766345134360e+02,2.885302654334688555e+02,2.696815908250678149e+02,2.697494417680841252e+02,2.795096972579356702e+02,2.781755600334439578e+02,2.819716706150569507e+02,2.802689048702317223e+02,1.670944300841215590e+05,3.419248190289977174e+00,1.381557471251992908e+01
2.130000000000000000e+03,7.710000000000000000e+03,2.774337635121406151e+02,2.792713715353528414e+02,2.755280142400189334e+02,2.699253749529477773e+02,2.778363296598028001e+02,2.659372611728016409e+02,2.879611602584627121e+02,2.695091033855698015e+02,2.695775221108762594e+02,2.794443601191165385e+02,2.781474859521513849e+02,2.819092451909164083e+02,2.802057954586614983e+02,1.669910061043343158e+05,3.419248190289977174e+00,1.376164770270464999e+01
2.140000000000000000e+03,7.720000000000000000e+03,2.774440511846249819e+02,2.790977541365205070e+02,2.752795599921013832e+02,2.696678413667118548e+02,2.776113634857600800e+02,2.658033656920193266e+02,2.874018695737388498e+02,2.693367144523256229e+02,2.694056899368125642e+02,2.793778140772166694e+02,2.781188580560466903e+02,2.818456499440451921e+02,2.801413462571719037e+02,1.668881143298964889e+05,3.419248190289977174e+00,1.370842718091440915e+01
2.150000000000000000e+03,7.730000000000000000e+03,2.774537241060625092e+02,2.789235598924267379e+02,2.750327254296691422e+02,2.694120822196662175e+02,2.773879831262223661e+02,2.656691174224093857e+02,2.868521190401606304e+02,2.691644458759616327e+02,2.692339669664655730e+02,2.793100901208928803e+02,2.780896924245227524e+02,2.817809171698318096e+02,2.800755881488178147e+02,1.667857478822489793e+05,3.419248190289977174e+00,1.365589451297825896e+01
2.160000000000000000e+03,7.740000000000000000e+03,2.774627863565547159e+02,2.787488502589352493e+02,2.747874943032724673e+02,2.691580816861362564e+02,2.771661665617468771e+02,2.655345425696167467e+02,2.863116446443870586e+02,2.689923184199345769e+02,2.690623738405298013e+02,2.792412185252611039e+02,2.780600044161481037e+02,2.817150782449368194e+02,2.800085513606793484e+02,1.666839000615115510e+05,3.419248190289977174e+00,1.360403183265302829e+01
2.170000000000000000e+03,7.750000000000000000e+03,2.774712420312890799e+02,2.785736835888317273e+02,2.745438505141946735e+02,2.689058238680026989e+02,2.769458922705943564e+02,2.653996663556911244e+02,2.857801922166464124e+02,2.688203518293969410e+02,2.688909301866016790e+02,2.791712288620400955e+02,2.780298086968058442e+02,2.816481636561658775e+02,2.799402654727956019e+02,1.665825643391686026e+05,3.419248190289977174e+00,1.355282200052591790e+01
2.180000000000000000e+03,7.760000000000000000e+03,2.774790952375468578e+02,2.783981154768424631e+02,2.743017781051993893e+02,2.686552928129819975e+02,2.767271392256096192e+02,2.652645130561961651e+02,2.852575169698485524e+02,2.686485648744768469e+02,2.687196546673720832e+02,2.791001500273164311e+02,2.779991192876154855e+02,2.815802030373994853e+02,2.798707593027555731e+02,1.664817343513048254e+05,3.419248190289977174e+00,1.350224856505224125e+01
2.190000000000000000e+03,7.770000000000000000e+03,2.774863500919452690e+02,2.782221982963382061e+02,2.740612612743091177e+02,2.684064725374328191e+02,2.765098868742106788e+02,2.651291060398697823e+02,2.847433830613794612e+02,2.684769754017291348e+02,2.685485650108652749e+02,2.790280102484715599e+02,2.779679495770047879e+02,2.815112251717844174e+02,2.798000614568330207e+02,1.663814038918981096e+05,3.419248190289977174e+00,1.345229572573105337e+01
2.200000000000000000e+03,7.780000000000000000e+03,2.774930107177968921e+02,2.780459822529970779e+02,2.738222843768139683e+02,2.681593470429794479e+02,2.762941151237332633e+02,2.649934678030875261e+02,2.842375631843273140e+02,2.683056003819573334e+02,2.683776780892287661e+02,2.789548371043284760e+02,2.779363123698881850e+02,2.814412580558508807e+02,2.797281995360609699e+02,1.662815669067910349e+05,3.419248190289977174e+00,1.340294829991875503e+01
2.210000000000000000e+03,7.790000000000000000e+03,2.774990812443828077e+02,2.778695148677526277e+02,2.735848319226943772e+02,2.679139003334060476e+02,2.760798043263710611e+02,2.648576200042390951e+02,2.837398381965128920e+02,2.681344559503029359e+02,2.682070099436793384e+02,2.788806575398358518e+02,2.779042199109508147e+02,2.813703289219485555e+02,2.796552006851981105e+02,1.661822174878560181e+05,3.419248190289977174e+00,1.335419169093198732e+01
2.220000000000000000e+03,7.800000000000000000e+03,2.775045658031328344e+02,2.776928413484915836e+02,2.733488885914523507e+02,2.676701164295146782e+02,2.758669352647084452e+02,2.647215834972662947e+02,2.832499967257615481e+02,2.679635574528855386e+02,2.680365758290524809e+02,2.788054978838792977e+02,2.778716839150690134e+02,2.812984641917418003e+02,2.795810914831494074e+02,1.660833498673130525e+05,3.419248190289977174e+00,1.330601185771596562e+01
2.230000000000000000e+03,7.810000000000000000e+03,2.775094685269297088e+02,2.775160045734850200e+02,2.731144392264137650e+02,2.674279793835428336e+02,2.756554891386625172e+02,2.645853783630384441e+02,2.827678348437518139e+02,2.677929194818651695e+02,2.678663902506463046e+02,2.787293838578599434e+02,2.778387155910597244e+02,2.812256896177821091e+02,2.795058979464058666e+02,1.659849584125185211e+05,3.419248190289977174e+00,1.325839528711665949e+01
2.240000000000000000e+03,7.820000000000000000e+03,2.775137935454922058e+02,2.773390452978236453e+02,2.728814688368266843e+02,2.671874732903177119e+02,2.754454475521748691e+02,2.644490239394955324e+02,2.822931557325654239e+02,2.676225559120927073e+02,2.676964670020719268e+02,2.786523405992948597e+02,2.778053256745797626e+02,2.811520302281679164e+02,2.794296455448290999e+02,1.658870376209589012e+05,3.419248190289977174e+00,1.321132896750277297e+01
2.250000000000000000e+03,7.830000000000000000e+03,2.775175449918281174e+02,2.771620022407695956e+02,2.726499626018460845e+02,2.669485823003292353e+02,2.752367925004956533e+02,2.643125388515090322e+02,2.818257693756075923e+02,2.674524799339601486e+02,2.675268191942043359e+02,2.785743926696799235e+02,2.777715244314488245e+02,2.810775103679746394e+02,2.793523592160801172e+02,1.657895821154910955e+05,3.419248190289977174e+00,1.316480036391423170e+01
2.260000000000000000e+03,7.840000000000000000e+03,2.775207269903984297e+02,2.769849121488459787e+02,2.724199058688466266e+02,2.667112906284271503e+02,2.750295063578849977e+02,2.641759410370237333e+02,2.813654922602198099e+02,2.672827040910638061e+02,2.673574593063477778e+02,2.784955640703331596e+02,2.777373217097041334e+02,2.810021537216910019e+02,2.792740633747125685e+02,1.656925866397194332e+05,3.419248190289977174e+00,1.311879739526304434e+01
2.270000000000000000e+03,7.850000000000000000e+03,2.775233436609921682e+02,2.768078099355982999e+02,2.721912841570730279e+02,2.664755825649726262e+02,2.748235718684583162e+02,2.640392477759081657e+02,2.809121471014251483e+02,2.671132403049274444e+02,2.671883991928995670e+02,2.784158782550183560e+02,2.777027269405479046e+02,2.809259833347242648e+02,2.791947819277719418e+02,1.655960460538293119e+05,3.419248190289977174e+00,1.307330841201256177e+01
2.280000000000000000e+03,7.860000000000000000e+03,2.775253991164219087e+02,2.766307287644951316e+02,2.719640831565830013e+02,2.662414424831314363e+02,2.746189721287601060e+02,2.639024757134234846e+02,2.804655625770124061e+02,2.669440999066027871e+02,2.670196501165489167e+02,2.783353581448772616e+02,2.776677491668293101e+02,2.808490216335981131e+02,2.791145382857430377e+02,1.654999553303178109e+05,3.419248190289977174e+00,1.302832217540061066e+01
2.290000000000000000e+03,7.870000000000000000e+03,2.775268974612578177e+02,2.764537000998603844e+02,2.717382887267993397e+02,2.660088548472200500e+02,2.744156905919434166e+02,2.637656408853839594e+02,2.800255730744620450e+02,2.667752936642419854e+02,2.668512227908539103e+02,2.782540261405799811e+02,2.776323970614026280e+02,2.807712904371584273e+02,2.790333553715560129e+02,1.654043095502069918e+05,3.419248190289977174e+00,1.298382783879737445e+01
2.300000000000000000e+03,7.880000000000000000e+03,2.775278427903437546e+02,2.762767538231328217e+02,2.715138868918418211e+02,2.657778042188263043e+02,2.742137110330893393e+02,2.636287587413700066e+02,2.795920184493700731e+02,2.666068318081744337e+02,2.666831273946108354e+02,2.781719041360799451e+02,2.775966789449988141e+02,2.806928110111807086e+02,2.789512556355709876e+02,1.653091038991997775e+05,3.419248190289977174e+00,1.293981492846929982e+01
2.310000000000000000e+03,7.890000000000000000e+03,2.775282391881171975e+02,2.760999182771097367e+02,2.712908638581918694e+02,2.655482752656499770e+02,2.740130175606223588e+02,2.634918441674269616e+02,2.791647438082621875e+02,2.664387240568368043e+02,2.665153735977810925e+02,2.780890135269330585e+02,2.775606028029344543e+02,2.806136040277928032e+02,2.788682610635143533e+02,1.652143336642294598e+05,3.419248190289977174e+00,1.289627332714726293e+01
2.320000000000000000e+03,7.900000000000000000e+03,2.775280907267422208e+02,2.759232203666032319e+02,2.710692059937342719e+02,2.653202527642541781e+02,2.738135945997108252e+02,2.633549115069366735e+02,2.787435992814851033e+02,2.662709796398188473e+02,2.663479705854947497e+02,2.780053752282083792e+02,2.775241763035081703e+02,2.805336896253346595e+02,2.787843931888255042e+02,1.651199942299514660e+05,3.419248190289977174e+00,1.285319325729358653e+01
2.330000000000000000e+03,7.910000000000000000e+03,2.775274014674218961e+02,2.757466856173753627e+02,2.708488998335868700e+02,2.650937216067741247e+02,2.736154268799655256e+02,2.632179745808979874e+02,2.783284398312754320e+02,2.661036073155359531e+02,2.661809270797769500e+02,2.779210096824240850e+02,2.774874068100427280e+02,2.804530874148861130e+02,2.786996731025736835e+02,1.650260810756071587e+05,3.419248190289977174e+00,1.281056526581829580e+01
2.340000000000000000e+03,7.920000000000000000e+03,2.775261754548281488e+02,2.755703382390813658e+02,2.706299320806035666e+02,2.648686668050997923e+02,2.734184994369461492e+02,2.630810467082031892e+02,2.779191250409774625e+02,2.659366153954860579e+02,2.660142513606081707e+02,2.778359368718435007e+02,2.774503014039405571e+02,2.803718164952789493e+02,2.786141214638188330e+02,1.649325897718222986e+05,3.419248190289977174e+00,1.276838020953382014e+01
2.350000000000000000e+03,7.930000000000000000e+03,2.775244167189687232e+02,2.753942011681702979e+02,2.704122896047221047e+02,2.646450734952901485e+02,2.732227975921185816e+02,2.629441407232359325e+02,2.775155189395748039e+02,2.657700117766344192e+02,2.658479512850374817e+02,2.777501763287360745e+02,2.774128668940932698e+02,2.802898954692433335e+02,2.785277585091329229e+02,1.648395159777155495e+05,3.419248190289977174e+00,1.272662924164061593e+01
2.360000000000000000e+03,7.940000000000000000e+03,2.775221292767812429e+02,2.752182961721758261e+02,2.701959594408702969e+02,2.644229269397961843e+02,2.730283069408369556e+02,2.628072689950493555e+02,2.771174898269514415e+02,2.656038039364144083e+02,2.656820343087134688e+02,2.776637471478987891e+02,2.773751098241507975e+02,2.802073424585471457e+02,2.784406040625091237e+02,1.647468554380358546e+05,3.419248190289977174e+00,1.268530379821116583e+01
2.370000000000000000e+03,7.950000000000000000e+03,2.775193171285000062e+02,2.750426438573440464e+02,2.699809287865085139e+02,2.642022125342819550e+02,2.728350133665570638e+02,2.626704434444106937e+02,2.767249100951065657e+02,2.654379989662467665e+02,2.655165074997379406e+02,2.775766679955637528e+02,2.773370364930055985e+02,2.801241751186381634e+02,2.783526775446487136e+02,1.646546039804696338e+05,3.419248190289977174e+00,1.264439558643442396e+01
2.380000000000000000e+03,7.960000000000000000e+03,2.775159842562968606e+02,2.748672637556683185e+02,2.697671850329161884e+02,2.639829158116792769e+02,2.726429030085338354e+02,2.625336755593768885e+02,2.763376560009679679e+02,2.652726036076956575e+02,2.653513775592995216e+02,2.774889571213153658e+02,2.772986529665575972e+02,2.800404106528641250e+02,2.782639979820277176e+02,1.645627575130588957e+05,3.419248190289977174e+00,1.260389657153665333e+01
2.390000000000000000e+03,7.970000000000000000e+03,2.775121346249687804e+02,2.746921743585908189e+02,2.695547156300040115e+02,2.637650224280043290e+02,2.724519622717874086e+02,2.623969764111109839e+02,2.759556078202093659e+02,2.651076241775152766e+02,2.651866508379438301e+02,2.774006323668514824e+02,2.772599650874281565e+02,2.799560658258684498e+02,2.781745840166660741e+02,1.644713120216442912e+05,3.419248190289977174e+00,1.256379897033620452e+01
2.400000000000000000e+03,7.980000000000000000e+03,2.775077721832500401e+02,2.745173931712932927e+02,2.693435082937746756e+02,2.635485181864060564e+02,2.722621778151745389e+02,2.622603566705076332e+02,2.755786492249226853e+02,2.649430667234132670e+02,2.650223333427240391e+02,2.773117111753018662e+02,2.772209784783501618e+02,2.798711569767216929e+02,2.780844539126456993e+02,1.643802635675584897e+05,3.419248190289977174e+00,1.252409523424783622e+01
2.410000000000000000e+03,7.990000000000000000e+03,2.775029008590312856e+02,2.743429367370416685e+02,2.691335508564044403e+02,2.633333890308445007e+02,2.720735365352177269e+02,2.621238266231203511e+02,2.752066674838169433e+02,2.647789369390446268e+02,2.648584307656847159e+02,2.772222106019767125e+02,2.771816985714293651e+02,2.797857000317447387e+02,2.779936255657202082e+02,1.642896082853838743e+05,3.419248190289977174e+00,1.248477804358524068e+01
2.420000000000000000e+03,8.000000000000000000e+03,2.774975245623593878e+02,2.741688207421312313e+02,2.689248313028470534e+02,2.631196210433661236e+02,2.718860255718558960e+02,2.619873961744535791e+02,2.748395532163691541e+02,2.646152402112517734e+02,2.646949484878256840e+02,2.771321473226145145e+02,2.771421305985631420e+02,2.796997105172323472e+02,2.779021165145578038e+02,1.641993423806429491e+05,3.419248190289977174e+00,1.244584029682371273e+01
2.430000000000000000e+03,8.010000000000000000e+03,2.774916471828046838e+02,2.739950599948841727e+02,2.687173377710277009e+02,2.629072004494781822e+02,2.716996323029518408e+02,2.618510748781983466e+02,2.744772002840765595e+02,2.644519816245261836e+02,2.645318915951340273e+02,2.770415376450496865e+02,2.771022796121935698e+02,2.796132035708002945e+02,2.778099439432418762e+02,1.641094621278297855e+05,3.419248190289977174e+00,1.240727510213432083e+01
2.440000000000000000e+03,8.020000000000000000e+03,2.774852725905155921e+02,2.738216684664234890e+02,2.685110585719871210e+02,2.626961136199950033e+02,2.715143442763737767e+02,2.617148719398388153e+02,2.741195056912251857e+02,2.642891659948273855e+02,2.643692648868472475e+02,2.769503975134103939e+02,2.770621504884526303e+02,2.795261939524755803e+02,2.777171246926978938e+02,1.640199638683455996e+05,3.419248190289977174e+00,1.236907576835234934e+01
2.450000000000000000e+03,8.030000000000000000e+03,2.774784046337656491e+02,2.736486593632060362e+02,2.683059821111801853e+02,2.624863470694012904e+02,2.713301494089843686e+02,2.615787962274237088e+02,2.737663694046017326e+02,2.641267978199161917e+02,2.642070729029156269e+02,2.768587425204391934e+02,2.770217479395913642e+02,2.794386960561960223e+02,2.776236752674018362e+02,1.639308440085208567e+05,3.419248190289977174e+00,1.233123579876286513e+01
2.460000000000000000e+03,8.040000000000000000e+03,2.774710471413906134e+02,2.734760451611930421e+02,2.681020969927880628e+02,2.622778874570014978e+02,2.711470356855103887e+02,2.614428562877889703e+02,2.734176943134747262e+02,2.639648813769740627e+02,2.640453199154852655e+02,2.767665879138011746e+02,2.769810765199653133e+02,2.793507239207702355e+02,2.775296118439342763e+02,1.638420990178582142e+05,3.419248190289977174e+00,1.229374888032074331e+01
2.470000000000000000e+03,8.050000000000000000e+03,2.774632039210468974e+02,2.733038375870228265e+02,2.678993919606666623e+02,2.620707215874589906e+02,2.709649913527819081e+02,2.613070603562266001e+02,2.730733860797371904e+02,2.638034206847775636e+02,2.638840099506140291e+02,2.766739486052557027e+02,2.769401406313368739e+02,2.792622912378326987e+02,2.774349502746994176e+02,1.637537254271938000e+05,3.419248190289977174e+00,1.225660887849712211e+01
2.480000000000000000e+03,8.060000000000000000e+03,2.774548787586015806e+02,2.731320477157607911e+02,2.676978558709588469e+02,2.618648364108780129e+02,2.707840048591272080e+02,2.611714163677651754e+02,2.727333530977342093e+02,2.636424195054652273e+02,2.637231467973267627e+02,2.765808391779045223e+02,2.768989445330772696e+02,2.791734113712635690e+02,2.773397060987801979e+02,1.636657198269787477e+05,3.419248190289977174e+00,1.221980983050997338e+01
2.490000000000000000e+03,8.070000000000000000e+03,2.774460754189453269e+02,2.729606859789893178e+02,2.674974777496396428e+02,2.616602190227072242e+02,2.706040648523864434e+02,2.610359319672944025e+02,2.723975062978755091e+02,2.634818813859470197e+02,2.635627340169831427e+02,2.764872738942530077e+02,2.768574923470927729e+02,2.790840973478742626e+02,2.772438945477217658e+02,1.635780788656689110e+05,3.419248190289977174e+00,1.218334593737067451e+01
2.500000000000000000e+03,8.080000000000000000e+03,2.774367976443593875e+02,2.727897621892262237e+02,2.672982467509988282e+02,2.614568566639861729e+02,2.704251601743889637e+02,2.609006145191707446e+02,2.720657591292238067e+02,2.633218096471818512e+02,2.634027749527187439e+02,2.763932667037789770e+02,2.768157880628354519e+02,2.789943618851997940e+02,2.771475305522712915e+02,1.634907992481129768e+05,3.419248190289977174e+00,1.214721155846628875e+01
2.510000000000000000e+03,8.090000000000000000e+03,2.774270491548906534e+02,2.726192855561116630e+02,2.671001521677085861e+02,2.612547367209821232e+02,2.702472798567030168e+02,2.607654711180906020e+02,2.717380274513423615e+02,2.631622073979127663e+02,2.632432727387042632e+02,2.762988312496463550e+02,2.767738355548748359e+02,2.789042173919674497e+02,2.770506287472131817e+02,1.634038777340473025e+05,3.419248190289977174e+00,1.211140120555892530e+01
2.520000000000000000e+03,8.100000000000000000e+03,2.774168336495859535e+02,2.724492647459355794e+02,2.669031834251769624e+02,2.610538467239175588e+02,2.700704131153773915e+02,2.606305085957638994e+02,2.714142294489615779e+02,2.630030775435037071e+02,2.630842303086132006e+02,2.762039808767704017e+02,2.767316385705850621e+02,2.788136759786231096e+02,2.769532034799121902e+02,1.633173111366514349e+05,3.419248190289977174e+00,1.207590953687559576e+01
2.530000000000000000e+03,8.110000000000000000e+03,2.774061548040156140e+02,2.722797078670947144e+02,2.667073300866361478e+02,2.608541743487584199e+02,2.698945493464374294e+02,2.604957335347936578e+02,2.710942855511923426e+02,2.628444227943058422e+02,2.629256504041276230e+02,2.761087286373653455e+02,2.766892007470177077e+02,2.787227494651567667e+02,2.768552688155883175e+02,1.632310963210806367e+05,3.419248190289977174e+00,1.204073135186568244e+01
2.540000000000000000e+03,8.120000000000000000e+03,2.773950162711093412e+02,2.721106225320517638e+02,2.665125818422181965e+02,2.606557074141632029e+02,2.697196781215147894e+02,2.603611522713238173e+02,2.707781183537926495e+02,2.626862456740607286e+02,2.627675355826260102e+02,2.760130872989732325e+02,2.766465256151191170e+02,2.786314493894924453e+02,2.767568385433082767e+02,1.631452302031275467e+05,3.419248190289977174e+00,1.200586158583880092e+01
2.550000000000000000e+03,8.130000000000000000e+03,2.773834216815234299e+02,2.719420158586673324e+02,2.663189285131907127e+02,2.604584338818003744e+02,2.695457891841562059e+02,2.602267709071054469e+02,2.704656525448755247e+02,2.625285485268722141e+02,2.626098882246496942e+02,2.759170693505017198e+02,2.766036166015659319e+02,2.785397870151667803e+02,2.766579261821556202e+02,1.630597097479394288e+05,3.419248190289977174e+00,1.197129530508341233e+01
2.560000000000000000e+03,8.140000000000000000e+03,2.773713746430937022e+02,2.717738944991435801e+02,2.661263600477252567e+02,2.602623418554762225e+02,2.693728724453449104e+02,2.600925953160673316e+02,2.701568148334855550e+02,2.623713335248837097e+02,2.624527105414146604e+02,2.758206870086668232e+02,2.765604770357031157e+02,2.784477733392293999e+02,2.765585449867397756e+02,1.629745319687435986e+05,3.419248190289977174e+00,1.193702770216261655e+01
2.570000000000000000e+03,8.150000000000000000e+03,2.773588787408359622e+02,2.716062646625823618e+02,2.659348665186936955e+02,2.600674195803097746e+02,2.692009179789217796e+02,2.599586311519803985e+02,2.698515338812658229e+02,2.622146026750727970e+02,2.622960045813248939e+02,2.757239522247479613e+02,2.765171101536317337e+02,2.783554190998531794e+02,2.764587079529310358e+02,1.628896939256184269e+05,3.419248190289977174e+00,1.190305409134926151e+01
2.580000000000000000e+03,8.160000000000000000e+03,2.773459375368203155e+02,2.714391321272952950e+02,2.657444381244656597e+02,2.598736554416137210e+02,2.690299160196350954e+02,2.598248838567801045e+02,2.695497402369608153e+02,2.620583578259997353e+02,2.621397722370221004e+02,2.756268766886329331e+02,2.764735191019217382e+02,2.782627347821079411e+02,2.763584278232582960e+02,1.628051927243295358e+05,3.419248190289977174e+00,1.186936990440485218e+01
2.590000000000000000e+03,8.170000000000000000e+03,2.773325545702656427e+02,2.712725022830192643e+02,2.655550651805317557e+02,2.596810379640808151e+02,2.688598569563796445e+02,2.596913586663255273e+02,2.692513662712240716e+02,2.619026006739794070e+02,2.619840152510911366e+02,2.755294718384274688e+02,2.764297069426660300e+02,2.781697306264459257e+02,2.762577170924412258e+02,1.627210255151953897e+05,3.419248190289977174e+00,1.183597068629802074e+01
2.600000000000000000e+03,8.180000000000000000e+03,2.773187333571406157e+02,2.711063801031956473e+02,2.653667381294431493e+02,2.594895558105741884e+02,2.686907313326352664e+02,2.595580606179413508e+02,2.689563461227307926e+02,2.617473327692863450e+02,2.618287352226479356e+02,2.754317488619253140e+02,2.763856766558217259e+02,2.780764166345263675e+02,2.761565880121590908e+02,1.626371894919566112e+05,3.419248190289977174e+00,1.180285209153672454e+01
2.610000000000000000e+03,8.190000000000000000e+03,2.773044773906015621e+02,2.709407702058954897e+02,2.651794475287026103e+02,2.592991977810037270e+02,2.685225298413640758e+02,2.594249945569067677e+02,2.686646156339542131e+02,2.615925555225470589e+02,2.616739336127605497e+02,2.753337187054262358e+02,2.763414311438558570e+02,2.779828025723396649e+02,2.760550525962621577e+02,1.625536818907970737e+05,3.419248190289977174e+00,1.177000988024694905e+01
2.620000000000000000e+03,8.200000000000000000e+03,2.772897901407578161e+02,2.707756769939095420e+02,2.649931840181459961e+02,2.591099528110947858e+02,2.683552433048392913e+02,2.592921651237800234e+02,2.683761122929827252e+02,2.614382702096924618e+02,2.615196117480464295e+02,2.752353920787626294e+02,2.762969732366702829e+02,2.778888979959843937e+02,2.759531226345030746e+02,1.624704999892445630e+05,3.419248190289977174e+00,1.173743991349191162e+01
2.630000000000000000e+03,8.210000000000000000e+03,2.772746750548046748e+02,2.706111041538405289e+02,2.648079384454526917e+02,2.589218099714724417e+02,2.681888627222438117e+02,2.591595768353763560e+02,2.680907751898001834e+02,2.612844779770160244e+02,2.613657708304909306e+02,2.751367794591031952e+02,2.762523056906221655e+02,2.777947122182536077e+02,2.758508096659921875e+02,1.623876411052693147e+05,3.419248190289977174e+00,1.170513815323182882e+01
2.640000000000000000e+03,8.220000000000000000e+03,2.772591355568437734e+02,2.704470554248225653e+02,2.646237016763923293e+02,2.587347584661090423e+02,2.680233792041447032e+02,2.590272339796196093e+02,2.678085449568189915e+02,2.611311798469167798e+02,2.612124119430936844e+02,2.750378910970117659e+02,2.762074311951922141e+02,2.777002543500088336e+02,2.757481250267147743e+02,1.623051025962370331e+05,3.419248190289977174e+00,1.167310065505035865e+01
2.650000000000000000e+03,8.230000000000000000e+03,2.772431750478984327e+02,2.702835341055009621e+02,2.644404647247936282e+02,2.585487876312341768e+02,2.678587840046757833e+02,2.588951406935412933e+02,2.675293637232080641e+02,2.609783767223863151e+02,2.610595360467003729e+02,2.749387370217245348e+02,2.761623523752020901e+02,2.776055332933625550e+02,2.756450798285202382e+02,1.622228818580351362e+05,3.419248190289977174e+00,1.164132356680737779e+01
2.660000000000000000e+03,8.240000000000000000e+03,2.772267969064921544e+02,2.701205431794749074e+02,2.642582187176909088e+02,2.583638869392036668e+02,2.676950685099903353e+02,2.587633009519713028e+02,2.672531750685168959e+02,2.608260693921971551e+02,2.609071439912655137e+02,2.748393270459421842e+02,2.761170717932379830e+02,2.775105577461772555e+02,2.755416849667144561e+02,1.621409763242148038e+05,3.419248190289977174e+00,1.160980312572295148e+01
2.670000000000000000e+03,8.250000000000000000e+03,2.772100044875780895e+02,2.699580854493558491e+02,2.640769548674351199e+02,2.581800459763062463e+02,2.675322242369829269e+02,2.586317185722783734e+02,2.669799239684524537e+02,2.606742585348831653e+02,2.607552365182152698e+02,2.747396707709207249e+02,2.760715919530600786e+02,2.774153362110756689e+02,2.754379511286724664e+02,1.620593834650361096e+05,3.419248190289977174e+00,1.157853565467661738e+01
2.680000000000000000e+03,8.260000000000000000e+03,2.771928011240703427e+02,2.697961633428609503e+02,2.638966645114478524e+02,2.579972544696077534e+02,2.673702428288295323e+02,2.585003972195401616e+02,2.667095567590553173e+02,2.605229447239121328e+02,2.606038142630982861e+02,2.746397775907911409e+02,2.760259153013679452e+02,2.773198769965269435e+02,2.753338888249753609e+02,1.619781007867896697e+05,3.419248190289977174e+00,1.154751756013724062e+01
2.690000000000000000e+03,8.270000000000000000e+03,2.771751901253905999e+02,2.696347791173955670e+02,2.637173390878735972e+02,2.578155022716110807e+02,2.672091160536386951e+02,2.583693404098137876e+02,2.664420210962350666e+02,2.603721284309389148e+02,2.604528777656692000e+02,2.745396566982877857e+02,2.759800442330152919e+02,2.772241882251541938e+02,2.752295082948982099e+02,1.618971258307910757e+05,3.419248190289977174e+00,1.151674532945734875e+01
2.700000000000000000e+03,8.280000000000000000e+03,2.771571747787500044e+02,2.694739347131621798e+02,2.635389701414577530e+02,2.576347793605553989e+02,2.670488358024165905e+02,2.582385515195963990e+02,2.661772659114369617e+02,2.602218100301280970e+02,2.603024274680187204e+02,2.744393170864096305e+02,2.759339810845561942e+02,2.771282778352357354e+02,2.751248196374806980e+02,1.618164561727599939e+05,3.419248190289977174e+00,1.148621552822801206e+01
2.710000000000000000e+03,8.290000000000000000e+03,2.771387583486953190e+02,2.693136318839883074e+02,2.633615493110748389e+02,2.574550758364733838e+02,2.668893940842733059e+02,2.581080337847555484e+02,2.659152413706763127e+02,2.600719898024429995e+02,2.601524637202521717e+02,2.743387675545427555e+02,2.758877281483302113e+02,2.770321535879361363e+02,2.750198327438940282e+02,1.617360894220035407e+05,3.419248190289977174e+00,1.145592479757696047e+01
2.720000000000000000e+03,8.300000000000000000e+03,2.771199440768984346e+02,2.691538721537184529e+02,2.631850683374872233e+02,2.572763819222917618e+02,2.667307830253032535e+02,2.579777903079125849e+02,2.656558988392706055e+02,2.599226679384502177e+02,2.600029867842027329e+02,2.742380167174793542e+02,2.758412876666851616e+02,2.769358230712127238e+02,2.749145573143616730e+02,1.616560232206503861e+05,3.419248190289977174e+00,1.142586985197283411e+01
2.730000000000000000e+03,8.310000000000000000e+03,2.771007351826640388e+02,2.689946568304095535e+02,2.630095190562333300e+02,2.570986879620817263e+02,2.665729948634786410e+02,2.578478240619698454e+02,2.653991908440933685e+02,2.597738445421780398e+02,2.598539968357001726e+02,2.741370729989271240e+02,2.757946618365571680e+02,2.768392937031173915e+02,2.748090028898205901e+02,1.615762552429939678e+05,3.419248190289977174e+00,1.139604747681416441e+01
2.740000000000000000e+03,8.320000000000000000e+03,2.770811348633828288e+02,2.688359870332259334e+02,2.628348934158789234e+02,2.569219844197208431e+02,2.664160219601691892e+02,2.577181378993653880e+02,2.651450710423385999e+02,2.596255196348319032e+02,2.597054939716817898e+02,2.740359446411628142e+02,2.757478528105941677e+02,2.767425727293247064e+02,2.747031787605970976e+02,1.614967831948011881e+05,3.419248190289977174e+00,1.136645452694390102e+01
2.750000000000000000e+03,8.330000000000000000e+03,2.770611462936718681e+02,2.686778637252067483e+02,2.626611834275900037e+02,2.567462618774203520e+02,2.662598567639857947e+02,2.575887345361397252e+02,2.648934941832934555e+02,2.594776931582806014e+02,2.595574782088771713e+02,2.739346397162845506e+02,2.757008627002574030e+02,2.766456672679794337e+02,2.745970941017394580e+02,1.614176048125963425e+05,3.419248190289977174e+00,1.133708792309655067e+01
2.760000000000000000e+03,8.340000000000000000e+03,2.770407726261094012e+02,2.685202876334274720e+02,2.624883812223993118e+02,2.565715110316497203e+02,2.661044918491199951e+02,2.574596165847137854e+02,2.646444160772993541e+02,2.593303649768421906e+02,2.594099494886757498e+02,2.738331661229143492e+02,2.756536935757150104e+02,2.765485842460666959e+02,2.744907578942821829e+02,1.613387178630689450e+05,3.419248190289977174e+00,1.130794465130981052e+01
2.770000000000000000e+03,8.350000000000000000e+03,2.770200169914921844e+02,2.683632593331894896e+02,2.623164790208376189e+02,2.563977226993914087e+02,2.659499198899012526e+02,2.573307865405669190e+02,2.643977935664690904e+02,2.591835348820782201e+02,2.592629076801749761e+02,2.737315315745792645e+02,2.756063474702535245e+02,2.764513304410307342e+02,2.743841789481056139e+02,1.612601201424126339e+05,3.419248190289977174e+00,1.127902176058675643e+01
2.780000000000000000e+03,8.360000000000000000e+03,2.769988824978750017e+02,2.682067792363083072e+02,2.621454691279125200e+02,2.562248878081034036e+02,2.657961336629315383e+02,2.572022467872820357e+02,2.641535844917992222e+02,2.590372025945299015e+02,2.591163525832939172e+02,2.736297436340348099e+02,2.755588263761151211e+02,2.763539124945050389e+02,2.742773659050213269e+02,1.611818094756833743e+05,3.419248190289977174e+00,1.125031636076762354e+01
2.790000000000000000e+03,8.370000000000000000e+03,2.769773722324374603e+02,2.680508475908294486e+02,2.619753439406042048e+02,2.560529973976576912e+02,2.656431260463855324e+02,2.570739996017789508e+02,2.639117476659333192e+02,2.588913677663053932e+02,2.589702839309489377e+02,2.735278097030093249e+02,2.755111322524286379e+02,2.762563368981311100e+02,2.741703272421502220e+02,1.611037837163101067e+05,3.419248190289977174e+00,1.122182562088848634e+01
2.800000000000000000e+03,8.380000000000000000e+03,2.769554892601406664e+02,2.678954645093684803e+02,2.618060959434608321e+02,2.558820426196003837e+02,2.654908900169112371e+02,2.569460471569738047e+02,2.636722428440767771e+02,2.587460299847734859e+02,2.588247013923041209e+02,2.734257370155568196e+02,2.754632670236619560e+02,2.761586100029732052e+02,2.740630712743943036e+02,1.610260407454369706e+05,3.419248190289977174e+00,1.119354676748621813e+01
2.810000000000000000e+03,8.390000000000000000e+03,2.769332366243359616e+02,2.677406299224088571e+02,2.616377177080807428e+02,2.557120147349077683e+02,2.653394186479517884e+02,2.568183915257981198e+02,2.634350306973247484e+02,2.586011887743326270e+02,2.586796045730615674e+02,2.733235326544150894e+02,2.754152325803544841e+02,2.760607380198532610e+02,2.739556061911374059e+02,1.609485784713677713e+05,3.419248190289977174e+00,1.116547708286349305e+01
2.820000000000000000e+03,8.400000000000000000e+03,2.769106173468203451e+02,2.675863437303457317e+02,2.614702018918691238e+02,2.555429051126052116e+02,2.651887051082275093e+02,2.566910346836732515e+02,2.632000727865099634e+02,2.584568435991046158e+02,2.585349930240624303e+02,2.732212035506244661e+02,2.753670307816448712e+02,2.759627270293607353e+02,2.738479399331116610e+02,1.608713948290272092e+05,3.419248190289977174e+00,1.113761390365812787e+01
2.830000000000000000e+03,8.410000000000000000e+03,2.768876344282500099e+02,2.674326055738428067e+02,2.613035412375040778e+02,2.553747052286762198e+02,2.650387426604664256e+02,2.565639785117845690e+02,2.629673315375476932e+02,2.583129938654537341e+02,2.583908662352383203e+02,2.731187564852357355e+02,2.753186634657383820e+02,2.758645829763522670e+02,2.737400803894130377e+02,1.607944877794955974e+05,3.419248190289977174e+00,1.110995461915799254e+01
2.840000000000000000e+03,8.420000000000000000e+03,2.768642908479453126e+02,2.672794150761637866e+02,2.611377285650901285e+02,2.552074066643347123e+02,2.648895246544221322e+02,2.564372247989157358e+02,2.627367702142551593e+02,2.581696389242820260e+02,2.582472236434293791e+02,2.730161980954661090e+02,2.752701324223039023e+02,2.757663116801032857e+02,2.736320352535010443e+02,1.607178553093985538e+05,3.419248190289977174e+00,1.108249666970083780e+01
2.850000000000000000e+03,8.430000000000000000e+03,2.768405895641171810e+02,2.671267716738778972e+02,2.609727567870398843e+02,2.550410011053421897e+02,2.647410445361899747e+02,2.563107752480719910e+02,2.625083529000268072e+02,2.580267780730666800e+02,2.581040646329639685e+02,2.729135348765938147e+02,2.752214394204664814e+02,2.756679188326979215e+02,2.735238120811822569e+02,1.606414954305098508e+05,3.419248190289977174e+00,1.105523754569686368e+01
2.860000000000000000e+03,8.440000000000000000e+03,2.768165335136796443e+02,2.669746747345582776e+02,2.608086188867071087e+02,2.548754803380521707e+02,2.645932958356348195e+02,2.561846314740772641e+02,2.622820444692999899e+02,2.578844105580629957e+02,2.579613885377656288e+02,2.728107731804149125e+02,2.751725862075104487e+02,2.755694100085393075e+02,2.734154182835110305e+02,1.605654061791526037e+05,3.419248190289977174e+00,1.102817478574169385e+01
2.870000000000000000e+03,8.450000000000000000e+03,2.767921256131562586e+02,2.668231235130459140e+02,2.606453079317393531e+02,2.547108362522422453e+02,2.644462721691710385e+02,2.560587950089109199e+02,2.620578105705804433e+02,2.577425355764319193e+02,2.578191946439379763e+02,2.727079192251098334e+02,2.751235745014843133e+02,2.754707906581899692e+02,2.733068611241680514e+02,1.604895856158667011e+05,3.419248190289977174e+00,1.100130597559960322e+01
2.880000000000000000e+03,8.460000000000000000e+03,2.767673687580000319e+02,2.666721171382936291e+02,2.604828170659019406e+02,2.545470608359470361e+02,2.642999672380863103e+02,2.559332673035883090e+02,2.618356176021691226e+02,2.576011522779720622e+02,2.576774821895423315e+02,2.726049790947002407e+02,2.750744059943048683e+02,2.753720661167128014e+02,2.731981477597948924e+02,1.604140318248069088e+05,3.419248190289977174e+00,1.097462874675945343e+01
2.890000000000000000e+03,8.470000000000000000e+03,2.767422658234140727e+02,2.665216546819856376e+02,2.603211395126837715e+02,2.543841461774359800e+02,2.641543748267637284e+02,2.558080497322150677e+02,2.616154326926282465e+02,2.574602597672298430e+02,2.575362503699005856e+02,2.725019587422962672e+02,2.750250823543708520e+02,2.752732416072856267e+02,2.730892851686801350e+02,1.603387429134381528e+05,3.419248190289977174e+00,1.094814077537234098e+01
2.900000000000000000e+03,8.480000000000000000e+03,2.767168196634687547e+02,2.663717350998945790e+02,2.601602685703901443e+02,2.542220844613079862e+02,2.640094888008538874e+02,2.556831435921865250e+02,2.613972236812318215e+02,2.573198571053242176e+02,2.573954983366392639e+02,2.723988639915066869e+02,2.749756052253805478e+02,2.751743222409843384e+02,2.729802802258534484e+02,1.602637170119420043e+05,3.419248190289977174e+00,1.092183978092434060e+01
2.910000000000000000e+03,8.490000000000000000e+03,2.766910331127109544e+02,2.662223572853382052e+02,2.600001976062739004e+02,2.540608679637380192e+02,2.638653031060582066e+02,2.555585501075647130e+02,2.611809590946032813e+02,2.571799433108930657e+02,2.572552252007369589e+02,2.722957005584107719e+02,2.749259762291604829e+02,2.750753130207836534e+02,2.728711396648989762e+02,1.601889522729493910e+05,3.419248190289977174e+00,1.089572352492338680e+01
2.920000000000000000e+03,8.500000000000000000e+03,2.766649089848984318e+02,2.660735200364945285e+02,2.598409200758572979e+02,2.539004890648400874e+02,2.637218117662996519e+02,2.554342704313401669e+02,2.609666081401285282e+02,2.570405173642936916e+02,2.571154300339132988e+02,2.721924739936837341e+02,2.748761969649455068e+02,2.749762188440632258e+02,2.727618700879401672e+02,1.601144468710630608e+05,3.419248190289977174e+00,1.086978981040316405e+01
2.930000000000000000e+03,8.510000000000000000e+03,2.766384500740937256e+02,2.659252220850407298e+02,2.596824294947474527e+02,2.537409402302899935e+02,2.635790088828479156e+02,2.553103056474415666e+02,2.607541406730421727e+02,2.569015782063884217e+02,2.569761118700018869e+02,2.720891897638672390e+02,2.748262690113127178e+02,2.748770445033537158e+02,2.726524779779675214e+02,1.600401990024421539e+05,3.419248190289977174e+00,1.084403648016172284e+01
2.940000000000000000e+03,8.520000000000000000e+03,2.766116591541640446e+02,2.657774621118232972e+02,2.595247194541377667e+02,2.535822140193313032e+02,2.634368886323398442e+02,2.551866567725492985e+02,2.605435271879083530e+02,2.567631247415699249e+02,2.568372697072011306e+02,2.719858532100818138e+02,2.747761939267161893e+02,2.747777946668293794e+02,2.725429696952814993e+02,1.599662068844130845e+05,3.419248190289977174e+00,1.081846141603164391e+01
2.950000000000000000e+03,8.530000000000000000e+03,2.765845389793984168e+02,2.656302386220843346e+02,2.593677836166619954e+02,2.534243030825095957e+02,2.632954452657459683e+02,2.550633247588362735e+02,2.603347387994841142e+02,2.566251558385130807e+02,2.566989025071228525e+02,2.718824695558008671e+02,2.747259732472339238e+02,2.746784739979461278e+02,2.724333514745649154e+02,1.598924687551202951e+05,3.419248190289977174e+00,1.079306253781538061e+01
2.960000000000000000e+03,8.540000000000000000e+03,2.765570922840546473e+02,2.654835501909349205e+02,2.592116157149746414e+02,2.532672001599473219e+02,2.631546731067974747e+02,2.549403104958912252e+02,2.601277472272164459e+02,2.564876703322474327e+02,2.565610091995787911e+02,2.717790439126355295e+02,2.746756084921265710e+02,2.745790869491378317e+02,2.723236294351867173e+02,1.598189828731175512e+05,3.419248190289977174e+00,1.076783780240693034e+01
2.970000000000000000e+03,8.550000000000000000e+03,2.765293217833359449e+02,2.653373952756070935e+02,2.590562095482010818e+02,2.531108980783078835e+02,2.630145665509246555e+02,2.548176148107547476e+02,2.599225247786982891e+02,2.563506670255989093e+02,2.564235886823456099e+02,2.716755812837259327e+02,2.746251011618702478e+02,2.744796379193218172e+02,2.722138095918191425e+02,1.597457475170682883e+05,3.419248190289977174e+00,1.074278520272512338e+01
2.980000000000000000e+03,8.560000000000000000e+03,2.765012301728594366e+02,2.651917722715276682e+02,2.589015589863174682e+02,2.529553897530685731e+02,2.628751200639454737e+02,2.546952384730340384e+02,2.597190443348280269e+02,2.562141446905309294e+02,2.562866398225964417e+02,2.715720865573337051e+02,2.745744527381747844e+02,2.743801312362220415e+02,2.721038978227735470e+02,1.596727609853404574e+05,3.419248190289977174e+00,1.071790276696345856e+01
2.990000000000000000e+03,8.570000000000000000e+03,2.764728201287655907e+02,2.650466795130150217e+02,2.587476579668333443e+02,2.528006681861747325e+02,2.627363281806385089e+02,2.545731821956347858e+02,2.595172793350238862e+02,2.560781020687218756e+02,2.561501614582498405e+02,2.714685645286900240e+02,2.745236646823832416e+02,2.742805711168699077e+02,2.719938999075763491e+02,1.596000215956488682e+05,3.419248190289977174e+00,1.069318855764729648e+01
3.000000000000000000e+03,8.580000000000000000e+03,2.764440943085155595e+02,2.649021153298691615e+02,2.585945004863261829e+02,2.526467264590837942e+02,2.625981855038148183e+02,2.544514466314415131e+02,2.593172037629507258e+02,2.559425378746714159e+02,2.560141523990794781e+02,2.713650198654945598e+02,2.744727384496408149e+02,2.741809616960979383e+02,2.718838215138657688e+02,1.595275276847959030e+05,3.419248190289977174e+00,1.066864067060618027e+01
3.010000000000000000e+03,8.590000000000000000e+03,2.764150553500155638e+02,2.647580779589242184e+02,2.584420806134540385e+02,2.524935577409827943e+02,2.624606867027267754e+02,2.543300323838948032e+02,2.591187921318500003e+02,2.558074507946544145e+02,2.558786114279655806e+02,2.712614571553767746e+02,2.744216754667813802e+02,2.740813070175704524e+02,2.717736682057925464e+02,1.594552776082303317e+05,3.419248190289977174e+00,1.064425723443950567e+01
3.020000000000000000e+03,8.600000000000000000e+03,2.763857058729140590e+02,2.646145656002559008e+02,2.582903924798923754e+02,2.523411552828527817e+02,2.623238265124626878e+02,2.542089400025990926e+02,2.589220194729406330e+02,2.556728394894118139e+02,2.557435373024908927e+02,2.711578808802067329e+02,2.743704771493048611e+02,2.739816110471531374e+02,2.716634454333511144e+02,1.593832697398841847e+05,3.419248190289977174e+00,1.062003640962831597e+01
3.030000000000000000e+03,8.610000000000000000e+03,2.763560484779375201e+02,2.644715764134242022e+02,2.581394302793013935e+02,2.521895124158391468e+02,2.621875997324070227e+02,2.540881699866582153e+02,2.587268613205675933e+02,2.555387025944848460e+02,2.556089287552993596e+02,2.710542954237921549e+02,2.743191448969648718e+02,2.738818776669941712e+02,2.715531585480877084e+02,1.593115024717171909e+05,3.419248190289977174e+00,1.059597638770605244e+01
3.040000000000000000e+03,8.620000000000000000e+03,2.763260857468515610e+02,2.643291085188626539e+02,2.579891882680266235e+02,2.520386225509092810e+02,2.620520012252056858e+02,2.539677227857476396e+02,2.585332937004064888e+02,2.554050387220954121e+02,2.554747844956964684e+02,2.709507050744800836e+02,2.742676800948495952e+02,2.737821106781268554e+02,2.714428127984840557e+02,1.592399742134579574e+05,3.419248190289977174e+00,1.057207539053908718e+01
3.050000000000000000e+03,8.630000000000000000e+03,2.762958202434140844e+02,2.641871599943769979e+02,2.578396607641238916e+02,2.518884791779175316e+02,2.619170259158146337e+02,2.538475988020658463e+02,2.583412931171599780e+02,2.552718464614818572e+02,2.553411032104555716e+02,2.708471140270307842e+02,2.742160841128735456e+02,2.736823138072291499e+02,2.713324133327612344e+02,1.591686833923584782e+05,3.419248190289977174e+00,1.054833166963191893e+01
3.060000000000000000e+03,8.640000000000000000e+03,2.762652545130625299e+02,2.640457288928095636e+02,2.576908421577961690e+02,2.517390758723451825e+02,2.617826687903723268e+02,2.537277983984523644e+02,2.581508365424656972e+02,2.551391243804525288e+02,2.552078835676290112e+02,2.707435263845404734e+02,2.741643583072150250e+02,2.735824906958087013e+02,2.712219651503596083e+02,1.590976284528821707e+05,3.419248190289977174e+00,1.052474350580507334e+01
3.070000000000000000e+03,8.650000000000000000e+03,2.762343910828125217e+02,2.639048132202695456e+02,2.575427268603011726e+02,2.515904062603215721e+02,2.616489248951442050e+02,2.536083218705113609e+02,2.579619014036501881e+02,2.550068710262937088e+02,2.550751242074419451e+02,2.706399461602248948e+02,2.741125040195277620e+02,2.734826449151692032e+02,2.711114733245419757e+02,1.590268078563212766e+05,3.419248190289977174e+00,1.050130920694487102e+01
3.080000000000000000e+03,8.660000000000000000e+03,2.762032324617500194e+02,2.637644109683805596e+02,2.573953093856773648e+02,2.514424640699743350e+02,2.615157893353332383e+02,2.534891694931584425e+02,2.577744655724619633e+02,2.548750849262499685e+02,2.549428237568826034e+02,2.705363772793126600e+02,2.740605225796700779e+02,2.733827799673356367e+02,2.710009426417658460e+02,1.589562200806864130e+05,3.419248190289977174e+00,1.047802710955712335e+01
3.090000000000000000e+03,8.670000000000000000e+03,2.761717811408515786e+02,2.636245200901324779e+02,2.572485842910671749e+02,2.512952430961786661e+02,2.613832572749363408e+02,2.533703414930388931e+02,2.575885073542882537e+02,2.547437645891588147e+02,2.548109808233400315e+02,2.704328235796330091e+02,2.740084153040472756e+02,2.732828992691681833e+02,2.708903778702281784e+02,1.588858636203201022e+05,3.419248190289977174e+00,1.045489557698976490e+01
3.100000000000000000e+03,8.680000000000000000e+03,2.761400395939453460e+02,2.634851385129534265e+02,2.571025461872541200e+02,2.511487372051085742e+02,2.612513239341362237e+02,2.532518380539063401e+02,2.574040054767228867e+02,2.546129085057444854e+02,2.546795939959477835e+02,2.703292888205667168e+02,2.739561834929200472e+02,2.731830061822909101e+02,2.707797836859384688e+02,1.588157369857080339e+05,3.419248190289977174e+00,1.043191299876132128e+01
3.110000000000000000e+03,8.690000000000000000e+03,2.761080102762422257e+02,2.633462641390061663e+02,2.569571897457120713e+02,2.510029403363753033e+02,2.611199845903552159e+02,2.531336593208217778e+02,2.572209390814475682e+02,2.544825151501324285e+02,2.545486618470086171e+02,2.702257766697720740e+02,2.739038284375766352e+02,2.730831039903062560e+02,2.706691646753348550e+02,1.587458387031269667e+05,3.419248190289977174e+00,1.040907779021129009e+01
3.120000000000000000e+03,8.700000000000000000e+03,2.760756956260469224e+02,2.632078948394951681e+02,2.568125096923862429e+02,2.508578465003159295e+02,2.609892345758055967e+02,2.530158054000008008e+02,2.570392877123319977e+02,2.543525829797554252e+02,2.544181829325940498e+02,2.701222907259270301e+02,2.738513514161242028e+02,2.729831959117574911e+02,2.705585253363177571e+02,1.586761673144689703e+05,3.419248190289977174e+00,1.038638839177287920e+01
3.130000000000000000e+03,8.710000000000000000e+03,2.760430980643827752e+02,2.630700284821155606e+02,2.566685008086294033e+02,2.507134497776210083e+02,2.608590692774146191e+02,2.528982763604955721e+02,2.568590313068165756e+02,2.542231104375569259e+02,2.542881557935711214e+02,2.700188344922307238e+02,2.737987536954497045e+02,2.728832850988497967e+02,2.704478700806740221e+02,1.586067213770249218e+05,3.419248190289977174e+00,1.036384326852666149e+01
3.140000000000000000e+03,8.720000000000000000e+03,2.760102199943750065e+02,2.629326629010934653e+02,2.565251579305270297e+02,2.505697443183328801e+02,2.607294841355420658e+02,2.527810722352733421e+02,2.566801501859404198e+02,2.540940959515409077e+02,2.541585789561452202e+02,2.699154113998747562e+02,2.737460365302506489e+02,2.727833746450195349e+02,2.703372032347350569e+02,1.585374994631040609e+05,3.419248190289977174e+00,1.034144090957671125e+01
3.150000000000000000e+03,8.730000000000000000e+03,2.759770638024687628e+02,2.627957959211937009e+02,2.563824759488971949e+02,2.504267243412947153e+02,2.606004746431661374e+02,2.526641930228321371e+02,2.565026250459418407e+02,2.539655379360802954e+02,2.540294509329408754e+02,2.698120248064158204e+02,2.736932011642278439e+02,2.726834675661882557e+02,2.702265290424417117e+02,1.584685001599524403e+05,3.419248190289977174e+00,1.031917982759343033e+01
3.160000000000000000e+03,8.740000000000000000e+03,2.759436318581171577e+02,2.626594253378401618e+02,2.562404498038739575e+02,2.502843841303572674e+02,2.604720363452938727e+02,2.525476386855510214e+02,2.563264369488531997e+02,2.538374347919130685e+02,2.539007702233507757e+02,2.697086780054984843e+02,2.736402488296545243e+02,2.725835668326981249e+02,2.701158516650373826e+02,1.583997220694583666e+05,3.419248190289977174e+00,1.029705855813641868e+01
3.170000000000000000e+03,8.750000000000000000e+03,2.759099265135234305e+02,2.625235489460251301e+02,2.560990744930111305e+02,2.501427180386673399e+02,2.603441648378736772e+02,2.524314091555543769e+02,2.561515673143652521e+02,2.537097849079777632e+02,2.537725353144663245e+02,2.696053741989668993e+02,2.735871807482516829e+02,2.724836753406208913e+02,2.700051751841124315e+02,1.583311638079078984e+05,3.419248190289977174e+00,1.027507565939527545e+01
3.180000000000000000e+03,8.760000000000000000e+03,2.758759501044452804e+02,2.623881645172083381e+02,2.559583450631422465e+02,2.500017204835928908e+02,2.602168557670810856e+02,2.523155043319242736e+02,2.559779979111453088e+02,2.535825866615484472e+02,2.536447446815556361e+02,2.695021165251712318e+02,2.735339981310810344e+02,2.723837959348240929e+02,2.698945036019984514e+02,1.582628240057837975e+05,3.419248190289977174e+00,1.025322971154688645e+01
3.190000000000000000e+03,8.770000000000000000e+03,2.758417049497500102e+02,2.622532698126696005e+02,2.558182566127137534e+02,2.498613859471452088e+02,2.600901048286121409e+02,2.521999240829169935e+02,2.558057108491288432e+02,2.534558384189453761e+02,2.535173967889671474e+02,2.693989080515741534e+02,2.734807021781394951e+02,2.722839314001263347e+02,2.697838408435881092e+02,1.581947013075598516e+05,3.419248190289977174e+00,1.023151931632778400e+01
3.200000000000000000e+03,8.780000000000000000e+03,2.758071933520312768e+02,2.621188625828138470e+02,2.556788042895802278e+02,2.497217089745608973e+02,2.599639077666707863e+02,2.520846682464887181e+02,2.556346885711015773e+02,2.533295385358366048e+02,2.533904900903652049e+02,2.692957517791789996e+02,2.734272940810142813e+02,2.721840844644443678e+02,2.696731907578296727e+02,1.581267943714961875e+05,3.419248190289977174e+00,1.020994309652977350e+01
3.210000000000000000e+03,8.790000000000000000e+03,2.757724175972734315e+02,2.619849405564810922e+02,2.555399833117077719e+02,2.495826841889585239e+02,2.598382603733521137e+02,2.519697366322870664e+02,2.554649138578081988e+02,2.532036853596343065e+02,2.532640230299200539e+02,2.691926506354622006e+02,2.733737749496292508e+02,2.720842577990306381e+02,2.695625571189262359e+02,1.580591018694236409e+05,3.419248190289977174e+00,1.018849969625043528e+01
3.220000000000000000e+03,8.800000000000000000e+03,2.757373799552656806e+02,2.618515014762041346e+02,2.554017888833236043e+02,2.494443062302934209e+02,2.597131584881058188e+02,2.518551290212900540e+02,2.552963697704882691e+02,2.530782772259266551e+02,2.531379940419927550e+02,2.690896074866747085e+02,2.733201461158175221e+02,2.719844540266753370e+02,2.694519436272919393e+02,1.579916224864573451e+05,3.419248190289977174e+00,1.016718777802421769e+01
3.230000000000000000e+03,8.810000000000000000e+03,2.757020826794062032e+02,2.617185430615413679e+02,2.552642163304932126e+02,2.493065698471476423e+02,2.595885979969087884e+02,2.517408451674681942e+02,2.551290397211943173e+02,2.529533124630766281e+02,2.530124015525159109e+02,2.689866251333876335e+02,2.732664086451045478e+02,2.718846756997377270e+02,2.693413539107892802e+02,1.579243549209635821e+05,3.419248190289977174e+00,1.014600602579822919e+01
3.240000000000000000e+03,8.820000000000000000e+03,2.756665280074062139e+02,2.615860630499641957e+02,2.551272609886612202e+02,2.491694698278498095e+02,2.594645748302366428e+02,2.516268847972111757e+02,2.549629074086471689e+02,2.528287893919089413e+02,2.528872439791057900e+02,2.688837063112713395e+02,2.732125636915488371e+02,2.717849253346959131e+02,2.692307915339274587e+02,1.578572978842558223e+05,3.419248190289977174e+00,1.012495314236390520e+01
3.250000000000000000e+03,8.830000000000000000e+03,2.756307181609219015e+02,2.614540591352219963e+02,2.549909182503017178e+02,2.490330010222832584e+02,2.593410849656751225e+02,2.515132476132743875e+02,2.547979568305931934e+02,2.527047063254303794e+02,2.527625197317593120e+02,2.687808536977757399e+02,2.731586123988051895e+02,2.716852054045266414e+02,2.691202599779834941e+02,1.577904501004301128e+05,3.419248190289977174e+00,1.010402784956260192e+01
3.260000000000000000e+03,8.840000000000000000e+03,2.755946553456562356e+02,2.613225290285576534e+02,2.548551835554091269e+02,2.488971583413839426e+02,2.592181244239401394e+02,2.513999332925013732e+02,2.546341722771932155e+02,2.525810615699492985e+02,2.526382272135738845e+02,2.686780699034181339e+02,2.731045559016085917e+02,2.715855183061572689e+02,2.690097626646247022e+02,1.577238103061822476e+05,3.419248190289977174e+00,1.008322888789948735e+01
3.270000000000000000e+03,8.850000000000000000e+03,2.755583417517656812e+02,2.611914704320420242e+02,2.547200523873064242e+02,2.487619367517720548e+02,2.590956892694813405e+02,2.512869414876785186e+02,2.544715383207119146e+02,2.524578534252852933e+02,2.525143648208851914e+02,2.685753574813071509e+02,2.730503953255235388e+02,2.714858664065554876e+02,2.688993029419476102e+02,1.576573772506093665e+05,3.419248190289977174e+00,1.006255501603774505e+01
3.280000000000000000e+03,8.860000000000000000e+03,2.755217795537421921e+02,2.610608810315963524e+02,2.545855202752575224e+02,2.486273312769018276e+02,2.589737756098267027e+02,2.511742718286026275e+02,2.543100398110619267e+02,2.523350801851938172e+02,2.523909309430708845e+02,2.684727189258819067e+02,2.729961317871204756e+02,2.713862520136408989e+02,2.687888841134223412e+02,1.575911496950426954e+05,3.419248190289977174e+00,1.004200501046160099e+01
3.290000000000000000e+03,8.870000000000000000e+03,2.754849709105781699e+02,2.609307585359625818e+02,2.544515827938528219e+02,2.484933369962184315e+02,2.588523795951184070e+02,2.510619239225516708e+02,2.541496618695955476e+02,2.522127401381563629e+02,2.522679239649462204e+02,2.683701566730408103e+02,2.729417663945245067e+02,2.712866773937479365e+02,2.686785093906827342e+02,1.575251264128821495e+05,3.419248190289977174e+00,1.002157766519223614e+01
3.300000000000000000e+03,8.880000000000000000e+03,2.754479179659999772e+02,2.608011006401192162e+02,2.543182355604991471e+02,2.483599490444900653e+02,2.587314974162827639e+02,2.509498973541276996e+02,2.539903898829068680e+02,2.520908315672556625e+02,2.521453422656035457e+02,2.682676731086862674e+02,2.728873002471454470e+02,2.711871447662522314e+02,2.685681819331642828e+02,1.574593061894164421e+05,3.419248190289977174e+00,1.000127179132118727e+01
3.310000000000000000e+03,8.890000000000000000e+03,2.754106228484843655e+02,2.606719050399329376e+02,2.541854742391123523e+02,2.482271626111008800e+02,2.586111253066707718e+02,2.508381916882156304e+02,2.538322094973803473e+02,2.519693527514919538e+02,2.520231842193809655e+02,2.681652705534012284e+02,2.728327344361341034e+02,2.710876563048538515e+02,2.684579048359543094e+02,1.573936878216568439e+05,3.419248190289977174e+00,9.981086216834313518e+00
3.320000000000000000e+03,8.900000000000000000e+03,2.753730876714609508e+02,2.605431694199407389e+02,2.540532945351413900e+02,2.480949729390510754e+02,2.584912595395297785e+02,2.507268064684814988e+02,2.536751066131951120e+02,2.518483019655164412e+02,2.519014481955310885e+02,2.680629512793585718e+02,2.727780700443879596e+02,2.709882141382556142e+02,2.683476811432212799e+02,1.573282701181531302e+05,3.419248190289977174e+00,9.961019786143896937e+00
3.330000000000000000e+03,8.910000000000000000e+03,2.753353145329531344e+02,2.604148914849339462e+02,2.539216921986518969e+02,2.479633753255305919e+02,2.583718964281333683e+02,2.506157412198188013e+02,2.535190673791996687e+02,2.517276774803302715e+02,2.517801325604038993e+02,2.679607175051776267e+02,2.727233081467253442e+02,2.708888203522914182e+02,2.682375138151682563e+02,1.572630518988615368e+05,3.419248190289977174e+00,9.941071359898570492e+00
3.340000000000000000e+03,8.920000000000000000e+03,2.752973055167343546e+02,2.602870689303639438e+02,2.537906630165327897e+02,2.478323651163063914e+02,2.582530323249741855e+02,2.505049954448477081e+02,2.533640781869877401e+02,2.516074775635926812e+02,2.516592356755412538e+02,2.678585713971682480e+02,2.726684498102005136e+02,2.707894769896066123e+02,2.681274057848049779e+02,1.571980319949979312e+05,3.419248190289977174e+00,9.921239814420591330e+00
3.350000000000000000e+03,8.930000000000000000e+03,2.752590626912030984e+02,2.601596994541533263e+02,2.536602028241445055e+02,2.477019377130207829e+02,2.581346636213374950e+02,2.503945686312145540e+02,2.532101256662089668e+02,2.514877004800854365e+02,2.515387558997208828e+02,2.677565150705004271e+02,2.726134960937328628e+02,2.706901860509499329e+02,2.680173598996963165e+02,1.571332092488161288e+05,3.419248190289977174e+00,9.901524041715514812e+00
3.360000000000000000e+03,8.940000000000000000e+03,2.752205881102187277e+02,2.600327807605996213e+02,2.535303074939541261e+02,2.475720885657276256e+02,2.580167867468196050e+02,2.502844602467024231e+02,2.530571966791163163e+02,2.513683444918924010e+02,2.514186915890458067e+02,2.676545505905721711e+02,2.725584480498428093e+02,2.705909494956816843e+02,2.679073789609927871e+02,1.570685825135059422e+05,3.419248190289977174e+00,9.881922948989235067e+00
3.370000000000000000e+03,8.950000000000000000e+03,2.751818838131952702e+02,2.599063105490960197e+02,2.534009729412757963e+02,2.474428131761386567e+02,2.578993981684750452e+02,2.501746697429029496e+02,2.529052783157784177e+02,2.512494078590464142e+02,2.512990410966180264e+02,2.675526799733769394e+02,2.725033067207529029e+02,2.704917692447692161e+02,2.677974657133737537e+02,1.570041506530532788e+05,3.419248190289977174e+00,9.862435458417191825e+00
3.380000000000000000e+03,8.960000000000000000e+03,2.751429518250859019e+02,2.597802865291826038e+02,2.532721951204041204e+02,2.473141070944710691e+02,2.577824943907842226e+02,2.500651965540515675e+02,2.527543578891251741e+02,2.511308888398001500e+02,2.511798027736415122e+02,2.674509051875440946e+02,2.724480731435151029e+02,2.703926471764767712e+02,2.676876228460478160e+02,1.569399125421000062e+05,3.419248190289977174e+00,9.843060506842800095e+00
3.390000000000000000e+03,8.970000000000000000e+03,2.751037941561172033e+02,2.596547064207526319e+02,2.531439700255540686e+02,2.471859659199647865e+02,2.576660719545108122e+02,2.499560400979756878e+02,2.526044229303827819e+02,2.510127856908528088e+02,2.510609749692386856e+02,2.673492281538079283e+02,2.723927483471596247e+02,2.702935851248815879e+02,2.675778529945101241e+02,1.568758670656928443e+05,3.419248190289977174e+00,9.823797045482832502e+00
3.400000000000000000e+03,8.980000000000000000e+03,2.750644128026171984e+02,2.595295679219170211e+02,2.530162936900006230e+02,2.470583852998761358e+02,2.575501274367444466e+02,2.498471997770504913e+02,2.524554611843086320e+02,2.508950966675118934e+02,2.509425560308266654e+02,2.672476507471156992e+02,2.723373333531076241e+02,2.701945849094798859e+02,2.674681587398281408e+02,1.568120131193036214e+05,3.419248190289977174e+00,9.804644039693773294e+00
3.410000000000000000e+03,8.990000000000000000e+03,2.750248097467500088e+02,2.594048687657841583e+02,2.528891621859714007e+02,2.469313609289800979e+02,2.574346574498982818e+02,2.497386749784872109e+02,2.523074606048140254e+02,2.507778200245402331e+02,2.508245443046407956e+02,2.671461747967902056e+02,2.722818291759564318e+02,2.700956482870370792e+02,2.673585426113673975e+02,1.567483496085872175e+05,3.419248190289977174e+00,9.785600468686467934e+00
3.420000000000000000e+03,9.000000000000000000e+03,2.749849869564218352e+02,2.592806066757243002e+02,2.527625716238169957e+02,2.468048885490524640e+02,2.573196586416321452e+02,2.496304650747533174e+02,2.521604093503542003e+02,2.506609540159216465e+02,2.507069381359182785e+02,2.670448020880710374e+02,2.722262368231866958e+02,2.699967769868501364e+02,2.672490070903015180e+02,1.566848754492614826e+05,3.419248190289977174e+00,9.766665325278973242e+00
3.430000000000000000e+03,9.010000000000000000e+03,2.749449463857421847e+02,2.591567793958206494e+02,2.526365181517892324e+02,2.466789639478046183e+02,2.572051276939799891e+02,2.495225694242797942e+02,2.520142957802178785e+02,2.505444968958651941e+02,2.505897358693779893e+02,2.669435343564492769e+02,2.721705572954558647e+02,2.698979727029266655e+02,2.671395546000604782e+02,1.566215895669972233e+05,3.419248190289977174e+00,9.747837615664966648e+00
3.440000000000000000e+03,9.020000000000000000e+03,2.749046899746015811e+02,2.590333846489596681e+02,2.525109979555352311e+02,2.465535829586550278e+02,2.570910613231769730e+02,2.494149873718221784e+02,2.518691084496607573e+02,2.504284469176324137e+02,2.504729358491380253e+02,2.668423733139820797e+02,2.721147915855862038e+02,2.697992370935930921e+02,2.670301875196420269e+02,1.565584908972384874e+05,3.419248190289977174e+00,9.729116359130104641e+00
3.450000000000000000e+03,9.030000000000000000e+03,2.748642196496484189e+02,2.589104201887151930e+02,2.523860072574812534e+02,2.464287414599940007e+02,2.569774562791603216e+02,2.493077182488700601e+02,2.517248361064698940e+02,2.503128023355890832e+02,2.503565364191923948e+02,2.667413206112481134e+02,2.720589406802779422e+02,2.697005717827369153e+02,2.669209081782938142e+02,1.564955783851571032e+05,3.419248190289977174e+00,9.710500587857408661e+00
3.460000000000000000e+03,9.040000000000000000e+03,2.748235373237343993e+02,2.587878837675608565e+02,2.522615423166398614e+02,2.463044353744702164e+02,2.568643093448313834e+02,2.492007613742058822e+02,2.515814676866444302e+02,2.501975614044708891e+02,2.502405359236500146e+02,2.666403778642836073e+02,2.720030055595206591e+02,2.696019783604147619e+02,2.668117188571306997e+02,1.564328509854500298e+05,3.419248190289977174e+00,9.691989346664096061e+00
3.470000000000000000e+03,9.050000000000000000e+03,2.747826448958749666e+02,2.586657731449225821e+02,2.521375994281016233e+02,2.461806606686320720e+02,2.567516173359297227e+02,2.490941160545694970e+02,2.514389923106543847e+02,2.500827223799150545e+02,2.501249327068551906e+02,2.665395466491380603e+02,2.719469871962070897e+02,2.695034583836623483e+02,2.667026217901858445e+02,1.563703076622395602e+05,3.419248190289977174e+00,9.673581692805800714e+00
3.480000000000000000e+03,9.060000000000000000e+03,2.747415442519765634e+02,2.585440860998564858e+02,2.520141749192322891e+02,2.460574133498315632e+02,2.566393771001598907e+02,2.489877815823684557e+02,2.512973992796489426e+02,2.499682835184657677e+02,2.500097251139098375e+02,2.664388285021728962e+02,2.718908865572206537e+02,2.694050133809831209e+02,2.665936191656901997e+02,1.563079473889634537e+05,3.419248190289977174e+00,9.655276695619072314e+00
3.490000000000000000e+03,9.070000000000000000e+03,2.747002372642265300e+02,2.584228203880755359e+02,2.518912651615555660e+02,2.459346894739273637e+02,2.565275855174436401e+02,2.488817572441654136e+02,2.511566780717806751e+02,2.498542430781282064e+02,2.498949114905876172e+02,2.663382249225882106e+02,2.718347046018993751e+02,2.693066448372576360e+02,2.664847131251838164e+02,1.562457691482250229e+05,3.419248190289977174e+00,9.637073436664305603e+00
3.500000000000000000e+03,9.080000000000000000e+03,2.746587257919609328e+02,2.583019738012598054e+02,2.517688665529335026e+02,2.458124851337702239e+02,2.564162394988193796e+02,2.487760423109123167e+02,2.510168183387935983e+02,2.497405993183123201e+02,2.497804901838397029e+02,2.662377373697291887e+02,2.717784422838425371e+02,2.692083542174862600e+02,2.663759057664861984e+02,1.561837719317380106e+05,3.419248190289977174e+00,9.618971009112858184e+00
3.510000000000000000e+03,9.090000000000000000e+03,2.746170116808281136e+02,2.581815441320179048e+02,2.516469755281921152e+02,2.456907964648118821e+02,2.563053359862266234e+02,2.486706360440055903e+02,2.508778099022600259e+02,2.496273505003356661e+02,2.496664595417641408e+02,2.661373672662551826e+02,2.717221005498718114e+02,2.691101429521298769e+02,2.662671991432613936e+02,1.561219547400932643e+05,3.419248190289977174e+00,9.600968517709421945e+00
3.520000000000000000e+03,9.100000000000000000e+03,2.745750967640155977e+02,2.580615291814033299e+02,2.515255885562588105e+02,2.455696196437288847e+02,2.561948719522769125e+02,2.485655376947607351e+02,2.507396427503566088e+02,2.495144948874386159e+02,2.495528179140504221e+02,2.660371159986411840e+02,2.716656803407480538e+02,2.690120124414694942e+02,2.661585952657113694e+02,1.560603165828177007e+05,3.419248190289977174e+00,9.583065078593339337e+00
3.530000000000000000e+03,9.110000000000000000e+03,2.745329828612890424e+02,2.579419267669970850e+02,2.514047021312077845e+02,2.454489508816270700e+02,2.560848443994443073e+02,2.484607465043251011e+02,2.506023070294300510e+02,2.494020307433208927e+02,2.494395636524446616e+02,2.659369849563615276e+02,2.716091825908827104e+02,2.689139640561348870e+02,2.660500960925614322e+02,1.559988564780756133e+05,3.419248190289977174e+00,9.565259818790710966e+00
3.540000000000000000e+03,9.120000000000000000e+03,2.744906717797188094e+02,2.578227346928034081e+02,2.512843128057647561e+02,2.453287864461299819e+02,2.559752503602574052e+02,2.483562617048896755e+02,2.504657930601473197e+02,2.492899563387890112e+02,2.493266951090758710e+02,2.658369753696832163e+02,2.715526082281954814e+02,2.688159991413616581e+02,2.659417035747428031e+02,1.559375734527424793e+05,3.419248190289977174e+00,9.547551877005588494e+00
3.550000000000000000e+03,9.130000000000000000e+03,2.744481653132891097e+02,2.577039507961780487e+02,2.511644171386381572e+02,2.452091226281967238e+02,2.558660868964709039e+02,2.482520825191609504e+02,2.503300913063051780e+02,2.491782699436119515e+02,2.492142106396431132e+02,2.657370885678439549e+02,2.714959581744923298e+02,2.687181190059710048e+02,2.658334195811725067e+02,1.558764665421084501e+05,3.419248190289977174e+00,9.529940402190739235e+00
3.560000000000000000e+03,9.140000000000000000e+03,2.744054652437578170e+02,2.575855729122454818e+02,2.510450117307624680e+02,2.450899557622685734e+02,2.557573510986544534e+02,2.481482081610911905e+02,2.501951923892282821e+02,2.490669698305948145e+02,2.491021086017149173e+02,2.656373257995875861e+02,2.714392333454372874e+02,2.686203249364576777e+02,2.657252459575847752e+02,1.558155347899148182e+05,3.419248190289977174e+00,9.512424553961158935e+00
3.570000000000000000e+03,9.150000000000000000e+03,2.743625733397109343e+02,2.574675988868932563e+02,2.509260932149714733e+02,2.449712822212878223e+02,2.556490400860272416e+02,2.480446378363097892e+02,2.500610870813243878e+02,2.489560542757069754e+02,2.489903873551611184e+02,2.655376882810054440e+02,2.713824346506002030e+02,2.685226181909832803e+02,2.656171845096572497e+02,1.557547772481899301e+05,3.419248190289977174e+00,9.495003502402848738e+00
3.580000000000000000e+03,9.160000000000000000e+03,2.743194913580000502e+02,2.573500265827643148e+02,2.508076582556879259e+02,2.448530984160609876e+02,2.555411510057632540e+02,2.479413707420950459e+02,2.499277663024857645e+02,2.488455215583301197e+02,2.488790452626981846e+02,2.654381771927469913e+02,2.713255629937285676e+02,2.684250000005128527e+02,2.655092370010237346e+02,1.556941929771886789e+05,3.419248190289977174e+00,9.477676427857378627e+00
3.590000000000000000e+03,9.170000000000000000e+03,2.742762210419921871e+02,2.572328538524922124e+02,2.506897035483900140e+02,2.447354007946480579e+02,2.554336810331383845e+02,2.478384060681159440e+02,2.497952211175667117e+02,2.487353699610524984e+02,2.487680806888463394e+02,2.653387936855648377e+02,2.712686192721599809e+02,2.683274715691879919e+02,2.654014051733161068e+02,1.556337810451945406e+05,3.419248190289977174e+00,9.460442520735188765e+00
3.600000000000000000e+03,9.180000000000000000e+03,2.742327641237421858e+02,2.571160785851064361e+02,2.505722258197089900e+02,2.446181858418231627e+02,2.553266273706109075e+02,2.477357429964134212e+02,2.496634427333480630e+02,2.486255977698501738e+02,2.486574920022722779e+02,2.652395388802775642e+02,2.712116043778270296e+02,2.682300340757868753e+02,2.652936907066189747e+02,1.555735405285780434e+05,3.419248190289977174e+00,9.443300981374916248e+00
3.610000000000000000e+03,9.190000000000000000e+03,2.741891223222344252e+02,2.569996986626858870e+02,2.504552218265915542e+02,2.445014500787295901e+02,2.552199872478634575e+02,2.476333807019108235e+02,2.495324224957474826e+02,2.485162032743458553e+02,2.485472775739587519e+02,2.651404138695522761e+02,2.711545191962673016e+02,2.681326886734221944e+02,2.651860952564913418e+02,1.555134705115195247e+05,3.419248190289977174e+00,9.426251019855348190e+00
3.620000000000000000e+03,9.200000000000000000e+03,2.741452973449843853e+02,2.568837119938626756e+02,2.503386883563510992e+02,2.443851900622347557e+02,2.551137579213207687e+02,2.475313183525945533e+02,2.494021518873349521e+02,2.484071847682287739e+02,2.484374357783632945e+02,2.650414197037717372e+02,2.710973646079589798e+02,2.680354364894060382e+02,2.650786204412599432e+02,1.554535700860713550e+05,3.419248190289977174e+00,9.409291855848559649e+00
3.630000000000000000e+03,9.210000000000000000e+03,2.741012908867500073e+02,2.567681164776943206e+02,2.502226222261053579e+02,2.442694023846700304e+02,2.550079366737279258e+02,2.474295551098745136e+02,2.492726225244740590e+02,2.482985405489880293e+02,2.483279649932140671e+02,2.649425574168325852e+02,2.710401414868599659e+02,2.679382786314529881e+02,2.649712678431348536e+02,1.553938383519572672e+05,3.419248190289977174e+00,9.392422718456769459e+00
3.640000000000000000e+03,9.220000000000000000e+03,2.740571046308281211e+02,2.566529100387097060e+02,2.501070202825295326e+02,2.441540836732697812e+02,2.549025208138388621e+02,2.473280901288443943e+02,2.491438261548601645e+02,2.481902689179418360e+02,2.482188635996944868e+02,2.648438280100704105e+02,2.709828507016329127e+02,2.678412161745544608e+02,2.648640390094307122e+02,1.553342744165372569e+05,3.419248190289977174e+00,9.375642846048055645e+00
3.650000000000000000e+03,9.230000000000000000e+03,2.740127402482265779e+02,2.565380906064195869e+02,2.499918794013987906e+02,2.440392305895641414e+02,2.547975076763126481e+02,2.472269225585029062e+02,2.490157546550281893e+02,2.480823681807539174e+02,2.481101299826468107e+02,2.647452324569332518e+02,2.709254931149438335e+02,2.677442501741624028e+02,2.647569354530760961e+02,1.552748773946618312e+05,3.419248190289977174e+00,9.358951486125263841e+00
3.660000000000000000e+03,9.240000000000000000e+03,2.739681993983905954e+02,2.564236562135413351e+02,2.498771964866452890e+02,2.439248398290961291e+02,2.546928946203823614e+02,2.471260515420786419e+02,2.488884000273539527e+02,2.479748366478249011e+02,2.480017625327062092e+02,2.646467717083730236e+02,2.708680695865140251e+02,2.676473815795510518e+02,2.646499586571237046e+02,1.552156464086660417e+05,3.419248190289977174e+00,9.342347895187444351e+00
3.670000000000000000e+03,9.250000000000000000e+03,2.739234837288671542e+02,2.563096046027447983e+02,2.497629684730638360e+02,2.438109081211791818e+02,2.545886790320732302e+02,2.470254762173128711e+02,2.487617543994134053e+02,2.478676726331694624e+02,2.478937596389846476e+02,2.645484466745060672e+02,2.708105809633253784e+02,2.675506115828877114e+02,2.645431100589178186e+02,1.551565805881973938e+05,3.419248190289977174e+00,9.325831338521950897e+00
3.680000000000000000e+03,9.260000000000000000e+03,2.738785948757343931e+02,2.561959338567363602e+02,2.496491923209856054e+02,2.436974322280299816e+02,2.544848583207260333e+02,2.469251957165285489e+02,2.486358100191736753e+02,2.477608744556008560e+02,2.477861196983993182e+02,2.644502582499787309e+02,2.707530280928701814e+02,2.674539410736134641e+02,2.644363910751078492e+02,1.550976790701762657e+05,3.419248190289977174e+00,9.309401090107893850e+00
3.690000000000000000e+03,9.270000000000000000e+03,2.738335344633671866e+02,2.560826419442275323e+02,2.495358650201725936e+02,2.435844089449661283e+02,2.543814299204129270e+02,2.468252091674391693e+02,2.485105592543830539e+02,2.476544404386632436e+02,2.476788411118178885e+02,2.643522073017687717e+02,2.706954118158719780e+02,2.673573710174775897e+02,2.643298030867373427e+02,1.550389409987067920e+05,3.419248190289977174e+00,9.293056432521627386e+00
3.700000000000000000e+03,9.280000000000000000e+03,2.737883041043281764e+02,2.559697268518137889e+02,2.494229835866865699e+02,2.434718350988522388e+02,2.542783912894223022e+02,2.467255156922898038e+02,2.483859945895821397e+02,2.475483689108883141e+02,2.475719222841028682e+02,2.642542946703576376e+02,2.706377329673201189e+02,2.672609023594503697e+02,2.642233474428840054e+02,1.549803655249372241e+05,3.419248190289977174e+00,9.276796656722913426e+00
3.710000000000000000e+03,9.290000000000000000e+03,2.737429054001796658e+02,2.558571865754072405e+02,2.493105450629174413e+02,2.433597075488856945e+02,2.541757399085651628e+02,2.466261144090270534e+02,2.482621086232178413e+02,2.474426582055841664e+02,2.474653616240715337e+02,2.641565211714819270e+02,2.705799923768674944e+02,2.671645360228450272e+02,2.641170254685865757e+02,1.549219518070730555e+05,3.419248190289977174e+00,9.260621061919621866e+00
3.720000000000000000e+03,9.300000000000000000e+03,2.736973399413281527e+02,2.557450191206702641e+02,2.491985465229771535e+02,2.432480231856557680e+02,2.540734732852923798e+02,2.465270044315089990e+02,2.481388940691885239e+02,2.473373066612990101e+02,2.473591575455023985e+02,2.640588875961135500e+02,2.705221908685690551e+02,2.670682729095030936e+02,2.640108384398778867e+02,1.548636990102492855e+05,3.419248190289977174e+00,9.244528955608968701e+00
3.730000000000000000e+03,9.310000000000000000e+03,2.736516093065077939e+02,2.556332225061732402e+02,2.490869850629901521e+02,2.431367789309335876e+02,2.539715889478424629e+02,2.464281848691900052e+02,2.480163437497186578e+02,2.472323126213372575e+02,2.472533084661544365e+02,2.639613947110153731e+02,2.704643292611573315e+02,2.669721139009256490e+02,2.639047876197886353e+02,1.548056063064019545e+05,3.419248190289977174e+00,9.228519653218919316e+00
3.740000000000000000e+03,9.320000000000000000e+03,2.736057150633359356e+02,2.555217947591406755e+02,2.489758578069670421e+02,2.430259717370753947e+02,2.538700844479223804e+02,2.463296548278758564e+02,2.478944505961970890e+02,2.471276744343678899e+02,2.471478128085602748e+02,2.638640432614351425e+02,2.704064083680185604e+02,2.668760598588206108e+02,2.637988742370532691e+02,1.547476728742799605e+05,3.419248190289977174e+00,9.212592478107156424e+00
3.750000000000000000e+03,9.330000000000000000e+03,2.735596587683828034e+02,2.554107339260843332e+02,2.488651619049070405e+02,2.429155985867129743e+02,2.537689573599351434e+02,2.462314134093731184e+02,2.477732076464304782e+02,2.470233904545518158e+02,2.470426689998026006e+02,2.637668339628428384e+02,2.703484289973920340e+02,2.667801116249988809e+02,2.636930994910567279e+02,1.546898978992726770e+05,3.419248190289977174e+00,9.196746761398671310e+00
3.760000000000000000e+03,9.340000000000000000e+03,2.735134419674687933e+02,2.553000380520960562e+02,2.487548945323837870e+02,2.428056564923554674e+02,2.536682052806184231e+02,2.461334597122299215e+02,2.476526080430164996e+02,2.469194590408444014e+02,2.469378754718031814e+02,2.636697675197888202e+02,2.702903919518229259e+02,2.666842700219746121e+02,2.635874645528546125e+02,1.546322805734350695e+05,3.419248190289977174e+00,9.180981841893009587e+00
3.770000000000000000e+03,9.350000000000000000e+03,2.734670661949843975e+02,2.551897052047523005e+02,2.486450528906780164e+02,2.426961424960349518e+02,2.535678258290182612e+02,2.460357928315918912e+02,2.475326450310697339e+02,2.468158785582215273e+02,2.468334306614327147e+02,2.635728446043295321e+02,2.702322980291136219e+02,2.665885358532776763e+02,2.634819705653529809e+02,1.545748200953230844e+05,3.419248190289977174e+00,9.165297065936940157e+00
3.780000000000000000e+03,9.360000000000000000e+03,2.734205329748047006e+02,2.550797334589000798e+02,2.485356342061218129e+02,2.425870536689836001e+02,2.534678166458390081e+02,2.459384118594770143e+02,2.474133119563592800e+02,2.467126473769326367e+02,2.467293330102105813e+02,2.634760658704062735e+02,2.701741480216180662e+02,2.664929099039947005e+02,2.633766186441276886e+02,1.545175156699527870e+05,3.419248190289977174e+00,9.149691787291686751e+00
3.790000000000000000e+03,9.370000000000000000e+03,2.733738438199609391e+02,2.549701209029990139e+02,2.484266357298951391e+02,2.424783871111921485e+02,2.533681753933168750e+02,2.458413158850606521e+02,2.472946022638408294e+02,2.466097638728483048e+02,2.466255809650170931e+02,2.633794319504132773e+02,2.701159427164963063e+02,2.663973929400145835e+02,2.632714098771192539e+02,1.544603665087497211e+05,3.419248190289977174e+00,9.134165367062790253e+00
3.800000000000000000e+03,9.380000000000000000e+03,2.733270002327734574e+02,2.548608656256813276e+02,2.483180547378797201e+02,2.423701399510611054e+02,2.532688997551661032e+02,2.457445039946995564e+02,2.471765094954528195e+02,2.465072264275630118e+02,2.465221729773637946e+02,2.632829434554028012e+02,2.700576828958129454e+02,2.663019857167898863e+02,2.631663453274333051e+02,1.544033718294449500e+05,3.419248190289977174e+00,9.118717173540542120e+00
3.810000000000000000e+03,9.390000000000000000e+03,2.732800037047031765e+02,2.547519657481016111e+02,2.482098885305148031e+02,2.422623093451422847e+02,2.531699874361482046e+02,2.456479752722791829e+02,2.470590272885438594e+02,2.464050334284480641e+02,2.464191075043056003e+02,2.631866009772740540e+02,2.699993693367680976e+02,2.662066889552199882e+02,2.630614260303663059e+02,1.543465308560208068e+05,3.419248190289977174e+00,9.103346582133999831e+00
3.820000000000000000e+03,9.400000000000000000e+03,2.732328557172031083e+02,2.546434193867340809e+02,2.481021344320245134e+02,2.421548924775607077e+02,2.530714361617249608e+02,2.455517287991897319e+02,2.469421493741056679e+02,2.463031832685988149e+02,2.463163830080034700e+02,2.630904050867863475e+02,2.699410028112187092e+02,2.661115033725059220e+02,2.629566529959897707e+02,1.542898428186417441e+05,3.419248190289977174e+00,9.088052975235887843e+00
3.830000000000000000e+03,9.410000000000000000e+03,2.731855577403984512e+02,2.545352246732090293e+02,2.479947897904681327e+02,2.420478865600048550e+02,2.529732436778251099e+02,2.454557636547580728e+02,2.468258695750037646e+02,2.462016743470323377e+02,2.462139979558184848e+02,2.629943563357435323e+02,2.698825840859831260e+02,2.660164296652623079e+02,2.628520272093779226e+02,1.542333069535302639e+05,3.419248190289977174e+00,9.072835742124206959e+00
3.840000000000000000e+03,9.420000000000000000e+03,2.731381112350078411e+02,2.544273797502223999e+02,2.478878519776815210e+02,2.419412888309857124e+02,2.528754077508477565e+02,2.453600789160799138e+02,2.467101818044393440e+02,2.461005050686717937e+02,2.461119508206191711e+02,2.628984552567478090e+02,2.698241139230135559e+02,2.659214685133962917e+02,2.627475496308005063e+02,1.541769225030429952e+05,3.419248190289977174e+00,9.057694278875423777e+00
3.850000000000000000e+03,9.430000000000000000e+03,2.730905176504843439e+02,2.543198827739105070e+02,2.477813183885961053e+02,2.418350965559809538e+02,2.527779261672433790e+02,2.452646736583810139e+02,2.465950800644040442e+02,2.459996738445686333e+02,2.460102400802311422e+02,2.628027023618759017e+02,2.697655930790693901e+02,2.658266205802190143e+02,2.626432211961075609e+02,1.541206887154079159e+05,3.419248190289977174e+00,9.042627988244337445e+00
3.860000000000000000e+03,9.440000000000000000e+03,2.730427784266328217e+02,2.542127319076898289e+02,2.476751864412662485e+02,2.417293070265561710e+02,2.526807967331806708e+02,2.451695469552795998e+02,2.464805584437949335e+02,2.458991790918242373e+02,2.459088642183352533e+02,2.627070981456281515e+02,2.697070223061086836e+02,2.657318865155249341e+02,2.625390428172069619e+02,1.540646048448343936e+05,3.419248190289977174e+00,9.027636279579727585e+00
3.870000000000000000e+03,9.450000000000000000e+03,2.729948949926640580e+02,2.541059253342679085e+02,2.475694535765527462e+02,2.416239175605942933e+02,2.525840172745102450e+02,2.450746978786889372e+02,2.463666111172298372e+02,2.457990192333927553e+02,2.458078217239752519e+02,2.626116430843542275e+02,2.696484023510424777e+02,2.656372669466373964e+02,2.624350153827755321e+02,1.540086701513336448e+05,3.419248190289977174e+00,9.012718568724917390e+00
3.880000000000000000e+03,9.460000000000000000e+03,2.729470597015624662e+02,2.540038205836735301e+02,2.476832468507079170e+02,2.415714245587174105e+02,2.531178215745042905e+02,2.465924111570117816e+02,2.462656301777227270e+02,2.457749926596233649e+02,2.457829118550210126e+02,2.625189632223718945e+02,2.695923103706504662e+02,2.655456151359392152e+02,2.623337641399903077e+02,1.540871955504759680e+05,1.692568239730537272e+01,9.073143618879702998e+00
3.890000000000000000e+03,9.470000000000000000e+03,2.728993297603046813e+02,2.539087210150966598e+02,2.478589103289876334e+02,2.415309553191948737e+02,2.535941706283431927e+02,2.479912800965320230e+02,2.461719230870857587e+02,2.457649499123198211e+02,2.457719854176531271e+02,2.624285945274986034e+02,2.695381585422113631e+02,2.654564352684124060e+02,2.622348258105378136e+02,1.541645476076589548e+05,1.685435885119504107e+01,9.119153827944288082e+00
3.900000000000000000e+03,9.480000000000000000e+03,2.728517292723749961e+02,2.538215762622874649e+02,2.480512654787855809e+02,2.415000360008352800e+02,2.540371002436540095e+02,2.493306579392754827e+02,2.460830056769664225e+02,2.457640300424505995e+02,2.457701813359740015e+02,2.623403299832351081e+02,2.694856582327069532e+02,2.653694808263639970e+02,2.621379946524289721e+02,1.542407470231846964e+05,1.678133186054684245e+01,9.161390897313211212e+00
3.910000000000000000e+03,9.490000000000000000e+03,2.728042730812500167e+02,2.537426340915150149e+02,2.482470686087230263e+02,2.414769015972696593e+02,2.544543692898835445e+02,2.506308515813876454e+02,2.459977552038676265e+02,2.457697577526000146e+02,2.457750240716885912e+02,2.622540686819361895e+02,2.694346604248477774e+02,2.652846281998645281e+02,2.620431712248548592e+02,1.543157882321139041e+05,1.670661068449020092e+01,9.202490360640831923e+00
3.920000000000000000e+03,9.500000000000000000e+03,2.727569730227891114e+02,2.536718043961256512e+02,2.484422513115621598e+02,2.414603100654955767e+02,2.548488008253034423e+02,2.518999233737843895e+02,2.459156217652328280e+02,2.457807267666962332e+02,2.457851071423630174e+02,2.621697529277982426e+02,2.693850756425621285e+02,2.652018070402143621e+02,2.619502993710102032e+02,1.543896590843396261e+05,1.663020479696114862e+01,9.243120141795944988e+00
3.930000000000000000e+03,9.510000000000000000e+03,2.727098397529296676e+02,2.536088386167457713e+02,2.486354950240791197e+02,2.414493637817700176e+02,2.552216340189218329e+02,2.531417009506167801e+02,2.458363083617938400e+02,2.457960413668479589e+02,2.457995347074483732e+02,2.620873456907490890e+02,2.693368427561597969e+02,2.651209725339673469e+02,2.618593436335206661e+02,1.544623458767256816e+05,1.655212388550117453e+01,9.283445217984660047e+00
3.940000000000000000e+03,9.520000000000000000e+03,2.726628833253749917e+02,2.535534158183772888e+02,2.488263413438972975e+02,2.414433925945331225e+02,2.555735668967167555e+02,2.543583443214444060e+02,2.457596346442123263e+02,2.458150727155807544e+02,2.458176778885239742e+02,2.620068208724565011e+02,2.692899156840500723e+02,2.650420934091117147e+02,2.617702795061467214e+02,1.545338347049846197e+05,1.647237785002889510e+01,9.323495598390280747e+00
3.950000000000000000e+03,9.530000000000000000e+03,2.726161133790077997e+02,2.535051849586637331e+02,2.490146110600577458e+02,2.414418801459424628e+02,2.559050998373076027e+02,2.555512518814969098e+02,2.456854754106544760e+02,2.458373449543844345e+02,2.458390608497142864e+02,2.619281582435471591e+02,2.692442569055074841e+02,2.649651456079241143e+02,2.616830883709087630e+02,1.546041118449922651e+05,1.639097680158484494e+01,9.363263381365770854e+00
3.960000000000000000e+03,9.540000000000000000e+03,2.725695391923515558e+02,2.534637856049326388e+02,2.492002179365629786e+02,2.414444166030400538e+02,2.562166551844634341e+02,2.567214201939798954e+02,2.456137314182561227e+02,2.458624776859739995e+02,2.458633032697569263e+02,2.618513404785551302e+02,2.691998338346901392e+02,2.648901092098944900e+02,2.615977545201959629e+02,1.546731638632943213e+05,1.630793106104949786e+01,9.402729819456190796e+00
3.970000000000000000e+03,9.550000000000000000e+03,2.725231696912969142e+02,2.534288593105442828e+02,2.493831069665474445e+02,2.414506675386890890e+02,2.565086209596526032e+02,2.578696067260109430e+02,2.455443150851907319e+02,2.458901546137372520e+02,2.458900889390473026e+02,2.617763513449128254e+02,2.691566166606878596e+02,2.648169660318611136e+02,2.615142633467456790e+02,1.547409776478802087e+05,1.622325115783469229e+01,9.441873295253296661e+00
3.980000000000000000e+03,9.560000000000000000e+03,2.724770134415234679e+02,2.534000554846627438e+02,2.495632335951996481e+02,2.414603529738380416e+02,2.567813672664059368e+02,2.589964132946035988e+02,2.454771434708223410e+02,2.459201051180237130e+02,2.459191473932847600e+02,2.617031745761833008e+02,2.691145769964496139e+02,2.647456983406063955e+02,2.614326002208276805e+02,1.548075404144303175e+05,1.613694782854857834e+01,9.480671775372549348e+00
3.990000000000000000e+03,9.570000000000000000e+03,2.724310786374999793e+02,2.533770345221640810e+02,2.497405566562459001e+02,2.414732329892939333e+02,2.570352528718354961e+02,2.601023337334526673e+02,2.454121349205068441e+02,2.459520927209202341e+02,2.459502422817671743e+02,2.616317932051888988e+02,2.690736870518096566e+02,2.646762880462454177e+02,2.613527498137801786e+02,1.548728397048659390e+05,1.604903201563431026e+01,9.519103581159198413e+00
4.000000000000000000e+03,9.580000000000000000e+03,2.723853730900781329e+02,2.533594694718991320e+02,2.499150362665884870e+02,2.414890976865097514e+02,2.572706275000755340e+02,2.611877835207181988e+02,2.453492076349843103e+02,2.459859073956230304e+02,2.459831637259011643e+02,2.615621891785001480e+02,2.690339191385656363e+02,2.646087161431398727e+02,2.612746957129533030e+02,1.549368633835532237e+05,1.595951486598269575e+01,9.557147616468322227e+00
4.010000000000000000e+03,9.590000000000000000e+03,2.723399042166562367e+02,2.533470466810270239e+02,2.500866332568076587e+02,2.415077600699338802e+02,2.574878327851131417e+02,2.622531194057809216e+02,2.452882792200738891e+02,2.460213601945374080e+02,2.460177229331588080e+02,2.614943431598676966e+02,2.689952453919551658e+02,2.645429624594448796e+02,2.611984202211292541e+02,1.549995996328901965e+05,1.586840772951880929e+01,9.594783421304342141e+00
4.020000000000000000e+03,9.600000000000000000e+03,2.722946790329219198e+02,2.533394659351718872e+02,2.502553091584528886e+02,2.415290509330052373e+02,2.576872025967638820e+02,2.632986530215508765e+02,2.452292667268642674e+02,2.460582793401096069e+02,2.460537482836386118e+02,2.614282344525499866e+02,2.689576376336253247e+02,2.644790055096930814e+02,2.611239042778562407e+02,1.550610369491295714e+05,1.577572215776300801e+01,9.631991168569392414e+00
4.030000000000000000e+03,9.610000000000000000e+03,2.722497041471484067e+02,2.533364402414736674e+02,2.504210263228843303e+02,2.415528151292379562e+02,2.578690631820026624e+02,2.643246606672024086e+02,2.451720869117851294e+02,2.460965072838588128e+02,2.460910823890482106e+02,2.613638410002801606e+02,2.689210673223978461e+02,2.644168224441393704e+02,2.610511274477126449e+02,1.551211641375791514e+05,1.568146990236621718e+01,9.668751644469232076e+00
4.040000000000000000e+03,9.620000000000000000e+03,2.722049857586796975e+02,2.533376954122457505e+02,2.505837480437222666e+02,2.415789088207896782e+02,2.580337332392351755e+02,2.653313905512014799e+02,2.451166565936417214e+02,2.461358984408178969e+02,2.461295798245652406e+02,2.613011394276966826e+02,2.688855055679974271e+02,2.643563890869497754e+02,2.609800679946955597e+02,1.551799703109717811e+05,1.558566291362001444e+01,9.705046226533792009e+00
4.050000000000000000e+03,9.630000000000000000e+03,2.721605296513906183e+02,2.533429695432988353e+02,2.507434386602840846e+02,2.416071974203489106e+02,2.581815240179741409e+02,2.663190682482868397e+02,2.450628929832178642e+02,2.461763174105407188e+02,2.461691053504627575e+02,2.612401051164029013e+02,2.688509231633616423e+02,2.642976799521641169e+02,2.609107029019150445e+02,1.552374448823718121e+05,1.548831333894140805e+01,9.740856862636022129e+00
4.060000000000000000e+03,9.640000000000000000e+03,2.721163411961327938e+02,2.533520124269336122e+02,2.509000636180164179e+02,2.416375540355157625e+02,2.583127394338193881e+02,2.672879009026650010e+02,2.450107140152413194e+02,2.462176375562291639e+02,2.462095324895004751e+02,2.611807122868631268e+02,2.688172906390902313e+02,2.642406683393249409e+02,2.608430079881075017e+02,1.552935775637716288e+05,1.538943352133264497e+01,9.776166053080611817e+00
4.070000000000000000e+03,9.650000000000000000e+03,2.720724253513437247e+02,2.533645849363720686e+02,2.510535895039273839e+02,2.416698582795155232e+02,2.584276762135727949e+02,2.682380805083273572e+02,2.449600386186074275e+02,2.462597398574285990e+02,2.462507423798789148e+02,2.611229340901763862e+02,2.687845783365276020e+02,2.641853264095570921e+02,2.607769579865114338e+02,1.553483583622246806e+05,1.528903599781627598e+01,9.810956835189070802e+00
4.080000000000000000e+03,9.660000000000000000e+03,2.720287866644844144e+02,2.533804584263141351e+02,2.512039840576549921e+02,2.417039953502454352e+02,2.585266240620237568e+02,2.691697865083403940e+02,2.449107869396203512e+02,2.463025119736586248e+02,2.462926228384149852e+02,2.610667426989958813e+02,2.687527564670849642e+02,2.641316252716060831e+02,2.607125266353561983e+02,1.554017775764148682e+05,1.518713349784554367e+01,9.845212770342977038e+00
4.090000000000000000e+03,9.670000000000000000e+03,2.719854292752734182e+02,2.533994141410221630e+02,2.513512161680922645e+02,2.417398553104898724e+02,2.586098658442047054e+02,2.700831878739362537e+02,2.448628805184768851e+02,2.463458474737747679e+02,2.463350675896261919e+02,2.610121093981112494e+02,2.687217951781166221e+02,2.640795350682557228e+02,2.606496867651165417e+02,1.554538257935205474e+05,1.508373894169044149e+01,9.878917933034625065e+00
4.100000000000000000e+03,9.680000000000000000e+03,2.719423569198359587e+02,2.534212426476224209e+02,2.514952558584404301e+02,2.417773325189610318e+02,2.586776777784382375e+02,2.709784447878475930e+02,2.448162424230686440e+02,2.463896451955658335e+02,2.463779756254144218e+02,2.609590046680976911e+02,2.686916646156836350e+02,2.640290250597138311e+02,2.605884103816024435e+02,1.555044938860140974e+05,1.497886543879950416e+01,9.912056901679104470e+00
4.110000000000000000e+03,9.690000000000000000e+03,2.718995729348203554e+02,2.534457433273665288e+02,2.516360742645043160e+02,2.418163251748607649e+02,2.587303296348569006e+02,2.718557100194089458e+02,2.447707973457912658e+02,2.464338087118397880e+02,2.464212506699863070e+02,2.609073982671462772e+02,2.686623349585529468e+02,2.639800637036138937e+02,2.605286687443161782e+02,1.555537730085826479e+05,1.487252628613768657e+01,9.944614750885524046e+00
4.120000000000000000e+03,9.700000000000000000e+03,2.718570802635625228e+02,2.534727238332106367e+02,2.517736436085123728e+02,2.418567349501349497e+02,2.587680849354348993e+02,2.727151300584110913e+02,2.447264716698785207e+02,2.464782458788768622e+02,2.464648007295442369e+02,2.608572593039780259e+02,2.686337765011597867e+02,2.639326187295021668e+02,2.604704324397933988e+02,1.556016545951250591e+05,1.476473496650044304e+01,9.976577044959974216e+00
4.130000000000000000e+03,9.710000000000000000e+03,2.718148814609453439e+02,2.535019996536598796e+02,2.519079371705936978e+02,2.418984666876019674e+02,2.587912011533019268e+02,2.735568460564687143e+02,2.446831935100745170e+02,2.465228684555876271e+02,2.465085377102604127e+02,2.608085563088376944e+02,2.686059596716410169e+02,2.638866572093526770e+02,2.604136714492966007e+02,1.556481303556997445e+05,1.465550514680420413e+01,1.000792983245026235e+01
4.140000000000000000e+03,9.720000000000000000e+03,2.717729787005234243e+02,2.535333936657236507e+02,2.520389292595235133e+02,2.419414281517924792e+02,2.587999299090474778e+02,2.743809946149633561e+02,2.446408927325394984e+02,2.465675917774435675e+02,2.465523770926238285e+02,2.607612572970314204e+02,2.685788550757349640e+02,2.638421456252656867e+02,2.603583552116755300e+02,1.556931922735882108e+05,1.454485067635354945e+01,1.003865964150508816e+01
4.150000000000000000e+03,9.730000000000000000e+03,2.717313737805546907e+02,2.535667357383620129e+02,2.521665951830734400e+02,2.419855298193972430e+02,2.587945171620534097e+02,2.751877084489760819e+02,2.445995009589351525e+02,2.466123344771851862e+02,2.465962376518801591e+02,2.607153298287357757e+02,2.685524335313388065e+02,2.637990499216667786e+02,2.603044526818267741e+02,1.557368326023106638e+05,1.443278558508526643e+01,1.006875347600110970e+01
4.160000000000000000e+03,9.740000000000000000e+03,2.716900681332109002e+02,2.536018623471510978e+02,2.522909112194850252e+02,2.420306847017379255e+02,2.587752033975700101e+02,2.759771169494562741e+02,2.445589515569002970e+02,2.466570182430938587e+02,2.466400412160454039e+02,2.606707410617094638e+02,2.685266660912251382e+02,2.637573355743253387e+02,2.602519323821644548e+02,1.557790438627265976e+05,1.431932408178948890e+01,1.009819881223802795e+01
4.170000000000000000e+03,9.750000000000000000e+03,2.716490628254375110e+02,2.536386162279586642e+02,2.524118545892106908e+02,2.420768081929011828e+02,2.587422238065737474e+02,2.767493466628681631e+02,2.445191796211564963e+02,2.467015676087166867e+02,2.466837124557992240e+02,2.606274578053053119e+02,2.685015240842375874e+02,2.637169676354091621e+02,2.602007624533558783e+02,1.558198188401320076e+05,1.420448055230810702e+01,1.012698359609267484e+01
4.180000000000000000e+03,9.760000000000000000e+03,2.716083585756484808e+02,2.536768460563346537e+02,2.525294034282811140e+02,2.421238179367257999e+02,2.586958084606185366e+02,2.775045217001267019e+02,2.444801219464155508e+02,2.467459097688141298e+02,2.467271787003031704e+02,2.605854465639035311e+02,2.684769791119913407e+02,2.636779107834411775e+02,2.601509107005884402e+02,1.558591505812305259e+05,1.408826955771085032e+01,1.015509624054754667e+01
4.190000000000000000e+03,9.770000000000000000e+03,2.715679557562265245e+02,2.537164061452744193e+02,2.526435367629486564e+02,2.421716337116042439e+02,2.586361824799807323e+02,2.782427640907718569e+02,2.444417169949327331e+02,2.467899744180002983e+02,2.467703697755969188e+02,2.605446735801141358e+02,2.684530030831480190e+02,2.636401293669998722e+02,2.601023446330008824e+02,1.558970323913466418e+05,1.397070583244904007e+01,1.018252562356803281e+01
4.200000000000000000e+03,9.780000000000000000e+03,2.715278578244687537e+02,2.537573289990380943e+02,2.527581059767625504e+02,2.422351569862750864e+02,2.585824170534041286e+02,2.789662295329940775e+02,2.444059466235016771e+02,2.468361989052948786e+02,2.468157231724083829e+02,2.605051560784517619e+02,2.684296145474002060e+02,2.636036387208289398e+02,2.600550826836662850e+02,1.559358609810167691e+05,1.409353710615980049e+01,1.021067895853036944e+01
4.210000000000000000e+03,9.790000000000000000e+03,2.714880698233281464e+02,2.537996807621868811e+02,2.528752685938293894e+02,2.423171802863581377e+02,2.585382896232353005e+02,2.796759044485759773e+02,2.443736286344187079e+02,2.468853232170563672e+02,2.468639790225341528e+02,2.604669170205341970e+02,2.684068357796585360e+02,2.635684603373816799e+02,2.600091489938688483e+02,1.559762801673445501e+05,1.428157472870289801e+01,1.023965691732369443e+01
4.220000000000000000e+03,9.800000000000000000e+03,2.714485971157187691e+02,2.538435229416744789e+02,2.529956306452862691e+02,2.424166551798211913e+02,2.585027321816106110e+02,2.803721888086268450e+02,2.443449977809784741e+02,2.469374101453988146e+02,2.469152002603755989e+02,2.604299727621869920e+02,2.683846816583831583e+02,2.635346089249549095e+02,2.599645610803086129e+02,1.560182695586997725e+05,1.446823511132014417e+01,1.026929679787390981e+01
4.230000000000000000e+03,9.810000000000000000e+03,2.714094450609921978e+02,2.538889173241022377e+02,2.531193476956429720e+02,2.425329283584630957e+02,2.584751732819079848e+02,2.810553904622203163e+02,2.443201998891808557e+02,2.469924992567883919e+02,2.469694265875827455e+02,2.603943362370533805e+02,2.683631630724293586e+02,2.635020952958788030e+02,2.599213330259885879e+02,1.560618090880326636e+05,1.465349458724636378e+01,1.029954247640601217e+01
4.240000000000000000e+03,9.820000000000000000e+03,2.713706189238984052e+02,2.539359248189065852e+02,2.532464396054378994e+02,2.426654996813915091e+02,2.584552309226978650e+02,2.817257626787639424e+02,2.442993291546402475e+02,2.470506126232463657e+02,2.470266802071939480e+02,2.603600184400964963e+02,2.683422886154594380e+02,2.634709278921058058e+02,2.598794769616797566e+02,1.561068787419981090e+05,1.483732966733802883e+01,1.033036508874227088e+01
4.250000000000000000e+03,9.830000000000000000e+03,2.713321238510312696e+02,2.539846039199739778e+02,2.533768831050491599e+02,2.428139406002568990e+02,2.584426092235875103e+02,2.823835234778857739e+02,2.442824472283261059e+02,2.471117601488431887e+02,2.470869711411702099e+02,2.603270291166368224e+02,2.683220654339659177e+02,2.634411135690721721e+02,2.598390037583485537e+02,1.561534584859294118e+05,1.501971704305153210e+01,1.036174346685685244e+01
4.260000000000000000e+03,9.840000000000000000e+03,2.712939648622499931e+02,2.540350097091608177e+02,2.535106403032598905e+02,2.429778630528417125e+02,2.584370592231159094e+02,2.830288663477941782e+02,2.442695937311281682e+02,2.471759431700808989e+02,2.471503008454641019e+02,2.602953771385174946e+02,2.683024996837785352e+02,2.634126580490216156e+02,2.597999234007545510e+02,1.562015282396031544e+05,1.520063358939841613e+01,1.039365903514974754e+01
4.270000000000000000e+03,9.850000000000000000e+03,2.712561468524140764e+02,2.540871933276422681e+02,2.536476678486213814e+02,2.431569056272629155e+02,2.584383617468380407e+02,2.836619667462529151e+02,2.442607925595528684e+02,2.472431567704891506e+02,2.472166645178074873e+02,2.602650707194878805e+02,2.682835968006784242e+02,2.633855661875652459e+02,2.597622452032730394e+02,1.562510678675099043e+05,1.538005636787740826e+01,1.042609438716375259e+01
4.280000000000000000e+03,9.860000000000000000e+03,2.712186745935781573e+02,2.541412017517796471e+02,2.537879200287005688e+02,2.433507263206918481e+02,2.584463186141059623e+02,2.842829863541660416e+02,2.442560559673166267e+02,2.473133912842704945e+02,2.472860526036212434e+02,2.602361175481524924e+02,2.682653616656104987e+02,2.633598421436651051e+02,2.597259779447468873e+02,1.563020571733114193e+05,1.555796262938287633e+01,1.045903285447895925e+01
4.290000000000000000e+03,9.870000000000000000e+03,2.711815527391249816e+02,2.541970777516624480e+02,2.539313498644673359e+02,2.435589981700463795e+02,2.584607474801536000e+02,2.848920760242042434e+02,2.442553873592196396e+02,2.473866333076063597e+02,2.473584518083636965e+02,2.602085248718716457e+02,2.682477987095925300e+02,2.633354894888115041e+02,2.596911299493513070e+02,1.563544758958776656e+05,1.573432981708911349e+01,1.049245836110654118e+01
4.300000000000000000e+03,9.880000000000000000e+03,2.711447858374922362e+02,2.542548598920247400e+02,2.540779095173893438e+02,2.437814063275370984e+02,2.584814784722411787e+02,2.854893779071209110e+02,2.442587832800776653e+02,2.474628664056981791e+02,2.474338458058703054e+02,2.601822995425266072e+02,2.682309120170154983e+02,2.633125112765831091e+02,2.596577091371333950e+02,1.564083037058594055e+05,1.590913556931037220e+01,1.052635536516689641e+01
4.310000000000000000e+03,9.890000000000000000e+03,2.711083782968047444e+02,2.543145829661956725e+02,2.542275504599854798e+02,2.440176459480557583e+02,2.585083518315125275e+02,2.860750270319882134e+02,2.442662348685283860e+02,2.475420716343508332e+02,2.475122157564090344e+02,2.601574480603620714e+02,2.682147051948616081e+02,2.632909100968247458e+02,2.596257230563832081e+02,1.564635202026982442e+05,1.608235772233609140e+01,1.056070882910424480e+01
4.320000000000000000e+03,9.900000000000000000e+03,2.710723344368281005e+02,2.543762776970078221e+02,2.543802235537312129e+02,2.442674206043812433e+02,2.585412161770728972e+02,2.866491525006062489e+02,2.442777289398501921e+02,2.476242279215563258e+02,2.475935406934468404e+02,2.601339765712949657e+02,2.681991816853712294e+02,2.632706880969328722e+02,2.595951788973941348e+02,1.565201049116675276e+05,1.625397431324110542e+01,1.059550419916467234e+01
4.330000000000000000e+03,9.910000000000000000e+03,2.710366584686094029e+02,2.544399712478646052e+02,2.545358790947145167e+02,2.445304410579099397e+02,2.585799271863758122e+02,2.872118784061584620e+02,2.442932488043583135e+02,2.477093123693246639e+02,2.476777978237768991e+02,2.601118908870211044e+02,2.681843445689397072e+02,2.632518470075510777e+02,2.595660835019720025e+02,1.565780372813590802e+05,1.642396358267025391e+01,1.063072738863795585e+01
4.340000000000000000e+03,9.920000000000000000e+03,2.710013544985469025e+02,2.545056873323694617e+02,2.546944668510988095e+02,2.448064242751297002e+02,2.586243465681182556e+02,2.877633245493988170e+02,2.443127748917201529e+02,2.477973004909128747e+02,2.477649627643356212e+02,2.600911964867414099e+02,2.681701966378841462e+02,2.632343881567842345e+02,2.595384433652916982e+02,1.566372966811866499e+05,1.659230397759728959e+01,1.066636476218345031e+01
4.350000000000000000e+03,9.930000000000000000e+03,2.709664265315312832e+02,2.545734464074560606e+02,2.548559360895606858e+02,2.450950926421048734e+02,2.586743412473765602e+02,2.883036070001307962e+02,2.443362852320325089e+02,2.478881664001883394e+02,2.478550097315101652e+02,2.600718985175697640e+02,2.681567404032451236e+02,2.632183124805246734e+02,2.595122646412064569e+02,1.566978623991272179e+05,1.675897415405764690e+01,1.070240312078808920e+01
4.360000000000000000e+03,9.940000000000000000e+03,2.709318784729687764e+02,2.546432658573701531e+02,2.550202356040456948e+02,2.453961733181263867e+02,2.587297827121632281e+02,2.888328385447132973e+02,2.443637558296906036e+02,2.479818829651471788e+02,2.479479116950259368e+02,2.600540017938569690e+02,2.681439781013747279e+02,2.632036205315129109e+02,2.594875531372415480e+02,1.567597136395594862e+05,1.692395297985456537e+01,1.073882968696127804e+01
4.370000000000000000e+03,9.950000000000000000e+03,2.708977141314921937e+02,2.547151601738623299e+02,2.551873137399609561e+02,2.457093977033115380e+02,2.587905464800709296e+02,2.893511290427618405e+02,2.443951609555185769e+02,2.480784219350662170e+02,2.480436405053643227e+02,2.600375107957166847e+02,2.681319116998203071e+02,2.631903124858577030e+02,2.594643143145417525e+02,1.568228295214311511e+05,1.708721953723852494e+01,1.077563209015202794e+01
4.380000000000000000e+03,9.960000000000000000e+03,2.708639372212109038e+02,2.547891411346425912e+02,2.553571184187510994e+02,2.460345009918857215e+02,2.588565116602321723e+02,2.898585857161108379e+02,2.444304733772748364e+02,2.481777540448132982e+02,2.481421669980028355e+02,2.600224296682025056e+02,2.681205428918541429e+02,2.631783881515560779e+02,2.594425532866062554e+02,1.568871890764751006e+05,1.724875312555936802e+01,1.081279835225452679e+01
4.390000000000000000e+03,9.970000000000000000e+03,2.708305513636562409e+02,2.548652179397210489e+02,2.555295971599509812e+02,2.463712217967935771e+02,2.589275605885261484e+02,2.903553133822455266e+02,2.444696645416072442e+02,2.482798491028295871e+02,2.482434610812239839e+02,2.600087622190488901e+02,2.681098731233847161e+02,2.631678469740500645e+02,2.594222748178561915e+02,1.569527712475857988e+05,1.740853326389102307e+01,1.085031687322525329e+01
4.400000000000000000e+03,9.980000000000000000e+03,2.707975600891562067e+02,2.549433973915319029e+02,2.557046971034767466e+02,2.467193018297805054e+02,2.590035785210852168e+02,2.908414146468600165e+02,2.445127047205599524e+02,2.483846760656131778e+02,2.483474918102318725e+02,2.599965119200365962e+02,2.680999035669240129e+02,2.631586880460687894e+02,2.594034833234593407e+02,1.570195548874362721e+05,1.756653969362816881e+01,1.088817641690781102e+01
4.410000000000000000e+03,9.990000000000000000e+03,2.707649668395937397e+02,2.550236838810264146e+02,2.558823650779772265e+02,2.470784856276359847e+02,2.590844533885390888e+02,2.913169900989252028e+02,2.445595631286822709e+02,2.484922031000425591e+02,2.484542274019411821e+02,2.599856819037535161e+02,2.680906351619335055e+02,2.631509101063974754e+02,2.593861828607387565e+02,1.570875187572589493e+05,1.772275238105494921e+01,1.092636609730294239e+01
4.420000000000000000e+03,1.000000000000000000e+04,2.707327749698515618e+02,2.551060800198252139e+02,2.560625474163706485e+02,2.474485203139241776e+02,2.591700755240032663e+02,2.917821382845519338e+02,2.446102080180851601e+02,2.486023976361727250e+02,2.485636354973903224e+02,2.599762749668851143e+02,2.680820685984590455e+02,2.631445115657019187e+02,2.593703771591800091e+02,1.571566415256691980e+05,1.787715151988497553e+01,1.096487536330312196e+01
4.430000000000000000e+03,1.001000000000000000e+04,2.707009877494375019e+02,2.551905860288274539e+02,2.562451902979412921e+02,2.478291553943955705e+02,2.592603375352619537e+02,2.922369560564445123e+02,2.446646067568877925e+02,2.487152264178385508e+02,2.486756828710796583e+02,2.599682935697718449e+02,2.680742043289901062e+02,2.631394904967759771e+02,2.593560695801395468e+02,1.572269017678552191e+05,1.802971753377266495e+01,1.100369398586997782e+01
4.440000000000000000e+03,1.002000000000000000e+04,2.706696083645156250e+02,2.552772003309219144e+02,2.564302395366195810e+02,2.482201425767316891e+02,2.593551341067443445e+02,2.926815385062805035e+02,2.447227258934678957e+02,2.488306555404190590e+02,2.487903357071778601e+02,2.599617398371462968e+02,2.680670425765034111e+02,2.631358446516381946e+02,2.593432631415772676e+02,1.572982779647763236e+05,1.818043107879522324e+01,1.104281204421366347e+01
4.450000000000000000e+03,1.003000000000000000e+04,2.706386399207890463e+02,2.553659195455377642e+02,2.566176406565488151e+02,2.486212356111152531e+02,2.594543618513766887e+02,2.931159790743027429e+02,2.447845312100024842e+02,2.489486504833362801e+02,2.489075595911399716e+02,2.599566155602157096e+02,2.680605833340346749e+02,2.631335714649189867e+02,2.593319605157857950e+02,1.573707485025433125e+05,1.832927304590534945e+01,1.108221991190381672e+01
4.460000000000000000e+03,1.004000000000000000e+04,2.706080854405703349e+02,2.554567385674388333e+02,2.568073389066023537e+02,2.490321901507801670e+02,2.595579191927030251e+02,2.935403696177394295e+02,2.448499877676442225e+02,2.490691761501710459e+02,2.490273195199800682e+02,2.599529221980447460e+02,2.680548263884431890e+02,2.631326680730660428e+02,2.593221640305256415e+02,1.574442916720197245e+05,1.847622456335408714e+01,1.112190824329685412e+01
4.470000000000000000e+03,1.005000000000000000e+04,2.705779478701562653e+02,2.555496506697910490e+02,2.569992792832332498e+02,2.494527636289575412e+02,2.596657062365507613e+02,2.939548004687039793e+02,2.449190599456711084e+02,2.491921968895087502e+02,2.491495799367532697e+02,2.599506608806103145e+02,2.680497713103205797e+02,2.631331313125793940e+02,2.593138756716274429e+02,1.575188856685269566e+05,1.862126699908352734e+01,1.116186795984051727e+01
4.480000000000000000e+03,1.006000000000000000e+04,2.705482300791484249e+02,2.556446475855257177e+02,2.571934065290604394e+02,2.498827151455916749e+02,2.597776246762655887e+02,2.943593604725348882e+02,2.449917114743593629e+02,2.493176765455009445e+02,2.492743047557618752e+02,2.599498324107846656e+02,2.680454174689880915e+02,2.631349577312776091e+02,2.593070970845956253e+02,1.575945085917636461e+05,1.876438196308921036e+01,1.120209023699262829e+01
4.490000000000000000e+03,1.007000000000000000e+04,2.705189348612344133e+02,2.557417195813704325e+02,2.573896651870594496e+02,2.503218053741285303e+02,2.598935776995487004e+02,2.947541370624957722e+02,2.450679054637964498e+02,2.494455783853345565e+02,2.494014573882160448e+02,2.599504372668843075e+02,2.680417640381537012e+02,2.631381436017301212e+02,2.593018295779054938e+02,1.576711384457639069e+05,1.890555130975180376e+01,1.124256649005373276e+01
4.500000000000000000e+03,1.008000000000000000e+04,2.704900649365624759e+02,2.558408555221936922e+02,2.575879995470099857e+02,2.507697964773346655e+02,2.600134698993163056e+02,2.951392162333396527e+02,2.451476044315420211e+02,2.495758652735482883e+02,2.495310007616781718e+02,2.599524756053541523e+02,2.680388100103613169e+02,2.631426849258733682e+02,2.592980741253415999e+02,1.577487531391708180e+05,1.904475714013780419e+01,1.128328836221538545e+01
4.510000000000000000e+03,1.009000000000000000e+04,2.704616229531562794e+02,2.559420429732115849e+02,2.577883537169643091e+02,2.512264519973396091e+02,2.601372072033646532e+02,2.955146826298057476e+02,2.452307703202468190e+02,2.497084995784114199e+02,2.496628973422722879e+02,2.599559472651316128e+02,2.680365541788494852e+02,2.631485774461642677e+02,2.592958313694416574e+02,1.578273304855686147e+05,1.918198180426891852e+01,1.132424771060917834e+01
4.520000000000000000e+03,1.010000000000000000e+04,2.704336114877812633e+02,2.560452682197321224e+02,2.579906715985399615e+02,2.516915368405328479e+02,2.602646968012828665e+02,2.958806195394925567e+02,2.453173645222508412e+02,2.498434432283957563e+02,2.497971091443669422e+02,2.599608517703912867e+02,2.680349951800852182e+02,2.631558166519390056e+02,2.592951016238441753e+02,1.579068482039523660e+05,1.931720790335994664e+01,1.136543659352113167e+01
4.530000000000000000e+03,1.011000000000000000e+04,2.704060330479766208e+02,2.561505163448134681e+02,2.581948969249451125e+02,2.521648171741067017e+02,2.603958470822271352e+02,2.962371089304775751e+02,2.454073478980570258e+02,2.499806577195424779e+02,2.499335977561945299e+02,2.599671883234565257e+02,2.680341314767594554e+02,2.631643977891401960e+02,2.592958848759670900e+02,1.579872839193918335e+05,1.945041829202476080e+01,1.140684725742304373e+01
4.540000000000000000e+03,1.012000000000000000e+04,2.703788900732187130e+02,2.562577712929225413e+02,2.584009732525078675e+02,2.526460603845312960e+02,2.605305675727494190e+02,2.965842314630995133e+02,2.455006807925740304e+02,2.501201041374113743e+02,2.500723243523574979e+02,2.599749558314581463e+02,2.680339613724935361e+02,2.631743158676441112e+02,2.592981807904731681e+02,1.580686151638576412e+05,1.958159608045021116e+01,1.144847212407995229e+01
4.550000000000000000e+03,1.013000000000000000e+04,2.703521849362343801e+02,2.563670159189840660e+02,2.586088439844712070e+02,2.531350350237697739e+02,2.606687688866416011e+02,2.969220665151025855e+02,2.455973230518782771e+02,2.502617431690098329e+02,2.502132497090951233e+02,2.599841528865347300e+02,2.680344830078054201e+02,2.631855656710176845e+02,2.593019887124971774e+02,1.581508193771795486e+05,1.971072463653752038e+01,1.149030377801429736e+01
4.560000000000000000e+03,1.014000000000000000e+04,2.703259199437031270e+02,2.564782320286234381e+02,2.588184523697962049e+02,2.536315107854417192e+02,2.608103626705502052e+02,2.972506921906261823e+02,2.456972340362607099e+02,2.504055351184003371e+02,2.503563342181197129e+02,2.599947777779099169e+02,2.680356943814941815e+02,2.631981417606053810e+02,2.593073076693070789e+02,1.582338739080411033e+05,1.983778758801117448e+01,1.153233495412418463e+01
4.570000000000000000e+03,1.015000000000000000e+04,2.703000973386015744e+02,2.565914004367841699e+02,2.590297415247774211e+02,2.541352584377459038e+02,2.609552615629299908e+02,2.975701853406600321e+02,2.458003726355645995e+02,2.505514399196547686e+02,2.505015379007717229e+02,2.600068284945913319e+02,2.680375933460093165e+02,2.632120384855980433e+02,2.593141363747693049e+02,1.583177560153863160e+05,1.996276882449470591e+01,1.157455852494535975e+01
4.580000000000000000e+03,1.016000000000000000e+04,2.702747193008124782e+02,2.567065009834115017e+02,2.592426544434320022e+02,2.546460498134655381e+02,2.611033791412153278e+02,2.978806215764365106e+02,2.459066972831396072e+02,2.506994171501269193e+02,2.506488204208269792e+02,2.600203027254623294e+02,2.680401776144595942e+02,2.632272499890686959e+02,2.593224732302447819e+02,1.584024428696114919e+05,2.008565249955335830e+01,1.161696748866728512e+01
4.590000000000000000e+03,1.017000000000000000e+04,2.702497879454296594e+02,2.568235126334276970e+02,2.594571339945298405e+02,2.551636577720209971e+02,2.612546298953654400e+02,2.981820752734740836e+02,2.460161659667213883e+02,2.508494260442943755e+02,2.507981410986681112e+02,2.600351978663669570e+02,2.680434447620158949e+02,2.632437702135881068e+02,2.593323163275393881e+02,1.584879115543073858e+05,2.020642303270323836e+01,1.165955495699006406e+01
4.600000000000000000e+03,1.018000000000000000e+04,2.702253053293594007e+02,2.569424134483548414e+02,2.596731229407802175e+02,2.556878561867386281e+02,2.614089291795586405e+02,2.984746195892902279e+02,2.461287362415549751e+02,2.510014255027594743e+02,2.509494589182786797e+02,2.600515110202000528e+02,2.680473922421361976e+02,2.632615929102898349e+02,2.593436634543293167e+02,1.585741390677249292e+05,2.032506511138679173e+01,1.170231414316237029e+01
4.610000000000000000e+03,1.019000000000000000e+04,2.702012734475937350e+02,2.570631806616377162e+02,2.598905639488884844e+02,2.562184199151611210e+02,2.615661931816508172e+02,2.987583264712200730e+02,2.462443652418176043e+02,2.511553741059709353e+02,2.511027325453981405e+02,2.600692390001241847e+02,2.680520173784367444e+02,2.632807116415991686e+02,2.593565120955082079e+02,1.586611023246709665e+05,2.044156369291434672e+01,1.174523835027409646e+01
4.620000000000000000e+03,1.020000000000000000e+04,2.701776942360390876e+02,2.571857907061738615e+02,2.601093995941587877e+02,2.567551247962346679e+02,2.617263388901126291e+02,2.990332666665919987e+02,2.463630096919076209e+02,2.513112301260127310e+02,2.512579203334368572e+02,2.600883783295986404e+02,2.680573173752887897e+02,2.633011197877713130e+02,2.593708594321489045e+02,1.587487781584568438e+05,2.055590400637127146e+01,1.178832095979512751e+01
4.630000000000000000e+03,1.021000000000000000e+04,2.701545695718281195e+02,2.573102192503837955e+02,2.603295723701844508e+02,2.572977476369295005e+02,2.618892840641391331e+02,2.992995097313749966e+02,2.464846259169439691e+02,2.514689515370295965e+02,2.514149803354845005e+02,2.601089252476326692e+02,2.680632893173190041e+02,2.633228105521544080e+02,2.593867023452621652e+02,1.588371433229184768e+05,2.066807155449086153e+01,1.183155542020435114e+01
4.640000000000000000e+03,1.022000000000000000e+04,2.701319012738281344e+02,2.574364412181898274e+02,2.605510247148275766e+02,2.578460661681552892e+02,2.620549472052728106e+02,2.995571240394625647e+02,2.466091698543464190e+02,2.516284960262518098e+02,2.515738703267942356e+02,2.601308757101721767e+02,2.680699301782005932e+02,2.633457769653513765e+02,2.594040374208986464e+02,1.589261744946007966e+05,2.077805211549244291e+01,1.187493523546451257e+01
4.650000000000000000e+03,1.023000000000000000e+04,2.701096911039452948e+02,2.575644308305729169e+02,2.607736989879956013e+02,2.583998591081511336e+02,2.622232475312266047e+02,2.998061767910889444e+02,2.467365970637295050e+02,2.517898210047226257e+02,2.517345477950787540e+02,2.601542253901899358e+02,2.680772368200515530e+02,2.633700118901827523e+02,2.594228609488949360e+02,1.590158482751967385e+05,2.088583174488456251e+01,1.191845395481966108e+01
4.660000000000000000e+03,1.024000000000000000e+04,2.700879407670078081e+02,2.576941616276924378e+02,2.609975375020238175e+02,2.589589061169385786e+02,2.623941049513899770e+02,3.000467340214628962e+02,2.468668627365399857e+02,2.519528836168141765e+02,2.518969699625012026e+02,2.601789696824826024e+02,2.680852059969040511e+02,2.633955080251972163e+02,2.594431689270743959e+02,1.591061411938282545e+05,2.099139677723299613e+01,1.196210516167091598e+01
4.670000000000000000e+03,1.025000000000000000e+04,2.700666519113750041e+02,2.578256064984440172e+02,2.612224825258124383e+02,2.595229878062966122e+02,2.625674400441406533e+02,3.002788606089730479e+02,2.469999217068807980e+02,2.521176407511488833e+02,2.520610937971897556e+02,2.602051037033444345e+02,2.680938343579104526e+02,2.634222579081412619e+02,2.594649570598830906e+02,1.591970297097387956e+05,2.109473382789339624e+01,1.200588246322335273e+01
4.680000000000000000e+03,1.026000000000000000e+04,2.700458261296952855e+02,2.579587377066588942e+02,2.614484762936197058e+02,2.600918857473843673e+02,2.627431740348520179e+02,3.005026202840816723e+02,2.471357284614104799e+02,2.522840490507451250e+02,2.522268760180741083e+02,2.602326222926291734e+02,2.681031184491558292e+02,2.634502539182605005e+02,2.594882207622061401e+02,1.592884902149280533e+05,2.119582979470838069e+01,1.204977948026572676e+01
4.690000000000000000e+03,1.027000000000000000e+04,2.700254649589219298e+02,2.580935269115377650e+02,2.616754610125243516e+02,2.606653824782307538e+02,2.629212287783917645e+02,3.007180756378481874e+02,2.472742371464000826e+02,2.524520649224023430e+02,2.523942731083376714e+02,2.602615200158820130e+02,2.681130547142915930e+02,2.634794882830824463e+02,2.595129551606707423e+02,1.593804990369846346e+05,2.129467185966873188e+01,1.209378983732666057e+01
4.700000000000000000e+03,1.028000000000000000e+04,2.700055698807578324e+02,2.582299451941917141e+02,2.619033788732069183e+02,2.612432615146983608e+02,2.631015267375853455e+02,3.009252881312279442e+02,2.474154015811346596e+02,2.526216445433277045e+02,2.525632413230620443e+02,2.602917911646791254e+02,2.681236395009163971e+02,2.635099530752744954e+02,2.595391550942206322e+02,1.594730324419893441e+05,2.139124749053856789e+01,1.213790715292490319e+01
4.710000000000000000e+03,1.029000000000000000e+04,2.699861423218828236e+02,2.583679630774867064e+02,2.621321720531782375e+02,2.618253073595374758e+02,2.632839909680931783e+02,3.011243181029851712e+02,2.475591752651083368e+02,2.527927438835970975e+02,2.527337367002392341e+02,2.603234297580554539e+02,2.681348690563337414e+02,2.635416402180632076e+02,2.595668151154489465e+02,1.595660666375355213e+05,2.148554444244435402e+01,1.218212503038838079e+01
4.720000000000000000e+03,1.030000000000000000e+04,2.699671836529375355e+02,2.585075505663245394e+02,2.623617827322389076e+02,2.624113055238705101e+02,2.634685451019728930e+02,3.013152247794167238e+02,2.477055113877340204e+02,2.529653186964602298e+02,2.529057150662999334e+02,2.603564295372826223e+02,2.681467395331200692e+02,2.635745414864774148e+02,2.595959294923596872e+02,1.596595777758431504e+05,2.157755075942744583e+01,1.222643704847523516e+01
4.730000000000000000e+03,1.031000000000000000e+04,2.699486951907890102e+02,2.586486771194983589e+02,2.625921530955806702e+02,2.630010425397591121e+02,2.636551133322002443e+02,3.014980662845287043e+02,2.478543628370593979e+02,2.531393245392073936e+02,2.530791320536742433e+02,2.603907839941639395e+02,2.681592469867588306e+02,2.636086485083989146e+02,2.596264922086219258e+02,1.597535419570640079e+05,2.166725477595994676e+01,1.227083675283356179e+01
4.740000000000000000e+03,1.032000000000000000e+04,2.699306781967656548e+02,2.587913117209577081e+02,2.628232253497495208e+02,2.635943059825142996e+02,2.638436204024174003e+02,3.016728996510805700e+02,2.480056822096508711e+02,2.533147167816811702e+02,2.532539430988681488e+02,2.604264863235748635e+02,2.681723873788567971e+02,2.636439527653159871e+02,2.596584969635063089e+02,1.598479352325844520e+05,2.175464511842380944e+01,1.231531764756217484e+01
4.750000000000000000e+03,1.033000000000000000e+04,2.699131338764531165e+02,2.589354228819098580e+02,2.630549417927416584e+02,2.641908843127006890e+02,2.640339915856821449e+02,3.018397808247032117e+02,2.481594218692093250e+02,2.534914506136440195e+02,2.534301034722060422e+02,2.604635294825349661e+02,2.681861565775012082e+02,2.636804455973847325e+02,2.596919371768310612e+02,1.599427336084014096e+05,2.183971070655292479e+01,1.235987318427478598e+01
4.760000000000000000e+03,1.034000000000000000e+04,2.698960633809452929e+02,2.590809786486094026e+02,2.632872445068675233e+02,2.647905676391700922e+02,2.642261526843807928e+02,3.019987646831512507e+02,2.483155337516479904e+02,2.536694810541355878e+02,2.536075682449321960e+02,2.605019061294567564e+02,2.682005503559042268e+02,2.637181181898288855e+02,2.597268059781403053e+02,1.600379130486946669e+05,2.192244075483794674e+01,1.240449676467071427e+01
4.770000000000000000e+03,1.035000000000000000e+04,2.698794678045781552e+02,2.592279466275530808e+02,2.635200759030717563e+02,2.653931465805175662e+02,2.644200300117404367e+02,3.021499050417028229e+02,2.484739696838234408e+02,2.538487629587592664e+02,2.537862923430902242e+02,2.605416086685252139e+02,2.682155643945274051e+02,2.637569615939813730e+02,2.597630962240112922e+02,1.601334494794369966e+05,2.200282477389383118e+01,1.244918171771851334e+01
4.780000000000000000e+03,1.036000000000000000e+04,2.698633481863359407e+02,2.593762940011624778e+02,2.637533783246374242e+02,2.659984131127113756e+02,2.646155503836293974e+02,3.022932546651863959e+02,2.486346811879145662e+02,2.540292510328438595e+02,2.539662305384169656e+02,2.605826292358818250e+02,2.682311942806538241e+02,2.637969667121843713e+02,2.598008004860299707e+02,1.602293187921137433e+05,2.208085257178976946e+01,1.249392130223767339e+01
4.790000000000000000e+03,1.037000000000000000e+04,2.698477055095468700e+02,2.595259875435264121e+02,2.639870941770465720e+02,2.666061603779876918e+02,2.648126411104399835e+02,3.024288652805381616e+02,2.487976195363578142e+02,2.542108998338680976e+02,2.541473374560138438e+02,2.606249597006701606e+02,2.682474355058944298e+02,2.638381243018988584e+02,2.598399110545195185e+02,1.603254968474799534e+05,2.215651425534145602e+01,1.253870869823133027e+01
4.800000000000000000e+03,1.038000000000000000e+04,2.698325406979609511e+02,2.596769936369287279e+02,2.642211659291457408e+02,2.672161827148377711e+02,2.650112299868080754e+02,3.025567875878717814e+02,2.489627357625366812e+02,2.543936637895512547e+02,2.543295675841467016e+02,2.606685916646184751e+02,2.682642834735461861e+02,2.638804249750575650e+02,2.598804199390949634e+02,1.604219594794058357e+05,2.222980023136539884e+01,1.258353700024466804e+01
4.810000000000000000e+03,1.039000000000000000e+04,2.698178546193749412e+02,2.598292782854534266e+02,2.644555361161068276e+02,2.678282756801341407e+02,2.652112452861469478e+02,3.026770712734357858e+02,2.491299806991328012e+02,2.545774971976018719e+02,2.545128752781603509e+02,2.607135164630869895e+02,2.682817334886163962e+02,2.639238591966030185e+02,2.599223188679029590e+02,1.605186824987937289e+05,2.230070120789530108e+01,1.262839921117560849e+01
4.820000000000000000e+03,1.040000000000000000e+04,2.698036480836640294e+02,2.599828071263285096e+02,2.646901473928230075e+02,2.684422361082878297e+02,2.654126157516906233e+02,3.027897650226678934e+02,2.492993048684023165e+02,2.547623542382188191e+02,2.546972147883934952e+02,2.607597251639908791e+02,2.682997807606533343e+02,2.639684172842837597e+02,2.599655992893586927e+02,1.606156416976058972e+05,2.236920819536015870e+01,1.267328823611090982e+01
4.830000000000000000e+03,1.041000000000000000e+04,2.697899218419296972e+02,2.601375454519300092e+02,2.649249424605021659e+02,2.690578621069676615e+02,2.656152705947080790e+02,3.028949165324825117e+02,2.494706586758331355e+02,2.549481889821659593e+02,2.548825402410784875e+02,2.608072085688086759e+02,2.683184204043349155e+02,2.640140894091919108e+02,2.600102523696342587e+02,1.607128128529747482e+05,2.243531250772407759e+01,1.271819687787558628e+01
4.840000000000000000e+03,1.042000000000000000e+04,2.697766765851015407e+02,2.602934582216562944e+02,2.651598641389028899e+02,2.696749531146685399e+02,2.658191394809064150e+02,3.029925725252968505e+02,2.496439922902440003e+02,2.551349553995476924e+02,2.550688056649168516e+02,2.608559572118570600e+02,2.683376474383662753e+02,2.640608655854955487e+02,2.600562689941896792e+02,1.608101717311755638e+05,2.249900576358753668e+01,1.276311783123714783e+01
4.850000000000000000e+03,1.043000000000000000e+04,2.697639129436640815e+02,2.604505100676025222e+02,2.653948553538095894e+02,2.702933099326804722e+02,2.660241525337875714e+02,3.030827787634484594e+02,2.498192556865949712e+02,2.553226073682332071e+02,2.552559649910433563e+02,2.609059613605397772e+02,2.683574567848205561e+02,2.641087356781063136e+02,2.601036397675781018e+02,1.609076940919646004e+05,2.256027988725012179e+01,1.280804367860259063e+01
4.860000000000000000e+03,1.044000000000000000e+04,2.697516314876172032e+02,2.606086653125071848e+02,2.656298591446126238e+02,2.709127347575750377e+02,2.662302403273408800e+02,3.031655800620424088e+02,2.499963986529753299e+02,2.555110986821254357e+02,2.554439720709019639e+02,2.609572110149257469e+02,2.683778432647721957e+02,2.641576893982862657e+02,2.601523550123810651e+02,1.610053556927539466e+05,2.261912710973442842e+01,1.285296688575751922e+01
4.870000000000000000e+03,1.045000000000000000e+04,2.697398327238124693e+02,2.607678879800869254e+02,2.658648186790039745e+02,2.715330312198047977e+02,2.664373338723457891e+02,3.032410203046247830e+02,2.501753708031569090e+02,2.557003830597914771e+02,2.556327806774888813e+02,2.610096959073609355e+02,2.683988016037619673e+02,2.642077163005744183e+02,2.602024047697135529e+02,1.611031322928611189e+05,2.267553996977107289e+01,1.289787979785749528e+01
4.880000000000000000e+03,1.046000000000000000e+04,2.697285170963202745e+02,2.609281418080771573e+02,2.660996772521425555e+02,2.721540044205478353e+02,2.666453646314761272e+02,3.033091424576564350e+02,2.503561215806485905e+02,2.558904141528111040e+02,2.558223445152790134e+02,2.610634055025824409e+02,2.684203264246627896e+02,2.642588057812307056e+02,2.602537787983074509e+02,1.612009996578692226e+05,2.272951131474475162e+01,1.294277463618505308e+01
4.890000000000000000e+03,1.047000000000000000e+04,2.697176849839687520e+02,2.610893902652246652e+02,2.663343783021477975e+02,2.727754609685421769e+02,2.668542645045917538e+02,3.033699885855449452e+02,2.505386002705125179e+02,2.560811455542357180e+02,2.560126172259318196e+02,2.611183289972445323e+02,2.684424122484791724e+02,2.643109470760528552e+02,2.603064665749851656e+02,1.612989335640085919e+05,2.278103430160106058e+01,1.298764349488614300e+01
4.900000000000000000e+03,1.048000000000000000e+04,2.697073367031093767e+02,2.612515965466341186e+02,2.665688654130223654e+02,2.733972090194030784e+02,2.670639658264617537e+02,3.034235998658971312e+02,2.507227560078275701e+02,2.562725308086247082e+02,2.562035524047020090e+02,2.611744553187332940e+02,2.684650534945774893e+02,2.643641292569396910e+02,2.603604572918507642e+02,1.613969098025333951e+05,2.283010239771423855e+01,1.303247833841817815e+01
4.910000000000000000e+03,1.049000000000000000e+04,2.696974725009609415e+02,2.614147236032802653e+02,2.668030823311338509e+02,2.740190583124311843e+02,2.672744013662326097e+02,3.034700166073170067e+02,2.509085377857575736e+02,2.564645234112367689e+02,2.563951036002937371e+02,2.612317731274372363e+02,2.684882444775328736e+02,2.644183412307643835e+02,2.604157398604962168e+02,1.614949041841472499e+05,2.287670938171530821e+01,1.307727099897348211e+01
4.920000000000000000e+03,1.050000000000000000e+04,2.696880925579062023e+02,2.615787341425702834e+02,2.670369729627810784e+02,2.746408202106892986e+02,2.674855043271331283e+02,3.035092782619822174e+02,2.510958944648243119e+02,2.566570768324327219e+02,2.565872243268224224e+02,2.612902708131256873e+02,2.685119794062777601e+02,2.644735717359926639e+02,2.604723029077000547e+02,1.615928925434849807e+05,2.292084934428098464e+01,1.312201317487513919e+01
4.930000000000000000e+03,1.051000000000000000e+04,2.696791969866406475e+02,2.617435906441953080e+02,2.672704813902599881e+02,2.752623077385594001e+02,2.676972083433610123e+02,3.035414234443853729e+02,2.512847747821882081e+02,2.568501445137413839e+02,2.567798680715145565e+02,2.613499364971747809e+02,2.685362523815932718e+02,2.645298093358569531e+02,2.605301347766058484e+02,1.616908507436147484e+05,2.296251668888287867e+01,1.316669642886193614e+01
4.940000000000000000e+03,1.052000000000000000e+04,2.696707858291719049e+02,2.619092553732652959e+02,2.675035518617953585e+02,2.758833356092969780e+02,2.679094474802449781e+02,3.035664899379306689e+02,2.514751273586991260e+02,2.570436798777104741e+02,2.569729883005747411e+02,2.614107580298699531e+02,2.685610573966876586e+02,2.645870424314396132e+02,2.605892235828827666e+02,1.617887546804440499e+05,2.300170613249712659e+01,1.321131218618690895e+01
4.950000000000000000e+03,1.053000000000000000e+04,2.696628590549843238e+02,2.620756903638965127e+02,2.677361288650057531e+02,2.765037203087056241e+02,2.681221562315712390e+02,3.035845147493004106e+02,2.516669007101100135e+02,2.572376363417438370e+02,2.571665384768225522e+02,2.614727229934415504e+02,2.685863883387955866e+02,2.646452592375352992e+02,2.606495569715965530e+02,1.618865802874283982e+05,2.303841270627414772e+01,1.325585173662450877e+01
4.960000000000000000e+03,1.054000000000000000e+04,2.696554165631015394e+02,2.622428574616676542e+02,2.679681570326713427e+02,2.771232800668702794e+02,2.683352695224680247e+02,3.035955340683000827e+02,2.518600432542734495e+02,2.574319673179247729e+02,2.573604720550964657e+02,2.615358186985322391e+02,2.686122389798463246e+02,2.647044477921772341e+02,2.607111225085416208e+02,1.619843035398538923e+05,2.307263175616872530e+01,1.330030623037479387e+01
4.970000000000000000e+03,1.055000000000000000e+04,2.696484581779062637e+02,2.624107183227604310e+02,2.681995812236969527e+02,2.777418349399516728e+02,2.685487227065751767e+02,3.035995833231923484e+02,2.520545033209208441e+02,2.576266262299170648e+02,2.575547424969922758e+02,2.616000321861779412e+02,2.686386029810310561e+02,2.647645959521014447e+02,2.607739073965077523e+02,1.620819004595440929e+05,2.310435894353005892e+01,1.334466668010682611e+01
4.980000000000000000e+03,1.056000000000000000e+04,2.696419836490937882e+02,2.625792344227926378e+02,2.684303465124871764e+02,2.783592068381686886e+02,2.687624515665678473e+02,3.035966971882976964e+02,2.522502291603572928e+02,2.578215665137698807e+02,2.577493032781119382e+02,2.616653502265224915e+02,2.686654738904365445e+02,2.648256913893360434e+02,2.608378985562257526e+02,1.621793471193507139e+05,2.313359024565187383e+01,1.338892396096464665e+01
4.990000000000000000e+03,1.057000000000000000e+04,2.696359926494843648e+02,2.627483670660052439e+02,2.686603981966140964e+02,2.789752195628090590e+02,2.689763923170194175e+02,3.035869096028105787e+02,2.524471689517218920e+02,2.580167416301203502e+02,2.579441078970144190e+02,2.617317593194264873e+02,2.686928451410441312e+02,2.648877215890343564e+02,2.609030826170005639e+02,1.622766196476610785e+05,2.316032195628244139e+01,1.343306881140544995e+01
5.000000000000000000e+03,1.058000000000000000e+04,2.696304847743516007e+02,2.629180773934498347e+02,2.688896818047257966e+02,2.795896988435066532e+02,2.691904816027653169e+02,3.035702537866093280e+02,2.526452708129896223e+02,2.582121050712193551e+02,2.581391098822728054e+02,2.617992456927197509e+02,2.687207100504089112e+02,2.649506738457758388e+02,2.609694459272629388e+02,1.623736942329718731e+05,2.318455068609453917e+01,1.347709183420183976e+01
5.010000000000000000e+03,1.059000000000000000e+04,2.696254595401953225e+02,2.630883263892715149e+02,2.691181431038510254e+02,2.802024723739548904e+02,2.694046565007740810e+02,3.035467622587276537e+02,2.528444828098917583e+02,2.584076103687451678e+02,2.583342628003073855e+02,2.618677953060008008e+02,2.687490618205360988e+02,2.650145352624043653e+02,2.610369745489025490e+02,1.624705471283171210e+05,2.320627336311514100e+01,1.352098349787495479e+01
5.020000000000000000e+03,1.060000000000000000e+04,2.696209163816952810e+02,2.632590749043496885e+02,2.693457281111374755e+02,2.808133698485447667e+02,2.696188545218275294e+02,3.035164668553022693e+02,2.530447529612906692e+02,2.586032111023872062e+02,2.585295202648905502e+02,2.619373938466094387e+02,2.687778935291881339e+02,2.650792927464473223e+02,2.611056542583290252e+02,1.625671546558768605e+05,2.322548723311494712e+01,1.356473413854548227e+01
5.030000000000000000e+03,1.061000000000000000e+04,2.696168546529062837e+02,2.634302836440980400e+02,2.695723830964200260e+02,2.814222229967278963e+02,2.698330136105857378e+02,3.034793987474355390e+02,2.532460292556363584e+02,2.587988609079224034e+02,2.587248359432952043e+02,2.620080267319253835e+02,2.688071981422581302e+02,2.651449330078608568e+02,2.611754705464375661e+02,1.626634932114027324e+05,2.324218985995756626e+01,1.360833396213422120e+01
5.040000000000000000e+03,1.062000000000000000e+04,2.696132736246094055e+02,2.636019131908444137e+02,2.697980545957022400e+02,2.820288656177709754e+02,2.700470721485751255e+02,3.034355884591515178e+02,2.534482596512734744e+02,2.589945134846719270e+02,2.589201635660671172e+02,2.620796791090295983e+02,2.688369685026593174e+02,2.652114425565183069e+02,2.612464086192102286e+02,1.627595392687023268e+05,2.325637912590842404e+01,1.365177304676617354e+01
5.050000000000000000e+03,1.063000000000000000e+04,2.696101724823124641e+02,2.637739240207340572e+02,2.700226894151750230e+02,2.826331336160757246e+02,2.702609689517566380e+02,3.033850658853748428e+02,2.536513920956246579e+02,2.591901226034767092e+02,2.591154569338705187e+02,2.621523358553598655e+02,2.688671973235018982e+02,2.652788077006347294e+02,2.613184533957527265e+02,1.628552693840112188e+05,2.326805323190324515e+01,1.369504134574162890e+01
5.060000000000000000e+03,1.064000000000000000e+04,2.696075503262578081e+02,2.639462764650801319e+02,2.702462346449516986e+02,2.832348650253712776e+02,2.704746432862816619e+02,3.033278603103850060e+02,2.538553745218757740e+02,2.593856421146301727e+02,2.593106699209931776e+02,2.622259815790567359e+02,2.688978772239544242e+02,2.653470145429761260e+02,2.613915895119150719e+02,1.629506602004458546e+05,2.327721069777617302e+01,1.373812869047360152e+01
5.070000000000000000e+03,1.065000000000000000e+04,2.696054061692422010e+02,2.641189307943151334e+02,2.704686376581441891e+02,2.838339000520732043e+02,2.706880348509647547e+02,3.032640004257931423e+02,2.540601548680727149e+02,2.595810259565016622e+02,2.595057564958601120e+02,2.623006006194233919e+02,2.689290006707240082e+02,2.654160489805826160e+02,2.614658013194659247e+02,1.630456884524745401e+05,2.328385036244743134e+01,1.378102479429005456e+01
5.080000000000000000e+03,1.066000000000000000e+04,2.696037389352421769e+02,2.642918471727955421e+02,2.706898461267121547e+02,2.844300810979773360e+02,2.709010837913986052e+02,3.031935143487125970e+02,2.542656810819094062e+02,2.597762281626168033e+02,2.597006707168396247e+02,2.623761770479616189e+02,2.689605600184102059e+02,2.654858967022523188e+02,2.615410728846902089e+02,1.631403309700639220e+05,2.328797138407054490e+01,1.382371925593512785e+01
5.090000000000000000e+03,1.067000000000000000e+04,2.696025474582812649e+02,2.644649856824765948e+02,2.709098080243816185e+02,2.850232527913376543e+02,2.711137306993102811e+02,3.031164296399790601e+02,2.544719011287524211e+02,2.599712028720301760e+02,2.598953667443404925e+02,2.624526946685839448e+02,2.689925474979212936e+02,2.655565431866568247e+02,2.616173879950880519e+02,1.632345646830760525e+05,2.328957324013909158e+01,1.386620156373349566e+01
5.100000000000000000e+03,1.068000000000000000e+04,2.696018304817343960e+02,2.646383063306790291e+02,2.711284716403467883e+02,2.856132620150558523e+02,2.713259166175662358e+02,3.030327733224877420e+02,2.546787630056199987e+02,2.601659043276605416e+02,2.600897988488420651e+02,2.625301370189595218e+02,2.690249552165243472e+02,2.656279737001447643e+02,2.616947301514175024e+02,1.633283666255885328e+05,2.328865572755291780e+01,1.390846109995628055e+01
5.110000000000000000e+03,1.069000000000000000e+04,2.696015866557968366e+02,2.648117690619163795e+02,2.713457855847002520e+02,2.861999579330652068e+02,2.715375830409887499e+02,3.029425718993690566e+02,2.548862147497085004e+02,2.603602868997135147e+02,2.602839214035926148e+02,2.626084873690275003e+02,2.690577751572681677e+02,2.657001732976639232e+02,2.617730825741811032e+02,1.634217139399857260e+05,2.328521896264390634e+01,1.395048714537775503e+01
5.120000000000000000e+03,1.070000000000000000e+04,2.696018145375234099e+02,2.649853337477519517e+02,2.715616987793272301e+02,2.867831920172074547e+02,2.717486719164186866e+02,3.028458513718522909e+02,2.550942044241609779e+02,2.605543050813272430e+02,2.604776889519558267e+02,2.626877287338136853e+02,2.690909991772816738e+02,2.657731268181066753e+02,2.618524282082818218e+02,1.635145838811474387e+05,2.327926338116123617e+01,1.399226888464355412e+01
5.130000000000000000e+03,1.071000000000000000e+04,2.696025125888750154e+02,2.651589602324736461e+02,2.717761604987937858e+02,2.873628180681627668e+02,2.719591256504671719e+02,3.027426372578277096e+02,2.553026801718025354e+02,2.607479135001208306e+02,2.606710561236981789e+02,2.627678438541818196e+02,2.691246190102623359e+02,2.658468188858610119e+02,2.619327497113503114e+02,1.636069538206193247e+05,2.327078973821612706e+01,1.403379541066102831e+01
5.140000000000000000e+03,1.072000000000000000e+04,2.696036791755702779e+02,2.653326083208210093e+02,2.719891203497832066e+02,2.879386922399110063e+02,2.721688871080804120e+02,3.026329546089996256e+02,2.555115901894976673e+02,2.609410669266566174e+02,2.608639777064890382e+02,2.628488152147339747e+02,2.691586262653275412e+02,2.659212339089298212e+02,2.620140294693231908e+02,1.636988012505769439e+05,2.325979910818609397e+01,1.407505573037743751e+01
5.150000000000000000e+03,1.073000000000000000e+04,2.696053125668827875e+02,2.655062376753659237e+02,2.722005283170848884e+02,2.885106730785764739e+02,2.723778996195811715e+02,3.025168280381351451e+02,2.557208827497688617e+02,2.611337202799596753e+02,2.610564086324177424e+02,2.629306250393748883e+02,2.691930124255807186e+02,2.659963560755056733e+02,2.620962495838671771e+02,1.637901037879076903e+05,2.324629288457871468e+01,1.411603877128201923e+01
5.160000000000000000e+03,1.074000000000000000e+04,2.696074109325703034e+02,2.656798081592230574e+02,2.724103346856385315e+02,2.890786214892281123e+02,2.725861069795728895e+02,3.023942817124058138e+02,2.559305062049141668e+02,2.613258286367033065e+02,2.612483039972109395e+02,2.630132552944219242e+02,2.692277688523378174e+02,2.660721693611333194e+02,2.621793918957473579e+02,1.638808391780585516e+05,2.323027277985499239e+01,1.415673338485075128e+01
5.170000000000000000e+03,1.075000000000000000e+04,2.696099723440703428e+02,2.658532794573874298e+02,2.726184901509457745e+02,2.896424008166645763e+02,2.727934534529263146e+02,3.022653393976697771e+02,2.561404090005732996e+02,2.615173472356721618e+02,2.614396190479985194e+02,2.630966876897335851e+02,2.692628867820783398e+02,2.661486575216466122e+02,2.622634379643172906e+02,1.639709852989673382e+05,2.321174082521217485e+01,1.419712835476061130e+01
5.180000000000000000e+03,1.076000000000000000e+04,2.696129947712656190e+02,2.660266112741041979e+02,2.728249457673392726e+02,2.902018768309638972e+02,2.729998837765012354e+02,3.021300244650828404e+02,2.563505396784495360e+02,2.617082314945834582e+02,2.616303092126203182e+02,2.631809036815540139e+02,2.692983573275152480e+02,2.662258040948852340e+02,2.623483690783331213e+02,1.640605201648770017e+05,2.319069937032624651e+01,1.423721240267061461e+01
5.190000000000000000e+03,1.077000000000000000e+04,2.696164760844218904e+02,2.661997633180970411e+02,2.730296529681629067e+02,2.907569177462808057e+02,2.732053431623868391e+02,3.019883599098611739e+02,2.565608468925707371e+02,2.618984370069300667e+02,2.618203300939952669e+02,2.632658844737102868e+02,2.693341714793195933e+02,2.663035924005305901e+02,2.624341662582581307e+02,1.641494219300143304e+05,2.316715108305401571e+01,1.427697419432371717e+01
5.200000000000000000e+03,1.078000000000000000e+04,2.696204140507734337e+02,2.663726953092835288e+02,2.732325635755357212e+02,2.913073942360816773e+02,2.734097773015026291e+02,3.018403683685892815e+02,2.567712794157537246e+02,2.620879195487400466e+02,2.620096374806871609e+02,2.633516110205052883e+02,2.693703201061501318e+02,2.663820055416857713e+02,2.625208102577474847e+02,1.642376688923183247e+05,2.314109894909483600e+01,1.431640234611037243e+01
5.210000000000000000e+03,1.079000000000000000e+04,2.696248063341562329e+02,2.665453669844352476e+02,2.734336298015568900e+02,2.918531794447494576e+02,2.736131323665349555e+02,3.016860721372467538e+02,2.569817861456218679e+02,2.622766350970898088e+02,2.621981873542029575e+02,2.634380640291300892e+02,2.694067939555728799e+02,2.664610264044042083e+02,2.626082815664415762e+02,1.643252394970057358e+05,2.311254627161207509e+01,1.435548543194893156e+01
5.220000000000000000e+03,1.080000000000000000e+04,2.696296504952109103e+02,2.667177381049925202e+02,2.736328042578085160e+02,2.923941489992362222e+02,2.738153550125672382e+02,3.015254931887020575e+02,2.571923161223877514e+02,2.624645398280995323e+02,2.623859358955591006e+02,2.635252239623795845e+02,2.694435836552623300e+02,2.665406376589124307e+02,2.626965604104598810e+02,1.644121123401568329e+05,2.308149667081429257e+01,1.439421199011590069e+01
5.230000000000000000e+03,1.081000000000000000e+04,2.696349439868359354e+02,2.668897684664251528e+02,2.738300399721812255e+02,2.929301810149388530e+02,2.740163923913374902e+02,3.013586531893560050e+02,2.574028185050645448e+02,2.626515901266322430e+02,2.625728394951720475e+02,2.636130710412755889e+02,2.694806797197578589e+02,2.666208217611933833e+02,2.627856267605822040e+02,1.644982661720787000e+05,2.304795408349620445e+01,1.443257052983977040e+01
5.240000000000000000e+03,1.082000000000000000e+04,2.696406841640468883e+02,2.670614179017089782e+02,2.740252903499635977e+02,2.934611560955404457e+02,2.742161921370986875e+02,3.011855735168031742e+02,2.576132427001652445e+02,2.628377425925459079e+02,2.627588547415239191e+02,2.637015852484709058e+02,2.695180725297776689e+02,2.667015609523422768e+02,2.628754603257892200e+02,1.645836799005629146e+05,2.301192276253958369e+01,1.447054953965908908e+01
5.250000000000000000e+03,1.083000000000000000e+04,2.696468682688047238e+02,2.672326463020381198e+02,2.742185093007187220e+02,2.939869573786014598e+02,2.744147023817095032e+02,3.010062752773009720e+02,2.578235380592645356e+02,2.630229540525164680e+02,2.629439384902505594e+02,2.637907463313833318e+02,2.695557523658452510e+02,2.667828372647801984e+02,2.629660405700689125e+02,1.646683325948860147e+05,2.297340727637401514e+01,1.450813749149076770e+01
5.260000000000000000e+03,1.084000000000000000e+04,2.696534934389609361e+02,2.674034136103323931e+02,2.744096510733529044e+02,2.945074704796697915e+02,2.746118717554806494e+02,3.008207793221025668e+02,2.580336543195958825e+02,2.632071815588871573e+02,2.631280477805183295e+02,2.638805338029518452e+02,2.695937093893080601e+02,2.668646325177716676e+02,2.630573466999709353e+02,1.647522034879734565e+05,2.293241250839763268e+01,1.454532285213440979e+01
5.270000000000000000e+03,1.085000000000000000e+04,2.696605567051014987e+02,2.675736798256432394e+02,2.745986703857947191e+02,2.950225835316241501e+02,2.748076493894101873e+02,3.006291062640500513e+02,2.582435413240939965e+02,2.633903824027970586e+02,2.633111399011272624e+02,2.639709269510789227e+02,2.696319336469349537e+02,2.669469283233314627e+02,2.631493576769727269e+02,1.648352719802429783e+05,2.288894365635799844e+01,1.458209408789182859e+01
5.280000000000000000e+03,1.086000000000000000e+04,2.696680549904219220e+02,2.677434050410374766e+02,2.747855223897707901e+02,2.955321871764371053e+02,2.750019849186929264e+02,3.004312764946234893e+02,2.584531490985793312e+02,2.635725141190458771e+02,2.634931723841543203e+02,2.640619048369962911e+02,2.696704150763201255e+02,2.670297060876986848e+02,2.632420522206053874e+02,1.649175176424696110e+05,2.284300623169304600e+01,1.461843967231855146e+01
5.290000000000000000e+03,1.087000000000000000e+04,2.696759851101172103e+02,2.679125494196035220e+02,2.749701626859056205e+02,2.960361745658597101e+02,2.751948284863335630e+02,3.002273102004653538e+02,2.586624278668795114e+02,2.637535344932864518e+02,2.636741030107228880e+02,2.641534462989150143e+02,2.697091435049592292e+02,2.671129470141680713e+02,2.633354088101650632e+02,1.649989202188132040e+05,2.279460605883229718e+01,1.465434809389143567e+01
5.300000000000000000e+03,1.088000000000000000e+04,2.696843437714218226e+02,2.680810732162080399e+02,2.751525473249328115e+02,2.965344413575613203e+02,2.753861307454652660e+02,3.000172273794175908e+02,2.588713280565586388e+02,2.639334015684298151e+02,2.638538898180260048e+02,2.642455299605355776e+02,2.697481086529917320e+02,2.671966321048569171e+02,2.634294056892426852e+02,1.650794596296852687e+05,2.274374927445836647e+01,1.468980786339398392e+01
5.310000000000000000e+03,1.089000000000000000e+04,2.696931275729531308e+02,2.682489368054955321e+02,2.753326328100562250e+02,2.970268857093726638e+02,2.755758428630203980e+02,2.998010478567299515e+02,2.590798003043518634e+02,2.641120736510173970e+02,2.640324911060549766e+02,2.643381342324075831e+02,2.697873001361768956e+02,2.672807421648017225e+02,2.635240208697411504e+02,1.651591159745845362e+05,2.269044232672891326e+01,1.472480752119217584e+01
5.320000000000000000e+03,1.090000000000000000e+04,2.697023330043437568e+02,2.684161005974646059e+02,2.755103761242625637e+02,2.975134082806455922e+02,2.757639165224543376e+02,2.995787913013028856e+02,2.592877954787654744e+02,2.642895093186287454e+02,2.642098654436687752e+02,2.644312373117396646e+02,2.698267074656332625e+02,2.673652578038501701e+02,2.636192321357102060e+02,1.652378695347597532e+05,2.263469197445903802e+01,1.475933564531035813e+01
5.330000000000000000e+03,1.091000000000000000e+04,2.697119564469687703e+02,2.685825251935332290e+02,2.756857347000410527e+02,2.979939122140556265e+02,2.759503039270178988e+02,2.993504772412520651e+02,2.594952646651776149e+02,2.644656674265998504e+02,2.643859716755166005e+02,2.645248171958145917e+02,2.698663200535780788e+02,2.674501594410130565e+02,2.637150170479388862e+02,1.653157007760211709e+05,2.257650528626435715e+01,1.479338085802268132e+01
5.340000000000000000e+03,1.092000000000000000e+04,2.697219941729297261e+02,2.687481712891712391e+02,2.758586664517700910e+02,2.984683031328762581e+02,2.761349578024598941e+02,2.991161250797748608e+02,2.597021591904640445e+02,2.646405071124856931e+02,2.645607689280329282e+02,2.646188516806814732e+02,2.699061272127303255e+02,2.675354273079323093e+02,2.638113529483528623e+02,1.653925903511273791e+05,2.251588963966477763e+01,1.482693183368540524e+01
5.350000000000000000e+03,1.093000000000000000e+04,2.697324423458125011e+02,2.689129997107204417e+02,2.760291297724733113e+02,2.989364891295605275e+02,2.763178314000112437e+02,2.988757541104670281e+02,2.599084306255404044e+02,2.648139878038914503e+02,2.647342166161971591e+02,2.647133183677198076e+02,2.699461181613766598e+02,2.676210414524256294e+02,2.639082169644644864e+02,1.654685191023814259e+05,2.245285272014905331e+01,1.485997730605007661e+01
5.360000000000000000e+03,1.094000000000000000e+04,2.697432970201093667e+02,2.690769714227549230e+02,2.761970835405323896e+02,2.993983807544948945e+02,2.764988784991722923e+02,2.986293835330872639e+02,2.601140307960565679e+02,2.649860692243447033e+02,2.649062744490868226e+02,2.648081946639942998e+02,2.699862820249987863e+02,2.677069817422873825e+02,2.640055860144427697e+02,1.655434680640291772e+05,2.238740252020039634e+01,1.489250607569107743e+01
5.370000000000000000e+03,1.095000000000000000e+04,2.697545541417265440e+02,2.692400475362724706e+02,2.763624871116209079e+02,2.998538909975277988e+02,2.766780534102758793e+02,2.983770324680559725e+02,2.603189118126057338e+02,2.651567113993210114e+02,2.650769024301285413e+02,2.649034577976444780e+02,2.700266078383915556e+02,2.677932278712279413e+02,2.641034368116738733e+02,1.656174184645108762e+05,2.231954733828305137e+01,1.492450701733718077e+01
5.380000000000000000e+03,1.096000000000000000e+04,2.697662095484687370e+02,2.694021893030517845e+02,2.765253003751145116e+02,3.003029352860488643e+02,2.768553109789401674e+02,2.981187199721335332e+02,2.605230259729859199e+02,2.653258746623839102e+02,2.652460608898722398e+02,2.649990848129656342e+02,2.700670845487611587e+02,2.678797593610976264e+02,2.642017458691763068e+02,1.656903517287848517e+05,2.224929577779017364e+01,1.495596908614297327e+01
5.390000000000000000e+03,1.097000000000000000e+04,2.697782589698281299e+02,2.695633581672864807e+02,2.766854836728888358e+02,3.007454314534134596e+02,2.770306065844519026e+02,2.978544650527852582e+02,2.607263259349266491e+02,2.654935196610214803e+02,2.654137104507781828e+02,2.650950525797975388e+02,2.701077010191112890e+02,2.679665555681870046e+02,2.643004895074922160e+02,1.657622494804238668e+05,2.217665674595298242e+01,1.498688132629983727e+01
5.400000000000000000e+03,1.098000000000000000e+04,2.697906980275703290e+02,2.697235157189417123e+02,2.768429978728032665e+02,3.011812997296881349e+02,2.772038961469016840e+02,2.975842866830692515e+02,2.609287646100322036e+02,2.656596073626682255e+02,2.655798120592537543e+02,2.651913377986475666e+02,2.701484460309137603e+02,2.680535956870697305e+02,2.643996438564734035e+02,1.658330935436995933e+05,2.210163945271138530e+01,1.501723287710489529e+01
5.410000000000000000e+03,1.099000000000000000e+04,2.698035222365859909e+02,2.698826237261735628e+02,2.769978043448476228e+02,3.016104627195284138e+02,2.773751361265335618e+02,2.973082038160883940e+02,2.611302952101326582e+02,2.658240990611772077e+02,2.657443269855083940e+02,2.652879170058372438e+02,2.701893082887547166e+02,2.681408587558040040e+02,2.644991848629031210e+02,1.659028659455996240e+05,2.202425340954628652e+01,1.504701298014845889e+01
5.420000000000000000e+03,1.100000000000000000e+04,2.698167270035937690e+02,2.700406441625941625e+02,2.771498649800615794e+02,3.020328453843567331e+02,2.775442835302970366e+02,2.970262353991901136e+02,2.613308712233447295e+02,2.659869563767337581e+02,2.659072168331512103e+02,2.653847665806541727e+02,2.702302764164782047e+02,2.682283236617128637e+02,2.645990882955525194e+02,1.659715489177109557e+05,2.194450842827358983e+01,1.507621098570681895e+01
5.430000000000000000e+03,1.101000000000000000e+04,2.698303076298280985e+02,2.701975391583861210e+02,2.772991421811958048e+02,3.024483750224632104e+02,2.777112959092956999e+02,2.967384003881622334e+02,2.615304464629246581e+02,2.661481412722903315e+02,2.660684435372272105e+02,2.654818627482990223e+02,2.702713389727496178e+02,2.683159691461090688e+02,2.646993297504761813e+02,1.660391248980776872e+05,2.186241461980018741e+01,1.510481636019005336e+01
5.440000000000000000e+03,1.102000000000000000e+04,2.698442593111328165e+02,2.703532710812650066e+02,2.774455988655363399e+02,3.028569812410516988e+02,2.778761313618288114e+02,2.964447177611369284e+02,2.617289750505969437e+02,2.663076160500469314e+02,2.662279693739930053e+02,2.655791815891351462e+02,2.703124844442038466e+02,2.684037738101245054e+02,2.647998846577692120e+02,1.661055765329400310e+05,2.177798239284194182e+01,1.513281869207233044e+01
5.450000000000000000e+03,1.103000000000000000e+04,2.698585771382109328e+02,2.705078024807015140e+02,2.775891984831408763e+02,3.032585959379642873e+02,2.780387485379910117e+02,2.961452065334809731e+02,2.619264114263064016e+02,2.664653433584302320e+02,2.663857569658961211e+02,2.656766990421291439e+02,2.703537012524200236e+02,2.684917161203454725e+02,2.649007282864004651e+02,1.661708866784224520e+05,2.169122245260399851e+01,1.516020769860650574e+01
5.460000000000000000e+03,1.104000000000000000e+04,2.698732560976093851e+02,2.706610961383841527e+02,2.777299050118641617e+02,3.036531532741178125e+02,2.781991066405192896e+02,2.958398857677668730e+02,2.621227103452670235e+02,2.666212862030342308e+02,2.665417692861885257e+02,2.657743909127169673e+02,2.703949777552477372e+02,2.685797744150170843e+02,2.650018357517132017e+02,1.662350384021202335e+05,2.160214579942346802e+01,1.518697323182179915e+01
5.470000000000000000e+03,1.105000000000000000e+04,2.698882910713437013e+02,2.708131150488255230e+02,2.778676829518515774e+02,3.040405896473757252e+02,2.783571654265374491e+02,2.955287745917584061e+02,2.623178269240765985e+02,2.667754079386380681e+02,2.666959696638771220e+02,2.658722328775212418e+02,2.704363022558157468e+02,2.686679269096334224e+02,2.651031820204161136e+02,1.662980149846542627e+05,2.151076372737468745e+01,1.521310528521881622e+01
5.480000000000000000e+03,1.106000000000000000e+04,2.699036768398281652e+02,2.709638224470908199e+02,2.780024973513073405e+02,3.044208436680655723e+02,2.785128852104315911e+02,2.952118922095023663e+02,2.625117165875452088e+02,2.669276722845797849e+02,2.668483217892335233e+02,2.659702004925885603e+02,2.704776629993888264e+02,2.687561517033463474e+02,2.652047419171581168e+02,1.663597999210738635e+05,2.141708782283718904e+01,1.523859399893998834e+01
5.490000000000000000e+03,1.107000000000000000e+04,2.699194080817500208e+02,2.711131817782048188e+02,2.781343137868908002e+02,3.047938561306362999e+02,2.786662268629190748e+02,2.948892579144491037e+02,2.627043351298986522e+02,2.670780433375878147e+02,2.669987897180440655e+02,2.660682691969783491e+02,2.705190481793740673e+02,2.688444267839764734e+02,2.653064901311522590e+02,1.664203769223108247e+05,2.132112996302672414e+01,1.526342966662257794e+01
5.500000000000000000e+03,1.108000000000000000e+04,2.699354793751093666e+02,2.712611567622285520e+02,2.782630983800980857e+02,3.051595699840720499e+02,2.788171518154953787e+02,2.945608911017121727e+02,2.628956386849680484e+02,2.672264855551078426e+02,2.671473378765393818e+02,2.661664143225409020e+02,2.705604459416530290e+02,2.689327300376383505e+02,2.654084012224933531e+02,1.664797299164211145e+05,2.122290231448931763e+01,1.528760274004213926e+01
5.510000000000000000e+03,1.109000000000000000e+04,2.699518851979765373e+02,2.714077113583583696e+02,2.783888177967622255e+02,3.055179303033825136e+02,2.789656220612082507e+02,2.942268112821352588e+02,2.630855837483017012e+02,2.673729637743459762e+02,2.672939310659964463e+02,2.662646110988759460e+02,2.706018443875418029e+02,2.690210392511900750e+02,2.655104496288830660e+02,1.665378430498124217e+05,2.112241733155867252e+01,1.531110383508812234e+01
5.520000000000000000e+03,1.110000000000000000e+04,2.699686199304296679e+02,2.715528097850188942e+02,2.785114392489517741e+02,3.058688842596232007e+02,2.791116001557602431e+02,2.938870380942948941e+02,2.632741271806323198e+02,2.675174432135654570e+02,2.674385344670952236e+02,2.663628346600962118e+02,2.706432315771448884e+02,2.691093321212744058e+02,2.656126096725186585e+02,1.665947006885107548e+05,2.101968775477704909e+01,1.533392373704709044e+01
5.530000000000000000e+03,1.111000000000000000e+04,2.699856778541561653e+02,2.716964165250508358e+02,2.786309304988980671e+02,3.062123810888007824e+02,2.792550492197080985e+02,2.935415913168001225e+02,2.634612262138363690e+02,2.676598894761343104e+02,2.675811136444057183e+02,2.664610600516278964e+02,2.706845955352118267e+02,2.691975862603000564e+02,2.657148555633162914e+02,1.666502874191386509e+05,2.091472660927992067e+01,1.535605340569360244e+01
5.540000000000000000e+03,1.112000000000000000e+04,2.700030531556874962e+02,2.718384963340420200e+02,2.787472598588604455e+02,3.065483720606353018e+02,2.793959329378777738e+02,2.931904908806478716e+02,2.636468384553686519e+02,2.678002685553028073e+02,2.677216345503888419e+02,2.665592622370552931e+02,2.707259242503130281e+02,2.692857792034117210e+02,2.658171614154144891e+02,1.667045880500336643e+05,2.080754720314450879e+01,1.537748398020644558e+01
5.550000000000000000e+03,1.113000000000000000e+04,2.700207399264140804e+02,2.719790142460426523e+02,2.788603961963867164e+02,3.068768104463922555e+02,2.795342155626845511e+02,2.928337568810605944e+02,2.638309218957852522e+02,2.679385468376674453e+02,2.678600635296267001e+02,2.666574161053725902e+02,2.707672056821563729e+02,2.693738884150587296e+02,2.659195012427373968e+02,1.667575876122085028e+05,2.069816312570240058e+01,1.539820678394628750e+01
5.560000000000000000e+03,1.114000000000000000e+04,2.700387321639609581e+02,2.721179355802688633e+02,2.789703089347655123e+02,3.071976514864746832e+02,2.796698619136631123e+02,2.924714095894539128e+02,2.640134349131230920e+02,2.680746911075517573e+02,2.679963673227691174e+02,2.667554964772484709e+02,2.708084277643478686e+02,2.694618912961572050e+02,2.660218489718590718e+02,1.668092713602075819e+05,2.058658824581661406e+01,1.541821332904449093e+01
5.570000000000000000e+03,1.115000000000000000e+04,2.700570237737734374e+02,2.722552259478789551e+02,2.790769680556438743e+02,3.075108523570334000e+02,2.798028373794732033e+02,2.921034694654599093e+02,2.641943362777096809e+02,2.682086685505472019e+02,2.681305130701499593e+02,2.668534781128904569e+02,2.708495784075280426e+02,2.695497651907156751e+02,2.661241784481522927e+02,1.668596247729977476e+05,2.047283671012311856e+01,1.543749532073982600e+01
5.580000000000000000e+03,1.116000000000000000e+04,2.700756085706171916e+02,2.723908512582831918e+02,2.791803440996390009e+02,3.078163721369057271e+02,2.799331079176121193e+02,2.917299571677488075e+02,2.643735851595193935e+02,2.683404467576991124e+02,2.682624683161614030e+02,2.669513357182413529e+02,2.708906455035101999e+02,2.696374873933826848e+02,2.662264634424960832e+02,1.669086335547609779e+05,2.035692294123717971e+01,1.545604466162657431e+01
