phase_s,time_s,battery,bolts,frame,panel1,panel2,panel3,panel4,panel5,panel6,pcb1,pcb2,pcb3,pcb4,energy_J,absorbed_power_W,emitted_power_W
0.000000000000000000e+00,5.580000000000000000e+03,2.681830058391406055e+02,2.702920264802610859e+02,2.768748265342780996e+02,3.044782270000732751e+02,2.778402375068128549e+02,2.892397819926479769e+02,2.624924196692635405e+02,2.663482380249131438e+02,2.662749755787462504e+02,2.650404394817979892e+02,2.689364500625474648e+02,2.676543068335754469e+02,2.643461264056098798e+02,1.656041765258471132e+05,1.969701353535612398e+01,1.493685256774147163e+01
1.000000000000000000e+01,5.590000000000000000e+03,2.682005018565547516e+02,2.704216057262207187e+02,2.769736082340074859e+02,3.047716271590179531e+02,2.779646826433433944e+02,2.888787447493534728e+02,2.626695933468386102e+02,2.664743882978240208e+02,2.664012812717110705e+02,2.651336606375125484e+02,2.689753976655485417e+02,2.677377572924448828e+02,2.644434070565797583e+02,1.656511151464578288e+05,1.964827411629535092e+01,1.495441200457450037e+01
2.000000000000000000e+01,5.600000000000000000e+03,2.682182739926640807e+02,2.705496459527396382e+02,2.770731643248011551e+02,3.050588279276754520e+02,2.780877479991195287e+02,2.885302449079869689e+02,2.628630995936186991e+02,2.665997141469665621e+02,2.665267706677734623e+02,2.652267966083045394e+02,2.690143073998764294e+02,2.678211053510023021e+02,2.645406770702491031e+02,1.656989915187974984e+05,1.976056467308365683e+01,1.497292740680899570e+01
3.000000000000000000e+01,5.610000000000000000e+03,2.682363220616718422e+02,2.706762384624843776e+02,2.771742995127979157e+02,3.053400314767477539e+02,2.782096426436670527e+02,2.881929239716959046e+02,2.630715692712153668e+02,2.667243971738245705e+02,2.666516253323446222e+02,2.653198659591358251e+02,2.690532060112919908e+02,2.679043763972086367e+02,2.646379541120749650e+02,1.657477782731599291e+05,1.987078330601463350e+01,1.499210784098226412e+01
4.000000000000000000e+01,5.620000000000000000e+03,2.682546461431562648e+02,2.708014875251087119e+02,2.772772148019454903e+02,3.056153853716096478e+02,2.783305201503200124e+02,2.878660245192709226e+02,2.632942280587974437e+02,2.668485497838640867e+02,2.667759576317610595e+02,2.654128841514722694e+02,2.690921155382850429e+02,2.679875917681916917e+02,2.647352527402044302e+02,1.657974488079087459e+05,1.997891604041156199e+01,1.501186254070819182e+01
5.000000000000000000e+01,5.630000000000000000e+03,2.682732464054141133e+02,2.709255002173744060e+02,2.773819338392275426e+02,3.058849978815369468e+02,2.784504939203999925e+02,2.875490110474891026e+02,2.635305181081213846e+02,2.669722486859055834e+02,2.668998442300375018e+02,2.655058648597366755e+02,2.691310552270986705e+02,2.680707703408659199e+02,2.648325857419636122e+02,1.658479767948672525e+05,2.008494916606985115e+01,1.503215044191455263e+01
6.000000000000000000e+01,5.640000000000000000e+03,2.682921230526875433e+02,2.710483815926644411e+02,2.774884258559570753e+02,3.061489493361987115e+02,2.785696485363634451e+02,2.872414476034882114e+02,2.637799760266522640e+02,2.670955500672736207e+02,2.670233412650922560e+02,2.655988205904757820e+02,2.691700424362760486e+02,2.681539293143720215e+02,2.649299647486061531e+02,1.658993360481684795e+05,2.018886923899538388e+01,1.505294387966311120e+01
7.000000000000000000e+01,5.650000000000000000e+03,2.683112763051093452e+02,2.711702324497148879e+02,2.775966426572813361e+02,3.064072998604145823e+02,2.786880474982183387e+02,2.869429533485658226e+02,2.640421886919568806e+02,2.672184969533079766e+02,2.671464917085507409e+02,2.656917630076150658e+02,2.692090931078478775e+02,2.682370846324191689e+02,2.650274005609095411e+02,1.659515004850050900e+05,2.029066308310906663e+01,1.507421936632277415e+01
8.000000000000000000e+01,5.660000000000000000e+03,2.683307063934219059e+02,2.712911483364235892e+02,2.777065302475179465e+02,3.066600946933596106e+02,2.788057385497278915e+02,2.866531837037668993e+02,2.643167745905370793e+02,2.673411231178788512e+02,2.672693292826962761e+02,2.657847031189440941e+02,2.692482220424489014e+02,2.683202512323724136e+02,2.651249033352490869e+02,1.660044441116038943e+05,2.039031779191746097e+01,1.509595509447643380e+01
9.000000000000000000e+01,5.670000000000000000e+03,2.683504135555625112e+02,2.714112191915081667e+02,2.778180325613489003e+02,3.069073679249842144e+02,2.789227574207526459e+02,2.863718208582651528e+02,2.646033746378707292e+02,2.674634553410512581e+02,2.673918807309283352e+02,2.658776513874117882e+02,2.692874430701762094e+02,2.684034432038715750e+02,2.652224826984848960e+02,1.660581410164119443e+05,2.048782073014916350e+01,1.511813020490873782e+01
1.000000000000000000e+02,5.680000000000000000e+03,2.683703980352109397e+02,2.715305291471032092e+02,2.779310929094200446e+02,3.071491452037139425e+02,2.790391305638269159e+02,2.860985682137763888e+02,2.649016464275276803e+02,2.675855149357516325e+02,2.675141672709914928e+02,2.659706177997269378e+02,2.693267691658904255e+02,2.684866738879090917e+02,2.653201478065062133e+02,1.661125653658698429e+05,2.058315953535688436e+01,1.514072454213224894e+01
1.100000000000000000e+02,5.690000000000000000e+03,2.683906600801171862e+02,2.716491567653415018e+02,2.780456541367067871e+02,3.073854456721264228e+02,2.791548770909287214e+02,2.858331467123881566e+02,2.652112612835200025e+02,2.677073186056065879e+02,2.676362055682579921e+02,2.660636119001354132e+02,2.693662125262727614e+02,2.685699559479758136e+02,2.654179073914157243e+02,1.661676914008777239e+05,2.067632211948484766e+01,1.516371856351505265e+01
1.200000000000000000e+02,5.700000000000000000e+03,2.684111999418358891e+02,2.717671751042737469e+02,2.781616589636030881e+02,3.076162834380020854e+02,2.792700102660598986e+02,2.855752922368181999e+02,2.655319014423490103e+02,2.678288792324444785e+02,2.677580084489856063e+02,2.661566428132376814e+02,2.694057846254787592e+02,2.686533014131647974e+02,2.655157697761790132e+02,1.662234934341164771e+05,2.076729667040144633e+01,1.518709328585747542e+01
1.300000000000000000e+02,5.710000000000000000e+03,2.684320178735703166e+02,2.718846519473486865e+02,2.782790499746898831e+02,3.078416686589970368e+02,2.793845386134277078e+02,2.853247536571373075e+02,2.658632583718641627e+02,2.679502063860990120e+02,2.678795854328675432e+02,2.662497192514688322e+02,2.694454962542375256e+02,2.687367217085304674e+02,2.656137428841997234e+02,1.662799458474370767e+05,2.085607165339695968e+01,1.521083025168316283e+01
1.400000000000000000e+02,5.720000000000000000e+03,2.684531141293593919e+02,2.720016500350420188e+02,2.783977696454721809e+02,3.080616083698636203e+02,2.794984667606943276e+02,2.850812913146994561e+02,2.662050313971313926e+02,2.680713067463501602e+02,2.680009431434108365e+02,2.663428495174205750e+02,2.694853575507565893e+02,2.688202276756161382e+02,2.657118342410427658e+02,1.663370230897807050e+05,2.094263581264595686e+01,1.523491150004777950e+01
1.500000000000000000e+02,5.730000000000000000e+03,2.684744889619062178e+02,2.721182273053047425e+02,2.785177603698697908e+02,3.082761071138335751e+02,2.796117960926807200e+02,2.848446758136240078e+02,2.665569266048503323e+02,2.681921844329812075e+02,2.681220856523074190e+02,2.664360415026615101e+02,2.695253780242673542e+02,2.689038295866920407e+02,2.658100509732167325e+02,1.663946996752409905e+05,2.102697817263454283e+01,1.525931953932253471e+01
1.600000000000000000e+02,5.740000000000000000e+03,2.684961426214140374e+02,2.722344371246435912e+02,2.786389644391236970e+02,3.084851674300043669e+02,2.797245252573463858e+02,2.846146870377068581e+02,2.669186560779837691e+02,2.683128412786539911e+02,2.682430147340704139e+02,2.665293026826750520e+02,2.695655665758018245e+02,2.689875371560086705e+02,2.659083998040255210e+02,1.664529501814433606e+05,2.110908803955180701e+01,1.528403732264959736e+01
1.700000000000000000e+02,5.750000000000000000e+03,2.685180753533828124e+02,2.723503285338049977e+02,2.787613240961168231e+02,3.086887902338474987e+02,2.798366505644679023e+02,2.843911133375468694e+02,2.672899371198196263e+02,2.684332770578386089e+02,2.683637301106143127e+02,2.666226401270881752e+02,2.696059315168155308e+02,2.690713595483837253e+02,2.660068870493051918e+02,1.665117492481766967e+05,2.118895500264584442e+01,1.530904822217208583e+01
1.800000000000000000e+02,5.760000000000000000e+03,2.685402873967578330e+02,2.724659464587324464e+02,2.788847815304949336e+02,3.088869751162192188e+02,2.799481663129420212e+02,2.841737508486346542e+02,2.676704917859500483e+02,2.685534896698555372e+02,2.684842296341967653e+02,2.667160604457916406e+02,2.696464805824682003e+02,2.691553053862497791e+02,2.661055186129875665e+02,1.665710715762889886e+05,2.126656893554361716e+01,1.533433600690185195e+01
1.900000000000000000e+02,5.770000000000000000e+03,2.685627789822422073e+02,2.725813319295397150e+02,2.790092788950724980e+02,3.090797205787047233e+02,2.800590650351457498e+02,2.839624029092921660e+02,2.680600463748937159e+02,2.686734753128458806e+02,2.686045094517294842e+02,2.668095698569410388e+02,2.696872209532279498e+02,2.692393827579596177e+02,2.662042999829420182e+02,1.666308919267964084e+05,2.134191999753498337e+01,1.535988481910343495e+01
2.000000000000000000e+02,5.780000000000000000e+03,2.685855503300937812e+02,2.726965222888115363e+02,2.791347583301513851e+02,3.092670242231546922e+02,2.801693377129057581e+02,2.837568795620318269e+02,2.684583310723299974e+02,2.687932286170015459e+02,2.687245641453164922e+02,2.669031741325818530e+02,2.697281592661947229e+02,2.693235992229949147e+02,2.663032362333991614e+02,1.666911851202212274e+05,2.141499863482032140e+01,1.538567915301263866e+01
2.100000000000000000e+02,5.790000000000000000e+03,2.686086016482344121e+02,2.728115513879278069e+02,2.792611619868458206e+02,3.094488829037592836e+02,2.802789739539808807e+02,2.835569971183336975e+02,2.688650796370963576e+02,2.689127427712146527e+02,2.688443868569733013e+02,2.669968786166068639e+02,2.697693016310130929e+02,2.694079617896929904e+02,2.664023319959607079e+02,1.667519260362037458e+05,2.148579558172190573e+01,1.541170383458825910e+01
2.200000000000000000e+02,5.800000000000000000e+03,2.686319331300859403e+02,2.729264497552445050e+02,2.793884320087570927e+02,3.096252928500887833e+02,2.803879621088115073e+02,2.833625777759762627e+02,2.692800291115114533e+02,2.690320096296876500e+02,2.689639693927589974e+02,2.670906882150054571e+02,2.698106536457310654e+02,2.694924770518041441e+02,2.665015914995968842e+02,1.668130896131875343e+05,2.155430186185871833e+01,1.543794400032953007e+01
2.300000000000000000e+02,5.810000000000000000e+03,2.686555449529687394e+02,2.730412447756201573e+02,2.795165106065408054e+02,3.097962497682204912e+02,2.804962894296021432e+02,2.831734492795914093e+02,2.697029196272317222e+02,2.691510198075262679e+02,2.690833023212593389e+02,2.671846073970782527e+02,2.698522204099461987e+02,2.695771509864192126e+02,2.666010185396172574e+02,1.668746508485256054e+05,2.162050878928452491e+01,1.546438508019985747e+01
2.400000000000000000e+02,5.820000000000000000e+03,2.686794372754218898e+02,2.731559608502868173e+02,2.796453400317065530e+02,3.099617489239860788e+02,2.806039421470661068e+02,2.829894446170505944e+02,2.701334941884636578e+02,2.692697627659751447e+02,2.692023750582513912e+02,2.672786401969584631e+02,2.698940065420757719e+02,2.696619891121416686e+02,2.667006164845437866e+02,1.669365847985454020e+05,2.168440796958921624e+01,1.549101277863478643e+01
2.500000000000000000e+02,5.830000000000000000e+03,2.687036102362421843e+02,2.732706195494250778e+02,2.797748626057393722e+02,3.101217852123668308e+02,2.807109055644232853e+02,2.828104017454604104e+02,2.705714985103681443e+02,2.693882268895163179e+02,2.693211759431479777e+02,2.673727902104055829e+02,2.699360161907342217e+02,2.697469964556738660e+02,2.668003882774164595e+02,1.669988665789909719e+05,2.174599130096308386e+01,1.551781305751884865e+01
2.600000000000000000e+02,5.840000000000000000e+03,2.687280639510937590e+02,2.733852397547321971e+02,2.799050207345151193e+02,3.102763532157968598e+02,2.808171641342669318e+02,2.826361633424035062e+02,2.710166808743534830e+02,2.695063995547246805e+02,2.694396923083052116e+02,2.674670605985114094e+02,2.699782530515636836e+02,2.698321775593500433e+02,2.669003364333200352e+02,1.670614713654119987e+05,2.180525097522414768e+01,1.554477211980282902e+01
2.700000000000000000e+02,5.850000000000000000e+03,2.687527985126015437e+02,2.734998377941768126e+02,2.800357569228545458e+02,3.104254472535591276e+02,2.809227015257472999e+02,2.824665765785276221e+02,2.714687920017402121e+02,2.696242671941487288e+02,2.695579105425451303e+02,2.675614540878475509e+02,2.700207203786245600e+02,2.699175364888372997e+02,2.670004630441284235e+02,1.671243743940012937e+05,2.186217947880803436e+01,1.557187639393157319e+01
2.800000000000000000e+02,5.860000000000000000e+03,2.687778139860859596e+02,2.736144275692243468e+02,2.801670137880847733e+02,3.105690614239271667e+02,2.810275006847411419e+02,2.823014929087324276e+02,2.719275849454928675e+02,2.697418153537923331e+02,2.696758161488966721e+02,2.676559729728722914e+02,2.700634210018857289e+02,2.700030768412129873e+02,2.671007697785971686e+02,1.671875509623602265e+05,2.191676959372073696e+01,1.559911251897835882e+01
2.900000000000000000e+02,5.870000000000000000e+03,2.688031104058202914e+02,2.737290206737161498e+02,2.802987340752050613e+02,3.107071896406997666e+02,2.811315438883027582e+02,2.821407678793312357e+02,2.723928149956800553e+02,2.698590287466030304e+02,2.697933937980275800e+02,2.677506191166054350e+02,2.701063573454941888e+02,2.700888017535062318e+02,2.672012578793148805e+02,1.672509764305014978e+05,2.196901439845370163e+01,1.562646733060098292e+01
3.000000000000000000e+02,5.880000000000000000e+03,2.688286877859218862e+02,2.738436265071347862e+02,2.804308606675382407e+02,3.108398256637049144e+02,2.812348127935711091e+02,2.819842609494156704e+02,2.728642395949352704e+02,2.699758913020602904e+02,2.699106273777380807e+02,2.678453939590898472e+02,2.701495314099006464e+02,2.701747139071732136e+02,2.673019281713006876e+02,1.673146262220624485e+05,2.201890726886148997e+01,1.565392784748889454e+01
3.100000000000000000e+02,5.890000000000000000e+03,2.688545461011797215e+02,2.739582523822575126e+02,2.805633365957341994e+02,3.109669631284818934e+02,2.813372884773891087e+02,2.818318353235685549e+02,2.733416182639746808e+02,2.700923862121312595e+02,2.700275000390990385e+02,2.679402985090905531e+02,2.701929448300526815e+02,2.702608155411673465e+02,2.674027810782949928e+02,1.673784758254741901e+05,2.206644187900159437e+01,1.568148125842993323e+01
3.200000000000000000e+02,5.900000000000000000e+03,2.688806852938437260e+02,2.740729036258899782e+02,2.806961050613816724e+02,3.110885955691022104e+02,2.814389514868600486e+02,2.816833577977810137e+02,2.738247125455218338e+02,2.702084959740433305e+02,2.701439942376676413e+02,2.680353333569805727e+02,2.702365988579763894e+02,2.703471084547537657e+02,2.675038165853649161e+02,1.674425007954660687e+05,2.211161220193651999e+01,1.570911491051331943e+01
3.300000000000000000e+02,5.910000000000000000e+03,2.689071052711327638e+02,2.741875836725465660e+02,2.808291094343099417e+02,3.112047164395863774e+02,2.815397818685430593e+02,2.815386986126507054e+02,2.743132859412905304e+02,2.703242024303971789e+02,2.702600917762065933e+02,2.681304986746248460e+02,2.702804943890178038e+02,2.704335940189370149e+02,2.676050342812492886e+02,1.675066767545304028e+05,2.215441251049798410e+01,1.573681629716583430e+01
3.400000000000000000e+02,5.920000000000000000e+03,2.689338059036484196e+02,2.743022941556227465e+02,2.809622932726091449e+02,3.113153191347246320e+02,2.816397592080254526e+02,2.813977313168800265e+02,2.748071038710231733e+02,2.704394868073283078e+02,2.703757738410762954e+02,2.682257942191074562e+02,2.703246319614569302e+02,2.705202731809833949e+02,2.677064333409871892e+02,1.675709793946473801e+05,2.219483737801301260e+01,1.576457304740696941e+01
3.500000000000000000e+02,5.930000000000000000e+03,2.689607870232968594e+02,2.744170349933226589e+02,2.810956003290942249e+02,3.114203970058875939e+02,2.817388626614491614e+02,2.812603326390767506e+02,2.753059336285814425e+02,2.705543297496903392e+02,2.704910210379551927e+02,2.683212193360652122e+02,2.703690117745439920e+02,2.706071464728007641e+02,2.678080125376263823e+02,1.676353844789780560e+05,2.223288167899202961e+01,1.579237291526939657e+01
3.600000000000000000e+02,5.940000000000000000e+03,2.689880484212109195e+02,2.745318044699127995e+02,2.812289745626795820e+02,3.115199433778149114e+02,2.818370709867401729e+02,2.811263823658496221e+02,2.758095443476812534e+02,2.706687113551316202e+02,2.706058134254760148e+02,2.684167729635159390e+02,2.704136336977703650e+02,2.706942140176594194e+02,2.679097702429272658e+02,1.676998678437191411e+05,2.226854058977867723e+01,1.582020376994033839e+01
3.700000000000000000e+02,5.950000000000000000e+03,2.690155898471015234e+02,2.746465993130868810e+02,2.813623601472523887e+02,3.116139515621476335e+02,2.819343625724031313e+02,2.809957632273005856e+02,2.763177069733729923e+02,2.707826112057280739e+02,2.707201305472721629e+02,2.685124536374751187e+02,2.704584972813345303e+02,2.707814755375234199e+02,2.680117044313424799e+02,1.677644054001556651e+05,2.230180958916147915e+01,1.584805358629583338e+01
3.800000000000000000e+02,5.960000000000000000e+03,2.690434110065937148e+02,2.747614147670504963e+02,2.814957014828050319e+02,3.117024148710953568e+02,2.820307154659939215e+02,2.808683607888804090e+02,2.768301942378901117e+02,2.708960083985906522e+02,2.708339514622642810e+02,2.686082594931971244e+02,2.705036017657014895e+02,2.708689303593052955e+02,2.681138126817321563e+02,1.678289731366742053e+05,2.233268445894700704e+01,1.587591043609192631e+01
3.900000000000000000e+02,5.970000000000000000e+03,2.690715115604452876e+02,2.748762446623151163e+02,2.816289432025223505e+02,3.117853266289416752e+02,2.821261073991059902e+02,2.807440633480095471e+02,2.773467806408975207e+02,2.710088815744845760e+02,2.709472547735591661e+02,2.687041882705773901e+02,2.705489460912187951e+02,2.709565774214389648e+02,2.682160921852697015e+02,1.678935471208897070e+05,2.236116128449477003e+01,1.590376247948304744e+01
4.000000000000000000e+02,5.980000000000000000e+03,2.690998911219062393e+02,2.749910814820972860e+02,2.817620301835949590e+02,3.118626801831649118e+02,2.822205158137592207e+02,2.806227618376997270e+02,2.778672424354543864e+02,2.711212089457087586e+02,2.710600186556719109e+02,2.688002373186537852e+02,2.705945289071667617e+02,2.710444152797180095e+02,2.683185397428931083e+02,1.679581035019141855e+05,2.238723645521351102e+01,1.593159795716099225e+01
4.100000000000000000e+02,5.990000000000000000e+03,2.691285492560703005e+02,2.751059164261184833e+02,2.818949075532643747e+02,3.119344689145383995e+02,2.823139178837573127e+02,2.805043497330596551e+02,2.783913576148205493e+02,2.712329683219899721e+02,2.711722208812537929e+02,2.688964035993762423e+02,2.706403485801334341e+02,2.711324421160788916e+02,2.684211517770741011e+02,1.680226185126489727e+05,2.241090666501904849e+01,1.595940518273408415e+01
4.200000000000000000e+02,6.000000000000000000e+03,2.691574854781406430e+02,2.752207394709967616e+02,2.820275206991304913e+02,3.120006862467280939e+02,2.824062905390475748e+02,2.803887229640754981e+02,2.789189059064897265e+02,2.713441371356842637e+02,2.712838388459217640e+02,2.689926836955182807e+02,2.706864032027721123e+02,2.712206557387619910e+02,2.685239243290442914e+02,1.680870684722230071e+05,2.243216891275337943e+01,1.598717253577467901e+01
4.300000000000000000e+02,6.010000000000000000e+03,2.691866992514765116e+02,2.753355394253463828e+02,2.821598152805223663e+02,3.120613256548807612e+02,2.824976104894094533e+02,2.802757798317446714e+02,2.794496687694131083e+02,2.714546924666561836e+02,2.713948495921371773e+02,2.690890737960333468e+02,2.707326906011829806e+02,2.713090535932051353e+02,2.686268530653746325e+02,1.681514297883883701e+05,2.245102050256527093e+01,1.601488845530433736e+01
4.400000000000000000e+02,6.020000000000000000e+03,2.692161899865312762e+02,2.754503039882901021e+02,2.822917372274974923e+02,3.121163806738520066e+02,2.825878542394309534e+02,2.801654209284599233e+02,2.799834293883334340e+02,2.715646110640254847e+02,2.715052298325251172e+02,2.691855697353220762e+02,2.707792083427451644e+02,2.713976327654155511e+02,2.687299332815844082e+02,1.682156789600656484e+05,2.246745904425202411e+01,1.604254143334461347e+01
4.500000000000000000e+02,6.030000000000000000e+03,2.692459570389687542e+02,2.755650197988314289e+02,2.824232327565548530e+02,3.121658449058888891e+02,2.826769981128449558e+02,2.800575490626798683e+02,2.805199726793556465e+02,2.716738693693339428e+02,2.716149559734013224e+02,2.692821669681540016e+02,2.708259537437544395e+02,2.714863899873765831e+02,2.688331599058413417e+02,1.682797925799769000e+05,2.248148245356255970e+01,1.607012000935994678e+01
4.600000000000000000e+02,6.040000000000000000e+03,2.692759997085781265e+02,2.756796724920075121e+02,2.825542483731192078e+02,3.122097120278655211e+02,2.827650182688123550e+02,2.799520691852705454e+02,2.810590852936220472e+02,2.717824435375065377e+02,2.717240041320333717e+02,2.693788605831346104e+02,2.708729238718230476e+02,2.715753216565966000e+02,2.689365275030355633e+02,1.683437473372824024e+05,2.249308895246163686e+01,1.609761276469929214e+01
4.700000000000000000e+02,6.050000000000000000e+03,2.693063172375077556e+02,2.757942467366565893e+02,2.826847308902019904e+02,3.122479757981025159e+02,2.828518907273667082e+02,2.798488883266300036e+02,2.816005556230951470e+02,2.718903094575443902e+02,2.718323501616447970e+02,2.694756453096092628e+02,2.709201155644576602e+02,2.716644237795036929e+02,2.690400302781641813e+02,1.684075200200573890e+05,2.250227706935534755e+01,1.612500831804755563e+01
4.800000000000000000e+02,6.060000000000000000e+03,2.693369088087733871e+02,2.759087262896927086e+02,2.828146274159881273e+02,3.122806300620632669e+02,2.829375913754403769e+02,2.797479155216307163e+02,2.821441738105438048e+02,2.719974427719649270e+02,2.719399696689643520e+02,2.695725155170491689e+02,2.709675254225359140e+02,2.717536920743448263e+02,2.691436620817506764e+02,1.684710875184084289e+05,2.250904563927766233e+01,1.615229532025247039e+01
4.900000000000000000e+02,6.070000000000000000e+03,2.693677735451875037e+02,2.760230940367148378e+02,2.829438853772618359e+02,3.123076687597223895e+02,2.830220959915806134e+02,2.796490617533275440e+02,2.826897317614361782e+02,2.721038188962625668e+02,2.720468380331470257e+02,2.696694652231809641e+02,2.710151498191769406e+02,2.718431219053583163e+02,2.692474164119296347e+02,1.685344268270075554e+05,2.251339380403813806e+01,1.617946245049153120e+01
5.000000000000000000e+02,6.080000000000000000e+03,2.693989105074140298e+02,2.761373320197178600e+02,2.830724525246208714e+02,3.123290859304678975e+02,2.831053802625690423e+02,2.795522398920014098e+02,2.832370231587423746e+02,2.722094130367523803e+02,2.721529304250721566e+02,2.697664880964777581e+02,2.710629849076827327e+02,2.719327083055224534e+02,2.693512864170000967e+02,1.685975150479757867e+05,2.251532101233075522e+01,1.620649841256779311e+01
5.100000000000000000e+02,6.090000000000000000e+03,2.694303186931406344e+02,2.762514215503571222e+02,2.832002769198782062e+02,3.123448757186521334e+02,2.831874197905610799e+02,2.794573646376779266e+02,2.837858434651396351e+02,2.723142002087438414e+02,2.722582218235413620e+02,2.698635774608880524e+02,2.711110266310984116e+02,2.720224459829696571e+02,2.694552649102382134e+02,1.686603293937625131e+05,2.251482701980378209e+01,1.623339193070000164e+01
5.200000000000000000e+02,6.100000000000000000e+03,2.694619970350547078e+02,2.763653431409821337e+02,2.833273069742186863e+02,3.123550323789793310e+02,2.832681901197523757e+02,2.793643524654625594e+02,2.843359899593554587e+02,2.724181552530812382e+02,2.723626870332161616e+02,2.699607263015528815e+02,2.711592707175421424e+02,2.721123293220044275e+02,2.695593443547142556e+02,1.687228471899891738e+05,2.251191188909078988e+01,1.626013174736265299e+01
5.300000000000000000e+02,6.110000000000000000e+03,2.694939443999531363e+02,2.764790765810781750e+02,2.834534914392308451e+02,3.123595502803699446e+02,2.833476667467054995e+02,2.792731215735934143e+02,2.848872617450687130e+02,2.725212528558056420e+02,2.724663007016126244e+02,2.700579272660060610e+02,2.712077126907300908e+02,2.722023523883448206e+02,2.696635168818189641e+02,1.687850458784070215e+05,2.250657598980268048e+01,1.628670662035441552e+01
5.400000000000000000e+02,6.120000000000000000e+03,2.695261595874375189e+02,2.765926010099287282e+02,2.835787794085244968e+02,3.123584239154475881e+02,2.834258251325657056e+02,2.791835918341646448e+02,2.854394597682201606e+02,2.726234675544058064e+02,2.725690373347755440e+02,2.701551726678274008e+02,2.712563478752779247e+02,2.722925089327291630e+02,2.697677742911312180e+02,1.688469030198588443e+05,2.249881999848085812e+01,1.631310532014340708e+01
5.500000000000000000e+02,6.130000000000000000e+03,2.695586413280702800e+02,2.767058949211797199e+02,2.837031203277871327e+02,3.123516478988772747e+02,2.835026407164125430e+02,2.790956847435593318e+02,2.859923868378542693e+02,2.727247737659154723e+02,2.726708713124323822e+02,2.702524544976137690e+02,2.713051714018095595e+02,2.723827923950499894e+02,2.698721080536461159e+02,1.689083962971740402e+05,2.248864489851141002e+01,1.633931662788078754e+01
5.600000000000000000e+02,6.140000000000000000e+03,2.695913882821640755e+02,2.768189361996243747e+02,2.838264640033958699e+02,3.123392169750778748e+02,2.835780889302743049e+02,2.790093233787607119e+02,2.865458476489219493e+02,2.728251457952015926e+02,2.727717769029038664e+02,2.703497644204010726e+02,2.713541782082576219e+02,2.724731959073296821e+02,2.699765093168001613e+02,1.689695035181693383e+05,2.247605198000047366e+01,1.636532933381442234e+01
5.700000000000000000e+02,6.150000000000000000e+03,2.696243990391015473e+02,2.769317021562142145e+02,2.839487606089014093e+02,3.123211260225397154e+02,2.836521452125111864e+02,2.789244323527829010e+02,2.870996488059714693e+02,2.729245578502926719e+02,2.728717282776405000e+02,2.704470937825215060e+02,2.714033630424381158e+02,2.725637122905968681e+02,2.700809689077120765e+02,1.690302026186835719e+05,2.246104283961059167e+01,1.639113223599058955e+01
5.800000000000000000e+02,6.160000000000000000e+03,2.696576721153124936e+02,2.770441695464986651e+02,2.840699606873228618e+02,3.122973700578515945e+02,2.837247850176679549e+02,2.788409377729057042e+02,2.876535988439370044e+02,2.730229840563906123e+02,2.729706995252669799e+02,2.705444336162305490e+02,2.714527204708383579e+02,2.726543340788390992e+02,2.701854773370635030e+02,1.690904716655433876e+05,2.244361938035835280e+01,1.641671413912200350e+01
5.900000000000000000e+02,6.170000000000000000e+03,2.696912059532343733e+02,2.771563146216129780e+02,2.841900151605185556e+02,3.122679442398697347e+02,2.837959838302968478e+02,2.787587672006269486e+02,2.882075082536917421e+02,2.731203984698325371e+02,2.730686646652245599e+02,2.706417746385583882e+02,2.715022448801812516e+02,2.727450534968008924e+02,2.702900248037717574e+02,1.691502888595020631e+05,2.242378381137303478e+01,1.644206385398429404e+01
6.000000000000000000e+02,6.180000000000000000e+03,2.697249989202031202e+02,2.772681131322399324e+02,2.843088753332497731e+02,3.122328438738820182e+02,2.838657171758802065e+02,2.786778496130341409e+02,2.887611895059258131e+02,2.732167750905995263e+02,2.731655976610692846e+02,2.707391072717252882e+02,2.715519304803868863e+02,2.728358624769231255e+02,2.703946011983769040e+02,1.692096325383552467e+05,2.240153864761656166e+01,1.646717019701769402e+01
6.100000000000000000e+02,6.190000000000000000e+03,2.697590493071484161e+02,2.773795403778727291e+02,2.844264928997996549e+02,3.121920644151812212e+02,2.839339606321522069e+02,2.785981153661792860e+02,2.893144570761468799e+02,2.733120878762530310e+02,2.732614724330387617e+02,2.708364216270029488e+02,2.716017713092087433e+02,2.729267526595311892e+02,2.704991961073463358e+02,1.692684811798761366e+05,2.237688670956460513e+01,1.649202199028640692e+01
6.200000000000000000e+02,6.200000000000000000e+03,2.697933553273047096e+02,2.774905712255101093e+02,2.845428199483408207e+02,3.121456014736763791e+02,2.840006898389680146e+02,2.785194961598275540e+02,2.898671274691271265e+02,2.734063107508366102e+02,2.733562628706652049e+02,2.709337075209886052e+02,2.716517612346918327e+02,2.730177153996729089e+02,2.706037988171789266e+02,1.693268134047905623e+05,2.234983112284895412e+01,1.651660806166803752e+01
6.300000000000000000e+02,6.210000000000000000e+03,2.698279151148672099e+02,2.776011800785690866e+02,2.846578089791154298e+02,3.120934508171037010e+02,2.840658805187109692e+02,2.784419250035169853e+02,2.904190192492488904e+02,2.734994176280403053e+02,2.734499428454747090e+02,2.710309544771233732e+02,2.717018939580379424e+02,2.731087417549890688e+02,2.707083983152228939e+02,1.693846079797714483e+05,2.232037531786127360e+01,1.654091724608308311e+01
6.400000000000000000e+02,6.220000000000000000e+03,2.698627267245937560e+02,2.777113410681650407e+02,2.847714128927478896e+02,3.120356083749436493e+02,2.841295084756054621e+02,2.783653361999969320e+02,2.909699530517367521e+02,2.735913824079260621e+02,2.735424862229900214e+02,2.711281517294476089e+02,2.717521630179908243e+02,2.731998224233047949e+02,2.708129833039811274e+02,1.694418438205032726e+05,2.228852302931810669e+01,1.656493838580722766e+01
6.500000000000000000e+02,6.230000000000000000e+03,2.698977881295469388e+02,2.778210278930876029e+02,2.848835849507862008e+02,3.119720702426659500e+02,2.841915495689514728e+02,2.782896652508661646e+02,2.915197516252428613e+02,2.736821789967201539e+02,2.736338668685066864e+02,2.712252882302447006e+02,2.718025617931781426e+02,2.732909481072500739e+02,2.709175421926320269e+02,1.694984999944261217e+05,2.225427829578737260e+01,1.658866032925817535e+01
6.600000000000000000e+02,6.240000000000000000e+03,2.699330972209687616e+02,2.779302139222604637e+02,2.849942789090080737e+02,3.119028326848115285e+02,2.842519798119502639e+02,2.782148489209016020e+02,2.920682398487629143e+02,2.737717813165455141e+02,2.737240586661009729e+02,2.713223526509017347e+02,2.718530835051629424e+02,2.733821089141277412e+02,2.710220631083596459e+02,1.695545557238928159e+05,2.221764545917631040e+01,1.661207193720231245e+01
6.700000000000000000e+02,6.250000000000000000e+03,2.699686518067109091e+02,2.780388722102125598e+02,2.851034489108233743e+02,3.118278921390713663e+02,2.843107753134997893e+02,2.781408251476416353e+02,2.926152447576445184e+02,2.738601633162728035e+02,2.738130355264092373e+02,2.714193333883620198e+02,2.719037212210864141e+02,2.734732947955437794e+02,2.711265338991678391e+02,1.696099903889751586e+05,2.217862916418098962e+01,1.663516208158651466e+01
6.800000000000000000e+02,6.260000000000000000e+03,2.700044496102186713e+02,2.781469755186184898e+02,2.852110495277304381e+02,3.117472452203525108e+02,2.843679123029002085e+02,2.780675330286543954e+02,2.931605955687422238e+02,2.739472989820052931e+02,2.739007713966581150e+02,2.715162185688701015e+02,2.719544678563889306e+02,2.735644954314255415e+02,2.712309421361998147e+02,1.696647835303407046e+05,2.213723435769734493e+01,1.665791964786461676e+01
6.900000000000000000e+02,6.270000000000000000e+03,2.700404882698047118e+02,2.782544963383011236e+02,2.853170357628757756e+02,3.116608887232112011e+02,2.844233671396991667e+02,2.779949127946413228e+02,2.937041237049364213e+02,2.740331623470681279e+02,2.739872402709157768e+02,2.716129960518043163e+02,2.720053161776888828e+02,2.736557002331601893e+02,2.713352751221186168e+02,1.697189148521409370e+05,2.209346628819403691e+01,1.668033353727452095e+01
7.000000000000000000e+02,6.280000000000000000e+03,2.700767653372734003e+02,2.783614069093063677e+02,2.854213630569709039e+02,3.115688196269260288e+02,2.844771163221828374e+02,2.779229057847532545e+02,2.942456628190091124e+02,2.741177275023849234e+02,2.740724162001463924e+02,2.717096534367012737e+02,2.720562588054456796e+02,2.737468983416527522e+02,2.714395198920331040e+02,1.697723642248006654e+05,2.204733050504692216e+01,1.670239266943111289e+01
7.100000000000000000e+02,6.290000000000000000e+03,2.701132782772421592e+02,2.784676792381422388e+02,2.855239872902976117e+02,3.114710350981498550e+02,2.845291364948777186e+02,2.778514544215714182e+02,2.947850488170721519e+02,2.742009686054645385e+02,2.741562733019587199e+02,2.718061780665149740e+02,2.721072882168090246e+02,2.738380786443564716e+02,2.715436632189619104e+02,1.698251116878780304e+05,2.199883285783549525e+01,1.672408598497377952e+01
7.200000000000000000e+02,6.300000000000000000e+03,2.701500244661796728e+02,2.785732850954557307e+02,2.856248647967992156e+02,3.113675324948484899e+02,2.845794044624547610e+02,2.777805021880120080e+02,2.953221198837387078e+02,2.742828598905574609e+02,2.742387857698079756e+02,2.719025570302428605e+02,2.721583967472178074e+02,2.739292297608463969e+02,2.716476916183617050e+02,1.698771374527130974e+05,2.194797949560119577e+01,1.674540244886185647e+01
7.300000000000000000e+02,6.310000000000000000e+03,2.701870011917030752e+02,2.786781960946846084e+02,2.857239523518404667e+02,3.112583093702263000e+02,2.846278971861228797e+02,2.777099936048178961e+02,2.958567164999385000e+02,2.743633756777422832e+02,2.743199278822368115e+02,2.719987771725047878e+02,2.722095765948541839e+02,2.740203400548110153e+02,2.717515913528477540e+02,1.699284219052593689e+05,2.189477686606778661e+01,1.676633105310164495e+01
7.400000000000000000e+02,6.320000000000000000e+03,2.702242056513516104e+02,2.787823836506133262e+02,2.858212071914883268e+02,3.111433634759803226e+02,2.846745918010672085e+02,2.776398742086493598e+02,2.963886814676887980e+02,2.744424903810042338e+02,2.743996740120906566e+02,2.720948250945817790e+02,2.722608198218271696e+02,2.741113976386280910e+02,2.718553484353258227e+02,1.699789456086702703e+05,2.183923171482382486e+01,1.678686082050052875e+01
7.500000000000000000e+02,6.330000000000000000e+03,2.702616349522187420e+02,2.788858190209863324e+02,2.859165870107364640e+02,3.110226927661857985e+02,2.847194656198491884e+02,2.775700905309710720e+02,2.969178599296745915e+02,2.745201785178940668e+02,2.744779986347238605e+02,2.721906871608994152e+02,2.723121183569893446e+02,2.742023903722248974e+02,2.719589486374948137e+02,1.700286893059570575e+05,2.178135108446736723e+01,1.680698080823405149e+01
7.600000000000000000e+02,6.340000000000000000e+03,2.702992861101562312e+02,2.789884733209645447e+02,2.860100499695160465e+02,3.108962954009131181e+02,2.847624961406534680e+02,2.775005900779486865e+02,2.974440993892881124e+02,2.745964147176093206e+02,2.745548763370148890e+02,2.722863495032281662e+02,2.723634639988925983e+02,2.742933058676085238e+02,2.720623774898118654e+02,1.700776339225692500e+05,2.172114231371308790e+01,1.682668011167240962e+01
7.700000000000000000e+02,6.350000000000000000e+03,2.703371560485546752e+02,2.790903175367914173e+02,2.861015546925430613e+02,3.107641697493005495e+02,2.848036610515023312e+02,2.774313213194584478e+02,2.979672497288761406e+02,2.746711737292046678e+02,2.746302818249463371e+02,2.723817980264240646e+02,2.724148484170443680e+02,2.743841314970182452e+02,2.721656202889337237e+02,1.701257605688883632e+05,2.165861303646176594e+01,1.684594786849776327e+01
7.800000000000000000e+02,6.360000000000000000e+03,2.703752415987030986e+02,2.791913225443639703e+02,2.861910602877903784e+02,3.106263143952062364e+02,2.848429382454723964e+02,2.773622336414132405e+02,2.984871632289961667e+02,2.747444304300572639e+02,2.747041899323070879e+02,2.724770184130927646e+02,2.724662631560711930e+02,2.744748543848611462e+02,2.722686621023988209e+02,1.701730505427987082e+05,2.159377118083236979e+01,1.686477326263114307e+01
7.900000000000000000e+02,6.370000000000000000e+03,2.704135394980624483e+02,2.792914591242825963e+02,2.862785263288179749e+02,3.104827281376417432e+02,2.848803058160856381e+02,2.772932773678545004e+02,2.990036945822517964e+02,2.748161598335242388e+02,2.747765756285197654e+02,2.725719961288563127e+02,2.725176996412620838e+02,2.745654614244856475e+02,2.723714877724098073e+02,1.702194853319902322e+05,2.152662496815688442e+01,1.688314552893409726e+01
8.000000000000000000e+02,6.380000000000000000e+03,2.704520463908046963e+02,2.793906979759050273e+02,2.863639128751160570e+02,3.103334099977381584e+02,2.849157420700875036e+02,2.772244037190655490e+02,2.995167009118451347e+02,2.748863370961631176e+02,2.748474140254980966e+02,2.726667164278451310e+02,2.725691491714929953e+02,2.746559392735388201e+02,2.724740819226492476e+02,1.702650466164273967e+05,2.145718291193787053e+01,1.690105395760549101e+01
8.100000000000000000e+02,6.390000000000000000e+03,2.704907588263359344e+02,2.794890097346617495e+02,2.864471804695365336e+02,3.101783592204734532e+02,2.849492255326660484e+02,2.771555647998990253e+02,3.000260417844059475e+02,2.749549375257865904e+02,2.749166803857356172e+02,2.727611643578547955e+02,2.726206029315559363e+02,2.747462743604550610e+02,2.725764289607271849e+02,1.703097162705836527e+05,2.138545381676908264e+01,1.691848789884065241e+01
8.200000000000000000e+02,6.400000000000000000e+03,2.705296732595859339e+02,2.795863650110521235e+02,2.865282901474238315e+02,3.100175752800824966e+02,2.849807349532738954e+02,2.770867135845460325e+02,3.005315792263243111e+02,2.750219365885141656e+02,2.749843501051528847e+02,2.728553247646079285e+02,2.726720519900397903e+02,2.748364528886916105e+02,2.726785130887703872e+02,1.703534763657622098e+05,2.131144677721910341e+01,1.693543676720271307e+01
8.300000000000000000e+02,6.410000000000000000e+03,2.705687860502187618e+02,2.796827342878902982e+02,2.866072034280257981e+02,3.098510578811832943e+02,2.850102493119413793e+02,2.770178039005647861e+02,3.010331777267745679e+02,2.750873099157746537e+02,2.750503988117163203e+02,2.729491823005373590e+02,2.727234873035806686e+02,2.749264608364864557e+02,2.727803182985335866e+02,1.703963091722233221e+05,2.123517117667825715e+01,1.695189004819198075e+01
8.400000000000000000e+02,6.420000000000000000e+03,2.706080934622656287e+02,2.797780881165758728e+02,2.866838823307120947e+02,3.096788069645444921e+02,2.850377478247542626e+02,2.769487904141754484e+02,3.015307042576371259e+02,2.751510333111907585e+02,2.751148022467751275e+02,2.730427214250712495e+02,2.727748997186528754e+02,2.750162839688528038e+02,2.728818283863597571e+02,1.704381971613575588e+05,2.115663668616887350e+01,1.696783730124199252e+01
8.500000000000000000e+02,6.430000000000000000e+03,2.706475916644218387e+02,2.798723970092311220e+02,2.867582893733048195e+02,3.095008227103833178e+02,2.850632099488050244e+02,2.768796286156332371e+02,3.020240282802941465e+02,2.752130827574385421e+02,2.751775363441139461e+02,2.731359264162799150e+02,2.728262799748857788e+02,2.751059078325687892e+02,2.729830269570608152e+02,1.704791230077311629e+05,2.107585326311907181e+01,1.698326816578848764e+01
8.600000000000000000e+02,6.440000000000000000e+03,2.706872767290312822e+02,2.799656314781321953e+02,2.868303875755673857e+02,3.093171055426219596e+02,2.850866153873508324e+02,2.768102748057966664e+02,3.025130217526053116e+02,2.752734344226545318e+02,2.752385772228416840e+02,2.732287813711910758e+02,2.728776187105403324e+02,2.751953177703188089e+02,2.730838974253655920e+02,1.705190695910887734e+05,2.099283115010029377e+01,1.699817236647484719e+01
8.700000000000000000e+02,6.450000000000000000e+03,2.707271446324531325e+02,2.800577620491666266e+02,2.869001404653297982e+02,3.091276561323630290e+02,2.851079440982595656e+02,2.767406860819388612e+02,3.029975591382319067e+02,2.753320646668180984e+02,2.752979011934981486e+02,2.733212702164873349e+02,2.729289064595088803e+02,2.752844989086506189e+02,2.731844230237862803e+02,1.705580199982789927e+05,2.090758087352863370e+01,1.701253971858310976e+01
8.800000000000000000e+02,6.460000000000000000e+03,2.707671912546562112e+02,2.801487592755231617e+02,2.869675120764118788e+02,3.089324754017792429e+02,2.851271762946367971e+02,2.766708203260895971e+02,3.034775174082153626e+02,2.753889500483883239e+02,2.753554847644173833e+02,2.734133767074048365e+02,2.729801336579691906e+02,2.753734361863386084e+02,2.732845868081923868e+02,1.705959575251395581e+05,2.082011324233016580e+01,1.702636013323494879e+01
8.900000000000000000e+02,6.470000000000000000e+03,2.708074123795547052e+02,2.802385937493659185e+02,2.870324669548497241e+02,3.087315645280440890e+02,2.851442924525163676e+02,2.766006361909313114e+02,3.039527760469075020e+02,2.754440673297272610e+02,2.754113046473768804e+02,2.735050844408189050e+02,2.730312906469102927e+02,2.754621143416391646e+02,2.733843716631135976e+02,1.706328656782901380e+05,2.073043934657048482e+01,1.703962362286247156e+01
9.000000000000000000e+02,6.480000000000000000e+03,2.708478036944609357e+02,2.803272361142473983e+02,2.870949701614827063e+02,3.085249249470091399e+02,2.851592733148770549e+02,2.765300930873516450e+02,3.044232170543484699e+02,2.754973934833205931e+02,2.754653377640008216e+02,2.735963768577651649e+02,2.730823676746065303e+02,2.755505179214459872e+02,2.734837603079632231e+02,1.706687281768141547e+05,2.063857055604861301e+01,1.705232030669755616e+01
9.100000000000000000e+02,6.490000000000000000e+03,2.708883607909531293e+02,2.804146570681308503e+02,2.871549872732466611e+02,3.083125583579973750e+02,2.851720998966308684e+02,2.764591511804352422e+02,3.048887249479812454e+02,2.755489056977610289e+02,2.755175612492312212e+02,2.736872372494791534e+02,2.731333548998100582e+02,2.756386312870446318e+02,2.735827353026112405e+02,1.707035289540344384e+05,2.054451851885537650e+01,1.706444041646166809e+01
9.200000000000000000e+02,6.500000000000000000e+03,2.709290791638906057e+02,2.805008273992835370e+02,2.872124844283329139e+02,3.080944667255796503e+02,2.851827534940434248e+02,2.763877712632483394e+02,3.053491867602886600e+02,2.755985814127194544e+02,2.755679524596411056e+02,2.737776487645384691e+02,2.731842423948704095e+02,2.757264386183497322e+02,2.736812790532382564e+02,1.707372521589413518e+05,2.044829515989658475e+01,1.707597430016512519e+01
9.300000000000000000e+02,6.510000000000000000e+03,2.709699542130859413e+02,2.805857179638173875e+02,2.872674281488949646e+02,3.078706522862368047e+02,2.851912156687830020e+02,2.763159151840229697e+02,3.058044920393300004e+02,2.756463982046145134e+02,2.756164889761836321e+02,2.738675944156873925e+02,2.732350201487452068e+02,2.758139239202943713e+02,2.737793738189350279e+02,1.707698821578871284e+05,2.034991267938102766e+01,1.708691243352129163e+01
9.400000000000000000e+02,6.520000000000000000e+03,2.710109812422031155e+02,2.806692997274312802e+02,2.873197856395083818e+02,3.076411175491185759e+02,2.851974682804637951e+02,2.762435451528875205e+02,3.062545328444473967e+02,2.756923339665958110e+02,2.756631486190951250e+02,2.739570570795807498e+02,2.732856780704983066e+02,2.759010710266944102e+02,2.738770017148501097e+02,1.708014035358714464e+05,2.024938355127363820e+01,1.709724541673635656e+01
9.500000000000000000e+02,6.530000000000000000e+03,2.710521554597890486e+02,2.807515437406308934e+02,2.873695245639014502e+02,3.074058653046487279e+02,2.852014934740981289e+02,2.761706242283815982e+02,3.066992037424578257e+02,2.757363668111446486e+02,2.757079094299518829e+02,2.740460195143577948e+02,2.733362059905167030e+02,2.759878636072655809e+02,2.739741447247274664e+02,1.708318010980267427e+05,2.014672052171385275e+01,1.710696398604541457e+01
9.600000000000000000e+02,6.540000000000000000e+03,2.710934719794218495e+02,2.808324211832767219e+02,2.874166131347556075e+02,3.071648986234478116e+02,2.852032736893075935e+02,2.760971161183855429e+02,3.071384018003658412e+02,2.757784750835063505e+02,2.757507497131770720e+02,2.741344643555744938e+02,2.733865936677973423e+02,2.760742851720739282e+02,2.740707847003762367e+02,1.708610598708777106e+05,2.004193660739959881e+01,1.711605901715876854e+01
9.700000000000000000e+02,6.550000000000000000e+03,2.711349258205702881e+02,2.809119033679121458e+02,2.874610200712859296e+02,3.069182208638089833e+02,2.852027916597212425e+02,2.760229852640404715e+02,3.075720265790707799e+02,2.758186373784516263e+02,2.757916480017444769e+02,2.742223741323286390e+02,2.734368307896842794e+02,2.761603190775609846e+02,2.741669033714634338e+02,1.708891651036227704e+05,1.993504509393686064e+01,1.712452153168719349e+01
9.800000000000000000e+02,6.560000000000000000e+03,2.711765119085937386e+02,2.809899617280830171e+02,2.875027146400648235e+02,3.066658356745901983e+02,2.852000304199802940e+02,2.759481967632586930e+02,3.079999801243775437e+02,2.758568325445244227e+02,2.758305830836706036e+02,2.743097312630106330e+02,2.734869069758697151e+02,2.762459485327239008e+02,2.742624823534297320e+02,1.709161022692295955e+05,1.982605953415517774e+01,1.713234270187621888e+01
9.900000000000000000e+02,6.570000000000000000e+03,2.712182250756874851e+02,2.810665678460260324e+02,2.875416666416766702e+02,3.064077469998270544e+02,2.851949733112792842e+02,2.758727163822670718e+02,3.084221669567434674e+02,2.758930396839245986e+02,2.758675340021688385e+02,2.743965180694173114e+02,2.735368117826472485e+02,2.763311566048006398e+02,2.743575031467981944e+02,1.709418570656018564e+05,1.971499374638930391e+01,1.713951385611549938e+01
1.000000000000000000e+03,6.580000000000000000e+03,2.712600600611640402e+02,2.811416934613607168e+02,2.875778464108910839e+02,3.061439590805801458e+02,2.851876039802694436e+02,2.757965105462735664e+02,3.088384940599190713e+02,2.759272381599934079e+02,2.759024800639120372e+02,2.744827167784742414e+02,2.735865347057647909e+02,2.764159262254229930e+02,2.744519471511700885e+02,1.709664154165173823e+05,1.960186181272715800e+01,1.714602648424202869e+01
1.010000000000000000e+03,6.590000000000000000e+03,2.713020115125781331e+02,2.812153104641425898e+02,2.876112248217658021e+02,3.058744764621729360e+02,2.851779063846416875e+02,2.757195463312567085e+02,3.092488708680149330e+02,2.759594076012072605e+02,2.759354008356195891e+02,2.745683095348965708e+02,2.736360651838896274e+02,2.765002402043016332e+02,2.745457956689961065e+02,1.709897634726781980e+05,1.948667807722435086e+01,1.715187224265957155e+01
1.020000000000000000e+03,6.600000000000000000e+03,2.713440739862890609e+02,2.812873909357503521e+02,2.876417732900072224e+02,3.055993039978180832e+02,2.851658647962163968e+02,2.756417914540703578e+02,3.096532092527617124e+02,2.759895279052466890e+02,2.759662761539080407e+02,2.746532784029366212e+02,2.736853925948344113e+02,2.765840812127846107e+02,2.746390299111168360e+02,1.710118876125160314e+05,1.936945714408548724e+01,1.715704295963051607e+01
1.030000000000000000e+03,6.610000000000000000e+03,2.713862419482890687e+02,2.813579071342913949e+02,2.876694638091902902e+02,3.053184468497835269e+02,2.851514638190056985e+02,2.755632141543530906e+02,3.100514235028849725e+02,2.760175792429369039e+02,2.759950861515790166e+02,2.747376053747304923e+02,2.737345062884418212e+02,2.766674318136589932e+02,2.747316310061578406e+02,1.710327744430674065e+05,1.925021387581251986e+01,1.716153063849178295e+01
1.040000000000000000e+03,6.620000000000000000e+03,2.714285097750625368e+02,2.814268314957702160e+02,2.876942687810032453e+02,3.050319104916083006e+02,2.851346883339330134e+02,2.754837836468233832e+02,3.104434303156068040e+02,2.760435420621107596e+02,2.760218111648986223e+02,2.748212723768364185e+02,2.737833955473435026e+02,2.767502744568225808e+02,2.748235800037631407e+02,1.710524108006461756e+05,1.912896339132028345e+01,1.716532746891903827e+01
1.050000000000000000e+03,6.630000000000000000e+03,2.714708717548671757e+02,2.814941366625117780e+02,2.877161613019424067e+02,3.047397007223337937e+02,2.851155235828898640e+02,2.754034694027775458e+02,3.108291487724895319e+02,2.760673970914288020e+02,2.760464318811514772e+02,2.749042612757206143e+02,2.738320496159687991e+02,2.768325914952139328e+02,2.749148578837928767e+02,1.710707837516077270e+05,1.900572106401960326e+01,1.716842582260306926e+01
1.060000000000000000e+03,6.640000000000000000e+03,2.715133220881250509e+02,2.815597954808401937e+02,2.877351149557676990e+02,3.044418236632009211e+02,2.850939551256967093e+02,2.753222416260067575e+02,3.112085003232306235e+02,2.760891253435498243e+02,2.760689292492179447e+02,2.749865538868855879e+02,2.738804577018580630e+02,2.769143651795213827e+02,2.750054455620528415e+02,1.710878805928884831e+05,1.888050251986805250e+01,1.717081826360212915e+01
1.070000000000000000e+03,6.650000000000000000e+03,2.715558548893125135e+02,2.816237810066246539e+02,2.877511038685226481e+02,3.041382857608605264e+02,2.850699688489707455e+02,2.752400711346666071e+02,3.115814087646062376e+02,2.761087081196113786e+02,2.760892845043028387e+02,2.750681319816040968e+02,2.739286089758536491e+02,2.769955776719906453e+02,2.750953238972723511e+02,1.711036888526555267e+05,1.875332363538875313e+01,1.717249755207798501e+01
1.080000000000000000e+03,6.660000000000000000e+03,2.715984641873203600e+02,2.816860665213115453e+02,2.877641027160709086e+02,3.038290937945660062e+02,2.850435509694414691e+02,2.751569293351570309e+02,3.119478002192904569e+02,2.761261270122911355e+02,2.761074791717620656e+02,2.751489772911811542e+02,2.739764925772748256e+02,2.770762110519816019e+02,2.751844736978370634e+02,1.711181962906362023e+05,1.862420053565739053e+01,1.717345664820114237e+01
1.090000000000000000e+03,6.670000000000000000e+03,2.716411439270077608e+02,2.817466255309544749e+02,2.877740866754041917e+02,3.035142548767443600e+02,2.850146880079648781e+02,2.750727883395610434e+02,3.123076031135516359e+02,2.761413639018154527e+02,2.761234950696835426e+02,2.752290715144545175e+02,2.740240976153331189e+02,2.771562473224659016e+02,2.752728757284323251e+02,1.711313908986459137e+05,1.849314959225766941e+01,1.717368871814257147e+01
1.100000000000000000e+03,6.680000000000000000e+03,2.716838879705859426e+02,2.818054317833734217e+02,2.877810316150622612e+02,3.031937764658465539e+02,2.849833669117335830e+02,2.749876204935304713e+02,3.126607481539563196e+02,2.761544009844681682e+02,2.761373143137717534e+02,2.753083963309502451e+02,2.740714131805092961e+02,2.772356684184057372e+02,2.753605107180423488e+02,1.711432609010252636e+05,1.836018742120559466e+01,1.717318713197728641e+01
1.110000000000000000e+03,6.690000000000000000e+03,2.717266900989765190e+02,2.818624592654153957e+02,2.877849137850851093e+02,3.028676663586477957e+02,2.849495748720174788e+02,2.749013991031667956e+02,3.130071683031112570e+02,2.761652207405335275e+02,2.761489193190653282e+02,2.753869333964088923e+02,2.741184283358937819e+02,2.773144562119205148e+02,2.754473593652548971e+02,1.711537947547619697e+05,1.822533088084269792e+01,1.717194547725220133e+01
1.120000000000000000e+03,6.700000000000000000e+03,2.717695440123593471e+02,2.819176822155648097e+02,2.877857100535040900e+02,3.025359327015871713e+02,2.849132994500276368e+02,2.748140978974879545e+02,3.133467987540027480e+02,2.761738059594365495e+02,2.761582928032258337e+02,2.754646643579644660e+02,2.741651321297362074e+02,2.773925925206838201e+02,2.755334023459988657e+02,1.711629811497809133e+05,1.808859706969856873e+01,1.716995755629734788e+01
1.130000000000000000e+03,6.710000000000000000e+03,2.718124433324921938e+02,2.819710751267112983e+02,2.877833978319470702e+02,3.021985839938731147e+02,2.848745285499464899e+02,2.747256911777174082e+02,3.136795769041370932e+02,2.761801397361774661e+02,2.761654177887454580e+02,2.755415708588802204e+02,2.742115135973992892e+02,2.774700591145934823e+02,2.756186203208253573e+02,1.711708090091627964e+05,1.795000332432289269e+01,1.716721739137799219e+01
1.140000000000000000e+03,6.720000000000000000e+03,2.718553816043906295e+02,2.820226127596963011e+02,2.877779550784316598e+02,3.018556290906934692e+02,2.848332504197418302e+02,2.746361538054094922e+02,3.140054423285645271e+02,2.761842054748790929e+02,2.761702776064512932e+02,2.756176345454788930e+02,2.742575617644434374e+02,2.775468377235031880e+02,2.757029939409308668e+02,1.711772674893317744e+05,1.780956721708739821e+01,1.716371922830609975e+01
1.150000000000000000e+03,6.730000000000000000e+03,2.718983522965390875e+02,2.820722701427220045e+02,2.877693602991367925e+02,3.015070772084467876e+02,2.847894536525246849e+02,2.745454611970129690e+02,3.143243367515134992e+02,2.761859868913975902e+02,2.761728558972384349e+02,2.756928370736792431e+02,2.743032656501959536e+02,2.776229100441140076e+02,2.757865038553367754e+02,1.711823459799332777e+05,1.766730655395779337e+01,1.715945753973758769e+01
1.160000000000000000e+03,6.740000000000000000e+03,2.719413488036562399e+02,2.821200225795817005e+02,2.877575925469473646e+02,3.011529379285357777e+02,2.847431271882468309e+02,2.744535893182491577e+02,3.146362040183688578e+02,2.761854680154879134e+02,2.761731366149946325e+02,2.757671601166879327e+02,2.743486142717632674e+02,2.776982577484329227e+02,2.758691307187356756e+02,1.711860341040285712e+05,1.752323937223616923e+01,1.715442702839266076e+01
1.170000000000000000e+03,6.750000000000000000e+03,2.719843644478828537e+02,2.821658456572275782e+02,2.877426314224302928e+02,3.007932212009898194e+02,2.846942603150610580e+02,2.743605146776103538e+02,3.149409900658508832e+02,2.761826331937380701e+02,2.761711040301159983e+02,2.758405853700498369e+02,2.743935966483179527e+02,2.777728624883075099e+02,2.759508551969119026e+02,1.711883217179506028e+05,1.737738393827402206e+01,1.714862262995161046e+01
1.180000000000000000e+03,6.760000000000000000e+03,2.720273924806718924e+02,2.822097152570303251e+02,2.877244570727443715e+02,3.004279373495384107e+02,2.846428426709230735e+02,2.742662143224008560e+02,3.152386428924630764e+02,2.761774670909682072e+02,2.761667427264849266e+02,2.759130945606673322e+02,2.744382018029064056e+02,2.778467059055833488e+02,2.760316579748364347e+02,1.711891989112874726e+05,1.722975874515626771e+01,1.714203951579215612e+01
1.190000000000000000e+03,6.770000000000000000e+03,2.720704260838906521e+02,2.822516075448756965e+02,2.877030501911183933e+02,3.000570970754383779e+02,2.845888642448579731e+02,2.741706658327872788e+02,3.155291125275886088e+02,2.761699546929245912e+02,2.761600376114847109e+02,2.759846694522932466e+02,2.744824187693803879e+02,2.779197696384466099e+02,2.761115197627501630e+02,1.711886560066623788e+05,1.708038251035649324e+01,1.713467309573302444e+01
1.200000000000000000e+03,6.780000000000000000e+03,2.721134583722890738e+02,2.822914990006595417e+02,2.876783920160847856e+02,2.996807114608847655e+02,2.845323153783427301e+02,2.740738473165345113e+02,3.158123510001584009e+02,2.761600813027084200e+02,2.761509739131388983e+02,2.760552918533663842e+02,2.745262365938573907e+02,2.779920353287405987e+02,2.761904213044696803e+02,1.711866835596309975e+05,1.692927417336374418e+01,1.712651902018120254e+01
1.210000000000000000e+03,6.790000000000000000e+03,2.721564823946953311e+02,2.823293663789235097e+02,2.876504643319703973e+02,2.992987919757318878e+02,2.844731867655013389e+02,2.739757374056368917e+02,3.160883123072048875e+02,2.761478325622977081e+02,2.761395371820813125e+02,2.761249436210335944e+02,2.745696443379781044e+02,2.780634846297493823e+02,2.762683433817512650e+02,1.711832723583468469e+05,1.677645289328118849e+01,1.711757318293594921e+01
1.220000000000000000e+03,6.800000000000000000e+03,2.721994911365859480e+02,2.823651867692893802e+02,2.876192494739424319e+02,2.989113504785436248e+02,2.844114694610838114e+02,2.738763152485017827e+02,3.163569523862321375e+02,2.761331944281337201e+02,2.761257132941971690e+02,2.761936066444097264e+02,2.746126310833236630e+02,2.781340992128091330e+02,2.763452668227387221e+02,1.711784134234188823e+05,1.662193804639693440e+01,1.710783172289947274e+01
1.230000000000000000e+03,6.810000000000000000e+03,2.722424775206640106e+02,2.823989375830312838e+02,2.875847302930746991e+02,2.985183992228566581e+02,2.843471548562177986e+02,2.737755605082704733e+02,3.166182290623714266e+02,2.761161531849066932e+02,2.761094884516497814e+02,2.762612629642537172e+02,2.746551859355274701e+02,2.782038607754982991e+02,2.764211725207242694e+02,1.711720980073930696e+05,1.646574922372727912e+01,1.709729102464672224e+01
1.240000000000000000e+03,6.820000000000000000e+03,2.722854344105156201e+02,2.824305965368196780e+02,2.875468902195526653e+02,2.981199508604842094e+02,2.842802347217343026e+02,2.736734533559908300e+02,3.168721020505018942e+02,2.760966954496438461e+02,2.760908491863792733e+02,2.763278945963818387e+02,2.746972980275349983e+02,2.782727510488219878e+02,2.764960413892778774e+02,1.711643175946401898e+05,1.630790622853277227e+01,1.708594772269703554e+01
1.250000000000000000e+03,6.830000000000000000e+03,2.723283546109062740e+02,2.824601416765821114e+02,2.875057132031494120e+02,2.977160184468564808e+02,2.842107011723487631e+02,2.735699744649539298e+02,3.171185328917154607e+02,2.760748081702713534e+02,2.760697823588133133e+02,2.763934836687365078e+02,2.747389565227889534e+02,2.783407518044970175e+02,2.765698544541465367e+02,1.711550639007338323e+05,1.614842907380732129e+01,1.707379870093997809e+01
1.260000000000000000e+03,6.840000000000000000e+03,2.723712308708516048e+02,2.824875513798604061e+02,2.874611837375707637e+02,2.973066154437324826e+02,2.841385466832512066e+02,2.734651050107375454e+02,3.173574849324631941e+02,2.760504786269685837e+02,2.760462751608415033e+02,2.764580123932587981e+02,2.747801506192823808e+02,2.784078448601748619e+02,2.766425927949512698e+02,1.711443288721383142e+05,1.598733797974078463e+01,1.706084109466488385e+01
1.270000000000000000e+03,6.850000000000000000e+03,2.724140558850547222e+02,2.825128043540127010e+02,2.874132868558685914e+02,2.968917557247124250e+02,2.840637640873129044e+02,2.733588266630505359e+02,3.175889232885672300e+02,2.760236944334500322e+02,2.760203151166871862e+02,2.765214630719799516e+02,2.748208695524307359e+02,2.784740120908501240e+02,2.767142375723186660e+02,1.711321046856779139e+05,1.582465337115519510e+01,1.704707229151035008e+01
1.280000000000000000e+03,6.860000000000000000e+03,2.724568222960234607e+02,2.825358796479667944e+02,2.873620081277662166e+02,2.964714535787682053e+02,2.839863465759728456e+02,2.732511215821714927e+02,3.178128148110317852e+02,2.759944435384558119e+02,2.759918900844012342e+02,2.765838181034034164e+02,2.748611025991408496e+02,2.785392354327307771e+02,2.767847700326498170e+02,1.711183837480326765e+05,1.566039587491510332e+01,1.703248993238415210e+01
1.290000000000000000e+03,6.870000000000000000e+03,2.724995226962031438e+02,2.825567566521881986e+02,2.873073336590241524e+02,2.960457237146562193e+02,2.839062876997198828e+02,2.731419724149358217e+02,3.180291280519240900e+02,2.759627142264275790e+02,2.759609882565689531e+02,2.766450599887911039e+02,2.749008390808264721e+02,2.786034968910364569e+02,2.768541715152953202e+02,1.711031586951756035e+05,1.549458631731229019e+01,1.701709191219362083e+01
1.300000000000000000e+03,6.880000000000000000e+03,2.725421496303984554e+02,2.825754151009134603e+02,2.872492500893299621e+02,2.956145812653254552e+02,2.838235813679870603e+02,2.730313622904566273e+02,3.182378332299745125e+02,2.759284951188568016e+02,2.759275981613439512e+02,2.767051713384215645e+02,2.749400683675144137e+02,2.786667785475959818e+02,2.769224234612403279e+02,1.710864223918609787e+05,1.532724572142520358e+01,1.700087638036230686e+01
1.310000000000000000e+03,6.890000000000000000e+03,2.725846955970546901e+02,2.825918350864827744e+02,2.871877445912823532e+02,2.951780417922395827e+02,2.837382218497730264e+02,2.729192748161433428e+02,3.184389021963473283e+02,2.758917751751313858e+02,2.758917086638534784e+02,2.767641348780576891e+02,2.749787798794650939e+02,2.787290625673848581e+02,2.769895074098053556e+02,1.710681679309468891e+05,1.515839530445339278e+01,1.698384174123264501e+01
1.320000000000000000e+03,6.900000000000000000e+03,2.726271530511015726e+02,2.826059970462204092e+02,2.871228048680325173e+02,2.947361212891930791e+02,2.836502037734510964e+02,2.728056940734758200e+02,3.186323083997380081e+02,2.758525436931763011e+02,2.758533089661771669e+02,2.768219334544015737e+02,2.750169630929030973e+02,2.787903312057916310e+02,2.770554050196942057e+02,1.710483886327875080e+05,1.498805647502741856e+01,1.696598665415024243e+01
1.330000000000000000e+03,6.910000000000000000e+03,2.726695144057656535e+02,2.826178817777370114e+02,2.870544191518747539e+02,2.942888361869790970e+02,2.835595221268954447e+02,2.726906046140641138e+02,3.188180268523473728e+02,2.758107903103956460e+02,2.758123886085311369e+02,2.768785500416707919e+02,2.750546075412652272e+02,2.788505668150947940e+02,2.771200980651830150e+02,1.710270780445656274e+05,1.481625083049439695e+01,1.694731003353131271e+01
1.340000000000000000e+03,6.920000000000000000e+03,2.727117720348203420e+02,2.826274704391735213e+02,2.869825762022965705e+02,2.938362033576383965e+02,2.834661722574838905e+02,2.725739914556403960e+02,3.189960340953113587e+02,2.757665050039868788e+02,2.757689374698200595e+02,2.769339677471354548e+02,2.750917028195262901e+02,2.789097518509651081e+02,2.771835684446822370e+02,1.710042299395950977e+05,1.464300015417968481e+01,1.692781104864837260e+01
1.350000000000000000e+03,6.930000000000000000e+03,2.727539182748047324e+02,2.826347445515511367e+02,2.869072653046299592e+02,2.933782401183986508e+02,2.833701498705719928e+02,2.724558400784022751e+02,3.191663081646568116e+02,2.757196780918363856e+02,2.757229457682853422e+02,2.769881698174471012e+02,2.751282385860949375e+02,2.789678688807285880e+02,2.772457981869748664e+02,1.709798383166294079e+05,1.446832641262495933e+01,1.690748912325464204e+01
1.360000000000000000e+03,6.940000000000000000e+03,2.727959454271953064e+02,2.826396860023135105e+02,2.868284762662037792e+02,2.929149642363220778e+02,2.832714510333354383e+02,2.723361364210262536e+02,3.193288285562560986e+02,2.756703002327699892e+02,2.756744040617345490e+02,2.770411396435198412e+02,2.751642045672923018e+02,2.790249005875663215e+02,2.773067694574968982e+02,1.709538973991062085e+05,1.429225175280306281e+01,1.688634393514645637e+01
1.370000000000000000e+03,6.950000000000000000e+03,2.728378457603906213e+02,2.826422770492464451e+02,2.867461994161748180e+02,2.924463939323551358e+02,2.831700721705117303e+02,2.722148668767915751e+02,3.194835761925738211e+02,2.756183624270269092e+02,2.756233032482761018e+02,2.770928607671254440e+02,2.751995905594920941e+02,2.790808297786688286e+02,2.773664645636666819e+02,1.709264016344258562e+05,1.411479849930998043e+01,1.686437541541887342e+01
1.380000000000000000e+03,6.960000000000000000e+03,2.728796115123672053e+02,2.826425003155960098e+02,2.866604256031817499e+02,2.919725478857181429e+02,2.830660100644031445e+02,2.720920182900823079e+02,3.196305333888493010e+02,2.755638560162040562e+02,2.755696345657214579e+02,2.771433168907136064e+02,2.752343864321449587e+02,2.791356393906408471e+02,2.774248659606566889e+02,1.708973456930849934e+05,1.393598915153430085e+01,1.684158374756822241e+01
1.390000000000000000e+03,6.970000000000000000e+03,2.729212348926484424e+02,2.826403388154609502e+02,2.865711461921187038e+02,2.914934452382527184e+02,2.829592618567299951e+02,2.719675779525967982e+02,3.197696838189266373e+02,2.755067726844494018e+02,2.755133895931550683e+02,2.771924918635694439e+02,2.752685821314306054e+02,2.791893124967339759e+02,2.774819562577956731e+02,1.708667244680217700e+05,1.375584638080448130e+01,1.681796936659785757e+01
1.400000000000000000e+03,6.980000000000000000e+03,2.729627080905078174e+02,2.826357758822679216e+02,2.864783530569719119e+02,2.910091055857611764e+02,2.828498250483283982e+02,2.718415335998748787e+02,3.199010124822775083e+02,2.754471044560238511e+02,2.754545602500271571e+02,2.772403697320644369e+02,2.753021676889327978e+02,2.792418323267920641e+02,2.775377182230851076e+02,1.708345330733534647e+05,1.357439302751437538e+01,1.679353295732897422e+01
1.410000000000000000e+03,6.990000000000000000e+03,2.730040281547421728e+02,2.826289679263496737e+02,2.863857485509847720e+02,2.905338713274599058e+02,2.827557720199661162e+02,2.717158315578975589e+02,3.200264531861848809e+02,2.753872456643030091e+02,2.753955407701186573e+02,2.772869921570264751e+02,2.753351847450853143e+02,2.792932408182679183e+02,2.775921923004824521e+02,1.708030701046149770e+05,1.362396675993839423e+01,1.677026416712491397e+01
1.420000000000000000e+03,7.000000000000000000e+03,2.730451947849062435e+02,2.826201013564782443e+02,2.862954034392412268e+02,2.900704404697916630e+02,2.826804794205795019e+02,2.715912972568333430e+02,3.201468168498774958e+02,2.753279572808239664e+02,2.753370920348737627e+02,2.773324102198349692e+02,2.753676807970094842e+02,2.793435899667528020e+02,2.776454283288815645e+02,1.707729492615316994e+05,1.373621314134800286e+01,1.674829800377632694e+01
1.430000000000000000e+03,7.010000000000000000e+03,2.730862084504062750e+02,2.826093533971272791e+02,2.862078977412566587e+02,2.896178293300552014e+02,2.826226773244522974e+02,2.714681945078135641e+02,3.202623534711256070e+02,2.752693482986068148e+02,2.752793229411617517e+02,2.773766690822374130e+02,2.753996955791236587e+02,2.793929254918937204e+02,2.776974702776084314e+02,1.707441467847173335e+05,1.384715142950576805e+01,1.672739967254255333e+01
1.440000000000000000e+03,7.020000000000000000e+03,2.731270699172500258e+02,2.825968963610735614e+02,2.861233790645929957e+02,2.891754399569330189e+02,2.825815799533518771e+02,2.713467003541595659e+02,3.203732268674609713e+02,2.752115037949922680e+02,2.752223184738829218e+02,2.774198103575405412e+02,2.754312639287443290e+02,2.794412889196248670e+02,2.777483586031185609e+02,1.707166396122753504e+05,1.395676755848952055e+01,1.670748536746113189e+01
1.450000000000000000e+03,7.030000000000000000e+03,2.731677801068125291e+02,2.825828967140296299e+02,2.860418649050451450e+02,2.887428266408280706e+02,2.825565895499108251e+02,2.712269410013810216e+02,3.204795506221236110e+02,2.751544904460356520e+02,2.751661452048596743e+02,2.774618733932348960e+02,2.754624174246003463e+02,2.794887189063998676e+02,2.777981315335952104e+02,1.706904049939207616e+05,1.406504763001431257e+01,1.668851003205962868e+01
1.460000000000000000e+03,7.040000000000000000e+03,2.732083400486562823e+02,2.825675137841884634e+02,2.859633315089156440e+02,2.883196171348198504e+02,2.825471965585754788e+02,2.711090102681259282e+02,3.205814065615736581e+02,2.750983617259612402e+02,2.751108565019841876e+02,2.775028959144538021e+02,2.754931852618041148e+02,2.795352520219493044e+02,2.778468257127300944e+02,1.706654203810248582e+05,1.417197791519461525e+01,1.667043977060843929e+01
1.470000000000000000e+03,7.050000000000000000e+03,2.732487508623437975e+02,2.825508990572767516e+02,2.858877412036525811e+02,2.879054825147867973e+02,2.825529416356127967e+02,2.709929797785953269e+02,3.206788549733028049e+02,2.750431614688658328e+02,2.750564960897337414e+02,2.775429143800554357e+02,2.755235947573661974e+02,2.795809231959092926e+02,2.778944765556003631e+02,1.706416633887088974e+05,1.427754485628499026e+01,1.665324465340905746e+01
1.480000000000000000e+03,7.060000000000000000e+03,2.732890137494843543e+02,2.825331959001468363e+02,2.858150512126105696e+02,2.875001236826168451e+02,2.825733988362294440e+02,2.708789051091576994e+02,3.207719407668579379e+02,2.749889261848105093e+02,2.750031003674732801e+02,2.775819641947556420e+02,2.755536716615752084e+02,2.796257659975403840e+02,2.779411184633430594e+02,1.706191117781100329e+05,1.438173506839909699e+01,1.663689669012851624e+01
1.490000000000000000e+03,7.070000000000000000e+03,2.733291299887577566e+02,2.825145395730065729e+02,2.857452166402002831e+02,2.871032642319418073e+02,2.826081668900416162e+02,2.707668297840045852e+02,3.208606974794592475e+02,2.749356865901314677e+02,2.749506999402917131e+02,2.776200798425356879e+02,2.755834403635067815e+02,2.796698128178501292e+02,2.779867849507230630e+02,1.705977434451710433e+05,1.448453534120676522e+01,1.662136919387728184e+01
1.500000000000000000e+03,7.080000000000000000e+03,2.733691009326328185e+02,2.824950574082558887e+02,2.856781915377653149e+02,2.867146460897521933e+02,2.826568639854311868e+02,2.706567880233437222e+02,3.209451500293400841e+02,2.748834686566377741e+02,2.748993206691689579e+02,2.776572949670056687e+02,2.756129240323249405e+02,2.797130949942367124e+02,2.780315087335346220e+02,1.705775364116775745e+05,1.458593264060893269e+01,1.660663654531356670e+01
1.510000000000000000e+03,7.090000000000000000e+03,2.734089280036484411e+02,2.824748690772952386e+02,2.856139293109903292e+02,2.863340265574017849e+02,2.827191243009214077e+02,2.705488067115446142e+02,3.210253166851600781e+02,2.748322943668794665e+02,2.748489844252065950e+02,2.776936424252878624e+02,2.756421447192763026e+02,2.797556428939991520e+02,2.780753217779263764e+02,1.705584688174570911e+05,1.468591411039026440e+01,1.659267408096417284e+01
1.520000000000000000e+03,7.100000000000000000e+03,2.734486126923515030e+02,2.824540869196179074e+02,2.855523828972022784e+02,2.859611761489019273e+02,2.827945955222681960e+02,2.704429068459401719e+02,3.211012105142294786e+02,2.747821822732535111e+02,2.747997096513109341e+02,2.777291543199552848e+02,2.756711234318725019e+02,2.797974859693288749e+02,2.781182553330380642e+02,1.705405189134125249e+05,1.478446707384916792e+01,1.657945802313256678e+01
1.530000000000000000e+03,7.110000000000000000e+03,2.734881565525312794e+02,2.824328162825436266e+02,2.854935048529849837e+02,2.855958769405966109e+02,2.828829369741624760e+02,2.703391046238395461e+02,3.211728404664482355e+02,2.747331479333176389e+02,2.747515117968761160e+02,2.777638620185113041e+02,2.756998801936606469e+02,2.798386528047680599e+02,2.781603399501133254e+02,1.705236650548818579e+05,1.488157903540510851e+01,1.656696542562945496e+01
1.540000000000000000e+03,7.120000000000000000e+03,2.735275611989765707e+02,2.824111558761927654e+02,2.854372474110319899e+02,2.852379212670997504e+02,2.829838181668162065e+02,2.702374122723597338e+02,3.212402122003123850e+02,2.746852042544533106e+02,2.747044036626361390e+02,2.777977961658957042e+02,2.757284340910451874e+02,2.798791711449480317e+02,2.782016054948528563e+02,1.705078856957369717e+05,1.497723768218291873e+01,1.655517412654019083e+01
1.550000000000000000e+03,7.130000000000000000e+03,2.735668283034921728e+02,2.823891981199023462e+02,2.853835625223609895e+02,2.848871106701282656e+02,2.830969176367639193e+02,2.701378386883889107e+02,3.213033287180766138e+02,2.746383617742703791e+02,2.746583956807834852e+02,2.778309866917506383e+02,2.757568033132857295e+02,2.799190679199970191e+02,2.782420811545594006e+02,1.704931593827566830e+05,1.507143088557394961e+01,1.654406270498326492e+01
1.560000000000000000e+03,7.140000000000000000e+03,2.736059595917890306e+02,2.823670294810664245e+02,2.853324018931125465e+02,2.845432550304800543e+02,2.832219220056718427e+02,2.700403899384505166e+02,3.213621908600322286e+02,2.745926288920899196e+02,2.746134961472092186e+02,2.778634628159136355e+02,2.757850051876612838e+02,2.799583692656382823e+02,2.782817954427586074e+02,1.704794647505194298e+05,1.516414670277386278e+01,1.653361044062641128e+01
1.570000000000000000e+03,7.150000000000000000e+03,2.736449568391016101e+02,2.823447307964131028e+02,2.852837170163493852e+02,2.842061718482968899e+02,2.833585252025647492e+02,2.699450696529905827e+02,3.214167976929111887e+02,2.745480120628452596e+02,2.745697114153834377e+02,2.778952530535825645e+02,2.758130562114076838e+02,2.799971005403478443e+02,2.783207762025176066e+02,1.704667805165884783e+05,1.525537337829688234e+01,1.652379727558815858e+01
1.580000000000000000e+03,7.160000000000000000e+03,2.736838218675859480e+02,2.823223775805940932e+02,2.852374592033849581e+02,2.838756856297620743e+02,2.835064278147624464e+02,2.698518793404017515e+02,3.214671468175722566e+02,2.745045159625705651e+02,2.745270460615144543e+02,2.779263852151067340e+02,2.758409720813154422e+02,2.800352863409101474e+02,2.783590506096925878e+02,1.704550854772074381e+05,1.534509934546624876e+01,1.651460377839200078e+01
1.590000000000000000e+03,7.170000000000000000e+03,2.737225565418906399e+02,2.823000403198915933e+02,2.851935796091713655e+02,2.835516273650320613e+02,2.836653365369315907e+02,2.697608186387105320e+02,3.215132346145524025e+02,2.744621436297157970e+02,2.744855030260672493e+02,2.779568864135008539e+02,2.758687677222413299e+02,2.800729505169502431e+02,2.783966451770511412e+02,1.704443585032518313e+05,1.543331322788079163e+01,1.650601110981824604e+01
1.600000000000000000e+03,7.180000000000000000e+03,2.737611627660937756e+02,2.822777847403679061e+02,2.851520292609833405e+02,2.832338340738585885e+02,2.838349637024105050e+02,2.696718855212831158e+02,3.215550564423965625e+02,2.744208965873359034e+02,2.744450837363893925e+02,2.779867830662886945e+02,2.758964573136688614e+02,2.801101161852519681e+02,2.784335857543802035e+02,1.704345785365008633e+05,1.552000384085734197e+01,1.649800099060799852e+01
1.610000000000000000e+03,7.190000000000000000e+03,2.737996424800312525e+02,2.822556720685325899e+02,2.851127590795688320e+02,2.829221484114652299e+02,2.840150268768047113e+02,2.695850764641507453e+02,3.215926067986058570e+02,2.743807749510441454e+02,2.744057882140206743e+02,2.780161009005721553e+02,2.759240543160458401e+02,2.801468057425736333e+02,2.784698975357007953e+02,1.704257245863601565e+05,1.560516019284882816e+01,1.649055567093181551e+01
1.620000000000000000e+03,7.200000000000000000e+03,2.738379976558515523e+02,2.822337592720788280e+02,2.850757199020956136e+02,2.826164183174825553e+02,2.842052485049562165e+02,2.695003865853469165e+02,3.216258794519488902e+02,2.743417775226895401e+02,2.743676151690603433e+02,2.780448649577326705e+02,2.759515714960667765e+02,2.801830408810079689e+02,2.785056050607480529e+02,1.704177757267374545e+05,1.568877148683791489e+01,1.648365790133521713e+01
1.630000000000000000e+03,7.210000000000000000e+03,2.738762302943594023e+02,2.822120992863776223e+02,2.850408625025161200e+02,2.823164967050000200e+02,2.844053556012229933e+02,2.694178097606142046e+02,3.216548675519146627e+02,2.743039018745084263e+02,2.743305620836691787e+02,2.780730995985284721e+02,2.759790209515579136e+02,2.802188425993165311e+02,2.785407322234715366e+02,1.704107110933212098e+05,1.577082712170597034e+01,1.647729090529454510e+01
1.640000000000000000e+03,7.220000000000000000e+03,2.739143424221640544e+02,2.821907412260394494e+02,2.850081376100175703e+02,2.820222411807262120e+02,2.846150794757732569e+02,2.693373387226176305e+02,3.216795637189682111e+02,2.742671444240862684e+02,2.742946252875620416e+02,2.781008285094462167e+02,2.760064141354615685e+02,2.802542312176880159e+02,2.785753022737122819e+02,1.704045098810357158e+05,1.585131669357716788e+01,1.647143835317257299e+01
1.650000000000000000e+03,7.230000000000000000e+03,2.739523360877734603e+02,2.821697305844407992e+02,2.849774959264285030e+02,2.817335137925730919e+02,2.848341554912792049e+02,2.692589651443007597e+02,3.216999601225620609e+02,2.742315005015539100e+02,2.742598000252974657e+02,2.781280747089282386e+02,2.760337618786786607e+02,2.802892263905589516e+02,2.786093378248044132e+02,1.703991513418246177e+05,1.593022999713760512e+01,1.646608433755029566e+01
1.660000000000000000e+03,7.240000000000000000e+03,2.739902133590312587e+02,2.821491094197004941e+02,2.849488881422850000e+02,2.814501807993788134e+02,2.850623228458218819e+02,2.691826797113252496e+02,3.217160485462080715e+02,2.741969644110211561e+02,2.742260805170686808e+02,2.781548605540425569e+02,2.760610744130582361e+02,2.803238471198704929e+02,2.786428608586825248e+02,1.703946147826699889e+05,1.600755702692924842e+01,1.646121334980073314e+01
1.670000000000000000e+03,7.250000000000000000e+03,2.740279763197031002e+02,2.821289165300934201e+02,2.849222649512549310e+02,2.811721124603691351e+02,2.852993243773736936e+02,2.691084721852067787e+02,3.217278204431634094e+02,2.741635294860084286e+02,2.741934600149628523e+02,2.781812077477666776e+02,2.760883613932364256e+02,2.803581117686961761e+02,2.786758927332330131e+02,1.703908795638392330e+05,1.608328797861852522e+01,1.645681025786879914e+01
1.680000000000000000e+03,7.260000000000000000e+03,2.740656270662500447e+02,2.821091876181884572e+02,2.848975770645371313e+02,2.808991828418463683e+02,2.855449063877631488e+02,2.690363314593016639e+02,3.217352669854227543e+02,2.741311881405122790e+02,2.741619308532825130e+02,2.782071373463245436e+02,2.761156319180394121e+02,2.803920380721197034e+02,2.787084541883804150e+02,1.703879250973333837e+05,1.615741325023941855e+01,1.645286028519875998e+01
1.690000000000000000e+03,7.270000000000000000e+03,2.741031677052266105e+02,2.820899554451494851e+02,2.848747752230427750e+02,2.806312696361529788e+02,2.857988184837324752e+02,2.689662456074057673e+02,3.217383791057776534e+02,2.740999319160709433e+02,2.741314844960949699e+02,2.782326697666798623e+02,2.761428945509182427e+02,2.804256431531026692e+02,2.787405653533000986e+02,1.703857308455767925e+05,1.622992344341090387e+01,1.644934899064737266e+01
1.700000000000000000e+03,7.280000000000000000e+03,2.741406003502499971e+02,2.820712499760409742e+02,2.848538102095091631e+02,2.803682539971082974e+02,2.860608134321007583e+02,2.688982019287655021e+02,3.217371475349541470e+02,2.740697515254288419e+02,2.741021115804352917e+02,2.782578247943767451e+02,2.761701573398501068e+02,2.804589435329606886e+02,2.787722457528833502e+02,1.703842763203287032e+05,1.630080936452857898e+01,1.644626224953079330e+01
1.710000000000000000e+03,7.290000000000000000e+03,2.741779271190937379e+02,2.820530985163004516e+02,2.848346328599312756e+02,2.801100203825836275e+02,2.863306470286183867e+02,2.688321869875330208e+02,3.217315628353238708e+02,2.740406368919788065e+02,2.740738019567778565e+02,2.782826215919221795e+02,2.761974278363480835e+02,2.804919551439725751e+02,2.788035143162401255e+02,1.703835410817071679e+05,1.637006202593033066e+01,1.644358623544727038e+01
1.720000000000000000e+03,7.300000000000000000e+03,2.742151501312812343e+02,2.820355258413669048e+02,2.848171940696989850e+02,2.798564564197215532e+02,2.866080779782151922e+02,2.687681866491400342e+02,3.217216154271835649e+02,2.740125771887154542e+02,2.740465447258414429e+02,2.783070787061047895e+02,2.762247131140347847e+02,2.805246933414067030e+02,2.788343893829384115e+02,1.703835047375164577e+05,1.643767264703587117e+01,1.644130740329652696e+01
1.730000000000000000e+03,7.310000000000000000e+03,2.742518495942812251e+02,2.820135436135605573e+02,2.845899959478956589e+02,2.795573927137536998e+02,2.862629319260498733e+02,2.686936268130510825e+02,3.201824587920938825e+02,2.739123136117187300e+02,2.739470809220306364e+02,2.783277363239735678e+02,2.762485168967402842e+02,2.805530650455862087e+02,2.788614086528928624e+02,1.702547426264031965e+05,3.419248190289977174e+00,1.629545427527613199e+01
1.740000000000000000e+03,7.320000000000000000e+03,2.742879199405781492e+02,2.819848206645599475e+02,2.843035840094561877e+02,2.792521328349179157e+02,2.859510499861841595e+02,2.686134915396055476e+02,3.187769529440814722e+02,2.737992407720105348e+02,2.738348047892054637e+02,2.783449142134819567e+02,2.762693191705840263e+02,2.805773816541529300e+02,2.788848893065320453e+02,1.701271379136204196e+05,3.419248190289977174e+00,1.617971695415027966e+01
1.750000000000000000e+03,7.330000000000000000e+03,2.743233314104687679e+02,2.819484566020423699e+02,2.840010052133792442e+02,2.789430430180206599e+02,2.856509807412742816e+02,2.685298867227021447e+02,3.174456973447741461e+02,2.736779226997135765e+02,2.737142803287309221e+02,2.783588496025726045e+02,2.762874742991938319e+02,2.805979453925614848e+02,2.789050657541416172e+02,1.700005958453381318e+05,3.419248190289977174e+00,1.607345327554702052e+01
1.760000000000000000e+03,7.340000000000000000e+03,2.743580747062109708e+02,2.819042446079212709e+02,2.836948264444882852e+02,2.786317931933124328e+02,2.853562330764620469e+02,2.684437052823254248e+02,3.161674568498646067e+02,2.735506711941491176e+02,2.735878194373584051e+02,2.783697062909027977e+02,2.763032185463162591e+02,2.806149776396323432e+02,2.789220988970955659e+02,1.698750715954413754e+05,3.419248190289977174e+00,1.597167180738080816e+01
1.770000000000000000e+03,7.350000000000000000e+03,2.743921468358281004e+02,2.818523014400381044e+02,2.833888699692830642e+02,2.783195306357844743e+02,2.850647806771550563e+02,2.683553409711792597e+02,3.149330289923619830e+02,2.734187869048776065e+02,2.734567228402034402e+02,2.783776079505470307e+02,2.763167239641362016e+02,2.806286490382852890e+02,2.789361095173032936e+02,1.697505339338360354e+05,3.419248190289977174e+00,1.587301324219831855e+01
1.780000000000000000e+03,7.360000000000000000e+03,2.744255470044140566e+02,2.817928919068106097e+02,2.830843409912592392e+02,2.780070546071584658e+02,2.847759859939650369e+02,2.682649760398903140e+02,3.137374333101905108e+02,2.732830873585084532e+02,2.733218080419999865e+02,2.783826547553843511e+02,2.763281265672318909e+02,2.806390997023775071e+02,2.789471949449605859e+02,1.696269562613371527e+05,3.419248190289977174e+00,1.577701455231691696e+01
1.790000000000000000e+03,7.370000000000000000e+03,2.744582752769297258e+02,2.817263459476146181e+02,2.827816271581468754e+02,2.776949325691818444e+02,2.844896564337860241e+02,2.681727018745361306e+02,3.125774010507900016e+02,2.731441375857692151e+02,2.731836399885793867e+02,2.783849320999078145e+02,2.763375401650276899e+02,2.806464501321489706e+02,2.789554377906293894e+02,1.695043141991423327e+05,3.419248190289977174e+00,1.568345371935682309e+01
1.800000000000000000e+03,7.380000000000000000e+03,2.744903321066249759e+02,2.816530184425342327e+02,2.824808509825510896e+02,2.773835744290230991e+02,2.842057409350672970e+02,2.680785719793987028e+02,3.114504830117498386e+02,2.730023579420646342e+02,2.730426388926309187e+02,2.783845156352433605e+02,2.763450636658448616e+02,2.806508073808045083e+02,2.789609109940473672e+02,1.693825848483433947e+05,3.419248190289977174e+00,1.559218275943097254e+01
1.810000000000000000e+03,7.390000000000000000e+03,2.745217181611718615e+02,2.815732692210377763e+02,2.821820467753522053e+02,2.770732804245725447e+02,2.839242289729346567e+02,2.679826260218725906e+02,3.103546906086567105e+02,2.728580785567592670e+02,2.728991346906793751e+02,2.783814744013880613e+02,2.763507853327226940e+02,2.806522688435529176e+02,2.789636809531434665e+02,1.692617465095991502e+05,3.419248190289977174e+00,1.550308171568232396e+01
1.820000000000000000e+03,7.400000000000000000e+03,2.745524342607812400e+02,2.814874525574833797e+02,2.818852192441883062e+02,2.767642731510808289e+02,2.836451167850149204e+02,2.678849007746429152e+02,3.092883303517609193e+02,2.727115689593245520e+02,2.727533967002995610e+02,2.783758728326918686e+02,2.763547854588333053e+02,2.806509247253343915e+02,2.789638095304919716e+02,1.691417785429016803e+05,3.419248190289977174e+00,1.541604465964157455e+01
1.830000000000000000e+03,7.410000000000000000e+03,2.745824813568984837e+02,2.813959117007389636e+02,2.815903633087715434e+02,2.764567192175844070e+02,2.833683967762067368e+02,2.677854348472687889e+02,3.082499167307132097e+02,2.725630554874508675e+02,2.726056510222310294e+02,2.783677720584450981e+02,2.763571381302014061e+02,2.806468597059766807e+02,2.789613553650619338e+02,1.690226612758577103e+05,3.419248190289977174e+00,1.533097483115900417e+01
1.840000000000000000e+03,7.420000000000000000e+03,2.746118605282031240e+02,2.812989760350820916e+02,2.812974707761860600e+02,2.761507442673503760e+02,2.830940550479328977e+02,2.676842704024447812e+02,3.072381209163988842e+02,2.724127321728572042e+02,2.724560914440937722e+02,2.783572307555208454e+02,2.763579124213109139e+02,2.806401540746123828e+02,2.789563747190801450e+02,1.689043759321598918e+05,3.419248190289977174e+00,1.524778262154790909e+01
1.850000000000000000e+03,7.430000000000000000e+03,2.746405729801953157e+02,2.811969597163821390e+02,2.810065324800258395e+02,2.758464435393930216e+02,2.828220716917643358e+02,2.675814534130981883e+02,3.062517377796377787e+02,2.722607679942312870e+02,2.723048866961008798e+02,2.783443056984028772e+02,2.763571732192269792e+02,2.806308845097600511e+02,2.789489220300133070e+02,1.687869045705200697e+05,3.419248190289977174e+00,1.516638453080590310e+01
1.860000000000000000e+03,7.440000000000000000e+03,2.746686200475156170e+02,2.810901612364782522e+02,2.807175388547208286e+02,2.755438894087359358e+02,2.825524218821839213e+02,2.674770332439729827e+02,3.052896632423233996e+02,2.721073119514587120e+02,2.721521855258810092e+02,2.783290521132843764e+02,2.763549817986985317e+02,2.806191246197468558e+02,2.789390502671436707e+02,1.686702300302520161e+05,3.419248190289977174e+00,1.508670249829399346e+01
1.870000000000000000e+03,7.450000000000000000e+03,2.746960031955624686e+02,2.809788634821090909e+02,2.804304800182734425e+02,2.752431368463157924e+02,2.822850770764028994e+02,2.673710619742176391e+02,3.043508779378743156e+02,2.719524967539620661e+02,2.719981203890727670e+02,2.783115239041241011e+02,2.763513962367320005e+02,2.806049453219894758e+02,2.789268111573859983e+02,1.685543358819400601e+05,3.419248190289977174e+00,1.500866339919054404e+01
1.880000000000000000e+03,7.460000000000000000e+03,2.747227240209452930e+02,2.808633341189489556e+02,2.801453457220321752e+02,2.749442274175007128e+02,2.820200060832745521e+02,2.672635936261655161e+02,3.034344349673021952e+02,2.717964416044969198e+02,2.718428102397650150e+02,2.782917737946681882e+02,2.763464717163453770e+02,2.805884151098371149e+02,2.789122553305134034e+02,1.684392063822301570e+05,3.419248190289977174e+00,1.493219862836330591e+01
1.890000000000000000e+03,7.470000000000000000e+03,2.747487842510937526e+02,2.807438261422649930e+02,2.798621252631718335e+02,2.746471922513385380e+02,2.817571759269279710e+02,2.671546834993093853e+02,3.025394504431960740e+02,2.716392543461760170e+02,2.716863626896412711e+02,2.782698534156348842e+02,2.763402607559985427e+02,2.805696002440380425e+02,2.788954324010725259e+02,1.683248264322353352e+05,3.419248190289977174e+00,1.485724374062506214e+01
1.900000000000000000e+03,7.480000000000000000e+03,2.747741857420077736e+02,2.806205786694225708e+02,2.795808074503502212e+02,2.743520542625991538e+02,2.814965525381750240e+02,2.670443875168184604e+02,3.016650960057605744e+02,2.714810331545070312e+02,2.715288756352372843e+02,2.782458133618337115e+02,2.763328133883528608e+02,2.805485649012428553e+02,2.788763910351833601e+02,1.682111815391155251e+05,3.419248190289977174e+00,1.478373812782266228e+01
1.910000000000000000e+03,7.490000000000000000e+03,2.747989304774765174e+02,2.804938174815800949e+02,2.793013805802723937e+02,2.740588298369403901e+02,2.812381012778206468e+02,2.669327617035137337e+02,3.008105927742805079e+02,2.713218678933439492e+02,2.713704387134250737e+02,2.782197032220625488e+02,2.763241773080575285e+02,2.805253712814241567e+02,2.788551789712522577e+02,1.680982577806455083e+05,3.419248190289977174e+00,1.471162473269342463e+01
1.920000000000000000e+03,7.500000000000000000e+03,2.748230205638437269e+02,2.803637558710329358e+02,2.790238324391003744e+02,2.737675301201373941e+02,2.809817873315000725e+02,2.668198617596190161e+02,2.999752063682935841e+02,2.711618412115711294e+02,2.712111343367081986e+02,2.781915716048107470e+02,2.763143979963321613e+02,2.805000797008414111e+02,2.788318430478143455e+02,1.679860417722876300e+05,3.419248190289977174e+00,1.464084978582788210e+01
1.930000000000000000e+03,7.510000000000000000e+03,2.748464582272969210e+02,2.802305953339036932e+02,2.787481503241319274e+02,2.734781620133019260e+02,2.807275760052431792e+02,2.667057427113393260e+02,2.991582427499027972e+02,2.710010294457807731e+02,2.710510386088187147e+02,2.781614661468474878e+02,2.763035188313808135e+02,2.804727486646246462e+02,2.788064292152963048e+02,1.678745206367173232e+05,3.419248190289977174e+00,1.457136256756820281e+01
1.940000000000000000e+03,7.520000000000000000e+03,2.748692458099218925e+02,2.800945263018043647e+02,2.784743210699689371e+02,2.731907289422640588e+02,2.804754329364632213e+02,2.665904586450913030e+02,2.983590446956757205e+02,2.708395033654256849e+02,2.708902220664872971e+02,2.781294335262099935e+02,2.762915811882319304e+02,2.804434349325803169e+02,2.787789825447579233e+02,1.677636819754713797e+05,3.419248190289977174e+00,1.450311519003396299e+01
1.950000000000000000e+03,7.530000000000000000e+03,2.748913857643203187e+02,2.799557287523776381e+02,2.782023310960861409e+02,2.729052314729455588e+02,2.802253242467538712e+02,2.664740625034644381e+02,2.975769887743462050e+02,2.706773287947561357e+02,2.707287503111959381e+02,2.780955194685126344e+02,2.762786245298728431e+02,2.804121935795924401e+02,2.787495472365382057e+02,1.676535138426406775e+05,3.419248190289977174e+00,1.443606239840082850e+01
1.960000000000000000e+03,7.540000000000000000e+03,2.749128806494999822e+02,2.798143728791940248e+02,2.779321664408224137e+02,2.726216677888171489e+02,2.799772166491936787e+02,2.663566059346451311e+02,2.968114827209836335e+02,2.705145671404960126e+02,2.705666845270714589e+02,2.780597687563600289e+02,2.762646864945485845e+02,2.803790780466159731e+02,2.787181666271146696e+02,1.675440047203776194e+05,3.419248190289977174e+00,1.437016138814601263e+01
1.970000000000000000e+03,7.550000000000000000e+03,2.749337331253515231e+02,2.796706196850709603e+02,2.776638128109062791e+02,2.723400340769918557e+02,2.797310775190731533e+02,2.662381391882346406e+02,2.960619631385865205e+02,2.703512758228307575e+02,2.704040819243778060e+02,2.780222252378498524e+02,2.762498029782486810e+02,2.803441401966559283e+02,2.786848831975556209e+02,1.674351434960686020e+05,3.419248190289977174e+00,1.430537163714300775e+01
1.980000000000000000e+03,7.560000000000000000e+03,2.749539459475156491e+02,2.795246215179872706e+02,2.773972556168711776e+02,2.720603248395136688e+02,2.794868749419453025e+02,2.661187110413245591e+02,2.953278934638731812e+02,2.701875086759430360e+02,2.702409961211876634e+02,2.779829318350157337e+02,2.762340082133408714e+02,2.803074303623787955e+02,2.786497385810914693e+02,1.673269194410110649e+05,3.419248190289977174e+00,1.424165475205709086e+01
1.990000000000000000e+03,7.570000000000000000e+03,2.749735219625234208e+02,2.793765226107623789e+02,2.771324800145025051e+02,2.717825331395004582e+02,2.792445777340419113e+02,2.659983687584510790e+02,2.946087621772876446e+02,2.700233162546757057e+02,2.700774774679581469e+02,2.779419305576487886e+02,2.762173348435480875e+02,2.802689973926981679e+02,2.786127735732768542e+02,1.672193221905829269e+05,3.419248190289977174e+00,1.417897432645681732e+01
2.000000000000000000e+03,7.580000000000000000e+03,2.749924641025390883e+02,2.792264595559807958e+02,2.768694709725738221e+02,2.715066508332396893e+02,2.790041554579289595e+02,2.658771580705272299e+02,2.939040810985940197e+02,2.698587461266233731e+02,2.699135733338425212e+02,2.778992625101931822e+02,2.761998139975966637e+02,2.802288887001889748e+02,2.785740281427831633e+02,1.671123417256832472e+05,3.419248190289977174e+00,1.411729580910542836e+01
2.010000000000000000e+03,7.590000000000000000e+03,2.750107753801406147e+02,2.790745617592764347e+02,2.766082132605131392e+02,2.712326687074939287e+02,2.787655784237680336e+02,2.657551231723701903e+02,2.932133840409695722e+02,2.696938431140340526e+02,2.697493283460305520e+02,2.778549679067395459e+02,2.761814753582361845e+02,2.801871503048287195e+02,2.785335414411428019e+02,1.670059683553290961e+05,3.419248190289977174e+00,1.405658638539023642e+01
2.020000000000000000e+03,7.600000000000000000e+03,2.750284588834921919e+02,2.789209518682574753e+02,2.763486915178283425e+02,2.709605766451065847e+02,2.785288176800730753e+02,2.656323067339433237e+02,2.925362253945419297e+02,2.695286495149066468e+02,2.695847846037144677e+02,2.778090860844944245e+02,2.761623472306363283e+02,2.801438268805335383e+02,2.784913518167071516e+02,1.669001927004805184e+05,3.419248190289977174e+00,1.399681486480389303e+01
2.030000000000000000e+03,7.610000000000000000e+03,2.750455177713984085e+02,2.787657461492324842e+02,2.760908902795752056e+02,2.706903637434912753e+02,2.782938450064714289e+02,2.655087499205673680e+02,2.918721789299483476e+02,2.693632052823106733e+02,2.694199818804119104e+02,2.777616555176698512e+02,2.761424566064108603e+02,2.800989617941507959e+02,2.784474968258609806e+02,1.667950056787754875e+05,3.419248190289977174e+00,1.393795157853334032e+01
2.040000000000000000e+03,7.620000000000000000e+03,2.750619552684921700e+02,2.786090548648428467e+02,2.758347940019999669e+02,2.704220184167099887e+02,2.780606328945494283e+02,2.653844924232431026e+02,2.912208366865777975e+02,2.691975482031729712e+02,2.692549577813682617e+02,2.777127138312759485e+02,2.761218292272398571e+02,2.800525971483426133e+02,2.784020132467468329e+02,1.666903984902607335e+05,3.419248190289977174e+00,1.387996828443386299e+01
2.050000000000000000e+03,7.630000000000000000e+03,2.750777746607500376e+02,2.784509826147366311e+02,2.755803870914886602e+02,2.701555284858548021e+02,2.778291545315219082e+02,2.652595724924621550e+02,2.905818079415886359e+02,2.690317140443168000e+02,2.690897478981789845e+02,2.776622978175950038e+02,2.761004896407962406e+02,2.800047738246905169e+02,2.783549370937656704e+02,1.665863626040316885e+05,3.419248190289977174e+00,1.382283807892046035e+01
2.060000000000000000e+03,7.640000000000000000e+03,2.750929792909453226e+02,2.782916286929307148e+02,2.753276539285332092e+02,2.698908812547826983e+02,2.775993837822217642e+02,2.651340269784315069e+02,2.899547182679971229e+02,2.688657366892529126e+02,2.689243859442447615e+02,2.776104434512920420e+02,2.760784612637870623e+02,2.799555314747688612e+02,2.783063036320398282e+02,1.664828897456605046e+05,3.419248190289977174e+00,1.376653531569241551e+01
2.070000000000000000e+03,7.650000000000000000e+03,2.751075725542734745e+02,2.781310872071283029e+02,2.750765788859395116e+02,2.696280635781316732e+02,2.773712951657486201e+02,2.650078913690373383e+02,2.893392086532990675e+02,2.686996482583228953e+02,2.687589038745750827e+02,2.775571859037510762e+02,2.760557664296345592e+02,2.799049087378804188e+02,2.782561473861079548e+02,1.663799718853546656e+05,3.419248190289977174e+00,1.371103552977321982e+01
2.080000000000000000e+03,7.660000000000000000e+03,2.751215578942499747e+02,2.779694476386536621e+02,2.748271463544942890e+02,2.693670619207952086e+02,2.771448638378811893e+02,2.648811998366899161e+02,2.887349346843035960e+02,2.685334792214723620e+02,2.685933319991045778e+02,2.775025595609483275e+02,2.760324264487146593e+02,2.798529430098672606e+02,2.782045021634374962e+02,1.662776012268405757e+05,3.419248190289977174e+00,1.365631536757412690e+01
2.090000000000000000e+03,7.670000000000000000e+03,2.751349387991562594e+02,2.778067948985710132e+02,2.745793407578826191e+02,2.691078624097128795e+02,2.769200655705823237e+02,2.647539852812943195e+02,2.881415657878743559e+02,2.683672584971793640e+02,2.684276990822439757e+02,2.774465980389719562e+02,2.760084616575857126e+02,2.797996706573422330e+02,2.781514010641565164e+02,1.661757701969700865e+05,3.419248190289977174e+00,1.360235252164103414e+01
2.100000000000000000e+03,7.680000000000000000e+03,2.751477187969531428e+02,2.776432096445810771e+02,2.743331465674673382e+02,2.688504508810841571e+02,2.766968767296108354e+02,2.646262793743962902e+02,2.875587845265365559e+02,2.682010135461853224e+02,2.682620324351574368e+02,2.773893342000741313e+02,2.759838914495072686e+02,2.797451270103361480e+02,2.780968764948291891e+02,1.660744714357700141e+05,3.419248190289977174e+00,1.354912567007853141e+01
2.110000000000000000e+03,7.690000000000000000e+03,2.751599014530937097e+02,2.774787684765504991e+02,2.740885483191663070e+02,2.685948129212891899e+02,2.764752742564015762e+02,2.644981126037461081e+02,2.869862859293816086e+02,2.680347704545238230e+02,2.680963579994858037e+02,2.773308001687008755e+02,2.759587343499060808e+02,2.796893463935349473e+02,2.780409601844528993e+02,1.659736977872063580e+05,3.419248190289977174e+00,1.349661441993097100e+01
2.120000000000000000e+03,7.700000000000000000e+03,2.751714903662421534e+02,2.773135441675234460e+02,2.738455306260731277e+02,2.683409339056335625e+02,2.762552356489787826e+02,2.643695143175328326e+02,2.864237768757856770e+02,2.678685540118113408e+02,2.679307004261341376e+02,2.772710273473621783e+02,2.759330080391132469e+02,2.796323621593467124e+02,2.779836831976705298e+02,1.658734422904306557e+05,3.419248190289977174e+00,1.344479925479291893e+01
2.130000000000000000e+03,7.710000000000000000e+03,2.751824891651406801e+02,2.771476058853529025e+02,2.736040781830860738e+02,2.680887990274851518e+02,2.760367389410689611e+02,2.642405127643906440e+02,2.858709755154541199e+02,2.677023877830644665e+02,2.677650831463062104e+02,2.772100464336380128e+02,2.759067293977150257e+02,2.795742067214425788e+02,2.779250759522905696e+02,1.657736981714818976e+05,3.419248190289977174e+00,1.339366148558195846e+01
2.140000000000000000e+03,7.720000000000000000e+03,2.751929015055858940e+02,2.769810193304736003e+02,2.733641757891904263e+02,2.678383933365055327e+02,2.758197626864853760e+02,2.641111351397952376e+02,2.853276107197945066e+02,2.675362941761412117e+02,2.675995284387705624e+02,2.771478874325271704e+02,2.758799145507042567e+02,2.795149115781039200e+02,2.778651682304092105e+02,1.656744588354389998e+05,3.419248190289977174e+00,1.334318320516448964e+01
2.150000000000000000e+03,7.730000000000000000e+03,2.752027310682812526e+02,2.768138469538915842e+02,2.731258083456579016e+02,2.675897017604883104e+02,2.756042859414410486e+02,2.639814076238527036e+02,2.847934215693906594e+02,2.673702945027752094e+02,2.674340574914019157e+02,2.770845796755977517e+02,2.758525788983924940e+02,2.794545073564605104e+02,2.778039891860493640e+02,1.655757178591123084e+05,3.419248190289977174e+00,1.329334724547639368e+01
2.160000000000000000e+03,7.740000000000000000e+03,2.752119815523358852e+02,2.766461481017815913e+02,2.728889608678549621e+02,2.673427091306418788e+02,2.753902882438753750e+02,2.638513554207484617e+02,2.842681568710908095e+02,2.672044090478019029e+02,2.672686904592275710e+02,2.770201518334324078e+02,2.758247371604389855e+02,2.793930238213034727e+02,2.777415673736639974e+02,1.654774689839442144e+05,3.419248190289977174e+00,1.324413713781388324e+01
2.170000000000000000e+03,7.750000000000000000e+03,2.752206566781015340e+02,2.764779792448554758e+02,2.726536184924067356e+02,2.670974002069870608e+02,2.751777496015057523e+02,2.637210027978856033e+02,2.837515747042463090e+02,2.670386570746366033e+02,2.671034465132445916e+02,2.769546319352802470e+02,2.757964034016654296e+02,2.793304899171388342e+02,2.776779307528721574e+02,1.653797061095118988e+05,3.419248190289977174e+00,1.319553707444038970e+01
2.180000000000000000e+03,7.760000000000000000e+03,2.752287601799140475e+02,2.763093939823938854e+02,2.724197664800263965e+02,2.668537596968378693e+02,2.749666504770592610e+02,2.635903731218587609e+02,2.832434419843809792e+02,2.668730569515768707e+02,2.669383439062730758e+02,2.768880473815596588e+02,2.757675910697909103e+02,2.792669337900398432e+02,2.776131067011036180e+02,1.652824232871548156e+05,3.419248190289977174e+00,1.314753187565021086e+01
2.190000000000000000e+03,7.770000000000000000e+03,2.752362958058515687e+02,2.761404432988890676e+02,2.721873902297093650e+02,2.666117722774282583e+02,2.747569717686901640e+02,2.634594888958001775e+02,2.827435340687799794e+02,2.667076261471581802e+02,2.667733999997942078e+02,2.768204249526296508e+02,2.757383130114737924e+02,2.792023828125558680e+02,2.775471220278402598e+02,1.651856147140544490e+05,3.419248190289977174e+00,1.310010695584337626e+01
2.200000000000000000e+03,7.780000000000000000e+03,2.752432673148202866e+02,2.759711756723760345e+02,2.719564752655663824e+02,2.663714226036087211e+02,2.745486947995334504e+02,2.633283717859371791e+02,2.822516343629600897e+02,2.665423812863713238e+02,2.666086313205283886e+02,2.767517908313043336e+02,2.757085815506032986e+02,2.791368636097871558e+02,2.774800029845338827e+02,1.650892747276473965e+05,3.419248190289977174e+00,1.305324829267899922e+01
2.210000000000000000e+03,7.790000000000000000e+03,2.752496784754062560e+02,2.758016371637086763e+02,2.717270072566020644e+02,2.661326953371118975e+02,2.743418013025388973e+02,2.631970426655905726e+02,2.817675339804755481e+02,2.663773381918334735e+02,2.664440535977896047e+02,2.766821706128608866e+02,2.756784084403522002e+02,2.790704020817875062e+02,2.774117752889589497e+02,1.649933978002390941e+05,3.419248190289977174e+00,1.300694239931284280e+01
2.220000000000000000e+03,7.800000000000000000e+03,2.752555330623749796e+02,2.756318715930595999e+02,2.714989720247558580e+02,2.658955751521194770e+02,2.741362734095240512e+02,2.630655216389311022e+02,2.812910313406939622e+02,2.662125119279072010e+02,2.662796818041966276e+02,2.766115893215580854e+02,2.756478049452949222e+02,2.790030234282884294e+02,2.773424641204430827e+02,1.648979785339207738e+05,3.419248190289977174e+00,1.296117629601220322e+01
2.230000000000000000e+03,7.810000000000000000e+03,2.752608348552109874e+02,2.754619205950504579e+02,2.712723555226509689e+02,2.656600467505272150e+02,2.739320936360005589e+02,2.629338280725372670e+02,2.808219319298936512e+02,2.660479168306137581e+02,2.661155301919953331e+02,2.765400714208840327e+02,2.756167818486742362e+02,2.789347521606481450e+02,2.772720941471461629e+02,1.648030116557449219e+05,3.419248190289977174e+00,1.291593748643297346e+01
2.240000000000000000e+03,7.820000000000000000e+03,2.752655876367969086e+02,2.752918237324137181e+02,2.710471438568256417e+02,2.654260948742830806e+02,2.737292448683652992e+02,2.628019806245511063e+02,2.803600479388622944e+02,2.658835665462225961e+02,2.659516123272198911e+02,2.764676408257524827e+02,2.755853494786446731e+02,2.788656121532022212e+02,2.772006895273870555e+02,1.647084920131488470e+05,3.419248190289977174e+00,1.287121393286848203e+01
2.250000000000000000e+03,7.830000000000000000e+03,2.752697951907500169e+02,2.751216186301022617e+02,2.708233232805260400e+02,2.651937043145836697e+02,2.735277103556212523e+02,2.626699972712960971e+02,2.799051979839588284e+02,2.657194740634742516e+02,2.657879411231433551e+02,2.763943209226301860e+02,2.755535177351676452e+02,2.787956266250611179e+02,2.771282739245270932e+02,1.646144145695819752e+05,3.419248190289977174e+00,1.282699403401525018e+01
2.260000000000000000e+03,7.840000000000000000e+03,2.752734613008281599e+02,2.749513410563388902e+02,2.706008802022475948e+02,2.649628599271169378e+02,2.733274736960632936e+02,2.625378953369170176e+02,2.794572068347419531e+02,2.655556517403046541e+02,2.656245288657419792e+02,2.763201345742516537e+02,2.755212960833875400e+02,2.787248181868488928e+02,2.770548705199458936e+02,1.645207744003479602e+05,3.419248190289977174e+00,1.278326660393065595e+01
2.270000000000000000e+03,7.850000000000000000e+03,2.752765897482422588e+02,2.747810249719857438e+02,2.703798011740117317e+02,2.647335466321344484e+02,2.731285188265711668e+02,2.624056915119788869e+02,2.790159051465561788e+02,2.653921113466250290e+02,2.654613872606327618e+02,2.762451041344976375e+02,2.754886936324222688e+02,2.786532088456187921e+02,2.769805020211633746e+02,1.644275666886512772e+05,3.419248190289977174e+00,1.274002085247141736e+01
2.280000000000000000e+03,7.860000000000000000e+03,2.752791843110625223e+02,2.746107026881334718e+02,2.701600729073770140e+02,2.645057494314409041e+02,2.729308300141213408e+02,2.622734018846333015e+02,2.785811292175910694e+02,2.652288640748765829e+02,2.652985274259049788e+02,2.761692514623314310e+02,2.754557190943239107e+02,2.785808200343739145e+02,2.769051906762923636e+02,1.643347867218616302e+05,3.419248190289977174e+00,1.269724636590472855e+01
2.290000000000000000e+03,7.870000000000000000e+03,2.752812487645390433e+02,2.744404048454616145e+02,2.699416822656480122e+02,2.642794534115221268e+02,2.727343918385844290e+02,2.621410419602057118e+02,2.781527207539414235e+02,2.650659205754471373e+02,2.651359599769244255e+02,2.760925979302084556e+02,2.754223808309911306e+02,2.785076726165747232e+02,2.768289582774239079e+02,1.642424298878347035e+05,3.419248190289977174e+00,1.265493309059629468e+01
2.300000000000000000e+03,7.880000000000000000e+03,2.752827868753125244e+02,2.742701606070527305e+02,2.697246162563068310e+02,2.640546437512321063e+02,2.725391892086779535e+02,2.620086266829454189e+02,2.777305266371682819e+02,2.649032909806444422e+02,2.649736949782837883e+02,2.760151644385480836e+02,2.753886868714392904e+02,2.784337869192225980e+02,2.767518261799237962e+02,1.641504916715826839e+05,3.419248190289977174e+00,1.261307131509530066e+01
2.310000000000000000e+03,7.890000000000000000e+03,2.752838024038671847e+02,2.740999976667584974e+02,2.695088620458125206e+02,2.638313057268824195e+02,2.723452073117566670e+02,2.618761704592743058e+02,2.773143987198562854e+02,2.647409849270499080e+02,2.648117420180765862e+02,2.759369714251298547e+02,2.753546449229321524e+02,2.783591827389549280e+02,2.766738153070436965e+02,1.640589676519438799e+05,3.419248190289977174e+00,1.257165165477455915e+01
2.320000000000000000e+03,7.900000000000000000e+03,2.752842991028671804e+02,2.739299422975964262e+02,2.692944069516668719e+02,2.636094247202961469e+02,2.721524316426746282e+02,2.617436871759623500e+02,2.769041936206123182e+02,2.645790115781545637e+02,2.646501102128658545e+02,2.758580388781265924e+02,2.753202623882667694e+02,2.782838793618537352e+02,2.765949461595993171e+02,1.639678534984944854e+05,3.419248190289977174e+00,1.253066503752623007e+01
2.330000000000000000e+03,7.910000000000000000e+03,2.752842807152734395e+02,2.737600194911576068e+02,2.690812384443756287e+02,2.633889862212009234e+02,2.719608479658405713e+02,2.616111902212970790e+02,2.764997725289824189e+02,2.644173796329899915e+02,2.644888082354215726e+02,2.757783863448191823e+02,2.752855463819079773e+02,2.782078955763274735e+02,2.765152388249180149e+02,1.638771449685378757e+05,3.419248190289977174e+00,1.249010268889870545e+01
2.340000000000000000e+03,7.920000000000000000e+03,2.752837509732031549e+02,2.735902528935797591e+02,2.688693441417425447e+02,2.631699758330809686e+02,2.717704423258642805e+02,2.614786925022425521e+02,2.761010010281477207e+02,2.642560973973032787e+02,2.643278443275904692e+02,2.756980329389193685e+02,2.752505037422322403e+02,2.781312496915147676e+02,2.764347129919795520e+02,1.637868379042726592e+05,3.419248190289977174e+00,1.244995612040485966e+01
2.350000000000000000e+03,7.930000000000000000e+03,2.752827135992812373e+02,2.734206650202328319e+02,2.686587118115986073e+02,2.629523792765063490e+02,2.715812010390261548e+02,2.613462064631631847e+02,2.757077489115966955e+02,2.640951727239939260e+02,2.641672263227850976e+02,2.756169973582834700e+02,2.752151410431953877e+02,2.780539595490781721e+02,2.763533879529851447e+02,1.636969282300610503e+05,3.419248190289977174e+00,1.241021711521731952e+01
2.360000000000000000e+03,7.940000000000000000e+03,2.752811723031484235e+02,2.732512772018450278e+02,2.684493293706921122e+02,2.627361823931539675e+02,2.713931106792658738e+02,2.612137441022094890e+02,2.753198900219270513e+02,2.639346130889325082e+02,2.640069616641345647e+02,2.755352978897016101e+02,2.751794646118452192e+02,2.779760425389114289e+02,2.762712826157821269e+02,1.636074119498350192e+05,3.419248190289977174e+00,1.237087771739012254e+01
2.370000000000000000e+03,7.950000000000000000e+03,2.752791307813984645e+02,2.730821096769039968e+02,2.682411848734091109e+02,2.625213711484324790e+02,2.712061580919464632e+02,2.610813169883048772e+02,2.749373020967118464e+02,2.637744255812193614e+02,2.638470574195678751e+02,2.754529524188628784e+02,2.751434805377141402e+02,2.778975156116313201e+02,2.761884155118057151e+02,1.635182851445626584e+05,3.419248190289977174e+00,1.233193022069903044e+01
2.380000000000000000e+03,7.960000000000000000e+03,2.752765927171718658e+02,2.729131816456302886e+02,2.680342665452138817e+02,2.623079316332356257e+02,2.710203303157751407e+02,2.609489362754512740e+02,2.745598666055416288e+02,2.636146169448802539e+02,2.636875203023283234e+02,2.753699784415563272e+02,2.751071946860600974e+02,2.778183952922823892e+02,2.761048048044735879e+02,1.634295439699228737e+05,3.419248190289977174e+00,1.229336715678255132e+01
2.390000000000000000e+03,7.970000000000000000e+03,2.752735617783281441e+02,2.727445112914182914e+02,2.678285627280833978e+02,2.620958500704740572e+02,2.708356146891650269e+02,2.608166127193587158e+02,2.741874686213195105e+02,2.634551935667433895e+02,2.635283566766843819e+02,2.752863930708181783e+02,2.750706127080039778e+02,2.777386976923507405e+02,2.760204682975104333e+02,1.633411846539870021e+05,3.419248190289977174e+00,1.225518128706661258e+01
2.400000000000000000e+03,7.980000000000000000e+03,2.752700416220155830e+02,2.725761158539928601e+02,2.676240619308169926e+02,2.618851128117042322e+02,2.706519987367209978e+02,2.606843566923516846e+02,2.738199966660376390e+02,2.632961615019747796e+02,2.633695725960706113e+02,2.752022130469936769e+02,2.750337400407606196e+02,2.776584385225166329e+02,2.759354234424812944e+02,1.632532034949834051e+05,3.419248190289977174e+00,1.221736559140258649e+01
2.410000000000000000e+03,7.990000000000000000e+03,2.752660358857577876e+02,2.724080116615433553e+02,2.674207527837028238e+02,2.616757063424136618e+02,2.704694702513659195e+02,2.605521781948004332e+02,2.734573425902943882e+02,2.631375264950888777e+02,2.632111737828582250e+02,2.751174547465218438e+02,2.749965819384634642e+02,2.775776331036407214e+02,2.758496873470044193e+02,1.631655968592933496e+05,3.419248190289977174e+00,1.217991326031929056e+01
2.420000000000000000e+03,8.000000000000000000e+03,2.752615481920234970e+02,2.722402141727021672e+02,2.672186240760578357e+02,2.614676172828762901e+02,2.702880172027981303e+02,2.604200868702658909e+02,2.730994014540834769e+02,2.629792939843425756e+02,2.630531656738540391e+02,2.750321341898180663e+02,2.749591434627869830e+02,2.774962963789187143e+02,2.757632767817511876e+02,1.630783611793318996e+05,3.419248190289977174e+00,1.214281768543364493e+01
2.430000000000000000e+03,8.010000000000000000e+03,2.752565821474921677e+02,2.720727380440482079e+02,2.670176647729828119e+02,2.612608323863701685e+02,2.701076276768918660e+02,2.602880920241824469e+02,2.727460713886870849e+02,2.628214691570306059e+02,2.628955534108807228e+02,2.749462670515076752e+02,2.749214295038339060e+02,2.774144429248969459e+02,2.756762081891611160e+02,1.629914929517248529e+05,3.419248190289977174e+00,1.210607245004280763e+01
2.440000000000000000e+03,8.020000000000000000e+03,2.752511413416015671e+02,2.719055970864743017e+02,2.668178638167841541e+02,2.610553385470130365e+02,2.699282903574078318e+02,2.601562026096418094e+02,2.723972535011013747e+02,2.626640568108022649e+02,2.627383418607153658e+02,2.748598686631858641e+02,2.748834447801716578e+02,2.773320869612851993e+02,2.755884976883620539e+02,1.629049887353030499e+05,3.419248190289977174e+00,1.206967132856148694e+01
2.450000000000000000e+03,8.030000000000000000e+03,2.752452293442968312e+02,2.717388043957118953e+02,2.666192104655422099e+02,2.608511227941321522e+02,2.697499937258573937e+02,2.600244272724781922e+02,2.720528517534029902e+02,2.625070615840593291e+02,2.625815356305274690e+02,2.747729540279548246e+02,2.748451938559267091e+02,2.772492423614804125e+02,2.755001610838054944e+02,1.628188451494671754e+05,3.419248190289977174e+00,1.203360826833058717e+01
2.460000000000000000e+03,8.040000000000000000e+03,2.752388497145859674e+02,2.715723723388593953e+02,2.664216940409174867e+02,2.606481722949126834e+02,2.695727265975489217e+02,2.598927743482803407e+02,2.717127728680423502e+02,2.623504878297252390e+02,2.624251390724221551e+02,2.746855378244612780e+02,2.748066811265217098e+02,2.771659226625510541e+02,2.754112138717324001e+02,1.627330588724032568e+05,3.419248190289977174e+00,1.199787738938363901e+01
2.470000000000000000e+03,8.050000000000000000e+03,2.752320059861016261e+02,2.714063126824462984e+02,2.662253039899929945e+02,2.604464743552860000e+02,2.693964780131028647e+02,2.597612518730483089e+02,2.713769262118964889e+02,2.621943396448118051e+02,2.622691563015276301e+02,2.745976344160059170e+02,2.747679108649523982e+02,2.770821409898995853e+02,2.753216712504469115e+02,1.626476266394534614e+05,3.419248190289977174e+00,1.196247297681734523e+01
2.480000000000000000e+03,8.060000000000000000e+03,2.752247016772343500e+02,2.712406362653024416e+02,2.660300299218293958e+02,2.602460164196388064e+02,2.692212371137178479e+02,2.596298675938926976e+02,2.710452237197790737e+02,2.620386209157557005e+02,2.621135911954380049e+02,2.745092578542207207e+02,2.747288871808481190e+02,2.769979104136173191e+02,2.752315481129435284e+02,1.625625452414998435e+05,3.419248190289977174e+00,1.192738947259169535e+01
2.490000000000000000e+03,8.070000000000000000e+03,2.752169402871484181e+02,2.710753535772001896e+02,2.658358615410148786e+02,2.600467860710839432e+02,2.690469933150109227e+02,2.594986289789402463e+02,2.707175797919214233e+02,2.618833352803258094e+02,2.619584474124153530e+02,2.744204218900802061e+02,2.746896140700233104e+02,2.769132434290323772e+02,2.751408590720836855e+02,1.624778115235551377e+05,3.419248190289977174e+00,1.189262147208808251e+01
2.500000000000000000e+03,8.080000000000000000e+03,2.752087252958515364e+02,2.709104744169967489e+02,2.656427886927124860e+02,2.598487710314094556e+02,2.688737361743119436e+02,2.593675432269710655e+02,2.703939112088072534e+02,2.617284861693760831e+02,2.618037283983760517e+02,2.743311399797354966e+02,2.746500953962532208e+02,2.768281523206184147e+02,2.750496184569400953e+02,1.623934223831179552e+05,3.419248190289977174e+00,1.185816371660858337e+01
2.510000000000000000e+03,8.090000000000000000e+03,2.752000601645156053e+02,2.707460080078183182e+02,2.654508013453901754e+02,2.596519591607709003e+02,2.687014554293727997e+02,2.592366172769344530e+02,2.700741370502519203e+02,2.615740768056361958e+02,2.616494373946522387e+02,2.742414252907878449e+02,2.746103349042413129e+02,2.767426490823312406e+02,2.749578403184131616e+02,1.623093747689522570e+05,3.419248190289977174e+00,1.182401108840286952e+01
2.520000000000000000e+03,8.100000000000000000e+03,2.751909483346953493e+02,2.705819630267701541e+02,2.652598895912515218e+02,2.594563384573510803e+02,2.685301409873467264e+02,2.591058578165101949e+02,2.697581786129640591e+02,2.614201102134057351e+02,2.614955774466176877e+02,2.741512907090740327e+02,2.745703362242189769e+02,2.766567454250111950e+02,2.748655384374351343e+02,1.622256656795960153e+05,3.419248190289977174e+00,1.179015860530341442e+01
2.530000000000000000e+03,8.110000000000000000e+03,2.751813932282187807e+02,2.704183476434834574e+02,2.650700436429200977e+02,2.592618970563730159e+02,2.683597829215830757e+02,2.589752712896374192e+02,2.694459593341772461e+02,2.612665892268281596e+02,2.613421514117620177e+02,2.740607488456510055e+02,2.745301028707108912e+02,2.765704527843367941e+02,2.747727263297317677e+02,1.621422921620862326e+05,3.419248190289977174e+00,1.175660141575597528e+01
2.540000000000000000e+03,8.120000000000000000e+03,2.751713982477656373e+02,2.702551695058024279e+02,2.648812538363333715e+02,2.590686232312598349e+02,2.681903714676226969e+02,2.588448639076872269e+02,2.691374047184190772e+02,2.611135164969196012e+02,2.611891619671692979e+02,2.739698120413191873e+02,2.744896382634923384e+02,2.764837823278603537e+02,2.746794172516368917e+02,1.620592513107857085e+05,3.419248190289977174e+00,1.172333479412899848e+01
2.550000000000000000e+03,8.130000000000000000e+03,2.751609667750234394e+02,2.700924358011038748e+02,2.646935106235807211e+02,2.588765053909986591e+02,2.680218970197027488e+02,2.587146416541913823e+02,2.688324422668052875e+02,2.609608944995098909e+02,2.610366116169666952e+02,2.738784923742801425e+02,2.744489457177578515e+02,2.763967449629951716e+02,2.745856242052688003e+02,1.619765402660193504e+05,3.419248190289977174e+00,1.169035413609331542e+01
2.560000000000000000e+03,8.140000000000000000e+03,2.751501021723983627e+02,2.699301532614014150e+02,2.645068045735830538e+02,2.586855320805733527e+02,2.678543501265196483e+02,2.585846102935144586e+02,2.685310014097918838e+02,2.608087255418876111e+02,2.608845026990214819e+02,2.737868016656881309e+02,2.744080284543508128e+02,2.763093513436467674e+02,2.744913599442368195e+02,1.618941562130476814e+05,3.419248190289977174e+00,1.165765495428662035e+01
2.570000000000000000e+03,8.150000000000000000e+03,2.751388077818515967e+02,2.697683281871774170e+02,2.643211263697689333e+02,2.584956919796572947e+02,2.676877214874486413e+02,2.584547753779361869e+02,2.682330134420123500e+02,2.606570117693787552e+02,2.607328373918906550e+02,2.736947514851138408e+02,2.743668896031163627e+02,2.762216118786811307e+02,2.743966369786446649e+02,1.618120963808528904e+05,3.419248190289977174e+00,1.162523287415038276e+01
2.580000000000000000e+03,8.160000000000000000e+03,2.751270869251484328e+02,2.696069664593951529e+02,2.641364668106107274e+02,2.583069739018877158e+02,2.675220019504802735e+02,2.583251422558284389e+02,2.679384114605113609e+02,2.605057551720489073e+02,2.605816177208910744e+02,2.736023531574403478e+02,2.743255322075211780e+02,2.761335367330550525e+02,2.743014675797727477e+02,1.617303580410582072e+05,3.419248190289977174e+00,1.159308363002965692e+01
2.590000000000000000e+03,8.170000000000000000e+03,2.751149429036562424e+02,2.694460735678571837e+02,2.639528168047703502e+02,2.581193667941327021e+02,2.673571825069753913e+02,2.581957160768616859e+02,2.676471303048357981e+02,2.603549575906912992e+02,2.604308455645702907e+02,2.735096177656673717e+02,2.742839592280314491e+02,2.760451358426168440e+02,2.742058637856984546e+02,1.616489385069281270e+05,3.419248190289977174e+00,1.156120306133114894e+01
2.600000000000000000e+03,8.180000000000000000e+03,2.751023789982031644e+02,2.692856546189140658e+02,2.637701673720385998e+02,2.579328597351704957e+02,2.671932542889438764e+02,2.580665017990491492e+02,2.673591065004769689e+02,2.602046207229650463e+02,2.602805226599482467e+02,2.734165561579442851e+02,2.742421735459468550e+02,2.759564189170500867e+02,2.741098374059386060e+02,1.615678351322751259e+05,3.419248190289977174e+00,1.152958710889246774e+01
2.610000000000000000e+03,8.190000000000000000e+03,2.750893984694375263e+02,2.691257143861324721e+02,2.635885096352677692e+02,2.577474419348453694e+02,2.670302085654510620e+02,2.579375041953081222e+02,2.670742781993034214e+02,2.600547461285598843e+02,2.601306506086785930e+02,2.733231789553759654e+02,2.742001779679108040e+02,2.758673954390422978e+02,2.740134000253748354e+02,1.614870453105732449e+05,3.419248190289977174e+00,1.149823181142467377e+01
2.620000000000000000e+03,8.200000000000000000e+03,2.750760045570546595e+02,2.689662572619199636e+02,2.634078348321413614e+02,2.575631027329400240e+02,2.668680367414315242e+02,2.578087278591495419e+02,2.667925851359907483e+02,2.599053352344760697e+02,2.599812308821476563e+02,2.732294965517338596e+02,2.741579752273004829e+02,2.757780746814037798e+02,2.739165630100072235e+02,1.614065664739183267e+05,3.419248190289977174e+00,1.146713330242361373e+01
2.630000000000000000e+03,8.210000000000000000e+03,2.750622004806953100e+02,2.688072873263532188e+02,2.632281343014172990e+02,2.573798315978685309e+02,2.667067303526686715e+02,2.576801772107618831e+02,2.665139685696313450e+02,2.597563893412313973e+02,2.598322648264920076e+02,2.731355191219411154e+02,2.741155679890606507e+02,2.756884657060717245e+02,2.738193375105869336e+02,1.613263960921964899e+05,3.419248190289977174e+00,1.143628780683695112e+01
2.640000000000000000e+03,8.220000000000000000e+03,2.750479894391406788e+02,2.686488083737074248e+02,2.630493994793695265e+02,2.571976181258397105e+02,2.665462810615076705e+02,2.575518564972290392e+02,2.662383712372492255e+02,2.596079096270257196e+02,2.596837536671317253e+02,2.730412566263672716e+02,2.740729588518030369e+02,2.755985773714533025e+02,2.737217344691016478e+02,1.612465316721186391e+05,3.419248190289977174e+00,1.140569163782796380e+01
2.650000000000000000e+03,8.230000000000000000e+03,2.750333746106562671e+02,2.684908238242223320e+02,2.628716219220756898e+02,2.570164520393552721e+02,2.663866806601803319e+02,2.574237698179211975e+02,2.659657373060927057e+02,2.594598971526089599e+02,2.595356985144308624e+02,2.729467188152214590e+02,2.740301503511249166e+02,2.755084183360547172e+02,2.736237646164643138e+02,1.611669707564549753e+05,3.419248190289977174e+00,1.137534119450838332e+01
2.660000000000000000e+03,8.240000000000000000e+03,2.750183591529219029e+02,2.683333368787552331e+02,2.626947932687985485e+02,2.568363231860660107e+02,2.662279210612783800e+02,2.572959211009040246e+02,2.656960123299565453e+02,2.593123528657495172e+02,2.593881003682827782e+02,2.728519152332312956e+02,2.739871449619566874e+02,2.754179970654452632e+02,2.735254384880819316e+02,1.610877109231051290e+05,3.419248190289977174e+00,1.134523295838471313e+01
2.670000000000000000e+03,8.250000000000000000e+03,2.750029462032265428e+02,2.681763504446328170e+02,2.625189052662390168e+02,2.566572215384270521e+02,2.660699942984495578e+02,2.571683141263658854e+02,2.654291432065775780e+02,2.591652776057472352e+02,2.592409601214383770e+02,2.727568552241489215e+02,2.739439451015666123e+02,2.753273218367082791e+02,2.734267664095698365e+02,1.610087497843866004e+05,3.419248190289977174e+00,1.131536349112393403e+01
2.680000000000000000e+03,8.260000000000000000e+03,2.749871388782578379e+02,2.680198671793200447e+02,2.623439497516006327e+02,2.564791371881153168e+02,2.659128925220633732e+02,2.570409525271743973e+02,2.651650781317270003e+02,2.590186721075810397e+02,2.590942785632536243e+02,2.726615479351841600e+02,2.739005531319158990e+02,2.752364007439283569e+02,2.733277585307308186e+02,1.609300849862230825e+05,3.419248190289977174e+00,1.128572943168044063e+01
2.690000000000000000e+03,8.270000000000000000e+03,2.749709402741718804e+02,2.678638894765163059e+02,2.621699186661562635e+02,2.563020603526682635e+02,2.657566079981415896e+02,2.569138397936424667e+02,2.649037665641607191e+02,2.588725370061138165e+02,2.589480563850709700e+02,2.725660023212704459e+02,2.738569713619595518e+02,2.751452417016436129e+02,2.732284247945835887e+02,1.608517142074082221e+05,3.419248190289977174e+00,1.125632749416754486e+01
2.700000000000000000e+03,8.280000000000000000e+03,2.749543534667499785e+02,2.677084195046621176e+02,2.619968040404122007e+02,2.561259813662115334e+02,2.656011331053823596e+02,2.567869792780012972e+02,2.646451591828062533e+02,2.587268728395533799e+02,2.588022941834100266e+02,2.724702271490907037e+02,2.738132020498714496e+02,2.750538524505356008e+02,2.731287749670178755e+02,1.607736351588403923e+05,3.419248190289977174e+00,1.122715446522999017e+01
2.710000000000000000e+03,8.290000000000000000e+03,2.749373815113827959e+02,2.675534592087575447e+02,2.618245979985077838e+02,2.559508906827494457e+02,2.654464603322489893e+02,2.566603741974777222e+02,2.643892078523613236e+02,2.585816800536088067e+02,2.586569924636521591e+02,2.723742310021798971e+02,2.737692474077884981e+02,2.749622405609837301e+02,2.730288186247590829e+02,1.606958455828693113e+05,3.419248190289977174e+00,1.119820720187077612e+01
2.720000000000000000e+03,8.300000000000000000e+03,2.749200274431952948e+02,2.673990102944287628e+02,2.616532927627597473e+02,2.557767788756506491e+02,2.652925822763387487e+02,2.565340276419398151e+02,2.641358655883242363e+02,2.584369590045831728e+02,2.585121516435104922e+02,2.722780222819474716e+02,2.737251095939136007e+02,2.748704134378717754e+02,2.729285651687420113e+02,1.606183432525832322e+05,3.419248190289977174e+00,1.116948262943554937e+01
2.730000000000000000e+03,8.310000000000000000e+03,2.749022942767265363e+02,2.672450743064231915e+02,2.614828806393177842e+02,2.556036366316581052e+02,2.651394916405425874e+02,2.564079425743774436e+02,2.638850865184451777e+02,2.582927099631266401e+02,2.583677720581090398e+02,2.721816092259110746e+02,2.736807907288068691e+02,2.747783783257553978e+02,2.728280237912695156e+02,1.605411259711629245e+05,3.419248190289977174e+00,1.114097773926633295e+01
2.740000000000000000e+03,8.320000000000000000e+03,2.748841850067422001e+02,2.670916525182813075e+02,2.613133540217156678e+02,2.554314547524830346e+02,2.649871812289446780e+02,2.562821218350654817e+02,2.636368258514365834e+02,2.581489331182162346e+02,2.582238539565580027e+02,2.720849998680614590e+02,2.736362928883293080e+02,2.746861423102666322e+02,2.727272036190477138e+02,1.604641915712281188e+05,3.419248190289977174e+00,1.111268958656196659e+01
2.750000000000000000e+03,8.330000000000000000e+03,2.748657026074921532e+02,2.669387460793072933e+02,2.611447054003951962e+02,2.552602241534852965e+02,2.648356439527549355e+02,2.561565681498246363e+02,2.633910398464241780e+02,2.580056285786391754e+02,2.580803975146658900e+02,2.719882021040026530e+02,2.735916181061161296e+02,2.745937123204620320e+02,2.726261134949896814e+02,1.603875379142262391e+05,3.419248190289977174e+00,1.108461528896862802e+01
2.760000000000000000e+03,8.340000000000000000e+03,2.748468500333046904e+02,2.667863559539486005e+02,2.609769273448010836e+02,2.550899358618575548e+02,2.646848728181912520e+02,2.560312841274601965e+02,2.631476857804197493e+02,2.578627963775188050e+02,2.579374028324759252e+02,2.718912236482838694e+02,2.735467683772297960e+02,2.745010951415945328e+02,2.725247621382587795e+02,1.603111628898265772e+05,3.419248190289977174e+00,1.105675202427536163e+01
2.770000000000000000e+03,8.350000000000000000e+03,2.748276302186797011e+02,2.666344829267122805e+02,2.608100125091182235e+02,2.549205810139526989e+02,2.645348609293348545e+02,2.559062722671441463e+02,2.629067219177696870e+02,2.577204364738636286e+02,2.577948699376091213e+02,2.717940720697494044e+02,2.735017456585014770e+02,2.744082974100762726e+02,2.724231581052207503e+02,1.602350644153537578e+05,3.419248190289977174e+00,1.102909702865943231e+01
2.780000000000000000e+03,8.360000000000000000e+03,2.748080460778202792e+02,2.664831276147789936e+02,2.606439536387136400e+02,2.547521508594102784e+02,2.643856014865310726e+02,2.557815349613125022e+02,2.626681074847408581e+02,2.575785487573116370e+02,2.576527987884393269e+02,2.716967547589476908e+02,2.734565518635682793e+02,2.743153256229047656e+02,2.723213097928669981e+02,1.601592404351809528e+05,3.419248190289977174e+00,1.100164759526771618e+01
2.790000000000000000e+03,8.370000000000000000e+03,2.747881005054687193e+02,2.663322904693160922e+02,2.604787435524867760e+02,2.545846367498915583e+02,2.642370877831573353e+02,2.556570744959722106e+02,2.624318026381351387e+02,2.574371330486123952e+02,2.575111892765655739e+02,2.715992789683431852e+02,2.734111889047590012e+02,2.742221861325867849e+02,2.722192254415861044e+02,1.600836889201753947e+05,3.419248190289977174e+00,1.097440107209778404e+01
2.800000000000000000e+03,8.380000000000000000e+03,2.747677963766093967e+02,2.661819718385413580e+02,2.603143751577791249e+02,2.544180301478101569e+02,2.640893132045547418e+02,2.555328930597353292e+02,2.621977684404602087e+02,2.572961891044615754e+02,2.573700412297924913e+02,2.715016517878702302e+02,2.733656586063806344e+02,2.741288851598667407e+02,2.721169131390858524e+02,1.600084078672614996e+05,3.419248190289977174e+00,1.094735486085513720e+01
2.810000000000000000e+03,8.390000000000000000e+03,2.747471365463671873e+02,2.660321718940381288e+02,2.601508414398413152e+02,2.542523226192332118e+02,2.639422712257887724e+02,2.554089927423332256e+02,2.619659668335701213e+02,2.571557166182116134e+02,2.572293544144999373e+02,2.714038801661546927e+02,2.733199627959131135e+02,2.740354287923981929e+02,2.720143808182291423e+02,1.599333952987555822e+05,3.419248190289977174e+00,1.092050641515278464e+01
2.820000000000000000e+03,8.400000000000000000e+03,2.747261238503984373e+02,2.658828906600507480e+02,2.599881354628553254e+02,2.540875058340882333e+02,2.637959554098708850e+02,2.552853755387376964e+02,2.617363606139726926e+02,2.570157152231276427e+02,2.570891285364129430e+02,2.713059709013590464e+02,2.732741032626005335e+02,2.739418229877376234e+02,2.719116362923990096e+02,1.598586492619717028e+05,3.419248190289977174e+00,1.089385323907975334e+01
2.830000000000000000e+03,8.410000000000000000e+03,2.747047611050781484e+02,2.657341280870631977e+02,2.598262503687393519e+02,2.539235715645734217e+02,2.636503594058113435e+02,2.551620433526123861e+02,2.615089134078891675e+02,2.568761844946417341e+02,2.569493632466300141e+02,2.712079306504999749e+02,2.732280817678167750e+02,2.738480735794292968e+02,2.718086871817696419e+02,1.597841678286861279e+05,3.419248190289977174e+00,1.086739288580153051e+01
2.840000000000000000e+03,8.420000000000000000e+03,2.746830511072265608e+02,2.655858839484743044e+02,2.596651793793443517e+02,2.537605116839859534e+02,2.635054769495641267e+02,2.550389979987541551e+02,2.612835896505638971e+02,2.567371239523007489e+02,2.568100581399116891e+02,2.711097659322571758e+02,2.731819000385455638e+02,2.737541862761961511e+02,2.717055410048085378e+02,1.597099490946384904e+05,3.419248190289977174e+00,1.084112295626140643e+01
2.850000000000000000e+03,8.430000000000000000e+03,2.746609966345390603e+02,2.654381579486377518e+02,2.595049157883372573e+02,2.535983181654202099e+02,2.633613018576296554e+02,2.549162412051480260e+02,2.610603545607903015e+02,2.565985330622642095e+02,2.566712127593413015e+02,2.710114831255490344e+02,2.731355597803524233e+02,2.736601666679182472e+02,2.716022051156517705e+02,1.596359911791427294e+05,3.419248190289977174e+00,1.081504109768996358e+01
2.860000000000000000e+03,8.440000000000000000e+03,2.746386004457422132e+02,2.652909496430091849e+02,2.593454529664188613e+02,2.534369830803539116e+02,2.632178280294101569e+02,2.547937746168936997e+02,2.608391741206133929e+02,2.564604112388384465e+02,2.565328265967406765e+02,2.709130884882177384e+02,2.730890626687570375e+02,2.735660202260900178e+02,2.714986867470464063e+02,1.595622922245673835e+05,3.419248190289977174e+00,1.078914500244763808e+01
2.870000000000000000e+03,8.450000000000000000e+03,2.746158652801797189e+02,2.651442585055579571e+02,2.591867843577147710e+02,2.532764985976327239e+02,2.630750494437807561e+02,2.546715997978600967e+02,2.606200150545864744e+02,2.563227578472660753e+02,2.563948990955549903e+02,2.708145881332902150e+02,2.730424103544038417e+02,2.734717523068901528e+02,2.713949929942795620e+02,1.594888503958950751e+05,3.419248190289977174e+00,1.076343240675918267e+01
2.880000000000000000e+03,8.460000000000000000e+03,2.745927938586094115e+02,2.649980839173177287e+02,2.590289034784784690e+02,2.531168569815747560e+02,2.629329601584221336e+02,2.545497182338945095e+02,2.604028448081706983e+02,2.561855722052168858e+02,2.562574296528551372e+02,2.707159880511553069e+02,2.729956044635011949e+02,2.733773681491284151e+02,2.712911308176467742e+02,1.594156638803472742e+05,3.419248190289977174e+00,1.073790108954555222e+01
2.890000000000000000e+03,8.470000000000000000e+03,2.745693888830313085e+02,2.648524251132145082e+02,2.588718039148564003e+02,2.529580505897840794e+02,2.627915543079507188e+02,2.544281313325696772e+02,2.601876315304832588e+02,2.560488535844087892e+02,2.561204176192308637e+02,2.706172941062123982e+02,2.729486465971727966e+02,2.732828729223365372e+02,2.711871070608915488e+02,1.593427308869644767e+05,3.419248190289977174e+00,1.071254887116592869e+01
2.900000000000000000e+03,8.480000000000000000e+03,2.745456530365390790e+02,2.647072813139271261e+02,2.587154793273451787e+02,2.528000718755024536e+02,2.626508261025917363e+02,2.543068404299353915e+02,2.599743440533943044e+02,2.559126012128157868e+02,2.559838623037287562e+02,2.705185120401734480e+02,2.729015383350019874e+02,2.731882716268191871e+02,2.710829284258447842e+02,1.592700496461217408e+05,3.419248190289977174e+00,1.068737361252099305e+01
2.910000000000000000e+03,8.490000000000000000e+03,2.745215889833984306e+02,2.645626516134163921e+02,2.585599234456296358e+02,2.526429133842022452e+02,2.625107698269002867e+02,2.541858467894788873e+02,2.597629518750559896e+02,2.557768142765239645e+02,2.558477629736221388e+02,2.704196474677740412e+02,2.728542812338490080e+02,2.730935691924682374e+02,2.709786014968679524e+02,1.591976184092037147e+05,3.419248190289977174e+00,1.066237321393101212e+01
2.920000000000000000e+03,8.500000000000000000e+03,2.744971993702109216e+02,2.644185350334173563e+02,2.584051300622818417e+02,2.524865677478217663e+02,2.623713798382691493e+02,2.540651516053042656e+02,2.595534251375324288e+02,2.556414919202067608e+02,2.557121188563989733e+02,2.703207059106171073e+02,2.728068768291078072e+02,2.729987704441929850e+02,2.708741327329336173e+02,1.591254354482612107e+05,3.419248190289977174e+00,1.063754561383133890e+01
2.930000000000000000e+03,8.510000000000000000e+03,2.744724868245468201e+02,2.642749304924554394e+02,2.582510930434913234e+02,2.523310276917920589e+02,2.622326505655777282e+02,2.539447560038854874e+02,2.593457346159673875e+02,2.555066332500803412e+02,2.555769291400856105e+02,2.702216927543777274e+02,2.727593266351678949e+02,2.729038801057874934e+02,2.707695284950842165e+02,1.590534990555284894e+05,3.419248190289977174e+00,1.061288878811169489e+01
2.940000000000000000e+03,8.520000000000000000e+03,2.744474539560546873e+02,2.641318368955787719e+02,2.580978063211719018e+02,2.521762860291153174e+02,2.620945765081806940e+02,2.538246610463905313e+02,2.591398516992032910e+02,2.553722373356869753e+02,2.554421929777235505e+02,2.701226132596905813e+02,2.727116321473833409e+02,2.728089028053427683e+02,2.706647949897328544e+02,1.589818075431489269e+05,3.419248190289977174e+00,1.058840074909730511e+01
2.950000000000000000e+03,8.530000000000000000e+03,2.744221033560390879e+02,2.639892530311005885e+02,2.579452638920530489e+02,2.520223356595498103e+02,2.619571522342629919e+02,2.537048677307475941e+02,2.589357483727040403e+02,2.552383032101020603e+02,2.553079094861355998e+02,2.700234725977149992e+02,2.726637948410189551e+02,2.727138430749986355e+02,2.705599383315712885e+02,1.589103592427599942e+05,3.419248190289977174e+00,1.056407954451018050e+01
2.960000000000000000e+03,8.540000000000000000e+03,2.743964375980702926e+02,2.638471776354248277e+02,2.577934598181316233e+02,2.518691695687410004e+02,2.618203723799975933e+02,2.535853769933665376e+02,2.587333972042917480e+02,2.551048298719205718e+02,2.551740777484109515e+02,2.699242758249081362e+02,2.726158161727181550e+02,2.726187053523008217e+02,2.704549645182440258e+02,1.588391525052099023e+05,3.419248190289977174e+00,1.053992325661197427e+01
2.970000000000000000e+03,8.550000000000000000e+03,2.743704592380780696e+02,2.637056110464720291e+02,2.576423882289514609e+02,2.517167808256845660e+02,2.616842316511573472e+02,2.534661897127544137e+02,2.585327713284668221e+02,2.549718162925555589e+02,2.550406968906515033e+02,2.698250279067295878e+02,2.725676976061914161e+02,2.725234940674023960e+02,2.703498778911647946e+02,1.587681857004113845e+05,3.419248190289977174e+00,1.051593000329535954e+01
2.980000000000000000e+03,8.560000000000000000e+03,2.743441708135546833e+02,2.635645483567219571e+02,2.574920433112519049e+02,2.515651625854151803e+02,2.615487248140411225e+02,2.533473067070053162e+02,2.583338444321803991e+02,2.548392614026722924e+02,2.549077657944611417e+02,2.697257336878737419e+02,2.725194405299629352e+02,2.724282133321106016e+02,2.702446873498815307e+02,1.586974572160422977e+05,3.419248190289977174e+00,1.049209793045517003e+01
2.990000000000000000e+03,8.570000000000000000e+03,2.743175748448984450e+02,2.634239900277610786e+02,2.573424193139470617e+02,2.514143080836818172e+02,2.614138466999400521e+02,2.532287287374853406e+02,2.581365907404899644e+02,2.547071641037992151e+02,2.547752834950190390e+02,2.696263978848647866e+02,2.724710463497298178e+02,2.723328673782755232e+02,2.701393970069593706e+02,1.586269654587543046e+05,3.419248190289977174e+00,1.046842521924752845e+01
3.000000000000000000e+03,8.580000000000000000e+03,2.742906738344687483e+02,2.632839345519827816e+02,2.571935105492593152e+02,2.512642106377259097e+02,2.612795922039895800e+02,2.531104565115607556e+02,2.579409850032506029e+02,2.545755232687362479e+02,2.546432489661033287e+02,2.695270251527006167e+02,2.724225164555758738e+02,2.722374602934513632e+02,2.700340124109287672e+02,1.585567088527758315e+05,3.419248190289977174e+00,1.044491008201469029e+01
3.010000000000000000e+03,8.590000000000000000e+03,2.742634702677891028e+02,2.631443803586904551e+02,2.570453113892257875e+02,2.511148636441770918e+02,2.611459562835216275e+02,2.529924906843108374e+02,2.577470024807601021e+02,2.544443377435559341e+02,2.545116611434001754e+02,2.694276200411172795e+02,2.723738522201614387e+02,2.721419961017223272e+02,2.699285390251461081e+02,1.584866858399800840e+05,3.419248190289977174e+00,1.042155076131111180e+01
3.020000000000000000e+03,8.600000000000000000e+03,2.742359666125859690e+02,2.630053258779911971e+02,2.568978162673138854e+02,2.509662605795282388e+02,2.610129339571684000e+02,2.528748318589684914e+02,2.575546189328697437e+02,2.543136063481747726e+02,2.543805189344214455e+02,2.693281869970649041e+02,2.723250550018202603e+02,2.720464787156752777e+02,2.698229822057476213e+02,1.584168948794495664e+05,3.419248190289977174e+00,1.039834552941491630e+01
3.030000000000000000e+03,8.610000000000000000e+03,2.742081653198437152e+02,2.628667694687470657e+02,2.567510196762179930e+02,2.508183949987246990e+02,2.608805203035386739e+02,2.527574805904703794e+02,2.573638106046975622e+02,2.541833278770297397e+02,2.542498212203813637e+02,2.692287303780666434e+02,2.722761261403218214e+02,2.719509119804892521e+02,2.697173472171082835e+02,1.583473344473175239e+05,3.419248190289977174e+00,1.037529268761880452e+01
3.040000000000000000e+03,8.620000000000000000e+03,2.741800688231249978e+02,2.627287094576582263e+02,2.566049161651338295e+02,2.506712605320265084e+02,2.607487104601623855e+02,2.526404373843126052e+02,2.571745542149812991e+02,2.540535010996726442e+02,2.541195668583215763e+02,2.691292544485158373e+02,2.722270669635689728e+02,2.718552996633124508e+02,2.696116392239449624e+02,1.582780030363340047e+05,3.419248190289977174e+00,1.035239056546420500e+01
3.050000000000000000e+03,8.630000000000000000e+03,2.741516795392890344e+02,2.625911441314485728e+02,2.564595003413897416e+02,2.505248508860635752e+02,2.606174996226892517e+02,2.525237026995445433e+02,2.569868269448180627e+02,2.539241247625901394e+02,2.539897546819636034e+02,2.690297633825041430e+02,2.721778787845125862e+02,2.717596454549933469e+02,2.695058632953520146e+02,1.582088991557819536e+05,3.419248190289977174e+00,1.032963752020523884e+01
3.060000000000000000e+03,8.640000000000000000e+03,2.741229998683515987e+02,2.624540717401295638e+02,2.563147668689588841e+02,2.503791598418605417e+02,2.604868830437519591e+02,2.524072769497800550e+02,2.568006064258577794e+02,2.537951975893547569e+02,2.538603835029021241e+02,2.689302612654687437e+02,2.721285629020950410e+02,2.716639529718219137e+02,2.694000244059889155e+02,1.581400213310290128e+05,3.419248190289977174e+00,1.030703193606449730e+01
3.070000000000000000e+03,8.650000000000000000e+03,2.740940321934843382e+02,2.623174905088242213e+02,2.561707104677817597e+02,2.502341812542825608e+02,2.603568560318851723e+02,2.522911605045936199e+02,2.566158707296973489e+02,2.536667182822151005e+02,2.537314521115770276e+02,2.688307520961895420e+02,2.720791206021421544e+02,2.715682257490660731e+02,2.692941274381339554e+02,1.580713681033480098e+05,3.419248190289977174e+00,1.028457222368300705e+01
3.080000000000000000e+03,8.660000000000000000e+03,2.740647788815312538e+02,2.621813985968404950e+02,2.560273259096131255e+02,2.500899090450229494e+02,2.602274139508888879e+02,2.521753536878899240e+02,2.564325983563958289e+02,2.535386855226953173e+02,2.536029592756507327e+02,2.687312397879098853e+02,2.720295531564805742e+02,2.714724672769045810e+02,2.691881771849579081e+02,1.580029380288682296e+05,3.419248190289977174e+00,1.026225681917593846e+01
3.090000000000000000e+03,8.670000000000000000e+03,2.740352422827187411e+02,2.620457941821595114e+02,2.558846080280372917e+02,2.499463372228612457e+02,2.600985522189581616e+02,2.520598567890349671e+02,2.562507682253804546e+02,2.534110979727427946e+02,2.534749037495173809e+02,2.686317281706774338e+02,2.719798618254460507e+02,2.713766809506329878e+02,2.690821783496419357e+02,1.579347296815128648e+05,3.419248190289977174e+00,1.024008418454478608e+01
3.100000000000000000e+03,8.680000000000000000e+03,2.740054247306718480e+02,2.619106753765335611e+02,2.557425517061671769e+02,2.498034598532306632e+02,2.599702663074848488e+02,2.519446700528382053e+02,2.560703596633371149e+02,2.532839542755079663e+02,2.533472842635361815e+02,2.685322209960042983e+02,2.719300478555213658e+02,2.712808701032374756e+02,2.689761355424220142e+02,1.578667416478878004e+05,3.419248190289977174e+00,1.021805280582946018e+01
3.110000000000000000e+03,8.690000000000000000e+03,2.739753285433047267e+02,2.617760402832061004e+02,2.556011518784987402e+02,2.496612710747257040e+02,2.598425517398129045e+02,2.518297936840790499e+02,2.558913523969160053e+02,2.531572530562792736e+02,2.532200995318857792e+02,2.684327219292497375e+02,2.718801124848650375e+02,2.711850380026331209e+02,2.688700532949799253e+02,1.577989725303500891e+05,3.419248190289977174e+00,1.019616119321523939e+01
3.120000000000000000e+03,8.700000000000000000e+03,2.739449560218593547e+02,2.616418869758714436e+02,2.554604035356184113e+02,2.495197650947215777e+02,2.597154040932281305e+02,2.517152278522387405e+02,2.557137265413458636e+02,2.530309929234276751e+02,2.530933482520693190e+02,2.683332345612399195e+02,2.718300569349937632e+02,2.710891878437776654e+02,2.687639360522229595e+02,1.577314209458942059e+05,3.419248190289977174e+00,1.017440788050371658e+01
3.130000000000000000e+03,8.710000000000000000e+03,2.739143094521640478e+02,2.615082135074740108e+02,2.553203017126483019e+02,2.493789361881381410e+02,2.595888189908465051e+02,2.516009726859770979e+02,2.555374625917089588e+02,2.529051724689061871e+02,2.529670291050162234e+02,2.682337624052151455e+02,2.717798824171102297e+02,2.709933227848495108e+02,2.686577881757874025e+02,1.576640855259709060e+05,3.419248190289977174e+00,1.015279142428024173e+01
3.140000000000000000e+03,8.720000000000000000e+03,2.738833911034374751e+02,2.613750179030309368e+02,2.551808415030850767e+02,2.492387786963829512e+02,2.594627921105773112e+02,2.514870282822579952e+02,2.553625414143101580e+02,2.527797902690243745e+02,2.528411407565348838e+02,2.681343089041273515e+02,2.717295901363456778e+02,2.708974458878184350e+02,2.685516139460057730e+02,1.575969649162052083e+05,3.419248190289977174e+00,1.013131040377306213e+01
3.150000000000000000e+03,8.730000000000000000e+03,2.738522032296640987e+02,2.612422981821458734e+02,2.550420180484813386e+02,2.490992870274561142e+02,2.593373191778297269e+02,2.513733947024414306e+02,2.551889442376011914e+02,2.526548448858248435e+02,2.527156818576705177e+02,2.680348774143065498e+02,2.716791812800454977e+02,2.708015601683846398e+02,2.684454175630668828e+02,1.575300577762289322e+05,3.419248190289977174e+00,1.010996342018350092e+01
3.160000000000000000e+03,8.740000000000000000e+03,2.738207480688749911e+02,2.611100523348825391e+02,2.549038265395075200e+02,2.489604556536171458e+02,2.592123959664833706e+02,2.512600719742391107e+02,2.550166526437495804e+02,2.525303348672430275e+02,2.525906510455571095e+02,2.679354712292733325e+02,2.716286570280065007e+02,2.707056685811331249e+02,2.683392031486417295e+02,1.574633627794471104e+05,3.419248190289977174e+00,1.008874909620243088e+01
3.170000000000000000e+03,8.750000000000000000e+03,2.737890278438984524e+02,2.609782783347676514e+02,2.547662622142982514e+02,2.488222791100252778e+02,2.590880182979981328e+02,2.511470600916494220e+02,2.548456485606006936e+02,2.524062587473763415e+02,2.524660469441151633e+02,2.678360935761905921e+02,2.715780185499313575e+02,2.706097740241444853e+02,2.682329747469653398e+02,1.573968786128562060e+05,3.419248190289977174e+00,1.006766607550006043e+01
3.180000000000000000e+03,8.760000000000000000e+03,2.737570447614688192e+02,2.608469741414287455e+02,2.546293203641610603e+02,2.486847519976273588e+02,2.589641820407815658e+02,2.510343590199369999e+02,2.546759142535802880e+02,2.522826150485423398e+02,2.523418681645182176e+02,2.677367475941398425e+02,2.715272670045105770e+02,2.705138793356073279e+02,2.681267363265587846e+02,1.573306039767385519e+05,3.419248190289977174e+00,1.004671302245787601e+01
3.190000000000000000e+03,8.770000000000000000e+03,2.737248010136171956e+02,2.607161377034134375e+02,2.544929963236293702e+02,2.485478689770461074e+02,2.588408831095561027e+02,2.509219686913637020e+02,2.545074323178208431e+02,2.521594022805890063e+02,2.522181133059319222e+02,2.676374363717824281e+02,2.714764035409452845e+02,2.704179872945040870e+02,2.680204917815906356e+02,1.572645375845925300e+05,3.419248190289977174e+00,1.002588862150990856e+01
3.200000000000000000e+03,8.780000000000000000e+03,2.736922987767187578e+02,2.605857669538688697e+02,2.543572854758982942e+02,2.484116247708643073e+02,2.587181174642576025e+02,2.508098890090487885e+02,2.543401856707258162e+02,2.520366189421922911e+02,2.520947809564129045e+02,2.675381629246528519e+02,2.714254292985807524e+02,2.703221006280161873e+02,2.679142449327571285e+02,1.571986781628486351e+05,3.419248190289977174e+00,1.000519157682740357e+01
3.210000000000000000e+03,8.790000000000000000e+03,2.736595402123202803e+02,2.604558598128818403e+02,2.542221832532474650e+02,2.482760141638453320e+02,2.585958811098003594e+02,2.506981198490918246e+02,2.541741575445969090e+02,2.519142635216383042e+02,2.519718696929324437e+02,2.674389301934286323e+02,2.713743454073424459e+02,2.702262220083734974e+02,2.678079995287254178e+02,1.571330244507180760e+05,3.419248190289977174e+00,9.984620611971820381e+00
3.220000000000000000e+03,8.800000000000000000e+03,2.736265274666405958e+02,2.603264141932425559e+02,2.540876851256926727e+02,2.481410319947679568e+02,2.584741700950678478e+02,2.505866610547267896e+02,2.540093314794888215e+02,2.517923344960018994e+02,2.518493780824655914e+02,2.673397410867704025e+02,2.713231529876223931e+02,2.701303540548187243e+02,2.677017592477452581e+02,1.570675751999674540e+05,3.419248190289977174e+00,9.964174469164481351e+00
3.230000000000000000e+03,8.810000000000000000e+03,2.735932626712890396e+02,2.601974279946006163e+02,2.539537866187197039e+02,2.480066731674484117e+02,2.583529805123949359e+02,2.504755124472881676e+02,2.538456913165213109e+02,2.516708303338274959e+02,2.517273046822100184e+02,2.672405984142211537e+02,2.712718531500885319e+02,2.700344993339807615e+02,2.675955276982971327e+02,1.570023291747729527e+05,3.419248190289977174e+00,9.943851909371177911e+00
3.240000000000000000e+03,8.820000000000000000e+03,2.735597479428828365e+02,2.600688991124665108e+02,2.538204832965491278e+02,2.478729326400817854e+02,2.582323084968686544e+02,2.503646738201317135e+02,2.536832211895554963e+02,2.515497494944928860e+02,2.516056480403933620e+02,2.671415049356818372e+02,2.712204469992956319e+02,2.699386603663001551e+02,2.674893084210475536e+02,1.569372851515237708e+05,3.419248190289977174e+00,9.923651711582300194e+00
3.250000000000000000e+03,8.830000000000000000e+03,2.735259853835078161e+02,2.599408254332076922e+02,2.536877707725859352e+02,2.477398054303651520e+02,2.581121502264013543e+02,2.502541449416709156e+02,2.535219055221028555e+02,2.514290904289416915e+02,2.514844066967256424e+02,2.670424633520153748e+02,2.711689356248314198e+02,2.698428396123065340e+02,2.673831048854272581e+02,1.568724419186213345e+05,3.419248190289977174e+00,9.903572672659889164e+00
3.260000000000000000e+03,8.840000000000000000e+03,2.734919770804687573e+02,2.598132048438581023e+02,2.535556446943371043e+02,2.476072866084464295e+02,2.579925019178454590e+02,2.501439255534552615e+02,2.533617290152816111e+02,2.513088515802189420e+02,2.513635791825407466e+02,2.669434763035179685e+02,2.711173201184559503e+02,2.697470394935812692e+02,2.672769205098843486e+02,1.568077982763471082e+05,3.419248190289977174e+00,9.883613606601533874e+00
3.270000000000000000e+03,8.850000000000000000e+03,2.734577251065937844e+02,2.596860352070804083e+02,2.534241007651533550e+02,2.474753713048743862e+02,2.578733598319921043e+02,2.500340153759819941e+02,2.532026766491253511e+02,2.511890313836421456e+02,2.512431640218266864e+02,2.668445463757423113e+02,2.710656015518798085e+02,2.696512623757630536e+02,2.671707586285197635e+02,1.567433530366294435e+05,3.419248190289977174e+00,9.863773344729031223e+00
3.280000000000000000e+03,8.860000000000000000e+03,2.734232315204609449e+02,2.595593144578688225e+02,2.532931347240351556e+02,2.473440547024349030e+02,2.577547202687709955e+02,2.499244141053758312e+02,2.530447336703708174e+02,2.510696282686454879e+02,2.511231597327921747e+02,2.667456760908489741e+02,2.710137809956449928e+02,2.695555105286417756e+02,2.670646225234704616e+02,1.566791050229864195e+05,3.419248190289977174e+00,9.844050735026458554e+00
3.290000000000000000e+03,8.870000000000000000e+03,2.733884983662500190e+02,2.594330403356546526e+02,2.531627423520635602e+02,2.472133320376009351e+02,2.576365795674859669e+02,2.498151214153471642e+02,2.528878855881289383e+02,2.509506406569663284e+02,2.510035648239897910e+02,2.666468679180885033e+02,2.709618595067848332e+02,2.694597863415678489e+02,2.669585154063544223e+02,1.566150530702371325e+05,3.419248190289977174e+00,9.824444641711165715e+00
3.300000000000000000e+03,8.880000000000000000e+03,2.733535276741406506e+02,2.593072107620423026e+02,2.530329194737358875e+02,2.470831986009931143e+02,2.575189341067498390e+02,2.497061369578444214e+02,2.527321181696236181e+02,2.508320669645377166e+02,2.508843777992310606e+02,2.665481242713879055e+02,2.709098381382481193e+02,2.693640919866816148e+02,2.668524404427976151e+02,1.565511960244110087e+05,3.419248190289977174e+00,9.804953945104180946e+00
3.310000000000000000e+03,8.890000000000000000e+03,2.733183214600234123e+02,2.591818236113346643e+02,2.529036619549526108e+02,2.469536497354343965e+02,2.574017803045509254e+02,2.495974603644976355e+02,2.525774174329244204e+02,2.507139056025146147e+02,2.507655971574606895e+02,2.664494475063996219e+02,2.708577179344213164e+02,2.692684296517841176e+02,2.667464007144552056e+02,1.564875327425810683e+05,3.419248190289977174e+00,9.785577541329978146e+00
3.320000000000000000e+03,8.900000000000000000e+03,2.732828817258828167e+02,2.590568767293730730e+02,2.527749656977903214e+02,2.468246808355594624e+02,2.572851146136212606e+02,2.494890912438720818e+02,2.524237696424197850e+02,2.505961549758590081e+02,2.506472213913250755e+02,2.663508399436716445e+02,2.708054999317396891e+02,2.691728014798814002e+02,2.666403992692239058e+02,1.564240620927099371e+05,3.419248190289977174e+00,9.766314341759553486e+00
3.330000000000000000e+03,8.910000000000000000e+03,2.732472104597343332e+02,2.589323679856136096e+02,2.526468266503252380e+02,2.466962873470914133e+02,2.571689335276839756e+02,2.493810291878585019e+02,2.522711613030726312e+02,2.504788134857431885e+02,2.505292489892378569e+02,2.662523038295802849e+02,2.707531851588015570e+02,2.690772095726590010e+02,2.665344390740144718e+02,1.563607829534827615e+05,3.419248190289977174e+00,9.747163273054983534e+00
3.340000000000000000e+03,8.920000000000000000e+03,2.732113096359687461e+02,2.588082952331706110e+02,2.525192407985702516e+02,2.465684647669700098e+02,2.570532335760265710e+02,2.492732737685320785e+02,2.521195791555010146e+02,2.503618795288085437e+02,2.504116784347519626e+02,2.661538413694304381e+02,2.707007746369502001e+02,2.689816559891177121e+02,2.664285230475780963e+02,1.562976942141738837e+05,3.419248190289977174e+00,9.728123276690048726e+00
3.350000000000000000e+03,8.930000000000000000e+03,2.731751812154531081e+02,2.586846563305954305e+02,2.523922041642057934e+02,2.464412086392036656e+02,2.569380113243461210e+02,2.491658245374260616e+02,2.519690101707207646e+02,2.502453514977497946e+02,2.502945082066560474e+02,2.660554547180840927e+02,2.706482693797777301e+02,2.688861427475412711e+02,2.663226540647490879e+02,1.562347947745187557e+05,3.419248190289977174e+00,9.709193308568170977e+00
3.360000000000000000e+03,8.940000000000000000e+03,2.731388271449062586e+02,2.585614491371946997e+02,2.522657128123128700e+02,2.463145145598921886e+02,2.568232633740061601e+02,2.490586810303751122e+02,2.518194415455335502e+02,2.501292277817284457e+02,2.501777367805769927e+02,2.659571459816510810e+02,2.705956703938555279e+02,2.687906718259495733e+02,2.662168349261010007e+02,1.561720835445144912e+05,3.419248190289977174e+00,9.690372338984261091e+00
3.370000000000000000e+03,8.950000000000000000e+03,2.731022493581015169e+02,2.584386715119218820e+02,2.521397628440629433e+02,2.461883781722855531e+02,2.567089863616669163e+02,2.489518427651953516e+02,2.516708606973589326e+02,2.500135067667394821e+02,2.500613626284050497e+02,2.658589172180262494e+02,2.705429786781845678e+02,2.686952451646233726e+02,2.661110683858076982e+02,1.561095594443439040e+05,3.419248190289977174e+00,9.671659352185013603e+00
3.380000000000000000e+03,8.960000000000000000e+03,2.730654497751172585e+02,2.583163213182984919e+02,2.520143503987014810e+02,2.460627951674200915e+02,2.565951769589910327e+02,2.488453092427417346e+02,2.515232552599589440e+02,2.498981868359653049e+02,2.499453842190396244e+02,2.657607704379412326e+02,2.704901952246761425e+02,2.685998646625603214e+02,2.660053571442280145e+02,1.560472214041919797e+05,3.419248190289977174e+00,9.653053346163908088e+00
3.390000000000000000e+03,8.970000000000000000e+03,2.730284303029218904e+02,2.581943964249629175e+02,2.518894716517749259e+02,2.459377612827895518e+02,2.564818318718344017e+02,2.487390799468885803e+02,2.513766130785324719e+02,2.497832663700769160e+02,2.498298000184770729e+02,2.656627076063112440e+02,2.704373210197381923e+02,2.685045321823492941e+02,2.658997038486407405e+02,1.559850683641425567e+05,3.419248190289977174e+00,9.634553332366373013e+00
3.400000000000000000e+03,8.980000000000000000e+03,2.729911928351953065e+02,2.580728946946393307e+02,2.517651228174556195e+02,2.458132723033327807e+02,2.563689478398272286e+02,2.486331543470593317e+02,2.512309222055458235e+02,2.496687437476057880e+02,2.497146084901813197e+02,2.655647306422546308e+02,2.703843570402354999e+02,2.684092495490241390e+02,2.657941110976975096e+02,1.559230992740163929e+05,3.419248190289977174e+00,9.616158335491260090e+00
3.410000000000000000e+03,8.990000000000000000e+03,2.729537392524844108e+02,2.579518140036259979e+02,2.516413001453922504e+02,2.456893240593232122e+02,2.562565216361637113e+02,2.485275318965744589e+02,2.510861708963095964e+02,2.495546173453108736e+02,2.495998080956828744e+02,2.654668414208866238e+02,2.703313042579301282e+02,2.683140185510609967e+02,2.656885814338146474e+02,1.558613130932901986e+05,3.419248190289977174e+00,9.597867393225170574e+00
3.420000000000000000e+03,9.000000000000000000e+03,2.729160714223046966e+02,2.578311522229172965e+02,2.515179999212292046e+02,2.455659124260451165e+02,2.561445500667809938e+02,2.484222120341214008e+02,2.509423476047995223e+02,2.494408855383073558e+02,2.494853972943355416e+02,2.653690417737195162e+02,2.702781636371711897e+02,2.682188409451774760e+02,2.655831173527456031e+02,1.557997087908806279e+05,3.419248190289977174e+00,9.579679555980138872e+00
3.430000000000000000e+03,9.010000000000000000e+03,2.728781911993046947e+02,2.577109072382997965e+02,2.513952184663207845e+02,2.454430333235509920e+02,2.560330299701321337e+02,2.483171941843447144e+02,2.507994409795189767e+02,2.493275467006658914e+02,2.493713745442344987e+02,2.652713334895932462e+02,2.702249361362628974e+02,2.681237184447613799e+02,2.654777213008633225e+02,1.557382853451432311e+05,3.419248190289977174e+00,9.561593886700640255e+00
3.440000000000000000e+03,9.020000000000000000e+03,2.728401004252031612e+02,2.575910769333909229e+02,2.512729521371366275e+02,2.453206827157219436e+02,2.559219582166178384e+02,2.482124777578069654e+02,2.506574398593791386e+02,2.492145992054300905e+02,2.492577383019143724e+02,2.651737183151568615e+02,2.701716227065409157e+02,2.680286527348836216e+02,2.653723956759619114e+02,1.556770417436126154e+05,3.419248190289977174e+00,9.543609460602826999e+00
3.450000000000000000e+03,9.030000000000000000e+03,2.728018009292812849e+02,2.574716591980960061e+02,2.511511973250147207e+02,2.451988566098959552e+02,2.558113317083742970e+02,2.481080621519076601e+02,2.505163332699842442e+02,2.491020414250002375e+02,2.491444870230785966e+02,2.650761979557076984e+02,2.701182242930195798e+02,2.679336454653030160e+02,2.652671428289391997e+02,1.556159769830100122e+05,3.419248190289977174e+00,9.525725364974704235e+00
3.460000000000000000e+03,9.040000000000000000e+03,2.727632945278124907e+02,2.573526519282575009e+02,2.510299504553267411e+02,2.450775510561299484e+02,2.557011473783143742e+02,2.480039467511070654e+02,2.503761104197479881e+02,2.489898717314414966e+02,2.490316191625202293e+02,2.649787740783605159e+02,2.700647418342383617e+02,2.678386982529671059e+02,2.651619650627312694e+02,1.555550900690330891e+05,3.419248190289977174e+00,9.507940698944167934e+00
3.470000000000000000e+03,9.050000000000000000e+03,2.727245830244374929e+02,2.572340530262392804e+02,2.509092079876960497e+02,2.449567621466504477e+02,2.555914021903946889e+02,2.479001309273660354e+02,2.502367606963005642e+02,2.488780884966379858e+02,2.489191331745772402e+02,2.648814483074221471e+02,2.700111762621738762e+02,2.677438126820819093e+02,2.650568646362814889e+02,1.554943800162589760e+05,3.419248190289977174e+00,9.490254573286746265e+00
3.480000000000000000e+03,9.060000000000000000e+03,2.726856682108281120e+02,2.571158603995328917e+02,2.507889664151051647e+02,2.448364860156087275e+02,2.554820931387266398e+02,2.477966140407446005e+02,2.500982736622325717e+02,2.487666900926286644e+02,2.488070275133060250e+02,2.647842222306571216e+02,2.699575285030710461e+02,2.676489903049216537e+02,2.649518437625143292e+02,1.554338458480942645e+05,3.419248190289977174e+00,9.472666110204048806e+00
3.490000000000000000e+03,9.070000000000000000e+03,2.726465518658984593e+02,2.569980719625469305e+02,2.506692222638166072e+02,2.447167188379060008e+02,2.553732172473213495e+02,2.476933954395630053e+02,2.499606390526336668e+02,2.486556748919539359e+02,2.486953006327411515e+02,2.646870973968386807e+02,2.699037994765078565e+02,2.675542326425215265e+02,2.648469046100824471e+02,1.553734865965690406e+05,3.419248190289977174e+00,9.455174443129918060e+00
3.500000000000000000e+03,9.080000000000000000e+03,2.726072357561406534e+02,2.568806856373893766e+02,2.505499720928322631e+02,2.445974568292157016e+02,2.552647715697532931e+02,2.475904744610568855e+02,2.498238467706806034e+02,2.485450412675770338e+02,2.485839509869861956e+02,2.645900753168967867e+02,2.698499900960070477e+02,2.674595411850784785e+02,2.647420493041355485e+02,1.553133013022513478e+05,3.419248190289977174e+00,9.437778716525464517e+00
3.510000000000000000e+03,9.090000000000000000e+03,2.725677216361171986e+02,2.567636993470813422e+02,2.504312124946980020e+02,2.444786962460601103e+02,2.551567531886413747e+02,2.474878504323361597e+02,2.496878868846043531e+02,2.484347875933792125e+02,2.484729770308673835e+02,2.644931574670654300e+02,2.697961012690317375e+02,2.673649173912045853e+02,2.646372799268584686e+02,1.552532890142061515e+05,3.419248190289977174e+00,9.420478085739702578e+00
3.520000000000000000e+03,9.100000000000000000e+03,2.725280112483046651e+02,2.566471110380504683e+02,2.503129400892894409e+02,2.443604333810180265e+02,2.550491592151732334e+02,2.473855226672135359e+02,2.495527496246032797e+02,2.483249122444216539e+02,2.483623772197009316e+02,2.643963452870497122e+02,2.697421338973591673e+02,2.672703626961483110e+02,2.645325985190116853e+02,1.551934487898348598e+05,3.419248190289977174e+00,9.403271716643336831e+00
3.530000000000000000e+03,9.110000000000000000e+03,2.724881063228437483e+02,2.565309186460680735e+02,2.501951515342405230e+02,2.442426645697963181e+02,2.549419867891652132e+02,2.472834904727770606e+02,2.494184253792424215e+02,2.482154135968193600e+02,2.482521500094252929e+02,2.642996401805402229e+02,2.696880888763885764e+02,2.671758784977987489e+02,2.644280070791347725e+02,1.551337796947261086e+05,3.419248190289977174e+00,9.386158785708813568e+00
3.540000000000000000e+03,9.120000000000000000e+03,2.724480085780234617e+02,2.564151201222445025e+02,2.500778435158351272e+02,2.441253861848509530e+02,2.548352330781163460e+02,2.471817531451240484e+02,2.492849046928933490e+02,2.481062900283807551e+02,2.481422938573812758e+02,2.642030435169397151e+02,2.696339670956696750e+02,2.670814661691497918e+02,2.643235075650381987e+02,1.550742808026342827e+05,3.419248190289977174e+00,9.369138479669258501e+00
3.550000000000000000e+03,9.130000000000000000e+03,2.724077197204140361e+02,2.562997134303108737e+02,2.499610127491039293e+02,2.440085946353977988e+02,2.547288952772535708e+02,2.470803099709593198e+02,2.491521782605857993e+02,2.479975399184527589e+02,2.480328072216813666e+02,2.641065566351462621e+02,2.695797694393217512e+02,2.669871270525261480e+02,2.642191018997859828e+02,1.550149511953678157e+05,3.419248190289977174e+00,9.352209995303095269e+00
3.560000000000000000e+03,9.140000000000000000e+03,2.723672414446484709e+02,2.561846965275098000e+02,2.498446559844829267e+02,2.438922863707406066e+02,2.546229706088857938e+02,2.469791602280427014e+02,2.490202369294777043e+02,2.478891616483368239e+02,2.479236885622895556e+02,2.640101808334245561e+02,2.695254967850759158e+02,2.668928624730635875e+02,2.641147919556294710e+02,1.549557899626066501e+05,3.419248190289977174e+00,9.335372539442726492e+00
3.570000000000000000e+03,9.150000000000000000e+03,2.723265754335937459e+02,2.560700673955456068e+02,2.497287699989387306e+02,2.437764578752664875e+02,2.545174563223892505e+02,2.468783031852991030e+02,2.488890716913369090e+02,2.477811536014737612e+02,2.478149363406375869e+02,2.639139173828154981e+02,2.694711500053005011e+02,2.667986737164604847e+02,2.640105795753256075e+02,1.548967962019113766e+05,3.419248190289977174e+00,9.318625328640074201e+00
3.580000000000000000e+03,9.160000000000000000e+03,2.722857233589609223e+02,2.559558240189788592e+02,2.496133516002521446e+02,2.436611056701197811e+02,2.544123496934874140e+02,2.467777381034715347e+02,2.487586736818919348e+02,2.476735141635494131e+02,2.477065490199556450e+02,2.638177675205974992e+02,2.694167299668057467e+02,2.667045620467847584e+02,2.639064665615135823e+02,1.548379690186103981e+05,3.419248190289977174e+00,9.301967589061639785e+00
3.590000000000000000e+03,9.170000000000000000e+03,2.722446868799140702e+02,2.558419643875699876e+02,2.494983976257196616e+02,2.435462263125222080e+02,2.543076480241801391e+02,2.466774642351592206e+02,2.486290341774839590e+02,2.475662417223201714e+02,2.475985250653291132e+02,2.637217324561736405e+02,2.693622375304217371e+02,2.666105287019347543e+02,2.638024546792028104e+02,1.547793075255692238e+05,3.419248190289977174e+00,9.285398556319121255e+00
3.600000000000000000e+03,9.180000000000000000e+03,2.722034676453125144e+02,2.557284865062356971e+02,2.493839049418120908e+02,2.434318163951045335e+02,2.542033486422192539e+02,2.465774808251571812e+02,2.485001445925204564e+02,2.474593346685629740e+02,2.474908629440675725e+02,2.636258133633288026e+02,2.693076735517420843e+02,2.665165748939470518e+02,2.636985456566235371e+02,1.547208108433120069e+05,3.419248190289977174e+00,9.268917475325288535e+00
3.610000000000000000e+03,9.190000000000000000e+03,2.721620672917500201e+02,2.556153883901259860e+02,2.492698704439784478e+02,2.433178725457043186e+02,2.540994489010212760e+02,2.464777871109950809e+02,2.483719964769594526e+02,2.473527913957488806e+02,2.473835611258164420e+02,2.635300113876837145e+02,2.692530388807239206e+02,2.664227018064505046e+02,2.635947411855183873e+02,1.546624780997644993e+05,3.419248190289977174e+00,9.252523600152191108e+00
3.620000000000000000e+03,9.200000000000000000e+03,2.721204874449531417e+02,2.555026679903610045e+02,2.491562910559982811e+02,2.432043914265382227e+02,2.539959461790651574e+02,2.463783823228818619e+02,2.482445815133924043e+02,2.472466102998563429e+02,2.472766180799665108e+02,2.634343276449274640e+02,2.691983343606109429e+02,2.663289106201909249e+02,2.634910429648203944e+02,1.546043084302567004e+05,3.419248190289977174e+00,9.236216193784276385e+00
3.630000000000000000e+03,9.210000000000000000e+03,2.720787297194687540e+02,2.553903234510247842e+02,2.490431637300644070e+02,2.430913697342269870e+02,2.538928378796348397e+02,2.462792656841487826e+02,2.481178915145238193e+02,2.471407897802665730e+02,2.471700322847454174e+02,2.633387632222857633e+02,2.691435608315885588e+02,2.662352024565396960e+02,2.633874525365159229e+02,1.545463009773671511e+05,3.419248190289977174e+00,9.219994528186450822e+00
3.640000000000000000e+03,9.220000000000000000e+03,2.720367957183125327e+02,2.552783527611468344e+02,2.489304854462713195e+02,2.429788041988895202e+02,2.537901214307838131e+02,2.461804364117793114e+02,2.479919184210423566e+02,2.470353282397205135e+02,2.470638022163073799e+02,2.632433191778724222e+02,2.690887191273165513e+02,2.661415784331536543e+02,2.632839715253063559e+02,1.544884548908841389e+05,3.419248190289977174e+00,9.203857883950719909e+00
3.650000000000000000e+03,9.230000000000000000e+03,2.719946870338124540e+02,2.551667539655104520e+02,2.488182532122424107e+02,2.428666915841737932e+02,2.536877942845361531e+02,2.460818937161791951e+02,2.478666542986772470e+02,2.469302240839930391e+02,2.469579263545219021e+02,2.631479965440615842e+02,2.690338100759037161e+02,2.660480396417303837e+02,2.631806014859807874e+02,1.544307693277038634e+05,3.419248190289977174e+00,9.187805550234894980e+00
3.660000000000000000e+03,9.240000000000000000e+03,2.719524052470546849e+02,2.550555251176839135e+02,2.487064640628655354e+02,2.427550286862442590e+02,2.535858539171576354e+02,2.459836368017988661e+02,2.477420913363138197e+02,2.468254757225299727e+02,2.468524031820512334e+02,2.630527963225090389e+02,2.689788345000408754e+02,2.659545871559664647e+02,2.630773439392404498e+02,1.543732434517397778e+05,3.419248190289977174e+00,9.171836824621651729e+00
3.670000000000000000e+03,9.250000000000000000e+03,2.719099519283437303e+02,2.549446642931845872e+02,2.485951150602442397e+02,2.426438123340200832e+02,2.534842978283992352e+02,2.458856648673096856e+02,2.476182218432880120e+02,2.467210815683255305e+02,2.467472311851968527e+02,2.629577194891143677e+02,2.689237932176300774e+02,2.658612220148534107e+02,2.629742003733964566e+02,1.543158764338723558e+05,3.419248190289977174e+00,9.155951012990581006e+00
3.680000000000000000e+03,9.260000000000000000e+03,2.718673286369765378e+02,2.548341695661588915e+02,2.484842032919242456e+02,2.425330393882016438e+02,2.533831235407229485e+02,2.457879771057822325e+02,2.474950382469094166e+02,2.466170400379270973e+02,2.466424088531787504e+02,2.628627669971049272e+02,2.688686870409865151e+02,2.657679452449008295e+02,2.628711722443580356e+02,1.542586674517874490e+05,3.419248190289977174e+00,9.140147429347196706e+00
3.690000000000000000e+03,9.270000000000000000e+03,2.718245369217265761e+02,2.547240390234042593e+02,2.483737258738173637e+02,2.424227067410125471e+02,2.532823286008322725e+02,2.456905727050023529e+02,2.473725330913718494e+02,2.465133495520702809e+02,2.465379346786945689e+02,2.627679397670870003e+02,2.688135167773300509e+02,2.656747578486530301e+02,2.627682609766350765e+02,1.542016156900107162e+05,3.419248190289977174e+00,9.124425395771556424e+00
3.700000000000000000e+03,9.280000000000000000e+03,2.717815783205937805e+02,2.546142707618779468e+02,2.482636799466903312e+02,2.423128113162233603e+02,2.531819105775600747e+02,2.455934508475172322e+02,2.472506990342049846e+02,2.464100085352014275e+02,2.464338071578426650e+02,2.626732386984748473e+02,2.687582832287180850e+02,2.655816608072209419e+02,2.626654679636400260e+02,1.541447203397452540e+05,3.419248190289977174e+00,9.108784242227127237e+00
3.710000000000000000e+03,9.290000000000000000e+03,2.717384543606953002e+02,2.545048628891458407e+02,2.481540626772224982e+02,2.422033500680221323e+02,2.530818670621939930e+02,2.454966107113054647e+02,2.471295288450662042e+02,2.463070154159603078e+02,2.463300247902919295e+02,2.625786646652284162e+02,2.687029871920367441e+02,2.654886550803093428e+02,2.625627945681723077e+02,1.540879805987936852e+05,3.419248190289977174e+00,9.093223306459755406e+00
3.720000000000000000e+03,9.300000000000000000e+03,2.716951665589140248e+02,2.543958135200306288e+02,2.480448712582386293e+02,2.420943199811310365e+02,2.529821956687416673e+02,2.454000514693411503e+02,2.470090154034874672e+02,2.462043686271030083e+02,2.462265860796215975e+02,2.624842185166026525e+02,2.686476294591536771e+02,2.653957416099630109e+02,2.624602421204150460e+02,1.540313956715334207e+05,3.419248190289977174e+00,9.077741933882084169e+00
3.730000000000000000e+03,9.310000000000000000e+03,2.716517164216015772e+02,2.542871207845507797e+02,2.479361029051000571e+02,2.419857180703952508e+02,2.528828940313317446e+02,2.453037722905960436e+02,2.468891516950680227e+02,2.461020666057902986e+02,2.461234895324426759e+02,2.623899010783916310e+02,2.685922108169018543e+02,2.653029213131579809e+02,2.623578119328130356e+02,1.539749647688159021e+05,3.419248190289977174e+00,9.062339477368098528e+00
3.740000000000000000e+03,9.320000000000000000e+03,2.716081054444218807e+02,2.541787828205706887e+02,2.478277548620628181e+02,2.418775413803225547e+02,2.527839598080317103e+02,2.452077723396557474e+02,2.467699308132425244e+02,2.460001077935136777e+02,2.460207336599798111e+02,2.622957131524487977e+02,2.685367320470170398e+02,2.652101950895003029e+02,2.622555052725532505e+02,1.539186871078539698e+05,3.419248190289977174e+00,9.047015297315031290e+00
3.750000000000000000e+03,9.330000000000000000e+03,2.715643351131562326e+02,2.540707977752701936e+02,2.477198243958995931e+02,2.417697869844709544e+02,2.526853906774015002e+02,2.451120507770374388e+02,2.466513459543892850e+02,2.458984906363144205e+02,2.459183169772838653e+02,2.622016555172288577e+02,2.684811939262481246e+02,2.651175638190524069e+02,2.621533233871915058e+02,1.538625619122212229e+05,3.419248190289977174e+00,9.031768761395269962e+00
3.760000000000000000e+03,9.340000000000000000e+03,2.715204069030078244e+02,2.539631638065895061e+02,2.476123087980625996e+02,2.416624519855153039e+02,2.525871843390570461e+02,2.450166067596098856e+02,2.465333904165828471e+02,2.457972135846735000e+02,2.458162380032535737e+02,2.621077289295404285e+02,2.684255972264296020e+02,2.650250283627786416e+02,2.620512674948259360e+02,1.538065884117228561e+05,3.419248190289977174e+00,9.016599244466192431e+00
3.770000000000000000e+03,9.350000000000000000e+03,2.714763222789609358e+02,2.538558790820019624e+02,2.475052053841517079e+02,2.415555335145143658e+02,2.524893385136801385e+02,2.449214394404883706e+02,2.464160575980183125e+02,2.456962750938753004e+02,2.457144952611465101e+02,2.620139341253525913e+02,2.683699427136518807e+02,2.649325895625337353e+02,2.619493387858399842e+02,1.537507658423440298e+05,3.419248190289977174e+00,9.001506128479441315e+00
3.780000000000000000e+03,9.360000000000000000e+03,2.714320826964922162e+02,2.537489416978118584e+02,2.473985114935164802e+02,2.414490287309941436e+02,2.523918509421399392e+02,2.448265479695853628e+02,2.462993409949908141e+02,2.455956736223338908e+02,2.456130872776630270e+02,2.619202718100498259e+02,2.683142312269532113e+02,2.648402482393462378e+02,2.618475384226910592e+02,1.536950934461845027e+05,3.419248190289977174e+00,8.986488802317197155e+00
3.790000000000000000e+03,9.370000000000000000e+03,2.713876896002578292e+02,2.536423500128359763e+02,2.472922244889988690e+02,2.413429348218005259e+02,2.522947193863839743e+02,2.447319314931804968e+02,2.461832342001895881e+02,2.454954076371726615e+02,2.455120125850399688e+02,2.618267426828989528e+02,2.682584633763929673e+02,2.647480052027338502e+02,2.617458675436838575e+02,1.536395704714212625e+05,3.419248190289977174e+00,8.971546661823541768e+00
3.800000000000000000e+03,9.380000000000000000e+03,2.713431444250780942e+02,2.535361021403561494e+02,2.471863417571734090e+02,2.412372490015481787e+02,2.521979416280250916e+02,2.446375891549450330e+02,2.460677309009075771e+02,2.453954756080545963e+02,2.454112697194351256e+02,2.617333474133607751e+02,2.682026399824212035e+02,2.646558612387405560e+02,2.616443272595491294e+02,1.535841961721434491e+05,3.419248190289977174e+00,8.956679109577947884e+00
3.810000000000000000e+03,9.390000000000000000e+03,2.712984485960312782e+02,2.534301962906969550e+02,2.470808607075326222e+02,2.411319685120817269e+02,2.521015154686864435e+02,2.445435200956017638e+02,2.459528248773932546e+02,2.452958760094251716e+02,2.453108572214904939e+02,2.616400866491760553e+02,2.681467617944259700e+02,2.645638171173125102e+02,2.615429186551427847e+02,1.535289698083777912e+05,3.419248190289977174e+00,8.941885554826718874e+00
3.820000000000000000e+03,9.400000000000000000e+03,2.712536035284297213e+02,2.533246306847246387e+02,2.469757787728465246e+02,2.410270906221697373e+02,2.520054387296952427e+02,2.444497234530549008e+02,2.458385100013190367e+02,2.451966073212099673e+02,2.452107736361413401e+02,2.615469610186584646e+02,2.680908295561073942e+02,2.644718735897736224e+02,2.614416427901916222e+02,1.534738906460061553e+05,3.419248190289977174e+00,8.927165413383988835e+00
3.830000000000000000e+03,9.410000000000000000e+03,2.712086106272656139e+02,2.532194035480738989e+02,2.468710934073896510e+02,2.409226126263750700e+02,2.519097092517217789e+02,2.443561983629014094e+02,2.457247802334404980e+02,2.450976680282756490e+02,2.451110175129626612e+02,2.614539711329877036e+02,2.680348440055168453e+02,2.643800313973796960e+02,2.613405006991600317e+02,1.534189579566312605e+05,3.419248190289977174e+00,8.912518107518458521e+00
3.840000000000000000e+03,9.420000000000000000e+03,2.711634712886484522e+02,2.531145131269462922e+02,2.467668020885828355e+02,2.408185318460539293e+02,2.518143248947444022e+02,2.442629439581200756e+02,2.456116296229258182e+02,2.449990566207064262e+02,2.450115874063519072e+02,2.613611175834752203e+02,2.679788058765103074e+02,2.642882912539106997e+02,2.612394933925006626e+02,1.533641710176630295e+05,3.419248190289977174e+00,8.897943065892526704e+00
3.850000000000000000e+03,9.430000000000000000e+03,2.711181868984687071e+02,2.530099576720608923e+02,2.466629023158851339e+02,2.407148456281865379e+02,2.517192835377746292e+02,2.441699593696225747e+02,2.454990523052547360e+02,2.449007715938894307e+02,2.449124818751459713e+02,2.612684009414069806e+02,2.679227158974807708e+02,2.641966538631063486e+02,2.611386218563958437e+02,1.533095291120812180e+05,3.419248190289977174e+00,8.883439723449072289e+00
3.860000000000000000e+03,9.440000000000000000e+03,2.710727588332968594e+02,2.529057354936132924e+02,2.465593916105476069e+02,2.406115513452056689e+02,2.516245830784763200e+02,2.440772437262620542e+02,2.453870425008811651e+02,2.448028114501750565e+02,2.448136994841121634e+02,2.611758217607448387e+02,2.678665747497806251e+02,2.641051199127294922e+02,2.610378870533455711e+02,1.532550315285079996e+05,3.419248190289977174e+00,8.869007521376538250e+00
3.870000000000000000e+03,9.450000000000000000e+03,2.710271884597109420e+02,2.528018447595693772e+02,2.464562675154895146e+02,2.405086463948807136e+02,2.515302214330399693e+02,2.439847961547919226e+02,2.452755945136516118e+02,2.447051746937508483e+02,2.447152388010403001e+02,2.610833805730460995e+02,2.678103832433956200e+02,2.640136900714315971e+02,2.609372899224986213e+02,1.532006775610239129e+05,3.419248190289977174e+00,8.854645906864098137e+00
3.880000000000000000e+03,9.460000000000000000e+03,2.709816582471718789e+02,2.527024626845296211e+02,2.465641369126940390e+02,2.404565847203036242e+02,2.520419344747729724e+02,2.454422335108888262e+02,2.451766172027396919e+02,2.446807113650435781e+02,2.446899507025925686e+02,2.609935892328959426e+02,2.677566075111428745e+02,2.639250925527389313e+02,2.608393416190963308e+02,1.532755548318370129e+05,1.639945768794113690e+01,8.911731681503274771e+00
3.890000000000000000e+03,9.470000000000000000e+03,2.709362223757968309e+02,2.526098013001777645e+02,2.467314876789192795e+02,2.404160857075206081e+02,2.524984797544276489e+02,2.467855925469021088e+02,2.450846397820628226e+02,2.446696926299899246e+02,2.446781066108780465e+02,2.609059991826089799e+02,2.677046808799399287e+02,2.638388479416835253e+02,2.607435943062458819e+02,1.533493127332601580e+05,1.633091298128965008e+01,8.955123504239068666e+00
3.900000000000000000e+03,9.480000000000000000e+03,2.708909036088828088e+02,2.525247735820104253e+02,2.469149008666568079e+02,2.403847723225972857e+02,2.529229529739021700e+02,2.480719130961628025e+02,2.449972749574422437e+02,2.446674471118571432e+02,2.446750350254751538e+02,2.608204108818557074e+02,2.676543258640824092e+02,2.637547186554305654e+02,2.606498496559958085e+02,1.534219708463772549e+05,1.626073119806930123e+01,8.994920458633959726e+00
3.910000000000000000e+03,9.490000000000000000e+03,2.708457159286015212e+02,2.524476184892907042e+02,2.471016483347339658e+02,2.403609488620028571e+02,2.533228084472330579e+02,2.493207128462820492e+02,2.449134438511124188e+02,2.446715963617286889e+02,2.446783572642584090e+02,2.607367272431387164e+02,2.676053994038054498e+02,2.636725856925847893e+02,2.605580119653797055e+02,1.534935238362782402e+05,1.618892123666421767e+01,9.033622797789501391e+00
3.920000000000000000e+03,9.500000000000000000e+03,2.708006704713515660e+02,2.523782503455602466e+02,2.472878200194138287e+02,2.403434221717046171e+02,2.537007572245669849e+02,2.505397425491241279e+02,2.448326181196860887e+02,2.446807893277686503e+02,2.446867220752835124e+02,2.606548928375577248e+02,2.675578156906561844e+02,2.635923813609577451e+02,2.604680272603604863e+02,1.535639601172705879e+05,1.611549220189603915e+01,9.071864651536358792e+00
3.930000000000000000e+03,9.510000000000000000e+03,2.707557772613125167e+02,2.523164312062946237e+02,2.474721487051435815e+02,2.403313300394646603e+02,2.540579881874558623e+02,2.517326832314890623e+02,2.447545124741817517e+02,2.446941656025785790e+02,2.446992689304810824e+02,2.605748721502812941e+02,2.675115161450936512e+02,2.635140625500013130e+02,2.603798615123300237e+02,1.536332666233660129e+05,1.604045340386956653e+01,9.109803347311881794e+00
3.940000000000000000e+03,9.520000000000000000e+03,2.707110457576796989e+02,2.522618536269684739e+02,2.476541938774561800e+02,2.403240288128530437e+02,2.543951701337059603e+02,2.529016131315664779e+02,2.446789537322439969e+02,2.447111212309349071e+02,2.447153938334577674e+02,2.604966402098493745e+02,2.674664566455355157e+02,2.634375991259971670e+02,2.602934912550082345e+02,1.537014300896456698e+05,1.596381435679231586e+01,9.147468283075614437e+00
3.950000000000000000e+03,9.530000000000000000e+03,2.706664850338906376e+02,2.522141809721819641e+02,2.478337833527816372e+02,2.403210226028262468e+02,2.547127818924641645e+02,2.540478783483949314e+02,2.446058217094477811e+02,2.447311992462107071e+02,2.447346398387762747e+02,2.604201777150848898e+02,2.674226013002511309e+02,2.633629681120100372e+02,2.602088987057649092e+02,1.537684374139027786e+05,1.588558477776816069e+01,9.184852914442569016e+00
3.960000000000000000e+03,9.540000000000000000e+03,2.706221038266562005e+02,2.521730677753873806e+02,2.480108342776824202e+02,2.403219178659402075e+02,2.550112273165948409e+02,2.551724386016611277e+02,2.445350211659080912e+02,2.447540343905177451e+02,2.447566417678042114e+02,2.603454681890801226e+02,2.673799189706775223e+02,2.632901503452436600e+02,2.601260689161712776e+02,1.538342757613982831e+05,1.580577458556536286e+01,9.221940402059264130e+00
3.970000000000000000e+03,9.550000000000000000e+03,2.705779105454843716e+02,2.521381703844902518e+02,2.481852938412228298e+02,2.403263935048067879e+02,2.552908771721667733e+02,2.562760236097852840e+02,2.444664680669839640e+02,2.447793230088057612e+02,2.447810960399641829e+02,2.602724962302037284e+02,2.673383811880704570e+02,2.632191284245686802e+02,2.600449880226863115e+02,1.538989325944519660e+05,1.572439389935892429e+01,9.258711167672769804e+00
3.980000000000000000e+03,9.560000000000000000e+03,2.705339132641718720e+02,2.521091526424811207e+02,2.483571191872745771e+02,2.403341807299747188e+02,2.555520851795329520e+02,2.573592132648941515e+02,2.444000828260988669e+02,2.448068053047790613e+02,2.448077429886050140e+02,2.602012464370899920e+02,2.672979608661914881e+02,2.631498854236969578e+02,2.599656421674181956e+02,1.539623956783781177e+05,1.564145303744759552e+01,9.295145222745397007e+00
3.990000000000000000e+03,9.570000000000000000e+03,2.704901197102421975e+02,2.520856889581943392e+02,2.485262707626458223e+02,2.403450492369047993e+02,2.557951940500684884e+02,2.584224834380131597e+02,2.443357870904274876e+02,2.448362542773978419e+02,2.448363557464247720e+02,2.601317027598926757e+02,2.672586315014108322e+02,2.630824040760421099e+02,2.598880168484404862e+02,1.540246530804301728e+05,1.555696251594557111e+01,9.331222895932278050e+00
4.000000000000000000e+03,9.580000000000000000e+03,2.704465372530702894e+02,2.520674658425491543e+02,2.486927102109223142e+02,2.403587975577318332e+02,2.560205378620045167e+02,2.594662344517880115e+02,2.442735023610453879e+02,2.448674683307663145e+02,2.448667328591601517e+02,2.600638481300418334e+02,2.672203666972674228e+02,2.630166662945218832e+02,2.598120965448381412e+02,1.540856931663110736e+05,1.547093304744920950e+01,9.366925050799054020e+00
4.010000000000000000e+03,9.590000000000000000e+03,2.704031728954452660e+02,2.520541825723538523e+02,2.488563998493469285e+02,2.403752462244836181e+02,2.562284429417528600e+02,2.604908099330733648e+02,2.442131495597294020e+02,2.449002661124392262e+02,2.448986931210732507e+02,2.599976642690569406e+02,2.671831398981128132e+02,2.629526528920945339e+02,2.597378645273963116e+02,1.541455045963393641e+05,1.538337553967872573e+01,9.402233136464811736e+00
4.020000000000000000e+03,9.600000000000000000e+03,2.703600332638046666e+02,2.520455513154606138e+02,2.490173026548244195e+02,2.403942328540246933e+02,2.564192281847719528e+02,2.614965098962688899e+02,2.441546490675478935e+02,2.449344827558809925e+02,2.449320718153734333e+02,2.599331316147615780e+02,2.671469242557251960e+02,2.628903434494654334e+02,2.596653027780669163e+02,1.542040763214971521e+05,1.529430109409522665e+01,9.437129184432993867e+00
4.030000000000000000e+03,9.610000000000000000e+03,2.703171246052109495e+02,2.520412969237477228e+02,2.491753823762148556e+02,2.404156085651200101e+02,2.565932051903328670e+02,2.624836001511153540e+02,2.440979209781459645e+02,2.449699670558643447e+02,2.449667178881627194e+02,2.598702293173493558e+02,2.671116925850600410e+02,2.628297162703373715e+02,2.595943919863108249e+02,1.542613975797820021e+05,1.520372100449311681e+01,9.471595790001945403e+00
4.040000000000000000e+03,9.620000000000000000e+03,2.702744527821093925e+02,2.520411565398148355e+02,2.493306036596231365e+02,2.404392353347377025e+02,2.567506783441668858e+02,2.634523192507719500e+02,2.440428854278938502e+02,2.450065792917827707e+02,2.450024917712164552e+02,2.598089352818378188e+02,2.670774173699003313e+02,2.627707483958229773e+02,2.595251115882927024e+02,1.543174578926461400e+05,1.511164675556819326e+01,9.505616090856452871e+00
4.050000000000000000e+03,9.630000000000000000e+03,2.702320232703906413e+02,2.520448790888287931e+02,2.494829321410924763e+02,2.404649840206089948e+02,2.568919449113053020e+02,2.644028837470078770e+02,2.439894629324065534e+02,2.450441895177465312e+02,2.450392636706103815e+02,2.597492262347857377e+02,2.670440708000435279e+02,2.627134156528175026e+02,2.594574398318711701e+02,1.543722470616782666e+05,1.501809002146148231e+01,9.539173747194276132e+00
4.060000000000000000e+03,9.640000000000000000e+03,2.701898411593749643e+02,2.520522246978684962e+02,2.496323345075317945e+02,2.404927328657448697e+02,2.570172951523709344e+02,2.653354922312811368e+02,2.439375746927886439e+02,2.450826761976309172e+02,2.450769122019464987e+02,2.596910778040763148e+02,2.670116248413688709e+02,2.626576927212672672e+02,2.593913538552253613e+02,1.544257551654365961e+05,1.492306266427903161e+01,9.572252924238364713e+00
4.070000000000000000e+03,9.650000000000000000e+03,2.701479111524296854e+02,2.520629641819808171e+02,2.497787785324350125e+02,2.405223663569021255e+02,2.571270124656689404e+02,2.662503284848587555e+02,2.438871428588784056e+02,2.451219251041146379e+02,2.451153232880018606e+02,2.596344646082683880e+02,2.669800512371929244e+02,2.626035532148566745e+02,2.593268297705863006e+02,1.544779725564559922e+05,1.482657673258797537e+01,9.604838277189765350e+00
4.080000000000000000e+03,9.660000000000000000e+03,2.701062375680546666e+02,2.520768783585605206e+02,2.499222330848694469e+02,2.405537743380630786e+02,2.572213735496486038e+02,2.671475639856252542e+02,2.438380907439552630e+02,2.451618284178264844e+02,2.451543892587630467e+02,2.595793603395216564e+02,2.669493216589615940e+02,2.625509697599664491e+02,2.592638427495353426e+02,1.545288898582022521e+05,1.472864445988883197e+01,9.636914938538186703e+00
4.090000000000000000e+03,9.670000000000000000e+03,2.700648243440156193e+02,2.520937575522220300e+02,2.500626681273196823e+02,2.405868513198461471e+02,2.573006485809638662e+02,2.680273599073577770e+02,2.437903429947483289e+02,2.452022839871412430e+02,2.451940081100935060e+02,2.595257378500378991e+02,2.669194077096801152e+02,2.624999140791740047e+02,2.592023671068697581e+02,1.545784979623960098e+05,1.462927826306445134e+01,9.668468507203925810e+00
4.100000000000000000e+03,9.680000000000000000e+03,2.700236750398515824e+02,2.521134010355963824e+02,2.502000547016322969e+02,2.406214959323082780e+02,2.573651014012118026e+02,2.688898687426279821e+02,2.437438257201761758e+02,2.452431947135323753e+02,2.452340828897736174e+02,2.594735692339273783e+02,2.668902809938626888e+02,2.624503570704977733e+02,2.591423763777356726e+02,1.546267880261183309e+05,1.452849074080562453e+01,9.699485039338593850e+00
4.110000000000000000e+03,9.690000000000000000e+03,2.699827928426328754e+02,2.521356164966439337e+02,2.503343649079523061e+02,2.406576104877323985e+02,2.574149897101937654e+02,2.697352356295016307e+02,2.436984665848633256e+02,2.452844680374724931e+02,2.452745211824235412e+02,2.594228259013564752e+02,2.668619131885574234e+02,2.624022688820793405e+02,2.590838433936153820e+02,1.546737514692473924e+05,1.442629467201375171e+01,9.729951040535340212e+00
4.120000000000000000e+03,9.700000000000000000e+03,2.699421805693359602e+02,2.521602196508672193e+02,2.504655718802039246e+02,2.406951006263207091e+02,2.574505652595292418e+02,2.705635994464027476e+02,2.436541948727406748e+02,2.453260155072248381e+02,2.453152346778156243e+02,2.593734786533565284e+02,2.668342760099911857e+02,2.623556189862711108e+02,2.590267403518038805e+02,1.547193799716788344e+05,1.432270301418055425e+01,9.759853459205352522e+00
4.130000000000000000e+03,9.710000000000000000e+03,2.699018406752031183e+02,2.521870336440071867e+02,2.505936497586206997e+02,2.407338750271062509e+02,2.574720740454220049e+02,2.713750937228763860e+02,2.436109415268058456e+02,2.453677524104698477e+02,2.453561388035026312e+02,2.593254977425589800e+02,2.668073413792273527e+02,2.623103762426330263e+02,2.589710388790179536e+02,1.547636654708682909e+05,1.421772890174520931e+01,9.789179680869262157e+00
4.140000000000000000e+03,9.720000000000000000e+03,2.698617752579452826e+02,2.522158887386832760e+02,2.507185736619339878e+02,2.407738451680435787e+02,2.574797564985040026e+02,2.721698474032418176e+02,2.435686391683356078e+02,2.454095974620688878e+02,2.453971524121060952e+02,2.592788529370155857e+02,2.667810813709916715e+02,2.622665089612242468e+02,2.589167100912964088e+02,1.548066001591392269e+05,1.411138564442899224e+01,9.817917523388672407e+00
4.150000000000000000e+03,9.730000000000000000e+03,2.698219860649452926e+02,2.522466218950810912e+02,2.508403196591271751e+02,2.408149251245532128e+02,2.574738476689666413e+02,2.729479854910122185e+02,2.435272221007276130e+02,2.454514725358998817e+02,2.454381975126910334e+02,2.592335135759864215e+02,2.667554682689701622e+02,2.622239849605797417e+02,2.588637246483760919e+02,1.548481764812103356e+05,1.400368672554778726e+01,9.846055232779242772e+00
4.160000000000000000e+03,9.740000000000000000e+03,2.697824744988203634e+02,2.522790764149000893e+02,2.509588647419067229e+02,2.408570313992143213e+02,2.574545774065558135e+02,2.737096295968034383e+02,2.434866263010493412e+02,2.454933024325629844e+02,2.454791990386429461e+02,2.591894486211031108e+02,2.667304745902064269e+02,2.621827716201508451e+02,2.588120528053993894e+02,1.548883871316586738e+05,1.389464580030249508e+01,9.873581479724244048e+00
4.170000000000000000e+03,9.750000000000000000e+03,2.697432416247265792e+02,2.523131015998079647e+02,2.510741867981282383e+02,2.409000827753009162e+02,2.574221705346034810e+02,2.744548984057342409e+02,2.434467894015318450e+02,2.455350146775903966e+02,2.455200846456041859e+02,2.591466267051371801e+02,2.667060731109118024e+02,2.621428359303131970e+02,2.587616644579212561e+02,1.549272250523420516e+05,1.378427669404766043e+01,9.900485356445535956e+00
4.180000000000000000e+03,9.760000000000000000e+03,2.697042881786406383e+02,2.523485524461731870e+02,2.511862645860511805e+02,2.409440001899511117e+02,2.573768470180315262e+02,2.751839080806192896e+02,2.434076506637298962e+02,2.455765393451679870e+02,2.455607845351860590e+02,2.591050161733730874e+02,2.666822368844428865e+02,2.621041445357062685e+02,2.587125291854745228e+02,1.549646834300281480e+05,1.367259340053860939e+01,9.926756374119360515e+00
4.190000000000000000e+03,9.770000000000000000e+03,2.696656145714766240e+02,2.523852893536312081e+02,2.512950777110802392e+02,2.409887066221396594e+02,2.573188221252649441e+02,2.758967726038167712e+02,2.433691509487690325e+02,2.456178089014546231e+02,2.456012312984984192e+02,2.590645851286857919e+02,2.666589392555958398e+02,2.620666637853367433e+02,2.586646162919018934e+02,1.550007556937095360e+05,1.355961008015712643e+01,9.952384460331012761e+00
4.200000000000000000e+03,9.780000000000000000e+03,2.696272241399843779e+02,2.524233437474970856e+02,2.514043276337358179e+02,2.410485243727467832e+02,2.572664252277330093e+02,2.765955606784431211e+02,2.433331950374802091e+02,2.456611659662004854e+02,2.456437676894927051e+02,2.590253503966777089e+02,2.666361981716696619e+02,2.620304087440283638e+02,2.586179437533712644e+02,1.550377452406898374e+05,1.367765571982721085e+01,9.978701782458179181e+00
4.210000000000000000e+03,9.790000000000000000e+03,2.695891217257968719e+02,2.524627792647897309e+02,2.515160880761789599e+02,2.411261386911905618e+02,2.572232880699202724e+02,2.772812172652380696e+02,2.433005690450530665e+02,2.457073219365801720e+02,2.456891052434845051e+02,2.589873341964247970e+02,2.666140350908769960e+02,2.619954002829239244e+02,2.585725349097956496e+02,1.550762708799336688e+05,1.385836720123226407e+01,1.000580404259551415e+01
4.220000000000000000e+03,9.800000000000000000e+03,2.695513124766953297e+02,2.525036550877760533e+02,2.516309417038186211e+02,2.412205433631615108e+02,2.571883855085213781e+02,2.779541236047448933e+02,2.432714987588371969e+02,2.457563373775559512e+02,2.457373046603773616e+02,2.589505523823486328e+02,2.665924643607725670e+02,2.619616527543172424e+02,2.585284067228198523e+02,1.551163130619758158e+05,1.403775510140987670e+01,1.003353766255962398e+01
4.230000000000000000e+03,9.810000000000000000e+03,2.695138015416796975e+02,2.525460306817822413e+02,2.517490382466347114e+02,2.413311118386209273e+02,2.571611695211348660e+02,2.786145722983872020e+02,2.432461245107980687e+02,2.458082505293717190e+02,2.457884043090896000e+02,2.589150175294964811e+02,2.665714965131578538e+02,2.619291767850852466e+02,2.584855728606220282e+02,1.551578525375073077e+05,1.421579667567663385e+01,1.006184988451679096e+01
4.240000000000000000e+03,9.820000000000000000e+03,2.694765939850702807e+02,2.525899646839104946e+02,2.518703970038519060e+02,2.414573647256257232e+02,2.571412740893160276e+02,2.792628033959293816e+02,2.432245370201264336e+02,2.458630828210511368e+02,2.458424257402036517e+02,2.588807403589544833e+02,2.665511398927878872e+02,2.618979807482344313e+02,2.584440451272038786e+02,1.552008701014497783e+05,1.439246935005043859e+01,1.009071371747380397e+01
4.250000000000000000e+03,9.830000000000000000e+03,2.694396947613827820e+02,2.526355134291734998e+02,2.519949958278067754e+02,2.415988914029610157e+02,2.571284158834136520e+02,2.798990229722389813e+02,2.432067957369757210e+02,2.459208439859694408e+02,2.458993788032879309e+02,2.588477304056467574e+02,2.665314014680112109e+02,2.618680715179699519e+02,2.584038341292851442e+02,1.552453465220102225e+05,1.456775072411277350e+01,1.012010942620813303e+01
4.260000000000000000e+03,9.840000000000000000e+03,2.694031087099921251e+02,2.526827299894349039e+02,2.521227985030834589e+02,2.417553201320685048e+02,2.571223566382509489e+02,2.805234134371193591e+02,2.431929389419019003e+02,2.459815355248530580e+02,2.459592651104637753e+02,2.588159963742746186e+02,2.665122872705903205e+02,2.618394548977690874e+02,2.583649496322266259e+02,1.552912625182680204e+05,1.474161857384873642e+01,1.015001970317423563e+01
4.270000000000000000e+03,9.850000000000000000e+03,2.693668405556172161e+02,2.527316636647334178e+02,2.522537635651771382e+02,2.419263047646728637e+02,2.571228866641922082e+02,2.811361397877216177e+02,2.431829898063441249e+02,2.460451529282207161e+02,2.460220802599801573e+02,2.587855463465368757e+02,2.664938026520267158e+02,2.618121358772978624e+02,2.583274007681700368e+02,1.553385987511126150e+05,1.491405085446491086e+01,1.018042832179692248e+01
4.280000000000000000e+03,9.860000000000000000e+03,2.693308949096562515e+02,2.527823597659860297e+02,2.523878472769657151e+02,2.421115177876758935e+02,2.571298164040791221e+02,2.817373537004650643e+02,2.431769603148642602e+02,2.461116871208883765e+02,2.460878152817967930e+02,2.587563879114725864e+02,2.664759524422526624e+02,2.617861187962982399e+02,2.582911961639249512e+02,1.553873358183326782e+05,1.508502570318445279e+01,1.021131972881092054e+01
4.290000000000000000e+03,9.870000000000000000e+03,2.692952762758671952e+02,2.528348595741178713e+02,2.525250046779996751e+02,2.423106461294817109e+02,2.571429714811902159e+02,2.823271963748030657e+02,2.431748539489344410e+02,2.461811254350425884e+02,2.461564576116032299e+02,2.587285282379191358e+02,2.664587410489214676e+02,2.617614074400450477e+02,2.582563440172747278e+02,1.554374542511084001e+05,1.525452144201901561e+01,1.024267890703319495e+01
4.300000000000000000e+03,9.880000000000000000e+03,2.692599890510780938e+02,2.528892004090513979e+02,2.526651899789146682e+02,2.425233883465719487e+02,2.571621894684248559e+02,2.829058005807790437e+02,2.431766675984064250e+02,2.462534522895369946e+02,2.462279917701308420e+02,2.587019741272789588e+02,2.664421725172463766e+02,2.617380051150775557e+02,2.582228521471934641e+02,1.554889345110786380e+05,1.542251658051736563e+01,1.027449132045898317e+01
4.310000000000000000e+03,9.890000000000000000e+03,2.692250375289297040e+02,2.529454157580306344e+02,2.528083567208475415e+02,2.427494526042038956e+02,2.571873176242888235e+02,2.834732921833872297e+02,2.431823929583859751e+02,2.463286496857336090e+02,2.463023998591594079e+02,2.586767320403156987e+02,2.664262505679691913e+02,2.617159146894650803e+02,2.581907280209489954e+02,1.555417569877167989e+05,1.558898981849013587e+01,1.030674288648070203e+01
4.320000000000000000e+03,9.900000000000000000e+03,2.691904259025859574e+02,2.530035354304762336e+02,2.529544578526236194e+02,2.429885551511482618e+02,2.572182112265998057e+02,2.840297912984399318e+02,2.431920175695468060e+02,2.464066975805300217e+02,2.463796619353459789e+02,2.586528081125250083e+02,2.664109786263565525e+02,2.616951386214734612e+02,2.581599787690199150e+02,1.555959019958965073e+05,1.575392004871054219e+01,1.033941995712154416e+01
4.330000000000000000e+03,9.910000000000000000e+03,2.691561582673359112e+02,2.530635857450859589e+02,2.531034457756516929e+02,2.432404191372373816e+02,2.572547323059861242e+02,2.845754131824298270e+02,2.432055256040736140e+02,2.464875741740898434e+02,2.464597562974633149e+02,2.586302081613342807e+02,2.663963598323089741e+02,2.616756789779396399e+02,2.581306111935251124e+02,1.556513497736663849e+05,1.591728635959050564e+01,1.037250930361667045e+01
4.340000000000000000e+03,9.920000000000000000e+03,2.691222386222265186e+02,2.531255897104990709e+02,2.532552723759471860e+02,2.435047736777424348e+02,2.572967486601525025e+02,2.851102689265184722e+02,2.432228984662116602e+02,2.465712561368608533e+02,2.465426597136895168e+02,2.586089376891699771e+02,2.663823970521325464e+02,2.616575374467963115e+02,2.581026317698580215e+02,1.557080804801352788e+05,1.607906803783206939e+01,1.040599810226980182e+01
4.350000000000000000e+03,9.930000000000000000e+03,2.690886708733827959e+02,2.531895672097926422e+02,2.534098890536575652e+02,2.437813530941661497e+02,2.573441330716854054e+02,2.856344660040517738e+02,2.432441152539007305e+02,2.466577187916054186e+02,2.466283476044116583e+02,2.585890018837503135e+02,2.663690928853362720e+02,2.616407153463662212e+02,2.580760466483727669e+02,1.557660741936804843e+05,1.623924457105371388e+01,1.043987392081363907e+01
4.360000000000000000e+03,9.940000000000000000e+03,2.690554588350780705e+02,2.532555351791240525e+02,2.535672467482930870e+02,2.440698962970363368e+02,2.573967626833247095e+02,2.861481087063249333e+02,2.432691531182793199e+02,2.467469362616261037e+02,2.467167941887066149e+02,2.585704056164954636e+02,2.663564496681924538e+02,2.616252136323234936e+02,2.580508616497223784e+02,1.558253109101014561e+05,1.639779565039101072e+01,1.047412470508868054e+01
4.370000000000000000e+03,9.950000000000000000e+03,2.690226062322187772e+02,2.533235077777939637e+02,2.537272959615781645e+02,2.443701462744398611e+02,2.574545184841707055e+02,2.866512984918518896e+02,2.432979875442184152e+02,2.468388815916759711e+02,2.468079726078002807e+02,2.585531534406441097e+02,2.663444694790097174e+02,2.616110329031681090e+02,2.580270822691968533e+02,1.558857705410564085e+05,1.655470117307169886e+01,1.050873876585616706e+01
4.380000000000000000e+03,9.960000000000000000e+03,2.689901167008281391e+02,2.533934965553834786e+02,2.538899867825904266e+02,2.446818496646009748e+02,2.575172848913631469e+02,2.871441342706791602e+02,2.433305925714817874e+02,2.469335268491040267e+02,2.469018550238812395e+02,2.585372495899027854e+02,2.663331541404891141e+02,2.615981734067984803e+02,2.580047136680698259e+02,1.559474329126441153e+05,1.670994124496445821e+01,1.054370476587040883e+01
4.390000000000000000e+03,9.970000000000000000e+03,2.689579937915468690e+02,2.534655105900843068e+02,2.540552689083335167e+02,2.450047563959547006e+02,2.575849493997877744e+02,2.876267126352088894e+02,2.433669409700787583e+02,2.470308432078616079e+02,2.469984127053635632e+02,2.585226979760412860e+02,2.663225052300753646e+02,2.615866350454641633e+02,2.579837606757362778e+02,1.560102777640986897e+05,1.686349618310136833e+01,1.057901170699389226e+01
4.400000000000000000e+03,9.980000000000000000e+03,2.689262409701406682e+02,2.535395566575061821e+02,2.542230916646741434e+02,2.453386193804000754e+02,2.576574022891655318e+02,2.880991280500109042e+02,2.434070043805415935e+02,2.471308010199140597e+02,2.470976160980431189e+02,2.585095021888906786e+02,2.663125240655211314e+02,2.615764173821211784e+02,2.579642277876450862e+02,1.560742847466970561e+05,1.701534651817343402e+01,1.061464891751489148e+01
4.410000000000000000e+03,9.990000000000000000e+03,2.688948616196406078e+02,2.536156393169352157e+02,2.543934040257343270e+02,2.456831942506175324e+02,2.577345363747532474e+02,2.885614730100813290e+02,2.434507534264351989e+02,2.472333698751034774e+02,2.471994348852145151e+02,2.584976654939286504e+02,2.663032117474766665e+02,2.615675196461540963e+02,2.579461191644321616e+02,1.561394334227516665e+05,1.716547299699917062e+01,1.065060603956908025e+01
4.420000000000000000e+03,1.000000000000000000e+04,2.688638590417500041e+02,2.536937610860260577e+02,2.545661546339295569e+02,2.460382391332092880e+02,2.578162467954089152e+02,2.890138381719127665e+02,2.434981578059964704e+02,2.473385186527069379e+02,2.473038380391475926e+02,2.584871908338057551e+02,2.662945691208424250e+02,2.615599407402753513e+02,2.579294386317876047e+02,1.562057032648276072e+05,1.731385658496569491e+01,1.068687301665936218e+01
4.430000000000000000e+03,1.001000000000000000e+04,2.688332364575156248e+02,2.537739225294062635e+02,2.547412918103515835e+02,2.464035144508364397e+02,2.579024308317472673e+02,2.894563124597801220e+02,2.435491863664627772e+02,2.474462155681932245e+02,2.474107938729506770e+02,2.584780808276871085e+02,2.662865968055554049e+02,2.615536792476417531e+02,2.579141896808625347e+02,1.562730736549450667e+05,1.746047846844216878e+01,1.072344008142875715e+01
4.440000000000000000e+03,1.002000000000000000e+04,2.688029970101327990e+02,2.538561223676149439e+02,2.549187635928755640e+02,2.467787827499759885e+02,2.579929877365817674e+02,2.898889831718793175e+02,2.436038071673281706e+02,2.475564282100339142e+02,2.475202700511300407e+02,2.584703377722767073e+02,2.662792951977614848e+02,2.615487334386282328e+02,2.579003754682591989e+02,1.563415238842165563e+05,1.760532005716514448e+01,1.076029774301665043e+01
4.450000000000000000e+03,1.003000000000000000e+04,2.687731437653437183e+02,2.539403575796895041e+02,2.550985177207976449e+02,2.471638085485167551e+02,2.580878186111930290e+02,2.903119360394982778e+02,2.436619875303006495e+02,2.476691235722835813e+02,2.476322336720637622e+02,2.584639636426932157e+02,2.662726644751217009e+02,2.615451012767834982e+02,2.578879988182000034e+02,1.564110331523392233e+05,1.774836298659565514e+01,1.079743677554840176e+01
4.460000000000000000e+03,1.004000000000000000e+04,2.687436797131953199e+02,2.540266234842148663e+02,2.552805016713211330e+02,2.475583582015061666e+02,2.581868262695610383e+02,2.907252553069936880e+02,2.437236940840848547e+02,2.477842680940711944e+02,2.477466512596453470e+02,2.584589600932857252e+02,2.662667046047012036e+02,2.615427804329631272e+02,2.578770622226282967e+02,1.564815805673729919e+05,1.788958912024768821e+01,1.083484820574114948e+01
4.470000000000000000e+03,1.005000000000000000e+04,2.687146077692656263e+02,2.541149138479521525e+02,2.554646626674651770e+02,2.479621997823807078e+02,2.582899151322894795e+02,2.911290237887886860e+02,2.437888927987898455e+02,2.479018276735671975e+02,2.478634888035267920e+02,2.584553284634140482e+02,2.662614153467609412e+02,2.615417682851480663e+02,2.578675678442069170e+02,1.565531451456185023e+05,1.802898055198767224e+01,1.087252330090046826e+01
4.480000000000000000e+03,1.006000000000000000e+04,2.686859307767422251e+02,2.542052209447493851e+02,2.556509476988499046e+02,2.483751029764102896e+02,2.583969911261446555e+02,2.915233229204092709e+02,2.438575490216570643e+02,2.480217677013829416e+02,2.479827117756679229e+02,2.584530697728774840e+02,2.662567962634697096e+02,2.615420619278154390e+02,2.578595175177991905e+02,1.566257058117428678e+05,1.816651960830482437e+01,1.091045355716649468e+01
4.490000000000000000e+03,1.007000000000000000e+04,2.686576515062656654e+02,2.542975356366087283e+02,2.558393035166417917e+02,2.487968389863995071e+02,2.585079615980761218e+02,2.919082327889148019e+02,2.439296275020858502e+02,2.481440530780815266e+02,2.481042851843341168e+02,2.584521847291418339e+02,2.662528467247476556e+02,2.615436581855840359e+02,2.578529127522022577e+02,1.566992413988278713e+05,1.830218885055199252e+01,1.094863068796683869e+01
4.500000000000000000e+03,1.008000000000000000e+04,2.686297726585781902e+02,2.543918474463968096e+02,2.560296766696391160e+02,2.492271804483362416e+02,2.586227352337410252e+02,2.922838321905654766e+02,2.440050924172156215e+02,2.482686482397417649e+02,2.482281735389538255e+02,2.584526737284739966e+02,2.662495659139493682e+02,2.615465536181427524e+02,2.578477547333980056e+02,1.567737306487969181e+05,1.843597107715672223e+01,1.098704661193673360e+01
4.510000000000000000e+03,1.009000000000000000e+04,2.686022968646875597e+02,2.544881446022278624e+02,2.562220135029219250e+02,2.496659013555920410e+02,2.587412219841453975e+02,2.926501986518016452e+02,2.440839073930243899e+02,2.483955171723512478e+02,2.483543409129872259e+02,2.584545368567030437e+02,2.662469528452547820e+02,2.615507445227194694e+02,2.578440443256328081e+02,1.568491522127874196e+05,1.856784932580221081e+01,1.102569344172330013e+01
4.520000000000000000e+03,1.010000000000000000e+04,2.685752266881640935e+02,2.545864141592389274e+02,2.564162601703441169e+02,2.501127769903890510e+02,2.588633329994879091e+02,2.930074084589145400e+02,2.441660355242619858e+02,2.485246234261567224e+02,2.484827509485011490e+02,2.584577738958730606e+02,2.662450063315246780e+02,2.615562269486565583e+02,2.578417820761999337e+02,1.569254846518249833e+05,1.869780687557800292e+01,1.106456347228774462e+01
4.530000000000000000e+03,1.011000000000000000e+04,2.685485646253437721e+02,2.546866419750459158e+02,2.566123626423805035e+02,2.505675838728311078e+02,2.589889805676625656e+02,2.933555366818541188e+02,2.442514393927787921e+02,2.486559301430474136e+02,2.486133668692598349e+02,2.584623843228791884e+02,2.662437250462717770e+02,2.615629967020178697e+02,2.578409682161466208e+02,1.570027064374791225e+05,1.882582724910002980e+01,1.110364916978906535e+01
4.540000000000000000e+03,1.012000000000000000e+04,2.685223131065937423e+02,2.547888128159840448e+02,2.568102667250556124e+02,2.510300996922398440e+02,2.591180780635477277e+02,2.936946572016630626e+02,2.443400810821635787e+02,2.487894000602082940e+02,2.487461514970350152e+02,2.584683673145152625e+02,2.662431074927729355e+02,2.615710493535219712e+02,2.578416026636975857e+02,1.570807959526887280e+05,1.895189421459980750e+01,1.114294316003671703e+01
4.550000000000000000e+03,1.013000000000000000e+04,2.684964744982421507e+02,2.548929103875514386e+02,2.570099180731292563e+02,2.515001032702971884e+02,2.592505398763787525e+02,2.940248427288632911e+02,2.444319221969859086e+02,2.489249955292766003e+02,2.488810672706818252e+02,2.584757217493181543e+02,2.662431520197604868e+02,2.615803802469786206e+02,2.578436850266222677e+02,1.571597314929226995e+05,1.907599178798242789e+01,1.118243821735359411e+01
4.560000000000000000e+03,1.014000000000000000e+04,2.684710511024765651e+02,2.549989173924834063e+02,2.572112621872964269e+02,2.519773745163824969e+02,2.593862813928598143e+02,2.943461648205635584e+02,2.445269238720720182e+02,2.490626785300515849e+02,2.490180762528030414e+02,2.584844462102965394e+02,2.662438568245998454e+02,2.615909845015003725e+02,2.578472146051318532e+02,1.572394912670824560e+05,1.919810423485320783e+01,1.122212725378996012e+01
4.570000000000000000e+03,1.015000000000000000e+04,2.684460451591015726e+02,2.551068155681070948e+02,2.574142444327463295e+02,2.524616943922086421e+02,2.595252189324290839e+02,2.946586938962162208e+02,2.446250467887987838e+02,2.492024106832207906e+02,2.491571401468171985e+02,2.584945389876515947e+02,2.662452199608306955e+02,2.616028570248861342e+02,2.578521903944823634e+02,1.573200533989044488e+05,1.931821607251271189e+01,1.126200330800159932e+01
4.580000000000000000e+03,1.016000000000000000e+04,2.684214588452186945e+02,2.552165857189964697e+02,2.576188100513923018e+02,2.529528448793053315e+02,2.596672697102284246e+02,2.949624992555579297e+02,2.447262511867517674e+02,2.493441532624906927e+02,2.492982203090738551e+02,2.585059980816189409e+02,2.662472393445469834e+02,2.616159925153851873e+02,2.578586110866323224e+02,1.574013959282792057e+05,1.943631207191972265e+01,1.130205953456093582e+01
4.590000000000000000e+03,1.017000000000000000e+04,2.683972942795468839e+02,2.553282077921370501e+02,2.578249041602628608e+02,2.534506089521525496e+02,2.598123517986534807e+02,2.952576490848510957e+02,2.448304968764512637e+02,2.494878672073776329e+02,2.494412777604396467e+02,2.585188212044819238e+02,2.662499127529235352e+02,2.616303854694633628e+02,2.578664750751019596e+02,1.574834968127711036e+05,1.955237725962219741e+01,1.134228919310809225e+01
4.600000000000000000e+03,1.018000000000000000e+04,2.683735535185859362e+02,2.554416608785989524e+02,2.580324717748370631e+02,2.539547705531272186e+02,2.599603840949135929e+02,2.955442104769259686e+02,2.449377432505733907e+02,2.496335131344062290e+02,2.495862731982704474e+02,2.585330057846756517e+02,2.662532378266528212e+02,2.616460301875196137e+02,2.578757804544533769e+02,1.575663339292417222e+05,1.966639691965574599e+01,1.138268563809417699e+01
4.610000000000000000e+03,1.019000000000000000e+04,2.683502385602656091e+02,2.555569232445322143e+02,2.582414578103664553e+02,2.544651145750593741e+02,2.601112862848116833e+02,2.958222494393531861e+02,2.450479492947800111e+02,2.497810513488285551e+02,2.497331670065404978e+02,2.585485489652234037e+02,2.662572120982939055e+02,2.616629207781666082e+02,2.578865250248637722e+02,1.576498850755837630e+05,1.977835659540950886e+01,1.142324230828311471e+01
4.620000000000000000e+03,1.020000000000000000e+04,2.683273513443906495e+02,2.556739723907096504e+02,2.584518070903502576e+02,2.549814268489575966e+02,2.602649788124901988e+02,2.960918309036975415e+02,2.451610735991764614e+02,2.499304418537428774e+02,2.498819192687727764e+02,2.585654476120478193e+02,2.662618329658873222e+02,2.616810511644596318e+02,2.578987062952672886e+02,1.577341279726134962e+05,1.988824209145901989e+01,1.146395271660390947e+01
4.630000000000000000e+03,1.021000000000000000e+04,2.683048937526484679e+02,2.557927850718193383e+02,2.586634643574434449e+02,2.555034941311977832e+02,2.604213828517703746e+02,2.963530187377610901e+02,2.452770743681693943e+02,2.500816443627821855e+02,2.500324897761648515e+02,2.585836983102859676e+02,2.662670977168137370e+02,2.617004150891024779e+02,2.579123214778312558e+02,1.578190402660688851e+05,1.999603947536614967e+01,1.150481044015731769e+01
4.640000000000000000e+03,1.022000000000000000e+04,2.682828676101171936e+02,2.559133373454518221e+02,2.588763742858812407e+02,2.560311040849365440e+02,2.605804202798238407e+02,2.966058757538967825e+02,2.453959094306342479e+02,2.502346183116128486e+02,2.501848380418180966e+02,2.586032973676509528e+02,2.662730035053492088e+02,2.617210061175712781e+02,2.579273674987614413e+02,1.579045995286828547e+05,2.010173507944559645e+01,1.154580911024405765e+01
4.650000000000000000e+03,1.023000000000000000e+04,2.682612746843827836e+02,2.560356045602217137e+02,2.590904814815988857e+02,2.565640452926518265e+02,2.607420136513242142e+02,2.968504637190008566e+02,2.455175362506017507e+02,2.503893228634524917e+02,2.503389233054085139e+02,2.586242408209049586e+02,2.662795473911484123e+02,2.617428176446681505e+02,2.579438410000184376e+02,1.579907832624190196e+05,2.020531550249776132e+01,1.158694240284838450e+01
4.660000000000000000e+03,1.024000000000000000e+04,2.682401166871875375e+02,2.561595614149030098e+02,2.593057304967546770e+02,2.571021072402261893e+02,2.609060861758333658e+02,2.970868433625579996e+02,2.456419119354724785e+02,2.505457169230579666e+02,2.504947045478158429e+02,2.586465244356604103e+02,2.662867263192265455e+02,2.617658428960676247e+02,2.579617383367128696e+02,1.580775689007895708e+05,2.030676761150794007e+01,1.162820402907257744e+01
4.670000000000000000e+03,1.025000000000000000e+04,2.682193952746719106e+02,2.562851819745241073e+02,2.595220658387392518e+02,2.576450803228251516e+02,2.610725616957045645e+02,2.973150743859893055e+02,2.457689932472291332e+02,2.507037591454573544e+02,2.506521404974984648e+02,2.586701437026925987e+02,2.662945371281878124e+02,2.617900749342359745e+02,2.579810555797818665e+02,1.581649338113121921e+05,2.040607854331144111e+01,1.166958772593341820e+01
4.680000000000000000e+03,1.026000000000000000e+04,2.681991120477578079e+02,2.564124397003759555e+02,2.597394319754143339e+02,2.581927558465822585e+02,2.612413646659817914e+02,2.975352154709441947e+02,2.458987366104418584e+02,2.508634079455582651e+02,2.508111896439708914e+02,2.586950938455432834e+02,2.663029765526762276e+02,2.618155066566438904e+02,2.580017885187650108e+02,1.582528552980952081e+05,2.050323570622455449e+01,1.171108724732947159e+01
4.690000000000000000e+03,1.027000000000000000e+04,2.681792685517656309e+02,2.565413074676741871e+02,2.599577733452179018e+02,2.587449260351544922e+02,2.614124201354449042e+02,2.977473242880017210e+02,2.460310981223704516e+02,2.510246215073629514e+02,2.509718102438844767e+02,2.587213698196961786e+02,2.663120412251134894e+02,2.618421308029774082e+02,2.580239326630559162e+02,1.583413106043501757e+05,2.059822678164098875e+01,1.175269635519049771e+01
4.700000000000000000e+03,1.028000000000000000e+04,2.681598662777500408e+02,2.566717575874212116e+02,2.601770343649445749e+02,2.593013840388136373e+02,2.615856537289917014e+02,2.979514575050999383e+02,2.461660335608142987e+02,2.511873577938006861e+02,2.511339603313558655e+02,2.587489663151410468e+02,2.663217276786942307e+02,2.618699399583995273e+02,2.580474832424774263e+02,1.584302769153094850e+05,2.069103972559381077e+01,1.179440881091505311e+01
4.710000000000000000e+03,1.029000000000000000e+04,2.681409066616719201e+02,2.568037618523014771e+02,2.603971594369025979e+02,2.598619239431107530e+02,2.617609916307907270e+02,2.981476707953709706e+02,2.463034983959707631e+02,2.513515745537685007e+02,2.512975977275445985e+02,2.587778777574447986e+02,2.663320323364410456e+02,2.618989265532434274e+02,2.580724352098723102e+02,1.585197313609746343e+05,2.078166277028249098e+01,1.183621836694415208e+01
4.720000000000000000e+03,1.030000000000000000e+04,2.681223910851327901e+02,2.569372914886392891e+02,2.606180929631560730e+02,2.604263407835388762e+02,2.619383605729244664e+02,2.983360188499850665e+02,2.464434477946655306e+02,2.515172293353861903e+02,2.514626800476265487e+02,2.588080983063532585e+02,2.663429515440715249e+02,2.619290828652721075e+02,2.580987832410022520e+02,1.586096510190790868e+05,2.087008442556494359e+01,1.187811875890299618e+01
4.730000000000000000e+03,1.031000000000000000e+04,2.681043208741484705e+02,2.570723172617184673e+02,2.608397793420003268e+02,2.609944305595914216e+02,2.621176878137157473e+02,2.985165553802515888e+02,2.465858366335095582e+02,2.516842794911596570e+02,2.516291647153755662e+02,2.588396218602861154e+02,2.663544815443473794e+02,2.619604010223741852e+02,2.581265217338512912e+02,1.587000129181586090e+05,2.095629348041436657e+01,1.192010369746303411e+01
4.740000000000000000e+03,1.032000000000000000e+04,2.680866973019531656e+02,2.572088094457786838e+02,2.610621629860854682e+02,2.615659902516995885e+02,2.622989011310323235e+02,2.986893331313932549e+02,2.467306195051116902e+02,2.518526821881312685e+02,2.517970089633136865e+02,2.588724420561285910e+02,2.663666184819800833e+02,2.619928730029383814e+02,2.581556448157251680e+02,1.587907940406842972e+05,2.104027900434067533e+01,1.196216686086624392e+01
4.750000000000000000e+03,1.033000000000000000e+04,2.680695215860858980e+02,2.573467378451422860e+02,2.612851883278221976e+02,2.621408178387272301e+02,2.624819288097493200e+02,2.988544038914097882e+02,2.468777507274087952e+02,2.520223944165654189e+02,2.519661698503296918e+02,2.589065522695826758e+02,2.663793584080520986e+02,2.620264906382394088e+02,2.581861463353563408e+02,1.588819713261807628e+05,2.112203034877644470e+01,1.200430188774697271e+01
4.760000000000000000e+03,1.034000000000000000e+04,2.680527948892421932e+02,2.574860718314004089e+02,2.615087998244648588e+02,2.627187123205997636e+02,2.626666996270609502e+02,2.990118184992350621e+02,2.470271843523205462e+02,2.521933729989769404e+02,2.521366042638530871e+02,2.589419456157580726e+02,2.663926972818996433e+02,2.620612456111341544e+02,2.582180198716197310e+02,1.589735216746961232e+05,2.120153714842698633e+01,1.204650236993095902e+01
4.770000000000000000e+03,1.035000000000000000e+04,2.680365183188437186e+02,2.576267803412396233e+02,2.617329419575200973e+02,2.632994737265970002e+02,2.628531428453732701e+02,2.991616268543182855e+02,2.471788741739579223e+02,2.523655746275275362e+02,2.523082689313719129e+02,2.589786149504327000e+02,2.664066309689150671e+02,2.620971294581077018e+02,2.582512587298008384e+02,1.590654219499912870e+05,2.127878932258458988e+01,1.208876184605322202e+01
4.780000000000000000e+03,1.036000000000000000e+04,2.680206929273515470e+02,2.577688319005872586e+02,2.619575592925695560e+02,2.638829031897001300e+02,2.630411882017812673e+02,2.993038779293954690e+02,2.473327737378539837e+02,2.525389557501804063e+02,2.524811204257304098e+02,2.590165528711982574e+02,2.664211552416280711e+02,2.621341335693904284e+02,2.582858559428424314e+02,1.591576489831858780e+05,2.135377707640666145e+01,1.213107379391173168e+01
4.790000000000000000e+03,1.037000000000000000e+04,2.680053197110624978e+02,2.579121946385865840e+02,2.621825964000715885e+02,2.644688028932185944e+02,2.632307658998298621e+02,2.994386197785362356e+02,2.474888363486173830e+02,2.527134727712239339e+02,2.526551151804836479e+02,2.590557517159743952e+02,2.664362657805093590e+02,2.621722491886675925e+02,2.583218042720685048e+02,1.592501795761385583e+05,2.142649090215763152e+01,1.217343162620429808e+01
4.800000000000000000e+03,1.038000000000000000e+04,2.679903996101171515e+02,2.580568363026761745e+02,2.624079979273529375e+02,2.650569761523987609e+02,2.634218065993093205e+02,2.995658995472324477e+02,2.476470150787694138e+02,2.528890819260268756e+02,2.528302094921509706e+02,2.590962035650615007e+02,2.664519581736640248e+02,2.622114674128132492e+02,2.583590962075311381e+02,1.593429905051342503e+05,2.149692158041440848e+01,1.221582868339182504e+01
4.810000000000000000e+03,1.039000000000000000e+04,2.679759335088515400e+02,2.582027242734371839e+02,2.626337085867093606e+02,2.656472274232628479e+02,2.636142414133199736e+02,2.996857634844838003e+02,2.478072627769916494e+02,2.530657393282104977e+02,2.530063595299936310e+02,2.591379002409277064e+02,2.664682279149970441e+02,2.622517791915838643e+02,2.583977239680448861e+02,1.594360585245399270e+05,2.156506018123535640e+01,1.225825822850420721e+01
4.820000000000000000e+03,1.040000000000000000e+04,2.679619222330546791e+02,2.583498255833694657e+02,2.628596731670576787e+02,2.662393623393194844e+02,2.638080018975391567e+02,2.997982569529747252e+02,2.479695320755953389e+02,2.532434009667508406e+02,2.531835213453016138e+02,2.591808333087934102e+02,2.664850704081956110e+02,2.622931753269509727e+02,2.584376795016885922e+02,1.595293603704792040e+05,2.163089806529248804e+01,1.230071344175759585e+01
4.830000000000000000e+03,1.041000000000000000e+04,2.679483665514453037e+02,2.584981069051732447e+02,2.630858365435195196e+02,2.668331877352019319e+02,2.640030200491738128e+02,2.999034244432324385e+02,2.481337754019124873e+02,2.534220227246883042e+02,2.533616508777239744e+02,2.592249940751959230e+02,2.665024809613666434e+02,2.623356464729091613e+02,2.584789544859380612e+02,1.596228727647167689e+05,2.169442688496689797e+01,1.234318741596426605e+01
4.840000000000000000e+03,1.042000000000000000e+04,2.679352671743515657e+02,2.586475346090648486e+02,2.633121436753446005e+02,2.674285116792964345e+02,2.641992282946280852e+02,3.000013095813635573e+02,2.482999449842907893e+02,2.536015603840878043e+02,2.535407039671746361e+02,2.592703735906893598e+02,2.665204547898026703e+02,2.623791831323202928e+02,2.585215403271944297e+02,1.597165724184415885e+05,2.175563858540711237e+01,1.238567315170707239e+01
4.850000000000000000e+03,1.043000000000000000e+04,2.679226247529297211e+02,2.587980747415325595e+02,2.635385396259121080e+02,2.680251435067493730e+02,2.643965594915745214e+02,3.000919551440601936e+02,2.484679928565713567e+02,2.537819696346367095e+02,2.537206363549522905e+02,2.593169626482914509e+02,2.665389870143752660e+02,2.624237756581219401e+02,2.585654281619647463e+02,1.598104360362095176e+05,2.181452540555037345e+01,1.242816355305702203e+01
4.860000000000000000e+03,1.044000000000000000e+04,2.679104398782421868e+02,2.589496930466009417e+02,2.637649695607517515e+02,2.686228938485481876e+02,2.645949469191738217e+02,3.001754030699838722e+02,2.486378708761675114e+02,2.539632060804690639e+02,2.539014037035745446e+02,2.593647517836381553e+02,2.665580726611075306e+02,2.624694142508856203e+02,2.586106088556784925e+02,1.599044403198542132e+05,2.187107987910672335e+01,1.247065142392235870e+01
4.870000000000000000e+03,1.045000000000000000e+04,2.678987130809218797e+02,2.591023549770163186e+02,2.639913787628174759e+02,2.692215746672737282e+02,2.647943242783259734e+02,3.002516944726106658e+02,2.488095307243204672e+02,2.541452252494820527e+02,2.540829615916587159e+02,2.594137312753550759e+02,2.665777066637128883e+02,2.625160889573844543e+02,2.586570730033076302e+02,1.599985619725113502e+05,2.192529483550557856e+01,1.251312946420296868e+01
4.880000000000000000e+03,1.046000000000000000e+04,2.678874448303046734e+02,2.592560257196080897e+02,2.642177126368350741e+02,2.698209992900024190e+02,2.649946256874726487e+02,3.003208696529844701e+02,2.489829239173381836e+02,2.543279826010829368e+02,2.542652655299018249e+02,2.594638911449941929e+02,2.665978838467598280e+02,2.625637896693323228e+02,2.587048109292700246e+02,1.600927777026711847e+05,2.197716340080495101e+01,1.255559026666962907e+01
4.890000000000000000e+03,1.047000000000000000e+04,2.678766355326953317e+02,2.594106701823971548e+02,2.644439164485393121e+02,2.704209824426561681e+02,2.651957854364897003e+02,3.003829681114052619e+02,2.491580017848663431e+02,2.545114335295562569e+02,2.544482716040528771e+02,2.595152211571581802e+02,2.666185989505610223e+02,2.626125061210005356e+02,2.587538126870382484e+02,1.601870642280730244e+05,2.202667899856297140e+01,1.259802632041658654e+01
4.900000000000000000e+03,1.048000000000000000e+04,2.678662855312812212e+02,2.595662530330051823e+02,2.646699364853508314e+02,2.710213402841940820e+02,2.653977389900103958e+02,3.004380285632812502e+02,2.493347155810976119e+02,2.546955333904712688e+02,2.546319338043099094e+02,2.595677108171497594e+02,2.666398466121980277e+02,2.626622278883431818e+02,2.588040680599447114e+02,1.602813982803120743e+05,2.207383535067173597e+01,1.264042998149710328e+01
4.910000000000000000e+03,1.049000000000000000e+04,2.678563951055937196e+02,2.597227386626129828e+02,2.648957181911683278e+02,2.716218904417920612e+02,2.656004214272309696e+02,3.004860889558690360e+02,2.495130163727185391e+02,2.548802374786831706e+02,2.548162082816656664e+02,2.596213493748539349e+02,2.666616213696974000e+02,2.627129443856541684e+02,2.588555665590873787e+02,1.603757566083812562e+05,2.211862647815328131e+01,1.268279351232626695e+01
4.920000000000000000e+03,1.050000000000000000e+04,2.678469644689609481e+02,2.598800912506692384e+02,2.651212075543593301e+02,2.722224520448899057e+02,2.658037684976608261e+02,3.005271864767604484e+02,2.496928550934077577e+02,2.550655010614028981e+02,2.550010503401182689e+02,2.596761258231094303e+02,2.666839176610649247e+02,2.627646448642630617e+02,2.589082974240601516e+02,1.604701159831721743e+05,2.216104670191769799e+01,1.272510905216631372e+01
4.930000000000000000e+03,1.051000000000000000e+04,2.678379937693437114e+02,2.600382747376377210e+02,2.653463507228875073e+02,2.728228457659735113e+02,2.660077163706200736e+02,3.005613575694391102e+02,2.498741825567473711e+02,2.552512793719949400e+02,2.551864152514945658e+02,2.597320288951984253e+02,2.667067298213686399e+02,2.628173184104009010e+02,2.589622496219924415e+02,1.605644532015820150e+05,2.220109064348315897e+01,1.276736862107920700e+01
4.940000000000000000e+03,1.052000000000000000e+04,2.678294830864296614e+02,2.601972528678724075e+02,2.655710940015604820e+02,2.734228938475871473e+02,2.662122016236573927e+02,3.005886379468493601e+02,2.500569494614550194e+02,2.554375276280248102e+02,2.553722582684234226e+02,2.597890470669013325e+02,2.667300520837419526e+02,2.628709539428041921e+02,2.590174118559538101e+02,1.606587450907154125e+05,2.223875322565788437e+01,1.280956411952514706e+01
4.950000000000000000e+03,1.053000000000000000e+04,2.678214324312577901e+02,2.603569891746865324e+02,2.657953838791609655e+02,2.740224201429934965e+02,2.664171612398644129e+02,3.006090626085618851e+02,2.502411064005788717e+02,2.556242010276381507e+02,2.555585346311987678e+02,2.598471685579851282e+02,2.667538785796670027e+02,2.629255402120217013e+02,2.590737725466212851e+02,1.607529685121235671e+05,2.227402967318385762e+01,1.285168732757613519e+01
4.960000000000000000e+03,1.054000000000000000e+04,2.678138417468593389e+02,2.605174469956331222e+02,2.660191670248791525e+02,2.746212501508755395e+02,2.666225326049353725e+02,3.006226658535828165e+02,2.504266038692271081e+02,2.558112547706956263e+02,2.557451995748895115e+02,2.599063813290621283e+02,2.667782033315083936e+02,2.629810657962824507e+02,2.591313198499876762e+02,1.608471003660730785e+05,2.230691551334227896e+01,1.289372990448319278e+01
4.970000000000000000e+03,1.055000000000000000e+04,2.678067109041327853e+02,2.606785894836716011e+02,2.662423903032706676e+02,2.752192110495504949e+02,2.668282535120998773e+02,3.006294812962406695e+02,2.506133922744266158e+02,2.559986440530308869e+02,2.559322083364620539e+02,2.599666730829773087e+02,2.668030202599118184e+02,2.630375191000775885e+02,2.591900416483144340e+02,1.609411175957251107e+05,2.233740657652070993e+01,1.293568338836406895e+01
4.980000000000000000e+03,1.056000000000000000e+04,2.678000397022265702e+02,2.608403796167679047e+02,2.664650007789377355e+02,2.758161317330697102e+02,2.670342621567588139e+02,3.006295418812367757e+02,2.508014219403552545e+02,2.561863240858917834e+02,2.561195161625057608e+02,2.600280312651365762e+02,2.668283231773289685e+02,2.630948883514743102e+02,2.592499255523705983e+02,1.610349971913942136e+05,2.236549899674166753e+01,1.297753919634999065e+01
4.990000000000000000e+03,1.057000000000000000e+04,2.677938278676250548e+02,2.610027802033017679e+02,2.666869457266079735e+02,2.764118428451237151e+02,2.672404971416763146e+02,3.006228798988774997e+02,2.509906431194571041e+02,2.563742500961433848e+02,2.563070783166059528e+02,2.600904430631912874e+02,2.668541057890141133e+02,2.631531616007059142e+02,2.593109589011963863e+02,1.611287161948604044e+05,2.239118921215286662e+01,1.301928862507604379e+01
5.000000000000000000e+03,1.058000000000000000e+04,2.677880750520625384e+02,2.611657538955410018e+02,2.669081726371180707e+02,2.770061768132674160e+02,2.674468974761109052e+02,3.006095270006813394e+02,2.511810059994468816e+02,2.565623773365865645e+02,2.564948500871331589e+02,2.601538954083089266e+02,2.668803616911485506e+02,2.632123267173088266e+02,2.593731287621475872e+02,1.612222517034976045e+05,2.241447396547877702e+01,1.306092285141107112e+01
5.010000000000000000e+03,1.059000000000000000e+04,2.677827808324218495e+02,2.613292631960576955e+02,2.671286292275560186e+02,2.775989678836766643e+02,2.676534025765761839e+02,3.005895142154704445e+02,2.513724607127253421e+02,2.567506610938779659e+02,2.566827867947622508e+02,2.602183749697999247e+02,2.669070843697725195e+02,2.632723713890011368e+02,2.594364219307692565e+02,1.613155808746476250e+05,2.243535030443364420e+01,1.310243293366052875e+01
5.020000000000000000e+03,1.060000000000000000e+04,2.677779445780546439e+02,2.614932713065390999e+02,2.673482634485690141e+02,2.781900521539678834e+02,2.678599522690016670e+02,3.005628719637929862e+02,2.515649573440825861e+02,2.569390567138236747e+02,2.568708438056037267e+02,2.602838682037370290e+02,2.669342667535973987e+02,2.633332831405007255e+02,2.595008249425740701e+02,1.614086809297198197e+05,2.245381558209579609e+01,1.314380981345719768e+01
5.030000000000000000e+03,1.061000000000000000e+04,2.677735659179999743e+02,2.616577387041963334e+02,2.675670234880984708e+02,2.787792676043550273e+02,2.680664867885051308e+02,3.005296300749893135e+02,2.517584459413427851e+02,2.571275195456959750e+02,2.570589765232279547e+02,2.603503611983466044e+02,2.669619031304810619e+02,2.633950492493387401e+02,2.595663240372824134e+02,1.615015291584225488e+05,2.246986745724325019e+01,1.318504431582680780e+01
5.040000000000000000e+03,1.062000000000000000e+04,2.677696441497578235e+02,2.618226284222470781e+02,2.677848577831713328e+02,2.793664541305797115e+02,2.682729467829088890e+02,3.004898178025806601e+02,2.519528765182257928e+02,2.573160050253741247e+02,2.572471404089469615e+02,2.604178398836314727e+02,2.669899860139115617e+02,2.634576568524772711e+02,2.596329051967884425e+02,1.615941029230945860e+05,2.248350389465056409e+01,1.322612715281223927e+01
5.050000000000000000e+03,1.063000000000000000e+04,2.677661785174374813e+02,2.619879024536833185e+02,2.680017150270215893e+02,2.799514535761498450e+02,2.684792733123878747e+02,3.004434638403143936e+02,2.521481990710857701e+02,2.575044686525681641e+02,2.574352909874349393e+02,2.604862899089976054e+02,2.670185084781590490e+02,2.635210928890913920e+02,2.597005541319054487e+02,1.616863796626729309e+05,2.249472316534687977e+01,1.326704892555373405e+01
5.060000000000000000e+03,1.064000000000000000e+04,2.677631681952421445e+02,2.621535226816494060e+02,2.682175441756349983e+02,2.805341097614210071e+02,2.686854078537984378e+02,3.003905963385073505e+02,2.523443635798538480e+02,2.576928659970557192e+02,2.576233838573231196e+02,2.605556966652331994e+02,2.670474634644543812e+02,2.635853441036033473e+02,2.597692562863585977e+02,1.617783368969993026e+05,2.250352384683514728e+01,1.330780012675742086e+01
5.070000000000000000e+03,1.065000000000000000e+04,2.677606122788437233e+02,2.623194508950520571e+02,2.684322944564690374e+02,2.811142685141641095e+02,2.688912923008412577e+02,3.003312429196415678e+02,2.525413200211815195e+02,2.578811527071673027e+02,2.578113746926595127e+02,2.606260452884903884e+02,2.670768437927127934e+02,2.636503970455370904e+02,2.598389968323747894e+02,1.618699522308960441e+05,2.250990482327245701e+01,1.334837114359039134e+01
5.080000000000000000e+03,1.066000000000000000e+04,2.677585097817031397e+02,2.624856487923473765e+02,2.686459153761374523e+02,2.816917776978535812e+02,2.690968689665310194e+02,3.002654306950088312e+02,2.527390183758865874e+02,2.580692845172454781e+02,2.579992192530842772e+02,2.606973206606311351e+02,2.671066421634306494e+02,2.637162380686440883e+02,2.599097606732814825e+02,1.619612033582013682e+05,2.251386528561156197e+01,1.338875226081601788e+01
5.090000000000000000e+03,1.067000000000000000e+04,2.677568596329844013e+02,2.626520779912441412e+02,2.688583567274113193e+02,2.822664872394891518e+02,2.693020805855178423e+02,3.001931862808495453e+02,2.529374086374684794e+02,2.582572172560369381e+02,2.581868733912305629e+02,2.607695074103501156e+02,2.671368511603640741e+02,2.637828533294494946e+02,2.599815324438418997e+02,1.620520680658982310e+05,2.251540473170341272e+01,1.342893366436087099e+01
5.100000000000000000e+03,1.068000000000000000e+04,2.677556606769218774e+02,2.628187000365807080e+02,2.690695685969541273e+02,2.828382491562977066e+02,2.695068703175712130e+02,3.001145358143523936e+02,2.531364408208843315e+02,2.584449068525664757e+02,2.583742930600984096e+02,2.608425899137754413e+02,2.671674632492350270e+02,2.638502287846325771e+02,2.600542965123092927e+02,1.621425242381111020e+05,2.251452296636085038e+01,1.346890544499450115e+01
5.110000000000000000e+03,1.069000000000000000e+04,2.677549116678046630e+02,2.629854764099056297e+02,2.692795013702969982e+02,2.834069175806914700e+02,2.697111817483120149e+02,3.000295049699140009e+02,2.533360649695203222e+02,2.586323093471234529e+02,2.585614343205628529e+02,2.609165522959619921e+02,2.671984707862282562e+02,2.639183501953212954e+02,2.601280369801214079e+02,1.622325498600749415e+05,2.251122010138335838e+01,1.350865760227708989e+01
5.120000000000000000e+03,1.070000000000000000e+04,2.677546112744687434e+02,2.631523685237711447e+02,2.694881057350356173e+02,2.839723487776141155e+02,2.699149588935162001e+02,2.999381189752273258e+02,2.535362311921801677e+02,2.588193808943549357e+02,2.587482533421679705e+02,2.609913784453940480e+02,2.672298660040657410e+02,2.639872031182783303e+02,2.602027376823576788e+02,1.623221230220965808e+05,2.250549655554287298e+01,1.354818004896107375e+01
5.130000000000000000e+03,1.071000000000000000e+04,2.677547580755156105e+02,2.633193377190296474e+02,2.696953327342898774e+02,2.845344012103943214e+02,2.701181461987812327e+02,2.998404026340006112e+02,2.537368895597450376e+02,2.590060777757860819e+02,2.589347064349254310e+02,2.610670519630323838e+02,2.672616410235089006e+02,2.640567729062649391e+02,2.602783821917905129e+02,1.624112219234486984e+05,2.249735305453069145e+01,1.358746261522588128e+01
5.140000000000000000e+03,1.072000000000000000e+04,2.677553505586562324e+02,2.634863453958112132e+02,2.699011336723946215e+02,2.850929354775779530e+02,2.703206885506326103e+02,2.997363803236832496e+02,2.539379902907232065e+02,2.591923563983083341e+02,2.591207500228521212e+02,2.611435562386553215e+02,2.672937878480807967e+02,2.641270447142891271e+02,2.603549538192337423e+02,1.624998248761618161e+05,2.248679063086546037e+01,1.362649505303826913e+01
5.150000000000000000e+03,1.073000000000000000e+04,2.677563871204140469e+02,2.636533528298177202e+02,2.701054602202715387e+02,2.856478144115762916e+02,2.705225312676142835e+02,2.996260760317362610e+02,2.541394836332843852e+02,2.593781733130114162e+02,2.593063406682070990e+02,2.612208744060515073e+02,2.673262983663015575e+02,2.641980034927703400e+02,2.604324356120796438e+02,1.625879103089110577e+05,2.247381062376227234e+01,1.366526704172554219e+01
5.160000000000000000e+03,1.074000000000000000e+04,2.677578660652812346e+02,2.638203212909613171e+02,2.703082643802313214e+02,2.861989030672053218e+02,2.707236201098829156e+02,2.995095133633433306e+02,2.543413199072123234e+02,2.595634852145491323e+02,2.594914350821884454e+02,2.612989893542622895e+02,2.673591643502089710e+02,2.642696339884885788e+02,2.605108103582280137e+02,1.626754567707249080e+05,2.245841467896285337e+01,1.370376819272570046e+01
5.170000000000000000e+03,1.075000000000000000e+04,2.677597856029531158e+02,2.639872120317763802e+02,2.705094984982761162e+02,2.867460687428997517e+02,2.709239012818483161e+02,2.993867155579243899e+02,2.545434495135216082e+02,2.597482489511522203e+02,2.596759901264196060e+02,2.613778837297275004e+02,2.673923774597112697e+02,2.643419207446244172e+02,2.605900605874443272e+02,1.627624429346026154e+05,2.244060474852689424e+01,1.374198805484013874e+01
5.180000000000000000e+03,1.076000000000000000e+04,2.677621438485702470e+02,2.641539863057307684e+02,2.707091152745982754e+02,2.872891809983677831e+02,2.711233214348039269e+02,2.992577055054763377e+02,2.547458229443800519e+02,2.599324215261829067e+02,2.598599628172829057e+02,2.614575399384274306e+02,2.674259292370953176e+02,2.644148481008951990e+02,2.606701685739213303e+02,1.628488476012751344e+05,2.242038309058457557e+01,1.377991611957699192e+01
5.190000000000000000e+03,1.077000000000000000e+04,2.677649388241249540e+02,2.643206053544528231e+02,2.709070677610310440e+02,2.878281116689220198e+02,2.713218276688162405e+02,2.991225057627258366e+02,2.549483907870536541e+02,2.601159601183724135e+02,2.600433103424275600e+02,2.615379401479175954e+02,2.674598111118026509e+02,2.644884001933754689e+02,2.607511163366201572e+02,1.629346497026686848e+05,2.239775226905021555e+01,1.381754182704750278e+01
5.200000000000000000e+03,1.078000000000000000e+04,2.677681684541015557e+02,2.644870304275648323e+02,2.711033093797650508e+02,2.883627348809743580e+02,2.715193675371866675e+02,2.989811385687070810e+02,2.551511037369294854e+02,2.602988220741772238e+02,2.602259900600258788e+02,2.616190662895517107e+02,2.674940143995891049e+02,2.645625609550500030e+02,2.608328856427099254e+02,1.630198283054822823e+05,2.237271515329724636e+01,1.385485457149804844e+01
5.210000000000000000e+03,1.079000000000000000e+04,2.677718305664218974e+02,2.646532227935052219e+02,2.712977939173374011e+02,2.888929270636973570e+02,2.717158890455154960e+02,2.988336258580378058e+02,2.553539126032587774e+02,2.604809649245312357e+02,2.604079595073263818e+02,2.617009000607399116e+02,2.675285303038925235e+02,2.646373141163957143e+02,2.609154580271264194e+02,1.631043626146193128e+05,2.234527491779433106e+01,1.389184370709969940e+01
5.220000000000000000e+03,1.080000000000000000e+04,2.677759228912187837e+02,2.648191437342564996e+02,2.714904755538263430e+02,2.894185669596463413e+02,2.719113406687007455e+02,2.986799892886043608e+02,2.555567683217293506e+02,2.606623463865949475e+02,2.605891764106436312e+02,2.617834229274253630e+02,2.675633499158054178e+02,2.647126432061140235e+02,2.609988147172321078e+02,1.631882319765201828e+05,2.231543504170295478e+01,1.392849855482584331e+01
5.230000000000000000e+03,1.081000000000000000e+04,2.677804430599218222e+02,2.649847545664026711e+02,2.716813088410165733e+02,2.899395356388763503e+02,2.721056713331282708e+02,2.985202502389320216e+02,2.557596219474656607e+02,2.608429243734723855e+02,2.607695986880648320e+02,2.618666161270706993e+02,2.675984642187490863e+02,2.647885315518250309e+02,2.610829367621482788e+02,1.632714158826149069e+05,2.228319930843622032e+01,1.396480840733210016e+01
5.240000000000000000e+03,1.082000000000000000e+04,2.677853886063359710e+02,2.651500166435658343e+02,2.718702487218761803e+02,2.904557164994203617e+02,2.722988304335361818e+02,2.983544298360577613e+02,2.559624246918350821e+02,2.610226569994331385e+02,2.609491844581221471e+02,2.619504606708969163e+02,2.676338640820838464e+02,2.648649622817091540e+02,2.611678049427288215e+02,1.633538939724308148e+05,2.224857180517921407e+01,1.400076253614532007e+01
5.250000000000000000e+03,1.083000000000000000e+04,2.677907569634609217e+02,2.653148913641617810e+02,2.720572505455263581e+02,2.909669952820717072e+02,2.724907678334399179e+02,2.981825489684318882e+02,2.561651278934256197e+02,2.612015025891827804e+02,2.611278920484844548e+02,2.620349373456615467e+02,2.676695402696474844e+02,2.649419183254873360e+02,2.612533998002403450e+02,1.634356460368317785e+05,2.221155692237074319e+01,1.403635019762578118e+01
5.260000000000000000e+03,1.084000000000000000e+04,2.677965454648437458e+02,2.654793401807812643e+02,2.722422700529741633e+02,2.914732600684019417e+02,2.726814338672235181e+02,2.980046283002766359e+02,2.563676830722497471e+02,2.613794196794436857e+02,2.613056799980753340e+02,2.621200267216543125e+02,2.677054834384218793e+02,2.650193824164049943e+02,2.613397016391087391e+02,1.635166520211591269e+05,2.217215935314668585e+01,1.407156063973591742e+01
5.270000000000000000e+03,1.085000000000000000e+04,2.678027513432421642e+02,2.656433245960367913e+02,2.724252634056817328e+02,2.919744012910198876e+02,2.728707793443824130e+02,2.978206882881297588e+02,2.565700418977930894e+02,2.615563670311051965e+02,2.614825070680963677e+02,2.622057091492835639e+02,2.677416841385556836e+02,2.650973370923097718e+02,2.614266905296919958e+02,1.635968920282478794e+05,2.213038409274495777e+01,1.410638310837935805e+01
5.280000000000000000e+03,1.086000000000000000e+04,2.678093717305078485e+02,2.658068062000654095e+02,2.726061871741562754e+02,2.924703117314303427e+02,2.730587555516054863e+02,2.976307491951839665e+02,2.567721562112615175e+02,2.617323036331927142e+02,2.616583322467594712e+02,2.622919647664193690e+02,2.677781328183331766e+02,2.651757646986308714e+02,2.615143463127097334e+02,1.636763463213843061e+05,2.208623643787214519e+01,1.414080685383418512e+01
5.290000000000000000e+03,1.087000000000000000e+04,2.678164036576640683e+02,2.659697466432141937e+02,2.727849983544563202e+02,2.929608865234037580e+02,2.732453142566168935e+02,2.974348311066956967e+02,2.569739780365615616e+02,2.619071887099318019e+02,2.618331147558076282e+02,2.623787735000840939e+02,2.678148198227735293e+02,2.652546473898560748e+02,2.616026486011160728e+02,1.637549953272127314e+05,2.203972198603194954e+01,1.417482113764802776e+01
5.300000000000000000e+03,1.088000000000000000e+04,2.678238440526093882e+02,2.661321076666471868e+02,2.729616543688549655e+02,2.934460231513234589e+02,2.734304077105362012e+02,2.972329539448639366e+02,2.571754595856328933e+02,2.620809817267651169e+02,2.620068140572415132e+02,2.624661150725785319e+02,2.678517353971129751e+02,2.653339671322855793e+02,2.616915767843800040e+02,1.638328196385720512e+05,2.199084663481544055e+01,1.420841523914657678e+01
5.310000000000000000e+03,1.089000000000000000e+04,2.678316897423281375e+02,2.662938511113925415e+02,2.731361130706121116e+02,2.939256214474710305e+02,2.736139886514505406e+02,2.970251374835028173e+02,2.573765532648499743e+02,2.622536423968659847e+02,2.621793898596013150e+02,2.625539690034116234e+02,2.678888696874743118e+02,2.654137057064711485e+02,2.617811100320539595e+02,1.639098000172255561e+05,2.193961658115336633e+01,1.424157846210459510e+01
5.320000000000000000e+03,1.090000000000000000e+04,2.678399374517343858e+02,2.664549388779951187e+02,2.733083327607764659e+02,2.943995835924588391e+02,2.737960103071092135e+02,2.968114013629065084e+02,2.575772116909423062e+02,2.624251306879632466e+02,2.623508021243037547e+02,2.626423146108521678e+02,2.679262127426904954e+02,2.654938447099779637e+02,2.618712272972422284e+02,1.639859173965365917e+05,2.188603832053037479e+01,1.427430014179179985e+01
5.330000000000000000e+03,1.091000000000000000e+04,2.678485838030624677e+02,2.666153330176960026e+02,2.734782721737236102e+02,2.948678141039799812e+02,2.739764263980758869e+02,2.965917651042844341e+02,2.577773876855372919e+02,2.625954068283799643e+02,2.625210110716625991e+02,2.627311310214465152e+02,2.679637545182655458e+02,2.655743655605551794e+02,2.619619073210260467e+02,1.640611528840578394e+05,2.183011864616145559e+01,1.430656965113451129e+01
5.340000000000000000e+03,1.092000000000000000e+04,2.678576253165234107e+02,2.667749956785640961e+02,2.736458904980738680e+02,2.953302198344924818e+02,2.741551911405196051e+02,2.963662481244136870e+02,2.579770342927280353e+02,2.627644313124212658e+02,2.626899771872692213e+02,2.628203971704927540e+02,2.680014848765662805e+02,2.656552494994888889e+02,2.620531286361490402e+02,1.641354877641054045e+05,2.177186464813069122e+01,1.433837640775191247e+01
5.350000000000000000e+03,1.093000000000000000e+04,2.678670584099999701e+02,2.669338891306960022e+02,2.738111473791821027e+02,2.957867099647620535e+02,2.743322592491336991e+02,2.961348697496351292e+02,2.581761047845329813e+02,2.629321649077027132e+02,2.628576612278959033e+02,2.629100918019123583e+02,2.680393935926298354e+02,2.657364775948890383e+02,2.621448695714754535e+02,1.642089035004223988e+05,2.171128371249220734e+01,1.436970988066694588e+01
5.360000000000000000e+03,1.094000000000000000e+04,2.678768793988515426e+02,2.670919757728310628e+02,2.739740029137560668e+02,2.962371959865627105e+02,2.745075859387504806e+02,2.958976492300409973e+02,2.583745526646707731e+02,2.630985686583858296e+02,2.630240242273519016e+02,2.630001934936600492e+02,2.680774703498830149e+02,2.658180307450476221e+02,2.622371082563170148e+02,1.642813817374425707e+05,2.164838352033375557e+01,1.440055959643777328e+01
5.370000000000000000e+03,1.095000000000000000e+04,2.678870844963124682e+02,2.672492181289322843e+02,2.741344176744188985e+02,2.966815917038819066e+02,2.746811269305442238e+02,2.956546057537754564e+02,2.585723316853267306e+02,2.632636038948600685e+02,2.631890275024989592e+02,2.630906806306614953e+02,2.681157047492948777e+02,2.658998896825221436e+02,2.623298226239935502e+02,1.643529043042888516e+05,2.158317204680280099e+01,1.443091514662890340e+01
5.380000000000000000e+03,1.096000000000000000e+04,2.678976698135625156e+02,2.674055788960794757e+02,2.742923526959143601e+02,2.971198132143888415e+02,2.748528384495730847e+02,2.954057584605426996e+02,2.587693958352993491e+02,2.634272322372230519e+02,2.633526326609407988e+02,2.631815314310769054e+02,2.681540863084978241e+02,2.659820349785493931e+02,2.624229904193938410e+02,1.644234532158691436e+05,2.151565756009536656e+01,1.446076619353084070e+01
5.390000000000000000e+03,1.097000000000000000e+04,2.679086313599297000e+02,2.675610208981979667e+02,2.744477694874799454e+02,2.975517788963867361e+02,2.750226772317249697e+02,2.951511264555265370e+02,2.589656993772070450e+02,2.635894156014931013e+02,2.635148016011611958e+02,2.632727239457077530e+02,2.681926044651821144e+02,2.660644470466829716e+02,2.625165892002045211e+02,1.644930106752872234e+05,2.144584862040766993e+01,1.449010247724820388e+01
5.400000000000000000e+03,1.098000000000000000e+04,2.679199650434844102e+02,2.677155071236794015e+02,2.746006300384219685e+02,2.979774093953788565e+02,2.751906005244535436e+02,2.948907288228584207e+02,2.591611968304538323e+02,2.637501162052484460e+02,2.636754965239601347e+02,2.633642360628728056e+02,2.682312485796599049e+02,2.661471061468790253e+02,2.626105963433424222e+02,1.645615590759264887e+05,2.137375407885081202e+01,1.451891382180151524e+01
5.410000000000000000e+03,1.099000000000000000e+04,2.679316666707265995e+02,2.678690007280645204e+02,2.747508968222185217e+02,2.983966276104207509e+02,2.753565660892662095e+02,2.946245846389850271e+02,2.593558429811408246e+02,2.639092965731954337e+02,2.638346799354950463e+02,2.634560455139190935e+02,2.682700079378604983e+02,2.662299923905205219e+02,2.627049890503057554e+02,1.646290810034016031e+05,2.129938307632850680e+01,1.454719014146286682e+01
5.420000000000000000e+03,1.100000000000000000e+04,2.679437319472109493e+02,2.680214650388847986e+02,2.748985328013940261e+02,2.988093586735099052e+02,2.755205322063382027e+02,2.943527129862727634e+02,2.595495928958365539e+02,2.640669195390167374e+02,2.639923146551050195e+02,2.635481298775335972e+02,2.683088717521121680e+02,2.663130857451403699e+02,2.627997443517919578e+02,1.646955592375595006e+05,2.122274504237812920e+01,1.457492144711740600e+01
5.430000000000000000e+03,1.101000000000000000e+04,2.679561564791640649e+02,2.681728635604001170e+02,2.750435013228701564e+02,2.992155298605946996e+02,2.756824576712214707e+02,2.940751329654990514e+02,2.597424021722415546e+02,2.642229482604037685e+02,2.641483638091718831e+02,2.636404665852537050e+02,2.683478291684643864e+02,2.663963660355489083e+02,2.628948391117604615e+02,1.647609767542064073e+05,2.114384969397511682e+01,1.460209785524927817e+01
5.440000000000000000e+03,1.102000000000000000e+04,2.679689357724219008e+02,2.683231599925696855e+02,2.751857665577286980e+02,2.996150708747808267e+02,2.758423018028523757e+02,2.937918637095210670e+02,2.599342259379585585e+02,2.643773462151253852e+02,2.643027908590493098e+02,2.637330329289194992e+02,2.683868692687648263e+02,2.664798129633100530e+02,2.629902500375393402e+02,1.648253167270825943e+05,2.106270703430095281e+01,1.462870958240441333e+01
5.450000000000000000e+03,1.103000000000000000e+04,2.679820652335858995e+02,2.684723182304824718e+02,2.753252928112159452e+02,3.000079133658551314e+02,2.760000244435029799e+02,2.935029243948998783e+02,2.601250204292325634e+02,2.645300772097023696e+02,2.644555595877391170e+02,2.638258060634722142e+02,2.684259810675848712e+02,2.665634060887574606e+02,2.630859536791075470e+02,1.648885625293306948e+05,2.097932735147487548e+01,1.465474696877810779e+01
5.460000000000000000e+03,1.104000000000000000e+04,2.679955401709374883e+02,2.686203023556640801e+02,2.754620450375866767e+02,3.003939912117606923e+02,2.761555859610006110e+02,2.932083342578392831e+02,2.603147418977185339e+02,2.646811053824111468e+02,2.646066341090682954e+02,2.639187630136283929e+02,2.684651535212493059e+02,2.666471248529121567e+02,2.631819264372474549e+02,1.649506977352845133e+05,2.089372121724943909e+01,1.468020047261424565e+01
5.470000000000000000e+03,1.105000000000000000e+04,2.680093557948671901e+02,2.687670766763532129e+02,2.755959886956065361e+02,3.007732404307653837e+02,2.763089472506245556e+02,2.929081126017365477e+02,2.605033468921677695e+02,2.648303952125555725e+02,2.647559788732102675e+02,2.640118806799382583e+02,2.685043755296589438e+02,2.667309485788214829e+02,2.632781445703742520e+02,1.650117061219472671e+05,2.080589948567008207e+01,1.470506067775434644e+01
5.480000000000000000e+03,1.106000000000000000e+04,2.680235072184687510e+02,2.689126057093909594e+02,2.757270897434260064e+02,3.011455991529865059e+02,2.764600697361754555e+02,2.926022788128955767e+02,2.606907923058869301e+02,2.649779115164811856e+02,2.649035586718275681e+02,2.641051358442481956e+02,2.685436359396181842e+02,2.668148564765348851e+02,2.633745841993006707e+02,1.650715716705179657e+05,2.071587329169897984e+01,1.472931830016082344e+01
5.490000000000000000e+03,1.107000000000000000e+04,2.680379894592109622e+02,2.690568541902370043e+02,2.758553146662371773e+02,3.015110075975761106e+02,2.766089153760498789e+02,2.922908523727638226e+02,2.608770353237006248e+02,2.651236194654091491e+02,2.650493386427410769e+02,2.641985051755609106e+02,2.685829235468991669e+02,2.668988276492939349e+02,2.634712213131851399e+02,1.651302785678195651e+05,2.062365404980320704e+01,1.475296419277066207e+01
5.500000000000000000e+03,1.108000000000000000e+04,2.680527974385703374e+02,2.691997870932090109e+02,2.759806304507184223e+02,3.018694080459778206e+02,2.767554466594577889e+02,2.919738528674633358e+02,2.610620334925556563e+02,2.652674845768589194e+02,2.651932842750404120e+02,2.642919652371519419e+02,2.686222271005560742e+02,2.669828410974370740e+02,2.635680317705205198e+02,1.651878112076107936e+05,2.052925345250752542e+01,1.477598935141484304e+01
5.510000000000000000e+03,1.109000000000000000e+04,2.680679259839296833e+02,2.693413696212718378e+02,2.761030046059991037e+02,3.022207448182490452e+02,2.768996266085305251e+02,2.916513000028089095e+02,2.612457446830547951e+02,2.654094727266750056e+02,2.653353614125134072e+02,2.643854924909390434e+02,2.686615353059457902e+02,2.670668757280765249e+02,2.636649913241247987e+02,1.652441541919829906e+05,2.043268346891184706e+01,1.479838491947837831e+01
5.520000000000000000e+03,1.110000000000000000e+04,2.680833698291718861e+02,2.694815672215569862e+02,2.762224051653022343e+02,3.025649642454501986e+02,2.770414187839180613e+02,2.913232136141353976e+02,2.614281271101722268e+02,2.655495501521029382e+02,2.654755362589052652e+02,2.644790633048634163e+02,2.687008368276901820e+02,2.671509103575253903e+02,2.637620755997519382e+02,1.652992923324267031e+05,2.033395634317365719e+01,1.482014219311541225e+01
5.530000000000000000e+03,1.111000000000000000e+04,2.680991236158984066e+02,2.696203455902806354e+02,2.763388006846788016e+02,3.029020146432786760e+02,2.771807872834245927e+02,2.909896136785943668e+02,2.616091393371258391e+02,2.656876834556230733e+02,2.656137753817425846e+02,2.645726539586693207e+02,2.687401202932877595e+02,2.672349237188735742e+02,2.638592601202645369e+02,1.653532106511143211e+05,2.023308459295564177e+01,1.484125262605844497e+01
5.540000000000000000e+03,1.112000000000000000e+04,2.681151818940156772e+02,2.697576706794382062e+02,2.764521602467367529e+02,3.032318462839688777e+02,2.773176967440361409e+02,2.906505203263056387e+02,2.617887402813215658e+02,2.658238396091422828e+02,2.657500457167143963e+02,2.646662406502185831e+02,2.687793742971464894e+02,2.673188944679393444e+02,2.639565203075282511e+02,1.654058943819499400e+05,2.013008100783848420e+01,1.486170783429171394e+01
5.550000000000000000e+03,1.113000000000000000e+04,2.681315391236953474e+02,2.698935087028476687e+02,2.765624534632244718e+02,3.035544113683005207e+02,2.774521123429173031e+02,2.903059538517235296e+02,2.619668892197458945e+02,2.659579859579765184e+02,2.658843145713027525e+02,2.647597995021764063e+02,2.688185874016288608e+02,2.674028011896430144e+02,2.640538314889276990e+02,1.654573289715997525e+05,2.002495864769931799e+01,1.488149960055173260e+01
5.560000000000000000e+03,1.114000000000000000e+04,2.681481896755234402e+02,2.700278261426354334e+02,2.766696504769204807e+02,3.038696639965193071e+02,2.775839997988030632e+02,2.899559347249364691e+02,2.621435457943591700e+02,2.660900902246634132e+02,2.660165496291306226e+02,2.648533065679472429e+02,2.688577481429671252e+02,2.674866224039556073e+02,2.641511689037334918e+02,1.655075000804485753e+05,1.991773084105583536e+01,1.490061987871926519e+01
5.570000000000000000e+03,1.115000000000000000e+04,2.681651278327421437e+02,2.701605897544150139e+02,2.767737219668224498e+02,3.041775601392114368e+02,2.777133253752209043e+02,2.896004836024422389e+02,2.623186700098118536e+02,2.662201205131670463e+02,2.661467189543671452e+02,2.649467378385799066e+02,2.688968450337265494e+02,2.675703365728729750e+02,2.642485077092816823e+02,1.655563935835936572e+05,1.980841118337636786e+01,1.491906079793044526e+01
5.580000000000000000e+03,1.116000000000000000e+04,2.681823477921640801e+02,2.702917665786462180e+02,2.768746391372576454e+02,3.044780576071208316e+02,2.778400558720256868e+02,2.892396213379523715e+02,2.624922222695913661e+02,2.663480453121411529e+02,2.662747909920174152e+02,2.650400692490750316e+02,2.689358665660622023e+02,2.676539221060061209e+02,2.643458229880907311e+02,1.656039955716649711e+05,1.969701353535612398e+01,1.493681466687876380e+01
