phase_s,time_s,battery,bolts,frame,panel1,panel2,panel3,panel4,panel5,panel6,pcb1,pcb2,pcb3,pcb4,energy_J,absorbed_power_W,emitted_power_W
0.000000000000000000e+00,5.580000000000000000e+03,2.700251199640937898e+02,2.712147232523867046e+02,2.794725227156736764e+02,3.080212409728155762e+02,2.800811540538915665e+02,2.918841422018833214e+02,2.645613168602984047e+02,2.683900469836327716e+02,2.683144459657341372e+02,2.665994498100674264e+02,2.705859892159123206e+02,2.692698053351954854e+02,2.658867724272190003e+02,1.668890666571605834e+05,2.035692294123714774e+01,1.548652310141626209e+01
1.000000000000000000e+01,5.590000000000000000e+03,2.700426070541874992e+02,2.713478967017311447e+02,2.795737123949422198e+02,3.083195415099698380e+02,2.802096165254427547e+02,2.915102615214113939e+02,2.647455646938158225e+02,2.685202084177827260e+02,2.684447641579132551e+02,2.666950234696174107e+02,2.706258139417410007e+02,2.693545728837628417e+02,2.659865588162182917e+02,1.669370790690016001e+05,2.030620759978202727e+01,1.550496634532678719e+01
2.000000000000000000e+01,5.600000000000000000e+03,2.700603788649453918e+02,2.714796939925071229e+02,2.796756642398576673e+02,3.086113698208527012e+02,2.803366090205699948e+02,2.911494480934240414e+02,2.649467420330669825e+02,2.686494869103931364e+02,2.685742078054267949e+02,2.667905318605434672e+02,2.706656186748416530e+02,2.694392611334959611e+02,2.660863562899152726e+02,1.669860653442507901e+05,2.042305047644012816e+01,1.552442290232643352e+01
3.000000000000000000e+01,5.610000000000000000e+03,2.700784354994062824e+02,2.716101867925171973e+02,2.797792275496018988e+02,3.088969456026700868e+02,2.804623557837925887e+02,2.908002882941389657e+02,2.651634274582208946e+02,2.687780735349640509e+02,2.687029679251593279e+02,2.668859831291949263e+02,2.707054187312567137e+02,2.695238844053973821e+02,2.661861720641539932e+02,1.670359968904129637e+05,2.053773743232776283e+01,1.554458277206906125e+01
4.000000000000000000e+01,5.620000000000000000e+03,2.700967773269453573e+02,2.717394573884590727e+02,2.798846196338179766e+02,3.091764299964922316e+02,2.805870216388510698e+02,2.904619931267708353e+02,2.653948172584371150e+02,2.689060872330779262e+02,2.688311634289674430e+02,2.669813868118888536e+02,2.707452296285011357e+02,2.696084578841930011e+02,2.662860147550260876e+02,1.670868459327983146e+05,2.065025392622727196e+01,1.556534964304378477e+01
5.000000000000000000e+01,5.630000000000000000e+03,2.701154047956172235e+02,2.718675901082262385e+02,2.799918715407671925e+02,3.094499422244929292e+02,2.807107286265950847e+02,2.901340041307724391e+02,2.656403323943246164e+02,2.690336095976656452e+02,2.689588758720709620e+02,2.670767528464533029e+02,2.707850665455879948e+02,2.696929967261357888e+02,2.663858933930069384e+02,1.671385849873280968e+05,2.076058569211495097e+01,1.558668019325238596e+01
6.000000000000000000e+01,5.640000000000000000e+03,2.701343183722812000e+02,2.719946675137633747e+02,2.801009566878135502e+02,3.097175717507890340e+02,2.808335681716467320e+02,2.898158662575056042e+02,2.658994916446071670e+02,2.691607006868493954e+02,2.690861652516521758e+02,2.671720912477521779e+02,2.708249441860206730e+02,2.697775157905250012e+02,2.664858170992289956e+02,1.671911867208420008e+05,2.086871874096988932e+01,1.560854534147414441e+01
7.000000000000000000e+01,5.650000000000000000e+03,2.701535185246718811e+02,2.721207688277910961e+02,2.802118295674267188e+02,3.099793865134045632e+02,2.809556092956135558e+02,2.895071817299451595e+02,2.661718658403484028e+02,2.692874066689655592e+02,2.692130776955772831e+02,2.672674119685708547e+02,2.708648767157873749e+02,2.698620295282439088e+02,2.665857949461407657e+02,1.672446239097353246e+05,2.097463936254764860e+01,1.563092041897955653e+01
8.000000000000000000e+01,5.660000000000000000e+03,2.701730057111406040e+02,2.722459693181521061e+02,2.803244380133070308e+02,3.102354385598492286e+02,2.810769042849029802e+02,2.892075904772354420e+02,2.664570584588879569e+02,2.694137639326680187e+02,2.693396495355348748e+02,2.673627248193766377e+02,2.709048777400148538e+02,2.699465519244415077e+02,2.666858358772642532e+02,1.672988694252749847e+05,2.107833412711854848e+01,1.565378251527992148e+01
9.000000000000000000e+01,5.670000000000000000e+03,2.701927803787500011e+02,2.723703401318836086e+02,2.804387272120869739e+02,3.104857680089839391e+02,2.811974926344689152e+02,2.889167602885931956e+02,2.667546960341184104e+02,2.695398014749105187e+02,2.694659097107748380e+02,2.674580394121956033e+02,2.709449602822599559e+02,2.700310964656101191e+02,2.667859486512222702e+02,1.673538962264580186e+05,2.117978988717045752e+01,1.567710970422831629e+01
1.000000000000000000e+02,5.680000000000000000e+03,2.702128429612344007e+02,2.724939483034350474e+02,2.805546410986481760e+02,3.107304058908275692e+02,2.813174039217423683e+02,2.886343810411848381e+02,2.670644225731687698e+02,2.696655424100086975e+02,2.695918812835202516e+02,2.675533651177839261e+02,2.709851367768799264e+02,2.701156761196508569e+02,2.668861417986484525e+02,1.674096773556280532e+05,2.127899377907578327e+01,1.570088079183870455e+01
1.100000000000000000e+02,5.690000000000000000e+03,2.702331938783905798e+02,2.726168568685097284e+02,2.806721228654398601e+02,3.109693762225668365e+02,2.814366598935420143e+02,2.883601608979033699e+02,2.673858959126648642e+02,2.697910050153078600e+02,2.697175824770311010e+02,2.676487110316055009e+02,2.710254190681413320e+02,2.702003033245234178e+02,2.669864235873635039e+02,1.674661859349110164e+05,2.137593322472244495e+01,1.572507521734240754e+01
1.200000000000000000e+02,5.700000000000000000e+03,2.702538335351407000e+02,2.727391249736078294e+02,2.807911151421093336e+02,3.112026975450002055e+02,2.815552760218385515e+02,2.880938236055200150e+02,2.677187852438534037e+02,2.699162034739038631e+02,2.698430274165518767e+02,2.677440859447195862e+02,2.710658184106300723e+02,2.702849899819141228e+02,2.670868019944783214e+02,1.675233951633423858e+05,2.147059593310863690e+01,1.574967300312855301e+01
1.300000000000000000e+02,5.710000000000000000e+03,2.702747623202656087e+02,2.728608080322601381e+02,2.809115600980067597e+02,3.114303840750128529e+02,2.816732626766782346e+02,2.878351064645969473e+02,2.680627692193803568e+02,2.700411484423888737e+02,2.699682267011394856e+02,2.678394983211628642e+02,2.711063454768911924e+02,2.703697474542113923e+02,2.671872846828152319e+02,1.675812783142034023e+05,2.156296990190125840e+01,1.577465471908470818e+01
1.400000000000000000e+02,5.720000000000000000e+03,2.702959806060312644e+02,2.729819578721634912e+02,2.810333994966625824e+02,3.116524465800637245e+02,2.817906260203784541e+02,2.875837587530490964e+02,2.684175345393247767e+02,2.701658474873785281e+02,2.700931878529769961e+02,2.679349562789776087e+02,2.711470103649968451e+02,2.704545865645740719e+02,2.672878789817304437e+02,1.676398087328052497e+05,2.165304341895766171e+01,1.580000145256271438e+01
1.500000000000000000e+02,5.730000000000000000e+03,2.703174887471327565e+02,2.731026228824603095e+02,2.811565747099434134e+02,3.118688930469662637e+02,2.819073686976709041e+02,2.873395404693962405e+02,2.687827749147895133e+02,2.702903054421576599e+02,2.702179156503509034e+02,2.680304675750135743e+02,2.711878226082964147e+02,2.705395175993950829e+02,2.673885918718832500e+02,1.676989598344647966e+05,2.174080506381063671e+01,1.582569478133422614e+01
1.600000000000000000e+02,5.740000000000000000e+03,2.703392870791797122e+02,2.732228481598405097e+02,2.812810268038505797e+02,3.120797292012021558e+02,2.820234903762067233e+02,2.871022213089979118e+02,2.691581900907614795e+02,2.704145247103604106e+02,2.703424124350780744e+02,2.681260395919880466e+02,2.712287911868142487e+02,2.706245503114155895e+02,2.674894299724884377e+02,1.677587051028249261e+05,2.182624370911644718e+01,1.585171674572743328e+01
1.700000000000000000e+02,5.750000000000000000e+03,2.703613759181875480e+02,2.733426756378506752e+02,2.814066965236012265e+02,3.122849589107141810e+02,2.821389881708835219e+02,2.868715798172740392e+02,2.695434852579924723e+02,2.705385054823889277e+02,2.704666783543519841e+02,2.682216793290191390e+02,2.712699245392715284e+02,2.707096939250078549e+02,2.675903995304752243e+02,1.678190180884079018e+05,2.190934852206564187e+01,1.587804982429149980e+01
1.800000000000000000e+02,5.760000000000000000e+03,2.703837555597343680e+02,2.734621442356719854e+02,2.815335243633676328e+02,3.124845845051249285e+02,2.822538569843314917e+02,2.866474026780526856e+02,2.699383704136453161e+02,2.706622459580049735e+02,2.705907115560452212e+02,2.683173933932956743e+02,2.713112305756932869e+02,2.707949571417371999e+02,2.676915064130250244e+02,1.678798724074648344e+05,2.199010896575657270e+01,1.590467690804769596e+01
1.900000000000000000e+02,5.770000000000000000e+03,2.704064262769765605e+02,2.735812899745918116e+02,2.816614505909422519e+02,3.126786070292184831e+02,2.823680897810293118e+02,2.864294841081463119e+02,2.703425599142462374e+02,2.707857425166957341e+02,2.707145083698156895e+02,2.684131879939217811e+02,2.713527166911466679e+02,2.708803481471886698e+02,2.677927561007342092e+02,1.679412417410628404e+05,2.206851480053137493e+01,1.593158127692914583e+01
2.000000000000000000e+02,5.780000000000000000e+03,2.704293883200312507e+02,2.737001461024228774e+02,2.817904152825980191e+02,3.128670264459126997e+02,2.824816778112883071e+02,2.862176253356483357e+02,2.707557720867840203e+02,2.709089898677808605e+02,2.708380634562201976e+02,2.685090689369946517e+02,2.713943897794151212e+02,2.709658746179630384e+02,2.678941536824249852e+02,1.680030998343787505e+05,2.214455608527421759e+01,1.595874657677873465e+01
2.100000000000000000e+02,5.790000000000000000e+03,2.704526419146953344e+02,2.738187432097881810e+02,2.819203583563387951e+02,3.130498418008612589e+02,2.825946107959540541e+02,2.860116341458115130e+02,2.711777289043253063e+02,2.710319811822516272e+02,2.709613699378766682e+02,2.686050416223199591e+02,2.714362562462171695e+02,2.710515437292647789e+02,2.679957038512979466e+02,1.680654204962850781e+05,2.221822317867181695e+01,1.598615679737583406e+01
2.200000000000000000e+02,5.800000000000000000e+03,2.704761872611562126e+02,2.739371093402326665e+02,2.820512196037131503e+02,3.132270513571806987e+02,2.827068770809556213e+02,2.858113244815656913e+02,2.716081557124634287e+02,2.711547082075497315e+02,2.710844195153981673e+02,2.687011110404406509e+02,2.714783220238369381e+02,2.711373621626302111e+02,2.680974109022222933e+02,1.681281775991460308e+05,2.228950674043579738e+01,1.601379625139556140e+01
2.300000000000000000e+02,5.810000000000000000e+03,2.705000245315546863e+02,2.740552700955377645e+02,2.821829387197935830e+02,3.133986527044754098e+02,2.828184637677242108e+02,2.856165160889393633e+02,2.720467809972757891e+02,2.712771613718462049e+02,2.712072025693726118e+02,2.687972817712741289e+02,2.715205925863195375e+02,2.712233361140832244e+02,2.681992787295008611e+02,1.681913450787468464e+05,2.235839773248697071e+01,1.604164955429060413e+01
2.400000000000000000e+02,5.820000000000000000e+03,2.705241538743281353e+02,2.741732487352500698e+02,2.823154553325695701e+02,3.135646428525441252e+02,2.829293568246932864e+02,2.854270341995881495e+02,2.724933361876589970e+02,2.713993298732654580e+02,2.713297082520307981e+02,2.688935579831463656e+02,2.715630729515955863e+02,2.713094713018068660e+02,2.683013108258409147e+02,1.682548969345772057e+05,2.242488742010131375e+01,1.606970160505500189e+01
2.500000000000000000e+02,5.830000000000000000e+03,2.705485754045859608e+02,2.742910662724779058e+02,2.824487090300859791e+02,3.137250183075597079e+02,2.830395411838238715e+02,2.852427092445923904e+02,2.729475554848461343e+02,2.715212017633421624e+02,2.714519245695962013e+02,2.689899434323451715e+02,2.716057677132534991e+02,2.713957729747930898e+02,2.684035102816302469e+02,1.683188072301584180e+05,2.248896737301737403e+01,1.609793756797236597e+01
2.600000000000000000e+02,5.840000000000000000e+03,2.705732892080234251e+02,2.744087415643825238e+02,2.825826393864779789e+02,3.138797751376427527e+02,2.831490008248864569e+02,2.850633765943220510e+02,2.734091757167385595e+02,2.716427640215640622e+02,2.715738384567935668e+02,2.690864414635292405e+02,2.716486810410943917e+02,2.714822459205813061e+02,2.685058797846839411e+02,1.683830500936506432e+05,2.255062946650523159e+01,1.612634285511650845e+01
2.700000000000000000e+02,5.850000000000000000e+03,2.705982953382265350e+02,2.745262913984154238e+02,2.827171859866011232e+02,3.140289090288399620e+02,2.832577188500249008e+02,2.848888763206917929e+02,2.738779362108934947e+02,2.717640026231262596e+02,2.716954358446941455e+02,2.691830550102488360e+02,2.716918166983902552e+02,2.715688944731471111e+02,2.686084216210667819e+02,1.684475997186179447e+05,2.260986588239657635e+01,1.615490310974271182e+01
2.800000000000000000e+02,5.860000000000000000e+03,2.706235938186093790e+02,2.746437305752986049e+02,2.828522884492861067e+02,3.141724153329250271e+02,2.833656775503316680e+02,2.847190529790237861e+02,2.743535786850895875e+02,2.718849026012924810e+02,2.718167017227176530e+02,2.692797865961742332e+02,2.717351780450513843e+02,2.716557225209818967e+02,2.687111376752591241e+02,1.685124303649076028e+05,2.266666911007600049e+01,1.618360419043591847e+01
2.900000000000000000e+02,5.870000000000000000e+03,2.706491846351953541e+02,2.747610719872109826e+02,2.829878864493942388e+02,3.143102891097281599e+02,2.834728584656250518e+02,2.845537554062432832e+02,2.748358471525318123e+02,2.720054481045134480e+02,2.719376201964938105e+02,2.693766383363800401e+02,2.717787680642318264e+02,2.717427335146593350e+02,2.688140294313295158e+02,1.685775163597558276e+05,2.272103194743327848e+01,1.621243215604310350e+01
3.000000000000000000e+02,5.880000000000000000e+03,2.706750677403516079e+02,2.748783266931962430e+02,2.831239197388007938e+02,3.144425251637916290e+02,2.835792424387635720e+02,2.843928365338292110e+02,2.753244878390827353e+02,2.721256224496428331e+02,2.720581745402366778e+02,2.694736119390324234e+02,2.718225893629537495e+02,2.718299304742823210e+02,2.689170979748075752e+02,1.686428320990412903e+05,2.277294750177651750e+01,1.624137325130435272e+01
3.100000000000000000e+02,5.890000000000000000e+03,2.707012430492187605e+02,2.749955039910821029e+02,2.832603281661279766e+02,3.145691180766639263e+02,2.836848096657253677e+02,2.842361532141778753e+02,2.758192491123836589e+02,2.722454081714923291e+02,2.721783472465745035e+02,2.695707087075232948e+02,2.718666441866598689e+02,2.719173159969213316e+02,2.690203439934142580e+02,1.687083520486596681e+05,2.282240919070608243e+01,1.627041389325592746e+01
3.200000000000000000e+02,5.900000000000000000e+03,2.707277104390702789e+02,2.751126114860875873e+02,2.833970516955617427e+02,3.146900622360789725e+02,2.837895397412906391e+02,2.840835660575406791e+02,2.763198814194713577e+02,2.723647870683561791e+02,2.722981200722181256e+02,2.696679295421781148e+02,2.719109344294840866e+02,2.720048922636549378e+02,2.691237677795039644e+02,1.687740507459859073e+05,2.286941074294918508e+01,1.629954065820993847e+01
3.300000000000000000e+02,5.910000000000000000e+03,2.707544697482578044e+02,2.752296551565792129e+02,2.835340304249475025e+02,3.148053518619747138e+02,2.838934117017063841e+02,2.839349392800698979e+02,2.768261372338158708e+02,2.724837402455936513e+02,2.724174740813969606e+02,2.697652749429543633e+02,2.719554616441730559e+02,2.720926610465012914e+02,2.692273692315499716e+02,1.688399028016139928e+05,2.291394619915503483e+01,1.632874026943418500e+01
3.400000000000000000e+02,5.920000000000000000e+03,2.707815207746718897e+02,2.753466394170537228e+02,2.836712046024923097e+02,3.149149810297284944e+02,2.839964040640380176e+02,2.837901405610239749e+02,2.773377710103475238e+02,2.726022481560604547e+02,2.725363896860710611e+02,2.698627450116800333e+02,2.720002270520140542e+02,2.721806237148642253e+02,2.693311478565283323e+02,1.689058829010732588e+05,2.295600991265040136e+01,1.635799958545544541e+01
3.500000000000000000e+02,5.930000000000000000e+03,2.708088632742968684e+02,2.754635671789033609e+02,2.838085146431646990e+02,3.150189436914052408e+02,2.840984948637621983e+02,2.836490409077875938e+02,2.778545391464172667e+02,2.727202906381721164e+02,2.726548466843159986e+02,2.699603394547362427e+02,2.720452315523529592e+02,2.722687812420597311e+02,2.694351027720365437e+02,1.689719658067151322e+05,2.299559655015559656e+01,1.638730558894715728e+01
3.600000000000000000e+02,5.940000000000000000e+03,2.708364969605156034e+02,2.755804399075934157e+02,2.839459011441294933e+02,3.151172336954857656e+02,2.841996616892326983e+02,2.835115145295387151e+02,2.783761999500154047e+02,2.728378469522532441e+02,2.727728242963750631e+02,2.700580575854734207e+02,2.720904757312303559e+02,2.723571342115052971e+02,2.695392327083862938e+02,1.690381263597683283e+05,2.303270109246061992e+01,1.641664537622521536e+01
3.700000000000000000e+02,5.950000000000000000e+03,2.708644215019687067e+02,2.756972576785407796e+02,2.840833048995704075e+02,3.152098448044265524e+02,2.842998817148895228e+02,2.833774387170865907e+02,2.789025136130131841e+02,2.729548958146565383e+02,2.728903011988182925e+02,2.701558983272981322e+02,2.721359598700872198e+02,2.724456828225801814e+02,2.696435360114267610e+02,1.691043394823852577e+05,2.306731883506164138e+01,1.644600614725775145e+01
3.800000000000000000e+02,5.960000000000000000e+03,2.708926365224687629e+02,2.758140192280413316e+02,2.842206669152316181e+02,3.152967707110510105e+02,2.843991317324299075e+02,2.832466937297359095e+02,2.794332421902710735e+02,2.730714154302062866e+02,2.730072555570808959e+02,2.702538602161850463e+02,2.721816839540957176e+02,2.725344268960041063e+02,2.697480106444473904e+02,1.691705801799132314e+05,2.309944538875738829e+01,1.647537519624123803e+01
3.900000000000000000e+02,5.970000000000000000e+03,2.709211415982655922e+02,2.759307220238794685e+02,2.843579284176589681e+02,3.153780050537371267e+02,2.844973881788444032e+02,2.831191626878694478e+02,2.799681495804343854e+02,2.731873835233988643e+02,2.731236650558976748e+02,2.703519414033484054e+02,2.722276476795707367e+02,2.726233658802574951e+02,2.698526541928142137e+02,1.692368235431428184e+05,2.312907668020573837e+01,1.650473990259550661e+01
4.000000000000000000e+02,5.980000000000000000e+03,2.709499362579453532e+02,2.760473622864847698e+02,2.844950308736707711e+02,3.154535414305134964e+02,2.845946271664897722e+02,2.829947314714733579e+02,2.805070015175635376e+02,2.733027773672073977e+02,2.732395069295413350e+02,2.704501396610380084e+02,2.722738504625797873e+02,2.727124988551225897e+02,2.699574638617808660e+02,1.693030447507579811e+05,2.315620895244011024e+01,1.653408772270906724e+01
4.100000000000000000e+02,5.990000000000000000e+03,2.709790199805312341e+02,2.761639350315533648e+02,2.846319160038278255e+02,3.155233734121481461e+02,2.846908245106411073e+02,2.828732886228619350e+02,2.810495655645792681e+02,2.734175738115230843e+02,2.733547579899642983e+02,2.705484523800982970e+02,2.723202914439941651e+02,2.728018245377079438e+02,2.700624364839302984e+02,1.693692190717644116e+05,2.318083876534586452e+01,1.656340618217157967e+01
4.200000000000000000e+02,6.000000000000000000e+03,2.710083921944609529e+02,2.762804341510019981e+02,2.847685257858150862e+02,3.155874945544941852e+02,2.847859557524951128e+02,2.827547252555417572e+02,2.815956111029257158e+02,2.735317493107586984e+02,2.734693946527480080e+02,2.706468765771330141e+02,2.723669694976217102e+02,2.728913412869983972e+02,2.701675685202190493e+02,1.694353218680959544e+05,2.320296299609645985e+01,1.659268286810545945e+01
4.300000000000000000e+02,6.010000000000000000e+03,2.710380522760390818e+02,2.763968524356337184e+02,2.849048024716706777e+02,3.156458984098215979e+02,2.848799961845166422e+02,2.826389349661971551e+02,2.821449093351413921e+02,2.736452799487659604e+02,2.735833929633344610e+02,2.707454088963733625e+02,2.724138832364541258e+02,2.729810471082308254e+02,2.702728560622612690e+02,1.695013285971778096e+05,2.322257883954937085e+01,1.662190542230975510e+01
4.400000000000000000e+02,6.020000000000000000e+03,2.710679995480859930e+02,2.765131816198679076e+02,2.850406885976564126e+02,3.156985785374938587e+02,2.849729208738994544e+02,2.825258137532858314e+02,2.826972332869323168e+02,2.737581414638817137e+02,2.736967286217364403e+02,2.708440456130389862e+02,2.724610310185032063e+02,2.730709396572131595e+02,2.703782948355787994e+02,1.695672148147040280e+05,2.323968380860181071e+01,1.665106153483000639e+01
4.500000000000000000e+02,6.030000000000000000e+03,2.710982332789765223e+02,2.766294124230097395e+02,2.851761269953268538e+02,3.157455285142232242e+02,2.850647046849931030e+02,2.824152599361281091e+02,2.832523578120756724e+02,2.738703092722265069e+02,2.738093770060870042e+02,2.709427826363802296e+02,2.725084109530146748e+02,2.731610162441950251e+02,2.704838802022446771e+02,1.696329561773440510e+05,2.325427573450600605e+01,1.668013893789210300e+01
4.600000000000000000e+02,6.040000000000000000e+03,2.711287526807187760e+02,2.767455345886576765e+02,2.853110608016312995e+02,3.157867419438782122e+02,2.851553223005965947e+02,2.823071740803204648e+02,2.838100596005650686e+02,2.739817584907845571e+02,2.739213131952078015e+02,2.710416155128420996e+02,2.725560209054905272e+02,2.732512738382588964e+02,2.705896071636931879e+02,1.696985284455554793e+05,2.326635276714424094e+01,1.670912540035357452e+01
4.700000000000000000e+02,6.050000000000000000e+03,2.711595569084062731e+02,2.768615369231218324e+02,2.854454334690353789e+02,3.158222124663599288e+02,2.852447482425843646e+02,2.822014589258277510e+02,2.843701171891294166e+02,2.740924639591038385e+02,2.740325119909738874e+02,2.711405394290641766e+02,2.726038585032644050e+02,2.733417090699941809e+02,2.706954703636571935e+02,1.697639074865252478e+05,2.327591337526337512e+01,1.673800872257166006e+01
4.800000000000000000e+02,6.060000000000000000e+03,2.711906450579843408e+02,2.769774073319795207e+02,2.855791887748814020e+02,3.158519337660799238e+02,2.853329568918010182e+02,2.820980193185370695e+02,2.849323109739247002e+02,2.742024002604353541e+02,2.741429479387265928e+02,2.712395492154197996e+02,2.726519211403635268e+02,2.734323182360286069e+02,2.708014640908556885e+02,1.698290692770010792e+05,2.328295634666902103e+01,1.676677673167400684e+01
4.900000000000000000e+02,6.070000000000000000e+03,2.712220161654765889e+02,2.770931328558314135e+02,2.857122708309727273e+02,3.158758995805286531e+02,2.854199225070179295e+02,2.819967621447201509e+02,2.854964232252785337e+02,2.743115417420229960e+02,2.742525953476830409e+02,2.713386393489547004e+02,2.727002059822207798e+02,2.735230973017461338e+02,2.709075822823130011e+02,1.698939899063190678e+05,2.328748078837924496e+01,1.679541727727649914e+01
5.000000000000000000e+02,6.080000000000000000e+03,2.712536692058203585e+02,2.772086997044850705e+02,2.858446240925359234e+02,3.158941037077629517e+02,2.855056192430425881e+02,2.818975962685739773e+02,2.860622381048403327e+02,2.744198625345850360e+02,2.743614283108243512e+02,2.714378039570379428e+02,2.727487099703345166e+02,2.736140419044780856e+02,2.710138185258251724e+02,1.699586455794251815e+05,2.328948612673777774e+01,1.682391822761328726e+01
5.100000000000000000e+02,6.090000000000000000e+03,2.712856030908515663e+02,2.773240932904538454e+02,2.859761933670329768e+02,3.159065400141288933e+02,2.855900211686393959e+02,2.818004324727414769e+02,2.866295416839732297e+02,2.745273365710330609e+02,2.744694207232469694e+02,2.715370368202268310e+02,2.727974298263958985e+02,2.737051473568503184e+02,2.711201660631082859e+02,1.700230126198635844e+05,2.328897210748673885e+01,1.685226746608658743e+01
5.200000000000000000e+02,6.100000000000000000e+03,2.713178166683359223e+02,2.774392982608142120e+02,2.861069238225691151e+02,3.159132024411508155e+02,2.856731022832561848e+02,2.817051834016427847e+02,2.871981219639416167e+02,2.746339376048746317e+02,2.745765463006188725e+02,2.716363313759013636e+02,2.728463620560862637e+02,2.737964086489567421e+02,2.712266177929480477e+02,1.700870674728629529e+05,2.328593879579889148e+01,1.688045288816458367e+01
5.300000000000000000e+02,6.110000000000000000e+03,2.713503087209452929e+02,2.775542985283225903e+02,2.862367609963854989e+02,3.159140850127294016e+02,2.857548365335795211e+02,2.816117635062754516e+02,2.877677688975609840e+02,2.747396392276563688e+02,2.746827785965604107e+02,2.717356807215879826e+02,2.728955029537686983e+02,2.738878204518496773e+02,2.713331662739133776e+02,1.701507867084956088e+05,2.328038657626937535e+01,1.690846239875385137e+01
5.400000000000000000e+02,6.120000000000000000e+03,2.713830779638984154e+02,2.776690773018551681e+02,2.863656508028722669e+02,3.159091818415457169e+02,2.858351978289821886e+02,2.815200889925075103e+02,2.883382744122732788e+02,2.748444148860902487e+02,2.747880910196658419e+02,2.718350776181123365e+02,2.729448486053373131e+02,2.739793771197767569e+02,2.714398037277363187e+02,1.702141470246953249e+05,2.327231615286694577e+01,1.693628390991121790e+01
5.500000000000000000e+02,6.130000000000000000e+03,2.714161230449219033e+02,2.777836171152959537e+02,2.864935395413658057e+02,3.158984871354234087e+02,2.859141600571846880e+02,2.814300777713095272e+02,2.889094324340125013e+02,2.749482378982070827e+02,2.748924568499411976e+02,2.719345144932631797e+02,2.729943948921751939e+02,2.740710726924407368e+02,2.715465220420569494e+02,1.702771252504960576e+05,2.326172854884467966e+01,1.696390533893552899e+01
5.600000000000000000e+02,6.140000000000000000e+03,2.714494425419843537e+02,2.778978998558032458e+02,2.866203739037552509e+02,3.158819952036318455e+02,2.859916970986938622e+02,2.813416494107823951e+02,2.894810389122114316e+02,2.750510814694173405e+02,2.749958492546242041e+02,2.720339834450709304e+02,2.730441374944852555e+02,2.741629008979337527e+02,2.716533127738409235e+02,1.703396983491166611e+05,2.324862510661032644e+01,1.699131460687255668e+01
5.700000000000000000e+02,6.150000000000000000e+03,2.714830349620703487e+02,2.780119067913148569e+02,2.867461009820585218e+02,3.158597004627873162e+02,2.860677828409478138e+02,2.812547250910786261e+02,2.900528918459544911e+02,2.751529187080976726e+02,2.750982413036715570e+02,2.721334762455166469e+02,2.730940718945137746e+02,2.742548551549046465e+02,2.717601671524463995e+02,1.704018434211895510e+05,2.323300748755599443e+01,1.701849963737986471e+01
5.800000000000000000e+02,6.160000000000000000e+03,2.715168987404452992e+02,2.781256185971190575e+02,2.868706682754772714e+02,3.158315974426857338e+02,2.861423911920859950e+02,2.811692275600188964e+02,2.906247913103043743e+02,2.752537226399046517e+02,2.751996059842568911e+02,2.722329843437120189e+02,2.731441933796177182e+02,2.743469285745648563e+02,2.718670760827859567e+02,1.704635377078549645e+05,2.321487767184757800e+01,1.704544835594215613e+01
5.900000000000000000e+02,6.170000000000000000e+03,2.715510322384610049e+02,2.782390153817369196e+02,2.869940236977527093e+02,3.157976807918242343e+02,2.862154960943431661e+02,2.810850810916428486e+02,2.911965394837133658e+02,2.753534662230293293e+02,2.752999162157055366e+02,2.723324988699537812e+02,2.731944970451490349e+02,2.744391139630560019e+02,2.719740301487148031e+02,1.705247585940028948e+05,2.319423795817366596e+01,1.707214868946126174e+01
6.000000000000000000e+02,6.180000000000000000e+03,2.715854337431484851e+02,2.783520767116584125e+02,2.871161155837228875e+02,3.157579452831036519e+02,2.862870715367002390e+02,2.810022114458419651e+02,2.917679406755387390e+02,2.754521223612914014e+02,2.753991448631786056e+02,2.724320106388836962e+02,2.732449777977178655e+02,2.745314038236647320e+02,2.720810196160896339e+02,1.705854836113981437e+05,2.317109096345409824e+01,1.709858856619611345e+01
6.100000000000000000e+02,6.190000000000000000e+03,2.716201014653749439e+02,2.784647816359149601e+02,2.872368926962609521e+02,3.157123858189963244e+02,2.863570915671739385e+02,2.809205458302969873e+02,2.923388013540959491e+02,2.755496639184950709e+02,2.754972647512559547e+02,2.725315101533988695e+02,2.732956303574738399e+02,2.746237903588635163e+02,2.721880344364398070e+02,1.706456904418662016e+05,2.314543962250813536e+01,1.712475591607305603e+01
6.200000000000000000e+02,6.200000000000000000e+03,2.716550335382734147e+02,2.785771087098652288e+02,2.873563042328565871e+02,3.156609974368811891e+02,2.864255303052291310e+02,2.808400128630250947e+02,2.929089301747466152e+02,2.756460637311427035e+02,2.755942486771136259e+02,2.726309876083059294e+02,2.733464492610260095e+02,2.747162654723884430e+02,2.722950642500145477e+02,1.707053569203911175e+05,2.311728718768239332e+01,1.715063867128881725e+01
6.300000000000000000e+02,6.210000000000000000e+03,2.716902280167890922e+02,2.786890360176512331e+02,2.874742998318662899e+02,3.156037753140622613e+02,2.864923619528548784e+02,2.807605425374382548e+02,2.934781380086653826e+02,2.757412946213828491e+02,2.756900694233120248e+02,2.727304328941285121e+02,2.733974288641672388e+02,2.748088207713747124e+02,2.724020983897007682e+02,1.707644610383350810e+05,2.308663722843845534e+01,1.717622476729672698e+01
6.400000000000000000e+02,6.220000000000000000e+03,2.717256828761250063e+02,2.788005411950722987e+02,2.875908295789057547e+02,3.155407147730716133e+02,2.865575608062366655e+02,2.806820661883494381e+02,2.940462379703399165e+02,2.758353294094260946e+02,2.757846997701679470e+02,2.728298356009937038e+02,2.734485633441682353e+02,2.749014475685466437e+02,2.725091258843430069e+02,1.708229809465378639e+05,2.305349363090029158e+01,1.720150214408946709e+01
6.500000000000000000e+02,6.230000000000000000e+03,2.717613960100155737e+02,2.789116014508971944e+02,2.877058440127632934e+02,3.154718112864174486e+02,2.866211012664518307e+02,2.806045164594086145e+02,2.946130454464288277e+02,2.759281409255864332e+02,2.758781125078137961e+02,2.729291850222990661e+02,2.734998467025210402e+02,2.749941368838117342e+02,2.726161354619246140e+02,1.708808949583396898e+05,2.301786059736155821e+01,1.722645874782934428e+01
6.600000000000000000e+02,6.240000000000000000e+03,2.717973652305468022e+02,2.790221935883086530e+02,2.878192941315253961e+02,3.153970604814694525e+02,2.866829578499259128e+02,2.805278272718935000e+02,2.951783781233191348e+02,2.760197020219055162e+02,2.759702804478461076e+02,2.730284701591153862e+02,2.735512727671865605e+02,2.750868794471173260e+02,2.727231155541946350e+02,1.709381815527898434e+05,2.297974264575275072e+01,1.725108253274540360e+01
6.700000000000000000e+02,6.250000000000000000e+03,2.718335882657109437e+02,2.791322940252806006e+02,2.879311313983305354e+02,3.153164581454072959e+02,2.867431051988819490e+02,2.804519337945449138e+02,2.957420560149216726e+02,2.761099855836664005e+02,2.760611764349068267e+02,2.731276797237355822e+02,2.736028351951190416e+02,2.751796656999895845e+02,2.728300542995506817e+02,1.709948193775626714e+05,2.293914460906843544e+01,1.727536146339437195e+01
6.800000000000000000e+02,6.260000000000000000e+03,2.718700627596484196e+02,2.792418788148815452e+02,2.880413077468402889e+02,3.152300002297119477e+02,2.868015180910382469e+02,2.803767724151359175e+02,2.963039014897397578e+02,2.761989645404271414e+02,2.761507733573852192e+02,2.732268021441877863e+02,2.736545274745913048e+02,2.752724857978909085e+02,2.729369395472772908e+02,1.710507872520773963e+05,2.289607163475437801e+01,1.729928351713726542e+01
6.900000000000000000e+02,6.270000000000000000e+03,2.719067862702655702e+02,2.793509236638465723e+02,2.881497755871293975e+02,3.151376828552216693e+02,2.868581714493915342e+02,2.803022807122633822e+02,2.968637392976243632e+02,2.762866118768089336e+02,2.762390441583048073e+02,2.733258255682166578e+02,2.737063429275448811e+02,2.753653296125673364e+02,2.730437588618819404e+02,1.711060641704034060e+05,2.285052918405497735e+01,1.732283668699410484e+01
7.000000000000000000e+02,6.280000000000000000e+03,2.719437562690389996e+02,2.794594039569186634e+02,2.882564878106845754e+02,3.150395023164276722e+02,2.869130403513490251e+02,2.802283974291216282e+02,2.974213965956871562e+02,2.763729006430233426e+02,2.763259618462237199e+02,2.734247378677050051e+02,2.737582747120097224e+02,2.754581867343395061e+02,2.731504995224248660e+02,1.711606293042504403e+05,2.280252303132080982e+01,1.734600898470017682e+01
7.100000000000000000e+02,6.290000000000000000e+03,2.719809701395624870e+02,2.795672947590966828e+02,2.883613977958701184e+02,3.149354550864150610e+02,2.869661000379401798e+02,2.801550624479247062e+02,2.979767029736757422e+02,2.764578039645743388e+02,2.764114995044583907e+02,2.735235266467145721e+02,2.738103158240833181e+02,2.755510464741216197e+02,2.732571485377526415e+02,1.712144620058559813e+05,2.275205926327649664e+01,1.736878844405814348e+01
7.200000000000000000e+02,6.300000000000000000e+03,2.720184251767032038e+02,2.796745708669719761e+02,2.884644594129806592e+02,3.148255378210855611e+02,2.870173259224161484e+02,2.800822167652780763e+02,2.985294904786708230e+02,2.765412950534785068e+02,2.764956303019365009e+02,2.736221792272693278e+02,2.738624591013143572e+02,2.756438978664033925e+02,2.733636926392284181e+02,1.712675418108578015e+05,2.269914427824892300e+01,1.739116312456503977e+01
7.300000000000000000e+02,6.310000000000000000e+03,2.720561185855468693e+02,2.797812067844033663e+02,2.885656270290116936e+02,3.147097473639894361e+02,2.870666935986677117e+02,2.800098024687006841e+02,2.990795936386425069e+02,2.766233472161291616e+02,2.765783275022404837e+02,2.737206826865884750e+02,2.739146972234714212e+02,2.757367296712990878e+02,2.734701182898332377e+02,1.713198484410734090e+05,2.264378478535603989e+01,1.741312111523138739e+01
7.400000000000000000e+02,6.320000000000000000e+03,2.720940474801640221e+02,2.798871767695621884e+02,2.886648555128203952e+02,3.145880807506342762e+02,2.871141788497377547e+02,2.799377627134829822e+02,2.996268494853105722e+02,2.767039338638667232e+02,2.766595644731586390e+02,2.738190238362574291e+02,2.739670227160671629e+02,2.758295303774266358e+02,2.735764116882156713e+02,1.713713618072799582e+05,2.258598780365624492e+01,1.743465053867978654e+01
7.500000000000000000e+02,6.330000000000000000e+03,2.721322088836406010e+02,2.799924548437637100e+02,2.887621002393080403e+02,3.144605352131619043e+02,2.871597576553665476e+02,2.798660417011097366e+02,3.001710975754987771e+02,2.767830285217770552e+02,2.767393146959096271e+02,2.739171892346956270e+02,2.740194279523713590e+02,2.759222882047839107e+02,2.736825587727907987e+02,1.714220620119631349e+05,2.252576066125830678e+01,1.745573955545460976e+01
7.600000000000000000e+02,6.340000000000000000e+03,2.721705997261249763e+02,2.800970147255125084e+02,2.888573171132434823e+02,3.143271081845451249e+02,2.872034062133286056e+02,2.797945846584240712e+02,3.007121800190460021e+02,2.768606048376292961e+02,2.768175517750873951e+02,2.740151651914530930e+02,2.740719051551615735e+02,2.760149911046628972e+02,2.737885452207832486e+02,1.714719293519017519e+05,2.246311099439237324e+01,1.747637636929471228e+01
7.700000000000000000e+02,6.350000000000000000e+03,2.722092168448046436e+02,2.802008301577888005e+02,2.889504625001156342e+02,3.141877973032548539e+02,2.872451008970279531e+02,2.797233378168739364e+02,3.012499414742098338e+02,2.769366365905141834e+02,2.768942494450138838e+02,2.741129377728017289e+02,2.741244464010235333e+02,2.761076267711541732e+02,2.738943564731158631e+02,1.715209443208358134e+05,2.239804674644167193e+01,1.749654922931447487e+01
7.800000000000000000e+02,6.360000000000000000e+03,2.722480569828359762e+02,2.803038744750537035e+02,2.890414933400165864e+02,3.140426004176853780e+02,2.872848183333991301e+02,2.796522483933520675e+02,3.017842291970963515e+02,2.770110976995948135e+02,2.769693815767965361e+02,2.742104928062844351e+02,2.741770436214369511e+02,2.762001826349749649e+02,2.739999777121774969e+02,1.715690876119832101e+05,2.233057616693541547e+01,1.751624643798773562e+01
7.900000000000000000e+02,6.370000000000000000e+03,2.722871167886406170e+02,2.804061209057379642e+02,2.891303670779739150e+02,3.138915155903376331e+02,2.873225353663116266e+02,2.795812645712271660e+02,3.023148930421145337e+02,2.770839622317819817e+02,2.770429221920169311e+02,2.743078158854787603e+02,2.742296886053389926e+02,2.762926458701298884e+02,2.741053938812332831e+02,1.716163401204718684e+05,2.226070781050280800e+01,1.753545635486088372e+01
8.000000000000000000e+02,6.380000000000000000e+03,2.723263928154843825e+02,2.805075425210795288e+02,2.892170416871060752e+02,3.137345411025063413e+02,2.873582290725587427e+02,2.795103354824751136e+02,3.028417854803074079e+02,2.771552044101720753e+02,2.771148454675533799e+02,2.744048923756945442e+02,2.742823730016585841e+02,2.763850033973936888e+02,2.742105896875751228e+02,1.716626829458594730e+05,2.218845053578843363e+01,1.755416740186650415e+01
8.100000000000000000e+02,6.390000000000000000e+03,2.723658815205312180e+02,2.806081120894842797e+02,2.893014756718813487e+02,3.135716754580637371e+02,2.873918767694007101e+02,2.794394111895638844e+02,3.033647616137351974e+02,2.772247986141515526e+02,2.771851257424361847e+02,2.745017075648209470e+02,2.743350883147346622e+02,2.764772418870384172e+02,2.743155496055156846e+02,1.717080973943216959e+05,2.211381350432901627e+01,1.757236806848585076e+01
8.200000000000000000e+02,6.400000000000000000e+03,2.724055792646015561e+02,2.807078027428001405e+02,2.893836280732420505e+02,3.134029173889427966e+02,2.874234560202205557e+02,2.793684426698633274e+02,3.038836791886649848e+02,2.772927194149221464e+02,2.772537375275646241e+02,2.745982460851233782e+02,2.743878259356376361e+02,2.765693477626609251e+02,2.744202578856687182e+02,1.717525649811730254e+05,2.203680617939188124e+01,1.759004691818114807e+01
8.300000000000000000e+02,6.410000000000000000e+03,2.724454823117030742e+02,2.808065869925973743e+02,2.894634584710031504e+02,3.132282658588027857e+02,2.874529446415376697e+02,2.792973817980241051e+02,3.043983986072585708e+02,2.773589415451166360e+02,2.773206555118932783e+02,2.746944927895215187e+02,2.744405771044696962e+02,2.766613072095680650e+02,2.745246985562366717e+02,1.717960674328472232e+05,2.195743832477505464e+01,1.760719259304427453e+01
8.400000000000000000e+02,6.420000000000000000e+03,2.724855868284765279e+02,2.809044375397461977e+02,2.895409269606305429e+02,3.130477200673454377e+02,2.874803206895880976e+02,2.792261813312287586e+02,3.049087829279169455e+02,2.774234399242953373e+02,2.773858545697088971e+02,2.747904321930507194e+02,2.744933329408399914e+02,2.767531061727867723e+02,2.746288554301251565e+02,1.718385866891883197e+05,2.187572000356933444e+01,1.762379381889994079e+01
8.500000000000000000e+02,6.430000000000000000e+03,2.725258888836328879e+02,2.810013266275058754e+02,2.896159942715618172e+02,3.128612794548790816e+02,2.875055625447955663e+02,2.791547948938246577e+02,3.054146979116872558e+02,2.774861896682598967e+02,2.774493097672053068e+02,2.748860485837570309e+02,2.745460844291086460e+02,2.768447303604971239e+02,2.747327121088816284e+02,1.718801049053912575e+05,2.179166157688238314e+01,1.763983941529770760e+01
8.600000000000000000e+02,6.440000000000000000e+03,2.725663844483672165e+02,2.810972268132001659e+02,2.896886215863287362e+02,3.126689437066012829e+02,2.875286487980673655e+02,2.790831769628139796e+02,3.059160119767045671e+02,2.775471660964097964e+02,2.775109963696025943e+02,2.749813260758464253e+02,2.745988224371139381e+02,2.769361652515147512e+02,2.748362519889513464e+02,1.719206044541982119e+05,2.170527370252501242e+01,1.765531829611913039e+01
8.700000000000000000e+02,6.450000000000000000e+03,2.726070693952968895e+02,2.811921104562550227e+02,2.897587706771300873e+02,3.124707127572107197e+02,2.875495583358159593e+02,2.790112828536063603e+02,3.064125962338002864e+02,2.776063447289379269e+02,2.775708898476456170e+02,2.750762485882667079e+02,2.746515377119378627e+02,2.770273961012848076e+02,2.749394582677880976e+02,1.719600679276354203e+05,2.161656733365990135e+01,1.767021947820459360e+01
8.800000000000000000e+02,6.460000000000000000e+03,2.726479394985312865e+02,2.812859498705838632e+02,2.898264038704549534e+02,3.122665867945938771e+02,2.875682703265804321e+02,2.789390687066969008e+02,3.069043244860997106e+02,2.776637012999896683e+02,2.776289658843804204e+02,2.751707998555529002e+02,2.747042208830791878e+02,2.771184079424371021e+02,2.750423139492676228e+02,1.719984781389461714e+05,2.152555371741284063e+01,1.768453208732432103e+01
8.900000000000000000e+02,6.470000000000000000e+03,2.726889904343047419e+02,2.813787173345465931e+02,2.898914840506678843e+02,3.120565662651608250e+02,2.875847642252974197e+02,2.788664914742059295e+02,3.073910732306151203e+02,2.777192117628340498e+02,2.776852003813319243e+02,2.752649634343225102e+02,2.747568624657595819e+02,2.772091855918313854e+02,2.751448018498213628e+02,1.720358181244061270e+05,2.143224439344668752e+01,1.769824536423545069e+01
9.000000000000000000e+02,6.480000000000000000e+03,2.727302177795702960e+02,2.814703851038549374e+02,2.899539746631871822e+02,3.118406518772899290e+02,2.875990197788106002e+02,2.787935089074778148e+02,3.078727216591118463e+02,2.777728522963975593e+02,2.777395694642934814e+02,2.753587227095070489e+02,2.748094528638161478e+02,2.772997136550372375e+02,2.752469046041100000e+02,1.720720711449297378e+05,2.133665119249825892e+01,1.771134867082494679e+01
9.100000000000000000e+02,6.490000000000000000e+03,2.727716170135625475e+02,2.815609254238437416e+02,2.900138397167161770e+02,3.116188446062909634e+02,2.876110170301908511e+02,2.787200795445471044e+02,3.083491516573816966e+02,2.778245993103215028e+02,2.777920494894983108e+02,2.754520609007484495e+02,2.748619823735572822e+02,2.773899765317045762e+02,2.753486046709718380e+02,1.721072206877883873e+05,2.123878623487826545e+01,1.772383149627338383e+01
9.200000000000000000e+02,6.500000000000000000e+03,2.728131835164844006e+02,2.816503105419778876e+02,2.900710437862099411e+02,3.113911456984453139e+02,2.876207363238972903e+02,2.786461626983169708e+02,3.088202478027785105e+02,2.778744294513311388e+02,2.778426170493953009e+02,2.755449610687782069e+02,2.749144411866107589e+02,2.774799584196024398e+02,2.754498843398501435e+02,1.721412504680854618e+05,2.113866192893465978e+01,1.773568346326156231e+01
9.300000000000000000e+02,6.510000000000000000e+03,2.728549125706249470e+02,2.817385127182350857e+02,2.901255520151100882e+02,3.111575566757182969e+02,2.876281583098936494e+02,2.785717184437451124e+02,3.092858973603576374e+02,2.779223196084268466e+02,2.778912489781964723e+02,2.756374061215447568e+02,2.749668193931034352e+02,2.775696433222179280e+02,2.755507257368732326e+02,1.721741444302301388e+05,2.103629096947928190e+01,1.774689433413635342e+01
9.400000000000000000e+02,6.520000000000000000e+03,2.728967993602187789e+02,2.818255042384352009e+02,2.901773301338257625e+02,3.109180793388799771e+02,2.876332639518883525e+02,2.784967075688396108e+02,3.097459902773751423e+02,2.779682469188565506e+02,2.779379223683578743e+02,2.757293788210070602e+02,2.750191069857842194e+02,2.776590150522914087e+02,2.756511108308482108e+02,1.722058867493926664e+05,2.093168633617834828e+01,1.775745401658025102e+01
9.500000000000000000e+02,6.530000000000000000e+03,2.729388389719609336e+02,2.819112574239414357e+02,2.902263443808575971e+02,3.106727157743762859e+02,2.876360345184075982e+02,2.784210917533101792e+02,3.102004191762844698e+02,2.780121887703961079e+02,2.779826145250783043e+02,2.758208617895258499e+02,2.750712938627574431e+02,2.777480572385717323e+02,2.757510214406424325e+02,1.722364618327291391e+05,2.082486129190667867e+01,1.776735257221921671e+01
9.600000000000000000e+02,6.540000000000000000e+03,2.729810263949217983e+02,2.819957446439511841e+02,2.902725616551930443e+02,3.104214683564676420e+02,2.876364516031505900e+02,2.783448332159395591e+02,3.106490793461364888e+02,2.780541228142172372e+02,2.780253030577398476e+02,2.759118375165561474e+02,2.751233698315588754e+02,2.778367533315392848e+02,2.758504392406469492e+02,1.722658543206734466e+05,2.071582938106617888e+01,1.777658021828129975e+01
9.700000000000000000e+02,6.550000000000000000e+03,2.730233565218515537e+02,2.820789383260820387e+02,2.903159493776380486e+02,3.101643397526199237e+02,2.876344971211657366e+02,2.782678950108667664e+02,3.110918687321957918e+02,2.780940269590826119e+02,2.780659658139597923e+02,2.760022883655730084e+02,2.751753246124523002e+02,2.779250866094428716e+02,2.759493457677756965e+02,1.722940490880945290e+05,2.060460442786846613e+01,1.778512733748708641e+01
9.800000000000000000e+02,6.560000000000000000e+03,2.730658241483359916e+02,2.821608109673467197e+02,2.903564755714982653e+02,3.099013329261416629e+02,2.876301533138957893e+02,2.781902408519683831e+02,3.115286879245370528e+02,2.781318793879333384e+02,2.781045809164415914e+02,2.760921965803011062e+02,2.752271478420406652e+02,2.780130401841607295e+02,2.760477224282495854e+02,1.723210312452888174e+05,2.049120053458211999e+01,1.779298448203421401e+01
9.900000000000000000e+02,6.570000000000000000e+03,2.731084239751172049e+02,2.822413351448460617e+02,2.903941087982996123e+02,3.096324511427143307e+02,2.876234027455153637e+02,2.781118352506333053e+02,3.119594401447376981e+02,2.781676585473670684e+02,2.781411267430243583e+02,2.761815442925815205e+02,2.752788290773497692e+02,2.781005970081960754e+02,2.761455505044215215e+02,1.723467861391646729e+05,2.037563207974465485e+01,1.780014238131798265e+01
1.000000000000000000e+03,6.580000000000000000e+03,2.731511506070312407e+02,2.823204835196161753e+02,2.904288182847649864e+02,3.093576979751287013e+02,2.876142283293850141e+02,2.780326432155082443e+02,3.123840312316877430e+02,2.782013431696302064e+02,2.781755819881853427e+02,2.762703135277454294e+02,2.753303577989666451e+02,2.781877398804904828e+02,2.762428111609123107e+02,1.723712993539493182e+05,2.025791371633944493e+01,1.780659194402962342e+01
1.010000000000000000e+03,6.590000000000000000e+03,2.731939985550312144e+02,2.823982288663808049e+02,2.904605737573656370e+02,3.090770773044009729e+02,2.876026133036368719e+02,2.779526306150608548e+02,3.128023696242179881e+02,2.782329122652163278e+02,2.782079255887281306e+02,2.763584862136991660e+02,2.753817234155364986e+02,2.782744514537283749e+02,2.763394854525698747e+02,1.723945567122342181e+05,2.013806036993787885e+01,1.781232426839583738e+01
1.020000000000000000e+03,6.600000000000000000e+03,2.732369622360390622e+02,2.824745440600912048e+02,2.904893455541534877e+02,3.087905933275487200e+02,2.875885412469455673e+02,2.778717639407021807e+02,3.132143663449836026e+02,2.782623451300895567e+02,2.782381367766269591e+02,2.764460441862841549e+02,2.754329152672137297e+02,2.783607142409679795e+02,2.764355543306177765e+02,1.724165442755942349e+05,2.001608723680690005e+01,1.781733064519378829e+01
1.030000000000000000e+03,6.610000000000000000e+03,2.732800359747109269e+02,2.825494020983734345e+02,2.905151045963499428e+02,3.084982505603329628e+02,2.875719960812736531e+02,2.777900103490724746e+02,3.136199349809251089e+02,2.782896213501447846e+02,2.782661950737899019e+02,2.765329691970225099e+02,2.754839226297133905e+02,2.784465106217594439e+02,2.765309986502402921e+02,1.724372483454252360e+05,1.989200978198232406e+01,1.782160256360227990e+01
1.040000000000000000e+03,6.620000000000000000e+03,2.733232140035468092e+02,2.826227761121168101e+02,2.905378223889096034e+02,3.082000538413978461e+02,2.875529620744384260e+02,2.777073376553315711e+02,3.140189916632747327e+02,2.783147208049526853e+02,2.782920802948941628e+02,2.766192429202294534e+02,2.755347347181907480e+02,2.785318228494329560e+02,2.766257991768018769e+02,1.724566554634776257e+05,1.976584373730797495e+01,1.782513171660506757e+01
1.050000000000000000e+03,6.630000000000000000e+03,2.733664904643359250e+02,2.826946393581990264e+02,2.905574710245185770e+02,3.078960083389246165e+02,2.875314238426686870e+02,2.776237143255990532e+02,3.144114550465451998e+02,2.783376236717280108e+02,2.783157725510224054e+02,2.767048469600337057e+02,2.755853406912000310e+02,2.786166330597250180e+02,2.767199365933739159e+02,1.724747524124611809e+05,1.963760509944104982e+01,1.782791000630361467e+01
1.060000000000000000e+03,6.640000000000000000e+03,2.734098594090625056e+02,2.827649652573574031e+02,2.905740231775500320e+02,3.075861195505204932e+02,2.875073663533531771e+02,2.775391094691887020e+02,3.147972462843309245e+02,2.783583104285723380e+02,2.783372522540588534e+02,2.767897628580766423e+02,2.756357296545497206e+02,2.787009232748256409e+02,2.768133915107274561e+02,1.724915262165103049e+05,1.950731012782389584e+01,1.782992954875922464e+01
1.070000000000000000e+03,6.650000000000000000e+03,2.734533148008437706e+02,2.828337273839608770e+02,2.905874521104403243e+02,3.072703933115099062e+02,2.874807749275402102e+02,2.774534928311931026e+02,3.151762890064932776e+02,2.783767618583585772e+02,2.783565001186656787e+02,2.768739721002734200e+02,2.756858906658461024e+02,2.787846754148578157e+02,2.769061444671550021e+02,1.725069641416019294e+05,1.937497534262246646e+01,1.783118267901977205e+01
1.080000000000000000e+03,6.660000000000000000e+03,2.734968505156796255e+02,2.829008994751018804e+02,2.905977316717039685e+02,3.069488357977822375e+02,2.874516352421878764e+02,2.773668347851880753e+02,3.155485092937724403e+02,2.783929590518911255e+02,2.783734971667416858e+02,2.769574561246677717e+02,2.757358127380087467e+02,2.788678713021446924e+02,2.769981759445443004e+02,1.725210536959342426e+05,1.924061752263171599e+01,1.783166195581364377e+01
1.090000000000000000e+03,6.670000000000000000e+03,2.735404603431015289e+02,2.829664554455325742e+02,2.906048362963732075e+02,3.066214535304364404e+02,2.874199333325785801e+02,2.772791063258010809e+02,3.159138356514310999e+02,2.784068834114615925e+02,2.783882247305321584e+02,2.770401963280294808e+02,2.757854848440355227e+02,2.789504926688577484e+02,2.770894663705054768e+02,1.725337826301782625e+05,1.910425370314822402e+01,1.783136016610739816e+01
1.100000000000000000e+03,6.680000000000000000e+03,2.735841379877500117e+02,2.830303693934322382e+02,2.906087410050993753e+02,3.062882533796317830e+02,2.873856555944400384e+02,2.771902790639868499e+02,3.162721989817999315e+02,2.784185166536043425e+02,2.784006644550281067e+02,2.771221740740204496e+02,2.758348959198481793e+02,2.790325211666499854e+02,2.771799961268623065e+02,1.725451389376909647e+05,1.896590117381025209e+01,1.783027032951758883e+01
1.110000000000000000e+03,6.690000000000000000e+03,2.736278770708125307e+02,2.830926156078925260e+02,2.906094214062991341e+02,3.059492425698368265e+02,2.873487887859595844e+02,2.771003252155494465e+02,3.166235325561628429e+02,2.784278408120821382e+02,2.784107983023287147e+02,2.772033707000111917e+02,2.758840348704282519e+02,2.791139383725904963e+02,2.772697455571594674e+02,1.725551108547093172e+05,1.882557747640562695e+01,1.782838570243167808e+01
1.120000000000000000e+03,6.700000000000000000e+03,2.736716711314766144e+02,2.831531685810253975e+02,2.906068536936352871e+02,3.056044286834330137e+02,2.873093200295939482e+02,2.770092175988340841e+02,3.169677719851888469e+02,2.784348382413517697e+02,2.784186085532244874e+02,2.772837675238906172e+02,2.759328905723437515e+02,2.791947257975936054e+02,2.773586949733910387e+02,1.725636868604233314e+05,1.868330040264753933e+01,1.782569978211104456e+01
1.130000000000000000e+03,6.710000000000000000e+03,2.737155136276718963e+02,2.832120030096969572e+02,2.906010146460480996e+02,3.052538196650484679e+02,2.872672368140362096e+02,2.769169296284907205e+02,3.173048551888122688e+02,2.784394916180086739e+02,2.784240778104600622e+02,2.773633458538834020e+02,2.759814518781722086e+02,2.792748648937568987e+02,2.774468246646979424e+02,1.725708556769179122e+05,1.853908799191879808e+01,1.782220631044735626e+01
1.140000000000000000e+03,6.720000000000000000e+03,2.737593979390546792e+02,2.832690938098707534e+02,2.905918816288273661e+02,3.048974238265838039e+02,2.872225269957602904e+02,2.768234353056621444e+02,3.176347223649113403e+02,2.784417839451103873e+02,2.784271890010464858e+02,2.774420869931258835e+02,2.760297076207937721e+02,2.793543370626457545e+02,2.775341149038478079e+02,1.725766062693542335e+05,1.839295852898456829e+01,1.781789927762978465e+01
1.150000000000000000e+03,6.730000000000000000e+03,2.738033173670468727e+02,2.833244161201855036e+02,2.905794325912665386e+02,3.045352498507857035e+02,2.871751788006475863e+02,2.767287092146524401e+02,3.179573159573987482e+02,2.784416985533896991e+02,2.784279253790695066e+02,2.775199722478615740e+02,2.760776466181200135e+02,2.794331236629603268e+02,2.776205459546555403e+02,1.725809278456190077e+05,1.824493054167403727e+01,1.781277292551919444e+01
1.160000000000000000e+03,6.740000000000000000e+03,2.738472651377578018e+02,2.833779453114876787e+02,2.905636460670068004e+02,3.041673067960807657e+02,2.871251808252595765e+02,2.766327265161395417e+02,3.182725806237525035e+02,2.784392191040207081e+02,2.784262705279533634e+02,2.775969829359519849e+02,2.761252576756641588e+02,2.795112060185714995e+02,2.777060980798660239e+02,1.725838098564240499e+05,1.809502279853126083e+01,1.780682175089381758e+01
1.170000000000000000e+03,6.750000000000000000e+03,2.738912344027187373e+02,2.834296569908528340e+02,2.905445011706594300e+02,3.037936041006457231e+02,2.870725220376333482e+02,2.765354629464691243e+02,3.185804632010637079e+02,2.784343295907953575e+02,2.784222083616229497e+02,2.776731003929666599e+02,2.761725295937412170e+02,2.795885654263175297e+02,2.777907515482737040e+02,1.725852419949294126e+05,1.794325430643550945e+01,1.780004050854202191e+01
1.180000000000000000e+03,6.760000000000000000e+03,2.739352182414062895e+02,2.834795270124990338e+02,2.905219776037142196e+02,3.034141515872694868e+02,2.870171917804597115e+02,2.764368947964340464e+02,3.188809126725060992e+02,2.784270143424640764e+02,2.784157231293943369e+02,2.777483059799318426e+02,2.762194511681595941e+02,2.796651831638896510e+02,2.778744866421487814e+02,1.725852141966118943e+05,1.778964430819136666e+01,1.779242421384702766e+01
1.190000000000000000e+03,6.770000000000000000e+03,2.739792096623281168e+02,2.835275315131377170e+02,2.904960556378253500e+02,3.030289594640815380e+02,2.869591797700117013e+02,2.763369989252587402e+02,3.191738801274244111e+02,2.784172580244668893e+02,2.784067994145271996e+02,2.778225810907584901e+02,2.762660111965408873e+02,2.797410404990313282e+02,2.779572836665620343e+02,1.725837166389004560e+05,1.763421228008889585e+01,1.778396814530891135e+01
1.200000000000000000e+03,6.780000000000000000e+03,2.740232016051953678e+02,2.835736467300739037e+02,2.904667161631877548e+02,3.026380383524085573e+02,2.868984760978884196e+02,2.762357527495906311e+02,3.194593187438998143e+02,2.784050456423603919e+02,2.783954221379610772e+02,2.778959071538295120e+02,2.763121984787295560e+02,2.798161186946674661e+02,2.780391229496741516e+02,1.725807397408785182e+05,1.747697792943427686e+01,1.777466784860108717e+01
1.210000000000000000e+03,6.790000000000000000e+03,2.740671869431484424e+02,2.836178494774242154e+02,2.904339405738489859e+02,3.022413992258443614e+02,2.868350712321172296e+02,2.761331342179087187e+02,3.197371837288858956e+02,2.783903625404847162e+02,2.783815765615682949e+02,2.779682656597908021e+02,2.763580018296805747e+02,2.798903990191699904e+02,2.781199848593078059e+02,1.725762741627973155e+05,1.731796119205107587e+01,1.776451913484098810e+01
1.220000000000000000e+03,6.800000000000000000e+03,2.741111584841953572e+02,2.836601165788210324e+02,2.903977109072159806e+02,3.018390534997784584e+02,2.867689560175723500e+02,2.760291218366620001e+02,3.200074322959611095e+02,2.783731944034599906e+02,2.783652482866261266e+02,2.780396381407032322e+02,2.764034100744141256e+02,2.799638627543915845e+02,2.781998498060780776e+02,1.725703108057679492e+05,1.715718222975259621e+01,1.775351808649756080e+01
1.230000000000000000e+03,6.810000000000000000e+03,2.741551089733593471e+02,2.837004252131525845e+02,2.903580097550798769e+02,3.014310129842173751e+02,2.867001216765465301e+02,2.759236946500836893e+02,3.202700236275949806e+02,2.783535272616787779e+02,2.783464232574025914e+02,2.781100061924863667e+02,2.764484120529144775e+02,2.800364912026611819e+02,2.782786982503656077e+02,1.725628408112216275e+05,1.699466142778552680e+01,1.774166105759235634e+01
1.240000000000000000e+03,6.820000000000000000e+03,2.741990310943281202e+02,2.837387528704664987e+02,2.903148202779927942e+02,3.010172898961921533e+02,2.866285598103202119e+02,2.758168322304355797e+02,3.205249188313090372e+02,2.783313474919769988e+02,2.783250877611149008e+02,2.781793514824683484e+02,2.764929966333018569e+02,2.801082656950413821e+02,2.783565107100944829e+02,1.725538555603421410e+05,1.683041939224529315e+01,1.772894467479852665e+01
1.250000000000000000e+03,6.830000000000000000e+03,2.742429174721249865e+02,2.837750772932662358e+02,2.902681262169709271e+02,3.005978968705580314e+02,2.865542623974882872e+02,2.757085146848598924e+02,3.207720809147263026e+02,2.783066418159555155e+02,2.783012284310535733e+02,2.782476557511487272e+02,2.765371527033439065e+02,2.801791675993461581e+02,2.784332677676409844e+02,1.725433466735539259e+05,1.666447694746340957e+01,1.771536583961754729e+01
1.260000000000000000e+03,6.840000000000000000e+03,2.742867606749843503e+02,2.838093765411475715e+02,2.902179118824655575e+02,3.001728469603104372e+02,2.864772217979863171e+02,2.755987226357466398e+02,3.210114747379590767e+02,2.782793973039051139e+02,2.782748322469058166e+02,2.783149008228228354e+02,2.765808691800017414e+02,2.802491783274683712e+02,2.785089500772666611e+02,1.725313060099472059e+05,1.649685513336714848e+01,1.770092172890042548e+01
1.270000000000000000e+03,6.850000000000000000e+03,2.743305532157422135e+02,2.838416289714993468e+02,2.901641621507858986e+02,2.997421536415142214e+02,2.863974307491280911e+02,2.754874372314839093e+02,3.212430669796862048e+02,2.782496013745575851e+02,2.782458865356778119e+02,2.783810686115201065e+02,2.766241350154948009e+02,2.803182793437107989e+02,2.785835383721426979e+02,1.725177256665278110e+05,1.632757520281186814e+01,1.768560979599655170e+01
1.280000000000000000e+03,6.860000000000000000e+03,2.743742875551952807e+02,2.838718132500140428e+02,2.901068624666100959e+02,2.993058308183348686e+02,2.863148823681310660e+02,2.753746401327120452e+02,3.214668260986271093e+02,2.782172417967009324e+02,2.782143789730218941e+02,2.784461411274741067e+02,2.766669391986026199e+02,2.803864521722237555e+02,2.786570134712496269e+02,1.725025979777220928e+05,1.615665861888636456e+01,1.766942777135122356e+01
1.290000000000000000e+03,6.870000000000000000e+03,2.744179561031249932e+02,2.838999083548235944e+02,2.900459988392737500e+02,2.988638928268927657e+02,2.862295701517608677e+02,2.752603135098100324e+02,3.216827222962691621e+02,2.781823066896830596e+02,2.781802975840613499e+02,2.785101004842769612e+02,2.767092707584196773e+02,2.804536784046882758e+02,2.787293562866095726e+02,1.724859155145105033e+05,1.598412705219155328e+01,1.765237366301933264e+01
1.300000000000000000e+03,6.880000000000000000e+03,2.744615512214062392e+02,2.839258935808106799e+02,2.899815578413261505e+02,2.984163544399433476e+02,2.861414879764741954e+02,2.751444400376143449e+02,3.218907274784352808e+02,2.781447845246773340e+02,2.781436307444077443e+02,2.785729289053819002e+02,2.767511187687433107e+02,2.805199397080267545e+02,2.788005478299565993e+02,1.724676710838091676e+05,1.581000237809282538e+01,1.763444575693669947e+01
1.310000000000000000e+03,6.890000000000000000e+03,2.745050652255389991e+02,2.839497485491953626e+02,2.899135266046395145e+02,2.979632308706530353e+02,2.860506300980956667e+02,2.750270028923168866e+02,3.220908152177311763e+02,2.781046641252850122e+02,2.781043671803512325e+02,2.786346087307612720e+02,2.767924723515170626e+02,2.805852178318143046e+02,2.788705692199752662e+02,1.724478577276670258e+05,1.563430667394648310e+01,1.761564261700756973e+01
1.320000000000000000e+03,6.900000000000000000e+03,2.745484903868436959e+02,2.839714532003899308e+02,2.898418928214310313e+02,2.975045377786588574e+02,2.859569911515433773e+02,2.749079857460945959e+02,3.222829607155981648e+02,2.780619346680323929e+02,2.780624959702615797e+02,2.786951224233627045e+02,2.768333206802413429e+02,2.806494946158144899e+02,2.789394016878277398e+02,1.724264687224247609e+05,1.545706221630053534e+01,1.759596308502774775e+01
1.330000000000000000e+03,6.910000000000000000e+03,2.745918189356406174e+02,2.839909878117074413e+02,2.897666447384686990e+02,2.970402912725939473e+02,2.858605661508410662e+02,2.747873727628219171e+02,3.224671407644273131e+02,2.780165856831580413e+02,2.780180065448388973e+02,2.787544525754543656e+02,2.768736529839886202e+02,2.807127519969335481e+02,2.790070265855786147e+02,1.724034975780449458e+05,1.527829147807023524e+01,1.757540628032285923e+01
1.340000000000000000e+03,6.920000000000000000e+03,2.746350430622890713e+02,2.840083329952419149e+02,2.896877711557918929e+02,2.965705079150971528e+02,2.857613504883556743e+02,2.746651485953364045e+02,3.226433337100536392e+02,2.779686070548262933e+02,2.779708886871727600e+02,2.788125819151906057e+02,2.769134585503419999e+02,2.807749720167422538e+02,2.790734253917311207e+02,1.723789380371163425e+05,1.509801712568870435e+01,1.755397159929189854e+01
1.350000000000000000e+03,6.930000000000000000e+03,2.746781549204297335e+02,2.840234697031556266e+02,2.896052614247613519e+02,2.960952047273700600e+02,2.856593399348297453e+02,2.745412983792830914e+02,3.228115194141896040e+02,2.779179890216869921e+02,2.779211325336078744e+02,2.788694933126400883e+02,2.769527267295289334e+02,2.808361368289092184e+02,2.791385797172703178e+02,1.723527840741256368e+05,1.491626201623311232e+01,1.753165871467278691e+01
1.360000000000000000e+03,6.940000000000000000e+03,2.747211466285390884e+02,2.840363792300332193e+02,2.895191054450361321e+02,2.956143991937924511e+02,2.855545306382136346e+02,2.744158077298766329e+02,3.229716792172363853e+02,2.778647221771174713e+02,2.778687285739972594e+02,2.789251697857981753e+02,2.769914469369724088e+02,2.808962287056805849e+02,2.792024713139288110e+02,1.723250298944783281e+05,1.473304919452654538e+01,1.750846757475191140e+01
1.370000000000000000e+03,6.950000000000000000e+03,2.747640102729765204e+02,2.840470432194497903e+02,2.894292936620323076e+02,2.951281092659756951e+02,2.854469191238646886e+02,2.742886627376541924e+02,3.231237959012141232e+02,2.778087974692897433e+02,2.778136676513115049e+02,2.789795945069267304e+02,2.770296086572516288e+02,2.809552300449834092e+02,2.792650820781677794e+02,1.722956699336797465e+05,1.454840189021618002e+01,1.748439840223515773e+01
1.380000000000000000e+03,6.960000000000000000e+03,2.748067379097578282e+02,2.840554436653798689e+02,2.893358170637036437e+02,2.946363533667650358e+02,2.853365022933289197e+02,2.741598499656469130e+02,3.232678536529741677e+02,2.777502062015639126e+02,2.777559409627006062e+02,2.790327508081742849e+02,2.770672014474384355e+02,2.810131233774674797e+02,2.793263940585612204e+02,1.722646988563955820e+05,1.436234351482796967e+01,1.745945169312054901e+01
1.390000000000000000e+03,6.970000000000000000e+03,2.748493215669843721e+02,2.840615629163832523e+02,2.892386671797147528e+02,2.941391503971480006e+02,2.852232774227935010e+02,2.740293564405934603e+02,3.234038380279844205e+02,2.776889400322132815e+02,2.776955400594222283e+02,2.790846221873416653e+02,2.771042149387128575e+02,2.810698913729715969e+02,2.793863894623482906e+02,1.722321115554850840e+05,1.417489765879829200e+01,1.743362821520226902e+01
1.400000000000000000e+03,6.980000000000000000e+03,2.748917532474062000e+02,2.840653836816754847e+02,2.891378360758248505e+02,2.936365197369815974e+02,2.851072421643253278e+02,2.738971696565889715e+02,3.235317359139102109e+02,2.776249909745538957e+02,2.776324568437660218e+02,2.791351923140969120e+02,2.771406388421240763e+02,2.811255168466670966e+02,2.794450506605148803e+02,1.721979031511293724e+05,1.398608808848291396e+01,1.740692900659671949e+01
1.410000000000000000e+03,6.990000000000000000e+03,2.749340301381249674e+02,2.840670539373441557e+02,2.890372030951197075e+02,2.931433884431910428e+02,2.850072082937667801e+02,2.737653233564514039e+02,3.236535695885671657e+02,2.775608518165099667e+02,2.775691840001477999e+02,2.791844794444647846e+02,2.771764896819603337e+02,2.811800169727782759e+02,2.795023946158888180e+02,1.721644650828712038e+05,1.403767156681601058e+01,1.738147891773255083e+01
1.420000000000000000e+03,7.000000000000000000e+03,2.749761522117344157e+02,2.840667416961074423e+02,2.889389430405399821e+02,2.926625665445716891e+02,2.849266953530013780e+02,2.736346845939296486e+02,3.237701923330011482e+02,2.774973164812048481e+02,2.775065153558509792e+02,2.792325174716388005e+02,2.772117957347833226e+02,2.812334251044617872e+02,2.795584539566594344e+02,1.721324355456584017e+05,1.415446847720168577e+01,1.735742274521522788e+01
1.430000000000000000e+03,7.010000000000000000e+03,2.750181202455937068e+02,2.840645999424609158e+02,2.888436711715668821e+02,2.921930314403161333e+02,2.848643855771545645e+02,2.735055338524751960e+02,3.238818715109301820e+02,2.774345005072123627e+02,2.774445663542585407e+02,2.792793429908462599e+02,2.772465865024475420e+02,2.812857773761801354e+02,2.796132640513221759e+02,1.721017894888945448e+05,1.426990426352800867e+01,1.733451049440277458e+01
1.440000000000000000e+03,7.020000000000000000e+03,2.750599353095546462e+02,2.840607744094697296e+02,2.887515497014407515e+02,2.917341609698221987e+02,2.848194635825318528e+02,2.733780601016736682e+02,3.239887835114237191e+02,2.773724943401884957e+02,2.773834273444095402e+02,2.793249928841019027e+02,2.772808907751514766e+02,2.813371098856241588e+02,2.796668605949251969e+02,1.720725026048749860e+05,1.438396428963272378e+01,1.731265325059689886e+01
1.450000000000000000e+03,7.030000000000000000e+03,2.751015986144686849e+02,2.840554045012989377e+02,2.886626038444445044e+02,2.912854909135429580e+02,2.847913088086107791e+02,2.732523986359178139e+02,3.240910516184438848e+02,2.773113690353302445e+02,2.773231692744762427e+02,2.793695037858133219e+02,2.773147363279132946e+02,2.813874580966626695e+02,2.797192790759240211e+02,1.720445509178494685e+05,1.449663409378689849e+01,1.729180335626186604e+01
1.460000000000000000e+03,7.040000000000000000e+03,2.751431114609531505e+02,2.840486231494997469e+02,2.885768147885065673e+02,2.908466332466936706e+02,2.847793919428477238e+02,2.731286505006226548e+02,3.241887654658968927e+02,2.772511816780566960e+02,2.772638491260633486e+02,2.794129119143728417e+02,2.773481499134359183e+02,2.814368567009562412e+02,2.797705546061162067e+02,1.720179106674861978e+05,1.460789939052856568e+01,1.727192498618572714e+01
1.470000000000000000e+03,7.050000000000000000e+03,2.751844752194921853e+02,2.840405567819356065e+02,2.884941483594876104e+02,2.904172448952157879e+02,2.847832355625958485e+02,2.730068932296998128e+02,3.242819917930000884e+02,2.771919791221355922e+02,2.772055136384251455e+02,2.794552529869699242e+02,2.773811572767141911e+02,2.814853395766244262e+02,2.798207218399871863e+02,1.719925582688837894e+05,1.471774607247395394e+01,1.725298648955421754e+01
1.480000000000000000e+03,7.060000000000000000e+03,2.752256913218437830e+02,2.840313254477269993e+02,2.884145643576827638e+02,2.899970137611168752e+02,2.848023967130779397e+02,2.728871872976271789e+02,3.243707809412053393e+02,2.771338004145816853e+02,2.771482017479615365e+02,2.794965621732768568e+02,2.774137831735430950e+02,2.815329397731115364e+02,2.798698149223243945e+02,1.719684702941439173e+05,1.482616021210620083e+01,1.723495824127179432e+01
1.490000000000000000e+03,7.070000000000000000e+03,2.752667612552109517e+02,2.840210430079082471e+02,2.883380197513645840e+02,2.895856513307772389e+02,2.848364578971116998e+02,2.727695803500818101e+02,3.244551710746066533e+02,2.770766784196322874e+02,2.770919462023669553e+02,2.795368740546584263e+02,2.774460513874949470e+02,2.815796895060034331e+02,2.799178674511117606e+02,1.719456234605329228e+05,1.493312806354120781e+01,1.721781197363096538e+01
1.500000000000000000e+03,7.080000000000000000e+03,2.753076865596016205e+02,2.840098174067190939e+02,2.882644698699201626e+02,2.891828881657998522e+02,2.848850216862256843e+02,2.726541100914154185e+02,3.245351910868231471e+02,2.770206409213135998e+02,2.770367746728232419e+02,2.795762225966842607e+02,2.774779847500722667e+02,2.816256201569730706e+02,2.799649124487830250e+02,1.719239946213227522e+05,1.503863606427049326e+01,1.720152053141322313e+01
1.510000000000000000e+03,7.090000000000000000e+03,2.753484688240078526e+02,2.839977509177633692e+02,2.881938688904483001e+02,2.887884708334571542e+02,2.849477071384532678e+02,2.725408063651867678e+02,3.246108626825550232e+02,2.769657114280571477e+02,2.769827105546945063e+02,2.796146411280562347e+02,2.775096051607797563e+02,2.816707622794757526e+02,2.800109823407364047e+02,1.719035607575127797e+05,1.514267083688079296e+01,1.718605775756822140e+01
1.520000000000000000e+03,7.100000000000000000e+03,2.753891096843750574e+02,2.839849404100774564e+02,2.881261700699891435e+02,2.884021596684517021e+02,2.850241472340562154e+02,2.724296926843362030e+02,3.246822019086227442e+02,2.769119097708052664e+02,2.769297735657765998e+02,2.796521623245467936e+02,2.775409336111466700e+02,2.817151456045203304e+02,2.800561089382543400e+02,1.718842989705324289e+05,1.524521919075019483e+01,1.717139842200932520e+01
1.530000000000000000e+03,7.110000000000000000e+03,2.754296108207187217e+02,2.839714775951979959e+02,2.880613258816817392e+02,2.880237270558862406e+02,2.851139869475140358e+02,2.723207873822657348e+02,3.247492203038594312e+02,2.768592525663271999e+02,2.768779802150734781e+02,2.796888181961566033e+02,2.775719902078897690e+02,2.817587990505317634e+02,2.801003234252145830e+02,1.718661864753704867e+05,1.534626812372056470e+01,1.715751816630863047e+01
1.540000000000000000e+03,7.120000000000000000e+03,2.754699739538281165e+02,2.839574492798574283e+02,2.879992881091698109e+02,2.876529560783247916e+02,2.852168817466003929e+02,2.722141044911306267e+02,3.248119257748890050e+02,2.768077535877179685e+02,2.768273441629044669e+02,2.797246400793324597e+02,2.776027941984027052e+02,2.818017507364184553e+02,2.801436563532231503e+02,1.718492005942318356e+05,1.544580482374612274e+01,1.714439345501837764e+01
1.550000000000000000e+03,7.130000000000000000e+03,2.755102008437734753e+02,2.839429375199358674e+02,2.879400079221877604e+02,2.872896394198000962e+02,2.853324963956396232e+02,2.721096544215512267e+02,3.248703232720329197e+02,2.767574241083765401e+02,2.767778765306119908e+02,2.797596586264134544e+02,2.776333639945747223e+02,2.818440279881298807e+02,2.801861376295493073e+02,1.718333187507213734e+05,1.554381667051787197e+01,1.713200153226088318e+01
1.560000000000000000e+03,7.140000000000000000e+03,2.755502932862421517e+02,2.839280201284404939e+02,2.878834359453794036e+02,2.869335784657984050e+02,2.854605039862401554e+02,2.720074444943605272e+02,3.249244153171978269e+02,2.767082729765639328e+02,2.767295861463406368e+02,2.797939038219262784e+02,2.776637172060682701e+02,2.818856573609575094e+02,2.802277965177412398e+02,1.718185184643226385e+05,1.564029123706372815e+01,1.712032037522880756e+01
1.570000000000000000e+03,7.150000000000000000e+03,2.755902531103281490e+02,2.839127704429838559e+02,2.878295223154958649e+02,2.865845825482101077e+02,2.856005851331057670e+02,2.719074793614801138e+02,3.249742024190458665e+02,2.766603070816538548e+02,2.766824797544612693e+02,2.798274049533044945e+02,2.776938706578945926e+02,2.819266646473832907e+02,2.802686616347891686e+02,1.718047773455351999e+05,1.573521629132416599e+01,1.710932866041454048e+01
1.580000000000000000e+03,7.160000000000000000e+03,2.756300821756953496e+02,2.838972578194413927e+02,2.877782167342963930e+02,2.862424683108760064e+02,2.857524273044229517e+02,2.718097613407157951e+02,3.250196834027852901e+02,2.766135313665583908e+02,2.766365621933564398e+02,2.798601906287965448e+02,2.777238404200555237e+02,2.819670748922875418e+02,2.803087609509113918e+02,1.717920730910706334e+05,1.582857979770310308e+01,1.709900572250333894e+01
1.590000000000000000e+03,7.170000000000000000e+03,2.756697823700858976e+02,2.838815477436986043e+02,2.877294685208376563e+02,2.859070591617892205e+02,2.859157242559469978e+02,2.717142906873649508e+02,3.250608556757962333e+02,2.765679490181426559e+02,2.765918365484895958e+02,2.798922887761563061e+02,2.777536418326606622e+02,2.820069124084266718e+02,2.803481217905804783e+02,1.717803834797477757e+05,1.592036991859391115e+01,1.708933151902586545e+01
1.600000000000000000e+03,7.180000000000000000e+03,2.757093556066093356e+02,2.838657020077009179e+02,2.876832266553163890e+02,2.855781848006282075e+02,2.860901755456383171e+02,2.716210658143700130e+02,3.250977154422112108e+02,2.765235616007327621e+02,2.765483042846244075e+02,2.799237266451514188e+02,2.777832895341715584e+02,2.820462007906696158e+02,2.803867708355797390e+02,1.717696863685066928e+05,1.601057501588032039e+01,1.708028659633289337e+01
1.610000000000000000e+03,7.190000000000000000e+03,2.757488038213046480e+02,2.838497788538399504e+02,2.876394398251611619e+02,2.852556808050414929e+02,2.862754861197979039e+02,2.715300834752363812e+02,3.251302578786426807e+02,2.764803691714466254e+02,2.765059653607975747e+02,2.799545308112790849e+02,2.778127974815791958e+02,2.820849629310631599e+02,2.804247341375433393e+02,1.717599596889124077e+05,1.609918365241200178e+01,1.707185205751785517e+01
1.620000000000000000e+03,7.200000000000000000e+03,2.757881289703906305e+02,2.838338331925992861e+02,2.875980564584204444e+02,2.849393882669964455e+02,2.864713659453123000e+02,2.714413389132880638e+02,3.251584772788410760e+02,2.764383703832536412e+02,2.764648183353342574e+02,2.799847271809715039e+02,2.778421789781816642e+02,2.821232210354315271e+02,2.804620370815021033e+02,1.717511814438674774e+05,1.618618459345470129e+01,1.706400953179232260e+01
1.630000000000000000e+03,7.210000000000000000e+03,2.758273330275390549e+02,2.838179166675618603e+02,2.875590247642278996e+02,2.846291534654243947e+02,2.866775296943326907e+02,2.713548259899514505e+02,3.251823671745609659e+02,2.763975625747769413e+02,2.764248604529318527e+02,2.800143409972980066e+02,2.778714466963236305e+02,2.821609966344331610e+02,2.804987044540939678e+02,1.717433297047016385e+05,1.627156680811470579e+01,1.705674114541560726e+01
1.640000000000000000e+03,7.220000000000000000e+03,2.758664179830312833e+02,2.838020778476878263e+02,2.875222927645837103e+02,2.843248275755123018e+02,2.868936964628471173e+02,2.712705372923030609e+02,3.252019204369436238e+02,2.763579418519520345e+02,2.763860877279387296e+02,2.800433968449663098e+02,2.779006126975791631e+02,2.821983106003710304e+02,2.805347604042520970e+02,1.717363826085442852e+05,1.635531947073743808e+01,1.705002949425740866e+01
1.650000000000000000e+03,7.230000000000000000e+03,2.759053858391640119e+02,2.837863623485777680e+02,2.874878083251736598e+02,2.840262664043338532e+02,2.871195895212729283e+02,2.711884642257213045e+02,3.252171293624228952e+02,2.763195031611874128e+02,2.763484950171786068e+02,2.800719186544836248e+02,2.779296884599443160e+02,2.822351831609065016e+02,2.805702284608941000e+02,1.717303183559573081e+05,1.643743196228005488e+01,1.704385761768757135e+01
1.660000000000000000e+03,7.240000000000000000e+03,2.759442386088749686e+02,2.837708129480081993e+02,2.874555191839142481e+02,2.837333301506706675e+02,2.873549360919251967e+02,2.711085970943636880e+02,3.252279857469177387e+02,2.762822403549595833e+02,2.763120760856296556e+02,2.800999297169555575e+02,2.779586848949588216e+02,2.822716339128961636e+02,2.806051315383363658e+02,1.717251152087629889e+05,1.651789387165784717e+01,1.703820897378573562e+01
1.670000000000000000e+03,7.250000000000000000e+03,2.759829783136484025e+02,2.837554697168678217e+02,2.874253729774896442e+02,2.834458831852044796e+02,2.875994671492444468e+02,2.710309251713646290e+02,3.252344809491112301e+02,2.762461462528577272e+02,2.762768236671141153e+02,2.801274526804950824e+02,2.779876123699763752e+02,2.823076818357479283e+02,2.806394919425774219e+02,1.717207514882801624e+05,1.659669499706425455e+01,1.703306741586633422e+01
1.680000000000000000e+03,7.260000000000000000e+03,2.760216069810390991e+02,2.837403701238440021e+02,2.873973172646802254e+02,2.831637938472104565e+02,2.878529172401852634e+02,2.709554367608590155e+02,3.252366059462597718e+02,2.762112126965624270e+02,2.762427295209261615e+02,2.801545095627047317e+02,2.780164807282184825e+02,2.823433453047626926e+02,2.806733313773719374e+02,1.717172055736187904e+05,1.667382534726437271e+01,1.702841717011939338e+01
1.690000000000000000e+03,7.270000000000000000e+03,2.760601266425624658e+02,2.837255491465771797e+02,2.873712995509419557e+02,2.828869342586368703e+02,2.881150243218946798e+02,2.708821192536281046e+02,3.252343513831048654e+02,2.761774306006614665e+02,2.762097844795495689e+02,2.801811217571080306e+02,2.780452993050876671e+02,2.823786421039728225e+02,2.807066709507544147e+02,1.717144559003471222e+05,1.674927514286173036e+01,1.702424281438910469e+01
1.700000000000000000e+03,7.280000000000000000e+03,2.760985393312421934e+02,2.837110393679533900e+02,2.873472673070403971e+02,2.826151801506545667e+02,2.883855296139774964e+02,2.708109591778469962e+02,3.252277076148914148e+02,2.761447899996076103e+02,2.761779784980937507e+02,2.802073100402424757e+02,2.780740769507854679e+02,2.824135894383308027e+02,2.807395311815708965e+02,1.717124809592455858e+05,1.682303481753822894e+01,1.702052925807469563e+01
1.710000000000000000e+03,7.290000000000000000e+03,2.761368470799999955e+02,2.836968710782253993e+02,2.873251679911116412e+02,2.823484106986761049e+02,2.886641774658415898e+02,2.707419422430600662e+02,3.252166647463846516e+02,2.761132800921269563e+02,2.761473006975314775e+02,2.802330945787263659e+02,2.781028220433366300e+02,2.824482039458205804e+02,2.807719320057782966e+02,1.717112592953982821e+05,1.689509501926707813e+01,1.701726172290818795e+01
1.720000000000000000e+03,7.300000000000000000e+03,2.761750519186172141e+02,2.836830723621696961e+02,2.873049490644218622e+02,2.820865083753143949e+02,2.889507152346829457e+02,2.706750533821531235e+02,3.252012126662120295e+02,2.760828892809922763e+02,2.761177394053957528e+02,2.802584949367903846e+02,2.781315425082063371e+02,2.824825017094373152e+02,2.808038927834725200e+02,1.717107695073114592e+05,1.696544661149851763e+01,1.701442572479796667e+01
1.730000000000000000e+03,7.310000000000000000e+03,2.762127041003594172e+02,2.836653078225560876e+02,2.870649749702425311e+02,2.817768504807290810e+02,2.885888338820022909e+02,2.705970608435949885e+02,3.235946903754762616e+02,2.759773089735238045e+02,2.760129861120366286e+02,2.802813948638506076e+02,2.781581781431875129e+02,2.825137842424872474e+02,2.808332947572386047e+02,1.715763861787876231e+05,3.419248190289970957e+00,1.685757512320298446e+01
1.740000000000000000e+03,7.320000000000000000e+03,2.762496914939609951e+02,2.836415802239886830e+02,2.867627344307954331e+02,2.814604707063980413e+02,2.882611700842533082e+02,2.705131889486216323e+02,3.221274857152173468e+02,2.758583200340133885e+02,2.758948211456308854e+02,2.803013597379701309e+02,2.781824416460634666e+02,2.825415839264749138e+02,2.808597003894095110e+02,1.714432479326866160e+05,3.419248190289970957e+00,1.673306975455713541e+01
1.750000000000000000e+03,7.330000000000000000e+03,2.762859834296796748e+02,2.836111559697055213e+02,2.864432817117319701e+02,2.811399120644797449e+02,2.879455324241624226e+02,2.704256477107242631e+02,3.207378583792865925e+02,2.757306774982011461e+02,2.757679993881997689e+02,2.803183288363930501e+02,2.782043663844722801e+02,2.825658803358737714e+02,2.808830458195890856e+02,1.713112527691566502e+05,3.419248190289970957e+00,1.661876238068600742e+01
1.760000000000000000e+03,7.340000000000000000e+03,2.763215712408359082e+02,2.835738957751059388e+02,2.861197995733680273e+02,2.808169576450320619e+02,2.876352409095151756e+02,2.703353740952218232e+02,3.194037358350856266e+02,2.755967984299046520e+02,2.756349379568501945e+02,2.803323297378465213e+02,2.782240368785355145e+02,2.825867444103687944e+02,2.809033554557997832e+02,1.711803522011692112e+05,3.419248190289970957e+00,1.650930325423845346e+01
1.770000000000000000e+03,7.350000000000000000e+03,2.763564530544844047e+02,2.835299202727272245e+02,2.857963262593214040e+02,2.804928294304485803e+02,2.873282338600235448e+02,2.702427807260749546e+02,3.181155455364711884e+02,2.754580478872532581e+02,2.754970019364599239e+02,2.803434126390271786e+02,2.782415424987709116e+02,2.826042665438438348e+02,2.809206763657822989e+02,1.710505123119294876e+05,3.419248190289970957e+00,1.640323567988103193e+01
1.780000000000000000e+03,7.360000000000000000e+03,2.763906293710078330e+02,2.834794574354244787e+02,2.854741597749450079e+02,2.801683778890359235e+02,2.870238804338640648e+02,2.701480578445467131e+02,3.168680991388474695e+02,2.753152871132502355e+02,2.753550526361786410e+02,2.803516340973565093e+02,2.782569703021490000e+02,2.826185407800466578e+02,2.809350620581777207e+02,1.709217041596932395e+05,3.419248190289970957e+00,1.630006224189768105e+01
1.790000000000000000e+03,7.370000000000000000e+03,2.764241016164609164e+02,2.834227754774342998e+02,2.851537382087598189e+02,2.798442075815672183e+02,2.867220047033438277e+02,2.700513000724870381e+02,3.156579853903591584e+02,2.751691133521831603e+02,2.752096871838566017e+02,2.803570525977327748e+02,2.782704040513566497e+02,2.826296606553806896e+02,2.809465680441369955e+02,1.707939012012111780e+05,3.419248190289970957e+00,1.619954309487067334e+01
1.800000000000000000e+03,7.380000000000000000e+03,2.764568716246875510e+02,2.833601536640375116e+02,2.848352179729546947e+02,2.795207557350187244e+02,2.864225729474897548e+02,2.699525621750415780e+02,3.144826439796028694e+02,2.750199721598229985e+02,2.750613509835089303e+02,2.803597271364836274e+02,2.782819241049343191e+02,2.826377178274460107e+02,2.809552504370773249e+02,1.706670785013188724e+05,3.419248190289970957e+00,1.610151744216835823e+01
1.810000000000000000e+03,7.390000000000000000e+03,2.764889414414375324e+02,2.832918695919333913e+02,2.845186594023227826e+02,2.791983435072579596e+02,2.861255901959071366e+02,2.698518844358805495e+02,3.133399931147091024e+02,2.748682141443573528e+02,2.749103944533557069e+02,2.803597166532804863e+02,2.782916074194356497e+02,2.826428015435153611e+02,2.809611653788044805e+02,1.705412124331206142e+05,3.419248190289970957e+00,1.600585446175921334e+01
1.820000000000000000e+03,7.400000000000000000e+03,2.765203132472265679e+02,2.832181936723470130e+02,2.842040887602710768e+02,2.788772097970684740e+02,2.858310660344868097e+02,2.697493042469858437e+02,3.122282578294046971e+02,2.747141259796156305e+02,2.747571040424641637e+02,2.803570797336900569e+02,2.782995275918001425e+02,2.826449984335432077e+02,2.809643687459643502e+02,1.704162805271593388e+05,3.419248190289970957e+00,1.591243841259762171e+01
1.830000000000000000e+03,7.410000000000000000e+03,2.765509893256718215e+02,2.831393867468942176e+02,2.838915195248956707e+02,2.785575342551187532e+02,2.855390041882470769e+02,2.696448611473709889e+02,3.111458796506013869e+02,2.745579486067052244e+02,2.746017204571155048e+02,2.803518744187035736e+02,2.783057549262289854e+02,2.826443924556520528e+02,2.809649159574293549e+02,1.702922613720745139e+05,3.419248190289970957e+00,1.582116347992901240e+01
1.840000000000000000e+03,7.420000000000000000e+03,2.765809720535390284e+02,2.830556991773903519e+02,2.835809598158721769e+02,2.782394531248618250e+02,2.852494003555278255e+02,2.695385986688883122e+02,3.100914634088233015e+02,2.743998887054302145e+02,2.744444501164575172e+02,2.803441580584280928e+02,2.783103565285400123e+02,2.826410649017728360e+02,2.809628618328997618e+02,1.701691345368610055e+05,3.419248190289970957e+00,1.573193163821155593e+01
1.850000000000000000e+03,7.430000000000000000e+03,2.766102638941483747e+02,2.829673705855618095e+02,2.832724149336273740e+02,2.779230704739766793e+02,2.849622427933367135e+02,2.694305646257072340e+02,3.090637430211152150e+02,2.742401263078439797e+02,2.742854727991148138e+02,2.803339872092315090e+02,2.783133964093239001e+02,2.826350944465495445e+02,2.809582604873164655e+02,1.700468805039109720e+05,3.419248190289970957e+00,1.564465154333782415e+01
1.860000000000000000e+03,7.440000000000000000e+03,2.766388673968124863e+02,2.828746300041071891e+02,2.829658882269719697e+02,2.776084661217115013e+02,2.846775136526895835e+02,2.693208106771803614e+02,3.080615579868652958e+02,2.740788201652217140e+02,2.741249469942135875e+02,2.803214175518782554e+02,2.783149355964627603e+02,2.826265572097649397e+02,2.809511652548022198e+02,1.699254806094634696e+05,3.419248190289970957e+00,1.555923781500861836e+01
1.870000000000000000e+03,7.450000000000000000e+03,2.766667851944063159e+02,2.827776960670104245e+02,2.826613813832035476e+02,2.772957014123721251e+02,2.843951903880717396e+02,2.692093916077872109e+02,3.070838364147738275e+02,2.739161116484569334e+02,2.739630138147466027e+02,2.803065038329233971e+02,2.783150322530102585e+02,2.826155268303559183e+02,2.809416286241014973e+02,1.698049169893701328e+05,3.419248190289970957e+00,1.547561049332772676e+01
1.880000000000000000e+03,7.460000000000000000e+03,2.766940200015781102e+02,2.826767774244135012e+02,2.823588945040483509e+02,2.769848234346238769e+02,2.841152469695377363e+02,2.690963645253601726e+02,3.061295822916788438e+02,2.737521277053226072e+02,2.737997999485052105e+02,2.802892998219332412e+02,2.783137417915991705e+02,2.826020745432446688e+02,2.809297021992850318e+02,1.696851725293591735e+05,3.419248190289970957e+00,1.539369458605133367e+01
1.890000000000000000e+03,7.470000000000000000e+03,2.767205746142656153e+02,2.825720731269281600e+02,2.820584261626722196e+02,2.766758681520455525e+02,2.838376548803931883e+02,2.689817880990075309e+02,3.051978656412188116e+02,2.735869831363917797e+02,2.736354199391853967e+02,2.802698582813501957e+02,2.783111169985236302e+02,2.825862692593919405e+02,2.809154366696427587e+02,1.695662308194339857e+05,3.419248190289970957e+00,1.531341967368883594e+01
1.900000000000000000e+03,7.480000000000000000e+03,2.767464519060781640e+02,2.824637730548096215e+02,2.817599734564021219e+02,2.763688627482574702e+02,2.835623839012084773e+02,2.688657218812343785e+02,3.042878147250087295e+02,2.734207823942187474e+02,2.734699779872156569e+02,2.802482309480413392e+02,2.783072081474892912e+02,2.825681776463028427e+02,2.808988817902760502e+02,1.694480761115164496e+05,3.419248190289970957e+00,1.523471955710883918e+01
1.910000000000000000e+03,7.490000000000000000e+03,2.767716548275233777e+02,2.823520583402886928e+02,2.814635320754794634e+02,2.760638274012122224e+02,2.832894027146449503e+02,2.687482257291093219e+02,3.033986097339900425e+02,2.732536210286494907e+02,2.733035693933090897e+02,2.802244685230272125e+02,2.783020631142219941e+02,2.825478642087936691e+02,2.808800863713514673e+02,1.693306932805975084e+05,3.419248190289970957e+00,1.515753193943446320e+01
1.920000000000000000e+03,7.500000000000000000e+03,2.767961864011718376e+02,2.822371017914169329e+02,2.811690963811524284e+02,2.757607766443925357e+02,2.830186793651898256e+02,2.686293593295213782e+02,3.025294775906260725e+02,2.730855868572199938e+02,2.731362817298371510e+02,2.801986206691415191e+02,2.782957274925350362e+02,2.825253913612531846e+02,2.808590982754941479e+02,1.692140677884499892e+05,3.419248190289970957e+00,1.508179813717027073e+01
1.930000000000000000e+03,7.510000000000000000e+03,2.768200497209297168e+02,2.821190682926387012e+02,2.808766594948803004e+02,2.754597204126474139e+02,2.827501816047507646e+02,2.685091818171656541e+02,3.016796876021446678e+02,2.729167609260080667e+02,2.729681958042119163e+02,2.801707360126769686e+02,2.782882446974070945e+02,2.825008195137241955e+02,2.808359644183180421e+02,1.690981856501791917e+05,3.419248190289970957e+00,1.500746281682454253e+01
1.940000000000000000e+03,7.520000000000000000e+03,2.768432479471484271e+02,2.819981152085228473e+02,2.805862134009969395e+02,2.751606648616645998e+02,2.824838771559955717e+02,2.683877514480690252e+02,3.008485477725097894e+02,2.727472183103641896e+02,2.727993864522023841e+02,2.801408621504075427e+02,2.782796560770015617e+02,2.824742071404513126e+02,2.808107307742810121e+02,1.689830334031803068e+05,3.419248190289970957e+00,1.493447375389447807e+01
1.950000000000000000e+03,7.530000000000000000e+03,2.768657843033828385e+02,2.818743927533572560e+02,2.802977490248891286e+02,2.748636130103413393e+02,2.822197338953084795e+02,2.682651254028604626e+02,3.000354016347218931e+02,2.725770287748591159e+02,2.726299232097542244e+02,2.801090456597366938e+02,2.782700010112536120e+02,2.824456108536635384e+02,2.807834423864883888e+02,1.688685980781704711e+05,3.419248190289970957e+00,1.486278161315279966e+01
1.960000000000000000e+03,7.540000000000000000e+03,2.768876620734922653e+02,2.817480443489572508e+02,2.800112563429628381e+02,2.745685652510511545e+02,2.819577199966005310e+02,2.681413595834549142e+02,2.992396255046683677e+02,2.724062573336966580e+02,2.724598708683225823e+02,2.800753321121092654e+02,2.782593170102851445e+02,2.824150854747728090e+02,2.807541433775163568e+02,1.687548671723672887e+05,3.419248190289970957e+00,1.479233974625520354e+01
1.970000000000000000e+03,7.550000000000000000e+03,2.769088845980625138e+02,2.816192069686458694e+02,2.797267244602503524e+02,2.742755197580690947e+02,2.816978040305256741e+02,2.680165084902483272e+02,2.984606260629226426e+02,2.722349647430302184e+02,2.722892899548689911e+02,2.800397660870784193e+02,2.782476398081828961e+02,2.823826840990431037e+02,2.807228769635628964e+02,1.686418286244535120e+05,3.419248190289970957e+00,1.472310400677344333e+01
1.980000000000000000e+03,7.560000000000000000e+03,2.769294552708125252e+02,2.814880114531126196e+02,2.794441417098989291e+02,2.739844728185295253e+02,2.814399550352624146e+02,2.678906251321634500e+02,2.976978382342215355e+02,2.720632078823757070e+02,2.721182371361236392e+02,2.800023911888239354e+02,2.782350034528702736e+02,2.823484581636950566e+02,2.806896854688031340e+02,1.685294707912932499e+05,3.419248190289970957e+00,1.465503257956707017e+01
1.990000000000000000e+03,7.570000000000000000e+03,2.769493775347343671e+02,2.813545828158665358e+02,2.791634957294812693e+02,2.736954191034952828e+02,2.811841425629502282e+02,2.677637609675768431e+02,2.969507232767762162e+02,2.718910401198359068e+02,2.719467655695921735e+02,2.799632500637543444e+02,2.782214403910214173e+02,2.823124575097902493e+02,2.806546103418562552e+02,1.684177824261082860e+05,3.419248190289970957e+00,1.458808582430630807e+01
2.000000000000000000e+03,7.580000000000000000e+03,2.769686548793437169e+02,2.812190405300543148e+02,2.788847735336911455e+02,2.734083518880649990e+02,2.809303367119518384e+02,2.676359658698037833e+02,2.962187670837471387e+02,2.717185116147149984e+02,2.717749252078497761e+02,2.799223844184567156e+02,2.782069815505553265e+02,2.822747304417198961e+02,2.806176921721496456e+02,1.683067526582368009e+05,3.419248190289970957e+00,1.452222613139038820e+01
2.010000000000000000e+03,7.590000000000000000e+03,2.769872908371484073e+02,2.810814987988932785e+02,2.786079615911697829e+02,2.731232632392607229e+02,2.806785081471679746e+02,2.675072881125783510e+02,2.955014786313678314e+02,2.715456695807022243e+02,2.716027630629268401e+02,2.798798350390002838e+02,2.781916564177125792e+02,2.822353237854259191e+02,2.805789707069958467e+02,1.681963709741837229e+05,3.419248190289970957e+00,1.445741778895181540e+01
2.020000000000000000e+03,7.600000000000000000e+03,2.770052889798984097e+02,2.809420668050742620e+02,2.783330458927975997e+02,2.728401441690040770e+02,2.804286281061911268e+02,2.673777743714961161e+02,2.947983885969255198e+02,2.713725585066038661e+02,2.714303234359202861e+02,2.798356418087839756e+02,2.781754931114270448e+02,2.821942829456409640e+02,2.805384848688892134e+02,1.680866271997508302e+05,3.419248190289970957e+00,1.439362686014512427e+01
2.030000000000000000e+03,7.610000000000000000e+03,2.770226529153984529e+02,2.808008489698994481e+02,2.780600120020150143e+02,2.725589847683523885e+02,2.801806684059047825e+02,2.672474697367481440e+02,2.941090480595976828e+02,2.711992203855415937e+02,2.712576481245200739e+02,2.797898437291854634e+02,2.781585184531435857e+02,2.821516519485576850e+02,2.804962727735882595e+02,1.679775114835163404e+05,3.419248190289970957e+00,1.433082107025889762e+01
2.040000000000000000e+03,7.620000000000000000e+03,2.770393862857031309e+02,2.806579451527106244e+02,2.777888451210397989e+02,2.722797743194541908e+02,2.799346014379082703e+02,2.671164177359046334e+02,2.934330273402946432e+02,2.710256948781261599e+02,2.710847766043441993e+02,2.797424789378039236e+02,2.781407580336524461e+02,2.821074735084835652e+02,2.804523717471716964e+02,1.678690142812816484e+05,3.419248190289970957e+00,1.426896970185612190e+01
2.050000000000000000e+03,7.630000000000000000e+03,2.770554927623046524e+02,2.805134508863565088e+02,2.775195301378811337e+02,2.720025013935140237e+02,2.796904001636830799e+02,2.669846603624014847e+02,2.927699149219288870e+02,2.708520194796231522e+02,2.709117461912005638e+02,2.796935847275807419e+02,2.781222362759750695e+02,2.820617890650808590e+02,2.804068183429452006e+02,1.677611263413459237e+05,3.419248190289970957e+00,1.420804349806124023e+01
2.060000000000000000e+03,7.640000000000000000e+03,2.770709760442968559e+02,2.803674575678181782e+02,2.772520516758327176e+02,2.717271539357766414e+02,2.794480381075186415e+02,2.668522381111130244e+02,2.921193164477863320e+02,2.706782296666697221e+02,2.707385921880037358e+02,2.796431975660898956e+02,2.781029764952205028e+02,2.820146388349321001e+02,2.803596483593843800e+02,1.676538386909059773e+05,3.419248190289970957e+00,1.414801457291075693e+01
2.070000000000000000e+03,7.650000000000000000e+03,2.770858398556171664e+02,2.802200526601083652e+02,2.769863941331811361e+02,2.714537193398401769e+02,2.792074893443711971e+02,2.667191900162154070e+02,2.914808538045203932e+02,2.705043590284205948e+02,2.705653480155924626e+02,2.795913531143932005e+02,2.780830009573369352e+02,2.819660618510632730e+02,2.803108968558066749e+02,1.675471426231549412e+05,3.419248190289970957e+00,1.408885632836003765e+01
2.080000000000000000e+03,7.660000000000000000e+03,2.771000879420079173e+02,2.800713198616903696e+02,2.767225417246889378e+02,2.711821845138700837e+02,2.789687284900886652e+02,2.665855536918998041e+02,2.908541642604499202e+02,2.703304393874927882e+02,2.703920453326221036e+02,2.795380862448271273e+02,2.780623309286422682e+02,2.819160960109900884e+02,2.802605981724346407e+02,1.674410296851255407e+05,3.419248190289970957e+00,1.403054337720207023e+01
2.090000000000000000e+03,7.670000000000000000e+03,2.771137240688594261e+02,2.799213392884455516e+02,2.764604785165420822e+02,2.709125359391814527e+02,2.787317306888891721e+02,2.664513653750015578e+02,2.902388996682252582e+02,2.701565009068664267e+02,2.702187141444741769e+02,2.794834310597624381e+02,2.780409867304305749e+02,2.818647781132905834e+02,2.802087859422734368e+02,1.673354916663487966e+05,3.419248190289970957e+00,1.397305147154512284e+01
2.100000000000000000e+03,7.680000000000000000e+03,2.771267520184922546e+02,2.797701876260135805e+02,2.762001884596430159e+02,2.706447597224284323e+02,2.784964716018987474e+02,2.663166599686587688e+02,2.896347257184789896e+02,2.699825721910515313e+02,2.700453829025575487e+02,2.794274209090449403e+02,2.780189877871525255e+02,2.818121438986665339e+02,2.801554931097598455e+02,1.672305205881148577e+05,3.419248190289970957e+00,1.391635743635275979e+01
2.110000000000000000e+03,7.690000000000000000e+03,2.771391755879608922e+02,2.796179383001054930e+02,2.759416554163070714e+02,2.703788416429770223e+02,2.782629273924071640e+02,2.661814710854475265e+02,2.890413212438350001e+02,2.698086803763057446e+02,2.698720785949949459e+02,2.793700884080670903e+02,2.779963526707340407e+02,2.817582280864394875e+02,2.801007519460997059e+02,1.671261086933533661e+05,3.419248190289970957e+00,1.386043910756639441e+01
2.120000000000000000e+03,7.700000000000000000e+03,2.771509985869296884e+02,2.794646615916702785e+02,2.756848631927254587e+02,2.701147671950121207e+02,2.780310747163387646e+02,2.660458310919100313e+02,2.884583775665027474e+02,2.696348512154435753e+02,2.696988268342346942e+02,2.793114654539191974e+02,2.779730991436523482e+02,2.817030644104279986e+02,2.800445940639567652e+02,1.670222484370617021e+05,3.419248190289970957e+00,1.380527527472141180e+01
2.130000000000000000e+03,7.710000000000000000e+03,2.771622248354609042e+02,2.793104248080099978e+02,2.754297955560055584e+02,2.698525216259407671e+02,2.778008907084482075e+02,2.659097711516340610e+02,2.878855978883740931e+02,2.694611091551529398e+02,2.695256519283782382e+02,2.792515832428800877e+02,2.779492442010708828e+02,2.816466856533127157e+02,2.799870504334369912e+02,1.669189324773914996e+05,3.419248190289970957e+00,1.375084562724639525e+01
2.140000000000000000e+03,7.720000000000000000e+03,2.771728581621015906e+02,2.791552923969638869e+02,2.751764362640873287e+02,2.695920899725593927e+02,2.775723529678983823e+02,2.657733212677753727e+02,2.873226967070821161e+02,2.692874774080372617e+02,2.693525769598118700e+02,2.791904722865674557e+02,2.779248041084794068e+02,2.815891236794460610e+02,2.799281513960260099e+02,1.668161536670743080e+05,3.419248190289970957e+00,1.369713070432944590e+01
2.150000000000000000e+03,7.730000000000000000e+03,2.771829024029453308e+02,2.789993260722474133e+02,2.749247690782175368e+02,2.693334570912373351e+02,2.773454395494899245e+02,2.656365103250364541e+02,2.867693992884077261e+02,2.691139780197998448e+02,2.691796238473509106e+02,2.791281624277322067e+02,2.778997944386546237e+02,2.815304094661286740e+02,2.798679266801204903e+02,1.667139050454617245e+05,3.419248190289970957e+00,1.364411184856732540e+01
2.160000000000000000e+03,7.740000000000000000e+03,2.771923613969688063e+02,2.788425849559495191e+02,2.746747777824268724e+02,2.690766076856530731e+02,2.771201289490387012e+02,2.654993661294749927e+02,2.862254411526371314e+02,2.689406319312510618e+02,2.690068134071433974e+02,2.790646828561119719e+02,2.778742301100716645e+02,2.814705731341189789e+02,2.798064054099353370e+02,1.666121798308270518e+05,3.419248190289970957e+00,1.359177116216764603e+01
2.170000000000000000e+03,7.750000000000000000e+03,2.772012389877422152e+02,2.786851256259442948e+02,2.744264462098400941e+02,2.688215263405631958e+02,2.768964000936308594e+02,2.653619154507494500e+02,2.856905675872055781e+02,2.687674590366567031e+02,2.688341654216619645e+02,2.790000621236207508e+02,2.778481254126094768e+02,2.814096439756213499e+02,2.797436161266242607e+02,1.665109714132394001e+05,3.419248190289970957e+00,1.354009146646059314e+01
2.180000000000000000e+03,7.760000000000000000e+03,2.772095390200547058e+02,2.785270023013923151e+02,2.741797582409699885e+02,2.685681975373918817e+02,2.766742323287949148e+02,2.652241840577345897e+02,2.851645332087235261e+02,2.685944782376849389e+02,2.686616986796527158e+02,2.789343281591984578e+02,2.778214940438519420e+02,2.813476504831366469e+02,2.796795867971118810e+02,1.664102733477789443e+05,3.419248190289970957e+00,1.348905626373202971e+01
2.190000000000000000e+03,7.770000000000000000e+03,2.772172653387500532e+02,2.783682669042790963e+02,2.739346978300354181e+02,2.683166056805885660e+02,2.764536054100234992e+02,2.650861967571473201e+02,2.846471015199552994e+02,2.684217074955358271e+02,2.684894310351588729e+02,2.788675082831759937e+02,2.777943491382787329e+02,2.812846203733037669e+02,2.796143448274671641e+02,1.663100793480259599e+05,3.419248190289970957e+00,1.343864970144158200e+01
2.200000000000000000e+03,7.780000000000000000e+03,2.772244217874297192e+02,2.782089691616032496e+02,2.736912490054579621e+02,2.680667351177571049e+02,2.762344994878156399e+02,2.649479774292833554e+02,2.841380445304503155e+02,2.682491638742272357e+02,2.683173794531095382e+02,2.787996292218486474e+02,2.777667032935570433e+02,2.812205806181549406e+02,2.795479170757138263e+02,1.662103832799795782e+05,3.419248190289970957e+00,1.338885653915257912e+01
2.210000000000000000e+03,7.790000000000000000e+03,2.772310122067421503e+02,2.780491567007688332e+02,2.734493958933045974e+02,2.678185701583737455e+02,2.760168951027928301e+02,2.648095490631292250e+02,2.836371423468738726e+02,2.680768635907235762e+02,2.681455600542193451e+02,2.787307171208677801e+02,2.777385685975330603e+02,2.811555574642814008e+02,2.794803298631442772e+02,1.661111791562216531e+05,3.419248190289970957e+00,1.333966211691767967e+01
2.220000000000000000e+03,7.800000000000000000e+03,2.772370404336718934e+02,2.778888751316943058e+02,2.732091227171689525e+02,2.675720950908972213e+02,2.758007731718232094e+02,2.646709337893642555e+02,2.831441828306556090e+02,2.679048220576144104e+02,2.679739881570793045e+02,2.786607975585893087e+02,2.777099566538383897e+02,2.810895764581841263e+02,2.794116089892905279e+02,1.660124611304503633e+05,3.419248190289970957e+00,1.329105232618958077e+01
2.230000000000000000e+03,7.810000000000000000e+03,2.772425102998828379e+02,2.777281681427340914e+02,2.729704138098941826e+02,2.673272941989023366e+02,2.755861149795140932e+02,2.645321529132160663e+02,2.826589612516310126e+02,2.677330539168901851e+02,2.678026783176131858e+02,2.785898955598838143e+02,2.776808786050821141e+02,2.810226624690692461e+02,2.793417797396199944e+02,1.659142234921788331e+05,3.419248190289970957e+00,1.324301358210828283e+01
2.240000000000000000e+03,7.820000000000000000e+03,2.772474256308436793e+02,2.775670775736556948e+02,2.727332536201450353e+02,2.670841517751439937e+02,2.753729021688439502e+02,2.643932269449613273e+02,2.821812799662382645e+02,2.675615730812046422e+02,2.676316443663781683e+02,2.785180356084511573e+02,2.776513451555695156e+02,2.809548397105580761e+02,2.792708668986991256e+02,1.658164606617968821e+05,3.419248190289970957e+00,1.319553279770012821e+01
2.250000000000000000e+03,7.830000000000000000e+03,2.772517902449218923e+02,2.774056434937334075e+02,2.724976267206388911e+02,2.668426521353856060e+02,2.751611167314002273e+02,2.642541756302893532e+02,2.817109481080549926e+02,2.673903927686936868e+02,2.674608994442595531e+02,2.784452416594177180e+02,2.776213665909315296e+02,2.808861317613284996e+02,2.791988947621556463e+02,1.657191671858477057e+05,3.419248190289970957e+00,1.314859735951100461e+01
2.260000000000000000e+03,7.840000000000000000e+03,2.772556079518125216e+02,2.772439042761477026e+02,2.722635178107416891e+02,2.666027796302611819e+02,2.749507410010602371e+02,2.641150179785020100e+02,2.812477812990510415e+02,2.672195255359453654e+02,2.672904560343750404e+02,2.783715371517070025e+02,2.775909528035480207e+02,2.808165615855306214e+02,2.791258871457323494e+02,1.656223377324924804e+05,3.419248190289970957e+00,1.310219510476029825e+01
2.270000000000000000e+03,7.850000000000000000e+03,2.772588825525859875e+02,2.770818966603070521e+02,2.720309117264467886e+02,2.663645186566363350e+02,2.747417576412717608e+02,2.639757722911016344e+02,2.807916013755640279e+02,2.670489833092053118e+02,2.671203259950483471e+02,2.782969450191644114e+02,2.775601133050548128e+02,2.807461515518355668e+02,2.790518673965076459e+02,1.655259670872236893e+05,3.419248190289970957e+00,1.305631429980582148e+01
2.280000000000000000e+03,7.860000000000000000e+03,2.772616178377577967e+02,2.769196558418884138e+02,2.717997934405252067e+02,2.661278536676504132e+02,2.745341496393608622e+02,2.638364561873232219e+02,2.803422361227201236e+02,2.668787774100246111e+02,2.669505205884988754e+02,2.782214877038722989e+02,2.775288572490025558e+02,2.806749234521824974e+02,2.789768584022979780e+02,1.654300501487930596e+05,3.419248190289970957e+00,1.301094361969644631e+01
2.290000000000000000e+03,7.870000000000000000e+03,2.772638175870781083e+02,2.767572154915004035e+02,2.715701480656743456e+02,2.658927691825431339e+02,2.743279003026201508e+02,2.636970866299417935e+02,2.798995190290092410e+02,2.667089186001978192e+02,2.667810505080932444e+02,2.781451871643320715e+02,2.774971934454495681e+02,2.806028985199383214e+02,2.789008826043159956e+02,1.653345819252791989e+05,3.419248190289970957e+00,1.296607212961742306e+01
2.300000000000000000e+03,7.880000000000000000e+03,2.772654855690937552e+02,2.765946078671868236e+02,2.713419608656211039e+02,2.656592497949929452e+02,2.741229932378425360e+02,2.635576799501284313e+02,2.794632890474368878e+02,2.665394170844043060e+02,2.666119259068591418e+02,2.780680648900374763e+02,2.774651303787948109e+02,2.805300974465446870e+02,2.788239620035180906e+02,1.652395575304341037e+05,3.419248190289970957e+00,1.292168926605240209e+01
2.310000000000000000e+03,7.890000000000000000e+03,2.772666255398281692e+02,2.764318638569121731e+02,2.711152172468604817e+02,2.654272801795946748e+02,2.739194123577731261e+02,2.634182518703847222e+02,2.790333903676038290e+02,2.663702825510197272e+02,2.664431564210501051e+02,2.779901419101966553e+02,2.774326762224617369e+02,2.804565403990389427e+02,2.787461181727608732e+02,1.651449721800776897e+05,3.419248190289970957e+00,1.287778482019748694e+01
2.320000000000000000e+03,7.900000000000000000e+03,2.772672412422577963e+02,2.762690130055007103e+02,2.708899027659500121e+02,2.651968451016223298e+02,2.737171418654583590e+02,2.632788175275028379e+02,2.786096722238334564e+02,2.662015241886670651e+02,2.662747511953721755e+02,2.779114388044021098e+02,2.773998388544943623e+02,2.803822470349221589e+02,2.786673722632901899e+02,1.650508211887016660e+05,3.419248190289970957e+00,1.283434892219904278e+01
2.330000000000000000e+03,7.910000000000000000e+03,2.772673364058593393e+02,2.761060836027936602e+02,2.706660031416068932e+02,2.649679294216133485e+02,2.735161662375207925e+02,2.631393914942495371e+02,2.781919886598622611e+02,2.660331507192732943e+02,2.661067189038843139e+02,2.778319757133255621e+02,2.773666258704163852e+02,2.803072365184156070e+02,2.785877450159964042e+02,1.649570999663113325e+05,3.419248190289970957e+00,1.279137202527519079e+01
2.340000000000000000e+03,7.920000000000000000e+03,2.772669147462812589e+02,2.759431027222222497e+02,2.704435042259602824e+02,2.647405181014654545e+02,2.733164702707709921e+02,2.629999877998475881e+02,2.777801983521670763e+02,2.658651703988371082e+02,2.659390677721621614e+02,2.777517723493248809e+02,2.773330445961134387e+02,2.802315275353155926e+02,2.785072567699896808e+02,1.648638040152696776e+05,3.419248190289970957e+00,1.274884489237446061e+01
2.350000000000000000e+03,7.930000000000000000e+03,2.772659799639140488e+02,2.757800962679046961e+02,2.702223920423076038e+02,2.645145962100095858e+02,2.731180389938095345e+02,2.628606199503108769e+02,2.773741644331425391e+02,2.656975910641320979e+02,2.657718055958708305e+02,2.776708480028719919e+02,2.772991021031070318e+02,2.801551383066077392e+02,2.784259274690805910e+02,1.647709289273329778e+05,3.419248190289970957e+00,1.270675858167638417e+01
2.360000000000000000e+03,7.940000000000000000e+03,2.772645357451484074e+02,2.756170890252330992e+02,2.700026527710007258e+02,2.642901489278312397e+02,2.729208577080528357e+02,2.627213009476420780e+02,2.769737542944535562e+02,2.655304201353816893e+02,2.656049397668989513e+02,2.775892215558998259e+02,2.772648052156640119e+02,2.800780866027548655e+02,2.783437766724768494e+02,1.646784703808872437e+05,3.419248190289970957e+00,1.266510443394026275e+01
2.370000000000000000e+03,7.950000000000000000e+03,2.772625857599609276e+02,2.754541047043051663e+02,2.697842727440859676e+02,2.640671615515813073e+02,2.727249119782426305e+02,2.625820433081175906e+02,2.765788394376477299e+02,2.653636646388041527e+02,2.654384772835217632e+02,2.775069114885289423e+02,2.772301605276973646e+02,2.800003897573733411e+02,2.782608235621046902e+02,1.645864241381788161e+05,3.419248190289970957e+00,1.262387406077405316e+01
2.380000000000000000e+03,7.960000000000000000e+03,2.772601336628905528e+02,2.752911659970644678e+02,2.695672384413190343e+02,2.638456194968654813e+02,2.725301876283206752e+02,2.624428590800515622e+02,2.761892953245261992e+02,2.651973312137206449e+02,2.652724247673440914e+02,2.774239358910842839e+02,2.771951744075760757e+02,2.799220646795683365e+02,2.781770869504298389e+02,1.644947860427292471e+05,3.419248190289970957e+00,1.258305933298155210e+01
2.390000000000000000e+03,7.970000000000000000e+03,2.772571830915858868e+02,2.751282945694261457e+02,2.693515365132042234e+02,2.636255083028877948e+02,2.723366707229346844e+02,2.623037598605058065e+02,2.758050011875614587e+02,2.650314261600810823e+02,2.651067884898195075e+02,2.773403124681279905e+02,2.771598530137774787e+02,2.798431278665862578e+02,2.780925852884616347e+02,1.644035520169395895e+05,3.419248190289970957e+00,1.254265236964587338e+01
2.400000000000000000e+03,7.980000000000000000e+03,2.772537376668906290e+02,2.749655111558733438e+02,2.691371537614746785e+02,2.634068136373807079e+02,2.721443475707030188e+02,2.621647568133420236e+02,2.754258399222251228e+02,2.648659554188637912e+02,2.649415743768599896e+02,2.772560585503839548e+02,2.771242022949523403e+02,2.797635954153739704e+02,2.780073366729696431e+02,1.643127180595346144e+05,3.419248190289970957e+00,1.250264552775528770e+01
2.410000000000000000e+03,7.990000000000000000e+03,2.772498009926405871e+02,2.748028356050784282e+02,2.689240771386993174e+02,2.631895212886891500e+02,2.719532047108017991e+02,2.620258606796520553e+02,2.750516979255845058e+02,2.647009246043704138e+02,2.647767880315565776e+02,2.771711911051679067e+02,2.770882280254667762e+02,2.796834830344956799e+02,2.779213588541136915e+02,1.642222802434840996e+05,3.419248190289970957e+00,1.246303139188420239e+01
2.420000000000000000e+03,8.000000000000000000e+03,2.772453766562969122e+02,2.746402868481832797e+02,2.687122937627634087e+02,2.629736171854022473e+02,2.717632289170178410e+02,2.618870818004971852e+02,2.746824649784658732e+02,2.645363390151069893e+02,2.646124347438097857e+02,2.770857267390176162e+02,2.770519357748818265e+02,2.796028060554867807e+02,2.778346692426039226e+02,1.641322347136902099e+05,3.419248190289970957e+00,1.242380276583323706e+01
2.430000000000000000e+03,8.010000000000000000e+03,2.772404682265156453e+02,2.744778829902210759e+02,2.685017908998526082e+02,2.627590873859941212e+02,2.715744071928743324e+02,2.617484301264954070e+02,2.743180341103017099e+02,2.643722036475890036e+02,2.644485195063700189e+02,2.769996817089868273e+02,2.770153309441466263e+02,2.795215794434400891e+02,2.777472849167155573e+02,1.640425776849064277e+05,3.419248190289970957e+00,1.238495266331571543e+01
2.440000000000000000e+03,8.020000000000000000e+03,2.772350792549140692e+02,2.743156413250787864e+02,2.682925559519758849e+02,2.625459180836980977e+02,2.713867267898987166e+02,2.616099152317681842e+02,2.739583014983770681e+02,2.642085232006588171e+02,2.642850470218892838e+02,2.769130719301820136e+02,2.769784187636516890e+02,2.794398178069083656e+02,2.776592226292199257e+02,1.639533054397337837e+05,3.419248190289970957e+00,1.234647430023795600e+01
2.450000000000000000e+03,8.030000000000000000e+03,2.772292132750859537e+02,2.741535784157601370e+02,2.680845765268877017e+02,2.623340956043211349e+02,2.712001750662681161e+02,2.614715463290355046e+02,2.736031662993830196e+02,2.640453021300193086e+02,2.641220217291456152e+02,2.768259129853253171e+02,2.769412043042138976e+02,2.793575354093350711e+02,2.775704988147325025e+02,1.638644143267082691e+05,3.419248190289970957e+00,1.230836108375556748e+01
2.460000000000000000e+03,8.040000000000000000e+03,2.772228738019297225e+02,2.739917099591464194e+02,2.678778403489696984e+02,2.621236064208853804e+02,2.710147397035756285e+02,2.613333322839087600e+02,2.732525306140040584e+02,2.638825445953439157e+02,2.639594477997114836e+02,2.767382201235414527e+02,2.769036924810498590e+02,2.792747461768286144e+02,2.774811295939356910e+02,1.637759007584241335e+05,3.419248190289970957e+00,1.227060660955707050e+01
2.470000000000000000e+03,8.050000000000000000e+03,2.772160643318672442e+02,2.738300510246519934e+02,2.676723352875897035e+02,2.619144371375310811e+02,2.708304085531344185e+02,2.611952816230439680e+02,2.729062993400355026e+02,2.637202545091375896e+02,2.637973291565322711e+02,2.766500082788398345e+02,2.768658880622182892e+02,2.791914637079024146e+02,2.773911307811849838e+02,1.636877612096848025e+05,3.419248190289970957e+00,1.223320465147098801e+01
2.480000000000000000e+03,8.060000000000000000e+03,2.772087883433046045e+02,2.736686160319730448e+02,2.674680493651113693e+02,2.617065744991624570e+02,2.706471696606261048e+02,2.610574025482604270e+02,2.725643800442570637e+02,2.635584355479460328e+02,2.636356694826396279e+02,2.765612920712918026e+02,2.768277956757956986e+02,2.791077012855729436e+02,2.773005178954729786e+02,1.635999922158974805e+05,3.419248190289970957e+00,1.219614915435514213e+01
2.490000000000000000e+03,8.070000000000000000e+03,2.772010492960312718e+02,2.735074186584704989e+02,2.672649707639322969e+02,2.615000053907673987e+02,2.704650112736446204e+02,2.609197029481890695e+02,2.722266829279507760e+02,2.633970911519926972e+02,2.634744722312560157e+02,2.764720858148107823e+02,2.767894198135427359e+02,2.790234718820942703e+02,2.772093061576292143e+02,1.635125903713607986e+05,3.419248190289970957e+00,1.215943422903703031e+01
2.500000000000000000e+03,8.080000000000000000e+03,2.771928506292734369e+02,2.733464719779482834e+02,2.670630878066760943e+02,2.612947168378406673e+02,2.702839218301509732e+02,2.607821904089118448e+02,2.718931206956092979e+02,2.632362245397799256e+02,2.633137406372977125e+02,2.763824035232893266e+02,2.767507648415272001e+02,2.789387881693615441e+02,2.771175105021897593e+02,1.634255523276185268e+05,3.419248190289970957e+00,1.212305414540076853e+01
2.510000000000000000e+03,8.090000000000000000e+03,2.771841957650078143e+02,2.731857884534173309e+02,2.668623889620902219e+02,2.610906960063476845e+02,2.701038899556253909e+02,2.606448722247104683e+02,2.715636084755416277e+02,2.630758387168821173e+02,2.631534777250573143e+02,2.762922589179046895e+02,2.767118349992060757e+02,2.788536625270049285e+02,2.770251455818490172e+02,1.633388747920450987e+05,3.419248190289970957e+00,1.208700332642813180e+01
2.520000000000000000e+03,8.100000000000000000e+03,2.771750881019452777e+02,2.730253799615585422e+02,2.666628628431278116e+02,2.608879302030426857e+02,2.699249044591589382e+02,2.605077554080966706e+02,2.712380637349422727e+02,2.629159364844550169e+02,2.629936863171645882e+02,2.762016654331282552e+02,2.766726344173012535e+02,2.787681070501236036e+02,2.769322257733463744e+02,1.632525545262672531e+05,3.419248190289970957e+00,1.205127634259861580e+01
2.530000000000000000e+03,8.110000000000000000e+03,2.771655310308828462e+02,2.728652578161526208e+02,2.664644982052104751e+02,2.606864068753341712e+02,2.697469543293760239e+02,2.603708466997883875e+02,2.709164061991733661e+02,2.627565204480674765e+02,2.628343690431447044e+02,2.761106362229822935e+02,2.766331670871417714e+02,2.786821335573742999e+02,2.768387651825917146e+02,1.631665883448497625e+05,3.419248190289970957e+00,1.201586790648291547e+01
2.540000000000000000e+03,8.120000000000000000e+03,2.771555279122109710e+02,2.727054327896435666e+02,2.662672839447881756e+02,2.604861136110492907e+02,2.695700287304848644e+02,2.602341525781074552e+02,2.705985577740410690e+02,2.625975930255517596e+02,2.626755283474373641e+02,2.760191841672295254e+02,2.765934369174640892e+02,2.785957535977422026e+02,2.767447776503554451e+02,1.630809731137948402e+05,3.419248190289970957e+00,1.198077286758050342e+01
2.550000000000000000e+03,8.130000000000000000e+03,2.771450820900234930e+02,2.725459151259673831e+02,2.660712090996381107e+02,2.602870381388038936e+02,2.693941169987895137e+02,2.600976792694083315e+02,2.702844424714035085e+02,2.624391564548253655e+02,2.625171664970337702e+02,2.759273218763833029e+02,2.765534477057884715e+02,2.785089784581273307e+02,2.766502767575816506e+02,1.629957057492946042e+05,3.419248190289970957e+00,1.194598620746493189e+01
2.560000000000000000e+03,8.140000000000000000e+03,2.771341968897577317e+02,2.723867146028941306e+02,2.658762628373698931e+02,2.600891683244324781e+02,2.692192086385027778e+02,2.599614327502891911e+02,2.699739863377879487e+02,2.622812128012520247e+02,2.623592855888989561e+02,2.758350617007497476e+02,2.765132031497829530e+02,2.784218191707133201e+02,2.765552758301902827e+02,1.629107832164952706e+05,3.419248190289970957e+00,1.191150303483213868e+01
2.570000000000000000e+03,8.150000000000000000e+03,2.771228756173984493e+02,2.722278404801415945e+02,2.656824344710468040e+02,2.598924921754475577e+02,2.690452933186962241e+02,2.598254187669672319e+02,2.696671173858090356e+02,2.621237639640959287e+02,2.622018875568896306e+02,2.757424157314170543e+02,2.764727068509718038e+02,2.783342865189883355e+02,2.764597879447921400e+02,1.628262025281941751e+05,3.419248190289970957e+00,1.187731858134692864e+01
2.580000000000000000e+03,8.160000000000000000e+03,2.771111215595390718e+02,2.720693015720189578e+02,2.654897134438258490e+02,2.596969978373567187e+02,2.688723608693643428e+02,2.596896428354029922e+02,2.693637655287276402e+02,2.619668116847100805e+02,2.620449741785977267e+02,2.756493958085549139e+02,2.764319623195136728e+02,2.782463910445640636e+02,2.763638259330635947e+02,1.627419607437140949e+05,3.419248190289970957e+00,1.184342819719691420e+01
2.590000000000000000e+03,8.170000000000000000e+03,2.770989379831562474e+02,2.719111062496018576e+02,2.652980893317185291e+02,2.595026735933386703e+02,2.687004012783382336e+02,2.595541102512244720e+02,2.690638625169944476e+02,2.618103575519076003e+02,2.618885470814083760e+02,2.755560135263797861e+02,2.763909729777333837e+02,2.781581430538006430e+02,2.762674023866026118e+02,1.626580549676851952e+05,3.419248190289970957e+00,1.180982734695621161e+01
2.600000000000000000e+03,8.180000000000000000e+03,2.770863281359843313e+02,2.717532624582432845e+02,2.651075518417675312e+02,2.593095078636482640e+02,2.685294046878112226e+02,2.594188260973715501e+02,2.687673418783147099e+02,2.616544030085815393e+02,2.617326077491692899e+02,2.754622802384334364e+02,2.763497421638025457e+02,2.780695526232072439e+02,2.761705296620447712e+02,1.625744823490461567e+05,3.419248190289970957e+00,1.177651160570667699e+01
2.610000000000000000e+03,8.190000000000000000e+03,2.770732952463202992e+02,2.715957777235615254e+02,2.649180908126895133e+02,2.591174892047827711e+02,2.683593613921032102e+02,2.592837952510790274e+02,2.684741388606389023e+02,2.614989493575391748e+02,2.615771575274100087e+02,2.753682070616779924e+02,2.763082731346495962e+02,2.779806296061888133e+02,2.760732198852113584e+02,1.624912400798682356e+05,3.419248190289970957e+00,1.174347665532542173e+01
2.620000000000000000e+03,8.200000000000000000e+03,2.770598425229531472e+02,2.714386592212259757e+02,2.647296962006275862e+02,2.589266063084953657e+02,2.681902618301394909e+02,2.591490223913657474e+02,2.681841903682870338e+02,2.613439977665665310e+02,2.614221976296604453e+02,2.752738048850133055e+02,2.762665690712410651e+02,2.778913836383786133e+02,2.759754849559478203e+02,1.624083253944089520e+05,3.419248190289970957e+00,1.171071828057070086e+01
2.630000000000000000e+03,8.210000000000000000e+03,2.770459731553515326e+02,2.712819136947621246e+02,2.645423581009408167e+02,2.587368480009668588e+02,2.680220965897070755e+02,2.590145120056725432e+02,2.678974349228023470e+02,2.611895492743498721e+02,2.612677291423047450e+02,2.751790843689049098e+02,2.762246330783736425e+02,2.778018241430434045e+02,2.758773365522724248e+02,1.623257355680608016e+05,3.419248190289970957e+00,1.167823236616579941e+01
2.640000000000000000e+03,8.220000000000000000e+03,2.770316903136172186e+02,2.711255475144609477e+02,2.643560667231393495e+02,2.585482032414750506e+02,2.678548563984878683e+02,2.588802683933052435e+02,2.676138126002178979e+02,2.610356047961569175e+02,2.611137530288738731e+02,2.750840559530297469e+02,2.761824681885947257e+02,2.777119603818835003e+02,2.757787861342374640e+02,1.622434679164531990e+05,3.419248190289970957e+00,1.164601489305433901e+01
2.650000000000000000e+03,8.230000000000000000e+03,2.770169971481249718e+02,2.709695668391608478e+02,2.641708124025022357e+02,2.583606611218227727e+02,2.676885321216096258e+02,2.587462956787774147e+02,2.673332649837851136e+02,2.608821651287178724e+02,2.609602701378568668e+02,2.749887298623949619e+02,2.761400773688070558e+02,2.776218012833630269e+02,2.756798449526051513e+02,1.621615197943281382e+05,3.419248190289970957e+00,1.161406193547885479e+01
2.660000000000000000e+03,8.240000000000000000e+03,2.770018967903984617e+02,2.708139773213092099e+02,2.639865855994868866e+02,2.581742108647240457e+02,2.675231147662521494e+02,2.586125978112546591e+02,2.670557351195557203e+02,2.607292309544105819e+02,2.608072812047260527e+02,2.748931161093851756e+02,2.760974635176492598e+02,2.775313557084299418e+02,2.755805240439356680e+02,1.620798885949568066e+05,3.419248190289970957e+00,1.158236965803019025e+01
2.670000000000000000e+03,8.250000000000000000e+03,2.769863923524765710e+02,2.706587843698533220e+02,2.638033768868471043e+02,2.579888418228212572e+02,2.673585954681331600e+02,2.584791785727990714e+02,2.667811674666435238e+02,2.605768028459503398e+02,2.606547868572266111e+02,2.747972244990627928e+02,2.760546294700087060e+02,2.774406322855814437e+02,2.754808342420652707e+02,1.619985717489855015e+05,3.419248190289970957e+00,1.155093431244599067e+01
2.680000000000000000e+03,8.260000000000000000e+03,2.769704869271171788e+02,2.705039930784671469e+02,2.636211769566432963e+02,2.578045434777446303e+02,2.671949654948472244e+02,2.583460415838840731e+02,2.665095078548302467e+02,2.604248812710767425e+02,2.605027876197515297e+02,2.747010646333719706e+02,2.760115780003908981e+02,2.773496394560760905e+02,2.753807861796241809e+02,1.619175667237501766e+05,3.419248190289970957e+00,1.151975223500584988e+01
2.690000000000000000e+03,8.270000000000000000e+03,2.769541835880781377e+02,2.703496082424168208e+02,2.634399766169032091e+02,2.576213054386611816e+02,2.670322162422331189e+02,2.582131903087307023e+02,2.662407034422822676e+02,2.602734665964362648e+02,2.603512839172788631e+02,2.746046459157898880e+02,2.759683118241557622e+02,2.772583854792137572e+02,2.752803902920838368e+02,1.618368710223991366e+05,3.419248190289970957e+00,1.148881984381060484e+01
2.700000000000000000e+03,8.280000000000000000e+03,2.769374853896640047e+02,2.701956343818857817e+02,2.632597667871967815e+02,2.574391174382110989e+02,2.668703392324439392e+02,2.580806280617947550e+02,2.659747026727883394e+02,2.601225590919936508e+02,2.602002760795006679e+02,2.745079775546923884e+02,2.759248336002455630e+02,2.771668784369974787e+02,2.751796568226379804e+02,1.617564821830798173e+05,3.419248190289970957e+00,1.145813363618803393e+01
2.710000000000000000e+03,8.290000000000000000e+03,2.769203953672812872e+02,2.700420757333115489e+02,2.630805385019079949e+02,2.572579693405556327e+02,2.667093261081110427e+02,2.579483580065358979e+02,2.657114552411082968e+02,2.599721589344731569e+02,2.600497643448161398e+02,2.744110685700027830e+02,2.758811459336376402e+02,2.770751262376408022e+02,2.750785958223276566e+02,1.616763977782113361e+05,3.419248190289970957e+00,1.142769018630252731e+01
2.720000000000000000e+03,8.300000000000000000e+03,2.769029165373516435e+02,2.698889362667911200e+02,2.629022829067095017e+02,2.570778511285704440e+02,2.665491686351825820e+02,2.578163831710915019e+02,2.654509120499444066e+02,2.598222662110694046e+02,2.598997488643984752e+02,2.743139277930496860e+02,2.758372513764489895e+02,2.769831366208810550e+02,2.749772171578267148e+02,1.615966154137494159e+05,3.419248190289970957e+00,1.139748614281932326e+01
2.730000000000000000e+03,8.310000000000000000e+03,2.768850518970468784e+02,2.697362197072558843e+02,2.627249912545002530e+02,2.568987529084308790e+02,2.663898586972193812e+02,2.576847064445328783e+02,2.651930251758292911e+02,2.596728809238375675e+02,2.597502297047435036e+02,2.742165638729931061e+02,2.757931524301359332e+02,2.768909171617445395e+02,2.748755305129273552e+02,1.615171327283864375e+05,3.419248190289970957e+00,1.136751822650766286e+01
2.740000000000000000e+03,8.320000000000000000e+03,2.768668044251640481e+02,2.695839295363333576e+02,2.625486549059564823e+02,2.567206649077095335e+02,2.662313882935583820e+02,2.575533305841666447e+02,2.649377478337660250e+02,2.595240029922499048e+02,2.596012068516347995e+02,2.741189852803515237e+02,2.757488515478802356e+02,2.767984752743893750e+02,2.747735453925369029e+02,1.614379473929865635e+05,3.419248190289970957e+00,1.133778322814400674e+01
2.750000000000000000e+03,8.330000000000000000e+03,2.768481770811562228e+02,2.694320689983443913e+02,2.623732653286785421e+02,2.565435774736261578e+02,2.660737495380309952e+02,2.574222582196472899e+02,2.646850343432402042e+02,2.593756322568420387e+02,2.594526802130862393e+02,2.740212003103667939e+02,2.757043511356050089e+02,2.767058182162269873e+02,2.746712711255808017e+02,1.613590571097532811e+05,3.419248190289970957e+00,1.130827800637292846e+01
2.760000000000000000e+03,8.340000000000000000e+03,2.768291728060937658e+02,2.692806411333567667e+02,2.621988140899348423e+02,2.563674810718818549e+02,2.659169346528414621e+02,2.572914918569148313e+02,2.644348400945399362e+02,2.592277684822370247e+02,2.593046496227070179e+02,2.739232170878153738e+02,2.756596535548196698e+02,2.766129530916245471e+02,2.745687168686438326e+02,1.612804596116920293e+05,3.419248190289970957e+00,1.127899948560376053e+01
2.770000000000000000e+03,8.350000000000000000e+03,2.768097945220468432e+02,2.691296487413502518e+02,2.620252928661693659e+02,2.561923662851863810e+02,2.657609359735794783e+02,2.571610338827719033e+02,2.641871215195628224e+02,2.590804113599946277e+02,2.591571148426576769e+02,2.738250435681181330e+02,2.756147611227376615e+02,2.765198868554531373e+02,2.744658916094240908e+02,1.612021526619032084e+05,3.419248190289970957e+00,1.124994465426706824e+01
2.780000000000000000e+03,8.360000000000000000e+03,2.767900451326562461e+02,2.689790944278568645e+02,2.618526934318297208e+02,2.560182238120186753e+02,2.656057459412601816e+02,2.570308865683300041e+02,2.639418360597385345e+02,2.589335605121830213e+02,2.590100755663870586e+02,2.737266875425807484e+02,2.755696761147208349e+02,2.764266263166762201e+02,2.743628041693715431e+02,1.611241340529735025e+05,3.419248190289970957e+00,1.122111056280819064e+01
2.790000000000000000e+03,8.370000000000000000e+03,2.767699275232890841e+02,2.688289805937053529e+02,2.616810076628577235e+02,2.558450444662007328e+02,2.654513571021714142e+02,2.569010520730863050e+02,2.636989421375555480e+02,2.587872154937405753e+02,2.588635314215005678e+02,2.736281566411468589e+02,2.755244007654719098e+02,2.763331781419038293e+02,2.742594632071592855e+02,1.610464016064254392e+05,3.419248190289970957e+00,1.119249432194591343e+01
2.800000000000000000e+03,8.380000000000000000e+03,2.767494445602186488e+02,2.686793094770879406e+02,2.615102275271021313e+02,2.556728191701209312e+02,2.652977621059924331e+02,2.567715324484756252e+02,2.634583991256489526e+02,2.586413757948945431e+02,2.587174819722940811e+02,2.735294583376057176e+02,2.754789372711416604e+02,2.762395488588780950e+02,2.741558772218436957e+02,1.609689531720369705e+05,3.419248190289970957e+00,1.116409310075242800e+01
2.810000000000000000e+03,8.390000000000000000e+03,2.767285990920468635e+02,2.685300830988850862e+02,2.613403450977943407e+02,2.555015389631354310e+02,2.651449537033450383e+02,2.566423296413037178e+02,2.632201673240770674e+02,2.584960408439632715e+02,2.585719267225642284e+02,2.734305999491432431e+02,2.754332877893817795e+02,2.761457448592580590e+02,2.740520545554634282e+02,1.608917866273523832e+05,3.419248190289970957e+00,1.113590412526972528e+01
2.820000000000000000e+03,8.400000000000000000e+03,2.767073939485547385e+02,2.683813033212018695e+02,2.611713525393655573e+02,2.553311949926252566e+02,2.649929247445493274e+02,2.565134454973663765e+02,2.629842079309501628e+02,2.583512100103625926e+02,2.584268651176056437e+02,2.733315886422001313e+02,2.753874544415887726e+02,2.760517724024291510e+02,2.739480033963668575e+02,1.608148998771176848e+05,3.419248190289970957e+00,1.110792467675084794e+01
2.830000000000000000e+03,8.410000000000000000e+03,2.766858319418985275e+02,2.682329718370752403e+02,2.610032421104536411e+02,2.551617785148015400e+02,2.648416681772737888e+02,2.563848817644831115e+02,2.627504830172724724e+02,2.582068826063626261e+02,2.582822965470950862e+02,2.732324314349052088e+02,2.753414393138243099e+02,2.759576376179426802e+02,2.738437317815012761e+02,1.607382908527098771e+05,3.419248190289970957e+00,1.108015209011269597e+01
2.840000000000000000e+03,8.420000000000000000e+03,2.766639158655781330e+02,2.680850901788585361e+02,2.608360061623728825e+02,2.549932808933503168e+02,2.646911770448242009e+02,2.562566400958457962e+02,2.625189555029714938e+02,2.580630578896753491e+02,2.581382203468731404e+02,2.731331352000109973e+02,2.752952444578686482e+02,2.758633465090385926e+02,2.737392476000071611e+02,1.606619575116231863e+05,3.419248190289970957e+00,1.105258375243875513e+01
2.850000000000000000e+03,8.430000000000000000e+03,2.766416484955547048e+02,2.679376597243610831e+02,2.606696371376949628e+02,2.548256935981274012e+02,2.645414444845007438e+02,2.561287220530467721e+02,2.622895891328292350e+02,2.579197350655314835e+02,2.579946358014227599e+02,2.730337066678288807e+02,2.752488718928348703e+02,2.757689049552423057e+02,2.736345585951907537e+02,1.605858978370110271e+05,3.419248190289970957e+00,1.102521710155969892e+01
2.860000000000000000e+03,8.440000000000000000e+03,2.766190325895312867e+02,2.677906817069874137e+02,2.605041275687037228e+02,2.546590082037426441e+02,2.643924637257950394e+02,2.560011291092588976e+02,2.620623484536788510e+02,2.577769132890486503e+02,2.578515421459014760e+02,2.729341524258845197e+02,2.752023236059583837e+02,2.756743187154774546e+02,2.735296723673642987e+02,1.605101098371276457e+05,3.419248190289970957e+00,1.099804962467108282e+01
2.870000000000000000e+03,8.450000000000000000e+03,2.765960708874843590e+02,2.676441572112825611e+02,2.603394700762232787e+02,2.544932163881210556e+02,2.642442280886891126e+02,2.558738626515426233e+02,2.618371987922571407e+02,2.576345916664697029e+02,2.577089385685625302e+02,2.728344789400995296e+02,2.751556015528807961e+02,2.755795934308879964e+02,2.734245963677690838e+02,1.604345915448691812e+05,3.419248190289970957e+00,1.097107885694999574e+01
2.880000000000000000e+03,8.460000000000000000e+03,2.765727661115703313e+02,2.674980871754283953e+02,2.601756573682447424e+02,2.543283099314748199e+02,2.640967309819903903e+02,2.557469239841967692e+02,2.616141062337608219e+02,2.574927692586581998e+02,2.575668242106896173e+02,2.727346925205603725e+02,2.751087076600333603e+02,2.754847346259291498e+02,2.733193379415699269e+02,1.603593410173243028e+05,3.419248190289970957e+00,1.094430238029201519e+01
2.890000000000000000e+03,8.470000000000000000e+03,2.765491209666172381e+02,2.673524724332913252e+02,2.600126822386775416e+02,2.541642807144669973e+02,2.639499659016977944e+02,2.556203143312011150e+02,2.613930376010883947e+02,2.573514450818591399e+02,2.574251981716597015e+02,2.726347993577686566e+02,2.750616438249194289e+02,2.753897477139320245e+02,2.732139042634287875e+02,1.602843563353249629e+05,3.419248190289970957e+00,1.091771782207734987e+01
2.900000000000000000e+03,8.480000000000000000e+03,2.765251381394921850e+02,2.672073136755983001e+02,2.598505375660447498e+02,2.540011207175570576e+02,2.638039264294892519e+02,2.554940348387110021e+02,2.611739604349551200e+02,2.572106181093861892e+02,2.572840595086796611e+02,2.725348055158376610e+02,2.750144119164420999e+02,2.752946379976326625e+02,2.731083023889725041e+02,1.602096356029568415e+05,3.419248190289970957e+00,1.089132285393159982e+01
2.910000000000000000e+03,8.490000000000000000e+03,2.765008203000468825e+02,2.670626114802483357e+02,2.596892163122486181e+02,2.538388220189229685e+02,2.636586062312068748e+02,2.553680865778257214e+02,2.609568429744496711e+02,2.570702872743530065e+02,2.571434072387848460e+02,2.724347169267091431e+02,2.749670137769969074e+02,2.751994106717451700e+02,2.730025392434292826e+02,1.601351769471871376e+05,3.419248190289970957e+00,1.086511519059036068e+01
2.920000000000000000e+03,8.500000000000000000e+03,2.764761701002030918e+02,2.669183663063258791e+02,2.595287115213123457e+02,2.536773767938571211e+02,2.635139990553352050e+02,2.552424705468732782e+02,2.607416541383385606e+02,2.569304514706504960e+02,2.570032403408459345e+02,2.723345394022472306e+02,2.749194512221600917e+02,2.751040708260262591e+02,2.728966216239946334e+02,1.600609785173886339e+05,3.419248190289970957e+00,1.083909258876450465e+01
2.930000000000000000e+03,8.510000000000000000e+03,2.764511901750234415e+02,2.667745785030003844e+02,2.593690163182169499e+02,2.535167773129728062e+02,2.633700987313345081e+02,2.551171876735426451e+02,2.605283635069100683e+02,2.567911095546949696e+02,2.568635577568322788e+02,2.722342786328006810e+02,2.748717260422638446e+02,2.750086234471506259e+02,2.727905562026022608e+02,1.599870384849573311e+05,3.419248190289970957e+00,1.081325284603115300e+01
2.940000000000000000e+03,8.520000000000000000e+03,2.764258831425000267e+02,2.666312483141523444e+02,2.592101239077733226e+02,2.533570159411210341e+02,2.632268991684972548e+02,2.549922388174675802e+02,2.603169413044333851e+02,2.566522603471850061e+02,2.567243583936921709e+02,2.721339401905483442e+02,2.748238400026871204e+02,2.749130734211108802e+02,2.726843495277815350e+02,1.599133550429607567e+05,3.419248190289970957e+00,1.078759379981502242e+01
2.950000000000000000e+03,8.530000000000000000e+03,2.764002516031172831e+02,2.664883758822434743e+02,2.590520275732369555e+02,2.531980851361550720e+02,2.630843943545194179e+02,2.548676247723956578e+02,2.601073583822991395e+02,2.565139026345306661e+02,2.565856411245729873e+02,2.720335295308792070e+02,2.747757948447030003e+02,2.748174255355259561e+02,2.725780080273204931e+02,1.598399264056526881e+05,3.419248190289970957e+00,1.076211332636117923e+01
2.960000000000000000e+03,8.540000000000000000e+03,2.763742981406952595e+02,2.663459612537438943e+02,2.588947206753937849e+02,2.530399774476284449e+02,2.629425783537568009e+02,2.547433462680828882e+02,2.598995862025025190e+02,2.563760351702593425e+02,2.564474047903127598e+02,2.719330519949610903e+02,2.747275922861159643e+02,2.747216844817392598e+02,2.724715380100927860e+02,1.597667508081562701e+05,3.419248190289970957e+00,1.073680933975124674e+01
2.970000000000000000e+03,8.550000000000000000e+03,2.763480253220547525e+02,2.662040043759262176e+02,2.587381966513183897e+02,2.528826855155871556e+02,2.628014453063982501e+02,2.546194039725495202e+02,2.596935968216027391e+02,2.562386566763532869e+02,2.563096482009963211e+02,2.718325128190722921e+02,2.746792340213194734e+02,2.746258548566540298e+02,2.723649456683496624e+02,1.596938265061103448e+05,3.419248190289970957e+00,1.071167979094947853e+01
2.980000000000000000e+03,8.560000000000000000e+03,2.763214356970312906e+02,2.660625051319235581e+02,2.585824490133167615e+02,2.527262020692579938e+02,2.626609894268478342e+02,2.544957984939653102e+02,2.594893628755087320e+02,2.561017658454313732e+02,2.561723701372114306e+02,2.717319171177358044e+02,2.746307217134171310e+02,2.745299411657833843e+02,2.722582370800798230e+02,1.596211517752546642e+05,3.419248190289970957e+00,1.068672266690528083e+01
2.990000000000000000e+03,8.570000000000000000e+03,2.762945317991952834e+02,2.659214632596383581e+02,2.584274713476612533e+02,2.525705199257985782e+02,2.625212050023473012e+02,2.543725303826231539e+02,2.592868575646635350e+02,2.559653613402428789e+02,2.560355693510283572e+02,2.716312699051927666e+02,2.745820570480840388e+02,2.744339478229442761e+02,2.721514182102521886e+02,1.595487249111298588e+05,3.419248190289970957e+00,1.066193598962365208e+01
3.000000000000000000e+03,8.580000000000000000e+03,2.762673161453359967e+02,2.657808784861099980e+02,2.582732573138023326e+02,2.524156319892059059e+02,2.623820863920428224e+02,2.542496001327080251e+02,2.590860546391942307e+02,2.558294417969778749e+02,2.558992445676155114e+02,2.715305760913424820e+02,2.745332416309468044e+02,2.743378791554013674e+02,2.720444949137688582e+02,1.594765442286957405e+05,3.419248190289970957e+00,1.063731781534346332e+01
3.010000000000000000e+03,8.590000000000000000e+03,2.762397912357265000e+02,2.656407504270123354e+02,2.581198006430659007e+02,2.522615312491465147e+02,2.622436280255129759e+02,2.541270081842789921e+02,2.588869283851619230e+02,2.556940058253462382e+02,2.557633944864991236e+02,2.714298404821501549e+02,2.744842770751938019e+02,2.742417394035694542e+02,2.719374729372631805e+02,1.594046080620273715e+05,3.419248190289970957e+00,1.061286623369820425e+01
3.020000000000000000e+03,8.600000000000000000e+03,2.762119595543202877e+02,2.655010786264919034e+02,2.579670951377623851e+02,2.521082107796885623e+02,2.621058244017101515e+02,2.540047549248710368e+02,2.586894536110843887e+02,2.555590520101940797e+02,2.556280177823540214e+02,2.713290677824933255e+02,2.744351649727859694e+02,2.741455327233945241e+02,2.718303579206385621e+02,1.593329147640063893e+05,3.419248190289970957e+00,1.058857936690462864e+01
3.030000000000000000e+03,8.610000000000000000e+03,2.761838235683906078e+02,2.653618625577324224e+02,2.578151346701130251e+02,2.519556637380019311e+02,2.619686700875951715e+02,2.538828406911374316e+02,2.584936056343818791e+02,2.554245789121934251e+02,2.554931131063757164e+02,2.712282625984187234e+02,2.743859068959312140e+02,2.740492631881448347e+02,2.717231553993027546e+02,1.592614627058969927e+05,3.419248190289970957e+00,1.056445536895684789e+01
3.040000000000000000e+03,8.620000000000000000e+03,2.761553857294765635e+02,2.652231016228789713e+02,2.576639131812576125e+02,2.518038833635538367e+02,2.618321597172133011e+02,2.537612657706452808e+02,2.582993602690060584e+02,2.552905850692730212e+02,2.553586790873415566e+02,2.711274294418101363e+02,2.743365043980401197e+02,2.739529347902890777e+02,2.716158708059363676e+02,1.591902502771984437e+05,3.419248190289970957e+00,1.054049242491647753e+01
3.050000000000000000e+03,8.630000000000000000e+03,2.761266484723593067e+02,2.650847951675531249e+02,2.575134246802195435e+02,2.516528629766216341e+02,2.616962879904514807e+02,2.536400304033638520e+02,2.581066938129814048e+02,2.551570689978806001e+02,2.552247143324828471e+02,2.710265727221166117e+02,2.742869590146485166e+02,2.738565514430254098e+02,2.715085094722012400e+02,1.591192758851816179e+05,3.419248190289970957e+00,1.051668875015270110e+01
3.060000000000000000e+03,8.640000000000000000e+03,2.760976142166953196e+02,2.649469424677207599e+02,2.573636632430768145e+02,2.515025959774723106e+02,2.615610496718097693e+02,2.535191347831693349e+02,2.579155830361315793e+02,2.550240291934215406e+02,2.550912174286294487e+02,2.709256967619163561e+02,2.742372722634711977e+02,2.737601169823107057e+02,2.714010766308566645e+02,1.590485379547467164e+05,3.419248190289970957e+00,1.049304258961392655e+01
3.070000000000000000e+03,8.650000000000000000e+03,2.760682853653515849e+02,2.648095427422474017e+02,2.572146230117785990e+02,2.513530758449038558e+02,2.614264395897579334e+02,2.533985790593770275e+02,2.577260051687526357e+02,2.548914641318410190e+02,2.549581869431173402e+02,2.708248057906934037e+02,2.741874456446249724e+02,2.736636351678221217e+02,2.712935774173073469e+02,1.589780349279746588e+05,3.419248190289970957e+00,1.046955221718880757e+01
3.080000000000000000e+03,8.660000000000000000e+03,2.760386643059297285e+02,2.646725951534180012e+02,2.570662981934637514e+02,2.512042961355285229e+02,2.612924526350985275e+02,2.532783633381858408e+02,2.575379378902188705e+02,2.547593722700902674e+02,2.548256214247077480e+02,2.707239039486537422e+02,2.741374806416910701e+02,2.735671096854393340e+02,2.711860168710934431e+02,1.589077652639898297e+05,3.419248190289970957e+00,1.044621593498150069e+01
3.090000000000000000e+03,8.670000000000000000e+03,2.760087534099453137e+02,2.645360988098083226e+02,2.569186830593577042e+02,2.510562504824014809e+02,2.611590837603524164e+02,2.531584876840060190e+02,2.573513593179535519e+02,2.546277520474875757e+02,2.546935194046195647e+02,2.706229952875560230e+02,2.740873787217148561e+02,2.734705441478379271e+02,2.710783999381743570e+02,1.588377274385778292e+05,3.419248190289970957e+00,1.042303207271026722e+01
3.100000000000000000e+03,8.680000000000000000e+03,2.759785550334609638e+02,2.644000527639351503e+02,2.567717719439246480e+02,2.509089325941128834e+02,2.610263279786341286e+02,2.530389521209961003e+02,2.571662479967240529e+02,2.544966018861170767e+02,2.545618793971172522e+02,2.705220837774859888e+02,2.740371413356713788e+02,2.733739420967308433e+02,2.709707314721102307e+02,1.587679199439846852e+05,3.419248190289970957e+00,1.039999898704629366e+01
3.110000000000000000e+03,8.690000000000000000e+03,2.759480715169297014e+02,2.642644560272395893e+02,2.566255592440295459e+02,2.507623362535622391e+02,2.608941803626365186e+02,2.529197566339773005e+02,2.569825828886316117e+02,2.543659201922303623e+02,2.544306999005919181e+02,2.704211732969244508e+02,2.739867699190427857e+02,2.732773070040511243e+02,2.708630162357871995e+02,1.586983412886025908e+05,3.419248190289970957e+00,1.037711506101822323e+01
3.120000000000000000e+03,8.700000000000000000e+03,2.759173051852656045e+02,2.641293075629870373e+02,2.564800394179540604e+02,2.506164553170959834e+02,2.607626360436186133e+02,2.528009011701660995e+02,2.568003433626934111e+02,2.542357053568892411e+02,2.542999793983422308e+02,2.703202676427908386e+02,2.739362658920868512e+02,2.731806422733465638e+02,2.707552589031931802e+02,1.586289899967383535e+05,3.419248190289970957e+00,1.035437870342942190e+01
3.130000000000000000e+03,8.710000000000000000e+03,2.758862583482656419e+02,2.639946062856207618e+02,2.563352069846667973e+02,2.504712837135965628e+02,2.606316902105723443e+02,2.526823856400501995e+02,2.566195091853587087e+02,2.541059557566113654e+02,2.541697163592839388e+02,2.702193705346276715e+02,2.738856306600798121e+02,2.730839512413794523e+02,2.706474640606275557e+02,1.585598646083945350e+05,3.419248190289970957e+00,1.033178834827745796e+01
3.140000000000000000e+03,8.720000000000000000e+03,2.758549333001874970e+02,2.638603510694691749e+02,2.561910565228791370e+02,2.503268154430097638e+02,2.605013381091905558e+02,2.525642099188528960e+02,2.564400605110388369e+02,2.539766697541805627e+02,2.540399092388128111e+02,2.701184856109424004e+02,2.738348656136691943e+02,2.729872371791765886e+02,2.705396362081890516e+02,1.584909636789500364e+05,3.419248190289970957e+00,1.030934245418090356e+01
3.150000000000000000e+03,8.730000000000000000e+03,2.758233323201250187e+02,2.637265409530954230e+02,2.560475826707614715e+02,2.501830445760901398e+02,2.603715750410838154e+02,2.524463738476862886e+02,2.562619778727275275e+02,2.538478457001682784e+02,2.539105564883730608e+02,2.700176164334846476e+02,2.737839721324482412e+02,2.728905033025982902e+02,2.704317795729861018e+02,1.584222857789659174e+05,3.419248190289970957e+00,1.028703950407992274e+01
3.160000000000000000e+03,8.740000000000000000e+03,2.757914576723124469e+02,2.635931742872610926e+02,2.559047801236914950e+02,2.500399652524506280e+02,2.602423963626455929e+02,2.523288772341298056e+02,2.560852421731989352e+02,2.537194819316960377e+02,2.537816565212422404e+02,2.699167664880415600e+02,2.737329515746676520e+02,2.727937527411758083e+02,2.703238988774597260e+02,1.583538294939211046e+05,3.419248190289970957e+00,1.026487800391223892e+01
3.170000000000000000e+03,8.750000000000000000e+03,2.757593116058515648e+02,2.634602500778672152e+02,2.557626436347262882e+02,2.498975716801773501e+02,2.601137974845320855e+02,2.522117198537926868e+02,2.559098346765518386e+02,2.535915767747800089e+02,2.536532077621146470e+02,2.698159391792517567e+02,2.736818052895694109e+02,2.726969885810145797e+02,2.702159981743228059e+02,1.582855934240552888e+05,3.419248190289970957e+00,1.024285648306606333e+01
3.180000000000000000e+03,8.760000000000000000e+03,2.757268963549375940e+02,2.633277670650029449e+02,2.556211680133928894e+02,2.497558581348420148e+02,2.599857738704484404e+02,2.520949014514872886e+02,2.557357369993247005e+02,2.534641285445601966e+02,2.535252086213785958e+02,2.697151378439490372e+02,2.736305346133763692e+02,2.726002138464517088e+02,2.701080816149747079e+02,1.582175761840365012e+05,3.419248190289970957e+00,1.022097349349414408e+01
3.190000000000000000e+03,8.770000000000000000e+03,2.756942141387812626e+02,2.631957238892679243e+02,2.554803481251330197e+02,2.496148189585200328e+02,2.598583210366174967e+02,2.519784217418088303e+02,2.555629311027423114e+02,2.533371355462601855e+02,2.533976574951200007e+02,2.696143657457424183e+02,2.735791408681984649e+02,2.725034314980255772e+02,2.700001533372439440e+02,1.581497764028146048e+05,3.419248190289970957e+00,1.019922760914822391e+01
3.200000000000000000e+03,8.780000000000000000e+03,2.756612671621093682e+02,2.630641192381380620e+02,2.553401788903674401e+02,2.494744485587940233e+02,2.597314345507447229e+02,2.518622804105762611e+02,2.553913992844075267e+02,2.532105960754326475e+02,2.532705527723286991e+02,2.695136260772328569e+02,2.735276253639597712e+02,2.724066444453308691e+02,2.698922173295900961e+02,1.580821927233756287e+05,3.419248190289970957e+00,1.017761742561902949e+01
3.210000000000000000e+03,8.790000000000000000e+03,2.756280576151093555e+02,2.629329517345599356e+02,2.552006552836834317e+02,2.493347414080188003e+02,2.596051100312639619e+02,2.517464771154630228e+02,2.552211241709710521e+02,2.530845084187660916e+02,2.531438928318822548e+02,2.694129219620978120e+02,2.734759893978812215e+02,2.723098555319999718e+02,2.697842775428769073e+02,1.580148238025738392e+05,3.419248190289970957e+00,1.015614155964020249e+01
3.220000000000000000e+03,8.800000000000000000e+03,2.755945876730624491e+02,2.628022199847998195e+02,2.550617723332647415e+02,2.491956920422211965e+02,2.594793431465135995e+02,2.516310114870117332e+02,2.550520887100346670e+02,2.529588708544607130e+02,2.530176760444423678e+02,2.693122564558863132e+02,2.734242342550189164e+02,2.722130675515064695e+02,2.696763378382653400e+02,1.579476683108144498e+05,3.419248190289970957e+00,1.013479864863812097e+01
3.230000000000000000e+03,8.810000000000000000e+03,2.755608594972030687e+02,2.626719225760488712e+02,2.549235251200979349e+02,2.490572950603202003e+02,2.593541296142243482e+02,2.515158831295067330e+02,2.548842761634663248e+02,2.528336816534512366e+02,2.528919007734085937e+02,2.692116325475217309e+02,2.733723612084449428e+02,2.721162832416791844e+02,2.695684019979046298e+02,1.578807249320086266e+05,3.419248190289970957e+00,1.011358735036260370e+01
3.240000000000000000e+03,8.820000000000000000e+03,2.755268752340468268e+02,2.625420580478490251e+02,2.547859087772111764e+02,2.489195451232475307e+02,2.592294652004323439e+02,2.514010916221918706e+02,2.547176700997203511e+02,2.527089390787423611e+02,2.527665653739004199e+02,2.691110531605562528e+02,2.733203715192320828e+02,2.720195052907953368e+02,2.694604737473779892e+02,1.578139923632265127e+05,3.419248190289970957e+00,1.009250634238583011e+01
3.250000000000000000e+03,8.830000000000000000e+03,2.754926370160389979e+02,2.624126249347759199e+02,2.546489184890723720e+02,2.487824369529482738e+02,2.591053457188079392e+02,2.512866365197004086e+02,2.545522543873848065e+02,2.525846413873827032e+02,2.526416681944648985e+02,2.690105211533418128e+02,2.732682664373937769e+02,2.719227363250791427e+02,2.693525567368895963e+02,1.577474693146249629e+05,3.419248190289970957e+00,1.007155432174780252e+01
3.260000000000000000e+03,8.840000000000000000e+03,2.754581469614296338e+02,2.622836217355195458e+02,2.545125494907143491e+02,2.486459653316851757e+02,2.589817670301944190e+02,2.511725173528160155e+02,2.543880131880489444e+02,2.524607868294517630e+02,2.525172075772511846e+02,2.689100393262195894e+02,2.732160472008683882e+02,2.718259789264732831e+02,2.692446545465495547e+02,1.576811545091466105e+05,3.419248190289970957e+00,1.005073000451353948e+01
3.270000000000000000e+03,8.850000000000000000e+03,2.754234071741952903e+02,2.621550469387607336e+02,2.543767970672648744e+02,2.485101251011109866e+02,2.588587250413557967e+02,2.510587336295701846e+02,2.542249309500905099e+02,2.523373736499589199e+02,2.523931818587970213e+02,2.688096104115593334e+02,2.731637150369821825e+02,2.717292356251683714e+02,2.691367706864644447e+02,1.576150466824065952e+05,3.419248190289970957e+00,1.003003212545091394e+01
3.280000000000000000e+03,8.860000000000000000e+03,2.753884197445078144e+02,2.620268989972399254e+02,2.542416565531154617e+02,2.483749111615347545e+02,2.587362157049194025e+02,2.509452848359590860e+02,2.540629924019570183e+02,2.522144000884715638e+02,2.522695893694281324e+02,2.687092370840947524e+02,2.731112711616108868e+02,2.716325089011276077e+02,2.690289086118814907e+02,1.575491445824988768e+05,3.419248190289970957e+00,1.000945943759057499e+01
3.290000000000000000e+03,8.870000000000000000e+03,2.753531867487109253e+02,2.618991763725476289e+02,2.541071233313823825e+02,2.482403184710458675e+02,2.586142350181689267e+02,2.508321704365659173e+02,2.539021825463657365e+02,2.520918643797904224e+02,2.521464284357306269e+02,2.686089219589784989e+02,2.730587167800319435e+02,2.715358011860016632e+02,2.689210716889667765e+02,1.574834469698141329e+05,3.419248190289970957e+00,9.989010711915865315e+00
3.300000000000000000e+03,8.880000000000000000e+03,2.753177102489843833e+02,2.617718776335764232e+02,2.539731928335627060e+02,2.481063420447299279e+02,2.584927790226956290e+02,2.507193898754071029e+02,2.537424866539436152e+02,2.519697647610834963e+02,2.520236973796417885e+02,2.685086674600603942e+02,2.730060530908401120e+02,2.714391148694911067e+02,2.688132632356180807e+02,1.574179526168459852e+05,3.419248190289970957e+00,9.968684737138296725e+00
3.310000000000000000e+03,8.890000000000000000e+03,2.752819922939765434e+02,2.616450008698516854e+02,2.538398605379526316e+02,2.479729769537742072e+02,2.583718438036510747e+02,2.506069425765704750e+02,2.535838902572744473e+02,2.518480994466975176e+02,2.519013945182213945e+02,2.684084763599828989e+02,2.729532812819171568e+02,2.713424522837322570e+02,2.687054865013344056e+02,1.573526603080046771e+05,3.419248190289970957e+00,9.948480318768899267e+00
3.320000000000000000e+03,8.900000000000000000e+03,2.752460349187890074e+02,2.615185446626429098e+02,2.537071219697106983e+02,2.478402183247831942e+02,2.582514254888619121e+02,2.504948279449753272e+02,2.534263791453238355e+02,2.517268666641443247e+02,2.517795181648956770e+02,2.683083509654648537e+02,2.729004025166443625e+02,2.712458157215130541e+02,2.685977446733034526e+02,1.572875688395159377e+05,3.419248190289970957e+00,9.928396279495425247e+00
3.330000000000000000e+03,8.910000000000000000e+03,2.752098401445859395e+02,2.613925073898350320e+02,2.535749727002995542e+02,2.477080613389310031e+02,2.581315202485778855e+02,2.503830453668554128e+02,2.532699393578238585e+02,2.516060646347707745e+02,2.516580666299456936e+02,2.682082936647128690e+02,2.728474179630552499e+02,2.711492074302656192e+02,2.684900408775374672e+02,1.572226770191790129e+05,3.419248190289970957e+00,9.908431458546658632e+00
3.340000000000000000e+03,8.920000000000000000e+03,2.751734099793280848e+02,2.612668874200319351e+02,2.534434083467693313e+02,2.475765012315160050e+02,2.580121242947264477e+02,2.502715942107526814e+02,2.531145571800456366e+02,2.514856915763967322e+02,2.515370382208517128e+02,2.681083067929500885e+02,2.727943287764550178e+02,2.710526296134478343e+02,2.683823781794245065e+02,1.571579836662845919e+05,3.419248190289970957e+00,9.888584711391581905e+00
3.350000000000000000e+03,8.930000000000000000e+03,2.751367464175234545e+02,2.611416831105345295e+02,2.533124245710991147e+02,2.474455332906712499e+02,2.578932338800506727e+02,2.501604738277338527e+02,2.529602191371850779e+02,2.513657457043035777e+02,2.514164312427319317e+02,2.680083926332320061e+02,2.727411361021330549e+02,2.709560844311072856e+02,2.682747595847044977e+02,1.570934876113758073e+05,3.419248190289970957e+00,9.868854909382568152e+00
3.360000000000000000e+03,8.940000000000000000e+03,2.750998514400781687e+02,2.610168928086217193e+02,2.531820170796426055e+02,2.473151528572185214e+02,2.577748452978817113e+02,2.500496835522984043e+02,2.528069119893619643e+02,2.512462252319311631e+02,2.512962439981586726e+02,2.679085534167145397e+02,2.726878410753956246e+02,2.708595740011625708e+02,2.681671880397755103e+02,1.570291876961054222e+05,3.419248190289970957e+00,9.849240939511066273e+00
3.370000000000000000e+03,8.950000000000000000e+03,2.750627270150781101e+02,2.608925148359621744e+02,2.530521816226151088e+02,2.471853553235842753e+02,2.576569548812328208e+02,2.499392227028104685e+02,2.526546227266349263e+02,2.511271283710022431e+02,2.511764747875852777e+02,2.678087913237752673e+02,2.726344448224271559e+02,2.707631003990735508e+02,2.680596664476952924e+02,1.569650827731621976e+05,3.419248190289970957e+00,9.829741704057999740e+00
3.380000000000000000e+03,8.960000000000000000e+03,2.750253750971406248e+02,2.607685475386927010e+02,2.529229139933730721e+02,2.470561361331157286e+02,2.575395590024592138e+02,2.498290905822017578e+02,2.525033385639951291e+02,2.510084533321414142e+02,2.510571219110311745e+02,2.677091084852052632e+02,2.725809484600754331e+02,2.706666656609294250e+02,2.679521976248041142e+02,1.569011717060134106e+05,3.419248190289970957e+00,9.810356120374644107e+00
3.390000000000000000e+03,8.970000000000000000e+03,2.749877976278984875e+02,2.606449892318151456e+02,2.527942100280112641e+02,2.469274907795383172e+02,2.574226540726113512e+02,2.497192864784374535e+02,2.523530469366405669e+02,2.508901983250767387e+02,2.509381836665833418e+02,2.676095069826586155e+02,2.725273530961553661e+02,2.705702717779645354e+02,2.678447843551770120e+02,1.568374533688095689e+05,3.419248190289970957e+00,9.791083120536921314e+00
3.400000000000000000e+03,8.980000000000000000e+03,2.749499965359843827e+02,2.605218382359407769e+02,2.526660656048082672e+02,2.467994148061572162e+02,2.573062365407682250e+02,2.496098096650650291e+02,2.522037354954521504e+02,2.507723615600961296e+02,2.508196583512260247e+02,2.675099888256945064e+02,2.724736598304282325e+02,2.704739207197128508e+02,2.677374293627606789e+02,1.567739266462587402e+05,3.419248190289970957e+00,9.771921651124680253e+00
3.410000000000000000e+03,8.990000000000000000e+03,2.749119737372109284e+02,2.603990928069293886e+02,2.525384766435618360e+02,2.466719038052225130e+02,2.571903028937092017e+02,2.495006594017126815e+02,2.520553921021339079e+02,2.506549412439193532e+02,2.507015442616142309e+02,2.674105560523035479e+02,2.724198697507086422e+02,2.703776143939324470e+02,2.676301353182480511e+02,1.567105904334616789e+05,3.419248190289970957e+00,9.752870672842449906e+00
3.420000000000000000e+03,9.000000000000000000e+03,2.748737311343906526e+02,2.602767512702029080e+02,2.524114391050214010e+02,2.465449534170762433e+02,2.570748496551076983e+02,2.493918349347923709e+02,2.519080048250731068e+02,2.505379355862033606e+02,2.505838396939167865e+02,2.673112105773209350e+02,2.723659839391337982e+02,2.702813546815092423e+02,2.675229048393254061e+02,1.566474436357379600e+05,3.419248190289970957e+00,9.733929160396140645e+00
3.430000000000000000e+03,9.010000000000000000e+03,2.748352706176796119e+02,2.601548119148206411e+02,2.522849489906221834e+02,2.464185593299117158e+02,2.569598733853088675e+02,2.492833354976137059e+02,2.517615619349262204e+02,2.504213427964693324e+02,2.504665429444470703e+02,2.672119542967056418e+02,2.723120034685131827e+02,2.701851434250555144e+02,2.674157404918815928e+02,1.565844851685589820e+05,3.419248190289970957e+00,9.715096102169832548e+00
3.440000000000000000e+03,9.020000000000000000e+03,2.747965940646797094e+02,2.600332730201342315e+02,2.521590023417017505e+02,2.462927172785367134e+02,2.568453706805665320e+02,2.491751603113240208e+02,2.516160519005298681e+02,2.503051610845937489e+02,2.503496523093438100e+02,2.671127890620212497e+02,2.722579294029172274e+02,2.700889824354541702e+02,2.673086447908336822e+02,1.565217139573646418e+05,3.419248190289970957e+00,9.696370499976559643e+00
3.450000000000000000e+03,9.030000000000000000e+03,2.747577033400780806e+02,2.599121328729333982e+02,2.520335952392670151e+02,2.461674230443718159e+02,2.567313381725677459e+02,2.490673085850738744e+02,2.514714633845620426e+02,2.501893886613963218e+02,2.502331660856999918e+02,2.670137166811392717e+02,2.722037627984195183e+02,2.699928734774243253e+02,2.672016202014327746e+02,1.564591289374358603e+05,3.419248190289970957e+00,9.677751368823104272e+00
3.460000000000000000e+03,9.040000000000000000e+03,2.747186002962265547e+02,2.597913897413753830e+02,2.519087238031444826e+02,2.460426724543933972e+02,2.566177725282130382e+02,2.489597795164713148e+02,2.513277852397603169e+02,2.500740237386636977e+02,2.501170825710821077e+02,2.669147389196141944e+02,2.721495047024853875e+02,2.698968182930757962e+02,2.670946691394403842e+02,1.563967290537813096e+05,3.419248190289970957e+00,9.659237736677054542e+00
3.470000000000000000e+03,9.050000000000000000e+03,2.746792867731406318e+02,2.596710418976780943e+02,2.517843841918537180e+02,2.459184613806551738e+02,2.565046704485433224e+02,2.488525722921795591e+02,2.511850065049375189e+02,2.499590645294887850e+02,2.500014000640379095e+02,2.668158575054924313e+02,2.720951561545573441e+02,2.698008185800511001e+02,2.669877939724981388e+02,1.563345132610156725e+05,3.419248190289970957e+00,9.640828644202464659e+00
3.480000000000000000e+03,9.060000000000000000e+03,2.746397645985078384e+02,2.595510876187893814e+02,2.516605726018209737e+02,2.457947857396206075e+02,2.563920286690822081e+02,2.487456860882716683e+02,2.510431164012300940e+02,2.498445092490215984e+02,2.498861168643367137e+02,2.667170741134380023e+02,2.720407181865148232e+02,2.697048760067737589e+02,2.668809970208320124e+02,1.562724805232136277e+05,3.419248190289970957e+00,9.622523144589589350e+00
3.490000000000000000e+03,9.070000000000000000e+03,2.746000355874140837e+02,2.594315251669801796e+02,2.515372852671290786e+02,2.456716414917404734e+02,2.562798439584318544e+02,2.486391200705698736e+02,2.509021043282868391e+02,2.497303561139054580e+02,2.497712312732379871e+02,2.666183903894829541e+02,2.719861918217967514e+02,2.696089922082649650e+02,2.667742805579312630e+02,1.562106298137780104e+05,3.419248190289970957e+00,9.604320303281195237e+00
3.500000000000000000e+03,9.080000000000000000e+03,2.745601015429764971e+02,2.593123528070905195e+02,2.514145184588893471e+02,2.455490246405642552e+02,2.561681131186937250e+02,2.485328733952093501e+02,2.507619598607107605e+02,2.496166033429647371e+02,2.496567415934690359e+02,2.665198079368489630e+02,2.719315780762040617e+02,2.695131687867145160e+02,2.666676468114172849e+02,1.561489601153604744e+05,3.419248190289970957e+00,9.586219197778861556e+00
3.510000000000000000e+03,9.090000000000000000e+03,2.745199642561562996e+02,2.591935688024388469e+02,2.512922684849429800e+02,2.454269312324869929e+02,2.560568329843107449e+02,2.484269452088827279e+02,2.506226727445038875e+02,2.495032491571845128e+02,2.495426461298183654e+02,2.664213283198430418e+02,2.718768779579087322e+02,2.694174073124075903e+02,2.665610979636305160e+02,1.560874704197038664e+05,3.419248190289970957e+00,9.568218917431162041e+00
3.520000000000000000e+03,9.100000000000000000e+03,2.744796255058671477e+02,2.590751714156370440e+02,2.511705316891242603e+02,2.453053573559513438e+02,2.559460004220648273e+02,2.483213346493903941e+02,2.504842328937210709e+02,2.493902917800729711e+02,2.494289431888648494e+02,2.663229530648372361e+02,2.718220924672438628e+02,2.693217093244107900e+02,2.664546361530121885e+02,1.560261597275468521e+05,3.419248190289970957e+00,9.550318563221614099e+00
3.530000000000000000e+03,9.110000000000000000e+03,2.744390870589609221e+02,2.589571589088451447e+02,2.510493044511776759e+02,2.451842991408264822e+02,2.558356123305094343e+02,2.482160408456901166e+02,2.503466303867726310e+02,2.492777294381093043e+02,2.493156310796419177e+02,2.662246836609896832e+02,2.717672225972076490e+02,2.692260763307762659e+02,2.663482634740417438e+02,1.559650270484934736e+05,3.419248190289970957e+00,9.532517247575659880e+00
3.540000000000000000e+03,9.120000000000000000e+03,2.743983506708124196e+02,2.588395295442916790e+02,2.509285831860581766e+02,2.450637527581866664e+02,2.557256656393465732e+02,2.481110629187107577e+02,2.502098554636149856e+02,2.491655603603180964e+02,2.492027081135117044e+02,2.661265215610368955e+02,2.717122693335047643e+02,2.691305098096911479e+02,2.662419819784885817e+02,1.559040714009662333e+05,3.419248190289970957e+00,9.514814094143950740e+00
3.550000000000000000e+03,9.130000000000000000e+03,2.743574180841640668e+02,2.587222815845562991e+02,2.508083643435523982e+02,2.449437144194793348e+02,2.556161573092371668e+02,2.480063999813703788e+02,2.500738985222331507e+02,2.490537827790325025e+02,2.490901726044264137e+02,2.660284681817396972e+02,2.716572336541563004e+02,2.690350112093229882e+02,2.661357936760446137e+02,1.558432918119476526e+05,3.419248190289970957e+00,9.497208237642047024e+00
3.560000000000000000e+03,9.140000000000000000e+03,2.743162910307656261e+02,2.586054132933111305e+02,2.506886444079216005e+02,2.448241803759626691e+02,2.555070843314491071e+02,2.479020511388839338e+02,2.499387501153462949e+02,2.489423949296833314e+02,2.489780228691639650e+02,2.659305249046897757e+02,2.716021165301223164e+02,2.689395819489677706e+02,2.660297005348629114e+02,1.557826873170251201e+05,3.419248190289970957e+00,9.479698823613031067e+00
3.570000000000000000e+03,9.150000000000000000e+03,2.742749712302734224e+02,2.584889229382747544e+02,2.505694198974604490e+02,2.447051469184783343e+02,2.553984437271873844e+02,2.477980154894616192e+02,2.498044009479358181e+02,2.488313950512550150e+02,2.488662572276861908e+02,2.658326930773167760e+02,2.715469189251839452e+02,2.688442234193558420e+02,2.659237044793103451e+02,1.557222569602229050e+05,3.419248190289970957e+00,9.462285008322044888e+00
3.580000000000000000e+03,9.160000000000000000e+03,2.742334603909530983e+02,2.583728087756747982e+02,2.504506873639254252e+02,2.445866103765741286e+02,2.552902325472556413e+02,2.476942921241998761e+02,2.496708418735032637e+02,2.487207813862947319e+02,2.487548740023067069e+02,2.657349740130792952e+02,2.714916417959626074e+02,2.687489369826830625e+02,2.658178074061116831e+02,1.556619997938793385e+05,3.419248190289970957e+00,9.444965958462844924e+00
3.590000000000000000e+03,9.170000000000000000e+03,2.741917602094922017e+02,2.582570690803798357e+02,2.503324433923367280e+02,2.444685671181587168e+02,2.551824478719110516e+02,2.475908801276215456e+02,2.495380638918531702e+02,2.486105521811759900e+02,2.486438715193586120e+02,2.656373689922199333e+02,2.714362860919786158e+02,2.686537239739606093e+02,2.657120111575317765e+02,1.556019148785695725e+05,3.419248190289970957e+00,9.427740851093052044e+00
3.600000000000000000e+03,9.180000000000000000e+03,2.741498723708828607e+02,2.581417021244759553e+02,2.502146846005450982e+02,2.443510135491045219e+02,2.550750868100736284e+02,2.474877785780599595e+02,2.494060581457370915e+02,2.485007056862199590e+02,2.485332481083190714e+02,2.655398792602374556e+02,2.713808527561586743e+02,2.685585857012680435e+02,2.656063175437953987e+02,1.555420012829939369e+05,3.419248190289970957e+00,9.410608873402878771e+00
3.610000000000000000e+03,9.190000000000000000e+03,2.741077985493437836e+02,2.580267061770927626e+02,2.500974076386504805e+02,2.442339461124698516e+02,2.549681464993563225e+02,2.473849865477116623e+02,2.492748159182500558e+02,2.483912401554850931e+02,2.484230021024704911e+02,2.654425060361820101e+02,2.713253427240339875e+02,2.684635234458066293e+02,2.655007283366121555e+02,1.554822580839073926e+05,3.419248190289970957e+00,9.393569222552978104e+00
3.620000000000000000e+03,9.200000000000000000e+03,2.740655404069453311e+02,2.579120795145226452e+02,2.499806091888941637e+02,2.441173612883132478e+02,2.548616241054160696e+02,2.472825031030320986e+02,2.491443286301111186e+02,2.482821538476615046e+02,2.483131318383428265e+02,2.653452505042005214e+02,2.712697569247717979e+02,2.683685384624783410e+02,2.653952452702586129e+02,1.554226843659365841e+05,3.419248190289970957e+00,9.376621105512080945e+00
3.630000000000000000e+03,9.210000000000000000e+03,2.740230995952578041e+02,2.577978204177650241e+02,2.498642859649907848e+02,2.440012555929308178e+02,2.547555168214579453e+02,2.471803273051237397e+02,2.490145878370789774e+02,2.481734450254794808e+02,2.482036356567580810e+02,2.652481138181522624e+02,2.712140962806802804e+02,2.682736319789753452e+02,2.652898700422579736e+02,1.553632792215874651e+05,3.419248190289970957e+00,9.359763738893873253e+00
3.640000000000000000e+03,9.220000000000000000e+03,2.739804777543358796e+02,2.576839271647581882e+02,2.497484347119905408e+02,2.438856255786323004e+02,2.546498218684515962e+02,2.470784582098411875e+02,2.488855852272050129e+02,2.480651119564617204e+02,2.480945119022697440e+02,2.651510971015721339e+02,2.711583617072795960e+02,2.681788052054836839e+02,2.651846043121710750e+02,1.553040417511214328e+05,3.419248190289970957e+00,9.342996348826186903e+00
3.650000000000000000e+03,9.230000000000000000e+03,2.739376765130547255e+02,2.575703980563180835e+02,2.496330522057429278e+02,2.437704678331118657e+02,2.545445364940809156e+02,2.469768948681517884e+02,2.487573126182881253e+02,2.479571529125055918e+02,2.479857589235287776e+02,2.650542014493639158e+02,2.711025541141576127e+02,2.680840592984165482e+02,2.650794497159388357e+02,1.552449710623791616e+05,3.419248190289970957e+00,9.326318170744499980e+00
3.660000000000000000e+03,9.240000000000000000e+03,2.738946974896405777e+02,2.574572313480166486e+02,2.495181352525475518e+02,2.436557789789683852e+02,2.544396579728957306e+02,2.468756363264120353e+02,2.486297619556130769e+02,2.478495661703622090e+02,2.478773750731576229e+02,2.649574279264515440e+02,2.710466744028268522e+02,2.679893954514941470e+02,2.649744078348032872e+02,1.551860662708296441e+05,3.419248190289970957e+00,9.309728449278512841e+00
3.670000000000000000e+03,9.250000000000000000e+03,2.738515422908125174e+02,2.573444253546612117e+02,2.494036806888423712e+02,2.435415556735137272e+02,2.543351836056449997e+02,2.467746816264025256e+02,2.485029253093472050e+02,2.477423500114219337e+02,2.477693587083865623e+02,2.648607775698594651e+02,2.709907234696482305e+02,2.678948147772991319e+02,2.648694802276677365e+02,1.551273264993327321e+05,3.419248190289970957e+00,9.293226438093183717e+00
3.680000000000000000e+03,9.260000000000000000e+03,2.738082125130858913e+02,2.572319783738444698e+02,2.492896853808916262e+02,2.434277946079052981e+02,2.542311107191429755e+02,2.466740298059473844e+02,2.483767948719662684e+02,2.476355027223280558e+02,2.476617081909638500e+02,2.647642513886880238e+02,2.709347022044637470e+02,2.678003183837604411e+02,2.647646684183704906e+02,1.550687508782100922e+05,3.419248190289970957e+00,9.276811399745929165e+00
3.690000000000000000e+03,9.270000000000000000e+03,2.737647097414843529e+02,2.571198887078861617e+02,2.491761462242637890e+02,2.433144925070436102e+02,2.541274366657970063e+02,2.465736798988353655e+02,2.482513629563970028e+02,2.475290225946446867e+02,2.475544218870061002e+02,2.646678503650387029e+02,2.708786114903664952e+02,2.677059073556458770e+02,2.646599738968026827e+02,1.550103385449697089e+05,3.419248190289970957e+00,9.260482605545233170e+00
3.700000000000000000e+03,9.280000000000000000e+03,2.737210355508593693e+02,2.570081546642909984e+02,2.490630601436980385e+02,2.432016461289542519e+02,2.540241588234015637e+02,2.464736309350757324e+02,2.481266219934774426e+02,2.474229079251357177e+02,2.474474981673343450e+02,2.645715754537563384e+02,2.708224522046174343e+02,2.676115827551600432e+02,2.645553981207845595e+02,1.549520886444012285e+05,3.419248190289970957e+00,9.244239335406193803e+00
3.710000000000000000e+03,9.290000000000000000e+03,2.736771915048906294e+02,2.568967745557196736e+02,2.489504240926135026e+02,2.430892522644945188e+02,2.539212745948160830e+02,2.463738819413848944e+02,2.480025645296967980e+02,2.473171570159677231e+02,2.473409354076120792e+02,2.644754275836645547e+02,2.707662252179570714e+02,2.675173456220887260e+02,2.644509425159027955e+02,1.548940003283805854e+05,3.419248190289970957e+00,9.228080877730960196e+00
3.720000000000000000e+03,9.300000000000000000e+03,2.736331791569296570e+02,2.567857467032907266e+02,2.488382350527475921e+02,2.429773077369627003e+02,2.538187814073747859e+02,2.462744319409675597e+02,2.478791832251354208e+02,2.472117681745777418e+02,2.472347319882044587e+02,2.643794076576583620e+02,2.707099313950832880e+02,2.674231969714990669e+02,2.643466084762417836e+02,1.548360727557923528e+05,3.419248190289970957e+00,9.212006529246259845e+00
3.730000000000000000e+03,9.310000000000000000e+03,2.735890000497499841e+02,2.566750694200478620e+02,2.487264900340298652e+02,2.428658094013503330e+02,2.537166767129880043e+02,2.461752799542720709e+02,2.477564708513636731e+02,2.471067397138616855e+02,2.471288862943200968e+02,2.642835165537770195e+02,2.706535715943339255e+02,2.673291378085015708e+02,2.642423973645056208e+02,1.547783050925175776e+05,3.419248190289970957e+00,9.196015594893859557e+00
3.740000000000000000e+03,9.320000000000000000e+03,2.735446557157343364e+02,2.565647410412741465e+02,2.486151860739590802e+02,2.427547541444036767e+02,2.536149579875679478e+02,2.460764249985221284e+02,2.476344202892416888e+02,2.470020699523754217e+02,2.470233967162720319e+02,2.641877551244839992e+02,2.705971466683916447e+02,2.672351691035580075e+02,2.641383105135540745e+02,1.547206965112849721e+05,3.419248190289970957e+00,9.180107387695096932e+00
3.750000000000000000e+03,9.330000000000000000e+03,2.735001476765625057e+02,2.564547599012129240e+02,2.485043202375408953e+02,2.426441388838601370e+02,2.535136227307183958e+02,2.459778660886081241e+02,2.475130245271197111e+02,2.468977572141982648e+02,2.469182616495657214e+02,2.640921241985863048e+02,2.705406574636138544e+02,2.671412918118712696e+02,2.640343492257599678e+02,1.546632461916098546e+05,3.419248190289970957e+00,9.164281228637406684e+00
3.760000000000000000e+03,9.340000000000000000e+03,2.734554774437655738e+02,2.563451243446136232e+02,2.483938896168060353e+02,2.425339605681561750e+02,2.534126684656272914e+02,2.458796022367382363e+02,2.473922766583414443e+02,2.467937998292325688e+02,2.468134794949818627e+02,2.639966245807738687e+02,2.704841048207537142e+02,2.670475068682049482e+02,2.639305147699185454e+02,1.546059533196993580e+05,3.419248190289970957e+00,9.148536446529089261e+00
3.770000000000000000e+03,9.350000000000000000e+03,2.734106465187265940e+02,2.562358327008248580e+02,2.482838913306424047e+02,2.424242161762857108e+02,2.533120927385305095e+02,2.457816324529770213e+02,2.472721698801084074e+02,2.466901961331568884e+02,2.467090486576431942e+02,2.639012570524108128e+02,2.704274895742370290e+02,2.669538151866799467e+02,2.638268084053361804e+02,1.545488170884564170e+05,3.419248190289970957e+00,9.132872377893708205e+00
3.780000000000000000e+03,9.360000000000000000e+03,2.733656563924062652e+02,2.561268833351588796e+02,2.481743225241976347e+02,2.423149027168809653e+02,2.532118931186466853e+02,2.456839557452038889e+02,2.471526974909280341e+02,2.465869444674802651e+02,2.466049675491643143e+02,2.638060223718447901e+02,2.703708125529570339e+02,2.668602176625048514e+02,2.637232313368966743e+02,1.544918366972822696e+05,3.419248190289970957e+00,9.117288366849463088e+00
3.790000000000000000e+03,9.370000000000000000e+03,2.733205085456796724e+02,2.560182746036754793e+02,2.480651803689587211e+02,2.422060172284037378e+02,2.531120671977321024e+02,2.455865711194919072e+02,2.470338528888138114e+02,2.464840431796512803e+02,2.465012345860855874e+02,2.637109212757184764e+02,2.703140745797742852e+02,2.667667151715273803e+02,2.636197847537637244e+02,1.544350113520872837e+05,3.419248190289970957e+00,9.101783765000980964e+00
3.800000000000000000e+03,9.380000000000000000e+03,2.732752044492890491e+02,2.559100048714749391e+02,2.479564620622346354e+02,2.420975567784241775e+02,2.530126125899087697e+02,2.454894775800112825e+02,2.469156295698593340e+02,2.463814906233410511e+02,2.463978481904283626e+02,2.636159544773142898e+02,2.702572764721097087e+02,2.666733085703582447e+02,2.635164698168904351e+02,1.543783402652021614e+05,3.419248190289970957e+00,9.086357931320614867e+00
3.810000000000000000e+03,9.390000000000000000e+03,2.732297455641328270e+02,2.558020725098994319e+02,2.478481648267684818e+02,2.419895184633296594e+02,2.529135269313261176e+02,2.453926741294194187e+02,2.467980211261579484e+02,2.462792851580671822e+02,2.462948067896475663e+02,2.635211226684779717e+02,2.702004190415448193e+02,2.665799986969897759e+02,2.634132876599649080e+02,1.543218226552705164e+05,3.419248190289970957e+00,9.071010232021622599e+00
3.820000000000000000e+03,9.400000000000000000e+03,2.731841333410781658e+02,2.556944758950009486e+02,2.477402859106839514e+02,2.418818994079996116e+02,2.528148078798334097e+02,2.452961597689450173e+02,2.466810212439466738e+02,2.461774251494991290e+02,2.461921088168929259e+02,2.634264265219312620e+02,2.701435030938632735e+02,2.664867863711099290e+02,2.633102393901992286e+02,1.542654577472189558e+05,3.419248190289970957e+00,9.055740040465201091e+00
3.830000000000000000e+03,9.410000000000000000e+03,2.731383692208046909e+02,2.555872134129642177e+02,2.476328225870907431e+02,2.417746967655592698e+02,2.527164531149219044e+02,2.451999334986119834e+02,2.465646237023209437e+02,2.460759089697163517e+02,2.460897527108041913e+02,2.633318666863709154e+02,2.700865294295213630e+02,2.663936723944846108e+02,2.632073260887630113e+02,1.542092447721733188e+05,3.419248190289970957e+00,9.040546737071817773e+00
3.840000000000000000e+03,9.420000000000000000e+03,2.730924546347030741e+02,2.554802834546015902e+02,2.475257721536024178e+02,2.416679077165507010e+02,2.526184603371441995e+02,2.451039943171896880e+02,2.464488223710860098e+02,2.459747349969694028e+02,2.459877369158726594e+02,2.632374437918380181e+02,2.700294988431120942e+02,2.663006575512010272e+02,2.631045488108915720e+02,1.541531829673585598e+05,3.419248190289970957e+00,9.025429709158755642e+00
3.850000000000000000e+03,9.430000000000000000e+03,2.730463910040703013e+02,2.553736844182693062e+02,2.474191319324337428e+02,2.415615294693337489e+02,2.525208272682028507e+02,2.450083412226298094e+02,2.463336112096007184e+02,2.458739016156793298e+02,2.458860598822214172e+02,2.631431584480990864e+02,2.699724121240513455e+02,2.662077426078368489e+02,2.630019085868186721e+02,1.540972715761025611e+05,3.419248190289970957e+00,9.010388350906774590e+00
3.860000000000000000e+03,9.440000000000000000e+03,2.730001797404375452e+02,2.552674147086751191e+02,2.473128992698977413e+02,2.414555592591970026e+02,2.524235516504728594e+02,2.449129732120290726e+02,2.462189842646677675e+02,2.457734072166946646e+02,2.457847200658502231e+02,2.630490112457953273e+02,2.699152700559312166e+02,2.661149283138280452e+02,2.628994064218906601e+02,1.540415098476824060e+05,3.419248190289970957e+00,8.995422063207847430e+00
3.870000000000000000e+03,9.450000000000000000e+03,2.729538222459219128e+02,2.551614727381067382e+02,2.472070715360574980e+02,2.413499943480856587e+02,2.523266312468298338e+02,2.448178892816681298e+02,2.461049356694477126e+02,2.456732501974082368e+02,2.456837159285587404e+02,2.629550027557341423e+02,2.698580734171815720e+02,2.660222154019553500e+02,2.627970432971628156e+02,1.539858970373263583e+05,3.419248190289970957e+00,8.980530253594224632e+00
3.880000000000000000e+03,9.460000000000000000e+03,2.729075098081171973e+02,2.550593078700575518e+02,2.473224126919707544e+02,2.412977690081538640e+02,2.528610681332098977e+02,2.463362952643878714e+02,2.460039960695078207e+02,2.456493262195449745e+02,2.456589437527167092e+02,2.628622082357213117e+02,2.698017529078136931e+02,2.659308078862851517e+02,2.626958935457531652e+02,1.540647459024226991e+05,1.692568239730534785e+01,9.040797019481763286e+00
3.890000000000000000e+03,9.470000000000000000e+03,2.728612987942734662e+02,2.549627882400735928e+02,2.475004251848497177e+02,2.412578780640427851e+02,2.533385769292405598e+02,2.477365062555693669e+02,2.459104291204318145e+02,2.456395036744955576e+02,2.456482723426185260e+02,2.627709265986658806e+02,2.697465074634921507e+02,2.658409964549898064e+02,2.625962569388022416e+02,1.541424219828751520e+05,1.685435885119501620e+01,9.086751492573350575e+00
3.900000000000000000e+03,9.480000000000000000e+03,2.728152124733671826e+02,2.548726640480071808e+02,2.476956604501389450e+02,2.412277726224609182e+02,2.537830502596274016e+02,2.490777230965988736e+02,2.458217286877870720e+02,2.456389158833525244e+02,2.456468350100219311e+02,2.626812644682380551e+02,2.696923937500174588e+02,2.657528783161437218e+02,2.624982414457245454e+02,1.542189454121695308e+05,1.678133186054681758e+01,9.128989520469664498e+00
3.910000000000000000e+03,9.490000000000000000e+03,2.727692648065781214e+02,2.547891147457288525e+02,2.478947617072019796e+02,2.412056470171785918e+02,2.542021647749395186e+02,2.503801652407639438e+02,2.457367619828539205e+02,2.456450769611005285e+02,2.456521456664675327e+02,2.625932715012849599e+02,2.696394346809835838e+02,2.656665000374542274e+02,2.624018982161558142e+02,1.542943102222968300e+05,1.670661068449017606e+01,9.170130239321627741e+00
3.920000000000000000e+03,9.500000000000000000e+03,2.727234666978593509e+02,2.547120610407588401e+02,2.480935938290359957e+02,2.411902347191247600e+02,2.545986900904414654e+02,2.516518358054680959e+02,2.456549745655489687e+02,2.456565698582436141e+02,2.456627870545908365e+02,2.625069760902451890e+02,2.695876402819641271e+02,2.655818888833750862e+02,2.623072571809549913e+02,1.543685039332686283e+05,1.663020479696112730e+01,9.210834268953103532e+00
3.930000000000000000e+03,9.510000000000000000e+03,2.726778278290312869e+02,2.546413137736862495e+02,2.482907892294663839e+02,2.411806216329800918e+02,2.549738265625707356e+02,2.528965169900932892e+02,2.455760675950630798e+02,2.456724889641870391e+02,2.456778534278094810e+02,2.624223960379442815e+02,2.695370129071962992e+02,2.654990615099300157e+02,2.622143377002327043e+02,1.544415125535128172e+05,1.655212388550114966e+01,9.251262434575791005e+00
3.940000000000000000e+03,9.520000000000000000e+03,2.726323572505547190e+02,2.545766406424203296e+02,2.484858496471468641e+02,2.411761254454037271e+02,2.553282417381042535e+02,2.541163313070059360e+02,2.454998602473098686e+02,2.456921965957036775e+02,2.456967070478566484e+02,2.623395422927337677e+02,2.694875493118352097e+02,2.654180273769588894e+02,2.621231522905133602e+02,1.545133219191304233e+05,1.647237785002887378e+01,9.291441869541591458e+00
3.950000000000000000e+03,9.530000000000000000e+03,2.725870635818749861e+02,2.545177952667018531e+02,2.486785619194181720e+02,2.411762201352858881e+02,2.556624108210879172e+02,2.553126449225422334e+02,2.454262275117350498e+02,2.457152090343105328e+02,2.457188642082783474e+02,2.622584205664178967e+02,2.694392419819806150e+02,2.653387905267935025e+02,2.620337082396432606e+02,1.545839180688864726e+05,1.639097680158482007e+01,9.331362414211211487e+00
3.960000000000000000e+03,9.540000000000000000e+03,2.725419550784844205e+02,2.544645298488867411e+02,2.488688101176072962e+02,2.411804877401017393e+02,2.559767346626475160e+02,2.564864260727221108e+02,2.453550705988847653e+02,2.457411389058310078e+02,2.457439375947141684e+02,2.621790322353521105e+02,2.693920800277730905e+02,2.652613506436103989e+02,2.619460085082524756e+02,1.546532873512745718e+05,1.630793106104947654e+01,9.371003417523434464e+00
3.970000000000000000e+03,9.550000000000000000e+03,2.724970396523202680e+02,2.544166006567650413e+02,2.490565128135972088e+02,2.411885866786161330e+02,2.562715825099714380e+02,2.576384069545388797e+02,2.452863024037631021e+02,2.457696636941409736e+02,2.457716047833120001e+02,2.621013749584257084e+02,2.693460498245693202e+02,2.651857037703126707e+02,2.618600523450412538e+02,1.547214164529929112e+05,1.622325115783466742e+01,9.410341589509796378e+00
3.980000000000000000e+03,9.560000000000000000e+03,2.724523248738047414e+02,2.543737703539927963e+02,2.492416016048821632e+02,2.412002304529044352e+02,2.565473079059441943e+02,2.587691666026289568e+02,2.452198403281077219e+02,2.458005072274866052e+02,2.458015897264376406e+02,2.620254431556476220e+02,2.693011355089384438e+02,2.651118428187170935e+02,2.617758357628653130e+02,1.547882924035078322e+05,1.613694782854855347e+01,9.449353389774980627e+00
3.990000000000000000e+03,9.570000000000000000e+03,2.724078179686249541e+02,2.543358089329027507e+02,2.494240136787572339e+02,2.412151730496470634e+02,2.568042546560700430e+02,2.598791781734640836e+02,2.451556028520078314e+02,2.458334280453951806e+02,2.458336510909848869e+02,2.619512284004122762e+02,2.692573193586740672e+02,2.650397579624161040e+02,2.616933519285927332e+02,1.548539025723194063e+05,1.604903201563428894e+01,9.488015755925996331e+00
4.000000000000000000e+03,9.580000000000000000e+03,2.723635258133125490e+02,2.543024939890941312e+02,2.496036893098026326e+02,2.412331987649000951e+02,2.570427589908753134e+02,2.609688382631395598e+02,2.450935080547777432e+02,2.458682116290190152e+02,2.458675744959494978e+02,2.618787197498568844e+02,2.692145821056659543e+02,2.649694369523662658e+02,2.616125914926019504e+02,1.549182346642111079e+05,1.595951486598266911e+01,9.526306306617374986e+00
4.010000000000000000e+03,9.590000000000000000e+03,2.723194549311719470e+02,2.542736106942855088e+02,2.497805710665322465e+02,2.412541150040187006e+02,2.572631502756894406e+02,2.620384863081571325e+02,2.450334731451287098e+02,2.459046649550191432e+02,2.459031670723814784e+02,2.618079040284828807e+02,2.691729031913156973e+02,2.649008653776178903e+02,2.615335428679754841e+02,1.549812767141194781e+05,1.586840772951878442e+01,9.564203377119557814e+00
4.020000000000000000e+03,9.600000000000000000e+03,2.722756114721327663e+02,2.542489516634973654e+02,2.499546036373773745e+02,2.412777471142312322e+02,2.574657511396940208e+02,2.630884180064199427e+02,2.449754145034001738e+02,2.459426125471423745e+02,2.459402534902186517e+02,2.617387660729636423e+02,2.691322609750870924e+02,2.648340268900933552e+02,2.614561924750722710e+02,1.550430170821537322e+05,1.577572215776298314e+01,9.601686002647859652e+00
4.030000000000000000e+03,9.610000000000000000e+03,2.722320012767031017e+02,2.542283164658204271e+02,2.501257337907943850e+02,2.413039346250573089e+02,2.576508775089278060e+02,2.641188949661915331e+02,2.449192479552102384e+02,2.459818934745761112e+02,2.459786729718013021e+02,2.616712889351110789e+02,2.690926329627203586e+02,2.647689033964753662e+02,2.613805249400786579e+02,1.551034444489328307e+05,1.568146990236619231e+01,9.638733889844161240e+00
4.040000000000000000e+03,9.620000000000000000e+03,2.721886297751718189e+02,2.542115117089870751e+02,2.502939103872678857e+02,2.413325284785027804e+02,2.578188385890130121e+02,2.651301518171319458e+02,2.448648891327171100e+02,2.460223590526194641e+02,2.460182769854853859e+02,2.616054540771264101e+02,2.690539958885081546e+02,2.647054752137050286e+02,2.613065232882428290e+02,1.551625478108752868e+05,1.558566291361998957e+01,9.675327387836347270e+00
4.050000000000000000e+03,9.630000000000000000e+03,2.721455020532734466e+02,2.541983504658577999e+02,2.504590843856164497e+02,2.413633889627406575e+02,2.579699368781070348e+02,2.661224015643073812e+02,2.448122538451348476e+02,2.460638710287686024e+02,2.460589274310467829e+02,2.615412415260609578e+02,2.690163258986708570e+02,2.646437212359257956e+02,2.612341690981253919e+02,1.552203164764256217e+05,1.548831333894138318e+01,9.711447462225894611e+00
4.060000000000000000e+03,9.640000000000000000e+03,2.721026228364296458e+02,2.541886520522535591e+02,2.506212088210853608e+02,2.413963841530403442e+02,2.581044682155814485e+02,2.670958397061739333e+02,2.447612584210228590e+02,2.461063001336044636e+02,2.461004951907638940e+02,2.614786300144424445e+02,2.689795986543982167e+02,2.645836190485931070e+02,2.611634426423066770e+02,1.552767400618088141e+05,1.538943352133262010e+01,9.747075673131329054e+00
4.070000000000000000e+03,9.650000000000000000e+03,2.720599964905625257e+02,2.541822417291383545e+02,2.507802387678864591e+02,2.414313887210927874e+02,2.582227218686936681e+02,2.680506474401664150e+02,2.447118200042152978e+02,2.461495249097001761e+02,2.461428589582123720e+02,2.614175971090066355e+02,2.689437894302686232e+02,2.645251450478826314e+02,2.610943230069177616e+02,1.553318084872081818e+05,1.528903599781624933e+01,9.782194156623983616e+00
4.080000000000000000e+03,9.660000000000000000e+03,2.720176270243125600e+02,2.541789504204008097e+02,2.509361312865737261e+02,2.414682830162560947e+02,2.583249806500686532e+02,2.689869941934813937e+02,2.446638568008383174e+02,2.461934307553718213e+02,2.461859042813434826e+02,2.613581193192110845e+02,2.689088731995553303e+02,2.644682745429809074e+02,2.610267882045337728e+02,1.553855119731915474e+05,1.518713349784551880e+01,9.816785609299330417e+00
4.090000000000000000e+03,9.670000000000000000e+03,2.719755180913437584e+02,2.541786144448209654e+02,2.510888453629448804e+02,2.415069523491170287e+02,2.584115210571803800e+02,2.699050396404679759e+02,2.446172882771593322e+02,2.462379091362093675e+02,2.462295227734432785e+02,2.613001721977691432e+02,2.688748247077152769e+02,2.644129818481983989e+02,2.609608152708655666e+02,1.554378410370517231e+05,1.508373894169041840e+01,9.850833275251268617e+00
4.100000000000000000e+03,9.680000000000000000e+03,2.719336729940000623e+02,2.541810752641328577e+02,2.512383418407734439e+02,2.415472864244968605e+02,2.584826134226261161e+02,2.708049353367783283e+02,2.445720353139877830e+02,2.462828569303552797e+02,2.462736114590641137e+02,2.612437304289236977e+02,2.688416185363454360e+02,2.643592403667879580e+02,2.608963803515788413e+02,1.554887864894072700e+05,1.497886543879947929e+01,9.884320935032402389e+00
4.110000000000000000e+03,9.690000000000000000e+03,2.718920946858984280e+02,2.541861792428789784e+02,2.513845833505219503e+02,2.415891788899509436e+02,2.585385220809217799e+02,2.716868260447382113e+02,2.445280203227345623e+02,2.463281758804978097e+02,2.463180722251935606e+02,2.611887679093637757e+02,2.688092291594368248e+02,2.643070226660391313e+02,2.608334587832160878e+02,1.555383394307205745e+05,1.487252628613766348e+01,9.917232896637546702e+00
4.120000000000000000e+03,9.700000000000000000e+03,2.718507857768905751e+02,2.541937774310970610e+02,2.515275342390457070e+02,2.416325269698962757e+02,2.585795055357046976e+02,2.725508508244038239e+02,2.444851673290999656e+02,2.463737721324973791e+02,2.463628113599067717e+02,2.611352578205498958e+02,2.687776309902851608e+02,2.642563005472471787e+02,2.607720251610183482e+02,1.555864912480235798e+05,1.476473496650041994e+01,9.949553987628252827e+00
4.130000000000000000e+03,9.710000000000000000e+03,2.718097485369843866e+02,2.542037253544252451e+02,2.516671604998976477e+02,2.416772311676990626e+02,2.586058166303242274e+02,2.733971439350146966e+02,2.444434020296486949e+02,2.464195558433450515e+02,2.464077391605651144e+02,2.610831726951372502e+02,2.687467984252193105e+02,2.642070451074602602e+02,2.607120534070704139e+02,1.556332336116289080e+05,1.465550514680418104e+01,9.981269548510979917e+00
4.140000000000000000e+03,9.720000000000000000e+03,2.717689849014999481e+02,2.542158828187375832e+02,2.518034297059084565e+02,2.417231950174038104e+02,2.586177027168890845e+02,2.742258355879771443e+02,2.444026518268257462e+02,2.464654408472945875e+02,2.464527695989355038e+02,2.610324844774521580e+02,2.687167058796249535e+02,2.641592268006502877e+02,2.606535168273474596e+02,1.556785584718704049e+05,1.454485067635352458e+01,1.001236542708875810e+01
4.150000000000000000e+03,9.730000000000000000e+03,2.717284964755234000e+02,2.542301137330505298e+02,2.519363109437949504e+02,2.417703248767101627e+02,2.586154058239704341e+02,2.750370525768196330e+02,2.443628458455463601e+02,2.465113443680260445e+02,2.464978200343130084e+02,2.609831645784369698e+02,2.686873278197781474e+02,2.641128154895392868e+02,2.605963881668963609e+02,1.557224580558095768e+05,1.443278558508524156e+01,1.004282797365998903e+01
4.160000000000000000e+03,9.740000000000000000e+03,2.716882845404609270e+02,2.542462859404128324e+02,2.520657747528631489e+02,2.418185297508068174e+02,2.585991628199588490e+02,2.758309188092944737e+02,2.443239149360041154e+02,2.465571867707042486e+02,2.465428109647571944e+02,2.609351839270634059e+02,2.686586387908512847e+02,2.640677804975851473e+02,2.605406396594812577e+02,1.557649248642182793e+05,1.431932408178946581e+01,1.007264403680146714e+01
4.170000000000000000e+03,9.750000000000000000e+03,2.716483500571640093e+02,2.542642710547780496e+02,2.521917930654847737e+02,2.418677211409744814e+02,2.585692055738433623e+02,2.766075557589091432e+02,2.442857916651084622e+02,2.466028913446168644e+02,2.465876658102420151e+02,2.608885130170292541e+02,2.686306134495549145e+02,2.640240906547409736e+02,2.604862430733911083e+02,1.558059516681816312e+05,1.420448055230808571e+01,1.010180095974356540e+01
4.180000000000000000e+03,9.760000000000000000e+03,2.716086936755547185e+02,2.542839443285963057e+02,2.523143391523778405e+02,2.419178129128266619e+02,2.585257611087419605e+02,2.773670828502010295e+02,2.442484102985102083e+02,2.466483841152208356e+02,2.466323107239628882e+02,2.608431219496411018e+02,2.686032265704807287e+02,2.639817143399479846e+02,2.604331697543503878e+02,1.558455315061413276e+05,1.408826955771082901e+01,1.013028657720689907e+01
4.190000000000000000e+03,9.770000000000000000e+03,2.715693157370000108e+02,2.543051844944954212e+02,2.524333875705101207e+02,2.419687211807369636e+02,2.584690517525650648e+02,2.781096177820554658e+02,2.442117067782654374e+02,2.466935936747748883e+02,2.466766744238461513e+02,2.607989804778748635e+02,2.685764530841348119e+02,2.639406195305359688e+02,2.603813906652380297e+02,1.558836576805971563e+05,1.397070583244901698e+01,1.015808921233070095e+01
4.200000000000000000e+03,9.780000000000000000e+03,2.715302196889140305e+02,2.543280311432988299e+02,2.525528132495147418e+02,2.420353530977610603e+02,2.584181575581396828e+02,2.788373209691563375e+02,2.441776691991964299e+02,2.467409579820717056e+02,2.467231949997911613e+02,2.607560828849095174e+02,2.685502866899438459e+02,2.639007973472746471e+02,2.603309012458810230e+02,1.559227269241391041e+05,1.409353710615978450e+01,1.018661358987350951e+01
4.210000000000000000e+03,9.790000000000000000e+03,2.714914105812265461e+02,2.543525438873542157e+02,2.526747912568683034e+02,2.421205067451816433e+02,2.583768647110624102e+02,2.795511836654072795e+02,2.441471214538460401e+02,2.467912184615368574e+02,2.467726140129730368e+02,2.607144345465148945e+02,2.685247300206548289e+02,2.638622503107794159e+02,2.602817079979743085e+02,1.559633830701084516e+05,1.428157472870288025e+01,1.021596097533079828e+01
4.220000000000000000e+03,9.800000000000000000e+03,2.714528937991328235e+02,2.543787703628645716e+02,2.527999371473168821e+02,2.422231369862192025e+02,2.583441111690359548e+02,2.802516088291153551e+02,2.441203022915900647e+02,2.468444394016690353e+02,2.468249958883843647e+02,2.606740429199613232e+02,2.684997874411746466e+02,2.638249833195160932e+02,2.602338194922368189e+02,1.560056057333720091e+05,1.446823511132012463e+01,1.024596962828825397e+01
4.230000000000000000e+03,9.810000000000000000e+03,2.714146747375624500e+02,2.544067545518216207e+02,2.529284131854782913e+02,2.423425925753063552e+02,2.583193299375517995e+02,2.809389063812384393e+02,2.440973603896329962e+02,2.469006617248379030e+02,2.468803816796597914e+02,2.606349159555080064e+02,2.684754636169847686e+02,2.637890016838273937e+02,2.601872447834027753e+02,1.560493748476845212e+05,1.465349458724634069e+01,1.027658399907350173e+01
4.240000000000000000e+03,9.820000000000000000e+03,2.713767587069374940e+02,2.544365377013519094e+02,2.530602445823258222e+02,2.424783747286315361e+02,2.583021425975826446e+02,2.816133311798421914e+02,2.440783921012681503e+02,2.469599086874827378e+02,2.469387947682995730e+02,2.605970617371576736e+02,2.684517632325993191e+02,2.637543106650551863e+02,2.601419930475041724e+02,1.560946703964181652e+05,1.483732966733800396e+01,1.030777563517786355e+01
4.250000000000000000e+03,9.830000000000000000e+03,2.713391509069764993e+02,2.544681581005508235e+02,2.531954125746474631e+02,2.426300558083052579e+02,2.582922562625073510e+02,2.822751025464509098e+02,2.440634607595545162e+02,2.470221912145620990e+02,2.470002461977875328e+02,2.605604883373787857e+02,2.684286909161644985e+02,2.637209153288305288e+02,2.600980734418093903e+02,1.561414723382886441e+05,1.501971704305151434e+01,1.033952369460430454e+01
4.260000000000000000e+03,9.840000000000000000e+03,2.713018564157500236e+02,2.545016509490849899e+02,2.533338831313058392e+02,2.427972483617083412e+02,2.582894245888314231e+02,2.829244150762797290e+02,2.440526073039857522e+02,2.470875115184476272e+02,2.470647382804791334e+02,2.605252037440801587e+02,2.684062511922127214e+02,2.636888204703261636e+02,2.600554950110155232e+02,1.561897605826782819e+05,1.520063358939839304e+01,1.037180987355182005e+01
4.270000000000000000e+03,9.850000000000000000e+03,2.712648801896483519e+02,2.545370482263773795e+02,2.534756162506845101e+02,2.429795913397557854e+02,2.582934307153890927e+02,2.835614452287136942e+02,2.440458566627186201e+02,2.471558654308074665e+02,2.471322669868332298e+02,2.604912158008119150e+02,2.683844484438614018e+02,2.636580306404525800e+02,2.600142666954527044e+02,1.562395149846873246e+05,1.538005636787738517e+01,1.040461699997356249e+01
4.280000000000000000e+03,9.860000000000000000e+03,2.712282270634374868e+02,2.545743789587815797e+02,2.536205691478808433e+02,2.431767429476799407e+02,2.583040785271854247e+02,2.841863555674183317e+02,2.440432218797751602e+02,2.472272439226352390e+02,2.472028233812222595e+02,2.604585321668776032e+02,2.683632868848233102e+02,2.636285500097756085e+02,2.599743971930092812e+02,1.562907153331709560e+05,1.555796262938285679e+01,1.043792860861937655e+01
4.290000000000000000e+03,9.870000000000000000e+03,2.711919017531093914e+02,2.546136692219361635e+02,2.537686974032641274e+02,2.433883762854993904e+02,2.583211875468455219e+02,2.847992977637932768e+02,2.440447069480251514e+02,2.473016341302955539e+02,2.472763947059059149e+02,2.604271602826847811e+02,2.683427705343510752e+02,2.636003824181548794e+02,2.599358949877939722e+02,1.563433413515541761e+05,1.573432981708909040e+01,1.047172880265577177e+01
4.300000000000000000e+03,9.880000000000000000e+03,2.711559088575859278e+02,2.546549423129694389e+02,2.539199554179707263e+02,2.436141764508839174e+02,2.583445895981826084e+02,2.854004147322055474e+02,2.440503088245217782e+02,2.473790200763920382e+02,2.473529650877342760e+02,2.603971073432418279e+02,2.683229031991473335e+02,2.635735313420792636e+02,2.598987683077505721e+02,1.563973726934251026e+05,1.590913556931034556e+01,1.050600219917388856e+01
4.310000000000000000e+03,9.890000000000000000e+03,2.711202528615625056e+02,2.546982188970658001e+02,2.540742966173479829e+02,2.438538384491147326e+02,2.583741264688177353e+02,2.859898422192369480e+02,2.440600189064934682e+02,2.474593831959279555e+02,2.474325160651446822e+02,2.603683802778446079e+02,2.683036884579470325e+02,2.635479998840963276e+02,2.598630251049311255e+02,1.564527889397668478e+05,1.608235772233606653e+01,1.054073390208142769e+01
4.320000000000000000e+03,9.900000000000000000e+03,2.710849381372343601e+02,2.547435171373099081e+02,2.542316735595610737e+02,2.441070656150610603e+02,2.584096481931694598e+02,2.865677100067301808e+02,2.440738241314072638e+02,2.475427027338974710e+02,2.475150269850953748e+02,2.603409857325061125e+02,2.682851296573261379e+02,2.635237907689973440e+02,2.598286730379485903e+02,1.565095695961198944e+05,1.625397431324108410e+01,1.057590948400933861e+01
4.330000000000000000e+03,9.910000000000000000e+03,2.710499689477812808e+02,2.547908528381615270e+02,2.543920380041311091e+02,2.443735683985522371e+02,2.584510117423042175e+02,2.871341428345213558e+02,2.440917078094131227e+02,2.476289560518139581e+02,2.476004753105976306e+02,2.603149300577188683e+02,2.682672299004366891e+02,2.635009063392424764e+02,2.597957194591165262e+02,1.565676940902221249e+05,1.642396358267023260e+01,1.061151497118435927e+01
4.340000000000000000e+03,9.920000000000000000e+03,2.710153494483984673e+02,2.548402395673131764e+02,2.545553409686315831e+02,2.446530633879781647e+02,2.584980800085878627e+02,2.876892611203765000e+02,2.441136502601274572e+02,2.477181188712010851e+02,2.476888368639492910e+02,2.602902192983019063e+02,2.682499920462846603e+02,2.634793485567170137e+02,2.597641714037524139e+02,1.566271417696251301e+05,1.659230397759726827e+01,1.064753682919404199e+01
4.350000000000000000e+03,9.930000000000000000e+03,2.709810836894999397e+02,2.548916887752773164e+02,2.547215327746634443e+02,2.449452725290228159e+02,2.585507209993472770e+02,2.882331815245298685e+02,2.441396293036907821e+02,2.478101654685108883e+02,2.477800860217774357e+02,2.602668591857191700e+02,2.682334187091320814e+02,2.634591190020042291e+02,2.597340355838633741e+02,1.566878918995138083e+05,1.675897415405761848e+01,1.068396194904623542e+01
4.360000000000000000e+03,9.940000000000000000e+03,2.709471756184765923e+02,2.549452099020921878e+02,2.548905630902707742e+02,2.452499224850696464e+02,2.586088071898489602e+02,2.887660173978338207e+02,2.441696206436171508e+02,2.479050688340572606e+02,2.478741958739095708e+02,2.602448551329666202e+02,2.682175122568280017e+02,2.634402188849444997e+02,2.597053183813824830e+02,1.567499236607382772e+05,1.692395297985454405e+01,1.072077763333457590e+01
4.370000000000000000e+03,9.950000000000000000e+03,2.709136290818827888e+02,2.550008104826520992e+02,2.550623809694648401e+02,2.455667441076392663e+02,2.586722149968796884e+02,2.892878791407763970e+02,2.442035981665227666e+02,2.480028008023208770e+02,2.479711383530896285e+02,2.602242122306734018e+02,2.682022748178994220e+02,2.634226490436892050e+02,2.596780258449674079e+02,1.568132161479527422e+05,1.708721953723850362e+01,1.075797158237466000e+01
4.380000000000000000e+03,9.960000000000000000e+03,2.708804478280234775e+02,2.550584962420287241e+02,2.552369348877082302e+02,2.458954719947323042e+02,2.587408243450743726e+02,2.897988744919819624e+02,2.442415341792880952e+02,2.481033321606420543e+02,2.480708843453979000e+02,2.602049352444448687e+02,2.681877082832111228e+02,2.634064099537095558e+02,2.596521636872420231e+02,1.568777483679559373e+05,1.724875312555934670e+01,1.079553188042896039e+01
4.390000000000000000e+03,9.970000000000000000e+03,2.708476355090312495e+02,2.551182711838560806e+02,2.554141727771330750e+02,2.462358441179376598e+02,2.588145183071785596e+02,2.902991087637581700e+02,2.442833995980320196e+02,2.482066327398296437e+02,2.481734037793588072e+02,2.601870286143458770e+02,2.681738143108255485e+02,2.633915017362384106e+02,2.596277372836818813e+02,1.569434992382295604e+05,1.740853326389100175e+01,1.083344698192382261e+01
4.400000000000000000e+03,9.980000000000000000e+03,2.708151956823593878e+02,2.551801376930205265e+02,2.555940420574368375e+02,2.465876015061142823e+02,2.588931828033698253e+02,2.907886850334218707e+02,2.443291640990776727e+02,2.483126714916878939e+02,2.482786657035655935e+02,2.601704964547676582e+02,2.681605943154235661e+02,2.633779241659576655e+02,2.596047516724339062e+02,1.570104475855415803e+05,1.756653969362814394e+01,1.087170569774984941e+01
4.410000000000000000e+03,9.990000000000000000e+03,2.707831318136484242e+02,2.552440965700621973e+02,2.557764896671096153e+02,2.469504879723127431e+02,2.589767063438049490e+02,2.912677043018691165e+02,2.443787962418112443e+02,2.484214165531659546e+02,2.483866383518530085e+02,2.601553425537956628e+02,2.681480495107315960e+02,2.633656766795394901e+02,2.595832115544021690e+02,1.570785721447665419e+05,1.772275238105492789e+01,1.091029718154729444e+01
4.420000000000000000e+03,1.000000000000000000e+04,2.707514472781562631e+02,2.553101471276060863e+02,2.559614620954405382e+02,2.473242498814796306e+02,2.590649798118263902e+02,2.917362656280344595e+02,2.444322635683838598e+02,2.485328352996318699e+02,2.484972891989783363e+02,2.601415703746752115e+02,2.681361808856651123e+02,2.633547583852296725e+02,2.595631212941543140e+02,1.571478515579015657e+05,1.787715151988495421e+01,1.094921091619038478e+01
4.430000000000000000e+03,1.001000000000000000e+04,2.707201453636093902e+02,2.553782872918756652e+02,2.561489053908888422e+02,2.477086359452364661e+02,2.591578962720171262e+02,2.921944662245479662e+02,2.444895326859976024e+02,2.486468944085344219e+02,2.486105850094143364e+02,2.601291830599108152e+02,2.681249892207486596e+02,2.633451680728651354e+02,2.595444849224497261e+02,1.572182643732060969e+05,1.802971753377264008e+01,1.098843670006127304e+01
4.440000000000000000e+03,1.002000000000000000e+04,2.706892292717734563e+02,2.554485135960617583e+02,2.563387652146951154e+02,2.481033970439254688e+02,2.592553508070556063e+02,2.926424015689343605e+02,2.445505693348830505e+02,2.487635598806500923e+02,2.487264918798601059e+02,2.601181834295294379e+02,2.681144750977566105e+02,2.633369042226166812e+02,2.595273061370158416e+02,1.572897890445061494e+05,1.818043107879519127e+01,1.102796463372364322e+01
4.450000000000000000e+03,1.003000000000000000e+04,2.706587021204062466e+02,2.555208213027662794e+02,2.565309868461402516e+02,2.485082860705930443e+02,2.593572403812905236e+02,2.930801654703000736e+02,2.446153384461704832e+02,2.488827970798547540e+02,2.488449752777920310e+02,2.601085739862753030e+02,2.681046388875455477e+02,2.633299650163810952e+02,2.595115883052834533e+02,1.573624039306012273e+05,1.832927304590532103e+01,1.106778510642854485e+01
4.460000000000000000e+03,1.004000000000000000e+04,2.706285669446953079e+02,2.555952044142203761e+02,2.567255152043169915e+02,2.489230577925703756e+02,2.594634637059635907e+02,2.935078501316547772e+02,2.446838041899850111e+02,2.490045707862514348e+02,2.489660000714426076e+02,2.601003569166487068e+02,2.680954807908098019e+02,2.633243483456529361e+02,2.594973344675104272e+02,1.574360872949667100e+05,1.847622456335406227e+01,1.110788878288947146e+01
4.470000000000000000e+03,1.005000000000000000e+04,2.705988267004922250e+02,2.556716557497474298e+02,2.569222948757651466e+02,2.493474687291457030e+02,2.595739211297002385e+02,2.939255462110864983e+02,2.447559300173489021e+02,2.491288452069968571e+02,2.490895305608362094e+02,2.600935340944590166e+02,2.680870008178563353e+02,2.633200518228850342e+02,2.594845473389149788e+02,1.575108173054703802e+05,1.862126699908350602e+01,1.114826658986675056e+01
4.480000000000000000e+03,1.006000000000000000e+04,2.705694842651797103e+02,2.557501669872327739e+02,2.571212701372126617e+02,2.497812770439785197e+02,2.596885145376031687e+02,2.943333428734373456e+02,2.448316786962357128e+02,2.492555839958247645e+02,2.492155305029467058e+02,2.600881070837173183e+02,2.680791988056001856e+02,2.633170727906205570e+02,2.594732293115772563e+02,1.575865720343190187e+05,1.876438196308918549e+01,1.118890970288254216e+01
4.490000000000000000e+03,1.007000000000000000e+04,2.705405424403828079e+02,2.558307287007034745e+02,2.573223849516919586e+02,2.502242424435202963e+02,2.598071472607762189e+02,2.947313278097460625e+02,2.449110123430414490e+02,2.493847503279168905e+02,2.493439631404238810e+02,2.600840771414163441e+02,2.680720744304891809e+02,2.633154083286263472e+02,2.594633824593760210e+02,1.576633294581416703e+05,1.890555130975177178e+01,1.122980953354330147e+01
4.500000000000000000e+03,1.008000000000000000e+04,2.705120039528046618e+02,2.559133304368096162e+02,2.575255830225281102e+02,2.506761261008467727e+02,2.599297239945145748e+02,2.951195873037649449e+02,2.449938924508949185e+02,2.495163068431842817e+02,2.494747912195146853e+02,2.600814452196563593e+02,2.680656271809060627e+02,2.633150552695860256e+02,2.594550085392777987e+02,1.577410674583012005e+05,1.904475714013777576e+01,1.127095771590338202e+01
4.510000000000000000e+03,1.009000000000000000e+04,2.704838714565702844e+02,2.559979607120104106e+02,2.577308077787381535e+02,2.511366905726502523e+02,2.600561507243711503e+02,2.954982062377869738e+02,2.450802799143013431e+02,2.496502157267578923e+02,2.496079770098574215e+02,2.600802119727336503e+02,2.680598564158067916e+02,2.633160102000830420e+02,2.594481089957485551e+02,1.578197638211736339e+05,1.918198180426889721e+01,1.131234609383955458e+01
4.520000000000000000e+03,1.010000000000000000e+04,2.704561475346249608e+02,2.560846070716220879e+02,2.579380024230571848e+02,2.516056997160447395e+02,2.601863346571592501e+02,2.958672681429430895e+02,2.451701350521675238e+02,2.497864386891361050e+02,2.497434823250036402e+02,2.600803777541202066e+02,2.680547613360913601e+02,2.633182694754356703e+02,2.594426849622964255e+02,1.578993962387017673e+05,1.931720790335992533e+01,1.135396670775447348e+01
4.530000000000000000e+03,1.011000000000000000e+04,2.704288347008907181e+02,2.561732561211215966e+02,2.581471099094524675e+02,2.520829186640825981e+02,2.603201841612275302e+02,2.962268551940575207e+02,2.452634176282181784e+02,2.499249370243247483e+02,2.498812685395541848e+02,2.600819426230335125e+02,2.680503409991820831e+02,2.633218292259954865e+02,2.594387372641493812e+02,1.579799423091949720e+05,1.945041829202473949e+01,1.139581178262313088e+01
4.540000000000000000e+03,1.012000000000000000e+04,2.704019354014999976e+02,2.562638935791078438e+02,2.583580729856179232e+02,2.525681137412532280e+02,2.604576087053786750e+02,2.965770482489925257e+02,2.453600868702950493e+02,2.500656715964771308e+02,2.500212966061889119e+02,2.600849063473615956e+02,2.680465943233670032e+02,2.633266853591366612e+02,2.594362664228592052e+02,1.580613795380687225e+05,1.958159608045017919e+01,1.143787371460574853e+01
4.550000000000000000e+03,1.013000000000000000e+04,2.703754520160234733e+02,2.563565042835580243e+02,2.585708341348565114e+02,2.530610524276003446e+02,2.605985189636877521e+02,2.969179268630585966e+02,2.454601014699326527e+02,2.502086028230926331e+02,2.501635270705193932e+02,2.600892684055706354e+02,2.680435200879348372e+02,2.633328335844821027e+02,2.594352726575922361e+02,1.581436853388500458e+05,1.971072463653749551e+01,1.148014506056500039e+01
4.560000000000000000e+03,1.014000000000000000e+04,2.703493868597578285e+02,2.564510722321265916e+02,2.587853358584226271e+02,2.535615033136604097e+02,2.607428261480299057e+02,2.972495693058158963e+02,2.455634196632652788e+02,2.503536908497466413e+02,2.503079200862045752e+02,2.600950279895110384e+02,2.680411169564305283e+02,2.633402694017519821e+02,2.594357558885502044e+02,1.582268370343951974e+05,1.983778758801114961e+01,1.152261851837855033e+01
4.570000000000000000e+03,1.015000000000000000e+04,2.703237421845468589e+02,2.565475806220642312e+02,2.590015202692525236e+02,2.540692360686859388e+02,2.608904428917084601e+02,2.975720525744359293e+02,2.456699991644559873e+02,2.505008953305616615e+02,2.504544354292301875e+02,2.601021840071700240e+02,2.680393834604004155e+02,2.633489881172528726e+02,2.594377157387775128e+02,1.583108118580324808e+05,1.996276882449468459e+01,1.156528692514726941e+01
4.580000000000000000e+03,1.016000000000000000e+04,2.702985201804453368e+02,2.566460118675319109e+02,2.592193293998544732e+02,2.545840214065919724e+02,2.610412825925034781e+02,2.978854524077754604e+02,2.457797972204428731e+02,2.506501755886819183e+02,2.506030325111526338e+02,2.601107350852593072e+02,2.680383180130789924e+02,2.633589848494920034e+02,2.594411515376020247e+02,1.583955869550943316e+05,2.008565249955333343e+01,1.160814323863828967e+01
4.590000000000000000e+03,1.017000000000000000e+04,2.702737229758358808e+02,2.567463476300524121e+02,2.594387051367987169e+02,2.551056310583568063e+02,2.611952595207860668e+02,2.981898432986301373e+02,2.458927706218414073e+02,2.508014905990675629e+02,2.507536703929296493e+02,2.601206795719592151e+02,2.680379189148793557e+02,2.633702545345356612e+02,2.594460623220466005e+02,1.584811393844106060e+05,2.020642303270320284e+01,1.165118052630564627e+01
4.600000000000000000e+03,1.018000000000000000e+04,2.702493526414452845e+02,2.568485688424497084e+02,2.596595892304864037e+02,2.556338377563656366e+02,2.613522887873582476e+02,2.984852985043541480e+02,2.460088757155185988e+02,2.509547990005563065e+02,2.509063077960252031e+02,2.601320155358001784e+02,2.680381843517712923e+02,2.633827919329457927e+02,2.594524468375615811e+02,1.585674461200346996e+05,2.032506511138676686e+01,1.169439195376117624e+01
4.610000000000000000e+03,1.019000000000000000e+04,2.702254111882734833e+02,2.569526557350110920e+02,2.598819233088124747e+02,2.561684152110723858e+02,2.615122863111504330e+02,2.987718900586550603e+02,2.461280684173170243e+02,2.511100591038049572e+02,2.510609031136168880e+02,2.601447407752697814e+02,2.680391124025410932e+02,2.633965916349160921e+02,2.594603035452931863e+02,1.586544840530900110e+05,2.044156369291432540e+01,1.173777077297932792e+01
4.620000000000000000e+03,1.020000000000000000e+04,2.702019005699843888e+02,2.570585878584218449e+02,2.601056488898655630e+02,2.567091380975166999e+02,2.616751687851472639e+02,2.990496887799048409e+02,2.462503042241938545e+02,2.512672289064739459e+02,2.512174144275458900e+02,2.601588528141343204e+02,2.680407010399524665e+02,2.634116480658409500e+02,2.594696306192298607e+02,1.587422299937011558e+05,2.055590400637124660e+01,1.178131031088118874e+01
4.630000000000000000e+03,1.021000000000000000e+04,2.701788226839374829e+02,2.571663441022841994e+02,2.603307073917125081e+02,2.572557820495109127e+02,2.618408536512733349e+02,2.993187642826606520e+02,2.463755382262216642e+02,2.514262661035086523e+02,2.513757995131397251e+02,2.601743489051033293e+02,2.680429481365666220e+02,2.634279554884500953e+02,2.594804259492984784e+02,1.588306606730995991e+05,2.066807155449082956e+01,1.182500395810233584e+01
4.640000000000000000e+03,1.022000000000000000e+04,2.701561793722968901e+02,2.572759027255087858e+02,2.605570401442779485e+02,2.578081236484870260e+02,2.620092590712803258e+02,2.995791849853094959e+02,2.465037251176638904e+02,2.515871280989055094e+02,2.515360158543698219e+02,2.601912260314233549e+02,2.680458514647177708e+02,2.634455080095008839e+02,2.594926871415204914e+02,1.589197527458994009e+05,2.077805211549241449e+01,1.186884515778058535e+01
4.650000000000000000e+03,1.023000000000000000e+04,2.701339724224765746e+02,2.573872413665573049e+02,2.607845883987817501e+02,2.583659404231077588e+02,2.621803039014109800e+02,2.998310181195068367e+02,2.466348192094605452e+02,2.517497720156891887e+02,2.516980206561525222e+02,2.602094809093157437e+02,2.680494086994301597e+02,2.634642995830049585e+02,2.595064115229438357e+02,1.590094827924286656e+05,2.088583174488454119e+01,1.191282739481972719e+01
4.660000000000000000e+03,1.024000000000000000e+04,2.701122035676015685e+02,2.575003370684294168e+02,2.610132933437827774e+02,2.589290108498440190e+02,2.623539076699065049e+02,3.000743297403641350e+02,2.467687744395005325e+02,2.519141547069814635e+02,2.518617708447346502e+02,2.602291099879773810e+02,2.680536174207909426e+02,2.634843240136820555e+02,2.595215961401037248e+02,1.590998273211650085e+05,2.099139677723295705e+01,1.195694418508841572e+01
4.670000000000000000e+03,1.025000000000000000e+04,2.700908744874608942e+02,2.576151662965775131e+02,2.612430961068425290e+02,2.594971143531743110e+02,2.625299905549264281e+02,3.003091847337354920e+02,2.469055443833168795e+02,2.520802327666872600e+02,2.520272230948750973e+02,2.602501094517106708e+02,2.680584751150132661e+02,2.635055749598691932e+02,2.595382377612563118e+02,1.591907627713838592e+05,2.109473382789336071e+01,1.200118906522171791e+01
4.680000000000000000e+03,1.026000000000000000e+04,2.700699868094139902e+02,2.577317049571573762e+02,2.614739377715967521e+02,2.600700313139208220e+02,2.627084733649716100e+02,3.005356468261131795e+02,2.470450822654708247e+02,2.522479625381716346e+02,2.521943338278312297e+02,2.602724752205769505e+02,2.680639791767623024e+02,2.635280459359083238e+02,2.595563328771069109e+02,1.592822655159082206e+05,2.119582979470835937e+01,1.204555558232144108e+01
4.690000000000000000e+03,1.027000000000000000e+04,2.700495421080000256e+02,2.578499284136048004e+02,2.617057593881040134e+02,2.606475430794341719e+02,2.628892775166297611e+02,3.007537785928667518e+02,2.471873409693843655e+02,2.524173001227411817e+02,2.523630592250879374e+02,2.602962029516307325e+02,2.680701269092642178e+02,2.635517303155964441e+02,2.595758777023702351e+02,1.593743118638513261e+05,2.129467185966870346e+01,1.209003728406582212e+01
4.700000000000000000e+03,1.028000000000000000e+04,2.700295419053984460e+02,2.579698115224776416e+02,2.619385019717049090e+02,2.612294319645068867e+02,2.630723250232421719e+02,3.009636414678609526e+02,2.473322730477102596e+02,2.525882014120274732e+02,2.525333552365986804e+02,2.603212880403826261e+02,2.680769155103315029e+02,2.635766213334267718e+02,2.595968681758187131e+02,1.594668780636330484e+05,2.139124749053853947e+01,1.213462770934327395e+01
4.710000000000000000e+03,1.029000000000000000e+04,2.700099876733046926e+02,2.580913285739098342e+02,2.621721065313183772e+02,2.618154812816296158e+02,2.632575384728011727e+02,3.011652957534701045e+02,2.474798307324589643e+02,2.527606220540631909e+02,2.527051775949538523e+02,2.603477256183900295e+02,2.680843421365493668e+02,2.636027120848630148e+02,2.596192999611134269e+02,1.595599403060451150e+05,2.148554444244431849e+01,1.217932037847987736e+01
4.720000000000000000e+03,1.030000000000000000e+04,2.699908808308906600e+02,2.582144534201689794e+02,2.624065140659801045e+02,2.624054753447580310e+02,2.634448410170506918e+02,3.013588006296723734e+02,2.476299659450973536e+02,2.529345174970512460e+02,2.528784818199009692e+02,2.603755105577329800e+02,2.680924038103700013e+02,2.636299955297475890e+02,2.596431684471373842e+02,1.596534747273634421e+05,2.157755075942741030e+01,1.222410878448476090e+01
4.730000000000000000e+03,1.031000000000000000e+04,2.699722227462187902e+02,2.583391592162262782e+02,2.626416409596815242e+02,2.629991765502305157e+02,2.636341563494656270e+02,3.015442123693197232e+02,2.477826299194765909e+02,2.531098429820833928e+02,2.530532812497351642e+02,2.604046374688586525e+02,2.681010974777066167e+02,2.636584644859869968e+02,2.596684687349385854e+02,1.597474573916782683e+05,2.166725477595991833e+01,1.226898693909131133e+01
4.740000000000000000e+03,1.032000000000000000e+04,2.699540147358124500e+02,2.584654189011654353e+02,2.628774841813339549e+02,2.635964205343390176e+02,2.638254086971183483e+02,3.017215899948322431e+02,2.479377742556948760e+02,2.532865535582794507e+02,2.532294043664306287e+02,2.604351006999004881e+02,2.681104199962728671e+02,2.636881116379772720e+02,2.596951957555364174e+02,1.598418643736248778e+05,2.175464511842378101e+01,1.231394704082899594e+01
4.750000000000000000e+03,1.033000000000000000e+04,2.699362580652031056e+02,2.585932050739148167e+02,2.631139505330713178e+02,2.641969689080411854e+02,2.640185228132227735e+02,3.018909896780155009e+02,2.480953501814711615e+02,2.534646040976006987e+02,2.534068778209618813e+02,2.604668943408571522e+02,2.681203681393037641e+02,2.637189295443669721e+02,2.597233439800289148e+02,1.599366716508050449e+05,2.183971070655288926e+01,1.235898308482577690e+01
4.760000000000000000e+03,1.034000000000000000e+04,2.699189539478671804e+02,2.587224897743653287e+02,2.633509825934024207e+02,2.648006088942483416e+02,2.642134239665768405e+02,3.020524660858362154e+02,2.482553085286172632e+02,2.536439493185836795e+02,2.535856555539297119e+02,2.605000122275184822e+02,2.681309385922086790e+02,2.637509106273951716e+02,2.597529077162843691e+02,1.600318551747568126e+05,2.192244075483791121e+01,1.240408843508428660e+01
4.770000000000000000e+03,1.035000000000000000e+04,2.699021035459921904e+02,2.588532445955142975e+02,2.635885221414548596e+02,2.654071301973218624e+02,2.644100379335666844e+02,3.022060727959032533e+02,2.484175998067918272e+02,2.538245437343985316e+02,2.537656913428249084e+02,2.605344479174258936e+02,2.681421279523991643e+02,2.637840471730146987e+02,2.597838809867968735e+02,1.601273908599255374e+05,2.200282477389380631e+01,1.244925631117386544e+01
4.780000000000000000e+03,1.036000000000000000e+04,2.698857079696640540e+02,2.589854406846641268e+02,2.638265106159414017e+02,2.660163237821164444e+02,2.646082909827352978e+02,3.023518623682559223e+02,2.485821742542648565e+02,2.540063417565337431e+02,2.539469391777685416e+02,2.605701947282857418e+02,2.681539327275435767e+02,2.638183313298686699e+02,2.598162575395739395e+02,1.602232545874362986e+05,2.208085257178974103e+01,1.249447985716134824e+01
4.790000000000000000e+03,1.037000000000000000e+04,2.698697682763749413e+02,2.591190488006283204e+02,2.640648893959237284e+02,2.666279817899861087e+02,2.648081098695632818e+02,3.024898863528545689e+02,2.487489818645850335e+02,2.541892976226552889e+02,2.541293530618892760e+02,2.606072457084263760e+02,2.681663493330982533e+02,2.638537551092172748e+02,2.598500308472830511e+02,1.603194222087573435e+05,2.215651425534141694e+01,1.253975213995823346e+01
4.800000000000000000e+03,1.038000000000000000e+04,2.698542854708202867e+02,2.592540393085326400e+02,2.643035998500366190e+02,2.672418975087984450e+02,2.650094218256978706e+02,3.026201952910228670e+02,2.489179724002420073e+02,2.543733654634117727e+02,2.543128869710676554e+02,2.606455936454366906e+02,2.681793740990368065e+02,2.638903103838949846e+02,2.598851941078099799e+02,1.604158695496242144e+05,2.222980023136535976e+01,1.258506614169183102e+01
4.810000000000000000e+03,1.039000000000000000e+04,2.698392605047421853e+02,2.593903821963886571e+02,2.645425834041986946e+02,2.678578654329335791e+02,2.652121545536195981e+02,3.027428387203567013e+02,2.490890954059495357e+02,2.545584992512145561e+02,2.544974948191827480e+02,2.606852310658862848e+02,2.681930032585789263e+02,2.639279888870648278e+02,2.599217402435665463e+02,1.605125724139832600e+05,2.230070120789527621e+01,1.263041475165237593e+01
4.820000000000000000e+03,1.040000000000000000e+04,2.698246942753046369e+02,2.595280471015702233e+02,2.647817815455996993e+02,2.684756812903756327e+02,2.654162362160921589e+02,3.028578651803684352e+02,2.492623002124468599e+02,2.547446528503199090e+02,2.546831304423618008e+02,2.607261502338436117e+02,2.682072329537547262e+02,2.639667822109873327e+02,2.599596619018872161e+02,1.606095065879502217e+05,2.236920819536012672e+01,1.267579075988922455e+01
4.830000000000000000e+03,1.041000000000000000e+04,2.698105876255625049e+02,2.596670032979557163e+02,2.650211358474870167e+02,2.690951420875857139e+02,2.656215954352821882e+02,3.029653222239045931e+02,2.494375359505605161e+02,2.549317800147624666e+02,2.548697475928117058e+02,2.607683431473445239e+02,2.682220592320684318e+02,2.640066818049483572e+02,2.599989514550326248e+02,1.607066478439423081e+05,2.243531250772404562e+01,1.272118685159362883e+01
4.840000000000000000e+03,1.042000000000000000e+04,2.697969413431172256e+02,2.598072197072597191e+02,2.652605879815050116e+02,2.697160461524496213e+02,2.658281612857633718e+02,3.030652564279048420e+02,2.496147515545359568e+02,2.551198343971447287e+02,2.550572999371836431e+02,2.608118015534916481e+02,2.682374780453089329e+02,2.640476789730929568e+02,2.600396009964068185e+02,1.608039719448052638e+05,2.249900576358749760e+01,1.276659560182450903e+01
4.850000000000000000e+03,1.043000000000000000e+04,2.697837561600234153e+02,2.599486649315563227e+02,2.655000797266220047e+02,2.703381931724934475e+02,2.660358632897533084e+02,3.031577134059584182e+02,2.497938957731667813e+02,2.553087695582569552e+02,2.552457410637850046e+02,2.608565169226363309e+02,2.682534852491063475e+02,2.640897648725813269e+02,2.600816023433802116e+02,1.609014546480727731e+05,2.256027988725008981e+01,1.281200947092137632e+01
4.860000000000000000e+03,1.044000000000000000e+04,2.697710327501093843e+02,2.600913072453040513e+02,2.657395529819282842e+02,2.709613842357931617e+02,2.662446314141837433e+02,3.032427378218949343e+02,2.499749171777271215e+02,2.554985389750703746e+02,2.554350244825040193e+02,2.609024804652397052e+02,2.682700766014932015e+02,2.641329305107389018e+02,2.601249470349375770e+02,1.609990717100868060e+05,2.261912710973438934e+01,1.285742080014594180e+01
4.870000000000000000e+03,1.045000000000000000e+04,2.697587717305547699e+02,2.602351146083170761e+02,2.659789497753416754e+02,2.715854218695920395e+02,2.664543960670587239e+02,3.033203734039518622e+02,2.501577641713428193e+02,2.556890960495237550e+02,2.556251036335821425e+02,2.609496831266224035e+02,2.682872477595203122e+02,2.641771667429469517e+02,2.601696263319627747e+02,1.610967988904725353e+05,2.267553996977104447e+01,1.290282180791509603e+01
4.880000000000000000e+03,1.046000000000000000e+04,2.697469736594921983e+02,2.603800546741504149e+02,2.662182122738796011e+02,2.722101100799479241e+02,2.666650880946656912e+02,3.033906629595066988e+02,2.503423849966522141e+02,2.558803941175161185e+02,2.558159318935412614e+02,2.609981155868988481e+02,2.683049942795094580e+02,2.642224642700260233e+02,2.602156312152688997e+02,1.611946119563825778e+05,2.272951131474471254e+01,1.294820458630174187e+01
4.890000000000000000e+03,1.047000000000000000e+04,2.697356390336484537e+02,2.605260948101647500e+02,2.664572827934932775e+02,2.728352543894956739e+02,2.668766387809395724e+02,3.034536483902317059e+02,2.505287277468044635e+02,2.560723864549126461e+02,2.560074625804941206e+02,2.610477682580066130e+02,2.683233116143807138e+02,2.642688136351648041e+02,2.602629523856165861e+02,1.612924866868811368e+05,2.278103430160103571e+01,1.299356109795183833e+01
4.900000000000000000e+03,1.048000000000000000e+04,2.697247682926874859e+02,2.606732020781269057e+02,2.666961038042268228e+02,2.734606618779601490e+02,2.670889798401487951e+02,3.035093707083743197e+02,2.507167403720270613e+02,2.562650262942792097e+02,2.561996489707819933e+02,2.610986312845656130e+02,2.683421951126770750e+02,2.643162052210622051e+02,2.603115802617806480e+02,1.613903988774295722e+05,2.283010239771419947e+01,1.303888317365807836e+01
4.910000000000000000e+03,1.049000000000000000e+04,2.697143618107969019e+02,2.608213432828294458e+02,2.669346179437699789e+02,2.740861412214165398e+02,2.673020434203621107e+02,3.035578700507337544e+02,2.509063706904467494e+02,2.564582668217590822e+02,2.563924442948501223e+02,2.611506945439417109e+02,2.683616400191492062e+02,2.643646292470224921e+02,2.603615049827263874e+02,1.614883243443216779e+05,2.287670938171526913e+01,1.308416250972361006e+01
4.920000000000000000e+03,1.050000000000000000e+04,2.697044199005859468e+02,2.609704849549459027e+02,2.671727680252966479e+02,2.747115027300727093e+02,2.675157621026880292e+02,3.035991856978678243e+02,2.510975663962632609e+02,2.566520611911878404e+02,2.565858017521532588e+02,2.612039476442998875e+02,2.683816414667991239e+02,2.644140757660874215e+02,2.604127164028328139e+02,1.615862389291425352e+05,2.292084934428094911e+01,1.312939066633201790e+01
4.930000000000000000e+03,1.051000000000000000e+04,2.696949428097812529e+02,2.611205933625159901e+02,2.674104970452031012e+02,2.753365583897701754e+02,2.677300688939661768e+02,3.036333560865464278e+02,2.512902750696222824e+02,2.568463625396175303e+02,2.567796745179452955e+02,2.612583799238885263e+02,2.684021944812570837e+02,2.644645346617429595e+02,2.604652040932845125e+02,1.616841185032927606e+05,2.296251668888285380e+01,1.317455906607310823e+01
4.940000000000000000e+03,1.052000000000000000e+04,2.696859307208984546e+02,2.612716345235127733e+02,2.676477481958210092e+02,2.759611219011144385e+02,2.679448972354732632e+02,3.036604188311313806e+02,2.514844441819894598e+02,2.570411239793897948e+02,2.569740157514438579e+02,2.613139804504929771e+02,2.684232939752196785e+02,2.645159956445228886e+02,2.605189573409605259e+02,1.617819389724709617e+05,2.300170613249709106e+01,1.321965899271494393e+01
4.950000000000000000e+03,1.053000000000000000e+04,2.696773837488359504e+02,2.614235742132988207e+02,2.678844648641468211e+02,2.765850087152305719e+02,2.681601809964743097e+02,3.036804107378391677e+02,2.516800211185073124e+02,2.572362986211009570e+02,2.571687786036476382e+02,2.613707380206245716e+02,2.684449347511530277e+02,2.645684482498062380e+02,2.605739651477458096e+02,1.618796762812984234e+05,2.303841270627411220e+01,1.326468159076639886e+01
4.960000000000000000e+03,1.054000000000000000e+04,2.696693019417968458e+02,2.615763779734528498e+02,2.681205906551842304e+02,2.772080360779668808e+02,2.683758544732232281e+02,3.036933678220650563e+02,2.518769531678298392e+02,2.574318395739547327e+02,2.573639162264229299e+02,2.614286411588947772e+02,2.684671114937402763e+02,2.646218818330812041e+02,2.606302162296874485e+02,1.619773064177831111e+05,2.307263175616869688e+01,1.330961786478888342e+01
4.970000000000000000e+03,1.055000000000000000e+04,2.696616852775390498e+02,2.617300111197526462e+02,2.683560693881190105e+02,2.778300230659016279e+02,2.685918523945477432e+02,3.036993253264643045e+02,2.520751875433994371e+02,2.576276999591452750e+02,2.575593817798384748e+02,2.614876781172543474e+02,2.684898187727020513e+02,2.646762855671352099e+02,2.606876990162392076e+02,1.620748054178677849e+05,2.310435894353003050e+01,1.335445867979264989e+01
4.980000000000000000e+03,1.056000000000000000e+04,2.696545336634453065e+02,2.618844387471894493e+02,2.685908451126215368e+02,2.784507906250356655e+02,2.688081099196630248e+02,3.036983177381343921e+02,2.522746713889889350e+02,2.578238329140780252e+02,2.577551284403928094e+02,2.615478368748954949e+02,2.685130510396707564e+02,2.647316484407350003e+02,2.607464016495869146e+02,1.621721493700663850e+05,2.313359024565183830e+01,1.339919476148573807e+01
4.990000000000000000e+03,1.057000000000000000e+04,2.696478469347733835e+02,2.620396257426054376e+02,2.688248621112947490e+02,2.790701616086162176e+02,2.690245626380071826e+02,3.036903788063975185e+02,2.524753517942705514e+02,2.580201916023078752e+02,2.579511094092377448e+02,2.616091051371150797e+02,2.685368026269994743e+02,2.647879592534505946e+02,2.608063119843590698e+02,1.622693144199238159e+05,2.316032195628240586e+01,1.344381669723070516e+01
5.000000000000000000e+03,1.058000000000000000e+04,2.696416248531484712e+02,2.621955367891159199e+02,2.690580649149388250e+02,2.796879608149739624e+02,2.692411465727238351e+02,3.036755415607874511e+02,2.526771757925655777e+02,2.582167292217350791e+02,2.581472779209076407e+02,2.616714703352292304e+02,2.685610677458845998e+02,2.648452066133478411e+02,2.608674175868244447e+02,1.623662767745789315e+05,2.318455068609451075e+01,1.348831493710261853e+01
5.010000000000000000e+03,1.059000000000000000e+04,2.696358671055000400e+02,2.623521363796083961e+02,2.692903983161505721e+02,2.803040150322340196e+02,2.694577981801868987e+02,3.036538383287339684e+02,2.528800903541197727e+02,2.584133990127390348e+02,2.583435872524208889e+02,2.617349196260886401e+02,2.685858404836782256e+02,2.649033789338145652e+02,2.609297057344659834e+02,1.624630127073489421e+05,2.320627336311511257e+01,1.353267979525778841e+01
5.020000000000000000e+03,1.060000000000000000e+04,2.696305733026562166e+02,2.625093888128645290e+02,2.695218073365347777e+02,2.809181530426229187e+02,2.696744543526580742e+02,3.036253007540135513e+02,2.530840424984532433e+02,2.586101542651462069e+02,2.585399907266732953e+02,2.617994398915167835e+02,2.686111148064963459e+02,2.649624644301186436e+02,2.609931634156284304e+02,1.625594985621756059e+05,2.322548723311491869e+01,1.357690145291850925e+01
5.030000000000000000e+03,1.061000000000000000e+04,2.696257429771874854e+02,2.626672582152181690e+02,2.697522373052318017e+02,2.815302057058158312e+02,2.698910524197282257e+02,3.035899598145737741e+02,2.532889791354240572e+02,2.588069483288109609e+02,2.587364417263726182e+02,2.618650177387435747e+02,2.686368845532946921e+02,2.650224511173672681e+02,2.610577773293392170e+02,1.626557107581199380e+05,2.324218985995752718e+01,1.362096995893546669e+01
5.040000000000000000e+03,1.062000000000000000e+04,2.696213755835547090e+02,2.628257085416846053e+02,2.699816338159118914e+02,2.821400059628309691e+02,2.701075301492824678e+02,3.035478458408987876e+02,2.534948471929569962e+02,2.590037346197153170e+02,2.589328936986764234e+02,2.619316394994907000e+02,2.686631434373998673e+02,2.650833268073454860e+02,2.611235338851999472e+02,1.627516257939390489e+05,2.325637912590838852e+01,1.366487523348768107e+01
5.050000000000000000e+03,1.063000000000000000e+04,2.696174704948983276e+02,2.629847035773314587e+02,2.702099427493869825e+02,2.827473888755899907e+02,2.703238257539226765e+02,3.034989885346676033e+02,2.537015935953634198e+02,2.592004666287238592e+02,2.591293001650410019e+02,2.619992912308948121e+02,2.686898850442012758e+02,2.651450791053034095e+02,2.611904192025160683e+02,1.628472202523720334e+05,2.326805323190321673e+01,1.370860707089451047e+01
5.060000000000000000e+03,1.064000000000000000e+04,2.696140270030078341e+02,2.631442069590983124e+02,2.704371102829892379e+02,2.833521916610378639e+02,2.705398778829053299e+02,3.034434169864204023e+02,2.539091652733092701e+02,2.593970979295984307e+02,2.593256147290389890e+02,2.620679587143422395e+02,2.687171028307291181e+02,2.652076954085203511e+02,2.612584191114162877e+02,1.629424708047035674e+05,2.327721069777613749e+01,1.375215514266359307e+01
5.070000000000000000e+03,1.065000000000000000e+04,2.696110443162968409e+02,2.633041821732728636e+02,2.706630828957793256e+02,2.839542537225166825e+02,2.707556256378076114e+02,3.033811596944136113e+02,2.541175091706585363e+02,2.595935821871199209e+02,2.595217910828260415e+02,2.621376274567321616e+02,2.687447901242105104e+02,2.652711629030097811e+02,2.613275191520633030e+02,1.630373542150450230e+05,2.328385036244739581e+01,1.379550900125861723e+01
5.080000000000000000e+03,1.066000000000000000e+04,2.696085215587031030e+02,2.634645925652600909e+02,2.708878073799536992e+02,2.845534166804129654e+02,2.709710085665193446e+02,3.033122445829421849e+02,2.543265722571178458e+02,2.597898731635947911e+02,2.597177830164010857e+02,2.622082826903128421e+02,2.687729401218503540e+02,2.653354685613836637e+02,2.613977045753711650e+02,1.631318473447380529e+05,2.328797138407051648e+01,1.383865808387891150e+01
5.090000000000000000e+03,1.067000000000000000e+04,2.696064577681562469e+02,2.636254013478701950e+02,2.711112308482052526e+02,2.851495244031467564e+02,2.711859666681879162e+02,3.032366990206302830e+02,2.545363015300441987e+02,2.599859247312447224e+02,2.599135444252357843e+02,2.622799093734014946e+02,2.688015458893231084e+02,2.654005991409630951e+02,2.614689603432935314e+02,1.632259271566323005e+05,2.328957324013905961e+01,1.388159171666280400e+01
5.100000000000000000e+03,1.068000000000000000e+04,2.696048518956484372e+02,2.637865716089568195e+02,2.713333007396716994e+02,2.857424230323773600e+02,2.714004403960151990e+02,3.031545498390264015e+02,2.547466440354145334e+02,2.601816908743559793e+02,2.601090293187396014e+02,2.623524921905943188e+02,2.688306003602430110e+02,2.654665411815757921e+02,2.615412711290271091e+02,1.633195707193493727e+05,2.328865572755288227e+01,1.392429911921061958e+01
5.110000000000000000e+03,1.069000000000000000e+04,2.696037028035546541e+02,2.639480663184479567e+02,2.715539648321667414e+02,2.863319610128844488e+02,2.716143706589761564e+02,3.030658233507789419e+02,2.549575468702847161e+02,2.603771257005027451e+02,2.603041918243962414e+02,2.624260155536815091e+02,2.688600963350875190e+02,2.655332810039898845e+02,2.616146213176940591e+02,1.634127552114850550e+05,2.328521896264386726e+01,1.396676940926003674e+01
5.120000000000000000e+03,1.070000000000000000e+04,2.696030092629140427e+02,2.641098483354127779e+02,2.717731712435094096e+02,2.869179891169706593e+02,2.718276988292908527e+02,3.029705453682497591e+02,2.551689571902278999e+02,2.605721834473173431e+02,2.604989862040276307e+02,2.625004636026120579e+02,2.688900264865274607e+02,2.656008047079725429e+02,2.616889950071751514e+02,1.635054579258158628e+05,2.327926338116119709e+01,1.400899160784392450e+01
5.130000000000000000e+03,1.071000000000000000e+04,2.696027699558204063e+02,2.642718804188881450e+02,2.719908684495083548e+02,2.875003604706411693e+02,2.720403667376108388e+02,3.028687412214871415e+02,2.553808222133133086e+02,2.607668184922661112e+02,2.606933668547973753e+02,2.625758202061614384e+02,2.689203833479837158e+02,2.656690981712604867e+02,2.617643760090437013e+02,1.635976562733406317e+05,2.327078973821608798e+01,1.405095464429544094e+01
5.140000000000000000e+03,1.072000000000000000e+04,2.696029834711328022e+02,2.644341252318994293e+02,2.722070052789343322e+02,2.880789305728968657e+02,2.722523166831650201e+02,3.027604357768468049e+02,2.555930892546310247e+02,2.609609853566383322e+02,2.608872883142075239e+02,2.626520689631838081e+02,2.689511593219929182e+02,2.657381470479294876e+02,2.618407478493289773e+02,1.636893277873858751e+05,2.325979910818605489e+01,1.409264736211100555e+01
5.150000000000000000e+03,1.073000000000000000e+04,2.696036483045077148e+02,2.645965453502470837e+02,2.724215309309489044e+02,2.886535573205052856e+02,2.724634914334203017e+02,3.026456534548556760e+02,2.558057057052320147e+02,2.611546387167412604e+02,2.610807052771628491e+02,2.627291932040138249e+02,2.689823466777289127e+02,2.658079367674184823e+02,2.619180937697628337e+02,1.637804501275536313e+05,2.324629288457868626e+01,1.413405852443391275e+01
5.160000000000000000e+03,1.074000000000000000e+04,2.696047628570859160e+02,2.647591032693441093e+02,2.726343949805351485e+02,2.892241010272352923e+02,2.726738342284941155e+02,3.025244182486515001e+02,2.560186190569013434e+02,2.613477334079103684e+02,2.612735725966738869e+02,2.628071759916143151e+02,2.690139375521895886e+02,2.658784525343940572e+02,2.619963967291740801e+02,1.638710010837449809e+05,2.323027277985496397e+01,1.417517682009577662e+01
5.170000000000000000e+03,1.075000000000000000e+04,2.696063254324375293e+02,2.649217614184212835e+02,2.728455473832046323e+02,2.897904244417672430e+02,2.728832887844491211e+02,3.023967537418836287e+02,2.562317769068479265e+02,2.615402244381494938e+02,2.614658452933659873e+02,2.628860001236029689e+02,2.690459239476350604e+02,2.659496793271959518e+02,2.620756394048885909e+02,1.639609585798882472e+05,2.321174082521213933e+01,1.421599086980179649e+01
5.180000000000000000e+03,1.076000000000000000e+04,2.696083342400547167e+02,2.650844821595543408e+02,2.730549384846767680e+02,2.903523927651555709e+02,2.730917992954607030e+02,3.022626831267145917e+02,2.564451269670498732e+02,2.617320669924732215e+02,2.616574785631786426e+02,2.629656481336673437e+02,2.690782977352106400e+02,2.660216018945594101e+02,2.621558041944684874e+02,1.640503006778809358e+05,2.319069937032621098e+01,1.425648923246342470e+01
5.190000000000000000e+03,1.077000000000000000e+04,2.696107873900546679e+02,2.652472277936614660e+02,2.732625190292884554e+02,2.909098736660062627e+02,2.732993104387059589e+02,3.021222292216021970e+02,2.566586170786826528e+02,2.619232164333875517e+02,2.618484277847275621e+02,2.630461022933777713e+02,2.691110506533455577e+02,2.660942047657364355e+02,2.622368732170713201e+02,1.641390055812134524e+05,2.316715108305397663e+01,1.429666041167523183e+01
5.200000000000000000e+03,1.078000000000000000e+04,2.696136828945546995e+02,2.654099605772108816e+02,2.734682401636666782e+02,2.914627372942044872e+02,2.735057673770589872e+02,3.019754144892019099e+02,2.568721952130475756e+02,2.621136283211176874e+02,2.620386485266704426e+02,2.631273446145503954e+02,2.691441743091363037e+02,2.661674722399245638e+02,2.623188283159855132e+02,1.642270516387409880e+05,2.314109894909480047e+01,1.433649286251207755e+01
5.210000000000000000e+03,1.079000000000000000e+04,2.696170186652343546e+02,2.655726427259314164e+02,2.736720534475463182e+02,2.920108562935269561e+02,2.737111157624370890e+02,3.018222610540406663e+02,2.570858094834696317e+02,2.623032584126482334e+02,2.622280965553077863e+02,2.632093568512278807e+02,2.691776601789113101e+02,2.662413883907690320e+02,2.624016510601828713e+02,1.643144173481648613e+05,2.311254627161204667e+01,1.437597499827119485e+01
5.220000000000000000e+03,1.080000000000000000e+04,2.696207925135468599e+02,2.657352364227269845e+02,2.738739108574641250e+02,2.925541058109860728e+02,2.739153017392106335e+02,3.016627907198358685e+02,2.572994081583942716e+02,2.624920626711224259e+02,2.624167278416406930e+02,2.632921205022559548e+02,2.692114996090443242e+02,2.663159370660461605e+02,2.624853227468861405e+02,1.644010813596078951e+05,2.308149667081426060e+01,1.441509519752513135e+01
5.230000000000000000e+03,1.081000000000000000e+04,2.696250021502186769e+02,2.658977038253304386e+02,2.740737647970129274e+02,2.930923635073078231e+02,2.741182719476918237e+02,3.014970249872832824e+02,2.575129396628571499e+02,2.626799972731839148e+02,2.626044985690048748e+02,2.633756168137718419e+02,2.692456838162637496e+02,2.663911018890622131e+02,2.625698244041719249e+02,1.644870224790951761e+05,2.304795408349616892e+01,1.445384181114950195e+01
5.240000000000000000e+03,1.082000000000000000e+04,2.696296451816406261e+02,2.660600070745202288e+02,2.742715680998885546e+02,2.936255095619944200e+02,2.743199735276056686e+02,3.013249850708407962e+02,2.577263525959613730e+02,2.628670186161157858e+02,2.627913651398242223e+02,2.634598267820010165e+02,2.692802038940181433e+02,2.664668662592393957e+02,2.626551367929988601e+02,1.645722196718291380e+05,2.301192276253956237e+01,1.449220316960891708e+01
5.250000000000000000e+03,1.083000000000000000e+04,2.696347191139140591e+02,2.662221083013686211e+02,2.744672740397371626e+02,2.941534266808351958e+02,2.745203541210576077e+02,3.011466919164523119e+02,2.579395957318787964e+02,2.630530833251447689e+02,2.629772841831414780e+02,2.635447311561168249e+02,2.693150508034834729e+02,2.665432133536816650e+02,2.627412404106909207e+02,1.646566520655317872e+05,2.297340727637397961e+01,1.453016759014758108e+01
5.260000000000000000e+03,1.084000000000000000e+04,2.696402213487265840e+02,2.663839696356545232e+02,2.746608363351890603e+02,2.946760000987989088e+02,2.747193618765047631e+02,3.009621662180226167e+02,2.581526180322809410e+02,2.632381482602195319e+02,2.631622125614732681e+02,2.636303104414894278e+02,2.693502153836161028e+02,2.666201261286374233e+02,2.628281154934014126e+02,1.647402989536588138e+05,2.293241250839760426e+01,1.456772338426745428e+01
5.270000000000000000e+03,1.085000000000000000e+04,2.696461491836797109e+02,2.665455532135765679e+02,2.748522091564115613e+02,2.951931175823802960e+02,2.749169454517899567e+02,3.007714284347038642e+02,2.583653686548009887e+02,2.634221705231677220e+02,2.633461073777205002e+02,2.637165449026249462e+02,2.693856883499797163e+02,2.666975873213709178e+02,2.629157420192089489e+02,1.648231397985156800e+05,2.288894365635796646e+01,1.460485886510350539e+01
5.280000000000000000e+03,1.086000000000000000e+04,2.696524998119843417e+02,2.667068211855279856e+02,2.750413471311557032e+02,2.957046694299585852e+02,2.751130540174277144e+02,3.005744988073510626e+02,2.585777969616284508e+02,2.636051074645619678e+02,2.635289259821953465e+02,2.638034145668756310e+02,2.694214602963257903e+02,2.667755794518974426e+02,2.630040997118632617e+02,1.649051542342950997e+05,2.284300623169301048e+01,1.464156235494198022e+01
5.290000000000000000e+03,1.087000000000000000e+04,2.696592703212890569e+02,2.668677357248990916e+02,2.752282053537363709e+02,2.962105484714865611e+02,2.753076372597913064e+02,3.003713973752226138e+02,2.587898525213874450e+02,2.637869166905581437e+02,2.637106259810827282e+02,2.638908992278257415e+02,2.694575216962853119e+02,2.668540848256913023e+02,2.630931680436299303e+02,1.649863220700056700e+05,2.279460605883225810e+01,1.467782219267812671e+01
5.300000000000000000e+03,1.088000000000000000e+04,2.696664576947968612e+02,2.670282590358290236e+02,2.754127393837163140e+02,2.967106500634154145e+02,2.755006453855421569e+02,3.001621439921698880e+02,2.590014851339903430e+02,2.639675560696851448e+02,2.638911652388091511e+02,2.639789784492149920e+02,2.694938629059608957e+02,2.669330855355452172e+02,2.631829262395334581e+02,1.650666232924587966e+05,2.274374927445834160e+01,1.471362674153133021e+01
5.310000000000000000e+03,1.089000000000000000e+04,2.696740588092969233e+02,2.671883533430716398e+02,2.755949052623190596e+02,2.972048720883214514e+02,2.756920291224811308e+02,2.999467583432254969e+02,2.592126448288480560e+02,2.641469837394926685e+02,2.640705018885553272e+02,2.640676315687194915e+02,2.695304741647573792e+02,2.670125634644115280e+02,2.632733532794004532e+02,1.651460380689397571e+05,2.269044232672887418e+01,1.474896439661988623e+01
5.320000000000000000e+03,1.090000000000000000e+04,2.696820704359218439e+02,2.673479809590946843e+02,2.757746595034171833e+02,2.976931149429030370e+02,2.758817397246128849e+02,2.997252599603990006e+02,2.594232818639208062e+02,2.643251581131394801e+02,2.642485943383732092e+02,2.641568377020836920e+02,2.695673455991588412e+02,2.670925002895316425e+02,2.633644279058780171e+02,1.652245467500157829e+05,2.263469197445899894e+01,1.478382359212237063e+01
5.330000000000000000e+03,1.091000000000000000e+04,2.696904892396797209e+02,2.675071042165914719e+02,2.759519591160859591e+02,2.981752815363356603e+02,2.760697289748499088e+02,2.994976682386042057e+02,2.596333467490006228e+02,2.645020378857779519e+02,2.644254012763635160e+02,2.642465757474827228e+02,2.696044672236774318e+02,2.671728774841134850e+02,2.634561286242374649e+02,1.653021298721036874e+05,2.257650528626432873e+01,1.481819280927128624e+01
5.340000000000000000e+03,1.092000000000000000e+04,2.696993117790937049e+02,2.676656855189042403e+02,2.761267616011820678e+02,2.986512772781240983e+02,2.762559491891288417e+02,2.992640024515495156e+02,2.598427902432898691e+02,2.646775820411864402e+02,2.646008816782934332e+02,2.643368243898556216e+02,2.696418289439961882e+02,2.672536763214316125e+02,2.635484337084299113e+02,1.653787681600425858e+05,2.251588963966473855e+01,1.485206058367927007e+01
5.350000000000000000e+03,1.093000000000000000e+04,2.697085345068437618e+02,2.678236873402959759e+02,2.762990249552730688e+02,2.991210100679173820e+02,2.764403532157559198e+02,2.990242817671592093e+02,2.600515633716821071e+02,2.648517498600164686e+02,2.647749948131292399e+02,2.644275621053984651e+02,2.696794205590991282e+02,2.673348778782337831e+02,2.636413212056452267e+02,1.654544425295826513e+05,2.245285272014901778e+01,1.488541551289739751e+01
5.360000000000000000e+03,1.094000000000000000e+04,2.697181537687499713e+02,2.679810722344726059e+02,2.764687076699745489e+02,2.995843902822904852e+02,2.766228944409518817e+02,2.987785252630689570e+02,2.602596174491343959e+02,2.650245009163127179e+02,2.649477002496212208e+02,2.645187671666163283e+02,2.697172317639788162e+02,2.674164630390511093e+02,2.637347689403279674e+02,1.655291340896739566e+05,2.238740252020036081e+01,1.491824626400574516e+01
5.370000000000000000e+03,1.095000000000000000e+04,2.697281658046796906e+02,2.681378028283045296e+02,2.766357687669196821e+02,3.000413307659347879e+02,2.768035267931877570e+02,2.985267519416949540e+02,2.604669040244513667e+02,2.651957951032350707e+02,2.651189578623274770e+02,2.646104176457579342e+02,2.697552521523476798e+02,2.674984124999040773e+02,2.638287545198633097e+02,1.656028241448495537e+05,2.231954733828301585e+01,1.495054158038212222e+01
5.380000000000000000e+03,1.096000000000000000e+04,2.697385667484218743e+02,2.682938418709647976e+02,2.768001677578962472e+02,3.004917468082800269e+02,2.769822047437991728e+02,2.982689807456073936e+02,2.606733749655215888e+02,2.653655926184840155e+02,2.652887278376744575e+02,2.647024914229839965e+02,2.697934712180090742e+02,2.675807067725676802e+02,2.639232553385363076e+02,1.656754941974112298e+05,2.224929577779013812e+01,1.498229028963055143e+01
5.390000000000000000e+03,1.097000000000000000e+04,2.697493526280390483e+02,2.684491521910892402e+02,2.769618646819498053e+02,3.009355561329963393e+02,2.771588833101383784e+02,2.980052305718255070e+02,2.608789824248994478e+02,2.655338539809452527e+02,2.654569706799715618e+02,2.647949661883878321e+02,2.698318783625040851e+02,2.676633261895061651e+02,2.640182485831803092e+02,1.657471259495283593e+05,2.217665674595294334e+01,1.501348131049210544e+01
5.400000000000000000e+03,1.098000000000000000e+04,2.697605193660390910e+02,2.686036967352377474e+02,2.771208200985449821e+02,3.013726788785065764e+02,2.773335180580194788e+02,2.977355202870931521e+02,2.610836788554751138e+02,2.657005400348503485e+02,2.656236472168313298e+02,2.648878194486269422e+02,2.698704628922304778e+02,2.677462509080579594e+02,2.641137112382213559e+02,1.658177013052915572e+05,2.210163945271136043e+01,1.504410366003224375e+01
5.410000000000000000e+03,1.099000000000000000e+04,2.697720627796563235e+02,2.687574385467168554e+02,2.772769950980879230e+02,3.018030375790127664e+02,2.775060651064512740e+02,2.974598687421001841e+02,2.612874170219504890e+02,2.658656119549139589e+02,2.657887186055979214e+02,2.649810285322782875e+02,2.699092140243001836e+02,2.678294609151437840e+02,2.642096200893523701e+02,1.658872023726973857e+05,2.202425340954625455e+01,1.507414646077267584e+01
5.420000000000000000e+03,1.100000000000000000e+04,2.697839785811875117e+02,2.689103408443497187e+02,2.774303512893591801e+02,3.022265571436600453e+02,2.776764811241073971e+02,2.971782947857133763e+02,2.614901499967852487e+02,2.660290312522271847e+02,2.659521463383706532e+02,2.650745705954430491e+02,2.699481208899760531e+02,2.679129360337910839e+02,2.643059517342101685e+02,1.659556114655008132e+05,2.194450842827355785e+01,1.510359894715626261e+01
5.430000000000000000e+03,1.101000000000000000e+04,2.697962623789141503e+02,2.690623669402959308e+02,2.775808508269368531e+02,3.026431648352362345e+02,2.778447233391639770e+02,2.968908172792498021e+02,2.616918311788751907e+02,2.661907597797255107e+02,2.661138922468139185e+02,2.651684226276199183e+02,2.699871725369299611e+02,2.679966559268569313e+02,2.644026825818858697e+02,1.660229111050411011e+05,2.186241461980016254e+01,1.513245047273977306e+01
5.440000000000000000e+03,1.102000000000000000e+04,2.698089096773125561e+02,2.692134802980623931e+02,2.777284563981859264e+02,3.030527902471392849e+02,2.780107495361217502e+02,2.965974551105604746e+02,2.618924143009421641e+02,2.663507597372637861e+02,2.662739185093563492e+02,2.652625614570732751e+02,2.700263579331499955e+02,2.680806001027940511e+02,2.644997888615082502e+02,1.660890840219474921e+05,2.177798239284190984e+01,1.516069051679224877e+01
5.450000000000000000e+03,1.103000000000000000e+04,2.698219158776796576e+02,2.693636445318033452e+02,2.778731312342340516e+02,3.034553652793539982e+02,2.781745180611217734e+02,2.962982272075316246e+02,2.620918534279327901e+02,2.665089936773022714e+02,2.664321876554179767e+02,2.653569637573137925e+02,2.700656659698577755e+02,2.681647479216751435e+02,2.645972466282308346e+02,1.661541131578112836e+05,2.169122245260396298e+01,1.518830869066256462e+01
5.460000000000000000e+03,1.104000000000000000e+04,2.698352762788671839e+02,2.695128232947546394e+02,2.780148391392143594e+02,3.038508241134620107e+02,2.783359878335469375e+02,2.959931525519219804e+02,2.622901029885745743e+02,2.666654245116997117e+02,2.665886625681887949e+02,2.654516060443756942e+02,2.701050854612549870e+02,2.682490785992602014e+02,2.646950317682541254e+02,1.662179816666599072e+05,2.160214579942344315e+01,1.521529474504414203e+01
5.470000000000000000e+03,1.105000000000000000e+04,2.698489860778281582e+02,2.696609807614089505e+02,2.781535443800274265e+02,3.042391031865587934e+02,2.784951183080399346e+02,2.956822501927600229e+02,2.624871177044815340e+02,2.668200155127803441e+02,2.667433064957594411e+02,2.655464647148671133e+02,2.701446051615670854e+02,2.683335712166713165e+02,2.647931200060675110e+02,1.662806729165908473e+05,2.151076372737465903e+01,1.524163857309156178e+01
5.480000000000000000e+03,1.106000000000000000e+04,2.698630403708828567e+02,2.698080809212727900e+02,2.782892118655158242e+02,3.046201411639896151e+02,2.786518695302810897e+02,2.953655392594866385e+02,2.626828527097469532e+02,2.669727303168400567e+02,2.668960830504942692e+02,2.656415160090106724e+02,2.701842137520583265e+02,2.684182047232600326e+02,2.648914869103807064e+02,1.663421704910728440e+05,2.141708782283715706e+01,1.526733022038064647e+01
5.490000000000000000e+03,1.107000000000000000e+04,2.698774341544296931e+02,2.699540880618769734e+02,2.784218070267194776e+02,3.049938789113967346e+02,2.788062021090294706e+02,2.950430389748082121e+02,2.628772634842385969e+02,2.671235329375014089e+02,2.670469562160906776e+02,2.657367360411329287e+02,2.702238998518425888e+02,2.685029579435301343e+02,2.649901079001622861e+02,1.664024581903473882e+05,2.132112996302668861e+01,1.529235988895482734e+01
5.500000000000000000e+03,1.108000000000000000e+04,2.698921623254688029e+02,2.700989666601740282e+02,2.785512958531547838e+02,3.053602594659745932e+02,2.789580772225933174e+02,2.947147686682494054e+02,2.630703058764892148e+02,2.672723877646311053e+02,2.671958903515443922e+02,2.658321008028401025e+02,2.702636520210873528e+02,2.685878095831428709e+02,2.650889582509337288e+02,1.664615200326712802e+05,2.122290231448928566e+01,1.531671794313588464e+01
5.510000000000000000e+03,1.109000000000000000e+04,2.699072196831797328e+02,2.702426813890022572e+02,2.786776448950945451e+02,3.057192280065200976e+02,2.791074566202493088e+02,2.943807477881181285e+02,2.632619361101895947e+02,2.674192595693077692e+02,2.673428501960828498e+02,2.659275861690163083e+02,2.703034587647362059e+02,2.686727382360156753e+02,2.651880131015061011e+02,1.665193402555278444e+05,2.112241733155865120e+01,1.534039491504985619e+01
5.520000000000000000e+03,1.110000000000000000e+04,2.699226009293359425e+02,2.703851971185914635e+02,2.788008212671168735e+02,3.060707318237161303e+02,2.792543026242696556e+02,2.940409959152793249e+02,2.634521107905097210e+02,2.675641135086679014e+02,2.674878008734602304e+02,2.660231679042663018e+02,2.703433085359648658e+02,2.687577223899903061e+02,2.652872474604400281e+02,1.665759033167333691e+05,2.101968775477701357e+01,1.536338151012311037e+01
5.530000000000000000e+03,1.111000000000000000e+04,2.699383006694140477e+02,2.705264789403355508e+02,2.789207926341768484e+02,3.064147202872735534e+02,2.793985781214968256e+02,2.936955327729567671e+02,2.636407869398844923e+02,2.677069151292481024e+02,2.676307078959642354e+02,2.661188216697603934e+02,2.703831897407113161e+02,2.688427404345403602e+02,2.653866362135530039e+02,1.666311938955175865e+05,2.091472660927989224e+01,1.538566861243192463e+01
5.540000000000000000e+03,1.112000000000000000e+04,2.699543134150858918e+02,2.706664921558092374e+02,2.790375272728360301e+02,3.067511448156745359e+02,2.795402466043910295e+02,2.933443782417956527e+02,2.638279218765324003e+02,2.678476303736486557e+02,2.677715371693720954e+02,2.662145230297709873e+02,2.704230907392320091e+02,2.689277706667810435e+02,2.654861541295819620e+02,1.666851968935639306e+05,2.080754720314447681e+01,1.540724728838893043e+01
5.550000000000000000e+03,1.113000000000000000e+04,2.699706335834218862e+02,2.708052022880527829e+02,2.791509939823192781e+02,3.070799588435190230e+02,2.796792721115991185e+02,2.929875523709793015e+02,2.640134734217658661e+02,2.679862255824161821e+02,2.679102549966750075e+02,2.663102474588051223e+02,2.704629998517397098e+02,2.690127912981394616e+02,2.655857758678383220e+02,1.667378974358576233e+05,2.069816312570236860e+01,1.542810879380651023e+01
5.560000000000000000e+03,1.114000000000000000e+04,2.699872554997187990e+02,2.709425751008461134e+02,2.792611621503378956e+02,3.074011177873899783e+02,2.798156192686512327e+02,2.926250753886247367e+02,2.641973997620108889e+02,2.681226674982533495e+02,2.680468280815103412e+02,2.664059703488861715e+02,2.705029053615412522e+02,2.690977804618142386e+02,2.656854759848616254e+02,1.667892808715994761e+05,2.058658824581658564e+01,1.544824457688940278e+01
5.570000000000000000e+03,1.115000000000000000e+04,2.700041733974296676e+02,2.710785765904283835e+02,2.793680017393571688e+02,3.077145790134104004e+02,2.799492532804989082e+02,2.922569677153949215e+02,2.643796594927521255e+02,2.682569232700917610e+02,2.681812235325440952e+02,2.665016670157426688e+02,2.705427955189591103e+02,2.691827162190847389e+02,2.657852289415318978e+02,1.668393327749749296e+05,2.047283671012308659e+01,1.546764628302617339e+01
5.580000000000000000e+03,1.116000000000000000e+04,2.700213814209062662e+02,2.712131730000214134e+02,2.794714832861135960e+02,3.080203018029772579e+02,2.800801399314387368e+02,2.918832499753518164e+02,2.645602116234284154e+02,2.683889604567312404e+02,2.683134088668682011e+02,2.665973127066425832e+02,2.705826585446041577e+02,2.692675765667142969e+02,2.658850091100773056e+02,1.668880389459693397e+05,2.035692294123714774e+01,1.548630575905928453e+01
