ISO-10303-21;
HEADER;
FILE_DESCRIPTION (( 'STEP AP203' ),
    '1' );
FILE_NAME ('CubeSat_2021_nominal.STEP',
    '2026-10-07T02:00:20',
    ( '' ),
    ( '' ),
    'SwSTEP 2.0',
    'SolidWorks 2019',
    '' );
FILE_SCHEMA (( 'CONFIG_CONTROL_DESIGN' ));
ENDSEC;

DATA;
#1 = DIRECTION ( 'NONE',  ( 0.000000000000000000, 0.000000000000000000, 1.000000000000000000 ) ) ;
#2 = DIRECTION ( 'NONE',  ( -1.000000000000000000, -0.000000000000000000, 0.000000000000000000 ) ) ;
#3 = VERTEX_POINT ( 'NONE', #5596 ) ;
#4 = EDGE_CURVE ( 'NONE', #3103, #514, #1620, .T. ) ;
#5 = EDGE_CURVE ( 'NONE', #391, #4172, #1062, .T. ) ;
#6 = EDGE_CURVE ( 'NONE', #3090, #2131, #4444, .T. ) ;
#7 = DIRECTION ( 'NONE',  ( 0.000000000000000000, 0.000000000000000000, 1.000000000000000000 ) ) ;
#8 = VECTOR ( 'NONE', #608, 1000.000000000000000 ) ;
#9 = CARTESIAN_POINT ( 'NONE',  ( 6.999999999999999112, 50.00000000000000000, 98.00000000000000000 ) ) ;
#10 = LINE ( 'NONE', #3506, #4606 ) ;
#11 = LINE ( 'NONE', #3959, #6418 ) ;
#12 = ORIENTED_EDGE ( 'NONE', *, *, #6792, .F. ) ;
#13 = DATE_TIME_ROLE ( 'classification_date' ) ;
#14 = VECTOR ( 'NONE', #6219, 1000.000000000000000 ) ;
#15 = ADVANCED_FACE ( 'NONE', ( #4898 ), #502, .T. ) ;
#16 = EDGE_CURVE ( 'NONE', #6172, #1617, #2626, .T. ) ;
#17 = VERTEX_POINT ( 'NONE', #3218 ) ;
#18 = ORIENTED_EDGE ( 'NONE', *, *, #4643, .F. ) ;
#19 = PLANE ( 'NONE',  #5973 ) ;
#20 = CARTESIAN_POINT ( 'NONE',  ( 10.00000000000000000, 84.99999999999998579, 36.00000000000000000 ) ) ;
#21 = CARTESIAN_POINT ( 'NONE',  ( 50.00000000000000000, 95.00000000000000000, 78.00000000000000000 ) ) ;
#22 = CARTESIAN_POINT ( 'NONE',  ( 50.00000000000000000, 90.00000000000000000, 39.00000000000000000 ) ) ;
#23 = CARTESIAN_POINT ( 'NONE',  ( 84.99999999999998579, 84.99999999999998579, 37.00000000000000000 ) ) ;
#24 = ORIENTED_EDGE ( 'NONE', *, *, #4059, .F. ) ;
#25 = FACE_OUTER_BOUND ( 'NONE', #2222, .T. ) ;
#26 = AXIS2_PLACEMENT_3D ( 'NONE', #7340, #2, #1792 ) ;
#27 = VERTEX_POINT ( 'NONE', #6683 ) ;
#28 = FACE_OUTER_BOUND ( 'NONE', #2834, .T. ) ;
#29 = EDGE_LOOP ( 'NONE', ( #2561, #6775, #3569, #4417 ) ) ;
#30 = FACE_OUTER_BOUND ( 'NONE', #903, .T. ) ;
#31 = FACE_OUTER_BOUND ( 'NONE', #5804, .T. ) ;
#32 = FACE_OUTER_BOUND ( 'NONE', #399, .T. ) ;
#33 = VECTOR ( 'NONE', #1391, 1000.000000000000000 ) ;
#34 = ORIENTED_EDGE ( 'NONE', *, *, #7058, .F. ) ;
#35 = ORIENTED_EDGE ( 'NONE', *, *, #5783, .T. ) ;
#36 = VERTEX_POINT ( 'NONE', #2212 ) ;
#37 = CARTESIAN_POINT ( 'NONE',  ( 95.50000000000000000, 93.00000000000000000, 2.000000000000000000 ) ) ;
#38 = CARTESIAN_POINT ( 'NONE',  ( 50.00000000000000000, 1.999999999999999556, 98.00000000000000000 ) ) ;
#39 = VECTOR ( 'NONE', #4407, 1000.000000000000000 ) ;
#40 = CARTESIAN_POINT ( 'NONE',  ( 6.999999999999999112, 5.000000000000004441, 22.00000000000000000 ) ) ;
#41 = EDGE_LOOP ( 'NONE', ( #4270, #1439, #808, #5321 ) ) ;
#42 = CARTESIAN_POINT ( 'NONE',  ( 20.00000000000000355, 20.00000000000000355, 48.00000000000000000 ) ) ;
#43 = CARTESIAN_POINT ( 'NONE',  ( 15.00000000000000000, 50.00000000000000000, 39.00000000000000000 ) ) ;
#44 = DIRECTION ( 'NONE',  ( 1.000000000000000000, 0.000000000000000000, 0.000000000000000000 ) ) ;
#45 = LINE ( 'NONE', #1800, #1306 ) ;
#46 = ORIENTED_EDGE ( 'NONE', *, *, #6824, .F. ) ;
#47 = EDGE_CURVE ( 'NONE', #5092, #3415, #945, .T. ) ;
#48 = EDGE_CURVE ( 'NONE', #5160, #2758, #2066, .T. ) ;
#49 = AXIS2_PLACEMENT_3D ( 'NONE', #4890, #2731, #3883 ) ;
#50 = ORIENTED_EDGE ( 'NONE', *, *, #4152, .T. ) ;
#51 = ORIENTED_EDGE ( 'NONE', *, *, #6091, .T. ) ;
#52 = LINE ( 'NONE', #6335, #7051 ) ;
#53 = CARTESIAN_POINT ( 'NONE',  ( 1.999999999999999556, 50.00000000000000000, 2.000000000000000000 ) ) ;
#54 = DIRECTION ( 'NONE',  ( 1.000000000000000000, 0.000000000000000000, -0.000000000000000000 ) ) ;
#55 = VECTOR ( 'NONE', #582, 1000.000000000000000 ) ;
#56 = VECTOR ( 'NONE', #6885, 1000.000000000000000 ) ;
#57 = CARTESIAN_POINT ( 'NONE',  ( 80.00000000000000000, 80.00000000000000000, 39.00000000000000000 ) ) ;
#58 = VECTOR ( 'NONE', #6150, 1000.000000000000000 ) ;
#59 = LINE ( 'NONE', #7356, #4097 ) ;
#60 = EDGE_CURVE ( 'NONE', #6322, #5040, #4486, .T. ) ;
#61 = EDGE_CURVE ( 'NONE', #2131, #17, #5563, .T. ) ;
#62 = EDGE_CURVE ( 'NONE', #5982, #5276, #2136, .T. ) ;
#63 = ORIENTED_EDGE ( 'NONE', *, *, #3106, .F. ) ;
#64 = DIRECTION ( 'NONE',  ( -1.000000000000000000, -0.000000000000000000, 0.000000000000000000 ) ) ;
#65 = AXIS2_PLACEMENT_3D ( 'NONE', #398, #2112, #5345 ) ;
#66 = ORIENTED_EDGE ( 'NONE', *, *, #1320, .T. ) ;
#67 = LINE ( 'NONE', #2334, #1577 ) ;
#68 = ORIENTED_EDGE ( 'NONE', *, *, #1415, .F. ) ;
#69 = FACE_BOUND ( 'NONE', #7258, .T. ) ;
#70 = LINE ( 'NONE', #1595, #4106 ) ;
#71 = ORIENTED_EDGE ( 'NONE', *, *, #1188, .F. ) ;
#72 = ORIENTED_EDGE ( 'NONE', *, *, #3925, .F. ) ;
#73 = ORIENTED_EDGE ( 'NONE', *, *, #6145, .T. ) ;
#74 = DIRECTION ( 'NONE',  ( 0.000000000000000000, 0.000000000000000000, 1.000000000000000000 ) ) ;
#75 = PLANE ( 'NONE',  #4029 ) ;
#76 = PLANE ( 'NONE',  #4777 ) ;
#77 = AXIS2_PLACEMENT_3D ( 'NONE', #2171, #3780, #983 ) ;
#78 = ORIENTED_EDGE ( 'NONE', *, *, #1140, .F. ) ;
#79 = VECTOR ( 'NONE', #3442, 1000.000000000000000 ) ;
#80 = LINE ( 'NONE', #2951, #4404 ) ;
#81 = LINE ( 'NONE', #2353, #6747 ) ;
#82 = DIRECTION ( 'NONE',  ( 1.000000000000000000, 0.000000000000000000, -0.000000000000000000 ) ) ;
#83 = PLANE ( 'NONE',  #2621 ) ;
#84 = ORIENTED_EDGE ( 'NONE', *, *, #3581, .F. ) ;
#85 = VECTOR ( 'NONE', #3505, 1000.000000000000000 ) ;
#86 = AXIS2_PLACEMENT_3D ( 'NONE', #4253, #6517, #3689 ) ;
#87 = VERTEX_POINT ( 'NONE', #2103 ) ;
#88 = ORIENTED_EDGE ( 'NONE', *, *, #1047, .T. ) ;
#89 = APPROVAL ( #1537, 'UNSPECIFIED' ) ;
#90 = DIRECTION ( 'NONE',  ( 0.000000000000000000, -1.000000000000000000, 0.000000000000000000 ) ) ;
#91 = EDGE_CURVE ( 'NONE', #914, #4164, #4375, .T. ) ;
#92 = CARTESIAN_POINT ( 'NONE',  ( 10.00000000000000178, 50.00000000000000000, 22.00000000000000000 ) ) ;
#93 = CARTESIAN_POINT ( 'NONE',  ( 1.999999999999999556, 50.00000000000000000, 93.00000000000000000 ) ) ;
#94 = CARTESIAN_POINT ( 'NONE',  ( 98.00000000000000000, 99.00000000000000000, 2.000000000000000000 ) ) ;
#95 = VERTEX_POINT ( 'NONE', #1542 ) ;
#96 = LINE ( 'NONE', #5854, #3137 ) ;
#97 = AXIS2_PLACEMENT_3D ( 'NONE', #2518, #4789, #2446 ) ;
#98 = VERTEX_POINT ( 'NONE', #466 ) ;
#99 = ADVANCED_FACE ( 'NONE', ( #5008 ), #1506, .T. ) ;
#100 = LINE ( 'NONE', #4047, #3239 ) ;
#101 = ADVANCED_FACE ( 'NONE', ( #6080 ), #3255, .F. ) ;
#102 = ADVANCED_FACE ( 'NONE', ( #3930 ), #6904, .F. ) ;
#103 = ORIENTED_EDGE ( 'NONE', *, *, #2700, .T. ) ;
#104 = DIRECTION ( 'NONE',  ( 1.000000000000000000, 0.000000000000000000, -0.000000000000000000 ) ) ;
#105 = DIRECTION ( 'NONE',  ( 0.000000000000000000, 0.000000000000000000, -1.000000000000000000 ) ) ;
#106 = VECTOR ( 'NONE', #1009, 1000.000000000000000 ) ;
#107 = DIRECTION ( 'NONE',  ( -1.000000000000000000, -0.000000000000000000, 0.000000000000000000 ) ) ;
#108 = ORIENTED_EDGE ( 'NONE', *, *, #3830, .T. ) ;
#109 = CARTESIAN_POINT ( 'NONE',  ( 15.00000000000000000, 50.00000000000000000, 61.00000000000000000 ) ) ;
#110 = EDGE_CURVE ( 'NONE', #977, #4646, #6832, .T. ) ;
#111 = ORIENTED_EDGE ( 'NONE', *, *, #3634, .F. ) ;
#112 = ORIENTED_EDGE ( 'NONE', *, *, #1090, .F. ) ;
#113 = LINE ( 'NONE', #594, #6310 ) ;
#114 = PLANE ( 'NONE',  #5912 ) ;
#115 = CARTESIAN_POINT ( 'NONE',  ( 90.00000000000000000, 87.50000000000000000, 19.00000000000000000 ) ) ;
#116 = ORIENTED_EDGE ( 'NONE', *, *, #2143, .T. ) ;
#117 = ORIENTED_EDGE ( 'NONE', *, *, #962, .F. ) ;
#118 = CARTESIAN_POINT ( 'NONE',  ( 50.00000000000000000, 6.999999999999999112, 61.00000000000000000 ) ) ;
#119 = CARTESIAN_POINT ( 'NONE',  ( 93.00000000000000000, 95.00000000000000000, 36.00000000000000000 ) ) ;
#120 = CARTESIAN_POINT ( 'NONE',  ( 50.00000000000000000, 93.00000000000000000, 80.00000000000000000 ) ) ;
#121 = LINE ( 'NONE', #2394, #8 ) ;
#122 = VERTEX_POINT ( 'NONE', #2288 ) ;
#123 = VECTOR ( 'NONE', #3690, 1000.000000000000000 ) ;
#124 = VERTEX_POINT ( 'NONE', #4039 ) ;
#125 = FACE_OUTER_BOUND ( 'NONE', #3745, .T. ) ;
#126 = CARTESIAN_POINT ( 'NONE',  ( 10.00000000000000000, 84.99999999999998579, 19.00000000000000000 ) ) ;
#127 = LINE ( 'NONE', #3550, #4359 ) ;
#128 = DIRECTION ( 'NONE',  ( 1.000000000000000000, 0.000000000000000000, 0.000000000000000000 ) ) ;
#129 = VECTOR ( 'NONE', #4741, 1000.000000000000000 ) ;
#130 = EDGE_LOOP ( 'NONE', ( #5430, #660, #6025, #4790 ) ) ;
#131 = VECTOR ( 'NONE', #1493, 1000.000000000000000 ) ;
#132 = DIRECTION ( 'NONE',  ( 1.000000000000000000, 0.000000000000000000, -0.000000000000000000 ) ) ;
#133 = ORIENTED_EDGE ( 'NONE', *, *, #3062, .F. ) ;
#134 = LINE ( 'NONE', #1319, #3363 ) ;
#135 = VERTEX_POINT ( 'NONE', #6871 ) ;
#136 = VECTOR ( 'NONE', #4091, 1000.000000000000000 ) ;
#137 = DIRECTION ( 'NONE',  ( 0.000000000000000000, -0.000000000000000000, 1.000000000000000000 ) ) ;
#138 = CARTESIAN_POINT ( 'NONE',  ( 10.00000000000000178, 50.00000000000000000, 63.00000000000000000 ) ) ;
#139 = CLOSED_SHELL ( 'NONE', ( #5906, #4509, #5556, #5513, #697, #6602 ) ) ;
#140 = LINE ( 'NONE', #1855, #1596 ) ;
#141 = ADVANCED_FACE ( 'NONE', ( #4074 ), #578, .T. ) ;
#142 = EDGE_CURVE ( 'NONE', #6820, #1546, #5742, .T. ) ;
#143 = EDGE_LOOP ( 'NONE', ( #5124, #709, #6187, #7103 ) ) ;
#144 = CARTESIAN_POINT ( 'NONE',  ( 10.00000000000000000, 15.00000000000000178, 61.00000000000000000 ) ) ;
#145 = ORIENTED_EDGE ( 'NONE', *, *, #510, .F. ) ;
#146 = ORIENTED_EDGE ( 'NONE', *, *, #6699, .F. ) ;
#147 = DIRECTION ( 'NONE',  ( 0.000000000000000000, -1.000000000000000000, 0.000000000000000000 ) ) ;
#148 = DIRECTION ( 'NONE',  ( 0.000000000000000000, 1.000000000000000000, 0.000000000000000000 ) ) ;
#149 = LINE ( 'NONE', #4133, #4421 ) ;
#150 = EDGE_CURVE ( 'NONE', #3075, #815, #5084, .T. ) ;
#151 = EDGE_CURVE ( 'NONE', #3165, #1536, #1097, .T. ) ;
#152 = ORIENTED_EDGE ( 'NONE', *, *, #2701, .T. ) ;
#153 = EDGE_CURVE ( 'NONE', #7040, #688, #3515, .T. ) ;
#154 = ORIENTED_EDGE ( 'NONE', *, *, #1866, .F. ) ;
#155 = VECTOR ( 'NONE', #6274, 1000.000000000000000 ) ;
#156 = CARTESIAN_POINT ( 'NONE',  ( 93.00000000000000000, 4.500000000000000000, 93.00000000000000000 ) ) ;
#157 = LINE ( 'NONE', #2427, #2347 ) ;
#158 = DIRECTION ( 'NONE',  ( 0.000000000000000000, 0.000000000000000000, 1.000000000000000000 ) ) ;
#159 = DIRECTION ( 'NONE',  ( -0.000000000000000000, 1.000000000000000000, 0.000000000000000000 ) ) ;
#160 = ORIENTED_EDGE ( 'NONE', *, *, #565, .T. ) ;
#161 = ORIENTED_EDGE ( 'NONE', *, *, #1015, .F. ) ;
#162 = DIRECTION ( 'NONE',  ( 0.000000000000000000, 0.000000000000000000, 1.000000000000000000 ) ) ;
#163 = LINE ( 'NONE', #5849, #3340 ) ;
#164 = PLANE ( 'NONE',  #3887 ) ;
#165 = DIRECTION ( 'NONE',  ( -0.000000000000000000, 0.000000000000000000, -1.000000000000000000 ) ) ;
#166 = ORIENTED_EDGE ( 'NONE', *, *, #4415, .F. ) ;
#167 = DIRECTION ( 'NONE',  ( 0.000000000000000000, -1.000000000000000000, 0.000000000000000000 ) ) ;
#168 = ORIENTED_EDGE ( 'NONE', *, *, #3061, .F. ) ;
#169 = DIRECTION ( 'NONE',  ( 0.000000000000000000, 0.000000000000000000, 1.000000000000000000 ) ) ;
#170 = AXIS2_PLACEMENT_3D ( 'NONE', #4154, #4710, #3555 ) ;
#171 = VERTEX_POINT ( 'NONE', #5672 ) ;
#172 = FACE_OUTER_BOUND ( 'NONE', #1392, .T. ) ;
#173 = CARTESIAN_POINT ( 'NONE',  ( 10.00000000000000178, 50.00000000000000000, 39.00000000000000000 ) ) ;
#174 = CARTESIAN_POINT ( 'NONE',  ( 12.50000000000000000, 15.00000000000000178, 2.000000000000000000 ) ) ;
#175 = VECTOR ( 'NONE', #4324, 1000.000000000000000 ) ;
#176 = VECTOR ( 'NONE', #2253, 1000.000000000000000 ) ;
#177 = ORIENTED_EDGE ( 'NONE', *, *, #470, .T. ) ;
#178 = DIRECTION ( 'NONE',  ( 1.000000000000000000, 0.000000000000000000, -0.000000000000000000 ) ) ;
#179 = VERTEX_POINT ( 'NONE', #1239 ) ;
#180 = ORIENTED_EDGE ( 'NONE', *, *, #5101, .F. ) ;
#181 = CARTESIAN_POINT ( 'NONE',  ( 50.00000000000000000, 84.99999999999998579, 22.00000000000000000 ) ) ;
#182 = ADVANCED_FACE ( 'NONE', ( #4669 ), #3476, .T. ) ;
#183 = EDGE_CURVE ( 'NONE', #4080, #3670, #6942, .T. ) ;
#184 = CARTESIAN_POINT ( 'NONE',  ( 50.00000000000000000, 84.99999999999998579, 78.00000000000000000 ) ) ;
#185 = LINE ( 'NONE', #4206, #2765 ) ;
#186 = ORIENTED_EDGE ( 'NONE', *, *, #4018, .T. ) ;
#187 = ORIENTED_EDGE ( 'NONE', *, *, #2501, .F. ) ;
#188 = CARTESIAN_POINT ( 'NONE',  ( 93.00000000000000000, 98.00000000000000000, 98.00000000000000000 ) ) ;
#189 = EDGE_CURVE ( 'NONE', #2267, #850, #683, .T. ) ;
#190 = EDGE_CURVE ( 'NONE', #5092, #3338, #2851, .T. ) ;
#191 = EDGE_CURVE ( 'NONE', #6466, #780, #2924, .T. ) ;
#192 = FACE_OUTER_BOUND ( 'NONE', #1402, .T. ) ;
#193 = CARTESIAN_POINT ( 'NONE',  ( 84.99999999999998579, 15.00000000000000178, 98.00000000000000000 ) ) ;
#194 = DIRECTION ( 'NONE',  ( 0.000000000000000000, 0.000000000000000000, 1.000000000000000000 ) ) ;
#195 = VECTOR ( 'NONE', #3632, 1000.000000000000000 ) ;
#196 = VECTOR ( 'NONE', #5887, 1000.000000000000000 ) ;
#197 = ORIENTED_EDGE ( 'NONE', *, *, #2884, .T. ) ;
#198 = LINE ( 'NONE', #3131, #4647 ) ;
#199 = DIRECTION ( 'NONE',  ( -1.000000000000000000, -0.000000000000000000, 0.000000000000000000 ) ) ;
#200 = CARTESIAN_POINT ( 'NONE',  ( 6.999999999999999112, 95.50000000000000000, 2.000000000000000000 ) ) ;
#201 = DIRECTION ( 'NONE',  ( 0.000000000000000000, 1.000000000000000000, 0.000000000000000000 ) ) ;
#202 = AXIS2_PLACEMENT_3D ( 'NONE', #5077, #7346, #6221 ) ;
#203 = ORIENTED_EDGE ( 'NONE', *, *, #628, .T. ) ;
#204 = FACE_OUTER_BOUND ( 'NONE', #2494, .T. ) ;
#205 = EDGE_LOOP ( 'NONE', ( #1472, #623, #6859, #5530 ) ) ;
#206 = DIRECTION ( 'NONE',  ( 0.000000000000000000, 0.000000000000000000, 1.000000000000000000 ) ) ;
#207 = VERTEX_POINT ( 'NONE', #1133 ) ;
#208 = LINE ( 'NONE', #6456, #2568 ) ;
#209 = CARTESIAN_POINT ( 'NONE',  ( 2.000000000000001776, 2.000000000000000000, 2.000000000000000000 ) ) ;
#210 = DIRECTION ( 'NONE',  ( -0.000000000000000000, 1.000000000000000000, 0.000000000000000000 ) ) ;
#211 = ORIENTED_EDGE ( 'NONE', *, *, #5876, .T. ) ;
#212 = CARTESIAN_POINT ( 'NONE',  ( 12.50000000000000000, 12.50000000000000000, 98.00000000000000000 ) ) ;
#213 = ORIENTED_EDGE ( 'NONE', *, *, #377, .F. ) ;
#214 = ORIENTED_EDGE ( 'NONE', *, *, #1736, .T. ) ;
#215 = VECTOR ( 'NONE', #217, 1000.000000000000000 ) ;
#216 = LINE ( 'NONE', #6467, #6745 ) ;
#217 = DIRECTION ( 'NONE',  ( 0.000000000000000000, 0.000000000000000000, 1.000000000000000000 ) ) ;
#218 = CLOSED_SHELL ( 'NONE', ( #2549, #2646, #6152, #2602, #726, #941 ) ) ;
#219 = PLANE ( 'NONE',  #7275 ) ;
#220 = EDGE_LOOP ( 'NONE', ( #1762, #5065, #7324, #3250 ) ) ;
#221 = CC_DESIGN_DATE_AND_TIME_ASSIGNMENT ( #5001, #13, ( #417 ) ) ;
#222 = EDGE_CURVE ( 'NONE', #3082, #5628, #3370, .T. ) ;
#223 = ORIENTED_EDGE ( 'NONE', *, *, #5060, .T. ) ;
#224 = VERTEX_POINT ( 'NONE', #4559 ) ;
#225 = DIRECTION ( 'NONE',  ( 0.000000000000000000, 0.000000000000000000, 1.000000000000000000 ) ) ;
#226 = DIRECTION ( 'NONE',  ( -0.000000000000000000, 0.000000000000000000, -1.000000000000000000 ) ) ;
#227 = LINE ( 'NONE', #2498, #5215 ) ;
#228 = CARTESIAN_POINT ( 'NONE',  ( 7.000000000000006217, 6.999999999999999112, 2.000000000000000000 ) ) ;
#229 = EDGE_CURVE ( 'NONE', #4302, #4765, #2816, .T. ) ;
#230 = ADVANCED_FACE ( 'NONE', ( #6265 ), #1169, .F. ) ;
#231 = EDGE_CURVE ( 'NONE', #5938, #4941, #614, .T. ) ;
#232 = DIRECTION ( 'NONE',  ( 0.000000000000000000, 0.000000000000000000, 1.000000000000000000 ) ) ;
#233 = CARTESIAN_POINT ( 'NONE',  ( 90.00000000000000000, 10.00000000000000000, 2.000000000000000000 ) ) ;
#234 = LINE ( 'NONE', #4774, #911 ) ;
#235 = LINE ( 'NONE', #5262, #1244 ) ;
#236 = VERTEX_POINT ( 'NONE', #7085 ) ;
#237 = DATE_TIME_ROLE ( 'creation_date' ) ;
#238 = EDGE_CURVE ( 'NONE', #4578, #6203, #4113, .T. ) ;
#239 = EDGE_CURVE ( 'NONE', #4116, #3415, #3068, .T. ) ;
#240 = EDGE_LOOP ( 'NONE', ( #4622, #3350, #6307, #366 ) ) ;
#241 = DIRECTION ( 'NONE',  ( 0.000000000000000000, -1.000000000000000000, -0.000000000000000000 ) ) ;
#242 = VERTEX_POINT ( 'NONE', #3623 ) ;
#243 = VECTOR ( 'NONE', #5328, 1000.000000000000000 ) ;
#244 = DIRECTION ( 'NONE',  ( -1.000000000000000000, -0.000000000000000000, 0.000000000000000000 ) ) ;
#245 = CARTESIAN_POINT ( 'NONE',  ( 98.00000000000000000, 1.000000000000000000, 98.00000000000000000 ) ) ;
#246 = AXIS2_PLACEMENT_3D ( 'NONE', #3880, #4926, #6147 ) ;
#247 = CARTESIAN_POINT ( 'NONE',  ( 95.00000000000000000, 93.00000000000000000, 63.00000000000000000 ) ) ;
#248 = ORIENTED_EDGE ( 'NONE', *, *, #1913, .F. ) ;
#249 = VECTOR ( 'NONE', #5066, 1000.000000000000000 ) ;
#250 = FACE_OUTER_BOUND ( 'NONE', #4129, .T. ) ;
#251 = VERTEX_POINT ( 'NONE', #5956 ) ;
#252 = VERTEX_POINT ( 'NONE', #233 ) ;
#253 = DIRECTION ( 'NONE',  ( -1.000000000000000000, -0.000000000000000000, 0.000000000000000000 ) ) ;
#254 = FACE_OUTER_BOUND ( 'NONE', #4611, .T. ) ;
#255 = CARTESIAN_POINT ( 'NONE',  ( 50.00000000000000000, 93.00000000000000000, 39.00000000000000000 ) ) ;
#256 = ORIENTED_EDGE ( 'NONE', *, *, #1235, .F. ) ;
#257 = ORIENTED_EDGE ( 'NONE', *, *, #1188, .T. ) ;
#258 = VECTOR ( 'NONE', #6431, 1000.000000000000000 ) ;
#259 = ORIENTED_EDGE ( 'NONE', *, *, #1272, .T. ) ;
#260 = LINE ( 'NONE', #2463, #1433 ) ;
#261 = CARTESIAN_POINT ( 'NONE',  ( 5.000000000000004441, 93.00000000000000000, 61.00000000000000000 ) ) ;
#262 = DIRECTION ( 'NONE',  ( -0.000000000000000000, 1.000000000000000000, 0.000000000000000000 ) ) ;
#263 = CARTESIAN_POINT ( 'NONE',  ( 87.50000000000000000, 84.99999999999998579, 98.00000000000000000 ) ) ;
#264 = VECTOR ( 'NONE', #6166, 1000.000000000000000 ) ;
#265 = CARTESIAN_POINT ( 'NONE',  ( 4.500000000000000000, 50.00000000000000000, 2.000000000000000000 ) ) ;
#266 = DIRECTION ( 'NONE',  ( 0.000000000000000000, 0.000000000000000000, 1.000000000000000000 ) ) ;
#267 = DIRECTION ( 'NONE',  ( 1.000000000000000000, 0.000000000000000000, 0.000000000000000000 ) ) ;
#268 = EDGE_CURVE ( 'NONE', #4533, #6820, #4813, .T. ) ;
#269 = EDGE_CURVE ( 'NONE', #508, #2735, #5886, .T. ) ;
#270 = CARTESIAN_POINT ( 'NONE',  ( 90.00000000000000000, 84.99999999999998579, 36.00000000000000000 ) ) ;
#271 = AXIS2_PLACEMENT_3D ( 'NONE', #6831, #2887, #6903 ) ;
#272 = ORIENTED_EDGE ( 'NONE', *, *, #1090, .T. ) ;
#273 = LINE ( 'NONE', #3774, #7309 ) ;
#274 = ORIENTED_EDGE ( 'NONE', *, *, #2929, .F. ) ;
#275 = CARTESIAN_POINT ( 'NONE',  ( 10.00000000000000178, 50.00000000000000000, 78.00000000000000000 ) ) ;
#276 = ORIENTED_EDGE ( 'NONE', *, *, #2593, .T. ) ;
#277 = ADVANCED_FACE ( 'NONE', ( #1382 ), #754, .T. ) ;
#278 = ADVANCED_FACE ( 'NONE', ( #6482 ), #3100, .T. ) ;
#280 = EDGE_CURVE ( 'NONE', #2034, #6966, #4773, .T. ) ;
#279 = FACE_OUTER_BOUND ( 'NONE', #7332, .T. ) ;
#281 = PLANE ( 'NONE',  #97 ) ;
#282 = ORIENTED_EDGE ( 'NONE', *, *, #5140, .T. ) ;
#283 = DIRECTION ( 'NONE',  ( -0.000000000000000000, 1.000000000000000000, 0.000000000000000000 ) ) ;
#284 = AXIS2_PLACEMENT_3D ( 'NONE', #3112, #3708, #3223 ) ;
#285 = ORIENTED_EDGE ( 'NONE', *, *, #7007, .F. ) ;
#286 = PLANE ( 'NONE',  #6469 ) ;
#287 = VERTEX_POINT ( 'NONE', #2540 ) ;
#288 = EDGE_LOOP ( 'NONE', ( #117, #3814, #6314, #6868 ) ) ;
#289 = CARTESIAN_POINT ( 'NONE',  ( 6.999999999999999112, 95.50000000000000000, 98.00000000000000000 ) ) ;
#290 = LINE ( 'NONE', #184, #5210 ) ;
#291 = AXIS2_PLACEMENT_3D ( 'NONE', #918, #2073, #4866 ) ;
#292 =( GEOMETRIC_REPRESENTATION_CONTEXT ( 3 ) GLOBAL_UNCERTAINTY_ASSIGNED_CONTEXT ( ( #1887 ) ) GLOBAL_UNIT_ASSIGNED_CONTEXT ( ( #832, #6037, #7053 ) ) REPRESENTATION_CONTEXT ( 'NONE', 'WORKASPACE' ) );
#293 = DIRECTION ( 'NONE',  ( -1.000000000000000000, -0.000000000000000000, 0.000000000000000000 ) ) ;
#294 = VECTOR ( 'NONE', #5336, 1000.000000000000000 ) ;
#295 = LINE ( 'NONE', #5498, #5759 ) ;
#296 = ORIENTED_EDGE ( 'NONE', *, *, #5282, .F. ) ;
#297 = ORIENTED_EDGE ( 'NONE', *, *, #2422, .T. ) ;
#298 = VECTOR ( 'NONE', #6246, 1000.000000000000000 ) ;
#299 = EDGE_LOOP ( 'NONE', ( #3072, #3721, #2682, #5242 ) ) ;
#300 = CARTESIAN_POINT ( 'NONE',  ( 10.00000000000000000, 84.99999999999998579, 60.00000000000000000 ) ) ;
#301 = DIRECTION ( 'NONE',  ( -0.000000000000000000, 0.000000000000000000, -1.000000000000000000 ) ) ;
#302 = PLANE ( 'NONE',  #4250 ) ;
#303 = DIRECTION ( 'NONE',  ( 0.000000000000000000, 0.000000000000000000, -1.000000000000000000 ) ) ;
#304 = DIRECTION ( 'NONE',  ( 0.000000000000000000, 0.000000000000000000, -1.000000000000000000 ) ) ;
#305 = AXIS2_PLACEMENT_3D ( 'NONE', #5341, #4823, #4899 ) ;
#306 = CARTESIAN_POINT ( 'NONE',  ( 84.99999999999998579, 84.99999999999998579, 60.00000000000000000 ) ) ;
#307 = PLANE ( 'NONE',  #1265 ) ;
#308 = LINE ( 'NONE', #3732, #2800 ) ;
#309 = VECTOR ( 'NONE', #7241, 1000.000000000000000 ) ;
#310 = EDGE_LOOP ( 'NONE', ( #272, #3325, #446, #4820 ) ) ;
#311 = PERSON_AND_ORGANIZATION ( #7219, #2077 ) ;
#312 = EDGE_CURVE ( 'NONE', #3449, #3985, #1311, .T. ) ;
#313 = VERTEX_POINT ( 'NONE', #5260 ) ;
#314 = CARTESIAN_POINT ( 'NONE',  ( 15.00000000000000000, 50.00000000000000000, 78.00000000000000000 ) ) ;
#315 = ORIENTED_EDGE ( 'NONE', *, *, #4199, .F. ) ;
#316 = VECTOR ( 'NONE', #267, 1000.000000000000000 ) ;
#317 = CARTESIAN_POINT ( 'NONE',  ( 98.00000000000000000, 100.0000000000000000, 2.000000000000000000 ) ) ;
#318 = DIRECTION ( 'NONE',  ( 1.000000000000000000, 0.000000000000000000, -0.000000000000000000 ) ) ;
#319 = ORIENTED_EDGE ( 'NONE', *, *, #3466, .T. ) ;
#320 = DIRECTION ( 'NONE',  ( 1.000000000000000000, 0.000000000000000000, 0.000000000000000000 ) ) ;
#321 = VECTOR ( 'NONE', #5433, 1000.000000000000000 ) ;
#322 = EDGE_CURVE ( 'NONE', #2147, #2267, #1422, .T. ) ;
#323 = EDGE_CURVE ( 'NONE', #3530, #5559, #5924, .T. ) ;
#324 = EDGE_CURVE ( 'NONE', #893, #3513, #5813, .T. ) ;
#325 = EDGE_LOOP ( 'NONE', ( #3156, #4660, #1469, #368, #2082, #5304, #1153, #3020, #1780, #1216, #5115, #2309 ) ) ;
#326 = CARTESIAN_POINT ( 'NONE',  ( 2.000000000000000000, 50.00000000000000000, 2.000000000000000000 ) ) ;
#327 = ORIENTED_EDGE ( 'NONE', *, *, #5601, .F. ) ;
#328 = ORIENTED_EDGE ( 'NONE', *, *, #3658, .T. ) ;
#329 = FACE_OUTER_BOUND ( 'NONE', #2715, .T. ) ;
#330 = DIRECTION ( 'NONE',  ( 0.000000000000000000, 0.000000000000000000, 1.000000000000000000 ) ) ;
#331 = CARTESIAN_POINT ( 'NONE',  ( 50.00000000000000000, 84.99999999999998579, 20.00000000000000000 ) ) ;
#332 = FACE_OUTER_BOUND ( 'NONE', #299, .T. ) ;
#333 = ORIENTED_EDGE ( 'NONE', *, *, #3789, .F. ) ;
#334 = EDGE_CURVE ( 'NONE', #36, #612, #792, .T. ) ;
#335 = VERTEX_POINT ( 'NONE', #4256 ) ;
#336 = AXIS2_PLACEMENT_3D ( 'NONE', #4240, #2038, #5349 ) ;
#337 = VERTEX_POINT ( 'NONE', #3132 ) ;
#338 = VERTEX_POINT ( 'NONE', #5334 ) ;
#339 = CARTESIAN_POINT ( 'NONE',  ( 84.99999999999998579, 10.00000000000000000, 60.00000000000000000 ) ) ;
#340 = FACE_BOUND ( 'NONE', #3525, .T. ) ;
#341 = LINE ( 'NONE', #3094, #3298 ) ;
#342 = DIRECTION ( 'NONE',  ( 1.000000000000000000, 0.000000000000000000, -0.000000000000000000 ) ) ;
#343 = FACE_OUTER_BOUND ( 'NONE', #130, .T. ) ;
#344 = CARTESIAN_POINT ( 'NONE',  ( 84.99999999999998579, 87.50000000000000000, 2.000000000000000000 ) ) ;
#345 = CARTESIAN_POINT ( 'NONE',  ( 84.99999999999998579, 12.50000000000000000, 2.000000000000000000 ) ) ;
#346 = PLANE ( 'NONE',  #4217 ) ;
#347 = ORIENTED_EDGE ( 'NONE', *, *, #3882, .F. ) ;
#348 = APPROVAL_DATE_TIME ( #5443, #4178 ) ;
#349 = VERTEX_POINT ( 'NONE', #1945 ) ;
#350 = DIRECTION ( 'NONE',  ( 1.000000000000000000, 0.000000000000000000, 0.000000000000000000 ) ) ;
#351 = CARTESIAN_POINT ( 'NONE',  ( 5.000000000000004441, 6.999999999999999112, 39.00000000000000000 ) ) ;
#352 = CARTESIAN_POINT ( 'NONE',  ( 50.00000000000000000, 10.00000000000000178, 80.00000000000000000 ) ) ;
#353 = CARTESIAN_POINT ( 'NONE',  ( 15.00000000000000178, 90.00000000000000000, 80.00000000000000000 ) ) ;
#354 = DIRECTION ( 'NONE',  ( 0.000000000000000000, 0.000000000000000000, 1.000000000000000000 ) ) ;
#355 = ORIENTED_EDGE ( 'NONE', *, *, #1636, .T. ) ;
#356 = FACE_OUTER_BOUND ( 'NONE', #7280, .T. ) ;
#357 = ORIENTED_EDGE ( 'NONE', *, *, #4746, .T. ) ;
#358 = LINE ( 'NONE', #2633, #4581 ) ;
#359 = VECTOR ( 'NONE', #342, 1000.000000000000000 ) ;
#360 = ORIENTED_EDGE ( 'NONE', *, *, #1794, .F. ) ;
#361 = FACE_OUTER_BOUND ( 'NONE', #5353, .T. ) ;
#362 = ADVANCED_FACE ( 'NONE', ( #1910 ), #4181, .T. ) ;
#363 = EDGE_CURVE ( 'NONE', #2590, #567, #163, .T. ) ;
#364 = FACE_OUTER_BOUND ( 'NONE', #6717, .T. ) ;
#365 = CARTESIAN_POINT ( 'NONE',  ( 10.00000000000000000, 84.99999999999998579, 20.00000000000000000 ) ) ;
#366 = ORIENTED_EDGE ( 'NONE', *, *, #6783, .F. ) ;
#367 = VECTOR ( 'NONE', #232, 1000.000000000000000 ) ;
#368 = ORIENTED_EDGE ( 'NONE', *, *, #2095, .F. ) ;
#369 = ORIENTED_EDGE ( 'NONE', *, *, #643, .T. ) ;
#370 = ORIENTED_EDGE ( 'NONE', *, *, #6792, .T. ) ;
#371 = LINE ( 'NONE', #4917, #5603 ) ;
#372 = CARTESIAN_POINT ( 'NONE',  ( 5.000000000000004441, 50.00000000000000000, 37.00000000000000000 ) ) ;
#373 = CARTESIAN_POINT ( 'NONE',  ( 84.99999999999998579, 10.00000000000000000, 22.00000000000000000 ) ) ;
#374 = EDGE_CURVE ( 'NONE', #3402, #1217, #4706, .T. ) ;
#375 = EDGE_CURVE ( 'NONE', #98, #6545, #7012, .T. ) ;
#376 = CARTESIAN_POINT ( 'NONE',  ( 50.00000000000000000, 90.00000000000000000, 78.00000000000000000 ) ) ;
#377 = EDGE_CURVE ( 'NONE', #2074, #5464, #455, .T. ) ;
#378 = AXIS2_PLACEMENT_3D ( 'NONE', #3160, #4837, #2639 ) ;
#379 = VECTOR ( 'NONE', #5701, 1000.000000000000000 ) ;
#380 = LINE ( 'NONE', #1012, #2437 ) ;
#381 = CARTESIAN_POINT ( 'NONE',  ( 12.50000000000000000, 90.00000000000000000, 2.000000000000000000 ) ) ;
#382 = CARTESIAN_POINT ( 'NONE',  ( 12.50000000000000000, 10.00000000000000000, 98.00000000000000000 ) ) ;
#383 = DIRECTION ( 'NONE',  ( 0.000000000000000000, 0.000000000000000000, 1.000000000000000000 ) ) ;
#384 = PLANE ( 'NONE',  #6112 ) ;
#385 = EDGE_LOOP ( 'NONE', ( #7134, #5444, #5209, #4744 ) ) ;
#386 = VECTOR ( 'NONE', #3776, 1000.000000000000000 ) ;
#387 = CARTESIAN_POINT ( 'NONE',  ( 93.00000000000000000, 5.000000000000004441, 78.00000000000000000 ) ) ;
#388 = ORIENTED_EDGE ( 'NONE', *, *, #4458, .T. ) ;
#389 = CARTESIAN_POINT ( 'NONE',  ( 50.00000000000000000, 15.00000000000000000, 80.00000000000000000 ) ) ;
#390 = CARTESIAN_POINT ( 'NONE',  ( 98.00000000000000000, 7.000000000000006217, 7.000000000000000000 ) ) ;
#391 = VERTEX_POINT ( 'NONE', #2163 ) ;
#392 = VECTOR ( 'NONE', #1249, 1000.000000000000000 ) ;
#393 = DIRECTION ( 'NONE',  ( 0.000000000000000000, 0.000000000000000000, -1.000000000000000000 ) ) ;
#394 = CARTESIAN_POINT ( 'NONE',  ( 10.00000000000000178, 50.00000000000000000, 22.00000000000000000 ) ) ;
#395 = ORIENTED_EDGE ( 'NONE', *, *, #1965, .F. ) ;
#396 = FACE_OUTER_BOUND ( 'NONE', #7102, .T. ) ;
#397 = EDGE_LOOP ( 'NONE', ( #6359, #3508, #6951, #4916 ) ) ;
#398 = CARTESIAN_POINT ( 'NONE',  ( 12.50000000000000000, 90.00000000000000000, 60.00000000000000000 ) ) ;
#399 = EDGE_LOOP ( 'NONE', ( #4691, #5847, #3107, #2397 ) ) ;
#400 = CARTESIAN_POINT ( 'NONE',  ( 100.0000000000000000, 0.000000000000000000, 2.000000000000000000 ) ) ;
#401 = PLANE ( 'NONE',  #7039 ) ;
#402 = VECTOR ( 'NONE', #4927, 1000.000000000000000 ) ;
#403 = FACE_OUTER_BOUND ( 'NONE', #1152, .T. ) ;
#404 = ORIENTED_EDGE ( 'NONE', *, *, #2097, .F. ) ;
#405 = ADVANCED_FACE ( 'NONE', ( #936 ), #1051, .T. ) ;
#406 = EDGE_CURVE ( 'NONE', #5904, #3449, #1573, .T. ) ;
#407 = ORIENTED_EDGE ( 'NONE', *, *, #5050, .F. ) ;
#408 = VERTEX_POINT ( 'NONE', #4962 ) ;
#410 = CARTESIAN_POINT ( 'NONE',  ( 15.00000000000000000, 10.00000000000000178, 80.00000000000000000 ) ) ;
#409 = VECTOR ( 'NONE', #3207, 1000.000000000000000 ) ;
#411 = VECTOR ( 'NONE', #6575, 1000.000000000000000 ) ;
#412 = AXIS2_PLACEMENT_3D ( 'NONE', #2999, #7355, #6873 ) ;
#413 = CARTESIAN_POINT ( 'NONE',  ( 84.99999999999998579, 50.00000000000000000, 39.00000000000000000 ) ) ;
#414 = DIRECTION ( 'NONE',  ( 1.000000000000000000, 0.000000000000000000, -0.000000000000000000 ) ) ;
#415 = DIRECTION ( 'NONE',  ( 0.000000000000000000, 0.000000000000000000, -1.000000000000000000 ) ) ;
#416 = AXIS2_PLACEMENT_3D ( 'NONE', #6208, #3384, #553 ) ;
#417 = SECURITY_CLASSIFICATION ( '', '', #979 ) ;
#418 = EDGE_CURVE ( 'NONE', #122, #4302, #6598, .T. ) ;
#419 = ADVANCED_FACE ( 'NONE', ( #2694 ), #3844, .F. ) ;
#420 = EDGE_CURVE ( 'NONE', #850, #3627, #4997, .T. ) ;
#421 = DIRECTION ( 'NONE',  ( -1.000000000000000000, -0.000000000000000000, 0.000000000000000000 ) ) ;
#422 = CARTESIAN_POINT ( 'NONE',  ( 98.00000000000000000, 0.000000000000000000, 2.000000000000000000 ) ) ;
#423 = PLANE ( 'NONE',  #2306 ) ;
#424 = CARTESIAN_POINT ( 'NONE',  ( 15.00000000000000178, 10.00000000000000000, 2.000000000000000000 ) ) ;
#425 = LINE ( 'NONE', #5516, #5755 ) ;
#426 = ORIENTED_EDGE ( 'NONE', *, *, #7150, .T. ) ;
#427 = ORIENTED_EDGE ( 'NONE', *, *, #4554, .F. ) ;
#428 = LINE ( 'NONE', #3850, #5031 ) ;
#429 = LINE ( 'NONE', #499, #3484 ) ;
#430 = CARTESIAN_POINT ( 'NONE',  ( 6.999999999999999112, 50.00000000000000000, 22.00000000000000000 ) ) ;
#431 = LINE ( 'NONE', #6649, #6012 ) ;
#432 = CARTESIAN_POINT ( 'NONE',  ( 7.000000000000000000, 7.000000000000000000, 80.00000000000000000 ) ) ;
#433 = ORIENTED_EDGE ( 'NONE', *, *, #2375, .T. ) ;
#434 = VECTOR ( 'NONE', #1064, 1000.000000000000000 ) ;
#435 = CARTESIAN_POINT ( 'NONE',  ( 2.000000000000001776, 100.0000000000000000, 2.000000000000000000 ) ) ;
#436 = EDGE_LOOP ( 'NONE', ( #4933, #1191, #6413, #6677 ) ) ;
#437 = VECTOR ( 'NONE', #1496, 1000.000000000000000 ) ;
#438 = FACE_OUTER_BOUND ( 'NONE', #5889, .T. ) ;
#439 = ORIENTED_EDGE ( 'NONE', *, *, #3240, .T. ) ;
#440 = CARTESIAN_POINT ( 'NONE',  ( 84.99999999999998579, 10.00000000000000000, 39.00000000000000000 ) ) ;
#441 = DIRECTION ( 'NONE',  ( 0.000000000000000000, 0.000000000000000000, 1.000000000000000000 ) ) ;
#442 = VECTOR ( 'NONE', #4583, 1000.000000000000000 ) ;
#443 = VECTOR ( 'NONE', #44, 1000.000000000000000 ) ;
#444 = DIRECTION ( 'NONE',  ( 1.000000000000000000, 0.000000000000000000, -0.000000000000000000 ) ) ;
#445 = ORIENTED_EDGE ( 'NONE', *, *, #6835, .T. ) ;
#446 = ORIENTED_EDGE ( 'NONE', *, *, #3491, .F. ) ;
#447 = VERTEX_POINT ( 'NONE', #4293 ) ;
#448 = DIRECTION ( 'NONE',  ( 0.000000000000000000, 0.000000000000000000, 1.000000000000000000 ) ) ;
#449 = DIRECTION ( 'NONE',  ( -0.000000000000000000, 0.000000000000000000, -1.000000000000000000 ) ) ;
#450 = LINE ( 'NONE', #2726, #4856 ) ;
#451 = CARTESIAN_POINT ( 'NONE',  ( 50.00000000000000000, 15.00000000000000000, 20.00000000000000000 ) ) ;
#452 = AXIS2_PLACEMENT_3D ( 'NONE', #6386, #4195, #6421 ) ;
#453 = FACE_OUTER_BOUND ( 'NONE', #5043, .T. ) ;
#454 = DIRECTION ( 'NONE',  ( 0.000000000000000000, 0.000000000000000000, 1.000000000000000000 ) ) ;
#455 = LINE ( 'NONE', #3173, #757 ) ;
#456 = LINE ( 'NONE', #7269, #3413 ) ;
#457 = VECTOR ( 'NONE', #2947, 1000.000000000000000 ) ;
#458 = LINE ( 'NONE', #2059, #1602 ) ;
#459 = CLOSED_SHELL ( 'NONE', ( #2979, #6559, #4923, #2409, #3560, #3324 ) ) ;
#460 = EDGE_CURVE ( 'NONE', #4227, #335, #6674, .T. ) ;
#461 = EDGE_CURVE ( 'NONE', #6702, #1902, #6032, .T. ) ;
#462 = ORIENTED_EDGE ( 'NONE', *, *, #5453, .T. ) ;
#463 = ORIENTED_EDGE ( 'NONE', *, *, #1834, .T. ) ;
#464 = CARTESIAN_POINT ( 'NONE',  ( 1.999999999999999556, 50.00000000000000000, 98.00000000000000000 ) ) ;
#465 = LINE ( 'NONE', #7240, #4555 ) ;
#466 = CARTESIAN_POINT ( 'NONE',  ( 1.999999999999999556, 7.000000000000006217, 93.00000000000000000 ) ) ;
#467 = DIRECTION ( 'NONE',  ( -1.000000000000000000, 0.000000000000000000, 0.000000000000000000 ) ) ;
#468 = DIRECTION ( 'NONE',  ( -0.000000000000000000, 1.000000000000000000, 0.000000000000000000 ) ) ;
#469 = DIRECTION ( 'NONE',  ( 0.000000000000000000, -1.000000000000000000, -0.000000000000000000 ) ) ;
#470 = EDGE_CURVE ( 'NONE', #2584, #5391, #6107, .T. ) ;
#471 = EDGE_CURVE ( 'NONE', #2343, #3402, #2657, .T. ) ;
#472 = ORIENTED_EDGE ( 'NONE', *, *, #3915, .T. ) ;
#473 = CARTESIAN_POINT ( 'NONE',  ( 84.99999999999998579, 50.00000000000000000, 78.00000000000000000 ) ) ;
#474 = VERTEX_POINT ( 'NONE', #2768 ) ;
#475 = CARTESIAN_POINT ( 'NONE',  ( 15.00000000000000178, 87.50000000000000000, 77.00000000000000000 ) ) ;
#476 = ORIENTED_EDGE ( 'NONE', *, *, #1729, .T. ) ;
#477 = CARTESIAN_POINT ( 'NONE',  ( 6.999999999999999112, 98.00000000000000000, 2.000000000000000000 ) ) ;
#478 = DIRECTION ( 'NONE',  ( -0.000000000000000000, 1.000000000000000000, 0.000000000000000000 ) ) ;
#479 = CARTESIAN_POINT ( 'NONE',  ( 15.00000000000000178, 10.00000000000000000, 20.00000000000000000 ) ) ;
#480 = ORIENTED_EDGE ( 'NONE', *, *, #5101, .T. ) ;
#481 = EDGE_LOOP ( 'NONE', ( #630, #4974, #1305, #7365 ) ) ;
#482 = ORIENTED_EDGE ( 'NONE', *, *, #7150, .F. ) ;
#483 = CARTESIAN_POINT ( 'NONE',  ( 98.00000000000000000, 2.000000000000000000, 98.00000000000000000 ) ) ;
#485 = VECTOR ( 'NONE', #7048, 1000.000000000000000 ) ;
#484 = LINE ( 'NONE', #1079, #3047 ) ;
#486 = CARTESIAN_POINT ( 'NONE',  ( 95.00000000000000000, 6.999999999999999112, 39.00000000000000000 ) ) ;
#487 = PLANE ( 'NONE',  #4528 ) ;
#488 = AXIS2_PLACEMENT_3D ( 'NONE', #2539, #2615, #2056 ) ;
#489 = CARTESIAN_POINT ( 'NONE',  ( 20.00000000000000355, 80.00000000000000000, 39.00000000000000000 ) ) ;
#490 = AXIS2_PLACEMENT_3D ( 'NONE', #3798, #6062, #521 ) ;
#491 = CARTESIAN_POINT ( 'NONE',  ( 98.00000000000000000, 99.00000000000000000, 98.00000000000000000 ) ) ;
#492 = CARTESIAN_POINT ( 'NONE',  ( 2.000000000000001776, 2.000000000000000000, 2.000000000000000000 ) ) ;
#493 = LINE ( 'NONE', #424, #6624 ) ;
#494 = FACE_OUTER_BOUND ( 'NONE', #1801, .T. ) ;
#495 = VERTEX_POINT ( 'NONE', #5552 ) ;
#496 = ORIENTED_EDGE ( 'NONE', *, *, #2594, .T. ) ;
#497 = VERTEX_POINT ( 'NONE', #492 ) ;
#498 = EDGE_CURVE ( 'NONE', #6384, #1070, #7121, .T. ) ;
#499 = CARTESIAN_POINT ( 'NONE',  ( 50.00000000000000000, 0.000000000000000000, 100.0000000000000000 ) ) ;
#500 = EDGE_CURVE ( 'NONE', #5614, #7333, #6561, .T. ) ;
#501 = AXIS2_PLACEMENT_3D ( 'NONE', #3346, #2261, #3417 ) ;
#502 = PLANE ( 'NONE',  #2215 ) ;
#503 = FACE_OUTER_BOUND ( 'NONE', #310, .T. ) ;
#504 = DIRECTION ( 'NONE',  ( 0.000000000000000000, 0.000000000000000000, 1.000000000000000000 ) ) ;
#505 = CARTESIAN_POINT ( 'NONE',  ( 50.00000000000000000, 15.00000000000000000, 22.00000000000000000 ) ) ;
#506 = ORIENTED_EDGE ( 'NONE', *, *, #3467, .T. ) ;
#507 = CARTESIAN_POINT ( 'NONE',  ( 12.50000000000000000, 10.00000000000000000, 19.00000000000000000 ) ) ;
#508 = VERTEX_POINT ( 'NONE', #5995 ) ;
#509 = VECTOR ( 'NONE', #2830, 1000.000000000000000 ) ;
#510 = EDGE_CURVE ( 'NONE', #1182, #2343, #900, .T. ) ;
#511 = CARTESIAN_POINT ( 'NONE',  ( 4.500000000000000000, 6.999999999999999112, 2.000000000000000000 ) ) ;
#512 = ADVANCED_FACE ( 'NONE', ( #6071 ), #2057, .T. ) ;
#513 = EDGE_CURVE ( 'NONE', #5946, #7368, #5475, .T. ) ;
#514 = VERTEX_POINT ( 'NONE', #6636 ) ;
#515 = LINE ( 'NONE', #2974, #5560 ) ;
#516 = PLANE ( 'NONE',  #501 ) ;
#517 = CARTESIAN_POINT ( 'NONE',  ( 50.00000000000000000, 15.00000000000000000, 78.00000000000000000 ) ) ;
#518 = ORIENTED_EDGE ( 'NONE', *, *, #4020, .F. ) ;
#519 = ORIENTED_EDGE ( 'NONE', *, *, #3970, .T. ) ;
#520 = ORIENTED_EDGE ( 'NONE', *, *, #1876, .T. ) ;
#521 = DIRECTION ( 'NONE',  ( 0.000000000000000000, -0.000000000000000000, 1.000000000000000000 ) ) ;
#522 = CARTESIAN_POINT ( 'NONE',  ( 5.000000000000004441, 93.00000000000000000, 37.00000000000000000 ) ) ;
#523 = PLANE ( 'NONE',  #5547 ) ;
#524 = DIRECTION ( 'NONE',  ( -0.000000000000000000, 1.000000000000000000, 0.000000000000000000 ) ) ;
#525 = ORIENTED_EDGE ( 'NONE', *, *, #2107, .T. ) ;
#526 = VECTOR ( 'NONE', #7249, 1000.000000000000000 ) ;
#527 = CARTESIAN_POINT ( 'NONE',  ( 84.99999999999998579, 50.00000000000000000, 20.00000000000000000 ) ) ;
#528 = LINE ( 'NONE', #7229, #5592 ) ;
#529 = LINE ( 'NONE', #6328, #85 ) ;
#530 = CARTESIAN_POINT ( 'NONE',  ( 10.00000000000000178, 50.00000000000000000, 39.00000000000000000 ) ) ;
#531 = DIRECTION ( 'NONE',  ( 0.000000000000000000, 0.000000000000000000, 1.000000000000000000 ) ) ;
#532 = VECTOR ( 'NONE', #6802, 1000.000000000000000 ) ;
#533 = VECTOR ( 'NONE', #6073, 1000.000000000000000 ) ;
#534 = VERTEX_POINT ( 'NONE', #1533 ) ;
#535 = SHAPE_DEFINITION_REPRESENTATION ( #3149, #6774 ) ;
#536 = EDGE_LOOP ( 'NONE', ( #223, #5148, #2975, #6085 ) ) ;
#537 = ORIENTED_EDGE ( 'NONE', *, *, #5546, .T. ) ;
#538 = DIRECTION ( 'NONE',  ( -1.000000000000000000, 0.000000000000000000, 0.000000000000000000 ) ) ;
#539 = DIRECTION ( 'NONE',  ( -0.000000000000000000, 1.000000000000000000, 0.000000000000000000 ) ) ;
#540 = PLANE ( 'NONE',  #3529 ) ;
#541 = CARTESIAN_POINT ( 'NONE',  ( 95.00000000000000000, 6.999999999999999112, 61.00000000000000000 ) ) ;
#542 = DIRECTION ( 'NONE',  ( 1.000000000000000000, 0.000000000000000000, -0.000000000000000000 ) ) ;
#543 = VERTEX_POINT ( 'NONE', #974 ) ;
#544 = LINE ( 'NONE', #6270, #7302 ) ;
#545 = ADVANCED_FACE ( 'NONE', ( #3247 ), #423, .F. ) ;
#546 = ADVANCED_FACE ( 'NONE', ( #2878 ), #6293, .T. ) ;
#547 = ORIENTED_EDGE ( 'NONE', *, *, #7037, .T. ) ;
#548 = CARTESIAN_POINT ( 'NONE',  ( 50.00000000000000000, 6.999999999999999112, 7.000000000000000000 ) ) ;
#549 = VERTEX_POINT ( 'NONE', #5699 ) ;
#550 = VECTOR ( 'NONE', #4159, 1000.000000000000000 ) ;
#551 = DIRECTION ( 'NONE',  ( -0.000000000000000000, 0.000000000000000000, -1.000000000000000000 ) ) ;
#552 = FACE_OUTER_BOUND ( 'NONE', #6919, .T. ) ;
#553 = DIRECTION ( 'NONE',  ( 0.000000000000000000, -0.000000000000000000, 1.000000000000000000 ) ) ;
#554 = EDGE_CURVE ( 'NONE', #1487, #3445, #6182, .T. ) ;
#555 = EDGE_CURVE ( 'NONE', #815, #4552, #5145, .T. ) ;
#556 = EDGE_CURVE ( 'NONE', #991, #7331, #5767, .T. ) ;
#557 = VECTOR ( 'NONE', #4814, 1000.000000000000000 ) ;
#558 = ORIENTED_EDGE ( 'NONE', *, *, #2560, .F. ) ;
#559 = VERTEX_POINT ( 'NONE', #1193 ) ;
#560 = EDGE_LOOP ( 'NONE', ( #839, #6528, #112, #4111 ) ) ;
#561 = CARTESIAN_POINT ( 'NONE',  ( 50.00000000000000000, 1.999999999999999556, 7.000000000000000000 ) ) ;
#562 = DIRECTION ( 'NONE',  ( 0.000000000000000000, 0.000000000000000000, 1.000000000000000000 ) ) ;
#563 = VECTOR ( 'NONE', #1980, 1000.000000000000000 ) ;
#564 = CARTESIAN_POINT ( 'NONE',  ( 10.00000000000000000, 90.00000000000000000, 78.00000000000000000 ) ) ;
#565 = EDGE_CURVE ( 'NONE', #691, #1590, #676, .T. ) ;
#566 = EDGE_CURVE ( 'NONE', #1915, #2544, #6754, .T. ) ;
#567 = VERTEX_POINT ( 'NONE', #2243 ) ;
#568 = DIRECTION ( 'NONE',  ( -1.000000000000000000, -0.000000000000000000, 0.000000000000000000 ) ) ;
#569 = DIRECTION ( 'NONE',  ( -0.000000000000000000, 1.000000000000000000, 0.000000000000000000 ) ) ;
#570 = LINE ( 'NONE', #6897, #5548 ) ;
#571 = CARTESIAN_POINT ( 'NONE',  ( 98.00000000000000000, 0.000000000000000000, 98.00000000000000000 ) ) ;
#572 = CARTESIAN_POINT ( 'NONE',  ( 50.00000000000000000, 95.00000000000000000, 20.00000000000000000 ) ) ;
#573 = EDGE_LOOP ( 'NONE', ( #297, #1020, #369, #4271 ) ) ;
#574 = ORIENTED_EDGE ( 'NONE', *, *, #363, .T. ) ;
#575 = AXIS2_PLACEMENT_3D ( 'NONE', #1252, #551, #2827 ) ;
#576 = ORIENTED_EDGE ( 'NONE', *, *, #222, .T. ) ;
#577 = DIRECTION ( 'NONE',  ( 0.000000000000000000, 0.000000000000000000, -1.000000000000000000 ) ) ;
#578 = PLANE ( 'NONE',  #2935 ) ;
#579 = CARTESIAN_POINT ( 'NONE',  ( 100.0000000000000000, 0.000000000000000000, 98.00000000000000000 ) ) ;
#580 = CLOSED_SHELL ( 'NONE', ( #3228, #6978, #7234, #6452, #3873, #5873 ) ) ;
#581 = FACE_BOUND ( 'NONE', #1974, .T. ) ;
#582 = DIRECTION ( 'NONE',  ( -1.000000000000000000, -0.000000000000000000, 0.000000000000000000 ) ) ;
#583 = ORIENTED_EDGE ( 'NONE', *, *, #4977, .F. ) ;
#584 = DIRECTION ( 'NONE',  ( 0.000000000000000000, -0.000000000000000000, 1.000000000000000000 ) ) ;
#585 = ORIENTED_EDGE ( 'NONE', *, *, #4060, .T. ) ;
#586 = CARTESIAN_POINT ( 'NONE',  ( 15.00000000000000000, 50.00000000000000000, 63.00000000000000000 ) ) ;
#587 = ORIENTED_EDGE ( 'NONE', *, *, #6825, .F. ) ;
#588 = CARTESIAN_POINT ( 'NONE',  ( 80.00000000000000000, 50.00000000000000000, 39.00000000000000000 ) ) ;
#589 = DIRECTION ( 'NONE',  ( 1.000000000000000000, 0.000000000000000000, -0.000000000000000000 ) ) ;
#590 = CARTESIAN_POINT ( 'NONE',  ( 95.00000000000000000, 93.00000000000000000, 20.00000000000000000 ) ) ;
#591 = ORIENTED_EDGE ( 'NONE', *, *, #824, .F. ) ;
#592 = VERTEX_POINT ( 'NONE', #3956 ) ;
#593 = ORIENTED_EDGE ( 'NONE', *, *, #4738, .T. ) ;
#594 = CARTESIAN_POINT ( 'NONE',  ( 98.00000000000000000, 93.00000000000000000, 2.000000000000000000 ) ) ;
#595 = ADVANCED_FACE ( 'NONE', ( #4514 ), #5076, .T. ) ;
#596 = EDGE_CURVE ( 'NONE', #5666, #1466, #6220, .T. ) ;
#597 = PLANE ( 'NONE',  #2346 ) ;
#598 = LINE ( 'NONE', #5213, #1326 ) ;
#599 = ORIENTED_EDGE ( 'NONE', *, *, #1884, .T. ) ;
#600 = LINE ( 'NONE', #4065, #14 ) ;
#601 = EDGE_CURVE ( 'NONE', #5898, #6339, #3920, .T. ) ;
#602 = EDGE_CURVE ( 'NONE', #5559, #5740, #2913, .T. ) ;
#603 = VECTOR ( 'NONE', #1045, 1000.000000000000000 ) ;
#604 = EDGE_CURVE ( 'NONE', #939, #1625, #605, .T. ) ;
#605 = LINE ( 'NONE', #6862, #5196 ) ;
#606 = CARTESIAN_POINT ( 'NONE',  ( 100.0000000000000000, 0.000000000000000000, 2.000000000000000000 ) ) ;
#607 = VECTOR ( 'NONE', #1013, 1000.000000000000000 ) ;
#608 = DIRECTION ( 'NONE',  ( 1.000000000000000000, 0.000000000000000000, -0.000000000000000000 ) ) ;
#609 = VERTEX_POINT ( 'NONE', #5180 ) ;
#610 = VECTOR ( 'NONE', #2229, 1000.000000000000000 ) ;
#611 = EDGE_LOOP ( 'NONE', ( #3611, #4305, #1901, #2562, #5704, #5816, #1486, #5205, #1598, #2451, #2597, #2117 ) ) ;
#612 = VERTEX_POINT ( 'NONE', #4032 ) ;
#613 = FACE_OUTER_BOUND ( 'NONE', #1131, .T. ) ;
#614 = LINE ( 'NONE', #2888, #1429 ) ;
#615 = DIRECTION ( 'NONE',  ( 0.000000000000000000, -1.000000000000000000, 0.000000000000000000 ) ) ;
#616 = FACE_OUTER_BOUND ( 'NONE', #385, .T. ) ;
#617 = DIRECTION ( 'NONE',  ( 1.000000000000000000, 0.000000000000000000, -0.000000000000000000 ) ) ;
#618 = ORIENTED_EDGE ( 'NONE', *, *, #4828, .F. ) ;
#619 = FACE_OUTER_BOUND ( 'NONE', #1949, .T. ) ;
#620 = AXIS2_PLACEMENT_3D ( 'NONE', #5069, #3461, #6216 ) ;
#621 = VERTEX_POINT ( 'NONE', #1687 ) ;
#622 = LINE ( 'NONE', #5305, #3961 ) ;
#623 = ORIENTED_EDGE ( 'NONE', *, *, #151, .T. ) ;
#624 = PLANE ( 'NONE',  #4024 ) ;
#625 = DIRECTION ( 'NONE',  ( 0.000000000000000000, 0.000000000000000000, 1.000000000000000000 ) ) ;
#626 = VECTOR ( 'NONE', #981, 1000.000000000000000 ) ;
#627 = ORIENTED_EDGE ( 'NONE', *, *, #2531, .F. ) ;
#628 = EDGE_CURVE ( 'NONE', #2735, #3737, #1125, .T. ) ;
#629 = ORIENTED_EDGE ( 'NONE', *, *, #1464, .T. ) ;
#630 = ORIENTED_EDGE ( 'NONE', *, *, #2189, .T. ) ;
#631 = LINE ( 'NONE', #2982, #1802 ) ;
#632 = DIRECTION ( 'NONE',  ( -0.000000000000000000, 1.000000000000000000, 0.000000000000000000 ) ) ;
#633 = VECTOR ( 'NONE', #2996, 1000.000000000000000 ) ;
#634 = CARTESIAN_POINT ( 'NONE',  ( 5.000000000000004441, 50.00000000000000000, 63.00000000000000000 ) ) ;
#635 = EDGE_CURVE ( 'NONE', #559, #5727, #81, .T. ) ;
#636 = VERTEX_POINT ( 'NONE', #3397 ) ;
#637 = PLANE ( 'NONE',  #6190 ) ;
#638 = DIRECTION ( 'NONE',  ( 0.000000000000000000, -1.000000000000000000, 0.000000000000000000 ) ) ;
#639 = CARTESIAN_POINT ( 'NONE',  ( 10.00000000000000178, 50.00000000000000000, 78.00000000000000000 ) ) ;
#640 = LINE ( 'NONE', #2915, #2385 ) ;
#641 = ORIENTED_EDGE ( 'NONE', *, *, #3552, .T. ) ;
#642 = EDGE_CURVE ( 'NONE', #3022, #841, #5624, .T. ) ;
#643 = EDGE_CURVE ( 'NONE', #549, #6702, #570, .T. ) ;
#644 = AXIS2_PLACEMENT_3D ( 'NONE', #6458, #1325, #5237 ) ;
#645 = EDGE_CURVE ( 'NONE', #4480, #3438, #529, .T. ) ;
#646 = ORIENTED_EDGE ( 'NONE', *, *, #1874, .T. ) ;
#647 = ORIENTED_EDGE ( 'NONE', *, *, #6229, .F. ) ;
#648 = CARTESIAN_POINT ( 'NONE',  ( 93.00000000000000000, 93.00000000000000000, 98.00000000000000000 ) ) ;
#649 = DIRECTION ( 'NONE',  ( -1.000000000000000000, 0.000000000000000000, 0.000000000000000000 ) ) ;
#650 = FACE_OUTER_BOUND ( 'NONE', #7132, .T. ) ;
#651 = VECTOR ( 'NONE', #7303, 1000.000000000000000 ) ;
#652 = AXIS2_PLACEMENT_3D ( 'NONE', #2931, #6449, #4186 ) ;
#653 = FACE_OUTER_BOUND ( 'NONE', #7348, .T. ) ;
#654 = AXIS2_PLACEMENT_3D ( 'NONE', #902, #6484, #3136 ) ;
#655 = ORIENTED_EDGE ( 'NONE', *, *, #3499, .F. ) ;
#656 = DIRECTION ( 'NONE',  ( -1.000000000000000000, -0.000000000000000000, 0.000000000000000000 ) ) ;
#657 = VECTOR ( 'NONE', #2040, 1000.000000000000000 ) ;
#658 = ORIENTED_EDGE ( 'NONE', *, *, #1139, .T. ) ;
#659 = LINE ( 'NONE', #5856, #6818 ) ;
#660 = ORIENTED_EDGE ( 'NONE', *, *, #6917, .F. ) ;
#661 = CARTESIAN_POINT ( 'NONE',  ( 95.00000000000000000, 93.00000000000000000, 22.00000000000000000 ) ) ;
#662 = CARTESIAN_POINT ( 'NONE',  ( 93.00000000000000000, 95.00000000000000000, 39.00000000000000000 ) ) ;
#663 = CARTESIAN_POINT ( 'NONE',  ( 7.000000000000006217, 98.00000000000000000, 93.00000000000000000 ) ) ;
#664 = ORIENTED_EDGE ( 'NONE', *, *, #2883, .F. ) ;
#665 = ORIENTED_EDGE ( 'NONE', *, *, #4151, .F. ) ;
#666 = AXIS2_PLACEMENT_3D ( 'NONE', #3353, #4122, #730 ) ;
#667 = ORIENTED_EDGE ( 'NONE', *, *, #4062, .T. ) ;
#668 = CARTESIAN_POINT ( 'NONE',  ( 12.50000000000000000, 10.00000000000000000, 60.00000000000000000 ) ) ;
#669 = FACE_OUTER_BOUND ( 'NONE', #2388, .T. ) ;
#670 = CARTESIAN_POINT ( 'NONE',  ( 95.50000000000000000, 7.000000000000006217, 2.000000000000000000 ) ) ;
#671 = VECTOR ( 'NONE', #6762, 1000.000000000000000 ) ;
#672 = ORIENTED_EDGE ( 'NONE', *, *, #3968, .T. ) ;
#673 = ORIENTED_EDGE ( 'NONE', *, *, #500, .T. ) ;
#674 = AXIS2_PLACEMENT_3D ( 'NONE', #811, #147, #3642 ) ;
#675 = FACE_OUTER_BOUND ( 'NONE', #2569, .T. ) ;
#676 = LINE ( 'NONE', #7305, #5162 ) ;
#677 = DIRECTION ( 'NONE',  ( 1.000000000000000000, 0.000000000000000000, -0.000000000000000000 ) ) ;
#678 = LINE ( 'NONE', #5182, #3588 ) ;
#679 = ORIENTED_EDGE ( 'NONE', *, *, #3602, .T. ) ;
#680 = VECTOR ( 'NONE', #7345, 1000.000000000000000 ) ;
#681 = ORIENTED_EDGE ( 'NONE', *, *, #2929, .T. ) ;
#682 = FACE_OUTER_BOUND ( 'NONE', #5478, .T. ) ;
#683 = LINE ( 'NONE', #2324, #5942 ) ;
#684 = CARTESIAN_POINT ( 'NONE',  ( 5.000000000000000000, 93.00000000000000000, 77.00000000000000000 ) ) ;
#685 = ADVANCED_FACE ( 'NONE', ( #2807 ), #2464, .T. ) ;
#686 = EDGE_CURVE ( 'NONE', #5310, #7067, #1904, .T. ) ;
#687 = DIRECTION ( 'NONE',  ( -0.000000000000000000, 0.000000000000000000, -1.000000000000000000 ) ) ;
#688 = VERTEX_POINT ( 'NONE', #5918 ) ;
#689 = CARTESIAN_POINT ( 'NONE',  ( 50.00000000000000000, 50.00000000000000000, 39.00000000000000000 ) ) ;
#690 = AXIS2_PLACEMENT_3D ( 'NONE', #6622, #3194, #6659 ) ;
#691 = VERTEX_POINT ( 'NONE', #5326 ) ;
#692 = DIRECTION ( 'NONE',  ( 0.000000000000000000, 0.000000000000000000, 1.000000000000000000 ) ) ;
#693 = EDGE_LOOP ( 'NONE', ( #5577, #1365, #5287, #2176 ) ) ;
#694 = ADVANCED_FACE ( 'NONE', ( #192 ), #4700, .F. ) ;
#695 = ADVANCED_FACE ( 'NONE', ( #1835 ), #7042, .F. ) ;
#697 = ADVANCED_FACE ( 'NONE', ( #1979 ), #4102, .T. ) ;
#696 = DIRECTION ( 'NONE',  ( 0.000000000000000000, -1.000000000000000000, 0.000000000000000000 ) ) ;
#698 = LINE ( 'NONE', #588, #3784 ) ;
#699 = VECTOR ( 'NONE', #6139, 1000.000000000000000 ) ;
#700 = LINE ( 'NONE', #2411, #5393 ) ;
#701 = ORIENTED_EDGE ( 'NONE', *, *, #238, .F. ) ;
#702 = CARTESIAN_POINT ( 'NONE',  ( 4.500000000000000000, 50.00000000000000000, 7.000000000000000000 ) ) ;
#703 = ORIENTED_EDGE ( 'NONE', *, *, #6793, .F. ) ;
#704 = ORIENTED_EDGE ( 'NONE', *, *, #1964, .T. ) ;
#705 = LINE ( 'NONE', #561, #7266 ) ;
#706 = LINE ( 'NONE', #2983, #6638 ) ;
#707 = FACE_OUTER_BOUND ( 'NONE', #536, .T. ) ;
#708 = ORIENTED_EDGE ( 'NONE', *, *, #1015, .T. ) ;
#709 = ORIENTED_EDGE ( 'NONE', *, *, #280, .F. ) ;
#710 = LINE ( 'NONE', #2877, #3344 ) ;
#711 = FACE_OUTER_BOUND ( 'NONE', #1991, .T. ) ;
#712 = FACE_OUTER_BOUND ( 'NONE', #3953, .T. ) ;
#713 = FACE_OUTER_BOUND ( 'NONE', #6398, .T. ) ;
#714 = VERTEX_POINT ( 'NONE', #2497 ) ;
#715 = VECTOR ( 'NONE', #3066, 1000.000000000000000 ) ;
#716 = EDGE_LOOP ( 'NONE', ( #4021, #1372, #6053, #1199 ) ) ;
#717 = PLANE ( 'NONE',  #864 ) ;
#718 = DIRECTION ( 'NONE',  ( 0.000000000000000000, 0.000000000000000000, 1.000000000000000000 ) ) ;
#719 = CARTESIAN_POINT ( 'NONE',  ( 93.00000000000000000, 5.000000000000004441, 39.00000000000000000 ) ) ;
#720 = CARTESIAN_POINT ( 'NONE',  ( 12.50000000000000000, 15.00000000000000178, 36.00000000000000000 ) ) ;
#721 = VECTOR ( 'NONE', #199, 1000.000000000000000 ) ;
#722 = ORIENTED_EDGE ( 'NONE', *, *, #3787, .T. ) ;
#723 = AXIS2_PLACEMENT_3D ( 'NONE', #2692, #3358, #5623 ) ;
#724 = PLANE ( 'NONE',  #2672 ) ;
#725 = EDGE_CURVE ( 'NONE', #559, #3272, #2391, .T. ) ;
#726 = ADVANCED_FACE ( 'NONE', ( #711 ), #4174, .T. ) ;
#727 = ORIENTED_EDGE ( 'NONE', *, *, #5874, .F. ) ;
#728 = LINE ( 'NONE', #1747, #1818 ) ;
#729 = ORIENTED_EDGE ( 'NONE', *, *, #3512, .T. ) ;
#730 = DIRECTION ( 'NONE',  ( -0.000000000000000000, 0.000000000000000000, -1.000000000000000000 ) ) ;
#731 = CARTESIAN_POINT ( 'NONE',  ( 95.00000000000000000, 6.999999999999999112, 78.00000000000000000 ) ) ;
#732 = EDGE_LOOP ( 'NONE', ( #519, #1130, #760, #5711 ) ) ;
#733 = CARTESIAN_POINT ( 'NONE',  ( 4.500000000000000000, 1.999999999999999556, 2.000000000000000000 ) ) ;
#734 = VECTOR ( 'NONE', #2528, 1000.000000000000000 ) ;
#735 = EDGE_CURVE ( 'NONE', #844, #1430, #1941, .T. ) ;
#736 = EDGE_CURVE ( 'NONE', #5098, #7171, #3541, .T. ) ;
#737 = ADVANCED_FACE ( 'NONE', ( #4805 ), #5806, .T. ) ;
#738 = EDGE_LOOP ( 'NONE', ( #537, #2404, #518, #4280 ) ) ;
#739 = CARTESIAN_POINT ( 'NONE',  ( 93.00000000000000000, 93.00000000000000000, 93.00000000000000000 ) ) ;
#740 = ORIENTED_EDGE ( 'NONE', *, *, #4595, .T. ) ;
#741 = ORIENTED_EDGE ( 'NONE', *, *, #6227, .F. ) ;
#742 = DIRECTION ( 'NONE',  ( 1.000000000000000000, 0.000000000000000000, -0.000000000000000000 ) ) ;
#743 = CARTESIAN_POINT ( 'NONE',  ( 90.00000000000000000, 10.00000000000000000, 98.00000000000000000 ) ) ;
#744 = CARTESIAN_POINT ( 'NONE',  ( 10.00000000000000178, 50.00000000000000000, 37.00000000000000000 ) ) ;
#745 = VERTEX_POINT ( 'NONE', #3093 ) ;
#746 = VERTEX_POINT ( 'NONE', #261 ) ;
#747 = VECTOR ( 'NONE', #478, 1000.000000000000000 ) ;
#748 = LINE ( 'NONE', #3576, #6909 ) ;
#749 = DIRECTION ( 'NONE',  ( 0.000000000000000000, 0.000000000000000000, 1.000000000000000000 ) ) ;
#750 = DIRECTION ( 'NONE',  ( 0.000000000000000000, 0.000000000000000000, 1.000000000000000000 ) ) ;
#751 = DIRECTION ( 'NONE',  ( 0.000000000000000000, -1.000000000000000000, -0.000000000000000000 ) ) ;
#752 = ORIENTED_EDGE ( 'NONE', *, *, #7339, .F. ) ;
#753 = CARTESIAN_POINT ( 'NONE',  ( 10.00000000000000000, 15.00000000000000178, 39.00000000000000000 ) ) ;
#754 = PLANE ( 'NONE',  #5591 ) ;
#755 = DIRECTION ( 'NONE',  ( -1.000000000000000000, -0.000000000000000000, 0.000000000000000000 ) ) ;
#756 = DIRECTION ( 'NONE',  ( -0.000000000000000000, 0.000000000000000000, -1.000000000000000000 ) ) ;
#757 = VECTOR ( 'NONE', #1495, 1000.000000000000000 ) ;
#758 = ORIENTED_EDGE ( 'NONE', *, *, #5323, .T. ) ;
#759 = DIRECTION ( 'NONE',  ( 1.000000000000000000, 0.000000000000000000, -0.000000000000000000 ) ) ;
#760 = ORIENTED_EDGE ( 'NONE', *, *, #4922, .T. ) ;
#761 = CARTESIAN_POINT ( 'NONE',  ( 7.000000000000000000, 93.00000000000000000, 20.00000000000000000 ) ) ;
#762 = VECTOR ( 'NONE', #1817, 1000.000000000000000 ) ;
#763 = EDGE_LOOP ( 'NONE', ( #2062, #1436, #4984, #3720 ) ) ;
#764 = LINE ( 'NONE', #3110, #6858 ) ;
#765 = DIRECTION ( 'NONE',  ( 1.000000000000000000, 0.000000000000000000, 0.000000000000000000 ) ) ;
#766 = ADVANCED_FACE ( 'NONE', ( #6400 ), #3025, .F. ) ;
#767 = DIRECTION ( 'NONE',  ( 0.000000000000000000, -0.000000000000000000, 1.000000000000000000 ) ) ;
#768 = AXIS2_PLACEMENT_3D ( 'NONE', #2106, #4342, #2668 ) ;
#769 = LOCAL_TIME ( 22, 0, 20.00000000000000000, #7198 ) ;
#770 = VERTEX_POINT ( 'NONE', #4252 ) ;
#771 = DIRECTION ( 'NONE',  ( 0.000000000000000000, -0.000000000000000000, 1.000000000000000000 ) ) ;
#772 = ORIENTED_EDGE ( 'NONE', *, *, #6227, .T. ) ;
#773 = ORIENTED_EDGE ( 'NONE', *, *, #3821, .T. ) ;
#774 = PLANE ( 'NONE',  #4715 ) ;
#775 = PLANE ( 'NONE',  #6997 ) ;
#776 = ADVANCED_FACE ( 'NONE', ( #3577, #7004, #6516, #1417, #3688 ), #5949, .T. ) ;
#777 = EDGE_CURVE ( 'NONE', #5904, #770, #157, .T. ) ;
#778 = DIRECTION ( 'NONE',  ( 1.000000000000000000, 0.000000000000000000, -0.000000000000000000 ) ) ;
#779 = EDGE_CURVE ( 'NONE', #4649, #1092, #4918, .T. ) ;
#780 = VERTEX_POINT ( 'NONE', #7116 ) ;
#781 = VERTEX_POINT ( 'NONE', #2011 ) ;
#782 = ORIENTED_EDGE ( 'NONE', *, *, #334, .F. ) ;
#783 = CARTESIAN_POINT ( 'NONE',  ( 4.500000000000000000, 95.50000000000000000, 2.000000000000000000 ) ) ;
#784 = DIRECTION ( 'NONE',  ( -1.000000000000000000, 0.000000000000000000, 0.000000000000000000 ) ) ;
#785 = DIRECTION ( 'NONE',  ( 0.000000000000000000, 0.000000000000000000, -1.000000000000000000 ) ) ;
#786 = ADVANCED_FACE ( 'NONE', ( #6589 ), #7260, .T. ) ;
#787 = EDGE_CURVE ( 'NONE', #845, #2100, #1008, .T. ) ;
#788 = LINE ( 'NONE', #1943, #715 ) ;
#789 = VECTOR ( 'NONE', #2138, 1000.000000000000000 ) ;
#790 = VECTOR ( 'NONE', #5280, 1000.000000000000000 ) ;
#791 = DIRECTION ( 'NONE',  ( -1.000000000000000000, 0.000000000000000000, 0.000000000000000000 ) ) ;
#792 = LINE ( 'NONE', #2506, #485 ) ;
#793 = DIRECTION ( 'NONE',  ( -0.000000000000000000, 1.000000000000000000, 0.000000000000000000 ) ) ;
#794 = DIRECTION ( 'NONE',  ( 0.000000000000000000, 0.000000000000000000, -1.000000000000000000 ) ) ;
#795 = VECTOR ( 'NONE', #6637, 1000.000000000000000 ) ;
#796 = ORIENTED_EDGE ( 'NONE', *, *, #1310, .T. ) ;
#797 = DATE_AND_TIME ( #4371, #769 ) ;
#798 = VERTEX_POINT ( 'NONE', #2649 ) ;
#799 = CARTESIAN_POINT ( 'NONE',  ( 5.000000000000004441, 93.00000000000000000, 39.00000000000000000 ) ) ;
#800 = ORIENTED_EDGE ( 'NONE', *, *, #1691, .F. ) ;
#801 = CARTESIAN_POINT ( 'NONE',  ( 5.000000000000004441, 6.999999999999999112, 80.00000000000000000 ) ) ;
#802 = LINE ( 'NONE', #4679, #6512 ) ;
#803 = ORIENTED_EDGE ( 'NONE', *, *, #4500, .F. ) ;
#804 = VECTOR ( 'NONE', #5718, 1000.000000000000000 ) ;
#805 = DIRECTION ( 'NONE',  ( 0.000000000000000000, 0.000000000000000000, 1.000000000000000000 ) ) ;
#806 = ORIENTED_EDGE ( 'NONE', *, *, #2274, .F. ) ;
#807 = DIRECTION ( 'NONE',  ( 1.000000000000000000, 0.000000000000000000, -0.000000000000000000 ) ) ;
#808 = ORIENTED_EDGE ( 'NONE', *, *, #3779, .F. ) ;
#809 = ORIENTED_EDGE ( 'NONE', *, *, #5954, .T. ) ;
#810 = VECTOR ( 'NONE', #562, 1000.000000000000000 ) ;
#811 = CARTESIAN_POINT ( 'NONE',  ( 50.00000000000000000, 5.000000000000004441, 37.00000000000000000 ) ) ;
#812 = LINE ( 'NONE', #3087, #215 ) ;
#813 = CLOSED_SHELL ( 'NONE', ( #278, #1395, #362, #5283, #1180, #5545 ) ) ;
#814 = DIRECTION ( 'NONE',  ( 0.000000000000000000, 0.000000000000000000, 1.000000000000000000 ) ) ;
#815 = VERTEX_POINT ( 'NONE', #2085 ) ;
#816 = ORIENTED_EDGE ( 'NONE', *, *, #5821, .T. ) ;
#817 = EDGE_CURVE ( 'NONE', #3760, #408, #2573, .T. ) ;
#818 = EDGE_CURVE ( 'NONE', #4616, #4793, #7186, .T. ) ;
#819 = EDGE_LOOP ( 'NONE', ( #296, #1858, #3797, #4208 ) ) ;
#820 = CARTESIAN_POINT ( 'NONE',  ( 50.00000000000000000, 100.0000000000000000, 2.000000000000000000 ) ) ;
#821 = DIRECTION ( 'NONE',  ( 0.000000000000000000, 0.000000000000000000, 1.000000000000000000 ) ) ;
#822 = CARTESIAN_POINT ( 'NONE',  ( 98.00000000000000000, 4.500000000000000000, 2.000000000000000000 ) ) ;
#823 = LINE ( 'NONE', #3095, #3934 ) ;
#824 = EDGE_CURVE ( 'NONE', #287, #5572, #4357, .T. ) ;
#825 = EDGE_CURVE ( 'NONE', #1902, #5840, #5506, .T. ) ;
#826 = ADVANCED_FACE ( 'NONE', ( #4394 ), #7152, .T. ) ;
#827 = LINE ( 'NONE', #6481, #131 ) ;
#828 = DIRECTION ( 'NONE',  ( -0.000000000000000000, 1.000000000000000000, 0.000000000000000000 ) ) ;
#829 = DIRECTION ( 'NONE',  ( 0.000000000000000000, 1.000000000000000000, 0.000000000000000000 ) ) ;
#830 = CARTESIAN_POINT ( 'NONE',  ( 93.00000000000000000, 95.00000000000000000, 61.00000000000000000 ) ) ;
#831 = ORIENTED_EDGE ( 'NONE', *, *, #2701, .F. ) ;
#832 =( LENGTH_UNIT ( ) NAMED_UNIT ( * ) SI_UNIT ( .MILLI., .METRE. ) );
#833 = ORIENTED_EDGE ( 'NONE', *, *, #2919, .T. ) ;
#834 = FACE_OUTER_BOUND ( 'NONE', #3575, .T. ) ;
#835 = VERTEX_POINT ( 'NONE', #6666 ) ;
#836 = DIRECTION ( 'NONE',  ( 0.000000000000000000, 0.000000000000000000, 1.000000000000000000 ) ) ;
#837 = FACE_OUTER_BOUND ( 'NONE', #6297, .T. ) ;
#838 = AXIS2_PLACEMENT_3D ( 'NONE', #5436, #4889, #3696 ) ;
#839 = ORIENTED_EDGE ( 'NONE', *, *, #4736, .T. ) ;
#840 = LINE ( 'NONE', #1029, #2910 ) ;
#841 = VERTEX_POINT ( 'NONE', #2686 ) ;
#842 = AXIS2_PLACEMENT_3D ( 'NONE', #3988, #2268, #5723 ) ;
#843 = DIRECTION ( 'NONE',  ( 0.000000000000000000, 0.000000000000000000, 1.000000000000000000 ) ) ;
#844 = VERTEX_POINT ( 'NONE', #7224 ) ;
#845 = VERTEX_POINT ( 'NONE', #4285 ) ;
#846 = DIRECTION ( 'NONE',  ( 0.000000000000000000, 0.000000000000000000, 1.000000000000000000 ) ) ;
#847 = DIRECTION ( 'NONE',  ( 0.000000000000000000, -1.000000000000000000, 0.000000000000000000 ) ) ;
#848 = DIRECTION ( 'NONE',  ( 0.000000000000000000, 0.000000000000000000, 1.000000000000000000 ) ) ;
#849 = PLANE ( 'NONE',  #1849 ) ;
#850 = VERTEX_POINT ( 'NONE', #6553 ) ;
#851 = VERTEX_POINT ( 'NONE', #1603 ) ;
#852 = VECTOR ( 'NONE', #441, 1000.000000000000000 ) ;
#853 = VERTEX_POINT ( 'NONE', #855 ) ;
#854 = LINE ( 'NONE', #3092, #5243 ) ;
#855 = CARTESIAN_POINT ( 'NONE',  ( 7.000000000000000000, 93.00000000000000000, 61.00000000000000000 ) ) ;
#856 = CARTESIAN_POINT ( 'NONE',  ( 5.000000000000004441, 6.999999999999999112, 20.00000000000000000 ) ) ;
#857 = DIRECTION ( 'NONE',  ( 1.000000000000000000, 0.000000000000000000, 0.000000000000000000 ) ) ;
#858 = ADVANCED_FACE ( 'NONE', ( #2122, #5988, #1567, #931, #4430 ), #3837, .T. ) ;
#859 = AXIS2_PLACEMENT_3D ( 'NONE', #5095, #6169, #4460 ) ;
#860 = LINE ( 'NONE', #5399, #2865 ) ;
#861 = DIRECTION ( 'NONE',  ( 1.000000000000000000, 0.000000000000000000, -0.000000000000000000 ) ) ;
#862 = DIRECTION ( 'NONE',  ( 0.000000000000000000, 0.000000000000000000, 1.000000000000000000 ) ) ;
#863 = FACE_OUTER_BOUND ( 'NONE', #1104, .T. ) ;
#864 = AXIS2_PLACEMENT_3D ( 'NONE', #1841, #6405, #2398 ) ;
#865 = EDGE_CURVE ( 'NONE', #3568, #5316, #2725, .T. ) ;
#866 = ADVANCED_FACE ( 'NONE', ( #4992 ), #3128, .F. ) ;
#867 = ADVANCED_FACE ( 'NONE', ( #3724, #895, #340, #2610, #3763 ), #6027, .T. ) ;
#868 = ORIENTED_EDGE ( 'NONE', *, *, #5, .T. ) ;
#869 = DIRECTION ( 'NONE',  ( 1.000000000000000000, 0.000000000000000000, 0.000000000000000000 ) ) ;
#870 = ORIENTED_EDGE ( 'NONE', *, *, #4881, .F. ) ;
#871 = CARTESIAN_POINT ( 'NONE',  ( 95.00000000000000000, 7.000000000000000000, 19.00000000000000000 ) ) ;
#872 = ORIENTED_EDGE ( 'NONE', *, *, #3198, .F. ) ;
#873 = LINE ( 'NONE', #5896, #6253 ) ;
#874 = CARTESIAN_POINT ( 'NONE',  ( 98.00000000000000000, 50.00000000000000000, 93.00000000000000000 ) ) ;
#875 = EDGE_CURVE ( 'NONE', #2773, #3075, #484, .T. ) ;
#876 = ORIENTED_EDGE ( 'NONE', *, *, #6519, .T. ) ;
#877 = CARTESIAN_POINT ( 'NONE',  ( 93.00000000000000000, 95.50000000000000000, 98.00000000000000000 ) ) ;
#878 = AXIS2_PLACEMENT_3D ( 'NONE', #507, #3375, #1666 ) ;
#879 = ORIENTED_EDGE ( 'NONE', *, *, #6408, .F. ) ;
#880 = CARTESIAN_POINT ( 'NONE',  ( 50.00000000000000000, 95.50000000000000000, 7.000000000000000000 ) ) ;
#881 = VERTEX_POINT ( 'NONE', #1251 ) ;
#882 = ORIENTED_EDGE ( 'NONE', *, *, #2419, .T. ) ;
#883 = CARTESIAN_POINT ( 'NONE',  ( 84.99999999999998579, 90.00000000000000000, 36.00000000000000000 ) ) ;
#884 = FACE_OUTER_BOUND ( 'NONE', #6495, .T. ) ;
#885 = VECTOR ( 'NONE', #3971, 1000.000000000000000 ) ;
#886 = PLANE ( 'NONE',  #1811 ) ;
#887 = VECTOR ( 'NONE', #6610, 1000.000000000000000 ) ;
#888 = CARTESIAN_POINT ( 'NONE',  ( 7.000000000000006217, 95.50000000000000000, 93.00000000000000000 ) ) ;
#889 = ORIENTED_EDGE ( 'NONE', *, *, #4828, .T. ) ;
#890 = ORIENTED_EDGE ( 'NONE', *, *, #5781, .F. ) ;
#891 = VECTOR ( 'NONE', #5167, 1000.000000000000000 ) ;
#892 = ORIENTED_EDGE ( 'NONE', *, *, #2603, .F. ) ;
#893 = VERTEX_POINT ( 'NONE', #4084 ) ;
#894 = DIRECTION ( 'NONE',  ( 0.000000000000000000, -1.000000000000000000, -0.000000000000000000 ) ) ;
#895 = FACE_BOUND ( 'NONE', #6993, .T. ) ;
#896 = DIRECTION ( 'NONE',  ( 0.000000000000000000, 0.000000000000000000, 1.000000000000000000 ) ) ;
#897 = CARTESIAN_POINT ( 'NONE',  ( 90.00000000000000000, 50.00000000000000000, 20.00000000000000000 ) ) ;
#898 = DIRECTION ( 'NONE',  ( -0.000000000000000000, 1.000000000000000000, 0.000000000000000000 ) ) ;
#899 = VECTOR ( 'NONE', #6779, 1000.000000000000000 ) ;
#900 = LINE ( 'NONE', #344, #4568 ) ;
#901 = FACE_OUTER_BOUND ( 'NONE', #6875, .T. ) ;
#902 = CARTESIAN_POINT ( 'NONE',  ( 99.00000000000000000, 50.00000000000000000, 2.000000000000000000 ) ) ;
#903 = EDGE_LOOP ( 'NONE', ( #6473, #627, #2113, #2796, #5178, #6535, #6784, #3154, #2551, #6263, #925, #2227 ) ) ;
#904 = DIRECTION ( 'NONE',  ( 0.000000000000000000, 0.000000000000000000, 1.000000000000000000 ) ) ;
#905 = ORIENTED_EDGE ( 'NONE', *, *, #6613, .F. ) ;
#906 = DIRECTION ( 'NONE',  ( 0.000000000000000000, 0.000000000000000000, 1.000000000000000000 ) ) ;
#907 = EDGE_CURVE ( 'NONE', #7162, #2922, #2762, .T. ) ;
#908 = CARTESIAN_POINT ( 'NONE',  ( 100.0000000000000000, 50.00000000000000000, 2.000000000000000000 ) ) ;
#909 = ADVANCED_FACE ( 'NONE', ( #7299 ), #6990, .T. ) ;
#910 = CARTESIAN_POINT ( 'NONE',  ( 84.99999999999998579, 12.50000000000000000, 98.00000000000000000 ) ) ;
#911 = VECTOR ( 'NONE', #862, 1000.000000000000000 ) ;
#912 = DIRECTION ( 'NONE',  ( 0.000000000000000000, -1.000000000000000000, 0.000000000000000000 ) ) ;
#913 = FACE_OUTER_BOUND ( 'NONE', #611, .T. ) ;
#914 = VERTEX_POINT ( 'NONE', #522 ) ;
#915 = DIRECTION ( 'NONE',  ( 0.000000000000000000, 0.000000000000000000, -1.000000000000000000 ) ) ;
#916 = ORIENTED_EDGE ( 'NONE', *, *, #3335, .F. ) ;
#917 = EDGE_CURVE ( 'NONE', #4990, #3263, #6138, .T. ) ;
#918 = CARTESIAN_POINT ( 'NONE',  ( 12.50000000000000000, 90.00000000000000000, 19.00000000000000000 ) ) ;
#919 = ADVANCED_FACE ( 'NONE', ( #1815 ), #5067, .F. ) ;
#920 = EDGE_CURVE ( 'NONE', #881, #7031, #4678, .T. ) ;
#921 = ORIENTED_EDGE ( 'NONE', *, *, #4018, .F. ) ;
#922 = PLANE ( 'NONE',  #690 ) ;
#923 = CARTESIAN_POINT ( 'NONE',  ( 90.00000000000000000, 84.99999999999998579, 37.00000000000000000 ) ) ;
#924 = DIRECTION ( 'NONE',  ( 0.000000000000000000, -1.000000000000000000, -0.000000000000000000 ) ) ;
#925 = ORIENTED_EDGE ( 'NONE', *, *, #3790, .F. ) ;
#926 = ORIENTED_EDGE ( 'NONE', *, *, #3198, .T. ) ;
#927 = AXIS2_PLACEMENT_3D ( 'NONE', #4717, #6991, #2710 ) ;
#928 = EDGE_LOOP ( 'NONE', ( #4462, #6389, #6538, #5931 ) ) ;
#929 = ORIENTED_EDGE ( 'NONE', *, *, #2502, .T. ) ;
#930 = PLANE ( 'NONE',  #5717 ) ;
#931 = FACE_BOUND ( 'NONE', #2832, .T. ) ;
#932 = CARTESIAN_POINT ( 'NONE',  ( 7.000000000000006217, 4.500000000000000000, 93.00000000000000000 ) ) ;
#933 = CARTESIAN_POINT ( 'NONE',  ( 98.00000000000000000, 98.00000000000000000, 98.00000000000000000 ) ) ;
#934 = CARTESIAN_POINT ( 'NONE',  ( 90.00000000000000000, 90.00000000000000000, 63.00000000000000000 ) ) ;
#935 = CARTESIAN_POINT ( 'NONE',  ( 95.00000000000000000, 6.999999999999999112, 78.00000000000000000 ) ) ;
#936 = FACE_OUTER_BOUND ( 'NONE', #5409, .T. ) ;
#937 = PLANE ( 'NONE',  #6255 ) ;
#938 = LINE ( 'NONE', #7196, #3860 ) ;
#939 = VERTEX_POINT ( 'NONE', #661 ) ;
#940 = APPROVAL_ROLE ( '' ) ;
#941 = ADVANCED_FACE ( 'NONE', ( #2407 ), #5790, .T. ) ;
#942 = ORIENTED_EDGE ( 'NONE', *, *, #2647, .F. ) ;
#943 = LINE ( 'NONE', #3328, #2529 ) ;
#944 = PLANE ( 'NONE',  #4434 ) ;
#945 = LINE ( 'NONE', #2666, #4830 ) ;
#946 = CARTESIAN_POINT ( 'NONE',  ( 93.00000000000000000, 50.00000000000000000, 2.000000000000000000 ) ) ;
#947 = CARTESIAN_POINT ( 'NONE',  ( 50.00000000000000000, 15.00000000000000000, 37.00000000000000000 ) ) ;
#948 = VERTEX_POINT ( 'NONE', #3526 ) ;
#949 = DIRECTION ( 'NONE',  ( 0.000000000000000000, -1.000000000000000000, 0.000000000000000000 ) ) ;
#950 = EDGE_CURVE ( 'NONE', #495, #2249, #3487, .T. ) ;
#951 = EDGE_CURVE ( 'NONE', #5636, #1448, #5235, .T. ) ;
#952 = EDGE_CURVE ( 'NONE', #948, #5636, #6952, .T. ) ;
#953 = ORIENTED_EDGE ( 'NONE', *, *, #1279, .T. ) ;
#954 = PLANE ( 'NONE',  #2200 ) ;
#955 = VECTOR ( 'NONE', #5032, 1000.000000000000000 ) ;
#956 = EDGE_LOOP ( 'NONE', ( #593, #1115, #5020, #7313 ) ) ;
#957 = DIRECTION ( 'NONE',  ( -0.000000000000000000, 0.000000000000000000, -1.000000000000000000 ) ) ;
#958 = CARTESIAN_POINT ( 'NONE',  ( 93.00000000000000000, 5.000000000000004441, 37.00000000000000000 ) ) ;
#959 = CARTESIAN_POINT ( 'NONE',  ( 84.99999999999998579, 10.00000000000000000, 36.00000000000000000 ) ) ;
#960 = EDGE_CURVE ( 'NONE', #2797, #6966, #1891, .T. ) ;
#961 = EDGE_CURVE ( 'NONE', #612, #6526, #6915, .T. ) ;
#962 = EDGE_CURVE ( 'NONE', #3084, #2949, #2196, .T. ) ;
#963 = VECTOR ( 'NONE', #7267, 1000.000000000000000 ) ;
#964 = ORIENTED_EDGE ( 'NONE', *, *, #5598, .F. ) ;
#965 = ORIENTED_EDGE ( 'NONE', *, *, #5107, .T. ) ;
#966 = EDGE_LOOP ( 'NONE', ( #6024, #7183, #3606, #4391 ) ) ;
#967 = DIRECTION ( 'NONE',  ( 0.000000000000000000, -1.000000000000000000, 0.000000000000000000 ) ) ;
#968 = DIRECTION ( 'NONE',  ( 1.000000000000000000, 0.000000000000000000, -0.000000000000000000 ) ) ;
#969 = CARTESIAN_POINT ( 'NONE',  ( 50.00000000000000000, 2.000000000000000000, 2.000000000000000000 ) ) ;
#970 = CARTESIAN_POINT ( 'NONE',  ( 50.00000000000000000, 98.00000000000000000, 2.000000000000000000 ) ) ;
#971 = VECTOR ( 'NONE', #3231, 1000.000000000000000 ) ;
#972 = DIRECTION ( 'NONE',  ( -0.000000000000000000, 1.000000000000000000, 0.000000000000000000 ) ) ;
#973 = LINE ( 'NONE', #491, #7263 ) ;
#974 = CARTESIAN_POINT ( 'NONE',  ( 93.00000000000000000, 98.00000000000000000, 98.00000000000000000 ) ) ;
#975 = CARTESIAN_POINT ( 'NONE',  ( 15.00000000000000178, 84.99999999999998579, 98.00000000000000000 ) ) ;
#976 = CARTESIAN_POINT ( 'NONE',  ( 0.000000000000000000, 100.0000000000000000, 100.0000000000000000 ) ) ;
#977 = VERTEX_POINT ( 'NONE', #3561 ) ;
#978 = AXIS2_PLACEMENT_3D ( 'NONE', #5004, #7239, #4442 ) ;
#979 = SECURITY_CLASSIFICATION_LEVEL ( 'unclassified' ) ;
#980 = ORIENTED_EDGE ( 'NONE', *, *, #3491, .T. ) ;
#981 = DIRECTION ( 'NONE',  ( 0.000000000000000000, 1.000000000000000000, 0.000000000000000000 ) ) ;
#982 = LINE ( 'NONE', #7204, #5380 ) ;
#983 = DIRECTION ( 'NONE',  ( 0.000000000000000000, 0.000000000000000000, 1.000000000000000000 ) ) ;
#984 = VECTOR ( 'NONE', #5407, 1000.000000000000000 ) ;
#985 = CARTESIAN_POINT ( 'NONE',  ( 90.00000000000000000, 90.00000000000000000, 2.000000000000000000 ) ) ;
#986 = CARTESIAN_POINT ( 'NONE',  ( 0.000000000000000000, 50.00000000000000000, 2.000000000000000000 ) ) ;
#987 = ORIENTED_EDGE ( 'NONE', *, *, #3429, .T. ) ;
#988 = CARTESIAN_POINT ( 'NONE',  ( 6.999999999999999112, 1.999999999999999556, 98.00000000000000000 ) ) ;
#989 = ORIENTED_EDGE ( 'NONE', *, *, #2918, .T. ) ;
#990 = FACE_OUTER_BOUND ( 'NONE', #7146, .T. ) ;
#991 = VERTEX_POINT ( 'NONE', #5825 ) ;
#992 = CC_DESIGN_PERSON_AND_ORGANIZATION_ASSIGNMENT ( #4932, #2620, ( #7233 ) ) ;
#993 = ADVANCED_FACE ( 'NONE', ( #172 ), #2445, .F. ) ;
#994 = DIRECTION ( 'NONE',  ( 0.000000000000000000, -0.000000000000000000, 1.000000000000000000 ) ) ;
#995 = DIRECTION ( 'NONE',  ( -1.000000000000000000, 0.000000000000000000, 0.000000000000000000 ) ) ;
#996 = VECTOR ( 'NONE', #4365, 1000.000000000000000 ) ;
#997 = LINE ( 'NONE', #888, #7077 ) ;
#998 = ORIENTED_EDGE ( 'NONE', *, *, #3429, .F. ) ;
#999 = VERTEX_POINT ( 'NONE', #1640 ) ;
#1000 = ORIENTED_EDGE ( 'NONE', *, *, #4520, .F. ) ;
#1002 = LINE ( 'NONE', #2645, #4654 ) ;
#1001 = VECTOR ( 'NONE', #2175, 1000.000000000000000 ) ;
#1003 = ADVANCED_FACE ( 'NONE', ( #3950 ), #6213, .F. ) ;
#1004 = EDGE_CURVE ( 'NONE', #3737, #2034, #3147, .T. ) ;
#1005 = VECTOR ( 'NONE', #5049, 1000.000000000000000 ) ;
#1006 = EDGE_CURVE ( 'NONE', #4245, #4278, #4265, .T. ) ;
#1007 = VECTOR ( 'NONE', #2401, 1000.000000000000000 ) ;
#1008 = LINE ( 'NONE', #3168, #321 ) ;
#1009 = DIRECTION ( 'NONE',  ( 1.000000000000000000, 0.000000000000000000, -0.000000000000000000 ) ) ;
#1010 = DIRECTION ( 'NONE',  ( 0.000000000000000000, -1.000000000000000000, 0.000000000000000000 ) ) ;
#1011 = VECTOR ( 'NONE', #4987, 1000.000000000000000 ) ;
#1012 = CARTESIAN_POINT ( 'NONE',  ( 7.000000000000006217, 93.00000000000000000, 2.000000000000000000 ) ) ;
#1013 = DIRECTION ( 'NONE',  ( -1.000000000000000000, -0.000000000000000000, 0.000000000000000000 ) ) ;
#1014 = EDGE_CURVE ( 'NONE', #1068, #4227, #6493, .T. ) ;
#1015 = EDGE_CURVE ( 'NONE', #2994, #179, #5308, .T. ) ;
#1016 = CARTESIAN_POINT ( 'NONE',  ( 87.50000000000000000, 84.99999999999998579, 2.000000000000000000 ) ) ;
#1017 = DIRECTION ( 'NONE',  ( 0.000000000000000000, 0.000000000000000000, 1.000000000000000000 ) ) ;
#1018 = CARTESIAN_POINT ( 'NONE',  ( 0.000000000000000000, 0.000000000000000000, 2.000000000000000000 ) ) ;
#1019 = ORIENTED_EDGE ( 'NONE', *, *, #604, .T. ) ;
#1020 = ORIENTED_EDGE ( 'NONE', *, *, #5640, .F. ) ;
#1021 = CARTESIAN_POINT ( 'NONE',  ( 1.999999999999999556, 93.00000000000000000, 98.00000000000000000 ) ) ;
#1022 = DIRECTION ( 'NONE',  ( 0.000000000000000000, 0.000000000000000000, 1.000000000000000000 ) ) ;
#1023 = EDGE_LOOP ( 'NONE', ( #4315, #980, #5227, #1830 ) ) ;
#1024 = LINE ( 'NONE', #2817, #6015 ) ;
#1025 = LINE ( 'NONE', #4410, #789 ) ;
#1026 = VECTOR ( 'NONE', #539, 1000.000000000000000 ) ;
#1027 = CARTESIAN_POINT ( 'NONE',  ( 90.00000000000000000, 15.00000000000000178, 98.00000000000000000 ) ) ;
#1028 = ORIENTED_EDGE ( 'NONE', *, *, #461, .F. ) ;
#1029 = CARTESIAN_POINT ( 'NONE',  ( 93.00000000000000000, 5.000000000000004441, 78.00000000000000000 ) ) ;
#1030 = ORIENTED_EDGE ( 'NONE', *, *, #7200, .T. ) ;
#1031 = AXIS2_PLACEMENT_3D ( 'NONE', #5401, #793, #1423 ) ;
#1032 = DIRECTION ( 'NONE',  ( 0.000000000000000000, 0.000000000000000000, 1.000000000000000000 ) ) ;
#1033 = VERTEX_POINT ( 'NONE', #7060 ) ;
#1034 = DIRECTION ( 'NONE',  ( 0.000000000000000000, -1.000000000000000000, -0.000000000000000000 ) ) ;
#1035 = FACE_OUTER_BOUND ( 'NONE', #4499, .T. ) ;
#1036 = AXIS2_PLACEMENT_3D ( 'NONE', #6478, #4137, #3655 ) ;
#1037 = AXIS2_PLACEMENT_3D ( 'NONE', #2574, #5357, #3617 ) ;
#1038 = FACE_OUTER_BOUND ( 'NONE', #2859, .T. ) ;
#1039 = EDGE_LOOP ( 'NONE', ( #5171, #5613, #6900, #4629 ) ) ;
#1040 = ORIENTED_EDGE ( 'NONE', *, *, #1549, .F. ) ;
#1041 = ORIENTED_EDGE ( 'NONE', *, *, #6317, .F. ) ;
#1042 = CARTESIAN_POINT ( 'NONE',  ( 100.0000000000000000, 50.00000000000000000, 0.000000000000000000 ) ) ;
#1043 = CARTESIAN_POINT ( 'NONE',  ( 84.99999999999998579, 50.00000000000000000, 63.00000000000000000 ) ) ;
#1044 = DIRECTION ( 'NONE',  ( 0.000000000000000000, 0.000000000000000000, 1.000000000000000000 ) ) ;
#1045 = DIRECTION ( 'NONE',  ( 0.000000000000000000, 0.000000000000000000, 1.000000000000000000 ) ) ;
#1046 = AXIS2_PLACEMENT_3D ( 'NONE', #1993, #3706, #3563 ) ;
#1047 = EDGE_CURVE ( 'NONE', #5880, #1077, #1323, .T. ) ;
#1048 = ADVANCED_FACE ( 'NONE', ( #3183 ), #6531, .F. ) ;
#1049 = CARTESIAN_POINT ( 'NONE',  ( 87.50000000000000000, 87.50000000000000000, 2.000000000000000000 ) ) ;
#1050 = DIRECTION ( 'NONE',  ( 0.000000000000000000, 0.000000000000000000, 1.000000000000000000 ) ) ;
#1051 = PLANE ( 'NONE',  #3614 ) ;
#1052 = DIRECTION ( 'NONE',  ( 1.000000000000000000, 0.000000000000000000, -0.000000000000000000 ) ) ;
#1053 = VECTOR ( 'NONE', #4955, 1000.000000000000000 ) ;
#1054 = CARTESIAN_POINT ( 'NONE',  ( 5.000000000000004441, 93.00000000000000000, 20.00000000000000000 ) ) ;
#1055 = VERTEX_POINT ( 'NONE', #317 ) ;
#1056 = EDGE_CURVE ( 'NONE', #4877, #5315, #208, .T. ) ;
#1057 = EDGE_CURVE ( 'NONE', #5727, #3056, #4751, .T. ) ;
#1058 = EDGE_CURVE ( 'NONE', #3985, #4482, #1357, .T. ) ;
#1059 = ORIENTED_EDGE ( 'NONE', *, *, #2273, .T. ) ;
#1060 = DIRECTION ( 'NONE',  ( 0.000000000000000000, 0.000000000000000000, 1.000000000000000000 ) ) ;
#1061 = CARTESIAN_POINT ( 'NONE',  ( 10.00000000000000000, 15.00000000000000178, 63.00000000000000000 ) ) ;
#1062 = LINE ( 'NONE', #1660, #1262 ) ;
#1063 = FACE_OUTER_BOUND ( 'NONE', #3490, .T. ) ;
#1064 = DIRECTION ( 'NONE',  ( 0.000000000000000000, 0.000000000000000000, 1.000000000000000000 ) ) ;
#1065 = FACE_BOUND ( 'NONE', #1665, .T. ) ;
#1066 = ORIENTED_EDGE ( 'NONE', *, *, #7151, .T. ) ;
#1067 = LINE ( 'NONE', #6843, #6588 ) ;
#1068 = VERTEX_POINT ( 'NONE', #3671 ) ;
#1069 = DIRECTION ( 'NONE',  ( 1.000000000000000000, 0.000000000000000000, -0.000000000000000000 ) ) ;
#1070 = VERTEX_POINT ( 'NONE', #1431 ) ;
#1071 = CARTESIAN_POINT ( 'NONE',  ( 98.00000000000000000, 95.50000000000000000, 98.00000000000000000 ) ) ;
#1072 = LINE ( 'NONE', #2224, #2772 ) ;
#1073 = DIRECTION ( 'NONE',  ( -1.000000000000000000, -0.000000000000000000, 0.000000000000000000 ) ) ;
#1074 = VECTOR ( 'NONE', #5147, 1000.000000000000000 ) ;
#1075 = ORIENTED_EDGE ( 'NONE', *, *, #6549, .F. ) ;
#1076 = EDGE_LOOP ( 'NONE', ( #2622, #4238, #3818, #3312 ) ) ;
#1077 = VERTEX_POINT ( 'NONE', #801 ) ;
#1078 = CARTESIAN_POINT ( 'NONE',  ( 100.0000000000000000, 0.000000000000000000, 0.000000000000000000 ) ) ;
#1080 = VECTOR ( 'NONE', #6799, 1000.000000000000000 ) ;
#1079 = CARTESIAN_POINT ( 'NONE',  ( 84.99999999999998579, 50.00000000000000000, 78.00000000000000000 ) ) ;
#1081 = PLANE ( 'NONE',  #1385 ) ;
#1082 = CARTESIAN_POINT ( 'NONE',  ( 93.00000000000000000, 95.50000000000000000, 93.00000000000000000 ) ) ;
#1083 = VECTOR ( 'NONE', #4548, 1000.000000000000000 ) ;
#1084 = ORIENTED_EDGE ( 'NONE', *, *, #5018, .T. ) ;
#1085 = PLANE ( 'NONE',  #5397 ) ;
#1086 = VECTOR ( 'NONE', #894, 1000.000000000000000 ) ;
#1087 = DIRECTION ( 'NONE',  ( -1.000000000000000000, -0.000000000000000000, 0.000000000000000000 ) ) ;
#1088 = DIRECTION ( 'NONE',  ( -0.000000000000000000, 1.000000000000000000, 0.000000000000000000 ) ) ;
#1089 = DIRECTION ( 'NONE',  ( -1.000000000000000000, -0.000000000000000000, 0.000000000000000000 ) ) ;
#1090 = EDGE_CURVE ( 'NONE', #3437, #4080, #873, .T. ) ;
#1091 = CARTESIAN_POINT ( 'NONE',  ( 98.00000000000000000, 98.00000000000000000, 2.000000000000000000 ) ) ;
#1092 = VERTEX_POINT ( 'NONE', #2588 ) ;
#1093 = PERSON_AND_ORGANIZATION_ROLE ( 'design_supplier' ) ;
#1094 = EDGE_LOOP ( 'NONE', ( #3473, #4392, #4209, #4268 ) ) ;
#1095 = ORIENTED_EDGE ( 'NONE', *, *, #5368, .F. ) ;
#1096 = LINE ( 'NONE', #5630, #2534 ) ;
#1097 = LINE ( 'NONE', #7353, #1026 ) ;
#1098 = CARTESIAN_POINT ( 'NONE',  ( 95.50000000000000000, 93.00000000000000000, 2.000000000000000000 ) ) ;
#1099 = EDGE_CURVE ( 'NONE', #251, #3627, #7094, .T. ) ;
#1100 = ADVANCED_FACE ( 'NONE', ( #279 ), #5932, .T. ) ;
#1102 = EDGE_CURVE ( 'NONE', #1894, #17, #764, .T. ) ;
#1101 = CARTESIAN_POINT ( 'NONE',  ( 15.00000000000000000, 50.00000000000000000, 20.00000000000000000 ) ) ;
#1103 = DIRECTION ( 'NONE',  ( -0.000000000000000000, 1.000000000000000000, 0.000000000000000000 ) ) ;
#1104 = EDGE_LOOP ( 'NONE', ( #2286, #1803, #6570, #5099 ) ) ;
#1105 = DIRECTION ( 'NONE',  ( 0.000000000000000000, 0.000000000000000000, 1.000000000000000000 ) ) ;
#1106 = ORIENTED_EDGE ( 'NONE', *, *, #239, .F. ) ;
#1107 = VECTOR ( 'NONE', #206, 1000.000000000000000 ) ;
#1108 = DIRECTION ( 'NONE',  ( -0.000000000000000000, 0.000000000000000000, -1.000000000000000000 ) ) ;
#1109 = EDGE_LOOP ( 'NONE', ( #1930, #6513, #111, #1860 ) ) ;
#1110 = ADVANCED_FACE ( 'NONE', ( #2029 ), #4303, .T. ) ;
#1111 = CARTESIAN_POINT ( 'NONE',  ( 98.00000000000000000, 0.000000000000000000, 98.00000000000000000 ) ) ;
#1112 = DIRECTION ( 'NONE',  ( 0.000000000000000000, 0.000000000000000000, 1.000000000000000000 ) ) ;
#1113 = CARTESIAN_POINT ( 'NONE',  ( 93.00000000000000000, 50.00000000000000000, 80.00000000000000000 ) ) ;
#1114 = VERTEX_POINT ( 'NONE', #3597 ) ;
#1115 = ORIENTED_EDGE ( 'NONE', *, *, #513, .T. ) ;
#1116 = ORIENTED_EDGE ( 'NONE', *, *, #5151, .F. ) ;
#1117 = CARTESIAN_POINT ( 'NONE',  ( 6.999999999999999112, 95.00000000000000000, 78.00000000000000000 ) ) ;
#1118 = CLOSED_SHELL ( 'NONE', ( #2337, #3916, #3647, #1952, #737, #4658 ) ) ;
#1119 = LINE ( 'NONE', #6357, #4603 ) ;
#1120 = PLANE ( 'NONE',  #1570 ) ;
#1121 = EDGE_LOOP ( 'NONE', ( #285, #2821, #3807, #5910 ) ) ;
#1122 = VECTOR ( 'NONE', #2592, 1000.000000000000000 ) ;
#1123 = PLANE ( 'NONE',  #6594 ) ;
#1124 = DIRECTION ( 'NONE',  ( -1.000000000000000000, -0.000000000000000000, 0.000000000000000000 ) ) ;
#1125 = LINE ( 'NONE', #3468, #6498 ) ;
#1126 = LINE ( 'NONE', #530, #4013 ) ;
#1127 = FACE_OUTER_BOUND ( 'NONE', #5003, .T. ) ;
#1128 = VECTOR ( 'NONE', #2613, 1000.000000000000000 ) ;
#1129 = PRODUCT_DEFINITION_FORMATION_WITH_SPECIFIED_SOURCE ( 'ANY', '', #2614, .NOT_KNOWN. ) ;
#1130 = ORIENTED_EDGE ( 'NONE', *, *, #4967, .T. ) ;
#1131 = EDGE_LOOP ( 'NONE', ( #1918, #953, #2886, #7075 ) ) ;
#1132 = LINE ( 'NONE', #4484, #39 ) ;
#1133 = CARTESIAN_POINT ( 'NONE',  ( 5.000000000000004441, 6.999999999999999112, 63.00000000000000000 ) ) ;
#1134 = LINE ( 'NONE', #3966, #7212 ) ;
#1135 = LINE ( 'NONE', #22, #4577 ) ;
#1136 = LINE ( 'NONE', #3479, #1954 ) ;
#1137 = ORIENTED_EDGE ( 'NONE', *, *, #736, .F. ) ;
#1138 = CARTESIAN_POINT ( 'NONE',  ( 50.00000000000000000, 95.50000000000000000, 2.000000000000000000 ) ) ;
#1139 = EDGE_CURVE ( 'NONE', #6814, #2590, #2517, .T. ) ;
#1140 = EDGE_CURVE ( 'NONE', #746, #2908, #1470, .T. ) ;
#1141 = ORIENTED_EDGE ( 'NONE', *, *, #3052, .T. ) ;
#1142 = PLANE ( 'NONE',  #3480 ) ;
#1143 = VERTEX_POINT ( 'NONE', #353 ) ;
#1144 = AXIS2_PLACEMENT_3D ( 'NONE', #5376, #5448, #2552 ) ;
#1145 = FACE_OUTER_BOUND ( 'NONE', #716, .T. ) ;
#1146 = CARTESIAN_POINT ( 'NONE',  ( 7.000000000000000000, 5.000000000000000000, 77.00000000000000000 ) ) ;
#1147 = DIRECTION ( 'NONE',  ( -0.000000000000000000, 0.000000000000000000, -1.000000000000000000 ) ) ;
#1148 = VECTOR ( 'NONE', #846, 1000.000000000000000 ) ;
#1149 = EDGE_CURVE ( 'NONE', #6162, #1731, #7169, .T. ) ;
#1150 = EDGE_CURVE ( 'NONE', #4262, #5208, #2067, .T. ) ;
#1151 = EDGE_CURVE ( 'NONE', #1958, #2977, #4378, .T. ) ;
#1152 = EDGE_LOOP ( 'NONE', ( #3202, #2444, #2943, #5745 ) ) ;
#1153 = ORIENTED_EDGE ( 'NONE', *, *, #4922, .F. ) ;
#1154 = ORIENTED_EDGE ( 'NONE', *, *, #950, .F. ) ;
#1155 = CARTESIAN_POINT ( 'NONE',  ( 1.999999999999999556, 6.999999999999999112, 2.000000000000000000 ) ) ;
#1156 = CARTESIAN_POINT ( 'NONE',  ( 93.00000000000000000, 50.00000000000000000, 37.00000000000000000 ) ) ;
#1157 = AXIS2_PLACEMENT_3D ( 'NONE', #5845, #1268, #1194 ) ;
#1158 = CARTESIAN_POINT ( 'NONE',  ( 5.000000000000004441, 6.999999999999999112, 61.00000000000000000 ) ) ;
#1159 = ORIENTED_EDGE ( 'NONE', *, *, #3694, .F. ) ;
#1160 = DIRECTION ( 'NONE',  ( -0.000000000000000000, 0.000000000000000000, -1.000000000000000000 ) ) ;
#1161 = DIRECTION ( 'NONE',  ( 0.000000000000000000, 0.000000000000000000, 1.000000000000000000 ) ) ;
#1162 = CARTESIAN_POINT ( 'NONE',  ( 87.50000000000000000, 15.00000000000000178, 98.00000000000000000 ) ) ;
#1163 = LINE ( 'NONE', #3436, #379 ) ;
#1164 = ORIENTED_EDGE ( 'NONE', *, *, #6656, .T. ) ;
#1165 = EDGE_LOOP ( 'NONE', ( #5525, #6074, #2582, #5405 ) ) ;
#1166 = AXIS2_PLACEMENT_3D ( 'NONE', #3792, #4348, #2677 ) ;
#1167 = VERTEX_POINT ( 'NONE', #4447 ) ;
#1168 = CARTESIAN_POINT ( 'NONE',  ( 50.00000000000000000, 95.00000000000000000, 80.00000000000000000 ) ) ;
#1169 = PLANE ( 'NONE',  #5829 ) ;
#1170 = CARTESIAN_POINT ( 'NONE',  ( 15.00000000000000178, 15.00000000000000178, 22.00000000000000000 ) ) ;
#1171 = LINE ( 'NONE', #1845, #6840 ) ;
#1172 = CARTESIAN_POINT ( 'NONE',  ( 10.00000000000000000, 90.00000000000000000, 36.00000000000000000 ) ) ;
#1173 = ORIENTED_EDGE ( 'NONE', *, *, #3684, .F. ) ;
#1174 = DIRECTION ( 'NONE',  ( 0.000000000000000000, 0.000000000000000000, 1.000000000000000000 ) ) ;
#1175 = ORIENTED_EDGE ( 'NONE', *, *, #229, .F. ) ;
#1176 = CARTESIAN_POINT ( 'NONE',  ( 50.00000000000000000, 98.00000000000000000, 7.000000000000000000 ) ) ;
#1177 = EDGE_LOOP ( 'NONE', ( #4056, #6945, #439, #4490 ) ) ;
#1178 = DIRECTION ( 'NONE',  ( -0.000000000000000000, 0.000000000000000000, -1.000000000000000000 ) ) ;
#1179 = EDGE_CURVE ( 'NONE', #4988, #5454, #1025, .T. ) ;
#1180 = ADVANCED_FACE ( 'NONE', ( #2667 ), #7245, .T. ) ;
#1181 = DIRECTION ( 'NONE',  ( 0.000000000000000000, -1.000000000000000000, 0.000000000000000000 ) ) ;
#1182 = VERTEX_POINT ( 'NONE', #6044 ) ;
#1183 = ORIENTED_EDGE ( 'NONE', *, *, #5150, .F. ) ;
#1184 = VERTEX_POINT ( 'NONE', #5526 ) ;
#1185 = CARTESIAN_POINT ( 'NONE',  ( 4.500000000000000000, 1.999999999999999556, 2.000000000000000000 ) ) ;
#1186 = DIRECTION ( 'NONE',  ( 0.000000000000000000, -0.000000000000000000, 1.000000000000000000 ) ) ;
#1187 = ADVANCED_FACE ( 'NONE', ( #4488 ), #7278, .T. ) ;
#1188 = EDGE_CURVE ( 'NONE', #4795, #252, #431, .T. ) ;
#1189 = LINE ( 'NONE', #1082, #5842 ) ;
#1190 = ADVANCED_FACE ( 'NONE', ( #2818, #2174, #1622, #2105, #2744 ), #1544, .T. ) ;
#1191 = ORIENTED_EDGE ( 'NONE', *, *, #1656, .T. ) ;
#1192 = LINE ( 'NONE', #1266, #5002 ) ;
#1193 = CARTESIAN_POINT ( 'NONE',  ( 90.00000000000000000, 90.00000000000000000, 78.00000000000000000 ) ) ;
#1194 = DIRECTION ( 'NONE',  ( 0.000000000000000000, 0.000000000000000000, 1.000000000000000000 ) ) ;
#1195 = VECTOR ( 'NONE', #4767, 1000.000000000000000 ) ;
#1196 = DIRECTION ( 'NONE',  ( -1.000000000000000000, -0.000000000000000000, 0.000000000000000000 ) ) ;
#1197 = ORIENTED_EDGE ( 'NONE', *, *, #3009, .T. ) ;
#1198 = VECTOR ( 'NONE', #1639, 1000.000000000000000 ) ;
#1199 = ORIENTED_EDGE ( 'NONE', *, *, #1691, .T. ) ;
#1200 = EDGE_LOOP ( 'NONE', ( #2833, #1684, #6127, #4455 ) ) ;
#1201 = CARTESIAN_POINT ( 'NONE',  ( 93.00000000000000000, 95.00000000000000000, 19.00000000000000000 ) ) ;
#1202 = DIRECTION ( 'NONE',  ( -0.000000000000000000, 0.000000000000000000, -1.000000000000000000 ) ) ;
#1203 = PLANE ( 'NONE',  #4956 ) ;
#1204 = CARTESIAN_POINT ( 'NONE',  ( 93.00000000000000000, 93.00000000000000000, 98.00000000000000000 ) ) ;
#1205 = CARTESIAN_POINT ( 'NONE',  ( 7.000000000000000000, 93.00000000000000000, 78.00000000000000000 ) ) ;
#1206 = ORIENTED_EDGE ( 'NONE', *, *, #1004, .F. ) ;
#1207 = CARTESIAN_POINT ( 'NONE',  ( 1.000000000000000000, 100.0000000000000000, 2.000000000000000000 ) ) ;
#1208 = VECTOR ( 'NONE', #1519, 1000.000000000000000 ) ;
#1209 = ORIENTED_EDGE ( 'NONE', *, *, #2013, .F. ) ;
#1210 = LINE ( 'NONE', #2443, #155 ) ;
#1211 = ORIENTED_EDGE ( 'NONE', *, *, #3419, .T. ) ;
#1212 = DIRECTION ( 'NONE',  ( 0.000000000000000000, -1.000000000000000000, 0.000000000000000000 ) ) ;
#1213 = CARTESIAN_POINT ( 'NONE',  ( 15.00000000000000178, 15.00000000000000178, 19.00000000000000000 ) ) ;
#1214 = DIRECTION ( 'NONE',  ( -1.000000000000000000, -0.000000000000000000, 0.000000000000000000 ) ) ;
#1215 = VECTOR ( 'NONE', #6680, 1000.000000000000000 ) ;
#1216 = ORIENTED_EDGE ( 'NONE', *, *, #3467, .F. ) ;
#1217 = VERTEX_POINT ( 'NONE', #985 ) ;
#1218 = ORIENTED_EDGE ( 'NONE', *, *, #2866, .F. ) ;
#1219 = CARTESIAN_POINT ( 'NONE',  ( 12.50000000000000000, 90.00000000000000000, 36.00000000000000000 ) ) ;
#1220 = CARTESIAN_POINT ( 'NONE',  ( 95.50000000000000000, 98.00000000000000000, 2.000000000000000000 ) ) ;
#1221 = VECTOR ( 'NONE', #2211, 1000.000000000000000 ) ;
#1222 = DIRECTION ( 'NONE',  ( 0.000000000000000000, -1.000000000000000000, 0.000000000000000000 ) ) ;
#1223 = ORIENTED_EDGE ( 'NONE', *, *, #4966, .F. ) ;
#1224 = ORIENTED_EDGE ( 'NONE', *, *, #5109, .T. ) ;
#1225 = EDGE_CURVE ( 'NONE', #1286, #242, #3299, .T. ) ;
#1226 = ADVANCED_FACE ( 'NONE', ( #3895 ), #2709, .T. ) ;
#1227 = DIRECTION ( 'NONE',  ( -0.000000000000000000, 0.000000000000000000, -1.000000000000000000 ) ) ;
#1228 = DIRECTION ( 'NONE',  ( 0.000000000000000000, 0.000000000000000000, -1.000000000000000000 ) ) ;
#1229 = CARTESIAN_POINT ( 'NONE',  ( 50.00000000000000000, 6.999999999999999112, 20.00000000000000000 ) ) ;
#1230 = LINE ( 'NONE', #3470, #3808 ) ;
#1231 = ORIENTED_EDGE ( 'NONE', *, *, #3789, .T. ) ;
#1232 = AXIS2_PLACEMENT_3D ( 'NONE', #689, #6412, #2366 ) ;
#1233 = EDGE_CURVE ( 'NONE', #2293, #6526, #6160, .T. ) ;
#1234 = EDGE_CURVE ( 'NONE', #391, #3492, #6685, .T. ) ;
#1235 = EDGE_CURVE ( 'NONE', #844, #5199, #1584, .T. ) ;
#1236 = ORIENTED_EDGE ( 'NONE', *, *, #2874, .F. ) ;
#1237 = VERTEX_POINT ( 'NONE', #5600 ) ;
#1238 = CARTESIAN_POINT ( 'NONE',  ( 90.00000000000000000, 12.50000000000000000, 60.00000000000000000 ) ) ;
#1239 = CARTESIAN_POINT ( 'NONE',  ( 6.999999999999999112, 93.00000000000000000, 7.000000000000000000 ) ) ;
#1240 = CARTESIAN_POINT ( 'NONE',  ( 90.00000000000000000, 84.99999999999998579, 63.00000000000000000 ) ) ;
#1241 = AXIS2_PLACEMENT_3D ( 'NONE', #5936, #2596, #7101 ) ;
#1242 = CC_DESIGN_APPROVAL ( #89, ( #1129 ) ) ;
#1243 = CARTESIAN_POINT ( 'NONE',  ( 15.00000000000000178, 87.50000000000000000, 98.00000000000000000 ) ) ;
#1244 = VECTOR ( 'NONE', #4222, 1000.000000000000000 ) ;
#1245 = VERTEX_POINT ( 'NONE', #2779 ) ;
#1246 = DIRECTION ( 'NONE',  ( 0.000000000000000000, 0.000000000000000000, 1.000000000000000000 ) ) ;
#1247 = AXIS2_PLACEMENT_3D ( 'NONE', #4873, #2116, #7179 ) ;
#1248 = ORIENTED_EDGE ( 'NONE', *, *, #3644, .F. ) ;
#1249 = DIRECTION ( 'NONE',  ( 0.000000000000000000, -1.000000000000000000, -0.000000000000000000 ) ) ;
#1250 = ORIENTED_EDGE ( 'NONE', *, *, #2884, .F. ) ;
#1251 = CARTESIAN_POINT ( 'NONE',  ( 6.999999999999999112, 1.999999999999999556, 2.000000000000000000 ) ) ;
#1252 = CARTESIAN_POINT ( 'NONE',  ( 50.00000000000000000, 50.00000000000000000, 78.00000000000000000 ) ) ;
#1253 = LINE ( 'NONE', #5343, #6470 ) ;
#1254 = VERTEX_POINT ( 'NONE', #5485 ) ;
#1255 = DIRECTION ( 'NONE',  ( -1.000000000000000000, -0.000000000000000000, 0.000000000000000000 ) ) ;
#1256 = ORIENTED_EDGE ( 'NONE', *, *, #3693, .T. ) ;
#1257 = VECTOR ( 'NONE', #6743, 1000.000000000000000 ) ;
#1258 = ORIENTED_EDGE ( 'NONE', *, *, #2327, .F. ) ;
#1259 = CARTESIAN_POINT ( 'NONE',  ( 15.00000000000000178, 15.00000000000000178, 39.00000000000000000 ) ) ;
#1260 = CARTESIAN_POINT ( 'NONE',  ( 12.50000000000000000, 84.99999999999998579, 36.00000000000000000 ) ) ;
#1261 = DIRECTION ( 'NONE',  ( 0.000000000000000000, 0.000000000000000000, 1.000000000000000000 ) ) ;
#1262 = VECTOR ( 'NONE', #6005, 1000.000000000000000 ) ;
#1263 = ORIENTED_EDGE ( 'NONE', *, *, #1912, .F. ) ;
#1264 = EDGE_LOOP ( 'NONE', ( #5528, #407, #4569, #3144 ) ) ;
#1265 = AXIS2_PLACEMENT_3D ( 'NONE', #5438, #3771, #3069 ) ;
#1266 = CARTESIAN_POINT ( 'NONE',  ( 50.00000000000000000, 90.00000000000000000, 37.00000000000000000 ) ) ;
#1267 = CARTESIAN_POINT ( 'NONE',  ( 50.00000000000000000, 50.00000000000000000, 0.000000000000000000 ) ) ;
#1268 = DIRECTION ( 'NONE',  ( -1.000000000000000000, -0.000000000000000000, 0.000000000000000000 ) ) ;
#1269 = FACE_OUTER_BOUND ( 'NONE', #5374, .T. ) ;
#1270 = EDGE_LOOP ( 'NONE', ( #4119, #3365, #276, #5944 ) ) ;
#1271 = EDGE_CURVE ( 'NONE', #6162, #5381, #6121, .T. ) ;
#1272 = EDGE_CURVE ( 'NONE', #4860, #2533, #6196, .T. ) ;
#1273 = VECTOR ( 'NONE', #821, 1000.000000000000000 ) ;
#1274 = EDGE_LOOP ( 'NONE', ( #3906, #315, #4800, #476 ) ) ;
#1275 = CARTESIAN_POINT ( 'NONE',  ( 15.00000000000000000, 50.00000000000000000, 80.00000000000000000 ) ) ;
#1276 = DIRECTION ( 'NONE',  ( -1.000000000000000000, -0.000000000000000000, 0.000000000000000000 ) ) ;
#1277 = DIRECTION ( 'NONE',  ( 0.000000000000000000, 0.000000000000000000, -1.000000000000000000 ) ) ;
#1278 = FACE_OUTER_BOUND ( 'NONE', #3940, .T. ) ;
#1279 = EDGE_CURVE ( 'NONE', #2333, #991, #3781, .T. ) ;
#1280 = EDGE_CURVE ( 'NONE', #6663, #3103, #6267, .T. ) ;
#1281 = ADVANCED_FACE ( 'NONE', ( #6838 ), #2853, .F. ) ;
#1282 = ORIENTED_EDGE ( 'NONE', *, *, #5588, .F. ) ;
#1283 = PLANE ( 'NONE',  #170 ) ;
#1284 = CLOSED_SHELL ( 'NONE', ( #4593, #4377, #3924, #4044, #5505, #1723 ) ) ;
#1285 = VECTOR ( 'NONE', #6430, 1000.000000000000000 ) ;
#1286 = VERTEX_POINT ( 'NONE', #4634 ) ;
#1287 = CARTESIAN_POINT ( 'NONE',  ( 100.0000000000000000, 100.0000000000000000, 2.000000000000000000 ) ) ;
#1288 = ORIENTED_EDGE ( 'NONE', *, *, #5916, .F. ) ;
#1289 = DIRECTION ( 'NONE',  ( 0.000000000000000000, 0.000000000000000000, 1.000000000000000000 ) ) ;
#1290 = DIRECTION ( 'NONE',  ( 0.000000000000000000, -1.000000000000000000, -0.000000000000000000 ) ) ;
#1291 = PLANE ( 'NONE',  #644 ) ;
#1292 = VERTEX_POINT ( 'NONE', #57 ) ;
#1293 = PLANE ( 'NONE',  #4808 ) ;
#1294 = ORIENTED_EDGE ( 'NONE', *, *, #4882, .F. ) ;
#1295 = VERTEX_POINT ( 'NONE', #4671 ) ;
#1296 = DIRECTION ( 'NONE',  ( -0.000000000000000000, 0.000000000000000000, -1.000000000000000000 ) ) ;
#1297 = LINE ( 'NONE', #2599, #1768 ) ;
#1298 = DIRECTION ( 'NONE',  ( -0.000000000000000000, 1.000000000000000000, 0.000000000000000000 ) ) ;
#1299 = ORIENTED_EDGE ( 'NONE', *, *, #3634, .T. ) ;
#1300 = ORIENTED_EDGE ( 'NONE', *, *, #4788, .F. ) ;
#1301 = CARTESIAN_POINT ( 'NONE',  ( 15.00000000000000000, 50.00000000000000000, 61.00000000000000000 ) ) ;
#1302 = DIRECTION ( 'NONE',  ( -0.000000000000000000, 1.000000000000000000, 0.000000000000000000 ) ) ;
#1303 = DIRECTION ( 'NONE',  ( 0.000000000000000000, -1.000000000000000000, 0.000000000000000000 ) ) ;
#1304 = LINE ( 'NONE', #7006, #243 ) ;
#1305 = ORIENTED_EDGE ( 'NONE', *, *, #4697, .T. ) ;
#1306 = VECTOR ( 'NONE', #5626, 1000.000000000000000 ) ;
#1307 = ORIENTED_EDGE ( 'NONE', *, *, #643, .F. ) ;
#1308 = EDGE_CURVE ( 'NONE', #6283, #6922, #1171, .T. ) ;
#1309 = CARTESIAN_POINT ( 'NONE',  ( 93.00000000000000000, 4.500000000000000000, 2.000000000000000000 ) ) ;
#1310 = EDGE_CURVE ( 'NONE', #27, #4765, #4561, .T. ) ;
#1311 = LINE ( 'NONE', #3031, #6907 ) ;
#1312 = LINE ( 'NONE', #5299, #4126 ) ;
#1313 = CARTESIAN_POINT ( 'NONE',  ( 1.999999999999999556, 93.00000000000000000, 2.000000000000000000 ) ) ;
#1314 = ORIENTED_EDGE ( 'NONE', *, *, #6280, .T. ) ;
#1315 = VECTOR ( 'NONE', #5662, 1000.000000000000000 ) ;
#1316 = DIRECTION ( 'NONE',  ( 0.000000000000000000, 0.000000000000000000, 1.000000000000000000 ) ) ;
#1317 = ORIENTED_EDGE ( 'NONE', *, *, #5503, .F. ) ;
#1318 = EDGE_CURVE ( 'NONE', #3445, #3114, #1135, .T. ) ;
#1319 = CARTESIAN_POINT ( 'NONE',  ( 15.00000000000000000, 50.00000000000000000, 37.00000000000000000 ) ) ;
#1320 = EDGE_CURVE ( 'NONE', #1363, #1615, #3406, .T. ) ;
#1321 = EDGE_CURVE ( 'NONE', #2994, #5092, #4005, .T. ) ;
#1322 = ORIENTED_EDGE ( 'NONE', *, *, #3881, .T. ) ;
#1323 = LINE ( 'NONE', #7024, #550 ) ;
#1324 = CARTESIAN_POINT ( 'NONE',  ( 7.000000000000000000, 7.000000000000000000, 39.00000000000000000 ) ) ;
#1325 = DIRECTION ( 'NONE',  ( 1.000000000000000000, 0.000000000000000000, -0.000000000000000000 ) ) ;
#1326 = VECTOR ( 'NONE', #2234, 1000.000000000000000 ) ;
#1327 = ORIENTED_EDGE ( 'NONE', *, *, #1824, .F. ) ;
#1328 = ADVANCED_FACE ( 'NONE', ( #653 ), #1741, .F. ) ;
#1329 = DIRECTION ( 'NONE',  ( 1.000000000000000000, 0.000000000000000000, -0.000000000000000000 ) ) ;
#1330 = ADVANCED_FACE ( 'NONE', ( #616 ), #1776, .T. ) ;
#1331 = EDGE_LOOP ( 'NONE', ( #1477, #5593, #1597, #2530 ) ) ;
#1332 = EDGE_LOOP ( 'NONE', ( #88, #1084, #4419, #6382 ) ) ;
#1333 = CARTESIAN_POINT ( 'NONE',  ( 7.000000000000006217, 1.999999999999999556, 2.000000000000000000 ) ) ;
#1334 = CARTESIAN_POINT ( 'NONE',  ( 1.999999999999999556, 6.999999999999999112, 98.00000000000000000 ) ) ;
#1335 = DIRECTION ( 'NONE',  ( 1.000000000000000000, 0.000000000000000000, -0.000000000000000000 ) ) ;
#1336 = AXIS2_PLACEMENT_3D ( 'NONE', #6204, #1069, #2825 ) ;
#1337 = ORIENTED_EDGE ( 'NONE', *, *, #6006, .T. ) ;
#1338 = ORIENTED_EDGE ( 'NONE', *, *, #4011, .F. ) ;
#1339 = VECTOR ( 'NONE', #6078, 1000.000000000000000 ) ;
#1340 = CARTESIAN_POINT ( 'NONE',  ( 12.50000000000000000, 90.00000000000000000, 77.00000000000000000 ) ) ;
#1341 = CARTESIAN_POINT ( 'NONE',  ( 50.00000000000000000, 80.00000000000000000, 39.00000000000000000 ) ) ;
#1342 = CARTESIAN_POINT ( 'NONE',  ( 98.00000000000000000, 98.00000000000000000, 2.000000000000000000 ) ) ;
#1343 = LINE ( 'NONE', #7044, #123 ) ;
#1344 = CARTESIAN_POINT ( 'NONE',  ( 90.00000000000000000, 84.99999999999998579, 2.000000000000000000 ) ) ;
#1345 = CARTESIAN_POINT ( 'NONE',  ( 50.00000000000000000, 93.00000000000000000, 98.00000000000000000 ) ) ;
#1346 = CARTESIAN_POINT ( 'NONE',  ( 7.000000000000006217, 98.00000000000000000, 2.000000000000000000 ) ) ;
#1347 = DIRECTION ( 'NONE',  ( 1.000000000000000000, 0.000000000000000000, -0.000000000000000000 ) ) ;
#1348 = AXIS2_PLACEMENT_3D ( 'NONE', #3359, #6257, #6788 ) ;
#1349 = ORIENTED_EDGE ( 'NONE', *, *, #2828, .T. ) ;
#1350 = PLANE ( 'NONE',  #1232 ) ;
#1351 = VERTEX_POINT ( 'NONE', #1204 ) ;
#1352 = AXIS2_PLACEMENT_3D ( 'NONE', #702, #2978, #5206 ) ;
#1353 = FACE_OUTER_BOUND ( 'NONE', #6621, .T. ) ;
#1354 = AXIS2_PLACEMENT_3D ( 'NONE', #5414, #4942, #3187 ) ;
#1355 = VECTOR ( 'NONE', #3854, 1000.000000000000000 ) ;
#1356 = ORIENTED_EDGE ( 'NONE', *, *, #3979, .T. ) ;
#1357 = LINE ( 'NONE', #1923, #195 ) ;
#1358 = CARTESIAN_POINT ( 'NONE',  ( 80.00000000000000000, 20.00000000000000355, 39.00000000000000000 ) ) ;
#1359 = DIRECTION ( 'NONE',  ( 0.000000000000000000, -1.000000000000000000, 0.000000000000000000 ) ) ;
#1360 = VECTOR ( 'NONE', #2340, 1000.000000000000000 ) ;
#1361 = ADVANCED_FACE ( 'NONE', ( #581, #1808, #5674, #6801, #3478 ), #2926, .T. ) ;
#1362 = EDGE_CURVE ( 'NONE', #4990, #5013, #5119, .T. ) ;
#1363 = VERTEX_POINT ( 'NONE', #5779 ) ;
#1364 = CARTESIAN_POINT ( 'NONE',  ( 15.00000000000000178, 90.00000000000000000, 36.00000000000000000 ) ) ;
#1365 = ORIENTED_EDGE ( 'NONE', *, *, #6318, .F. ) ;
#1366 = EDGE_LOOP ( 'NONE', ( #6017, #7052, #5252, #6391 ) ) ;
#1367 = CARTESIAN_POINT ( 'NONE',  ( 0.000000000000000000, 0.000000000000000000, 98.00000000000000000 ) ) ;
#1368 = CARTESIAN_POINT ( 'NONE',  ( 90.00000000000000000, 15.00000000000000000, 61.00000000000000000 ) ) ;
#1369 = CARTESIAN_POINT ( 'NONE',  ( 10.00000000000000000, 90.00000000000000000, 80.00000000000000000 ) ) ;
#1370 = ADVANCED_FACE ( 'NONE', ( #3969 ), #4076, .T. ) ;
#1371 = EDGE_CURVE ( 'NONE', #6331, #4343, #2964, .T. ) ;
#1372 = ORIENTED_EDGE ( 'NONE', *, *, #3146, .T. ) ;
#1373 = ADVANCED_FACE ( 'NONE', ( #1278 ), #6944, .T. ) ;
#1374 = ORIENTED_EDGE ( 'NONE', *, *, #4019, .F. ) ;
#1375 = ORIENTED_EDGE ( 'NONE', *, *, #4565, .F. ) ;
#1376 = DIRECTION ( 'NONE',  ( 0.000000000000000000, 1.000000000000000000, 0.000000000000000000 ) ) ;
#1377 = CARTESIAN_POINT ( 'NONE',  ( 87.50000000000000000, 12.50000000000000000, 2.000000000000000000 ) ) ;
#1378 = CARTESIAN_POINT ( 'NONE',  ( 84.99999999999998579, 15.00000000000000178, 20.00000000000000000 ) ) ;
#1379 = CARTESIAN_POINT ( 'NONE',  ( 20.00000000000000355, 50.00000000000000000, 39.00000000000000000 ) ) ;
#1380 = AXIS2_PLACEMENT_3D ( 'NONE', #4409, #6724, #5044 ) ;
#1381 = DIRECTION ( 'NONE',  ( 0.000000000000000000, -1.000000000000000000, 0.000000000000000000 ) ) ;
#1382 = FACE_OUTER_BOUND ( 'NONE', #436, .T. ) ;
#1383 = CARTESIAN_POINT ( 'NONE',  ( 50.00000000000000000, 90.00000000000000000, 20.00000000000000000 ) ) ;
#1384 = CARTESIAN_POINT ( 'NONE',  ( 50.00000000000000000, 50.00000000000000000, 48.00000000000000000 ) ) ;
#1385 = AXIS2_PLACEMENT_3D ( 'NONE', #4506, #3354, #2158 ) ;
#1386 = AXIS2_PLACEMENT_3D ( 'NONE', #1377, #226, #4732 ) ;
#1387 = AXIS2_PLACEMENT_3D ( 'NONE', #3469, #158, #82 ) ;
#1388 = ORIENTED_EDGE ( 'NONE', *, *, #3465, .T. ) ;
#1389 = LINE ( 'NONE', #3213, #4339 ) ;
#1390 = EDGE_LOOP ( 'NONE', ( #2955, #5338, #506, #5492 ) ) ;
#1391 = DIRECTION ( 'NONE',  ( 0.000000000000000000, 1.000000000000000000, 0.000000000000000000 ) ) ;
#1392 = EDGE_LOOP ( 'NONE', ( #433, #5233, #6046, #2785 ) ) ;
#1393 = DIRECTION ( 'NONE',  ( -1.000000000000000000, -0.000000000000000000, 0.000000000000000000 ) ) ;
#1394 = LINE ( 'NONE', #3633, #4735 ) ;
#1395 = ADVANCED_FACE ( 'NONE', ( #863 ), #5999, .T. ) ;
#1396 = ORIENTED_EDGE ( 'NONE', *, *, #2648, .T. ) ;
#1397 = VECTOR ( 'NONE', #5342, 1000.000000000000000 ) ;
#1398 = CARTESIAN_POINT ( 'NONE',  ( 6.999999999999999112, 50.00000000000000000, 37.00000000000000000 ) ) ;
#1399 = VERTEX_POINT ( 'NONE', #3035 ) ;
#1400 = DIRECTION ( 'NONE',  ( -0.000000000000000000, 0.000000000000000000, -1.000000000000000000 ) ) ;
#1401 = ORIENTED_EDGE ( 'NONE', *, *, #2376, .T. ) ;
#1402 = EDGE_LOOP ( 'NONE', ( #5787, #6014, #1769, #5183 ) ) ;
#1403 = VECTOR ( 'NONE', #4358, 1000.000000000000000 ) ;
#1404 = LINE ( 'NONE', #181, #5661 ) ;
#1405 = CC_DESIGN_PERSON_AND_ORGANIZATION_ASSIGNMENT ( #3364, #2207, ( #417 ) ) ;
#1406 = ADVANCED_FACE ( 'NONE', ( #3102 ), #6525, .F. ) ;
#1407 = DIRECTION ( 'NONE',  ( -1.000000000000000000, 0.000000000000000000, 0.000000000000000000 ) ) ;
#1408 = DIRECTION ( 'NONE',  ( 1.000000000000000000, 0.000000000000000000, 0.000000000000000000 ) ) ;
#1409 = FACE_OUTER_BOUND ( 'NONE', #6125, .T. ) ;
#1410 = ORIENTED_EDGE ( 'NONE', *, *, #2970, .T. ) ;
#1411 = VERTEX_POINT ( 'NONE', #2020 ) ;
#1412 = ORIENTED_EDGE ( 'NONE', *, *, #5191, .T. ) ;
#1413 = LINE ( 'NONE', #6399, #1195 ) ;
#1414 = EDGE_CURVE ( 'NONE', #497, #3992, #7123, .T. ) ;
#1415 = EDGE_CURVE ( 'NONE', #5666, #2100, #1460, .T. ) ;
#1416 = EDGE_CURVE ( 'NONE', #4046, #5165, #1947, .T. ) ;
#1417 = FACE_BOUND ( 'NONE', #3547, .T. ) ;
#1418 = DIRECTION ( 'NONE',  ( 0.000000000000000000, 0.000000000000000000, 1.000000000000000000 ) ) ;
#1419 = PLANE ( 'NONE',  #1674 ) ;
#1420 = CARTESIAN_POINT ( 'NONE',  ( 98.00000000000000000, 93.00000000000000000, 2.000000000000000000 ) ) ;
#1421 = EDGE_CURVE ( 'NONE', #2447, #5866, #7087, .T. ) ;
#1422 = LINE ( 'NONE', #2578, #2625 ) ;
#1423 = DIRECTION ( 'NONE',  ( 0.000000000000000000, -0.000000000000000000, 1.000000000000000000 ) ) ;
#1424 = FACE_OUTER_BOUND ( 'NONE', #2032, .T. ) ;
#1425 = ORIENTED_EDGE ( 'NONE', *, *, #1729, .F. ) ;
#1426 = AXIS2_PLACEMENT_3D ( 'NONE', #4848, #159, #2727 ) ;
#1427 = VERTEX_POINT ( 'NONE', #3626 ) ;
#1428 = LINE ( 'NONE', #4896, #5375 ) ;
#1429 = VECTOR ( 'NONE', #4219, 1000.000000000000000 ) ;
#1430 = VERTEX_POINT ( 'NONE', #5366 ) ;
#1431 = CARTESIAN_POINT ( 'NONE',  ( 90.00000000000000000, 10.00000000000000000, 37.00000000000000000 ) ) ;
#1432 = CARTESIAN_POINT ( 'NONE',  ( 7.000000000000006217, 98.00000000000000000, 98.00000000000000000 ) ) ;
#1433 = VECTOR ( 'NONE', #1977, 1000.000000000000000 ) ;
#1434 = ORIENTED_EDGE ( 'NONE', *, *, #1321, .T. ) ;
#1435 = DIRECTION ( 'NONE',  ( 0.000000000000000000, -1.000000000000000000, 0.000000000000000000 ) ) ;
#1436 = ORIENTED_EDGE ( 'NONE', *, *, #951, .T. ) ;
#1437 = AXIS2_PLACEMENT_3D ( 'NONE', #2156, #5028, #2047 ) ;
#1438 = DIRECTION ( 'NONE',  ( -1.000000000000000000, 0.000000000000000000, 0.000000000000000000 ) ) ;
#1439 = ORIENTED_EDGE ( 'NONE', *, *, #6701, .F. ) ;
#1440 = ORIENTED_EDGE ( 'NONE', *, *, #1646, .T. ) ;
#1441 = LINE ( 'NONE', #3714, #7337 ) ;
#1442 = DIRECTION ( 'NONE',  ( 0.000000000000000000, 0.000000000000000000, 1.000000000000000000 ) ) ;
#1443 = CARTESIAN_POINT ( 'NONE',  ( 15.00000000000000000, 50.00000000000000000, 22.00000000000000000 ) ) ;
#1444 = LINE ( 'NONE', #2151, #1011 ) ;
#1445 = ORIENTED_EDGE ( 'NONE', *, *, #1150, .F. ) ;
#1446 = ORIENTED_EDGE ( 'NONE', *, *, #3178, .F. ) ;
#1447 = EDGE_LOOP ( 'NONE', ( #3374, #1019, #6797, #4540 ) ) ;
#1448 = VERTEX_POINT ( 'NONE', #4259 ) ;
#1449 = LINE ( 'NONE', #4251, #1555 ) ;
#1450 = DIRECTION ( 'NONE',  ( 0.000000000000000000, 0.000000000000000000, 1.000000000000000000 ) ) ;
#1451 = CARTESIAN_POINT ( 'NONE',  ( 90.00000000000000000, 50.00000000000000000, 22.00000000000000000 ) ) ;
#1452 = DIRECTION ( 'NONE',  ( -0.000000000000000000, 1.000000000000000000, 0.000000000000000000 ) ) ;
#1453 = ADVANCED_FACE ( 'NONE', ( #3699 ), #2542, .F. ) ;
#1454 = ADVANCED_FACE ( 'NONE', ( #4708 ), #5926, .T. ) ;
#1455 = VECTOR ( 'NONE', #6207, 1000.000000000000000 ) ;
#1456 = MANIFOLD_SOLID_BREP ( 'Frame_Y_11', #1284 ) ;
#1457 = CARTESIAN_POINT ( 'NONE',  ( 93.00000000000000000, 95.00000000000000000, 80.00000000000000000 ) ) ;
#1458 = CARTESIAN_POINT ( 'NONE',  ( 93.00000000000000000, 93.00000000000000000, 36.00000000000000000 ) ) ;
#1459 = CARTESIAN_POINT ( 'NONE',  ( 50.00000000000000000, 93.00000000000000000, 63.00000000000000000 ) ) ;
#1460 = LINE ( 'NONE', #1313, #3503 ) ;
#1461 = ORIENTED_EDGE ( 'NONE', *, *, #1463, .F. ) ;
#1462 = LINE ( 'NONE', #3666, #6349 ) ;
#1463 = EDGE_CURVE ( 'NONE', #1184, #391, #308, .T. ) ;
#1464 = EDGE_CURVE ( 'NONE', #2847, #349, #235, .T. ) ;
#1465 = ADVANCED_FACE ( 'NONE', ( #1424 ), #5888, .T. ) ;
#1466 = VERTEX_POINT ( 'NONE', #2580 ) ;
#1467 = DIRECTION ( 'NONE',  ( 0.000000000000000000, 0.000000000000000000, 1.000000000000000000 ) ) ;
#1468 = DIRECTION ( 'NONE',  ( 1.000000000000000000, 0.000000000000000000, -0.000000000000000000 ) ) ;
#1469 = ORIENTED_EDGE ( 'NONE', *, *, #6936, .F. ) ;
#1470 = LINE ( 'NONE', #3746, #1494 ) ;
#1471 = DIRECTION ( 'NONE',  ( 0.000000000000000000, -1.000000000000000000, 0.000000000000000000 ) ) ;
#1472 = ORIENTED_EDGE ( 'NONE', *, *, #4151, .T. ) ;
#1473 = LINE ( 'NONE', #4864, #4216 ) ;
#1474 = VECTOR ( 'NONE', #1893, 1000.000000000000000 ) ;
#1475 = ORIENTED_EDGE ( 'NONE', *, *, #4273, .T. ) ;
#1476 = LINE ( 'NONE', #3083, #3140 ) ;
#1477 = ORIENTED_EDGE ( 'NONE', *, *, #5832, .T. ) ;
#1478 = LINE ( 'NONE', #7176, #4496 ) ;
#1479 = VECTOR ( 'NONE', #4304, 1000.000000000000000 ) ;
#1480 = APPROVAL_PERSON_ORGANIZATION ( #6718, #6133, #3888 ) ;
#1481 = CARTESIAN_POINT ( 'NONE',  ( 12.50000000000000000, 84.99999999999998579, 98.00000000000000000 ) ) ;
#1482 = AXIS2_PLACEMENT_3D ( 'NONE', #7161, #6600, #3806 ) ;
#1483 = CARTESIAN_POINT ( 'NONE',  ( 6.999999999999999112, 7.000000000000006217, 2.000000000000000000 ) ) ;
#1484 = VERTEX_POINT ( 'NONE', #4853 ) ;
#1485 = EDGE_LOOP ( 'NONE', ( #2083, #4386, #5690, #833 ) ) ;
#1486 = ORIENTED_EDGE ( 'NONE', *, *, #3970, .F. ) ;
#1487 = VERTEX_POINT ( 'NONE', #2508 ) ;
#1488 = CARTESIAN_POINT ( 'NONE',  ( 7.000000000000000000, 93.00000000000000000, 36.00000000000000000 ) ) ;
#1489 = DIRECTION ( 'NONE',  ( 0.000000000000000000, 0.000000000000000000, 1.000000000000000000 ) ) ;
#1490 = CARTESIAN_POINT ( 'NONE',  ( 1.999999999999999556, 93.00000000000000000, 2.000000000000000000 ) ) ;
#1491 = DIRECTION ( 'NONE',  ( 0.000000000000000000, -0.000000000000000000, 1.000000000000000000 ) ) ;
#1492 = LINE ( 'NONE', #6179, #3033 ) ;
#1493 = DIRECTION ( 'NONE',  ( -1.000000000000000000, -0.000000000000000000, 0.000000000000000000 ) ) ;
#1494 = VECTOR ( 'NONE', #6008, 1000.000000000000000 ) ;
#1495 = DIRECTION ( 'NONE',  ( 1.000000000000000000, 0.000000000000000000, 0.000000000000000000 ) ) ;
#1496 = DIRECTION ( 'NONE',  ( -1.000000000000000000, 0.000000000000000000, 0.000000000000000000 ) ) ;
#1497 = EDGE_CURVE ( 'NONE', #4616, #4036, #7014, .T. ) ;
#1498 = ADVANCED_FACE ( 'NONE', ( #6445 ), #4778, .T. ) ;
#1499 = CARTESIAN_POINT ( 'NONE',  ( 93.00000000000000000, 6.999999999999999112, 98.00000000000000000 ) ) ;
#1500 = EDGE_LOOP ( 'NONE', ( #1937, #1708, #6123, #6995 ) ) ;
#1501 = VECTOR ( 'NONE', #829, 1000.000000000000000 ) ;
#1502 = PERSON_AND_ORGANIZATION ( #7219, #2077 ) ;
#1503 = ORIENTED_EDGE ( 'NONE', *, *, #3499, .T. ) ;
#1504 = LINE ( 'NONE', #464, #386 ) ;
#1505 = CARTESIAN_POINT ( 'NONE',  ( 6.999999999999999112, 5.000000000000004441, 20.00000000000000000 ) ) ;
#1506 = PLANE ( 'NONE',  #77 ) ;
#1507 = VECTOR ( 'NONE', #677, 1000.000000000000000 ) ;
#1508 = EDGE_CURVE ( 'NONE', #4843, #3568, #2474, .T. ) ;
#1509 = EDGE_CURVE ( 'NONE', #4950, #2630, #7050, .T. ) ;
#1511 = EDGE_CURVE ( 'NONE', #98, #6738, #3175, .T. ) ;
#1510 = CARTESIAN_POINT ( 'NONE',  ( 99.00000000000000000, 0.000000000000000000, 2.000000000000000000 ) ) ;
#1512 = CARTESIAN_POINT ( 'NONE',  ( 84.99999999999998579, 15.00000000000000178, 2.000000000000000000 ) ) ;
#1513 = EDGE_LOOP ( 'NONE', ( #2180, #6362, #1517, #66 ) ) ;
#1514 = CARTESIAN_POINT ( 'NONE',  ( 50.00000000000000000, 6.999999999999999112, 20.00000000000000000 ) ) ;
#1515 = EDGE_LOOP ( 'NONE', ( #1475, #3409, #2641, #3002 ) ) ;
#1516 = CARTESIAN_POINT ( 'NONE',  ( 50.00000000000000000, 6.999999999999999112, 2.000000000000000000 ) ) ;
#1517 = ORIENTED_EDGE ( 'NONE', *, *, #2883, .T. ) ;
#1518 = DIRECTION ( 'NONE',  ( -0.000000000000000000, 1.000000000000000000, 0.000000000000000000 ) ) ;
#1519 = DIRECTION ( 'NONE',  ( 0.000000000000000000, 1.000000000000000000, 0.000000000000000000 ) ) ;
#1520 = FACE_OUTER_BOUND ( 'NONE', #3447, .T. ) ;
#1521 = ORIENTED_EDGE ( 'NONE', *, *, #6057, .F. ) ;
#1522 = ORIENTED_EDGE ( 'NONE', *, *, #787, .F. ) ;
#1523 = VECTOR ( 'NONE', #765, 1000.000000000000000 ) ;
#1524 = ORIENTED_EDGE ( 'NONE', *, *, #3379, .T. ) ;
#1525 = VERTEX_POINT ( 'NONE', #6184 ) ;
#1526 = CLOSED_SHELL ( 'NONE', ( #3603, #2837, #4829, #2014, #5272, #3283 ) ) ;
#1527 = CARTESIAN_POINT ( 'NONE',  ( 5.000000000000004441, 93.00000000000000000, 80.00000000000000000 ) ) ;
#1528 = DIRECTION ( 'NONE',  ( 0.000000000000000000, 0.000000000000000000, 1.000000000000000000 ) ) ;
#1529 = CARTESIAN_POINT ( 'NONE',  ( 50.00000000000000000, 84.99999999999998579, 37.00000000000000000 ) ) ;
#1530 = LINE ( 'NONE', #3801, #1553 ) ;
#1531 = DIRECTION ( 'NONE',  ( 1.000000000000000000, 0.000000000000000000, -0.000000000000000000 ) ) ;
#1532 = CARTESIAN_POINT ( 'NONE',  ( 10.00000000000000000, 90.00000000000000000, 2.000000000000000000 ) ) ;
#1533 = CARTESIAN_POINT ( 'NONE',  ( 7.000000000000006217, 1.999999999999999556, 98.00000000000000000 ) ) ;
#1534 = CARTESIAN_POINT ( 'NONE',  ( 84.99999999999998579, 84.99999999999998579, 19.00000000000000000 ) ) ;
#1535 = LINE ( 'NONE', #1054, #5170 ) ;
#1536 = VERTEX_POINT ( 'NONE', #976 ) ;
#1537 = APPROVAL_STATUS ( 'not_yet_approved' ) ;
#1538 = EDGE_CURVE ( 'NONE', #3635, #4875, #2696, .T. ) ;
#1539 = VERTEX_POINT ( 'NONE', #1018 ) ;
#1540 = CARTESIAN_POINT ( 'NONE',  ( 93.00000000000000000, 95.00000000000000000, 63.00000000000000000 ) ) ;
#1541 = DIRECTION ( 'NONE',  ( 0.000000000000000000, 0.000000000000000000, -1.000000000000000000 ) ) ;
#1542 = CARTESIAN_POINT ( 'NONE',  ( 80.00000000000000000, 80.00000000000000000, 48.00000000000000000 ) ) ;
#1543 = MANIFOLD_SOLID_BREP ( 'Frame_X_10', #1118 ) ;
#1544 = PLANE ( 'NONE',  #5658 ) ;
#1545 = LINE ( 'NONE', #5011, #1001 ) ;
#1546 = VERTEX_POINT ( 'NONE', #5038 ) ;
#1547 = DIRECTION ( 'NONE',  ( 0.000000000000000000, 0.000000000000000000, -1.000000000000000000 ) ) ;
#1548 = ADVANCED_FACE ( 'NONE', ( #1653 ), #346, .T. ) ;
#1549 = EDGE_CURVE ( 'NONE', #3682, #5784, #6639, .T. ) ;
#1550 = EDGE_CURVE ( 'NONE', #3568, #3760, #7307, .T. ) ;
#1551 = ORIENTED_EDGE ( 'NONE', *, *, #555, .F. ) ;
#1552 = CARTESIAN_POINT ( 'NONE',  ( 95.50000000000000000, 4.500000000000000000, 2.000000000000000000 ) ) ;
#1553 = VECTOR ( 'NONE', #6141, 1000.000000000000000 ) ;
#1554 = ORIENTED_EDGE ( 'NONE', *, *, #5019, .F. ) ;
#1555 = VECTOR ( 'NONE', #6514, 1000.000000000000000 ) ;
#1556 = FACE_OUTER_BOUND ( 'NONE', #2302, .T. ) ;
#1557 = DIRECTION ( 'NONE',  ( -0.000000000000000000, 1.000000000000000000, 0.000000000000000000 ) ) ;
#1558 = LINE ( 'NONE', #3829, #657 ) ;
#1559 = MANIFOLD_SOLID_BREP ( 'Panel_5_bottom', #218 ) ;
#1560 = VECTOR ( 'NONE', #74, 1000.000000000000000 ) ;
#1561 = EDGE_CURVE ( 'NONE', #6238, #3197, #3289, .T. ) ;
#1562 = EDGE_CURVE ( 'NONE', #349, #835, #1535, .T. ) ;
#1563 = ORIENTED_EDGE ( 'NONE', *, *, #3282, .F. ) ;
#1564 = ORIENTED_EDGE ( 'NONE', *, *, #735, .F. ) ;
#1565 = ORIENTED_EDGE ( 'NONE', *, *, #3644, .T. ) ;
#1566 = DIRECTION ( 'NONE',  ( -0.000000000000000000, 1.000000000000000000, 0.000000000000000000 ) ) ;
#1567 = FACE_BOUND ( 'NONE', #5134, .T. ) ;
#1568 = LINE ( 'NONE', #3838, #2721 ) ;
#1569 = LINE ( 'NONE', #6103, #3573 ) ;
#1570 = AXIS2_PLACEMENT_3D ( 'NONE', #6288, #2270, #3497 ) ;
#1571 = CARTESIAN_POINT ( 'NONE',  ( 93.00000000000000000, 95.50000000000000000, 2.000000000000000000 ) ) ;
#1572 = CARTESIAN_POINT ( 'NONE',  ( 50.00000000000000000, 5.000000000000004441, 63.00000000000000000 ) ) ;
#1573 = LINE ( 'NONE', #2127, #3023 ) ;
#1574 = DIRECTION ( 'NONE',  ( -0.000000000000000000, 0.000000000000000000, -1.000000000000000000 ) ) ;
#1575 = CARTESIAN_POINT ( 'NONE',  ( 15.00000000000000000, 50.00000000000000000, 78.00000000000000000 ) ) ;
#1576 = ORIENTED_EDGE ( 'NONE', *, *, #601, .T. ) ;
#1577 = VECTOR ( 'NONE', #4608, 1000.000000000000000 ) ;
#1578 = ORIENTED_EDGE ( 'NONE', *, *, #4471, .T. ) ;
#1579 = DIRECTION ( 'NONE',  ( 0.000000000000000000, -0.000000000000000000, 1.000000000000000000 ) ) ;
#1580 = DIRECTION ( 'NONE',  ( -1.000000000000000000, -0.000000000000000000, 0.000000000000000000 ) ) ;
#1581 = DIRECTION ( 'NONE',  ( 0.000000000000000000, 0.000000000000000000, 1.000000000000000000 ) ) ;
#1582 = LINE ( 'NONE', #6800, #5074 ) ;
#1583 = VECTOR ( 'NONE', #2923, 1000.000000000000000 ) ;
#1584 = LINE ( 'NONE', #2214, #1355 ) ;
#1585 = FACE_OUTER_BOUND ( 'NONE', #3986, .T. ) ;
#1586 = ORIENTED_EDGE ( 'NONE', *, *, #3243, .T. ) ;
#1587 = LINE ( 'NONE', #473, #1005 ) ;
#1588 = VERTEX_POINT ( 'NONE', #6676 ) ;
#1589 = CARTESIAN_POINT ( 'NONE',  ( 98.00000000000000000, 93.00000000000000000, 2.000000000000000000 ) ) ;
#1590 = VERTEX_POINT ( 'NONE', #2734 ) ;
#1591 = LINE ( 'NONE', #1071, #3073 ) ;
#1592 = EDGE_CURVE ( 'NONE', #4453, #3276, #4479, .T. ) ;
#1593 = ADVANCED_FACE ( 'NONE', ( #494 ), #384, .T. ) ;
#1594 = DIRECTION ( 'NONE',  ( 0.000000000000000000, -0.000000000000000000, 1.000000000000000000 ) ) ;
#1595 = CARTESIAN_POINT ( 'NONE',  ( 50.00000000000000000, 5.000000000000004441, 20.00000000000000000 ) ) ;
#1596 = VECTOR ( 'NONE', #1359, 1000.000000000000000 ) ;
#1597 = ORIENTED_EDGE ( 'NONE', *, *, #2265, .T. ) ;
#1598 = ORIENTED_EDGE ( 'NONE', *, *, #4924, .F. ) ;
#1599 = EDGE_LOOP ( 'NONE', ( #1095, #7222, #872, #5340 ) ) ;
#1601 = CARTESIAN_POINT ( 'NONE',  ( 6.999999999999999112, 50.00000000000000000, 80.00000000000000000 ) ) ;
#1600 = VECTOR ( 'NONE', #2942, 1000.000000000000000 ) ;
#1602 = VECTOR ( 'NONE', #4328, 1000.000000000000000 ) ;
#1603 = CARTESIAN_POINT ( 'NONE',  ( 93.00000000000000000, 93.00000000000000000, 2.000000000000000000 ) ) ;
#1604 = DIRECTION ( 'NONE',  ( 0.000000000000000000, 0.000000000000000000, 1.000000000000000000 ) ) ;
#1605 = EDGE_CURVE ( 'NONE', #5866, #5643, #2618, .T. ) ;
#1606 = ADVANCED_FACE ( 'NONE', ( #4892 ), #2165, .T. ) ;
#1607 = DIRECTION ( 'NONE',  ( 1.000000000000000000, 0.000000000000000000, -0.000000000000000000 ) ) ;
#1608 = EDGE_CURVE ( 'NONE', #3627, #1143, #458, .T. ) ;
#1609 = VECTOR ( 'NONE', #5943, 1000.000000000000000 ) ;
#1610 = CARTESIAN_POINT ( 'NONE',  ( 93.00000000000000000, 95.00000000000000000, 60.00000000000000000 ) ) ;
#1611 = DIRECTION ( 'NONE',  ( 0.000000000000000000, 1.000000000000000000, 0.000000000000000000 ) ) ;
#1612 = DIRECTION ( 'NONE',  ( 1.000000000000000000, 0.000000000000000000, -0.000000000000000000 ) ) ;
#1613 = CARTESIAN_POINT ( 'NONE',  ( 6.999999999999999112, 7.000000000000006217, 93.00000000000000000 ) ) ;
#1614 = DIRECTION ( 'NONE',  ( 0.000000000000000000, 0.000000000000000000, 1.000000000000000000 ) ) ;
#1615 = VERTEX_POINT ( 'NONE', #7270 ) ;
#1616 = AXIS2_PLACEMENT_3D ( 'NONE', #6706, #5394, #301 ) ;
#1617 = VERTEX_POINT ( 'NONE', #1499 ) ;
#1618 = PLANE ( 'NONE',  #1709 ) ;
#1619 = CARTESIAN_POINT ( 'NONE',  ( 10.00000000000000000, 90.00000000000000000, 39.00000000000000000 ) ) ;
#1620 = LINE ( 'NONE', #352, #671 ) ;
#1621 = CARTESIAN_POINT ( 'NONE',  ( 12.50000000000000000, 15.00000000000000178, 19.00000000000000000 ) ) ;
#1622 = FACE_BOUND ( 'NONE', #7063, .T. ) ;
#1623 = CLOSED_SHELL ( 'NONE', ( #5964, #6976, #1833, #1793, #858, #546, #4379, #1406, #5915, #2004, #7111, #3018, #3458, #3281, #7057, #3367, #4425, #102, #3105, #4885, #6409, #6839, #545, #4786, #919, #1453, #5452, #6654, #4564, #2329 ) ) ;
#1624 = CARTESIAN_POINT ( 'NONE',  ( 98.00000000000000000, 0.000000000000000000, 2.000000000000000000 ) ) ;
#1625 = VERTEX_POINT ( 'NONE', #3772 ) ;
#1626 = LINE ( 'NONE', #3898, #2311 ) ;
#1627 = ORIENTED_EDGE ( 'NONE', *, *, #7109, .T. ) ;
#1628 = AXIS2_PLACEMENT_3D ( 'NONE', #5189, #615, #2363 ) ;
#1629 = CARTESIAN_POINT ( 'NONE',  ( 50.00000000000000000, 80.00000000000000000, 39.00000000000000000 ) ) ;
#1630 = EDGE_LOOP ( 'NONE', ( #3796, #870, #3139, #2570 ) ) ;
#1631 = DIRECTION ( 'NONE',  ( 0.000000000000000000, 0.000000000000000000, 1.000000000000000000 ) ) ;
#1632 = DIRECTION ( 'NONE',  ( 0.000000000000000000, 0.000000000000000000, 1.000000000000000000 ) ) ;
#1633 = VECTOR ( 'NONE', #968, 1000.000000000000000 ) ;
#1634 = CARTESIAN_POINT ( 'NONE',  ( 50.00000000000000000, 1.999999999999999556, 93.00000000000000000 ) ) ;
#1635 = ORIENTED_EDGE ( 'NONE', *, *, #513, .F. ) ;
#1636 = EDGE_CURVE ( 'NONE', #3124, #4556, #938, .T. ) ;
#1637 = ORIENTED_EDGE ( 'NONE', *, *, #1371, .T. ) ;
#1638 = ORIENTED_EDGE ( 'NONE', *, *, #461, .T. ) ;
#1639 = DIRECTION ( 'NONE',  ( 0.000000000000000000, -1.000000000000000000, -0.000000000000000000 ) ) ;
#1640 = CARTESIAN_POINT ( 'NONE',  ( 6.999999999999999112, 93.00000000000000000, 93.00000000000000000 ) ) ;
#1641 = LINE ( 'NONE', #6632, #1770 ) ;
#1642 = PLANE ( 'NONE',  #1692 ) ;
#1643 = VECTOR ( 'NONE', #6276, 1000.000000000000000 ) ;
#1644 = ORIENTED_EDGE ( 'NONE', *, *, #1656, .F. ) ;
#1645 = EDGE_CURVE ( 'NONE', #4968, #5608, #3211, .T. ) ;
#1646 = EDGE_CURVE ( 'NONE', #5628, #1487, #5477, .T. ) ;
#1647 = EDGE_CURVE ( 'NONE', #179, #2433, #425, .T. ) ;
#1648 = FACE_OUTER_BOUND ( 'NONE', #2009, .T. ) ;
#1649 = FACE_OUTER_BOUND ( 'NONE', #966, .T. ) ;
#1650 = DIRECTION ( 'NONE',  ( 0.000000000000000000, 0.000000000000000000, 1.000000000000000000 ) ) ;
#1651 = LINE ( 'NONE', #6755, #2349 ) ;
#1652 = VECTOR ( 'NONE', #1044, 1000.000000000000000 ) ;
#1653 = FACE_OUTER_BOUND ( 'NONE', #1996, .T. ) ;
#1654 = ORIENTED_EDGE ( 'NONE', *, *, #2460, .F. ) ;
#1655 = APPROVAL_STATUS ( 'not_yet_approved' ) ;
#1656 = EDGE_CURVE ( 'NONE', #4877, #2024, #6295, .T. ) ;
#1657 = VERTEX_POINT ( 'NONE', #2245 ) ;
#1658 = ORIENTED_EDGE ( 'NONE', *, *, #5102, .T. ) ;
#1659 = CARTESIAN_POINT ( 'NONE',  ( 5.000000000000004441, 6.999999999999999112, 78.00000000000000000 ) ) ;
#1660 = CARTESIAN_POINT ( 'NONE',  ( 50.00000000000000000, 95.00000000000000000, 78.00000000000000000 ) ) ;
#1661 = FACE_OUTER_BOUND ( 'NONE', #732, .T. ) ;
#1662 = MANIFOLD_SOLID_BREP ( 'Frame_vertical_4', #2425 ) ;
#1663 = DIRECTION ( 'NONE',  ( 0.000000000000000000, -1.000000000000000000, 0.000000000000000000 ) ) ;
#1664 = CARTESIAN_POINT ( 'NONE',  ( 5.000000000000004441, 50.00000000000000000, 39.00000000000000000 ) ) ;
#1665 = EDGE_LOOP ( 'NONE', ( #6614, #1288, #5450, #5288 ) ) ;
#1666 = DIRECTION ( 'NONE',  ( 0.000000000000000000, 0.000000000000000000, -1.000000000000000000 ) ) ;
#1667 = ORIENTED_EDGE ( 'NONE', *, *, #2918, .F. ) ;
#1668 = CARTESIAN_POINT ( 'NONE',  ( 50.00000000000000000, 1.999999999999999556, 2.000000000000000000 ) ) ;
#1669 = ORIENTED_EDGE ( 'NONE', *, *, #6887, .F. ) ;
#1670 = CARTESIAN_POINT ( 'NONE',  ( 10.00000000000000000, 15.00000000000000178, 78.00000000000000000 ) ) ;
#1671 = CARTESIAN_POINT ( 'NONE',  ( 10.00000000000000000, 15.00000000000000178, 77.00000000000000000 ) ) ;
#1672 = PLANE ( 'NONE',  #416 ) ;
#1673 = MANIFOLD_SOLID_BREP ( 'Panel_6_top', #1526 ) ;
#1674 = AXIS2_PLACEMENT_3D ( 'NONE', #3659, #1981, #194 ) ;
#1675 = EDGE_LOOP ( 'NONE', ( #2944, #6641, #629, #4296 ) ) ;
#1676 = VERTEX_POINT ( 'NONE', #2355 ) ;
#1677 = ORIENTED_EDGE ( 'NONE', *, *, #3337, .T. ) ;
#1678 = PLANE ( 'NONE',  #842 ) ;
#1680 = VECTOR ( 'NONE', #4850, 1000.000000000000000 ) ;
#1679 = DIRECTION ( 'NONE',  ( 0.000000000000000000, 0.000000000000000000, 1.000000000000000000 ) ) ;
#1681 = FACE_OUTER_BOUND ( 'NONE', #6476, .T. ) ;
#1682 = DIRECTION ( 'NONE',  ( -0.000000000000000000, 1.000000000000000000, 0.000000000000000000 ) ) ;
#1683 = VECTOR ( 'NONE', #3993, 1000.000000000000000 ) ;
#1684 = ORIENTED_EDGE ( 'NONE', *, *, #6508, .F. ) ;
#1685 = LINE ( 'NONE', #2414, #1732 ) ;
#1686 = DIRECTION ( 'NONE',  ( 1.000000000000000000, 0.000000000000000000, -0.000000000000000000 ) ) ;
#1687 = CARTESIAN_POINT ( 'NONE',  ( 93.00000000000000000, 7.000000000000000000, 22.00000000000000000 ) ) ;
#1688 = PLANE ( 'NONE',  #5312 ) ;
#1689 = DIRECTION ( 'NONE',  ( 0.000000000000000000, 0.000000000000000000, 1.000000000000000000 ) ) ;
#1690 = ADVANCED_FACE ( 'NONE', ( #6222 ), #2880, .F. ) ;
#1691 = EDGE_CURVE ( 'NONE', #337, #5784, #4068, .T. ) ;
#1692 = AXIS2_PLACEMENT_3D ( 'NONE', #6781, #4470, #2871 ) ;
#1693 = EDGE_LOOP ( 'NONE', ( #3191, #6489, #2958, #681 ) ) ;
#1694 = COORDINATED_UNIVERSAL_TIME_OFFSET ( 5, 0, .BEHIND. ) ;
#1695 = ORIENTED_EDGE ( 'NONE', *, *, #1549, .T. ) ;
#1696 = ORIENTED_EDGE ( 'NONE', *, *, #4368, .F. ) ;
#1697 = CARTESIAN_POINT ( 'NONE',  ( 15.00000000000000178, 10.00000000000000000, 19.00000000000000000 ) ) ;
#1698 = DIRECTION ( 'NONE',  ( 1.000000000000000000, 0.000000000000000000, -0.000000000000000000 ) ) ;
#1699 = CARTESIAN_POINT ( 'NONE',  ( 0.000000000000000000, 0.000000000000000000, 0.000000000000000000 ) ) ;
#1700 = MANIFOLD_SOLID_BREP ( 'PCB_2', #1978 ) ;
#1701 = DIRECTION ( 'NONE',  ( 1.000000000000000000, 0.000000000000000000, -0.000000000000000000 ) ) ;
#1702 = DIRECTION ( 'NONE',  ( 0.000000000000000000, 0.000000000000000000, 1.000000000000000000 ) ) ;
#1703 = EDGE_CURVE ( 'NONE', #5680, #1625, #3361, .T. ) ;
#1704 = EDGE_CURVE ( 'NONE', #6275, #609, #121, .T. ) ;
#1705 = EDGE_CURVE ( 'NONE', #4164, #337, #6899, .T. ) ;
#1706 = ORIENTED_EDGE ( 'NONE', *, *, #6601, .F. ) ;
#1707 = DIRECTION ( 'NONE',  ( 1.000000000000000000, 0.000000000000000000, 0.000000000000000000 ) ) ;
#1708 = ORIENTED_EDGE ( 'NONE', *, *, #5460, .F. ) ;
#1709 = AXIS2_PLACEMENT_3D ( 'NONE', #2132, #3293, #6041 ) ;
#1710 = LINE ( 'NONE', #586, #7045 ) ;
#1711 = ORIENTED_EDGE ( 'NONE', *, *, #4019, .T. ) ;
#1712 = DIRECTION ( 'NONE',  ( 1.000000000000000000, 0.000000000000000000, 0.000000000000000000 ) ) ;
#1713 = LINE ( 'NONE', #7363, #1455 ) ;
#1714 = DIRECTION ( 'NONE',  ( 1.000000000000000000, 0.000000000000000000, 0.000000000000000000 ) ) ;
#1715 = MANIFOLD_SOLID_BREP ( 'PCB_4', #4623 ) ;
#1716 = ORIENTED_EDGE ( 'NONE', *, *, #1179, .F. ) ;
#1717 = ORIENTED_EDGE ( 'NONE', *, *, #3009, .F. ) ;
#1718 = VERTEX_POINT ( 'NONE', #1837 ) ;
#1719 = CARTESIAN_POINT ( 'NONE',  ( 50.00000000000000000, 93.00000000000000000, 37.00000000000000000 ) ) ;
#1720 = VECTOR ( 'NONE', #3804, 1000.000000000000000 ) ;
#1721 = DIRECTION ( 'NONE',  ( -0.000000000000000000, 1.000000000000000000, 0.000000000000000000 ) ) ;
#1722 = LINE ( 'NONE', #634, #5724 ) ;
#1723 = ADVANCED_FACE ( 'NONE', ( #1127 ), #5769, .T. ) ;
#1724 = ORIENTED_EDGE ( 'NONE', *, *, #6508, .T. ) ;
#1725 = VECTOR ( 'NONE', #5302, 1000.000000000000000 ) ;
#1726 = CARTESIAN_POINT ( 'NONE',  ( 93.00000000000000000, 6.999999999999999112, 2.000000000000000000 ) ) ;
#1727 = DIRECTION ( 'NONE',  ( 0.000000000000000000, 0.000000000000000000, 1.000000000000000000 ) ) ;
#1728 = CARTESIAN_POINT ( 'NONE',  ( 98.00000000000000000, 7.000000000000006217, 93.00000000000000000 ) ) ;
#1729 = EDGE_CURVE ( 'NONE', #5840, #6820, #45, .T. ) ;
#1730 = DIRECTION ( 'NONE',  ( -0.000000000000000000, 1.000000000000000000, 0.000000000000000000 ) ) ;
#1731 = VERTEX_POINT ( 'NONE', #4589 ) ;
#1732 = VECTOR ( 'NONE', #3954, 1000.000000000000000 ) ;
#1733 = VECTOR ( 'NONE', #2061, 1000.000000000000000 ) ;
#1734 = ORIENTED_EDGE ( 'NONE', *, *, #16, .T. ) ;
#1735 = ORIENTED_EDGE ( 'NONE', *, *, #2135, .F. ) ;
#1736 = EDGE_CURVE ( 'NONE', #5537, #2423, #2846, .T. ) ;
#1737 = DIRECTION ( 'NONE',  ( -0.000000000000000000, 0.000000000000000000, -1.000000000000000000 ) ) ;
#1738 = EDGE_CURVE ( 'NONE', #781, #4381, #1766, .T. ) ;
#1739 = DIRECTION ( 'NONE',  ( 0.000000000000000000, 0.000000000000000000, 1.000000000000000000 ) ) ;
#1740 = DIRECTION ( 'NONE',  ( 0.000000000000000000, 0.000000000000000000, 1.000000000000000000 ) ) ;
#1741 = PLANE ( 'NONE',  #4810 ) ;
#1742 = CARTESIAN_POINT ( 'NONE',  ( 98.00000000000000000, 99.00000000000000000, 2.000000000000000000 ) ) ;
#1743 = ORIENTED_EDGE ( 'NONE', *, *, #1234, .F. ) ;
#1744 = LINE ( 'NONE', #4009, #1956 ) ;
#1745 = ORIENTED_EDGE ( 'NONE', *, *, #4656, .F. ) ;
#1746 = ADVANCED_FACE ( 'NONE', ( #7347 ), #4516, .T. ) ;
#1747 = CARTESIAN_POINT ( 'NONE',  ( 20.00000000000000355, 50.00000000000000000, 48.00000000000000000 ) ) ;
#1748 = EDGE_CURVE ( 'NONE', #6651, #4750, #1230, .T. ) ;
#1749 = EDGE_CURVE ( 'NONE', #4413, #1539, #640, .T. ) ;
#1750 = ORIENTED_EDGE ( 'NONE', *, *, #4099, .T. ) ;
#1751 = AXIS2_PLACEMENT_3D ( 'NONE', #6345, #4505, #137 ) ;
#1752 = PLANE ( 'NONE',  #2591 ) ;
#1753 = CARTESIAN_POINT ( 'NONE',  ( 2.000000000000001776, 0.000000000000000000, 2.000000000000000000 ) ) ;
#1754 = VECTOR ( 'NONE', #755, 1000.000000000000000 ) ;
#1755 = ORIENTED_EDGE ( 'NONE', *, *, #510, .T. ) ;
#1756 = EDGE_LOOP ( 'NONE', ( #3501, #1734, #2857, #965 ) ) ;
#1757 = VERTEX_POINT ( 'NONE', #5112 ) ;
#1758 = PLANE ( 'NONE',  #5250 ) ;
#1759 = DIRECTION ( 'NONE',  ( -0.000000000000000000, 1.000000000000000000, 0.000000000000000000 ) ) ;
#1760 = VECTOR ( 'NONE', #3321, 1000.000000000000000 ) ;
#1761 = LINE ( 'NONE', #2907, #2281 ) ;
#1762 = ORIENTED_EDGE ( 'NONE', *, *, #6656, .F. ) ;
#1763 = FACE_OUTER_BOUND ( 'NONE', #1856, .T. ) ;
#1764 = DIRECTION ( 'NONE',  ( 0.000000000000000000, -1.000000000000000000, -0.000000000000000000 ) ) ;
#1765 = DIRECTION ( 'NONE',  ( 0.000000000000000000, 1.000000000000000000, 0.000000000000000000 ) ) ;
#1766 = LINE ( 'NONE', #4551, #6181 ) ;
#1767 = ORIENTED_EDGE ( 'NONE', *, *, #4110, .T. ) ;
#1768 = VECTOR ( 'NONE', #4869, 1000.000000000000000 ) ;
#1769 = ORIENTED_EDGE ( 'NONE', *, *, #2368, .T. ) ;
#1770 = VECTOR ( 'NONE', #7336, 1000.000000000000000 ) ;
#1771 = EDGE_LOOP ( 'NONE', ( #1711, #1337, #3222, #2356 ) ) ;
#1772 = CARTESIAN_POINT ( 'NONE',  ( 50.00000000000000000, 99.00000000000000000, 2.000000000000000000 ) ) ;
#1773 = CARTESIAN_POINT ( 'NONE',  ( 98.00000000000000000, 93.00000000000000000, 93.00000000000000000 ) ) ;
#1774 = CARTESIAN_POINT ( 'NONE',  ( 6.999999999999999112, 95.00000000000000000, 37.00000000000000000 ) ) ;
#1775 = CLOSED_SHELL ( 'NONE', ( #2793, #1226, #4818, #2690, #1454, #4282 ) ) ;
#1776 = PLANE ( 'NONE',  #412 ) ;
#1777 = LINE ( 'NONE', #2254, #3502 ) ;
#1778 = EDGE_LOOP ( 'NONE', ( #1327, #5720, #5257, #1106 ) ) ;
#1779 = DIRECTION ( 'NONE',  ( 0.000000000000000000, 0.000000000000000000, -1.000000000000000000 ) ) ;
#1780 = ORIENTED_EDGE ( 'NONE', *, *, #1464, .F. ) ;
#1781 = CARTESIAN_POINT ( 'NONE',  ( 5.000000000000004441, 6.999999999999999112, 20.00000000000000000 ) ) ;
#1782 = ORIENTED_EDGE ( 'NONE', *, *, #7200, .F. ) ;
#1783 = FACE_OUTER_BOUND ( 'NONE', #6132, .T. ) ;
#1784 = CARTESIAN_POINT ( 'NONE',  ( 98.00000000000000000, 2.000000000000000000, 2.000000000000000000 ) ) ;
#1785 = EDGE_CURVE ( 'NONE', #1254, #5615, #678, .T. ) ;
#1786 = EDGE_CURVE ( 'NONE', #5539, #835, #11, .T. ) ;
#1787 = ORIENTED_EDGE ( 'NONE', *, *, #1414, .F. ) ;
#1788 = ORIENTED_EDGE ( 'NONE', *, *, #1966, .F. ) ;
#1789 = ORIENTED_EDGE ( 'NONE', *, *, #3967, .T. ) ;
#1790 = LINE ( 'NONE', #4057, #3462 ) ;
#1791 = CARTESIAN_POINT ( 'NONE',  ( 15.00000000000000178, 84.99999999999998579, 61.00000000000000000 ) ) ;
#1792 = DIRECTION ( 'NONE',  ( 0.000000000000000000, 0.000000000000000000, 1.000000000000000000 ) ) ;
#1793 = ADVANCED_FACE ( 'NONE', ( #5665 ), #83, .T. ) ;
#1794 = EDGE_CURVE ( 'NONE', #1882, #1351, #1163, .T. ) ;
#1795 = ORIENTED_EDGE ( 'NONE', *, *, #5907, .T. ) ;
#1796 = CARTESIAN_POINT ( 'NONE',  ( 98.00000000000000000, 50.00000000000000000, 2.000000000000000000 ) ) ;
#1797 = DIRECTION ( 'NONE',  ( 0.000000000000000000, -1.000000000000000000, 0.000000000000000000 ) ) ;
#1798 = PLANE ( 'NONE',  #6020 ) ;
#1799 = VECTOR ( 'NONE', #4696, 1000.000000000000000 ) ;
#1800 = CARTESIAN_POINT ( 'NONE',  ( 10.00000000000000000, 15.00000000000000178, 19.00000000000000000 ) ) ;
#1801 = EDGE_LOOP ( 'NONE', ( #6151, #5246, #3637, #772 ) ) ;
#1802 = VECTOR ( 'NONE', #4239, 1000.000000000000000 ) ;
#1803 = ORIENTED_EDGE ( 'NONE', *, *, #4510, .T. ) ;
#1804 = EDGE_LOOP ( 'NONE', ( #3897, #599, #5258, #7252 ) ) ;
#1805 = CARTESIAN_POINT ( 'NONE',  ( 50.00000000000000000, 100.0000000000000000, 2.000000000000000000 ) ) ;
#1806 = DIRECTION ( 'NONE',  ( -0.000000000000000000, 0.000000000000000000, -1.000000000000000000 ) ) ;
#1807 = LINE ( 'NONE', #93, #6975 ) ;
#1808 = FACE_BOUND ( 'NONE', #3639, .T. ) ;
#1809 = ORIENTED_EDGE ( 'NONE', *, *, #4906, .T. ) ;
#1810 = LINE ( 'NONE', #1883, #3859 ) ;
#1811 = AXIS2_PLACEMENT_3D ( 'NONE', #6696, #5425, #1594 ) ;
#1812 = ORIENTED_EDGE ( 'NONE', *, *, #5331, .F. ) ;
#1813 = CARTESIAN_POINT ( 'NONE',  ( 90.00000000000000000, 15.00000000000000178, 39.00000000000000000 ) ) ;
#1814 = ORIENTED_EDGE ( 'NONE', *, *, #2461, .F. ) ;
#1815 = FACE_OUTER_BOUND ( 'NONE', #2008, .T. ) ;
#1816 = CARTESIAN_POINT ( 'NONE',  ( 93.00000000000000000, 95.00000000000000000, 37.00000000000000000 ) ) ;
#1817 = DIRECTION ( 'NONE',  ( 0.000000000000000000, 0.000000000000000000, 1.000000000000000000 ) ) ;
#1818 = VECTOR ( 'NONE', #3003, 1000.000000000000000 ) ;
#1819 = ORIENTED_EDGE ( 'NONE', *, *, #787, .T. ) ;
#1820 = CARTESIAN_POINT ( 'NONE',  ( 20.00000000000000355, 80.00000000000000000, 39.00000000000000000 ) ) ;
#1821 = EDGE_LOOP ( 'NONE', ( #6422, #7090, #1637, #6687 ) ) ;
#1822 = ORIENTED_EDGE ( 'NONE', *, *, #460, .F. ) ;
#1823 = DIRECTION ( 'NONE',  ( 0.000000000000000000, -0.000000000000000000, 1.000000000000000000 ) ) ;
#1824 = EDGE_CURVE ( 'NONE', #2433, #4116, #2015, .T. ) ;
#1825 = EDGE_CURVE ( 'NONE', #6315, #1286, #5808, .T. ) ;
#1826 = DIRECTION ( 'NONE',  ( -0.000000000000000000, 1.000000000000000000, 0.000000000000000000 ) ) ;
#1827 = VECTOR ( 'NONE', #4705, 1000.000000000000000 ) ;
#1828 = DIRECTION ( 'NONE',  ( -0.000000000000000000, 0.000000000000000000, -1.000000000000000000 ) ) ;
#1829 = EDGE_LOOP ( 'NONE', ( #7010, #5372, #6845, #5703 ) ) ;
#1830 = ORIENTED_EDGE ( 'NONE', *, *, #6239, .F. ) ;
#1831 = LINE ( 'NONE', #1726, #4888 ) ;
#1832 = ADVANCED_FACE ( 'NONE', ( #3027 ), #6972, .F. ) ;
#1833 = ADVANCED_FACE ( 'NONE', ( #6402 ), #1419, .T. ) ;
#1834 = EDGE_CURVE ( 'NONE', #4646, #5142, #5884, .T. ) ;
#1835 = FACE_OUTER_BOUND ( 'NONE', #6465, .T. ) ;
#1836 = DIRECTION ( 'NONE',  ( 1.000000000000000000, 0.000000000000000000, 0.000000000000000000 ) ) ;
#1837 = CARTESIAN_POINT ( 'NONE',  ( 93.00000000000000000, 1.999999999999999556, 2.000000000000000000 ) ) ;
#1838 = ORIENTED_EDGE ( 'NONE', *, *, #3551, .F. ) ;
#1839 = VECTOR ( 'NONE', #7027, 1000.000000000000000 ) ;
#1840 = EDGE_LOOP ( 'NONE', ( #1814, #404, #664, #1654 ) ) ;
#1841 = CARTESIAN_POINT ( 'NONE',  ( 100.0000000000000000, 50.00000000000000000, 98.00000000000000000 ) ) ;
#1842 = CARTESIAN_POINT ( 'NONE',  ( 1.000000000000000000, 50.00000000000000000, 98.00000000000000000 ) ) ;
#1843 = FACE_OUTER_BOUND ( 'NONE', #2080, .T. ) ;
#1844 = AXIS2_PLACEMENT_3D ( 'NONE', #4397, #972, #7156 ) ;
#1845 = CARTESIAN_POINT ( 'NONE',  ( 2.000000000000000000, 100.0000000000000000, 2.000000000000000000 ) ) ;
#1846 = VECTOR ( 'NONE', #4295, 1000.000000000000000 ) ;
#1847 = ORIENTED_EDGE ( 'NONE', *, *, #1234, .T. ) ;
#1848 = PLANE ( 'NONE',  #652 ) ;
#1849 = AXIS2_PLACEMENT_3D ( 'NONE', #5388, #3794, #3122 ) ;
#1850 = ORIENTED_EDGE ( 'NONE', *, *, #110, .F. ) ;
#1851 = LINE ( 'NONE', #5198, #4312 ) ;
#1852 = ORIENTED_EDGE ( 'NONE', *, *, #5368, .T. ) ;
#1853 = DIRECTION ( 'NONE',  ( 0.000000000000000000, 1.000000000000000000, 0.000000000000000000 ) ) ;
#1854 = FACE_OUTER_BOUND ( 'NONE', #4628, .T. ) ;
#1855 = CARTESIAN_POINT ( 'NONE',  ( 90.00000000000000000, 50.00000000000000000, 20.00000000000000000 ) ) ;
#1856 = EDGE_LOOP ( 'NONE', ( #1658, #3258, #4048, #5027 ) ) ;
#1857 = PLANE ( 'NONE',  #1352 ) ;
#1858 = ORIENTED_EDGE ( 'NONE', *, *, #4924, .T. ) ;
#1859 = VECTOR ( 'NONE', #1393, 1000.000000000000000 ) ;
#1860 = ORIENTED_EDGE ( 'NONE', *, *, #5460, .T. ) ;
#1861 = DIRECTION ( 'NONE',  ( 0.000000000000000000, 0.000000000000000000, 1.000000000000000000 ) ) ;
#1862 = DIRECTION ( 'NONE',  ( 0.000000000000000000, 0.000000000000000000, -1.000000000000000000 ) ) ;
#1863 = DIRECTION ( 'NONE',  ( 0.000000000000000000, 1.000000000000000000, 0.000000000000000000 ) ) ;
#1864 = VECTOR ( 'NONE', #6159, 1000.000000000000000 ) ;
#1865 = ORIENTED_EDGE ( 'NONE', *, *, #2096, .F. ) ;
#1866 = EDGE_CURVE ( 'NONE', #5935, #4000, #4254, .T. ) ;
#1867 = ORIENTED_EDGE ( 'NONE', *, *, #7108, .T. ) ;
#1868 = AXIS2_PLACEMENT_3D ( 'NONE', #4685, #3608, #1296 ) ;
#1869 = LINE ( 'NONE', #5986, #1086 ) ;
#1870 = DIRECTION ( 'NONE',  ( -1.000000000000000000, 0.000000000000000000, 0.000000000000000000 ) ) ;
#1871 = CARTESIAN_POINT ( 'NONE',  ( 10.00000000000000000, 87.50000000000000000, 19.00000000000000000 ) ) ;
#1872 = DIRECTION ( 'NONE',  ( 1.000000000000000000, 0.000000000000000000, -0.000000000000000000 ) ) ;
#1873 = ORIENTED_EDGE ( 'NONE', *, *, #5367, .F. ) ;
#1874 = EDGE_CURVE ( 'NONE', #3301, #4646, #1304, .T. ) ;
#1875 = ADVANCED_FACE ( 'NONE', ( #1269 ), #6520, .T. ) ;
#1876 = EDGE_CURVE ( 'NONE', #6966, #4578, #4771, .T. ) ;
#1877 = ORIENTED_EDGE ( 'NONE', *, *, #7098, .T. ) ;
#1878 = FACE_OUTER_BOUND ( 'NONE', #3665, .T. ) ;
#1879 = DIRECTION ( 'NONE',  ( -1.000000000000000000, -0.000000000000000000, 0.000000000000000000 ) ) ;
#1880 = CARTESIAN_POINT ( 'NONE',  ( 93.00000000000000000, 7.000000000000000000, 78.00000000000000000 ) ) ;
#1881 = DIRECTION ( 'NONE',  ( 1.000000000000000000, 0.000000000000000000, -0.000000000000000000 ) ) ;
#1882 = VERTEX_POINT ( 'NONE', #2466 ) ;
#1883 = CARTESIAN_POINT ( 'NONE',  ( 95.00000000000000000, 50.00000000000000000, 61.00000000000000000 ) ) ;
#1884 = EDGE_CURVE ( 'NONE', #4579, #781, #2538, .T. ) ;
#1885 = EDGE_CURVE ( 'NONE', #6791, #2255, #1343, .T. ) ;
#1886 = VECTOR ( 'NONE', #6506, 1000.000000000000000 ) ;
#1887 = UNCERTAINTY_MEASURE_WITH_UNIT (LENGTH_MEASURE( 1.000000000000000082E-05 ), #832, 'distance_accuracy_value', 'NONE');
#1888 = ORIENTED_EDGE ( 'NONE', *, *, #1785, .T. ) ;
#1889 = DIRECTION ( 'NONE',  ( -0.000000000000000000, 1.000000000000000000, 0.000000000000000000 ) ) ;
#1890 = ORIENTED_EDGE ( 'NONE', *, *, #1151, .F. ) ;
#1891 = LINE ( 'NONE', #1043, #2693 ) ;
#1892 = LINE ( 'NONE', #1358, #2236 ) ;
#1893 = DIRECTION ( 'NONE',  ( -0.000000000000000000, 1.000000000000000000, 0.000000000000000000 ) ) ;
#1894 = VERTEX_POINT ( 'NONE', #3544 ) ;
#1895 = CARTESIAN_POINT ( 'NONE',  ( 50.00000000000000000, 1.000000000000000000, 98.00000000000000000 ) ) ;
#1896 = ORIENTED_EDGE ( 'NONE', *, *, #917, .T. ) ;
#1897 = EDGE_LOOP ( 'NONE', ( #482, #2168, #4601, #2676 ) ) ;
#1898 = CARTESIAN_POINT ( 'NONE',  ( 15.00000000000000000, 90.00000000000000000, 20.00000000000000000 ) ) ;
#1899 = CARTESIAN_POINT ( 'NONE',  ( 98.00000000000000000, 100.0000000000000000, 2.000000000000000000 ) ) ;
#1900 = LINE ( 'NONE', #255, #3113 ) ;
#1901 = ORIENTED_EDGE ( 'NONE', *, *, #4334, .F. ) ;
#1902 = VERTEX_POINT ( 'NONE', #3618 ) ;
#1903 = CARTESIAN_POINT ( 'NONE',  ( 50.00000000000000000, 95.00000000000000000, 37.00000000000000000 ) ) ;
#1904 = LINE ( 'NONE', #3616, #6142 ) ;
#1905 = CARTESIAN_POINT ( 'NONE',  ( 5.000000000000004441, 6.999999999999999112, 78.00000000000000000 ) ) ;
#1906 = DIRECTION ( 'NONE',  ( -1.000000000000000000, -0.000000000000000000, 0.000000000000000000 ) ) ;
#1907 = VECTOR ( 'NONE', #5078, 1000.000000000000000 ) ;
#1908 = ORIENTED_EDGE ( 'NONE', *, *, #6317, .T. ) ;
#1909 = FACE_OUTER_BOUND ( 'NONE', #1500, .T. ) ;
#1910 = FACE_OUTER_BOUND ( 'NONE', #6284, .T. ) ;
#1911 = CARTESIAN_POINT ( 'NONE',  ( 87.50000000000000000, 10.00000000000000000, 2.000000000000000000 ) ) ;
#1912 = EDGE_CURVE ( 'NONE', #1068, #4876, #788, .T. ) ;
#1913 = EDGE_CURVE ( 'NONE', #999, #5898, #5952, .T. ) ;
#1914 = CARTESIAN_POINT ( 'NONE',  ( 93.00000000000000000, 4.500000000000000000, 93.00000000000000000 ) ) ;
#1915 = VERTEX_POINT ( 'NONE', #228 ) ;
#1916 = VECTOR ( 'NONE', #5914, 1000.000000000000000 ) ;
#1917 = CARTESIAN_POINT ( 'NONE',  ( 100.0000000000000000, 100.0000000000000000, 2.000000000000000000 ) ) ;
#1918 = ORIENTED_EDGE ( 'NONE', *, *, #4655, .T. ) ;
#1919 = DIRECTION ( 'NONE',  ( 0.000000000000000000, -1.000000000000000000, 0.000000000000000000 ) ) ;
#1920 = ORIENTED_EDGE ( 'NONE', *, *, #1964, .F. ) ;
#1921 = ADVANCED_FACE ( 'NONE', ( #713 ), #4214, .F. ) ;
#1922 = EDGE_CURVE ( 'NONE', #4302, #1525, #823, .T. ) ;
#1924 = EDGE_CURVE ( 'NONE', #5055, #6629, #5359, .T. ) ;
#1923 = CARTESIAN_POINT ( 'NONE',  ( 93.00000000000000000, 7.000000000000000000, 60.00000000000000000 ) ) ;
#1925 = LINE ( 'NONE', #138, #4852 ) ;
#1926 = PLANE ( 'NONE',  #6111 ) ;
#1927 = VECTOR ( 'NONE', #2421, 1000.000000000000000 ) ;
#1928 = ORIENTED_EDGE ( 'NONE', *, *, #4292, .T. ) ;
#1929 = DIRECTION ( 'NONE',  ( 0.000000000000000000, 0.000000000000000000, 1.000000000000000000 ) ) ;
#1930 = ORIENTED_EDGE ( 'NONE', *, *, #4966, .T. ) ;
#1931 = ORIENTED_EDGE ( 'NONE', *, *, #3273, .F. ) ;
#1932 = LINE ( 'NONE', #5247, #5193 ) ;
#1933 = CARTESIAN_POINT ( 'NONE',  ( 100.0000000000000000, 0.000000000000000000, 0.000000000000000000 ) ) ;
#1934 = DIRECTION ( 'NONE',  ( 1.000000000000000000, 0.000000000000000000, 0.000000000000000000 ) ) ;
#1935 = AXIS2_PLACEMENT_3D ( 'NONE', #871, #3703, #2548 ) ;
#1936 = EDGE_LOOP ( 'NONE', ( #5627, #1282, #6691, #3861 ) ) ;
#1937 = ORIENTED_EDGE ( 'NONE', *, *, #2241, .F. ) ;
#1938 = ORIENTED_EDGE ( 'NONE', *, *, #61, .T. ) ;
#1939 = VECTOR ( 'NONE', #6980, 1000.000000000000000 ) ;
#1940 = DIRECTION ( 'NONE',  ( -1.000000000000000000, 0.000000000000000000, 0.000000000000000000 ) ) ;
#1941 = LINE ( 'NONE', #4662, #4844 ) ;
#1942 = LINE ( 'NONE', #1905, #563 ) ;
#1943 = CARTESIAN_POINT ( 'NONE',  ( 1.000000000000000000, 0.000000000000000000, 2.000000000000000000 ) ) ;
#1944 = PLANE ( 'NONE',  #4534 ) ;
#1945 = CARTESIAN_POINT ( 'NONE',  ( 5.000000000000004441, 93.00000000000000000, 20.00000000000000000 ) ) ;
#1946 = CARTESIAN_POINT ( 'NONE',  ( 95.50000000000000000, 1.999999999999999556, 98.00000000000000000 ) ) ;
#1947 = LINE ( 'NONE', #3587, #294 ) ;
#1948 = AXIS2_PLACEMENT_3D ( 'NONE', #2203, #6822, #1161 ) ;
#1949 = EDGE_LOOP ( 'NONE', ( #3251, #5245, #3539, #7311 ) ) ;
#1950 = CARTESIAN_POINT ( 'NONE',  ( 0.000000000000000000, 0.000000000000000000, 0.000000000000000000 ) ) ;
#1951 = PRODUCT_RELATED_PRODUCT_CATEGORY ( 'detail', '', ( #2614 ) ) ;
#1952 = ADVANCED_FACE ( 'NONE', ( #7082 ), #2575, .T. ) ;
#1953 = ORIENTED_EDGE ( 'NONE', *, *, #1786, .T. ) ;
#1954 = VECTOR ( 'NONE', #3444, 1000.000000000000000 ) ;
#1955 = FACE_OUTER_BOUND ( 'NONE', #3179, .T. ) ;
#1956 = VECTOR ( 'NONE', #1174, 1000.000000000000000 ) ;
#1957 = VECTOR ( 'NONE', #5589, 1000.000000000000000 ) ;
#1958 = VERTEX_POINT ( 'NONE', #3726 ) ;
#1959 = CARTESIAN_POINT ( 'NONE',  ( 50.00000000000000000, 90.00000000000000000, 80.00000000000000000 ) ) ;
#1960 = DIRECTION ( 'NONE',  ( 0.000000000000000000, -1.000000000000000000, 0.000000000000000000 ) ) ;
#1961 = ORIENTED_EDGE ( 'NONE', *, *, #5493, .T. ) ;
#1962 = CARTESIAN_POINT ( 'NONE',  ( 84.99999999999998579, 84.99999999999998579, 20.00000000000000000 ) ) ;
#1963 = VECTOR ( 'NONE', #1181, 1000.000000000000000 ) ;
#1964 = EDGE_CURVE ( 'NONE', #914, #3046, #4994, .T. ) ;
#1965 = EDGE_CURVE ( 'NONE', #2423, #6275, #1569, .T. ) ;
#1966 = EDGE_CURVE ( 'NONE', #4876, #2483, #6066, .T. ) ;
#1967 = ORIENTED_EDGE ( 'NONE', *, *, #3602, .F. ) ;
#1968 = DIRECTION ( 'NONE',  ( 1.000000000000000000, 0.000000000000000000, 0.000000000000000000 ) ) ;
#1969 = EDGE_LOOP ( 'NONE', ( #6060, #6487, #7236, #876 ) ) ;
#1970 = ORIENTED_EDGE ( 'NONE', *, *, #5152, .T. ) ;
#1971 = LINE ( 'NONE', #5385, #1148 ) ;
#1972 = DIRECTION ( 'NONE',  ( 1.000000000000000000, 0.000000000000000000, 0.000000000000000000 ) ) ;
#1973 = LINE ( 'NONE', #5350, #1927 ) ;
#1974 = EDGE_LOOP ( 'NONE', ( #63, #7211, #2351, #7361 ) ) ;
#1975 = ORIENTED_EDGE ( 'NONE', *, *, #2429, .F. ) ;
#1976 = ORIENTED_EDGE ( 'NONE', *, *, #1647, .T. ) ;
#1977 = DIRECTION ( 'NONE',  ( 0.000000000000000000, 0.000000000000000000, -1.000000000000000000 ) ) ;
#1978 = CLOSED_SHELL ( 'NONE', ( #1361, #4243, #786, #5862, #5650, #1498, #5728, #5998, #6417, #866, #7294, #5294, #4424, #694, #6558, #2316, #1328, #4775, #5332, #2656, #4143, #4737, #4965, #5419, #1921, #6381, #2053, #4699, #6753, #1281 ) ) ;
#1979 = FACE_OUTER_BOUND ( 'NONE', #5757, .T. ) ;
#1980 = DIRECTION ( 'NONE',  ( 0.000000000000000000, 0.000000000000000000, -1.000000000000000000 ) ) ;
#1981 = DIRECTION ( 'NONE',  ( -1.000000000000000000, -0.000000000000000000, 0.000000000000000000 ) ) ;
#1982 = VECTOR ( 'NONE', #3086, 1000.000000000000000 ) ;
#1983 = LINE ( 'NONE', #4255, #4290 ) ;
#1984 = CARTESIAN_POINT ( 'NONE',  ( 98.00000000000000000, 95.50000000000000000, 2.000000000000000000 ) ) ;
#1985 = LINE ( 'NONE', #1383, #5543 ) ;
#1986 = CARTESIAN_POINT ( 'NONE',  ( 1.000000000000000000, 0.000000000000000000, 2.000000000000000000 ) ) ;
#1987 = VECTOR ( 'NONE', #1088, 1000.000000000000000 ) ;
#1988 = VERTEX_POINT ( 'NONE', #6708 ) ;
#1989 = ORIENTED_EDGE ( 'NONE', *, *, #1538, .T. ) ;
#1990 = CARTESIAN_POINT ( 'NONE',  ( 84.99999999999998579, 15.00000000000000178, 78.00000000000000000 ) ) ;
#1991 = EDGE_LOOP ( 'NONE', ( #1374, #1300, #6913, #7054 ) ) ;
#1992 = CARTESIAN_POINT ( 'NONE',  ( 50.00000000000000000, 84.99999999999998579, 61.00000000000000000 ) ) ;
#1993 = CARTESIAN_POINT ( 'NONE',  ( 95.00000000000000000, 50.00000000000000000, 61.00000000000000000 ) ) ;
#1994 = AXIS2_PLACEMENT_3D ( 'NONE', #2788, #3306, #5495 ) ;
#1995 = LINE ( 'NONE', #1398, #2432 ) ;
#1996 = EDGE_LOOP ( 'NONE', ( #587, #1967, #2386, #1669 ) ) ;
#1997 = CARTESIAN_POINT ( 'NONE',  ( 6.999999999999999112, 95.00000000000000000, 37.00000000000000000 ) ) ;
#1998 = ORIENTED_EDGE ( 'NONE', *, *, #4233, .F. ) ;
#1999 = ORIENTED_EDGE ( 'NONE', *, *, #7327, .F. ) ;
#2000 = VECTOR ( 'NONE', #3316, 1000.000000000000000 ) ;
#2001 = CARTESIAN_POINT ( 'NONE',  ( 15.00000000000000000, 15.00000000000000000, 37.00000000000000000 ) ) ;
#2002 = DIRECTION ( 'NONE',  ( 0.000000000000000000, 0.000000000000000000, -1.000000000000000000 ) ) ;
#2003 = EDGE_CURVE ( 'NONE', #2147, #1295, #7188, .T. ) ;
#2004 = ADVANCED_FACE ( 'NONE', ( #4920 ), #7226, .F. ) ;
#2005 = LINE ( 'NONE', #1443, #5483 ) ;
#2006 = DIRECTION ( 'NONE',  ( 0.000000000000000000, 0.000000000000000000, 1.000000000000000000 ) ) ;
#2007 = ORIENTED_EDGE ( 'NONE', *, *, #3645, .T. ) ;
#2008 = EDGE_LOOP ( 'NONE', ( #4667, #1137, #6248, #1989 ) ) ;
#2009 = EDGE_LOOP ( 'NONE', ( #2921, #5000, #5929, #6285 ) ) ;
#2010 = FACE_OUTER_BOUND ( 'NONE', #3928, .T. ) ;
#2011 = CARTESIAN_POINT ( 'NONE',  ( 100.0000000000000000, 100.0000000000000000, 98.00000000000000000 ) ) ;
#2012 = DIRECTION ( 'NONE',  ( 0.000000000000000000, 0.000000000000000000, 1.000000000000000000 ) ) ;
#2013 = EDGE_CURVE ( 'NONE', #7137, #27, #5508, .T. ) ;
#2014 = ADVANCED_FACE ( 'NONE', ( #3766 ), #487, .T. ) ;
#2015 = LINE ( 'NONE', #6367, #4403 ) ;
#2016 = EDGE_CURVE ( 'NONE', #1588, #6829, #4884, .T. ) ;
#2017 = LINE ( 'NONE', #4291, #3810 ) ;
#2018 = CARTESIAN_POINT ( 'NONE',  ( 90.00000000000000000, 50.00000000000000000, 37.00000000000000000 ) ) ;
#2019 = LINE ( 'NONE', #3174, #4481 ) ;
#2020 = CARTESIAN_POINT ( 'NONE',  ( 95.00000000000000000, 93.00000000000000000, 61.00000000000000000 ) ) ;
#2021 = ORIENTED_EDGE ( 'NONE', *, *, #1057, .F. ) ;
#2022 = DIRECTION ( 'NONE',  ( 0.000000000000000000, 0.000000000000000000, 1.000000000000000000 ) ) ;
#2023 = AXIS2_PLACEMENT_3D ( 'NONE', #4627, #5220, #4104 ) ;
#2024 = VERTEX_POINT ( 'NONE', #933 ) ;
#2025 = DIRECTION ( 'NONE',  ( -0.000000000000000000, 1.000000000000000000, 0.000000000000000000 ) ) ;
#2026 = CARTESIAN_POINT ( 'NONE',  ( 93.00000000000000000, 1.999999999999999556, 2.000000000000000000 ) ) ;
#2027 = VECTOR ( 'NONE', #2251, 1000.000000000000000 ) ;
#2028 = ORIENTED_EDGE ( 'NONE', *, *, #3872, .F. ) ;
#2029 = FACE_OUTER_BOUND ( 'NONE', #6626, .T. ) ;
#2030 = LINE ( 'NONE', #394, #1479 ) ;
#2031 = VECTOR ( 'NONE', #6560, 1000.000000000000000 ) ;
#2032 = EDGE_LOOP ( 'NONE', ( #1250, #6809, #2488, #5976 ) ) ;
#2033 = DIRECTION ( 'NONE',  ( 0.000000000000000000, -1.000000000000000000, 0.000000000000000000 ) ) ;
#2034 = VERTEX_POINT ( 'NONE', #3280 ) ;
#2035 = AXIS2_PLACEMENT_3D ( 'NONE', #1185, #3457, #2869 ) ;
#2036 = FACE_OUTER_BOUND ( 'NONE', #3474, .T. ) ;
#2037 = EDGE_LOOP ( 'NONE', ( #6211, #4140, #50, #704 ) ) ;
#2038 = DIRECTION ( 'NONE',  ( -1.000000000000000000, -0.000000000000000000, 0.000000000000000000 ) ) ;
#2039 = LINE ( 'NONE', #5534, #852 ) ;
#2040 = DIRECTION ( 'NONE',  ( 0.000000000000000000, 0.000000000000000000, 1.000000000000000000 ) ) ;
#2041 = ORIENTED_EDGE ( 'NONE', *, *, #6007, .F. ) ;
#2042 = ORIENTED_EDGE ( 'NONE', *, *, #5640, .T. ) ;
#2043 = EDGE_CURVE ( 'NONE', #4750, #691, #2050, .T. ) ;
#2044 = EDGE_CURVE ( 'NONE', #5840, #549, #2087, .T. ) ;
#2045 = VERTEX_POINT ( 'NONE', #3170 ) ;
#2046 = ORIENTED_EDGE ( 'NONE', *, *, #5139, .T. ) ;
#2047 = DIRECTION ( 'NONE',  ( 0.000000000000000000, 0.000000000000000000, -1.000000000000000000 ) ) ;
#2048 = DIRECTION ( 'NONE',  ( -1.000000000000000000, 0.000000000000000000, 0.000000000000000000 ) ) ;
#2049 = DIRECTION ( 'NONE',  ( 0.000000000000000000, 0.000000000000000000, -1.000000000000000000 ) ) ;
#2050 = LINE ( 'NONE', #7262, #955 ) ;
#2051 = VECTOR ( 'NONE', #7323, 1000.000000000000000 ) ;
#2052 = EDGE_CURVE ( 'NONE', #2590, #7351, #2124, .T. ) ;
#2053 = ADVANCED_FACE ( 'NONE', ( #4360 ), #3242, .F. ) ;
#2054 = EDGE_CURVE ( 'NONE', #2922, #4990, #4433, .T. ) ;
#2055 = PLANE ( 'NONE',  #7071 ) ;
#2056 = DIRECTION ( 'NONE',  ( 0.000000000000000000, 0.000000000000000000, -1.000000000000000000 ) ) ;
#2057 = PLANE ( 'NONE',  #7178 ) ;
#2058 = LINE ( 'NONE', #5957, #4600 ) ;
#2059 = CARTESIAN_POINT ( 'NONE',  ( 15.00000000000000000, 50.00000000000000000, 80.00000000000000000 ) ) ;
#2060 = ORIENTED_EDGE ( 'NONE', *, *, #323, .F. ) ;
#2061 = DIRECTION ( 'NONE',  ( -1.000000000000000000, -0.000000000000000000, 0.000000000000000000 ) ) ;
#2062 = ORIENTED_EDGE ( 'NONE', *, *, #952, .T. ) ;
#2063 = FACE_OUTER_BOUND ( 'NONE', #6547, .T. ) ;
#2064 = LINE ( 'NONE', #3778, #984 ) ;
#2065 = VECTOR ( 'NONE', #3320, 1000.000000000000000 ) ;
#2066 = LINE ( 'NONE', #3296, #7088 ) ;
#2067 = LINE ( 'NONE', #1101, #7084 ) ;
#2068 = FACE_OUTER_BOUND ( 'NONE', #3453, .T. ) ;
#2069 = ORIENTED_EDGE ( 'NONE', *, *, #280, .T. ) ;
#2070 = LINE ( 'NONE', #2670, #1122 ) ;
#2071 = AXIS2_PLACEMENT_3D ( 'NONE', #2631, #949, #915 ) ;
#2072 = VERTEX_POINT ( 'NONE', #6633 ) ;
#2073 = DIRECTION ( 'NONE',  ( -0.000000000000000000, 1.000000000000000000, 0.000000000000000000 ) ) ;
#2074 = VERTEX_POINT ( 'NONE', #3876 ) ;
#2075 = PLANE ( 'NONE',  #1166 ) ;
#2076 = AXIS2_PLACEMENT_3D ( 'NONE', #1049, #3802, #2729 ) ;
#2077 = ORGANIZATION ( 'UNSPECIFIED', 'UNSPECIFIED', '' ) ;
#2078 = LINE ( 'NONE', #958, #971 ) ;
#2079 = PLANE ( 'NONE',  #3865 ) ;
#2080 = EDGE_LOOP ( 'NONE', ( #3522, #5697, #4030, #3423 ) ) ;
#2081 = ORIENTED_EDGE ( 'NONE', *, *, #153, .T. ) ;
#2082 = ORIENTED_EDGE ( 'NONE', *, *, #6751, .F. ) ;
#2083 = ORIENTED_EDGE ( 'NONE', *, *, #4827, .T. ) ;
#2084 = LINE ( 'NONE', #1601, #2396 ) ;
#2085 = CARTESIAN_POINT ( 'NONE',  ( 90.00000000000000000, 15.00000000000000000, 78.00000000000000000 ) ) ;
#2086 = CARTESIAN_POINT ( 'NONE',  ( 90.00000000000000000, 90.00000000000000000, 36.00000000000000000 ) ) ;
#2087 = LINE ( 'NONE', #451, #6537 ) ;
#2088 = EDGE_CURVE ( 'NONE', #798, #7368, #1530, .T. ) ;
#2089 = DIRECTION ( 'NONE',  ( 0.000000000000000000, 0.000000000000000000, 1.000000000000000000 ) ) ;
#2090 = CARTESIAN_POINT ( 'NONE',  ( 7.000000000000006217, 1.999999999999999556, 7.000000000000000000 ) ) ;
#2091 = VECTOR ( 'NONE', #1679, 1000.000000000000000 ) ;
#2092 = DIRECTION ( 'NONE',  ( -0.000000000000000000, 1.000000000000000000, 0.000000000000000000 ) ) ;
#2093 = DIRECTION ( 'NONE',  ( 0.000000000000000000, 0.000000000000000000, 1.000000000000000000 ) ) ;
#2094 = DIRECTION ( 'NONE',  ( 0.000000000000000000, 0.000000000000000000, 1.000000000000000000 ) ) ;
#2095 = EDGE_CURVE ( 'NONE', #224, #5216, #6591, .T. ) ;
#2096 = EDGE_CURVE ( 'NONE', #2776, #4877, #2764, .T. ) ;
#2097 = EDGE_CURVE ( 'NONE', #1363, #4988, #5990, .T. ) ;
#2098 = ORIENTED_EDGE ( 'NONE', *, *, #4232, .F. ) ;
#2099 = AXIS2_PLACEMENT_3D ( 'NONE', #5837, #742, #3015 ) ;
#2100 = VERTEX_POINT ( 'NONE', #4061 ) ;
#2101 = CARTESIAN_POINT ( 'NONE',  ( 15.00000000000000178, 10.00000000000000000, 60.00000000000000000 ) ) ;
#2102 = DIRECTION ( 'NONE',  ( 1.000000000000000000, 0.000000000000000000, -0.000000000000000000 ) ) ;
#2103 = CARTESIAN_POINT ( 'NONE',  ( 98.00000000000000000, 1.999999999999999556, 2.000000000000000000 ) ) ;
#2104 = AXIS2_PLACEMENT_3D ( 'NONE', #4138, #1303, #3995 ) ;
#2105 = FACE_BOUND ( 'NONE', #5678, .T. ) ;
#2106 = CARTESIAN_POINT ( 'NONE',  ( 12.50000000000000000, 87.50000000000000000, 2.000000000000000000 ) ) ;
#2107 = EDGE_CURVE ( 'NONE', #207, #495, #1722, .T. ) ;
#2108 = ADVANCED_FACE ( 'NONE', ( #5763 ), #3393, .F. ) ;
#2109 = ORIENTED_EDGE ( 'NONE', *, *, #5230, .T. ) ;
#2110 = LINE ( 'NONE', #3785, #4804 ) ;
#2111 = ORIENTED_EDGE ( 'NONE', *, *, #2317, .T. ) ;
#2112 = DIRECTION ( 'NONE',  ( -0.000000000000000000, 1.000000000000000000, 0.000000000000000000 ) ) ;
#2113 = ORIENTED_EDGE ( 'NONE', *, *, #2240, .F. ) ;
#2114 = CARTESIAN_POINT ( 'NONE',  ( 87.50000000000000000, 15.00000000000000178, 2.000000000000000000 ) ) ;
#2115 = CARTESIAN_POINT ( 'NONE',  ( 6.999999999999999112, 7.000000000000006217, 7.000000000000000000 ) ) ;
#2116 = DIRECTION ( 'NONE',  ( 0.000000000000000000, -1.000000000000000000, 0.000000000000000000 ) ) ;
#2117 = ORIENTED_EDGE ( 'NONE', *, *, #604, .F. ) ;
#2118 = VECTOR ( 'NONE', #3227, 1000.000000000000000 ) ;
#2119 = ORIENTED_EDGE ( 'NONE', *, *, #3188, .F. ) ;
#2120 = ORIENTED_EDGE ( 'NONE', *, *, #3428, .T. ) ;
#2121 = CARTESIAN_POINT ( 'NONE',  ( 7.000000000000006217, 93.00000000000000000, 2.000000000000000000 ) ) ;
#2122 = FACE_BOUND ( 'NONE', #1840, .T. ) ;
#2123 = DIRECTION ( 'NONE',  ( -1.000000000000000000, -0.000000000000000000, 0.000000000000000000 ) ) ;
#2124 = LINE ( 'NONE', #7154, #5710 ) ;
#2125 = DIRECTION ( 'NONE',  ( 0.000000000000000000, 0.000000000000000000, 1.000000000000000000 ) ) ;
#2126 = DIRECTION ( 'NONE',  ( -0.000000000000000000, 0.000000000000000000, -1.000000000000000000 ) ) ;
#2127 = CARTESIAN_POINT ( 'NONE',  ( 50.00000000000000000, 5.000000000000004441, 61.00000000000000000 ) ) ;
#2128 = CARTESIAN_POINT ( 'NONE',  ( 98.00000000000000000, 0.000000000000000000, 2.000000000000000000 ) ) ;
#2129 = CARTESIAN_POINT ( 'NONE',  ( 50.00000000000000000, 99.00000000000000000, 98.00000000000000000 ) ) ;
#2130 = VERTEX_POINT ( 'NONE', #5726 ) ;
#2131 = VERTEX_POINT ( 'NONE', #40 ) ;
#2132 = CARTESIAN_POINT ( 'NONE',  ( 50.00000000000000000, 0.000000000000000000, 0.000000000000000000 ) ) ;
#2133 = EDGE_CURVE ( 'NONE', #2423, #5666, #1761, .T. ) ;
#2134 = CARTESIAN_POINT ( 'NONE',  ( 15.00000000000000178, 90.00000000000000000, 77.00000000000000000 ) ) ;
#2135 = EDGE_CURVE ( 'NONE', #6339, #6738, #3991, .T. ) ;
#2136 = LINE ( 'NONE', #6723, #6131 ) ;
#2137 = PLANE ( 'NONE',  #3408 ) ;
#2138 = DIRECTION ( 'NONE',  ( 0.000000000000000000, 0.000000000000000000, 1.000000000000000000 ) ) ;
#2139 = CARTESIAN_POINT ( 'NONE',  ( 10.00000000000000000, 10.00000000000000000, 80.00000000000000000 ) ) ;
#2140 = ORIENTED_EDGE ( 'NONE', *, *, #7191, .T. ) ;
#2141 = CARTESIAN_POINT ( 'NONE',  ( 93.00000000000000000, 5.000000000000000000, 19.00000000000000000 ) ) ;
#2142 = ORIENTED_EDGE ( 'NONE', *, *, #1645, .F. ) ;
#2143 = EDGE_CURVE ( 'NONE', #207, #2908, #2948, .T. ) ;
#2144 = CARTESIAN_POINT ( 'NONE',  ( 93.00000000000000000, 95.00000000000000000, 77.00000000000000000 ) ) ;
#2145 = ADVANCED_FACE ( 'NONE', ( #5620 ), #2198, .T. ) ;
#2146 = ADVANCED_FACE ( 'NONE', ( #4028 ), #76, .T. ) ;
#2147 = VERTEX_POINT ( 'NONE', #564 ) ;
#2148 = VECTOR ( 'NONE', #4731, 1000.000000000000000 ) ;
#2149 = PLANE ( 'NONE',  #5439 ) ;
#2150 = LINE ( 'NONE', #2565, #1208 ) ;
#2151 = CARTESIAN_POINT ( 'NONE',  ( 93.00000000000000000, 4.500000000000000000, 98.00000000000000000 ) ) ;
#2152 = VECTOR ( 'NONE', #1376, 1000.000000000000000 ) ;
#2153 = EDGE_LOOP ( 'NONE', ( #879, #3387, #3556, #2166 ) ) ;
#2154 = VERTEX_POINT ( 'NONE', #5657 ) ;
#2155 = ORIENTED_EDGE ( 'NONE', *, *, #3831, .F. ) ;
#2156 = CARTESIAN_POINT ( 'NONE',  ( 50.00000000000000000, 93.00000000000000000, 93.00000000000000000 ) ) ;
#2157 = CARTESIAN_POINT ( 'NONE',  ( 7.000000000000006217, 6.999999999999999112, 93.00000000000000000 ) ) ;
#2158 = DIRECTION ( 'NONE',  ( 0.000000000000000000, 0.000000000000000000, -1.000000000000000000 ) ) ;
#2159 = CARTESIAN_POINT ( 'NONE',  ( 87.50000000000000000, 84.99999999999998579, 36.00000000000000000 ) ) ;
#2160 = VECTOR ( 'NONE', #6092, 1000.000000000000000 ) ;
#2161 = LINE ( 'NONE', #3284, #5289 ) ;
#2162 = LINE ( 'NONE', #1532, #2629 ) ;
#2163 = CARTESIAN_POINT ( 'NONE',  ( 93.00000000000000000, 95.00000000000000000, 78.00000000000000000 ) ) ;
#2164 = DIRECTION ( 'NONE',  ( -0.000000000000000000, 1.000000000000000000, 0.000000000000000000 ) ) ;
#2165 = PLANE ( 'NONE',  #1482 ) ;
#2166 = ORIENTED_EDGE ( 'NONE', *, *, #2794, .F. ) ;
#2167 = AXIS2_PLACEMENT_3D ( 'NONE', #511, #6808, #4418 ) ;
#2168 = ORIENTED_EDGE ( 'NONE', *, *, #6700, .F. ) ;
#2169 = LINE ( 'NONE', #389, #1215 ) ;
#2170 = LINE ( 'NONE', #7274, #5497 ) ;
#2171 = CARTESIAN_POINT ( 'NONE',  ( 93.00000000000000000, 50.00000000000000000, 93.00000000000000000 ) ) ;
#2172 = CARTESIAN_POINT ( 'NONE',  ( 15.00000000000000000, 15.00000000000000000, 61.00000000000000000 ) ) ;
#2173 = VECTOR ( 'NONE', #162, 1000.000000000000000 ) ;
#2174 = FACE_BOUND ( 'NONE', #1897, .T. ) ;
#2175 = DIRECTION ( 'NONE',  ( -0.000000000000000000, 1.000000000000000000, 0.000000000000000000 ) ) ;
#2176 = ORIENTED_EDGE ( 'NONE', *, *, #5598, .T. ) ;
#2177 = PLANE ( 'NONE',  #4689 ) ;
#2178 = ADVANCED_FACE ( 'NONE', ( #3914 ), #1120, .F. ) ;
#2179 = EDGE_CURVE ( 'NONE', #474, #1237, #1189, .T. ) ;
#2180 = ORIENTED_EDGE ( 'NONE', *, *, #7138, .T. ) ;
#2181 = DIRECTION ( 'NONE',  ( 1.000000000000000000, 0.000000000000000000, -0.000000000000000000 ) ) ;
#2182 = EDGE_LOOP ( 'NONE', ( #4763, #319, #583, #5088 ) ) ;
#2183 = DIRECTION ( 'NONE',  ( 1.000000000000000000, 0.000000000000000000, -0.000000000000000000 ) ) ;
#2184 = PLANE ( 'NONE',  #3121 ) ;
#2185 = CARTESIAN_POINT ( 'NONE',  ( 50.00000000000000000, 10.00000000000000178, 63.00000000000000000 ) ) ;
#2186 = ADVANCED_FACE ( 'NONE', ( #3427 ), #2803, .T. ) ;
#2187 = ADVANCED_FACE ( 'NONE', ( #2350 ), #5695, .T. ) ;
#2188 = VECTOR ( 'NONE', #4125, 1000.000000000000000 ) ;
#2189 = EDGE_CURVE ( 'NONE', #2557, #6504, #598, .T. ) ;
#2190 = ORIENTED_EDGE ( 'NONE', *, *, #6886, .F. ) ;
#2191 = EDGE_LOOP ( 'NONE', ( #1890, #2894, #5172, #5324 ) ) ;
#2192 = ORIENTED_EDGE ( 'NONE', *, *, #1014, .T. ) ;
#2194 = LINE ( 'NONE', #2799, #1198 ) ;
#2193 = AXIS2_PLACEMENT_3D ( 'NONE', #1552, #1400, #1438 ) ;
#2195 = AXIS2_PLACEMENT_3D ( 'NONE', #5851, #1347, #756 ) ;
#2196 = LINE ( 'NONE', #5269, #7325 ) ;
#2197 = CARTESIAN_POINT ( 'NONE',  ( 95.50000000000000000, 1.999999999999999556, 2.000000000000000000 ) ) ;
#2198 = PLANE ( 'NONE',  #6434 ) ;
#2199 = ADVANCED_FACE ( 'NONE', ( #4507 ), #1642, .F. ) ;
#2200 = AXIS2_PLACEMENT_3D ( 'NONE', #5455, #4385, #4904 ) ;
#2201 = PLANE ( 'NONE',  #3619 ) ;
#2202 = DIRECTION ( 'NONE',  ( -1.000000000000000000, 0.000000000000000000, 0.000000000000000000 ) ) ;
#2203 = CARTESIAN_POINT ( 'NONE',  ( 2.000000000000001776, 1.000000000000000000, 2.000000000000000000 ) ) ;
#2204 = CARTESIAN_POINT ( 'NONE',  ( 15.00000000000000178, 12.50000000000000000, 36.00000000000000000 ) ) ;
#2205 = CARTESIAN_POINT ( 'NONE',  ( 1.999999999999999556, 7.000000000000006217, 93.00000000000000000 ) ) ;
#2206 = ORIENTED_EDGE ( 'NONE', *, *, #1636, .F. ) ;
#2207 = PERSON_AND_ORGANIZATION_ROLE ( 'classification_officer' ) ;
#2208 = AXIS2_PLACEMENT_3D ( 'NONE', #4319, #449, #2048 ) ;
#2209 = ORIENTED_EDGE ( 'NONE', *, *, #4697, .F. ) ;
#2210 = ORIENTED_EDGE ( 'NONE', *, *, #875, .F. ) ;
#2211 = DIRECTION ( 'NONE',  ( 0.000000000000000000, -1.000000000000000000, 0.000000000000000000 ) ) ;
#2212 = CARTESIAN_POINT ( 'NONE',  ( 15.00000000000000000, 90.00000000000000000, 61.00000000000000000 ) ) ;
#2213 = CARTESIAN_POINT ( 'NONE',  ( 95.00000000000000000, 93.00000000000000000, 36.00000000000000000 ) ) ;
#2214 = CARTESIAN_POINT ( 'NONE',  ( 4.500000000000000000, 6.999999999999999112, 2.000000000000000000 ) ) ;
#2215 = AXIS2_PLACEMENT_3D ( 'NONE', #4408, #3330, #2740 ) ;
#2216 = LINE ( 'NONE', #5635, #2798 ) ;
#2217 = EDGE_LOOP ( 'NONE', ( #5722, #3972, #168, #1822 ) ) ;
#2218 = CARTESIAN_POINT ( 'NONE',  ( 10.00000000000000000, 12.50000000000000000, 98.00000000000000000 ) ) ;
#2219 = ORIENTED_EDGE ( 'NONE', *, *, #3591, .F. ) ;
#2220 = VECTOR ( 'NONE', #383, 1000.000000000000000 ) ;
#2221 = LINE ( 'NONE', #5644, #3839 ) ;
#2222 = EDGE_LOOP ( 'NONE', ( #4557, #2525, #1638, #5604 ) ) ;
#2223 = CARTESIAN_POINT ( 'NONE',  ( 95.00000000000000000, 6.999999999999999112, 20.00000000000000000 ) ) ;
#2224 = CARTESIAN_POINT ( 'NONE',  ( 15.00000000000000178, 84.99999999999998579, 60.00000000000000000 ) ) ;
#2225 = CARTESIAN_POINT ( 'NONE',  ( 12.50000000000000000, 10.00000000000000000, 2.000000000000000000 ) ) ;
#2226 = ORIENTED_EDGE ( 'NONE', *, *, #2338, .T. ) ;
#2227 = ORIENTED_EDGE ( 'NONE', *, *, #2368, .F. ) ;
#2228 = ORIENTED_EDGE ( 'NONE', *, *, #6782, .F. ) ;
#2229 = DIRECTION ( 'NONE',  ( 0.000000000000000000, -1.000000000000000000, 0.000000000000000000 ) ) ;
#2230 = EDGE_CURVE ( 'NONE', #5740, #3739, #6177, .T. ) ;
#2231 = EDGE_CURVE ( 'NONE', #2154, #1536, #4545, .T. ) ;
#2232 = CARTESIAN_POINT ( 'NONE',  ( 95.50000000000000000, 50.00000000000000000, 2.000000000000000000 ) ) ;
#2233 = LINE ( 'NONE', #4395, #7119 ) ;
#2234 = DIRECTION ( 'NONE',  ( -1.000000000000000000, -0.000000000000000000, 0.000000000000000000 ) ) ;
#2235 = CLOSED_SHELL ( 'NONE', ( #1548, #6416, #2145, #4188, #3377, #6049 ) ) ;
#2236 = VECTOR ( 'NONE', #2408, 1000.000000000000000 ) ;
#2237 = ORIENTED_EDGE ( 'NONE', *, *, #2689, .T. ) ;
#2238 = DIRECTION ( 'NONE',  ( -0.000000000000000000, 1.000000000000000000, 0.000000000000000000 ) ) ;
#2239 = DIRECTION ( 'NONE',  ( 0.000000000000000000, 0.000000000000000000, 1.000000000000000000 ) ) ;
#2240 = EDGE_CURVE ( 'NONE', #2868, #4046, #3572, .T. ) ;
#2241 = EDGE_CURVE ( 'NONE', #6609, #2994, #185, .T. ) ;
#2242 = EDGE_CURVE ( 'NONE', #1757, #7271, #5839, .T. ) ;
#2243 = CARTESIAN_POINT ( 'NONE',  ( 6.999999999999999112, 5.000000000000004441, 80.00000000000000000 ) ) ;
#2244 = FACE_OUTER_BOUND ( 'NONE', #693, .T. ) ;
#2245 = CARTESIAN_POINT ( 'NONE',  ( 95.00000000000000000, 93.00000000000000000, 39.00000000000000000 ) ) ;
#2246 = ORIENTED_EDGE ( 'NONE', *, *, #374, .F. ) ;
#2247 = PERSON_AND_ORGANIZATION_ROLE ( 'creator' ) ;
#2248 = ORIENTED_EDGE ( 'NONE', *, *, #1605, .T. ) ;
#2249 = VERTEX_POINT ( 'NONE', #6471 ) ;
#2250 = LINE ( 'NONE', #6157, #1221 ) ;
#2251 = DIRECTION ( 'NONE',  ( 0.000000000000000000, 0.000000000000000000, 1.000000000000000000 ) ) ;
#2252 = CARTESIAN_POINT ( 'NONE',  ( 93.00000000000000000, 98.00000000000000000, 2.000000000000000000 ) ) ;
#2253 = DIRECTION ( 'NONE',  ( 0.000000000000000000, 0.000000000000000000, 1.000000000000000000 ) ) ;
#2254 = CARTESIAN_POINT ( 'NONE',  ( 100.0000000000000000, 100.0000000000000000, 0.000000000000000000 ) ) ;
#2255 = VERTEX_POINT ( 'NONE', #7000 ) ;
#2256 = LINE ( 'NONE', #3936, #526 ) ;
#2257 = EDGE_LOOP ( 'NONE', ( #6770, #2916, #5714, #4202 ) ) ;
#2258 = DIRECTION ( 'NONE',  ( 0.000000000000000000, 0.000000000000000000, 1.000000000000000000 ) ) ;
#2259 = ORIENTED_EDGE ( 'NONE', *, *, #6888, .T. ) ;
#2260 = DIRECTION ( 'NONE',  ( 0.000000000000000000, 0.000000000000000000, -1.000000000000000000 ) ) ;
#2261 = DIRECTION ( 'NONE',  ( 0.000000000000000000, -1.000000000000000000, 0.000000000000000000 ) ) ;
#2262 = PLANE ( 'NONE',  #6116 ) ;
#2263 = VECTOR ( 'NONE', #5920, 1000.000000000000000 ) ;
#2264 = ORIENTED_EDGE ( 'NONE', *, *, #3591, .T. ) ;
#2265 = EDGE_CURVE ( 'NONE', #3082, #4538, #2456, .T. ) ;
#2266 = ORIENTED_EDGE ( 'NONE', *, *, #3229, .F. ) ;
#2267 = VERTEX_POINT ( 'NONE', #1369 ) ;
#2268 = DIRECTION ( 'NONE',  ( -0.000000000000000000, 1.000000000000000000, 0.000000000000000000 ) ) ;
#2269 = CARTESIAN_POINT ( 'NONE',  ( 90.00000000000000000, 15.00000000000000178, 63.00000000000000000 ) ) ;
#2270 = DIRECTION ( 'NONE',  ( 0.000000000000000000, -1.000000000000000000, 0.000000000000000000 ) ) ;
#2271 = VECTOR ( 'NONE', #4624, 1000.000000000000000 ) ;
#2272 = EDGE_CURVE ( 'NONE', #3046, #6226, #1900, .T. ) ;
#2273 = EDGE_CURVE ( 'NONE', #1237, #2804, #7073, .T. ) ;
#2274 = EDGE_CURVE ( 'NONE', #5098, #3635, #4726, .T. ) ;
#2275 = VERTEX_POINT ( 'NONE', #3646 ) ;
#2276 = CARTESIAN_POINT ( 'NONE',  ( 6.999999999999999112, 5.000000000000004441, 39.00000000000000000 ) ) ;
#2277 = DIRECTION ( 'NONE',  ( 1.000000000000000000, 0.000000000000000000, -0.000000000000000000 ) ) ;
#2278 = FACE_OUTER_BOUND ( 'NONE', #1121, .T. ) ;
#2279 = DIRECTION ( 'NONE',  ( -0.000000000000000000, 0.000000000000000000, -1.000000000000000000 ) ) ;
#2280 = ORIENTED_EDGE ( 'NONE', *, *, #363, .F. ) ;
#2281 = VECTOR ( 'NONE', #2308, 1000.000000000000000 ) ;
#2282 = EDGE_CURVE ( 'NONE', #1245, #2630, #3088, .T. ) ;
#2283 = EDGE_CURVE ( 'NONE', #6813, #5064, #5319, .T. ) ;
#2284 = EDGE_CURVE ( 'NONE', #1077, #3945, #3537, .T. ) ;
#2285 = ORIENTED_EDGE ( 'NONE', *, *, #110, .T. ) ;
#2286 = ORIENTED_EDGE ( 'NONE', *, *, #1966, .T. ) ;
#2287 = FACE_OUTER_BOUND ( 'NONE', #1274, .T. ) ;
#2288 = CARTESIAN_POINT ( 'NONE',  ( 10.00000000000000000, 84.99999999999998579, 2.000000000000000000 ) ) ;
#2289 = DIRECTION ( 'NONE',  ( 0.000000000000000000, -1.000000000000000000, 0.000000000000000000 ) ) ;
#2290 = CARTESIAN_POINT ( 'NONE',  ( 84.99999999999998579, 50.00000000000000000, 80.00000000000000000 ) ) ;
#2291 = LINE ( 'NONE', #1664, #2671 ) ;
#2292 = AXIS2_PLACEMENT_3D ( 'NONE', #4532, #1108, #5607 ) ;
#2293 = VERTEX_POINT ( 'NONE', #6928 ) ;
#2294 = CARTESIAN_POINT ( 'NONE',  ( 0.000000000000000000, 0.000000000000000000, 98.00000000000000000 ) ) ;
#2295 = ORIENTED_EDGE ( 'NONE', *, *, #2828, .F. ) ;
#2296 = VECTOR ( 'NONE', #2775, 1000.000000000000000 ) ;
#2297 = DIRECTION ( 'NONE',  ( 0.000000000000000000, -1.000000000000000000, 0.000000000000000000 ) ) ;
#2298 = ORIENTED_EDGE ( 'NONE', *, *, #2283, .T. ) ;
#2299 = CARTESIAN_POINT ( 'NONE',  ( 93.00000000000000000, 93.00000000000000000, 37.00000000000000000 ) ) ;
#2300 = DIRECTION ( 'NONE',  ( 1.000000000000000000, 0.000000000000000000, -0.000000000000000000 ) ) ;
#2301 = DIRECTION ( 'NONE',  ( 0.000000000000000000, 0.000000000000000000, 1.000000000000000000 ) ) ;
#2302 = EDGE_LOOP ( 'NONE', ( #5025, #5273, #5771, #3518 ) ) ;
#2303 = ORIENTED_EDGE ( 'NONE', *, *, #3146, .F. ) ;
#2304 = EDGE_LOOP ( 'NONE', ( #6415, #4753, #672, #1627 ) ) ;
#2305 = LINE ( 'NONE', #37, #6672 ) ;
#2306 = AXIS2_PLACEMENT_3D ( 'NONE', #3434, #2844, #1228 ) ;
#2307 = LINE ( 'NONE', #3495, #810 ) ;
#2308 = DIRECTION ( 'NONE',  ( 0.000000000000000000, -1.000000000000000000, -0.000000000000000000 ) ) ;
#2309 = ORIENTED_EDGE ( 'NONE', *, *, #2043, .F. ) ;
#2310 = VECTOR ( 'NONE', #1968, 1000.000000000000000 ) ;
#2311 = VECTOR ( 'NONE', #5677, 1000.000000000000000 ) ;
#2312 = AXIS2_PLACEMENT_3D ( 'NONE', #1384, #5959, #3071 ) ;
#2313 = LINE ( 'NONE', #6324, #4176 ) ;
#2314 = DIRECTION ( 'NONE',  ( -1.000000000000000000, -0.000000000000000000, 0.000000000000000000 ) ) ;
#2315 = DIRECTION ( 'NONE',  ( -1.000000000000000000, -0.000000000000000000, 0.000000000000000000 ) ) ;
#2316 = ADVANCED_FACE ( 'NONE', ( #5285 ), #219, .F. ) ;
#2317 = EDGE_CURVE ( 'NONE', #2495, #3301, #1973, .T. ) ;
#2318 = CARTESIAN_POINT ( 'NONE',  ( 95.00000000000000000, 6.999999999999999112, 20.00000000000000000 ) ) ;
#2319 = ORIENTED_EDGE ( 'NONE', *, *, #5962, .F. ) ;
#2320 = VECTOR ( 'NONE', #7135, 1000.000000000000000 ) ;
#2321 = ORIENTED_EDGE ( 'NONE', *, *, #5331, .T. ) ;
#2322 = EDGE_LOOP ( 'NONE', ( #5501, #3057, #3759, #4779 ) ) ;
#2323 = DIRECTION ( 'NONE',  ( 0.000000000000000000, 0.000000000000000000, -1.000000000000000000 ) ) ;
#2324 = CARTESIAN_POINT ( 'NONE',  ( 10.00000000000000178, 50.00000000000000000, 80.00000000000000000 ) ) ;
#2325 = PLANE ( 'NONE',  #2698 ) ;
#2326 = EDGE_CURVE ( 'NONE', #5279, #939, #4799, .T. ) ;
#2327 = EDGE_CURVE ( 'NONE', #252, #5416, #3680, .T. ) ;
#2329 = ADVANCED_FACE ( 'NONE', ( #707 ), #3120, .F. ) ;
#2328 = CARTESIAN_POINT ( 'NONE',  ( 90.00000000000000000, 90.00000000000000000, 19.00000000000000000 ) ) ;
#2330 = CARTESIAN_POINT ( 'NONE',  ( 99.00000000000000000, 0.000000000000000000, 2.000000000000000000 ) ) ;
#2331 = ORIENTED_EDGE ( 'NONE', *, *, #3148, .T. ) ;
#2332 = PLANE ( 'NONE',  #4329 ) ;
#2333 = VERTEX_POINT ( 'NONE', #6358 ) ;
#2334 = CARTESIAN_POINT ( 'NONE',  ( 6.999999999999999112, 95.00000000000000000, 78.00000000000000000 ) ) ;
#2335 = VECTOR ( 'NONE', #3182, 1000.000000000000000 ) ;
#2336 = EDGE_LOOP ( 'NONE', ( #1908, #116, #6296, #2342 ) ) ;
#2337 = ADVANCED_FACE ( 'NONE', ( #5801 ), #6964, .T. ) ;
#2338 = EDGE_CURVE ( 'NONE', #2130, #1114, #149, .T. ) ;
#2339 = FACE_OUTER_BOUND ( 'NONE', #3486, .T. ) ;
#2340 = DIRECTION ( 'NONE',  ( 1.000000000000000000, 0.000000000000000000, 0.000000000000000000 ) ) ;
#2341 = VECTOR ( 'NONE', #4851, 1000.000000000000000 ) ;
#2342 = ORIENTED_EDGE ( 'NONE', *, *, #6917, .T. ) ;
#2343 = VERTEX_POINT ( 'NONE', #7106 ) ;
#2344 = EDGE_LOOP ( 'NONE', ( #3234, #2155, #4522, #2081 ) ) ;
#2345 = CARTESIAN_POINT ( 'NONE',  ( 10.00000000000000178, 50.00000000000000000, 80.00000000000000000 ) ) ;
#2346 = AXIS2_PLACEMENT_3D ( 'NONE', #2906, #1759, #1186 ) ;
#2347 = VECTOR ( 'NONE', #749, 1000.000000000000000 ) ;
#2348 = CARTESIAN_POINT ( 'NONE',  ( 93.00000000000000000, 98.00000000000000000, 2.000000000000000000 ) ) ;
#2349 = VECTOR ( 'NONE', #2164, 1000.000000000000000 ) ;
#2350 = FACE_OUTER_BOUND ( 'NONE', #1756, .T. ) ;
#2351 = ORIENTED_EDGE ( 'NONE', *, *, #6612, .F. ) ;
#2352 = LINE ( 'NONE', #6821, #2271 ) ;
#2353 = CARTESIAN_POINT ( 'NONE',  ( 90.00000000000000000, 90.00000000000000000, 77.00000000000000000 ) ) ;
#2354 = CARTESIAN_POINT ( 'NONE',  ( 95.00000000000000000, 6.999999999999999112, 61.00000000000000000 ) ) ;
#2355 = CARTESIAN_POINT ( 'NONE',  ( 98.00000000000000000, 93.00000000000000000, 2.000000000000000000 ) ) ;
#2356 = ORIENTED_EDGE ( 'NONE', *, *, #5361, .F. ) ;
#2357 = VECTOR ( 'NONE', #3382, 1000.000000000000000 ) ;
#2358 = ORIENTED_EDGE ( 'NONE', *, *, #2461, .T. ) ;
#2359 = VECTOR ( 'NONE', #4213, 1000.000000000000000 ) ;
#2360 = ORIENTED_EDGE ( 'NONE', *, *, #1279, .F. ) ;
#2361 = DIRECTION ( 'NONE',  ( -1.000000000000000000, -0.000000000000000000, 0.000000000000000000 ) ) ;
#2362 = CARTESIAN_POINT ( 'NONE',  ( 90.00000000000000000, 10.00000000000000000, 60.00000000000000000 ) ) ;
#2363 = DIRECTION ( 'NONE',  ( 0.000000000000000000, 0.000000000000000000, -1.000000000000000000 ) ) ;
#2364 = DIRECTION ( 'NONE',  ( -0.000000000000000000, 1.000000000000000000, 0.000000000000000000 ) ) ;
#2365 = ORIENTED_EDGE ( 'NONE', *, *, #5694, .F. ) ;
#2366 = DIRECTION ( 'NONE',  ( -1.000000000000000000, 0.000000000000000000, 0.000000000000000000 ) ) ;
#2367 = ADVANCED_FACE ( 'NONE', ( #4388 ), #401, .T. ) ;
#2368 = EDGE_CURVE ( 'NONE', #5614, #5659, #2150, .T. ) ;
#2369 = EDGE_LOOP ( 'NONE', ( #7220, #740, #6662, #2046 ) ) ;
#2370 = DIRECTION ( 'NONE',  ( -1.000000000000000000, -0.000000000000000000, 0.000000000000000000 ) ) ;
#2371 = ORIENTED_EDGE ( 'NONE', *, *, #1562, .F. ) ;
#2372 = CARTESIAN_POINT ( 'NONE',  ( 98.00000000000000000, 98.00000000000000000, 2.000000000000000000 ) ) ;
#2373 = FACE_BOUND ( 'NONE', #6397, .T. ) ;
#2374 = CARTESIAN_POINT ( 'NONE',  ( 10.00000000000000000, 15.00000000000000178, 22.00000000000000000 ) ) ;
#2375 = EDGE_CURVE ( 'NONE', #5464, #5727, #6660, .T. ) ;
#2376 = EDGE_CURVE ( 'NONE', #349, #2972, #6623, .T. ) ;
#2377 = EDGE_CURVE ( 'NONE', #4765, #3700, #4908, .T. ) ;
#2378 = ORIENTED_EDGE ( 'NONE', *, *, #3601, .T. ) ;
#2379 = FACE_OUTER_BOUND ( 'NONE', #2587, .T. ) ;
#2380 = EDGE_LOOP ( 'NONE', ( #2060, #6979, #4714, #4237 ) ) ;
#2381 = EDGE_LOOP ( 'NONE', ( #520, #166, #2607, #2069 ) ) ;
#2382 = PLANE ( 'NONE',  #4063 ) ;
#2383 = LINE ( 'NONE', #4092, #3652 ) ;
#2384 = DIRECTION ( 'NONE',  ( -1.000000000000000000, -0.000000000000000000, 0.000000000000000000 ) ) ;
#2385 = VECTOR ( 'NONE', #1689, 1000.000000000000000 ) ;
#2386 = ORIENTED_EDGE ( 'NONE', *, *, #779, .F. ) ;
#2387 = APPROVAL_ROLE ( '' ) ;
#2388 = EDGE_LOOP ( 'NONE', ( #7110, #3233, #3713, #6758 ) ) ;
#2389 = VECTOR ( 'NONE', #828, 1000.000000000000000 ) ;
#2390 = PLANE ( 'NONE',  #6425 ) ;
#2391 = LINE ( 'NONE', #6365, #4485 ) ;
#2392 = LINE ( 'NONE', #5146, #5667 ) ;
#2393 = VECTOR ( 'NONE', #2202, 1000.000000000000000 ) ;
#2394 = CARTESIAN_POINT ( 'NONE',  ( 4.500000000000000000, 98.00000000000000000, 98.00000000000000000 ) ) ;
#2395 = ORIENTED_EDGE ( 'NONE', *, *, #3551, .T. ) ;
#2396 = VECTOR ( 'NONE', #6137, 1000.000000000000000 ) ;
#2397 = ORIENTED_EDGE ( 'NONE', *, *, #6460, .F. ) ;
#2398 = DIRECTION ( 'NONE',  ( -0.000000000000000000, 0.000000000000000000, -1.000000000000000000 ) ) ;
#2399 = DIRECTION ( 'NONE',  ( 0.000000000000000000, 0.000000000000000000, 1.000000000000000000 ) ) ;
#2400 = DIRECTION ( 'NONE',  ( 0.000000000000000000, -1.000000000000000000, 0.000000000000000000 ) ) ;
#2401 = DIRECTION ( 'NONE',  ( -1.000000000000000000, -0.000000000000000000, 0.000000000000000000 ) ) ;
#2402 = ORIENTED_EDGE ( 'NONE', *, *, #3379, .F. ) ;
#2403 = CARTESIAN_POINT ( 'NONE',  ( 15.00000000000000000, 10.00000000000000178, 22.00000000000000000 ) ) ;
#2404 = ORIENTED_EDGE ( 'NONE', *, *, #6134, .T. ) ;
#2405 = PLANE ( 'NONE',  #4672 ) ;
#2406 = ORIENTED_EDGE ( 'NONE', *, *, #2636, .F. ) ;
#2407 = FACE_OUTER_BOUND ( 'NONE', #1771, .T. ) ;
#2408 = DIRECTION ( 'NONE',  ( 0.000000000000000000, 0.000000000000000000, 1.000000000000000000 ) ) ;
#2409 = ADVANCED_FACE ( 'NONE', ( #1035 ), #6542, .T. ) ;
#2410 = ORIENTED_EDGE ( 'NONE', *, *, #460, .T. ) ;
#2411 = CARTESIAN_POINT ( 'NONE',  ( 93.00000000000000000, 5.000000000000004441, 61.00000000000000000 ) ) ;
#2412 = VECTOR ( 'NONE', #2861, 1000.000000000000000 ) ;
#2413 = ORIENTED_EDGE ( 'NONE', *, *, #3733, .T. ) ;
#2414 = CARTESIAN_POINT ( 'NONE',  ( 90.00000000000000000, 10.00000000000000000, 36.00000000000000000 ) ) ;
#2415 = ORIENTED_EDGE ( 'NONE', *, *, #6518, .F. ) ;
#2416 = ORIENTED_EDGE ( 'NONE', *, *, #6325, .T. ) ;
#2417 = FACE_OUTER_BOUND ( 'NONE', #2683, .T. ) ;
#2418 = DIRECTION ( 'NONE',  ( 0.000000000000000000, -0.000000000000000000, 1.000000000000000000 ) ) ;
#2419 = EDGE_CURVE ( 'NONE', #6201, #287, #4275, .T. ) ;
#2420 = EDGE_CURVE ( 'NONE', #5654, #4579, #6055, .T. ) ;
#2421 = DIRECTION ( 'NONE',  ( -0.000000000000000000, 1.000000000000000000, 0.000000000000000000 ) ) ;
#2422 = EDGE_CURVE ( 'NONE', #7257, #4533, #2005, .T. ) ;
#2423 = VERTEX_POINT ( 'NONE', #4947 ) ;
#2424 = EDGE_LOOP ( 'NONE', ( #2867, #2814, #3224, #7342 ) ) ;
#2425 = CLOSED_SHELL ( 'NONE', ( #141, #4978, #2968, #5241, #405, #277 ) ) ;
#2426 = CARTESIAN_POINT ( 'NONE',  ( 98.00000000000000000, 93.00000000000000000, 7.000000000000000000 ) ) ;
#2427 = CARTESIAN_POINT ( 'NONE',  ( 6.999999999999999112, 5.000000000000004441, 61.00000000000000000 ) ) ;
#2428 = LINE ( 'NONE', #2914, #4362 ) ;
#2429 = EDGE_CURVE ( 'NONE', #4556, #5391, #2078, .T. ) ;
#2430 = DIRECTION ( 'NONE',  ( 0.000000000000000000, 0.000000000000000000, 1.000000000000000000 ) ) ;
#2431 = ORIENTED_EDGE ( 'NONE', *, *, #6783, .T. ) ;
#2432 = VECTOR ( 'NONE', #4306, 1000.000000000000000 ) ;
#2433 = VERTEX_POINT ( 'NONE', #2115 ) ;
#2434 = PLANE ( 'NONE',  #7026 ) ;
#2435 = DIRECTION ( 'NONE',  ( 1.000000000000000000, 0.000000000000000000, 0.000000000000000000 ) ) ;
#2436 = CARTESIAN_POINT ( 'NONE',  ( 10.00000000000000000, 87.50000000000000000, 2.000000000000000000 ) ) ;
#2437 = VECTOR ( 'NONE', #6030, 1000.000000000000000 ) ;
#2438 = DIRECTION ( 'NONE',  ( 0.000000000000000000, 0.000000000000000000, 1.000000000000000000 ) ) ;
#2439 = VECTOR ( 'NONE', #6906, 1000.000000000000000 ) ;
#2440 = EDGE_LOOP ( 'NONE', ( #5606, #7038, #3566, #4083 ) ) ;
#2441 = CARTESIAN_POINT ( 'NONE',  ( 4.500000000000000000, 6.999999999999999112, 98.00000000000000000 ) ) ;
#2442 = VERTEX_POINT ( 'NONE', #3716 ) ;
#2443 = CARTESIAN_POINT ( 'NONE',  ( 100.0000000000000000, 50.00000000000000000, 100.0000000000000000 ) ) ;
#2444 = ORIENTED_EDGE ( 'NONE', *, *, #4059, .T. ) ;
#2445 = PLANE ( 'NONE',  #2932 ) ;
#2446 = DIRECTION ( 'NONE',  ( 0.000000000000000000, -0.000000000000000000, 1.000000000000000000 ) ) ;
#2447 = VERTEX_POINT ( 'NONE', #923 ) ;
#2448 = CARTESIAN_POINT ( 'NONE',  ( 84.99999999999998579, 84.99999999999998579, 39.00000000000000000 ) ) ;
#2449 = ORIENTED_EDGE ( 'NONE', *, *, #2429, .T. ) ;
#2450 = DIRECTION ( 'NONE',  ( 0.000000000000000000, 0.000000000000000000, 1.000000000000000000 ) ) ;
#2451 = ORIENTED_EDGE ( 'NONE', *, *, #4607, .F. ) ;
#2452 = VECTOR ( 'NONE', #6764, 1000.000000000000000 ) ;
#2453 = VERTEX_POINT ( 'NONE', #5980 ) ;
#2454 = FACE_OUTER_BOUND ( 'NONE', #1177, .T. ) ;
#2455 = DIRECTION ( 'NONE',  ( 0.000000000000000000, 0.000000000000000000, -1.000000000000000000 ) ) ;
#2456 = LINE ( 'NONE', #744, #2638 ) ;
#2457 = VECTOR ( 'NONE', #1861, 1000.000000000000000 ) ;
#2458 = EDGE_LOOP ( 'NONE', ( #7276, #1263, #3343, #6679 ) ) ;
#2459 = ORIENTED_EDGE ( 'NONE', *, *, #2689, .F. ) ;
#2460 = EDGE_CURVE ( 'NONE', #7001, #4351, #4422, .T. ) ;
#2461 = EDGE_CURVE ( 'NONE', #4988, #7001, #4311, .T. ) ;
#2462 = AXIS2_PLACEMENT_3D ( 'NONE', #3026, #6898, #6863 ) ;
#2463 = CARTESIAN_POINT ( 'NONE',  ( 6.999999999999999112, 95.00000000000000000, 61.00000000000000000 ) ) ;
#2464 = PLANE ( 'NONE',  #3535 ) ;
#2465 = CARTESIAN_POINT ( 'NONE',  ( 90.00000000000000000, 84.99999999999998579, 98.00000000000000000 ) ) ;
#2466 = CARTESIAN_POINT ( 'NONE',  ( 98.00000000000000000, 93.00000000000000000, 98.00000000000000000 ) ) ;
#2467 = EDGE_CURVE ( 'NONE', #7162, #4649, #2039, .T. ) ;
#2468 = EDGE_CURVE ( 'NONE', #853, #2249, #2718, .T. ) ;
#2469 = ADVANCED_FACE ( 'NONE', ( #364 ), #886, .T. ) ;
#2470 = VERTEX_POINT ( 'NONE', #3866 ) ;
#2471 = CARTESIAN_POINT ( 'NONE',  ( 93.00000000000000000, 7.000000000000000000, 80.00000000000000000 ) ) ;
#2472 = DIRECTION ( 'NONE',  ( 0.000000000000000000, 0.000000000000000000, 1.000000000000000000 ) ) ;
#2473 = CARTESIAN_POINT ( 'NONE',  ( 0.000000000000000000, 100.0000000000000000, 2.000000000000000000 ) ) ;
#2474 = LINE ( 'NONE', #1914, #6350 ) ;
#2475 = ORIENTED_EDGE ( 'NONE', *, *, #6318, .T. ) ;
#2476 = FACE_OUTER_BOUND ( 'NONE', #4590, .T. ) ;
#2477 = VECTOR ( 'NONE', #6018, 1000.000000000000000 ) ;
#2478 = VERTEX_POINT ( 'NONE', #6129 ) ;
#2479 = PLANE ( 'NONE',  #5263 ) ;
#2480 = ORIENTED_EDGE ( 'NONE', *, *, #4698, .T. ) ;
#2481 = DIRECTION ( 'NONE',  ( -1.000000000000000000, -0.000000000000000000, 0.000000000000000000 ) ) ;
#2482 = DIRECTION ( 'NONE',  ( 0.000000000000000000, 0.000000000000000000, 1.000000000000000000 ) ) ;
#2483 = VERTEX_POINT ( 'NONE', #5387 ) ;
#2484 = LINE ( 'NONE', #663, #4093 ) ;
#2485 = VERTEX_POINT ( 'NONE', #2600 ) ;
#2486 = LINE ( 'NONE', #3567, #1600 ) ;
#2487 = ORIENTED_EDGE ( 'NONE', *, *, #1057, .T. ) ;
#2488 = ORIENTED_EDGE ( 'NONE', *, *, #4501, .F. ) ;
#2489 = DIRECTION ( 'NONE',  ( 0.000000000000000000, 0.000000000000000000, -1.000000000000000000 ) ) ;
#2490 = CARTESIAN_POINT ( 'NONE',  ( 95.00000000000000000, 7.000000000000000000, 60.00000000000000000 ) ) ;
#2491 = CARTESIAN_POINT ( 'NONE',  ( 50.00000000000000000, 6.999999999999999112, 37.00000000000000000 ) ) ;
#2492 = ORIENTED_EDGE ( 'NONE', *, *, #3421, .F. ) ;
#2493 = EDGE_CURVE ( 'NONE', #851, #1351, #4872, .T. ) ;
#2494 = EDGE_LOOP ( 'NONE', ( #6254, #2903, #4384, #525 ) ) ;
#2495 = VERTEX_POINT ( 'NONE', #7289 ) ;
#2496 = DIRECTION ( 'NONE',  ( -1.000000000000000000, -0.000000000000000000, 0.000000000000000000 ) ) ;
#2497 = CARTESIAN_POINT ( 'NONE',  ( 93.00000000000000000, 1.999999999999999556, 98.00000000000000000 ) ) ;
#2498 = CARTESIAN_POINT ( 'NONE',  ( 95.50000000000000000, 98.00000000000000000, 98.00000000000000000 ) ) ;
#2499 = CARTESIAN_POINT ( 'NONE',  ( 50.00000000000000000, 10.00000000000000178, 80.00000000000000000 ) ) ;
#2500 = ADVANCED_FACE ( 'NONE', ( #31 ), #516, .F. ) ;
#2501 = EDGE_CURVE ( 'NONE', #5652, #1114, #6811, .T. ) ;
#2502 = EDGE_CURVE ( 'NONE', #4351, #4639, #5647, .T. ) ;
#2503 = VECTOR ( 'NONE', #7301, 1000.000000000000000 ) ;
#2504 = AXIS2_PLACEMENT_3D ( 'NONE', #265, #4179, #791 ) ;
#2505 = DIRECTION ( 'NONE',  ( -0.000000000000000000, 1.000000000000000000, 0.000000000000000000 ) ) ;
#2506 = CARTESIAN_POINT ( 'NONE',  ( 15.00000000000000178, 90.00000000000000000, 60.00000000000000000 ) ) ;
#2507 = LINE ( 'NONE', #5925, #6492 ) ;
#2508 = CARTESIAN_POINT ( 'NONE',  ( 15.00000000000000000, 84.99999999999998579, 39.00000000000000000 ) ) ;
#2509 = ADVANCED_FACE ( 'NONE', ( #5058 ), #3904, .T. ) ;
#2510 = EDGE_CURVE ( 'NONE', #5310, #4198, #1072, .T. ) ;
#2511 = EDGE_CURVE ( 'NONE', #3197, #5576, #1713, .T. ) ;
#2512 = ORIENTED_EDGE ( 'NONE', *, *, #3978, .F. ) ;
#2513 = VECTOR ( 'NONE', #6630, 1000.000000000000000 ) ;
#2514 = ORIENTED_EDGE ( 'NONE', *, *, #3520, .F. ) ;
#2515 = LINE ( 'NONE', #275, #33 ) ;
#2516 = ORIENTED_EDGE ( 'NONE', *, *, #1794, .T. ) ;
#2517 = LINE ( 'NONE', #4787, #6973 ) ;
#2518 = CARTESIAN_POINT ( 'NONE',  ( 12.50000000000000000, 15.00000000000000178, 2.000000000000000000 ) ) ;
#2519 = EDGE_LOOP ( 'NONE', ( #6192, #2632, #7100, #2007 ) ) ;
#2520 = CARTESIAN_POINT ( 'NONE',  ( 50.00000000000000000, 6.999999999999999112, 63.00000000000000000 ) ) ;
#2521 = VECTOR ( 'NONE', #3355, 1000.000000000000000 ) ;
#2522 = ORIENTED_EDGE ( 'NONE', *, *, #5512, .T. ) ;
#2523 = FACE_OUTER_BOUND ( 'NONE', #481, .T. ) ;
#2524 = ORIENTED_EDGE ( 'NONE', *, *, #2745, .F. ) ;
#2525 = ORIENTED_EDGE ( 'NONE', *, *, #3134, .F. ) ;
#2526 = DIRECTION ( 'NONE',  ( 0.000000000000000000, 0.000000000000000000, 1.000000000000000000 ) ) ;
#2527 = CARTESIAN_POINT ( 'NONE',  ( 87.50000000000000000, 84.99999999999998579, 19.00000000000000000 ) ) ;
#2528 = DIRECTION ( 'NONE',  ( -1.000000000000000000, -0.000000000000000000, 0.000000000000000000 ) ) ;
#2529 = VECTOR ( 'NONE', #2704, 1000.000000000000000 ) ;
#2530 = ORIENTED_EDGE ( 'NONE', *, *, #6050, .T. ) ;
#2531 = EDGE_CURVE ( 'NONE', #4046, #2470, #4497, .T. ) ;
#2532 = ORIENTED_EDGE ( 'NONE', *, *, #5132, .T. ) ;
#2533 = VERTEX_POINT ( 'NONE', #6734 ) ;
#2534 = VECTOR ( 'NONE', #538, 1000.000000000000000 ) ;
#2535 = CARTESIAN_POINT ( 'NONE',  ( 15.00000000000000178, 15.00000000000000178, 2.000000000000000000 ) ) ;
#2536 = CARTESIAN_POINT ( 'NONE',  ( 7.000000000000000000, 95.00000000000000000, 77.00000000000000000 ) ) ;
#2537 = FACE_OUTER_BOUND ( 'NONE', #5855, .T. ) ;
#2538 = LINE ( 'NONE', #5295, #4543 ) ;
#2539 = CARTESIAN_POINT ( 'NONE',  ( 50.00000000000000000, 5.000000000000004441, 78.00000000000000000 ) ) ;
#2540 = CARTESIAN_POINT ( 'NONE',  ( 84.99999999999998579, 15.00000000000000178, 39.00000000000000000 ) ) ;
#2541 = CARTESIAN_POINT ( 'NONE',  ( 93.00000000000000000, 4.500000000000000000, 2.000000000000000000 ) ) ;
#2542 = PLANE ( 'NONE',  #5993 ) ;
#2543 = VECTOR ( 'NONE', #4414, 1000.000000000000000 ) ;
#2544 = VERTEX_POINT ( 'NONE', #5685 ) ;
#2545 = EDGE_LOOP ( 'NONE', ( #5985, #6433, #1809, #6895 ) ) ;
#2546 = VECTOR ( 'NONE', #568, 1000.000000000000000 ) ;
#2547 = EDGE_CURVE ( 'NONE', #337, #2584, #3383, .T. ) ;
#2548 = DIRECTION ( 'NONE',  ( 0.000000000000000000, -0.000000000000000000, 1.000000000000000000 ) ) ;
#2549 = ADVANCED_FACE ( 'NONE', ( #5611 ), #2184, .T. ) ;
#2550 = VECTOR ( 'NONE', #4598, 1000.000000000000000 ) ;
#2551 = ORIENTED_EDGE ( 'NONE', *, *, #4152, .F. ) ;
#2552 = DIRECTION ( 'NONE',  ( 1.000000000000000000, 0.000000000000000000, -0.000000000000000000 ) ) ;
#2553 = CARTESIAN_POINT ( 'NONE',  ( 10.00000000000000000, 15.00000000000000178, 20.00000000000000000 ) ) ;
#2554 = ORIENTED_EDGE ( 'NONE', *, *, #6145, .F. ) ;
#2555 = FACE_OUTER_BOUND ( 'NONE', #4299, .T. ) ;
#2556 = VECTOR ( 'NONE', #1147, 1000.000000000000000 ) ;
#2557 = VERTEX_POINT ( 'NONE', #5129 ) ;
#2558 = ADVANCED_FACE ( 'NONE', ( #552 ), #3981, .F. ) ;
#2559 = FACE_OUTER_BOUND ( 'NONE', #1200, .T. ) ;
#2560 = EDGE_CURVE ( 'NONE', #4941, #977, #3308, .T. ) ;
#2561 = ORIENTED_EDGE ( 'NONE', *, *, #6408, .T. ) ;
#2562 = ORIENTED_EDGE ( 'NONE', *, *, #3809, .F. ) ;
#2563 = DIRECTION ( 'NONE',  ( 0.000000000000000000, -1.000000000000000000, -0.000000000000000000 ) ) ;
#2564 = DIRECTION ( 'NONE',  ( -1.000000000000000000, -0.000000000000000000, 0.000000000000000000 ) ) ;
#2565 = CARTESIAN_POINT ( 'NONE',  ( 93.00000000000000000, 50.00000000000000000, 37.00000000000000000 ) ) ;
#2566 = PLANE ( 'NONE',  #4221 ) ;
#2567 = ORIENTED_EDGE ( 'NONE', *, *, #2419, .F. ) ;
#2568 = VECTOR ( 'NONE', #2481, 1000.000000000000000 ) ;
#2569 = EDGE_LOOP ( 'NONE', ( #2226, #187, #5296, #4015 ) ) ;
#2570 = ORIENTED_EDGE ( 'NONE', *, *, #6229, .T. ) ;
#2571 = LINE ( 'NONE', #1301, #2872 ) ;
#2572 = VECTOR ( 'NONE', #4938, 1000.000000000000000 ) ;
#2573 = LINE ( 'NONE', #2157, #4604 ) ;
#2574 = CARTESIAN_POINT ( 'NONE',  ( 1.999999999999999556, 4.500000000000000000, 2.000000000000000000 ) ) ;
#2575 = PLANE ( 'NONE',  #1426 ) ;
#2576 = VECTOR ( 'NONE', #6599, 1000.000000000000000 ) ;
#2577 = CARTESIAN_POINT ( 'NONE',  ( 93.00000000000000000, 98.00000000000000000, 2.000000000000000000 ) ) ;
#2578 = CARTESIAN_POINT ( 'NONE',  ( 10.00000000000000000, 90.00000000000000000, 77.00000000000000000 ) ) ;
#2579 = CARTESIAN_POINT ( 'NONE',  ( 100.0000000000000000, 100.0000000000000000, 98.00000000000000000 ) ) ;
#2580 = CARTESIAN_POINT ( 'NONE',  ( 6.999999999999999112, 93.00000000000000000, 2.000000000000000000 ) ) ;
#2581 = AXIS2_PLACEMENT_3D ( 'NONE', #372, #3237, #6099 ) ;
#2582 = ORIENTED_EDGE ( 'NONE', *, *, #1884, .F. ) ;
#2583 = CARTESIAN_POINT ( 'NONE',  ( 93.00000000000000000, 93.00000000000000000, 39.00000000000000000 ) ) ;
#2584 = VERTEX_POINT ( 'NONE', #2755 ) ;
#2585 = DIRECTION ( 'NONE',  ( 0.000000000000000000, 0.000000000000000000, 1.000000000000000000 ) ) ;
#2586 = CARTESIAN_POINT ( 'NONE',  ( 6.999999999999999112, 93.00000000000000000, 2.000000000000000000 ) ) ;
#2587 = EDGE_LOOP ( 'NONE', ( #4235, #4145, #3668, #2643 ) ) ;
#2588 = CARTESIAN_POINT ( 'NONE',  ( 98.00000000000000000, 100.0000000000000000, 98.00000000000000000 ) ) ;
#2589 = DIRECTION ( 'NONE',  ( -0.000000000000000000, 1.000000000000000000, 0.000000000000000000 ) ) ;
#2590 = VERTEX_POINT ( 'NONE', #5023 ) ;
#2591 = AXIS2_PLACEMENT_3D ( 'NONE', #5681, #7362, #2260 ) ;
#2592 = DIRECTION ( 'NONE',  ( -1.000000000000000000, -0.000000000000000000, 0.000000000000000000 ) ) ;
#2593 = EDGE_CURVE ( 'NONE', #2478, #6162, #2663, .T. ) ;
#2594 = EDGE_CURVE ( 'NONE', #6201, #6384, #943, .T. ) ;
#2595 = ORIENTED_EDGE ( 'NONE', *, *, #4142, .T. ) ;
#2596 = DIRECTION ( 'NONE',  ( 0.000000000000000000, -1.000000000000000000, 0.000000000000000000 ) ) ;
#2597 = ORIENTED_EDGE ( 'NONE', *, *, #4051, .F. ) ;
#2598 = PLANE ( 'NONE',  #1380 ) ;
#2599 = CARTESIAN_POINT ( 'NONE',  ( 93.00000000000000000, 95.50000000000000000, 2.000000000000000000 ) ) ;
#2600 = CARTESIAN_POINT ( 'NONE',  ( 98.00000000000000000, 2.000000000000000000, 2.000000000000000000 ) ) ;
#2601 = DIRECTION ( 'NONE',  ( 0.000000000000000000, 0.000000000000000000, 1.000000000000000000 ) ) ;
#2602 = ADVANCED_FACE ( 'NONE', ( #4373 ), #5481, .T. ) ;
#2603 = EDGE_CURVE ( 'NONE', #6738, #2642, #1504, .T. ) ;
#2604 = EDGE_LOOP ( 'NONE', ( #585, #6869, #1564, #5971 ) ) ;
#2605 = EDGE_CURVE ( 'NONE', #3582, #2544, #4895, .T. ) ;
#2606 = ORIENTED_EDGE ( 'NONE', *, *, #5239, .F. ) ;
#2607 = ORIENTED_EDGE ( 'NONE', *, *, #1004, .T. ) ;
#2608 = ORIENTED_EDGE ( 'NONE', *, *, #5453, .F. ) ;
#2609 = CARTESIAN_POINT ( 'NONE',  ( 84.99999999999998579, 50.00000000000000000, 37.00000000000000000 ) ) ;
#2610 = FACE_BOUND ( 'NONE', #2747, .T. ) ;
#2611 = CARTESIAN_POINT ( 'NONE',  ( 98.00000000000000000, 7.000000000000006217, 2.000000000000000000 ) ) ;
#2612 = DIRECTION ( 'NONE',  ( 0.000000000000000000, 0.000000000000000000, 1.000000000000000000 ) ) ;
#2613 = DIRECTION ( 'NONE',  ( -1.000000000000000000, 0.000000000000000000, 0.000000000000000000 ) ) ;
#2614 = PRODUCT ( 'CubeSat_2021_nominal', 'CubeSat_2021_nominal', '', ( #7163 ) ) ;
#2615 = DIRECTION ( 'NONE',  ( 0.000000000000000000, -1.000000000000000000, 0.000000000000000000 ) ) ;
#2616 = DIRECTION ( 'NONE',  ( 0.000000000000000000, -1.000000000000000000, -0.000000000000000000 ) ) ;
#2617 = CARTESIAN_POINT ( 'NONE',  ( 93.00000000000000000, 50.00000000000000000, 22.00000000000000000 ) ) ;
#2618 = LINE ( 'NONE', #7235, #7074 ) ;
#2619 = ORIENTED_EDGE ( 'NONE', *, *, #2547, .T. ) ;
#2620 = PERSON_AND_ORGANIZATION_ROLE ( 'creator' ) ;
#2621 = AXIS2_PLACEMENT_3D ( 'NONE', #572, #1730, #6259 ) ;
#2622 = ORIENTED_EDGE ( 'NONE', *, *, #4283, .F. ) ;
#2623 = LINE ( 'NONE', #5017, #5852 ) ;
#2624 = PLANE ( 'NONE',  #5730 ) ;
#2625 = VECTOR ( 'NONE', #718, 1000.000000000000000 ) ;
#2626 = LINE ( 'NONE', #7316, #5415 ) ;
#2627 = CARTESIAN_POINT ( 'NONE',  ( 15.00000000000000178, 84.99999999999998579, 77.00000000000000000 ) ) ;
#2628 = DIRECTION ( 'NONE',  ( 1.000000000000000000, 0.000000000000000000, -0.000000000000000000 ) ) ;
#2629 = VECTOR ( 'NONE', #454, 1000.000000000000000 ) ;
#2630 = VERTEX_POINT ( 'NONE', #1540 ) ;
#2631 = CARTESIAN_POINT ( 'NONE',  ( 50.00000000000000000, 5.000000000000004441, 20.00000000000000000 ) ) ;
#2632 = ORIENTED_EDGE ( 'NONE', *, *, #5282, .T. ) ;
#2633 = CARTESIAN_POINT ( 'NONE',  ( 1.999999999999999556, 4.500000000000000000, 98.00000000000000000 ) ) ;
#2634 = ORIENTED_EDGE ( 'NONE', *, *, #5361, .T. ) ;
#2635 = EDGE_CURVE ( 'NONE', #770, #5750, #2738, .T. ) ;
#2636 = EDGE_CURVE ( 'NONE', #1731, #3686, #7273, .T. ) ;
#2637 = FACE_OUTER_BOUND ( 'NONE', #2950, .T. ) ;
#2638 = VECTOR ( 'NONE', #1863, 1000.000000000000000 ) ;
#2639 = DIRECTION ( 'NONE',  ( 0.000000000000000000, -0.000000000000000000, 1.000000000000000000 ) ) ;
#2640 = CARTESIAN_POINT ( 'NONE',  ( 10.00000000000000000, 90.00000000000000000, 63.00000000000000000 ) ) ;
#2641 = ORIENTED_EDGE ( 'NONE', *, *, #566, .F. ) ;
#2642 = VERTEX_POINT ( 'NONE', #1021 ) ;
#2643 = ORIENTED_EDGE ( 'NONE', *, *, #3658, .F. ) ;
#2644 = ORIENTED_EDGE ( 'NONE', *, *, #5696, .T. ) ;
#2645 = CARTESIAN_POINT ( 'NONE',  ( 100.0000000000000000, 50.00000000000000000, 98.00000000000000000 ) ) ;
#2646 = ADVANCED_FACE ( 'NONE', ( #2063 ), #1618, .T. ) ;
#2647 = EDGE_CURVE ( 'NONE', #6238, #3048, #7203, .T. ) ;
#2648 = EDGE_CURVE ( 'NONE', #3215, #6663, #2169, .T. ) ;
#2649 = CARTESIAN_POINT ( 'NONE',  ( 10.00000000000000000, 10.00000000000000000, 2.000000000000000000 ) ) ;
#2650 = DIRECTION ( 'NONE',  ( -1.000000000000000000, -0.000000000000000000, 0.000000000000000000 ) ) ;
#2651 = CARTESIAN_POINT ( 'NONE',  ( 7.000000000000000000, 95.00000000000000000, 19.00000000000000000 ) ) ;
#2652 = VECTOR ( 'NONE', #4821, 1000.000000000000000 ) ;
#2653 = CARTESIAN_POINT ( 'NONE',  ( 15.00000000000000178, 10.00000000000000000, 61.00000000000000000 ) ) ;
#2654 = PLANE ( 'NONE',  #246 ) ;
#2655 = ADVANCED_FACE ( 'NONE', ( #6156 ), #4934, .T. ) ;
#2656 = ADVANCED_FACE ( 'NONE', ( #3252 ), #5522, .F. ) ;
#2657 = LINE ( 'NONE', #1016, #402 ) ;
#2658 = CARTESIAN_POINT ( 'NONE',  ( 93.00000000000000000, 7.000000000000006217, 2.000000000000000000 ) ) ;
#2659 = CARTESIAN_POINT ( 'NONE',  ( 87.50000000000000000, 90.00000000000000000, 2.000000000000000000 ) ) ;
#2660 = ORIENTED_EDGE ( 'NONE', *, *, #5729, .F. ) ;
#2661 = PERSON_AND_ORGANIZATION_ROLE ( 'design_owner' ) ;
#2662 = EDGE_LOOP ( 'NONE', ( #355, #2449, #4833, #3004 ) ) ;
#2663 = LINE ( 'NONE', #6644, #626 ) ;
#2664 = DIRECTION ( 'NONE',  ( 1.000000000000000000, 0.000000000000000000, -0.000000000000000000 ) ) ;
#2665 = VECTOR ( 'NONE', #638, 1000.000000000000000 ) ;
#2666 = CARTESIAN_POINT ( 'NONE',  ( 1.999999999999999556, 93.00000000000000000, 2.000000000000000000 ) ) ;
#2667 = FACE_OUTER_BOUND ( 'NONE', #2458, .T. ) ;
#2668 = DIRECTION ( 'NONE',  ( -1.000000000000000000, 0.000000000000000000, 0.000000000000000000 ) ) ;
#2669 = ORIENTED_EDGE ( 'NONE', *, *, #962, .T. ) ;
#2670 = CARTESIAN_POINT ( 'NONE',  ( 95.50000000000000000, 7.000000000000006217, 98.00000000000000000 ) ) ;
#2671 = VECTOR ( 'NONE', #1103, 1000.000000000000000 ) ;
#2672 = AXIS2_PLACEMENT_3D ( 'NONE', #7019, #4117, #3482 ) ;
#2673 = AXIS2_PLACEMENT_3D ( 'NONE', #2891, #5158, #3553 ) ;
#2674 = ORIENTED_EDGE ( 'NONE', *, *, #324, .T. ) ;
#2675 = PLANE ( 'NONE',  #2193 ) ;
#2676 = ORIENTED_EDGE ( 'NONE', *, *, #2593, .F. ) ;
#2677 = DIRECTION ( 'NONE',  ( 1.000000000000000000, 0.000000000000000000, -0.000000000000000000 ) ) ;
#2678 = AXIS2_PLACEMENT_3D ( 'NONE', #5159, #617, #6841 ) ;
#2679 = CC_DESIGN_APPROVAL ( #4178, ( #7233 ) ) ;
#2680 = DIRECTION ( 'NONE',  ( -0.000000000000000000, 1.000000000000000000, 0.000000000000000000 ) ) ;
#2681 = PLANE ( 'NONE',  #6355 ) ;
#2682 = ORIENTED_EDGE ( 'NONE', *, *, #1271, .T. ) ;
#2683 = EDGE_LOOP ( 'NONE', ( #3574, #6474, #3589, #3498 ) ) ;
#2684 = EDGE_LOOP ( 'NONE', ( #4503, #2723, #1928, #2295 ) ) ;
#2685 = CARTESIAN_POINT ( 'NONE',  ( 50.00000000000000000, 0.000000000000000000, 2.000000000000000000 ) ) ;
#2686 = CARTESIAN_POINT ( 'NONE',  ( 93.00000000000000000, 7.000000000000006217, 7.000000000000000000 ) ) ;
#2687 = DIRECTION ( 'NONE',  ( -0.000000000000000000, 0.000000000000000000, -1.000000000000000000 ) ) ;
#2688 = DIRECTION ( 'NONE',  ( 1.000000000000000000, 0.000000000000000000, 0.000000000000000000 ) ) ;
#2689 = EDGE_CURVE ( 'NONE', #3157, #5935, #428, .T. ) ;
#2690 = ADVANCED_FACE ( 'NONE', ( #6720 ), #3890, .T. ) ;
#2691 = CARTESIAN_POINT ( 'NONE',  ( 93.00000000000000000, 1.999999999999999556, 98.00000000000000000 ) ) ;
#2692 = CARTESIAN_POINT ( 'NONE',  ( 15.00000000000000178, 87.50000000000000000, 2.000000000000000000 ) ) ;
#2693 = VECTOR ( 'NONE', #696, 1000.000000000000000 ) ;
#2694 = FACE_OUTER_BOUND ( 'NONE', #3564, .T. ) ;
#2695 = DIRECTION ( 'NONE',  ( 1.000000000000000000, 0.000000000000000000, -0.000000000000000000 ) ) ;
#2696 = LINE ( 'NONE', #6714, #58 ) ;
#2697 = ORIENTED_EDGE ( 'NONE', *, *, #16, .F. ) ;
#2698 = AXIS2_PLACEMENT_3D ( 'NONE', #4742, #5850, #4633 ) ;
#2699 = PERSON_AND_ORGANIZATION ( #7219, #2077 ) ;
#2700 = EDGE_CURVE ( 'NONE', #122, #3700, #6568, .T. ) ;
#2701 = EDGE_CURVE ( 'NONE', #4796, #5153, #3740, .T. ) ;
#2702 = EDGE_CURVE ( 'NONE', #780, #3091, #3180, .T. ) ;
#2703 = ORIENTED_EDGE ( 'NONE', *, *, #5649, .T. ) ;
#2704 = DIRECTION ( 'NONE',  ( 1.000000000000000000, 0.000000000000000000, 0.000000000000000000 ) ) ;
#2705 = DIRECTION ( 'NONE',  ( 0.000000000000000000, 0.000000000000000000, -1.000000000000000000 ) ) ;
#2706 = AXIS2_PLACEMENT_3D ( 'NONE', #1220, #1721, #2418 ) ;
#2707 = ORIENTED_EDGE ( 'NONE', *, *, #4914, .F. ) ;
#2708 = AXIS2_PLACEMENT_3D ( 'NONE', #2204, #2695, #3398 ) ;
#2709 = PLANE ( 'NONE',  #4949 ) ;
#2710 = DIRECTION ( 'NONE',  ( 0.000000000000000000, -0.000000000000000000, 1.000000000000000000 ) ) ;
#2711 = ORIENTED_EDGE ( 'NONE', *, *, #4471, .F. ) ;
#2712 = CARTESIAN_POINT ( 'NONE',  ( 84.99999999999998579, 15.00000000000000178, 22.00000000000000000 ) ) ;
#2713 = EDGE_LOOP ( 'NONE', ( #6890, #1410, #7272, #1356 ) ) ;
#2714 = PLANE ( 'NONE',  #2292 ) ;
#2715 = EDGE_LOOP ( 'NONE', ( #889, #7143, #6796, #3650 ) ) ;
#2716 = CARTESIAN_POINT ( 'NONE',  ( 10.00000000000000000, 90.00000000000000000, 2.000000000000000000 ) ) ;
#2717 = AXIS2_PLACEMENT_3D ( 'NONE', #4836, #7105, #2002 ) ;
#2718 = LINE ( 'NONE', #5458, #5022 ) ;
#2719 = DIRECTION ( 'NONE',  ( -0.000000000000000000, 0.000000000000000000, -1.000000000000000000 ) ) ;
#2720 = ORIENTED_EDGE ( 'NONE', *, *, #4656, .T. ) ;
#2721 = VECTOR ( 'NONE', #6100, 1000.000000000000000 ) ;
#2722 = ORIENTED_EDGE ( 'NONE', *, *, #5773, .T. ) ;
#2723 = ORIENTED_EDGE ( 'NONE', *, *, #4811, .T. ) ;
#2724 = DIRECTION ( 'NONE',  ( 0.000000000000000000, 1.000000000000000000, 0.000000000000000000 ) ) ;
#2725 = LINE ( 'NONE', #3874, #4352 ) ;
#2726 = CARTESIAN_POINT ( 'NONE',  ( 90.00000000000000000, 15.00000000000000178, 36.00000000000000000 ) ) ;
#2727 = DIRECTION ( 'NONE',  ( 0.000000000000000000, -0.000000000000000000, 1.000000000000000000 ) ) ;
#2728 = EDGE_CURVE ( 'NONE', #4968, #2130, #2623, .T. ) ;
#2729 = DIRECTION ( 'NONE',  ( -1.000000000000000000, 0.000000000000000000, 0.000000000000000000 ) ) ;
#2730 = CARTESIAN_POINT ( 'NONE',  ( 95.50000000000000000, 6.999999999999999112, 98.00000000000000000 ) ) ;
#2731 = DIRECTION ( 'NONE',  ( 1.000000000000000000, 0.000000000000000000, -0.000000000000000000 ) ) ;
#2732 = CARTESIAN_POINT ( 'NONE',  ( 7.000000000000006217, 98.00000000000000000, 7.000000000000000000 ) ) ;
#2733 = ADVANCED_FACE ( 'NONE', ( #990 ), #2786, .F. ) ;
#2734 = CARTESIAN_POINT ( 'NONE',  ( 6.999999999999999112, 95.00000000000000000, 20.00000000000000000 ) ) ;
#2735 = VERTEX_POINT ( 'NONE', #2751 ) ;
#2736 = COORDINATED_UNIVERSAL_TIME_OFFSET ( 5, 0, .BEHIND. ) ;
#2737 = ORIENTED_EDGE ( 'NONE', *, *, #62, .F. ) ;
#2738 = LINE ( 'NONE', #4406, #6323 ) ;
#2739 = CARTESIAN_POINT ( 'NONE',  ( 5.000000000000004441, 6.999999999999999112, 37.00000000000000000 ) ) ;
#2740 = DIRECTION ( 'NONE',  ( 0.000000000000000000, 0.000000000000000000, -1.000000000000000000 ) ) ;
#2741 = LINE ( 'NONE', #6763, #6619 ) ;
#2742 = ADVANCED_FACE ( 'NONE', ( #3414 ), #7286, .F. ) ;
#2743 = EDGE_CURVE ( 'NONE', #1484, #2045, #6693, .T. ) ;
#2745 = EDGE_CURVE ( 'NONE', #1292, #6315, #6240, .T. ) ;
#2744 = FACE_OUTER_BOUND ( 'NONE', #4372, .T. ) ;
#2746 = DIRECTION ( 'NONE',  ( 1.000000000000000000, 0.000000000000000000, 0.000000000000000000 ) ) ;
#2747 = EDGE_LOOP ( 'NONE', ( #154, #2826, #4072, #1563 ) ) ;
#2748 = DIRECTION ( 'NONE',  ( 0.000000000000000000, 0.000000000000000000, 1.000000000000000000 ) ) ;
#2749 = VECTOR ( 'NONE', #2962, 1000.000000000000000 ) ;
#2750 = ORIENTED_EDGE ( 'NONE', *, *, #4415, .T. ) ;
#2751 = CARTESIAN_POINT ( 'NONE',  ( 90.00000000000000000, 90.00000000000000000, 61.00000000000000000 ) ) ;
#2752 = ORIENTED_EDGE ( 'NONE', *, *, #4233, .T. ) ;
#2753 = VECTOR ( 'NONE', #4173, 1000.000000000000000 ) ;
#2754 = DIRECTION ( 'NONE',  ( 0.000000000000000000, -1.000000000000000000, 0.000000000000000000 ) ) ;
#2755 = CARTESIAN_POINT ( 'NONE',  ( 6.999999999999999112, 5.000000000000004441, 37.00000000000000000 ) ) ;
#2756 = CARTESIAN_POINT ( 'NONE',  ( 2.000000000000001776, 2.000000000000000000, 98.00000000000000000 ) ) ;
#2757 = VECTOR ( 'NONE', #2724, 1000.000000000000000 ) ;
#2758 = VERTEX_POINT ( 'NONE', #5091 ) ;
#2759 = EDGE_LOOP ( 'NONE', ( #3899, #942, #3938, #6223 ) ) ;
#2760 = ORIENTED_EDGE ( 'NONE', *, *, #2928, .T. ) ;
#2761 = LINE ( 'NONE', #3762, #4297 ) ;
#2762 = LINE ( 'NONE', #5617, #1257 ) ;
#2763 = LINE ( 'NONE', #5618, #2957 ) ;
#2764 = LINE ( 'NONE', #4288, #3452 ) ;
#2765 = VECTOR ( 'NONE', #6509, 1000.000000000000000 ) ;
#2766 = CARTESIAN_POINT ( 'NONE',  ( 15.00000000000000178, 84.99999999999998579, 19.00000000000000000 ) ) ;
#2767 = DIRECTION ( 'NONE',  ( 0.000000000000000000, -1.000000000000000000, -0.000000000000000000 ) ) ;
#2768 = CARTESIAN_POINT ( 'NONE',  ( 93.00000000000000000, 93.00000000000000000, 93.00000000000000000 ) ) ;
#2769 = DIRECTION ( 'NONE',  ( 0.000000000000000000, -1.000000000000000000, 0.000000000000000000 ) ) ;
#2770 = DIRECTION ( 'NONE',  ( 0.000000000000000000, 0.000000000000000000, 1.000000000000000000 ) ) ;
#2771 = VERTEX_POINT ( 'NONE', #4983 ) ;
#2772 = VECTOR ( 'NONE', #1632, 1000.000000000000000 ) ;
#2773 = VERTEX_POINT ( 'NONE', #4570 ) ;
#2774 = ORIENTED_EDGE ( 'NONE', *, *, #3830, .F. ) ;
#2775 = DIRECTION ( 'NONE',  ( 0.000000000000000000, 0.000000000000000000, 1.000000000000000000 ) ) ;
#2776 = VERTEX_POINT ( 'NONE', #1589 ) ;
#2777 = DIRECTION ( 'NONE',  ( 0.000000000000000000, 1.000000000000000000, 0.000000000000000000 ) ) ;
#2778 = VECTOR ( 'NONE', #3368, 1000.000000000000000 ) ;
#2779 = CARTESIAN_POINT ( 'NONE',  ( 6.999999999999999112, 95.00000000000000000, 63.00000000000000000 ) ) ;
#2780 = LINE ( 'NONE', #5709, #532 ) ;
#2781 = EDGE_LOOP ( 'NONE', ( #3997, #708, #1976, #1223 ) ) ;
#2782 = FACE_OUTER_BOUND ( 'NONE', #2545, .T. ) ;
#2783 = EDGE_CURVE ( 'NONE', #87, #7297, #2858, .T. ) ;
#2784 = ADVANCED_FACE ( 'NONE', ( #3342 ), #3824, .T. ) ;
#2785 = ORIENTED_EDGE ( 'NONE', *, *, #5463, .T. ) ;
#2786 = PLANE ( 'NONE',  #4547 ) ;
#2787 = ORIENTED_EDGE ( 'NONE', *, *, #4610, .F. ) ;
#2788 = CARTESIAN_POINT ( 'NONE',  ( 4.500000000000000000, 50.00000000000000000, 93.00000000000000000 ) ) ;
#2789 = DIRECTION ( 'NONE',  ( 0.000000000000000000, 0.000000000000000000, 1.000000000000000000 ) ) ;
#2790 = DIRECTION ( 'NONE',  ( 1.000000000000000000, 0.000000000000000000, -0.000000000000000000 ) ) ;
#2791 = VECTOR ( 'NONE', #320, 1000.000000000000000 ) ;
#2792 = ADVANCED_FACE ( 'NONE', ( #6769 ), #2714, .T. ) ;
#2793 = ADVANCED_FACE ( 'NONE', ( #4493 ), #4454, .T. ) ;
#2794 = EDGE_CURVE ( 'NONE', #4198, #612, #1710, .T. ) ;
#2795 = EDGE_LOOP ( 'NONE', ( #2259, #4203, #1782, #1059 ) ) ;
#2796 = ORIENTED_EDGE ( 'NONE', *, *, #5322, .F. ) ;
#2797 = VERTEX_POINT ( 'NONE', #3900 ) ;
#2799 = CARTESIAN_POINT ( 'NONE',  ( 90.00000000000000000, 12.50000000000000000, 98.00000000000000000 ) ) ;
#2798 = VECTOR ( 'NONE', #3933, 1000.000000000000000 ) ;
#2800 = VECTOR ( 'NONE', #201, 1000.000000000000000 ) ;
#2801 = DIRECTION ( 'NONE',  ( -0.000000000000000000, 0.000000000000000000, -1.000000000000000000 ) ) ;
#2802 = CARTESIAN_POINT ( 'NONE',  ( 15.00000000000000178, 84.99999999999998579, 20.00000000000000000 ) ) ;
#2803 = PLANE ( 'NONE',  #620 ) ;
#2804 = VERTEX_POINT ( 'NONE', #3862 ) ;
#2805 = DIRECTION ( 'NONE',  ( 0.000000000000000000, 1.000000000000000000, 0.000000000000000000 ) ) ;
#2806 = CARTESIAN_POINT ( 'NONE',  ( 7.000000000000006217, 1.999999999999999556, 93.00000000000000000 ) ) ;
#2807 = FACE_OUTER_BOUND ( 'NONE', #6154, .T. ) ;
#2808 = DIRECTION ( 'NONE',  ( -1.000000000000000000, -0.000000000000000000, 0.000000000000000000 ) ) ;
#2809 = DIRECTION ( 'NONE',  ( 0.000000000000000000, -0.000000000000000000, 1.000000000000000000 ) ) ;
#2810 = ORIENTED_EDGE ( 'NONE', *, *, #3008, .T. ) ;
#2811 = DATE_AND_TIME ( #7237, #2920 ) ;
#2812 = AXIS2_PLACEMENT_3D ( 'NONE', #2232, #2801, #2973 ) ;
#2813 = ORIENTED_EDGE ( 'NONE', *, *, #6101, .F. ) ;
#2814 = ORIENTED_EDGE ( 'NONE', *, *, #2971, .T. ) ;
#2815 = DIRECTION ( 'NONE',  ( 1.000000000000000000, 0.000000000000000000, 0.000000000000000000 ) ) ;
#2816 = LINE ( 'NONE', #4003, #1080 ) ;
#2817 = CARTESIAN_POINT ( 'NONE',  ( 50.00000000000000000, 10.00000000000000178, 78.00000000000000000 ) ) ;
#2818 = FACE_BOUND ( 'NONE', #2823, .T. ) ;
#2819 = PLANE ( 'NONE',  #5638 ) ;
#2820 = VECTOR ( 'NONE', #5673, 1000.000000000000000 ) ;
#2821 = ORIENTED_EDGE ( 'NONE', *, *, #1834, .F. ) ;
#2822 = PLANE ( 'NONE',  #7072 ) ;
#2823 = EDGE_LOOP ( 'NONE', ( #1206, #4903, #7214, #1375 ) ) ;
#2824 = VECTOR ( 'NONE', #2012, 1000.000000000000000 ) ;
#2825 = DIRECTION ( 'NONE',  ( -0.000000000000000000, 0.000000000000000000, -1.000000000000000000 ) ) ;
#2826 = ORIENTED_EDGE ( 'NONE', *, *, #4062, .F. ) ;
#2827 = DIRECTION ( 'NONE',  ( -1.000000000000000000, 0.000000000000000000, 0.000000000000000000 ) ) ;
#2828 = EDGE_CURVE ( 'NONE', #1466, #845, #2221, .T. ) ;
#2829 = EDGE_CURVE ( 'NONE', #2544, #991, #5531, .T. ) ;
#2830 = DIRECTION ( 'NONE',  ( -0.000000000000000000, 1.000000000000000000, 0.000000000000000000 ) ) ;
#2831 = LINE ( 'NONE', #5648, #298 ) ;
#2832 = EDGE_LOOP ( 'NONE', ( #1028, #1307, #6958, #5090 ) ) ;
#2833 = ORIENTED_EDGE ( 'NONE', *, *, #951, .F. ) ;
#2834 = EDGE_LOOP ( 'NONE', ( #6530, #4264, #665, #5853 ) ) ;
#2835 = PLANE ( 'NONE',  #5951 ) ;
#2836 = FACE_OUTER_BOUND ( 'NONE', #5456, .T. ) ;
#2837 = ADVANCED_FACE ( 'NONE', ( #28 ), #1142, .T. ) ;
#2838 = ADVANCED_FACE ( 'NONE', ( #438 ), #7251, .F. ) ;
#2839 = CARTESIAN_POINT ( 'NONE',  ( 50.00000000000000000, 98.00000000000000000, 98.00000000000000000 ) ) ;
#2840 = EDGE_CURVE ( 'NONE', #2255, #5055, #3304, .T. ) ;
#2841 = VECTOR ( 'NONE', #1518, 1000.000000000000000 ) ;
#2842 = EDGE_LOOP ( 'NONE', ( #6911, #3366, #3351, #6036 ) ) ;
#2843 = DIRECTION ( 'NONE',  ( 0.000000000000000000, -1.000000000000000000, 0.000000000000000000 ) ) ;
#2844 = DIRECTION ( 'NONE',  ( 0.000000000000000000, -1.000000000000000000, 0.000000000000000000 ) ) ;
#2845 = LINE ( 'NONE', #4998, #795 ) ;
#2846 = LINE ( 'NONE', #6864, #3336 ) ;
#2847 = VERTEX_POINT ( 'NONE', #761 ) ;
#2848 = ORIENTED_EDGE ( 'NONE', *, *, #6104, .F. ) ;
#2849 = EDGE_LOOP ( 'NONE', ( #4692, #5429, #679, #4449 ) ) ;
#2850 = CARTESIAN_POINT ( 'NONE',  ( 98.00000000000000000, 98.00000000000000000, 98.00000000000000000 ) ) ;
#2851 = LINE ( 'NONE', #53, #3691 ) ;
#2852 = DIRECTION ( 'NONE',  ( 0.000000000000000000, 0.000000000000000000, 1.000000000000000000 ) ) ;
#2853 = PLANE ( 'NONE',  #2673 ) ;
#2854 = CARTESIAN_POINT ( 'NONE',  ( 84.99999999999998579, 87.50000000000000000, 60.00000000000000000 ) ) ;
#2855 = EDGE_LOOP ( 'NONE', ( #3554, #773, #3341, #3710 ) ) ;
#2856 = DIRECTION ( 'NONE',  ( -1.000000000000000000, -0.000000000000000000, 0.000000000000000000 ) ) ;
#2857 = ORIENTED_EDGE ( 'NONE', *, *, #3733, .F. ) ;
#2858 = LINE ( 'NONE', #5125, #4077 ) ;
#2859 = EDGE_LOOP ( 'NONE', ( #6961, #5466, #5802, #929 ) ) ;
#2860 = CARTESIAN_POINT ( 'NONE',  ( 90.00000000000000000, 90.00000000000000000, 39.00000000000000000 ) ) ;
#2861 = DIRECTION ( 'NONE',  ( 0.000000000000000000, 0.000000000000000000, 1.000000000000000000 ) ) ;
#2862 = CARTESIAN_POINT ( 'NONE',  ( 6.999999999999999112, 95.00000000000000000, 61.00000000000000000 ) ) ;
#2863 = VECTOR ( 'NONE', #857, 1000.000000000000000 ) ;
#2864 = EDGE_LOOP ( 'NONE', ( #4635, #1425, #6455, #2042 ) ) ;
#2865 = VECTOR ( 'NONE', #5297, 1000.000000000000000 ) ;
#2866 = EDGE_CURVE ( 'NONE', #171, #636, #134, .T. ) ;
#2867 = ORIENTED_EDGE ( 'NONE', *, *, #1592, .T. ) ;
#2868 = VERTEX_POINT ( 'NONE', #6988 ) ;
#2869 = DIRECTION ( 'NONE',  ( 0.000000000000000000, 0.000000000000000000, -1.000000000000000000 ) ) ;
#2870 = LINE ( 'NONE', #4058, #5921 ) ;
#2871 = DIRECTION ( 'NONE',  ( 0.000000000000000000, -0.000000000000000000, 1.000000000000000000 ) ) ;
#2872 = VECTOR ( 'NONE', #5325, 1000.000000000000000 ) ;
#2873 = VERTEX_POINT ( 'NONE', #3039 ) ;
#2874 = EDGE_CURVE ( 'NONE', #5615, #7333, #100, .T. ) ;
#2875 = EDGE_CURVE ( 'NONE', #3677, #4867, #728, .T. ) ;
#2876 = ADVANCED_FACE ( 'NONE', ( #2969 ), #2405, .F. ) ;
#2877 = CARTESIAN_POINT ( 'NONE',  ( 95.00000000000000000, 93.00000000000000000, 78.00000000000000000 ) ) ;
#2878 = FACE_OUTER_BOUND ( 'NONE', #1447, .T. ) ;
#2879 = LINE ( 'NONE', #639, #7217 ) ;
#2880 = PLANE ( 'NONE',  #2023 ) ;
#2881 = VERTEX_POINT ( 'NONE', #6912 ) ;
#2882 = VECTOR ( 'NONE', #6819, 1000.000000000000000 ) ;
#2883 = EDGE_CURVE ( 'NONE', #4351, #1363, #5267, .T. ) ;
#2884 = EDGE_CURVE ( 'NONE', #2275, #3677, #659, .T. ) ;
#2885 = EDGE_LOOP ( 'NONE', ( #7124, #3629, #2711, #6618 ) ) ;
#2886 = ORIENTED_EDGE ( 'NONE', *, *, #556, .T. ) ;
#2887 = DIRECTION ( 'NONE',  ( -1.000000000000000000, -0.000000000000000000, 0.000000000000000000 ) ) ;
#2888 = CARTESIAN_POINT ( 'NONE',  ( 95.50000000000000000, 7.000000000000006217, 93.00000000000000000 ) ) ;
#2889 = LINE ( 'NONE', #200, #5895 ) ;
#2890 = APPLICATION_CONTEXT ( 'configuration controlled 3d designs of mechanical parts and assemblies' ) ;
#2891 = CARTESIAN_POINT ( 'NONE',  ( 90.00000000000000000, 87.50000000000000000, 36.00000000000000000 ) ) ;
#2892 = PLANE ( 'NONE',  #5870 ) ;
#2893 = AXIS2_PLACEMENT_3D ( 'NONE', #3216, #5594, #1579 ) ;
#2894 = ORIENTED_EDGE ( 'NONE', *, *, #6038, .F. ) ;
#2895 = DIRECTION ( 'NONE',  ( 0.000000000000000000, 0.000000000000000000, 1.000000000000000000 ) ) ;
#2896 = EDGE_LOOP ( 'NONE', ( #7322, #5154, #1565, #2475 ) ) ;
#2897 = VECTOR ( 'NONE', #5116, 1000.000000000000000 ) ;
#2898 = DIRECTION ( 'NONE',  ( 1.000000000000000000, 0.000000000000000000, -0.000000000000000000 ) ) ;
#2899 = ORIENTED_EDGE ( 'NONE', *, *, #4819, .F. ) ;
#2900 = LINE ( 'NONE', #6771, #2357 ) ;
#2901 = LINE ( 'NONE', #1634, #3509 ) ;
#2902 = ORIENTED_EDGE ( 'NONE', *, *, #1099, .T. ) ;
#2903 = ORIENTED_EDGE ( 'NONE', *, *, #1140, .T. ) ;
#2904 = ORIENTED_EDGE ( 'NONE', *, *, #6420, .T. ) ;
#2905 = LINE ( 'NONE', #2945, #136 ) ;
#2906 = CARTESIAN_POINT ( 'NONE',  ( 95.00000000000000000, 7.000000000000000000, 36.00000000000000000 ) ) ;
#2907 = CARTESIAN_POINT ( 'NONE',  ( 1.999999999999999556, 95.50000000000000000, 2.000000000000000000 ) ) ;
#2908 = VERTEX_POINT ( 'NONE', #4014 ) ;
#2909 = VECTOR ( 'NONE', #1929, 1000.000000000000000 ) ;
#2910 = VECTOR ( 'NONE', #4491, 1000.000000000000000 ) ;
#2911 = VECTOR ( 'NONE', #4149, 1000.000000000000000 ) ;
#2912 = CARTESIAN_POINT ( 'NONE',  ( 7.000000000000006217, 95.50000000000000000, 93.00000000000000000 ) ) ;
#2913 = LINE ( 'NONE', #4587, #1987 ) ;
#2914 = CARTESIAN_POINT ( 'NONE',  ( 84.99999999999998579, 90.00000000000000000, 60.00000000000000000 ) ) ;
#2915 = CARTESIAN_POINT ( 'NONE',  ( 0.000000000000000000, 0.000000000000000000, 0.000000000000000000 ) ) ;
#2916 = ORIENTED_EDGE ( 'NONE', *, *, #7328, .F. ) ;
#2917 = VECTOR ( 'NONE', #1714, 1000.000000000000000 ) ;
#2918 = EDGE_CURVE ( 'NONE', #5208, #6466, #622, .T. ) ;
#2919 = EDGE_CURVE ( 'NONE', #2873, #2758, #4156, .T. ) ;
#2920 = LOCAL_TIME ( 22, 0, 20.00000000000000000, #4518 ) ;
#2921 = ORIENTED_EDGE ( 'NONE', *, *, #5503, .T. ) ;
#2922 = VERTEX_POINT ( 'NONE', #4638 ) ;
#2923 = DIRECTION ( 'NONE',  ( -0.000000000000000000, 1.000000000000000000, 0.000000000000000000 ) ) ;
#2924 = LINE ( 'NONE', #126, #4289 ) ;
#2925 = DIRECTION ( 'NONE',  ( 1.000000000000000000, 0.000000000000000000, -0.000000000000000000 ) ) ;
#2926 = PLANE ( 'NONE',  #7310 ) ;
#2927 = EDGE_CURVE ( 'NONE', #5670, #2771, #1210, .T. ) ;
#2928 = EDGE_CURVE ( 'NONE', #1894, #3090, #1851, .T. ) ;
#2929 = EDGE_CURVE ( 'NONE', #3303, #850, #4120, .T. ) ;
#2930 = EDGE_LOOP ( 'NONE', ( #3975, #2532, #161, #1434 ) ) ;
#2931 = CARTESIAN_POINT ( 'NONE',  ( 12.50000000000000000, 84.99999999999998579, 77.00000000000000000 ) ) ;
#2932 = AXIS2_PLACEMENT_3D ( 'NONE', #7335, #4716, #5580 ) ;
#2933 = VERTEX_POINT ( 'NONE', #1813 ) ;
#2934 = DIRECTION ( 'NONE',  ( -1.000000000000000000, 0.000000000000000000, 0.000000000000000000 ) ) ;
#2935 = AXIS2_PLACEMENT_3D ( 'NONE', #5188, #5777, #6194 ) ;
#2936 = ORIENTED_EDGE ( 'NONE', *, *, #190, .T. ) ;
#2937 = DIRECTION ( 'NONE',  ( 0.000000000000000000, 0.000000000000000000, 1.000000000000000000 ) ) ;
#2938 = DIRECTION ( 'NONE',  ( 0.000000000000000000, -1.000000000000000000, 0.000000000000000000 ) ) ;
#2939 = LINE ( 'NONE', #4052, #5045 ) ;
#2940 = AXIS2_PLACEMENT_3D ( 'NONE', #7317, #3931, #5632 ) ;
#2941 = EDGE_LOOP ( 'NONE', ( #5412, #3870, #1211, #7181 ) ) ;
#2942 = DIRECTION ( 'NONE',  ( 0.000000000000000000, 0.000000000000000000, 1.000000000000000000 ) ) ;
#2943 = ORIENTED_EDGE ( 'NONE', *, *, #4273, .F. ) ;
#2944 = ORIENTED_EDGE ( 'NONE', *, *, #3190, .T. ) ;
#2945 = CARTESIAN_POINT ( 'NONE',  ( 50.00000000000000000, 6.999999999999999112, 78.00000000000000000 ) ) ;
#2946 = AXIS2_PLACEMENT_3D ( 'NONE', #2536, #7080, #5291 ) ;
#2947 = DIRECTION ( 'NONE',  ( 0.000000000000000000, -1.000000000000000000, -0.000000000000000000 ) ) ;
#2948 = LINE ( 'NONE', #1158, #2521 ) ;
#2949 = VERTEX_POINT ( 'NONE', #5788 ) ;
#2950 = EDGE_LOOP ( 'NONE', ( #3651, #5688, #5462, #1788 ) ) ;
#2951 = CARTESIAN_POINT ( 'NONE',  ( 2.000000000000001776, 1.000000000000000000, 98.00000000000000000 ) ) ;
#2952 = DIRECTION ( 'NONE',  ( 0.000000000000000000, 0.000000000000000000, 1.000000000000000000 ) ) ;
#2953 = CARTESIAN_POINT ( 'NONE',  ( 15.00000000000000178, 10.00000000000000000, 2.000000000000000000 ) ) ;
#2954 = DIRECTION ( 'NONE',  ( 1.000000000000000000, 0.000000000000000000, -0.000000000000000000 ) ) ;
#2955 = ORIENTED_EDGE ( 'NONE', *, *, #3809, .T. ) ;
#2956 = VECTOR ( 'NONE', #1442, 1000.000000000000000 ) ;
#2957 = VECTOR ( 'NONE', #5542, 1000.000000000000000 ) ;
#2958 = ORIENTED_EDGE ( 'NONE', *, *, #4322, .T. ) ;
#2959 = CC_DESIGN_PERSON_AND_ORGANIZATION_ASSIGNMENT ( #2699, #1093, ( #1129 ) ) ;
#2960 = CARTESIAN_POINT ( 'NONE',  ( 6.999999999999999112, 95.00000000000000000, 80.00000000000000000 ) ) ;
#2961 = EDGE_CURVE ( 'NONE', #5827, #6040, #3485, .T. ) ;
#2962 = DIRECTION ( 'NONE',  ( 1.000000000000000000, 0.000000000000000000, -0.000000000000000000 ) ) ;
#2963 = LINE ( 'NONE', #7013, #3765 ) ;
#2964 = LINE ( 'NONE', #5226, #6595 ) ;
#2965 = ORIENTED_EDGE ( 'NONE', *, *, #48, .T. ) ;
#2966 = CARTESIAN_POINT ( 'NONE',  ( 93.00000000000000000, 95.50000000000000000, 2.000000000000000000 ) ) ;
#2967 = EDGE_LOOP ( 'NONE', ( #1789, #4657, #2416, #5039 ) ) ;
#2968 = ADVANCED_FACE ( 'NONE', ( #4713 ), #2479, .T. ) ;
#2969 = FACE_OUTER_BOUND ( 'NONE', #1821, .T. ) ;
#2970 = EDGE_CURVE ( 'NONE', #4793, #3791, #5715, .T. ) ;
#2971 = EDGE_CURVE ( 'NONE', #3276, #4172, #67, .T. ) ;
#2972 = VERTEX_POINT ( 'NONE', #1781 ) ;
#2973 = DIRECTION ( 'NONE',  ( -1.000000000000000000, 0.000000000000000000, 0.000000000000000000 ) ) ;
#2974 = CARTESIAN_POINT ( 'NONE',  ( 93.00000000000000000, 50.00000000000000000, 22.00000000000000000 ) ) ;
#2975 = ORIENTED_EDGE ( 'NONE', *, *, #2097, .T. ) ;
#2976 = CARTESIAN_POINT ( 'NONE',  ( 93.00000000000000000, 7.000000000000006217, 93.00000000000000000 ) ) ;
#2977 = VERTEX_POINT ( 'NONE', #1287 ) ;
#2978 = DIRECTION ( 'NONE',  ( 0.000000000000000000, 0.000000000000000000, 1.000000000000000000 ) ) ;
#2979 = ADVANCED_FACE ( 'NONE', ( #6308 ), #6342, .T. ) ;
#2980 = ORIENTED_EDGE ( 'NONE', *, *, #5832, .F. ) ;
#2981 = ORIENTED_EDGE ( 'NONE', *, *, #4361, .F. ) ;
#2982 = CARTESIAN_POINT ( 'NONE',  ( 50.00000000000000000, 2.000000000000000000, 98.00000000000000000 ) ) ;
#2983 = CARTESIAN_POINT ( 'NONE',  ( 95.00000000000000000, 50.00000000000000000, 39.00000000000000000 ) ) ;
#2984 = DIRECTION ( 'NONE',  ( 0.000000000000000000, 0.000000000000000000, 1.000000000000000000 ) ) ;
#2985 = VECTOR ( 'NONE', #2430, 1000.000000000000000 ) ;
#2986 = ORIENTED_EDGE ( 'NONE', *, *, #3510, .T. ) ;
#2987 = ORIENTED_EDGE ( 'NONE', *, *, #1922, .F. ) ;
#2988 = VECTOR ( 'NONE', #6375, 1000.000000000000000 ) ;
#2989 = DIRECTION ( 'NONE',  ( -0.000000000000000000, 1.000000000000000000, 0.000000000000000000 ) ) ;
#2990 = CARTESIAN_POINT ( 'NONE',  ( 50.00000000000000000, 50.00000000000000000, 63.00000000000000000 ) ) ;
#2991 = DIRECTION ( 'NONE',  ( 0.000000000000000000, 0.000000000000000000, 1.000000000000000000 ) ) ;
#2992 = AXIS2_PLACEMENT_3D ( 'NONE', #4961, #1686, #2126 ) ;
#2993 = CARTESIAN_POINT ( 'NONE',  ( 87.50000000000000000, 15.00000000000000178, 36.00000000000000000 ) ) ;
#2994 = VERTEX_POINT ( 'NONE', #2586 ) ;
#2995 = ORIENTED_EDGE ( 'NONE', *, *, #4906, .F. ) ;
#2996 = DIRECTION ( 'NONE',  ( 0.000000000000000000, 0.000000000000000000, 1.000000000000000000 ) ) ;
#2997 = DIRECTION ( 'NONE',  ( -0.000000000000000000, 0.000000000000000000, -1.000000000000000000 ) ) ;
#2998 = DIRECTION ( 'NONE',  ( 0.000000000000000000, 0.000000000000000000, 1.000000000000000000 ) ) ;
#2999 = CARTESIAN_POINT ( 'NONE',  ( 50.00000000000000000, 4.500000000000000000, 98.00000000000000000 ) ) ;
#3000 = EDGE_LOOP ( 'NONE', ( #4390, #4428, #3923, #7092 ) ) ;
#3001 = FACE_OUTER_BOUND ( 'NONE', #1109, .T. ) ;
#3002 = ORIENTED_EDGE ( 'NONE', *, *, #4244, .T. ) ;
#3003 = DIRECTION ( 'NONE',  ( -0.000000000000000000, 1.000000000000000000, 0.000000000000000000 ) ) ;
#3004 = ORIENTED_EDGE ( 'NONE', *, *, #6927, .T. ) ;
#3005 = CARTESIAN_POINT ( 'NONE',  ( 6.999999999999999112, 1.999999999999999556, 2.000000000000000000 ) ) ;
#3006 = LINE ( 'NONE', #4229, #6393 ) ;
#3007 = LINE ( 'NONE', #1784, #3983 ) ;
#3008 = EDGE_CURVE ( 'NONE', #1295, #251, #6569, .T. ) ;
#3009 = EDGE_CURVE ( 'NONE', #3303, #2147, #2515, .T. ) ;
#3010 = VECTOR ( 'NONE', #7329, 1000.000000000000000 ) ;
#3011 = ORIENTED_EDGE ( 'NONE', *, *, #1508, .T. ) ;
#3012 = DIRECTION ( 'NONE',  ( 0.000000000000000000, -1.000000000000000000, 0.000000000000000000 ) ) ;
#3013 = ORIENTED_EDGE ( 'NONE', *, *, #7199, .T. ) ;
#3014 = ORIENTED_EDGE ( 'NONE', *, *, #5684, .F. ) ;
#3015 = DIRECTION ( 'NONE',  ( -0.000000000000000000, 0.000000000000000000, -1.000000000000000000 ) ) ;
#3016 = CARTESIAN_POINT ( 'NONE',  ( 4.500000000000000000, 7.000000000000006217, 2.000000000000000000 ) ) ;
#3017 = CARTESIAN_POINT ( 'NONE',  ( 50.00000000000000000, 95.00000000000000000, 63.00000000000000000 ) ) ;
#3018 = ADVANCED_FACE ( 'NONE', ( #834 ), #5339, .F. ) ;
#3019 = EDGE_CURVE ( 'NONE', #2045, #7331, #7128, .T. ) ;
#3020 = ORIENTED_EDGE ( 'NONE', *, *, #2376, .F. ) ;
#3021 = ADVANCED_FACE ( 'NONE', ( #6529 ), #2624, .T. ) ;
#3022 = VERTEX_POINT ( 'NONE', #390 ) ;
#3023 = VECTOR ( 'NONE', #6712, 1000.000000000000000 ) ;
#3024 = CARTESIAN_POINT ( 'NONE',  ( 7.000000000000000000, 93.00000000000000000, 77.00000000000000000 ) ) ;
#3025 = PLANE ( 'NONE',  #2946 ) ;
#3026 = CARTESIAN_POINT ( 'NONE',  ( 7.000000000000006217, 4.500000000000000000, 2.000000000000000000 ) ) ;
#3027 = FACE_OUTER_BOUND ( 'NONE', #6882, .T. ) ;
#3028 = AXIS2_PLACEMENT_3D ( 'NONE', #3302, #5605, #584 ) ;
#3029 = VERTEX_POINT ( 'NONE', #351 ) ;
#3030 = DIRECTION ( 'NONE',  ( 0.000000000000000000, 0.000000000000000000, 1.000000000000000000 ) ) ;
#3031 = CARTESIAN_POINT ( 'NONE',  ( 93.00000000000000000, 50.00000000000000000, 61.00000000000000000 ) ) ;
#3032 = DIRECTION ( 'NONE',  ( 0.000000000000000000, -1.000000000000000000, -0.000000000000000000 ) ) ;
#3033 = VECTOR ( 'NONE', #1531, 1000.000000000000000 ) ;
#3034 = LOCAL_TIME ( 22, 0, 20.00000000000000000, #7125 ) ;
#3035 = CARTESIAN_POINT ( 'NONE',  ( 90.00000000000000000, 15.00000000000000178, 2.000000000000000000 ) ) ;
#3036 = ORIENTED_EDGE ( 'NONE', *, *, #1225, .T. ) ;
#3037 = DIRECTION ( 'NONE',  ( -0.000000000000000000, 0.000000000000000000, -1.000000000000000000 ) ) ;
#3038 = ORIENTED_EDGE ( 'NONE', *, *, #4099, .F. ) ;
#3039 = CARTESIAN_POINT ( 'NONE',  ( 90.00000000000000000, 10.00000000000000000, 20.00000000000000000 ) ) ;
#3040 = ORIENTED_EDGE ( 'NONE', *, *, #3645, .F. ) ;
#3041 = DIRECTION ( 'NONE',  ( 0.000000000000000000, 0.000000000000000000, 1.000000000000000000 ) ) ;
#3042 = PLANE ( 'NONE',  #452 ) ;
#3043 = LINE ( 'NONE', #5311, #56 ) ;
#3044 = ORIENTED_EDGE ( 'NONE', *, *, #4827, .F. ) ;
#3045 = DIRECTION ( 'NONE',  ( -0.000000000000000000, 0.000000000000000000, -1.000000000000000000 ) ) ;
#3046 = VERTEX_POINT ( 'NONE', #799 ) ;
#3047 = VECTOR ( 'NONE', #1853, 1000.000000000000000 ) ;
#3048 = VERTEX_POINT ( 'NONE', #7091 ) ;
#3049 = CARTESIAN_POINT ( 'NONE',  ( 95.00000000000000000, 93.00000000000000000, 60.00000000000000000 ) ) ;
#3050 = EDGE_CURVE ( 'NONE', #2154, #7076, #1428, .T. ) ;
#3051 = EDGE_CURVE ( 'NONE', #2293, #36, #2064, .T. ) ;
#3052 = EDGE_CURVE ( 'NONE', #95, #2275, #3108, .T. ) ;
#3053 = FACE_OUTER_BOUND ( 'NONE', #5792, .T. ) ;
#3054 = CARTESIAN_POINT ( 'NONE',  ( 50.00000000000000000, 15.00000000000000000, 20.00000000000000000 ) ) ;
#3055 = AXIS2_PLACEMENT_3D ( 'NONE', #21, #6833, #5564 ) ;
#3056 = VERTEX_POINT ( 'NONE', #6004 ) ;
#3057 = ORIENTED_EDGE ( 'NONE', *, *, #602, .T. ) ;
#3058 = VERTEX_POINT ( 'NONE', #6042 ) ;
#3059 = AXIS2_PLACEMENT_3D ( 'NONE', #5625, #2808, #3884 ) ;
#3060 = LINE ( 'NONE', #6552, #1916 ) ;
#3061 = EDGE_CURVE ( 'NONE', #335, #6922, #5482, .T. ) ;
#3062 = EDGE_CURVE ( 'NONE', #2442, #4901, #5966, .T. ) ;
#3063 = EDGE_CURVE ( 'NONE', #5659, #5615, #4338, .T. ) ;
#3064 = DIRECTION ( 'NONE',  ( -1.000000000000000000, -0.000000000000000000, 0.000000000000000000 ) ) ;
#3065 = DIRECTION ( 'NONE',  ( 0.000000000000000000, 0.000000000000000000, 1.000000000000000000 ) ) ;
#3066 = DIRECTION ( 'NONE',  ( 1.000000000000000000, 0.000000000000000000, -0.000000000000000000 ) ) ;
#3067 = CARTESIAN_POINT ( 'NONE',  ( 93.00000000000000000, 5.000000000000004441, 61.00000000000000000 ) ) ;
#3068 = LINE ( 'NONE', #5298, #1680 ) ;
#3069 = DIRECTION ( 'NONE',  ( 0.000000000000000000, 0.000000000000000000, 1.000000000000000000 ) ) ;
#3070 = VECTOR ( 'NONE', #2482, 1000.000000000000000 ) ;
#3071 = DIRECTION ( 'NONE',  ( 1.000000000000000000, 0.000000000000000000, -0.000000000000000000 ) ) ;
#3072 = ORIENTED_EDGE ( 'NONE', *, *, #4520, .T. ) ;
#3073 = VECTOR ( 'NONE', #1034, 1000.000000000000000 ) ;
#3074 = DESIGN_CONTEXT ( 'detailed design', #2890, 'design' ) ;
#3075 = VERTEX_POINT ( 'NONE', #1990 ) ;
#3076 = CLOSED_SHELL ( 'NONE', ( #776, #7017, #7292, #4109, #1190, #5861, #230, #3411, #3241, #6548, #7264, #5406, #4332, #6143, #4108, #5200, #2876, #419, #2178, #7066, #6461, #3511, #1003, #6657, #6593, #3369, #3274, #6090, #6241, #2742 ) ) ;
#3077 = CARTESIAN_POINT ( 'NONE',  ( 84.99999999999998579, 87.50000000000000000, 2.000000000000000000 ) ) ;
#3078 = ORIENTED_EDGE ( 'NONE', *, *, #6592, .F. ) ;
#3079 = DIRECTION ( 'NONE',  ( 0.000000000000000000, 0.000000000000000000, 1.000000000000000000 ) ) ;
#3080 = CARTESIAN_POINT ( 'NONE',  ( 100.0000000000000000, 100.0000000000000000, 98.00000000000000000 ) ) ;
#3081 = LINE ( 'NONE', #6347, #762 ) ;
#3082 = VERTEX_POINT ( 'NONE', #6454 ) ;
#3083 = CARTESIAN_POINT ( 'NONE',  ( 5.000000000000004441, 93.00000000000000000, 61.00000000000000000 ) ) ;
#3084 = VERTEX_POINT ( 'NONE', #4263 ) ;
#3085 = ORIENTED_EDGE ( 'NONE', *, *, #4232, .T. ) ;
#3086 = DIRECTION ( 'NONE',  ( 0.000000000000000000, 0.000000000000000000, 1.000000000000000000 ) ) ;
#3087 = CARTESIAN_POINT ( 'NONE',  ( 10.00000000000000000, 15.00000000000000178, 36.00000000000000000 ) ) ;
#3088 = LINE ( 'NONE', #3017, #3949 ) ;
#3089 = EDGE_LOOP ( 'NONE', ( #5489, #3593, #5041, #6167 ) ) ;
#3090 = VERTEX_POINT ( 'NONE', #1505 ) ;
#3091 = VERTEX_POINT ( 'NONE', #3669 ) ;
#3092 = CARTESIAN_POINT ( 'NONE',  ( 7.000000000000006217, 4.500000000000000000, 93.00000000000000000 ) ) ;
#3093 = CARTESIAN_POINT ( 'NONE',  ( 98.00000000000000000, 6.999999999999999112, 98.00000000000000000 ) ) ;
#3094 = CARTESIAN_POINT ( 'NONE',  ( 0.000000000000000000, 100.0000000000000000, 0.000000000000000000 ) ) ;
#3095 = CARTESIAN_POINT ( 'NONE',  ( 15.00000000000000178, 87.50000000000000000, 2.000000000000000000 ) ) ;
#3096 = ADVANCED_FACE ( 'NONE', ( #1353 ), #944, .T. ) ;
#3097 = ADVANCED_FACE ( 'NONE', ( #4782 ), #5930, .T. ) ;
#3098 = AXIS2_PLACEMENT_3D ( 'NONE', #783, #4878, #1940 ) ;
#3099 = CARTESIAN_POINT ( 'NONE',  ( 15.00000000000000178, 90.00000000000000000, 39.00000000000000000 ) ) ;
#3100 = PLANE ( 'NONE',  #3937 ) ;
#3101 = CARTESIAN_POINT ( 'NONE',  ( 2.000000000000001776, 100.0000000000000000, 98.00000000000000000 ) ) ;
#3102 = FACE_OUTER_BOUND ( 'NONE', #5532, .T. ) ;
#3103 = VERTEX_POINT ( 'NONE', #5893 ) ;
#3104 = VECTOR ( 'NONE', #5432, 1000.000000000000000 ) ;
#3105 = ADVANCED_FACE ( 'NONE', ( #1955 ), #4226, .F. ) ;
#3106 = EDGE_CURVE ( 'NONE', #6829, #5866, #3329, .T. ) ;
#3107 = ORIENTED_EDGE ( 'NONE', *, *, #7190, .F. ) ;
#3108 = LINE ( 'NONE', #4301, #6939 ) ;
#3109 = ORIENTED_EDGE ( 'NONE', *, *, #5417, .T. ) ;
#3110 = CARTESIAN_POINT ( 'NONE',  ( 7.000000000000000000, 7.000000000000000000, 19.00000000000000000 ) ) ;
#3111 = PLANE ( 'NONE',  #6759 ) ;
#3112 = CARTESIAN_POINT ( 'NONE',  ( 10.00000000000000000, 12.50000000000000000, 77.00000000000000000 ) ) ;
#3113 = VECTOR ( 'NONE', #1934, 1000.000000000000000 ) ;
#3114 = VERTEX_POINT ( 'NONE', #1619 ) ;
#3115 = DIRECTION ( 'NONE',  ( -0.000000000000000000, 0.000000000000000000, -1.000000000000000000 ) ) ;
#3116 = ORIENTED_EDGE ( 'NONE', *, *, #1608, .F. ) ;
#3117 = ORIENTED_EDGE ( 'NONE', *, *, #2179, .T. ) ;
#3118 = CARTESIAN_POINT ( 'NONE',  ( 6.999999999999999112, 4.500000000000000000, 98.00000000000000000 ) ) ;
#3119 = FACE_OUTER_BOUND ( 'NONE', #2369, .T. ) ;
#3120 = PLANE ( 'NONE',  #3827 ) ;
#3121 = AXIS2_PLACEMENT_3D ( 'NONE', #3943, #1112, #2300 ) ;
#3122 = DIRECTION ( 'NONE',  ( 0.000000000000000000, -0.000000000000000000, 1.000000000000000000 ) ) ;
#3123 = ORIENTED_EDGE ( 'NONE', *, *, #4811, .F. ) ;
#3124 = VERTEX_POINT ( 'NONE', #5562 ) ;
#3125 = ORIENTED_EDGE ( 'NONE', *, *, #5108, .T. ) ;
#3126 = AXIS2_PLACEMENT_3D ( 'NONE', #6299, #90, #2323 ) ;
#3127 = DIRECTION ( 'NONE',  ( 0.000000000000000000, 0.000000000000000000, 1.000000000000000000 ) ) ;
#3128 = PLANE ( 'NONE',  #1616 ) ;
#3129 = LINE ( 'NONE', #4320, #4719 ) ;
#3130 = CARTESIAN_POINT ( 'NONE',  ( 6.999999999999999112, 93.00000000000000000, 93.00000000000000000 ) ) ;
#3131 = CARTESIAN_POINT ( 'NONE',  ( 50.00000000000000000, 84.99999999999998579, 37.00000000000000000 ) ) ;
#3132 = CARTESIAN_POINT ( 'NONE',  ( 6.999999999999999112, 6.999999999999999112, 37.00000000000000000 ) ) ;
#3133 = LINE ( 'NONE', #4928, #1501 ) ;
#3134 = EDGE_CURVE ( 'NONE', #6702, #7257, #5042, .T. ) ;
#3135 = EDGE_CURVE ( 'NONE', #1399, #5875, #3294, .T. ) ;
#3136 = DIRECTION ( 'NONE',  ( -1.000000000000000000, 0.000000000000000000, 0.000000000000000000 ) ) ;
#3137 = VECTOR ( 'NONE', #4636, 1000.000000000000000 ) ;
#3138 = EDGE_LOOP ( 'NONE', ( #3376, #6243, #6703, #4730 ) ) ;
#3139 = ORIENTED_EDGE ( 'NONE', *, *, #1150, .T. ) ;
#3140 = VECTOR ( 'NONE', #843, 1000.000000000000000 ) ;
#3141 = DIRECTION ( 'NONE',  ( -1.000000000000000000, 0.000000000000000000, 0.000000000000000000 ) ) ;
#3142 = CC_DESIGN_SECURITY_CLASSIFICATION ( #417, ( #1129 ) ) ;
#3143 = VECTOR ( 'NONE', #5440, 1000.000000000000000 ) ;
#3144 = ORIENTED_EDGE ( 'NONE', *, *, #5782, .T. ) ;
#3145 = EDGE_CURVE ( 'NONE', #5199, #4796, #465, .T. ) ;
#3146 = EDGE_CURVE ( 'NONE', #3029, #4164, #3403, .T. ) ;
#3148 = EDGE_CURVE ( 'NONE', #1217, #2255, #2170, .T. ) ;
#3147 = LINE ( 'NONE', #1992, #5770 ) ;
#3149 = PRODUCT_DEFINITION_SHAPE ( 'NONE', 'NONE',  #7233 ) ;
#3150 = DIRECTION ( 'NONE',  ( -0.000000000000000000, 1.000000000000000000, 0.000000000000000000 ) ) ;
#3151 = VERTEX_POINT ( 'NONE', #1061 ) ;
#3152 = PLANE ( 'NONE',  #2071 ) ;
#3153 = VECTOR ( 'NONE', #3451, 1000.000000000000000 ) ;
#3154 = ORIENTED_EDGE ( 'NONE', *, *, #91, .F. ) ;
#3155 = DIRECTION ( 'NONE',  ( 0.000000000000000000, 0.000000000000000000, -1.000000000000000000 ) ) ;
#3156 = ORIENTED_EDGE ( 'NONE', *, *, #1748, .F. ) ;
#3157 = VERTEX_POINT ( 'NONE', #3891 ) ;
#3158 = PLANE ( 'NONE',  #3055 ) ;
#3159 = CARTESIAN_POINT ( 'NONE',  ( 15.00000000000000178, 15.00000000000000178, 63.00000000000000000 ) ) ;
#3160 = CARTESIAN_POINT ( 'NONE',  ( 50.00000000000000000, 6.999999999999999112, 2.000000000000000000 ) ) ;
#3161 = CARTESIAN_POINT ( 'NONE',  ( 90.00000000000000000, 90.00000000000000000, 60.00000000000000000 ) ) ;
#3162 = ORIENTED_EDGE ( 'NONE', *, *, #3008, .F. ) ;
#3163 = VECTOR ( 'NONE', #6385, 1000.000000000000000 ) ;
#3164 = VERTEX_POINT ( 'NONE', #4973 ) ;
#3165 = VERTEX_POINT ( 'NONE', #6722 ) ;
#3166 = EDGE_LOOP ( 'NONE', ( #6960, #2406, #1000, #4008 ) ) ;
#3167 = LINE ( 'NONE', #4211, #3104 ) ;
#3168 = CARTESIAN_POINT ( 'NONE',  ( 4.500000000000000000, 93.00000000000000000, 98.00000000000000000 ) ) ;
#3169 = CARTESIAN_POINT ( 'NONE',  ( 50.00000000000000000, 10.00000000000000178, 39.00000000000000000 ) ) ;
#3170 = CARTESIAN_POINT ( 'NONE',  ( 93.00000000000000000, 1.999999999999999556, 2.000000000000000000 ) ) ;
#3171 = VECTOR ( 'NONE', #4707, 1000.000000000000000 ) ;
#3172 = CARTESIAN_POINT ( 'NONE',  ( 1.999999999999999556, 95.50000000000000000, 98.00000000000000000 ) ) ;
#3173 = CARTESIAN_POINT ( 'NONE',  ( 50.00000000000000000, 84.99999999999998579, 80.00000000000000000 ) ) ;
#3174 = CARTESIAN_POINT ( 'NONE',  ( 84.99999999999998579, 90.00000000000000000, 77.00000000000000000 ) ) ;
#3175 = LINE ( 'NONE', #2205, #3262 ) ;
#3176 = ORIENTED_EDGE ( 'NONE', *, *, #5962, .T. ) ;
#3177 = CALENDAR_DATE ( 2026, 6, 10 ) ;
#3178 = EDGE_CURVE ( 'NONE', #4172, #5982, #2250, .T. ) ;
#3179 = EDGE_LOOP ( 'NONE', ( #3483, #647, #989, #6178 ) ) ;
#3180 = LINE ( 'NONE', #5445, #6571 ) ;
#3181 = CARTESIAN_POINT ( 'NONE',  ( 93.00000000000000000, 95.00000000000000000, 37.00000000000000000 ) ) ;
#3182 = DIRECTION ( 'NONE',  ( -0.000000000000000000, 1.000000000000000000, 0.000000000000000000 ) ) ;
#3183 = FACE_OUTER_BOUND ( 'NONE', #2257, .T. ) ;
#3184 = PLANE ( 'NONE',  #6110 ) ;
#3185 = EDGE_LOOP ( 'NONE', ( #5796, #6354, #3761, #73 ) ) ;
#3186 = AXIS2_PLACEMENT_3D ( 'NONE', #2527, #847, #2455 ) ;
#3187 = DIRECTION ( 'NONE',  ( 0.000000000000000000, 0.000000000000000000, -1.000000000000000000 ) ) ;
#3188 = EDGE_CURVE ( 'NONE', #5416, #6322, #3253, .T. ) ;
#3189 = EDGE_CURVE ( 'NONE', #4278, #135, #1132, .T. ) ;
#3190 = EDGE_CURVE ( 'NONE', #835, #5578, #4443, .T. ) ;
#3191 = ORIENTED_EDGE ( 'NONE', *, *, #420, .T. ) ;
#3192 = FACE_OUTER_BOUND ( 'NONE', #2037, .T. ) ;
#3193 = ORIENTED_EDGE ( 'NONE', *, *, #4284, .T. ) ;
#3194 = DIRECTION ( 'NONE',  ( -1.000000000000000000, -0.000000000000000000, 0.000000000000000000 ) ) ;
#3195 = DIRECTION ( 'NONE',  ( 0.000000000000000000, -1.000000000000000000, -0.000000000000000000 ) ) ;
#3196 = CARTESIAN_POINT ( 'NONE',  ( 90.00000000000000000, 10.00000000000000178, 39.00000000000000000 ) ) ;
#3197 = VERTEX_POINT ( 'NONE', #5006 ) ;
#3198 = EDGE_CURVE ( 'NONE', #5984, #559, #982, .T. ) ;
#3199 = EDGE_CURVE ( 'NONE', #2771, #3165, #429, .T. ) ;
#3200 = VERTEX_POINT ( 'NONE', #1659 ) ;
#3201 = EDGE_LOOP ( 'NONE', ( #1173, #462, #3595, #3946 ) ) ;
#3202 = ORIENTED_EDGE ( 'NONE', *, *, #3019, .T. ) ;
#3203 = LINE ( 'NONE', #4318, #2757 ) ;
#3204 = CARTESIAN_POINT ( 'NONE',  ( 50.00000000000000000, 50.00000000000000000, 80.00000000000000000 ) ) ;
#3205 = LINE ( 'NONE', #5469, #1652 ) ;
#3206 = DIRECTION ( 'NONE',  ( 0.000000000000000000, -1.000000000000000000, 0.000000000000000000 ) ) ;
#3207 = DIRECTION ( 'NONE',  ( 0.000000000000000000, 0.000000000000000000, 1.000000000000000000 ) ) ;
#3208 = DIRECTION ( 'NONE',  ( 0.000000000000000000, 1.000000000000000000, 0.000000000000000000 ) ) ;
#3209 = DIRECTION ( 'NONE',  ( -0.000000000000000000, 0.000000000000000000, -1.000000000000000000 ) ) ;
#3210 = CARTESIAN_POINT ( 'NONE',  ( 1.999999999999999556, 93.00000000000000000, 93.00000000000000000 ) ) ;
#3211 = LINE ( 'NONE', #1575, #533 ) ;
#3212 = EDGE_LOOP ( 'NONE', ( #1256, #6643, #4723, #6501 ) ) ;
#3213 = CARTESIAN_POINT ( 'NONE',  ( 84.99999999999998579, 10.00000000000000000, 77.00000000000000000 ) ) ;
#3214 = VECTOR ( 'NONE', #3507, 1000.000000000000000 ) ;
#3215 = VERTEX_POINT ( 'NONE', #5524 ) ;
#3216 = CARTESIAN_POINT ( 'NONE',  ( 50.00000000000000000, 100.0000000000000000, 0.000000000000000000 ) ) ;
#3217 = DIRECTION ( 'NONE',  ( -1.000000000000000000, -0.000000000000000000, 0.000000000000000000 ) ) ;
#3218 = CARTESIAN_POINT ( 'NONE',  ( 7.000000000000000000, 7.000000000000000000, 22.00000000000000000 ) ) ;
#3219 = DIRECTION ( 'NONE',  ( 1.000000000000000000, 0.000000000000000000, -0.000000000000000000 ) ) ;
#3220 = FACE_BOUND ( 'NONE', #4035, .T. ) ;
#3221 = VECTOR ( 'NONE', #3208, 1000.000000000000000 ) ;
#3222 = ORIENTED_EDGE ( 'NONE', *, *, #3062, .T. ) ;
#3223 = DIRECTION ( 'NONE',  ( 0.000000000000000000, 0.000000000000000000, 1.000000000000000000 ) ) ;
#3224 = ORIENTED_EDGE ( 'NONE', *, *, #3178, .T. ) ;
#3225 = FACE_OUTER_BOUND ( 'NONE', #2440, .T. ) ;
#3226 = ORIENTED_EDGE ( 'NONE', *, *, #642, .F. ) ;
#3227 = DIRECTION ( 'NONE',  ( 0.000000000000000000, 0.000000000000000000, 1.000000000000000000 ) ) ;
#3228 = ADVANCED_FACE ( 'NONE', ( #6117 ), #7352, .T. ) ;
#3229 = EDGE_CURVE ( 'NONE', #1295, #1143, #6193, .T. ) ;
#3230 = VECTOR ( 'NONE', #3952, 1000.000000000000000 ) ;
#3231 = DIRECTION ( 'NONE',  ( 0.000000000000000000, 0.000000000000000000, -1.000000000000000000 ) ) ;
#3232 = DIRECTION ( 'NONE',  ( 0.000000000000000000, -1.000000000000000000, 0.000000000000000000 ) ) ;
#3233 = ORIENTED_EDGE ( 'NONE', *, *, #6927, .F. ) ;
#3234 = ORIENTED_EDGE ( 'NONE', *, *, #7016, .T. ) ;
#3235 = ORIENTED_EDGE ( 'NONE', *, *, #4870, .T. ) ;
#3236 = CARTESIAN_POINT ( 'NONE',  ( 95.00000000000000000, 6.999999999999999112, 37.00000000000000000 ) ) ;
#3237 = DIRECTION ( 'NONE',  ( -1.000000000000000000, -0.000000000000000000, 0.000000000000000000 ) ) ;
#3238 = CARTESIAN_POINT ( 'NONE',  ( 2.000000000000001776, 98.00000000000000000, 98.00000000000000000 ) ) ;
#3239 = VECTOR ( 'NONE', #3448, 1000.000000000000000 ) ;
#3240 = EDGE_CURVE ( 'NONE', #1411, #5383, #1096, .T. ) ;
#3241 = ADVANCED_FACE ( 'NONE', ( #3964 ), #6228, .F. ) ;
#3242 = PLANE ( 'NONE',  #5121 ) ;
#3243 = EDGE_CURVE ( 'NONE', #5013, #7162, #3813, .T. ) ;
#3244 = VECTOR ( 'NONE', #5595, 1000.000000000000000 ) ;
#3245 = FACE_OUTER_BOUND ( 'NONE', #6606, .T. ) ;
#3246 = CARTESIAN_POINT ( 'NONE',  ( 50.00000000000000000, 50.00000000000000000, 100.0000000000000000 ) ) ;
#3247 = FACE_OUTER_BOUND ( 'NONE', #5048, .T. ) ;
#3248 = LINE ( 'NONE', #4963, #3653 ) ;
#3249 = DIRECTION ( 'NONE',  ( 1.000000000000000000, 0.000000000000000000, 0.000000000000000000 ) ) ;
#3250 = ORIENTED_EDGE ( 'NONE', *, *, #2531, .T. ) ;
#3251 = ORIENTED_EDGE ( 'NONE', *, *, #6048, .T. ) ;
#3252 = FACE_OUTER_BOUND ( 'NONE', #1331, .T. ) ;
#3253 = LINE ( 'NONE', #3929, #3244 ) ;
#3254 = VECTOR ( 'NONE', #5036, 1000.000000000000000 ) ;
#3255 = PLANE ( 'NONE',  #6486 ) ;
#3256 = CARTESIAN_POINT ( 'NONE',  ( 50.00000000000000000, 20.00000000000000355, 39.00000000000000000 ) ) ;
#3257 = CARTESIAN_POINT ( 'NONE',  ( 5.000000000000000000, 93.00000000000000000, 19.00000000000000000 ) ) ;
#3258 = ORIENTED_EDGE ( 'NONE', *, *, #6645, .T. ) ;
#3259 = DIRECTION ( 'NONE',  ( 0.000000000000000000, 0.000000000000000000, -1.000000000000000000 ) ) ;
#3260 = VECTOR ( 'NONE', #6146, 1000.000000000000000 ) ;
#3261 = VECTOR ( 'NONE', #1214, 1000.000000000000000 ) ;
#3262 = VECTOR ( 'NONE', #2770, 1000.000000000000000 ) ;
#3263 = VERTEX_POINT ( 'NONE', #2850 ) ;
#3264 = DIRECTION ( 'NONE',  ( 0.000000000000000000, 0.000000000000000000, 1.000000000000000000 ) ) ;
#3265 = ORIENTED_EDGE ( 'NONE', *, *, #2088, .T. ) ;
#3266 = EDGE_CURVE ( 'NONE', #3276, #3492, #4002, .T. ) ;
#3267 = LINE ( 'NONE', #3902, #3307 ) ;
#3268 = AXIS2_PLACEMENT_3D ( 'NONE', #4017, #3982, #2301 ) ;
#3269 = LOCAL_TIME ( 22, 0, 20.00000000000000000, #1694 ) ;
#3270 = CARTESIAN_POINT ( 'NONE',  ( 5.000000000000004441, 50.00000000000000000, 78.00000000000000000 ) ) ;
#3271 = CARTESIAN_POINT ( 'NONE',  ( 7.000000000000000000, 95.00000000000000000, 60.00000000000000000 ) ) ;
#3272 = VERTEX_POINT ( 'NONE', #4073 ) ;
#3273 = EDGE_CURVE ( 'NONE', #691, #338, #5705, .T. ) ;
#3274 = ADVANCED_FACE ( 'NONE', ( #6941 ), #6264, .F. ) ;
#3275 = ORIENTED_EDGE ( 'NONE', *, *, #498, .F. ) ;
#3276 = VERTEX_POINT ( 'NONE', #2960 ) ;
#3277 = DIRECTION ( 'NONE',  ( -1.000000000000000000, -0.000000000000000000, 0.000000000000000000 ) ) ;
#3278 = CARTESIAN_POINT ( 'NONE',  ( 7.000000000000006217, 98.00000000000000000, 2.000000000000000000 ) ) ;
#3279 = FACE_OUTER_BOUND ( 'NONE', #7147, .T. ) ;
#3280 = CARTESIAN_POINT ( 'NONE',  ( 84.99999999999998579, 84.99999999999998579, 61.00000000000000000 ) ) ;
#3281 = ADVANCED_FACE ( 'NONE', ( #1878 ), #5811, .F. ) ;
#3282 = EDGE_CURVE ( 'NONE', #4000, #2130, #4146, .T. ) ;
#3283 = ADVANCED_FACE ( 'NONE', ( #682 ), #717, .T. ) ;
#3284 = CARTESIAN_POINT ( 'NONE',  ( 99.00000000000000000, 0.000000000000000000, 98.00000000000000000 ) ) ;
#3285 = VECTOR ( 'NONE', #6648, 1000.000000000000000 ) ;
#3286 = DIRECTION ( 'NONE',  ( -1.000000000000000000, -0.000000000000000000, 0.000000000000000000 ) ) ;
#3287 = DIRECTION ( 'NONE',  ( -0.000000000000000000, 0.000000000000000000, -1.000000000000000000 ) ) ;
#3288 = CARTESIAN_POINT ( 'NONE',  ( 15.00000000000000178, 87.50000000000000000, 36.00000000000000000 ) ) ;
#3289 = LINE ( 'NONE', #4401, #4100 ) ;
#3290 = ORIENTED_EDGE ( 'NONE', *, *, #4738, .F. ) ;
#3291 = VECTOR ( 'NONE', #2852, 1000.000000000000000 ) ;
#3292 = ORIENTED_EDGE ( 'NONE', *, *, #6977, .T. ) ;
#3293 = DIRECTION ( 'NONE',  ( 0.000000000000000000, -1.000000000000000000, 0.000000000000000000 ) ) ;
#3294 = LINE ( 'NONE', #5083, #2778 ) ;
#3295 = VECTOR ( 'NONE', #5663, 1000.000000000000000 ) ;
#3296 = CARTESIAN_POINT ( 'NONE',  ( 50.00000000000000000, 10.00000000000000178, 22.00000000000000000 ) ) ;
#3297 = CARTESIAN_POINT ( 'NONE',  ( 84.99999999999998579, 84.99999999999998579, 77.00000000000000000 ) ) ;
#3298 = VECTOR ( 'NONE', #896, 1000.000000000000000 ) ;
#3299 = LINE ( 'NONE', #3256, #2452 ) ;
#3300 = CARTESIAN_POINT ( 'NONE',  ( 6.999999999999999112, 95.00000000000000000, 22.00000000000000000 ) ) ;
#3301 = VERTEX_POINT ( 'NONE', #648 ) ;
#3302 = CARTESIAN_POINT ( 'NONE',  ( 12.50000000000000000, 90.00000000000000000, 2.000000000000000000 ) ) ;
#3303 = VERTEX_POINT ( 'NONE', #3548 ) ;
#3304 = LINE ( 'NONE', #5571, #392 ) ;
#3305 = ORIENTED_EDGE ( 'NONE', *, *, #418, .T. ) ;
#3306 = DIRECTION ( 'NONE',  ( -0.000000000000000000, 0.000000000000000000, -1.000000000000000000 ) ) ;
#3307 = VECTOR ( 'NONE', #3826, 1000.000000000000000 ) ;
#3308 = LINE ( 'NONE', #5574, #747 ) ;
#3309 = CARTESIAN_POINT ( 'NONE',  ( 50.00000000000000000, 6.999999999999999112, 61.00000000000000000 ) ) ;
#3310 = ORIENTED_EDGE ( 'NONE', *, *, #5019, .T. ) ;
#3311 = VECTOR ( 'NONE', #3875, 1000.000000000000000 ) ;
#3312 = ORIENTED_EDGE ( 'NONE', *, *, #5060, .F. ) ;
#3313 = ORIENTED_EDGE ( 'NONE', *, *, #4967, .F. ) ;
#3314 = LINE ( 'NONE', #6740, #2513 ) ;
#3315 = CARTESIAN_POINT ( 'NONE',  ( 50.00000000000000000, 90.00000000000000000, 63.00000000000000000 ) ) ;
#3316 = DIRECTION ( 'NONE',  ( -0.000000000000000000, 0.000000000000000000, -1.000000000000000000 ) ) ;
#3317 = CARTESIAN_POINT ( 'NONE',  ( 93.00000000000000000, 50.00000000000000000, 20.00000000000000000 ) ) ;
#3318 = LINE ( 'NONE', #2766, #409 ) ;
#3319 = PLANE ( 'NONE',  #723 ) ;
#3320 = DIRECTION ( 'NONE',  ( 1.000000000000000000, 0.000000000000000000, -0.000000000000000000 ) ) ;
#3321 = DIRECTION ( 'NONE',  ( 0.000000000000000000, 0.000000000000000000, 1.000000000000000000 ) ) ;
#3322 = DIRECTION ( 'NONE',  ( -0.000000000000000000, 1.000000000000000000, 0.000000000000000000 ) ) ;
#3323 = ADVANCED_FACE ( 'NONE', ( #125 ), #4112, .T. ) ;
#3324 = ADVANCED_FACE ( 'NONE', ( #613 ), #19, .T. ) ;
#3325 = ORIENTED_EDGE ( 'NONE', *, *, #183, .T. ) ;
#3326 = APPROVAL_DATE_TIME ( #2811, #6133 ) ;
#3327 = ORIENTED_EDGE ( 'NONE', *, *, #5819, .T. ) ;
#3328 = CARTESIAN_POINT ( 'NONE',  ( 50.00000000000000000, 15.00000000000000000, 37.00000000000000000 ) ) ;
#3329 = LINE ( 'NONE', #7315, #5149 ) ;
#3330 = DIRECTION ( 'NONE',  ( 0.000000000000000000, -1.000000000000000000, 0.000000000000000000 ) ) ;
#3331 = DIRECTION ( 'NONE',  ( 0.000000000000000000, -0.000000000000000000, 1.000000000000000000 ) ) ;
#3332 = DIRECTION ( 'NONE',  ( 0.000000000000000000, -1.000000000000000000, 0.000000000000000000 ) ) ;
#3333 = CARTESIAN_POINT ( 'NONE',  ( 84.99999999999998579, 90.00000000000000000, 78.00000000000000000 ) ) ;
#3334 = EDGE_CURVE ( 'NONE', #4941, #5142, #52, .T. ) ;
#3335 = EDGE_CURVE ( 'NONE', #2453, #1757, #6374, .T. ) ;
#3336 = VECTOR ( 'NONE', #1196, 1000.000000000000000 ) ;
#3337 = EDGE_CURVE ( 'NONE', #534, #408, #4668, .T. ) ;
#3338 = VERTEX_POINT ( 'NONE', #5187 ) ;
#3339 = LINE ( 'NONE', #2218, #5169 ) ;
#3340 = VECTOR ( 'NONE', #2472, 1000.000000000000000 ) ;
#3341 = ORIENTED_EDGE ( 'NONE', *, *, #6006, .F. ) ;
#3342 = FACE_OUTER_BOUND ( 'NONE', #2604, .T. ) ;
#3343 = ORIENTED_EDGE ( 'NONE', *, *, #5907, .F. ) ;
#3344 = VECTOR ( 'NONE', #1227, 1000.000000000000000 ) ;
#3345 = PLANE ( 'NONE',  #3903 ) ;
#3346 = CARTESIAN_POINT ( 'NONE',  ( 87.50000000000000000, 10.00000000000000000, 77.00000000000000000 ) ) ;
#3347 = LINE ( 'NONE', #1753, #6475 ) ;
#3348 = VECTOR ( 'NONE', #4541, 1000.000000000000000 ) ;
#3349 = ORIENTED_EDGE ( 'NONE', *, *, #2829, .T. ) ;
#3350 = ORIENTED_EDGE ( 'NONE', *, *, #6742, .F. ) ;
#3351 = ORIENTED_EDGE ( 'NONE', *, *, #268, .F. ) ;
#3352 = FACE_OUTER_BOUND ( 'NONE', #5747, .T. ) ;
#3353 = CARTESIAN_POINT ( 'NONE',  ( 100.0000000000000000, 50.00000000000000000, 0.000000000000000000 ) ) ;
#3354 = DIRECTION ( 'NONE',  ( 0.000000000000000000, -1.000000000000000000, 0.000000000000000000 ) ) ;
#3355 = DIRECTION ( 'NONE',  ( 0.000000000000000000, 0.000000000000000000, -1.000000000000000000 ) ) ;
#3356 = ORIENTED_EDGE ( 'NONE', *, *, #6186, .T. ) ;
#3357 = FACE_OUTER_BOUND ( 'NONE', #2713, .T. ) ;
#3358 = DIRECTION ( 'NONE',  ( 1.000000000000000000, 0.000000000000000000, -0.000000000000000000 ) ) ;
#3359 = CARTESIAN_POINT ( 'NONE',  ( 95.00000000000000000, 50.00000000000000000, 20.00000000000000000 ) ) ;
#3360 = CARTESIAN_POINT ( 'NONE',  ( 84.99999999999998579, 10.00000000000000000, 2.000000000000000000 ) ) ;
#3361 = LINE ( 'NONE', #2318, #3214 ) ;
#3362 = EDGE_LOOP ( 'NONE', ( #987, #4427, #4171, #4309 ) ) ;
#3363 = VECTOR ( 'NONE', #5820, 1000.000000000000000 ) ;
#3364 = PERSON_AND_ORGANIZATION ( #7219, #2077 ) ;
#3365 = ORIENTED_EDGE ( 'NONE', *, *, #3820, .F. ) ;
#3366 = ORIENTED_EDGE ( 'NONE', *, *, #142, .F. ) ;
#3367 = ADVANCED_FACE ( 'NONE', ( #2287 ), #3475, .F. ) ;
#3368 = DIRECTION ( 'NONE',  ( -1.000000000000000000, -0.000000000000000000, 0.000000000000000000 ) ) ;
#3369 = ADVANCED_FACE ( 'NONE', ( #5259 ), #2434, .F. ) ;
#3370 = LINE ( 'NONE', #20, #6188 ) ;
#3371 = LINE ( 'NONE', #3405, #3291 ) ;
#3372 = DIRECTION ( 'NONE',  ( -0.000000000000000000, 0.000000000000000000, -1.000000000000000000 ) ) ;
#3373 = CARTESIAN_POINT ( 'NONE',  ( 84.99999999999998579, 10.00000000000000000, 19.00000000000000000 ) ) ;
#3374 = ORIENTED_EDGE ( 'NONE', *, *, #5108, .F. ) ;
#3375 = DIRECTION ( 'NONE',  ( 0.000000000000000000, -1.000000000000000000, 0.000000000000000000 ) ) ;
#3376 = ORIENTED_EDGE ( 'NONE', *, *, #1362, .F. ) ;
#3377 = ADVANCED_FACE ( 'NONE', ( #6870 ), #4038, .T. ) ;
#3378 = CARTESIAN_POINT ( 'NONE',  ( 99.00000000000000000, 50.00000000000000000, 98.00000000000000000 ) ) ;
#3379 = EDGE_CURVE ( 'NONE', #1292, #95, #7083, .T. ) ;
#3380 = ADVANCED_FACE ( 'NONE', ( #3769 ), #5362, .T. ) ;
#3381 = VERTEX_POINT ( 'NONE', #753 ) ;
#3382 = DIRECTION ( 'NONE',  ( -0.000000000000000000, 1.000000000000000000, 0.000000000000000000 ) ) ;
#3383 = LINE ( 'NONE', #4536, #3010 ) ;
#3384 = DIRECTION ( 'NONE',  ( -0.000000000000000000, 1.000000000000000000, 0.000000000000000000 ) ) ;
#3385 = VECTOR ( 'NONE', #5713, 1000.000000000000000 ) ;
#3386 = ORIENTED_EDGE ( 'NONE', *, *, #1561, .F. ) ;
#3387 = ORIENTED_EDGE ( 'NONE', *, *, #5141, .F. ) ;
#3388 = ORIENTED_EDGE ( 'NONE', *, *, #3510, .F. ) ;
#3390 = PLANE ( 'NONE',  #2035 ) ;
#3389 = VECTOR ( 'NONE', #3012, 1000.000000000000000 ) ;
#3391 = VECTOR ( 'NONE', #504, 1000.000000000000000 ) ;
#3392 = DIRECTION ( 'NONE',  ( 0.000000000000000000, -1.000000000000000000, -0.000000000000000000 ) ) ;
#3393 = PLANE ( 'NONE',  #6805 ) ;
#3394 = ORIENTED_EDGE ( 'NONE', *, *, #1924, .F. ) ;
#3395 = DIRECTION ( 'NONE',  ( 0.000000000000000000, 0.000000000000000000, 1.000000000000000000 ) ) ;
#3396 = DIRECTION ( 'NONE',  ( 0.000000000000000000, 0.000000000000000000, 1.000000000000000000 ) ) ;
#3397 = CARTESIAN_POINT ( 'NONE',  ( 15.00000000000000178, 84.99999999999998579, 37.00000000000000000 ) ) ;
#3398 = DIRECTION ( 'NONE',  ( -0.000000000000000000, 0.000000000000000000, -1.000000000000000000 ) ) ;
#3399 = DIRECTION ( 'NONE',  ( -0.000000000000000000, 1.000000000000000000, 0.000000000000000000 ) ) ;
#3400 = VECTOR ( 'NONE', #5202, 1000.000000000000000 ) ;
#3401 = EDGE_LOOP ( 'NONE', ( #4831, #4675, #3947, #7256 ) ) ;
#3402 = VERTEX_POINT ( 'NONE', #1344 ) ;
#3403 = LINE ( 'NONE', #2739, #7290 ) ;
#3404 = DIRECTION ( 'NONE',  ( 0.000000000000000000, -1.000000000000000000, 0.000000000000000000 ) ) ;
#3405 = CARTESIAN_POINT ( 'NONE',  ( 90.00000000000000000, 84.99999999999998579, 60.00000000000000000 ) ) ;
#3406 = LINE ( 'NONE', #2328, #2550 ) ;
#3407 = LINE ( 'NONE', #1172, #5051 ) ;
#3408 = AXIS2_PLACEMENT_3D ( 'NONE', #1098, #5597, #3331 ) ;
#3409 = ORIENTED_EDGE ( 'NONE', *, *, #2605, .T. ) ;
#3410 = FACE_OUTER_BOUND ( 'NONE', #4521, .T. ) ;
#3411 = ADVANCED_FACE ( 'NONE', ( #343 ), #3660, .F. ) ;
#3412 = ORIENTED_EDGE ( 'NONE', *, *, #6007, .T. ) ;
#3413 = VECTOR ( 'NONE', #3957, 1000.000000000000000 ) ;
#3414 = FACE_OUTER_BOUND ( 'NONE', #5775, .T. ) ;
#3415 = VERTEX_POINT ( 'NONE', #4849 ) ;
#3416 = FACE_BOUND ( 'NONE', #5911, .T. ) ;
#3417 = DIRECTION ( 'NONE',  ( 0.000000000000000000, 0.000000000000000000, -1.000000000000000000 ) ) ;
#3418 = LINE ( 'NONE', #1113, #1963 ) ;
#3419 = EDGE_CURVE ( 'NONE', #2447, #6059, #198, .T. ) ;
#3420 = ADVANCED_FACE ( 'NONE', ( #4325 ), #3622, .T. ) ;
#3421 = EDGE_CURVE ( 'NONE', #2100, #6275, #5885, .T. ) ;
#3422 = ORIENTED_EDGE ( 'NONE', *, *, #6886, .T. ) ;
#3423 = ORIENTED_EDGE ( 'NONE', *, *, #231, .T. ) ;
#3424 = ORIENTED_EDGE ( 'NONE', *, *, #5588, .T. ) ;
#3425 = CARTESIAN_POINT ( 'NONE',  ( 98.00000000000000000, 50.00000000000000000, 7.000000000000000000 ) ) ;
#3426 = CARTESIAN_POINT ( 'NONE',  ( 93.00000000000000000, 5.000000000000004441, 20.00000000000000000 ) ) ;
#3427 = FACE_OUTER_BOUND ( 'NONE', #6191, .T. ) ;
#3428 = EDGE_CURVE ( 'NONE', #2470, #5614, #860, .T. ) ;
#3429 = EDGE_CURVE ( 'NONE', #6203, #2797, #827, .T. ) ;
#3430 = VECTOR ( 'NONE', #3150, 1000.000000000000000 ) ;
#3431 = EDGE_LOOP ( 'NONE', ( #152, #7002, #7018, #4857 ) ) ;
#3432 = CLOSED_SHELL ( 'NONE', ( #1465, #15, #826, #685, #7244, #2186 ) ) ;
#3433 = CARTESIAN_POINT ( 'NONE',  ( 15.00000000000000000, 84.99999999999998579, 80.00000000000000000 ) ) ;
#3434 = CARTESIAN_POINT ( 'NONE',  ( 87.50000000000000000, 10.00000000000000000, 19.00000000000000000 ) ) ;
#3435 = CARTESIAN_POINT ( 'NONE',  ( 98.00000000000000000, 98.00000000000000000, 2.000000000000000000 ) ) ;
#3436 = CARTESIAN_POINT ( 'NONE',  ( 95.50000000000000000, 93.00000000000000000, 98.00000000000000000 ) ) ;
#3437 = VERTEX_POINT ( 'NONE', #4218 ) ;
#3438 = VERTEX_POINT ( 'NONE', #2471 ) ;
#3439 = ORIENTED_EDGE ( 'NONE', *, *, #2635, .F. ) ;
#3440 = DIRECTION ( 'NONE',  ( -1.000000000000000000, 0.000000000000000000, 0.000000000000000000 ) ) ;
#3441 = CARTESIAN_POINT ( 'NONE',  ( 5.000000000000000000, 7.000000000000000000, 60.00000000000000000 ) ) ;
#3442 = DIRECTION ( 'NONE',  ( 0.000000000000000000, -1.000000000000000000, -0.000000000000000000 ) ) ;
#3443 = DIRECTION ( 'NONE',  ( 0.000000000000000000, -0.000000000000000000, 1.000000000000000000 ) ) ;
#3444 = DIRECTION ( 'NONE',  ( 0.000000000000000000, -1.000000000000000000, 0.000000000000000000 ) ) ;
#3445 = VERTEX_POINT ( 'NONE', #3099 ) ;
#3446 = CARTESIAN_POINT ( 'NONE',  ( 10.00000000000000000, 90.00000000000000000, 98.00000000000000000 ) ) ;
#3447 = EDGE_LOOP ( 'NONE', ( #4055, #282, #5370, #1258 ) ) ;
#3448 = DIRECTION ( 'NONE',  ( 0.000000000000000000, -1.000000000000000000, 0.000000000000000000 ) ) ;
#3449 = VERTEX_POINT ( 'NONE', #3067 ) ;
#3450 = FACE_BOUND ( 'NONE', #1599, .T. ) ;
#3451 = DIRECTION ( 'NONE',  ( -1.000000000000000000, -0.000000000000000000, 0.000000000000000000 ) ) ;
#3452 = VECTOR ( 'NONE', #6556, 1000.000000000000000 ) ;
#3453 = EDGE_LOOP ( 'NONE', ( #2987, #5810, #803, #1838 ) ) ;
#3454 = VECTOR ( 'NONE', #6070, 1000.000000000000000 ) ;
#3455 = ORIENTED_EDGE ( 'NONE', *, *, #6371, .T. ) ;
#3456 = ORIENTED_EDGE ( 'NONE', *, *, #150, .F. ) ;
#3457 = DIRECTION ( 'NONE',  ( 0.000000000000000000, -1.000000000000000000, 0.000000000000000000 ) ) ;
#3458 = ADVANCED_FACE ( 'NONE', ( #5955 ), #1944, .F. ) ;
#3459 = ADVANCED_FACE ( 'NONE', ( #1909 ), #5333, .T. ) ;
#3460 = DIRECTION ( 'NONE',  ( 0.000000000000000000, -0.000000000000000000, 1.000000000000000000 ) ) ;
#3461 = DIRECTION ( 'NONE',  ( 1.000000000000000000, 0.000000000000000000, -0.000000000000000000 ) ) ;
#3462 = VECTOR ( 'NONE', #4504, 1000.000000000000000 ) ;
#3463 = ORIENTED_EDGE ( 'NONE', *, *, #4051, .T. ) ;
#3464 = CARTESIAN_POINT ( 'NONE',  ( 90.00000000000000000, 15.00000000000000000, 20.00000000000000000 ) ) ;
#3465 = EDGE_CURVE ( 'NONE', #4464, #3791, #4812, .T. ) ;
#3466 = EDGE_CURVE ( 'NONE', #1539, #4580, #2017, .T. ) ;
#3467 = EDGE_CURVE ( 'NONE', #1590, #2847, #1983, .T. ) ;
#3468 = CARTESIAN_POINT ( 'NONE',  ( 90.00000000000000000, 50.00000000000000000, 61.00000000000000000 ) ) ;
#3469 = CARTESIAN_POINT ( 'NONE',  ( 95.50000000000000000, 50.00000000000000000, 98.00000000000000000 ) ) ;
#3470 = CARTESIAN_POINT ( 'NONE',  ( 50.00000000000000000, 93.00000000000000000, 20.00000000000000000 ) ) ;
#3471 = ORIENTED_EDGE ( 'NONE', *, *, #5493, .F. ) ;
#3472 = VECTOR ( 'NONE', #1408, 1000.000000000000000 ) ;
#3473 = ORIENTED_EDGE ( 'NONE', *, *, #4655, .F. ) ;
#3474 = EDGE_LOOP ( 'NONE', ( #6902, #3641, #3123, #214 ) ) ;
#3475 = PLANE ( 'NONE',  #271 ) ;
#3476 = PLANE ( 'NONE',  #4886 ) ;
#3477 = DIRECTION ( 'NONE',  ( 1.000000000000000000, 0.000000000000000000, -0.000000000000000000 ) ) ;
#3478 = FACE_OUTER_BOUND ( 'NONE', #4979, .T. ) ;
#3479 = CARTESIAN_POINT ( 'NONE',  ( 6.999999999999999112, 50.00000000000000000, 61.00000000000000000 ) ) ;
#3480 = AXIS2_PLACEMENT_3D ( 'NONE', #5679, #2297, #6846 ) ;
#3481 = ORIENTED_EDGE ( 'NONE', *, *, #3419, .F. ) ;
#3482 = DIRECTION ( 'NONE',  ( 0.000000000000000000, 0.000000000000000000, 1.000000000000000000 ) ) ;
#3483 = ORIENTED_EDGE ( 'NONE', *, *, #2702, .T. ) ;
#3484 = VECTOR ( 'NONE', #1580, 1000.000000000000000 ) ;
#3485 = LINE ( 'NONE', #4676, #5143 ) ;
#3486 = EDGE_LOOP ( 'NONE', ( #7295, #3908, #3038, #1696, #7287, #5645, #2365, #1812, #2737, #1446, #6313, #1461 ) ) ;
#3487 = LINE ( 'NONE', #4640, #3400 ) ;
#3488 = FACE_BOUND ( 'NONE', #3401, .T. ) ;
#3489 = LINE ( 'NONE', #4613, #2188 ) ;
#3490 = EDGE_LOOP ( 'NONE', ( #3533, #1164, #2120, #673 ) ) ;
#3491 = EDGE_CURVE ( 'NONE', #1676, #3670, #6522, .T. ) ;
#3492 = VERTEX_POINT ( 'NONE', #1457 ) ;
#3493 = ORIENTED_EDGE ( 'NONE', *, *, #4142, .F. ) ;
#3494 = CARTESIAN_POINT ( 'NONE',  ( 93.00000000000000000, 93.00000000000000000, 7.000000000000000000 ) ) ;
#3495 = CARTESIAN_POINT ( 'NONE',  ( 98.00000000000000000, 100.0000000000000000, 2.000000000000000000 ) ) ;
#3496 = VECTOR ( 'NONE', #4791, 1000.000000000000000 ) ;
#3497 = DIRECTION ( 'NONE',  ( 0.000000000000000000, 0.000000000000000000, -1.000000000000000000 ) ) ;
#3498 = ORIENTED_EDGE ( 'NONE', *, *, #5963, .F. ) ;
#3499 = EDGE_CURVE ( 'NONE', #313, #6201, #3729, .T. ) ;
#3500 = EDGE_CURVE ( 'NONE', #1617, #745, #7344, .T. ) ;
#3501 = ORIENTED_EDGE ( 'NONE', *, *, #4180, .T. ) ;
#3502 = VECTOR ( 'NONE', #6268, 1000.000000000000000 ) ;
#3503 = VECTOR ( 'NONE', #2438, 1000.000000000000000 ) ;
#3504 = FACE_OUTER_BOUND ( 'NONE', #2322, .T. ) ;
#3505 = DIRECTION ( 'NONE',  ( 0.000000000000000000, 0.000000000000000000, 1.000000000000000000 ) ) ;
#3506 = CARTESIAN_POINT ( 'NONE',  ( 50.00000000000000000, 5.000000000000004441, 22.00000000000000000 ) ) ;
#3507 = DIRECTION ( 'NONE',  ( 0.000000000000000000, 0.000000000000000000, 1.000000000000000000 ) ) ;
#3508 = ORIENTED_EDGE ( 'NONE', *, *, #2283, .F. ) ;
#3509 = VECTOR ( 'NONE', #2790, 1000.000000000000000 ) ;
#3510 = EDGE_CURVE ( 'NONE', #3197, #6331, #528, .T. ) ;
#3511 = ADVANCED_FACE ( 'NONE', ( #4996 ), #4476, .F. ) ;
#3512 = EDGE_CURVE ( 'NONE', #4945, #534, #6031, .T. ) ;
#3513 = VERTEX_POINT ( 'NONE', #5584 ) ;
#3514 = CARTESIAN_POINT ( 'NONE',  ( 7.000000000000006217, 4.500000000000000000, 98.00000000000000000 ) ) ;
#3515 = LINE ( 'NONE', #2362, #2027 ) ;
#3516 = CARTESIAN_POINT ( 'NONE',  ( 50.00000000000000000, 93.00000000000000000, 61.00000000000000000 ) ) ;
#3517 = DIRECTION ( 'NONE',  ( 1.000000000000000000, 0.000000000000000000, -0.000000000000000000 ) ) ;
#3518 = ORIENTED_EDGE ( 'NONE', *, *, #4644, .T. ) ;
#3519 = CARTESIAN_POINT ( 'NONE',  ( 15.00000000000000178, 15.00000000000000178, 98.00000000000000000 ) ) ;
#3520 = EDGE_CURVE ( 'NONE', #5521, #7137, #2162, .T. ) ;
#3521 = VECTOR ( 'NONE', #3079, 1000.000000000000000 ) ;
#3522 = ORIENTED_EDGE ( 'NONE', *, *, #3334, .T. ) ;
#3523 = CARTESIAN_POINT ( 'NONE',  ( 50.00000000000000000, 4.500000000000000000, 7.000000000000000000 ) ) ;
#3524 = VECTOR ( 'NONE', #1739, 1000.000000000000000 ) ;
#3525 = EDGE_LOOP ( 'NONE', ( #6011, #5114, #1998, #3116 ) ) ;
#3526 = CARTESIAN_POINT ( 'NONE',  ( 93.00000000000000000, 93.00000000000000000, 2.000000000000000000 ) ) ;
#3527 = CARTESIAN_POINT ( 'NONE',  ( 15.00000000000000000, 50.00000000000000000, 22.00000000000000000 ) ) ;
#3528 = FACE_OUTER_BOUND ( 'NONE', #1630, .T. ) ;
#3529 = AXIS2_PLACEMENT_3D ( 'NONE', #2213, #2289, #4560 ) ;
#3530 = VERTEX_POINT ( 'NONE', #5474 ) ;
#3531 = CARTESIAN_POINT ( 'NONE',  ( 4.500000000000000000, 1.999999999999999556, 98.00000000000000000 ) ) ;
#3532 = ORIENTED_EDGE ( 'NONE', *, *, #4469, .T. ) ;
#3533 = ORIENTED_EDGE ( 'NONE', *, *, #5367, .T. ) ;
#3534 = CARTESIAN_POINT ( 'NONE',  ( 5.000000000000004441, 6.999999999999999112, 37.00000000000000000 ) ) ;
#3535 = AXIS2_PLACEMENT_3D ( 'NONE', #1341, #5218, #6934 ) ;
#3536 = DIRECTION ( 'NONE',  ( 0.000000000000000000, -1.000000000000000000, 0.000000000000000000 ) ) ;
#3537 = LINE ( 'NONE', #4094, #4542 ) ;
#3538 = EDGE_LOOP ( 'NONE', ( #24, #3960, #5836, #5447 ) ) ;
#3539 = ORIENTED_EDGE ( 'NONE', *, *, #312, .T. ) ;
#3540 = CARTESIAN_POINT ( 'NONE',  ( 93.00000000000000000, 95.50000000000000000, 98.00000000000000000 ) ) ;
#3541 = LINE ( 'NONE', #4212, #1273 ) ;
#3542 = FACE_OUTER_BOUND ( 'NONE', #1515, .T. ) ;
#3543 = CLOSED_SHELL ( 'NONE', ( #1330, #1606, #5005, #1746, #6441, #3736 ) ) ;
#3544 = CARTESIAN_POINT ( 'NONE',  ( 6.999999999999999112, 6.999999999999999112, 20.00000000000000000 ) ) ;
#3545 = EDGE_LOOP ( 'NONE', ( #3869, #1338, #472, #5892 ) ) ;
#3546 = VECTOR ( 'NONE', #2564, 1000.000000000000000 ) ;
#3547 = EDGE_LOOP ( 'NONE', ( #4022, #890, #347, #2774 ) ) ;
#3548 = CARTESIAN_POINT ( 'NONE',  ( 10.00000000000000000, 84.99999999999998579, 78.00000000000000000 ) ) ;
#3549 = DIRECTION ( 'NONE',  ( 0.000000000000000000, 0.000000000000000000, 1.000000000000000000 ) ) ;
#3550 = CARTESIAN_POINT ( 'NONE',  ( 50.00000000000000000, 93.00000000000000000, 2.000000000000000000 ) ) ;
#3551 = EDGE_CURVE ( 'NONE', #1525, #5521, #4398, .T. ) ;
#3552 = EDGE_CURVE ( 'NONE', #5827, #2881, #5075, .T. ) ;
#3553 = DIRECTION ( 'NONE',  ( -0.000000000000000000, 0.000000000000000000, -1.000000000000000000 ) ) ;
#3554 = ORIENTED_EDGE ( 'NONE', *, *, #4977, .T. ) ;
#3555 = DIRECTION ( 'NONE',  ( 0.000000000000000000, 0.000000000000000000, 1.000000000000000000 ) ) ;
#3556 = ORIENTED_EDGE ( 'NONE', *, *, #961, .F. ) ;
#3557 = CARTESIAN_POINT ( 'NONE',  ( 90.00000000000000000, 10.00000000000000000, 19.00000000000000000 ) ) ;
#3558 = ORIENTED_EDGE ( 'NONE', *, *, #5293, .F. ) ;
#3559 = ADVANCED_FACE ( 'NONE', ( #5035 ), #2654, .T. ) ;
#3560 = ADVANCED_FACE ( 'NONE', ( #4436 ), #3803, .T. ) ;
#3562 = EDGE_CURVE ( 'NONE', #124, #770, #6673, .T. ) ;
#3561 = CARTESIAN_POINT ( 'NONE',  ( 98.00000000000000000, 93.00000000000000000, 93.00000000000000000 ) ) ;
#3563 = DIRECTION ( 'NONE',  ( -0.000000000000000000, 0.000000000000000000, -1.000000000000000000 ) ) ;
#3564 = EDGE_LOOP ( 'NONE', ( #108, #5789, #6260, #5927 ) ) ;
#3565 = DIRECTION ( 'NONE',  ( 0.000000000000000000, 0.000000000000000000, 1.000000000000000000 ) ) ;
#3566 = ORIENTED_EDGE ( 'NONE', *, *, #3051, .T. ) ;
#3567 = CARTESIAN_POINT ( 'NONE',  ( 93.00000000000000000, 93.00000000000000000, 60.00000000000000000 ) ) ;
#3568 = VERTEX_POINT ( 'NONE', #7193 ) ;
#3569 = ORIENTED_EDGE ( 'NONE', *, *, #686, .T. ) ;
#3570 = LINE ( 'NONE', #289, #6140 ) ;
#3571 = LINE ( 'NONE', #4274, #5682 ) ;
#3572 = LINE ( 'NONE', #2491, #4666 ) ;
#3573 = VECTOR ( 'NONE', #2612, 1000.000000000000000 ) ;
#3574 = ORIENTED_EDGE ( 'NONE', *, *, #5557, .T. ) ;
#3575 = EDGE_LOOP ( 'NONE', ( #3463, #3040, #7173, #6114 ) ) ;
#3576 = CARTESIAN_POINT ( 'NONE',  ( 6.999999999999999112, 50.00000000000000000, 22.00000000000000000 ) ) ;
#3577 = FACE_BOUND ( 'NONE', #4247, .T. ) ;
#3578 = LINE ( 'NONE', #6479, #5549 ) ;
#3579 = AXIS2_PLACEMENT_3D ( 'NONE', #3246, #2239, #6786 ) ;
#3580 = DIRECTION ( 'NONE',  ( 0.000000000000000000, -1.000000000000000000, 0.000000000000000000 ) ) ;
#3581 = EDGE_CURVE ( 'NONE', #5784, #3029, #6106, .T. ) ;
#3582 = VERTEX_POINT ( 'NONE', #2090 ) ;
#3583 = CARTESIAN_POINT ( 'NONE',  ( 93.00000000000000000, 95.00000000000000000, 20.00000000000000000 ) ) ;
#3584 = CARTESIAN_POINT ( 'NONE',  ( 50.00000000000000000, 93.00000000000000000, 80.00000000000000000 ) ) ;
#3585 = FACE_OUTER_BOUND ( 'NONE', #1513, .T. ) ;
#3586 = VECTOR ( 'NONE', #3195, 1000.000000000000000 ) ;
#3587 = CARTESIAN_POINT ( 'NONE',  ( 95.00000000000000000, 6.999999999999999112, 37.00000000000000000 ) ) ;
#3588 = VECTOR ( 'NONE', #2954, 1000.000000000000000 ) ;
#3589 = ORIENTED_EDGE ( 'NONE', *, *, #5737, .T. ) ;
#3590 = FACE_OUTER_BOUND ( 'NONE', #1693, .T. ) ;
#3591 = EDGE_CURVE ( 'NONE', #2873, #6113, #7304, .T. ) ;
#3592 = ADVANCED_FACE ( 'NONE', ( #6711 ), #3319, .T. ) ;
#3593 = ORIENTED_EDGE ( 'NONE', *, *, #2420, .T. ) ;
#3594 = DIRECTION ( 'NONE',  ( 0.000000000000000000, -0.000000000000000000, 1.000000000000000000 ) ) ;
#3595 = ORIENTED_EDGE ( 'NONE', *, *, #3552, .F. ) ;
#3596 = AXIS2_PLACEMENT_3D ( 'NONE', #6607, #4972, #4858 ) ;
#3597 = CARTESIAN_POINT ( 'NONE',  ( 10.00000000000000000, 15.00000000000000178, 80.00000000000000000 ) ) ;
#3598 = CARTESIAN_POINT ( 'NONE',  ( 10.00000000000000000, 87.50000000000000000, 98.00000000000000000 ) ) ;
#3599 = CARTESIAN_POINT ( 'NONE',  ( 50.00000000000000000, 2.000000000000000000, 2.000000000000000000 ) ) ;
#3600 = VECTOR ( 'NONE', #1467, 1000.000000000000000 ) ;
#3601 = EDGE_CURVE ( 'NONE', #2249, #1245, #6750, .T. ) ;
#3602 = EDGE_CURVE ( 'NONE', #1092, #3263, #973, .T. ) ;
#3603 = ADVANCED_FACE ( 'NONE', ( #1649 ), #5551, .T. ) ;
#3604 = ORIENTED_EDGE ( 'NONE', *, *, #3693, .F. ) ;
#3605 = FACE_OUTER_BOUND ( 'NONE', #1936, .T. ) ;
#3606 = ORIENTED_EDGE ( 'NONE', *, *, #6968, .F. ) ;
#3607 = ORIENTED_EDGE ( 'NONE', *, *, #4050, .F. ) ;
#3608 = DIRECTION ( 'NONE',  ( 1.000000000000000000, 0.000000000000000000, -0.000000000000000000 ) ) ;
#3609 = LINE ( 'NONE', #5056, #4971 ) ;
#3610 = DIRECTION ( 'NONE',  ( 1.000000000000000000, 0.000000000000000000, -0.000000000000000000 ) ) ;
#3611 = ORIENTED_EDGE ( 'NONE', *, *, #2326, .F. ) ;
#3612 = VERTEX_POINT ( 'NONE', #422 ) ;
#3613 = ORIENTED_EDGE ( 'NONE', *, *, #406, .T. ) ;
#3614 = AXIS2_PLACEMENT_3D ( 'NONE', #7194, #3287, #5514 ) ;
#3615 = LINE ( 'NONE', #2609, #2152 ) ;
#3616 = CARTESIAN_POINT ( 'NONE',  ( 50.00000000000000000, 84.99999999999998579, 61.00000000000000000 ) ) ;
#3617 = DIRECTION ( 'NONE',  ( 0.000000000000000000, 0.000000000000000000, 1.000000000000000000 ) ) ;
#3618 = CARTESIAN_POINT ( 'NONE',  ( 10.00000000000000000, 10.00000000000000000, 20.00000000000000000 ) ) ;
#3619 = AXIS2_PLACEMENT_3D ( 'NONE', #1610, #5550, #2125 ) ;
#3620 = VECTOR ( 'NONE', #6084, 1000.000000000000000 ) ;
#3621 = VECTOR ( 'NONE', #4041, 1000.000000000000000 ) ;
#3622 = PLANE ( 'NONE',  #6069 ) ;
#3623 = CARTESIAN_POINT ( 'NONE',  ( 80.00000000000000000, 20.00000000000000355, 39.00000000000000000 ) ) ;
#3624 = CARTESIAN_POINT ( 'NONE',  ( 84.99999999999998579, 90.00000000000000000, 22.00000000000000000 ) ) ;
#3625 = VECTOR ( 'NONE', #3905, 1000.000000000000000 ) ;
#3626 = CARTESIAN_POINT ( 'NONE',  ( 84.99999999999998579, 84.99999999999998579, 22.00000000000000000 ) ) ;
#3627 = VERTEX_POINT ( 'NONE', #3433 ) ;
#3628 = DIRECTION ( 'NONE',  ( 0.000000000000000000, 0.000000000000000000, 1.000000000000000000 ) ) ;
#3629 = ORIENTED_EDGE ( 'NONE', *, *, #375, .F. ) ;
#3630 = DIRECTION ( 'NONE',  ( 0.000000000000000000, 0.000000000000000000, -1.000000000000000000 ) ) ;
#3631 = ORIENTED_EDGE ( 'NONE', *, *, #4469, .F. ) ;
#3632 = DIRECTION ( 'NONE',  ( 0.000000000000000000, 0.000000000000000000, 1.000000000000000000 ) ) ;
#3633 = CARTESIAN_POINT ( 'NONE',  ( 15.00000000000000178, 10.00000000000000000, 36.00000000000000000 ) ) ;
#3634 = EDGE_CURVE ( 'NONE', #3338, #4116, #600, .T. ) ;
#3635 = VERTEX_POINT ( 'NONE', #3464 ) ;
#3636 = CARTESIAN_POINT ( 'NONE',  ( 2.000000000000001776, 99.00000000000000000, 98.00000000000000000 ) ) ;
#3637 = ORIENTED_EDGE ( 'NONE', *, *, #3148, .F. ) ;
#3638 = CARTESIAN_POINT ( 'NONE',  ( 2.000000000000000000, 100.0000000000000000, 2.000000000000000000 ) ) ;
#3639 = EDGE_LOOP ( 'NONE', ( #7367, #591, #5378, #5901 ) ) ;
#3640 = VECTOR ( 'NONE', #1528, 1000.000000000000000 ) ;
#3641 = ORIENTED_EDGE ( 'NONE', *, *, #1704, .T. ) ;
#3642 = DIRECTION ( 'NONE',  ( 0.000000000000000000, 0.000000000000000000, -1.000000000000000000 ) ) ;
#3643 = CARTESIAN_POINT ( 'NONE',  ( 84.99999999999998579, 84.99999999999998579, 2.000000000000000000 ) ) ;
#3644 = EDGE_CURVE ( 'NONE', #4538, #171, #1192, .T. ) ;
#3645 = EDGE_CURVE ( 'NONE', #5216, #621, #5731, .T. ) ;
#3646 = CARTESIAN_POINT ( 'NONE',  ( 80.00000000000000000, 20.00000000000000355, 48.00000000000000000 ) ) ;
#3647 = ADVANCED_FACE ( 'NONE', ( #3504 ), #637, .T. ) ;
#3648 = VECTOR ( 'NONE', #6524, 1000.000000000000000 ) ;
#3649 = ORIENTED_EDGE ( 'NONE', *, *, #920, .F. ) ;
#3650 = ORIENTED_EDGE ( 'NONE', *, *, #375, .T. ) ;
#3651 = ORIENTED_EDGE ( 'NONE', *, *, #6451, .T. ) ;
#3652 = VECTOR ( 'NONE', #4619, 1000.000000000000000 ) ;
#3653 = VECTOR ( 'NONE', #5515, 1000.000000000000000 ) ;
#3654 = PLANE ( 'NONE',  #1437 ) ;
#3655 = DIRECTION ( 'NONE',  ( -1.000000000000000000, 0.000000000000000000, 0.000000000000000000 ) ) ;
#3656 = DIRECTION ( 'NONE',  ( 1.000000000000000000, 0.000000000000000000, -0.000000000000000000 ) ) ;
#3657 = EDGE_CURVE ( 'NONE', #5064, #1676, #5179, .T. ) ;
#3658 = EDGE_CURVE ( 'NONE', #5015, #6658, #80, .T. ) ;
#3659 = CARTESIAN_POINT ( 'NONE',  ( 5.000000000000004441, 50.00000000000000000, 20.00000000000000000 ) ) ;
#3660 = PLANE ( 'NONE',  #838 ) ;
#3661 = DIRECTION ( 'NONE',  ( 0.000000000000000000, 0.000000000000000000, 1.000000000000000000 ) ) ;
#3662 = LINE ( 'NONE', #345, #2576 ) ;
#3663 = VECTOR ( 'NONE', #3980, 1000.000000000000000 ) ;
#3664 = CARTESIAN_POINT ( 'NONE',  ( 7.000000000000006217, 95.50000000000000000, 2.000000000000000000 ) ) ;
#3665 = EDGE_LOOP ( 'NONE', ( #5133, #1554, #5421, #4911 ) ) ;
#3666 = CARTESIAN_POINT ( 'NONE',  ( 7.000000000000000000, 7.000000000000000000, 77.00000000000000000 ) ) ;
#3667 = VECTOR ( 'NONE', #148, 1000.000000000000000 ) ;
#3668 = ORIENTED_EDGE ( 'NONE', *, *, #4190, .F. ) ;
#3669 = CARTESIAN_POINT ( 'NONE',  ( 15.00000000000000000, 84.99999999999998579, 22.00000000000000000 ) ) ;
#3670 = VERTEX_POINT ( 'NONE', #2426 ) ;
#3671 = CARTESIAN_POINT ( 'NONE',  ( 0.000000000000000000, 0.000000000000000000, 2.000000000000000000 ) ) ;
#3672 = LINE ( 'NONE', #3598, #3430 ) ;
#3673 = LINE ( 'NONE', #5379, #6950 ) ;
#3674 = ORIENTED_EDGE ( 'NONE', *, *, #2107, .F. ) ;
#3675 = PLANE ( 'NONE',  #1241 ) ;
#3676 = EDGE_LOOP ( 'NONE', ( #4546, #3125, #5306, #3310 ) ) ;
#3677 = VERTEX_POINT ( 'NONE', #42 ) ;
#3678 = DIRECTION ( 'NONE',  ( 1.000000000000000000, 0.000000000000000000, 0.000000000000000000 ) ) ;
#3679 = CARTESIAN_POINT ( 'NONE',  ( 90.00000000000000000, 84.99999999999998579, 22.00000000000000000 ) ) ;
#3680 = LINE ( 'NONE', #5941, #4897 ) ;
#3681 = PLANE ( 'NONE',  #1247 ) ;
#3682 = VERTEX_POINT ( 'NONE', #2276 ) ;
#3683 = ORIENTED_EDGE ( 'NONE', *, *, #5874, .T. ) ;
#3684 = EDGE_CURVE ( 'NONE', #3513, #6040, #710, .T. ) ;
#3685 = EDGE_CURVE ( 'NONE', #999, #4614, #2352, .T. ) ;
#3686 = VERTEX_POINT ( 'NONE', #5144 ) ;
#3687 = LINE ( 'NONE', #5948, #2148 ) ;
#3688 = FACE_OUTER_BOUND ( 'NONE', #5173, .T. ) ;
#3689 = DIRECTION ( 'NONE',  ( 0.000000000000000000, 0.000000000000000000, -1.000000000000000000 ) ) ;
#3690 = DIRECTION ( 'NONE',  ( 1.000000000000000000, 0.000000000000000000, -0.000000000000000000 ) ) ;
#3691 = VECTOR ( 'NONE', #6230, 1000.000000000000000 ) ;
#3692 = EDGE_CURVE ( 'NONE', #4639, #1427, #6933, .T. ) ;
#3693 = EDGE_CURVE ( 'NONE', #2922, #5221, #2313, .T. ) ;
#3694 = EDGE_CURVE ( 'NONE', #2908, #4681, #4586, .T. ) ;
#3695 = VECTOR ( 'NONE', #225, 1000.000000000000000 ) ;
#3696 = DIRECTION ( 'NONE',  ( -0.000000000000000000, 0.000000000000000000, -1.000000000000000000 ) ) ;
#3697 = CARTESIAN_POINT ( 'NONE',  ( 50.00000000000000000, 15.00000000000000000, 22.00000000000000000 ) ) ;
#3698 = CARTESIAN_POINT ( 'NONE',  ( 50.00000000000000000, 93.00000000000000000, 78.00000000000000000 ) ) ;
#3699 = FACE_OUTER_BOUND ( 'NONE', #1485, .T. ) ;
#3700 = VERTEX_POINT ( 'NONE', #5766 ) ;
#3701 = VECTOR ( 'NONE', #448, 1000.000000000000000 ) ;
#3702 = ORIENTED_EDGE ( 'NONE', *, *, #6968, .T. ) ;
#3703 = DIRECTION ( 'NONE',  ( -0.000000000000000000, 1.000000000000000000, 0.000000000000000000 ) ) ;
#3704 = ORIENTED_EDGE ( 'NONE', *, *, #2377, .T. ) ;
#3705 = DIRECTION ( 'NONE',  ( -1.000000000000000000, 0.000000000000000000, 0.000000000000000000 ) ) ;
#3706 = DIRECTION ( 'NONE',  ( 1.000000000000000000, 0.000000000000000000, -0.000000000000000000 ) ) ;
#3707 = EDGE_LOOP ( 'NONE', ( #3607, #133, #5835, #6757 ) ) ;
#3708 = DIRECTION ( 'NONE',  ( -1.000000000000000000, -0.000000000000000000, 0.000000000000000000 ) ) ;
#3709 = VECTOR ( 'NONE', #6019, 1000.000000000000000 ) ;
#3710 = ORIENTED_EDGE ( 'NONE', *, *, #5834, .T. ) ;
#3711 = CARTESIAN_POINT ( 'NONE',  ( 90.00000000000000000, 12.50000000000000000, 36.00000000000000000 ) ) ;
#3712 = ORIENTED_EDGE ( 'NONE', *, *, #4376, .F. ) ;
#3713 = ORIENTED_EDGE ( 'NONE', *, *, #2240, .T. ) ;
#3714 = CARTESIAN_POINT ( 'NONE',  ( 50.00000000000000000, 84.99999999999998579, 78.00000000000000000 ) ) ;
#3715 = DIRECTION ( 'NONE',  ( -0.000000000000000000, 1.000000000000000000, 0.000000000000000000 ) ) ;
#3716 = CARTESIAN_POINT ( 'NONE',  ( 100.0000000000000000, 100.0000000000000000, 2.000000000000000000 ) ) ;
#3717 = VECTOR ( 'NONE', #169, 1000.000000000000000 ) ;
#3718 = LINE ( 'NONE', #4313, #3153 ) ;
#3719 = ORIENTED_EDGE ( 'NONE', *, *, #4, .F. ) ;
#3720 = ORIENTED_EDGE ( 'NONE', *, *, #4511, .T. ) ;
#3721 = ORIENTED_EDGE ( 'NONE', *, *, #1149, .F. ) ;
#3722 = EDGE_LOOP ( 'NONE', ( #1931, #160, #4673, #4441 ) ) ;
#3723 = DIRECTION ( 'NONE',  ( 1.000000000000000000, 0.000000000000000000, -0.000000000000000000 ) ) ;
#3724 = FACE_BOUND ( 'NONE', #4709, .T. ) ;
#3725 = LINE ( 'NONE', #1451, #4261 ) ;
#3726 = CARTESIAN_POINT ( 'NONE',  ( 100.0000000000000000, 0.000000000000000000, 2.000000000000000000 ) ) ;
#3727 = ADVANCED_FACE ( 'NONE', ( #1763 ), #5217, .T. ) ;
#3728 = ADVANCED_FACE ( 'NONE', ( #675 ), #2390, .F. ) ;
#3729 = LINE ( 'NONE', #5994, #3221 ) ;
#3730 = DIRECTION ( 'NONE',  ( 0.000000000000000000, 0.000000000000000000, 1.000000000000000000 ) ) ;
#3731 = DIRECTION ( 'NONE',  ( -0.000000000000000000, 0.000000000000000000, -1.000000000000000000 ) ) ;
#3732 = CARTESIAN_POINT ( 'NONE',  ( 93.00000000000000000, 50.00000000000000000, 78.00000000000000000 ) ) ;
#3733 = EDGE_CURVE ( 'NONE', #2072, #1617, #1831, .T. ) ;
#3734 = EDGE_CURVE ( 'NONE', #3739, #3530, #6363, .T. ) ;
#3735 = VECTOR ( 'NONE', #4826, 1000.000000000000000 ) ;
#3736 = ADVANCED_FACE ( 'NONE', ( #5805 ), #6256, .T. ) ;
#3737 = VERTEX_POINT ( 'NONE', #3955 ) ;
#3738 = DIRECTION ( 'NONE',  ( 1.000000000000000000, 0.000000000000000000, -0.000000000000000000 ) ) ;
#3739 = VERTEX_POINT ( 'NONE', #188 ) ;
#3740 = LINE ( 'NONE', #6003, #6692 ) ;
#3741 = VECTOR ( 'NONE', #469, 1000.000000000000000 ) ;
#3742 = DIRECTION ( 'NONE',  ( 0.000000000000000000, -1.000000000000000000, -0.000000000000000000 ) ) ;
#3743 = CC_DESIGN_APPROVAL ( #6133, ( #417 ) ) ;
#3744 = AXIS2_PLACEMENT_3D ( 'NONE', #1986, #6983, #794 ) ;
#3745 = EDGE_LOOP ( 'NONE', ( #7059, #7182, #5231, #256 ) ) ;
#3746 = CARTESIAN_POINT ( 'NONE',  ( 5.000000000000004441, 50.00000000000000000, 61.00000000000000000 ) ) ;
#3747 = DIRECTION ( 'NONE',  ( -0.000000000000000000, 0.000000000000000000, -1.000000000000000000 ) ) ;
#3748 = EDGE_CURVE ( 'NONE', #7067, #236, #5355, .T. ) ;
#3749 = EDGE_LOOP ( 'NONE', ( #1695, #800, #2619, #4402 ) ) ;
#3750 = PLANE ( 'NONE',  #5871 ) ;
#3751 = ORIENTED_EDGE ( 'NONE', *, *, #6601, .T. ) ;
#3752 = LINE ( 'NONE', #326, #2320 ) ;
#3753 = ORIENTED_EDGE ( 'NONE', *, *, #6849, .F. ) ;
#3754 = CARTESIAN_POINT ( 'NONE',  ( 5.000000000000004441, 6.999999999999999112, 22.00000000000000000 ) ) ;
#3755 = CARTESIAN_POINT ( 'NONE',  ( 93.00000000000000000, 93.00000000000000000, 2.000000000000000000 ) ) ;
#3756 = CARTESIAN_POINT ( 'NONE',  ( 6.999999999999999112, 7.000000000000006217, 93.00000000000000000 ) ) ;
#3757 = ORIENTED_EDGE ( 'NONE', *, *, #5050, .T. ) ;
#3758 = AXIS2_PLACEMENT_3D ( 'NONE', #7318, #3372, #6081 ) ;
#3759 = ORIENTED_EDGE ( 'NONE', *, *, #6888, .F. ) ;
#3760 = VERTEX_POINT ( 'NONE', #7003 ) ;
#3761 = ORIENTED_EDGE ( 'NONE', *, *, #1645, .T. ) ;
#3762 = CARTESIAN_POINT ( 'NONE',  ( 84.99999999999998579, 50.00000000000000000, 22.00000000000000000 ) ) ;
#3763 = FACE_OUTER_BOUND ( 'NONE', #7112, .T. ) ;
#3764 = DIRECTION ( 'NONE',  ( 1.000000000000000000, 0.000000000000000000, 0.000000000000000000 ) ) ;
#3765 = VECTOR ( 'NONE', #2925, 1000.000000000000000 ) ;
#3766 = FACE_OUTER_BOUND ( 'NONE', #7248, .T. ) ;
#3767 = VECTOR ( 'NONE', #6183, 1000.000000000000000 ) ;
#3768 = LINE ( 'NONE', #489, #4575 ) ;
#3769 = FACE_OUTER_BOUND ( 'NONE', #6353, .T. ) ;
#3770 = DIRECTION ( 'NONE',  ( 1.000000000000000000, 0.000000000000000000, -0.000000000000000000 ) ) ;
#3771 = DIRECTION ( 'NONE',  ( -1.000000000000000000, -0.000000000000000000, 0.000000000000000000 ) ) ;
#3772 = CARTESIAN_POINT ( 'NONE',  ( 95.00000000000000000, 6.999999999999999112, 22.00000000000000000 ) ) ;
#3773 = ORIENTED_EDGE ( 'NONE', *, *, #1056, .F. ) ;
#3774 = CARTESIAN_POINT ( 'NONE',  ( 84.99999999999998579, 10.00000000000000000, 2.000000000000000000 ) ) ;
#3775 = EDGE_LOOP ( 'NONE', ( #3394, #5185, #6309, #12 ) ) ;
#3776 = DIRECTION ( 'NONE',  ( -0.000000000000000000, 1.000000000000000000, 0.000000000000000000 ) ) ;
#3777 = EDGE_CURVE ( 'NONE', #4840, #5015, #3060, .T. ) ;
#3778 = CARTESIAN_POINT ( 'NONE',  ( 50.00000000000000000, 90.00000000000000000, 61.00000000000000000 ) ) ;
#3779 = EDGE_CURVE ( 'NONE', #3760, #4945, #854, .T. ) ;
#3780 = DIRECTION ( 'NONE',  ( -1.000000000000000000, -0.000000000000000000, 0.000000000000000000 ) ) ;
#3781 = LINE ( 'NONE', #4939, #176 ) ;
#3782 = PLANE ( 'NONE',  #4215 ) ;
#3783 = ORIENTED_EDGE ( 'NONE', *, *, #6794, .F. ) ;
#3784 = VECTOR ( 'NONE', #5236, 1000.000000000000000 ) ;
#3785 = CARTESIAN_POINT ( 'NONE',  ( 93.00000000000000000, 7.000000000000000000, 36.00000000000000000 ) ) ;
#3786 = ORIENTED_EDGE ( 'NONE', *, *, #2282, .F. ) ;
#3787 = EDGE_CURVE ( 'NONE', #1245, #6664, #260, .T. ) ;
#3788 = DIRECTION ( 'NONE',  ( -0.000000000000000000, 1.000000000000000000, 0.000000000000000000 ) ) ;
#3789 = EDGE_CURVE ( 'NONE', #36, #5310, #2571, .T. ) ;
#3790 = EDGE_CURVE ( 'NONE', #5659, #6432, #4136, .T. ) ;
#3791 = VERTEX_POINT ( 'NONE', #6435 ) ;
#3792 = CARTESIAN_POINT ( 'NONE',  ( 95.50000000000000000, 50.00000000000000000, 7.000000000000000000 ) ) ;
#3793 = DIRECTION ( 'NONE',  ( -1.000000000000000000, -0.000000000000000000, 0.000000000000000000 ) ) ;
#3794 = DIRECTION ( 'NONE',  ( -0.000000000000000000, 1.000000000000000000, 0.000000000000000000 ) ) ;
#3795 = VERTEX_POINT ( 'NONE', #2535 ) ;
#3796 = ORIENTED_EDGE ( 'NONE', *, *, #5693, .T. ) ;
#3797 = ORIENTED_EDGE ( 'NONE', *, *, #6, .F. ) ;
#3798 = CARTESIAN_POINT ( 'NONE',  ( 4.500000000000000000, 93.00000000000000000, 93.00000000000000000 ) ) ;
#3799 = DIRECTION ( 'NONE',  ( 0.000000000000000000, 1.000000000000000000, 0.000000000000000000 ) ) ;
#3800 = DIRECTION ( 'NONE',  ( 0.000000000000000000, -1.000000000000000000, -0.000000000000000000 ) ) ;
#3801 = CARTESIAN_POINT ( 'NONE',  ( 10.00000000000000000, 10.00000000000000000, 2.000000000000000000 ) ) ;
#3802 = DIRECTION ( 'NONE',  ( -0.000000000000000000, 0.000000000000000000, -1.000000000000000000 ) ) ;
#3803 = PLANE ( 'NONE',  #5473 ) ;
#3804 = DIRECTION ( 'NONE',  ( 0.000000000000000000, -1.000000000000000000, 0.000000000000000000 ) ) ;
#3805 = PLANE ( 'NONE',  #6984 ) ;
#3806 = DIRECTION ( 'NONE',  ( 0.000000000000000000, 0.000000000000000000, -1.000000000000000000 ) ) ;
#3807 = ORIENTED_EDGE ( 'NONE', *, *, #1874, .F. ) ;
#3808 = VECTOR ( 'NONE', #6790, 1000.000000000000000 ) ;
#3809 = EDGE_CURVE ( 'NONE', #5578, #5947, #748, .T. ) ;
#3810 = VECTOR ( 'NONE', #2505, 1000.000000000000000 ) ;
#3811 = ORIENTED_EDGE ( 'NONE', *, *, #6058, .T. ) ;
#3812 = CARTESIAN_POINT ( 'NONE',  ( 7.000000000000006217, 4.500000000000000000, 7.000000000000000000 ) ) ;
#3813 = LINE ( 'NONE', #1805, #1939 ) ;
#3814 = ORIENTED_EDGE ( 'NONE', *, *, #4746, .F. ) ;
#3815 = CARTESIAN_POINT ( 'NONE',  ( 100.0000000000000000, 50.00000000000000000, 2.000000000000000000 ) ) ;
#3816 = PLANE ( 'NONE',  #6237 ) ;
#3817 = VECTOR ( 'NONE', #4393, 1000.000000000000000 ) ;
#3818 = ORIENTED_EDGE ( 'NONE', *, *, #7138, .F. ) ;
#3819 = CARTESIAN_POINT ( 'NONE',  ( 90.00000000000000000, 50.00000000000000000, 63.00000000000000000 ) ) ;
#3820 = EDGE_CURVE ( 'NONE', #2478, #3686, #4803, .T. ) ;
#3821 = EDGE_CURVE ( 'NONE', #4580, #2442, #6477, .T. ) ;
#3822 = EDGE_CURVE ( 'NONE', #6404, #567, #1449, .T. ) ;
#3823 = ORIENTED_EDGE ( 'NONE', *, *, #6102, .F. ) ;
#3824 = PLANE ( 'NONE',  #2167 ) ;
#3825 = ORIENTED_EDGE ( 'NONE', *, *, #5201, .F. ) ;
#3826 = DIRECTION ( 'NONE',  ( 0.000000000000000000, 0.000000000000000000, 1.000000000000000000 ) ) ;
#3827 = AXIS2_PLACEMENT_3D ( 'NONE', #115, #4653, #1828 ) ;
#3828 = CARTESIAN_POINT ( 'NONE',  ( 84.99999999999998579, 50.00000000000000000, 20.00000000000000000 ) ) ;
#3829 = CARTESIAN_POINT ( 'NONE',  ( 0.000000000000000000, 100.0000000000000000, 2.000000000000000000 ) ) ;
#3830 = EDGE_CURVE ( 'NONE', #3048, #5465, #1413, .T. ) ;
#3831 = EDGE_CURVE ( 'NONE', #5381, #5266, #3687, .T. ) ;
#3832 = ADVANCED_FACE ( 'NONE', ( #7041 ), #5843, .F. ) ;
#3833 = ORIENTED_EDGE ( 'NONE', *, *, #865, .T. ) ;
#3834 = EDGE_LOOP ( 'NONE', ( #7068, #5347, #5877, #2524 ) ) ;
#3835 = ORIENTED_EDGE ( 'NONE', *, *, #7151, .F. ) ;
#3836 = DIRECTION ( 'NONE',  ( 0.000000000000000000, 0.000000000000000000, 1.000000000000000000 ) ) ;
#3837 = PLANE ( 'NONE',  #2208 ) ;
#3838 = CARTESIAN_POINT ( 'NONE',  ( 50.00000000000000000, 6.999999999999999112, 98.00000000000000000 ) ) ;
#3839 = VECTOR ( 'NONE', #3976, 1000.000000000000000 ) ;
#3840 = CARTESIAN_POINT ( 'NONE',  ( 12.50000000000000000, 90.00000000000000000, 98.00000000000000000 ) ) ;
#3841 = VECTOR ( 'NONE', #6681, 1000.000000000000000 ) ;
#3842 = CARTESIAN_POINT ( 'NONE',  ( 10.00000000000000000, 87.50000000000000000, 2.000000000000000000 ) ) ;
#3843 = CARTESIAN_POINT ( 'NONE',  ( 50.00000000000000000, 4.500000000000000000, 2.000000000000000000 ) ) ;
#3844 = PLANE ( 'NONE',  #49 ) ;
#3845 = DIRECTION ( 'NONE',  ( 0.000000000000000000, 0.000000000000000000, 1.000000000000000000 ) ) ;
#3846 = DIRECTION ( 'NONE',  ( 0.000000000000000000, -1.000000000000000000, -0.000000000000000000 ) ) ;
#3847 = ORIENTED_EDGE ( 'NONE', *, *, #5151, .T. ) ;
#3848 = APPROVAL_DATE_TIME ( #5668, #89 ) ;
#3849 = ORIENTED_EDGE ( 'NONE', *, *, #1415, .T. ) ;
#3850 = CARTESIAN_POINT ( 'NONE',  ( 10.00000000000000000, 10.00000000000000000, 77.00000000000000000 ) ) ;
#3851 = CARTESIAN_POINT ( 'NONE',  ( 4.500000000000000000, 95.50000000000000000, 98.00000000000000000 ) ) ;
#3852 = CARTESIAN_POINT ( 'NONE',  ( 5.000000000000004441, 50.00000000000000000, 37.00000000000000000 ) ) ;
#3853 = DIRECTION ( 'NONE',  ( -0.000000000000000000, 1.000000000000000000, 0.000000000000000000 ) ) ;
#3854 = DIRECTION ( 'NONE',  ( -1.000000000000000000, -0.000000000000000000, 0.000000000000000000 ) ) ;
#3855 = DIRECTION ( 'NONE',  ( 0.000000000000000000, -1.000000000000000000, 0.000000000000000000 ) ) ;
#3856 = ORIENTED_EDGE ( 'NONE', *, *, #5639, .T. ) ;
#3857 = DIRECTION ( 'NONE',  ( -0.000000000000000000, 0.000000000000000000, -1.000000000000000000 ) ) ;
#3858 = VECTOR ( 'NONE', #2805, 1000.000000000000000 ) ;
#3859 = VECTOR ( 'NONE', #4674, 1000.000000000000000 ) ;
#3860 = VECTOR ( 'NONE', #4929, 1000.000000000000000 ) ;
#3861 = ORIENTED_EDGE ( 'NONE', *, *, #4609, .T. ) ;
#3862 = CARTESIAN_POINT ( 'NONE',  ( 7.000000000000006217, 98.00000000000000000, 93.00000000000000000 ) ) ;
#3863 = ORIENTED_EDGE ( 'NONE', *, *, #4333, .F. ) ;
#3864 = FACE_OUTER_BOUND ( 'NONE', #956, .T. ) ;
#3865 = AXIS2_PLACEMENT_3D ( 'NONE', #6544, #6661, #7255 ) ;
#3866 = CARTESIAN_POINT ( 'NONE',  ( 95.00000000000000000, 93.00000000000000000, 37.00000000000000000 ) ) ;
#3867 = LINE ( 'NONE', #2185, #4457 ) ;
#3868 = ORIENTED_EDGE ( 'NONE', *, *, #4201, .F. ) ;
#3869 = ORIENTED_EDGE ( 'NONE', *, *, #2016, .T. ) ;
#3870 = ORIENTED_EDGE ( 'NONE', *, *, #1421, .F. ) ;
#3871 = DIRECTION ( 'NONE',  ( -1.000000000000000000, -0.000000000000000000, 0.000000000000000000 ) ) ;
#3872 = EDGE_CURVE ( 'NONE', #5982, #4453, #7115, .T. ) ;
#3873 = ADVANCED_FACE ( 'NONE', ( #2010 ), #4281, .T. ) ;
#3874 = CARTESIAN_POINT ( 'NONE',  ( 93.00000000000000000, 6.999999999999999112, 93.00000000000000000 ) ) ;
#3875 = DIRECTION ( 'NONE',  ( 1.000000000000000000, 0.000000000000000000, -0.000000000000000000 ) ) ;
#3876 = CARTESIAN_POINT ( 'NONE',  ( 84.99999999999998579, 84.99999999999998579, 80.00000000000000000 ) ) ;
#3877 = VECTOR ( 'NONE', #912, 1000.000000000000000 ) ;
#3878 = LINE ( 'NONE', #5583, #3260 ) ;
#3879 = VECTOR ( 'NONE', #6300, 1000.000000000000000 ) ;
#3880 = CARTESIAN_POINT ( 'NONE',  ( 95.00000000000000000, 50.00000000000000000, 78.00000000000000000 ) ) ;
#3881 = EDGE_CURVE ( 'NONE', #2453, #798, #1869, .T. ) ;
#3882 = EDGE_CURVE ( 'NONE', #5465, #3151, #3167, .T. ) ;
#3883 = DIRECTION ( 'NONE',  ( -0.000000000000000000, 0.000000000000000000, -1.000000000000000000 ) ) ;
#3884 = DIRECTION ( 'NONE',  ( 0.000000000000000000, 0.000000000000000000, 1.000000000000000000 ) ) ;
#3885 = DIRECTION ( 'NONE',  ( 0.000000000000000000, 0.000000000000000000, 1.000000000000000000 ) ) ;
#3886 = ORIENTED_EDGE ( 'NONE', *, *, #374, .T. ) ;
#3887 = AXIS2_PLACEMENT_3D ( 'NONE', #684, #2400, #4670 ) ;
#3888 = APPROVAL_ROLE ( '' ) ;
#3889 = ORIENTED_EDGE ( 'NONE', *, *, #5016, .F. ) ;
#3890 = PLANE ( 'NONE',  #6932 ) ;
#3891 = CARTESIAN_POINT ( 'NONE',  ( 10.00000000000000000, 10.00000000000000000, 78.00000000000000000 ) ) ;
#3892 = AXIS2_PLACEMENT_3D ( 'NONE', #2990, #5254, #5844 ) ;
#3893 = CARTESIAN_POINT ( 'NONE',  ( 6.999999999999999112, 5.000000000000004441, 20.00000000000000000 ) ) ;
#3894 = LINE ( 'NONE', #3297, #5080 ) ;
#3895 = FACE_OUTER_BOUND ( 'NONE', #738, .T. ) ;
#3896 = DIRECTION ( 'NONE',  ( 0.000000000000000000, 0.000000000000000000, 1.000000000000000000 ) ) ;
#3897 = ORIENTED_EDGE ( 'NONE', *, *, #5494, .T. ) ;
#3898 = CARTESIAN_POINT ( 'NONE',  ( 84.99999999999998579, 15.00000000000000178, 77.00000000000000000 ) ) ;
#3899 = ORIENTED_EDGE ( 'NONE', *, *, #6741, .T. ) ;
#3900 = CARTESIAN_POINT ( 'NONE',  ( 84.99999999999998579, 90.00000000000000000, 63.00000000000000000 ) ) ;
#3901 = ORIENTED_EDGE ( 'NONE', *, *, #566, .T. ) ;
#3902 = CARTESIAN_POINT ( 'NONE',  ( 90.00000000000000000, 15.00000000000000178, 77.00000000000000000 ) ) ;
#3903 = AXIS2_PLACEMENT_3D ( 'NONE', #2114, #4907, #994 ) ;
#3904 = PLANE ( 'NONE',  #859 ) ;
#3905 = DIRECTION ( 'NONE',  ( 0.000000000000000000, 0.000000000000000000, 1.000000000000000000 ) ) ;
#3906 = ORIENTED_EDGE ( 'NONE', *, *, #142, .T. ) ;
#3907 = AXIS2_PLACEMENT_3D ( 'NONE', #6707, #414, #2687 ) ;
#3908 = ORIENTED_EDGE ( 'NONE', *, *, #2961, .F. ) ;
#3909 = ORIENTED_EDGE ( 'NONE', *, *, #62, .T. ) ;
#3910 = DIRECTION ( 'NONE',  ( -1.000000000000000000, -0.000000000000000000, 0.000000000000000000 ) ) ;
#3911 = CARTESIAN_POINT ( 'NONE',  ( 50.00000000000000000, 93.00000000000000000, 7.000000000000000000 ) ) ;
#3912 = CARTESIAN_POINT ( 'NONE',  ( 15.00000000000000178, 12.50000000000000000, 98.00000000000000000 ) ) ;
#3913 = MANIFOLD_SOLID_BREP ( 'Battery', #3432 ) ;
#3914 = FACE_OUTER_BOUND ( 'NONE', #29, .T. ) ;
#3915 = EDGE_CURVE ( 'NONE', #6059, #3, #3615, .T. ) ;
#3916 = ADVANCED_FACE ( 'NONE', ( #5881 ), #3654, .T. ) ;
#3917 = ORIENTED_EDGE ( 'NONE', *, *, #6200, .T. ) ;
#3918 = CARTESIAN_POINT ( 'NONE',  ( 50.00000000000000000, 10.00000000000000178, 78.00000000000000000 ) ) ;
#3919 = DIRECTION ( 'NONE',  ( -0.000000000000000000, 0.000000000000000000, -1.000000000000000000 ) ) ;
#3920 = LINE ( 'NONE', #9, #680 ) ;
#3921 = LINE ( 'NONE', #1613, #1760 ) ;
#3922 = CARTESIAN_POINT ( 'NONE',  ( 6.999999999999999112, 50.00000000000000000, 39.00000000000000000 ) ) ;
#3923 = ORIENTED_EDGE ( 'NONE', *, *, #6199, .F. ) ;
#3924 = ADVANCED_FACE ( 'NONE', ( #5467 ), #930, .T. ) ;
#3925 = EDGE_CURVE ( 'NONE', #4165, #4720, #1002, .T. ) ;
#3926 = EDGE_CURVE ( 'NONE', #4982, #6226, #6586, .T. ) ;
#3927 = ORIENTED_EDGE ( 'NONE', *, *, #3822, .T. ) ;
#3928 = EDGE_LOOP ( 'NONE', ( #427, #4192, #5313, #5389 ) ) ;
#3929 = CARTESIAN_POINT ( 'NONE',  ( 87.50000000000000000, 10.00000000000000000, 98.00000000000000000 ) ) ;
#3930 = FACE_OUTER_BOUND ( 'NONE', #573, .T. ) ;
#3931 = DIRECTION ( 'NONE',  ( -0.000000000000000000, 1.000000000000000000, 0.000000000000000000 ) ) ;
#3932 = DIRECTION ( 'NONE',  ( 1.000000000000000000, 0.000000000000000000, 0.000000000000000000 ) ) ;
#3933 = DIRECTION ( 'NONE',  ( 0.000000000000000000, -1.000000000000000000, 0.000000000000000000 ) ) ;
#3934 = VECTOR ( 'NONE', #5396, 1000.000000000000000 ) ;
#3935 = ORIENTED_EDGE ( 'NONE', *, *, #2003, .T. ) ;
#3936 = CARTESIAN_POINT ( 'NONE',  ( 98.00000000000000000, 50.00000000000000000, 2.000000000000000000 ) ) ;
#3937 = AXIS2_PLACEMENT_3D ( 'NONE', #1842, #3661, #6523 ) ;
#3938 = ORIENTED_EDGE ( 'NONE', *, *, #1561, .T. ) ;
#3939 = DIRECTION ( 'NONE',  ( 1.000000000000000000, 0.000000000000000000, -0.000000000000000000 ) ) ;
#3940 = EDGE_LOOP ( 'NONE', ( #3917, #2703, #6974, #6737 ) ) ;
#3941 = VECTOR ( 'NONE', #1087, 1000.000000000000000 ) ;
#3942 = CARTESIAN_POINT ( 'NONE',  ( 93.00000000000000000, 93.00000000000000000, 7.000000000000000000 ) ) ;
#3943 = CARTESIAN_POINT ( 'NONE',  ( 50.00000000000000000, 50.00000000000000000, 2.000000000000000000 ) ) ;
#3944 = CARTESIAN_POINT ( 'NONE',  ( 84.99999999999998579, 15.00000000000000178, 80.00000000000000000 ) ) ;
#3945 = VERTEX_POINT ( 'NONE', #1527 ) ;
#3946 = ORIENTED_EDGE ( 'NONE', *, *, #2961, .T. ) ;
#3947 = ORIENTED_EDGE ( 'NONE', *, *, #5954, .F. ) ;
#3948 = LINE ( 'NONE', #3425, #5012 ) ;
#3949 = VECTOR ( 'NONE', #1335, 1000.000000000000000 ) ;
#3950 = FACE_OUTER_BOUND ( 'NONE', #5702, .T. ) ;
#3951 = CARTESIAN_POINT ( 'NONE',  ( 4.500000000000000000, 93.00000000000000000, 7.000000000000000000 ) ) ;
#3952 = DIRECTION ( 'NONE',  ( -1.000000000000000000, -0.000000000000000000, 0.000000000000000000 ) ) ;
#3953 = EDGE_LOOP ( 'NONE', ( #3265, #1066, #916, #1322 ) ) ;
#3954 = DIRECTION ( 'NONE',  ( 0.000000000000000000, 0.000000000000000000, 1.000000000000000000 ) ) ;
#3955 = CARTESIAN_POINT ( 'NONE',  ( 90.00000000000000000, 84.99999999999998579, 61.00000000000000000 ) ) ;
#3956 = CARTESIAN_POINT ( 'NONE',  ( 93.00000000000000000, 93.00000000000000000, 63.00000000000000000 ) ) ;
#3957 = DIRECTION ( 'NONE',  ( 0.000000000000000000, 0.000000000000000000, 1.000000000000000000 ) ) ;
#3958 = EDGE_CURVE ( 'NONE', #881, #844, #6098, .T. ) ;
#3959 = CARTESIAN_POINT ( 'NONE',  ( 5.000000000000004441, 50.00000000000000000, 22.00000000000000000 ) ) ;
#3960 = ORIENTED_EDGE ( 'NONE', *, *, #556, .F. ) ;
#3961 = VECTOR ( 'NONE', #2934, 1000.000000000000000 ) ;
#3962 = VERTEX_POINT ( 'NONE', #483 ) ;
#3963 = ORIENTED_EDGE ( 'NONE', *, *, #1056, .T. ) ;
#3964 = FACE_OUTER_BOUND ( 'NONE', #6729, .T. ) ;
#3965 = CARTESIAN_POINT ( 'NONE',  ( 95.50000000000000000, 50.00000000000000000, 93.00000000000000000 ) ) ;
#3966 = CARTESIAN_POINT ( 'NONE',  ( 50.00000000000000000, 10.00000000000000178, 22.00000000000000000 ) ) ;
#3967 = EDGE_CURVE ( 'NONE', #7171, #5160, #2761, .T. ) ;
#3968 = EDGE_CURVE ( 'NONE', #6466, #1167, #3203, .T. ) ;
#3970 = EDGE_CURVE ( 'NONE', #17, #5539, #4429, .T. ) ;
#3969 = FACE_OUTER_BOUND ( 'NONE', #2781, .T. ) ;
#3971 = DIRECTION ( 'NONE',  ( 1.000000000000000000, 0.000000000000000000, -0.000000000000000000 ) ) ;
#3972 = ORIENTED_EDGE ( 'NONE', *, *, #4246, .F. ) ;
#3973 = CARTESIAN_POINT ( 'NONE',  ( 6.999999999999999112, 4.500000000000000000, 2.000000000000000000 ) ) ;
#3974 = VECTOR ( 'NONE', #1650, 1000.000000000000000 ) ;
#3975 = ORIENTED_EDGE ( 'NONE', *, *, #47, .T. ) ;
#3976 = DIRECTION ( 'NONE',  ( 0.000000000000000000, 0.000000000000000000, 1.000000000000000000 ) ) ;
#3977 = ORIENTED_EDGE ( 'NONE', *, *, #2648, .F. ) ;
#3978 = EDGE_CURVE ( 'NONE', #5165, #3124, #4991, .T. ) ;
#3979 = EDGE_CURVE ( 'NONE', #4464, #4616, #371, .T. ) ;
#3980 = DIRECTION ( 'NONE',  ( 1.000000000000000000, 0.000000000000000000, -0.000000000000000000 ) ) ;
#3981 = PLANE ( 'NONE',  #4193 ) ;
#3982 = DIRECTION ( 'NONE',  ( -1.000000000000000000, -0.000000000000000000, 0.000000000000000000 ) ) ;
#3983 = VECTOR ( 'NONE', #3565, 1000.000000000000000 ) ;
#3984 = ORIENTED_EDGE ( 'NONE', *, *, #2700, .F. ) ;
#3985 = VERTEX_POINT ( 'NONE', #6705 ) ;
#3986 = EDGE_LOOP ( 'NONE', ( #2119, #6550, #1294, #4494 ) ) ;
#3988 = CARTESIAN_POINT ( 'NONE',  ( 50.00000000000000000, 100.0000000000000000, 2.000000000000000000 ) ) ;
#3987 = AXIS2_PLACEMENT_3D ( 'NONE', #212, #2450, #1329 ) ;
#3989 = LINE ( 'NONE', #38, #5803 ) ;
#3990 = MANIFOLD_SOLID_BREP ( 'Frame_Y_12', #6947 ) ;
#3991 = LINE ( 'NONE', #6894, #3230 ) ;
#3992 = VERTEX_POINT ( 'NONE', #7298 ) ;
#3993 = DIRECTION ( 'NONE',  ( 0.000000000000000000, -1.000000000000000000, -0.000000000000000000 ) ) ;
#3994 = CARTESIAN_POINT ( 'NONE',  ( 93.00000000000000000, 4.500000000000000000, 7.000000000000000000 ) ) ;
#3995 = DIRECTION ( 'NONE',  ( 0.000000000000000000, 0.000000000000000000, -1.000000000000000000 ) ) ;
#3996 = CARTESIAN_POINT ( 'NONE',  ( 50.00000000000000000, 6.999999999999999112, 93.00000000000000000 ) ) ;
#3997 = ORIENTED_EDGE ( 'NONE', *, *, #2241, .T. ) ;
#3998 = MANIFOLD_SOLID_BREP ( 'Frame_Y_8', #5207 ) ;
#3999 = VECTOR ( 'NONE', #5086, 1000.000000000000000 ) ;
#4000 = VERTEX_POINT ( 'NONE', #410 ) ;
#4001 = ORIENTED_EDGE ( 'NONE', *, *, #5772, .F. ) ;
#4002 = LINE ( 'NONE', #1168, #2897 ) ;
#4003 = CARTESIAN_POINT ( 'NONE',  ( 15.00000000000000178, 84.99999999999998579, 2.000000000000000000 ) ) ;
#4004 = LINE ( 'NONE', #883, #1864 ) ;
#4005 = LINE ( 'NONE', #5744, #1007 ) ;
#4006 = LINE ( 'NONE', #4489, #5168 ) ;
#4007 = VECTOR ( 'NONE', #2526, 1000.000000000000000 ) ;
#4008 = ORIENTED_EDGE ( 'NONE', *, *, #7016, .F. ) ;
#4009 = CARTESIAN_POINT ( 'NONE',  ( 93.00000000000000000, 93.00000000000000000, 93.00000000000000000 ) ) ;
#4010 = EDGE_CURVE ( 'NONE', #5864, #5416, #2194, .T. ) ;
#4011 = EDGE_CURVE ( 'NONE', #6059, #6829, #7184, .T. ) ;
#4012 = EDGE_LOOP ( 'NONE', ( #2674, #5913, #6119, #2522 ) ) ;
#4013 = VECTOR ( 'NONE', #2769, 1000.000000000000000 ) ;
#4014 = CARTESIAN_POINT ( 'NONE',  ( 5.000000000000004441, 6.999999999999999112, 61.00000000000000000 ) ) ;
#4015 = ORIENTED_EDGE ( 'NONE', *, *, #2728, .T. ) ;
#4016 = LINE ( 'NONE', #5128, #3663 ) ;
#4017 = CARTESIAN_POINT ( 'NONE',  ( 84.99999999999998579, 12.50000000000000000, 60.00000000000000000 ) ) ;
#4018 = EDGE_CURVE ( 'NONE', #567, #5880, #2084, .T. ) ;
#4019 = EDGE_CURVE ( 'NONE', #4037, #1033, #6665, .T. ) ;
#4020 = EDGE_CURVE ( 'NONE', #4802, #5654, #3314, .T. ) ;
#4021 = ORIENTED_EDGE ( 'NONE', *, *, #3581, .T. ) ;
#4022 = ORIENTED_EDGE ( 'NONE', *, *, #6741, .F. ) ;
#4023 = ORIENTED_EDGE ( 'NONE', *, *, #7191, .F. ) ;
#4024 = AXIS2_PLACEMENT_3D ( 'NONE', #5093, #1178, #6206 ) ;
#4025 = DIRECTION ( 'NONE',  ( 0.000000000000000000, 0.000000000000000000, -1.000000000000000000 ) ) ;
#4026 = DIRECTION ( 'NONE',  ( 0.000000000000000000, 0.000000000000000000, 1.000000000000000000 ) ) ;
#4027 = MANIFOLD_SOLID_BREP ( 'Panel_1_minusX', #813 ) ;
#4028 = FACE_OUTER_BOUND ( 'NONE', #4630, .T. ) ;
#4029 = AXIS2_PLACEMENT_3D ( 'NONE', #5103, #5725, #5212 ) ;
#4030 = ORIENTED_EDGE ( 'NONE', *, *, #6835, .F. ) ;
#4031 = DIRECTION ( 'NONE',  ( 1.000000000000000000, 0.000000000000000000, -0.000000000000000000 ) ) ;
#4032 = CARTESIAN_POINT ( 'NONE',  ( 15.00000000000000178, 90.00000000000000000, 63.00000000000000000 ) ) ;
#4033 = DIRECTION ( 'NONE',  ( -1.000000000000000000, -0.000000000000000000, 0.000000000000000000 ) ) ;
#4034 = DIRECTION ( 'NONE',  ( 0.000000000000000000, -1.000000000000000000, -0.000000000000000000 ) ) ;
#4035 = EDGE_LOOP ( 'NONE', ( #6273, #4370, #6719, #3044 ) ) ;
#4036 = VERTEX_POINT ( 'NONE', #2121 ) ;
#4037 = VERTEX_POINT ( 'NONE', #1078 ) ;
#4038 = PLANE ( 'NONE',  #5831 ) ;
#4039 = CARTESIAN_POINT ( 'NONE',  ( 93.00000000000000000, 5.000000000000004441, 63.00000000000000000 ) ) ;
#4040 = PLANE ( 'NONE',  #5307 ) ;
#4041 = DIRECTION ( 'NONE',  ( 0.000000000000000000, -1.000000000000000000, 0.000000000000000000 ) ) ;
#4042 = CARTESIAN_POINT ( 'NONE',  ( 95.00000000000000000, 93.00000000000000000, 78.00000000000000000 ) ) ;
#4043 = ORIENTED_EDGE ( 'NONE', *, *, #2003, .F. ) ;
#4044 = ADVANCED_FACE ( 'NONE', ( #3352 ), #5616, .T. ) ;
#4045 = FACE_OUTER_BOUND ( 'NONE', #2662, .T. ) ;
#4046 = VERTEX_POINT ( 'NONE', #3236 ) ;
#4047 = CARTESIAN_POINT ( 'NONE',  ( 93.00000000000000000, 50.00000000000000000, 39.00000000000000000 ) ) ;
#4048 = ORIENTED_EDGE ( 'NONE', *, *, #5729, .T. ) ;
#4049 = CARTESIAN_POINT ( 'NONE',  ( 100.0000000000000000, 100.0000000000000000, 100.0000000000000000 ) ) ;
#4050 = EDGE_CURVE ( 'NONE', #4901, #1539, #5502, .T. ) ;
#4051 = EDGE_CURVE ( 'NONE', #1625, #621, #7223, .T. ) ;
#4052 = CARTESIAN_POINT ( 'NONE',  ( 6.999999999999999112, 5.000000000000004441, 37.00000000000000000 ) ) ;
#4053 = ORIENTED_EDGE ( 'NONE', *, *, #5463, .F. ) ;
#4054 = VECTOR ( 'NONE', #5511, 1000.000000000000000 ) ;
#4055 = ORIENTED_EDGE ( 'NONE', *, *, #4729, .T. ) ;
#4056 = ORIENTED_EDGE ( 'NONE', *, *, #4610, .T. ) ;
#4057 = CARTESIAN_POINT ( 'NONE',  ( 0.000000000000000000, 0.000000000000000000, 98.00000000000000000 ) ) ;
#4058 = CARTESIAN_POINT ( 'NONE',  ( 95.00000000000000000, 50.00000000000000000, 20.00000000000000000 ) ) ;
#4059 = EDGE_CURVE ( 'NONE', #7331, #3582, #705, .T. ) ;
#4060 = EDGE_CURVE ( 'NONE', #5199, #5499, #6212, .T. ) ;
#4061 = CARTESIAN_POINT ( 'NONE',  ( 1.999999999999999556, 93.00000000000000000, 98.00000000000000000 ) ) ;
#4062 = EDGE_CURVE ( 'NONE', #1114, #5935, #5175, .T. ) ;
#4063 = AXIS2_PLACEMENT_3D ( 'NONE', #5211, #6892, #5760 ) ;
#4064 = ORIENTED_EDGE ( 'NONE', *, *, #1608, .T. ) ;
#4065 = CARTESIAN_POINT ( 'NONE',  ( 1.999999999999999556, 7.000000000000006217, 2.000000000000000000 ) ) ;
#4066 = CARTESIAN_POINT ( 'NONE',  ( 7.000000000000006217, 6.999999999999999112, 2.000000000000000000 ) ) ;
#4067 = CARTESIAN_POINT ( 'NONE',  ( 93.00000000000000000, 95.00000000000000000, 61.00000000000000000 ) ) ;
#4068 = LINE ( 'NONE', #4664, #1907 ) ;
#4069 = ORIENTED_EDGE ( 'NONE', *, *, #1646, .F. ) ;
#4070 = AXIS2_PLACEMENT_3D ( 'NONE', #4690, #2984, #5249 ) ;
#4071 = ORIENTED_EDGE ( 'NONE', *, *, #779, .T. ) ;
#4072 = ORIENTED_EDGE ( 'NONE', *, *, #2338, .F. ) ;
#4073 = CARTESIAN_POINT ( 'NONE',  ( 90.00000000000000000, 84.99999999999998579, 78.00000000000000000 ) ) ;
#4074 = FACE_OUTER_BOUND ( 'NONE', #7145, .T. ) ;
#4075 = CARTESIAN_POINT ( 'NONE',  ( 84.99999999999998579, 50.00000000000000000, 61.00000000000000000 ) ) ;
#4076 = PLANE ( 'NONE',  #5398 ) ;
#4077 = VECTOR ( 'NONE', #2258, 1000.000000000000000 ) ;
#4078 = ORIENTED_EDGE ( 'NONE', *, *, #1876, .F. ) ;
#4079 = DIRECTION ( 'NONE',  ( -0.000000000000000000, 1.000000000000000000, 0.000000000000000000 ) ) ;
#4080 = VERTEX_POINT ( 'NONE', #3494 ) ;
#4081 = AXIS2_PLACEMENT_3D ( 'NONE', #1201, #2361, #5223 ) ;
#4082 = CARTESIAN_POINT ( 'NONE',  ( 93.00000000000000000, 95.50000000000000000, 2.000000000000000000 ) ) ;
#4083 = ORIENTED_EDGE ( 'NONE', *, *, #334, .T. ) ;
#4084 = CARTESIAN_POINT ( 'NONE',  ( 93.00000000000000000, 93.00000000000000000, 80.00000000000000000 ) ) ;
#4085 = CARTESIAN_POINT ( 'NONE',  ( 10.00000000000000000, 84.99999999999998579, 39.00000000000000000 ) ) ;
#4086 = DIRECTION ( 'NONE',  ( 1.000000000000000000, 0.000000000000000000, -0.000000000000000000 ) ) ;
#4087 = ORIENTED_EDGE ( 'NONE', *, *, #1511, .T. ) ;
#4088 = PLANE ( 'NONE',  #3987 ) ;
#4089 = ORIENTED_EDGE ( 'NONE', *, *, #150, .T. ) ;
#4090 = EDGE_LOOP ( 'NONE', ( #1635, #1116, #4155, #3835 ) ) ;
#4091 = DIRECTION ( 'NONE',  ( 1.000000000000000000, 0.000000000000000000, 0.000000000000000000 ) ) ;
#4092 = CARTESIAN_POINT ( 'NONE',  ( 93.00000000000000000, 50.00000000000000000, 7.000000000000000000 ) ) ;
#4093 = VECTOR ( 'NONE', #805, 1000.000000000000000 ) ;
#4094 = CARTESIAN_POINT ( 'NONE',  ( 5.000000000000004441, 50.00000000000000000, 80.00000000000000000 ) ) ;
#4095 = ORIENTED_EDGE ( 'NONE', *, *, #1866, .T. ) ;
#4096 = ORIENTED_EDGE ( 'NONE', *, *, #3925, .T. ) ;
#4097 = VECTOR ( 'NONE', #5602, 1000.000000000000000 ) ;
#4098 = EDGE_CURVE ( 'NONE', #3670, #3022, #3948, .T. ) ;
#4099 = EDGE_CURVE ( 'NONE', #4480, #5827, #2905, .T. ) ;
#4100 = VECTOR ( 'NONE', #5554, 1000.000000000000000 ) ;
#4101 = DIRECTION ( 'NONE',  ( 0.000000000000000000, 0.000000000000000000, 1.000000000000000000 ) ) ;
#4102 = PLANE ( 'NONE',  #1386 ) ;
#4103 = PLANE ( 'NONE',  #2462 ) ;
#4104 = DIRECTION ( 'NONE',  ( 0.000000000000000000, 0.000000000000000000, 1.000000000000000000 ) ) ;
#4105 = EDGE_LOOP ( 'NONE', ( #5186, #3712, #3327, #1224 ) ) ;
#4106 = VECTOR ( 'NONE', #7291, 1000.000000000000000 ) ;
#4107 = MANIFOLD_SOLID_BREP ( 'Panel_2_plusX_nadir', #1775 ) ;
#4108 = ADVANCED_FACE ( 'NONE', ( #6855 ), #1758, .F. ) ;
#4109 = ADVANCED_FACE ( 'NONE', ( #6316 ), #2382, .T. ) ;
#4110 = EDGE_CURVE ( 'NONE', #2776, #1882, #113, .T. ) ;
#4111 = ORIENTED_EDGE ( 'NONE', *, *, #4468, .T. ) ;
#4112 = PLANE ( 'NONE',  #4792 ) ;
#4113 = LINE ( 'NONE', #4147, #2389 ) ;
#4114 = DIRECTION ( 'NONE',  ( 0.000000000000000000, 0.000000000000000000, -1.000000000000000000 ) ) ;
#4115 = CARTESIAN_POINT ( 'NONE',  ( 7.000000000000006217, 95.50000000000000000, 2.000000000000000000 ) ) ;
#4116 = VERTEX_POINT ( 'NONE', #4582 ) ;
#4117 = DIRECTION ( 'NONE',  ( -1.000000000000000000, -0.000000000000000000, 0.000000000000000000 ) ) ;
#4118 = AXIS2_PLACEMENT_3D ( 'NONE', #6175, #1212, #5751 ) ;
#4119 = ORIENTED_EDGE ( 'NONE', *, *, #2636, .T. ) ;
#4120 = LINE ( 'NONE', #6414, #1107 ) ;
#4121 = ORIENTED_EDGE ( 'NONE', *, *, #554, .F. ) ;
#4122 = DIRECTION ( 'NONE',  ( 1.000000000000000000, 0.000000000000000000, -0.000000000000000000 ) ) ;
#4123 = CARTESIAN_POINT ( 'NONE',  ( 50.00000000000000000, 90.00000000000000000, 37.00000000000000000 ) ) ;
#4124 = ORIENTED_EDGE ( 'NONE', *, *, #5152, .F. ) ;
#4125 = DIRECTION ( 'NONE',  ( 0.000000000000000000, -1.000000000000000000, -0.000000000000000000 ) ) ;
#4126 = VECTOR ( 'NONE', #6943, 1000.000000000000000 ) ;
#4127 = ORIENTED_EDGE ( 'NONE', *, *, #5109, .F. ) ;
#4128 = CARTESIAN_POINT ( 'NONE',  ( 5.000000000000004441, 93.00000000000000000, 78.00000000000000000 ) ) ;
#4129 = EDGE_LOOP ( 'NONE', ( #1396, #34, #4089, #3424 ) ) ;
#4130 = ORIENTED_EDGE ( 'NONE', *, *, #4729, .F. ) ;
#4131 = LINE ( 'NONE', #1333, #4007 ) ;
#4132 = CARTESIAN_POINT ( 'NONE',  ( 5.000000000000004441, 93.00000000000000000, 78.00000000000000000 ) ) ;
#4133 = CARTESIAN_POINT ( 'NONE',  ( 50.00000000000000000, 15.00000000000000000, 80.00000000000000000 ) ) ;
#4134 = EDGE_LOOP ( 'NONE', ( #2371, #1401, #3313, #1953 ) ) ;
#4135 = ORIENTED_EDGE ( 'NONE', *, *, #6507, .F. ) ;
#4136 = LINE ( 'NONE', #1903, #4764 ) ;
#4137 = DIRECTION ( 'NONE',  ( -0.000000000000000000, 0.000000000000000000, -1.000000000000000000 ) ) ;
#4138 = CARTESIAN_POINT ( 'NONE',  ( 87.50000000000000000, 10.00000000000000000, 36.00000000000000000 ) ) ;
#4139 = CARTESIAN_POINT ( 'NONE',  ( 87.50000000000000000, 90.00000000000000000, 77.00000000000000000 ) ) ;
#4140 = ORIENTED_EDGE ( 'NONE', *, *, #3926, .F. ) ;
#4141 = VECTOR ( 'NONE', #2589, 1000.000000000000000 ) ;
#4142 = EDGE_CURVE ( 'NONE', #851, #2776, #2305, .T. ) ;
#4143 = ADVANCED_FACE ( 'NONE', ( #4651 ), #2835, .F. ) ;
#4144 = MANIFOLD_SOLID_BREP ( 'PCB_3', #3076 ) ;
#4145 = ORIENTED_EDGE ( 'NONE', *, *, #5737, .F. ) ;
#4146 = LINE ( 'NONE', #1275, #1827 ) ;
#4147 = CARTESIAN_POINT ( 'NONE',  ( 90.00000000000000000, 50.00000000000000000, 63.00000000000000000 ) ) ;
#4148 = FACE_OUTER_BOUND ( 'NONE', #6739, .T. ) ;
#4149 = DIRECTION ( 'NONE',  ( 0.000000000000000000, -1.000000000000000000, -0.000000000000000000 ) ) ;
#4150 = ADVANCED_FACE ( 'NONE', ( #5691 ), #3390, .T. ) ;
#4151 = EDGE_CURVE ( 'NONE', #7076, #3165, #1790, .T. ) ;
#4152 = EDGE_CURVE ( 'NONE', #4982, #914, #6356, .T. ) ;
#4153 = EDGE_LOOP ( 'NONE', ( #4225, #197, #3889, #3036 ) ) ;
#4154 = CARTESIAN_POINT ( 'NONE',  ( 1.999999999999999556, 95.50000000000000000, 2.000000000000000000 ) ) ;
#4155 = ORIENTED_EDGE ( 'NONE', *, *, #2242, .F. ) ;
#4156 = LINE ( 'NONE', #3557, #3717 ) ;
#4157 = MANIFOLD_SOLID_BREP ( 'Frame_X_6', #5184 ) ;
#4158 = VERTEX_POINT ( 'NONE', #1259 ) ;
#4159 = DIRECTION ( 'NONE',  ( -1.000000000000000000, -0.000000000000000000, 0.000000000000000000 ) ) ;
#4160 = DIRECTION ( 'NONE',  ( 0.000000000000000000, -1.000000000000000000, 0.000000000000000000 ) ) ;
#4161 = LINE ( 'NONE', #5828, #1839 ) ;
#4162 = EDGE_LOOP ( 'NONE', ( #6853, #5967, #6852, #1888 ) ) ;
#4163 = CARTESIAN_POINT ( 'NONE',  ( 10.00000000000000178, 50.00000000000000000, 37.00000000000000000 ) ) ;
#4164 = VERTEX_POINT ( 'NONE', #3534 ) ;
#4165 = VERTEX_POINT ( 'NONE', #5799 ) ;
#4166 = CARTESIAN_POINT ( 'NONE',  ( 10.00000000000000000, 15.00000000000000178, 60.00000000000000000 ) ) ;
#4167 = LINE ( 'NONE', #7070, #7113 ) ;
#4168 = MANIFOLD_SOLID_BREP ( 'Frame_X_5', #459 ) ;
#4169 = CARTESIAN_POINT ( 'NONE',  ( 50.00000000000000000, 98.00000000000000000, 93.00000000000000000 ) ) ;
#4170 = VECTOR ( 'NONE', #2688, 1000.000000000000000 ) ;
#4171 = ORIENTED_EDGE ( 'NONE', *, *, #269, .T. ) ;
#4172 = VERTEX_POINT ( 'NONE', #1117 ) ;
#4173 = DIRECTION ( 'NONE',  ( 0.000000000000000000, 0.000000000000000000, 1.000000000000000000 ) ) ;
#4174 = PLANE ( 'NONE',  #5786 ) ;
#4175 = LINE ( 'NONE', #5395, #2824 ) ;
#4176 = VECTOR ( 'NONE', #7, 1000.000000000000000 ) ;
#4177 = CARTESIAN_POINT ( 'NONE',  ( 50.00000000000000000, 84.99999999999998579, 63.00000000000000000 ) ) ;
#4178 = APPROVAL ( #4855, 'UNSPECIFIED' ) ;
#4179 = DIRECTION ( 'NONE',  ( -0.000000000000000000, 0.000000000000000000, -1.000000000000000000 ) ) ;
#4180 = EDGE_CURVE ( 'NONE', #1718, #6172, #7369, .T. ) ;
#4181 = PLANE ( 'NONE',  #4645 ) ;
#4182 = FACE_OUTER_BOUND ( 'NONE', #3545, .T. ) ;
#4183 = VECTOR ( 'NONE', #848, 1000.000000000000000 ) ;
#4184 = DIRECTION ( 'NONE',  ( -0.000000000000000000, 1.000000000000000000, 0.000000000000000000 ) ) ;
#4185 = ORIENTED_EDGE ( 'NONE', *, *, #3189, .T. ) ;
#4186 = DIRECTION ( 'NONE',  ( 0.000000000000000000, 0.000000000000000000, -1.000000000000000000 ) ) ;
#4187 = ORIENTED_EDGE ( 'NONE', *, *, #635, .T. ) ;
#4188 = ADVANCED_FACE ( 'NONE', ( #7334 ), #1678, .T. ) ;
#4189 = DIRECTION ( 'NONE',  ( 0.000000000000000000, 0.000000000000000000, 1.000000000000000000 ) ) ;
#4190 = EDGE_CURVE ( 'NONE', #6658, #3962, #631, .T. ) ;
#4191 = EDGE_CURVE ( 'NONE', #6331, #3151, #5868, .T. ) ;
#4192 = ORIENTED_EDGE ( 'NONE', *, *, #596, .F. ) ;
#4193 = AXIS2_PLACEMENT_3D ( 'NONE', #1146, #589, #4573 ) ;
#4194 = CARTESIAN_POINT ( 'NONE',  ( 6.999999999999999112, 93.00000000000000000, 2.000000000000000000 ) ) ;
#4195 = DIRECTION ( 'NONE',  ( -0.000000000000000000, 1.000000000000000000, 0.000000000000000000 ) ) ;
#4196 = DIRECTION ( 'NONE',  ( 0.000000000000000000, 0.000000000000000000, 1.000000000000000000 ) ) ;
#4197 = AXIS2_PLACEMENT_3D ( 'NONE', #6646, #4936, #1541 ) ;
#4198 = VERTEX_POINT ( 'NONE', #5939 ) ;
#4199 = EDGE_CURVE ( 'NONE', #1902, #1546, #7033, .T. ) ;
#4200 = CARTESIAN_POINT ( 'NONE',  ( 84.99999999999998579, 10.00000000000000000, 98.00000000000000000 ) ) ;
#4201 = EDGE_CURVE ( 'NONE', #1988, #5559, #1971, .T. ) ;
#4202 = ORIENTED_EDGE ( 'NONE', *, *, #7058, .T. ) ;
#4203 = ORIENTED_EDGE ( 'NONE', *, *, #2230, .T. ) ;
#4204 = PLANE ( 'NONE',  #674 ) ;
#4205 = LINE ( 'NONE', #6468, #1886 ) ;
#4206 = CARTESIAN_POINT ( 'NONE',  ( 6.999999999999999112, 50.00000000000000000, 2.000000000000000000 ) ) ;
#4207 = ORIENTED_EDGE ( 'NONE', *, *, #3787, .F. ) ;
#4208 = ORIENTED_EDGE ( 'NONE', *, *, #6751, .T. ) ;
#4209 = ORIENTED_EDGE ( 'NONE', *, *, #4244, .F. ) ;
#4210 = VECTOR ( 'NONE', #4399, 1000.000000000000000 ) ;
#4211 = CARTESIAN_POINT ( 'NONE',  ( 50.00000000000000000, 15.00000000000000000, 63.00000000000000000 ) ) ;
#4212 = CARTESIAN_POINT ( 'NONE',  ( 84.99999999999998579, 15.00000000000000178, 19.00000000000000000 ) ) ;
#4213 = DIRECTION ( 'NONE',  ( 0.000000000000000000, 0.000000000000000000, 1.000000000000000000 ) ) ;
#4214 = PLANE ( 'NONE',  #6806 ) ;
#4215 = AXIS2_PLACEMENT_3D ( 'NONE', #3257, #3855, #7131 ) ;
#4216 = VECTOR ( 'NONE', #6652, 1000.000000000000000 ) ;
#4217 = AXIS2_PLACEMENT_3D ( 'NONE', #2129, #1614, #4369 ) ;
#4218 = CARTESIAN_POINT ( 'NONE',  ( 93.00000000000000000, 93.00000000000000000, 2.000000000000000000 ) ) ;
#4219 = DIRECTION ( 'NONE',  ( 1.000000000000000000, 0.000000000000000000, -0.000000000000000000 ) ) ;
#4220 = CARTESIAN_POINT ( 'NONE',  ( 98.00000000000000000, 93.00000000000000000, 98.00000000000000000 ) ) ;
#4221 = AXIS2_PLACEMENT_3D ( 'NONE', #7218, #3232, #4423 ) ;
#4222 = DIRECTION ( 'NONE',  ( -1.000000000000000000, 0.000000000000000000, 0.000000000000000000 ) ) ;
#4223 = ORIENTED_EDGE ( 'NONE', *, *, #2840, .T. ) ;
#4224 = FACE_OUTER_BOUND ( 'NONE', #6777, .T. ) ;
#4225 = ORIENTED_EDGE ( 'NONE', *, *, #5738, .T. ) ;
#4226 = PLANE ( 'NONE',  #6093 ) ;
#4227 = VERTEX_POINT ( 'NONE', #1367 ) ;
#4228 = DIRECTION ( 'NONE',  ( 0.000000000000000000, 0.000000000000000000, 1.000000000000000000 ) ) ;
#4229 = CARTESIAN_POINT ( 'NONE',  ( 50.00000000000000000, 100.0000000000000000, 0.000000000000000000 ) ) ;
#4230 = ORIENTED_EDGE ( 'NONE', *, *, #2468, .F. ) ;
#4231 = LINE ( 'NONE', #877, #411 ) ;
#4232 = EDGE_CURVE ( 'NONE', #135, #3084, #1932, .T. ) ;
#4233 = EDGE_CURVE ( 'NONE', #1143, #2267, #7104, .T. ) ;
#4234 = VECTOR ( 'NONE', #6336, 1000.000000000000000 ) ;
#4235 = ORIENTED_EDGE ( 'NONE', *, *, #3777, .F. ) ;
#4236 = CARTESIAN_POINT ( 'NONE',  ( 50.00000000000000000, 98.00000000000000000, 2.000000000000000000 ) ) ;
#4237 = ORIENTED_EDGE ( 'NONE', *, *, #602, .F. ) ;
#4238 = ORIENTED_EDGE ( 'NONE', *, *, #3692, .F. ) ;
#4239 = DIRECTION ( 'NONE',  ( 1.000000000000000000, 0.000000000000000000, -0.000000000000000000 ) ) ;
#4240 = CARTESIAN_POINT ( 'NONE',  ( 84.99999999999998579, 12.50000000000000000, 36.00000000000000000 ) ) ;
#4241 = CARTESIAN_POINT ( 'NONE',  ( 50.00000000000000000, 93.00000000000000000, 22.00000000000000000 ) ) ;
#4242 = AXIS2_PLACEMENT_3D ( 'NONE', #3288, #6789, #1574 ) ;
#4243 = ADVANCED_FACE ( 'NONE', ( #6429 ), #4204, .T. ) ;
#4244 = EDGE_CURVE ( 'NONE', #1915, #1484, #4835, .T. ) ;
#4245 = VERTEX_POINT ( 'NONE', #2001 ) ;
#4246 = EDGE_CURVE ( 'NONE', #6922, #2483, #216, .T. ) ;
#4247 = EDGE_LOOP ( 'NONE', ( #4078, #5570, #998, #701 ) ) ;
#4248 = ORIENTED_EDGE ( 'NONE', *, *, #5293, .T. ) ;
#4249 = AXIS2_PLACEMENT_3D ( 'NONE', #5356, #1302, #6437 ) ;
#4250 = AXIS2_PLACEMENT_3D ( 'NONE', #932, #4880, #6554 ) ;
#4251 = CARTESIAN_POINT ( 'NONE',  ( 50.00000000000000000, 5.000000000000004441, 80.00000000000000000 ) ) ;
#4252 = CARTESIAN_POINT ( 'NONE',  ( 6.999999999999999112, 5.000000000000004441, 63.00000000000000000 ) ) ;
#4253 = CARTESIAN_POINT ( 'NONE',  ( 95.50000000000000000, 93.00000000000000000, 2.000000000000000000 ) ) ;
#4254 = LINE ( 'NONE', #2499, #2863 ) ;
#4255 = CARTESIAN_POINT ( 'NONE',  ( 6.999999999999999112, 50.00000000000000000, 20.00000000000000000 ) ) ;
#4256 = CARTESIAN_POINT ( 'NONE',  ( 0.000000000000000000, 100.0000000000000000, 98.00000000000000000 ) ) ;
#4257 = DIRECTION ( 'NONE',  ( -0.000000000000000000, 1.000000000000000000, 0.000000000000000000 ) ) ;
#4258 = VECTOR ( 'NONE', #1960, 1000.000000000000000 ) ;
#4259 = CARTESIAN_POINT ( 'NONE',  ( 7.000000000000006217, 93.00000000000000000, 7.000000000000000000 ) ) ;
#4260 = ORIENTED_EDGE ( 'NONE', *, *, #4322, .F. ) ;
#4261 = VECTOR ( 'NONE', #5950, 1000.000000000000000 ) ;
#4262 = VERTEX_POINT ( 'NONE', #1898 ) ;
#4263 = CARTESIAN_POINT ( 'NONE',  ( 10.00000000000000000, 10.00000000000000000, 39.00000000000000000 ) ) ;
#4264 = ORIENTED_EDGE ( 'NONE', *, *, #3199, .T. ) ;
#4265 = LINE ( 'NONE', #5858, #3877 ) ;
#4266 = CARTESIAN_POINT ( 'NONE',  ( 7.000000000000000000, 7.000000000000000000, 63.00000000000000000 ) ) ;
#4267 = PLANE ( 'NONE',  #1354 ) ;
#4268 = ORIENTED_EDGE ( 'NONE', *, *, #6371, .F. ) ;
#4269 = DIRECTION ( 'NONE',  ( -0.000000000000000000, 0.000000000000000000, -1.000000000000000000 ) ) ;
#4270 = ORIENTED_EDGE ( 'NONE', *, *, #1508, .F. ) ;
#4271 = ORIENTED_EDGE ( 'NONE', *, *, #3134, .T. ) ;
#4272 = DIRECTION ( 'NONE',  ( 0.000000000000000000, -1.000000000000000000, -0.000000000000000000 ) ) ;
#4273 = EDGE_CURVE ( 'NONE', #1484, #3582, #4131, .T. ) ;
#4274 = CARTESIAN_POINT ( 'NONE',  ( 90.00000000000000000, 84.99999999999998579, 77.00000000000000000 ) ) ;
#4275 = LINE ( 'NONE', #7140, #5136 ) ;
#4276 = DIRECTION ( 'NONE',  ( 0.000000000000000000, 0.000000000000000000, 1.000000000000000000 ) ) ;
#4277 = ORIENTED_EDGE ( 'NONE', *, *, #2560, .T. ) ;
#4278 = VERTEX_POINT ( 'NONE', #4797 ) ;
#4279 = ORIENTED_EDGE ( 'NONE', *, *, #950, .T. ) ;
#4280 = ORIENTED_EDGE ( 'NONE', *, *, #6038, .T. ) ;
#4281 = PLANE ( 'NONE',  #3098 ) ;
#4282 = ADVANCED_FACE ( 'NONE', ( #7069 ), #6505, .T. ) ;
#4283 = EDGE_CURVE ( 'NONE', #1427, #5454, #1404, .T. ) ;
#4284 = EDGE_CURVE ( 'NONE', #1430, #7031, #4724, .T. ) ;
#4285 = CARTESIAN_POINT ( 'NONE',  ( 6.999999999999999112, 93.00000000000000000, 98.00000000000000000 ) ) ;
#4286 = CARTESIAN_POINT ( 'NONE',  ( 90.00000000000000000, 84.99999999999998579, 20.00000000000000000 ) ) ;
#4287 = VECTOR ( 'NONE', #1010, 1000.000000000000000 ) ;
#4288 = CARTESIAN_POINT ( 'NONE',  ( 98.00000000000000000, 95.50000000000000000, 2.000000000000000000 ) ) ;
#4289 = VECTOR ( 'NONE', #2399, 1000.000000000000000 ) ;
#4290 = VECTOR ( 'NONE', #4772, 1000.000000000000000 ) ;
#4291 = CARTESIAN_POINT ( 'NONE',  ( 0.000000000000000000, 50.00000000000000000, 2.000000000000000000 ) ) ;
#4292 = EDGE_CURVE ( 'NONE', #609, #845, #3570, .T. ) ;
#4293 = CARTESIAN_POINT ( 'NONE',  ( 0.000000000000000000, 100.0000000000000000, 2.000000000000000000 ) ) ;
#4294 = LINE ( 'NONE', #2617, #3648 ) ;
#4295 = DIRECTION ( 'NONE',  ( 0.000000000000000000, 0.000000000000000000, 1.000000000000000000 ) ) ;
#4296 = ORIENTED_EDGE ( 'NONE', *, *, #1562, .T. ) ;
#4297 = VECTOR ( 'NONE', #967, 1000.000000000000000 ) ;
#4298 = CARTESIAN_POINT ( 'NONE',  ( 93.00000000000000000, 1.999999999999999556, 7.000000000000000000 ) ) ;
#4299 = EDGE_LOOP ( 'NONE', ( #46, #4970, #4502, #3613 ) ) ;
#4300 = DIRECTION ( 'NONE',  ( 0.000000000000000000, -0.000000000000000000, 1.000000000000000000 ) ) ;
#4301 = CARTESIAN_POINT ( 'NONE',  ( 80.00000000000000000, 50.00000000000000000, 48.00000000000000000 ) ) ;
#4302 = VERTEX_POINT ( 'NONE', #6540 ) ;
#4303 = PLANE ( 'NONE',  #1144 ) ;
#4304 = DIRECTION ( 'NONE',  ( 0.000000000000000000, -1.000000000000000000, 0.000000000000000000 ) ) ;
#4305 = ORIENTED_EDGE ( 'NONE', *, *, #5609, .F. ) ;
#4306 = DIRECTION ( 'NONE',  ( 0.000000000000000000, -1.000000000000000000, 0.000000000000000000 ) ) ;
#4307 = EDGE_LOOP ( 'NONE', ( #3176, #4605, #3292, #4748 ) ) ;
#4308 = CARTESIAN_POINT ( 'NONE',  ( 90.00000000000000000, 15.00000000000000000, 37.00000000000000000 ) ) ;
#4309 = ORIENTED_EDGE ( 'NONE', *, *, #6518, .T. ) ;
#4310 = DIRECTION ( 'NONE',  ( 0.000000000000000000, 0.000000000000000000, -1.000000000000000000 ) ) ;
#4311 = LINE ( 'NONE', #331, #6319 ) ;
#4312 = VECTOR ( 'NONE', #6881, 1000.000000000000000 ) ;
#4313 = CARTESIAN_POINT ( 'NONE',  ( 50.00000000000000000, 90.00000000000000000, 39.00000000000000000 ) ) ;
#4314 = ORIENTED_EDGE ( 'NONE', *, *, #6701, .T. ) ;
#4315 = ORIENTED_EDGE ( 'NONE', *, *, #3657, .T. ) ;
#4316 = ORIENTED_EDGE ( 'NONE', *, *, #3822, .F. ) ;
#4317 = ORIENTED_EDGE ( 'NONE', *, *, #2493, .F. ) ;
#4318 = CARTESIAN_POINT ( 'NONE',  ( 10.00000000000000178, 50.00000000000000000, 20.00000000000000000 ) ) ;
#4319 = CARTESIAN_POINT ( 'NONE',  ( 50.00000000000000000, 50.00000000000000000, 20.00000000000000000 ) ) ;
#4320 = CARTESIAN_POINT ( 'NONE',  ( 93.00000000000000000, 93.00000000000000000, 19.00000000000000000 ) ) ;
#4321 = CARTESIAN_POINT ( 'NONE',  ( 50.00000000000000000, 100.0000000000000000, 98.00000000000000000 ) ) ;
#4322 = EDGE_CURVE ( 'NONE', #251, #3303, #1441, .T. ) ;
#4323 = ADVANCED_FACE ( 'NONE', ( #2417 ), #6962, .T. ) ;
#4324 = DIRECTION ( 'NONE',  ( 0.000000000000000000, 0.000000000000000000, 1.000000000000000000 ) ) ;
#4325 = FACE_OUTER_BOUND ( 'NONE', #2930, .T. ) ;
#4326 = CARTESIAN_POINT ( 'NONE',  ( 90.00000000000000000, 87.50000000000000000, 2.000000000000000000 ) ) ;
#4327 = LINE ( 'NONE', #3698, #437 ) ;
#4328 = DIRECTION ( 'NONE',  ( -0.000000000000000000, 1.000000000000000000, 0.000000000000000000 ) ) ;
#4329 = AXIS2_PLACEMENT_3D ( 'NONE', #2966, #759, #3037 ) ;
#4330 = ORIENTED_EDGE ( 'NONE', *, *, #4728, .F. ) ;
#4331 = APPLICATION_PROTOCOL_DEFINITION ( 'international standard', 'config_control_design', 1994, #2890 ) ;
#4332 = ADVANCED_FACE ( 'NONE', ( #2454 ), #774, .F. ) ;
#4333 = EDGE_CURVE ( 'NONE', #4165, #2771, #2741, .T. ) ;
#4334 = EDGE_CURVE ( 'NONE', #5947, #338, #6684, .T. ) ;
#4335 = EDGE_LOOP ( 'NONE', ( #1743, #868, #5621, #6510 ) ) ;
#4336 = CARTESIAN_POINT ( 'NONE',  ( 10.00000000000000000, 84.99999999999998579, 2.000000000000000000 ) ) ;
#4337 = VECTOR ( 'NONE', #3395, 1000.000000000000000 ) ;
#4338 = LINE ( 'NONE', #3181, #6697 ) ;
#4339 = VECTOR ( 'NONE', #3628, 1000.000000000000000 ) ;
#4340 = DIRECTION ( 'NONE',  ( 1.000000000000000000, 0.000000000000000000, 0.000000000000000000 ) ) ;
#4341 = CARTESIAN_POINT ( 'NONE',  ( 50.00000000000000000, 50.00000000000000000, 61.00000000000000000 ) ) ;
#4342 = DIRECTION ( 'NONE',  ( -0.000000000000000000, 0.000000000000000000, -1.000000000000000000 ) ) ;
#4343 = VERTEX_POINT ( 'NONE', #2172 ) ;
#4344 = LINE ( 'NONE', #4902, #6232 ) ;
#4345 = EDGE_LOOP ( 'NONE', ( #4087, #4727, #4758, #1578 ) ) ;
#4346 = FACE_OUTER_BOUND ( 'NONE', #6653, .T. ) ;
#4347 = ORIENTED_EDGE ( 'NONE', *, *, #6878, .F. ) ;
#4348 = DIRECTION ( 'NONE',  ( 0.000000000000000000, 0.000000000000000000, 1.000000000000000000 ) ) ;
#4349 = CARTESIAN_POINT ( 'NONE',  ( 98.00000000000000000, 50.00000000000000000, 98.00000000000000000 ) ) ;
#4350 = LINE ( 'NONE', #3161, #6721 ) ;
#4351 = VERTEX_POINT ( 'NONE', #4445 ) ;
#4352 = VECTOR ( 'NONE', #1450, 1000.000000000000000 ) ;
#4353 = EDGE_LOOP ( 'NONE', ( #6854, #5797, #831, #7284 ) ) ;
#4354 = ORIENTED_EDGE ( 'NONE', *, *, #3421, .T. ) ;
#4355 = ORIENTED_EDGE ( 'NONE', *, *, #5239, .T. ) ;
#4356 = DIRECTION ( 'NONE',  ( -0.000000000000000000, 1.000000000000000000, 0.000000000000000000 ) ) ;
#4357 = LINE ( 'NONE', #413, #4472 ) ;
#4358 = DIRECTION ( 'NONE',  ( 0.000000000000000000, -1.000000000000000000, -0.000000000000000000 ) ) ;
#4359 = VECTOR ( 'NONE', #54, 1000.000000000000000 ) ;
#4360 = FACE_OUTER_BOUND ( 'NONE', #2941, .T. ) ;
#4361 = EDGE_CURVE ( 'NONE', #4566, #2074, #3894, .T. ) ;
#4362 = VECTOR ( 'NONE', #750, 1000.000000000000000 ) ;
#4363 = PLANE ( 'NONE',  #2076 ) ;
#4364 = CARTESIAN_POINT ( 'NONE',  ( 50.00000000000000000, 10.00000000000000178, 20.00000000000000000 ) ) ;
#4365 = DIRECTION ( 'NONE',  ( -1.000000000000000000, -0.000000000000000000, 0.000000000000000000 ) ) ;
#4366 = FACE_OUTER_BOUND ( 'NONE', #1264, .T. ) ;
#4367 = ADVANCED_FACE ( 'NONE', ( #503 ), #2137, .T. ) ;
#4368 = EDGE_CURVE ( 'NONE', #7351, #4480, #1582, .T. ) ;
#4369 = DIRECTION ( 'NONE',  ( 1.000000000000000000, 0.000000000000000000, -0.000000000000000000 ) ) ;
#4370 = ORIENTED_EDGE ( 'NONE', *, *, #3967, .F. ) ;
#4371 = CALENDAR_DATE ( 2026, 6, 10 ) ;
#4372 = EDGE_LOOP ( 'NONE', ( #6605, #4023, #905, #6760, #6304, #1521, #1159, #78, #3631, #727, #2190, #18 ) ) ;
#4373 = FACE_OUTER_BOUND ( 'NONE', #2855, .T. ) ;
#4374 = DIRECTION ( 'NONE',  ( 1.000000000000000000, 0.000000000000000000, 0.000000000000000000 ) ) ;
#4375 = LINE ( 'NONE', #3852, #3285 ) ;
#4376 = EDGE_CURVE ( 'NONE', #3, #1588, #4004, .T. ) ;
#4377 = ADVANCED_FACE ( 'NONE', ( #329 ), #2598, .T. ) ;
#4379 = ADVANCED_FACE ( 'NONE', ( #1661 ), #4868, .F. ) ;
#4378 = LINE ( 'NONE', #3815, #7209 ) ;
#4380 = LINE ( 'NONE', #986, #5754 ) ;
#4381 = VERTEX_POINT ( 'NONE', #579 ) ;
#4382 = AXIS2_PLACEMENT_3D ( 'NONE', #6089, #7326, #4310 ) ;
#4383 = LINE ( 'NONE', #5451, #3735 ) ;
#4384 = ORIENTED_EDGE ( 'NONE', *, *, #2143, .F. ) ;
#4385 = DIRECTION ( 'NONE',  ( -0.000000000000000000, 1.000000000000000000, 0.000000000000000000 ) ) ;
#4386 = ORIENTED_EDGE ( 'NONE', *, *, #1538, .F. ) ;
#4387 = FACE_OUTER_BOUND ( 'NONE', #6776, .T. ) ;
#4388 = FACE_OUTER_BOUND ( 'NONE', #6987, .T. ) ;
#4389 = LINE ( 'NONE', #6625, #4815 ) ;
#4390 = ORIENTED_EDGE ( 'NONE', *, *, #5016, .T. ) ;
#4391 = ORIENTED_EDGE ( 'NONE', *, *, #151, .F. ) ;
#4392 = ORIENTED_EDGE ( 'NONE', *, *, #2743, .F. ) ;
#4393 = DIRECTION ( 'NONE',  ( 0.000000000000000000, 0.000000000000000000, 1.000000000000000000 ) ) ;
#4394 = FACE_OUTER_BOUND ( 'NONE', #3000, .T. ) ;
#4395 = CARTESIAN_POINT ( 'NONE',  ( 93.00000000000000000, 4.500000000000000000, 2.000000000000000000 ) ) ;
#4396 = DIRECTION ( 'NONE',  ( 1.000000000000000000, 0.000000000000000000, -0.000000000000000000 ) ) ;
#4397 = CARTESIAN_POINT ( 'NONE',  ( 50.00000000000000000, 98.00000000000000000, 2.000000000000000000 ) ) ;
#4398 = LINE ( 'NONE', #381, #6795 ) ;
#4399 = DIRECTION ( 'NONE',  ( 1.000000000000000000, 0.000000000000000000, 0.000000000000000000 ) ) ;
#4400 = CARTESIAN_POINT ( 'NONE',  ( 87.50000000000000000, 87.50000000000000000, 98.00000000000000000 ) ) ;
#4401 = CARTESIAN_POINT ( 'NONE',  ( 50.00000000000000000, 10.00000000000000178, 61.00000000000000000 ) ) ;
#4402 = ORIENTED_EDGE ( 'NONE', *, *, #6794, .T. ) ;
#4403 = VECTOR ( 'NONE', #1906, 1000.000000000000000 ) ;
#4404 = VECTOR ( 'NONE', #569, 1000.000000000000000 ) ;
#4405 = EDGE_LOOP ( 'NONE', ( #4801, #6908, #5126, #2644 ) ) ;
#4406 = CARTESIAN_POINT ( 'NONE',  ( 6.999999999999999112, 50.00000000000000000, 63.00000000000000000 ) ) ;
#4407 = DIRECTION ( 'NONE',  ( -1.000000000000000000, 0.000000000000000000, 0.000000000000000000 ) ) ;
#4408 = CARTESIAN_POINT ( 'NONE',  ( 50.00000000000000000, 20.00000000000000355, 39.00000000000000000 ) ) ;
#4409 = CARTESIAN_POINT ( 'NONE',  ( 4.500000000000000000, 7.000000000000006217, 93.00000000000000000 ) ) ;
#4410 = CARTESIAN_POINT ( 'NONE',  ( 90.00000000000000000, 84.99999999999998579, 19.00000000000000000 ) ) ;
#4411 = FACE_OUTER_BOUND ( 'NONE', #1675, .T. ) ;
#4412 = VECTOR ( 'NONE', #5100, 1000.000000000000000 ) ;
#4413 = VERTEX_POINT ( 'NONE', #1699 ) ;
#4414 = DIRECTION ( 'NONE',  ( -1.000000000000000000, -0.000000000000000000, 0.000000000000000000 ) ) ;
#4415 = EDGE_CURVE ( 'NONE', #3737, #4578, #3371, .T. ) ;
#4416 = ADVANCED_FACE ( 'NONE', ( #6120 ), #3158, .T. ) ;
#4417 = ORIENTED_EDGE ( 'NONE', *, *, #3748, .T. ) ;
#4418 = DIRECTION ( 'NONE',  ( 0.000000000000000000, -0.000000000000000000, 1.000000000000000000 ) ) ;
#4419 = ORIENTED_EDGE ( 'NONE', *, *, #5694, .T. ) ;
#4420 = LINE ( 'NONE', #5533, #2841 ) ;
#4421 = VECTOR ( 'NONE', #6396, 1000.000000000000000 ) ;
#4422 = LINE ( 'NONE', #3828, #2160 ) ;
#4423 = DIRECTION ( 'NONE',  ( 0.000000000000000000, 0.000000000000000000, -1.000000000000000000 ) ) ;
#4424 = ADVANCED_FACE ( 'NONE', ( #1063 ), #540, .F. ) ;
#4425 = ADVANCED_FACE ( 'NONE', ( #7242 ), #4487, .F. ) ;
#4426 = ORIENTED_EDGE ( 'NONE', *, *, #2284, .F. ) ;
#4427 = ORIENTED_EDGE ( 'NONE', *, *, #4841, .F. ) ;
#4428 = ORIENTED_EDGE ( 'NONE', *, *, #2875, .T. ) ;
#4429 = LINE ( 'NONE', #6174, #4770 ) ;
#4430 = FACE_OUTER_BOUND ( 'NONE', #325, .T. ) ;
#4431 = CARTESIAN_POINT ( 'NONE',  ( 1.999999999999999556, 6.999999999999999112, 2.000000000000000000 ) ) ;
#4432 = AXIS2_PLACEMENT_3D ( 'NONE', #2144, #6126, #1032 ) ;
#4433 = LINE ( 'NONE', #970, #4762 ) ;
#4434 = AXIS2_PLACEMENT_3D ( 'NONE', #3077, #3217, #7021 ) ;
#4435 = CARTESIAN_POINT ( 'NONE',  ( 84.99999999999998579, 15.00000000000000178, 61.00000000000000000 ) ) ;
#4436 = FACE_OUTER_BOUND ( 'NONE', #1094, .T. ) ;
#4437 = CARTESIAN_POINT ( 'NONE',  ( 0.000000000000000000, 50.00000000000000000, 98.00000000000000000 ) ) ;
#4438 = CARTESIAN_POINT ( 'NONE',  ( 93.00000000000000000, 93.00000000000000000, 20.00000000000000000 ) ) ;
#4439 = CARTESIAN_POINT ( 'NONE',  ( 50.00000000000000000, 84.99999999999998579, 39.00000000000000000 ) ) ;
#4440 = ORIENTED_EDGE ( 'NONE', *, *, #6507, .T. ) ;
#4441 = ORIENTED_EDGE ( 'NONE', *, *, #4334, .T. ) ;
#4442 = DIRECTION ( 'NONE',  ( 0.000000000000000000, 0.000000000000000000, -1.000000000000000000 ) ) ;
#4443 = LINE ( 'NONE', #4523, #3841 ) ;
#4444 = LINE ( 'NONE', #3893, #309 ) ;
#4445 = CARTESIAN_POINT ( 'NONE',  ( 84.99999999999998579, 90.00000000000000000, 20.00000000000000000 ) ) ;
#4446 = VECTOR ( 'NONE', #2748, 1000.000000000000000 ) ;
#4447 = CARTESIAN_POINT ( 'NONE',  ( 10.00000000000000000, 90.00000000000000000, 20.00000000000000000 ) ) ;
#4448 = LINE ( 'NONE', #1624, #4693 ) ;
#4449 = ORIENTED_EDGE ( 'NONE', *, *, #917, .F. ) ;
#4450 = CARTESIAN_POINT ( 'NONE',  ( 10.00000000000000000, 87.50000000000000000, 60.00000000000000000 ) ) ;
#4451 = AXIS2_PLACEMENT_3D ( 'NONE', #6352, #5865, #3045 ) ;
#4452 = VECTOR ( 'NONE', #3932, 1000.000000000000000 ) ;
#4453 = VERTEX_POINT ( 'NONE', #7277 ) ;
#4454 = PLANE ( 'NONE',  #4909 ) ;
#4455 = ORIENTED_EDGE ( 'NONE', *, *, #5649, .F. ) ;
#4456 = LINE ( 'NONE', #400, #2477 ) ;
#4457 = VECTOR ( 'NONE', #6698, 1000.000000000000000 ) ;
#4458 = EDGE_CURVE ( 'NONE', #5608, #3157, #1024, .T. ) ;
#4459 = EDGE_CURVE ( 'NONE', #1546, #7257, #1134, .T. ) ;
#4460 = DIRECTION ( 'NONE',  ( -0.000000000000000000, 0.000000000000000000, -1.000000000000000000 ) ) ;
#4461 = CARTESIAN_POINT ( 'NONE',  ( 84.99999999999998579, 84.99999999999998579, 98.00000000000000000 ) ) ;
#4462 = ORIENTED_EDGE ( 'NONE', *, *, #6678, .T. ) ;
#4463 = ORIENTED_EDGE ( 'NONE', *, *, #2501, .T. ) ;
#4464 = VERTEX_POINT ( 'NONE', #2252 ) ;
#4465 = CARTESIAN_POINT ( 'NONE',  ( 84.99999999999998579, 84.99999999999998579, 36.00000000000000000 ) ) ;
#4466 = DIRECTION ( 'NONE',  ( 1.000000000000000000, 0.000000000000000000, 0.000000000000000000 ) ) ;
#4467 = LINE ( 'NONE', #6744, #1053 ) ;
#4468 = EDGE_CURVE ( 'NONE', #3437, #6813, #4525, .T. ) ;
#4469 = EDGE_CURVE ( 'NONE', #853, #746, #5009, .T. ) ;
#4470 = DIRECTION ( 'NONE',  ( -0.000000000000000000, 1.000000000000000000, 0.000000000000000000 ) ) ;
#4471 = EDGE_CURVE ( 'NONE', #4614, #98, #1807, .T. ) ;
#4472 = VECTOR ( 'NONE', #6063, 1000.000000000000000 ) ;
#4473 = ORIENTED_EDGE ( 'NONE', *, *, #6549, .T. ) ;
#4474 = DIRECTION ( 'NONE',  ( 0.000000000000000000, -1.000000000000000000, 0.000000000000000000 ) ) ;
#4475 = CLOSED_SHELL ( 'NONE', ( #6690, #4150, #5007, #2784, #3323, #7064 ) ) ;
#4476 = PLANE ( 'NONE',  #2992 ) ;
#4477 = CARTESIAN_POINT ( 'NONE',  ( 4.500000000000000000, 93.00000000000000000, 2.000000000000000000 ) ) ;
#4478 = LINE ( 'NONE', #5664, #3767 ) ;
#4479 = LINE ( 'NONE', #6756, #6957 ) ;
#4480 = VERTEX_POINT ( 'NONE', #1880 ) ;
#4481 = VECTOR ( 'NONE', #5996, 1000.000000000000000 ) ;
#4482 = VERTEX_POINT ( 'NONE', #5261 ) ;
#4483 = ORIENTED_EDGE ( 'NONE', *, *, #2594, .F. ) ;
#4484 = CARTESIAN_POINT ( 'NONE',  ( 50.00000000000000000, 10.00000000000000178, 37.00000000000000000 ) ) ;
#4485 = VECTOR ( 'NONE', #4768, 1000.000000000000000 ) ;
#4486 = LINE ( 'NONE', #910, #2335 ) ;
#4487 = PLANE ( 'NONE',  #7093 ) ;
#4488 = FACE_OUTER_BOUND ( 'NONE', #560, .T. ) ;
#4489 = CARTESIAN_POINT ( 'NONE',  ( 50.00000000000000000, 100.0000000000000000, 98.00000000000000000 ) ) ;
#4490 = ORIENTED_EDGE ( 'NONE', *, *, #6242, .T. ) ;
#4491 = DIRECTION ( 'NONE',  ( 0.000000000000000000, 0.000000000000000000, -1.000000000000000000 ) ) ;
#4492 = ORIENTED_EDGE ( 'NONE', *, *, #3135, .T. ) ;
#4493 = FACE_OUTER_BOUND ( 'NONE', #1165, .T. ) ;
#4494 = ORIENTED_EDGE ( 'NONE', *, *, #60, .F. ) ;
#4495 = FACE_OUTER_BOUND ( 'NONE', #4405, .T. ) ;
#4496 = VECTOR ( 'NONE', #6579, 1000.000000000000000 ) ;
#4497 = LINE ( 'NONE', #6772, #509 ) ;
#4498 = CARTESIAN_POINT ( 'NONE',  ( 15.00000000000000178, 15.00000000000000178, 60.00000000000000000 ) ) ;
#4499 = EDGE_LOOP ( 'NONE', ( #3901, #3349, #2360, #3455 ) ) ;
#4500 = EDGE_CURVE ( 'NONE', #5521, #122, #5743, .T. ) ;
#4501 = EDGE_CURVE ( 'NONE', #4867, #95, #2963, .T. ) ;
#4502 = ORIENTED_EDGE ( 'NONE', *, *, #777, .F. ) ;
#4503 = ORIENTED_EDGE ( 'NONE', *, *, #4554, .T. ) ;
#4504 = DIRECTION ( 'NONE',  ( 0.000000000000000000, 0.000000000000000000, 1.000000000000000000 ) ) ;
#4505 = DIRECTION ( 'NONE',  ( -0.000000000000000000, 1.000000000000000000, 0.000000000000000000 ) ) ;
#4506 = CARTESIAN_POINT ( 'NONE',  ( 87.50000000000000000, 84.99999999999998579, 77.00000000000000000 ) ) ;
#4507 = FACE_OUTER_BOUND ( 'NONE', #1332, .T. ) ;
#4508 = ORIENTED_EDGE ( 'NONE', *, *, #6836, .F. ) ;
#4509 = ADVANCED_FACE ( 'NONE', ( #4148 ), #1203, .T. ) ;
#4510 = EDGE_CURVE ( 'NONE', #2483, #4227, #6407, .T. ) ;
#4511 = EDGE_CURVE ( 'NONE', #4036, #948, #127, .T. ) ;
#4512 = LINE ( 'NONE', #6994, #4337 ) ;
#4513 = DIRECTION ( 'NONE',  ( -1.000000000000000000, 0.000000000000000000, 0.000000000000000000 ) ) ;
#4514 = FACE_OUTER_BOUND ( 'NONE', #4712, .T. ) ;
#4515 = PLANE ( 'NONE',  #4242 ) ;
#4516 = PLANE ( 'NONE',  #6787 ) ;
#4517 = ORIENTED_EDGE ( 'NONE', *, *, #2919, .F. ) ;
#4518 = COORDINATED_UNIVERSAL_TIME_OFFSET ( 5, 0, .BEHIND. ) ;
#4519 = ADVANCED_FACE ( 'NONE', ( #650 ), #164, .F. ) ;
#4520 = EDGE_CURVE ( 'NONE', #5266, #1731, #1312, .T. ) ;
#4521 = EDGE_LOOP ( 'NONE', ( #4842, #6341, #3193, #3649 ) ) ;
#4522 = ORIENTED_EDGE ( 'NONE', *, *, #6700, .T. ) ;
#4523 = CARTESIAN_POINT ( 'NONE',  ( 50.00000000000000000, 93.00000000000000000, 22.00000000000000000 ) ) ;
#4524 = CARTESIAN_POINT ( 'NONE',  ( 95.50000000000000000, 93.00000000000000000, 7.000000000000000000 ) ) ;
#4525 = LINE ( 'NONE', #6231, #2820 ) ;
#4526 = CARTESIAN_POINT ( 'NONE',  ( 50.00000000000000000, 50.00000000000000000, 39.00000000000000000 ) ) ;
#4527 = FACE_OUTER_BOUND ( 'NONE', #3749, .T. ) ;
#4528 = AXIS2_PLACEMENT_3D ( 'NONE', #4321, #1452, #1491 ) ;
#4529 = ORIENTED_EDGE ( 'NONE', *, *, #5819, .F. ) ;
#4530 = CARTESIAN_POINT ( 'NONE',  ( 10.00000000000000000, 90.00000000000000000, 19.00000000000000000 ) ) ;
#4531 = ORIENTED_EDGE ( 'NONE', *, *, #2013, .T. ) ;
#4532 = CARTESIAN_POINT ( 'NONE',  ( 12.50000000000000000, 12.50000000000000000, 2.000000000000000000 ) ) ;
#4533 = VERTEX_POINT ( 'NONE', #1170 ) ;
#4534 = AXIS2_PLACEMENT_3D ( 'NONE', #4740, #1381, #304 ) ;
#4535 = LINE ( 'NONE', #6810, #7227 ) ;
#4536 = CARTESIAN_POINT ( 'NONE',  ( 6.999999999999999112, 50.00000000000000000, 37.00000000000000000 ) ) ;
#4537 = CARTESIAN_POINT ( 'NONE',  ( 4.500000000000000000, 4.500000000000000000, 98.00000000000000000 ) ) ;
#4538 = VERTEX_POINT ( 'NONE', #5778 ) ;
#4539 = ORIENTED_EDGE ( 'NONE', *, *, #6039, .F. ) ;
#4540 = ORIENTED_EDGE ( 'NONE', *, *, #5330, .T. ) ;
#4541 = DIRECTION ( 'NONE',  ( -1.000000000000000000, -0.000000000000000000, 0.000000000000000000 ) ) ;
#4542 = VECTOR ( 'NONE', #1298, 1000.000000000000000 ) ;
#4543 = VECTOR ( 'NONE', #1872, 1000.000000000000000 ) ;
#4544 = FACE_OUTER_BOUND ( 'NONE', #5268, .T. ) ;
#4545 = LINE ( 'NONE', #5138, #4183 ) ;
#4546 = ORIENTED_EDGE ( 'NONE', *, *, #2326, .T. ) ;
#4547 = AXIS2_PLACEMENT_3D ( 'NONE', #475, #3939, #6087 ) ;
#4548 = DIRECTION ( 'NONE',  ( 1.000000000000000000, 0.000000000000000000, 0.000000000000000000 ) ) ;
#4549 = CARTESIAN_POINT ( 'NONE',  ( 90.00000000000000000, 50.00000000000000000, 78.00000000000000000 ) ) ;
#4550 = CARTESIAN_POINT ( 'NONE',  ( 90.00000000000000000, 15.00000000000000178, 22.00000000000000000 ) ) ;
#4551 = CARTESIAN_POINT ( 'NONE',  ( 100.0000000000000000, 50.00000000000000000, 98.00000000000000000 ) ) ;
#4552 = VERTEX_POINT ( 'NONE', #5707 ) ;
#4553 = ADVANCED_FACE ( 'NONE', ( #1843 ), #6982, .T. ) ;
#4554 = EDGE_CURVE ( 'NONE', #1466, #5537, #2889, .T. ) ;
#4555 = VECTOR ( 'NONE', #5671, 1000.000000000000000 ) ;
#4556 = VERTEX_POINT ( 'NONE', #719 ) ;
#4557 = ORIENTED_EDGE ( 'NONE', *, *, #4459, .T. ) ;
#4558 = CARTESIAN_POINT ( 'NONE',  ( 4.500000000000000000, 4.500000000000000000, 2.000000000000000000 ) ) ;
#4559 = CARTESIAN_POINT ( 'NONE',  ( 93.00000000000000000, 5.000000000000004441, 20.00000000000000000 ) ) ;
#4560 = DIRECTION ( 'NONE',  ( 0.000000000000000000, 0.000000000000000000, -1.000000000000000000 ) ) ;
#4561 = LINE ( 'NONE', #1243, #2439 ) ;
#4562 = LINE ( 'NONE', #3918, #1128 ) ;
#4563 = EDGE_CURVE ( 'NONE', #1254, #6432, #6376, .T. ) ;
#4564 = ADVANCED_FACE ( 'NONE', ( #3585 ), #2325, .F. ) ;
#4565 = EDGE_CURVE ( 'NONE', #2034, #508, #6905, .T. ) ;
#4566 = VERTEX_POINT ( 'NONE', #5157 ) ;
#4567 = DIRECTION ( 'NONE',  ( -1.000000000000000000, 0.000000000000000000, 0.000000000000000000 ) ) ;
#4568 = VECTOR ( 'NONE', #2616, 1000.000000000000000 ) ;
#4569 = ORIENTED_EDGE ( 'NONE', *, *, #1006, .T. ) ;
#4570 = CARTESIAN_POINT ( 'NONE',  ( 84.99999999999998579, 10.00000000000000000, 78.00000000000000000 ) ) ;
#4571 = ORIENTED_EDGE ( 'NONE', *, *, #4190, .T. ) ;
#4572 = LINE ( 'NONE', #4612, #804 ) ;
#4573 = DIRECTION ( 'NONE',  ( -0.000000000000000000, 0.000000000000000000, -1.000000000000000000 ) ) ;
#4574 = DIRECTION ( 'NONE',  ( 0.000000000000000000, 0.000000000000000000, 1.000000000000000000 ) ) ;
#4575 = VECTOR ( 'NONE', #2089, 1000.000000000000000 ) ;
#4576 = VECTOR ( 'NONE', #210, 1000.000000000000000 ) ;
#4577 = VECTOR ( 'NONE', #6233, 1000.000000000000000 ) ;
#4578 = VERTEX_POINT ( 'NONE', #1240 ) ;
#4579 = VERTEX_POINT ( 'NONE', #4597 ) ;
#4580 = VERTEX_POINT ( 'NONE', #2473 ) ;
#4582 = CARTESIAN_POINT ( 'NONE',  ( 1.999999999999999556, 7.000000000000006217, 7.000000000000000000 ) ) ;
#4581 = VECTOR ( 'NONE', #3788, 1000.000000000000000 ) ;
#4583 = DIRECTION ( 'NONE',  ( 0.000000000000000000, -1.000000000000000000, 0.000000000000000000 ) ) ;
#4584 = CARTESIAN_POINT ( 'NONE',  ( 2.000000000000001776, 99.00000000000000000, 2.000000000000000000 ) ) ;
#4585 = EDGE_LOOP ( 'NONE', ( #5264, #5500, #3868, #5818 ) ) ;
#4586 = LINE ( 'NONE', #118, #1083 ) ;
#4587 = CARTESIAN_POINT ( 'NONE',  ( 7.000000000000006217, 95.50000000000000000, 98.00000000000000000 ) ) ;
#4588 = CARTESIAN_POINT ( 'NONE',  ( 7.000000000000006217, 1.999999999999999556, 93.00000000000000000 ) ) ;
#4589 = CARTESIAN_POINT ( 'NONE',  ( 84.99999999999998579, 15.00000000000000178, 63.00000000000000000 ) ) ;
#4590 = EDGE_LOOP ( 'NONE', ( #1961, #1388, #1724, #6428 ) ) ;
#4591 = ORIENTED_EDGE ( 'NONE', *, *, #6967, .T. ) ;
#4592 = ORIENTED_EDGE ( 'NONE', *, *, #3334, .F. ) ;
#4593 = ADVANCED_FACE ( 'NONE', ( #6872 ), #4040, .T. ) ;
#4594 = DIRECTION ( 'NONE',  ( 0.000000000000000000, 0.000000000000000000, 1.000000000000000000 ) ) ;
#4595 = EDGE_CURVE ( 'NONE', #7297, #6172, #6444, .T. ) ;
#4596 = DIRECTION ( 'NONE',  ( 0.000000000000000000, -0.000000000000000000, 1.000000000000000000 ) ) ;
#4597 = CARTESIAN_POINT ( 'NONE',  ( 98.00000000000000000, 100.0000000000000000, 98.00000000000000000 ) ) ;
#4598 = DIRECTION ( 'NONE',  ( 0.000000000000000000, 0.000000000000000000, 1.000000000000000000 ) ) ;
#4599 = FACE_OUTER_BOUND ( 'NONE', #2849, .T. ) ;
#4600 = VECTOR ( 'NONE', #4891, 1000.000000000000000 ) ;
#4601 = ORIENTED_EDGE ( 'NONE', *, *, #1271, .F. ) ;
#4602 = LINE ( 'NONE', #5265, #6709 ) ;
#4603 = VECTOR ( 'NONE', #1, 1000.000000000000000 ) ;
#4604 = VECTOR ( 'NONE', #4846, 1000.000000000000000 ) ;
#4605 = ORIENTED_EDGE ( 'NONE', *, *, #4563, .T. ) ;
#4606 = VECTOR ( 'NONE', #2315, 1000.000000000000000 ) ;
#4607 = EDGE_CURVE ( 'NONE', #621, #5278, #4294, .T. ) ;
#4608 = DIRECTION ( 'NONE',  ( 0.000000000000000000, 0.000000000000000000, -1.000000000000000000 ) ) ;
#4609 = EDGE_CURVE ( 'NONE', #4552, #514, #234, .T. ) ;
#4610 = EDGE_CURVE ( 'NONE', #592, #6766, #5364, .T. ) ;
#4611 = EDGE_LOOP ( 'NONE', ( #6921, #1716, #2358, #6379 ) ) ;
#4612 = CARTESIAN_POINT ( 'NONE',  ( 50.00000000000000000, 0.000000000000000000, 98.00000000000000000 ) ) ;
#4613 = CARTESIAN_POINT ( 'NONE',  ( 95.00000000000000000, 50.00000000000000000, 63.00000000000000000 ) ) ;
#4614 = VERTEX_POINT ( 'NONE', #3210 ) ;
#4615 = EDGE_LOOP ( 'NONE', ( #3886, #2331, #4223, #2899 ) ) ;
#4616 = VERTEX_POINT ( 'NONE', #1346 ) ;
#4617 = VECTOR ( 'NONE', #6457, 1000.000000000000000 ) ;
#4618 = DIRECTION ( 'NONE',  ( 0.000000000000000000, -1.000000000000000000, -0.000000000000000000 ) ) ;
#4619 = DIRECTION ( 'NONE',  ( -0.000000000000000000, 1.000000000000000000, 0.000000000000000000 ) ) ;
#4620 = CARTESIAN_POINT ( 'NONE',  ( 93.00000000000000000, 5.000000000000000000, 77.00000000000000000 ) ) ;
#4621 = VECTOR ( 'NONE', #1604, 1000.000000000000000 ) ;
#4622 = ORIENTED_EDGE ( 'NONE', *, *, #7009, .F. ) ;
#4623 = CLOSED_SHELL ( 'NONE', ( #867, #3380, #2367, #4416, #5683, #3559, #2199, #2558, #4519, #766, #2108, #695, #7015, #2838, #5686, #6929, #3728, #101, #7243, #1690, #3832, #2733, #2500, #1048, #6462, #6290, #5190, #5599, #1832, #993 ) ) ;
#4624 = DIRECTION ( 'NONE',  ( -1.000000000000000000, -0.000000000000000000, 0.000000000000000000 ) ) ;
#4625 = CARTESIAN_POINT ( 'NONE',  ( 95.50000000000000000, 7.000000000000006217, 7.000000000000000000 ) ) ;
#4626 = CARTESIAN_POINT ( 'NONE',  ( 20.00000000000000355, 80.00000000000000000, 48.00000000000000000 ) ) ;
#4627 = CARTESIAN_POINT ( 'NONE',  ( 10.00000000000000000, 87.50000000000000000, 77.00000000000000000 ) ) ;
#4628 = EDGE_LOOP ( 'NONE', ( #5653, #6298, #1183, #2431 ) ) ;
#4629 = ORIENTED_EDGE ( 'NONE', *, *, #5546, .F. ) ;
#4630 = EDGE_LOOP ( 'NONE', ( #5830, #6392, #5903, #2298 ) ) ;
#4631 = CARTESIAN_POINT ( 'NONE',  ( 10.00000000000000000, 15.00000000000000178, 2.000000000000000000 ) ) ;
#4632 = CARTESIAN_POINT ( 'NONE',  ( 15.00000000000000178, 12.50000000000000000, 19.00000000000000000 ) ) ;
#4633 = DIRECTION ( 'NONE',  ( 0.000000000000000000, -0.000000000000000000, 1.000000000000000000 ) ) ;
#4634 = CARTESIAN_POINT ( 'NONE',  ( 20.00000000000000355, 20.00000000000000355, 39.00000000000000000 ) ) ;
#4635 = ORIENTED_EDGE ( 'NONE', *, *, #268, .T. ) ;
#4636 = DIRECTION ( 'NONE',  ( 0.000000000000000000, 0.000000000000000000, 1.000000000000000000 ) ) ;
#4637 = ORIENTED_EDGE ( 'NONE', *, *, #686, .F. ) ;
#4638 = CARTESIAN_POINT ( 'NONE',  ( 2.000000000000001776, 98.00000000000000000, 2.000000000000000000 ) ) ;
#4639 = VERTEX_POINT ( 'NONE', #3624 ) ;
#4640 = CARTESIAN_POINT ( 'NONE',  ( 50.00000000000000000, 93.00000000000000000, 63.00000000000000000 ) ) ;
#4641 = FACE_BOUND ( 'NONE', #6965, .T. ) ;
#4642 = LINE ( 'NONE', #2976, #6343 ) ;
#4643 = EDGE_CURVE ( 'NONE', #5383, #4950, #3133, .T. ) ;
#4644 = EDGE_CURVE ( 'NONE', #5875, #4795, #3662, .T. ) ;
#4645 = AXIS2_PLACEMENT_3D ( 'NONE', #5400, #1276, #3549 ) ;
#4646 = VERTEX_POINT ( 'NONE', #4220 ) ;
#4647 = VECTOR ( 'NONE', #6442, 1000.000000000000000 ) ;
#4648 = FACE_OUTER_BOUND ( 'NONE', #4090, .T. ) ;
#4649 = VERTEX_POINT ( 'NONE', #3101 ) ;
#4650 = EDGE_LOOP ( 'NONE', ( #558, #6088, #6158, #1075 ) ) ;
#4651 = FACE_OUTER_BOUND ( 'NONE', #2896, .T. ) ;
#4652 = CARTESIAN_POINT ( 'NONE',  ( 93.00000000000000000, 5.000000000000004441, 22.00000000000000000 ) ) ;
#4653 = DIRECTION ( 'NONE',  ( 1.000000000000000000, 0.000000000000000000, -0.000000000000000000 ) ) ;
#4654 = VECTOR ( 'NONE', #1566, 1000.000000000000000 ) ;
#4655 = EDGE_CURVE ( 'NONE', #2045, #2333, #6562, .T. ) ;
#4656 = EDGE_CURVE ( 'NONE', #5984, #3056, #2019, .T. ) ;
#4657 = ORIENTED_EDGE ( 'NONE', *, *, #6058, .F. ) ;
#4658 = ADVANCED_FACE ( 'NONE', ( #901 ), #937, .T. ) ;
#4659 = PERSON_AND_ORGANIZATION ( #7219, #2077 ) ;
#4660 = ORIENTED_EDGE ( 'NONE', *, *, #5330, .F. ) ;
#4661 = CARTESIAN_POINT ( 'NONE',  ( 12.50000000000000000, 15.00000000000000178, 77.00000000000000000 ) ) ;
#4662 = CARTESIAN_POINT ( 'NONE',  ( 6.999999999999999112, 6.999999999999999112, 2.000000000000000000 ) ) ;
#4663 = LINE ( 'NONE', #6823, #6867 ) ;
#4664 = CARTESIAN_POINT ( 'NONE',  ( 7.000000000000000000, 7.000000000000000000, 36.00000000000000000 ) ) ;
#4665 = EDGE_LOOP ( 'NONE', ( #5794, #4440, #796, #1175 ) ) ;
#4666 = VECTOR ( 'NONE', #5872, 1000.000000000000000 ) ;
#4667 = ORIENTED_EDGE ( 'NONE', *, *, #6009, .T. ) ;
#4668 = LINE ( 'NONE', #3514, #1583 ) ;
#4669 = FACE_OUTER_BOUND ( 'NONE', #4650, .T. ) ;
#4670 = DIRECTION ( 'NONE',  ( 0.000000000000000000, 0.000000000000000000, -1.000000000000000000 ) ) ;
#4671 = CARTESIAN_POINT ( 'NONE',  ( 15.00000000000000000, 90.00000000000000000, 78.00000000000000000 ) ) ;
#4672 = AXIS2_PLACEMENT_3D ( 'NONE', #5748, #1889, #3594 ) ;
#4673 = ORIENTED_EDGE ( 'NONE', *, *, #5070, .F. ) ;
#4674 = DIRECTION ( 'NONE',  ( -0.000000000000000000, 1.000000000000000000, 0.000000000000000000 ) ) ;
#4675 = ORIENTED_EDGE ( 'NONE', *, *, #1006, .F. ) ;
#4676 = CARTESIAN_POINT ( 'NONE',  ( 95.00000000000000000, 50.00000000000000000, 78.00000000000000000 ) ) ;
#4677 = ORIENTED_EDGE ( 'NONE', *, *, #3685, .T. ) ;
#4678 = LINE ( 'NONE', #3005, #5413 ) ;
#4679 = CARTESIAN_POINT ( 'NONE',  ( 98.00000000000000000, 4.500000000000000000, 98.00000000000000000 ) ) ;
#4680 = CARTESIAN_POINT ( 'NONE',  ( 50.00000000000000000, 98.00000000000000000, 98.00000000000000000 ) ) ;
#4681 = VERTEX_POINT ( 'NONE', #7160 ) ;
#4682 = CARTESIAN_POINT ( 'NONE',  ( 98.00000000000000000, 6.999999999999999112, 2.000000000000000000 ) ) ;
#4683 = ORIENTED_EDGE ( 'NONE', *, *, #1704, .F. ) ;
#4684 = ORIENTED_EDGE ( 'NONE', *, *, #4500, .T. ) ;
#4685 = CARTESIAN_POINT ( 'NONE',  ( 100.0000000000000000, 50.00000000000000000, 2.000000000000000000 ) ) ;
#4686 = ADVANCED_FACE ( 'NONE', ( #7049 ), #6483, .T. ) ;
#4687 = EDGE_CURVE ( 'NONE', #6040, #1184, #4327, .T. ) ;
#4688 = LINE ( 'NONE', #6856, #457 ) ;
#4689 = AXIS2_PLACEMENT_3D ( 'NONE', #1138, #3857, #4567 ) ;
#4690 = CARTESIAN_POINT ( 'NONE',  ( 50.00000000000000000, 95.50000000000000000, 98.00000000000000000 ) ) ;
#4691 = ORIENTED_EDGE ( 'NONE', *, *, #6326, .F. ) ;
#4692 = ORIENTED_EDGE ( 'NONE', *, *, #1362, .T. ) ;
#4693 = VECTOR ( 'NONE', #3896, 1000.000000000000000 ) ;
#4694 = VECTOR ( 'NONE', #5928, 1000.000000000000000 ) ;
#4695 = VECTOR ( 'NONE', #3249, 1000.000000000000000 ) ;
#4696 = DIRECTION ( 'NONE',  ( 0.000000000000000000, 0.000000000000000000, 1.000000000000000000 ) ) ;
#4697 = EDGE_CURVE ( 'NONE', #1167, #4262, #1985, .T. ) ;
#4698 = EDGE_CURVE ( 'NONE', #6545, #999, #2058, .T. ) ;
#4699 = ADVANCED_FACE ( 'NONE', ( #4182 ), #307, .F. ) ;
#4700 = PLANE ( 'NONE',  #7099 ) ;
#4701 = FACE_OUTER_BOUND ( 'NONE', #1969, .T. ) ;
#4702 = DIRECTION ( 'NONE',  ( 0.000000000000000000, -1.000000000000000000, -0.000000000000000000 ) ) ;
#4703 = ORIENTED_EDGE ( 'NONE', *, *, #7283, .T. ) ;
#4704 = ORIENTED_EDGE ( 'NONE', *, *, #2054, .T. ) ;
#4705 = DIRECTION ( 'NONE',  ( -0.000000000000000000, 1.000000000000000000, 0.000000000000000000 ) ) ;
#4706 = LINE ( 'NONE', #6981, #129 ) ;
#4707 = DIRECTION ( 'NONE',  ( -1.000000000000000000, 0.000000000000000000, 0.000000000000000000 ) ) ;
#4708 = FACE_OUTER_BOUND ( 'NONE', #2191, .T. ) ;
#4709 = EDGE_LOOP ( 'NONE', ( #213, #3558, #2021, #6830 ) ) ;
#4710 = DIRECTION ( 'NONE',  ( -1.000000000000000000, -0.000000000000000000, 0.000000000000000000 ) ) ;
#4711 = AXIS2_PLACEMENT_3D ( 'NONE', #4954, #5541, #1489 ) ;
#4712 = EDGE_LOOP ( 'NONE', ( #5735, #328, #6807, #6369 ) ) ;
#4713 = FACE_OUTER_BOUND ( 'NONE', #6136, .T. ) ;
#4714 = ORIENTED_EDGE ( 'NONE', *, *, #2230, .F. ) ;
#4715 = AXIS2_PLACEMENT_3D ( 'NONE', #3049, #5317, #2489 ) ;
#4716 = DIRECTION ( 'NONE',  ( 1.000000000000000000, 0.000000000000000000, -0.000000000000000000 ) ) ;
#4717 = CARTESIAN_POINT ( 'NONE',  ( 50.00000000000000000, 95.00000000000000000, 37.00000000000000000 ) ) ;
#4718 = DIRECTION ( 'NONE',  ( 0.000000000000000000, 0.000000000000000000, 1.000000000000000000 ) ) ;
#4719 = VECTOR ( 'NONE', #1418, 1000.000000000000000 ) ;
#4720 = VERTEX_POINT ( 'NONE', #2579 ) ;
#4721 = FACE_OUTER_BOUND ( 'NONE', #3362, .T. ) ;
#4722 = ORIENTED_EDGE ( 'NONE', *, *, #7158, .F. ) ;
#4723 = ORIENTED_EDGE ( 'NONE', *, *, #2467, .F. ) ;
#4724 = LINE ( 'NONE', #3118, #6378 ) ;
#4725 = PLANE ( 'NONE',  #2717 ) ;
#4726 = LINE ( 'NONE', #3054, #258 ) ;
#4727 = ORIENTED_EDGE ( 'NONE', *, *, #2603, .T. ) ;
#4728 = EDGE_CURVE ( 'NONE', #5315, #543, #6033, .T. ) ;
#4729 = EDGE_CURVE ( 'NONE', #252, #1399, #2507, .T. ) ;
#4730 = ORIENTED_EDGE ( 'NONE', *, *, #3243, .F. ) ;
#4731 = DIRECTION ( 'NONE',  ( 0.000000000000000000, 0.000000000000000000, 1.000000000000000000 ) ) ;
#4732 = DIRECTION ( 'NONE',  ( -1.000000000000000000, 0.000000000000000000, 0.000000000000000000 ) ) ;
#4733 = CARTESIAN_POINT ( 'NONE',  ( 7.000000000000000000, 93.00000000000000000, 19.00000000000000000 ) ) ;
#4734 = DIRECTION ( 'NONE',  ( -0.000000000000000000, 1.000000000000000000, 0.000000000000000000 ) ) ;
#4735 = VECTOR ( 'NONE', #5933, 1000.000000000000000 ) ;
#4736 = EDGE_CURVE ( 'NONE', #6813, #841, #7122, .T. ) ;
#4737 = ADVANCED_FACE ( 'NONE', ( #2244 ), #4515, .F. ) ;
#4738 = EDGE_CURVE ( 'NONE', #4854, #5946, #493, .T. ) ;
#4739 = ORIENTED_EDGE ( 'NONE', *, *, #3512, .F. ) ;
#4740 = CARTESIAN_POINT ( 'NONE',  ( 95.00000000000000000, 93.00000000000000000, 19.00000000000000000 ) ) ;
#4741 = DIRECTION ( 'NONE',  ( -0.000000000000000000, 1.000000000000000000, 0.000000000000000000 ) ) ;
#4742 = CARTESIAN_POINT ( 'NONE',  ( 87.50000000000000000, 90.00000000000000000, 19.00000000000000000 ) ) ;
#4743 = DIRECTION ( 'NONE',  ( -0.000000000000000000, 0.000000000000000000, -1.000000000000000000 ) ) ;
#4744 = ORIENTED_EDGE ( 'NONE', *, *, #3337, .F. ) ;
#4745 = CARTESIAN_POINT ( 'NONE',  ( 93.00000000000000000, 5.000000000000000000, 60.00000000000000000 ) ) ;
#4746 = EDGE_CURVE ( 'NONE', #3381, #3084, #1126, .T. ) ;
#4747 = EDGE_CURVE ( 'NONE', #7001, #1427, #5037, .T. ) ;
#4748 = ORIENTED_EDGE ( 'NONE', *, *, #3926, .T. ) ;
#4749 = DIRECTION ( 'NONE',  ( -1.000000000000000000, -0.000000000000000000, 0.000000000000000000 ) ) ;
#4750 = VERTEX_POINT ( 'NONE', #4438 ) ;
#4751 = LINE ( 'NONE', #1959, #1859 ) ;
#4752 = LINE ( 'NONE', #5897, #1397 ) ;
#4753 = ORIENTED_EDGE ( 'NONE', *, *, #191, .F. ) ;
#4754 = DIRECTION ( 'NONE',  ( 0.000000000000000000, 0.000000000000000000, 1.000000000000000000 ) ) ;
#4755 = ORIENTED_EDGE ( 'NONE', *, *, #238, .T. ) ;
#4756 = LINE ( 'NONE', #1364, #2909 ) ;
#4757 = ORIENTED_EDGE ( 'NONE', *, *, #7008, .T. ) ;
#4758 = ORIENTED_EDGE ( 'NONE', *, *, #6280, .F. ) ;
#4759 = DIRECTION ( 'NONE',  ( 0.000000000000000000, -1.000000000000000000, -0.000000000000000000 ) ) ;
#4760 = CARTESIAN_POINT ( 'NONE',  ( 93.00000000000000000, 93.00000000000000000, 61.00000000000000000 ) ) ;
#4761 = CARTESIAN_POINT ( 'NONE',  ( 12.50000000000000000, 15.00000000000000178, 98.00000000000000000 ) ) ;
#4762 = VECTOR ( 'NONE', #1607, 1000.000000000000000 ) ;
#4763 = ORIENTED_EDGE ( 'NONE', *, *, #1749, .T. ) ;
#4764 = VECTOR ( 'NONE', #2496, 1000.000000000000000 ) ;
#4765 = VERTEX_POINT ( 'NONE', #975 ) ;
#4766 = ORIENTED_EDGE ( 'NONE', *, *, #2327, .T. ) ;
#4767 = DIRECTION ( 'NONE',  ( -0.000000000000000000, 1.000000000000000000, 0.000000000000000000 ) ) ;
#4768 = DIRECTION ( 'NONE',  ( 0.000000000000000000, -1.000000000000000000, 0.000000000000000000 ) ) ;
#4769 = FACE_OUTER_BOUND ( 'NONE', #5739, .T. ) ;
#4770 = VECTOR ( 'NONE', #3871, 1000.000000000000000 ) ;
#4771 = LINE ( 'NONE', #4177, #2263 ) ;
#4772 = DIRECTION ( 'NONE',  ( 0.000000000000000000, -1.000000000000000000, 0.000000000000000000 ) ) ;
#4773 = LINE ( 'NONE', #306, #6543 ) ;
#4774 = CARTESIAN_POINT ( 'NONE',  ( 90.00000000000000000, 10.00000000000000000, 77.00000000000000000 ) ) ;
#4775 = ADVANCED_FACE ( 'NONE', ( #4366 ), #6108, .F. ) ;
#4776 = EDGE_CURVE ( 'NONE', #6262, #2072, #2845, .T. ) ;
#4777 = AXIS2_PLACEMENT_3D ( 'NONE', #670, #1222, #6252 ) ;
#4778 = PLANE ( 'NONE',  #2195 ) ;
#4779 = ORIENTED_EDGE ( 'NONE', *, *, #6557, .T. ) ;
#4780 = CARTESIAN_POINT ( 'NONE',  ( 95.50000000000000000, 93.00000000000000000, 2.000000000000000000 ) ) ;
#4781 = ORIENTED_EDGE ( 'NONE', *, *, #5997, .F. ) ;
#4782 = FACE_OUTER_BOUND ( 'NONE', #763, .T. ) ;
#4783 = ORIENTED_EDGE ( 'NONE', *, *, #1509, .F. ) ;
#4784 = VECTOR ( 'NONE', #5561, 1000.000000000000000 ) ;
#4785 = ADVANCED_FACE ( 'NONE', ( #5111 ), #1688, .T. ) ;
#4786 = ADVANCED_FACE ( 'NONE', ( #7306 ), #3805, .F. ) ;
#4788 = EDGE_CURVE ( 'NONE', #4413, #4037, #3248, .T. ) ;
#4787 = CARTESIAN_POINT ( 'NONE',  ( 6.999999999999999112, 50.00000000000000000, 78.00000000000000000 ) ) ;
#4789 = DIRECTION ( 'NONE',  ( -0.000000000000000000, 1.000000000000000000, 0.000000000000000000 ) ) ;
#4790 = ORIENTED_EDGE ( 'NONE', *, *, #777, .T. ) ;
#4791 = DIRECTION ( 'NONE',  ( -1.000000000000000000, -0.000000000000000000, 0.000000000000000000 ) ) ;
#4792 = AXIS2_PLACEMENT_3D ( 'NONE', #4558, #5741, #3440 ) ;
#4793 = VERTEX_POINT ( 'NONE', #2732 ) ;
#4794 = DIRECTION ( 'NONE',  ( -1.000000000000000000, -0.000000000000000000, 0.000000000000000000 ) ) ;
#4795 = VERTEX_POINT ( 'NONE', #3360 ) ;
#4796 = VERTEX_POINT ( 'NONE', #7231 ) ;
#4797 = CARTESIAN_POINT ( 'NONE',  ( 15.00000000000000178, 10.00000000000000000, 37.00000000000000000 ) ) ;
#4798 = DIRECTION ( 'NONE',  ( 0.000000000000000000, -0.000000000000000000, 1.000000000000000000 ) ) ;
#4799 = LINE ( 'NONE', #4241, #3472 ) ;
#4800 = ORIENTED_EDGE ( 'NONE', *, *, #825, .T. ) ;
#4801 = ORIENTED_EDGE ( 'NONE', *, *, #5963, .T. ) ;
#4802 = VERTEX_POINT ( 'NONE', #2128 ) ;
#4803 = LINE ( 'NONE', #339, #5352 ) ;
#4804 = VECTOR ( 'NONE', #7133, 1000.000000000000000 ) ;
#4805 = FACE_OUTER_BOUND ( 'NONE', #6989, .T. ) ;
#4806 = CARTESIAN_POINT ( 'NONE',  ( 2.000000000000001776, 0.000000000000000000, 98.00000000000000000 ) ) ;
#4807 = DIRECTION ( 'NONE',  ( -1.000000000000000000, -0.000000000000000000, 0.000000000000000000 ) ) ;
#4808 = AXIS2_PLACEMENT_3D ( 'NONE', #1895, #6426, #178 ) ;
#4809 = VECTOR ( 'NONE', #2895, 1000.000000000000000 ) ;
#4810 = AXIS2_PLACEMENT_3D ( 'NONE', #720, #6302, #3443 ) ;
#4811 = EDGE_CURVE ( 'NONE', #5537, #609, #4478, .T. ) ;
#4812 = LINE ( 'NONE', #2577, #367 ) ;
#4813 = LINE ( 'NONE', #3697, #7141 ) ;
#4814 = DIRECTION ( 'NONE',  ( -1.000000000000000000, -0.000000000000000000, 0.000000000000000000 ) ) ;
#4815 = VECTOR ( 'NONE', #4276, 1000.000000000000000 ) ;
#4816 = CARTESIAN_POINT ( 'NONE',  ( 2.000000000000001776, 1.000000000000000000, 2.000000000000000000 ) ) ;
#4817 = ORIENTED_EDGE ( 'NONE', *, *, #1421, .T. ) ;
#4818 = ADVANCED_FACE ( 'NONE', ( #5553 ), #6675, .T. ) ;
#4819 = EDGE_CURVE ( 'NONE', #3402, #5055, #456, .T. ) ;
#4820 = ORIENTED_EDGE ( 'NONE', *, *, #7341, .T. ) ;
#4821 = DIRECTION ( 'NONE',  ( 0.000000000000000000, -1.000000000000000000, 0.000000000000000000 ) ) ;
#4822 = ORIENTED_EDGE ( 'NONE', *, *, #6967, .F. ) ;
#4823 = DIRECTION ( 'NONE',  ( -1.000000000000000000, -0.000000000000000000, 0.000000000000000000 ) ) ;
#4824 = FACE_OUTER_BOUND ( 'NONE', #4989, .T. ) ;
#4825 = VECTOR ( 'NONE', #3041, 1000.000000000000000 ) ;
#4826 = DIRECTION ( 'NONE',  ( -0.000000000000000000, 1.000000000000000000, 0.000000000000000000 ) ) ;
#4827 = EDGE_CURVE ( 'NONE', #2758, #4875, #1651, .T. ) ;
#4828 = EDGE_CURVE ( 'NONE', #6545, #6339, #3921, .T. ) ;
#4829 = ADVANCED_FACE ( 'NONE', ( #6149 ), #5587, .T. ) ;
#4830 = VECTOR ( 'NONE', #1581, 1000.000000000000000 ) ;
#4831 = ORIENTED_EDGE ( 'NONE', *, *, #3189, .F. ) ;
#4832 = PLANE ( 'NONE',  #291 ) ;
#4833 = ORIENTED_EDGE ( 'NONE', *, *, #5322, .T. ) ;
#4834 = ORIENTED_EDGE ( 'NONE', *, *, #865, .F. ) ;
#4835 = LINE ( 'NONE', #5905, #790 ) ;
#4836 = CARTESIAN_POINT ( 'NONE',  ( 95.50000000000000000, 1.999999999999999556, 2.000000000000000000 ) ) ;
#4837 = DIRECTION ( 'NONE',  ( -0.000000000000000000, 1.000000000000000000, 0.000000000000000000 ) ) ;
#4838 = VECTOR ( 'NONE', #5118, 1000.000000000000000 ) ;
#4839 = DIRECTION ( 'NONE',  ( -1.000000000000000000, -0.000000000000000000, 0.000000000000000000 ) ) ;
#4840 = VERTEX_POINT ( 'NONE', #571 ) ;
#4841 = EDGE_CURVE ( 'NONE', #508, #2797, #2428, .T. ) ;
#4842 = ORIENTED_EDGE ( 'NONE', *, *, #3958, .T. ) ;
#4843 = VERTEX_POINT ( 'NONE', #5733 ) ;
#4844 = VECTOR ( 'NONE', #5882, 1000.000000000000000 ) ;
#4845 = DIRECTION ( 'NONE',  ( 0.000000000000000000, -0.000000000000000000, 1.000000000000000000 ) ) ;
#4846 = DIRECTION ( 'NONE',  ( 0.000000000000000000, 0.000000000000000000, 1.000000000000000000 ) ) ;
#4847 = LINE ( 'NONE', #4733, #6884 ) ;
#4848 = CARTESIAN_POINT ( 'NONE',  ( 50.00000000000000000, 98.00000000000000000, 93.00000000000000000 ) ) ;
#4849 = CARTESIAN_POINT ( 'NONE',  ( 1.999999999999999556, 93.00000000000000000, 7.000000000000000000 ) ) ;
#4850 = DIRECTION ( 'NONE',  ( -0.000000000000000000, 1.000000000000000000, 0.000000000000000000 ) ) ;
#4851 = DIRECTION ( 'NONE',  ( 0.000000000000000000, 0.000000000000000000, 1.000000000000000000 ) ) ;
#4852 = VECTOR ( 'NONE', #4160, 1000.000000000000000 ) ;
#4853 = CARTESIAN_POINT ( 'NONE',  ( 7.000000000000006217, 1.999999999999999556, 2.000000000000000000 ) ) ;
#4854 = VERTEX_POINT ( 'NONE', #2953 ) ;
#4855 = APPROVAL_STATUS ( 'not_yet_approved' ) ;
#4856 = VECTOR ( 'NONE', #4026, 1000.000000000000000 ) ;
#4857 = ORIENTED_EDGE ( 'NONE', *, *, #3145, .T. ) ;
#4858 = DIRECTION ( 'NONE',  ( 0.000000000000000000, 0.000000000000000000, 1.000000000000000000 ) ) ;
#4859 = CARTESIAN_POINT ( 'NONE',  ( 50.00000000000000000, 1.000000000000000000, 2.000000000000000000 ) ) ;
#4860 = VERTEX_POINT ( 'NONE', #2354 ) ;
#4861 = DIRECTION ( 'NONE',  ( 0.000000000000000000, 0.000000000000000000, 1.000000000000000000 ) ) ;
#4862 = CARTESIAN_POINT ( 'NONE',  ( 90.00000000000000000, 84.99999999999998579, 39.00000000000000000 ) ) ;
#4863 = ORIENTED_EDGE ( 'NONE', *, *, #2273, .F. ) ;
#4864 = CARTESIAN_POINT ( 'NONE',  ( 50.00000000000000000, 5.000000000000004441, 39.00000000000000000 ) ) ;
#4865 = ORIENTED_EDGE ( 'NONE', *, *, #6039, .T. ) ;
#4866 = DIRECTION ( 'NONE',  ( 0.000000000000000000, -0.000000000000000000, 1.000000000000000000 ) ) ;
#4867 = VERTEX_POINT ( 'NONE', #4626 ) ;
#4868 = PLANE ( 'NONE',  #2940 ) ;
#4869 = DIRECTION ( 'NONE',  ( -0.000000000000000000, 1.000000000000000000, 0.000000000000000000 ) ) ;
#4870 = EDGE_CURVE ( 'NONE', #3945, #4453, #6258, .T. ) ;
#4871 = EDGE_CURVE ( 'NONE', #3157, #5652, #2879, .T. ) ;
#4872 = LINE ( 'NONE', #3755, #3709 ) ;
#4873 = CARTESIAN_POINT ( 'NONE',  ( 50.00000000000000000, 1.999999999999999556, 2.000000000000000000 ) ) ;
#4874 = EDGE_LOOP ( 'NONE', ( #72, #3014, #6582, #4539 ) ) ;
#4875 = VERTEX_POINT ( 'NONE', #4550 ) ;
#4876 = VERTEX_POINT ( 'NONE', #6366 ) ;
#4877 = VERTEX_POINT ( 'NONE', #3435 ) ;
#4878 = DIRECTION ( 'NONE',  ( -0.000000000000000000, 0.000000000000000000, -1.000000000000000000 ) ) ;
#4879 = CARTESIAN_POINT ( 'NONE',  ( 50.00000000000000000, 100.0000000000000000, 98.00000000000000000 ) ) ;
#4880 = DIRECTION ( 'NONE',  ( -1.000000000000000000, -0.000000000000000000, 0.000000000000000000 ) ) ;
#4881 = EDGE_CURVE ( 'NONE', #4262, #2557, #6401, .T. ) ;
#4882 = EDGE_CURVE ( 'NONE', #5040, #5864, #5219, .T. ) ;
#4883 = AXIS2_PLACEMENT_3D ( 'NONE', #5734, #6330, #2279 ) ;
#4884 = LINE ( 'NONE', #5471, #4287 ) ;
#4885 = ADVANCED_FACE ( 'NONE', ( #6294 ), #1798, .F. ) ;
#4886 = AXIS2_PLACEMENT_3D ( 'NONE', #3965, #5224, #649 ) ;
#4887 = DIRECTION ( 'NONE',  ( -1.000000000000000000, -0.000000000000000000, 0.000000000000000000 ) ) ;
#4888 = VECTOR ( 'NONE', #4101, 1000.000000000000000 ) ;
#4889 = DIRECTION ( 'NONE',  ( 1.000000000000000000, 0.000000000000000000, -0.000000000000000000 ) ) ;
#4890 = CARTESIAN_POINT ( 'NONE',  ( 15.00000000000000178, 12.50000000000000000, 60.00000000000000000 ) ) ;
#4891 = DIRECTION ( 'NONE',  ( -0.000000000000000000, 1.000000000000000000, 0.000000000000000000 ) ) ;
#4892 = FACE_OUTER_BOUND ( 'NONE', #6948, .T. ) ;
#4893 = ORIENTED_EDGE ( 'NONE', *, *, #6, .T. ) ;
#4894 = ORIENTED_EDGE ( 'NONE', *, *, #5772, .T. ) ;
#4895 = LINE ( 'NONE', #3812, #5619 ) ;
#4896 = CARTESIAN_POINT ( 'NONE',  ( 0.000000000000000000, 50.00000000000000000, 98.00000000000000000 ) ) ;
#4897 = VECTOR ( 'NONE', #1261, 1000.000000000000000 ) ;
#4898 = FACE_OUTER_BOUND ( 'NONE', #4153, .T. ) ;
#4899 = DIRECTION ( 'NONE',  ( 0.000000000000000000, 0.000000000000000000, 1.000000000000000000 ) ) ;
#4900 = CARTESIAN_POINT ( 'NONE',  ( 87.50000000000000000, 12.50000000000000000, 98.00000000000000000 ) ) ;
#4901 = VERTEX_POINT ( 'NONE', #606 ) ;
#4902 = CARTESIAN_POINT ( 'NONE',  ( 15.00000000000000178, 12.50000000000000000, 2.000000000000000000 ) ) ;
#4903 = ORIENTED_EDGE ( 'NONE', *, *, #628, .F. ) ;
#4904 = DIRECTION ( 'NONE',  ( 0.000000000000000000, -0.000000000000000000, 1.000000000000000000 ) ) ;
#4905 = ORIENTED_EDGE ( 'NONE', *, *, #1785, .F. ) ;
#4906 = EDGE_CURVE ( 'NONE', #7067, #2293, #2392, .T. ) ;
#4907 = DIRECTION ( 'NONE',  ( -0.000000000000000000, 1.000000000000000000, 0.000000000000000000 ) ) ;
#4908 = LINE ( 'NONE', #1481, #5365 ) ;
#4909 = AXIS2_PLACEMENT_3D ( 'NONE', #3378, #6730, #7360 ) ;
#4910 = DIRECTION ( 'NONE',  ( 1.000000000000000000, 0.000000000000000000, -0.000000000000000000 ) ) ;
#4911 = ORIENTED_EDGE ( 'NONE', *, *, #3273, .T. ) ;
#4912 = EDGE_LOOP ( 'NONE', ( #1920, #5555, #2303, #51 ) ) ;
#4913 = ADVANCED_FACE ( 'NONE', ( #712 ), #5700, .T. ) ;
#4914 = EDGE_CURVE ( 'NONE', #6766, #1411, #4663, .T. ) ;
#4915 = ORIENTED_EDGE ( 'NONE', *, *, #3779, .T. ) ;
#4916 = ORIENTED_EDGE ( 'NONE', *, *, #7341, .F. ) ;
#4917 = CARTESIAN_POINT ( 'NONE',  ( 50.00000000000000000, 98.00000000000000000, 2.000000000000000000 ) ) ;
#4918 = LINE ( 'NONE', #4879, #1633 ) ;
#4919 = DIRECTION ( 'NONE',  ( 0.000000000000000000, 0.000000000000000000, 1.000000000000000000 ) ) ;
#4920 = FACE_OUTER_BOUND ( 'NONE', #1390, .T. ) ;
#4921 = VECTOR ( 'NONE', #1612, 1000.000000000000000 ) ;
#4922 = EDGE_CURVE ( 'NONE', #2972, #1894, #6935, .T. ) ;
#4923 = ADVANCED_FACE ( 'NONE', ( #3542 ), #4103, .T. ) ;
#4924 = EDGE_CURVE ( 'NONE', #5278, #2131, #10, .T. ) ;
#4925 = LINE ( 'NONE', #7192, #6956 ) ;
#4926 = DIRECTION ( 'NONE',  ( 1.000000000000000000, 0.000000000000000000, -0.000000000000000000 ) ) ;
#4927 = DIRECTION ( 'NONE',  ( 1.000000000000000000, 0.000000000000000000, -0.000000000000000000 ) ) ;
#4928 = CARTESIAN_POINT ( 'NONE',  ( 93.00000000000000000, 50.00000000000000000, 61.00000000000000000 ) ) ;
#4929 = DIRECTION ( 'NONE',  ( 0.000000000000000000, -1.000000000000000000, 0.000000000000000000 ) ) ;
#4930 = AXIS2_PLACEMENT_3D ( 'NONE', #4745, #64, #1316 ) ;
#4931 = ORIENTED_EDGE ( 'NONE', *, *, #3051, .F. ) ;
#4932 = PERSON_AND_ORGANIZATION ( #7219, #2077 ) ;
#4933 = ORIENTED_EDGE ( 'NONE', *, *, #2096, .T. ) ;
#4934 = PLANE ( 'NONE',  #978 ) ;
#4935 = VECTOR ( 'NONE', #1255, 1000.000000000000000 ) ;
#4936 = DIRECTION ( 'NONE',  ( 0.000000000000000000, -1.000000000000000000, 0.000000000000000000 ) ) ;
#4937 = LOCAL_TIME ( 22, 0, 20.00000000000000000, #2736 ) ;
#4938 = DIRECTION ( 'NONE',  ( -0.000000000000000000, 1.000000000000000000, 0.000000000000000000 ) ) ;
#4939 = CARTESIAN_POINT ( 'NONE',  ( 93.00000000000000000, 6.999999999999999112, 2.000000000000000000 ) ) ;
#4940 = DIRECTION ( 'NONE',  ( 0.000000000000000000, 0.000000000000000000, 1.000000000000000000 ) ) ;
#4941 = VERTEX_POINT ( 'NONE', #1728 ) ;
#4942 = DIRECTION ( 'NONE',  ( 0.000000000000000000, -1.000000000000000000, 0.000000000000000000 ) ) ;
#4943 = ORIENTED_EDGE ( 'NONE', *, *, #3061, .T. ) ;
#4944 = PLANE ( 'NONE',  #6715 ) ;
#4945 = VERTEX_POINT ( 'NONE', #4588 ) ;
#4946 = CARTESIAN_POINT ( 'NONE',  ( 15.00000000000000178, 84.99999999999998579, 36.00000000000000000 ) ) ;
#4947 = CARTESIAN_POINT ( 'NONE',  ( 1.999999999999999556, 98.00000000000000000, 2.000000000000000000 ) ) ;
#4948 = CARTESIAN_POINT ( 'NONE',  ( 93.00000000000000000, 95.50000000000000000, 7.000000000000000000 ) ) ;
#4949 = AXIS2_PLACEMENT_3D ( 'NONE', #1510, #3332, #393 ) ;
#4950 = VERTEX_POINT ( 'NONE', #4067 ) ;
#4951 = ORIENTED_EDGE ( 'NONE', *, *, #4776, .T. ) ;
#4952 = ORIENTED_EDGE ( 'NONE', *, *, #2133, .T. ) ;
#4953 = DIRECTION ( 'NONE',  ( -1.000000000000000000, -0.000000000000000000, 0.000000000000000000 ) ) ;
#4954 = CARTESIAN_POINT ( 'NONE',  ( 20.00000000000000355, 50.00000000000000000, 39.00000000000000000 ) ) ;
#4955 = DIRECTION ( 'NONE',  ( 0.000000000000000000, 0.000000000000000000, 1.000000000000000000 ) ) ;
#4956 = AXIS2_PLACEMENT_3D ( 'NONE', #1911, #5225, #4114 ) ;
#4957 = DIRECTION ( 'NONE',  ( 1.000000000000000000, 0.000000000000000000, 0.000000000000000000 ) ) ;
#4958 = ADVANCED_FACE ( 'NONE', ( #2278 ), #5255, .T. ) ;
#4959 = VECTOR ( 'NONE', #5768, 1000.000000000000000 ) ;
#4960 = CARTESIAN_POINT ( 'NONE',  ( 90.00000000000000000, 50.00000000000000000, 37.00000000000000000 ) ) ;
#4961 = CARTESIAN_POINT ( 'NONE',  ( 15.00000000000000178, 87.50000000000000000, 60.00000000000000000 ) ) ;
#4962 = CARTESIAN_POINT ( 'NONE',  ( 7.000000000000006217, 6.999999999999999112, 98.00000000000000000 ) ) ;
#4963 = CARTESIAN_POINT ( 'NONE',  ( 50.00000000000000000, 0.000000000000000000, 0.000000000000000000 ) ) ;
#4964 = CARTESIAN_POINT ( 'NONE',  ( 50.00000000000000000, 6.999999999999999112, 93.00000000000000000 ) ) ;
#4965 = ADVANCED_FACE ( 'NONE', ( #4701 ), #6971, .F. ) ;
#4966 = EDGE_CURVE ( 'NONE', #6609, #2433, #3578, .T. ) ;
#4967 = EDGE_CURVE ( 'NONE', #5539, #2972, #7117, .T. ) ;
#4968 = VERTEX_POINT ( 'NONE', #5989 ) ;
#4969 = CALENDAR_DATE ( 2026, 6, 10 ) ;
#4970 = ORIENTED_EDGE ( 'NONE', *, *, #3562, .T. ) ;
#4971 = VECTOR ( 'NONE', #2754, 1000.000000000000000 ) ;
#4972 = DIRECTION ( 'NONE',  ( -1.000000000000000000, -0.000000000000000000, 0.000000000000000000 ) ) ;
#4973 = CARTESIAN_POINT ( 'NONE',  ( 0.000000000000000000, 100.0000000000000000, 0.000000000000000000 ) ) ;
#4974 = ORIENTED_EDGE ( 'NONE', *, *, #7109, .F. ) ;
#4975 = CARTESIAN_POINT ( 'NONE',  ( 93.00000000000000000, 95.00000000000000000, 78.00000000000000000 ) ) ;
#4976 = LINE ( 'NONE', #6122, #4141 ) ;
#4977 = EDGE_CURVE ( 'NONE', #3164, #4580, #341, .T. ) ;
#4978 = ADVANCED_FACE ( 'NONE', ( #2537 ), #7081, .T. ) ;
#4979 = EDGE_LOOP ( 'NONE', ( #1873, #1236, #4905, #2319, #6567, #5716, #84, #1040, #6539, #2206, #2512, #6768 ) ) ;
#4980 = VECTOR ( 'NONE', #1862, 1000.000000000000000 ) ;
#4981 = FACE_OUTER_BOUND ( 'NONE', #6291, .T. ) ;
#4982 = VERTEX_POINT ( 'NONE', #6028 ) ;
#4983 = CARTESIAN_POINT ( 'NONE',  ( 100.0000000000000000, 0.000000000000000000, 100.0000000000000000 ) ) ;
#4984 = ORIENTED_EDGE ( 'NONE', *, *, #6200, .F. ) ;
#4985 = CARTESIAN_POINT ( 'NONE',  ( 2.000000000000000000, 50.00000000000000000, 2.000000000000000000 ) ) ;
#4986 = DIRECTION ( 'NONE',  ( 0.000000000000000000, 0.000000000000000000, 1.000000000000000000 ) ) ;
#4987 = DIRECTION ( 'NONE',  ( 0.000000000000000000, -1.000000000000000000, -0.000000000000000000 ) ) ;
#4988 = VERTEX_POINT ( 'NONE', #4286 ) ;
#4989 = EDGE_LOOP ( 'NONE', ( #2707, #5063, #7349, #2140 ) ) ;
#4990 = VERTEX_POINT ( 'NONE', #1342 ) ;
#4991 = LINE ( 'NONE', #6026, #6914 ) ;
#4992 = FACE_OUTER_BOUND ( 'NONE', #4307, .T. ) ;
#4993 = CARTESIAN_POINT ( 'NONE',  ( 95.00000000000000000, 93.00000000000000000, 20.00000000000000000 ) ) ;
#4994 = LINE ( 'NONE', #6669, #2503 ) ;
#4995 = FACE_OUTER_BOUND ( 'NONE', #2182, .T. ) ;
#4996 = FACE_OUTER_BOUND ( 'NONE', #6503, .T. ) ;
#4997 = LINE ( 'NONE', #7268, #4210 ) ;
#4998 = CARTESIAN_POINT ( 'NONE',  ( 95.50000000000000000, 6.999999999999999112, 2.000000000000000000 ) ) ;
#4999 = DIRECTION ( 'NONE',  ( -0.000000000000000000, 1.000000000000000000, 0.000000000000000000 ) ) ;
#5000 = ORIENTED_EDGE ( 'NONE', *, *, #6242, .F. ) ;
#5001 = DATE_AND_TIME ( #4969, #3269 ) ;
#5002 = VECTOR ( 'NONE', #5698, 1000.000000000000000 ) ;
#5003 = EDGE_LOOP ( 'NONE', ( #2480, #5758, #1576, #618 ) ) ;
#5004 = CARTESIAN_POINT ( 'NONE',  ( 87.50000000000000000, 84.99999999999998579, 2.000000000000000000 ) ) ;
#5005 = ADVANCED_FACE ( 'NONE', ( #4769 ), #302, .T. ) ;
#5006 = CARTESIAN_POINT ( 'NONE',  ( 10.00000000000000000, 10.00000000000000000, 61.00000000000000000 ) ) ;
#5007 = ADVANCED_FACE ( 'NONE', ( #5292 ), #7005, .T. ) ;
#5008 = FACE_OUTER_BOUND ( 'NONE', #7357, .T. ) ;
#5009 = LINE ( 'NONE', #3516, #3171 ) ;
#5010 = DIRECTION ( 'NONE',  ( -1.000000000000000000, -0.000000000000000000, 0.000000000000000000 ) ) ;
#5011 = CARTESIAN_POINT ( 'NONE',  ( 6.999999999999999112, 50.00000000000000000, 39.00000000000000000 ) ) ;
#5012 = VECTOR ( 'NONE', #4618, 1000.000000000000000 ) ;
#5013 = VERTEX_POINT ( 'NONE', #7043 ) ;
#5014 = FACE_OUTER_BOUND ( 'NONE', #2519, .T. ) ;
#5015 = VERTEX_POINT ( 'NONE', #4806 ) ;
#5016 = EDGE_CURVE ( 'NONE', #1286, #3677, #4175, .T. ) ;
#5017 = CARTESIAN_POINT ( 'NONE',  ( 15.00000000000000178, 15.00000000000000178, 77.00000000000000000 ) ) ;
#5018 = EDGE_CURVE ( 'NONE', #1077, #3200, #1942, .T. ) ;
#5019 = EDGE_CURVE ( 'NONE', #4750, #5279, #3129, .T. ) ;
#5020 = ORIENTED_EDGE ( 'NONE', *, *, #2088, .F. ) ;
#5021 = FACE_OUTER_BOUND ( 'NONE', #2885, .T. ) ;
#5022 = VECTOR ( 'NONE', #4986, 1000.000000000000000 ) ;
#5023 = CARTESIAN_POINT ( 'NONE',  ( 6.999999999999999112, 5.000000000000004441, 78.00000000000000000 ) ) ;
#5024 = CARTESIAN_POINT ( 'NONE',  ( 1.999999999999999556, 7.000000000000006217, 98.00000000000000000 ) ) ;
#5025 = ORIENTED_EDGE ( 'NONE', *, *, #7339, .T. ) ;
#5026 = ORIENTED_EDGE ( 'NONE', *, *, #2745, .T. ) ;
#5027 = ORIENTED_EDGE ( 'NONE', *, *, #2783, .F. ) ;
#5028 = DIRECTION ( 'NONE',  ( 0.000000000000000000, -1.000000000000000000, 0.000000000000000000 ) ) ;
#5029 = CARTESIAN_POINT ( 'NONE',  ( 93.00000000000000000, 93.00000000000000000, 2.000000000000000000 ) ) ;
#5030 = FACE_OUTER_BOUND ( 'NONE', #6411, .T. ) ;
#5031 = VECTOR ( 'NONE', #1060, 1000.000000000000000 ) ;
#5032 = DIRECTION ( 'NONE',  ( 0.000000000000000000, 1.000000000000000000, 0.000000000000000000 ) ) ;
#5033 = VECTOR ( 'NONE', #241, 1000.000000000000000 ) ;
#5034 = CARTESIAN_POINT ( 'NONE',  ( 90.00000000000000000, 90.00000000000000000, 37.00000000000000000 ) ) ;
#5035 = FACE_OUTER_BOUND ( 'NONE', #3201, .T. ) ;
#5036 = DIRECTION ( 'NONE',  ( 0.000000000000000000, -1.000000000000000000, -0.000000000000000000 ) ) ;
#5037 = LINE ( 'NONE', #1534, #6261 ) ;
#5038 = CARTESIAN_POINT ( 'NONE',  ( 10.00000000000000000, 10.00000000000000000, 22.00000000000000000 ) ) ;
#5039 = ORIENTED_EDGE ( 'NONE', *, *, #736, .T. ) ;
#5040 = VERTEX_POINT ( 'NONE', #193 ) ;
#5041 = ORIENTED_EDGE ( 'NONE', *, *, #5494, .F. ) ;
#5042 = LINE ( 'NONE', #1697, #1339 ) ;
#5043 = EDGE_LOOP ( 'NONE', ( #2246, #6002, #145, #741 ) ) ;
#5044 = DIRECTION ( 'NONE',  ( 0.000000000000000000, 0.000000000000000000, -1.000000000000000000 ) ) ;
#5045 = VECTOR ( 'NONE', #4754, 1000.000000000000000 ) ;
#5046 = CARTESIAN_POINT ( 'NONE',  ( 50.00000000000000000, 15.00000000000000000, 61.00000000000000000 ) ) ;
#5047 = LINE ( 'NONE', #505, #55 ) ;
#5048 = EDGE_LOOP ( 'NONE', ( #2965, #4517, #2264, #3811 ) ) ;
#5049 = DIRECTION ( 'NONE',  ( 0.000000000000000000, 1.000000000000000000, 0.000000000000000000 ) ) ;
#5050 = EDGE_CURVE ( 'NONE', #4245, #4158, #6590, .T. ) ;
#5051 = VECTOR ( 'NONE', #1702, 1000.000000000000000 ) ;
#5052 = VECTOR ( 'NONE', #5300, 1000.000000000000000 ) ;
#5053 = ORIENTED_EDGE ( 'NONE', *, *, #7047, .F. ) ;
#5054 = DIRECTION ( 'NONE',  ( -0.000000000000000000, 1.000000000000000000, 0.000000000000000000 ) ) ;
#5055 = VERTEX_POINT ( 'NONE', #2465 ) ;
#5056 = CARTESIAN_POINT ( 'NONE',  ( 93.00000000000000000, 50.00000000000000000, 63.00000000000000000 ) ) ;
#5057 = VECTOR ( 'NONE', #5981, 1000.000000000000000 ) ;
#5058 = FACE_OUTER_BOUND ( 'NONE', #1023, .T. ) ;
#5059 = DIRECTION ( 'NONE',  ( 0.000000000000000000, 0.000000000000000000, 1.000000000000000000 ) ) ;
#5060 = EDGE_CURVE ( 'NONE', #5454, #1615, #3725, .T. ) ;
#5061 = EDGE_CURVE ( 'NONE', #2847, #5578, #4847, .T. ) ;
#5062 = EDGE_CURVE ( 'NONE', #5572, #6565, #5434, .T. ) ;
#5063 = ORIENTED_EDGE ( 'NONE', *, *, #6878, .T. ) ;
#5064 = VERTEX_POINT ( 'NONE', #2611 ) ;
#5065 = ORIENTED_EDGE ( 'NONE', *, *, #5360, .T. ) ;
#5066 = DIRECTION ( 'NONE',  ( 0.000000000000000000, 0.000000000000000000, 1.000000000000000000 ) ) ;
#5067 = PLANE ( 'NONE',  #1751 ) ;
#5068 = LINE ( 'NONE', #969, #6163 ) ;
#5069 = CARTESIAN_POINT ( 'NONE',  ( 80.00000000000000000, 50.00000000000000000, 39.00000000000000000 ) ) ;
#5070 = EDGE_CURVE ( 'NONE', #5947, #1590, #5327, .T. ) ;
#5071 = VECTOR ( 'NONE', #4861, 1000.000000000000000 ) ;
#5072 = ORIENTED_EDGE ( 'NONE', *, *, #4871, .F. ) ;
#5073 = DIRECTION ( 'NONE',  ( 0.000000000000000000, 1.000000000000000000, 0.000000000000000000 ) ) ;
#5074 = VECTOR ( 'NONE', #2777, 1000.000000000000000 ) ;
#5075 = LINE ( 'NONE', #935, #6670 ) ;
#5076 = PLANE ( 'NONE',  #1948 ) ;
#5077 = CARTESIAN_POINT ( 'NONE',  ( 0.000000000000000000, 50.00000000000000000, 98.00000000000000000 ) ) ;
#5078 = DIRECTION ( 'NONE',  ( 0.000000000000000000, 0.000000000000000000, 1.000000000000000000 ) ) ;
#5079 = ORIENTED_EDGE ( 'NONE', *, *, #3520, .T. ) ;
#5080 = VECTOR ( 'NONE', #1740, 1000.000000000000000 ) ;
#5081 = ORIENTED_EDGE ( 'NONE', *, *, #4292, .F. ) ;
#5082 = ORIENTED_EDGE ( 'NONE', *, *, #817, .F. ) ;
#5083 = CARTESIAN_POINT ( 'NONE',  ( 87.50000000000000000, 15.00000000000000178, 2.000000000000000000 ) ) ;
#5084 = LINE ( 'NONE', #5117, #3879 ) ;
#5085 = DIRECTION ( 'NONE',  ( 1.000000000000000000, 0.000000000000000000, 0.000000000000000000 ) ) ;
#5086 = DIRECTION ( 'NONE',  ( 0.000000000000000000, 0.000000000000000000, 1.000000000000000000 ) ) ;
#5087 = PLANE ( 'NONE',  #2678 ) ;
#5088 = ORIENTED_EDGE ( 'NONE', *, *, #5953, .T. ) ;
#5089 = CARTESIAN_POINT ( 'NONE',  ( 50.00000000000000000, 90.00000000000000000, 22.00000000000000000 ) ) ;
#5090 = ORIENTED_EDGE ( 'NONE', *, *, #825, .F. ) ;
#5091 = CARTESIAN_POINT ( 'NONE',  ( 90.00000000000000000, 10.00000000000000178, 22.00000000000000000 ) ) ;
#5092 = VERTEX_POINT ( 'NONE', #1490 ) ;
#5093 = CARTESIAN_POINT ( 'NONE',  ( 50.00000000000000000, 50.00000000000000000, 37.00000000000000000 ) ) ;
#5094 = VECTOR ( 'NONE', #1972, 1000.000000000000000 ) ;
#5095 = CARTESIAN_POINT ( 'NONE',  ( 98.00000000000000000, 50.00000000000000000, 2.000000000000000000 ) ) ;
#5096 = DIRECTION ( 'NONE',  ( 0.000000000000000000, 0.000000000000000000, 1.000000000000000000 ) ) ;
#5097 = ORIENTED_EDGE ( 'NONE', *, *, #2231, .T. ) ;
#5098 = VERTEX_POINT ( 'NONE', #1378 ) ;
#5099 = ORIENTED_EDGE ( 'NONE', *, *, #1912, .T. ) ;
#5100 = DIRECTION ( 'NONE',  ( -1.000000000000000000, 0.000000000000000000, 0.000000000000000000 ) ) ;
#5101 = EDGE_CURVE ( 'NONE', #543, #2024, #227, .T. ) ;
#5102 = EDGE_CURVE ( 'NONE', #87, #6262, #5919, .T. ) ;
#5103 = CARTESIAN_POINT ( 'NONE',  ( 50.00000000000000000, 50.00000000000000000, 98.00000000000000000 ) ) ;
#5104 = DIRECTION ( 'NONE',  ( 1.000000000000000000, 0.000000000000000000, -0.000000000000000000 ) ) ;
#5105 = ORIENTED_EDGE ( 'NONE', *, *, #1371, .F. ) ;
#5106 = CARTESIAN_POINT ( 'NONE',  ( 84.99999999999998579, 50.00000000000000000, 22.00000000000000000 ) ) ;
#5107 = EDGE_CURVE ( 'NONE', #2072, #1718, #2233, .T. ) ;
#5108 = EDGE_CURVE ( 'NONE', #939, #6651, #7300, .T. ) ;
#5109 = EDGE_CURVE ( 'NONE', #6235, #5643, #7225, .T. ) ;
#5110 = DIRECTION ( 'NONE',  ( -0.000000000000000000, 1.000000000000000000, 0.000000000000000000 ) ) ;
#5111 = FACE_OUTER_BOUND ( 'NONE', #3775, .T. ) ;
#5112 = CARTESIAN_POINT ( 'NONE',  ( 10.00000000000000000, 15.00000000000000178, 98.00000000000000000 ) ) ;
#5113 = ORIENTED_EDGE ( 'NONE', *, *, #2794, .T. ) ;
#5114 = ORIENTED_EDGE ( 'NONE', *, *, #189, .F. ) ;
#5115 = ORIENTED_EDGE ( 'NONE', *, *, #565, .F. ) ;
#5116 = DIRECTION ( 'NONE',  ( 1.000000000000000000, 0.000000000000000000, -0.000000000000000000 ) ) ;
#5117 = CARTESIAN_POINT ( 'NONE',  ( 50.00000000000000000, 15.00000000000000000, 78.00000000000000000 ) ) ;
#5118 = DIRECTION ( 'NONE',  ( 1.000000000000000000, 0.000000000000000000, -0.000000000000000000 ) ) ;
#5119 = LINE ( 'NONE', #94, #5642 ) ;
#5120 = DIRECTION ( 'NONE',  ( -1.000000000000000000, -0.000000000000000000, 0.000000000000000000 ) ) ;
#5121 = AXIS2_PLACEMENT_3D ( 'NONE', #2159, #3206, #415 ) ;
#5122 = ORIENTED_EDGE ( 'NONE', *, *, #229, .T. ) ;
#5123 = CARTESIAN_POINT ( 'NONE',  ( 10.00000000000000000, 84.99999999999998579, 61.00000000000000000 ) ) ;
#5124 = ORIENTED_EDGE ( 'NONE', *, *, #960, .T. ) ;
#5125 = CARTESIAN_POINT ( 'NONE',  ( 98.00000000000000000, 1.999999999999999556, 2.000000000000000000 ) ) ;
#5126 = ORIENTED_EDGE ( 'NONE', *, *, #6647, .F. ) ;
#5127 = AXIS2_PLACEMENT_3D ( 'NONE', #156, #6969, #1160 ) ;
#5128 = CARTESIAN_POINT ( 'NONE',  ( 50.00000000000000000, 0.000000000000000000, 2.000000000000000000 ) ) ;
#5129 = CARTESIAN_POINT ( 'NONE',  ( 15.00000000000000178, 90.00000000000000000, 22.00000000000000000 ) ) ;
#5130 = PLANE ( 'NONE',  #5523 ) ;
#5131 = ORIENTED_EDGE ( 'NONE', *, *, #4728, .T. ) ;
#5132 = EDGE_CURVE ( 'NONE', #3415, #179, #6064, .T. ) ;
#5133 = ORIENTED_EDGE ( 'NONE', *, *, #5609, .T. ) ;
#5134 = EDGE_LOOP ( 'NONE', ( #1667, #1445, #2209, #6583 ) ) ;
#5135 = CARTESIAN_POINT ( 'NONE',  ( 50.00000000000000000, 6.999999999999999112, 22.00000000000000000 ) ) ;
#5136 = VECTOR ( 'NONE', #5496, 1000.000000000000000 ) ;
#5137 = PLANE ( 'NONE',  #2706 ) ;
#5138 = CARTESIAN_POINT ( 'NONE',  ( 0.000000000000000000, 100.0000000000000000, 98.00000000000000000 ) ) ;
#5139 = EDGE_CURVE ( 'NONE', #1718, #87, #6176, .T. ) ;
#5140 = EDGE_CURVE ( 'NONE', #1399, #5864, #4467, .T. ) ;
#5141 = EDGE_CURVE ( 'NONE', #6526, #236, #1641, .T. ) ;
#5142 = VERTEX_POINT ( 'NONE', #6214 ) ;
#5143 = VECTOR ( 'NONE', #6949, 1000.000000000000000 ) ;
#5144 = CARTESIAN_POINT ( 'NONE',  ( 84.99999999999998579, 10.00000000000000000, 63.00000000000000000 ) ) ;
#5145 = LINE ( 'NONE', #4549, #2665 ) ;
#5146 = CARTESIAN_POINT ( 'NONE',  ( 10.00000000000000178, 50.00000000000000000, 61.00000000000000000 ) ) ;
#5147 = DIRECTION ( 'NONE',  ( 1.000000000000000000, 0.000000000000000000, 0.000000000000000000 ) ) ;
#5148 = ORIENTED_EDGE ( 'NONE', *, *, #1320, .F. ) ;
#5149 = VECTOR ( 'NONE', #2815, 1000.000000000000000 ) ;
#5150 = EDGE_CURVE ( 'NONE', #3795, #7271, #3205, .T. ) ;
#5151 = EDGE_CURVE ( 'NONE', #7271, #5946, #6667, .T. ) ;
#5152 = EDGE_CURVE ( 'NONE', #2485, #497, #5068, .T. ) ;
#5153 = VERTEX_POINT ( 'NONE', #5581 ) ;
#5154 = ORIENTED_EDGE ( 'NONE', *, *, #6050, .F. ) ;
#5155 = DIRECTION ( 'NONE',  ( -0.000000000000000000, 0.000000000000000000, -1.000000000000000000 ) ) ;
#5156 = DIRECTION ( 'NONE',  ( 1.000000000000000000, 0.000000000000000000, -0.000000000000000000 ) ) ;
#5157 = CARTESIAN_POINT ( 'NONE',  ( 84.99999999999998579, 84.99999999999998579, 78.00000000000000000 ) ) ;
#5158 = DIRECTION ( 'NONE',  ( 1.000000000000000000, 0.000000000000000000, -0.000000000000000000 ) ) ;
#5159 = CARTESIAN_POINT ( 'NONE',  ( 7.000000000000000000, 5.000000000000000000, 36.00000000000000000 ) ) ;
#5160 = VERTEX_POINT ( 'NONE', #373 ) ;
#5161 = FACE_OUTER_BOUND ( 'NONE', #3834, .T. ) ;
#5162 = VECTOR ( 'NONE', #2314, 1000.000000000000000 ) ;
#5163 = ORIENTED_EDGE ( 'NONE', *, *, #2467, .T. ) ;
#5164 = DIRECTION ( 'NONE',  ( 1.000000000000000000, 0.000000000000000000, 0.000000000000000000 ) ) ;
#5165 = VERTEX_POINT ( 'NONE', #486 ) ;
#5166 = DIRECTION ( 'NONE',  ( 0.000000000000000000, -1.000000000000000000, 0.000000000000000000 ) ) ;
#5167 = DIRECTION ( 'NONE',  ( 1.000000000000000000, 0.000000000000000000, -0.000000000000000000 ) ) ;
#5168 = VECTOR ( 'NONE', #6197, 1000.000000000000000 ) ;
#5169 = VECTOR ( 'NONE', #6767, 1000.000000000000000 ) ;
#5170 = VECTOR ( 'NONE', #3885, 1000.000000000000000 ) ;
#5171 = ORIENTED_EDGE ( 'NONE', *, *, #1151, .T. ) ;
#5172 = ORIENTED_EDGE ( 'NONE', *, *, #7097, .F. ) ;
#5173 = EDGE_LOOP ( 'NONE', ( #2787, #1317, #3786, #5857, #1154, #3674, #1041, #3439, #5520, #7180, #6210, #4347 ) ) ;
#5175 = LINE ( 'NONE', #2345, #610 ) ;
#5174 = AXIS2_PLACEMENT_3D ( 'NONE', #880, #7174, #807 ) ;
#5176 = FACE_OUTER_BOUND ( 'NONE', #4874, .T. ) ;
#5177 = DIRECTION ( 'NONE',  ( 0.000000000000000000, 0.000000000000000000, 1.000000000000000000 ) ) ;
#5178 = ORIENTED_EDGE ( 'NONE', *, *, #470, .F. ) ;
#5179 = LINE ( 'NONE', #1796, #1315 ) ;
#5180 = CARTESIAN_POINT ( 'NONE',  ( 6.999999999999999112, 98.00000000000000000, 98.00000000000000000 ) ) ;
#5181 = DIRECTION ( 'NONE',  ( 0.000000000000000000, 1.000000000000000000, 0.000000000000000000 ) ) ;
#5182 = CARTESIAN_POINT ( 'NONE',  ( 50.00000000000000000, 95.00000000000000000, 39.00000000000000000 ) ) ;
#5183 = ORIENTED_EDGE ( 'NONE', *, *, #3063, .T. ) ;
#5184 = CLOSED_SHELL ( 'NONE', ( #6450, #3097, #1373, #6185, #7149, #7282 ) ) ;
#5185 = ORIENTED_EDGE ( 'NONE', *, *, #2840, .F. ) ;
#5186 = ORIENTED_EDGE ( 'NONE', *, *, #6612, .T. ) ;
#5187 = CARTESIAN_POINT ( 'NONE',  ( 1.999999999999999556, 7.000000000000006217, 2.000000000000000000 ) ) ;
#5188 = CARTESIAN_POINT ( 'NONE',  ( 95.50000000000000000, 95.50000000000000000, 98.00000000000000000 ) ) ;
#5189 = CARTESIAN_POINT ( 'NONE',  ( 95.50000000000000000, 7.000000000000006217, 93.00000000000000000 ) ) ;
#5190 = ADVANCED_FACE ( 'NONE', ( #3279 ), #1081, .F. ) ;
#5191 = EDGE_CURVE ( 'NONE', #6247, #5938, #2763, .T. ) ;
#5192 = DIRECTION ( 'NONE',  ( 0.000000000000000000, 0.000000000000000000, 1.000000000000000000 ) ) ;
#5193 = VECTOR ( 'NONE', #5348, 1000.000000000000000 ) ;
#5194 = ORIENTED_EDGE ( 'NONE', *, *, #6272, .F. ) ;
#5195 = FACE_OUTER_BOUND ( 'NONE', #7032, .T. ) ;
#5196 = VECTOR ( 'NONE', #1764, 1000.000000000000000 ) ;
#5197 = ORIENTED_EDGE ( 'NONE', *, *, #6926, .F. ) ;
#5198 = CARTESIAN_POINT ( 'NONE',  ( 6.999999999999999112, 50.00000000000000000, 20.00000000000000000 ) ) ;
#5199 = VERTEX_POINT ( 'NONE', #4431 ) ;
#5200 = ADVANCED_FACE ( 'NONE', ( #5030 ), #523, .F. ) ;
#5201 = EDGE_CURVE ( 'NONE', #636, #3082, #7187, .T. ) ;
#5202 = DIRECTION ( 'NONE',  ( 1.000000000000000000, 0.000000000000000000, 0.000000000000000000 ) ) ;
#5203 = LINE ( 'NONE', #1213, #1643 ) ;
#5204 = CARTESIAN_POINT ( 'NONE',  ( 84.99999999999998579, 87.50000000000000000, 98.00000000000000000 ) ) ;
#5205 = ORIENTED_EDGE ( 'NONE', *, *, #61, .F. ) ;
#5206 = DIRECTION ( 'NONE',  ( 1.000000000000000000, 0.000000000000000000, -0.000000000000000000 ) ) ;
#5207 = CLOSED_SHELL ( 'NONE', ( #5558, #2146, #1187, #4367, #909, #2509 ) ) ;
#5208 = VERTEX_POINT ( 'NONE', #2802 ) ;
#5209 = ORIENTED_EDGE ( 'NONE', *, *, #5230, .F. ) ;
#5210 = VECTOR ( 'NONE', #1407, 1000.000000000000000 ) ;
#5211 = CARTESIAN_POINT ( 'NONE',  ( 50.00000000000000000, 95.00000000000000000, 61.00000000000000000 ) ) ;
#5212 = DIRECTION ( 'NONE',  ( -1.000000000000000000, 0.000000000000000000, 0.000000000000000000 ) ) ;
#5213 = CARTESIAN_POINT ( 'NONE',  ( 50.00000000000000000, 90.00000000000000000, 22.00000000000000000 ) ) ;
#5214 = ORIENTED_EDGE ( 'NONE', *, *, #1308, .F. ) ;
#5215 = VECTOR ( 'NONE', #3656, 1000.000000000000000 ) ;
#5216 = VERTEX_POINT ( 'NONE', #6780 ) ;
#5217 = PLANE ( 'NONE',  #6546 ) ;
#5218 = DIRECTION ( 'NONE',  ( -0.000000000000000000, 1.000000000000000000, 0.000000000000000000 ) ) ;
#5219 = LINE ( 'NONE', #1162, #1507 ) ;
#5220 = DIRECTION ( 'NONE',  ( -1.000000000000000000, -0.000000000000000000, 0.000000000000000000 ) ) ;
#5221 = VERTEX_POINT ( 'NONE', #3238 ) ;
#5222 = ORIENTED_EDGE ( 'NONE', *, *, #5781, .T. ) ;
#5223 = DIRECTION ( 'NONE',  ( 0.000000000000000000, 0.000000000000000000, 1.000000000000000000 ) ) ;
#5224 = DIRECTION ( 'NONE',  ( -0.000000000000000000, 0.000000000000000000, -1.000000000000000000 ) ) ;
#5225 = DIRECTION ( 'NONE',  ( 0.000000000000000000, -1.000000000000000000, 0.000000000000000000 ) ) ;
#5226 = CARTESIAN_POINT ( 'NONE',  ( 50.00000000000000000, 15.00000000000000000, 61.00000000000000000 ) ) ;
#5227 = ORIENTED_EDGE ( 'NONE', *, *, #4098, .T. ) ;
#5228 = LINE ( 'NONE', #1917, #4809 ) ;
#5229 = ADVANCED_FACE ( 'NONE', ( #1681 ), #5507, .T. ) ;
#5230 = EDGE_CURVE ( 'NONE', #408, #5316, #1568, .T. ) ;
#5231 = ORIENTED_EDGE ( 'NONE', *, *, #3145, .F. ) ;
#5232 = CARTESIAN_POINT ( 'NONE',  ( 50.00000000000000000, 90.00000000000000000, 20.00000000000000000 ) ) ;
#5233 = ORIENTED_EDGE ( 'NONE', *, *, #635, .F. ) ;
#5234 = AXIS2_PLACEMENT_3D ( 'NONE', #5846, #3580, #303 ) ;
#5235 = LINE ( 'NONE', #3911, #899 ) ;
#5236 = DIRECTION ( 'NONE',  ( -0.000000000000000000, 1.000000000000000000, 0.000000000000000000 ) ) ;
#5237 = DIRECTION ( 'NONE',  ( -0.000000000000000000, 0.000000000000000000, -1.000000000000000000 ) ) ;
#5238 = VECTOR ( 'NONE', #2435, 1000.000000000000000 ) ;
#5239 = EDGE_CURVE ( 'NONE', #6384, #2933, #450, .T. ) ;
#5240 = EDGE_CURVE ( 'NONE', #714, #534, #3989, .T. ) ;
#5241 = ADVANCED_FACE ( 'NONE', ( #2836 ), #5137, .T. ) ;
#5242 = ORIENTED_EDGE ( 'NONE', *, *, #3831, .T. ) ;
#5243 = VECTOR ( 'NONE', #5290, 1000.000000000000000 ) ;
#5244 = LINE ( 'NONE', #4128, #6348 ) ;
#5245 = ORIENTED_EDGE ( 'NONE', *, *, #6824, .T. ) ;
#5246 = ORIENTED_EDGE ( 'NONE', *, *, #1885, .T. ) ;
#5247 = CARTESIAN_POINT ( 'NONE',  ( 10.00000000000000000, 10.00000000000000000, 36.00000000000000000 ) ) ;
#5248 = LINE ( 'NONE', #5692, #442 ) ;
#5249 = DIRECTION ( 'NONE',  ( 1.000000000000000000, 0.000000000000000000, -0.000000000000000000 ) ) ;
#5250 = AXIS2_PLACEMENT_3D ( 'NONE', #668, #5655, #4025 ) ;
#5251 = EDGE_LOOP ( 'NONE', ( #2248, #4127, #6815, #4817 ) ) ;
#5252 = ORIENTED_EDGE ( 'NONE', *, *, #5107, .F. ) ;
#5253 = DIRECTION ( 'NONE',  ( 0.000000000000000000, -0.000000000000000000, 1.000000000000000000 ) ) ;
#5254 = DIRECTION ( 'NONE',  ( 0.000000000000000000, 0.000000000000000000, 1.000000000000000000 ) ) ;
#5255 = PLANE ( 'NONE',  #1387 ) ;
#5256 = DIRECTION ( 'NONE',  ( -0.000000000000000000, 1.000000000000000000, 0.000000000000000000 ) ) ;
#5257 = ORIENTED_EDGE ( 'NONE', *, *, #5132, .F. ) ;
#5258 = ORIENTED_EDGE ( 'NONE', *, *, #7293, .F. ) ;
#5259 = FACE_OUTER_BOUND ( 'NONE', #2344, .T. ) ;
#5260 = CARTESIAN_POINT ( 'NONE',  ( 84.99999999999998579, 10.00000000000000000, 37.00000000000000000 ) ) ;
#5261 = CARTESIAN_POINT ( 'NONE',  ( 93.00000000000000000, 7.000000000000000000, 63.00000000000000000 ) ) ;
#5262 = CARTESIAN_POINT ( 'NONE',  ( 50.00000000000000000, 93.00000000000000000, 20.00000000000000000 ) ) ;
#5263 = AXIS2_PLACEMENT_3D ( 'NONE', #4082, #4749, #6383 ) ;
#5264 = ORIENTED_EDGE ( 'NONE', *, *, #7158, .T. ) ;
#5265 = CARTESIAN_POINT ( 'NONE',  ( 15.00000000000000000, 50.00000000000000000, 39.00000000000000000 ) ) ;
#5266 = VERTEX_POINT ( 'NONE', #2269 ) ;
#5267 = LINE ( 'NONE', #5232, #5968 ) ;
#5268 = EDGE_LOOP ( 'NONE', ( #3751, #4943, #5214, #4703 ) ) ;
#5269 = CARTESIAN_POINT ( 'NONE',  ( 50.00000000000000000, 10.00000000000000178, 39.00000000000000000 ) ) ;
#5270 = PLANE ( 'NONE',  #927 ) ;
#5271 = EDGE_CURVE ( 'NONE', #5013, #1092, #2307, .T. ) ;
#5272 = ADVANCED_FACE ( 'NONE', ( #5176 ), #75, .T. ) ;
#5273 = ORIENTED_EDGE ( 'NONE', *, *, #60, .T. ) ;
#5274 = LINE ( 'NONE', #5204, #1474 ) ;
#5275 = VECTOR ( 'NONE', #6148, 1000.000000000000000 ) ;
#5276 = VERTEX_POINT ( 'NONE', #4132 ) ;
#5277 = CARTESIAN_POINT ( 'NONE',  ( 1.999999999999999556, 98.00000000000000000, 98.00000000000000000 ) ) ;
#5278 = VERTEX_POINT ( 'NONE', #4652 ) ;
#5279 = VERTEX_POINT ( 'NONE', #6893 ) ;
#5280 = DIRECTION ( 'NONE',  ( 0.000000000000000000, -1.000000000000000000, -0.000000000000000000 ) ) ;
#5281 = PLANE ( 'NONE',  #3186 ) ;
#5282 = EDGE_CURVE ( 'NONE', #5278, #224, #6287, .T. ) ;
#5283 = ADVANCED_FACE ( 'NONE', ( #4544 ), #6817, .T. ) ;
#5284 = VECTOR ( 'NONE', #107, 1000.000000000000000 ) ;
#5285 = FACE_OUTER_BOUND ( 'NONE', #6628, .T. ) ;
#5286 = EDGE_CURVE ( 'NONE', #841, #4080, #2383, .T. ) ;
#5287 = ORIENTED_EDGE ( 'NONE', *, *, #2866, .T. ) ;
#5288 = ORIENTED_EDGE ( 'NONE', *, *, #5693, .F. ) ;
#5289 = VECTOR ( 'NONE', #421, 1000.000000000000000 ) ;
#5290 = DIRECTION ( 'NONE',  ( 0.000000000000000000, -1.000000000000000000, -0.000000000000000000 ) ) ;
#5291 = DIRECTION ( 'NONE',  ( -0.000000000000000000, 0.000000000000000000, -1.000000000000000000 ) ) ;
#5292 = FACE_OUTER_BOUND ( 'NONE', #3431, .T. ) ;
#5293 = EDGE_CURVE ( 'NONE', #3056, #2074, #5248, .T. ) ;
#5294 = ADVANCED_FACE ( 'NONE', ( #669 ), #597, .F. ) ;
#5295 = CARTESIAN_POINT ( 'NONE',  ( 99.00000000000000000, 100.0000000000000000, 98.00000000000000000 ) ) ;
#5296 = ORIENTED_EDGE ( 'NONE', *, *, #6699, .T. ) ;
#5297 = DIRECTION ( 'NONE',  ( -1.000000000000000000, 0.000000000000000000, 0.000000000000000000 ) ) ;
#5298 = CARTESIAN_POINT ( 'NONE',  ( 1.999999999999999556, 50.00000000000000000, 7.000000000000000000 ) ) ;
#5299 = CARTESIAN_POINT ( 'NONE',  ( 50.00000000000000000, 15.00000000000000000, 63.00000000000000000 ) ) ;
#5300 = DIRECTION ( 'NONE',  ( 0.000000000000000000, -1.000000000000000000, -0.000000000000000000 ) ) ;
#5301 = ORIENTED_EDGE ( 'NONE', *, *, #322, .T. ) ;
#5302 = DIRECTION ( 'NONE',  ( -1.000000000000000000, -0.000000000000000000, 0.000000000000000000 ) ) ;
#5303 = AXIS2_PLACEMENT_3D ( 'NONE', #5969, #244, #7130 ) ;
#5304 = ORIENTED_EDGE ( 'NONE', *, *, #2928, .F. ) ;
#5305 = CARTESIAN_POINT ( 'NONE',  ( 50.00000000000000000, 84.99999999999998579, 20.00000000000000000 ) ) ;
#5306 = ORIENTED_EDGE ( 'NONE', *, *, #1748, .T. ) ;
#5307 = AXIS2_PLACEMENT_3D ( 'NONE', #6301, #2998, #3477 ) ;
#5308 = LINE ( 'NONE', #4194, #4825 ) ;
#5309 = LINE ( 'NONE', #245, #4617 ) ;
#5310 = VERTEX_POINT ( 'NONE', #1791 ) ;
#5311 = CARTESIAN_POINT ( 'NONE',  ( 50.00000000000000000, 95.00000000000000000, 61.00000000000000000 ) ) ;
#5312 = AXIS2_PLACEMENT_3D ( 'NONE', #4400, #2093, #1052 ) ;
#5313 = ORIENTED_EDGE ( 'NONE', *, *, #2133, .F. ) ;
#5314 = CARTESIAN_POINT ( 'NONE',  ( 50.00000000000000000, 6.999999999999999112, 63.00000000000000000 ) ) ;
#5315 = VERTEX_POINT ( 'NONE', #2348 ) ;
#5316 = VERTEX_POINT ( 'NONE', #6251 ) ;
#5317 = DIRECTION ( 'NONE',  ( 0.000000000000000000, -1.000000000000000000, 0.000000000000000000 ) ) ;
#5318 = LINE ( 'NONE', #5869, #5094 ) ;
#5319 = LINE ( 'NONE', #7035, #6682 ) ;
#5320 = EDGE_LOOP ( 'NONE', ( #6931, #274, #1197, #5301 ) ) ;
#5321 = ORIENTED_EDGE ( 'NONE', *, *, #1550, .F. ) ;
#5322 = EDGE_CURVE ( 'NONE', #5391, #2868, #6925, .T. ) ;
#5323 = EDGE_CURVE ( 'NONE', #5875, #5040, #1119, .T. ) ;
#5324 = ORIENTED_EDGE ( 'NONE', *, *, #5420, .F. ) ;
#5325 = DIRECTION ( 'NONE',  ( 0.000000000000000000, -1.000000000000000000, 0.000000000000000000 ) ) ;
#5326 = CARTESIAN_POINT ( 'NONE',  ( 93.00000000000000000, 95.00000000000000000, 20.00000000000000000 ) ) ;
#5327 = LINE ( 'NONE', #7153, #6521 ) ;
#5328 = DIRECTION ( 'NONE',  ( 1.000000000000000000, 0.000000000000000000, -0.000000000000000000 ) ) ;
#5329 = AXIS2_PLACEMENT_3D ( 'NONE', #4985, #2183, #957 ) ;
#5330 = EDGE_CURVE ( 'NONE', #5680, #6651, #2870, .T. ) ;
#5331 = EDGE_CURVE ( 'NONE', #5276, #3200, #4688, .T. ) ;
#5332 = ADVANCED_FACE ( 'NONE', ( #6320 ), #114, .F. ) ;
#5333 = PLANE ( 'NONE',  #2504 ) ;
#5334 = CARTESIAN_POINT ( 'NONE',  ( 93.00000000000000000, 95.00000000000000000, 22.00000000000000000 ) ) ;
#5335 = CARTESIAN_POINT ( 'NONE',  ( 93.00000000000000000, 95.50000000000000000, 93.00000000000000000 ) ) ;
#5336 = DIRECTION ( 'NONE',  ( 0.000000000000000000, 0.000000000000000000, 1.000000000000000000 ) ) ;
#5337 = ORIENTED_EDGE ( 'NONE', *, *, #4788, .T. ) ;
#5338 = ORIENTED_EDGE ( 'NONE', *, *, #5070, .T. ) ;
#5339 = PLANE ( 'NONE',  #1935 ) ;
#5340 = ORIENTED_EDGE ( 'NONE', *, *, #7108, .F. ) ;
#5341 = CARTESIAN_POINT ( 'NONE',  ( 84.99999999999998579, 12.50000000000000000, 77.00000000000000000 ) ) ;
#5342 = DIRECTION ( 'NONE',  ( -1.000000000000000000, -0.000000000000000000, 0.000000000000000000 ) ) ;
#5343 = CARTESIAN_POINT ( 'NONE',  ( 93.00000000000000000, 1.999999999999999556, 93.00000000000000000 ) ) ;
#5344 = ORIENTED_EDGE ( 'NONE', *, *, #2510, .T. ) ;
#5345 = DIRECTION ( 'NONE',  ( 0.000000000000000000, -0.000000000000000000, 1.000000000000000000 ) ) ;
#5346 = ORIENTED_EDGE ( 'NONE', *, *, #5557, .F. ) ;
#5347 = ORIENTED_EDGE ( 'NONE', *, *, #1225, .F. ) ;
#5348 = DIRECTION ( 'NONE',  ( 0.000000000000000000, 0.000000000000000000, 1.000000000000000000 ) ) ;
#5349 = DIRECTION ( 'NONE',  ( 0.000000000000000000, 0.000000000000000000, 1.000000000000000000 ) ) ;
#5350 = CARTESIAN_POINT ( 'NONE',  ( 93.00000000000000000, 50.00000000000000000, 98.00000000000000000 ) ) ;
#5351 = ORIENTED_EDGE ( 'NONE', *, *, #6678, .F. ) ;
#5352 = VECTOR ( 'NONE', #3127, 1000.000000000000000 ) ;
#5353 = EDGE_LOOP ( 'NONE', ( #758, #6551, #5841, #4492 ) ) ;
#5354 = ORIENTED_EDGE ( 'NONE', *, *, #322, .F. ) ;
#5355 = LINE ( 'NONE', #300, #2753 ) ;
#5356 = CARTESIAN_POINT ( 'NONE',  ( 95.00000000000000000, 7.000000000000000000, 77.00000000000000000 ) ) ;
#5357 = DIRECTION ( 'NONE',  ( -1.000000000000000000, -0.000000000000000000, 0.000000000000000000 ) ) ;
#5358 = VECTOR ( 'NONE', #4953, 1000.000000000000000 ) ;
#5359 = LINE ( 'NONE', #263, #7023 ) ;
#5360 = EDGE_CURVE ( 'NONE', #1657, #5165, #706, .T. ) ;
#5361 = EDGE_CURVE ( 'NONE', #4037, #4901, #5656, .T. ) ;
#5362 = PLANE ( 'NONE',  #488 ) ;
#5363 = CARTESIAN_POINT ( 'NONE',  ( 50.00000000000000000, 90.00000000000000000, 61.00000000000000000 ) ) ;
#5364 = LINE ( 'NONE', #1459, #316 ) ;
#5365 = VECTOR ( 'NONE', #3793, 1000.000000000000000 ) ;
#5366 = CARTESIAN_POINT ( 'NONE',  ( 6.999999999999999112, 6.999999999999999112, 98.00000000000000000 ) ) ;
#5367 = EDGE_CURVE ( 'NONE', #7333, #1657, #5318, .T. ) ;
#5368 = EDGE_CURVE ( 'NONE', #3272, #4566, #290, .T. ) ;
#5369 = EDGE_CURVE ( 'NONE', #2343, #6629, #6541, .T. ) ;
#5370 = ORIENTED_EDGE ( 'NONE', *, *, #4010, .T. ) ;
#5371 = LINE ( 'NONE', #4780, #1733 ) ;
#5372 = ORIENTED_EDGE ( 'NONE', *, *, #1924, .T. ) ;
#5373 = CARTESIAN_POINT ( 'NONE',  ( 1.000000000000000000, 100.0000000000000000, 98.00000000000000000 ) ) ;
#5374 = EDGE_LOOP ( 'NONE', ( #5122, #3704, #3984, #3305 ) ) ;
#5375 = VECTOR ( 'NONE', #7166, 1000.000000000000000 ) ;
#5376 = CARTESIAN_POINT ( 'NONE',  ( 12.50000000000000000, 87.50000000000000000, 98.00000000000000000 ) ) ;
#5377 = LINE ( 'NONE', #209, #7232 ) ;
#5378 = ORIENTED_EDGE ( 'NONE', *, *, #5821, .F. ) ;
#5379 = CARTESIAN_POINT ( 'NONE',  ( 50.00000000000000000, 100.0000000000000000, 100.0000000000000000 ) ) ;
#5380 = VECTOR ( 'NONE', #4374, 1000.000000000000000 ) ;
#5381 = VERTEX_POINT ( 'NONE', #1368 ) ;
#5382 = PLANE ( 'NONE',  #5174 ) ;
#5383 = VERTEX_POINT ( 'NONE', #4760 ) ;
#5384 = ORIENTED_EDGE ( 'NONE', *, *, #1047, .F. ) ;
#5385 = CARTESIAN_POINT ( 'NONE',  ( 7.000000000000006217, 93.00000000000000000, 93.00000000000000000 ) ) ;
#5386 = CARTESIAN_POINT ( 'NONE',  ( 93.00000000000000000, 5.000000000000004441, 37.00000000000000000 ) ) ;
#5387 = CARTESIAN_POINT ( 'NONE',  ( 2.000000000000000000, 0.000000000000000000, 98.00000000000000000 ) ) ;
#5388 = CARTESIAN_POINT ( 'NONE',  ( 87.50000000000000000, 15.00000000000000178, 77.00000000000000000 ) ) ;
#5389 = ORIENTED_EDGE ( 'NONE', *, *, #1736, .F. ) ;
#5390 = ORIENTED_EDGE ( 'NONE', *, *, #5286, .F. ) ;
#5391 = VERTEX_POINT ( 'NONE', #5386 ) ;
#5392 = DIRECTION ( 'NONE',  ( -0.000000000000000000, 1.000000000000000000, 0.000000000000000000 ) ) ;
#5393 = VECTOR ( 'NONE', #6955, 1000.000000000000000 ) ;
#5394 = DIRECTION ( 'NONE',  ( 1.000000000000000000, 0.000000000000000000, -0.000000000000000000 ) ) ;
#5395 = CARTESIAN_POINT ( 'NONE',  ( 20.00000000000000355, 20.00000000000000355, 39.00000000000000000 ) ) ;
#5396 = DIRECTION ( 'NONE',  ( -0.000000000000000000, 1.000000000000000000, 0.000000000000000000 ) ) ;
#5397 = AXIS2_PLACEMENT_3D ( 'NONE', #5622, #5472, #5510 ) ;
#5398 = AXIS2_PLACEMENT_3D ( 'NONE', #6338, #3517, #687 ) ;
#5399 = CARTESIAN_POINT ( 'NONE',  ( 50.00000000000000000, 93.00000000000000000, 37.00000000000000000 ) ) ;
#5400 = CARTESIAN_POINT ( 'NONE',  ( 0.000000000000000000, 50.00000000000000000, 2.000000000000000000 ) ) ;
#5401 = CARTESIAN_POINT ( 'NONE',  ( 95.50000000000000000, 6.999999999999999112, 2.000000000000000000 ) ) ;
#5402 = AXIS2_PLACEMENT_3D ( 'NONE', #6094, #444, #2719 ) ;
#5403 = DIRECTION ( 'NONE',  ( 1.000000000000000000, 0.000000000000000000, -0.000000000000000000 ) ) ;
#5404 = ORIENTED_EDGE ( 'NONE', *, *, #2284, .T. ) ;
#5405 = ORIENTED_EDGE ( 'NONE', *, *, #2420, .F. ) ;
#5406 = ADVANCED_FACE ( 'NONE', ( #3053 ), #775, .F. ) ;
#5407 = DIRECTION ( 'NONE',  ( 1.000000000000000000, 0.000000000000000000, 0.000000000000000000 ) ) ;
#5408 = EDGE_CURVE ( 'NONE', #2881, #3438, #4167, .T. ) ;
#5409 = EDGE_LOOP ( 'NONE', ( #1865, #3493, #6694, #3773 ) ) ;
#5410 = CARTESIAN_POINT ( 'NONE',  ( 0.000000000000000000, 0.000000000000000000, 2.000000000000000000 ) ) ;
#5411 = LINE ( 'NONE', #5566, #3741 ) ;
#5412 = ORIENTED_EDGE ( 'NONE', *, *, #3106, .T. ) ;
#5413 = VECTOR ( 'NONE', #2937, 1000.000000000000000 ) ;
#5414 = CARTESIAN_POINT ( 'NONE',  ( 4.500000000000000000, 93.00000000000000000, 2.000000000000000000 ) ) ;
#5415 = VECTOR ( 'NONE', #7167, 1000.000000000000000 ) ;
#5416 = VERTEX_POINT ( 'NONE', #743 ) ;
#5417 = EDGE_CURVE ( 'NONE', #3058, #3381, #812, .T. ) ;
#5418 = FACE_OUTER_BOUND ( 'NONE', #41, .T. ) ;
#5419 = ADVANCED_FACE ( 'NONE', ( #884 ), #5838, .F. ) ;
#5420 = EDGE_CURVE ( 'NONE', #2977, #1055, #7034, .T. ) ;
#5421 = ORIENTED_EDGE ( 'NONE', *, *, #2043, .T. ) ;
#5422 = EDGE_LOOP ( 'NONE', ( #4248, #2981, #1867, #2720 ) ) ;
#5423 = CARTESIAN_POINT ( 'NONE',  ( 50.00000000000000000, 95.00000000000000000, 22.00000000000000000 ) ) ;
#5424 = LINE ( 'NONE', #3016, #6034 ) ;
#5425 = DIRECTION ( 'NONE',  ( -0.000000000000000000, 1.000000000000000000, 0.000000000000000000 ) ) ;
#5426 = VECTOR ( 'NONE', #253, 1000.000000000000000 ) ;
#5427 = DIRECTION ( 'NONE',  ( -0.000000000000000000, 0.000000000000000000, -1.000000000000000000 ) ) ;
#5428 = EDGE_LOOP ( 'NONE', ( #1522, #5081, #4683, #2492 ) ) ;
#5429 = ORIENTED_EDGE ( 'NONE', *, *, #5271, .T. ) ;
#5430 = ORIENTED_EDGE ( 'NONE', *, *, #2635, .T. ) ;
#5431 = EDGE_LOOP ( 'NONE', ( #211, #2606, #7028, #6453 ) ) ;
#5432 = DIRECTION ( 'NONE',  ( -1.000000000000000000, -0.000000000000000000, 0.000000000000000000 ) ) ;
#5433 = DIRECTION ( 'NONE',  ( -1.000000000000000000, -0.000000000000000000, 0.000000000000000000 ) ) ;
#5434 = LINE ( 'NONE', #3169, #5568 ) ;
#5435 = DIRECTION ( 'NONE',  ( -0.000000000000000000, 0.000000000000000000, -1.000000000000000000 ) ) ;
#5436 = CARTESIAN_POINT ( 'NONE',  ( 7.000000000000000000, 5.000000000000000000, 60.00000000000000000 ) ) ;
#5437 = CARTESIAN_POINT ( 'NONE',  ( 12.50000000000000000, 84.99999999999998579, 2.000000000000000000 ) ) ;
#5438 = CARTESIAN_POINT ( 'NONE',  ( 84.99999999999998579, 87.50000000000000000, 36.00000000000000000 ) ) ;
#5439 = AXIS2_PLACEMENT_3D ( 'NONE', #7253, #6695, #1631 ) ;
#5440 = DIRECTION ( 'NONE',  ( -0.000000000000000000, 1.000000000000000000, 0.000000000000000000 ) ) ;
#5441 = APPLICATION_CONTEXT ( 'configuration controlled 3d designs of mechanical parts and assemblies' ) ;
#5442 = ORIENTED_EDGE ( 'NONE', *, *, #5150, .T. ) ;
#5443 = DATE_AND_TIME ( #3177, #3034 ) ;
#5444 = ORIENTED_EDGE ( 'NONE', *, *, #6604, .F. ) ;
#5445 = CARTESIAN_POINT ( 'NONE',  ( 50.00000000000000000, 84.99999999999998579, 22.00000000000000000 ) ) ;
#5446 = DIRECTION ( 'NONE',  ( -0.000000000000000000, 0.000000000000000000, -1.000000000000000000 ) ) ;
#5447 = ORIENTED_EDGE ( 'NONE', *, *, #2605, .F. ) ;
#5448 = DIRECTION ( 'NONE',  ( 0.000000000000000000, 0.000000000000000000, 1.000000000000000000 ) ) ;
#5449 = CARTESIAN_POINT ( 'NONE',  ( 50.00000000000000000, 50.00000000000000000, 22.00000000000000000 ) ) ;
#5450 = ORIENTED_EDGE ( 'NONE', *, *, #2189, .F. ) ;
#5451 = CARTESIAN_POINT ( 'NONE',  ( 90.00000000000000000, 50.00000000000000000, 80.00000000000000000 ) ) ;
#5452 = ADVANCED_FACE ( 'NONE', ( #254 ), #5281, .F. ) ;
#5453 = EDGE_CURVE ( 'NONE', #3513, #2881, #4205, .T. ) ;
#5454 = VERTEX_POINT ( 'NONE', #3679 ) ;
#5455 = CARTESIAN_POINT ( 'NONE',  ( 4.500000000000000000, 98.00000000000000000, 2.000000000000000000 ) ) ;
#5456 = EDGE_LOOP ( 'NONE', ( #5131, #480, #1644, #3963 ) ) ;
#5457 = PLANE ( 'NONE',  #1994 ) ;
#5458 = CARTESIAN_POINT ( 'NONE',  ( 7.000000000000000000, 93.00000000000000000, 60.00000000000000000 ) ) ;
#5459 = LINE ( 'NONE', #959, #5057 ) ;
#5460 = EDGE_CURVE ( 'NONE', #3338, #6609, #5424, .T. ) ;
#5461 = ADVANCED_FACE ( 'NONE', ( #3119 ), #4725, .T. ) ;
#5462 = ORIENTED_EDGE ( 'NONE', *, *, #4246, .T. ) ;
#5463 = EDGE_CURVE ( 'NONE', #3272, #5464, #3571, .T. ) ;
#5464 = VERTEX_POINT ( 'NONE', #5979 ) ;
#5465 = VERTEX_POINT ( 'NONE', #3159 ) ;
#5466 = ORIENTED_EDGE ( 'NONE', *, *, #4747, .F. ) ;
#5467 = FACE_OUTER_BOUND ( 'NONE', #4345, .T. ) ;
#5468 = DIRECTION ( 'NONE',  ( 0.000000000000000000, 0.000000000000000000, 1.000000000000000000 ) ) ;
#5469 = CARTESIAN_POINT ( 'NONE',  ( 15.00000000000000178, 15.00000000000000178, 2.000000000000000000 ) ) ;
#5470 = VECTOR ( 'NONE', #531, 1000.000000000000000 ) ;
#5471 = CARTESIAN_POINT ( 'NONE',  ( 84.99999999999998579, 50.00000000000000000, 39.00000000000000000 ) ) ;
#5472 = DIRECTION ( 'NONE',  ( -1.000000000000000000, -0.000000000000000000, 0.000000000000000000 ) ) ;
#5473 = AXIS2_PLACEMENT_3D ( 'NONE', #3843, #3919, #4513 ) ;
#5474 = CARTESIAN_POINT ( 'NONE',  ( 93.00000000000000000, 93.00000000000000000, 98.00000000000000000 ) ) ;
#5475 = LINE ( 'NONE', #382, #996 ) ;
#5476 = CARTESIAN_POINT ( 'NONE',  ( 93.00000000000000000, 98.00000000000000000, 2.000000000000000000 ) ) ;
#5477 = LINE ( 'NONE', #4439, #4695 ) ;
#5478 = EDGE_LOOP ( 'NONE', ( #4096, #35, #6217, #3863 ) ) ;
#5479 = LINE ( 'NONE', #6566, #4694 ) ;
#5480 = ORIENTED_EDGE ( 'NONE', *, *, #4191, .T. ) ;
#5481 = PLANE ( 'NONE',  #2893 ) ;
#5482 = LINE ( 'NONE', #5373, #6332 ) ;
#5483 = VECTOR ( 'NONE', #7216, 1000.000000000000000 ) ;
#5484 = DIRECTION ( 'NONE',  ( -1.000000000000000000, 0.000000000000000000, 0.000000000000000000 ) ) ;
#5485 = CARTESIAN_POINT ( 'NONE',  ( 6.999999999999999112, 95.00000000000000000, 39.00000000000000000 ) ) ;
#5486 = CARTESIAN_POINT ( 'NONE',  ( 6.999999999999999112, 5.000000000000004441, 61.00000000000000000 ) ) ;
#5487 = EDGE_LOOP ( 'NONE', ( #1440, #964, #7296, #576 ) ) ;
#5488 = LINE ( 'NONE', #1514, #2791 ) ;
#5489 = ORIENTED_EDGE ( 'NONE', *, *, #4020, .T. ) ;
#5490 = VECTOR ( 'NONE', #2181, 1000.000000000000000 ) ;
#5491 = PLANE ( 'NONE',  #65 ) ;
#5492 = ORIENTED_EDGE ( 'NONE', *, *, #5061, .T. ) ;
#5493 = EDGE_CURVE ( 'NONE', #948, #4464, #1297, .T. ) ;
#5494 = EDGE_CURVE ( 'NONE', #1055, #4579, #6999, .T. ) ;
#5495 = DIRECTION ( 'NONE',  ( -1.000000000000000000, 0.000000000000000000, 0.000000000000000000 ) ) ;
#5496 = DIRECTION ( 'NONE',  ( 0.000000000000000000, 0.000000000000000000, 1.000000000000000000 ) ) ;
#5497 = VECTOR ( 'NONE', #6798, 1000.000000000000000 ) ;
#5498 = CARTESIAN_POINT ( 'NONE',  ( 15.00000000000000178, 90.00000000000000000, 2.000000000000000000 ) ) ;
#5499 = VERTEX_POINT ( 'NONE', #1334 ) ;
#5500 = ORIENTED_EDGE ( 'NONE', *, *, #323, .T. ) ;
#5501 = ORIENTED_EDGE ( 'NONE', *, *, #4201, .T. ) ;
#5502 = LINE ( 'NONE', #2685, #5358 ) ;
#5503 = EDGE_CURVE ( 'NONE', #2630, #592, #3609, .T. ) ;
#5504 = ADVANCED_FACE ( 'NONE', ( #3864 ), #5573, .T. ) ;
#5505 = ADVANCED_FACE ( 'NONE', ( #5021 ), #5457, .T. ) ;
#5506 = LINE ( 'NONE', #6631, #5891 ) ;
#5507 = PLANE ( 'NONE',  #3907 ) ;
#5508 = LINE ( 'NONE', #3840, #359 ) ;
#5509 = VECTOR ( 'NONE', #2277, 1000.000000000000000 ) ;
#5510 = DIRECTION ( 'NONE',  ( 0.000000000000000000, 0.000000000000000000, 1.000000000000000000 ) ) ;
#5511 = DIRECTION ( 'NONE',  ( 1.000000000000000000, 0.000000000000000000, -0.000000000000000000 ) ) ;
#5512 = EDGE_CURVE ( 'NONE', #1184, #893, #1478, .T. ) ;
#5513 = ADVANCED_FACE ( 'NONE', ( #361 ), #3345, .T. ) ;
#5514 = DIRECTION ( 'NONE',  ( -1.000000000000000000, 0.000000000000000000, 0.000000000000000000 ) ) ;
#5515 = DIRECTION ( 'NONE',  ( 1.000000000000000000, 0.000000000000000000, -0.000000000000000000 ) ) ;
#5516 = CARTESIAN_POINT ( 'NONE',  ( 6.999999999999999112, 50.00000000000000000, 7.000000000000000000 ) ) ;
#5517 = VECTOR ( 'NONE', #4794, 1000.000000000000000 ) ;
#5518 = AXIS2_PLACEMENT_3D ( 'NONE', #7210, #2033, #1547 ) ;
#5519 = AXIS2_PLACEMENT_3D ( 'NONE', #6410, #1881, #165 ) ;
#5520 = ORIENTED_EDGE ( 'NONE', *, *, #3562, .F. ) ;
#5521 = VERTEX_POINT ( 'NONE', #2716 ) ;
#5522 = PLANE ( 'NONE',  #3596 ) ;
#5523 = AXIS2_PLACEMENT_3D ( 'NONE', #6812, #1073, #5059 ) ;
#5524 = CARTESIAN_POINT ( 'NONE',  ( 90.00000000000000000, 15.00000000000000178, 80.00000000000000000 ) ) ;
#5525 = ORIENTED_EDGE ( 'NONE', *, *, #6134, .F. ) ;
#5526 = CARTESIAN_POINT ( 'NONE',  ( 93.00000000000000000, 93.00000000000000000, 78.00000000000000000 ) ) ;
#5527 = CARTESIAN_POINT ( 'NONE',  ( 6.999999999999999112, 95.50000000000000000, 2.000000000000000000 ) ) ;
#5528 = ORIENTED_EDGE ( 'NONE', *, *, #7201, .T. ) ;
#5529 = LINE ( 'NONE', #2520, #3496 ) ;
#5530 = ORIENTED_EDGE ( 'NONE', *, *, #3050, .T. ) ;
#5531 = LINE ( 'NONE', #548, #264 ) ;
#5532 = EDGE_LOOP ( 'NONE', ( #1938, #6061, #2760, #4893 ) ) ;
#5533 = CARTESIAN_POINT ( 'NONE',  ( 98.00000000000000000, 1.000000000000000000, 2.000000000000000000 ) ) ;
#5534 = CARTESIAN_POINT ( 'NONE',  ( 2.000000000000001776, 100.0000000000000000, 2.000000000000000000 ) ) ;
#5535 = PLANE ( 'NONE',  #5402 ) ;
#5536 = CLOSED_SHELL ( 'NONE', ( #6289, #5504, #4913, #5822, #2792, #5229 ) ) ;
#5537 = VERTEX_POINT ( 'NONE', #477 ) ;
#5538 = ORIENTED_EDGE ( 'NONE', *, *, #4050, .T. ) ;
#5539 = VERTEX_POINT ( 'NONE', #3754 ) ;
#5540 = DIRECTION ( 'NONE',  ( -0.000000000000000000, 1.000000000000000000, 0.000000000000000000 ) ) ;
#5541 = DIRECTION ( 'NONE',  ( -1.000000000000000000, -0.000000000000000000, 0.000000000000000000 ) ) ;
#5542 = DIRECTION ( 'NONE',  ( 0.000000000000000000, -1.000000000000000000, -0.000000000000000000 ) ) ;
#5543 = VECTOR ( 'NONE', #7195, 1000.000000000000000 ) ;
#5544 = DIRECTION ( 'NONE',  ( 1.000000000000000000, 0.000000000000000000, -0.000000000000000000 ) ) ;
#5545 = ADVANCED_FACE ( 'NONE', ( #2637 ), #7288, .T. ) ;
#5546 = EDGE_CURVE ( 'NONE', #1958, #4381, #4456, .T. ) ;
#5547 = AXIS2_PLACEMENT_3D ( 'NONE', #7261, #2650, #4919 ) ;
#5548 = VECTOR ( 'NONE', #1797, 1000.000000000000000 ) ;
#5549 = VECTOR ( 'NONE', #5883, 1000.000000000000000 ) ;
#5550 = DIRECTION ( 'NONE',  ( -1.000000000000000000, -0.000000000000000000, 0.000000000000000000 ) ) ;
#5551 = PLANE ( 'NONE',  #3579 ) ;
#5552 = CARTESIAN_POINT ( 'NONE',  ( 5.000000000000004441, 93.00000000000000000, 63.00000000000000000 ) ) ;
#5553 = FACE_OUTER_BOUND ( 'NONE', #3089, .T. ) ;
#5554 = DIRECTION ( 'NONE',  ( -1.000000000000000000, 0.000000000000000000, 0.000000000000000000 ) ) ;
#5555 = ORIENTED_EDGE ( 'NONE', *, *, #91, .T. ) ;
#5556 = ADVANCED_FACE ( 'NONE', ( #1556 ), #922, .T. ) ;
#5557 = EDGE_CURVE ( 'NONE', #3612, #2485, #4420, .T. ) ;
#5558 = ADVANCED_FACE ( 'NONE', ( #4387 ), #2075, .T. ) ;
#5559 = VERTEX_POINT ( 'NONE', #6168 ) ;
#5560 = VECTOR ( 'NONE', #2938, 1000.000000000000000 ) ;
#5561 = DIRECTION ( 'NONE',  ( 0.000000000000000000, -1.000000000000000000, 0.000000000000000000 ) ) ;
#5562 = CARTESIAN_POINT ( 'NONE',  ( 93.00000000000000000, 7.000000000000000000, 39.00000000000000000 ) ) ;
#5563 = LINE ( 'NONE', #430, #2572 ) ;
#5564 = DIRECTION ( 'NONE',  ( 0.000000000000000000, -0.000000000000000000, 1.000000000000000000 ) ) ;
#5565 = CARTESIAN_POINT ( 'NONE',  ( 10.00000000000000000, 90.00000000000000000, 60.00000000000000000 ) ) ;
#5566 = CARTESIAN_POINT ( 'NONE',  ( 0.000000000000000000, 50.00000000000000000, 0.000000000000000000 ) ) ;
#5567 = ORIENTED_EDGE ( 'NONE', *, *, #324, .F. ) ;
#5568 = VECTOR ( 'NONE', #3764, 1000.000000000000000 ) ;
#5569 = DIRECTION ( 'NONE',  ( -0.000000000000000000, 0.000000000000000000, -1.000000000000000000 ) ) ;
#5570 = ORIENTED_EDGE ( 'NONE', *, *, #960, .F. ) ;
#5571 = CARTESIAN_POINT ( 'NONE',  ( 90.00000000000000000, 87.50000000000000000, 98.00000000000000000 ) ) ;
#5572 = VERTEX_POINT ( 'NONE', #440 ) ;
#5573 = PLANE ( 'NONE',  #4382 ) ;
#5574 = CARTESIAN_POINT ( 'NONE',  ( 98.00000000000000000, 50.00000000000000000, 93.00000000000000000 ) ) ;
#5575 = LINE ( 'NONE', #517, #2917 ) ;
#5576 = VERTEX_POINT ( 'NONE', #6054 ) ;
#5577 = ORIENTED_EDGE ( 'NONE', *, *, #554, .T. ) ;
#5578 = VERTEX_POINT ( 'NONE', #6733 ) ;
#5579 = CARTESIAN_POINT ( 'NONE',  ( 1.999999999999999556, 50.00000000000000000, 93.00000000000000000 ) ) ;
#5580 = DIRECTION ( 'NONE',  ( -0.000000000000000000, 0.000000000000000000, -1.000000000000000000 ) ) ;
#5581 = CARTESIAN_POINT ( 'NONE',  ( 1.999999999999999556, 1.999999999999999556, 98.00000000000000000 ) ) ;
#5582 = DIRECTION ( 'NONE',  ( 0.000000000000000000, 1.000000000000000000, 0.000000000000000000 ) ) ;
#5583 = CARTESIAN_POINT ( 'NONE',  ( 87.50000000000000000, 90.00000000000000000, 2.000000000000000000 ) ) ;
#5584 = CARTESIAN_POINT ( 'NONE',  ( 95.00000000000000000, 93.00000000000000000, 80.00000000000000000 ) ) ;
#5585 = AXIS2_PLACEMENT_3D ( 'NONE', #2651, #5544, #5435 ) ;
#5586 = DIRECTION ( 'NONE',  ( -1.000000000000000000, 0.000000000000000000, 0.000000000000000000 ) ) ;
#5587 = PLANE ( 'NONE',  #202 ) ;
#5588 = EDGE_CURVE ( 'NONE', #815, #3215, #3267, .T. ) ;
#5589 = DIRECTION ( 'NONE',  ( -1.000000000000000000, -0.000000000000000000, 0.000000000000000000 ) ) ;
#5590 = ORIENTED_EDGE ( 'NONE', *, *, #1463, .T. ) ;
#5591 = AXIS2_PLACEMENT_3D ( 'NONE', #1984, #861, #2997 ) ;
#5592 = VECTOR ( 'NONE', #1611, 1000.000000000000000 ) ;
#5593 = ORIENTED_EDGE ( 'NONE', *, *, #222, .F. ) ;
#5594 = DIRECTION ( 'NONE',  ( -0.000000000000000000, 1.000000000000000000, 0.000000000000000000 ) ) ;
#5595 = DIRECTION ( 'NONE',  ( -1.000000000000000000, -0.000000000000000000, 0.000000000000000000 ) ) ;
#5596 = CARTESIAN_POINT ( 'NONE',  ( 84.99999999999998579, 90.00000000000000000, 37.00000000000000000 ) ) ;
#5597 = DIRECTION ( 'NONE',  ( -0.000000000000000000, 1.000000000000000000, 0.000000000000000000 ) ) ;
#5598 = EDGE_CURVE ( 'NONE', #636, #1487, #6128, .T. ) ;
#5599 = ADVANCED_FACE ( 'NONE', ( #7215 ), #2149, .F. ) ;
#5601 = EDGE_CURVE ( 'NONE', #2024, #1882, #1591, .T. ) ;
#5600 = CARTESIAN_POINT ( 'NONE',  ( 93.00000000000000000, 98.00000000000000000, 93.00000000000000000 ) ) ;
#5602 = DIRECTION ( 'NONE',  ( 0.000000000000000000, 0.000000000000000000, 1.000000000000000000 ) ) ;
#5603 = VECTOR ( 'NONE', #3910, 1000.000000000000000 ) ;
#5604 = ORIENTED_EDGE ( 'NONE', *, *, #4199, .T. ) ;
#5605 = DIRECTION ( 'NONE',  ( -0.000000000000000000, 1.000000000000000000, 0.000000000000000000 ) ) ;
#5606 = ORIENTED_EDGE ( 'NONE', *, *, #961, .T. ) ;
#5607 = DIRECTION ( 'NONE',  ( -1.000000000000000000, 0.000000000000000000, 0.000000000000000000 ) ) ;
#5608 = VERTEX_POINT ( 'NONE', #5610 ) ;
#5609 = EDGE_CURVE ( 'NONE', #338, #5279, #515, .T. ) ;
#5610 = CARTESIAN_POINT ( 'NONE',  ( 15.00000000000000178, 10.00000000000000000, 78.00000000000000000 ) ) ;
#5611 = FACE_OUTER_BOUND ( 'NONE', #3707, .T. ) ;
#5612 = CARTESIAN_POINT ( 'NONE',  ( 95.00000000000000000, 93.00000000000000000, 37.00000000000000000 ) ) ;
#5613 = ORIENTED_EDGE ( 'NONE', *, *, #7293, .T. ) ;
#5614 = VERTEX_POINT ( 'NONE', #2299 ) ;
#5615 = VERTEX_POINT ( 'NONE', #662 ) ;
#5616 = PLANE ( 'NONE',  #490 ) ;
#5617 = CARTESIAN_POINT ( 'NONE',  ( 2.000000000000001776, 99.00000000000000000, 2.000000000000000000 ) ) ;
#5618 = CARTESIAN_POINT ( 'NONE',  ( 93.00000000000000000, 50.00000000000000000, 93.00000000000000000 ) ) ;
#5619 = VECTOR ( 'NONE', #7165, 1000.000000000000000 ) ;
#5620 = FACE_OUTER_BOUND ( 'NONE', #3212, .T. ) ;
#5621 = ORIENTED_EDGE ( 'NONE', *, *, #2971, .F. ) ;
#5622 = CARTESIAN_POINT ( 'NONE',  ( 0.000000000000000000, 50.00000000000000000, 0.000000000000000000 ) ) ;
#5623 = DIRECTION ( 'NONE',  ( -0.000000000000000000, 0.000000000000000000, -1.000000000000000000 ) ) ;
#5624 = LINE ( 'NONE', #4625, #3295 ) ;
#5625 = CARTESIAN_POINT ( 'NONE',  ( 98.00000000000000000, 50.00000000000000000, 2.000000000000000000 ) ) ;
#5626 = DIRECTION ( 'NONE',  ( 0.000000000000000000, 0.000000000000000000, 1.000000000000000000 ) ) ;
#5627 = ORIENTED_EDGE ( 'NONE', *, *, #6926, .T. ) ;
#5628 = VERTEX_POINT ( 'NONE', #4085 ) ;
#5629 = ORIENTED_EDGE ( 'NONE', *, *, #4595, .F. ) ;
#5630 = CARTESIAN_POINT ( 'NONE',  ( 50.00000000000000000, 93.00000000000000000, 61.00000000000000000 ) ) ;
#5631 = DIRECTION ( 'NONE',  ( 0.000000000000000000, 0.000000000000000000, 1.000000000000000000 ) ) ;
#5632 = DIRECTION ( 'NONE',  ( 0.000000000000000000, -0.000000000000000000, 1.000000000000000000 ) ) ;
#5633 = AXIS2_PLACEMENT_3D ( 'NONE', #3973, #6202, #5569 ) ;
#5634 = DIRECTION ( 'NONE',  ( -1.000000000000000000, 0.000000000000000000, 0.000000000000000000 ) ) ;
#5635 = CARTESIAN_POINT ( 'NONE',  ( 93.00000000000000000, 50.00000000000000000, 63.00000000000000000 ) ) ;
#5636 = VERTEX_POINT ( 'NONE', #3942 ) ;
#5637 = PLANE ( 'NONE',  #5633 ) ;
#5638 = AXIS2_PLACEMENT_3D ( 'NONE', #1742, #542, #6234 ) ;
#5639 = EDGE_CURVE ( 'NONE', #242, #1292, #698, .T. ) ;
#5640 = EDGE_CURVE ( 'NONE', #549, #4533, #5203, .T. ) ;
#5641 = APPROVAL_PERSON_ORGANIZATION ( #4659, #89, #2387 ) ;
#5642 = VECTOR ( 'NONE', #2364, 1000.000000000000000 ) ;
#5643 = VERTEX_POINT ( 'NONE', #2860 ) ;
#5644 = CARTESIAN_POINT ( 'NONE',  ( 6.999999999999999112, 93.00000000000000000, 2.000000000000000000 ) ) ;
#5645 = ORIENTED_EDGE ( 'NONE', *, *, #1139, .F. ) ;
#5646 = FACE_BOUND ( 'NONE', #6996, .T. ) ;
#5647 = LINE ( 'NONE', #6245, #2412 ) ;
#5648 = CARTESIAN_POINT ( 'NONE',  ( 90.00000000000000000, 50.00000000000000000, 61.00000000000000000 ) ) ;
#5649 = EDGE_CURVE ( 'NONE', #1448, #4793, #2900, .T. ) ;
#5650 = ADVANCED_FACE ( 'NONE', ( #4641, #2373, #3416, #3488, #30 ), #624, .T. ) ;
#5651 = ADVANCED_FACE ( 'NONE', ( #4495 ), #6916, .T. ) ;
#5652 = VERTEX_POINT ( 'NONE', #1670 ) ;
#5653 = ORIENTED_EDGE ( 'NONE', *, *, #3335, .T. ) ;
#5654 = VERTEX_POINT ( 'NONE', #1111 ) ;
#5655 = DIRECTION ( 'NONE',  ( 0.000000000000000000, -1.000000000000000000, 0.000000000000000000 ) ) ;
#5656 = LINE ( 'NONE', #1933, #6155 ) ;
#5657 = CARTESIAN_POINT ( 'NONE',  ( 0.000000000000000000, 100.0000000000000000, 98.00000000000000000 ) ) ;
#5658 = AXIS2_PLACEMENT_3D ( 'NONE', #4341, #6725, #5634 ) ;
#5659 = VERTEX_POINT ( 'NONE', #1816 ) ;
#5660 = PLANE ( 'NONE',  #4451 ) ;
#5661 = VECTOR ( 'NONE', #3678, 1000.000000000000000 ) ;
#5662 = DIRECTION ( 'NONE',  ( -0.000000000000000000, 1.000000000000000000, 0.000000000000000000 ) ) ;
#5663 = DIRECTION ( 'NONE',  ( -1.000000000000000000, -0.000000000000000000, 0.000000000000000000 ) ) ;
#5664 = CARTESIAN_POINT ( 'NONE',  ( 6.999999999999999112, 98.00000000000000000, 2.000000000000000000 ) ) ;
#5665 = FACE_OUTER_BOUND ( 'NONE', #3722, .T. ) ;
#5666 = VERTEX_POINT ( 'NONE', #6346 ) ;
#5667 = VECTOR ( 'NONE', #5181, 1000.000000000000000 ) ;
#5668 = DATE_AND_TIME ( #6075, #4937 ) ;
#5669 = EDGE_LOOP ( 'NONE', ( #2413, #6880, #7312, #4951 ) ) ;
#5670 = VERTEX_POINT ( 'NONE', #4049 ) ;
#5671 = DIRECTION ( 'NONE',  ( 0.000000000000000000, -1.000000000000000000, -0.000000000000000000 ) ) ;
#5672 = CARTESIAN_POINT ( 'NONE',  ( 15.00000000000000000, 90.00000000000000000, 37.00000000000000000 ) ) ;
#5673 = DIRECTION ( 'NONE',  ( 0.000000000000000000, -1.000000000000000000, -0.000000000000000000 ) ) ;
#5674 = FACE_BOUND ( 'NONE', #6491, .T. ) ;
#5675 = LINE ( 'NONE', #3373, #5991 ) ;
#5676 = ORIENTED_EDGE ( 'NONE', *, *, #6101, .T. ) ;
#5677 = DIRECTION ( 'NONE',  ( 0.000000000000000000, 0.000000000000000000, 1.000000000000000000 ) ) ;
#5678 = EDGE_LOOP ( 'NONE', ( #3386, #5194, #5105, #3388 ) ) ;
#5679 = CARTESIAN_POINT ( 'NONE',  ( 50.00000000000000000, 0.000000000000000000, 98.00000000000000000 ) ) ;
#5680 = VERTEX_POINT ( 'NONE', #2223 ) ;
#5681 = CARTESIAN_POINT ( 'NONE',  ( 12.50000000000000000, 10.00000000000000000, 77.00000000000000000 ) ) ;
#5682 = VECTOR ( 'NONE', #330, 1000.000000000000000 ) ;
#5683 = ADVANCED_FACE ( 'NONE', ( #3450, #5646, #69, #6850, #2339 ), #6883, .T. ) ;
#5684 = EDGE_CURVE ( 'NONE', #7076, #4165, #4572, .T. ) ;
#5685 = CARTESIAN_POINT ( 'NONE',  ( 7.000000000000006217, 6.999999999999999112, 7.000000000000000000 ) ) ;
#5686 = ADVANCED_FACE ( 'NONE', ( #1783 ), #1752, .F. ) ;
#5687 = LINE ( 'NONE', #6170, #6844 ) ;
#5688 = ORIENTED_EDGE ( 'NONE', *, *, #1308, .T. ) ;
#5689 = EDGE_LOOP ( 'NONE', ( #3471, #6463, #5965, #6209 ) ) ;
#5690 = ORIENTED_EDGE ( 'NONE', *, *, #6849, .T. ) ;
#5691 = FACE_OUTER_BOUND ( 'NONE', #4353, .T. ) ;
#5692 = CARTESIAN_POINT ( 'NONE',  ( 84.99999999999998579, 50.00000000000000000, 80.00000000000000000 ) ) ;
#5693 = EDGE_CURVE ( 'NONE', #3091, #2557, #6311, .T. ) ;
#5694 = EDGE_CURVE ( 'NONE', #3200, #6814, #4535, .T. ) ;
#5695 = PLANE ( 'NONE',  #26 ) ;
#5696 = EDGE_CURVE ( 'NONE', #3992, #3612, #4016, .T. ) ;
#5697 = ORIENTED_EDGE ( 'NONE', *, *, #7007, .T. ) ;
#5698 = DIRECTION ( 'NONE',  ( 1.000000000000000000, 0.000000000000000000, 0.000000000000000000 ) ) ;
#5699 = CARTESIAN_POINT ( 'NONE',  ( 15.00000000000000000, 15.00000000000000000, 20.00000000000000000 ) ) ;
#5700 = PLANE ( 'NONE',  #1157 ) ;
#5701 = DIRECTION ( 'NONE',  ( -1.000000000000000000, -0.000000000000000000, 0.000000000000000000 ) ) ;
#5702 = EDGE_LOOP ( 'NONE', ( #1877, #5937, #426, #6704 ) ) ;
#5703 = ORIENTED_EDGE ( 'NONE', *, *, #471, .T. ) ;
#5704 = ORIENTED_EDGE ( 'NONE', *, *, #3190, .F. ) ;
#5705 = LINE ( 'NONE', #3583, #2173 ) ;
#5706 = DIRECTION ( 'NONE',  ( -0.000000000000000000, 1.000000000000000000, 0.000000000000000000 ) ) ;
#5707 = CARTESIAN_POINT ( 'NONE',  ( 90.00000000000000000, 10.00000000000000000, 78.00000000000000000 ) ) ;
#5708 = DIRECTION ( 'NONE',  ( 0.000000000000000000, 0.000000000000000000, 1.000000000000000000 ) ) ;
#5709 = CARTESIAN_POINT ( 'NONE',  ( 4.500000000000000000, 93.00000000000000000, 98.00000000000000000 ) ) ;
#5710 = VECTOR ( 'NONE', #4396, 1000.000000000000000 ) ;
#5711 = ORIENTED_EDGE ( 'NONE', *, *, #1102, .T. ) ;
#5712 = VECTOR ( 'NONE', #3030, 1000.000000000000000 ) ;
#5713 = DIRECTION ( 'NONE',  ( -1.000000000000000000, -0.000000000000000000, 0.000000000000000000 ) ) ;
#5714 = ORIENTED_EDGE ( 'NONE', *, *, #875, .T. ) ;
#5715 = LINE ( 'NONE', #1176, #6215 ) ;
#5716 = ORIENTED_EDGE ( 'NONE', *, *, #6091, .F. ) ;
#5717 = AXIS2_PLACEMENT_3D ( 'NONE', #5579, #7148, #3836 ) ;
#5718 = DIRECTION ( 'NONE',  ( 1.000000000000000000, 0.000000000000000000, -0.000000000000000000 ) ) ;
#5719 = FACE_OUTER_BOUND ( 'NONE', #1270, .T. ) ;
#5720 = ORIENTED_EDGE ( 'NONE', *, *, #1647, .F. ) ;
#5721 = ORIENTED_EDGE ( 'NONE', *, *, #7327, .T. ) ;
#5722 = ORIENTED_EDGE ( 'NONE', *, *, #4510, .F. ) ;
#5723 = DIRECTION ( 'NONE',  ( 0.000000000000000000, -0.000000000000000000, 1.000000000000000000 ) ) ;
#5724 = VECTOR ( 'NONE', #1682, 1000.000000000000000 ) ;
#5725 = DIRECTION ( 'NONE',  ( -0.000000000000000000, 0.000000000000000000, -1.000000000000000000 ) ) ;
#5726 = CARTESIAN_POINT ( 'NONE',  ( 15.00000000000000178, 15.00000000000000178, 80.00000000000000000 ) ) ;
#5727 = VERTEX_POINT ( 'NONE', #6244 ) ;
#5728 = ADVANCED_FACE ( 'NONE', ( #1145 ), #3042, .F. ) ;
#5729 = EDGE_CURVE ( 'NONE', #745, #7297, #802, .T. ) ;
#5730 = AXIS2_PLACEMENT_3D ( 'NONE', #4859, #5446, #3141 ) ;
#5731 = LINE ( 'NONE', #6861, #1799 ) ;
#5732 = DIRECTION ( 'NONE',  ( 0.000000000000000000, -1.000000000000000000, 0.000000000000000000 ) ) ;
#5733 = CARTESIAN_POINT ( 'NONE',  ( 93.00000000000000000, 1.999999999999999556, 93.00000000000000000 ) ) ;
#5734 = CARTESIAN_POINT ( 'NONE',  ( 6.999999999999999112, 50.00000000000000000, 93.00000000000000000 ) ) ;
#5735 = ORIENTED_EDGE ( 'NONE', *, *, #6647, .T. ) ;
#5736 = AXIS2_PLACEMENT_3D ( 'NONE', #3851, #1022, #2102 ) ;
#5737 = EDGE_CURVE ( 'NONE', #3962, #4840, #5309, .T. ) ;
#5738 = EDGE_CURVE ( 'NONE', #242, #2275, #1892, .T. ) ;
#5739 = EDGE_LOOP ( 'NONE', ( #729, #1677, #5082, #4915 ) ) ;
#5740 = VERTEX_POINT ( 'NONE', #1432 ) ;
#5741 = DIRECTION ( 'NONE',  ( -0.000000000000000000, 0.000000000000000000, -1.000000000000000000 ) ) ;
#5742 = LINE ( 'NONE', #92, #4234 ) ;
#5743 = LINE ( 'NONE', #2436, #79 ) ;
#5744 = CARTESIAN_POINT ( 'NONE',  ( 4.500000000000000000, 93.00000000000000000, 2.000000000000000000 ) ) ;
#5745 = ORIENTED_EDGE ( 'NONE', *, *, #2743, .T. ) ;
#5746 = CARTESIAN_POINT ( 'NONE',  ( 93.00000000000000000, 5.000000000000000000, 36.00000000000000000 ) ) ;
#5747 = EDGE_LOOP ( 'NONE', ( #1314, #3412, #248, #4677 ) ) ;
#5748 = CARTESIAN_POINT ( 'NONE',  ( 12.50000000000000000, 15.00000000000000178, 60.00000000000000000 ) ) ;
#5749 = AXIS2_PLACEMENT_3D ( 'NONE', #4450, #2856, #6804 ) ;
#5750 = VERTEX_POINT ( 'NONE', #4266 ) ;
#5751 = DIRECTION ( 'NONE',  ( 0.000000000000000000, 0.000000000000000000, -1.000000000000000000 ) ) ;
#5752 = CARTESIAN_POINT ( 'NONE',  ( 50.00000000000000000, 0.000000000000000000, 2.000000000000000000 ) ) ;
#5753 = LINE ( 'NONE', #3636, #4576 ) ;
#5754 = VECTOR ( 'NONE', #7247, 1000.000000000000000 ) ;
#5755 = VECTOR ( 'NONE', #3846, 1000.000000000000000 ) ;
#5756 = ORIENTED_EDGE ( 'NONE', *, *, #3734, .T. ) ;
#5757 = EDGE_LOOP ( 'NONE', ( #4130, #71, #5809, #7250 ) ) ;
#5758 = ORIENTED_EDGE ( 'NONE', *, *, #1913, .T. ) ;
#5760 = DIRECTION ( 'NONE',  ( 0.000000000000000000, -0.000000000000000000, 1.000000000000000000 ) ) ;
#5759 = VECTOR ( 'NONE', #2006, 1000.000000000000000 ) ;
#5761 = AXIS2_PLACEMENT_3D ( 'NONE', #6488, #6527, #3738 ) ;
#5762 = CARTESIAN_POINT ( 'NONE',  ( 1.000000000000000000, 100.0000000000000000, 2.000000000000000000 ) ) ;
#5763 = FACE_OUTER_BOUND ( 'NONE', #928, .T. ) ;
#5764 = ORIENTED_EDGE ( 'NONE', *, *, #7328, .T. ) ;
#5765 = EDGE_LOOP ( 'NONE', ( #5346, #6985, #1787, #4124 ) ) ;
#5766 = CARTESIAN_POINT ( 'NONE',  ( 10.00000000000000000, 84.99999999999998579, 98.00000000000000000 ) ) ;
#5767 = LINE ( 'NONE', #3994, #3254 ) ;
#5768 = DIRECTION ( 'NONE',  ( 0.000000000000000000, 0.000000000000000000, 1.000000000000000000 ) ) ;
#5769 = PLANE ( 'NONE',  #4883 ) ;
#5770 = VECTOR ( 'NONE', #3705, 1000.000000000000000 ) ;
#5771 = ORIENTED_EDGE ( 'NONE', *, *, #5323, .F. ) ;
#5772 = EDGE_CURVE ( 'NONE', #3700, #7137, #3672, .T. ) ;
#5773 = EDGE_CURVE ( 'NONE', #497, #6658, #5377, .T. ) ;
#5774 = CLOSED_SHELL ( 'NONE', ( #1110, #1875, #6198, #7055, #5917, #3592 ) ) ;
#5775 = EDGE_LOOP ( 'NONE', ( #4755, #2415, #203, #2750 ) ) ;
#5776 = DIRECTION ( 'NONE',  ( 1.000000000000000000, 0.000000000000000000, -0.000000000000000000 ) ) ;
#5777 = DIRECTION ( 'NONE',  ( 0.000000000000000000, 0.000000000000000000, 1.000000000000000000 ) ) ;
#5778 = CARTESIAN_POINT ( 'NONE',  ( 10.00000000000000000, 90.00000000000000000, 37.00000000000000000 ) ) ;
#5779 = CARTESIAN_POINT ( 'NONE',  ( 90.00000000000000000, 90.00000000000000000, 20.00000000000000000 ) ) ;
#5780 = VECTOR ( 'NONE', #1277, 1000.000000000000000 ) ;
#5781 = EDGE_CURVE ( 'NONE', #3151, #5576, #1925, .T. ) ;
#5782 = EDGE_CURVE ( 'NONE', #4278, #2949, #1394, .T. ) ;
#5783 = EDGE_CURVE ( 'NONE', #4720, #5670, #7061, .T. ) ;
#5784 = VERTEX_POINT ( 'NONE', #1324 ) ;
#5785 = CARTESIAN_POINT ( 'NONE',  ( 98.00000000000000000, 1.999999999999999556, 98.00000000000000000 ) ) ;
#5786 = AXIS2_PLACEMENT_3D ( 'NONE', #1267, #6970, #1870 ) ;
#5787 = ORIENTED_EDGE ( 'NONE', *, *, #2874, .T. ) ;
#5788 = CARTESIAN_POINT ( 'NONE',  ( 15.00000000000000000, 10.00000000000000178, 39.00000000000000000 ) ) ;
#5789 = ORIENTED_EDGE ( 'NONE', *, *, #6752, .F. ) ;
#5790 = PLANE ( 'NONE',  #666 ) ;
#5791 = DIRECTION ( 'NONE',  ( -0.000000000000000000, 1.000000000000000000, 0.000000000000000000 ) ) ;
#5792 = EDGE_LOOP ( 'NONE', ( #547, #6373, #6731, #259 ) ) ;
#5793 = CARTESIAN_POINT ( 'NONE',  ( 84.99999999999998579, 90.00000000000000000, 98.00000000000000000 ) ) ;
#5794 = ORIENTED_EDGE ( 'NONE', *, *, #1922, .T. ) ;
#5795 = LINE ( 'NONE', #4163, #7189 ) ;
#5796 = ORIENTED_EDGE ( 'NONE', *, *, #3282, .T. ) ;
#5797 = ORIENTED_EDGE ( 'NONE', *, *, #6326, .T. ) ;
#5798 = VECTOR ( 'NONE', #1471, 1000.000000000000000 ) ;
#5799 = CARTESIAN_POINT ( 'NONE',  ( 100.0000000000000000, 0.000000000000000000, 98.00000000000000000 ) ) ;
#5800 = DIRECTION ( 'NONE',  ( 0.000000000000000000, 0.000000000000000000, -1.000000000000000000 ) ) ;
#5801 = FACE_OUTER_BOUND ( 'NONE', #2380, .T. ) ;
#5802 = ORIENTED_EDGE ( 'NONE', *, *, #2460, .T. ) ;
#5803 = VECTOR ( 'NONE', #6963, 1000.000000000000000 ) ;
#5804 = EDGE_LOOP ( 'NONE', ( #7114, #7202, #5676, #5764 ) ) ;
#5805 = FACE_OUTER_BOUND ( 'NONE', #5894, .T. ) ;
#5806 = PLANE ( 'NONE',  #1036 ) ;
#5807 = CARTESIAN_POINT ( 'NONE',  ( 15.00000000000000178, 90.00000000000000000, 19.00000000000000000 ) ) ;
#5808 = LINE ( 'NONE', #1379, #5824 ) ;
#5809 = ORIENTED_EDGE ( 'NONE', *, *, #4644, .F. ) ;
#5810 = ORIENTED_EDGE ( 'NONE', *, *, #418, .F. ) ;
#5811 = PLANE ( 'NONE',  #4081 ) ;
#5812 = ADVANCED_FACE ( 'NONE', ( #837 ), #3111, .T. ) ;
#5813 = LINE ( 'NONE', #3584, #5238 ) ;
#5814 = DIRECTION ( 'NONE',  ( -0.000000000000000000, 1.000000000000000000, 0.000000000000000000 ) ) ;
#5815 = DIRECTION ( 'NONE',  ( 0.000000000000000000, 0.000000000000000000, 1.000000000000000000 ) ) ;
#5816 = ORIENTED_EDGE ( 'NONE', *, *, #1786, .F. ) ;
#5817 = CARTESIAN_POINT ( 'NONE',  ( 50.00000000000000000, 15.00000000000000000, 39.00000000000000000 ) ) ;
#5818 = ORIENTED_EDGE ( 'NONE', *, *, #6104, .T. ) ;
#5819 = EDGE_CURVE ( 'NONE', #3, #6235, #7025, .T. ) ;
#5820 = DIRECTION ( 'NONE',  ( 0.000000000000000000, -1.000000000000000000, 0.000000000000000000 ) ) ;
#5821 = EDGE_CURVE ( 'NONE', #2933, #287, #4752, .T. ) ;
#5822 = ADVANCED_FACE ( 'NONE', ( #1854 ), #281, .T. ) ;
#5823 = ORIENTED_EDGE ( 'NONE', *, *, #3188, .T. ) ;
#5824 = VECTOR ( 'NONE', #4702, 1000.000000000000000 ) ;
#5825 = CARTESIAN_POINT ( 'NONE',  ( 93.00000000000000000, 6.999999999999999112, 7.000000000000000000 ) ) ;
#5826 = FACE_OUTER_BOUND ( 'NONE', #4162, .T. ) ;
#5827 = VERTEX_POINT ( 'NONE', #731 ) ;
#5828 = CARTESIAN_POINT ( 'NONE',  ( 50.00000000000000000, 10.00000000000000178, 37.00000000000000000 ) ) ;
#5829 = AXIS2_PLACEMENT_3D ( 'NONE', #3441, #5706, #4596 ) ;
#5830 = ORIENTED_EDGE ( 'NONE', *, *, #6239, .T. ) ;
#5831 = AXIS2_PLACEMENT_3D ( 'NONE', #1772, #7011, #7046 ) ;
#5832 = EDGE_CURVE ( 'NONE', #3114, #5628, #6494, .T. ) ;
#5833 = CARTESIAN_POINT ( 'NONE',  ( 87.50000000000000000, 90.00000000000000000, 60.00000000000000000 ) ) ;
#5834 = EDGE_CURVE ( 'NONE', #1033, #3164, #3006, .T. ) ;
#5835 = ORIENTED_EDGE ( 'NONE', *, *, #3821, .F. ) ;
#5836 = ORIENTED_EDGE ( 'NONE', *, *, #2829, .F. ) ;
#5837 = CARTESIAN_POINT ( 'NONE',  ( 98.00000000000000000, 1.000000000000000000, 2.000000000000000000 ) ) ;
#5838 = PLANE ( 'NONE',  #336 ) ;
#5839 = LINE ( 'NONE', #4761, #7155 ) ;
#5840 = VERTEX_POINT ( 'NONE', #2553 ) ;
#5841 = ORIENTED_EDGE ( 'NONE', *, *, #5140, .F. ) ;
#5842 = VECTOR ( 'NONE', #524, 1000.000000000000000 ) ;
#5843 = PLANE ( 'NONE',  #6305 ) ;
#5844 = DIRECTION ( 'NONE',  ( 1.000000000000000000, 0.000000000000000000, -0.000000000000000000 ) ) ;
#5845 = CARTESIAN_POINT ( 'NONE',  ( 10.00000000000000000, 12.50000000000000000, 2.000000000000000000 ) ) ;
#5846 = CARTESIAN_POINT ( 'NONE',  ( 12.50000000000000000, 84.99999999999998579, 2.000000000000000000 ) ) ;
#5847 = ORIENTED_EDGE ( 'NONE', *, *, #4284, .F. ) ;
#5848 = DIRECTION ( 'NONE',  ( 1.000000000000000000, 0.000000000000000000, -0.000000000000000000 ) ) ;
#5849 = CARTESIAN_POINT ( 'NONE',  ( 6.999999999999999112, 5.000000000000004441, 78.00000000000000000 ) ) ;
#5850 = DIRECTION ( 'NONE',  ( -0.000000000000000000, 1.000000000000000000, 0.000000000000000000 ) ) ;
#5851 = CARTESIAN_POINT ( 'NONE',  ( 95.00000000000000000, 50.00000000000000000, 37.00000000000000000 ) ) ;
#5852 = VECTOR ( 'NONE', #3264, 1000.000000000000000 ) ;
#5853 = ORIENTED_EDGE ( 'NONE', *, *, #5684, .T. ) ;
#5854 = CARTESIAN_POINT ( 'NONE',  ( 93.00000000000000000, 98.00000000000000000, 93.00000000000000000 ) ) ;
#5855 = EDGE_LOOP ( 'NONE', ( #1767, #2516, #4317, #2595 ) ) ;
#5856 = CARTESIAN_POINT ( 'NONE',  ( 50.00000000000000000, 20.00000000000000355, 48.00000000000000000 ) ) ;
#5857 = ORIENTED_EDGE ( 'NONE', *, *, #3601, .F. ) ;
#5858 = CARTESIAN_POINT ( 'NONE',  ( 15.00000000000000000, 50.00000000000000000, 37.00000000000000000 ) ) ;
#5859 = DIRECTION ( 'NONE',  ( -0.000000000000000000, 0.000000000000000000, -1.000000000000000000 ) ) ;
#5860 = DIRECTION ( 'NONE',  ( -0.000000000000000000, 1.000000000000000000, 0.000000000000000000 ) ) ;
#5861 = ADVANCED_FACE ( 'NONE', ( #4824 ), #7095, .T. ) ;
#5862 = ADVANCED_FACE ( 'NONE', ( #5826 ), #5270, .T. ) ;
#5863 = VECTOR ( 'NONE', #5110, 1000.000000000000000 ) ;
#5864 = VERTEX_POINT ( 'NONE', #1027 ) ;
#5865 = DIRECTION ( 'NONE',  ( 1.000000000000000000, 0.000000000000000000, -0.000000000000000000 ) ) ;
#5866 = VERTEX_POINT ( 'NONE', #4862 ) ;
#5867 = ORIENTED_EDGE ( 'NONE', *, *, #6519, .F. ) ;
#5868 = LINE ( 'NONE', #4166, #1982 ) ;
#5869 = CARTESIAN_POINT ( 'NONE',  ( 50.00000000000000000, 93.00000000000000000, 39.00000000000000000 ) ) ;
#5870 = AXIS2_PLACEMENT_3D ( 'NONE', #2854, #5120, #6765 ) ;
#5871 = AXIS2_PLACEMENT_3D ( 'NONE', #6013, #1435, #3259 ) ;
#5872 = DIRECTION ( 'NONE',  ( 1.000000000000000000, 0.000000000000000000, 0.000000000000000000 ) ) ;
#5873 = ADVANCED_FACE ( 'NONE', ( #6611 ), #7170, .T. ) ;
#5874 = EDGE_CURVE ( 'NONE', #6664, #853, #6726, .T. ) ;
#5875 = VERTEX_POINT ( 'NONE', #1512 ) ;
#5876 = EDGE_CURVE ( 'NONE', #6565, #2933, #4976, .T. ) ;
#5877 = ORIENTED_EDGE ( 'NONE', *, *, #1825, .F. ) ;
#5878 = VECTOR ( 'NONE', #2746, 1000.000000000000000 ) ;
#5879 = AXIS2_PLACEMENT_3D ( 'NONE', #5746, #656, #1246 ) ;
#5880 = VERTEX_POINT ( 'NONE', #432 ) ;
#5881 = FACE_OUTER_BOUND ( 'NONE', #4585, .T. ) ;
#5882 = DIRECTION ( 'NONE',  ( 0.000000000000000000, 0.000000000000000000, 1.000000000000000000 ) ) ;
#5883 = DIRECTION ( 'NONE',  ( 0.000000000000000000, 0.000000000000000000, 1.000000000000000000 ) ) ;
#5884 = LINE ( 'NONE', #6439, #6065 ) ;
#5885 = LINE ( 'NONE', #3172, #7144 ) ;
#5886 = LINE ( 'NONE', #5363, #2988 ) ;
#5887 = DIRECTION ( 'NONE',  ( -0.000000000000000000, 1.000000000000000000, 0.000000000000000000 ) ) ;
#5888 = PLANE ( 'NONE',  #2312 ) ;
#5889 = EDGE_LOOP ( 'NONE', ( #5721, #7205, #5590, #1847 ) ) ;
#5890 = PLANE ( 'NONE',  #5761 ) ;
#5891 = VECTOR ( 'NONE', #3799, 1000.000000000000000 ) ;
#5892 = ORIENTED_EDGE ( 'NONE', *, *, #4376, .T. ) ;
#5893 = CARTESIAN_POINT ( 'NONE',  ( 84.99999999999998579, 10.00000000000000000, 80.00000000000000000 ) ) ;
#5894 = EDGE_LOOP ( 'NONE', ( #3011, #3833, #6096, #2228 ) ) ;
#5895 = VECTOR ( 'NONE', #5814, 1000.000000000000000 ) ;
#5896 = CARTESIAN_POINT ( 'NONE',  ( 93.00000000000000000, 93.00000000000000000, 2.000000000000000000 ) ) ;
#5897 = CARTESIAN_POINT ( 'NONE',  ( 50.00000000000000000, 15.00000000000000000, 39.00000000000000000 ) ) ;
#5898 = VERTEX_POINT ( 'NONE', #6686 ) ;
#5899 = LINE ( 'NONE', #733, #5987 ) ;
#5900 = VECTOR ( 'NONE', #1836, 1000.000000000000000 ) ;
#5901 = ORIENTED_EDGE ( 'NONE', *, *, #5876, .F. ) ;
#5902 = DIRECTION ( 'NONE',  ( -1.000000000000000000, 0.000000000000000000, 0.000000000000000000 ) ) ;
#5903 = ORIENTED_EDGE ( 'NONE', *, *, #4736, .F. ) ;
#5904 = VERTEX_POINT ( 'NONE', #5486 ) ;
#5905 = CARTESIAN_POINT ( 'NONE',  ( 7.000000000000006217, 4.500000000000000000, 2.000000000000000000 ) ) ;
#5906 = ADVANCED_FACE ( 'NONE', ( #1585 ), #3816, .T. ) ;
#5907 = EDGE_CURVE ( 'NONE', #447, #1068, #4380, .T. ) ;
#5908 = DIRECTION ( 'NONE',  ( -1.000000000000000000, -0.000000000000000000, 0.000000000000000000 ) ) ;
#5909 = CARTESIAN_POINT ( 'NONE',  ( 10.00000000000000000, 12.50000000000000000, 36.00000000000000000 ) ) ;
#5910 = ORIENTED_EDGE ( 'NONE', *, *, #2317, .F. ) ;
#5911 = EDGE_LOOP ( 'NONE', ( #3825, #1218, #1248, #6842 ) ) ;
#5912 = AXIS2_PLACEMENT_3D ( 'NONE', #1260, #3536, #5800 ) ;
#5913 = ORIENTED_EDGE ( 'NONE', *, *, #3684, .T. ) ;
#5914 = DIRECTION ( 'NONE',  ( -1.000000000000000000, -0.000000000000000000, 0.000000000000000000 ) ) ;
#5915 = ADVANCED_FACE ( 'NONE', ( #4411 ), #3782, .F. ) ;
#5916 = EDGE_CURVE ( 'NONE', #6504, #780, #2030, .T. ) ;
#5917 = ADVANCED_FACE ( 'NONE', ( #2068 ), #6573, .T. ) ;
#5918 = CARTESIAN_POINT ( 'NONE',  ( 90.00000000000000000, 10.00000000000000178, 63.00000000000000000 ) ) ;
#5919 = LINE ( 'NONE', #822, #6497 ) ;
#5920 = DIRECTION ( 'NONE',  ( 1.000000000000000000, 0.000000000000000000, 0.000000000000000000 ) ) ;
#5921 = VECTOR ( 'NONE', #1826, 1000.000000000000000 ) ;
#5922 = CLOSED_SHELL ( 'NONE', ( #6361, #7246, #1100, #3420, #3459, #1370 ) ) ;
#5923 = CARTESIAN_POINT ( 'NONE',  ( 4.500000000000000000, 93.00000000000000000, 2.000000000000000000 ) ) ;
#5924 = LINE ( 'NONE', #1345, #721 ) ;
#5925 = CARTESIAN_POINT ( 'NONE',  ( 90.00000000000000000, 12.50000000000000000, 2.000000000000000000 ) ) ;
#5926 = PLANE ( 'NONE',  #654 ) ;
#5927 = ORIENTED_EDGE ( 'NONE', *, *, #2647, .T. ) ;
#5928 = DIRECTION ( 'NONE',  ( 0.000000000000000000, -1.000000000000000000, 0.000000000000000000 ) ) ;
#5929 = ORIENTED_EDGE ( 'NONE', *, *, #4643, .T. ) ;
#5930 = PLANE ( 'NONE',  #6446 ) ;
#5931 = ORIENTED_EDGE ( 'NONE', *, *, #645, .T. ) ;
#5932 = PLANE ( 'NONE',  #5303 ) ;
#5933 = DIRECTION ( 'NONE',  ( 0.000000000000000000, 0.000000000000000000, 1.000000000000000000 ) ) ;
#5934 = FACE_OUTER_BOUND ( 'NONE', #4012, .T. ) ;
#5935 = VERTEX_POINT ( 'NONE', #2139 ) ;
#5936 = CARTESIAN_POINT ( 'NONE',  ( 5.000000000000000000, 93.00000000000000000, 36.00000000000000000 ) ) ;
#5937 = ORIENTED_EDGE ( 'NONE', *, *, #153, .F. ) ;
#5938 = VERTEX_POINT ( 'NONE', #6650 ) ;
#5939 = CARTESIAN_POINT ( 'NONE',  ( 15.00000000000000000, 84.99999999999998579, 63.00000000000000000 ) ) ;
#5940 = DIRECTION ( 'NONE',  ( 1.000000000000000000, 0.000000000000000000, -0.000000000000000000 ) ) ;
#5941 = CARTESIAN_POINT ( 'NONE',  ( 90.00000000000000000, 10.00000000000000000, 2.000000000000000000 ) ) ;
#5942 = VECTOR ( 'NONE', #3404, 1000.000000000000000 ) ;
#5943 = DIRECTION ( 'NONE',  ( 0.000000000000000000, -1.000000000000000000, -0.000000000000000000 ) ) ;
#5944 = ORIENTED_EDGE ( 'NONE', *, *, #1149, .T. ) ;
#5945 = VECTOR ( 'NONE', #2843, 1000.000000000000000 ) ;
#5946 = VERTEX_POINT ( 'NONE', #6045 ) ;
#5947 = VERTEX_POINT ( 'NONE', #3300 ) ;
#5948 = CARTESIAN_POINT ( 'NONE',  ( 90.00000000000000000, 15.00000000000000178, 60.00000000000000000 ) ) ;
#5949 = PLANE ( 'NONE',  #3892 ) ;
#5950 = DIRECTION ( 'NONE',  ( -0.000000000000000000, 1.000000000000000000, 0.000000000000000000 ) ) ;
#5951 = AXIS2_PLACEMENT_3D ( 'NONE', #1219, #6816, #1823 ) ;
#5952 = LINE ( 'NONE', #3130, #2985 ) ;
#5953 = EDGE_CURVE ( 'NONE', #3164, #4413, #5411, .T. ) ;
#5954 = EDGE_CURVE ( 'NONE', #3058, #4245, #7279, .T. ) ;
#5955 = FACE_OUTER_BOUND ( 'NONE', #3676, .T. ) ;
#5956 = CARTESIAN_POINT ( 'NONE',  ( 15.00000000000000178, 84.99999999999998579, 78.00000000000000000 ) ) ;
#5957 = CARTESIAN_POINT ( 'NONE',  ( 6.999999999999999112, 50.00000000000000000, 93.00000000000000000 ) ) ;
#5958 = VECTOR ( 'NONE', #1557, 1000.000000000000000 ) ;
#5959 = DIRECTION ( 'NONE',  ( 0.000000000000000000, 0.000000000000000000, 1.000000000000000000 ) ) ;
#5960 = ORIENTED_EDGE ( 'NONE', *, *, #1749, .F. ) ;
#5961 = APPLICATION_PROTOCOL_DEFINITION ( 'international standard', 'config_control_design', 1994, #5441 ) ;
#5962 = EDGE_CURVE ( 'NONE', #6226, #1254, #1545, .T. ) ;
#5963 = EDGE_CURVE ( 'NONE', #3612, #4840, #4448, .T. ) ;
#5964 = ADVANCED_FACE ( 'NONE', ( #6161, #3220, #1065, #6010, #913 ), #3184, .T. ) ;
#5965 = ORIENTED_EDGE ( 'NONE', *, *, #1497, .F. ) ;
#5966 = LINE ( 'NONE', #908, #5033 ) ;
#5967 = ORIENTED_EDGE ( 'NONE', *, *, #3790, .T. ) ;
#5968 = VECTOR ( 'NONE', #5164, 1000.000000000000000 ) ;
#5969 = CARTESIAN_POINT ( 'NONE',  ( 1.999999999999999556, 50.00000000000000000, 2.000000000000000000 ) ) ;
#5970 = DIRECTION ( 'NONE',  ( -1.000000000000000000, -0.000000000000000000, 0.000000000000000000 ) ) ;
#5971 = ORIENTED_EDGE ( 'NONE', *, *, #1235, .T. ) ;
#5972 = FACE_OUTER_BOUND ( 'NONE', #819, .T. ) ;
#5973 = AXIS2_PLACEMENT_3D ( 'NONE', #1309, #5848, #5155 ) ;
#5974 = ORIENTED_EDGE ( 'NONE', *, *, #7338, .F. ) ;
#5975 = PLANE ( 'NONE',  #7308 ) ;
#5976 = ORIENTED_EDGE ( 'NONE', *, *, #2875, .F. ) ;
#5977 = ORIENTED_EDGE ( 'NONE', *, *, #6370, .T. ) ;
#5978 = DIRECTION ( 'NONE',  ( -1.000000000000000000, 0.000000000000000000, 0.000000000000000000 ) ) ;
#5979 = CARTESIAN_POINT ( 'NONE',  ( 90.00000000000000000, 84.99999999999998579, 80.00000000000000000 ) ) ;
#5980 = CARTESIAN_POINT ( 'NONE',  ( 10.00000000000000000, 15.00000000000000178, 2.000000000000000000 ) ) ;
#5981 = DIRECTION ( 'NONE',  ( 0.000000000000000000, 0.000000000000000000, 1.000000000000000000 ) ) ;
#5982 = VERTEX_POINT ( 'NONE', #1205 ) ;
#5983 = ORIENTED_EDGE ( 'NONE', *, *, #1592, .F. ) ;
#5984 = VERTEX_POINT ( 'NONE', #3333 ) ;
#5985 = ORIENTED_EDGE ( 'NONE', *, *, #5141, .T. ) ;
#5986 = CARTESIAN_POINT ( 'NONE',  ( 10.00000000000000000, 12.50000000000000000, 2.000000000000000000 ) ) ;
#5987 = VECTOR ( 'NONE', #4086, 1000.000000000000000 ) ;
#5988 = FACE_BOUND ( 'NONE', #6889, .T. ) ;
#5989 = CARTESIAN_POINT ( 'NONE',  ( 15.00000000000000000, 15.00000000000000000, 78.00000000000000000 ) ) ;
#5990 = LINE ( 'NONE', #897, #2882 ) ;
#5991 = VECTOR ( 'NONE', #6303, 1000.000000000000000 ) ;
#5992 = AXIS2_PLACEMENT_3D ( 'NONE', #1950, #904, #869 ) ;
#5993 = AXIS2_PLACEMENT_3D ( 'NONE', #6563, #5403, #4743 ) ;
#5994 = CARTESIAN_POINT ( 'NONE',  ( 84.99999999999998579, 50.00000000000000000, 37.00000000000000000 ) ) ;
#5995 = CARTESIAN_POINT ( 'NONE',  ( 84.99999999999998579, 90.00000000000000000, 61.00000000000000000 ) ) ;
#5996 = DIRECTION ( 'NONE',  ( 0.000000000000000000, 0.000000000000000000, 1.000000000000000000 ) ) ;
#5997 = EDGE_CURVE ( 'NONE', #1182, #6791, #59, .T. ) ;
#5998 = ADVANCED_FACE ( 'NONE', ( #4527 ), #5087, .F. ) ;
#5999 = PLANE ( 'NONE',  #3744 ) ;
#6000 = ORIENTED_EDGE ( 'NONE', *, *, #3500, .F. ) ;
#6001 = CARTESIAN_POINT ( 'NONE',  ( 10.00000000000000000, 10.00000000000000000, 98.00000000000000000 ) ) ;
#6002 = ORIENTED_EDGE ( 'NONE', *, *, #471, .F. ) ;
#6003 = CARTESIAN_POINT ( 'NONE',  ( 1.999999999999999556, 1.999999999999999556, 2.000000000000000000 ) ) ;
#6004 = CARTESIAN_POINT ( 'NONE',  ( 84.99999999999998579, 90.00000000000000000, 80.00000000000000000 ) ) ;
#6005 = DIRECTION ( 'NONE',  ( -1.000000000000000000, -0.000000000000000000, 0.000000000000000000 ) ) ;
#6006 = EDGE_CURVE ( 'NONE', #1033, #2442, #1777, .T. ) ;
#6007 = EDGE_CURVE ( 'NONE', #2642, #5898, #2780, .T. ) ;
#6009 = EDGE_CURVE ( 'NONE', #4875, #7171, #5047, .T. ) ;
#6008 = DIRECTION ( 'NONE',  ( 0.000000000000000000, -1.000000000000000000, -0.000000000000000000 ) ) ;
#6010 = FACE_BOUND ( 'NONE', #2842, .T. ) ;
#6011 = ORIENTED_EDGE ( 'NONE', *, *, #420, .F. ) ;
#6012 = VECTOR ( 'NONE', #3219, 1000.000000000000000 ) ;
#6013 = CARTESIAN_POINT ( 'NONE',  ( 50.00000000000000000, 5.000000000000004441, 61.00000000000000000 ) ) ;
#6014 = ORIENTED_EDGE ( 'NONE', *, *, #500, .F. ) ;
#6015 = VECTOR ( 'NONE', #467, 1000.000000000000000 ) ;
#6016 = FACE_OUTER_BOUND ( 'NONE', #1366, .T. ) ;
#6017 = ORIENTED_EDGE ( 'NONE', *, *, #5102, .F. ) ;
#6018 = DIRECTION ( 'NONE',  ( 0.000000000000000000, 0.000000000000000000, 1.000000000000000000 ) ) ;
#6019 = DIRECTION ( 'NONE',  ( 0.000000000000000000, 0.000000000000000000, 1.000000000000000000 ) ) ;
#6020 = AXIS2_PLACEMENT_3D ( 'NONE', #1871, #4033, #2991 ) ;
#6021 = LINE ( 'NONE', #7142, #7314 ) ;
#6022 = ORIENTED_EDGE ( 'NONE', *, *, #5018, .F. ) ;
#6023 = ORIENTED_EDGE ( 'NONE', *, *, #817, .T. ) ;
#6024 = ORIENTED_EDGE ( 'NONE', *, *, #3199, .F. ) ;
#6025 = ORIENTED_EDGE ( 'NONE', *, *, #6057, .T. ) ;
#6026 = CARTESIAN_POINT ( 'NONE',  ( 50.00000000000000000, 6.999999999999999112, 39.00000000000000000 ) ) ;
#6027 = PLANE ( 'NONE',  #6368 ) ;
#6028 = CARTESIAN_POINT ( 'NONE',  ( 7.000000000000000000, 93.00000000000000000, 37.00000000000000000 ) ) ;
#6029 = CARTESIAN_POINT ( 'NONE',  ( 2.000000000000000000, 0.000000000000000000, 2.000000000000000000 ) ) ;
#6030 = DIRECTION ( 'NONE',  ( 0.000000000000000000, 0.000000000000000000, 1.000000000000000000 ) ) ;
#6031 = LINE ( 'NONE', #2806, #963 ) ;
#6032 = LINE ( 'NONE', #7159, #6459 ) ;
#6033 = LINE ( 'NONE', #5476, #2341 ) ;
#6034 = VECTOR ( 'NONE', #5940, 1000.000000000000000 ) ;
#6035 = DIRECTION ( 'NONE',  ( -0.000000000000000000, 1.000000000000000000, 0.000000000000000000 ) ) ;
#6036 = ORIENTED_EDGE ( 'NONE', *, *, #2422, .F. ) ;
#6037 =( NAMED_UNIT ( * ) PLANE_ANGLE_UNIT ( ) SI_UNIT ( $, .RADIAN. ) );
#6038 = EDGE_CURVE ( 'NONE', #4802, #1958, #7319, .T. ) ;
#6039 = EDGE_CURVE ( 'NONE', #4720, #2154, #4006, .T. ) ;
#6040 = VERTEX_POINT ( 'NONE', #4042 ) ;
#6041 = DIRECTION ( 'NONE',  ( 0.000000000000000000, 0.000000000000000000, -1.000000000000000000 ) ) ;
#6042 = CARTESIAN_POINT ( 'NONE',  ( 10.00000000000000000, 15.00000000000000178, 37.00000000000000000 ) ) ;
#6043 = CARTESIAN_POINT ( 'NONE',  ( 15.00000000000000178, 12.50000000000000000, 77.00000000000000000 ) ) ;
#6044 = CARTESIAN_POINT ( 'NONE',  ( 84.99999999999998579, 90.00000000000000000, 2.000000000000000000 ) ) ;
#6045 = CARTESIAN_POINT ( 'NONE',  ( 15.00000000000000178, 10.00000000000000000, 98.00000000000000000 ) ) ;
#6046 = ORIENTED_EDGE ( 'NONE', *, *, #725, .T. ) ;
#6047 = CARTESIAN_POINT ( 'NONE',  ( 2.000000000000000000, 100.0000000000000000, 98.00000000000000000 ) ) ;
#6048 = EDGE_CURVE ( 'NONE', #4482, #124, #2216, .T. ) ;
#6049 = ADVANCED_FACE ( 'NONE', ( #4599 ), #2819, .T. ) ;
#6050 = EDGE_CURVE ( 'NONE', #4538, #3114, #3407, .T. ) ;
#6051 = EDGE_LOOP ( 'NONE', ( #6023, #2109, #4834, #6627 ) ) ;
#6052 = CARTESIAN_POINT ( 'NONE',  ( 50.00000000000000000, 4.500000000000000000, 93.00000000000000000 ) ) ;
#6053 = ORIENTED_EDGE ( 'NONE', *, *, #1705, .T. ) ;
#6054 = CARTESIAN_POINT ( 'NONE',  ( 10.00000000000000000, 10.00000000000000000, 63.00000000000000000 ) ) ;
#6055 = LINE ( 'NONE', #4349, #6924 ) ;
#6056 = CARTESIAN_POINT ( 'NONE',  ( 10.00000000000000000, 90.00000000000000000, 22.00000000000000000 ) ) ;
#6057 = EDGE_CURVE ( 'NONE', #4681, #5904, #1136, .T. ) ;
#6058 = EDGE_CURVE ( 'NONE', #6113, #5160, #5675, .T. ) ;
#6059 = VERTEX_POINT ( 'NONE', #23 ) ;
#6060 = ORIENTED_EDGE ( 'NONE', *, *, #5062, .T. ) ;
#6061 = ORIENTED_EDGE ( 'NONE', *, *, #1102, .F. ) ;
#6062 = DIRECTION ( 'NONE',  ( -0.000000000000000000, 1.000000000000000000, 0.000000000000000000 ) ) ;
#6063 = DIRECTION ( 'NONE',  ( 0.000000000000000000, -1.000000000000000000, 0.000000000000000000 ) ) ;
#6064 = LINE ( 'NONE', #3951, #3311 ) ;
#6065 = VECTOR ( 'NONE', #751, 1000.000000000000000 ) ;
#6066 = LINE ( 'NONE', #6029, #603 ) ;
#6067 = VECTOR ( 'NONE', #3723, 1000.000000000000000 ) ;
#6068 = LINE ( 'NONE', #6634, #175 ) ;
#6069 = AXIS2_PLACEMENT_3D ( 'NONE', #5923, #7157, #6597 ) ;
#6070 = DIRECTION ( 'NONE',  ( -0.000000000000000000, 1.000000000000000000, 0.000000000000000000 ) ) ;
#6071 = FACE_OUTER_BOUND ( 'NONE', #4615, .T. ) ;
#6072 = DIRECTION ( 'NONE',  ( 0.000000000000000000, 0.000000000000000000, 1.000000000000000000 ) ) ;
#6073 = DIRECTION ( 'NONE',  ( 0.000000000000000000, -1.000000000000000000, 0.000000000000000000 ) ) ;
#6074 = ORIENTED_EDGE ( 'NONE', *, *, #1738, .F. ) ;
#6075 = CALENDAR_DATE ( 2026, 6, 10 ) ;
#6076 = ORIENTED_EDGE ( 'NONE', *, *, #4871, .T. ) ;
#6077 = CARTESIAN_POINT ( 'NONE',  ( 84.99999999999998579, 50.00000000000000000, 63.00000000000000000 ) ) ;
#6078 = DIRECTION ( 'NONE',  ( 0.000000000000000000, 0.000000000000000000, 1.000000000000000000 ) ) ;
#6079 = VECTOR ( 'NONE', #5104, 1000.000000000000000 ) ;
#6080 = FACE_OUTER_BOUND ( 'NONE', #3185, .T. ) ;
#6081 = DIRECTION ( 'NONE',  ( -1.000000000000000000, 0.000000000000000000, 0.000000000000000000 ) ) ;
#6082 = CARTESIAN_POINT ( 'NONE',  ( 6.999999999999999112, 50.00000000000000000, 61.00000000000000000 ) ) ;
#6083 = ORIENTED_EDGE ( 'NONE', *, *, #4501, .T. ) ;
#6084 = DIRECTION ( 'NONE',  ( -0.000000000000000000, 1.000000000000000000, 0.000000000000000000 ) ) ;
#6085 = ORIENTED_EDGE ( 'NONE', *, *, #1179, .T. ) ;
#6086 = VECTOR ( 'NONE', #4189, 1000.000000000000000 ) ;
#6087 = DIRECTION ( 'NONE',  ( -0.000000000000000000, 0.000000000000000000, -1.000000000000000000 ) ) ;
#6088 = ORIENTED_EDGE ( 'NONE', *, *, #231, .F. ) ;
#6089 = CARTESIAN_POINT ( 'NONE',  ( 12.50000000000000000, 10.00000000000000000, 2.000000000000000000 ) ) ;
#6090 = ADVANCED_FACE ( 'NONE', ( #6874 ), #2892, .F. ) ;
#6091 = EDGE_CURVE ( 'NONE', #3029, #3046, #2291, .T. ) ;
#6092 = DIRECTION ( 'NONE',  ( 0.000000000000000000, 1.000000000000000000, 0.000000000000000000 ) ) ;
#6093 = AXIS2_PLACEMENT_3D ( 'NONE', #6490, #6761, #2705 ) ;
#6094 = CARTESIAN_POINT ( 'NONE',  ( 90.00000000000000000, 12.50000000000000000, 2.000000000000000000 ) ) ;
#6095 = ORIENTED_EDGE ( 'NONE', *, *, #5408, .T. ) ;
#6096 = ORIENTED_EDGE ( 'NONE', *, *, #6604, .T. ) ;
#6097 = ORIENTED_EDGE ( 'NONE', *, *, #7009, .T. ) ;
#6098 = LINE ( 'NONE', #7259, #7029 ) ;
#6099 = DIRECTION ( 'NONE',  ( 0.000000000000000000, 0.000000000000000000, 1.000000000000000000 ) ) ;
#6100 = DIRECTION ( 'NONE',  ( 1.000000000000000000, 0.000000000000000000, -0.000000000000000000 ) ) ;
#6101 = EDGE_CURVE ( 'NONE', #4552, #2773, #4562, .T. ) ;
#6102 = EDGE_CURVE ( 'NONE', #6235, #2447, #7228, .T. ) ;
#6103 = CARTESIAN_POINT ( 'NONE',  ( 1.999999999999999556, 98.00000000000000000, 2.000000000000000000 ) ) ;
#6104 = EDGE_CURVE ( 'NONE', #1988, #474, #1492, .T. ) ;
#6105 = PLANE ( 'NONE',  #1844 ) ;
#6106 = LINE ( 'NONE', #6180, #607 ) ;
#6107 = LINE ( 'NONE', #7230, #4921 ) ;
#6108 = PLANE ( 'NONE',  #2708 ) ;
#6109 = DIRECTION ( 'NONE',  ( 0.000000000000000000, -0.000000000000000000, 1.000000000000000000 ) ) ;
#6110 = AXIS2_PLACEMENT_3D ( 'NONE', #5449, #354, #2628 ) ;
#6111 = AXIS2_PLACEMENT_3D ( 'NONE', #3599, #5860, #767 ) ;
#6112 = AXIS2_PLACEMENT_3D ( 'NONE', #2659, #4999, #6109 ) ;
#6113 = VERTEX_POINT ( 'NONE', #6749 ) ;
#6114 = ORIENTED_EDGE ( 'NONE', *, *, #1703, .T. ) ;
#6115 = DIRECTION ( 'NONE',  ( -0.000000000000000000, 1.000000000000000000, 0.000000000000000000 ) ) ;
#6116 = AXIS2_PLACEMENT_3D ( 'NONE', #4537, #625, #6130 ) ;
#6117 = FACE_OUTER_BOUND ( 'NONE', #5428, .T. ) ;
#6118 = APPROVAL_PERSON_ORGANIZATION ( #311, #4178, #940 ) ;
#6119 = ORIENTED_EDGE ( 'NONE', *, *, #4687, .T. ) ;
#6120 = FACE_OUTER_BOUND ( 'NONE', #4335, .T. ) ;
#6121 = LINE ( 'NONE', #5046, #4452 ) ;
#6122 = CARTESIAN_POINT ( 'NONE',  ( 90.00000000000000000, 50.00000000000000000, 39.00000000000000000 ) ) ;
#6123 = ORIENTED_EDGE ( 'NONE', *, *, #190, .F. ) ;
#6124 = PLANE ( 'NONE',  #5749 ) ;
#6125 = EDGE_LOOP ( 'NONE', ( #2378, #722, #3683, #6827 ) ) ;
#6126 = DIRECTION ( 'NONE',  ( -1.000000000000000000, -0.000000000000000000, 0.000000000000000000 ) ) ;
#6127 = ORIENTED_EDGE ( 'NONE', *, *, #2970, .F. ) ;
#6128 = LINE ( 'NONE', #4946, #2118 ) ;
#6129 = CARTESIAN_POINT ( 'NONE',  ( 84.99999999999998579, 10.00000000000000000, 61.00000000000000000 ) ) ;
#6130 = DIRECTION ( 'NONE',  ( 1.000000000000000000, 0.000000000000000000, -0.000000000000000000 ) ) ;
#6131 = VECTOR ( 'NONE', #5484, 1000.000000000000000 ) ;
#6132 = EDGE_LOOP ( 'NONE', ( #4095, #2554, #388, #2237 ) ) ;
#6133 = APPROVAL ( #1655, 'UNSPECIFIED' ) ;
#6134 = EDGE_CURVE ( 'NONE', #4381, #5654, #2161, .T. ) ;
#6135 = ORIENTED_EDGE ( 'NONE', *, *, #645, .F. ) ;
#6136 = EDGE_LOOP ( 'NONE', ( #6173, #4591, #4330, #3356 ) ) ;
#6137 = DIRECTION ( 'NONE',  ( -0.000000000000000000, 1.000000000000000000, 0.000000000000000000 ) ) ;
#6138 = LINE ( 'NONE', #2372, #6615 ) ;
#6139 = DIRECTION ( 'NONE',  ( -1.000000000000000000, 0.000000000000000000, 0.000000000000000000 ) ) ;
#6140 = VECTOR ( 'NONE', #2563, 1000.000000000000000 ) ;
#6141 = DIRECTION ( 'NONE',  ( 0.000000000000000000, 0.000000000000000000, 1.000000000000000000 ) ) ;
#6142 = VECTOR ( 'NONE', #784, 1000.000000000000000 ) ;
#6143 = ADVANCED_FACE ( 'NONE', ( #1648 ), #2201, .F. ) ;
#6144 = ADVANCED_FACE ( 'NONE', ( #453 ), #4363, .T. ) ;
#6145 = EDGE_CURVE ( 'NONE', #5608, #4000, #6068, .T. ) ;
#6146 = DIRECTION ( 'NONE',  ( -1.000000000000000000, -0.000000000000000000, 0.000000000000000000 ) ) ;
#6147 = DIRECTION ( 'NONE',  ( -0.000000000000000000, 0.000000000000000000, -1.000000000000000000 ) ) ;
#6148 = DIRECTION ( 'NONE',  ( 1.000000000000000000, 0.000000000000000000, -0.000000000000000000 ) ) ;
#6149 = FACE_OUTER_BOUND ( 'NONE', #205, .T. ) ;
#6150 = DIRECTION ( 'NONE',  ( 0.000000000000000000, 0.000000000000000000, 1.000000000000000000 ) ) ;
#6151 = ORIENTED_EDGE ( 'NONE', *, *, #5997, .T. ) ;
#6152 = ADVANCED_FACE ( 'NONE', ( #4995 ), #1085, .T. ) ;
#6153 = CLOSED_SHELL ( 'NONE', ( #4785, #2655, #3096, #1593, #6144, #512 ) ) ;
#6154 = EDGE_LOOP ( 'NONE', ( #6584, #6083, #2402, #5026 ) ) ;
#6155 = VECTOR ( 'NONE', #7139, 1000.000000000000000 ) ;
#6156 = FACE_OUTER_BOUND ( 'NONE', #1829, .T. ) ;
#6157 = CARTESIAN_POINT ( 'NONE',  ( 6.999999999999999112, 50.00000000000000000, 78.00000000000000000 ) ) ;
#6158 = ORIENTED_EDGE ( 'NONE', *, *, #5191, .F. ) ;
#6159 = DIRECTION ( 'NONE',  ( 0.000000000000000000, 0.000000000000000000, 1.000000000000000000 ) ) ;
#6160 = LINE ( 'NONE', #5565, #434 ) ;
#6161 = FACE_BOUND ( 'NONE', #1076, .T. ) ;
#6162 = VERTEX_POINT ( 'NONE', #4435 ) ;
#6163 = VECTOR ( 'NONE', #2123, 1000.000000000000000 ) ;
#6164 = LINE ( 'NONE', #4530, #4446 ) ;
#6165 = ORIENTED_EDGE ( 'NONE', *, *, #6782, .T. ) ;
#6166 = DIRECTION ( 'NONE',  ( 1.000000000000000000, 0.000000000000000000, -0.000000000000000000 ) ) ;
#6167 = ORIENTED_EDGE ( 'NONE', *, *, #7097, .T. ) ;
#6168 = CARTESIAN_POINT ( 'NONE',  ( 7.000000000000006217, 93.00000000000000000, 98.00000000000000000 ) ) ;
#6169 = DIRECTION ( 'NONE',  ( 1.000000000000000000, 0.000000000000000000, -0.000000000000000000 ) ) ;
#6170 = CARTESIAN_POINT ( 'NONE',  ( 98.00000000000000000, 6.999999999999999112, 2.000000000000000000 ) ) ;
#6171 = ORIENTED_EDGE ( 'NONE', *, *, #6281, .T. ) ;
#6172 = VERTEX_POINT ( 'NONE', #2691 ) ;
#6173 = ORIENTED_EDGE ( 'NONE', *, *, #2493, .T. ) ;
#6174 = CARTESIAN_POINT ( 'NONE',  ( 50.00000000000000000, 6.999999999999999112, 22.00000000000000000 ) ) ;
#6175 = CARTESIAN_POINT ( 'NONE',  ( 87.50000000000000000, 10.00000000000000000, 60.00000000000000000 ) ) ;
#6176 = LINE ( 'NONE', #2197, #106 ) ;
#6177 = LINE ( 'NONE', #2839, #6079 ) ;
#6178 = ORIENTED_EDGE ( 'NONE', *, *, #191, .T. ) ;
#6179 = CARTESIAN_POINT ( 'NONE',  ( 50.00000000000000000, 93.00000000000000000, 93.00000000000000000 ) ) ;
#6180 = CARTESIAN_POINT ( 'NONE',  ( 50.00000000000000000, 6.999999999999999112, 39.00000000000000000 ) ) ;
#6181 = VECTOR ( 'NONE', #4034, 1000.000000000000000 ) ;
#6182 = LINE ( 'NONE', #43, #5863 ) ;
#6183 = DIRECTION ( 'NONE',  ( 0.000000000000000000, 0.000000000000000000, 1.000000000000000000 ) ) ;
#6184 = CARTESIAN_POINT ( 'NONE',  ( 15.00000000000000178, 90.00000000000000000, 2.000000000000000000 ) ) ;
#6185 = ADVANCED_FACE ( 'NONE', ( #3357 ), #6105, .T. ) ;
#6186 = EDGE_CURVE ( 'NONE', #5315, #851, #6671, .T. ) ;
#6187 = ORIENTED_EDGE ( 'NONE', *, *, #4565, .T. ) ;
#6188 = VECTOR ( 'NONE', #5631, 1000.000000000000000 ) ;
#6189 = PERSON_AND_ORGANIZATION ( #7219, #2077 ) ;
#6190 = AXIS2_PLACEMENT_3D ( 'NONE', #2912, #1124, #3396 ) ;
#6191 = EDGE_LOOP ( 'NONE', ( #3856, #1524, #1141, #7036 ) ) ;
#6192 = ORIENTED_EDGE ( 'NONE', *, *, #4607, .T. ) ;
#6193 = LINE ( 'NONE', #2134, #2296 ) ;
#6194 = DIRECTION ( 'NONE',  ( 1.000000000000000000, 0.000000000000000000, -0.000000000000000000 ) ) ;
#6195 = DIRECTION ( 'NONE',  ( 0.000000000000000000, 0.000000000000000000, 1.000000000000000000 ) ) ;
#6196 = LINE ( 'NONE', #541, #887 ) ;
#6197 = DIRECTION ( 'NONE',  ( -1.000000000000000000, -0.000000000000000000, 0.000000000000000000 ) ) ;
#6198 = ADVANCED_FACE ( 'NONE', ( #3245 ), #2055, .T. ) ;
#6199 = EDGE_CURVE ( 'NONE', #6315, #4867, #3768, .T. ) ;
#6200 = EDGE_CURVE ( 'NONE', #4036, #1448, #380, .T. ) ;
#6201 = VERTEX_POINT ( 'NONE', #7265 ) ;
#6202 = DIRECTION ( 'NONE',  ( 1.000000000000000000, 0.000000000000000000, -0.000000000000000000 ) ) ;
#6203 = VERTEX_POINT ( 'NONE', #934 ) ;
#6204 = CARTESIAN_POINT ( 'NONE',  ( 90.00000000000000000, 87.50000000000000000, 60.00000000000000000 ) ) ;
#6205 = ORIENTED_EDGE ( 'NONE', *, *, #6592, .T. ) ;
#6206 = DIRECTION ( 'NONE',  ( -1.000000000000000000, 0.000000000000000000, 0.000000000000000000 ) ) ;
#6207 = DIRECTION ( 'NONE',  ( 0.000000000000000000, 0.000000000000000000, 1.000000000000000000 ) ) ;
#6208 = CARTESIAN_POINT ( 'NONE',  ( 87.50000000000000000, 90.00000000000000000, 36.00000000000000000 ) ) ;
#6209 = ORIENTED_EDGE ( 'NONE', *, *, #3979, .F. ) ;
#6210 = ORIENTED_EDGE ( 'NONE', *, *, #7037, .F. ) ;
#6211 = ORIENTED_EDGE ( 'NONE', *, *, #2272, .T. ) ;
#6212 = LINE ( 'NONE', #1155, #1560 ) ;
#6213 = PLANE ( 'NONE',  #4118 ) ;
#6214 = CARTESIAN_POINT ( 'NONE',  ( 98.00000000000000000, 7.000000000000006217, 98.00000000000000000 ) ) ;
#6215 = VECTOR ( 'NONE', #2898, 1000.000000000000000 ) ;
#6216 = DIRECTION ( 'NONE',  ( -0.000000000000000000, 0.000000000000000000, -1.000000000000000000 ) ) ;
#6217 = ORIENTED_EDGE ( 'NONE', *, *, #2927, .T. ) ;
#6218 = FACE_OUTER_BOUND ( 'NONE', #1778, .T. ) ;
#6219 = DIRECTION ( 'NONE',  ( 0.000000000000000000, 0.000000000000000000, 1.000000000000000000 ) ) ;
#6220 = LINE ( 'NONE', #4477, #5509 ) ;
#6221 = DIRECTION ( 'NONE',  ( 0.000000000000000000, 0.000000000000000000, 1.000000000000000000 ) ) ;
#6222 = FACE_OUTER_BOUND ( 'NONE', #5320, .T. ) ;
#6223 = ORIENTED_EDGE ( 'NONE', *, *, #2511, .T. ) ;
#6224 = VECTOR ( 'NONE', #3730, 1000.000000000000000 ) ;
#6225 = EDGE_LOOP ( 'NONE', ( #2752, #5354, #3935, #6865 ) ) ;
#6226 = VERTEX_POINT ( 'NONE', #6710 ) ;
#6227 = EDGE_CURVE ( 'NONE', #1217, #1182, #3878, .T. ) ;
#6228 = PLANE ( 'NONE',  #4197 ) ;
#6229 = EDGE_CURVE ( 'NONE', #5208, #3091, #3318, .T. ) ;
#6230 = DIRECTION ( 'NONE',  ( 0.000000000000000000, -1.000000000000000000, -0.000000000000000000 ) ) ;
#6231 = CARTESIAN_POINT ( 'NONE',  ( 93.00000000000000000, 50.00000000000000000, 2.000000000000000000 ) ) ;
#6232 = VECTOR ( 'NONE', #283, 1000.000000000000000 ) ;
#6233 = DIRECTION ( 'NONE',  ( -1.000000000000000000, -0.000000000000000000, 0.000000000000000000 ) ) ;
#6234 = DIRECTION ( 'NONE',  ( -0.000000000000000000, 0.000000000000000000, -1.000000000000000000 ) ) ;
#6235 = VERTEX_POINT ( 'NONE', #5034 ) ;
#6236 = DIRECTION ( 'NONE',  ( -1.000000000000000000, -0.000000000000000000, 0.000000000000000000 ) ) ;
#6237 = AXIS2_PLACEMENT_3D ( 'NONE', #4900, #4940, #7207 ) ;
#6238 = VERTEX_POINT ( 'NONE', #2653 ) ;
#6239 = EDGE_CURVE ( 'NONE', #5064, #3022, #4925, .T. ) ;
#6240 = LINE ( 'NONE', #1629, #2051 ) ;
#6241 = ADVANCED_FACE ( 'NONE', ( #4721 ), #1123, .F. ) ;
#6242 = EDGE_CURVE ( 'NONE', #5383, #592, #2486, .T. ) ;
#6243 = ORIENTED_EDGE ( 'NONE', *, *, #2054, .F. ) ;
#6244 = CARTESIAN_POINT ( 'NONE',  ( 90.00000000000000000, 90.00000000000000000, 80.00000000000000000 ) ) ;
#6245 = CARTESIAN_POINT ( 'NONE',  ( 84.99999999999998579, 90.00000000000000000, 19.00000000000000000 ) ) ;
#6246 = DIRECTION ( 'NONE',  ( 0.000000000000000000, -1.000000000000000000, 0.000000000000000000 ) ) ;
#6247 = VERTEX_POINT ( 'NONE', #739 ) ;
#6248 = ORIENTED_EDGE ( 'NONE', *, *, #2274, .T. ) ;
#6249 = EDGE_LOOP ( 'NONE', ( #1735, #7359, #2041, #892 ) ) ;
#6250 = DIRECTION ( 'NONE',  ( -1.000000000000000000, -0.000000000000000000, 0.000000000000000000 ) ) ;
#6251 = CARTESIAN_POINT ( 'NONE',  ( 93.00000000000000000, 6.999999999999999112, 98.00000000000000000 ) ) ;
#6252 = DIRECTION ( 'NONE',  ( 0.000000000000000000, 0.000000000000000000, -1.000000000000000000 ) ) ;
#6253 = VECTOR ( 'NONE', #4228, 1000.000000000000000 ) ;
#6254 = ORIENTED_EDGE ( 'NONE', *, *, #6420, .F. ) ;
#6255 = AXIS2_PLACEMENT_3D ( 'NONE', #5335, #7086, #3731 ) ;
#6256 = PLANE ( 'NONE',  #5127 ) ;
#6257 = DIRECTION ( 'NONE',  ( 1.000000000000000000, 0.000000000000000000, -0.000000000000000000 ) ) ;
#6258 = LINE ( 'NONE', #120, #5900 ) ;
#6259 = DIRECTION ( 'NONE',  ( 0.000000000000000000, -0.000000000000000000, 1.000000000000000000 ) ) ;
#6260 = ORIENTED_EDGE ( 'NONE', *, *, #6272, .T. ) ;
#6261 = VECTOR ( 'NONE', #1017, 1000.000000000000000 ) ;
#6262 = VERTEX_POINT ( 'NONE', #4682 ) ;
#6263 = ORIENTED_EDGE ( 'NONE', *, *, #6977, .F. ) ;
#6264 = PLANE ( 'NONE',  #3126 ) ;
#6265 = FACE_OUTER_BOUND ( 'NONE', #2336, .T. ) ;
#6266 = CARTESIAN_POINT ( 'NONE',  ( 1.000000000000000000, 0.000000000000000000, 98.00000000000000000 ) ) ;
#6267 = LINE ( 'NONE', #2290, #3621 ) ;
#6268 = DIRECTION ( 'NONE',  ( 0.000000000000000000, 0.000000000000000000, 1.000000000000000000 ) ) ;
#6269 = ORIENTED_EDGE ( 'NONE', *, *, #596, .T. ) ;
#6270 = CARTESIAN_POINT ( 'NONE',  ( 50.00000000000000000, 10.00000000000000178, 63.00000000000000000 ) ) ;
#6271 = CC_DESIGN_PERSON_AND_ORGANIZATION_ASSIGNMENT ( #6189, #2247, ( #1129 ) ) ;
#6272 = EDGE_CURVE ( 'NONE', #4343, #6238, #6920, .T. ) ;
#6273 = ORIENTED_EDGE ( 'NONE', *, *, #48, .F. ) ;
#6274 = DIRECTION ( 'NONE',  ( 0.000000000000000000, -1.000000000000000000, -0.000000000000000000 ) ) ;
#6275 = VERTEX_POINT ( 'NONE', #5277 ) ;
#6276 = DIRECTION ( 'NONE',  ( 0.000000000000000000, 0.000000000000000000, 1.000000000000000000 ) ) ;
#6277 = AXIS2_PLACEMENT_3D ( 'NONE', #5752, #5166, #105 ) ;
#6278 = LINE ( 'NONE', #5612, #2556 ) ;
#6279 = CLOSED_SHELL ( 'NONE', ( #7366, #5461, #2187, #4686, #6372, #3727 ) ) ;
#6280 = EDGE_CURVE ( 'NONE', #4614, #2642, #4512, .T. ) ;
#6281 = EDGE_CURVE ( 'NONE', #135, #3058, #5795, .T. ) ;
#6282 = ADVANCED_FACE ( 'NONE', ( #2379 ), #1293, .T. ) ;
#6283 = VERTEX_POINT ( 'NONE', #3638 ) ;
#6284 = EDGE_LOOP ( 'NONE', ( #2192, #2410, #1706, #1795 ) ) ;
#6285 = ORIENTED_EDGE ( 'NONE', *, *, #1509, .T. ) ;
#6286 = DIRECTION ( 'NONE',  ( 0.000000000000000000, 0.000000000000000000, 1.000000000000000000 ) ) ;
#6287 = LINE ( 'NONE', #3426, #4980 ) ;
#6288 = CARTESIAN_POINT ( 'NONE',  ( 12.50000000000000000, 84.99999999999998579, 60.00000000000000000 ) ) ;
#6289 = ADVANCED_FACE ( 'NONE', ( #4648 ), #4088, .T. ) ;
#6290 = ADVANCED_FACE ( 'NONE', ( #3605 ), #5660, .F. ) ;
#6291 = EDGE_LOOP ( 'NONE', ( #5079, #4531, #4135, #2395 ) ) ;
#6292 = DIRECTION ( 'NONE',  ( -0.000000000000000000, 0.000000000000000000, -1.000000000000000000 ) ) ;
#6293 = PLANE ( 'NONE',  #1348 ) ;
#6294 = FACE_OUTER_BOUND ( 'NONE', #2304, .T. ) ;
#6295 = LINE ( 'NONE', #1091, #5470 ) ;
#6296 = ORIENTED_EDGE ( 'NONE', *, *, #3694, .T. ) ;
#6297 = EDGE_LOOP ( 'NONE', ( #4277, #2285, #463, #4592 ) ) ;
#6298 = ORIENTED_EDGE ( 'NONE', *, *, #2242, .T. ) ;
#6299 = CARTESIAN_POINT ( 'NONE',  ( 87.50000000000000000, 84.99999999999998579, 60.00000000000000000 ) ) ;
#6300 = DIRECTION ( 'NONE',  ( 1.000000000000000000, 0.000000000000000000, 0.000000000000000000 ) ) ;
#6301 = CARTESIAN_POINT ( 'NONE',  ( 4.500000000000000000, 50.00000000000000000, 98.00000000000000000 ) ) ;
#6302 = DIRECTION ( 'NONE',  ( -0.000000000000000000, 1.000000000000000000, 0.000000000000000000 ) ) ;
#6303 = DIRECTION ( 'NONE',  ( 0.000000000000000000, 0.000000000000000000, 1.000000000000000000 ) ) ;
#6304 = ORIENTED_EDGE ( 'NONE', *, *, #406, .F. ) ;
#6305 = AXIS2_PLACEMENT_3D ( 'NONE', #1340, #5392, #4845 ) ;
#6306 = PLANE ( 'NONE',  #7185 ) ;
#6307 = ORIENTED_EDGE ( 'NONE', *, *, #3881, .F. ) ;
#6308 = FACE_OUTER_BOUND ( 'NONE', #3538, .T. ) ;
#6309 = ORIENTED_EDGE ( 'NONE', *, *, #1885, .F. ) ;
#6310 = VECTOR ( 'NONE', #6286, 1000.000000000000000 ) ;
#6311 = LINE ( 'NONE', #3527, #6877 ) ;
#6312 = CARTESIAN_POINT ( 'NONE',  ( 93.00000000000000000, 7.000000000000006217, 2.000000000000000000 ) ) ;
#6313 = ORIENTED_EDGE ( 'NONE', *, *, #5, .F. ) ;
#6314 = ORIENTED_EDGE ( 'NONE', *, *, #7199, .F. ) ;
#6315 = VERTEX_POINT ( 'NONE', #1820 ) ;
#6316 = FACE_OUTER_BOUND ( 'NONE', #6940, .T. ) ;
#6317 = EDGE_CURVE ( 'NONE', #5750, #207, #7030, .T. ) ;
#6318 = EDGE_CURVE ( 'NONE', #171, #3445, #4756, .T. ) ;
#6319 = VECTOR ( 'NONE', #995, 1000.000000000000000 ) ;
#6320 = FACE_OUTER_BOUND ( 'NONE', #5487, .T. ) ;
#6321 = DIRECTION ( 'NONE',  ( -1.000000000000000000, -0.000000000000000000, 0.000000000000000000 ) ) ;
#6322 = VERTEX_POINT ( 'NONE', #4200 ) ;
#6323 = VECTOR ( 'NONE', #6115, 1000.000000000000000 ) ;
#6324 = CARTESIAN_POINT ( 'NONE',  ( 2.000000000000001776, 98.00000000000000000, 2.000000000000000000 ) ) ;
#6325 = EDGE_CURVE ( 'NONE', #6113, #5098, #6464, .T. ) ;
#6326 = EDGE_CURVE ( 'NONE', #7031, #5153, #6785, .T. ) ;
#6327 = EDGE_CURVE ( 'NONE', #1070, #6565, #1685, .T. ) ;
#6328 = CARTESIAN_POINT ( 'NONE',  ( 93.00000000000000000, 7.000000000000000000, 77.00000000000000000 ) ) ;
#6329 = DIRECTION ( 'NONE',  ( -0.000000000000000000, 0.000000000000000000, -1.000000000000000000 ) ) ;
#6330 = DIRECTION ( 'NONE',  ( 1.000000000000000000, 0.000000000000000000, -0.000000000000000000 ) ) ;
#6331 = VERTEX_POINT ( 'NONE', #144 ) ;
#6332 = VECTOR ( 'NONE', #2664, 1000.000000000000000 ) ;
#6333 = ORIENTED_EDGE ( 'NONE', *, *, #5782, .F. ) ;
#6334 = ORIENTED_EDGE ( 'NONE', *, *, #3915, .F. ) ;
#6335 = CARTESIAN_POINT ( 'NONE',  ( 98.00000000000000000, 7.000000000000006217, 93.00000000000000000 ) ) ;
#6336 = DIRECTION ( 'NONE',  ( 0.000000000000000000, -1.000000000000000000, 0.000000000000000000 ) ) ;
#6337 = DIRECTION ( 'NONE',  ( 0.000000000000000000, 1.000000000000000000, 0.000000000000000000 ) ) ;
#6338 = CARTESIAN_POINT ( 'NONE',  ( 6.999999999999999112, 50.00000000000000000, 2.000000000000000000 ) ) ;
#6339 = VERTEX_POINT ( 'NONE', #6959 ) ;
#6340 = PLANE ( 'NONE',  #5879 ) ;
#6341 = ORIENTED_EDGE ( 'NONE', *, *, #735, .T. ) ;
#6342 = PLANE ( 'NONE',  #7168 ) ;
#6343 = VECTOR ( 'NONE', #4718, 1000.000000000000000 ) ;
#6344 = ORIENTED_EDGE ( 'NONE', *, *, #3266, .F. ) ;
#6345 = CARTESIAN_POINT ( 'NONE',  ( 87.50000000000000000, 15.00000000000000178, 19.00000000000000000 ) ) ;
#6346 = CARTESIAN_POINT ( 'NONE',  ( 1.999999999999999556, 93.00000000000000000, 2.000000000000000000 ) ) ;
#6347 = CARTESIAN_POINT ( 'NONE',  ( 7.000000000000000000, 7.000000000000000000, 60.00000000000000000 ) ) ;
#6348 = VECTOR ( 'NONE', #6390, 1000.000000000000000 ) ;
#6349 = VECTOR ( 'NONE', #6642, 1000.000000000000000 ) ;
#6350 = VECTOR ( 'NONE', #4184, 1000.000000000000000 ) ;
#6351 = ORIENTED_EDGE ( 'NONE', *, *, #824, .T. ) ;
#6352 = CARTESIAN_POINT ( 'NONE',  ( 90.00000000000000000, 12.50000000000000000, 77.00000000000000000 ) ) ;
#6353 = EDGE_LOOP ( 'NONE', ( #5053, #3927, #2280, #7175 ) ) ;
#6354 = ORIENTED_EDGE ( 'NONE', *, *, #2728, .F. ) ;
#6356 = LINE ( 'NONE', #1719, #4412 ) ;
#6355 = AXIS2_PLACEMENT_3D ( 'NONE', #3271, #4910, #5427 ) ;
#6357 = CARTESIAN_POINT ( 'NONE',  ( 84.99999999999998579, 15.00000000000000178, 2.000000000000000000 ) ) ;
#6358 = CARTESIAN_POINT ( 'NONE',  ( 93.00000000000000000, 6.999999999999999112, 2.000000000000000000 ) ) ;
#6359 = ORIENTED_EDGE ( 'NONE', *, *, #3657, .F. ) ;
#6360 = CC_DESIGN_DATE_AND_TIME_ASSIGNMENT ( #797, #237, ( #7233 ) ) ;
#6361 = ADVANCED_FACE ( 'NONE', ( #6218 ), #1857, .T. ) ;
#6362 = ORIENTED_EDGE ( 'NONE', *, *, #2502, .F. ) ;
#6363 = LINE ( 'NONE', #3540, #1683 ) ;
#6364 = MANIFOLD_SOLID_BREP ( 'Frame_vertical_1', #4475 ) ;
#6365 = CARTESIAN_POINT ( 'NONE',  ( 90.00000000000000000, 50.00000000000000000, 78.00000000000000000 ) ) ;
#6366 = CARTESIAN_POINT ( 'NONE',  ( 2.000000000000000000, 0.000000000000000000, 2.000000000000000000 ) ) ;
#6367 = CARTESIAN_POINT ( 'NONE',  ( 4.500000000000000000, 7.000000000000006217, 7.000000000000000000 ) ) ;
#6368 = AXIS2_PLACEMENT_3D ( 'NONE', #3204, #5468, #104 ) ;
#6369 = ORIENTED_EDGE ( 'NONE', *, *, #1414, .T. ) ;
#6370 = EDGE_CURVE ( 'NONE', #5276, #3945, #5244, .T. ) ;
#6371 = EDGE_CURVE ( 'NONE', #2333, #1915, #6655, .T. ) ;
#6372 = ADVANCED_FACE ( 'NONE', ( #6016 ), #2675, .T. ) ;
#6373 = ORIENTED_EDGE ( 'NONE', *, *, #1058, .F. ) ;
#6374 = LINE ( 'NONE', #4631, #633 ) ;
#6375 = DIRECTION ( 'NONE',  ( 1.000000000000000000, 0.000000000000000000, 0.000000000000000000 ) ) ;
#6376 = LINE ( 'NONE', #1774, #5780 ) ;
#6377 = DIRECTION ( 'NONE',  ( -1.000000000000000000, -0.000000000000000000, 0.000000000000000000 ) ) ;
#6378 = VECTOR ( 'NONE', #4759, 1000.000000000000000 ) ;
#6379 = ORIENTED_EDGE ( 'NONE', *, *, #4747, .T. ) ;
#6380 = LINE ( 'NONE', #5817, #3385 ) ;
#6381 = ADVANCED_FACE ( 'NONE', ( #7065 ), #4944, .F. ) ;
#6382 = ORIENTED_EDGE ( 'NONE', *, *, #7338, .T. ) ;
#6383 = DIRECTION ( 'NONE',  ( 0.000000000000000000, 0.000000000000000000, 1.000000000000000000 ) ) ;
#6384 = VERTEX_POINT ( 'NONE', #4308 ) ;
#6385 = DIRECTION ( 'NONE',  ( -1.000000000000000000, -0.000000000000000000, 0.000000000000000000 ) ) ;
#6386 = CARTESIAN_POINT ( 'NONE',  ( 5.000000000000000000, 7.000000000000000000, 36.00000000000000000 ) ) ;
#6387 = LINE ( 'NONE', #4680, #3261 ) ;
#6388 = MANIFOLD_SOLID_BREP ( 'Bolt_1', #5536 ) ;
#6389 = ORIENTED_EDGE ( 'NONE', *, *, #7047, .T. ) ;
#6390 = DIRECTION ( 'NONE',  ( 0.000000000000000000, 0.000000000000000000, 1.000000000000000000 ) ) ;
#6391 = ORIENTED_EDGE ( 'NONE', *, *, #4776, .F. ) ;
#6392 = ORIENTED_EDGE ( 'NONE', *, *, #642, .T. ) ;
#6393 = VECTOR ( 'NONE', #5970, 1000.000000000000000 ) ;
#6394 = CARTESIAN_POINT ( 'NONE',  ( 10.00000000000000000, 10.00000000000000000, 19.00000000000000000 ) ) ;
#6395 = CARTESIAN_POINT ( 'NONE',  ( 99.00000000000000000, 100.0000000000000000, 2.000000000000000000 ) ) ;
#6396 = DIRECTION ( 'NONE',  ( -1.000000000000000000, -0.000000000000000000, 0.000000000000000000 ) ) ;
#6397 = EDGE_LOOP ( 'NONE', ( #4508, #3275, #4483, #655 ) ) ;
#6398 = EDGE_LOOP ( 'NONE', ( #816, #2567, #496, #4355 ) ) ;
#6399 = CARTESIAN_POINT ( 'NONE',  ( 15.00000000000000000, 50.00000000000000000, 63.00000000000000000 ) ) ;
#6400 = FACE_OUTER_BOUND ( 'NONE', #2424, .T. ) ;
#6401 = LINE ( 'NONE', #5807, #4959 ) ;
#6402 = FACE_OUTER_BOUND ( 'NONE', #4134, .T. ) ;
#6403 = ORIENTED_EDGE ( 'NONE', *, *, #5271, .F. ) ;
#6404 = VERTEX_POINT ( 'NONE', #6536 ) ;
#6405 = DIRECTION ( 'NONE',  ( 1.000000000000000000, 0.000000000000000000, -0.000000000000000000 ) ) ;
#6406 = DIRECTION ( 'NONE',  ( 0.000000000000000000, 1.000000000000000000, 0.000000000000000000 ) ) ;
#6407 = LINE ( 'NONE', #6266, #1754 ) ;
#6408 = EDGE_CURVE ( 'NONE', #236, #4198, #7213, .T. ) ;
#6409 = ADVANCED_FACE ( 'NONE', ( #2523 ), #4832, .F. ) ;
#6410 = CARTESIAN_POINT ( 'NONE',  ( 7.000000000000000000, 5.000000000000000000, 19.00000000000000000 ) ) ;
#6411 = EDGE_LOOP ( 'NONE', ( #5222, #6891, #2986, #5480 ) ) ;
#6412 = DIRECTION ( 'NONE',  ( -0.000000000000000000, 0.000000000000000000, -1.000000000000000000 ) ) ;
#6413 = ORIENTED_EDGE ( 'NONE', *, *, #5601, .T. ) ;
#6414 = CARTESIAN_POINT ( 'NONE',  ( 10.00000000000000000, 84.99999999999998579, 77.00000000000000000 ) ) ;
#6415 = ORIENTED_EDGE ( 'NONE', *, *, #5916, .T. ) ;
#6416 = ADVANCED_FACE ( 'NONE', ( #4346 ), #286, .T. ) ;
#6417 = ADVANCED_FACE ( 'NONE', ( #3192 ), #3675, .F. ) ;
#6418 = VECTOR ( 'NONE', #3399, 1000.000000000000000 ) ;
#6420 = EDGE_CURVE ( 'NONE', #746, #495, #1476, .T. ) ;
#6419 = CARTESIAN_POINT ( 'NONE',  ( 84.99999999999998579, 15.00000000000000178, 60.00000000000000000 ) ) ;
#6421 = DIRECTION ( 'NONE',  ( 0.000000000000000000, -0.000000000000000000, 1.000000000000000000 ) ) ;
#6422 = ORIENTED_EDGE ( 'NONE', *, *, #3882, .T. ) ;
#6423 = LINE ( 'NONE', #174, #5284 ) ;
#6424 = ORIENTED_EDGE ( 'NONE', *, *, #1280, .F. ) ;
#6425 = AXIS2_PLACEMENT_3D ( 'NONE', #4661, #2989, #5253 ) ;
#6426 = DIRECTION ( 'NONE',  ( 0.000000000000000000, 0.000000000000000000, 1.000000000000000000 ) ) ;
#6427 = ORIENTED_EDGE ( 'NONE', *, *, #239, .T. ) ;
#6428 = ORIENTED_EDGE ( 'NONE', *, *, #952, .F. ) ;
#6429 = FACE_OUTER_BOUND ( 'NONE', #7221, .T. ) ;
#6430 = DIRECTION ( 'NONE',  ( 0.000000000000000000, 0.000000000000000000, 1.000000000000000000 ) ) ;
#6431 = DIRECTION ( 'NONE',  ( 1.000000000000000000, 0.000000000000000000, 0.000000000000000000 ) ) ;
#6432 = VERTEX_POINT ( 'NONE', #1997 ) ;
#6433 = ORIENTED_EDGE ( 'NONE', *, *, #3748, .F. ) ;
#6434 = AXIS2_PLACEMENT_3D ( 'NONE', #4584, #6321, #6746 ) ;
#6435 = CARTESIAN_POINT ( 'NONE',  ( 93.00000000000000000, 98.00000000000000000, 7.000000000000000000 ) ) ;
#6436 = MANIFOLD_SOLID_BREP ( 'Panel_3_minusY', #6640 ) ;
#6437 = DIRECTION ( 'NONE',  ( 0.000000000000000000, -0.000000000000000000, 1.000000000000000000 ) ) ;
#6438 = CARTESIAN_POINT ( 'NONE',  ( 15.00000000000000178, 15.00000000000000178, 36.00000000000000000 ) ) ;
#6439 = CARTESIAN_POINT ( 'NONE',  ( 98.00000000000000000, 50.00000000000000000, 98.00000000000000000 ) ) ;
#6440 = VECTOR ( 'NONE', #2789, 1000.000000000000000 ) ;
#6441 = ADVANCED_FACE ( 'NONE', ( #5418 ), #5975, .T. ) ;
#6442 = DIRECTION ( 'NONE',  ( -1.000000000000000000, 0.000000000000000000, 0.000000000000000000 ) ) ;
#6443 = CARTESIAN_POINT ( 'NONE',  ( 4.500000000000000000, 7.000000000000006217, 93.00000000000000000 ) ) ;
#6444 = LINE ( 'NONE', #1946, #557 ) ;
#6445 = FACE_OUTER_BOUND ( 'NONE', #220, .T. ) ;
#6446 = AXIS2_PLACEMENT_3D ( 'NONE', #7056, #1919, #3630 ) ;
#6447 = MANIFOLD_SOLID_BREP ( 'Frame_vertical_2', #580 ) ;
#6448 = EDGE_LOOP ( 'NONE', ( #7020, #2142, #146, #5072 ) ) ;
#6449 = DIRECTION ( 'NONE',  ( 0.000000000000000000, -1.000000000000000000, 0.000000000000000000 ) ) ;
#6450 = ADVANCED_FACE ( 'NONE', ( #2559 ), #5382, .T. ) ;
#6451 = EDGE_CURVE ( 'NONE', #4876, #6283, #3752, .T. ) ;
#6452 = ADVANCED_FACE ( 'NONE', ( #2036 ), #954, .T. ) ;
#6453 = ORIENTED_EDGE ( 'NONE', *, *, #6327, .T. ) ;
#6454 = CARTESIAN_POINT ( 'NONE',  ( 10.00000000000000000, 84.99999999999998579, 37.00000000000000000 ) ) ;
#6455 = ORIENTED_EDGE ( 'NONE', *, *, #2044, .T. ) ;
#6456 = CARTESIAN_POINT ( 'NONE',  ( 95.50000000000000000, 98.00000000000000000, 2.000000000000000000 ) ) ;
#6457 = DIRECTION ( 'NONE',  ( 0.000000000000000000, -1.000000000000000000, -0.000000000000000000 ) ) ;
#6458 = CARTESIAN_POINT ( 'NONE',  ( 15.00000000000000178, 87.50000000000000000, 19.00000000000000000 ) ) ;
#6459 = VECTOR ( 'NONE', #5586, 1000.000000000000000 ) ;
#6460 = EDGE_CURVE ( 'NONE', #5153, #5499, #358, .T. ) ;
#6461 = ADVANCED_FACE ( 'NONE', ( #3225 ), #5491, .F. ) ;
#6462 = ADVANCED_FACE ( 'NONE', ( #250 ), #849, .F. ) ;
#6463 = ORIENTED_EDGE ( 'NONE', *, *, #4511, .F. ) ;
#6464 = LINE ( 'NONE', #527, #3858 ) ;
#6465 = EDGE_LOOP ( 'NONE', ( #6095, #6135, #1750, #641 ) ) ;
#6466 = VERTEX_POINT ( 'NONE', #365 ) ;
#6467 = CARTESIAN_POINT ( 'NONE',  ( 2.000000000000000000, 50.00000000000000000, 98.00000000000000000 ) ) ;
#6468 = CARTESIAN_POINT ( 'NONE',  ( 95.00000000000000000, 50.00000000000000000, 80.00000000000000000 ) ) ;
#6469 = AXIS2_PLACEMENT_3D ( 'NONE', #4236, #6620, #3155 ) ;
#6470 = VECTOR ( 'NONE', #4196, 1000.000000000000000 ) ;
#6471 = CARTESIAN_POINT ( 'NONE',  ( 7.000000000000000000, 93.00000000000000000, 63.00000000000000000 ) ) ;
#6472 = VECTOR ( 'NONE', #2094, 1000.000000000000000 ) ;
#6473 = ORIENTED_EDGE ( 'NONE', *, *, #3428, .F. ) ;
#6474 = ORIENTED_EDGE ( 'NONE', *, *, #6793, .T. ) ;
#6475 = VECTOR ( 'NONE', #5096, 1000.000000000000000 ) ;
#6476 = EDGE_LOOP ( 'NONE', ( #6097, #5442, #3847, #3290 ) ) ;
#6477 = LINE ( 'NONE', #820, #6067 ) ;
#6478 = CARTESIAN_POINT ( 'NONE',  ( 50.00000000000000000, 95.50000000000000000, 93.00000000000000000 ) ) ;
#6479 = CARTESIAN_POINT ( 'NONE',  ( 6.999999999999999112, 7.000000000000006217, 2.000000000000000000 ) ) ;
#6480 = DIRECTION ( 'NONE',  ( 0.000000000000000000, -0.000000000000000000, 1.000000000000000000 ) ) ;
#6481 = CARTESIAN_POINT ( 'NONE',  ( 50.00000000000000000, 90.00000000000000000, 63.00000000000000000 ) ) ;
#6482 = FACE_OUTER_BOUND ( 'NONE', #2217, .T. ) ;
#6483 = PLANE ( 'NONE',  #1031 ) ;
#6484 = DIRECTION ( 'NONE',  ( -0.000000000000000000, 0.000000000000000000, -1.000000000000000000 ) ) ;
#6485 = MANIFOLD_SOLID_BREP ( 'Bolt_3', #139 ) ;
#6486 = AXIS2_PLACEMENT_3D ( 'NONE', #6043, #1698, #1202 ) ;
#6487 = ORIENTED_EDGE ( 'NONE', *, *, #6327, .F. ) ;
#6488 = CARTESIAN_POINT ( 'NONE',  ( 95.50000000000000000, 4.500000000000000000, 98.00000000000000000 ) ) ;
#6489 = ORIENTED_EDGE ( 'NONE', *, *, #1099, .F. ) ;
#6490 = CARTESIAN_POINT ( 'NONE',  ( 12.50000000000000000, 84.99999999999998579, 19.00000000000000000 ) ) ;
#6491 = EDGE_LOOP ( 'NONE', ( #4069, #2980, #6511, #4121 ) ) ;
#6492 = VECTOR ( 'NONE', #4257, 1000.000000000000000 ) ;
#6493 = LINE ( 'NONE', #5410, #3521 ) ;
#6494 = LINE ( 'NONE', #173, #4258 ) ;
#6495 = EDGE_LOOP ( 'NONE', ( #6351, #5867, #1503, #882 ) ) ;
#6496 = CARTESIAN_POINT ( 'NONE',  ( 84.99999999999998579, 84.99999999999998579, 63.00000000000000000 ) ) ;
#6497 = VECTOR ( 'NONE', #262, 1000.000000000000000 ) ;
#6498 = VECTOR ( 'NONE', #5732, 1000.000000000000000 ) ;
#6499 = VECTOR ( 'NONE', #785, 1000.000000000000000 ) ;
#6500 = MANIFOLD_SOLID_BREP ( 'Bolt_2', #5774 ) ;
#6501 = ORIENTED_EDGE ( 'NONE', *, *, #907, .T. ) ;
#6502 = DIRECTION ( 'NONE',  ( 1.000000000000000000, 0.000000000000000000, -0.000000000000000000 ) ) ;
#6503 = EDGE_LOOP ( 'NONE', ( #5113, #782, #1231, #5344 ) ) ;
#6504 = VERTEX_POINT ( 'NONE', #6056 ) ;
#6505 = PLANE ( 'NONE',  #1868 ) ;
#6506 = DIRECTION ( 'NONE',  ( 0.000000000000000000, -1.000000000000000000, -0.000000000000000000 ) ) ;
#6507 = EDGE_CURVE ( 'NONE', #1525, #27, #295, .T. ) ;
#6508 = EDGE_CURVE ( 'NONE', #3791, #5636, #6581, .T. ) ;
#6509 = DIRECTION ( 'NONE',  ( -0.000000000000000000, 1.000000000000000000, 0.000000000000000000 ) ) ;
#6510 = ORIENTED_EDGE ( 'NONE', *, *, #3266, .T. ) ;
#6511 = ORIENTED_EDGE ( 'NONE', *, *, #1318, .F. ) ;
#6512 = VECTOR ( 'NONE', #1290, 1000.000000000000000 ) ;
#6513 = ORIENTED_EDGE ( 'NONE', *, *, #1824, .T. ) ;
#6514 = DIRECTION ( 'NONE',  ( -1.000000000000000000, -0.000000000000000000, 0.000000000000000000 ) ) ;
#6515 = MANIFOLD_SOLID_BREP ( 'Frame_vertical_3', #6279 ) ;
#6516 = FACE_BOUND ( 'NONE', #2153, .T. ) ;
#6517 = DIRECTION ( 'NONE',  ( 0.000000000000000000, -1.000000000000000000, 0.000000000000000000 ) ) ;
#6518 = EDGE_CURVE ( 'NONE', #2735, #6203, #4350, .T. ) ;
#6519 = EDGE_CURVE ( 'NONE', #313, #5572, #5459, .T. ) ;
#6520 = PLANE ( 'NONE',  #5234 ) ;
#6521 = VECTOR ( 'NONE', #2049, 1000.000000000000000 ) ;
#6522 = LINE ( 'NONE', #1420, #2031 ) ;
#6523 = DIRECTION ( 'NONE',  ( 1.000000000000000000, 0.000000000000000000, -0.000000000000000000 ) ) ;
#6524 = DIRECTION ( 'NONE',  ( 0.000000000000000000, -1.000000000000000000, 0.000000000000000000 ) ) ;
#6525 = PLANE ( 'NONE',  #5519 ) ;
#6526 = VERTEX_POINT ( 'NONE', #2640 ) ;
#6527 = DIRECTION ( 'NONE',  ( 0.000000000000000000, 0.000000000000000000, 1.000000000000000000 ) ) ;
#6528 = ORIENTED_EDGE ( 'NONE', *, *, #5286, .T. ) ;
#6529 = FACE_OUTER_BOUND ( 'NONE', #5765, .T. ) ;
#6530 = ORIENTED_EDGE ( 'NONE', *, *, #4333, .T. ) ;
#6531 = PLANE ( 'NONE',  #305 ) ;
#6532 = DIRECTION ( 'NONE',  ( 0.000000000000000000, 0.000000000000000000, 1.000000000000000000 ) ) ;
#6533 = LINE ( 'NONE', #3819, #3620 ) ;
#6534 = MANIFOLD_SOLID_BREP ( 'Bolt_4', #6153 ) ;
#6535 = ORIENTED_EDGE ( 'NONE', *, *, #2547, .F. ) ;
#6536 = CARTESIAN_POINT ( 'NONE',  ( 93.00000000000000000, 5.000000000000004441, 80.00000000000000000 ) ) ;
#6537 = VECTOR ( 'NONE', #4957, 1000.000000000000000 ) ;
#6538 = ORIENTED_EDGE ( 'NONE', *, *, #4368, .T. ) ;
#6539 = ORIENTED_EDGE ( 'NONE', *, *, #7008, .F. ) ;
#6540 = CARTESIAN_POINT ( 'NONE',  ( 15.00000000000000178, 84.99999999999998579, 2.000000000000000000 ) ) ;
#6541 = LINE ( 'NONE', #3643, #2956 ) ;
#6542 = PLANE ( 'NONE',  #378 ) ;
#6543 = VECTOR ( 'NONE', #266, 1000.000000000000000 ) ;
#6544 = CARTESIAN_POINT ( 'NONE',  ( 87.50000000000000000, 15.00000000000000178, 60.00000000000000000 ) ) ;
#6545 = VERTEX_POINT ( 'NONE', #3756 ) ;
#6546 = AXIS2_PLACEMENT_3D ( 'NONE', #6896, #4031, #6292 ) ;
#6547 = EDGE_LOOP ( 'NONE', ( #2634, #5538, #5960, #5337 ) ) ;
#6548 = ADVANCED_FACE ( 'NONE', ( #1409 ), #2681, .F. ) ;
#6549 = EDGE_CURVE ( 'NONE', #977, #6247, #6021, .T. ) ;
#6550 = ORIENTED_EDGE ( 'NONE', *, *, #4010, .F. ) ;
#6551 = ORIENTED_EDGE ( 'NONE', *, *, #4882, .T. ) ;
#6552 = CARTESIAN_POINT ( 'NONE',  ( 50.00000000000000000, 0.000000000000000000, 98.00000000000000000 ) ) ;
#6553 = CARTESIAN_POINT ( 'NONE',  ( 10.00000000000000000, 84.99999999999998579, 80.00000000000000000 ) ) ;
#6554 = DIRECTION ( 'NONE',  ( 0.000000000000000000, 0.000000000000000000, 1.000000000000000000 ) ) ;
#6555 = VECTOR ( 'NONE', #4356, 1000.000000000000000 ) ;
#6556 = DIRECTION ( 'NONE',  ( -0.000000000000000000, 1.000000000000000000, 0.000000000000000000 ) ) ;
#6557 = EDGE_CURVE ( 'NONE', #2804, #1988, #997, .T. ) ;
#6558 = ADVANCED_FACE ( 'NONE', ( #7107 ), #2566, .F. ) ;
#6559 = ADVANCED_FACE ( 'NONE', ( #403 ), #3681, .T. ) ;
#6560 = DIRECTION ( 'NONE',  ( 0.000000000000000000, 0.000000000000000000, 1.000000000000000000 ) ) ;
#6561 = LINE ( 'NONE', #1458, #6224 ) ;
#6562 = LINE ( 'NONE', #2541, #196 ) ;
#6563 = CARTESIAN_POINT ( 'NONE',  ( 90.00000000000000000, 12.50000000000000000, 19.00000000000000000 ) ) ;
#6564 = MANIFOLD_SOLID_BREP ( 'Panel_4_plusY', #2235 ) ;
#6565 = VERTEX_POINT ( 'NONE', #3196 ) ;
#6566 = CARTESIAN_POINT ( 'NONE',  ( 93.00000000000000000, 50.00000000000000000, 80.00000000000000000 ) ) ;
#6567 = ORIENTED_EDGE ( 'NONE', *, *, #2272, .F. ) ;
#6568 = LINE ( 'NONE', #4336, #3600 ) ;
#6569 = LINE ( 'NONE', #314, #2652 ) ;
#6570 = ORIENTED_EDGE ( 'NONE', *, *, #1014, .F. ) ;
#6571 = VECTOR ( 'NONE', #350, 1000.000000000000000 ) ;
#6572 = DIRECTION ( 'NONE',  ( 0.000000000000000000, -1.000000000000000000, 0.000000000000000000 ) ) ;
#6573 = PLANE ( 'NONE',  #768 ) ;
#6574 = ORIENTED_EDGE ( 'NONE', *, *, #6557, .F. ) ;
#6575 = DIRECTION ( 'NONE',  ( -0.000000000000000000, 1.000000000000000000, 0.000000000000000000 ) ) ;
#6576 = ORIENTED_EDGE ( 'NONE', *, *, #2377, .F. ) ;
#6577 = CARTESIAN_POINT ( 'NONE',  ( 50.00000000000000000, 84.99999999999998579, 63.00000000000000000 ) ) ;
#6578 = ORIENTED_EDGE ( 'NONE', *, *, #5240, .T. ) ;
#6579 = DIRECTION ( 'NONE',  ( 0.000000000000000000, 0.000000000000000000, 1.000000000000000000 ) ) ;
#6580 = CARTESIAN_POINT ( 'NONE',  ( 5.000000000000004441, 50.00000000000000000, 20.00000000000000000 ) ) ;
#6581 = LINE ( 'NONE', #4948, #1609 ) ;
#6582 = ORIENTED_EDGE ( 'NONE', *, *, #3050, .F. ) ;
#6583 = ORIENTED_EDGE ( 'NONE', *, *, #3968, .F. ) ;
#6584 = ORIENTED_EDGE ( 'NONE', *, *, #6199, .T. ) ;
#6585 = ORIENTED_EDGE ( 'NONE', *, *, #6325, .F. ) ;
#6586 = LINE ( 'NONE', #1488, #3701 ) ;
#6587 = MANIFOLD_SOLID_BREP ( 'Frame_Y_7', #5922 ) ;
#6588 = VECTOR ( 'NONE', #7321, 1000.000000000000000 ) ;
#6589 = FACE_OUTER_BOUND ( 'NONE', #4912, .T. ) ;
#6590 = LINE ( 'NONE', #6438, #2359 ) ;
#6591 = LINE ( 'NONE', #3317, #6668 ) ;
#6592 = EDGE_CURVE ( 'NONE', #6247, #3301, #4389, .T. ) ;
#6593 = ADVANCED_FACE ( 'NONE', ( #332 ), #2079, .F. ) ;
#6594 = AXIS2_PLACEMENT_3D ( 'NONE', #5833, #2238, #771 ) ;
#6595 = VECTOR ( 'NONE', #128, 1000.000000000000000 ) ;
#6596 = DIRECTION ( 'NONE',  ( 0.000000000000000000, 0.000000000000000000, 1.000000000000000000 ) ) ;
#6597 = DIRECTION ( 'NONE',  ( 0.000000000000000000, -0.000000000000000000, 1.000000000000000000 ) ) ;
#6598 = LINE ( 'NONE', #5437, #2065 ) ;
#6599 = DIRECTION ( 'NONE',  ( 0.000000000000000000, -1.000000000000000000, -0.000000000000000000 ) ) ;
#6600 = DIRECTION ( 'NONE',  ( 0.000000000000000000, -1.000000000000000000, 0.000000000000000000 ) ) ;
#6601 = EDGE_CURVE ( 'NONE', #447, #335, #1558, .T. ) ;
#6602 = ADVANCED_FACE ( 'NONE', ( #1520 ), #5535, .T. ) ;
#6603 = MANIFOLD_SOLID_BREP ( 'PCB_1', #1623 ) ;
#6604 = EDGE_CURVE ( 'NONE', #5316, #714, #1444, .T. ) ;
#6605 = ORIENTED_EDGE ( 'NONE', *, *, #3240, .F. ) ;
#6606 = EDGE_LOOP ( 'NONE', ( #103, #4894, #2514, #4684 ) ) ;
#6607 = CARTESIAN_POINT ( 'NONE',  ( 10.00000000000000000, 87.50000000000000000, 36.00000000000000000 ) ) ;
#6608 = DIRECTION ( 'NONE',  ( 0.000000000000000000, 0.000000000000000000, 1.000000000000000000 ) ) ;
#6609 = VERTEX_POINT ( 'NONE', #1483 ) ;
#6610 = DIRECTION ( 'NONE',  ( 0.000000000000000000, 0.000000000000000000, 1.000000000000000000 ) ) ;
#6611 = FACE_OUTER_BOUND ( 'NONE', #2684, .T. ) ;
#6612 = EDGE_CURVE ( 'NONE', #5643, #1588, #3718, .T. ) ;
#6613 = EDGE_CURVE ( 'NONE', #3985, #4860, #6851, .T. ) ;
#6614 = ORIENTED_EDGE ( 'NONE', *, *, #2702, .F. ) ;
#6615 = VECTOR ( 'NONE', #1289, 1000.000000000000000 ) ;
#6616 = PLANE ( 'NONE',  #5518 ) ;
#6617 = MANIFOLD_SOLID_BREP ( 'Frame_X_9', #3543 ) ;
#6618 = ORIENTED_EDGE ( 'NONE', *, *, #3685, .F. ) ;
#6619 = VECTOR ( 'NONE', #6195, 1000.000000000000000 ) ;
#6620 = DIRECTION ( 'NONE',  ( 0.000000000000000000, -1.000000000000000000, 0.000000000000000000 ) ) ;
#6621 = EDGE_LOOP ( 'NONE', ( #7208, #370, #4781, #1755 ) ) ;
#6622 = CARTESIAN_POINT ( 'NONE',  ( 84.99999999999998579, 12.50000000000000000, 2.000000000000000000 ) ) ;
#6623 = LINE ( 'NONE', #6580, #3586 ) ;
#6624 = VECTOR ( 'NONE', #6072, 1000.000000000000000 ) ;
#6625 = CARTESIAN_POINT ( 'NONE',  ( 93.00000000000000000, 93.00000000000000000, 93.00000000000000000 ) ) ;
#6626 = EDGE_LOOP ( 'NONE', ( #6576, #6803, #1209, #4001 ) ) ;
#6627 = ORIENTED_EDGE ( 'NONE', *, *, #1550, .T. ) ;
#6628 = EDGE_LOOP ( 'NONE', ( #357, #2098, #6171, #3109 ) ) ;
#6629 = VERTEX_POINT ( 'NONE', #4461 ) ;
#6630 = DIRECTION ( 'NONE',  ( 0.000000000000000000, 0.000000000000000000, 1.000000000000000000 ) ) ;
#6631 = CARTESIAN_POINT ( 'NONE',  ( 10.00000000000000178, 50.00000000000000000, 20.00000000000000000 ) ) ;
#6632 = CARTESIAN_POINT ( 'NONE',  ( 10.00000000000000178, 50.00000000000000000, 63.00000000000000000 ) ) ;
#6633 = CARTESIAN_POINT ( 'NONE',  ( 93.00000000000000000, 6.999999999999999112, 2.000000000000000000 ) ) ;
#6634 = CARTESIAN_POINT ( 'NONE',  ( 15.00000000000000178, 10.00000000000000000, 77.00000000000000000 ) ) ;
#6635 = CARTESIAN_POINT ( 'NONE',  ( 6.999999999999999112, 50.00000000000000000, 63.00000000000000000 ) ) ;
#6636 = CARTESIAN_POINT ( 'NONE',  ( 90.00000000000000000, 10.00000000000000178, 80.00000000000000000 ) ) ;
#6637 = DIRECTION ( 'NONE',  ( -1.000000000000000000, -0.000000000000000000, 0.000000000000000000 ) ) ;
#6638 = VECTOR ( 'NONE', #3392, 1000.000000000000000 ) ;
#6639 = LINE ( 'NONE', #3922, #3143 ) ;
#6640 = CLOSED_SHELL ( 'NONE', ( #6282, #5651, #595, #6879, #3021, #4323 ) ) ;
#6641 = ORIENTED_EDGE ( 'NONE', *, *, #5061, .F. ) ;
#6642 = DIRECTION ( 'NONE',  ( 0.000000000000000000, 0.000000000000000000, 1.000000000000000000 ) ) ;
#6643 = ORIENTED_EDGE ( 'NONE', *, *, #6887, .T. ) ;
#6644 = CARTESIAN_POINT ( 'NONE',  ( 84.99999999999998579, 50.00000000000000000, 61.00000000000000000 ) ) ;
#6645 = EDGE_CURVE ( 'NONE', #6262, #745, #5687, .T. ) ;
#6646 = CARTESIAN_POINT ( 'NONE',  ( 5.000000000000000000, 93.00000000000000000, 60.00000000000000000 ) ) ;
#6647 = EDGE_CURVE ( 'NONE', #3992, #5015, #3347, .T. ) ;
#6648 = DIRECTION ( 'NONE',  ( 0.000000000000000000, -1.000000000000000000, -0.000000000000000000 ) ) ;
#6649 = CARTESIAN_POINT ( 'NONE',  ( 87.50000000000000000, 10.00000000000000000, 2.000000000000000000 ) ) ;
#6650 = CARTESIAN_POINT ( 'NONE',  ( 93.00000000000000000, 7.000000000000006217, 93.00000000000000000 ) ) ;
#6651 = VERTEX_POINT ( 'NONE', #590 ) ;
#6652 = DIRECTION ( 'NONE',  ( -1.000000000000000000, -0.000000000000000000, 0.000000000000000000 ) ) ;
#6653 = EDGE_LOOP ( 'NONE', ( #1896, #7126, #3604, #4704 ) ) ;
#6654 = ADVANCED_FACE ( 'NONE', ( #1038 ), #5130, .F. ) ;
#6655 = LINE ( 'NONE', #1516, #5517 ) ;
#6656 = EDGE_CURVE ( 'NONE', #1657, #2470, #6278, .T. ) ;
#6657 = ADVANCED_FACE ( 'NONE', ( #5719 ), #7364, .F. ) ;
#6658 = VERTEX_POINT ( 'NONE', #2756 ) ;
#6659 = DIRECTION ( 'NONE',  ( 0.000000000000000000, 0.000000000000000000, 1.000000000000000000 ) ) ;
#6660 = LINE ( 'NONE', #7177, #5958 ) ;
#6661 = DIRECTION ( 'NONE',  ( -0.000000000000000000, 1.000000000000000000, 0.000000000000000000 ) ) ;
#6662 = ORIENTED_EDGE ( 'NONE', *, *, #4180, .F. ) ;
#6663 = VERTEX_POINT ( 'NONE', #3944 ) ;
#6664 = VERTEX_POINT ( 'NONE', #2862 ) ;
#6665 = LINE ( 'NONE', #1042, #6555 ) ;
#6666 = CARTESIAN_POINT ( 'NONE',  ( 5.000000000000004441, 93.00000000000000000, 22.00000000000000000 ) ) ;
#6667 = LINE ( 'NONE', #3912, #1403 ) ;
#6668 = VECTOR ( 'NONE', #5582, 1000.000000000000000 ) ;
#6669 = CARTESIAN_POINT ( 'NONE',  ( 5.000000000000004441, 93.00000000000000000, 37.00000000000000000 ) ) ;
#6670 = VECTOR ( 'NONE', #1050, 1000.000000000000000 ) ;
#6671 = LINE ( 'NONE', #1571, #651 ) ;
#6672 = VECTOR ( 'NONE', #6923, 1000.000000000000000 ) ;
#6673 = LINE ( 'NONE', #1572, #3941 ) ;
#6674 = LINE ( 'NONE', #4437, #6828 ) ;
#6675 = PLANE ( 'NONE',  #3059 ) ;
#6676 = CARTESIAN_POINT ( 'NONE',  ( 84.99999999999998579, 90.00000000000000000, 39.00000000000000000 ) ) ;
#6677 = ORIENTED_EDGE ( 'NONE', *, *, #4110, .F. ) ;
#6678 = EDGE_CURVE ( 'NONE', #3438, #6404, #3418, .T. ) ;
#6679 = ORIENTED_EDGE ( 'NONE', *, *, #7283, .F. ) ;
#6680 = DIRECTION ( 'NONE',  ( -1.000000000000000000, -0.000000000000000000, 0.000000000000000000 ) ) ;
#6681 = DIRECTION ( 'NONE',  ( 1.000000000000000000, 0.000000000000000000, 0.000000000000000000 ) ) ;
#6682 = VECTOR ( 'NONE', #3610, 1000.000000000000000 ) ;
#6683 = CARTESIAN_POINT ( 'NONE',  ( 15.00000000000000178, 90.00000000000000000, 98.00000000000000000 ) ) ;
#6684 = LINE ( 'NONE', #5423, #4838 ) ;
#6685 = LINE ( 'NONE', #4975, #3391 ) ;
#6686 = CARTESIAN_POINT ( 'NONE',  ( 6.999999999999999112, 93.00000000000000000, 98.00000000000000000 ) ) ;
#6687 = ORIENTED_EDGE ( 'NONE', *, *, #6752, .T. ) ;
#6688 = FACE_OUTER_BOUND ( 'NONE', #5689, .T. ) ;
#6689 = CC_DESIGN_PERSON_AND_ORGANIZATION_ASSIGNMENT ( #1502, #2661, ( #2614 ) ) ;
#6690 = ADVANCED_FACE ( 'NONE', ( #32 ), #2262, .T. ) ;
#6691 = ORIENTED_EDGE ( 'NONE', *, *, #555, .T. ) ;
#6692 = VECTOR ( 'NONE', #906, 1000.000000000000000 ) ;
#6693 = LINE ( 'NONE', #1668, #5490 ) ;
#6694 = ORIENTED_EDGE ( 'NONE', *, *, #6186, .F. ) ;
#6695 = DIRECTION ( 'NONE',  ( -1.000000000000000000, -0.000000000000000000, 0.000000000000000000 ) ) ;
#6696 = CARTESIAN_POINT ( 'NONE',  ( 95.50000000000000000, 93.00000000000000000, 93.00000000000000000 ) ) ;
#6697 = VECTOR ( 'NONE', #6608, 1000.000000000000000 ) ;
#6698 = DIRECTION ( 'NONE',  ( 1.000000000000000000, 0.000000000000000000, 0.000000000000000000 ) ) ;
#6699 = EDGE_CURVE ( 'NONE', #5652, #4968, #5575, .T. ) ;
#6700 = EDGE_CURVE ( 'NONE', #5381, #7040, #2831, .T. ) ;
#6701 = EDGE_CURVE ( 'NONE', #4945, #4843, #2901, .T. ) ;
#6702 = VERTEX_POINT ( 'NONE', #479 ) ;
#6703 = ORIENTED_EDGE ( 'NONE', *, *, #907, .F. ) ;
#6704 = ORIENTED_EDGE ( 'NONE', *, *, #3820, .T. ) ;
#6705 = CARTESIAN_POINT ( 'NONE',  ( 93.00000000000000000, 7.000000000000000000, 61.00000000000000000 ) ) ;
#6706 = CARTESIAN_POINT ( 'NONE',  ( 7.000000000000000000, 95.00000000000000000, 36.00000000000000000 ) ) ;
#6707 = CARTESIAN_POINT ( 'NONE',  ( 15.00000000000000178, 12.50000000000000000, 2.000000000000000000 ) ) ;
#6708 = CARTESIAN_POINT ( 'NONE',  ( 7.000000000000006217, 93.00000000000000000, 93.00000000000000000 ) ) ;
#6709 = VECTOR ( 'NONE', #4079, 1000.000000000000000 ) ;
#6710 = CARTESIAN_POINT ( 'NONE',  ( 7.000000000000000000, 93.00000000000000000, 39.00000000000000000 ) ) ;
#6711 = FACE_OUTER_BOUND ( 'NONE', #4665, .T. ) ;
#6712 = DIRECTION ( 'NONE',  ( 1.000000000000000000, 0.000000000000000000, -0.000000000000000000 ) ) ;
#6713 = CARTESIAN_POINT ( 'NONE',  ( 84.99999999999998579, 12.50000000000000000, 19.00000000000000000 ) ) ;
#6714 = CARTESIAN_POINT ( 'NONE',  ( 90.00000000000000000, 15.00000000000000178, 19.00000000000000000 ) ) ;
#6715 = AXIS2_PLACEMENT_3D ( 'NONE', #3711, #6502, #4269 ) ;
#6716 = AXIS2_PLACEMENT_3D ( 'NONE', #4115, #6377, #5815 ) ;
#6717 = EDGE_LOOP ( 'NONE', ( #6205, #646, #1850, #4473 ) ) ;
#6718 = PERSON_AND_ORGANIZATION ( #7219, #2077 ) ;
#6719 = ORIENTED_EDGE ( 'NONE', *, *, #6009, .F. ) ;
#6720 = FACE_OUTER_BOUND ( 'NONE', #1804, .T. ) ;
#6721 = VECTOR ( 'NONE', #2601, 1000.000000000000000 ) ;
#6722 = CARTESIAN_POINT ( 'NONE',  ( 0.000000000000000000, 0.000000000000000000, 100.0000000000000000 ) ) ;
#6723 = CARTESIAN_POINT ( 'NONE',  ( 50.00000000000000000, 93.00000000000000000, 78.00000000000000000 ) ) ;
#6724 = DIRECTION ( 'NONE',  ( 0.000000000000000000, -1.000000000000000000, 0.000000000000000000 ) ) ;
#6725 = DIRECTION ( 'NONE',  ( -0.000000000000000000, 0.000000000000000000, -1.000000000000000000 ) ) ;
#6726 = LINE ( 'NONE', #6082, #5798 ) ;
#6727 = ORIENTED_EDGE ( 'NONE', *, *, #2179, .F. ) ;
#6728 = PLANE ( 'NONE',  #878 ) ;
#6729 = EDGE_LOOP ( 'NONE', ( #4279, #4230, #3532, #2904 ) ) ;
#6730 = DIRECTION ( 'NONE',  ( 0.000000000000000000, 0.000000000000000000, 1.000000000000000000 ) ) ;
#6731 = ORIENTED_EDGE ( 'NONE', *, *, #6613, .T. ) ;
#6732 = AXIS2_PLACEMENT_3D ( 'NONE', #946, #5010, #7206 ) ;
#6733 = CARTESIAN_POINT ( 'NONE',  ( 7.000000000000000000, 93.00000000000000000, 22.00000000000000000 ) ) ;
#6734 = CARTESIAN_POINT ( 'NONE',  ( 95.00000000000000000, 6.999999999999999112, 63.00000000000000000 ) ) ;
#6735 = LINE ( 'NONE', #4498, #3625 ) ;
#6736 = AXIS2_PLACEMENT_3D ( 'NONE', #4632, #5156, #1806 ) ;
#6737 = ORIENTED_EDGE ( 'NONE', *, *, #1497, .T. ) ;
#6738 = VERTEX_POINT ( 'NONE', #5024 ) ;
#6739 = EDGE_LOOP ( 'NONE', ( #4766, #5823, #752, #257 ) ) ;
#6740 = CARTESIAN_POINT ( 'NONE',  ( 98.00000000000000000, 0.000000000000000000, 2.000000000000000000 ) ) ;
#6741 = EDGE_CURVE ( 'NONE', #5576, #3048, #3867, .T. ) ;
#6742 = EDGE_CURVE ( 'NONE', #798, #4854, #7330, .T. ) ;
#6743 = DIRECTION ( 'NONE',  ( 0.000000000000000000, -1.000000000000000000, -0.000000000000000000 ) ) ;
#6744 = CARTESIAN_POINT ( 'NONE',  ( 90.00000000000000000, 15.00000000000000178, 2.000000000000000000 ) ) ;
#6745 = VECTOR ( 'NONE', #4272, 1000.000000000000000 ) ;
#6746 = DIRECTION ( 'NONE',  ( 0.000000000000000000, 0.000000000000000000, 1.000000000000000000 ) ) ;
#6747 = VECTOR ( 'NONE', #1727, 1000.000000000000000 ) ;
#6748 = EDGE_LOOP ( 'NONE', ( #2722, #4571, #703, #1970 ) ) ;
#6749 = CARTESIAN_POINT ( 'NONE',  ( 84.99999999999998579, 10.00000000000000000, 20.00000000000000000 ) ) ;
#6750 = LINE ( 'NONE', #6635, #3454 ) ;
#6751 = EDGE_CURVE ( 'NONE', #3090, #224, #70, .T. ) ;
#6752 = EDGE_CURVE ( 'NONE', #4343, #5465, #6735, .T. ) ;
#6753 = ADVANCED_FACE ( 'NONE', ( #6773 ), #1672, .F. ) ;
#6754 = LINE ( 'NONE', #4066, #3974 ) ;
#6755 = CARTESIAN_POINT ( 'NONE',  ( 90.00000000000000000, 50.00000000000000000, 22.00000000000000000 ) ) ;
#6756 = CARTESIAN_POINT ( 'NONE',  ( 6.999999999999999112, 50.00000000000000000, 80.00000000000000000 ) ) ;
#6757 = ORIENTED_EDGE ( 'NONE', *, *, #3466, .F. ) ;
#6758 = ORIENTED_EDGE ( 'NONE', *, *, #1416, .T. ) ;
#6759 = AXIS2_PLACEMENT_3D ( 'NONE', #874, #6953, #5859 ) ;
#6760 = ORIENTED_EDGE ( 'NONE', *, *, #312, .F. ) ;
#6761 = DIRECTION ( 'NONE',  ( 0.000000000000000000, -1.000000000000000000, 0.000000000000000000 ) ) ;
#6762 = DIRECTION ( 'NONE',  ( 1.000000000000000000, 0.000000000000000000, 0.000000000000000000 ) ) ;
#6763 = CARTESIAN_POINT ( 'NONE',  ( 100.0000000000000000, 0.000000000000000000, 98.00000000000000000 ) ) ;
#6764 = DIRECTION ( 'NONE',  ( 1.000000000000000000, 0.000000000000000000, -0.000000000000000000 ) ) ;
#6765 = DIRECTION ( 'NONE',  ( 0.000000000000000000, 0.000000000000000000, 1.000000000000000000 ) ) ;
#6766 = VERTEX_POINT ( 'NONE', #247 ) ;
#6767 = DIRECTION ( 'NONE',  ( -0.000000000000000000, 1.000000000000000000, 0.000000000000000000 ) ) ;
#6768 = ORIENTED_EDGE ( 'NONE', *, *, #5360, .F. ) ;
#6769 = FACE_OUTER_BOUND ( 'NONE', #240, .T. ) ;
#6770 = ORIENTED_EDGE ( 'NONE', *, *, #1280, .T. ) ;
#6771 = CARTESIAN_POINT ( 'NONE',  ( 7.000000000000006217, 95.50000000000000000, 7.000000000000000000 ) ) ;
#6772 = CARTESIAN_POINT ( 'NONE',  ( 95.00000000000000000, 50.00000000000000000, 37.00000000000000000 ) ) ;
#6773 = FACE_OUTER_BOUND ( 'NONE', #4105, .T. ) ;
#6774 = ADVANCED_BREP_SHAPE_REPRESENTATION ( 'CubeSat_2021_nominal', ( #1559, #1673, #4027, #4107, #6436, #6564, #6364, #6447, #6515, #1662, #4168, #4157, #6587, #3998, #6617, #1543, #1456, #3990, #6388, #6500, #6485, #6534, #6603, #1700, #4144, #1715, #3913, #5992 ), #292 ) ;
#6775 = ORIENTED_EDGE ( 'NONE', *, *, #2510, .F. ) ;
#6776 = EDGE_LOOP ( 'NONE', ( #3226, #6847, #6901, #5390 ) ) ;
#6777 = EDGE_LOOP ( 'NONE', ( #5629, #2660, #6000, #2697 ) ) ;
#6778 = CARTESIAN_POINT ( 'NONE',  ( 93.00000000000000000, 1.999999999999999556, 2.000000000000000000 ) ) ;
#6779 = DIRECTION ( 'NONE',  ( -1.000000000000000000, -0.000000000000000000, 0.000000000000000000 ) ) ;
#6780 = CARTESIAN_POINT ( 'NONE',  ( 93.00000000000000000, 7.000000000000000000, 20.00000000000000000 ) ) ;
#6781 = CARTESIAN_POINT ( 'NONE',  ( 5.000000000000000000, 7.000000000000000000, 77.00000000000000000 ) ) ;
#6782 = EDGE_CURVE ( 'NONE', #4843, #714, #1253, .T. ) ;
#6783 = EDGE_CURVE ( 'NONE', #3795, #2453, #6423, .T. ) ;
#6784 = ORIENTED_EDGE ( 'NONE', *, *, #1705, .F. ) ;
#6785 = LINE ( 'NONE', #3531, #2546 ) ;
#6786 = DIRECTION ( 'NONE',  ( 1.000000000000000000, 0.000000000000000000, -0.000000000000000000 ) ) ;
#6787 = AXIS2_PLACEMENT_3D ( 'NONE', #3996, #6826, #2809 ) ;
#6788 = DIRECTION ( 'NONE',  ( -0.000000000000000000, 0.000000000000000000, -1.000000000000000000 ) ) ;
#6789 = DIRECTION ( 'NONE',  ( 1.000000000000000000, 0.000000000000000000, -0.000000000000000000 ) ) ;
#6790 = DIRECTION ( 'NONE',  ( -1.000000000000000000, 0.000000000000000000, 0.000000000000000000 ) ) ;
#6791 = VERTEX_POINT ( 'NONE', #5793 ) ;
#6792 = EDGE_CURVE ( 'NONE', #6629, #6791, #5274, .T. ) ;
#6793 = EDGE_CURVE ( 'NONE', #2485, #3962, #3007, .T. ) ;
#6794 = EDGE_CURVE ( 'NONE', #2584, #3682, #2939, .T. ) ;
#6795 = VECTOR ( 'NONE', #3286, 1000.000000000000000 ) ;
#6796 = ORIENTED_EDGE ( 'NONE', *, *, #1511, .F. ) ;
#6797 = ORIENTED_EDGE ( 'NONE', *, *, #1703, .F. ) ;
#6798 = DIRECTION ( 'NONE',  ( 0.000000000000000000, 0.000000000000000000, 1.000000000000000000 ) ) ;
#6799 = DIRECTION ( 'NONE',  ( 0.000000000000000000, 0.000000000000000000, 1.000000000000000000 ) ) ;
#6800 = CARTESIAN_POINT ( 'NONE',  ( 93.00000000000000000, 50.00000000000000000, 78.00000000000000000 ) ) ;
#6801 = FACE_BOUND ( 'NONE', #288, .T. ) ;
#6802 = DIRECTION ( 'NONE',  ( 1.000000000000000000, 0.000000000000000000, -0.000000000000000000 ) ) ;
#6803 = ORIENTED_EDGE ( 'NONE', *, *, #1310, .F. ) ;
#6804 = DIRECTION ( 'NONE',  ( 0.000000000000000000, 0.000000000000000000, 1.000000000000000000 ) ) ;
#6805 = AXIS2_PLACEMENT_3D ( 'NONE', #4620, #6857, #5177 ) ;
#6806 = AXIS2_PLACEMENT_3D ( 'NONE', #2993, #5256, #6480 ) ;
#6807 = ORIENTED_EDGE ( 'NONE', *, *, #5773, .F. ) ;
#6808 = DIRECTION ( 'NONE',  ( -0.000000000000000000, 1.000000000000000000, 0.000000000000000000 ) ) ;
#6809 = ORIENTED_EDGE ( 'NONE', *, *, #3052, .F. ) ;
#6810 = CARTESIAN_POINT ( 'NONE',  ( 50.00000000000000000, 6.999999999999999112, 78.00000000000000000 ) ) ;
#6811 = LINE ( 'NONE', #1671, #6440 ) ;
#6812 = CARTESIAN_POINT ( 'NONE',  ( 84.99999999999998579, 87.50000000000000000, 19.00000000000000000 ) ) ;
#6813 = VERTEX_POINT ( 'NONE', #6312 ) ;
#6814 = VERTEX_POINT ( 'NONE', #6992 ) ;
#6815 = ORIENTED_EDGE ( 'NONE', *, *, #6102, .T. ) ;
#6816 = DIRECTION ( 'NONE',  ( -0.000000000000000000, 1.000000000000000000, 0.000000000000000000 ) ) ;
#6817 = PLANE ( 'NONE',  #6866 ) ;
#6818 = VECTOR ( 'NONE', #2370, 1000.000000000000000 ) ;
#6819 = DIRECTION ( 'NONE',  ( 0.000000000000000000, -1.000000000000000000, 0.000000000000000000 ) ) ;
#6820 = VERTEX_POINT ( 'NONE', #2374 ) ;
#6821 = CARTESIAN_POINT ( 'NONE',  ( 4.500000000000000000, 93.00000000000000000, 93.00000000000000000 ) ) ;
#6822 = DIRECTION ( 'NONE',  ( -1.000000000000000000, -0.000000000000000000, 0.000000000000000000 ) ) ;
#6823 = CARTESIAN_POINT ( 'NONE',  ( 95.00000000000000000, 93.00000000000000000, 61.00000000000000000 ) ) ;
#6824 = EDGE_CURVE ( 'NONE', #124, #3449, #700, .T. ) ;
#6825 = EDGE_CURVE ( 'NONE', #3263, #5221, #6387, .T. ) ;
#6826 = DIRECTION ( 'NONE',  ( -0.000000000000000000, 1.000000000000000000, 0.000000000000000000 ) ) ;
#6827 = ORIENTED_EDGE ( 'NONE', *, *, #2468, .T. ) ;
#6828 = VECTOR ( 'NONE', #2092, 1000.000000000000000 ) ;
#6829 = VERTEX_POINT ( 'NONE', #2448 ) ;
#6830 = ORIENTED_EDGE ( 'NONE', *, *, #2375, .F. ) ;
#6831 = CARTESIAN_POINT ( 'NONE',  ( 10.00000000000000000, 12.50000000000000000, 19.00000000000000000 ) ) ;
#6832 = LINE ( 'NONE', #1773, #3524 ) ;
#6833 = DIRECTION ( 'NONE',  ( -0.000000000000000000, 1.000000000000000000, 0.000000000000000000 ) ) ;
#6834 = VECTOR ( 'NONE', #4474, 1000.000000000000000 ) ;
#6835 = EDGE_CURVE ( 'NONE', #5938, #2495, #4642, .T. ) ;
#6836 = EDGE_CURVE ( 'NONE', #1070, #313, #4161, .T. ) ;
#6837 = VECTOR ( 'NONE', #132, 1000.000000000000000 ) ;
#6839 = ADVANCED_FACE ( 'NONE', ( #3528 ), #1291, .F. ) ;
#6838 = FACE_OUTER_BOUND ( 'NONE', #5251, .T. ) ;
#6840 = VECTOR ( 'NONE', #5708, 1000.000000000000000 ) ;
#6841 = DIRECTION ( 'NONE',  ( -0.000000000000000000, 0.000000000000000000, -1.000000000000000000 ) ) ;
#6842 = ORIENTED_EDGE ( 'NONE', *, *, #2265, .F. ) ;
#6843 = CARTESIAN_POINT ( 'NONE',  ( 50.00000000000000000, 10.00000000000000178, 61.00000000000000000 ) ) ;
#6844 = VECTOR ( 'NONE', #4574, 1000.000000000000000 ) ;
#6845 = ORIENTED_EDGE ( 'NONE', *, *, #5369, .F. ) ;
#6846 = DIRECTION ( 'NONE',  ( 0.000000000000000000, 0.000000000000000000, -1.000000000000000000 ) ) ;
#6847 = ORIENTED_EDGE ( 'NONE', *, *, #4098, .F. ) ;
#6848 = EDGE_CURVE ( 'NONE', #4796, #881, #5899, .T. ) ;
#6849 = EDGE_CURVE ( 'NONE', #3635, #2873, #140, .T. ) ;
#6850 = FACE_BOUND ( 'NONE', #6448, .T. ) ;
#6851 = LINE ( 'NONE', #3309, #1360 ) ;
#6852 = ORIENTED_EDGE ( 'NONE', *, *, #4563, .F. ) ;
#6853 = ORIENTED_EDGE ( 'NONE', *, *, #3063, .F. ) ;
#6854 = ORIENTED_EDGE ( 'NONE', *, *, #920, .T. ) ;
#6855 = FACE_OUTER_BOUND ( 'NONE', #2759, .T. ) ;
#6856 = CARTESIAN_POINT ( 'NONE',  ( 5.000000000000004441, 50.00000000000000000, 78.00000000000000000 ) ) ;
#6857 = DIRECTION ( 'NONE',  ( -1.000000000000000000, -0.000000000000000000, 0.000000000000000000 ) ) ;
#6858 = VECTOR ( 'NONE', #836, 1000.000000000000000 ) ;
#6859 = ORIENTED_EDGE ( 'NONE', *, *, #2231, .F. ) ;
#6860 = VECTOR ( 'NONE', #6337, 1000.000000000000000 ) ;
#6861 = CARTESIAN_POINT ( 'NONE',  ( 93.00000000000000000, 7.000000000000000000, 19.00000000000000000 ) ) ;
#6862 = CARTESIAN_POINT ( 'NONE',  ( 95.00000000000000000, 50.00000000000000000, 22.00000000000000000 ) ) ;
#6863 = DIRECTION ( 'NONE',  ( 0.000000000000000000, 0.000000000000000000, 1.000000000000000000 ) ) ;
#6864 = CARTESIAN_POINT ( 'NONE',  ( 4.500000000000000000, 98.00000000000000000, 2.000000000000000000 ) ) ;
#6865 = ORIENTED_EDGE ( 'NONE', *, *, #3229, .T. ) ;
#6866 = AXIS2_PLACEMENT_3D ( 'NONE', #5762, #632, #3460 ) ;
#6867 = VECTOR ( 'NONE', #6329, 1000.000000000000000 ) ;
#6868 = ORIENTED_EDGE ( 'NONE', *, *, #7201, .F. ) ;
#6869 = ORIENTED_EDGE ( 'NONE', *, *, #7190, .T. ) ;
#6870 = FACE_OUTER_BOUND ( 'NONE', #3138, .T. ) ;
#6871 = CARTESIAN_POINT ( 'NONE',  ( 10.00000000000000000, 10.00000000000000000, 37.00000000000000000 ) ) ;
#6872 = FACE_OUTER_BOUND ( 'NONE', #6249, .T. ) ;
#6873 = DIRECTION ( 'NONE',  ( 1.000000000000000000, 0.000000000000000000, -0.000000000000000000 ) ) ;
#6874 = FACE_OUTER_BOUND ( 'NONE', #143, .T. ) ;
#6875 = EDGE_LOOP ( 'NONE', ( #3117, #1030, #5756, #4722 ) ) ;
#6876 = LINE ( 'NONE', #1207, #1725 ) ;
#6877 = VECTOR ( 'NONE', #5791, 1000.000000000000000 ) ;
#6878 = EDGE_CURVE ( 'NONE', #6766, #2533, #3489, .T. ) ;
#6879 = ADVANCED_FACE ( 'NONE', ( #6918 ), #1926, .T. ) ;
#6880 = ORIENTED_EDGE ( 'NONE', *, *, #3500, .T. ) ;
#6881 = DIRECTION ( 'NONE',  ( 0.000000000000000000, -1.000000000000000000, 0.000000000000000000 ) ) ;
#6882 = EDGE_LOOP ( 'NONE', ( #2487, #1745, #926, #4187 ) ) ;
#6883 = PLANE ( 'NONE',  #575 ) ;
#6884 = VECTOR ( 'NONE', #3065, 1000.000000000000000 ) ;
#6885 = DIRECTION ( 'NONE',  ( -1.000000000000000000, -0.000000000000000000, 0.000000000000000000 ) ) ;
#6886 = EDGE_CURVE ( 'NONE', #4950, #6664, #3043, .T. ) ;
#6887 = EDGE_CURVE ( 'NONE', #5221, #4649, #5753, .T. ) ;
#6888 = EDGE_CURVE ( 'NONE', #2804, #5740, #2484, .T. ) ;
#6889 = EDGE_LOOP ( 'NONE', ( #2219, #3753, #806, #6585 ) ) ;
#6890 = ORIENTED_EDGE ( 'NONE', *, *, #818, .T. ) ;
#6891 = ORIENTED_EDGE ( 'NONE', *, *, #2511, .F. ) ;
#6892 = DIRECTION ( 'NONE',  ( -0.000000000000000000, 1.000000000000000000, 0.000000000000000000 ) ) ;
#6893 = CARTESIAN_POINT ( 'NONE',  ( 93.00000000000000000, 93.00000000000000000, 22.00000000000000000 ) ) ;
#6894 = CARTESIAN_POINT ( 'NONE',  ( 4.500000000000000000, 7.000000000000006217, 98.00000000000000000 ) ) ;
#6895 = ORIENTED_EDGE ( 'NONE', *, *, #1233, .T. ) ;
#6896 = CARTESIAN_POINT ( 'NONE',  ( 98.00000000000000000, 4.500000000000000000, 2.000000000000000000 ) ) ;
#6897 = CARTESIAN_POINT ( 'NONE',  ( 15.00000000000000000, 50.00000000000000000, 20.00000000000000000 ) ) ;
#6898 = DIRECTION ( 'NONE',  ( -1.000000000000000000, -0.000000000000000000, 0.000000000000000000 ) ) ;
#6899 = LINE ( 'NONE', #6937, #1074 ) ;
#6900 = ORIENTED_EDGE ( 'NONE', *, *, #1738, .T. ) ;
#6901 = ORIENTED_EDGE ( 'NONE', *, *, #183, .F. ) ;
#6902 = ORIENTED_EDGE ( 'NONE', *, *, #1965, .T. ) ;
#6903 = DIRECTION ( 'NONE',  ( 0.000000000000000000, 0.000000000000000000, 1.000000000000000000 ) ) ;
#6904 = PLANE ( 'NONE',  #6736 ) ;
#6905 = LINE ( 'NONE', #4075, #6860 ) ;
#6906 = DIRECTION ( 'NONE',  ( 0.000000000000000000, -1.000000000000000000, -0.000000000000000000 ) ) ;
#6907 = VECTOR ( 'NONE', #6406, 1000.000000000000000 ) ;
#6908 = ORIENTED_EDGE ( 'NONE', *, *, #3777, .T. ) ;
#6909 = VECTOR ( 'NONE', #7079, 1000.000000000000000 ) ;
#6910 = PLANE ( 'NONE',  #4930 ) ;
#6911 = ORIENTED_EDGE ( 'NONE', *, *, #4459, .F. ) ;
#6912 = CARTESIAN_POINT ( 'NONE',  ( 95.00000000000000000, 6.999999999999999112, 80.00000000000000000 ) ) ;
#6913 = ORIENTED_EDGE ( 'NONE', *, *, #5953, .F. ) ;
#6914 = VECTOR ( 'NONE', #3277, 1000.000000000000000 ) ;
#6915 = LINE ( 'NONE', #3315, #3163 ) ;
#6916 = PLANE ( 'NONE',  #6277 ) ;
#6917 = EDGE_CURVE ( 'NONE', #4681, #5750, #3081, .T. ) ;
#6918 = FACE_OUTER_BOUND ( 'NONE', #6748, .T. ) ;
#6919 = EDGE_LOOP ( 'NONE', ( #186, #5974, #658, #574 ) ) ;
#6920 = LINE ( 'NONE', #109, #3389 ) ;
#6921 = ORIENTED_EDGE ( 'NONE', *, *, #4283, .T. ) ;
#6922 = VERTEX_POINT ( 'NONE', #6047 ) ;
#6923 = DIRECTION ( 'NONE',  ( 1.000000000000000000, 0.000000000000000000, -0.000000000000000000 ) ) ;
#6924 = VECTOR ( 'NONE', #2680, 1000.000000000000000 ) ;
#6925 = LINE ( 'NONE', #1156, #3667 ) ;
#6926 = EDGE_CURVE ( 'NONE', #514, #3215, #4383, .T. ) ;
#6927 = EDGE_CURVE ( 'NONE', #2868, #3124, #2110, .T. ) ;
#6928 = CARTESIAN_POINT ( 'NONE',  ( 10.00000000000000000, 90.00000000000000000, 61.00000000000000000 ) ) ;
#6929 = ADVANCED_FACE ( 'NONE', ( #356 ), #7096, .F. ) ;
#6930 = EDGE_LOOP ( 'NONE', ( #2669, #6333, #4185, #3085 ) ) ;
#6931 = ORIENTED_EDGE ( 'NONE', *, *, #189, .T. ) ;
#6932 = AXIS2_PLACEMENT_3D ( 'NONE', #7127, #2025, #4300 ) ;
#6933 = LINE ( 'NONE', #5106, #5945 ) ;
#6934 = DIRECTION ( 'NONE',  ( 0.000000000000000000, -0.000000000000000000, 1.000000000000000000 ) ) ;
#6935 = LINE ( 'NONE', #1229, #443 ) ;
#6936 = EDGE_CURVE ( 'NONE', #5216, #5680, #5488, .T. ) ;
#6937 = CARTESIAN_POINT ( 'NONE',  ( 50.00000000000000000, 6.999999999999999112, 37.00000000000000000 ) ) ;
#6938 = ORIENTED_EDGE ( 'NONE', *, *, #4361, .T. ) ;
#6939 = VECTOR ( 'NONE', #3742, 1000.000000000000000 ) ;
#6940 = EDGE_LOOP ( 'NONE', ( #4783, #3422, #4207, #7022 ) ) ;
#6941 = FACE_OUTER_BOUND ( 'NONE', #2381, .T. ) ;
#6942 = LINE ( 'NONE', #4524, #2749 ) ;
#6943 = DIRECTION ( 'NONE',  ( -1.000000000000000000, -0.000000000000000000, 0.000000000000000000 ) ) ;
#6944 = PLANE ( 'NONE',  #6716 ) ;
#6945 = ORIENTED_EDGE ( 'NONE', *, *, #4914, .T. ) ;
#6946 = CARTESIAN_POINT ( 'NONE',  ( 4.500000000000000000, 7.000000000000006217, 2.000000000000000000 ) ) ;
#6947 = CLOSED_SHELL ( 'NONE', ( #4958, #4553, #99, #2469, #182, #5812 ) ) ;
#6948 = EDGE_LOOP ( 'NONE', ( #6165, #6578, #4739, #4314 ) ) ;
#6949 = DIRECTION ( 'NONE',  ( -0.000000000000000000, 1.000000000000000000, 0.000000000000000000 ) ) ;
#6950 = VECTOR ( 'NONE', #7172, 1000.000000000000000 ) ;
#6951 = ORIENTED_EDGE ( 'NONE', *, *, #4468, .F. ) ;
#6952 = LINE ( 'NONE', #5029, #2091 ) ;
#6953 = DIRECTION ( 'NONE',  ( 1.000000000000000000, 0.000000000000000000, -0.000000000000000000 ) ) ;
#6954 = ORIENTED_EDGE ( 'NONE', *, *, #377, .T. ) ;
#6955 = DIRECTION ( 'NONE',  ( 0.000000000000000000, 0.000000000000000000, -1.000000000000000000 ) ) ;
#6956 = VECTOR ( 'NONE', #7343, 1000.000000000000000 ) ;
#6957 = VECTOR ( 'NONE', #3322, 1000.000000000000000 ) ;
#6958 = ORIENTED_EDGE ( 'NONE', *, *, #2044, .F. ) ;
#6959 = CARTESIAN_POINT ( 'NONE',  ( 6.999999999999999112, 7.000000000000006217, 98.00000000000000000 ) ) ;
#6960 = ORIENTED_EDGE ( 'NONE', *, *, #7098, .F. ) ;
#6961 = ORIENTED_EDGE ( 'NONE', *, *, #3692, .T. ) ;
#6962 = PLANE ( 'NONE',  #2099 ) ;
#6963 = DIRECTION ( 'NONE',  ( -1.000000000000000000, -0.000000000000000000, 0.000000000000000000 ) ) ;
#6964 = PLANE ( 'NONE',  #4070 ) ;
#6965 = EDGE_LOOP ( 'NONE', ( #3481, #3823, #4529, #6334 ) ) ;
#6966 = VERTEX_POINT ( 'NONE', #6496 ) ;
#6967 = EDGE_CURVE ( 'NONE', #1351, #543, #4231, .T. ) ;
#6968 = EDGE_CURVE ( 'NONE', #1536, #5670, #3673, .T. ) ;
#6969 = DIRECTION ( 'NONE',  ( 1.000000000000000000, 0.000000000000000000, -0.000000000000000000 ) ) ;
#6970 = DIRECTION ( 'NONE',  ( -0.000000000000000000, 0.000000000000000000, -1.000000000000000000 ) ) ;
#6971 = PLANE ( 'NONE',  #2104 ) ;
#6972 = PLANE ( 'NONE',  #7136 ) ;
#6973 = VECTOR ( 'NONE', #6572, 1000.000000000000000 ) ;
#6974 = ORIENTED_EDGE ( 'NONE', *, *, #818, .F. ) ;
#6975 = VECTOR ( 'NONE', #3032, 1000.000000000000000 ) ;
#6976 = ADVANCED_FACE ( 'NONE', ( #5972 ), #3152, .T. ) ;
#6977 = EDGE_CURVE ( 'NONE', #6432, #4982, #1995, .T. ) ;
#6978 = ADVANCED_FACE ( 'NONE', ( #396 ), #4267, .T. ) ;
#6979 = ORIENTED_EDGE ( 'NONE', *, *, #3734, .F. ) ;
#6980 = DIRECTION ( 'NONE',  ( -1.000000000000000000, -0.000000000000000000, 0.000000000000000000 ) ) ;
#6981 = CARTESIAN_POINT ( 'NONE',  ( 90.00000000000000000, 87.50000000000000000, 2.000000000000000000 ) ) ;
#6982 = PLANE ( 'NONE',  #1628 ) ;
#6983 = DIRECTION ( 'NONE',  ( 0.000000000000000000, -1.000000000000000000, 0.000000000000000000 ) ) ;
#6984 = AXIS2_PLACEMENT_3D ( 'NONE', #6713, #1089, #3845 ) ;
#6985 = ORIENTED_EDGE ( 'NONE', *, *, #5696, .F. ) ;
#6986 = LINE ( 'NONE', #2441, #6837 ) ;
#6987 = EDGE_LOOP ( 'NONE', ( #7078, #2321, #6022, #5404 ) ) ;
#6988 = CARTESIAN_POINT ( 'NONE',  ( 93.00000000000000000, 7.000000000000000000, 37.00000000000000000 ) ) ;
#6989 = EDGE_LOOP ( 'NONE', ( #6727, #2848, #6574, #4863 ) ) ;
#6990 = PLANE ( 'NONE',  #2812 ) ;
#6991 = DIRECTION ( 'NONE',  ( -0.000000000000000000, 1.000000000000000000, 0.000000000000000000 ) ) ;
#6992 = CARTESIAN_POINT ( 'NONE',  ( 6.999999999999999112, 6.999999999999999112, 78.00000000000000000 ) ) ;
#6993 = EDGE_LOOP ( 'NONE', ( #3719, #6424, #3977, #5197 ) ) ;
#6994 = CARTESIAN_POINT ( 'NONE',  ( 1.999999999999999556, 93.00000000000000000, 93.00000000000000000 ) ) ;
#6995 = ORIENTED_EDGE ( 'NONE', *, *, #1321, .F. ) ;
#6996 = EDGE_LOOP ( 'NONE', ( #2813, #1551, #3456, #2210 ) ) ;
#6997 = AXIS2_PLACEMENT_3D ( 'NONE', #2490, #3715, #4798 ) ;
#6998 = CARTESIAN_POINT ( 'NONE',  ( 50.00000000000000000, 90.00000000000000000, 80.00000000000000000 ) ) ;
#6999 = LINE ( 'NONE', #1899, #1285 ) ;
#7000 = CARTESIAN_POINT ( 'NONE',  ( 90.00000000000000000, 90.00000000000000000, 98.00000000000000000 ) ) ;
#7001 = VERTEX_POINT ( 'NONE', #1962 ) ;
#7002 = ORIENTED_EDGE ( 'NONE', *, *, #6460, .T. ) ;
#7003 = CARTESIAN_POINT ( 'NONE',  ( 7.000000000000006217, 6.999999999999999112, 93.00000000000000000 ) ) ;
#7004 = FACE_BOUND ( 'NONE', #3166, .T. ) ;
#7005 = PLANE ( 'NONE',  #1037 ) ;
#7006 = CARTESIAN_POINT ( 'NONE',  ( 95.50000000000000000, 93.00000000000000000, 98.00000000000000000 ) ) ;
#7007 = EDGE_CURVE ( 'NONE', #5142, #2495, #2070, .T. ) ;
#7008 = EDGE_CURVE ( 'NONE', #4556, #3682, #1473, .T. ) ;
#7009 = EDGE_CURVE ( 'NONE', #4854, #3795, #4344, .T. ) ;
#7010 = ORIENTED_EDGE ( 'NONE', *, *, #4819, .T. ) ;
#7011 = DIRECTION ( 'NONE',  ( -0.000000000000000000, 0.000000000000000000, -1.000000000000000000 ) ) ;
#7012 = LINE ( 'NONE', #6443, #5275 ) ;
#7013 = CARTESIAN_POINT ( 'NONE',  ( 50.00000000000000000, 80.00000000000000000, 48.00000000000000000 ) ) ;
#7014 = LINE ( 'NONE', #3664, #2911 ) ;
#7015 = ADVANCED_FACE ( 'NONE', ( #5934 ), #6616, .F. ) ;
#7016 = EDGE_CURVE ( 'NONE', #688, #5266, #6533, .T. ) ;
#7017 = ADVANCED_FACE ( 'NONE', ( #2555 ), #3750, .T. ) ;
#7018 = ORIENTED_EDGE ( 'NONE', *, *, #4060, .F. ) ;
#7019 = CARTESIAN_POINT ( 'NONE',  ( 5.000000000000004441, 50.00000000000000000, 61.00000000000000000 ) ) ;
#7020 = ORIENTED_EDGE ( 'NONE', *, *, #4458, .F. ) ;
#7021 = DIRECTION ( 'NONE',  ( 0.000000000000000000, 0.000000000000000000, 1.000000000000000000 ) ) ;
#7022 = ORIENTED_EDGE ( 'NONE', *, *, #2282, .T. ) ;
#7023 = VECTOR ( 'NONE', #4807, 1000.000000000000000 ) ;
#7024 = CARTESIAN_POINT ( 'NONE',  ( 50.00000000000000000, 6.999999999999999112, 80.00000000000000000 ) ) ;
#7025 = LINE ( 'NONE', #4123, #1523 ) ;
#7026 = AXIS2_PLACEMENT_3D ( 'NONE', #1238, #5776, #1737 ) ;
#7027 = DIRECTION ( 'NONE',  ( -1.000000000000000000, 0.000000000000000000, 0.000000000000000000 ) ) ;
#7028 = ORIENTED_EDGE ( 'NONE', *, *, #498, .T. ) ;
#7029 = VECTOR ( 'NONE', #5540, 1000.000000000000000 ) ;
#7030 = LINE ( 'NONE', #5314, #4935 ) ;
#7031 = VERTEX_POINT ( 'NONE', #988 ) ;
#7032 = EDGE_LOOP ( 'NONE', ( #3849, #4354, #395, #4952 ) ) ;
#7033 = LINE ( 'NONE', #6394, #2457 ) ;
#7034 = LINE ( 'NONE', #6395, #3546 ) ;
#7035 = CARTESIAN_POINT ( 'NONE',  ( 95.50000000000000000, 7.000000000000006217, 2.000000000000000000 ) ) ;
#7036 = ORIENTED_EDGE ( 'NONE', *, *, #5738, .F. ) ;
#7037 = EDGE_CURVE ( 'NONE', #2533, #4482, #5529, .T. ) ;
#7038 = ORIENTED_EDGE ( 'NONE', *, *, #1233, .F. ) ;
#7039 = AXIS2_PLACEMENT_3D ( 'NONE', #3270, #293, #7254 ) ;
#7040 = VERTEX_POINT ( 'NONE', #7062 ) ;
#7041 = FACE_OUTER_BOUND ( 'NONE', #6225, .T. ) ;
#7042 = PLANE ( 'NONE',  #4249 ) ;
#7043 = CARTESIAN_POINT ( 'NONE',  ( 98.00000000000000000, 100.0000000000000000, 2.000000000000000000 ) ) ;
#7044 = CARTESIAN_POINT ( 'NONE',  ( 87.50000000000000000, 90.00000000000000000, 98.00000000000000000 ) ) ;
#7045 = VECTOR ( 'NONE', #5054, 1000.000000000000000 ) ;
#7046 = DIRECTION ( 'NONE',  ( -1.000000000000000000, 0.000000000000000000, 0.000000000000000000 ) ) ;
#7047 = EDGE_CURVE ( 'NONE', #6404, #7351, #840, .T. ) ;
#7048 = DIRECTION ( 'NONE',  ( 0.000000000000000000, 0.000000000000000000, 1.000000000000000000 ) ) ;
#7049 = FACE_OUTER_BOUND ( 'NONE', #5669, .T. ) ;
#7050 = LINE ( 'NONE', #830, #6472 ) ;
#7051 = VECTOR ( 'NONE', #4594, 1000.000000000000000 ) ;
#7052 = ORIENTED_EDGE ( 'NONE', *, *, #5139, .F. ) ;
#7053 =( NAMED_UNIT ( * ) SI_UNIT ( $, .STERADIAN. ) SOLID_ANGLE_UNIT ( ) );
#7054 = ORIENTED_EDGE ( 'NONE', *, *, #5834, .F. ) ;
#7055 = ADVANCED_FACE ( 'NONE', ( #4981 ), #7358, .T. ) ;
#7056 = CARTESIAN_POINT ( 'NONE',  ( 50.00000000000000000, 93.00000000000000000, 2.000000000000000000 ) ) ;
#7057 = ADVANCED_FACE ( 'NONE', ( #25 ), #6728, .F. ) ;
#7058 = EDGE_CURVE ( 'NONE', #3075, #6663, #1626, .T. ) ;
#7059 = ORIENTED_EDGE ( 'NONE', *, *, #3958, .F. ) ;
#7060 = CARTESIAN_POINT ( 'NONE',  ( 100.0000000000000000, 100.0000000000000000, 0.000000000000000000 ) ) ;
#7061 = LINE ( 'NONE', #3080, #3070 ) ;
#7062 = CARTESIAN_POINT ( 'NONE',  ( 90.00000000000000000, 10.00000000000000000, 61.00000000000000000 ) ) ;
#7063 = EDGE_LOOP ( 'NONE', ( #4637, #333, #4931, #2995 ) ) ;
#7064 = ADVANCED_FACE ( 'NONE', ( #3410 ), #5637, .T. ) ;
#7065 = FACE_OUTER_BOUND ( 'NONE', #5431, .T. ) ;
#7066 = ADVANCED_FACE ( 'NONE', ( #2782 ), #6124, .F. ) ;
#7067 = VERTEX_POINT ( 'NONE', #5123 ) ;
#7068 = ORIENTED_EDGE ( 'NONE', *, *, #5639, .F. ) ;
#7069 = FACE_OUTER_BOUND ( 'NONE', #1039, .T. ) ;
#7070 = CARTESIAN_POINT ( 'NONE',  ( 50.00000000000000000, 6.999999999999999112, 80.00000000000000000 ) ) ;
#7071 = AXIS2_PLACEMENT_3D ( 'NONE', #3842, #4887, #6596 ) ;
#7072 = AXIS2_PLACEMENT_3D ( 'NONE', #2141, #6236, #1105 ) ;
#7073 = LINE ( 'NONE', #4169, #734 ) ;
#7074 = VECTOR ( 'NONE', #6035, 1000.000000000000000 ) ;
#7075 = ORIENTED_EDGE ( 'NONE', *, *, #3019, .F. ) ;
#7076 = VERTEX_POINT ( 'NONE', #2294 ) ;
#7077 = VECTOR ( 'NONE', #924, 1000.000000000000000 ) ;
#7078 = ORIENTED_EDGE ( 'NONE', *, *, #6370, .F. ) ;
#7079 = DIRECTION ( 'NONE',  ( -0.000000000000000000, 1.000000000000000000, 0.000000000000000000 ) ) ;
#7080 = DIRECTION ( 'NONE',  ( 1.000000000000000000, 0.000000000000000000, -0.000000000000000000 ) ) ;
#7081 = PLANE ( 'NONE',  #86 ) ;
#7082 = FACE_OUTER_BOUND ( 'NONE', #2795, .T. ) ;
#7083 = LINE ( 'NONE', #7120, #5712 ) ;
#7084 = VECTOR ( 'NONE', #1663, 1000.000000000000000 ) ;
#7085 = CARTESIAN_POINT ( 'NONE',  ( 10.00000000000000000, 84.99999999999998579, 63.00000000000000000 ) ) ;
#7086 = DIRECTION ( 'NONE',  ( 1.000000000000000000, 0.000000000000000000, -0.000000000000000000 ) ) ;
#7087 = LINE ( 'NONE', #270, #1846 ) ;
#7088 = VECTOR ( 'NONE', #4340, 1000.000000000000000 ) ;
#7089 = ORIENTED_EDGE ( 'NONE', *, *, #5783, .F. ) ;
#7090 = ORIENTED_EDGE ( 'NONE', *, *, #4191, .F. ) ;
#7091 = CARTESIAN_POINT ( 'NONE',  ( 15.00000000000000000, 10.00000000000000178, 63.00000000000000000 ) ) ;
#7092 = ORIENTED_EDGE ( 'NONE', *, *, #1825, .T. ) ;
#7093 = AXIS2_PLACEMENT_3D ( 'NONE', #1621, #3853, #7354 ) ;
#7094 = LINE ( 'NONE', #2627, #5071 ) ;
#7095 = PLANE ( 'NONE',  #1046 ) ;
#7096 = PLANE ( 'NONE',  #284 ) ;
#7097 = EDGE_CURVE ( 'NONE', #1055, #4802, #2256, .T. ) ;
#7098 = EDGE_CURVE ( 'NONE', #3686, #688, #544, .T. ) ;
#7099 = AXIS2_PLACEMENT_3D ( 'NONE', #119, #3064, #2952 ) ;
#7100 = ORIENTED_EDGE ( 'NONE', *, *, #2095, .T. ) ;
#7101 = DIRECTION ( 'NONE',  ( 0.000000000000000000, 0.000000000000000000, -1.000000000000000000 ) ) ;
#7102 = EDGE_LOOP ( 'NONE', ( #1349, #1819, #68, #6269 ) ) ;
#7103 = ORIENTED_EDGE ( 'NONE', *, *, #4841, .T. ) ;
#7104 = LINE ( 'NONE', #6998, #5426 ) ;
#7105 = DIRECTION ( 'NONE',  ( 0.000000000000000000, -1.000000000000000000, 0.000000000000000000 ) ) ;
#7106 = CARTESIAN_POINT ( 'NONE',  ( 84.99999999999998579, 84.99999999999998579, 2.000000000000000000 ) ) ;
#7107 = FACE_OUTER_BOUND ( 'NONE', #6930, .T. ) ;
#7108 = EDGE_CURVE ( 'NONE', #4566, #5984, #1587, .T. ) ;
#7109 = EDGE_CURVE ( 'NONE', #1167, #6504, #6164, .T. ) ;
#7110 = ORIENTED_EDGE ( 'NONE', *, *, #3978, .T. ) ;
#7111 = ADVANCED_FACE ( 'NONE', ( #5014 ), #2822, .F. ) ;
#7112 = EDGE_LOOP ( 'NONE', ( #5567, #1999, #6344, #5983, #7164, #4426, #5384, #921, #4316, #5351, #7238, #2608 ) ) ;
#7113 = VECTOR ( 'NONE', #5908, 1000.000000000000000 ) ;
#7114 = ORIENTED_EDGE ( 'NONE', *, *, #4, .T. ) ;
#7115 = LINE ( 'NONE', #3024, #3695 ) ;
#7116 = CARTESIAN_POINT ( 'NONE',  ( 10.00000000000000000, 84.99999999999998579, 22.00000000000000000 ) ) ;
#7117 = LINE ( 'NONE', #856, #6499 ) ;
#7118 = DIRECTION ( 'NONE',  ( 0.000000000000000000, -0.000000000000000000, 1.000000000000000000 ) ) ;
#7119 = VECTOR ( 'NONE', #3800, 1000.000000000000000 ) ;
#7120 = CARTESIAN_POINT ( 'NONE',  ( 80.00000000000000000, 80.00000000000000000, 39.00000000000000000 ) ) ;
#7121 = LINE ( 'NONE', #2018, #1720 ) ;
#7122 = LINE ( 'NONE', #2658, #2220 ) ;
#7123 = LINE ( 'NONE', #4816, #5052 ) ;
#7124 = ORIENTED_EDGE ( 'NONE', *, *, #4698, .F. ) ;
#7125 = COORDINATED_UNIVERSAL_TIME_OFFSET ( 5, 0, .BEHIND. ) ;
#7126 = ORIENTED_EDGE ( 'NONE', *, *, #6825, .T. ) ;
#7127 = CARTESIAN_POINT ( 'NONE',  ( 99.00000000000000000, 100.0000000000000000, 2.000000000000000000 ) ) ;
#7128 = LINE ( 'NONE', #2026, #6086 ) ;
#7129 = ORIENTED_EDGE ( 'NONE', *, *, #5417, .F. ) ;
#7130 = DIRECTION ( 'NONE',  ( 0.000000000000000000, 0.000000000000000000, 1.000000000000000000 ) ) ;
#7131 = DIRECTION ( 'NONE',  ( 0.000000000000000000, 0.000000000000000000, -1.000000000000000000 ) ) ;
#7132 = EDGE_LOOP ( 'NONE', ( #3235, #2028, #3909, #5977 ) ) ;
#7133 = DIRECTION ( 'NONE',  ( 0.000000000000000000, 0.000000000000000000, 1.000000000000000000 ) ) ;
#7134 = ORIENTED_EDGE ( 'NONE', *, *, #5240, .F. ) ;
#7135 = DIRECTION ( 'NONE',  ( -0.000000000000000000, 1.000000000000000000, 0.000000000000000000 ) ) ;
#7136 = AXIS2_PLACEMENT_3D ( 'NONE', #4139, #4734, #7118 ) ;
#7137 = VERTEX_POINT ( 'NONE', #3446 ) ;
#7138 = EDGE_CURVE ( 'NONE', #1615, #4639, #7281, .T. ) ;
#7139 = DIRECTION ( 'NONE',  ( 0.000000000000000000, 0.000000000000000000, 1.000000000000000000 ) ) ;
#7140 = CARTESIAN_POINT ( 'NONE',  ( 84.99999999999998579, 15.00000000000000178, 36.00000000000000000 ) ) ;
#7141 = VECTOR ( 'NONE', #1879, 1000.000000000000000 ) ;
#7142 = CARTESIAN_POINT ( 'NONE',  ( 95.50000000000000000, 93.00000000000000000, 93.00000000000000000 ) ) ;
#7143 = ORIENTED_EDGE ( 'NONE', *, *, #2135, .T. ) ;
#7144 = VECTOR ( 'NONE', #898, 1000.000000000000000 ) ;
#7145 = EDGE_LOOP ( 'NONE', ( #360, #327, #180, #4822 ) ) ;
#7146 = EDGE_LOOP ( 'NONE', ( #4064, #2266, #2810, #2902 ) ) ;
#7147 = EDGE_LOOP ( 'NONE', ( #6954, #4053, #1852, #6938 ) ) ;
#7148 = DIRECTION ( 'NONE',  ( -1.000000000000000000, -0.000000000000000000, 0.000000000000000000 ) ) ;
#7149 = ADVANCED_FACE ( 'NONE', ( #6688 ), #2177, .T. ) ;
#7150 = EDGE_CURVE ( 'NONE', #7040, #2478, #1067, .T. ) ;
#7151 = EDGE_CURVE ( 'NONE', #7368, #1757, #3339, .T. ) ;
#7152 = PLANE ( 'NONE',  #4711 ) ;
#7153 = CARTESIAN_POINT ( 'NONE',  ( 6.999999999999999112, 95.00000000000000000, 20.00000000000000000 ) ) ;
#7154 = CARTESIAN_POINT ( 'NONE',  ( 50.00000000000000000, 5.000000000000004441, 78.00000000000000000 ) ) ;
#7155 = VECTOR ( 'NONE', #778, 1000.000000000000000 ) ;
#7156 = DIRECTION ( 'NONE',  ( 0.000000000000000000, -0.000000000000000000, 1.000000000000000000 ) ) ;
#7157 = DIRECTION ( 'NONE',  ( -0.000000000000000000, 1.000000000000000000, 0.000000000000000000 ) ) ;
#7158 = EDGE_CURVE ( 'NONE', #474, #3530, #1744, .T. ) ;
#7159 = CARTESIAN_POINT ( 'NONE',  ( 50.00000000000000000, 10.00000000000000178, 20.00000000000000000 ) ) ;
#7160 = CARTESIAN_POINT ( 'NONE',  ( 6.999999999999999112, 6.999999999999999112, 61.00000000000000000 ) ) ;
#7161 = CARTESIAN_POINT ( 'NONE',  ( 50.00000000000000000, 1.999999999999999556, 93.00000000000000000 ) ) ;
#7162 = VERTEX_POINT ( 'NONE', #435 ) ;
#7163 = MECHANICAL_CONTEXT ( 'NONE', #5441, 'mechanical' ) ;
#7164 = ORIENTED_EDGE ( 'NONE', *, *, #4870, .F. ) ;
#7165 = DIRECTION ( 'NONE',  ( -0.000000000000000000, 1.000000000000000000, 0.000000000000000000 ) ) ;
#7166 = DIRECTION ( 'NONE',  ( 0.000000000000000000, -1.000000000000000000, -0.000000000000000000 ) ) ;
#7167 = DIRECTION ( 'NONE',  ( -0.000000000000000000, 1.000000000000000000, 0.000000000000000000 ) ) ;
#7168 = AXIS2_PLACEMENT_3D ( 'NONE', #3523, #692, #1468 ) ;
#7169 = LINE ( 'NONE', #6419, #3999 ) ;
#7170 = PLANE ( 'NONE',  #7350 ) ;
#7171 = VERTEX_POINT ( 'NONE', #2712 ) ;
#7172 = DIRECTION ( 'NONE',  ( 1.000000000000000000, 0.000000000000000000, -0.000000000000000000 ) ) ;
#7173 = ORIENTED_EDGE ( 'NONE', *, *, #6936, .T. ) ;
#7174 = DIRECTION ( 'NONE',  ( 0.000000000000000000, 0.000000000000000000, 1.000000000000000000 ) ) ;
#7175 = ORIENTED_EDGE ( 'NONE', *, *, #2052, .T. ) ;
#7176 = CARTESIAN_POINT ( 'NONE',  ( 93.00000000000000000, 93.00000000000000000, 77.00000000000000000 ) ) ;
#7177 = CARTESIAN_POINT ( 'NONE',  ( 90.00000000000000000, 50.00000000000000000, 80.00000000000000000 ) ) ;
#7178 = AXIS2_PLACEMENT_3D ( 'NONE', #4326, #3770, #3209 ) ;
#7179 = DIRECTION ( 'NONE',  ( 0.000000000000000000, 0.000000000000000000, -1.000000000000000000 ) ) ;
#7180 = ORIENTED_EDGE ( 'NONE', *, *, #6048, .F. ) ;
#7181 = ORIENTED_EDGE ( 'NONE', *, *, #4011, .T. ) ;
#7182 = ORIENTED_EDGE ( 'NONE', *, *, #6848, .F. ) ;
#7183 = ORIENTED_EDGE ( 'NONE', *, *, #2927, .F. ) ;
#7184 = LINE ( 'NONE', #4465, #3817 ) ;
#7185 = AXIS2_PLACEMENT_3D ( 'NONE', #6946, #167, #1779 ) ;
#7186 = LINE ( 'NONE', #3278, #3640 ) ;
#7187 = LINE ( 'NONE', #1529, #699 ) ;
#7188 = LINE ( 'NONE', #376, #4170 ) ;
#7189 = VECTOR ( 'NONE', #5073, 1000.000000000000000 ) ;
#7190 = EDGE_CURVE ( 'NONE', #5499, #1430, #6986, .T. ) ;
#7191 = EDGE_CURVE ( 'NONE', #4860, #1411, #1810, .T. ) ;
#7192 = CARTESIAN_POINT ( 'NONE',  ( 98.00000000000000000, 7.000000000000006217, 2.000000000000000000 ) ) ;
#7193 = CARTESIAN_POINT ( 'NONE',  ( 93.00000000000000000, 6.999999999999999112, 93.00000000000000000 ) ) ;
#7194 = CARTESIAN_POINT ( 'NONE',  ( 95.50000000000000000, 95.50000000000000000, 2.000000000000000000 ) ) ;
#7195 = DIRECTION ( 'NONE',  ( 1.000000000000000000, 0.000000000000000000, 0.000000000000000000 ) ) ;
#7196 = CARTESIAN_POINT ( 'NONE',  ( 93.00000000000000000, 50.00000000000000000, 39.00000000000000000 ) ) ;
#7197 = EDGE_LOOP ( 'NONE', ( #5163, #4071, #6403, #1586 ) ) ;
#7198 = COORDINATED_UNIVERSAL_TIME_OFFSET ( 5, 0, .BEHIND. ) ;
#7199 = EDGE_CURVE ( 'NONE', #4158, #3381, #6380, .T. ) ;
#7200 = EDGE_CURVE ( 'NONE', #1237, #3739, #96, .T. ) ;
#7201 = EDGE_CURVE ( 'NONE', #2949, #4158, #4602, .T. ) ;
#7202 = ORIENTED_EDGE ( 'NONE', *, *, #4609, .F. ) ;
#7203 = LINE ( 'NONE', #2101, #7285 ) ;
#7204 = CARTESIAN_POINT ( 'NONE',  ( 50.00000000000000000, 90.00000000000000000, 78.00000000000000000 ) ) ;
#7205 = ORIENTED_EDGE ( 'NONE', *, *, #5512, .F. ) ;
#7206 = DIRECTION ( 'NONE',  ( 0.000000000000000000, 0.000000000000000000, 1.000000000000000000 ) ) ;
#7207 = DIRECTION ( 'NONE',  ( 1.000000000000000000, 0.000000000000000000, -0.000000000000000000 ) ) ;
#7208 = ORIENTED_EDGE ( 'NONE', *, *, #5369, .T. ) ;
#7209 = VECTOR ( 'NONE', #468, 1000.000000000000000 ) ;
#7210 = CARTESIAN_POINT ( 'NONE',  ( 95.00000000000000000, 93.00000000000000000, 77.00000000000000000 ) ) ;
#7211 = ORIENTED_EDGE ( 'NONE', *, *, #2016, .F. ) ;
#7212 = VECTOR ( 'NONE', #5085, 1000.000000000000000 ) ;
#7213 = LINE ( 'NONE', #6577, #2310 ) ;
#7214 = ORIENTED_EDGE ( 'NONE', *, *, #269, .F. ) ;
#7215 = FACE_OUTER_BOUND ( 'NONE', #5422, .T. ) ;
#7216 = DIRECTION ( 'NONE',  ( -0.000000000000000000, 1.000000000000000000, 0.000000000000000000 ) ) ;
#7217 = VECTOR ( 'NONE', #1765, 1000.000000000000000 ) ;
#7218 = CARTESIAN_POINT ( 'NONE',  ( 12.50000000000000000, 10.00000000000000000, 36.00000000000000000 ) ) ;
#7219 = PERSON ( 'UNSPECIFIED', 'UNSPECIFIED', 'UNSPECIFIED', ('UNSPECIFIED'), ('UNSPECIFIED'), ('UNSPECIFIED') ) ;
#7220 = ORIENTED_EDGE ( 'NONE', *, *, #2783, .T. ) ;
#7221 = EDGE_LOOP ( 'NONE', ( #1975, #4757, #3783, #177 ) ) ;
#7222 = ORIENTED_EDGE ( 'NONE', *, *, #725, .F. ) ;
#7223 = LINE ( 'NONE', #5135, #3348 ) ;
#7224 = CARTESIAN_POINT ( 'NONE',  ( 6.999999999999999112, 6.999999999999999112, 2.000000000000000000 ) ) ;
#7225 = LINE ( 'NONE', #2086, #4621 ) ;
#7226 = PLANE ( 'NONE',  #5585 ) ;
#7227 = VECTOR ( 'NONE', #1712, 1000.000000000000000 ) ;
#7228 = LINE ( 'NONE', #4960, #6834 ) ;
#7229 = CARTESIAN_POINT ( 'NONE',  ( 10.00000000000000178, 50.00000000000000000, 61.00000000000000000 ) ) ;
#7230 = CARTESIAN_POINT ( 'NONE',  ( 50.00000000000000000, 5.000000000000004441, 37.00000000000000000 ) ) ;
#7231 = CARTESIAN_POINT ( 'NONE',  ( 1.999999999999999556, 1.999999999999999556, 2.000000000000000000 ) ) ;
#7232 = VECTOR ( 'NONE', #6532, 1000.000000000000000 ) ;
#7233 = PRODUCT_DEFINITION ( 'UNKNOWN', '', #1129, #3074 ) ;
#7234 = ADVANCED_FACE ( 'NONE', ( #5195 ), #1283, .T. ) ;
#7235 = CARTESIAN_POINT ( 'NONE',  ( 90.00000000000000000, 50.00000000000000000, 39.00000000000000000 ) ) ;
#7236 = ORIENTED_EDGE ( 'NONE', *, *, #6836, .T. ) ;
#7237 = CALENDAR_DATE ( 2026, 6, 10 ) ;
#7238 = ORIENTED_EDGE ( 'NONE', *, *, #5408, .F. ) ;
#7239 = DIRECTION ( 'NONE',  ( 0.000000000000000000, -1.000000000000000000, 0.000000000000000000 ) ) ;
#7240 = CARTESIAN_POINT ( 'NONE',  ( 1.999999999999999556, 4.500000000000000000, 2.000000000000000000 ) ) ;
#7241 = DIRECTION ( 'NONE',  ( 0.000000000000000000, 0.000000000000000000, 1.000000000000000000 ) ) ;
#7242 = FACE_OUTER_BOUND ( 'NONE', #2864, .T. ) ;
#7243 = ADVANCED_FACE ( 'NONE', ( #3590 ), #1848, .F. ) ;
#7244 = ADVANCED_FACE ( 'NONE', ( #5161 ), #1350, .T. ) ;
#7246 = ADVANCED_FACE ( 'NONE', ( #3001 ), #6306, .T. ) ;
#7245 = PLANE ( 'NONE',  #3758 ) ;
#7247 = DIRECTION ( 'NONE',  ( 0.000000000000000000, -1.000000000000000000, -0.000000000000000000 ) ) ;
#7248 = EDGE_LOOP ( 'NONE', ( #5097, #3702, #7089, #4865 ) ) ;
#7249 = DIRECTION ( 'NONE',  ( 0.000000000000000000, -1.000000000000000000, -0.000000000000000000 ) ) ;
#7250 = ORIENTED_EDGE ( 'NONE', *, *, #3135, .F. ) ;
#7251 = PLANE ( 'NONE',  #4432 ) ;
#7252 = ORIENTED_EDGE ( 'NONE', *, *, #5420, .T. ) ;
#7253 = CARTESIAN_POINT ( 'NONE',  ( 84.99999999999998579, 87.50000000000000000, 77.00000000000000000 ) ) ;
#7254 = DIRECTION ( 'NONE',  ( 0.000000000000000000, 0.000000000000000000, 1.000000000000000000 ) ) ;
#7255 = DIRECTION ( 'NONE',  ( 0.000000000000000000, -0.000000000000000000, 1.000000000000000000 ) ) ;
#7256 = ORIENTED_EDGE ( 'NONE', *, *, #6281, .F. ) ;
#7257 = VERTEX_POINT ( 'NONE', #2403 ) ;
#7258 = EDGE_LOOP ( 'NONE', ( #4260, #3162, #4043, #1717 ) ) ;
#7259 = CARTESIAN_POINT ( 'NONE',  ( 6.999999999999999112, 4.500000000000000000, 2.000000000000000000 ) ) ;
#7260 = PLANE ( 'NONE',  #2581 ) ;
#7261 = CARTESIAN_POINT ( 'NONE',  ( 10.00000000000000000, 12.50000000000000000, 60.00000000000000000 ) ) ;
#7262 = CARTESIAN_POINT ( 'NONE',  ( 93.00000000000000000, 50.00000000000000000, 20.00000000000000000 ) ) ;
#7263 = VECTOR ( 'NONE', #2767, 1000.000000000000000 ) ;
#7264 = ADVANCED_FACE ( 'NONE', ( #619 ), #6910, .F. ) ;
#7265 = CARTESIAN_POINT ( 'NONE',  ( 84.99999999999998579, 15.00000000000000178, 37.00000000000000000 ) ) ;
#7266 = VECTOR ( 'NONE', #6250, 1000.000000000000000 ) ;
#7267 = DIRECTION ( 'NONE',  ( 0.000000000000000000, 0.000000000000000000, 1.000000000000000000 ) ) ;
#7268 = CARTESIAN_POINT ( 'NONE',  ( 50.00000000000000000, 84.99999999999998579, 80.00000000000000000 ) ) ;
#7269 = CARTESIAN_POINT ( 'NONE',  ( 90.00000000000000000, 84.99999999999998579, 2.000000000000000000 ) ) ;
#7270 = CARTESIAN_POINT ( 'NONE',  ( 90.00000000000000000, 90.00000000000000000, 22.00000000000000000 ) ) ;
#7271 = VERTEX_POINT ( 'NONE', #3519 ) ;
#7272 = ORIENTED_EDGE ( 'NONE', *, *, #3465, .F. ) ;
#7273 = LINE ( 'NONE', #6077, #4784 ) ;
#7274 = CARTESIAN_POINT ( 'NONE',  ( 90.00000000000000000, 90.00000000000000000, 2.000000000000000000 ) ) ;
#7275 = AXIS2_PLACEMENT_3D ( 'NONE', #5909, #2384, #814 ) ;
#7276 = ORIENTED_EDGE ( 'NONE', *, *, #6451, .F. ) ;
#7277 = CARTESIAN_POINT ( 'NONE',  ( 7.000000000000000000, 93.00000000000000000, 80.00000000000000000 ) ) ;
#7278 = PLANE ( 'NONE',  #6732 ) ;
#7279 = LINE ( 'NONE', #947, #5878 ) ;
#7280 = EDGE_LOOP ( 'NONE', ( #667, #2459, #6076, #4463 ) ) ;
#7281 = LINE ( 'NONE', #5089, #2543 ) ;
#7282 = ADVANCED_FACE ( 'NONE', ( #2476 ), #2332, .T. ) ;
#7283 = EDGE_CURVE ( 'NONE', #6283, #447, #6876, .T. ) ;
#7284 = ORIENTED_EDGE ( 'NONE', *, *, #6848, .T. ) ;
#7285 = VECTOR ( 'NONE', #2585, 1000.000000000000000 ) ;
#7286 = PLANE ( 'NONE',  #1336 ) ;
#7287 = ORIENTED_EDGE ( 'NONE', *, *, #2052, .F. ) ;
#7288 = PLANE ( 'NONE',  #5329 ) ;
#7289 = CARTESIAN_POINT ( 'NONE',  ( 93.00000000000000000, 7.000000000000006217, 98.00000000000000000 ) ) ;
#7290 = VECTOR ( 'NONE', #577, 1000.000000000000000 ) ;
#7291 = DIRECTION ( 'NONE',  ( 1.000000000000000000, 0.000000000000000000, -0.000000000000000000 ) ) ;
#7292 = ADVANCED_FACE ( 'NONE', ( #204 ), #724, .T. ) ;
#7293 = EDGE_CURVE ( 'NONE', #2977, #781, #5228, .T. ) ;
#7294 = ADVANCED_FACE ( 'NONE', ( #4045 ), #6340, .F. ) ;
#7295 = ORIENTED_EDGE ( 'NONE', *, *, #4687, .F. ) ;
#7296 = ORIENTED_EDGE ( 'NONE', *, *, #5201, .T. ) ;
#7297 = VERTEX_POINT ( 'NONE', #5785 ) ;
#7298 = CARTESIAN_POINT ( 'NONE',  ( 2.000000000000001776, 0.000000000000000000, 2.000000000000000000 ) ) ;
#7299 = FACE_OUTER_BOUND ( 'NONE', #397, .T. ) ;
#7300 = LINE ( 'NONE', #4993, #2000 ) ;
#7301 = DIRECTION ( 'NONE',  ( 0.000000000000000000, 0.000000000000000000, 1.000000000000000000 ) ) ;
#7302 = VECTOR ( 'NONE', #1707, 1000.000000000000000 ) ;
#7303 = DIRECTION ( 'NONE',  ( 0.000000000000000000, -1.000000000000000000, -0.000000000000000000 ) ) ;
#7304 = LINE ( 'NONE', #4364, #2393 ) ;
#7305 = CARTESIAN_POINT ( 'NONE',  ( 50.00000000000000000, 95.00000000000000000, 20.00000000000000000 ) ) ;
#7306 = FACE_OUTER_BOUND ( 'NONE', #2967, .T. ) ;
#7307 = LINE ( 'NONE', #4964, #1957 ) ;
#7308 = AXIS2_PLACEMENT_3D ( 'NONE', #6052, #3115, #5902 ) ;
#7309 = VECTOR ( 'NONE', #2022, 1000.000000000000000 ) ;
#7310 = AXIS2_PLACEMENT_3D ( 'NONE', #4526, #5192, #1701 ) ;
#7311 = ORIENTED_EDGE ( 'NONE', *, *, #1058, .T. ) ;
#7312 = ORIENTED_EDGE ( 'NONE', *, *, #6645, .F. ) ;
#7313 = ORIENTED_EDGE ( 'NONE', *, *, #6742, .T. ) ;
#7314 = VECTOR ( 'NONE', #4839, 1000.000000000000000 ) ;
#7315 = CARTESIAN_POINT ( 'NONE',  ( 50.00000000000000000, 84.99999999999998579, 39.00000000000000000 ) ) ;
#7316 = CARTESIAN_POINT ( 'NONE',  ( 93.00000000000000000, 4.500000000000000000, 98.00000000000000000 ) ) ;
#7317 = CARTESIAN_POINT ( 'NONE',  ( 5.000000000000000000, 7.000000000000000000, 19.00000000000000000 ) ) ;
#7318 = CARTESIAN_POINT ( 'NONE',  ( 1.000000000000000000, 50.00000000000000000, 2.000000000000000000 ) ) ;
#7319 = LINE ( 'NONE', #2330, #885 ) ;
#7320 = ORIENTED_EDGE ( 'NONE', *, *, #47, .F. ) ;
#7321 = DIRECTION ( 'NONE',  ( -1.000000000000000000, 0.000000000000000000, 0.000000000000000000 ) ) ;
#7322 = ORIENTED_EDGE ( 'NONE', *, *, #1318, .T. ) ;
#7323 = DIRECTION ( 'NONE',  ( -1.000000000000000000, -0.000000000000000000, 0.000000000000000000 ) ) ;
#7324 = ORIENTED_EDGE ( 'NONE', *, *, #1416, .F. ) ;
#7325 = VECTOR ( 'NONE', #4466, 1000.000000000000000 ) ;
#7326 = DIRECTION ( 'NONE',  ( 0.000000000000000000, -1.000000000000000000, 0.000000000000000000 ) ) ;
#7327 = EDGE_CURVE ( 'NONE', #3492, #893, #5479, .T. ) ;
#7328 = EDGE_CURVE ( 'NONE', #2773, #3103, #1389, .T. ) ;
#7329 = DIRECTION ( 'NONE',  ( 0.000000000000000000, -1.000000000000000000, 0.000000000000000000 ) ) ;
#7330 = LINE ( 'NONE', #2225, #891 ) ;
#7331 = VERTEX_POINT ( 'NONE', #4298 ) ;
#7332 = EDGE_LOOP ( 'NONE', ( #1299, #6427, #7320, #2936 ) ) ;
#7333 = VERTEX_POINT ( 'NONE', #2583 ) ;
#7334 = FACE_OUTER_BOUND ( 'NONE', #7197, .T. ) ;
#7335 = CARTESIAN_POINT ( 'NONE',  ( 90.00000000000000000, 87.50000000000000000, 77.00000000000000000 ) ) ;
#7336 = DIRECTION ( 'NONE',  ( 0.000000000000000000, -1.000000000000000000, 0.000000000000000000 ) ) ;
#7337 = VECTOR ( 'NONE', #5978, 1000.000000000000000 ) ;
#7338 = EDGE_CURVE ( 'NONE', #6814, #5880, #1462, .T. ) ;
#7339 = EDGE_CURVE ( 'NONE', #4795, #6322, #273, .T. ) ;
#7340 = CARTESIAN_POINT ( 'NONE',  ( 93.00000000000000000, 4.500000000000000000, 2.000000000000000000 ) ) ;
#7341 = EDGE_CURVE ( 'NONE', #1676, #3437, #5371, .T. ) ;
#7342 = ORIENTED_EDGE ( 'NONE', *, *, #3872, .T. ) ;
#7343 = DIRECTION ( 'NONE',  ( 0.000000000000000000, 0.000000000000000000, 1.000000000000000000 ) ) ;
#7344 = LINE ( 'NONE', #2730, #4054 ) ;
#7345 = DIRECTION ( 'NONE',  ( 0.000000000000000000, -1.000000000000000000, -0.000000000000000000 ) ) ;
#7346 = DIRECTION ( 'NONE',  ( -1.000000000000000000, -0.000000000000000000, 0.000000000000000000 ) ) ;
#7347 = FACE_OUTER_BOUND ( 'NONE', #6051, .T. ) ;
#7348 = EDGE_LOOP ( 'NONE', ( #3013, #7129, #809, #3757 ) ) ;
#7349 = ORIENTED_EDGE ( 'NONE', *, *, #1272, .F. ) ;
#7350 = AXIS2_PLACEMENT_3D ( 'NONE', #5527, #318, #3747 ) ;
#7351 = VERTEX_POINT ( 'NONE', #387 ) ;
#7352 = PLANE ( 'NONE',  #5736 ) ;
#7353 = CARTESIAN_POINT ( 'NONE',  ( 0.000000000000000000, 50.00000000000000000, 100.0000000000000000 ) ) ;
#7354 = DIRECTION ( 'NONE',  ( 0.000000000000000000, -0.000000000000000000, 1.000000000000000000 ) ) ;
#7355 = DIRECTION ( 'NONE',  ( 0.000000000000000000, 0.000000000000000000, 1.000000000000000000 ) ) ;
#7356 = CARTESIAN_POINT ( 'NONE',  ( 84.99999999999998579, 90.00000000000000000, 2.000000000000000000 ) ) ;
#7357 = EDGE_LOOP ( 'NONE', ( #445, #2111, #3078, #1412 ) ) ;
#7358 = PLANE ( 'NONE',  #3028 ) ;
#7359 = ORIENTED_EDGE ( 'NONE', *, *, #601, .F. ) ;
#7360 = DIRECTION ( 'NONE',  ( 1.000000000000000000, 0.000000000000000000, -0.000000000000000000 ) ) ;
#7361 = ORIENTED_EDGE ( 'NONE', *, *, #1605, .F. ) ;
#7362 = DIRECTION ( 'NONE',  ( 0.000000000000000000, -1.000000000000000000, 0.000000000000000000 ) ) ;
#7363 = CARTESIAN_POINT ( 'NONE',  ( 10.00000000000000000, 10.00000000000000000, 60.00000000000000000 ) ) ;
#7364 = PLANE ( 'NONE',  #3268 ) ;
#7365 = ORIENTED_EDGE ( 'NONE', *, *, #4881, .T. ) ;
#7366 = ADVANCED_FACE ( 'NONE', ( #4224 ), #5890, .T. ) ;
#7367 = ORIENTED_EDGE ( 'NONE', *, *, #5062, .F. ) ;
#7368 = VERTEX_POINT ( 'NONE', #6001 ) ;
#7369 = LINE ( 'NONE', #6778, #249 ) ;
ENDSEC;
END-ISO-10303-21;
