phase_s,time_s,battery,bolts,frame,panel1,panel2,panel3,panel4,panel5,panel6,pcb1,pcb2,pcb3,pcb4,energy_J,absorbed_power_W,emitted_power_W
0.000000000000000000e+00,1.116000000000000000e+04,2.700759705969296647e+02,2.723942610946171499e+02,2.791815210846487503e+02,3.078182597686621875e+02,2.799328055941973616e+02,2.917333606754986022e+02,2.643700552429896220e+02,2.683398770051126121e+02,2.682629307380077535e+02,2.669473889309649053e+02,2.708914849973077708e+02,2.696397998057949508e+02,2.662260147058296411e+02,1.669088595689301146e+05,2.035692294123717971e+01,1.545617577138392562e+01
1.000000000000000000e+01,1.117000000000000000e+04,2.700948216893593781e+02,2.725282351002620658e+02,2.792826813846681944e+02,3.081164465676467898e+02,2.800606198000584754e+02,2.913597439088483156e+02,2.645530813207498113e+02,2.684698006576977036e+02,2.683930465320824510e+02,2.670450796257679258e+02,2.709324492806587728e+02,2.697273660291378974e+02,2.663282673299375460e+02,1.669571764704439556e+05,2.030620759978206280e+01,1.547451768330022048e+01
2.000000000000000000e+01,1.118000000000000000e+04,2.701139599532500029e+02,2.726605943580547091e+02,2.793846463265205102e+02,3.084082055319597089e+02,2.801869940704883675e+02,2.909992216297632126e+02,2.647530825643634671e+02,2.685988586276698129e+02,2.685223051753870323e+02,2.671426625345348498e+02,2.709733693668815704e+02,2.698148082218490345e+02,2.664304894607148526e+02,1.670064682013050769e+05,2.042305047644016014e+01,1.549387764715307902e+01
3.000000000000000000e+01,1.119000000000000000e+04,2.701333851873515641e+02,2.727914346464974074e+02,2.794882528959238925e+02,3.086937496654639972e+02,2.803121463304650547e+02,2.906503746910615291e+02,2.649686319990053676e+02,2.687272400744568017e+02,2.686508958006114085e+02,2.672401573588707606e+02,2.710142734916984750e+02,2.699021532872646389e+02,2.665326998194203156e+02,1.670567061255911540e+05,2.053773743232779836e+01,1.551394526699616883e+01
4.000000000000000000e+01,1.120000000000000000e+04,2.701530974705233916e+02,2.729208651891279942e+02,2.795937099407636879e+02,3.089732350786638904e+02,2.804362367283245021e+02,2.903124098733852065e+02,2.651989217670088124e+02,2.688550621487414674e+02,2.687789355262839308e+02,2.673375805566968211e+02,2.710551849597305818e+02,2.699894238933398469e+02,2.666349138911838850e+02,1.671078624317360809e+05,2.065025392622730394e+01,1.553462357424684015e+01
5.000000000000000000e+01,1.121000000000000000e+04,2.701730969765000054e+02,2.730489980793642530e+02,2.797010417867268188e+02,3.092467769191419507e+02,2.805593835774822082e+02,2.899847652373990741e+02,2.654433693578529869e+02,2.689824048415969173e+02,2.689065043065908185e+02,2.674349467148715576e+02,2.710961241323813056e+02,2.700766401115077429e+02,2.667371453034469369e+02,1.671599096051180095e+05,2.076058569211497939e+01,1.555586861787258357e+01
6.000000000000000000e+01,1.122000000000000000e+04,2.701933839148281322e+02,2.731759432444899289e+02,2.798102161530347303e+02,3.095144611912761548e+02,2.806816751767343021e+02,2.896669827491770661e+02,2.657014906214312759e+02,2.691093267759446235e+02,2.690336607209356430e+02,2.675322691880805905e+02,2.711371093731107749e+02,2.701638202376070694e+02,2.668394064616232413e+02,1.672128202875252173e+05,2.086871874096992840e+01,1.557765076044417540e+01
7.000000000000000000e+01,1.123000000000000000e+04,2.702139585121094001e+02,2.733018061382347241e+02,2.799211826371047778e+02,3.097763528129635802e+02,2.808031778646357566e+02,2.893586620138345893e+02,2.659728537752889110e+02,2.692358728653814524e+02,2.691604496347437134e+02,2.676295604355077558e+02,2.711781575401972759e+02,2.702509812290138598e+02,2.669417088904923503e+02,1.672665672352705733e+05,2.097463936254768058e+01,1.559994484491333644e+01
8.000000000000000000e+01,1.124000000000000000e+04,2.702348210049375439e+02,2.734266866936019369e+02,2.800338848043440976e+02,3.100325011537223077e+02,2.809239415653466949e+02,2.890594406360816038e+02,2.662570599950215637e+02,2.693620783847557618e+02,2.692869062738244565e+02,2.677268322171689192e+02,2.712192842754333810e+02,2.703381389684130909e+02,2.670440634274433478e+02,1.673211233037649654e+05,2.107833412711858045e+01,1.562272753082756616e+01
9.000000000000000000e+01,1.125000000000000000e+04,2.702559716366953353e+02,2.735506789295719727e+02,2.801482641487098135e+02,3.102829439321321843e+02,2.810440037044993460e+02,2.887689843255566302e+02,2.665537336751400517e+02,2.694879713598817830e+02,2.694130585938662534e+02,2.678240957110494946e+02,2.712605041866262354e+02,2.704253084299643888e+02,2.671464803414787639e+02,1.673764614400039427e+05,2.117978988717048949e+01,1.564597651038566717e+01
1.000000000000000000e+02,1.126000000000000000e+04,2.702774106560390805e+02,2.736738708617141924e+02,2.802642613046670022e+02,3.105277100148922500e+02,2.811633919958615024e+02,2.884869810903481948e+02,2.668625170808249436e+02,2.696135740030498482e+02,2.695389287902485762e+02,2.679213615825457282e+02,2.713018309688314957e+02,2.705125037879716956e+02,2.672489694019669173e+02,1.674325546776596457e+05,2.127899377907581879e+01,1.566967025225666177e+01
1.100000000000000000e+02,1.127000000000000000e+04,2.702991383161171939e+02,2.737963445916289515e+02,2.803818166576256772e+02,3.107668214598031682e+02,2.812821265378437374e+02,2.882131374116213465e+02,2.671830663312933325e+02,2.697389038336972362e+02,2.696645343118353821e+02,2.680186400249947383e+02,2.713432774876513349e+02,2.705997384888951842e+02,2.673515399193582311e+02,1.674893761333099683e+05,2.137593322472247692e+01,1.569378789364193771e+01
1.200000000000000000e+02,1.128000000000000000e+04,2.703211548726405908e+02,2.739181764778668366e+02,2.805008703884805072e+02,3.110002950312774601e+02,2.814002213300155972e+02,2.879471755189473470e+02,2.675150490912099599e+02,2.698639743554381312e+02,2.697898886051391401e+02,2.681159407805559454e+02,2.713848558374759818e+02,2.706870253002266509e+02,2.674542007660561467e+02,1.675468990030162386e+05,2.147059593310866887e+01,1.571830918779789954e+01
1.300000000000000000e+02,1.129000000000000000e+04,2.703434605827890778e+02,2.740394373563372596e+02,2.806213625490871095e+02,3.112281433336019063e+02,2.815176854299621709e+02,2.876888313457419031e+02,2.678581426591488821e+02,2.699887956179636603e+02,2.699150016702654966e+02,2.682132731501887974e+02,2.714265773862304627e+02,2.707743763429537012e+02,2.675569603862273311e+02,1.676050965595555026e+05,2.156296990190129392e+01,1.574321446526683488e+01
1.400000000000000000e+02,1.130000000000000000e+04,2.703660557049531121e+02,2.741601927823909932e+02,2.807432330844320063e+02,3.114503756716466114e+02,2.816345238327355105e+02,2.874378529400142952e+02,2.682120325443875117e+02,2.701133746595795628e+02,2.700398804847409906e+02,2.683106459962359622e+02,2.714684528044119247e+02,2.708618031148189971e+02,2.676598267985087887e+02,1.676639421497994044e+05,2.165304341895769724e+01,1.576848460122075046e+01
1.500000000000000000e+02,1.131000000000000000e+04,2.703889404953906137e+02,2.742805032856562661e+02,2.808664218628484264e+02,3.116669987091012217e+02,2.817507381503166357e+02,2.871939991961704663e+02,2.685764113227961047e+02,2.702377158418627801e+02,2.701645293721631447e+02,2.684080677420241159e+02,2.715104920967248745e+02,2.709493165063022388e+02,2.677628075950644870e+02,1.677234091925560206e+05,2.174080506381066868e+01,1.579410098498480863e+01
1.600000000000000000e+02,1.132000000000000000e+04,2.704121152073437315e+02,2.744004246094505106e+02,2.809908686616980731e+02,3.118780169757299063e+02,2.818663271426345318e+02,2.869570388219312349e+02,2.689509778195754279e+02,2.703618211502341637e+02,2.702889502575441156e+02,2.685055463671434381e+02,2.715527046221253613e+02,2.710369268138616690e+02,2.678659099379302688e+02,1.677834711765935062e+05,2.182624370911647915e+01,1.582004549236856406e+01
1.700000000000000000e+02,1.133000000000000000e+04,2.704355800887656756e+02,2.745200079685664605e+02,2.811165132134338478e+02,3.120834332638032720e+02,2.819812871300131292e+02,2.867267494834082981e+02,2.693354363362806794e+02,2.704856904245976352e+02,2.704131429244932860e+02,2.686030894053027964e+02,2.715950991133437356e+02,2.711246437491517440e+02,2.679691405550419177e+02,1.678441016589833307e+05,2.190934852206567385e+01,1.584630045746095561e+01
1.800000000000000000e+02,1.134000000000000000e+04,2.704593353813203294e+02,2.746393002778763162e+02,2.812432951982802933e+02,3.122832489385150438e+02,2.820956123319224389e+02,2.865029170858966268e+02,2.697294961250233882e+02,2.706093215484896177e+02,2.705371052088949568e+02,2.687007039392935894e+02,2.716376836967557438e+02,2.712124764496012403e+02,2.680725057363732731e+02,1.679052742638046620e+05,2.199010896575660468e+01,1.587284864698187015e+01
1.900000000000000000e+02,1.135000000000000000e+04,2.704833813172499504e+02,2.747583443774290686e+02,2.813711542780466743e+02,3.124774641846317991e+02,2.822092951303263817e+02,2.862853351621316733e+02,2.701328708821291116e+02,2.707327106313936156e+02,2.706608331695708785e+02,2.687983965979851746e+02,2.716804659085089497e+02,2.713004334851492558e+02,2.681760113309290432e+02,1.679669626809806796e+05,2.206851480053140691e+01,1.589967323479214834e+01
2.000000000000000000e+02,1.136000000000000000e+04,2.705077181183593780e+02,2.748771792538945533e+02,2.815000301073337710e+02,3.126660782032276984e+02,2.823223262876830404e+02,2.860738043439517924e+02,2.705452783674397779e+02,2.708558521538686250e+02,2.707843212352942146e+02,2.688961735499415795e+02,2.717234527123086991e+02,2.713885228671908862e+02,2.682796627367075075e+02,1.680291406654388120e+05,2.214455608527425312e+01,1.592675777791590264e+01
2.100000000000000000e+02,1.137000000000000000e+04,2.705323459929844034e+02,2.749958402256448835e+02,2.816298623529638689e+02,3.128490893702534095e+02,2.824346951264524250e+02,2.858681319032000374e+02,2.709664400725880569e+02,2.709787390912462115e+02,2.709075623325229571e+02,2.689940405102278191e+02,2.717666505163030592e+02,2.714767520561354104e+02,2.683834649117195568e+02,1.680917820365396037e+05,2.221822317867184893e+01,1.595408619345596790e+01
2.200000000000000000e+02,1.138000000000000000e+04,2.705572651351171771e+02,2.751143591530374692e+02,2.817605907091739255e+02,3.130264953649997892e+02,2.825463896756882036e+02,2.856681313467717587e+02,2.713960809405275540e+02,2.711013630300684554e+02,2.710305479983534838e+02,2.690920027331156916e+02,2.718100651880099008e+02,2.715651279771277586e+02,2.684874223602348593e+02,1.681548606776961242e+05,2.228950674043582580e+01,1.598164273647458700e+01
2.300000000000000000e+02,1.139000000000000000e+04,2.705824757211640872e+02,2.752327646050517842e+02,2.818921549265116937e+02,3.131982932755903448e+02,2.826573968046886876e+02,2.854736220571702461e+02,2.718339291355320029e+02,2.712237142670687717e+02,2.711532684801028381e+02,2.691900649978915681e+02,2.718537020720049782e+02,2.716536569954225797e+02,2.685915391438631445e+02,1.682183505362017022e+05,2.235839773248700268e+01,1.600941197942167804e+01
2.400000000000000000e+02,1.140000000000000000e+04,2.706079779086718418e+02,2.753510820336152847e+02,2.820244948137806205e+02,3.133644796859788357e+02,2.827677023192413799e+02,2.852844289707302892e+02,2.722797158318224433e+02,2.713457818975134614e+02,2.712757128250788128e+02,2.692882316369098135e+02,2.718975660055866683e+02,2.717423449792319161e+02,2.686958188552328011e+02,1.682822256233280641e+05,2.242488742010134217e+01,1.603737879163612590e+01
2.500000000000000000e+02,1.141000000000000000e+04,2.706337718338984359e+02,2.754693339330505069e+02,2.821575502626866410e+02,3.135250507492623910e+02,2.828772910582180202e+02,2.851003822871608122e+02,2.727331750440961287e+02,2.714675538959903633e+02,2.713978689592956357e+02,2.693865065118827715e+02,2.719416613333150963e+02,2.718311972674029562e+02,2.688002646529101867e+02,1.683464600145577569e+05,2.248896737301740245e+01,1.606552832042901002e+01
2.600000000000000000e+02,1.142000000000000000e+04,2.706598576107343774e+02,2.755875399884401418e+02,2.822912612596928739e+02,3.136800022451079712e+02,2.829861469742970712e+02,2.849213172052605501e+02,2.731940434739665875e+02,2.715890171882472259e+02,2.715197237626159108e+02,2.694848930400821700e+02,2.719859919221804603e+02,2.719202186898123728e+02,2.689048792400231491e+02,1.684110278500583663e+05,2.255062946650526712e+01,1.609384597279324680e+01
2.700000000000000000e+02,1.143000000000000000e+04,2.706862353266952823e+02,2.757057172202877382e+02,2.824255679092916012e+02,3.138293296375019281e+02,2.830942532043659412e+02,2.847470736816269437e+02,2.736620603851383748e+02,2.717101577178787579e+02,2.716412631311071095e+02,2.695833941615532012e+02,2.720305611791010278e+02,2.720094135760287486e+02,2.690096648695767385e+02,1.684759033353010309e+05,2.260986588239660477e+01,1.612231739833855571e+01
2.800000000000000000e+02,1.144000000000000000e+04,2.707129050435703448e+02,2.758238801095169492e+02,2.825604104384888160e+02,3.139730281146129869e+02,2.832015921303712958e+02,2.845774962089474229e+02,2.741369674849622129e+02,2.718309605097429085e+02,2.717624720401592526e+02,2.696820123679070775e+02,2.720753720624133507e+02,2.720987857633564317e+02,2.691146233549395674e+02,1.685410607419387670e+05,2.266666911007603602e+01,1.615092847273405141e+01
2.900000000000000000e+02,1.145000000000000000e+04,2.707398667927030829e+02,2.759420407381207951e+02,2.826957292169205402e+02,3.141110926283620302e+02,2.833081454374584496e+02,2.844124336108629336e+02,2.746185088286208043e+02,2.719514097166999136e+02,2.718833345999918265e+02,2.697807496976817561e+02,2.721204271004331758e+02,2.721883386068388972e+02,2.692197560586320151e+02,1.686064744087097934e+05,2.272103194743331400e+01,1.617966528181313635e+01
3.000000000000000000e+02,1.146000000000000000e+04,2.707671205752968717e+02,2.760602088894248709e+02,2.828314647690045263e+02,3.142435179273494441e+02,2.834138941654083510e+02,2.842517388522840633e+02,2.751064307332570138e+02,2.720714886817072511e+02,2.720038341069940202e+02,2.698796077379703320e+02,2.721657283975210930e+02,2.722780749841714965e+02,2.693250639034566234e+02,1.686721187426232500e+05,2.277294750177655303e+01,1.620851410699090778e+01
3.100000000000000000e+02,1.147000000000000000e+04,2.707946663593672270e+02,2.761783921706634146e+02,2.829675577840152982e+02,3.143702985864232460e+02,2.835188187528557933e+02,2.840952688618274351e+02,2.756004817016007564e+02,2.721911799806795784e+02,2.721239530916170111e+02,2.699785876286687767e+02,2.722112776596705999e+02,2.723679973073578822e+02,2.694305473731503184e+02,1.687379682202409604e+05,2.282240919070611795e+01,1.623746141086466821e+01
3.200000000000000000e+02,1.148000000000000000e+04,2.708225040782812698e+02,2.762965961164271107e+02,2.831039491309041978e+02,3.144914290321153203e+02,2.836228990816905480e+02,2.839428843665401132e+02,2.761004123588774064e+02,2.723104654680620911e+02,2.722436733635063888e+02,2.700776900653214625e+02,2.722570761960712957e+02,2.724581075313143970e+02,2.695362065156535323e+02,1.688039973890995316e+05,2.286941074294921350e+01,1.626649382377349440e+01
3.300000000000000000e+02,1.149000000000000000e+04,2.708506336288124885e+02,2.764148242883692319e+02,2.832405798693721977e+02,3.146069035660256077e+02,2.837261145164619052e+02,2.837944497372687920e+02,2.766059753963803587e+02,2.724293263190063499e+02,2.723629760531691204e+02,2.701769153031590349e+02,2.723031249372177172e+02,2.725484071594607371e+02,2.696420409458654035e+02,1.688701808693126659e+05,2.291394619915507036e+01,1.629559813103376698e+01
3.400000000000000000e+02,1.150000000000000000e+04,2.708790548689609636e+02,2.765330783707740920e+02,2.833773912599377809e+02,3.147167163847068423e+02,2.838284439409596303e+02,2.836498328430138827e+02,2.771169255222024503e+02,2.725477430687901688e+02,2.724818416515283275e+02,2.702762631607009780e+02,2.723494244460989648e+02,2.726388972529398416e+02,2.697480498524419090e+02,1.689364933551938739e+05,2.295600991265043689e+01,1.632476126069294509e+01
3.500000000000000000e+02,1.151000000000000000e+04,2.709077676170078348e+02,2.766513582590970373e+02,2.835143247769526624e+02,3.148208615991690067e+02,2.839298657928036391e+02,2.835089049143606417e+02,2.776330194221451393e+02,2.726656956499685975e+02,2.726002500474460817e+02,2.703757330238365739e+02,2.723959749300975091e+02,2.727295784380480654e+02,2.698542319937698153e+02,1.690029096172031423e+05,2.299559655015562853e+01,1.635397027206331444e+01
3.600000000000000000e+02,1.152000000000000000e+04,2.709367716490312432e+02,2.767696621457223500e+02,2.836513221169883536e+02,3.149193332512093093e+02,2.840303580956195901e+02,2.833715404136737561e+02,2.781540157233418995e+02,2.727831634278173283e+02,2.727181805623713444e+02,2.704753238499857275e+02,2.724427762520126066e+02,2.728204509133672104e+02,2.699605857090710970e+02,1.690694045037693577e+05,2.303270109246065545e+01,1.638321234477197308e+01
3.700000000000000000e+02,1.153000000000000000e+04,2.709660666970469265e+02,2.768879866006208204e+02,2.837883252101394191e+02,3.150121253284659133e+02,2.841298984900549840e+02,2.832376169138368596e+02,2.786796749658004160e+02,2.729001252335494314e+02,2.728356119842914040e+02,2.705750341713409171e+02,2.724898279406888832e+02,2.729115144574211627e+02,2.700671089192897512e+02,1.691359529433848802e+05,2.306731883506167335e+01,1.641247476832270991e+01
3.800000000000000000e+02,1.154000000000000000e+04,2.709956524476953064e+02,2.770063266484378346e+02,2.839252762288298300e+02,3.150992317790877451e+02,2.842284642617685222e+02,2.831070149832162315e+02,2.792097595783804991e+02,2.730165593959316084e+02,2.729525225989688693e+02,2.706748621011005298e+02,2.725371292017099449e+02,2.730027684373126817e+02,2.701737991287287741e+02,1.692025299467503210e+05,2.309944538875742737e+01,1.644174493236292989e+01
3.900000000000000000e+02,1.155000000000000000e+04,2.710255285404687697e+02,2.771246758411051587e+02,2.840621175970368313e+02,3.151806465242410695e+02,2.843260323688278390e+02,2.829796180743670106e+02,2.797440338610089157e+02,2.731324437715495037e+02,2.730688902199761969e+02,2.707748053367684520e+02,2.725846789268465500e+02,2.730942118105087957e+02,2.702806534385618988e+02,1.692691106090271496e+05,2.312907668020576679e+01,1.647101031731080312e+01
4.000000000000000000e+02,1.156000000000000000e+04,2.710556945660546830e+02,2.772430263220487632e+02,2.841987920039211986e+02,3.152563634701655815e+02,2.844225794702209669e+02,2.828553124232285541e+02,2.802822639710981889e+02,2.732477557739816802e+02,2.731846922178771706e+02,2.708748611604258372e+02,2.726324757037194217e+02,2.731858431365397450e+02,2.703876685345215378e+02,1.693356701122103841e+05,2.315620895244014577e+01,1.650025848585163857e+01
4.100000000000000000e+02,1.157000000000000000e+04,2.710861500643046611e+02,2.773613689267200471e+02,2.843352423984990196e+02,3.153263765195868586e+02,2.845180819438584194e+02,2.827339869491244144e+02,2.808242179060877106e+02,2.733624724000655988e+02,2.732999055486249063e+02,2.709750264543303047e+02,2.726805178256495310e+02,2.732776605816220581e+02,2.704948407073057410e+02,1.694021837275219150e+05,2.318083876534590004e+01,1.652947707423267687e+01
4.200000000000000000e+02,1.158000000000000000e+04,2.711168945227422000e+02,2.774796931749525015e+02,2.844714120219374536e+02,3.153906795814835959e+02,2.846125159194393746e+02,2.826155331617264892e+02,2.813696655114769101e+02,2.734765702570570625e+02,2.734145067761740506e+02,2.710752976917490287e+02,2.727288032982929735e+02,2.733696619240473638e+02,2.706021658453482814e+02,1.694686268178884638e+05,2.320296299609649537e+01,1.655865378512576314e+01
4.300000000000000000e+02,1.159000000000000000e+04,2.711479273751406254e+02,2.775979873956614483e+02,2.846072443950540674e+02,3.154492665811581560e+02,2.847058572944824846e+02,2.824998450723927590e+02,2.819183784653023395e+02,2.735900255883555019e+02,2.735284721016150797e+02,2.711756709513184092e+02,2.727773298495487779e+02,2.734618445604589283e+02,2.707096394440146128e+02,1.695349748406101135e+05,2.322257883954940638e+01,1.658777637995267185e+01
4.400000000000000000e+02,1.160000000000000000e+04,2.711792479996328211e+02,2.777162387599970543e+02,2.847426833355205531e+02,3.155021314692136229e+02,2.847980817579478412e+02,2.823868191091414701e+02,2.824701302839383743e+02,2.737028142964663857e+02,2.736417773856595090e+02,2.712761419165079815e+02,2.728260949368897172e+02,2.735542055114602817e+02,2.708172566087425821e+02,1.696012033499866375e+05,2.323968380860183913e+01,1.661683267238591455e+01
4.500000000000000000e+02,1.161000000000000000e+04,2.712108557171562779e+02,2.778344333369827837e+02,2.848776729651195865e+02,3.155492682300947536e+02,2.848891648113648216e+02,2.822763540370020223e+02,2.830246963251686907e+02,2.738149119667678519e+02,2.737543981715452901e+02,2.713767058815597011e+02,2.728750957512344826e+02,2.736467414269934579e+02,2.709250120590404549e+02,1.696672880000031437e+05,2.325427573450604157e+01,1.664581052183010357e+01
4.600000000000000000e+02,1.162000000000000000e+04,2.712427497899296895e+02,2.779525561492666270e+02,2.850121577132219954e+02,3.155906708888097683e+02,2.849790817867254873e+02,2.821683508805837732e+02,2.835818537917968456e+02,2.739262938894249828e+02,2.738663097075246355e+02,2.714773577576227126e+02,2.729243292365121079e+02,2.737394485908911292e+02,2.710329001373050346e+02,1.697332045471681049e+05,2.326635276714426936e+01,1.667469782748359819e+01
4.700000000000000000e+02,1.163000000000000000e+04,2.712749294196797223e+02,2.780705912178883636e+02,2.851460823360476979e+02,3.156263335240059291e+02,2.850678078680042518e+02,2.820627128511175670e+02,2.841413817476102395e+02,2.740369350811947129e+02,2.739774869688178569e+02,2.715780920695601708e+02,2.729737920785941583e+02,2.738323229282725606e+02,2.711409147915613858e+02,1.697989288533491781e+05,2.327591337526340354e+01,1.670348252340970774e+01
4.800000000000000000e+02,1.164000000000000000e+04,2.713073937463749417e+02,2.781885216152249427e+02,2.852793919084069216e+02,3.156562502660294172e+02,2.851553181090687303e+02,2.819593452769614714e+02,2.847030611198011911e+02,2.741468103055722167e+02,2.740879046770542686e+02,2.716789029736260090e+02,2.730234807252110159e+02,2.739253600057743938e+02,2.712490496150700778e+02,1.698644368886359152e+05,2.328295634666905656e+01,1.673215257300682879e+01
4.900000000000000000e+02,1.165000000000000000e+04,2.713401418462109405e+02,2.783063295095316221e+02,2.854120318409372885e+02,3.156804153112896074e+02,2.852415874488188479e+02,2.818581555371160334e+02,2.852666747172617079e+02,2.742558940928138895e+02,2.741975373208576343e+02,2.717797842557888544e+02,2.730733913865751674e+02,2.740185550402006811e+02,2.713572978242349336e+02,1.699297047343264567e+05,2.328748078837928048e+01,1.676069596468599343e+01
5.000000000000000000e+02,1.166000000000000000e+04,2.713731727306250150e+02,2.784239958744329329e+02,2.855439479642928973e+02,3.156988229261323227e+02,2.853265907618001052e+02,2.817590529974660285e+02,2.858320073006660778e+02,2.743641607584697226e+02,2.743063591806808290e+02,2.718807293262008216e+02,2.731235200367562470e+02,2.741119028910657107e+02,2.714656522475831935e+02,1.699947085858888749e+05,2.328948612673781327e+01,1.678910071083446098e+01
5.100000000000000000e+02,1.167000000000000000e+04,2.714064853442109779e+02,2.785415019031478323e+02,2.856750862096336618e+02,3.157114674531658238e+02,2.854103027585289283e+02,2.816619489504128069e+02,2.863988453781657881e+02,2.744715844234431188e+02,2.744143443336615746e+02,2.719817312387988295e+02,2.731738624328390301e+02,2.742053981000758540e+02,2.715741054165320634e+02,1.700594247558960924e+05,2.328897210748677793e+01,1.681735483308818857e+01
5.200000000000000000e+02,1.168000000000000000e+04,2.714400785635859279e+02,2.786588269413297212e+02,2.858053931280836082e+02,3.157183433174665197e+02,2.854926981586635293e+02,2.815667565602514060e+02,2.869669775578533404e+02,2.745781390297865983e+02,2.745214666699365580e+02,2.720827826894449117e+02,2.732244141071619765e+02,2.742990348533346605e+02,2.716826494484618024e+02,1.701238296772894682e+05,2.328593879579892700e+01,1.684544637363719133e+01
5.300000000000000000e+02,1.169000000000000000e+04,2.714739511959140259e+02,2.787759499629990501e+02,2.859348155342222526e+02,3.157194450328641437e+02,2.855737516172692949e+02,2.814733907958145664e+02,2.875361943466384673e+02,2.746837983609112825e+02,2.746276999341311011e+02,2.721838760192865720e+02,2.732751703811175048e+02,2.743928070027581612e+02,2.717912761177229299e+02,1.701878999063224182e+05,2.328038657626941088e+01,1.687336338371300570e+01
5.400000000000000000e+02,1.170000000000000000e+04,2.715081019768437613e+02,2.788928492393219472e+02,2.860633006118274579e+02,3.157147672062784522e+02,2.856534377534517262e+02,2.813817683909406924e+02,2.881062882249270274e+02,2.747885360557683043e+02,2.747330177238412148e+02,2.722850032215836791e+02,2.733261263613323422e+02,2.744867080706487741e+02,2.718999768548024463e+02,1.702516121256276965e+05,2.327231615286697775e+01,1.690109392377695485e+01
5.500000000000000000e+02,1.171000000000000000e+04,2.715425295698281047e+02,2.790095023852125564e+02,2.861907959199168090e+02,3.157043045441187132e+02,2.857317311656797187e+02,2.812918077892008455e+02,2.886770536709204293e+02,2.748923256252020906e+02,2.748373935082441335e+02,2.723861559444389400e+02,2.733772769504786311e+02,2.745807312458777574e+02,2.720087427449893198e+02,1.703149431474626763e+05,2.326172854884471519e+01,1.692862606041922291e+01
5.600000000000000000e+02,1.172000000000000000e+04,2.715772325641797238e+02,2.791258863745680401e+02,2.863172493987160010e+02,3.156880518570360437e+02,2.858086064459810132e+02,2.812034290951191906e+02,2.892482871843637895e+02,2.749951404677484561e+02,2.749408006435874086e+02,2.724873254965403362e+02,2.734286168490069713e+02,2.746748694043927230e+02,2.721175645323190793e+02,1.703778699167765444e+05,2.324862510661035486e+01,1.695594786482423544e+01
5.700000000000000000e+02,1.173000000000000000e+04,2.716122094737577868e+02,2.792419775929202501e+02,2.864426093788467824e+02,3.156660040662266056e+02,2.858840381948742788e+02,2.811165540274506043e+02,2.898197873127907087e+02,2.750969538850504250e+02,2.750432123889713125e+02,2.725885028432277295e+02,2.734801405632273941e+02,2.747691150881249769e+02,2.722264326242607240e+02,1.704403695143779914e+05,2.323300748755602285e+01,1.698304741160837850e+01
5.800000000000000000e+02,1.174000000000000000e+04,2.716474587353984589e+02,2.793577518455420545e+02,2.865668245818360447e+02,3.156381562064784703e+02,2.859580010319642156e+02,2.810311058761184313e+02,2.903913546755367179e+02,2.751977390957928833e+02,2.751446019207432414e+02,2.726896786357282281e+02,2.735318423992044927e+02,2.748634605334056573e+02,2.723353370955797459e+02,1.705024191601061611e+05,2.321487767184760997e+01,1.700991277769298193e+01
5.900000000000000000e+02,1.175000000000000000e+04,2.716829787079218477e+02,2.794731844172249566e+02,2.866898441300719469e+02,3.156045034327341909e+02,2.860304696092177892e+02,2.809470094582914044e+02,2.909627919905966564e+02,2.752974692507720533e+02,2.752449423466978828e+02,2.727908431846340136e+02,2.735837164798377898e+02,2.749578976565200605e+02,2.724442676926436775e+02,1.705639962160153373e+05,2.319423795817370149e+01,1.703653204180334768e+01
6.000000000000000000e+02,1.176000000000000000e+04,2.717187676702109229e+02,2.795882500830241497e+02,2.868116175526104712e+02,3.155650410241378836e+02,2.861014186236789101e+02,2.808641910779500677e+02,2.915339041022166384e+02,2.753961174461243218e+02,2.753442067198888026e+02,2.728919864822678392e+02,2.736357567404890574e+02,2.750524180615536238e+02,2.725532138376298121e+02,1.706250781895057007e+05,2.317109096345413377e+01,1.706289328422227314e+01
6.100000000000000000e+02,1.177000000000000000e+04,2.717548238204374798e+02,2.797029231422591238e+02,2.869320947888952560e+02,3.155197643889271149e+02,2.861708228275330725e+02,2.807825784871008636e+02,2.921044980062249579e+02,2.754936567368450824e+02,2.754423680520628750e+02,2.729930982034012459e+02,2.736879569342216882e+02,2.751470130504378062e+02,2.726621646324585981e+02,1.706856427365357522e+05,2.314543962250817088e+01,1.708898458683179911e+01
6.200000000000000000e+02,1.178000000000000000e+04,2.717911452743437621e+02,2.798171774445191886e+02,2.870512261982649420e+02,3.154686690690689943e+02,2.862386570416555287e+02,2.807021008480310797e+02,2.926743828800690039e+02,2.755900601499002960e+02,2.755393993263410835e+02,2.730941677100474863e+02,2.737403106351196129e+02,2.752416736117459095e+02,2.727711088634939642e+02,1.707456676647355780e+05,2.311728718768242175e+01,1.711479403369574470e+01
6.300000000000000000e+02,1.179000000000000000e+04,2.718277300638750376e+02,2.799309864173408755e+02,2.871689625625554640e+02,3.154117507446717923e+02,2.863048961648104864e+02,2.806226886977192976e+02,2.932433701086572455e+02,2.756853006964207680e+02,2.756352735100858240e+02,2.731951840557511559e+02,2.737928112415158921e+02,2.753363904352852387e+02,2.728800350052510453e+02,1.708051309365365887e+05,2.308663722843849087e+01,1.714030971174060269e+01
6.400000000000000000e+02,1.180000000000000000e+04,2.718645761364531381e+02,2.800443230917835535e+02,2.872852550926553477e+02,3.153490052384343585e+02,2.863695151848089608e+02,2.805442739132930683e+02,2.938112733123712701e+02,2.757793513842216271e+02,2.757299635668305768e+02,2.732961359906493044e+02,2.738454519795645865e+02,2.754311539113439835e+02,2.729889312252007585e+02,1.708640106723662466e+05,2.305349363090032710e+01,1.716551971193806736e+01
6.500000000000000000e+02,1.181000000000000000e+04,2.719016813526406509e+02,2.801571601293593972e+02,2.874000554338406346e+02,3.152804285200230652e+02,2.864324891882889119e+02,2.804667896792007014e+02,2.943779083743926321e+02,2.758721852297329065e+02,2.758234424683249699e+02,2.733970119648585069e+02,2.738982259057315787e+02,2.755259541338022018e+02,2.730977853880590374e+02,1.709222851536355738e+05,2.301786059736159729e+01,1.719041213069821339e+01
6.600000000000000000e+02,1.182000000000000000e+04,2.719390434865781572e+02,2.802694698186692790e+02,2.875133156801288692e+02,3.152060167108527367e+02,2.864937933776012642e+02,2.803901704575349072e+02,2.949430934703509593e+02,2.759637752693221842e+02,2.759156832065215781e+02,2.734978001357222865e+02,2.739511259099965628e+02,2.756207808883709731e+02,2.732065850583013571e+02,1.709799328260119073e+05,2.297974264575278980e+01,1.721497507204000499e+01
6.700000000000000000e+02,1.183000000000000000e+04,2.719766602231250090e+02,2.803812241726943739e+02,2.876249883495833046e+02,3.151257660881774427e+02,2.865534030591772989e+02,2.803143519488357924e+02,2.955066490901681959e+02,2.760540945704496494e+02,2.760066588035746236e+02,2.735984883699893544e+02,2.740041447190366171e+02,2.757156237123354003e+02,2.733153175092274978e+02,1.710369323022565222e+05,2.293914460906846742e+01,1.723919664855575462e+01
6.800000000000000000e+02,1.184000000000000000e+04,2.720145291577890703e+02,2.804923948698841514e+02,2.877350264305078440e+02,3.150396730891723109e+02,2.866112936799011663e+02,2.802392710761013745e+02,2.960683980695246191e+02,2.761431162429681194e+02,2.760963423232959144e+02,2.736990642493280461e+02,2.740572748990313130e+02,2.758104718119483323e+02,2.734239697220056087e+02,1.710932623654153431e+05,2.289607163475441354e+01,1.726306498500456499e+01
6.900000000000000000e+02,1.185000000000000000e+04,2.720526477952421942e+02,2.806029533122053863e+02,2.878433833605126893e+02,3.149477343153273523e+02,2.866674408211750915e+02,2.801648659478328227e+02,2.966281656145013130e+02,2.762308134494142564e+02,2.761847068822237929e+02,2.737995150766152506e+02,2.741105088581368250e+02,2.759053141231883615e+02,2.735325283952582822e+02,1.711489019717391056e+05,2.285052918405500577e+01,1.728656822040442620e+01
7.000000000000000000e+02,1.186000000000000000e+04,2.720910135480937697e+02,2.807128706454117832e+02,2.879500130386778665e+02,3.148499465371735369e+02,2.867218202106955687e+02,2.800910758335558626e+02,2.971857793272384356e+02,2.763171594154084687e+02,2.762717256596710058e+02,2.738998278790297718e+02,2.741638388495329650e+02,2.760001392988814359e+02,2.736409799449927505e+02,1.712038302536625415e+05,2.280252303132084890e+01,1.730969451109037749e+01
7.100000000000000000e+02,1.187000000000000000e+04,2.721296237361562476e+02,2.808221177753655411e+02,2.880548698396764848e+02,3.147463066979760242e+02,2.867744077384866159e+02,2.800178411124253444e+02,2.977410692303619726e+02,2.764021274401131905e+02,2.763573719080808360e+02,2.739999894140125321e+02,2.742172569741274515e+02,2.760949357162433557e+02,2.737493105121584449e+02,1.712580265227194177e+05,2.275205926327652151e+01,1.733243203347150541e+01
7.200000000000000000e+02,1.188000000000000000e+04,2.721684755855468438e+02,2.809306653736715589e+02,2.881579085770782740e+02,3.146368119182736791e+02,2.868251794349837382e+02,2.799451033576699501e+02,2.982938677931769007e+02,2.764856909051453044e+02,2.764416189613186248e+02,2.740999861727306097e+02,2.742707551824266829e+02,2.761896914733137578e+02,2.738575059661894215e+02,1.713114702724262024e+05,2.269914427824895142e+01,1.735476898923120359e+01
7.300000000000000000e+02,1.189000000000000000e+04,2.722075662271562351e+02,2.810384839437825804e+02,2.882590845741023031e+02,3.145214595002167925e+02,2.868741115237283452e+02,2.798728051360911877e+02,2.988440099512957886e+02,2.765678232837734072e+02,2.765244402458052946e+02,2.741998043884040612e+02,2.743243252790111910e+02,2.762843943972305851e+02,2.739655519105880899e+02,1.713641411810808349e+05,2.264378478535607542e+01,1.737669360626626514e+01
7.400000000000000000e+02,1.190000000000000000e+04,2.722468926963749709e+02,2.811455437855979653e+02,2.883583536216681296e+02,3.144002469313670645e+02,2.869211804022063461e+02,2.798008901126721639e+02,2.993913331322102067e+02,2.766484981543865160e+02,2.766058092893171647e+02,2.742994300381316179e+02,2.743779589239778147e+02,2.763790320427859797e+02,2.740734336876564612e+02,1.714160191145965364e+05,2.258598780365626979e+01,1.739819414463391212e+01
7.500000000000000000e+02,1.191000000000000000e+04,2.722864519318594034e+02,2.812518150419883227e+02,2.884556719884893141e+02,3.142731718893863331e+02,2.869663626490546449e+02,2.797293029892660456e+02,2.999356772758792431e+02,2.767276892026116002e+02,2.766856997290801132e+02,2.743988488499996379e+02,2.744316476349533787e+02,2.764735917053720868e+02,2.741811364085634750e+02,1.714670841292171972e+05,2.252576066125834231e+01,1.741925889992485565e+01
7.600000000000000000e+02,1.192000000000000000e+04,2.723262407750546572e+02,2.813572677038157508e+02,2.885509964544726245e+02,3.141402322459410925e+02,2.870096350517349038e+02,2.796579895001920590e+02,3.004768848551817655e+02,2.768053702349490095e+02,2.767640853240107504e+02,2.744980463076240653e+02,2.744853827922779601e+02,2.765680604107055274e+02,2.742886448485081701e+02,1.715173164741543587e+05,2.246311099439240166e+01,1.743987620881003053e+01
7.700000000000000000e+02,1.193000000000000000e+04,2.723662559687109592e+02,2.814618716385868993e+02,2.886442842681233287e+02,3.140014260711286624e+02,2.870509745846044893e+02,2.795868963658743951e+02,3.010148008953102590e+02,2.768815151862789889e+02,2.768409399584423340e+02,2.745970076556391177e+02,2.745391556387225478e+02,2.766624249274528893e+02,2.743959436302621953e+02,1.715666965942454990e+05,2.239804674644170390e+01,1.746003445208748417e+01
7.800000000000000000e+02,1.194000000000000000e+04,2.724064941575312560e+02,2.815655966001568800e+02,2.887354931861662521e+02,3.138567516380258553e+02,2.870903584352096232e+02,2.795159712908268261e+02,3.015492729919205885e+02,2.769560981275346307e+02,2.769162376527795573e+02,2.746957179055008282e+02,2.745929572841133108e+02,2.767566717672298751e+02,2.745030171004599993e+02,1.716152051325641805e+05,2.233057616693544389e+01,1.747972206028881104e+01
7.900000000000000000e+02,1.195000000000000000e+04,2.724469518859531263e+02,2.816684122458796082e+02,2.888245814646514873e+02,3.137062074253082073e+02,2.871277640070888424e+02,2.794451629401108335e+02,3.020801513267076643e+02,2.770290932746344765e+02,2.769899525761087489e+02,2.747941618403511939e+02,2.746467787072284068e+02,2.768507871954952861e+02,2.746098493661158955e+02,1.716628229328294983e+05,2.226070781050284353e+01,1.749892751864578599e+01
8.000000000000000000e+02,1.196000000000000000e+04,2.724876255984922295e+02,2.817702881619193249e+02,2.889115078684041009e+02,3.135497921243189694e+02,2.871631689257318953e+02,2.793744209212759984e+02,3.026072886861379629e+02,2.771004749960789582e+02,2.770620590389061704e+02,2.748923240213090367e+02,2.747006107578317824e+02,2.769447572222321128e+02,2.747164243093559435e+02,1.717095310418972513e+05,2.218845053578846205e+01,1.751763937202400001e+01
8.100000000000000000e+02,1.197000000000000000e+04,2.725285116392890927e+02,2.818711938596836148e+02,2.889962316702108183e+02,3.133875046410905156e+02,2.871965510452880039e+02,2.793036957663683779e+02,3.031305404734372360e+02,2.771702178208620353e+02,2.771325315197375971e+02,2.749901887912880056e+02,2.747544441623845159e+02,2.770385676166048370e+02,2.748227255842509749e+02,1.717553107121879002e+05,2.211381350432903758e+01,1.753584623048313418e+01
8.200000000000000000e+02,1.198000000000000000e+04,2.725696062510077695e+02,2.819710988009511539e+02,2.890787126554982933e+02,3.132193441007485717e+02,2.872278884546331028e+02,2.792329389153376837e+02,3.036497647210639457e+02,2.772382964452823444e+02,2.772013446626737618e+02,2.750877402870015089e+02,2.748082695270226168e+02,2.771322039069905259e+02,2.749287366257469785e+02,1.718001434039045707e+05,2.203680617939190967e+01,1.755353677449986094e+01
8.300000000000000000e+02,1.199000000000000000e+04,2.726109055750625316e+02,2.820699724150458678e+02,2.891589111293536121e+02,3.130453098531281171e+02,2.872571594844540641e+02,2.791621026996093065e+02,3.041648221048608320e+02,2.773046857414900614e+02,2.772684732861015391e+02,2.751849624332341477e+02,2.748620773322826381e+02,2.772256513873615518e+02,2.750344406527872252e+02,1.718440107873479137e+05,2.195743832477509017e+01,1.757069976076384776e+01
8.400000000000000000e+02,1.200000000000000000e+04,2.726524056506328293e+02,2.821677841094945052e+02,2.892367879151727834e+02,3.128654014759296729e+02,2.872843427112536574e+02,2.790911403260128054e+02,3.046755759512263921e+02,2.773693607633441616e+02,2.773338923900126929e+02,2.752818389609066116e+02,2.749158579450931370e+02,2.773188951190550711e+02,2.751398206792266592e+02,1.718868947450319538e+05,2.187572000356936641e+01,1.758732402763940783e+01
8.500000000000000000e+02,1.201000000000000000e+04,2.726941024148671886e+02,2.822645032838177030e+02,2.893123043618170414e+02,3.126796187793124773e+02,2.873094169650058802e+02,2.790200058621304038e+02,3.051818922475596310e+02,2.774322967543866980e+02,2.773975771632048577e+02,2.753783534042456154e+02,2.749696016199507085e+02,2.774119199351092107e+02,2.752448595142299723e+02,1.719287773738449614e+05,2.179166157688241157e+01,1.760339850110484150e+01
8.600000000000000000e+02,1.202000000000000000e+04,2.727359917024609217e+02,2.823600993450859278e+02,2.893854223434034907e+02,3.124879618101062988e+02,2.873323613323490235e+02,2.789486542202953387e+02,3.056836396484318357e+02,2.774934691537071103e+02,2.774595029894362028e+02,2.754744891168163008e+02,2.750232984992529737e+02,2.775047104503681794e+02,2.753495397704618313e+02,1.719696409870619536e+05,2.170527370252503374e+01,1.761891220048916651e+01
8.700000000000000000e+02,1.203000000000000000e+04,2.727780692455781377e+02,2.824545417269157497e+02,2.894561042556209145e+02,3.122904308563036579e+02,2.873531551570063129e+02,2.788770411380231167e+02,3.061806894822278764e+02,2.775528536033631326e+02,2.775196454524488558e+02,2.755702292632886383e+02,2.750769386181128766e+02,2.775972510587596389e+02,2.754538439147622739e+02,1.720094681162984634e+05,2.161656733365993333e+01,1.763385424407650959e+01
8.800000000000000000e+02,1.204000000000000000e+04,2.728203306735937304e+02,2.825477998756621218e+02,2.895243130652474406e+02,3.120870264511935943e+02,2.873717780762923439e+02,2.788051231922794955e+02,3.066729157543861675e+02,2.776104259542374280e+02,2.775779803499525542e+02,2.756655568369389471e+02,2.751305119069778584e+02,2.776895259422258277e+02,2.755577540835759009e+02,1.720482415133854374e+05,2.152555371741287615e+01,1.764821385706756018e+01
8.900000000000000000e+02,1.205000000000000000e+04,2.728627715133437732e+02,2.826398432941032297e+02,2.895900122338234723e+02,3.118777493779672909e+02,2.873882099763662836e+02,2.787328577407031389e+02,3.071601951502989323e+02,2.776661622727376653e+02,2.776344836898207973e+02,2.757604546630163895e+02,2.751840081949237060e+02,2.777815190754835157e+02,2.756612523940632400e+02,1.720859441522331326e+05,2.143224439344672305e+01,1.766198037485046513e+01
9.000000000000000000e+02,1.206000000000000000e+04,2.729053871886250136e+02,2.827306415419167251e+02,2.896531657773973620e+02,3.116626006737204193e+02,2.874024310294098541e+02,2.786602029447121822e+02,3.076424070360495762e+02,2.777200388447934642e+02,2.776891317019061489e+02,2.758549054043745627e+02,2.752374172127798602e+02,2.778732142308132893e+02,2.757643207312297591e+02,1.721225592304553720e+05,2.133665119249828734e+01,1.767514325068828640e+01
9.100000000000000000e+02,1.207000000000000000e+04,2.729481730209921579e+02,2.828201642476741426e+02,2.897137382771309717e+02,3.114415816381314244e+02,2.874144216930551465e+02,2.785871176881939846e+02,3.081194334579838596e+02,2.777720321884125383e+02,2.777419008528286781e+02,2.759488915685182064e+02,2.752907285965945903e+02,2.779645949839606374e+02,2.758669408142264388e+02,1.721580701711662696e+05,2.123878623487830097e+01,1.768769206090117763e+01
9.200000000000000000e+02,1.208000000000000000e+04,2.729911242296406044e+02,2.829083811188496611e+02,2.897716947912488195e+02,3.112146938241714338e+02,2.874241627128476466e+02,2.785135617816509921e+02,3.085911591403167904e+02,2.778221190498682063e+02,2.777927678035831036e+02,2.760423955141199031e+02,2.753439318906164317e+02,2.780556447195060059e+02,2.759690942030598535e+02,1.721924606244831521e+05,2.113866192893468821e+01,1.769961651378278589e+01
9.300000000000000000e+02,1.209000000000000000e+04,2.730342359310937468e+02,2.829952619582090279e+02,2.898270009507858731e+02,3.109819390557153156e+02,2.874316351234741660e+02,2.784394957427552981e+02,3.090574714815472248e+02,2.778702764128312310e+02,2.778417094632844737e+02,2.761353994573158843e+02,2.753970165509862227e+02,2.781463466353843046e+02,2.760707623021352788e+02,1.722257144689617562e+05,2.103629096947931743e+01,1.771090645305502420e+01
9.400000000000000000e+02,1.210000000000000000e+04,2.730775031407734446e+02,2.830807766675094399e+02,2.898796230411283545e+02,3.107433194308620727e+02,2.874368202640911818e+02,2.783648805861114397e+02,3.095182605488619174e+02,2.779164815095326730e+02,2.778887030531943765e+02,2.762278854788929721e+02,2.754499719490493703e+02,2.782366837514655913e+02,2.761719263718277375e+02,1.722578158132224635e+05,2.093168633617837315e+01,1.772155186110889957e+01
9.500000000000000000e+02,1.211000000000000000e+04,2.731209207719609253e+02,2.831648952623519335e+02,2.899295277708288268e+02,3.104988373244671038e+02,2.874396997717282716e+02,2.782896783443890740e+02,3.099734190722314793e+02,2.779607118174919833e+02,2.779337259702310234e+02,2.763198355302392315e+02,2.755027873738238782e+02,2.783266389128626201e+02,2.762725675283770670e+02,1.722887489971134055e+05,2.082486129190670709e+01,1.773154287238022420e+01
9.600000000000000000e+02,1.212000000000000000e+04,2.731644836373203020e+02,2.832475878746494686e+02,2.899766824501132305e+02,3.102484953907230079e+02,2.874402555889741961e+02,2.782138516779637030e+02,3.104228424347842292e+02,2.780029450724103981e+02,2.779767558823006084e+02,2.764112314417118341e+02,2.755554520381305110e+02,2.784161947971800828e+02,2.763726667606662204e+02,1.723184985930583207e+05,2.071582938106620730e+01,1.774086977452554237e+01
9.700000000000000000e+02,1.213000000000000000e+04,2.732081864489452983e+02,2.833288248045013233e+02,2.900210549363230257e+02,3.099922965644279884e+02,2.874384699679534378e+02,2.781373639670607076e+02,3.108664286615976948e+02,2.780431592667964651e+02,2.780177707175689079e+02,2.765020549275237158e+02,2.756079550797534239e+02,2.785053339197859827e+02,2.764722049276089137e+02,1.723470494072451547e+05,2.060460442786848745e+01,1.774952301516358943e+01
9.800000000000000000e+02,1.214000000000000000e+04,2.732520238191171984e+02,2.834085764634202178e+02,2.900626136520855880e+02,3.097302440742495833e+02,2.874343254738653854e+02,2.780601792948077104e+02,3.113040784118592228e+02,2.780813326577951443e+02,2.780567486673360236e+02,2.765922875944871748e+02,2.756602855659362490e+02,2.785940386428306965e+02,2.765711627673841804e+02,1.723743864807754871e+05,2.049120053458214841e+01,1.775749320831448586e+01
9.900000000000000000e+02,1.215000000000000000e+04,2.732959902606796732e+02,2.834868134928431687e+02,2.901013275771564963e+02,3.094623414408875419e+02,2.874278049892467379e+02,2.779822624385320751e+02,3.117356949634313992e+02,2.781174437740336884e+02,2.780936681917047508e+02,2.766819108887250422e+02,2.757124324996640325e+02,2.786822911797985398e+02,2.766695209056923090e+02,1.724004950906349695e+05,2.037563207974468327e+01,1.776477114010774017e+01
1.000000000000000000e+03,1.216000000000000000e+04,2.733400801883046825e+02,2.835635064989193097e+02,2.901371662512157172e+02,3.091885924829758778e+02,2.874188917162583152e+02,2.779035788624969427e+02,3.121611841991262963e+02,2.781514714093726752e+02,2.781285080225545698e+02,2.767709063410521253e+02,2.757643848125119348e+02,2.787700736001540918e+02,2.767672598631792198e+02,1.724253607507181587e+05,2.025791371633948046e+01,1.777134777431069068e+01
1.010000000000000000e+03,1.217000000000000000e+04,2.733842879187344010e+02,2.836386264695579484e+02,2.901700997797489663e+02,3.089090013223719779e+02,2.874075691822429235e+02,2.778240947027614993e+02,3.125804545912037042e+02,2.781833946423450925e+02,2.781612471686890444e+02,2.768592552159690285e+02,2.758161313799170102e+02,2.788573678402301539e+02,2.768643600599541514e+02,1.724489692127055023e+05,2.013806036993791082e+01,1.777721425829058077e+01
1.020000000000000000e+03,1.218000000000000000e+04,2.734286076720078427e+02,2.837121445138190552e+02,2.902000988262806800e+02,3.086235723845477423e+02,2.873938212411640052e+02,2.777437767661812131e+02,3.129934171816374828e+02,2.782131928323838679e+02,2.781918649200709979e+02,2.769469387528579318e+02,2.758676610334315455e+02,2.789441557081721612e+02,2.769608018236547196e+02,1.724713064668737934e+05,2.001608723680692492e+01,1.778236192837677265e+01
1.030000000000000000e+03,1.219000000000000000e+04,2.734730335724375436e+02,2.837840319076835840e+02,2.902271346230417066e+02,3.083323104098552108e+02,2.873776320766543222e+02,2.776625925234425836e+02,3.133999855674177866e+02,2.782408456238587178e+02,2.782203408497268811e+02,2.770339381344085723e+02,2.759189625378744495e+02,2.790304188909161667e+02,2.770565653985713084e+02,1.724923587428262981e+05,1.989200978198235603e+01,1.778678231557289635e+01
1.040000000000000000e+03,1.220000000000000000e+04,2.735175596491171746e+02,2.838542601576071434e+02,2.902511789633094850e+02,3.080352204512397520e+02,2.873589862057962705e+02,2.775805101038924363e+02,3.138000758781454351e+02,2.782663329506727905e+02,2.782466548197201064e+02,2.771202344601074969e+02,2.759700246131633889e+02,2.791161389616003135e+02,2.771516309507729829e+02,1.725121125101855432e+05,1.976584373730800337e+01,1.779046715080064445e+01
1.050000000000000000e+03,1.221000000000000000e+04,2.735621798377187588e+02,2.839228009856680046e+02,2.902722042179338473e+02,3.077323078828255802e+02,2.873378684830155407e+02,2.774974982398956627e+02,3.141936067553538123e+02,2.782896350416953055e+02,2.782707869915064975e+02,2.772058087795197139e+02,2.760208359416508301e+02,2.792012973870254200e+02,2.772459785758565545e+02,1.725305544791954453e+05,1.963760509944107469e+01,1.779340836929485903e+01
1.060000000000000000e+03,1.222000000000000000e+04,2.736068879813202557e+02,2.839896262720283175e+02,2.902901833260405056e+02,3.074235784110103396e+02,2.873142641010119860e+02,2.774135263410359471e+02,3.145804993300145043e+02,2.783107324221559793e+02,2.782927178156691639e+02,2.772906420883962824e+02,2.760713851579570814e+02,2.792858755343730763e+02,2.773395883062037228e+02,1.725476716012333054e+05,1.950731012782392781e+01,1.779559811732494268e+01
1.070000000000000000e+03,1.223000000000000000e+04,2.736516778311249709e+02,2.840547081878581253e+02,2.903050897806587045e+02,3.071090380593926739e+02,2.872881585941292428e+02,2.773285644361100140e+02,3.149606771989755885e+02,2.783296059204097901e+02,2.783124280457134887e+02,2.773747153420187033e+02,2.761216608634476870e+02,2.793698546776033709e+02,2.774324401181800681e+02,1.725634510692314361e+05,1.937497534262249133e+01,1.779702875575287635e+01
1.080000000000000000e+03,1.224000000000000000e+04,2.736965430486015975e+02,2.841180191231471781e+02,2.903168976550371667e+02,3.067886931910245494e+02,2.872595378411751312e+02,2.772425831642015055e+02,3.153340663995647901e+02,2.783462366674258419e+02,2.783298987351737424e+02,2.774580094589973669e+02,2.761716516279525422e+02,2.794532160098262921e+02,2.775245139395922251e+02,1.725778803181541152e+05,1.924061752263174441e+01,1.779769286485382196e+01
1.090000000000000000e+03,1.225000000000000000e+04,2.737414772065468469e+02,2.841795317051562506e+02,2.903255815877365649e+02,3.064625505055847725e+02,2.872283880668225038e+02,2.771555537868355259e+02,3.157005953844432042e+02,2.783606061019111166e+02,2.783451112480103120e+02,2.775405053289302373e+02,2.762213459928382235e+02,2.795359406447543620e+02,2.776157896575852533e+02,1.725909470252686879e+05,1.910425370314824534e+01,1.779758324937765934e+01
1.100000000000000000e+03,1.226000000000000000e+04,2.737864737899453189e+02,2.842392188091237131e+02,2.903311167886908493e+02,3.061306170453911477e+02,2.871946958451408136e+02,2.770674481733624930e+02,3.160601949940444229e+02,2.783726959735903392e+02,2.783580472565782884e+02,2.776221838200901857e+02,2.762707324744263246e+02,2.796180096276617633e+02,2.777062471247301119e+02,1.726026391103895148e+05,1.896590117381028406e+01,1.779669294276123992e+01
1.110000000000000000e+03,1.227000000000000000e+04,2.738315261977031128e+02,2.842970535762942745e+02,2.903334790374990462e+02,3.057929001997729870e+02,2.871584481011306025e+02,2.769782387871199489e+02,3.164127984285020716e+02,2.783824883463184960e+02,2.783686887453074519e+02,2.777030257873045684e+02,2.763197995715646584e+02,2.796994039426138556e+02,2.777958661671412983e+02,1.726129447360318154e+05,1.882557747640564827e+01,1.779501521113784790e+01
1.120000000000000000e+03,1.228000000000000000e+04,2.738766277449687436e+02,2.843530094066012452e+02,2.903326446843421991e+02,3.054494077095210969e+02,2.871196321125198665e+02,2.768878986899359234e+02,3.167583412189175078e+02,2.783899656007105250e+02,2.783770180164234489e+02,2.777830120779409526e+02,2.763685357639018321e+02,2.797801045197726353e+02,2.778846265929062724e+02,1.726218523077281716e+05,1.868330040264756065e+01,1.779254355768760121e+01
1.130000000000000000e+03,1.229000000000000000e+04,2.739217716631718531e+02,2.844070599783219677e+02,2.903285906491057631e+02,3.051001476713155398e+02,2.870782355124244987e+02,2.767964015301674863e+02,3.170967611970850157e+02,2.783951104367316134e+02,2.783830176889225072e+02,2.778621235408721759e+02,2.764169295204947048e+02,2.798600922445170909e+02,2.779725081930379815e+02,1.726293504738173506e+05,1.853908799191882295e+01,1.778927172627648190e+01
1.140000000000000000e+03,1.230000000000000000e+04,2.739669511033046092e+02,2.844591792350221908e+02,2.903212944216838878e+02,3.047451285419665510e+02,2.870342462906812102e+02,2.767037215375170831e+02,3.174279984647182573e+02,2.783979058769425592e+02,2.783866707027481766e+02,2.779403410330755833e+02,2.764649693023357031e+02,2.799393479635552922e+02,2.780594907679997050e+02,1.726354281257319089e+05,1.839295852898459316e+01,1.778519370512984921e+01
1.150000000000000000e+03,1.231000000000000000e+04,2.740121591361562423e+02,2.845093414203519160e+02,2.903107340614285476e+02,3.043843591433402480e+02,2.869876527956637347e+02,2.766098335169855318e+02,3.177519953621068680e+02,2.783983352684509782e+02,2.783879603220268564e+02,2.780176454270782642e+02,2.765126435663638063e+02,2.800178524940210423e+02,2.781455541082455056e+02,1.726400743977317470e+05,1.824493054167405859e+01,1.778030373035434764e+01
1.160000000000000000e+03,1.232000000000000000e+04,2.740573887548984544e+02,2.845575210676602183e+02,2.902968881968226924e+02,3.040178486663975264e+02,2.869384437358596642e+02,2.765147128427865368e+02,3.180686964351004917e+02,2.783963822857990635e+02,2.783868701367553058e+02,2.780940176183513586e+02,2.765599407685348865e+02,2.800955866312937701e+02,2.782306780194835483e+02,1.726432786669283523e+05,1.809502279853128925e+01,1.777459628911017475e+01
1.170000000000000000e+03,1.233000000000000000e+04,2.741026328767968607e+02,2.846036930056377514e+02,2.902797360250467591e+02,3.036456066757434655e+02,2.868866081813442861e+02,2.764183354528925065e+02,3.183780484027250850e+02,2.783920309329355973e+02,2.783833840653561538e+02,2.781694385329408306e+02,2.766068493706590630e+02,2.801725311567480503e+02,2.783148423253002193e+02,1.726450305530923069e+05,1.794325430643553787e+01,1.776806612271422381e+01
1.180000000000000000e+03,1.234000000000000000e+04,2.741478843448281282e+02,2.846478323689498211e+02,2.902592573112174819e+02,3.032676431145466154e+02,2.868321355650538180e+02,2.763206778435014712e+02,3.186800001227327357e+02,2.783852655454859359e+02,2.783774863567394391e+02,2.782438891343980458e+02,2.766533578418266188e+02,2.802486668456741086e+02,2.783980268747773721e+02,1.726453199184308178e+05,1.778964430819139153e+01,1.776070822945141714e+01
1.190000000000000000e+03,1.235000000000000000e+04,2.741931359293281503e+02,2.846899146039042989e+02,2.902354323893825949e+02,3.028839683084489707e+02,2.867750156853993531e+02,2.762217170631391809e+02,3.189745025585438611e+02,2.783760707931517686e+02,2.783691615914267459e+02,2.783173504253262536e+02,2.766994546633607115e+02,2.803239744754335447e+02,2.784802115501351523e+02,1.726441368673311663e+05,1.763421228008891717e+01,1.775251786729693393e+01
1.200000000000000000e+03,1.236000000000000000e+04,2.742383803305546621e+02,2.847299154686846236e+02,2.902082421550881008e+02,3.024945929704418859e+02,2.867152387030944283e+02,2.761214307074862973e+02,3.192615087405771988e+02,2.783644316828545584e+02,2.783583946855187037e+02,2.783898034777070620e+02,2.767451283316551098e+02,2.803984348342226554e+02,2.785613762739980075e+02,1.726414717460442334e+05,1.747697792943429818e+01,1.774349055610708348e+01
1.210000000000000000e+03,1.237000000000000000e+04,2.742836101799921948e+02,2.847678110577510324e+02,2.901776680747525461e+02,3.020995282049386788e+02,2.866527951483731158e+02,2.760197969141411249e+02,3.195409737360855615e+02,2.783503335529828746e+02,2.783451708916529697e+02,2.784612294053240475e+02,2.767903673650368432e+02,2.804720287247125725e+02,2.786415010149421505e+02,1.726373151423390082e+05,1.731796119205110429e+01,1.773362208002913576e+01
1.220000000000000000e+03,1.238000000000000000e+04,2.743288180433203252e+02,2.848035777734651788e+02,2.901436921797702553e+02,3.016987855126769773e+02,2.865876759198757213e+02,2.759167943576119910e+02,3.198128546118128952e+02,2.783337620880649865e+02,2.783294758003642073e+02,2.785316093933245156e+02,2.768351603047844947e+02,2.805447369809095335e+02,2.787205657876089617e+02,1.726316578851724043e+05,1.715718222975262464e+01,1.772290848972782129e+01
1.230000000000000000e+03,1.239000000000000000e+04,2.743739964213515918e+02,2.848371923633147844e+02,2.901062970563367571e+02,3.012923767949878879e+02,2.865198722788690020e+02,2.758124022439039891e+02,3.200771103913313596e+02,2.783147033109598851e+02,2.783112953405244525e+02,2.786009247019027271e+02,2.768794957199266946e+02,2.806165404664490666e+02,2.787985506996229788e+02,1.726244910440379172e+05,1.699466142778555167e+01,1.771134610346317828e+01
1.240000000000000000e+03,1.240000000000000000e+04,2.744191377525312987e+02,2.848686319101849449e+02,2.900654658612728554e+02,3.008803143584082136e+02,2.864493758609253291e+02,2.757066003060685375e+02,3.203337020284706114e+02,2.782931435872195607e+02,2.782906157833529051e+02,2.786691566708336154e+02,2.769233622111449904e+02,2.806874200876793566e+02,2.788754358959589581e+02,1.726158059286878561e+05,1.683041939224532157e+01,1.769893150944399451e+01
1.250000000000000000e+03,1.241000000000000000e+04,2.744642344152655937e+02,2.848978738386230702e+02,2.900211823090996859e+02,3.004626109191739829e+02,2.863761786699066079e+02,2.755993687987356111e+02,3.205825923644712248e+02,2.782690696260252707e+02,2.782674237423842101e+02,2.787362867276999054e+02,2.769667484148454832e+02,2.807573568008953089e+02,2.789512016084458423e+02,1.726055940885258024e+05,1.666447694746343799e+01,1.768566156683903046e+01
1.260000000000000000e+03,1.242000000000000000e+04,2.745092787299608972e+02,2.849248959205071969e+02,2.899734306732500499e+02,3.000392796075060460e+02,2.863002730797768436e+02,2.754906884942359397e+02,3.208237460918695092e+02,2.782424684818233231e+02,2.782417061748399192e+02,2.788022963943744799e+02,2.770096430066950006e+02,2.808263316195226480e+02,2.790258281524612016e+02,1.725938473120246781e+05,1.649685513336717335e+01,1.767153340698756381e+01
1.270000000000000000e+03,1.243000000000000000e+04,2.745542629610546896e+02,2.849496762799931844e+02,2.899221957848877196e+02,2.996103339724652983e+02,2.862216518353989159e+02,2.753805406768908597e+02,3.210571297172209029e+02,2.782133275553835006e+02,2.782134503832658083e+02,2.788671672939505584e+02,2.770520347053922023e+02,2.808943256219051818e+02,2.790992959337951334e+02,1.725805576261554379e+05,1.632757520281188945e+01,1.765654443433682985e+01
1.280000000000000000e+03,1.244000000000000000e+04,2.745991793193671811e+02,2.849721933968122016e+02,2.898674630310435987e+02,2.991757879861829679e+02,2.861403080524180496e+02,2.752689071391965285e+02,3.212827115239297200e+02,2.781816345949592915e+02,2.781826440160314178e+02,2.789308811574800302e+02,2.770939122762213174e+02,2.809613199590993986e+02,2.791715854559225818e+02,1.725657172957150324e+05,1.615665861888638943e+01,1.764069232721367797e+01
1.290000000000000000e+03,1.245000000000000000e+04,2.746440199645781490e+02,2.849924261099580463e+02,2.898092183530353623e+02,2.987356560484601005e+02,2.860562352182197401e+02,2.751557701769013420e+02,3.215004615341836143e+02,2.781473776971596976e+02,2.781492750688250339e+02,2.789934198305766131e+02,2.771352645351347519e+02,2.810272958627610365e+02,2.792426773265201518e+02,1.725493188226996572e+05,1.598412705219157459e+01,1.762397503837342327e+01
1.300000000000000000e+03,1.246000000000000000e+04,2.746887770068203736e+02,2.850103536277969170e+02,2.897474482436294920e+02,2.982899529908254408e+02,2.859694271914685260e+02,2.750411125847734866e+02,3.217103514719056534e+02,2.781105453081082146e+02,2.781133318852387788e+02,2.790547652801466256e+02,2.771760803516128817e+02,2.810922346518531185e+02,2.793125522646086552e+02,1.725313549455778848e+05,1.581000237809284670e+01,1.760639079531258488e+01
1.310000000000000000e+03,1.247000000000000000e+04,2.747334425096249788e+02,2.850259555194990639e+02,2.896821397476405764e+02,2.978386940824885869e+02,2.858798782026092340e+02,2.749249176519443267e+02,3.219123547248145201e+02,2.780711262239168491e+02,2.780748031577075494e+02,2.791148996004404808e+02,2.772163486530358796e+02,2.811561177409924994e+02,2.793811911063277194e+02,1.725118186385397566e+05,1.563430667394650797e+01,1.758793810048743111e+01
1.320000000000000000e+03,1.248000000000000000e+04,2.747780084920624972e+02,2.850392117292005310e+02,2.896132804571968791e+02,2.973818950331857991e+02,2.857875828537470397e+02,2.748071691582412654e+02,3.221064463068743180e+02,2.780291095917006601e+02,2.780336779283215378e+02,2.791738050204623960e+02,2.772560584276233158e+02,2.812189266477458887e+02,2.794485748133437824e+02,1.724907031108335359e+05,1.545706221630055843e+01,1.756861573120938402e+01
1.330000000000000000e+03,1.249000000000000000e+04,2.748224669307969066e+02,2.850501025763542202e+02,2.895408585110105832e+02,2.969195719984852531e+02,2.856925361186984560e+02,2.746878513693291097e+02,3.222926028206234150e+02,2.779844849099658859e+02,2.779899455892531250e+02,2.792314639090731703e+02,2.772951987277204466e+02,2.812806429990506558e+02,2.795146844777852948e+02,1.724680018058343558e+05,1.527829147807025478e+01,1.754842273940845843e+01
1.340000000000000000e+03,1.250000000000000000e+04,2.748668097628906253e+02,2.850586087587545876e+02,2.894648625920772247e+02,2.964517415843292270e+02,2.855947333424961698e+02,2.745669490329704558e+02,3.224708024203337686e+02,2.779372420293749997e+02,2.779435958833158793e+02,2.792878587818875076e+02,2.773337586737607126e+02,2.813412485391347673e+02,2.795795013295153240e+02,1.724437084003959317e+05,1.509801712568872745e+01,1.752735845123950043e+01
1.350000000000000000e+03,1.251000000000000000e+04,2.749110288875859283e+02,2.850647113548724292e+02,2.893852819254203723e+02,2.959784208515212640e+02,2.854941702415216014e+02,2.744444473743823210e+02,3.226410247743123136e+02,2.778873711530546871e+02,2.778946189045459505e+02,2.793429723072914612e+02,2.773717274572238694e+02,2.814007251362227180e+02,2.796430067423906394e+02,1.724178168038846343e+05,1.491626201623313364e+01,1.750542246642541144e+01
1.360000000000000000e+03,1.252000000000000000e+04,2.749551161694374741e+02,2.850683918286451899e+02,2.893021062734212592e+02,2.954996273196890684e+02,2.853908429029033869e+02,2.743203320911089804e+02,3.228032510280597762e+02,2.778348628367534729e+02,2.778430051036849022e+02,2.793967873124269659e+02,2.774090943435512600e+02,2.814590547897270199e+02,2.797051822413616833e+02,1.723903211574617890e+05,1.473304919452656314e+01,1.748261465755050637e+01
1.370000000000000000e+03,1.253000000000000000e+04,2.749990634398125167e+02,2.850696320310914871e+02,2.892153259433048333e+02,2.950153789734582688e+02,2.852847477841050932e+02,2.741945893558248599e+02,3.229574637674309088e+02,2.777797079895054821e+02,2.777887452661499310e+02,2.794492867903275055e+02,2.774458486758040863e+02,2.815162196370077368e+02,2.797660095055811098e+02,1.723612158330399252e+05,1.454840189021619778e+01,1.745893516879478469e+01
1.380000000000000000e+03,1.254000000000000000e+04,2.750428625000312763e+02,2.850684142023303593e+02,2.891249317691730880e+02,2.945256942653298324e+02,2.851758817132279660e+02,2.740672058011782610e+02,3.231036469822050776e+02,2.777218978736407280e+02,2.777318305479752780e+02,2.795004539009790960e+02,2.774819798775533854e+02,2.815722019598586030e+02,2.798254703790416329e+02,1.723304954325639410e+05,1.436234351482799099e+01,1.743438441525685789e+01
1.390000000000000000e+03,1.255000000000000000e+04,2.750865051233749909e+02,2.850647209750059119e+02,2.890309151209430070e+02,2.940305921206172002e+02,2.850642418873900397e+02,2.739381685240294928e+02,3.232417860299586323e+02,2.776614241049168186e+02,2.776722524495444304e+02,2.795502719831221157e+02,2.775174774558742570e+02,2.816269841915284360e+02,2.798835468739158614e+02,1.722981547870445356e+05,1.417489765879831509e+01,1.740896308132128212e+01
1.400000000000000000e+03,1.256000000000000000e+04,2.751299830578906267e+02,2.850585353745325392e+02,2.889332678970171173e+02,2.935300919427122039e+02,2.849498258723896242e+02,2.738074650782838830e+02,3.233718676001018366e+02,2.775982786530656199e+02,2.776100028261467401e+02,2.795987245564910495e+02,2.775523310046260121e+02,2.816805489225716315e+02,2.799402211768885991e+02,1.722641889556244714e+05,1.398608808848292995e+01,1.738267211930674705e+01
1.410000000000000000e+03,1.257000000000000000e+04,2.751732932407655881e+02,2.850500209271338008e+02,2.888358419661918788e+02,2.930391120418844366e+02,2.848514345864705319e+02,2.736771206906197449e+02,3.234959052597974960e+02,2.775349526747739901e+02,2.775475727316852499e+02,2.796458557893078023e+02,2.775865843597761113e+02,2.817329405861257783e+02,2.799955361638862996e+02,1.722309893587125698e+05,1.403767156681603367e+01,1.735763218880291348e+01
1.420000000000000000e+03,1.258000000000000000e+04,2.752164354083828357e+02,2.850393727217744413e+02,2.887407911717313596e+02,2.925604540172321322e+02,2.847725771382118864e+02,2.735479941640940069e+02,3.236147438932389946e+02,2.774722377206576880e+02,2.774857536214614129e+02,2.796917198794939168e+02,2.776202876178174392e+02,2.817842143045655803e+02,2.800495447840709176e+02,1.721991941888059955e+05,1.415446847720170709e+01,1.733398642316107185e+01
1.430000000000000000e+03,1.259000000000000000e+04,2.752594101194374616e+02,2.850267761326471714e+02,2.886487182100463542e+02,2.920930891909893603e+02,2.847119282654472840e+02,2.734203598997365248e+02,3.237286446651937695e+02,2.774102469601430130e+02,2.774246585725818477e+02,2.797363649002833199e+02,2.776534827800344374e+02,2.818344187516067905e+02,2.801022939008616390e+02,1.721687784019433893e+05,1.426990426352803176e+01,1.731148391150995636e+01
1.440000000000000000e+03,1.260000000000000000e+04,2.753022182461953093e+02,2.850124114262766852e+02,2.885597758847546856e+02,2.916363906695634682e+02,2.846686667773203681e+02,2.732944019809841052e+02,3.238377789996120555e+02,2.773490686827310583e+02,2.773643757724589136e+02,2.797798352001341300e+02,2.776862067011940098e+02,2.818835981136060127e+02,2.801538266923944889e+02,1.721397177063015697e+05,1.438396428963274687e+01,1.729003481830087807e+01
1.450000000000000000e+03,1.261000000000000000e+04,2.753448608244531215e+02,2.849964526493388348e+02,2.884739816464795013e+02,2.911898903078135845e+02,2.846421673462797912e+02,2.731702515728785556e+02,3.239422659857146982e+02,2.772887720147572281e+02,2.773049742407114309e+02,2.798221727272927524e+02,2.777184927870429760e+02,2.819317935705290665e+02,2.802041839764763154e+02,1.721119881501236814e+05,1.449663409378692158e+01,1.726959067748750698e+01
1.460000000000000000e+03,1.262000000000000000e+04,2.753873390033438113e+02,2.849790663378652198e+02,2.883913100464874901e+02,2.907531967015507917e+02,2.846318966121438052e+02,2.730480061189174421e+02,3.240421916128335624e+02,2.772294123344599370e+02,2.772465092446622634e+02,2.798634177001112562e+02,2.777503719162422726e+02,2.819790440743295790e+02,2.802534048795528747e+02,1.720855660040239163e+05,1.460789939052858699e+01,1.725011496598914817e+01
1.470000000000000000e+03,1.263000000000000000e+04,2.754296540261406676e+02,2.849604107764218952e+02,2.883117211704698093e+02,2.903259638005855550e+02,2.846373736312517053e+02,2.729277399563835615e+02,3.241376194091510001e+02,2.771710349790058672e+02,2.771890260063880760e+02,2.799036089787026640e+02,2.777818729679413536e+02,2.820253868200151146e+02,2.803015272111557579e+02,1.720604277201051009e+05,1.471774607247397881e+01,1.723157542777956053e+01
1.480000000000000000e+03,1.264000000000000000e+04,2.754718072216953146e+02,2.849406357248134896e+02,2.882351698081188260e+02,2.899078768444344405e+02,2.846581523689056894e+02,2.728095107133549391e+02,3.242285968567390455e+02,2.771136776536674233e+02,2.771325621166942028e+02,2.799427842881462993e+02,2.778130231510400563e+02,2.820708575423284401e+02,2.803485876861173551e+02,1.720365499127203366e+05,1.482616021210622392e+01,1.721394190972676341e+01
1.490000000000000000e+03,1.265000000000000000e+04,2.755137999995312157e+02,2.849198824286888794e+02,2.881616085599902135e+02,2.894986449189869973e+02,2.846938126018484922e+02,2.726933634683128957e+02,3.243151595640838423e+02,2.770573720320296616e+02,2.770771491300024536e+02,2.799809803574077023e+02,2.778438482215772751e+02,2.821154907074307516e+02,2.803946220635316990e+02,1.720139093461123994e+05,1.493312806354123090e+01,1.719718568084827837e+01
1.500000000000000000e+03,1.266000000000000000e+04,2.755556338456563026e+02,2.848982838140728973e+02,2.880909889449496859e+02,2.890979964071350423e+02,2.847439544845141768e+02,2.725793336126835129e+02,3.243973341333988856e+02,2.770021448437089475e+02,2.770228136591078396e+02,2.800182330071866090e+02,2.778743726332644428e+02,2.821593196455470434e+02,2.804396652341844174e+02,1.719924829244749562e+05,1.503863606427051636e+01,1.718127917834742391e+01
1.510000000000000000e+03,1.267000000000000000e+04,2.755973103197968612e+02,2.848759647749216128e+02,2.880232618264931261e+02,2.887056758921290793e+02,2.848081949284595566e+02,2.724674489003600684e+02,3.244751402124930451e+02,2.769480186616420951e+02,2.769695781601760132e+02,2.800545772048427580e+02,2.779046196445956980e+02,2.822023766398623366e+02,2.804837512765013230e+02,1.719722476834144909e+05,1.514267083688081605e+01,1.716619588623641945e+01
1.520000000000000000e+03,1.268000000000000000e+04,2.756388310517421587e+02,2.848530425135433006e+02,2.879583775954351950e+02,2.883214418969541839e+02,2.848861650084129451e+02,2.723577309558190791e+02,3.245485920026445115e+02,2.768950124870998479e+02,2.769174615187906170e+02,2.800900471008558270e+02,2.779346114021285530e+02,2.822446929878291257e+02,2.805269134908583055e+02,1.719531807821045513e+05,1.524521919075021970e+01,1.715191025843110850e+01
1.530000000000000000e+03,1.269000000000000000e+04,2.756801977377890580e+02,2.848296269039677782e+02,2.878962862624326249e+02,2.879450651537251815e+02,2.849775080100913556e+02,2.722501964070789882e+02,3.246176993891412508e+02,2.768431422023769528e+02,2.768664795026792831e+02,2.801246760490919314e+02,2.779643690020508302e+02,2.822862990505033167e+02,2.805691844209434862e+02,1.719352594960309507e+05,1.534626812372058957e+01,1.713839765890659805e+01
1.540000000000000000e+03,1.270000000000000000e+04,2.757214121374921660e+02,2.848058208595042515e+02,2.878369375182066960e+02,2.875763272354886340e+02,2.850818779111796744e+02,2.721448577492646450e+02,3.246824688016370715e+02,2.767924209305791692e+02,2.768166451218364159e+02,2.801584966201063480e+02,2.779939125422305324e+02,2.823272242854643537e+02,2.806105958677456442e+02,1.719184612103805994e+05,1.544580482374614760e+01,1.712563430947807319e+01
1.550000000000000000e+03,1.271000000000000000e+04,2.757624760700625188e+02,2.847817207056813231e+02,2.877802807740419553e+02,2.872150194507645438e+02,2.851989381658524962e+02,2.720417240110686521e+02,3.247429038751017742e+02,2.767428593274804030e+02,2.767679689206458420e+02,2.801915406177910199e+02,2.780232611657489770e+02,2.823674972743909848e+02,2.806511788979700555e+02,1.719027634137740824e+05,1.554381667051789684e+01,1.711359724176177366e+01
1.560000000000000000e+03,1.272000000000000000e+04,2.758033914100312245e+02,2.847574165300586060e+02,2.877262652039160571e+02,2.868609419340598379e+02,2.853283607227583616e+02,2.719408012763661304e+02,3.247990059666473144e+02,2.766944658234023109e+02,2.767204592197355737e+02,2.802238390725183308e+02,2.780524330991927968e+02,2.824071457453561038e+02,2.806909638504447457e+02,1.718881436926152674e+05,1.564029123706375302e+01,1.710226425258952787e+01
1.570000000000000000e+03,1.273000000000000000e+04,2.758441600844922164e+02,2.847329925225667466e+02,2.876748397762571017e+02,2.865139028832837766e+02,2.854698252082137060e+02,2.718420930940229709e+02,3.248507745596191398e+02,2.766472468258841673e+02,2.766741223189097809e+02,2.802554222564053816e+02,2.780814456876640293e+02,2.824461965927255278e+02,2.807299803404767999e+02,1.718745797258082312e+05,1.573521629132418909e+01,1.709161386173997954e+01
1.580000000000000000e+03,1.274000000000000000e+04,2.758847840687109851e+02,2.847085273019632155e+02,2.876259532845585341e+02,2.861737179163130804e+02,2.856230182450314032e+02,2.717456008052367906e+02,3.248982075844465385e+02,2.766012068920092588e+02,2.766289626689833199e+02,2.802863196851903922e+02,2.781103154273864675e+02,2.824846758948870615e+02,2.807682572640032959e+02,1.718620492798661871e+05,1.582857979770312795e+01,1.708162527204124714e+01
1.590000000000000000e+03,1.275000000000000000e+04,2.759252653823047012e+02,2.846840942162191368e+02,2.875795543773966756e+02,2.858402095189204601e+02,2.857876328764338609e+02,2.716513238067084330e+02,3.249413016750459064e+02,2.765563488754260106e+02,2.765849830199167059e+02,2.803165601227018442e+02,2.781390579958708145e+02,2.825226089304490529e+02,2.808058228019476701e+02,1.718505302044001874e+05,1.592036991859393602e+01,1.707227833172724729e+01
1.600000000000000000e+03,1.276000000000000000e+04,2.759656060858906130e+02,2.846597616361012797e+02,2.875355915834425673e+02,2.855132065653091900e+02,2.859633680726021225e+02,2.715592597636657501e+02,3.249800523757444353e+02,2.765126740553982359e+02,2.765421845488007193e+02,2.803461715858605885e+02,2.781676882821300865e+02,2.825600201948296331e+02,2.808427044243841237e+02,1.718400004281174624e+05,1.601057501588034526e+01,1.706355349869803106e+01
1.610000000000000000e+03,1.277000000000000000e+04,2.760058082772421812e+02,2.846355932216334850e+02,2.874940133364577832e+02,2.851925439001788618e+02,2.861499283046841811e+02,2.714694047850809966e+02,3.250144543096255347e+02,2.764701822476662301e+02,2.765005669718314607e+02,2.803751813505654695e+02,2.781962204146688009e+02,2.825969334154245871e+02,2.808789288954301355e+02,1.718304379550039885e+05,1.609918365241202665e+01,1.705543180680172810e+01
1.620000000000000000e+03,1.278000000000000000e+04,2.760458740873593797e+02,2.846116481768040671e+02,2.874547679987992410e+02,2.848780619674809031e+02,2.863470231742729197e+02,2.713817535688409066e+02,3.250445013163187014e+02,2.764288719036334214e+02,2.764601286420888755e+02,2.804036159569500910e+02,2.782246677888166460e+02,2.826333715668191644e+02,2.809145222782999554e+02,1.718218208609017893e+05,1.618618459345472615e+01,1.704789483383687099e+01
1.630000000000000000e+03,1.279000000000000000e+04,2.760858056778594118e+02,2.845879814872822067e+02,2.874178038810860016e+02,2.845696064810121015e+02,2.865543670875546240e+02,2.712962995227831584e+02,3.250701865661722536e+02,2.763887401976421643e+02,2.764208666383918853e+02,2.804315012163227721e+02,2.782530430928335932e+02,2.826693568853185070e+02,2.809495099415275945e+02,1.718141272904394427e+05,1.627156680811472711e+01,1.704092467122298160e+01
1.640000000000000000e+03,1.280000000000000000e+04,2.761256052361952698e+02,2.845646441416569132e+02,2.873830692617907516e+02,2.842670281277436857e+02,2.867716789679136014e+02,2.712130348669514888e+02,3.250915026563242805e+02,2.763497831053213076e+02,2.763827768426046418e+02,2.804588622178241621e+02,2.782813583371598156e+02,2.827049108854046153e+02,2.809839165650241739e+02,1.718073354542346788e+05,1.635531947073745940e+01,1.703450389535796106e+01
1.650000000000000000e+03,1.281000000000000000e+04,2.761652749729843208e+02,2.845416833458457404e+02,2.873505124046934611e+02,2.839701822990192568e+02,2.869986820003549042e+02,2.711319507216302895e+02,3.251084416905077319e+02,2.763119954741382571e+02,2.763458540116442919e+02,2.804857233361150861e+02,2.783096248729648892e+02,2.827400543730951767e+02,2.810177661466345853e+02,1.718014236263545172e+05,1.643743196228007619e+01,1.702861554036779879e+01
1.660000000000000000e+03,1.282000000000000000e+04,2.762048171185468277e+02,2.845191427122682626e+02,2.873200815760240516e+02,2.836789288474220712e+02,2.872351034031058816e+02,2.710530371826050668e+02,3.251209953480907870e+02,2.762753710870376835e+02,2.763100918390676384e+02,2.805121082387439628e+02,2.783378534229324828e+02,2.827748074611436664e+02,2.810510820091168398e+02,1.717963701421162987e+05,1.651789387165786493e+01,1.702324307238689727e+01
1.670000000000000000e+03,1.283000000000000000e+04,2.762442339198046852e+02,2.844970624486269912e+02,2.872917250590797380e+02,2.833931318622504136e+02,2.874806742223161109e+02,2.709762833871358794e+02,3.251291549423759193e+02,2.762399027206171240e+02,2.762754830145165101e+02,2.805380398943541422e+02,2.783660541024797794e+02,2.828091895805653166e+02,2.810838868080826956e+02,1.717921533960634260e+05,1.659669499706427587e+01,1.701837036504744560e+01
1.680000000000000000e+03,1.284000000000000000e+04,2.762835276368984410e+02,2.844754795202233026e+02,2.872653911682489820e+02,2.831126594632406750e+02,2.877351291471367745e+02,2.709016775719429120e+02,3.251329114720256257e+02,2.762055821985734383e+02,2.762420192769258165e+02,2.805635405811700025e+02,2.783942364417608815e+02,2.828432195054730869e+02,2.811162025387325230e+02,1.717887518402752466e+05,1.667382534726439403e+01,1.701398167631662872e+01
1.690000000000000000e+03,1.285000000000000000e+04,2.763227005399609197e+02,2.844544278293320190e+02,2.872410282620705857e+02,2.828373836108598312e+02,2.879982063427254388e+02,2.708292071246063415e+02,3.251322556651812192e+02,2.761724004404808284e+02,2.762096914633696088e+02,2.805886318953193950e+02,2.784224094083810996e+02,2.828769153504794076e+02,2.811480505441725199e+02,1.717861439827965805e+05,1.674927514286174812e+01,1.701006162643798092e+01
1.700000000000000000e+03,1.286000000000000000e+04,2.763617549065547223e+02,2.844339383548069691e+02,2.872185847550678091e+02,2.825671799280173673e+02,2.882696472983154194e+02,2.707588586297900406e+02,3.251271780185146554e+02,2.761403475076571112e+02,2.761784895547213523e+02,2.806133347596845624e+02,2.784505814282350116e+02,2.829102945972973657e+02,2.811794515231043761e+02,1.717843083864217333e+05,1.682303481753825025e+01,1.700659517705162926e+01
1.710000000000000000e+03,1.287000000000000000e+04,2.764006930183828104e+02,2.844140392989817769e+02,2.871980091290787414e+02,2.823019275374284689e+02,2.885491966895701239e+02,2.706906179109910795e+02,3.251176688320437620e+02,2.761094126444377252e+02,2.761484027172816695e+02,2.806376694327377663e+02,2.784787604062571518e+02,2.829433741020512798e+02,2.812104255382786278e+02,1.717832236675797030e+05,1.689509501926709945e+01,1.700356761131655858e+01
1.720000000000000000e+03,1.288000000000000000e+04,2.764395171583984734e+02,2.843947562230182484e+02,2.871792499439309267e+02,2.820415089038483529e+02,2.888366022531029103e+02,2.706244700682973416e+02,3.251037182402296821e+02,2.760795843187677292e+02,2.761194193431149415e+02,2.806616555176051975e+02,2.785069537456303692e+02,2.829761701108044463e+02,2.812409920243156876e+02,1.717828684954844066e+05,1.696544661149853894e+01,1.700096451504834150e+01
1.730000000000000000e+03,1.289000000000000000e+04,2.764777766184374741e+02,2.843708495674941332e+02,2.869422939744401901e+02,2.817337273241687399e+02,2.884763020966435079e+02,2.705473290835257103e+02,3.234995245674688249e+02,2.759746482179042459e+02,2.760153239261442195e+02,2.806816375085920754e+02,2.785314659336055456e+02,2.830043479226366117e+02,2.812674907608001149e+02,1.716486152903545881e+05,3.419248190289977174e+00,1.684456324300563779e+01
1.740000000000000000e+03,1.290000000000000000e+04,2.765153587117421807e+02,2.843398891007946077e+02,2.866437921151712089e+02,2.814194779251189971e+02,2.881506978355478736e+02,2.704643813661019749e+02,3.220352020466408476e+02,2.758564032658840688e+02,2.758979149069576238e+02,2.806979412711238524e+02,2.785527926042698255e+02,2.830282236848910884e+02,2.812902445224339658e+02,1.715156023821443669e+05,3.419248190289977174e+00,1.672053641663173096e+01
1.750000000000000000e+03,1.291000000000000000e+04,2.765522321723437926e+02,2.843009424533753418e+02,2.863285325734896105e+02,2.811012244701619238e+02,2.878374619193326680e+02,2.703778190958990990e+02,3.206488583084711763e+02,2.757295987949831897e+02,2.757719416757646513e+02,2.807108164717308796e+02,2.785713078046732107e+02,2.830481168057772265e+02,2.813094999456898222e+02,1.713837273890191573e+05,3.419248190289977174e+00,1.660674579028214026e+01
1.760000000000000000e+03,1.292000000000000000e+04,2.765883876561015313e+02,2.842538004911243661e+02,2.860095887210063665e+02,2.807807065557851729e+02,2.875298377817800883e+02,2.702885724320810823e+02,3.193183337041973004e+02,2.755966413970443227e+02,2.756398110113646567e+02,2.807204379975660800e+02,2.785872634905271070e+02,2.830642644549988063e+02,2.813254288745238227e+02,1.712529414958721609e+05,3.419248190289977174e+00,1.649783622442520681e+01
1.770000000000000000e+03,1.293000000000000000e+04,2.766238225485234352e+02,2.841985907825143158e+02,2.856909358259597411e+02,2.804591196090909193e+02,2.872257153303514770e+02,2.701970521448926092e+02,3.180339974318349050e+02,2.754588855954869473e+02,2.755028776005673308e+02,2.807269390033719674e+02,2.786008442823025462e+02,2.830768508541893880e+02,2.813381614344059471e+02,1.711232105214243638e+05,3.419248190289977174e+00,1.639234466073961727e+01
1.780000000000000000e+03,1.294000000000000000e+04,2.766585365639296583e+02,2.841355946135074646e+02,2.853738265419078743e+02,2.801372965790674243e+02,2.869244295500191129e+02,2.701034489130533984e+02,3.167906173193207451e+02,2.753171830850097308e+02,2.753619932093248508e+02,2.807304279311464370e+02,2.786121966922478350e+02,2.830860279764272036e+02,2.813478030856348369e+02,1.709945053122251411e+05,3.419248190289977174e+00,1.628976839283731692e+01
1.790000000000000000e+03,1.295000000000000000e+04,2.766925303159609371e+02,2.840651606148310293e+02,2.850586630104395454e+02,2.798158290188118826e+02,2.866257783560660073e+02,2.700078588364866050e+02,3.155847467315061294e+02,2.751721226907814071e+02,2.752177466520241751e+02,2.807309975556672157e+02,2.786214435962309608e+02,2.830919268963384638e+02,2.813544436909303954e+02,1.708667991558360518e+05,3.419248190289977174e+00,1.618986334023102103e+01
1.800000000000000000e+03,1.296000000000000000e+04,2.767258048117421367e+02,2.839876630195943790e+02,2.847455715982457605e+02,2.794951442304179636e+02,2.863297068857838212e+02,2.699103385604037726e+02,3.144137956638105607e+02,2.750241425930000787e+02,2.750705760195235712e+02,2.807287302498933741e+02,2.786286919140260352e+02,2.830946642520761998e+02,2.813581627895762267e+02,1.707400669821348856e+05,3.419248190289977174e+00,1.609246527920693737e+01
1.810000000000000000e+03,1.297000000000000000e+04,2.767583612694062367e+02,2.839034807491201491e+02,2.844345868828808079e+02,2.791755553571167070e+02,2.860362024454381071e+02,2.698109302883435134e+02,3.132756568441991476e+02,2.748735869459349033e+02,2.749208253366539338e+02,2.807237012661064455e+02,2.786340370980266243e+02,2.830943462282543805e+02,2.813590328780150003e+02,1.706142850575242192e+05,3.419248190289977174e+00,1.599744055820784183e+01
1.820000000000000000e+03,1.298000000000000000e+04,2.767902010497734295e+02,2.838129865876747999e+02,2.841257126572298262e+02,2.788572945716134086e+02,2.857452593822235940e+02,2.697096731621326740e+02,3.121685331450354965e+02,2.747207367623526011e+02,2.747687754474994790e+02,2.807159808470342455e+02,2.786375659594979766e+02,2.830910711719506594e+02,2.813571215289438214e+02,1.704894308296295058e+05,3.419248190289977174e+00,1.590467105705840112e+01
1.830000000000000000e+03,1.299000000000000000e+04,2.768213256363749792e+02,2.837165414755143615e+02,2.838189425170633058e+02,2.785405357108927547e+02,2.854568680757392372e+02,2.696066081863378940e+02,3.110908466422196170e+02,2.745658280194498388e+02,2.746146621336364433e+02,2.807056355993190095e+02,2.786393585443219649e+02,2.830849313503297253e+02,2.813524927631531796e+02,1.703654828245719546e+05,3.419248190289977174e+00,1.581404893134886791e+01
1.840000000000000000e+03,1.300000000000000000e+04,2.768517366307108887e+02,2.836144915851822930e+02,2.835142668116165510e+02,2.782254099080722085e+02,2.851710123741137295e+02,2.695017800114231932e+02,3.100411849780138027e+02,2.744090630006098195e+02,2.744586874704552883e+02,2.806927293949958084e+02,2.786394894060831575e+02,2.830760141631203624e+02,2.813452079531466552e+02,1.702424205662094173e+05,3.419248190289977174e+00,1.572547440333336688e+01
1.850000000000000000e+03,1.301000000000000000e+04,2.768814357537031583e+02,2.835071669411914286e+02,2.832116748683628771e+02,2.779120165963203135e+02,2.848876699013108009e+02,2.693952372002636935e+02,3.090182668164235338e+02,2.742506178505519188e+02,2.743010273854531533e+02,2.806773239584900352e+02,2.786380284901763389e+02,2.830644029793576806e+02,2.813353264110137388e+02,1.701202245071878133e+05,3.419248190289977174e+00,1.563885460108134851e+01
1.860000000000000000e+03,1.302000000000000000e+04,2.769104248477031547e+02,2.833948809649231748e+02,2.829111556015149631e+02,2.776004313653095323e+02,2.846068132022343207e+02,2.692870317966868470e+02,3.080209180748664153e+02,2.740906478594795317e+02,2.741418369433166049e+02,2.806594792472182007e+02,2.786350417561756103e+02,2.830501777229504796e+02,2.813229057696709106e+02,1.699988759673495661e+05,3.419248190289977174e+00,1.555410280295307501e+01
1.870000000000000000e+03,1.303000000000000000e+04,2.769387058795859389e+02,2.832779305672975738e+02,2.826126975983561351e+02,2.772907116488087809e+02,2.843284109906521735e+02,2.691772186109562881e+02,3.070480547428483646e+02,2.739292913110614336e+02,2.739812542006932290e+02,2.806392536972304583e+02,2.786305916324348004e+02,2.830334152842251569e+02,2.813080022295474691e+02,1.698783570780022419e+05,3.419248190289977174e+00,1.547113786420860393e+01
1.880000000000000000e+03,1.304000000000000000e+04,2.769662809414531353e+02,2.831565965699107892e+02,2.823162890602212087e+02,2.769829008935977868e+02,2.840524292582362023e+02,2.690658544523441833e+02,3.060986699801017039e+02,2.737666723822014774e+02,2.738194031045218253e+02,2.806167043812647535e+02,2.786247373473063931e+02,2.830141898172083756e+02,2.812906707180533203e+02,1.697586507308906293e+05,3.419248190289977174e+00,1.538988374163610651e+01
1.890000000000000000e+03,1.305000000000000000e+04,2.769931522495703007e+02,2.830311443359196346e+02,2.820219177317238746e+02,2.766770316512820500e+02,2.837788321809169929e+02,2.689529973898210073e+02,3.051718241320827474e+02,2.736029033825175816e+02,2.736563957365215174e+02,2.805918871093049347e+02,2.786175351843997419e+02,2.829925729584482497e+02,2.812709649873499984e+02,1.696397405313299969e+05,3.419248190289977174e+00,1.531026908057547331e+01
1.900000000000000000e+03,1.306000000000000000e+04,2.770193221452344119e+02,2.829018244697562068e+02,2.817295708585136822e+02,2.763731278978255546e+02,2.835075828342135082e+02,2.688387061057475194e+02,3.042666368120214315e+02,2.734380865198648962e+02,2.734923340724595278e+02,2.805648564933975990e+02,2.786090386871110240e+02,2.829686339868475216e+02,2.812489376817181892e+02,1.695216107549387962e+05,3.419248190289977174e+00,1.523222684800912319e+01
1.910000000000000000e+03,1.307000000000000000e+04,2.770447930922422302e+02,2.827688735980447063e+02,2.814392351600872644e+02,2.760712067895424866e+02,2.832386437369412420e+02,2.687230393521849692e+02,3.033822804852705417e+02,2.732723153128471836e+02,2.733273114031866839e+02,2.805356659901142962e+02,2.785992988237074997e+02,2.829424399600878814e+02,2.812246403793786840e+02,1.694042463078034925e+05,3.419248190289977174e+00,1.515569400254383226e+01
1.920000000000000000e+03,1.308000000000000000e+04,2.770695676724609484e+02,2.826325151438463763e+02,2.811508968396667569e+02,2.757712800066283876e+02,2.829719772637366759e+02,2.686060555006260984e+02,3.025179751829464863e+02,2.731056757385425726e+02,2.731614134805915342e+02,2.805043679283147640e+02,2.785883641307912058e+02,2.829140558153087568e+02,2.811981236196439795e+02,1.692876326894412632e+05,3.419248190289977174e+00,1.508061119551011586e+01
1.930000000000000000e+03,1.309000000000000000e+04,2.770936485840781529e+02,2.824929600919954851e+02,2.808645416071565251e+02,2.754733547914445921e+02,2.827075459496851408e+02,2.684878121873401255e+02,3.016729840765095787e+02,2.729382471726931954e+02,2.729947194525570353e+02,2.804710135298686282e+02,2.785762808392396437e+02,2.828835444594244564e+02,2.811694369234263036e+02,1.691717559587218857e+05,3.419248190289977174e+00,1.500692249912692766e+01
1.940000000000000000e+03,1.310000000000000000e+04,2.771170386363046418e+02,2.823504077312047684e+02,2.805801547087817198e+02,2.751774347563869014e+02,2.824453127104285386e+02,2.683683660362588626e+02,3.008466097148868812e+02,2.727701031683877773e+02,2.728273026529849403e+02,2.804356529261392552e+02,2.785630929874236017e+02,2.828509668474522982e+02,2.811386288086530385e+02,1.690566027020139736e+05,3.419248190289977174e+00,1.493457515868175456e+01
1.950000000000000000e+03,1.311000000000000000e+04,2.771397407453516166e+02,2.822050463632477317e+02,2.802977209711885394e+02,2.748835205179797754e+02,2.821852410055860219e+02,2.682477724457676800e+02,3.000381907978788263e+02,2.726013121074868764e+02,2.726592312421204838e+02,2.803983351720439714e+02,2.785488425276245152e+02,2.828163820522128162e+02,2.811057468036816545e+02,1.689421600037949393e+05,3.419248190289977174e+00,1.486351936593054646e+01
1.960000000000000000e+03,1.312000000000000000e+04,2.771617579295469227e+02,2.820570539613538585e+02,2.800172248503662331e+02,2.745916102020813696e+02,2.819272949380743967e+02,2.681260854472266146e+02,2.992470993703031468e+02,2.724319377449177182e+02,2.724905687510355392e+02,2.803591082589542225e+02,2.785335694240493467e+02,2.827798473343842716e+02,2.810708374595042756e+02,1.688284154192530550e+05,3.419248190289977174e+00,1.479370805149742196e+01
1.970000000000000000e+03,1.313000000000000000e+04,2.771830933045077927e+02,2.819065988119974691e+02,2.797386504551639632e+02,2.743016998453273345e+02,2.816714393282307469e+02,2.680033575791783846e+02,2.984727383553361051e+02,2.722620396789958477e+02,2.723213745891172266e+02,2.803180191286068066e+02,2.785173117468005444e+02,2.827414181957296933e+02,2.810339463625584813e+02,1.687153569487569039e+05,3.419248190289977174e+00,1.472509669542714761e+01
1.980000000000000000e+03,1.314000000000000000e+04,2.772037500778515096e+02,2.817538400934384981e+02,2.794619816293093777e+02,2.740137837203583331e+02,2.814176397791846966e+02,2.678796398241907468e+02,2.977145393831268052e+02,2.720916737383530517e+02,2.721517043661143589e+02,2.802751136882426977e+02,2.785001057613344528e+02,2.827011484463922670e+02,2.809951181479403886e+02,1.686029730141576729e+05,3.419248190289977174e+00,1.465764315150939012e+01
1.990000000000000000e+03,1.315000000000000000e+04,2.772237315437734537e+02,2.815989284302005444e+02,2.791872019661796571e+02,2.737278545997488663e+02,2.811658626846264042e+02,2.677549815662521837e+02,2.969719608446849293e+02,2.719208923327598768e+02,2.719816102878191941e+02,2.802304368229060856e+02,2.784819860130057805e+02,2.826590902559631218e+02,2.809543965129391836e+02,1.684912524365788558e+05,3.419248190289977174e+00,1.459130748760122742e+01
2.000000000000000000e+03,1.316000000000000000e+04,2.772430410755390540e+02,2.814420064042780041e+02,2.789142948627171563e+02,2.734439039749231029e+02,2.809160752460088020e+02,2.676294305703485747e+02,2.962444861462011545e+02,2.717497447420511207e+02,2.718111414338417262e+02,2.801840324144650367e+02,2.784629854179495396e+02,2.826152942098483436e+02,2.809118242313947462e+02,1.683801844159027678e+05,3.419248190289977174e+00,1.452605183768224606e+01
2.010000000000000000e+03,1.317000000000000000e+04,2.772616821330234416e+02,2.812832090324570800e+02,2.786432435525340452e+02,2.731619222351415601e+02,2.806682454704000520e+02,2.675030329812708487e+02,2.955316221355734001e+02,2.715782773789718476e+02,2.716403440192569860e+02,2.801359433563509924e+02,2.784431353064007908e+02,2.825698093621511475e+02,2.808674431687367701e+02,1.682697585112849774e+05,3.419248190289977174e+00,1.446184026601741834e+01
2.020000000000000000e+03,1.318000000000000000e+04,2.772796582371249769e+02,2.811226642212702700e+02,2.783740311468234268e+02,2.728818988199009823e+02,2.804223421659303312e+02,2.673758333361571431e+02,2.948328976671269288e+02,2.714065340093698637e+02,2.714692616152533446e+02,2.800862115703681638e+02,2.784224655509790978e+02,2.825226832844689397e+02,2.808212942982797813e+02,1.681599646232192172e+05,3.419248190289977174e+00,1.439863864148535910e+01
2.030000000000000000e+03,1.319000000000000000e+04,2.772969729793124998e+02,2.809604931544801616e+02,2.781066406649529199e+02,2.726038223448049393e+02,2.801783349286328075e+02,2.672478745882800695e+02,2.941478622992830196e+02,2.712345559521760379e+02,2.712979353604445691e+02,2.800348780254365693e+02,2.784010046026455711e+02,2.824739621190721550e+02,2.807734177158220064e+02,1.680507929766534944e+05,3.419248190289977174e+00,1.433641452225299773e+01
2.040000000000000000e+03,1.320000000000000000e+04,2.773136300129687584e+02,2.807968107138590312e+02,2.778410550639045482e+02,2.723276807112479219e+02,2.799361941242129888e+02,2.671191981375436058e+02,2.934760850897954469e+02,2.710623822624457944e+02,2.711264041216348346e+02,2.799819827548977287e+02,2.783787795705635517e+02,2.824236906243466478e+02,2.807238526582501095e+02,1.679422341051062685e+05,3.419248190289977174e+00,1.427513704840154141e+01
2.050000000000000000e+03,1.321000000000000000e+04,2.773296330490156265e+02,2.806317258187789889e+02,2.775772572734342134e+02,2.720534612018037706e+02,2.796958908721554735e+02,2.669898438693736580e+02,2.928171534979040871e+02,2.708900498729279889e+02,2.709547046640565213e+02,2.799275648762644551e+02,2.783558162821473161e+02,2.823719122167454998e+02,2.806726375182373090e+02,1.678342788358621765e+05,3.419248190289977174e+00,1.421477684320743862e+01
2.060000000000000000e+03,1.322000000000000000e+04,2.773449858508280954e+02,2.804653417688489299e+02,2.773152302095455184e+02,2.717811505571824569e+02,2.794573970207642333e+02,2.668598501945688213e+02,2.921706723593603101e+02,2.707175937596414315e+02,2.707828717865708654e+02,2.798716626080235983e+02,2.783321393537744370e+02,2.823186690268389043e+02,2.806198098628013895e+02,1.677269182760570257e+05,3.419248190289977174e+00,1.415530592154704337e+01
2.070000000000000000e+03,1.323000000000000000e+04,2.773596922307812633e+02,2.802977565575452559e+02,2.770549568047767366e+02,2.715107350498956862e+02,2.792206851279534021e+02,2.667292540938317416e+02,2.915362629503767948e+02,2.705450470531852716e+02,2.706109384526793633e+02,2.798143132898574095e+02,2.783077722466789510e+02,2.822640019293801856e+02,2.805654064509142245e+02,1.676201437996376189e+05,3.419248190289977174e+00,1.409669760533581595e+01
2.080000000000000000e+03,1.324000000000000000e+04,2.773737560452265711e+02,2.801290631585716255e+02,2.767964200397627792e+02,2.712422005456386387e+02,2.789857284091910969e+02,2.665980911643338800e+02,2.909135621085584944e+02,2.703724411593829018e+02,2.704389359138927489e+02,2.797555534007128131e+02,2.782827373267098210e+02,2.822079505979410783e+02,2.805094632485348711e+02,1.675139470350240590e+05,3.419248190289977174e+00,1.403892644402730738e+01
2.090000000000000000e+03,1.325000000000000000e+04,2.773871811911797067e+02,2.799593498308327071e+02,2.765396029022654716e+02,2.709755325569440174e+02,2.787525008385422893e+02,2.664663956644186555e+02,2.903022214083450763e+02,2.701998058643432046e+02,2.702668937833192331e+02,2.796954185781660271e+02,2.782570559134856580e+02,2.821505535373694329e+02,2.804520154477810365e+02,1.674083198535974370e+05,3.419248190289977174e+00,1.398196814363628881e+01
2.100000000000000000e+03,1.326000000000000000e+04,2.773999716018359436e+02,2.797887003180296688e+02,2.762844885030613113e+02,2.707107162956853017e+02,2.785209769350329339e+02,2.663342005642550134e+02,2.897019064153662384e+02,2.700271694316737126e+02,2.700948401796096050e+02,2.796339436369032114e+02,2.782307483420069047e+02,2.820918481256241535e+02,2.803930974814022079e+02,1.673032543588034750e+05,3.419248190289977174e+00,1.392579949618837531e+01
2.110000000000000000e+03,1.327000000000000000e+04,2.774121312436562903e+02,2.796171941401201479e+02,2.760310600160854619e+02,2.704477367130029393e+02,2.782911318730403991e+02,2.662015375897898366e+02,2.891122959657726597e+02,2.698545586907483766e+02,2.699228017867267226e+02,2.795711625875109121e+02,2.782038340045486962e+02,2.820318706499296013e+02,2.803327430423109945e+02,1.671987428759436589e+05,3.419248190289977174e+00,1.387039831835318360e+01
2.120000000000000000e+03,1.328000000000000000e+04,2.774236641123281402e+02,2.794449068033395633e+02,2.757793007100240175e+02,2.701865785397159243e+02,2.780629414321390982e+02,2.660684372699153641e+02,2.885330815024262847e+02,2.696819991184966057e+02,2.697508039391735224e+02,2.795071086542564558e+02,2.781763314022346094e+02,2.819706563457017410e+02,2.802709850987283744e+02,1.670947779424872715e+05,3.419248190289977174e+00,1.381574339246196459e+01
2.130000000000000000e+03,1.329000000000000000e+04,2.774345742294843831e+02,2.792719100054882801e+02,2.755291939647059962e+02,2.699272263214938903e+02,2.778363819688598824e+02,2.659349289816290138e+02,2.879639664511473711e+02,2.695095149149344707e+02,2.695788707019924573e+02,2.794418142939015297e+02,2.781482581886412504e+02,2.819082394308340440e+02,2.802078559116060887e+02,1.669913522989636986e+05,3.419248190289977174e+00,1.376181441173811137e+01
2.140000000000000000e+03,1.330000000000000000e+04,2.774448656396562569e+02,2.790982718416536272e+02,2.752807232796665744e+02,2.696696644535069822e+02,2.776114304044795631e+02,2.658010409947057724e+02,2.874046656355426421e+02,2.693371290729019165e+02,2.694070249338599297e+02,2.793753112140066719e+02,2.781196312106641244e+02,2.818446531393607302e+02,2.801433870455417150e+02,1.668884588803815423e+05,3.419248190289977174e+00,1.370859192944053007e+01
2.150000000000000000e+03,1.331000000000000000e+04,2.774545424079062172e+02,2.789240570030644903e+02,2.750338722740839899e+02,2.694138772016066810e+02,2.773880642001960837e+02,2.656668005138433841e+02,2.868549047243255927e+02,2.691648634417524590e+02,2.692352883613575045e+02,2.793076303885716243e+02,2.780904665551399262e+02,2.817799297542093200e+02,2.800776094012587691e+02,1.667860908080904628e+05,3.419248190289977174e+00,1.365605731108143495e+01
2.160000000000000000e+03,1.332000000000000000e+04,2.774636086151249401e+02,2.787493269136572280e+02,2.747886247114142861e+02,2.691598487384932810e+02,2.771662613439201550e+02,2.655322337209414627e+02,2.863144197177360866e+02,2.689927387923917195e+02,2.690636816325999234e+02,2.792388020775031237e+02,2.780607795768670485e+02,2.817141006389074391e+02,2.800105532122951786e+02,1.666842413820958463e+05,3.419248190289977174e+00,1.360419269050976254e+01
2.170000000000000000e+03,1.333000000000000000e+04,2.774720683579844263e+02,2.785741399499677868e+02,2.745449644926881660e+02,2.689075631619309092e+02,2.769460003297376716e+02,2.653973658150999313e+02,2.857829564545936023e+02,2.688207748686559171e+02,2.688922243759848243e+02,2.791688558428520537e+02,2.780305849484751661e+02,2.816471962688542590e+02,2.799422480536696867e+02,1.665829040738240583e+05,3.419248190289977174e+00,1.355298092804462762e+01
2.180000000000000000e+03,1.334000000000000000e+04,2.774799257436718563e+02,2.783985515500524457e+02,2.743028756662884007e+02,2.686570045172497885e+02,2.767272601422608318e+02,2.652622210510660352e+02,2.852602701558881790e+02,2.686489904421127903e+02,2.687209352526260773e+02,2.790978205656145406e+02,2.779998966859115512e+02,2.815792462593713026e+02,2.798727228902224624e+02,1.664820725191792590e+05,3.419248190289977174e+00,1.350240557185361467e+01
2.190000000000000000e+03,1.335000000000000000e+04,2.774871848894139816e+02,2.782226143875166144e+02,2.740623424326256554e+02,2.684081568173738788e+02,2.765100202419512243e+02,2.651268227768932775e+02,2.847461249906065177e+02,2.684774033615357212e+02,2.685498320052216741e+02,2.790257244617869219e+02,2.779687281848640055e+02,2.815102793944251403e+02,2.798020060638249902e+02,1.663817405121103511e+05,3.419248190289977174e+00,1.345245082167712525e+01
2.200000000000000000e+03,1.336000000000000000e+04,2.774938499192655854e+02,2.780463784997874654e+02,2.738233491506842938e+02,2.681610040610429451e+02,2.762942605474806896e+02,2.649911934694586080e+02,2.842402936635319293e+02,2.683060306004479685e+02,2.683789315058433544e+02,2.789525950986311500e+02,2.779370922501703944e+02,2.814403236544521860e+02,2.797301253159167800e+02,1.662819019983829930e+05,3.419248190289977174e+00,1.340310149481481439e+01
2.210000000000000000e+03,1.337000000000000000e+04,2.774999249621484410e+02,2.778698914368851547e+02,2.735858803358478326e+02,2.679155302494519901e+02,2.760799614214220696e+02,2.648553547689744505e+02,2.837425570325771673e+02,2.681348882953548696e+02,2.682082497982419795e+02,2.788784594097287481e+02,2.779050011298497225e+02,2.813694062417132500e+02,2.796571077993338577e+02,1.661825510697076097e+05,3.419248190289977174e+00,1.335434299423954485e+01
2.220000000000000000e+03,1.338000000000000000e+04,2.775054141498827676e+02,2.776931983541950331e+02,2.733499206696577630e+02,2.676717194005791498e+02,2.758671036573252877e+02,2.647193275120374665e+02,2.832527037382625394e+02,2.679639917949319852e+02,2.680378021391068160e+02,2.788033437123211797e+02,2.778724665390390101e+02,2.812975536065561073e+02,2.795829800965171898e+02,1.660836819582334720e+05,3.419248190289977174e+00,1.330616127885055633e+01
2.230000000000000000e+03,1.339000000000000000e+04,2.775103216154921597e+02,2.775163421501484891e+02,2.731154549976487260e+02,2.674295555637770008e+02,2.756556684655386107e+02,2.645831317629197201e+02,2.827705298598856416e+02,2.677933556932372312e+02,2.678676030366370355e+02,2.787272737195664831e+02,2.778394996887431603e+02,2.812247914740690931e+02,2.795077682288607548e+02,1.659852890312499949e+05,3.419248190289977174e+00,1.325854283539896272e+01
2.240000000000000000e+03,1.340000000000000000e+04,2.775146514907421533e+02,2.773393635860771838e+02,2.728824683333198209e+02,2.671890228319981588e+02,2.754456374599888591e+02,2.644467868445836416e+02,2.822958385876096372e+02,2.676229938671294235e+02,2.676976662872307315e+02,2.786502745568180899e+02,2.778061113094587427e+02,2.811511448530206962e+02,2.794314976707439655e+02,1.658873667861305876e+05,3.419248190289977174e+00,1.321147465219608286e+01
2.250000000000000000e+03,1.341000000000000000e+04,2.775184079048046897e+02,2.771623013595755083e+02,2.726509458572699600e+02,2.669501053533583672e+02,2.752369926449957234e+02,2.643103113664470811e+02,2.818284399112405936e+02,2.674529195110825981e+02,2.675280050132776068e+02,2.785723707756060321e+02,2.777723116772673393e+02,2.810766380836892608e+02,2.793541933625425600e+02,1.657899098456150386e+05,3.419248190289977174e+00,1.316494419444029518e+01
2.260000000000000000e+03,1.342000000000000000e+04,2.775215949833515765e+02,2.769851922510176223e+02,2.724208729189106180e+02,2.667127873402725982e+02,2.750297164078998549e+02,2.641737232530365986e+02,2.813681503266306549e+02,2.672831451671580680e+02,2.673586316771776410e+02,2.784935863673342737e+02,2.777381106386420129e+02,2.810012948414959055e+02,2.792758797247086022e+02,1.656929129532785155e+05,3.419248190289977174e+00,1.311893938054613074e+01
2.270000000000000000e+03,1.343000000000000000e+04,2.775242168451953262e+02,2.768080711683467143e+02,2.721922350421022543e+02,2.664770530809590809e+02,2.748237914955788597e+02,2.640370397705688674e+02,2.809147925551582716e+02,2.671136827614982963e+02,2.671895581397002388e+02,2.784139447775364147e+02,2.777035176254772750e+02,2.809251381626863804e+02,2.791965806654171729e+02,1.655963709691497497e+05,3.419248190289977174e+00,1.307344856081133244e+01
2.280000000000000000e+03,1.344000000000000000e+04,2.775262776033671344e+02,2.766309712457320984e+02,2.719650179163311350e+02,2.662428869467341315e+02,2.746192010173203926e+02,2.639002775515797339e+02,2.804681952811419592e+02,2.669445436270349319e+02,2.670207956785724832e+02,2.783334689179624206e+02,2.776685416812421181e+02,2.808481904640605080e+02,2.791163196026786864e+02,1.655002788657026540e+05,3.419248190289977174e+00,1.302846049681414087e+01
2.290000000000000000e+03,1.345000000000000000e+04,2.775277813617030915e+02,2.764539239611360131e+02,2.717392074034604548e+02,2.660102733999312932e+02,2.744159284335224243e+02,2.637634526208581747e+02,2.800281928973143408e+02,2.667757385335694380e+02,2.668523550029386229e+02,2.782521811805456764e+02,2.776331914789808479e+02,2.807704735629971537e+02,2.790351194550316904e+02,1.654046317237916810e+05,3.419248190289977174e+00,1.298396434170640745e+01
2.300000000000000000e+03,1.346000000000000000e+04,2.775287322147578379e+02,2.762769591810507563e+02,2.715147895362565009e+02,2.657791970019873702e+02,2.742139575315260345e+02,2.636265804171951004e+02,2.795946252699033039e+02,2.666072777133765044e+02,2.666842462932701778e+02,2.781701034496156808e+02,2.775974753393999208e+02,2.806920086987468039e+02,2.789530026784539700e+02,1.653094247290973726e+05,3.419248190289977174e+00,1.293994962194856058e+01
2.310000000000000000e+03,1.347000000000000000e+04,2.775291342462500097e+02,2.761001052790576296e+02,2.712917505154023274e+02,2.655496424154938495e+02,2.740132724194232310e+02,2.634896758150890150e+02,2.791673375066696963e+02,2.664391708889369852e+02,2.665164792212673319e+02,2.780872571154536672e+02,2.775614012500032572e+02,2.806128165442352156e+02,2.788699912619382530e+02,1.652146531684412621e+05,3.419248190289977174e+00,1.289640621985043722e+01
2.320000000000000000e+03,1.348000000000000000e+04,2.775289915275625390e+02,2.759233891426296168e+02,2.710700767163683622e+02,2.653215944171182059e+02,2.738138575352366502e+02,2.633527531482138215e+02,2.787461797395841359e+02,2.662714272915075071e+02,2.663490629730574710e+02,2.780036630826112400e+02,2.775249768783420450e+02,2.805329172304800522e+02,2.787861067405729045e+02,1.651203124263483332e+05,3.419248190289977174e+00,1.285332435782688165e+01
2.330000000000000000e+03,1.349000000000000000e+04,2.775283081178125144e+02,2.757468362914091813e+02,2.708497546700544945e+02,2.650950378975633726e+02,2.736156976136647359e+02,2.632158262285296360e+02,2.783310069487177998e+02,2.661040556834558402e+02,2.661820062724635818e+02,2.779193417879664025e+02,2.774882095920735310e+02,2.804523303599142992e+02,2.787013702071601529e+02,1.650263979820524983e+05,3.419248190289977174e+00,1.281069458299360342e+01
2.340000000000000000e+03,1.350000000000000000e+04,2.775270880627734869e+02,2.755704709362340736e+02,2.706307710832270459e+02,2.648699578672169537e+02,2.734187777006470128e+02,2.630789083658305572e+02,2.779216787169583540e+02,2.659370643776882162e+02,2.660153174009434451e+02,2.778343132053346380e+02,2.774511064687935686e+02,2.803710750230632129e+02,2.786158023220720565e+02,1.649329054060765775e+05,3.419248190289977174e+00,1.276850775210899691e+01
2.350000000000000000e+03,1.351000000000000000e+04,2.775253353922421979e+02,2.753943160270214889e+02,2.704131128290890729e+02,2.646463394605991084e+02,2.732230831207220945e+02,2.629420123866528343e+02,2.775180590781554315e+02,2.657704612664731485e+02,2.658490042173534675e+02,2.777485968605268454e+02,2.774136743157731644e+02,2.802891698147271313e+02,2.785294233235317165e+02,1.648398303574119345e+05,3.419248190289977174e+00,1.272675501806533305e+01
2.360000000000000000e+03,1.352000000000000000e+04,2.775230541214687605e+02,2.752183933157366482e+02,2.701967669431008403e+02,2.644241679399293616e+02,2.730285994813031039e+02,2.628051506522925820e+02,2.771200163373011947e+02,2.656042538346398487e+02,2.656830741776005311e+02,2.776622118410156190e+02,2.773759196788802228e+02,2.802066328489104308e+02,2.784422530365077932e+02,1.647471685807681060e+05,3.419248190289977174e+00,1.268542781711307299e+01
2.370000000000000000e+03,1.353000000000000000e+04,2.775202482493436946e+02,2.750427234175703575e+02,2.699817206231152795e+02,2.642034286981280502e+02,2.728353126692016986e+02,2.626683350753795594e+02,2.767274228914909031e+02,2.654384491757892874e+02,2.655175343513490702e+02,2.775751768069079048e+02,2.773378488586871526e+02,2.801234817734812736e+02,2.783543108828321238e+02,1.646549159036985366e+05,3.419248190289977174e+00,1.264451785635694847e+01
2.380000000000000000e+03,1.354000000000000000e+04,2.775169217595077953e+02,2.748673258603668614e+02,2.697679612276771195e+02,2.639841072617707596e+02,2.726432088320800631e+02,2.625315771372808058e+02,2.763401550859809959e+02,2.652730540098132224e+02,2.653523914405503774e+02,2.774875100008461004e+02,2.772994679156485063e+02,2.800397337840611272e+02,2.782656158899585535e+02,1.645630682341771899e+05,3.419248190289977174e+00,1.260401710220172689e+01
2.390000000000000000e+03,1.355000000000000000e+04,2.775130786129765852e+02,2.746922191351455353e+02,2.695554762750517170e+02,2.637661892938662049e+02,2.724522743951858956e+02,2.623948879018857951e+02,2.759580930320262837e+02,2.651080746991015076e+02,2.651876517949880281e+02,2.773992292591167370e+02,2.772607826989553814e+02,2.799554056381028317e+02,2.781761867003523889e+02,1.644716215579492564e+05,3.419248190289977174e+00,1.256391776926224679e+01
2.400000000000000000e+03,1.356000000000000000e+04,2.775087227571875133e+02,2.745174207497067300e+02,2.693442534832040565e+02,2.635496605958273904e+02,2.722624959972969236e+02,2.622582780347895550e+02,2.755811204255972484e+02,2.649435172960056661e+02,2.650233214262634078e+02,2.773103520168257319e+02,2.772217988308942722e+02,2.798705136677522205e+02,2.780860415787988700e+02,1.643805719362410018e+05,3.419248190289977174e+00,1.252421230859518175e+01
2.410000000000000000e+03,1.357000000000000000e+04,2.775038581207031143e+02,2.743429472589857596e+02,2.691342806165211528e+02,2.633345071088725717e+02,2.720738605496062519e+02,2.621217578140707474e+02,2.752091246725707379e+02,2.647793874575036170e+02,2.648594060259709408e+02,2.772208953273857333e+02,2.771825217420058607e+02,2.797850737925634803e+02,2.779951984222529404e+02,1.642899155036633019e+05,3.419248190289977174e+00,1.248489340254849544e+01
2.420000000000000000e+03,1.358000000000000000e+04,2.774984886106562385e+02,2.741688143212385853e+02,2.689255457020969970e+02,2.631207149156473974e+02,2.718863551974146731e+02,2.619853371454129274e+02,2.748419963300219706e+02,2.646156905868626836e+02,2.646959109760168758e+02,2.771308758595811241e+02,2.771429566668337543e+02,2.796991015312876243e+02,2.779036747676016716e+02,1.641996484655856038e+05,3.419248190289977174e+00,1.244595394899210561e+01
2.430000000000000000e+03,1.359000000000000000e+04,2.774926181161172281e+02,2.739950367542737695e+02,2.687180368751584183e+02,2.629082702403044323e+02,2.716999673273264762e+02,2.618490255724067310e+02,2.744796292645166886e+02,2.644524317715497546e+02,2.645328413637838025e+02,2.770403099144982093e+02,2.771031086557948129e+02,2.796126120149830285e+02,2.778114878006908839e+02,1.641097670964137651e+05,3.419248190289977174e+00,1.240738705597552638e+01
2.440000000000000000e+03,1.360000000000000000e+04,2.774862505060624471e+02,2.738216285842438538e+02,2.685117424278275848e+02,2.626971594479779242e+02,2.715146845390330554e+02,2.617128322959412117e+02,2.741219204426757869e+02,2.642896158148712402e+02,2.643702019982232514e+02,2.769492134354103996e+02,2.770629825867758882e+02,2.795256199974456308e+02,2.777186543619802706e+02,1.640202677374433551e+05,3.419248190289977174e+00,1.236918603209810996e+01
2.450000000000000000e+03,1.361000000000000000e+04,2.774793896283984509e+02,2.736486029557457869e+02,2.683066508000417798e+02,2.624873690594587856e+02,2.713304946624018612e+02,2.615767661810644995e+02,2.737687699151470042e+02,2.641272472438617456e+02,2.642079974012068533e+02,2.768576020044259849e+02,2.770225831696432692e+02,2.794381398443389344e+02,2.776251909578407435e+02,1.639311467949783255e+05,3.419248190289977174e+00,1.233134438078015904e+01
2.460000000000000000e+03,1.362000000000000000e+04,2.774720393105234280e+02,2.734759723041943857e+02,2.681027505875394468e+02,2.622788857308257207e+02,2.711473857312668088e+02,2.614408357705526100e+02,2.734200805388336448e+02,2.639653303286835921e+02,2.640462318530975381e+02,2.767654908659907846e+02,2.769819149567189243e+02,2.793501856351023207e+02,2.775311137603259795e+02,1.638424007383820135e+05,3.419248190289977174e+00,1.229385578910266474e+01
2.470000000000000000e+03,1.363000000000000000e+04,2.774642033588124832e+02,2.733037484185605877e+02,2.679000306428000613e+02,2.620716962683801512e+02,2.709653460054265679e+02,2.613050492962304361e+02,2.730757576956445973e+02,2.638038691726060847e+02,2.638849093819564473e+02,2.766728949282126564e+02,2.769409823511281274e+02,2.792617710313045905e+02,2.774364386239748228e+02,1.637540260984962806e+05,3.419248190289977174e+00,1.225671411837978653e+01
2.480000000000000000e+03,1.364000000000000000e+04,2.774558855580546606e+02,2.731319423610270292e+02,2.676984795753510298e+02,2.618657876194242249e+02,2.707843639313522317e+02,2.611694146892447179e+02,2.727357103503942994e+02,2.636428673737223676e+02,2.637240337773678220e+02,2.765798287684170873e+02,2.768997896207015401e+02,2.791729093849334049e+02,2.773411810872796650e+02,1.636660194655924570e+05,3.419248190289977174e+00,1.221991341369031758e+01
2.490000000000000000e+03,1.365000000000000000e+04,2.774470896719140569e+02,2.729605645785706542e+02,2.674980865517661641e+02,2.616611468776603147e+02,2.706044281600923114e+02,2.610339395913003955e+02,2.723998491514196303e+02,2.634823285521925982e+02,2.635636086011587622e+02,2.764863066463657333e+02,2.768583408675239070e+02,2.790836137233104637e+02,2.772453563811865251e+02,1.635783774880805868e+05,3.419248190289977174e+00,1.218344787262914153e+01
2.500000000000000000e+03,1.366000000000000000e+04,2.774378194412656171e+02,2.727896248596315445e+02,2.672988407260817212e+02,2.614577612835099103e+02,2.704255275384297192e+02,2.608986313650340207e+02,2.720680875480080090e+02,2.633222560381391304e+02,2.634036371970661321e+02,2.763923425064180037e+02,2.768166400954153232e+02,2.789938967566400834e+02,2.771489794350227385e+02,1.634910968707216671e+05,3.419248190289977174e+00,1.214731185413342551e+01
2.510000000000000000e+03,1.367000000000000000e+04,2.774280785849218773e+02,2.726191324390612181e+02,2.671007313849627280e+02,2.612556182212274507e+02,2.702476511022471186e+02,2.607634970990571333e+02,2.717403414038988103e+02,2.631626529434315671e+02,2.632441226997306671e+02,2.762979499887536576e+02,2.767746911732219814e+02,2.789037708883203663e+02,2.770520648843679510e+02,1.634041743731391616e+05,3.419248190289977174e+00,1.211149986980288951e+01
2.520000000000000000e+03,1.368000000000000000e+04,2.774178708007968908e+02,2.724490959619157024e+02,2.669037479585517190e+02,2.610547052219213811e+02,2.700707880724306733e+02,2.606285436256379171e+02,2.714165289078246133e+02,2.630035221751711561e+02,2.630850680432683930e+02,2.762031424338133547e+02,2.767324978492596870e+02,2.788132482229965490e+02,2.769546270747107428e+02,1.633176068084543513e+05,3.419248190289977174e+00,1.207600657800064958e+01
2.530000000000000000e+03,1.369000000000000000e+04,2.774071997630234137e+02,2.722795235480928113e+02,2.667078800071360547e+02,2.608550099604182719e+02,2.698949278496513671e+02,2.604937775230988564e+02,2.710965704922891177e+02,2.628448664455181074e+02,2.629264759696770852e+02,2.761079328903733199e+02,2.766900637607787985e+02,2.787223405753430256e+02,2.768566800705801256e+02,1.632313910417255829e+05,3.419248190289977174e+00,1.204082677814066393e+01
2.540000000000000000e+03,1.370000000000000000e+04,2.773960691235156446e+02,2.721104228064319841e+02,2.665131172223685780e+02,2.606565202550515323e+02,2.697200600097816050e+02,2.603592051260528137e+02,2.707803887559393274e+02,2.626866882796410891e+02,2.627683490366009664e+02,2.760123341224785918e+02,2.766473924383351459e+02,2.786310594780157999e+02,2.767582376602572367e+02,1.631455239886950585e+05,3.419248190289977174e+00,1.200595540553311480e+01
2.550000000000000000e+03,1.371000000000000000e+04,2.773844825113984598e+02,2.719418008461286149e+02,2.663194494282982419e+02,2.604592240671952368e+02,2.695461743025202281e+02,2.602248325357534213e+02,2.704679083898881800e+02,2.625289900232540958e+02,2.626106896250397540e+02,2.759163586154356267e+02,2.766044873077322563e+02,2.785394161859356927e+02,2.766593133612573183e+02,1.630600026143908617e+05,3.419248190289977174e+00,1.197138752658297101e+01
2.560000000000000000e+03,1.372000000000000000e+04,2.773724435336093848e+02,2.717736643649749340e+02,2.661268665590827140e+02,2.602631095002867596e+02,2.693732606324157928e+02,2.600906656157497423e+02,2.701590561059111906e+02,2.623717738497958862e+02,2.624534999464747784e+02,2.758200185955091115e+02,2.765613516996647263e+02,2.784474216998938232e+02,2.765599204280022718e+02,1.629748239319956047e+05,3.419248190289977174e+00,1.193711833336613282e+01
2.570000000000000000e+03,1.373000000000000000e+04,2.773599557734531231e+02,2.716060195045058663e+02,2.659353587110415447e+02,2.600681647990577972e+02,2.692013090920982563e+02,2.599567100306056773e+02,2.698537605683024481e+02,2.622150417678340091e+02,2.622967820495923092e+02,2.757233259823099161e+02,2.765179888472613356e+02,2.783550867470398771e+02,2.764600718548139184e+02,1.628899850014733966e+05,3.419248190289977174e+00,1.190314314076520752e+01
2.580000000000000000e+03,1.374000000000000000e+04,2.773470227920390698e+02,2.714388720744478860e+02,2.657449160706350995e+02,2.598743783485374479e+02,2.690303099137422578e+02,2.598229712154995354e+02,2.695519523282933392e+02,2.620587956277389594e+02,2.621405378270800952e+02,2.756262924799794405e+02,2.764744018975581525e+02,2.782624218082385141e+02,2.763597803829449617e+02,1.628054829285236192e+05,3.419248190289977174e+00,1.186945738037711884e+01
2.590000000000000000e+03,1.375000000000000000e+04,2.773336481269687397e+02,2.712722274566126544e+02,2.655555289557589731e+02,2.596817386729555892e+02,2.688602534895511553e+02,2.596894544049018805e+02,2.692535637600393557e+02,2.619030371274241702e+02,2.619847690218286402e+02,2.755289295221984958e+02,2.764305939119286677e+02,2.781694371217674302e+02,2.762590585059577393e+02,1.627213148633603123e+05,3.419248190289977174e+00,1.183605659714835312e+01
2.600000000000000000e+03,1.376000000000000000e+04,2.773198352931327690e+02,2.711060906538336894e+02,2.653671878032840823e+02,2.594902344348622591e+02,2.686911303653622554e+02,2.595561646349852367e+02,2.689585290002517013e+02,2.617477678183852845e+02,2.618294772330857541e+02,2.754312482960292527e+02,2.763865678704536322e+02,2.780761426806835175e+02,2.761579184742074631e+02,1.626374779996590514e+05,3.419248190289977174e+00,1.180293644542430798e+01
2.610000000000000000e+03,1.377000000000000000e+04,2.773055877823906599e+02,2.709404662526087577e+02,2.651798831778866656e+02,2.592998544338681768e+02,2.685229312381151772e+02,2.594231067500178369e+02,2.686667838983260026e+02,2.615929891122885920e+02,2.616746639221352666e+02,2.753332597428187682e+02,2.763423266746608533e+02,2.779825482517055093e+02,2.760563723003643304e+02,1.625539695735186106e+05,3.419248190289977174e+00,1.177009268542594000e+01
2.620000000000000000e+03,1.378000000000000000e+04,2.772909090637109557e+02,2.707753585467464177e+02,2.649936057459258336e+02,2.591105876055866020e+02,2.683556469462289442e+02,2.592902854068528882e+02,2.683782659459587876e+02,2.614387022868057215e+02,2.615203304177424570e+02,2.752349745696303103e+02,2.762978731524622162e+02,2.778886633745859172e+02,2.759544317650148741e+02,1.624707868624114199e+05,3.419248190289977174e+00,1.173752117911854143e+01
2.630000000000000000e+03,1.379000000000000000e+04,2.772758025827187680e+02,2.706107714540925144e+02,2.648083462984228618e+02,2.589224230201028263e+02,2.681892684730287328e+02,2.591577050866302443e+02,2.680929142333225741e+02,2.612849084897007970e+02,2.613664779214511782e+02,2.751364032513725988e+02,2.762532100607467100e+02,2.777944973685153514e+02,2.758521084192411763e+02,1.623879271841674345e+05,3.419248190289977174e+00,1.170521788717519485e+01
2.640000000000000000e+03,1.380000000000000000e+04,2.772602717623125272e+02,2.704467086005029159e+02,2.646240957318742630e+02,2.587353498810991255e+02,2.680237869379531617e+02,2.590253700937611825e+02,2.678106693949334840e+02,2.611316087445551375e+02,2.612131075130241697e+02,2.750375560366331342e+02,2.762083400886652385e+02,2.777000593392966721e+02,2.757494135925289811e+02,1.623053878960902803e+05,3.419248190289977174e+00,1.167317886539033900e+01
2.650000000000000000e+03,1.381000000000000000e+04,2.772443200023749910e+02,2.702831732837353229e+02,2.644408450591028554e+02,2.585493575245974966e+02,2.678591935991146329e+02,2.588932845652615811e+02,2.675314735621951741e+02,2.609788039559966819e+02,2.610602201546172978e+02,2.749384429525773612e+02,2.761632658605809638e+02,2.776053581843201528e+02,2.756463583945121627e+02,1.622231663940089056e+05,3.419248190289977174e+00,1.164140026177643961e+01
2.660000000000000000e+03,1.382000000000000000e+04,2.772279506798281545e+02,2.701201685191149409e+02,2.642585853997424579e+02,2.583644354172314479e+02,2.676954798461536029e+02,2.587614524755965704e+02,2.672552703140373183e+02,2.608264949139753526e+02,2.609078166962274281e+02,2.748390738097094754e+02,2.761179899385915633e+02,2.775104025981476639e+02,2.755429537209907380e+02,1.621412601113538258e+05,3.419248190289977174e+00,1.160987831337663323e+01
2.670000000000000000e+03,1.383000000000000000e+04,2.772111671487890590e+02,2.699576970802604592e+02,2.640773079727315462e+02,2.581805731492211180e+02,2.675326371987407583e+02,2.586298776417351064e+02,2.669820046289092943e+02,2.606746822986400502e+02,2.607558978788529203e+02,2.747394582075468179e+02,2.760725148259451771e+02,2.774152010791939915e+02,2.754392102602060390e+02,1.620596665183632867e+05,3.419248190289977174e+00,1.157860934314900980e+01
2.680000000000000000e+03,1.384000000000000000e+04,2.771939727403671441e+02,2.697957614217806395e+02,2.638970041099760238e+02,2.579977604453541176e+02,2.673706573013125762e+02,2.584985637284727886e+02,2.667116228401980607e+02,2.605233666845970220e+02,2.606044643395411526e+02,2.746396055383720523e+02,2.760268429691822689e+02,2.773197619333441821e+02,2.753351385185719664e+02,1.619783831211329089e+05,3.419248190289977174e+00,1.154758975741541960e+01
2.690000000000000000e+03,1.385000000000000000e+04,2.771763707633671743e+02,2.696343636843714648e+02,2.637176652790761864e+02,2.578159871723003107e+02,2.672095319297613969e+02,2.583675142532172799e+02,2.664440726243659583e+02,2.603725485445914956e+02,2.604535166182078569e+02,2.745395249918372542e+02,2.759809767590643332e+02,2.772240932744947486e+02,2.752307487149707299e+02,1.618974074610300595e+05,3.419248190289977174e+00,1.151681604449037799e+01
2.700000000000000000e+03,1.386000000000000000e+04,2.771583645032500272e+02,2.694735059119326479e+02,2.635392829956189189e+02,2.576352432969434858e+02,2.670492529737421705e+02,2.582367325887634024e+02,2.661793029029847730e+02,2.602222282539877938e+02,2.603030551572100535e+02,2.744392255603931972e+02,2.759349185354940914e+02,2.771282030397829317e+02,2.751260509654846942e+02,1.618167371136272559e+05,3.419248190289977174e+00,1.148628476939477139e+01
2.710000000000000000e+03,1.387000000000000000e+04,2.771399572233515300e+02,2.693131898276016045e+02,2.633618489063525203e+02,2.574555189189034650e+02,2.668898124465534920e+02,2.581062219744732147e+02,2.659172638437422620e+02,2.600724060942889082e+02,2.601530803066287945e+02,2.743387160450273541e+02,2.758886705877742429e+02,2.770320989870606354e+02,2.750210551592044794e+02,1.617363696881435462e+05,3.419248190289977174e+00,1.145599257324120224e+01
2.720000000000000000e+03,1.388000000000000000e+04,2.771211521641562285e+02,2.691534169751035392e+02,2.631853547508965221e+02,2.572768042609191070e+02,2.667312024768328911e+02,2.579759855120718157e+02,2.656579068137688182e+02,2.599230822582381961e+02,2.600035923281775467e+02,2.742380050450665294e+02,2.758422351583977274e+02,2.769357887006913188e+02,2.749157709949001287e+02,1.616563028266291367e+05,3.419248190289977174e+00,1.142593617049049293e+01
2.730000000000000000e+03,1.389000000000000000e+04,2.771019525439452877e+02,2.689941886671409748e+02,2.630097923661924710e+02,2.570990896668157575e+02,2.665734153058587026e+02,2.578460261745520370e+02,2.654011843421212689e+02,2.597742568504369274e+02,2.598545913986677647e+02,2.741371009986044669e+02,2.757956144431718712e+02,2.768392795967575921e+02,2.748102079854169801e+02,1.615765342032990884e+05,3.419248190289977174e+00,1.139611234658315908e+01
2.740000000000000000e+03,1.390000000000000000e+04,2.770823615584374693e+02,2.688355060016833136e+02,2.628351536897913547e+02,2.569223656002743610e+02,2.664164432895081518e+02,2.577163468098125918e+02,2.651470500864672886e+02,2.596259298933775881e+02,2.597060776125939014e+02,2.740360121419145116e+02,2.757488105940694822e+02,2.767425789253258586e+02,2.747043754805832236e+02,1.614970615238118917e+05,3.419248190289977174e+00,1.136651795596549164e+01
2.750000000000000000e+03,1.391000000000000000e+04,2.770623823813515401e+02,2.686773699527865347e+02,2.626614307485624522e+02,2.567466226412858532e+02,2.662602788910002118e+02,2.575869501436346241e+02,2.648954587965370138e+02,2.594781013298545531e+02,2.595580509880567206e+02,2.739347465404888453e+02,2.757018257253797060e+02,2.766456937803185383e+02,2.745982826058972819e+02,1.614178825246726919e+05,3.419248190289977174e+00,1.133714991977838871e+01
2.760000000000000000e+03,1.392000000000000000e+04,2.770420181639452721e+02,2.685197812456972883e+02,2.624886156696823036e+02,2.565718514893935662e+02,2.661049146822988973e+02,2.574578387853001118e+02,2.646463662868135316e+02,2.593307710253077403e+02,2.594105114664236567e+02,2.738333120906870590e+02,2.756546618996698612e+02,2.765486310940362955e+02,2.744919383508695887e+02,1.613389949724171311e+05,3.419248190289977174e+00,1.130800522408967446e+01
2.770000000000000000e+03,1.393000000000000000e+04,2.770212720356249747e+02,2.683627404400930914e+02,2.623167006709290376e+02,2.563980429604437745e+02,2.659503433391772660e+02,2.573290152288927288e+02,2.643997294002500666e+02,2.591839387719002730e+02,2.592634589166763135e+02,2.737317165173197964e+02,2.756073211510570218e+02,2.764513976522956114e+02,2.743853515241278842e+02,1.612603966631786316e+05,3.419248190289977174e+00,1.127908091778648370e+01
2.780000000000000000e+03,1.394000000000000000e+04,2.770001471038281124e+02,2.682062480273226583e+02,2.621456780588564470e+02,2.562251879814201061e+02,2.657965576411273787e+02,2.572004818595593179e+02,2.641555059796364162e+02,2.590376042946458028e+02,2.591168931390024568e+02,2.736299673103790724e+02,2.755598054777993866e+02,2.763540000842085647e+02,2.742785307664931338e+02,1.611820854219795438e+05,3.419248190289977174e+00,1.125037411082714911e+01
2.790000000000000000e+03,1.395000000000000000e+04,2.769786464537344273e+02,2.680503041133417810e+02,2.619755402300042988e+02,2.560532775921921598e+02,2.656435504684862963e+02,2.570722409548392307e+02,2.639136548385581591e+02,2.588917672413177229e+02,2.589708138661998760e+02,2.735280719976457249e+02,2.755121168290785363e+02,2.762564448801903154e+02,2.741714845526153681e+02,1.611040591020843422e+05,3.419248190289977174e+00,1.122188197212918936e+01
2.800000000000000000e+03,1.396000000000000000e+04,2.769567731496093757e+02,2.678949088896071089e+02,2.618062796674955734e+02,2.558823029437962759e+02,2.654913147990301923e+02,2.569442946874611380e+02,2.636741357336760530e+02,2.587464272020708336e+02,2.588252207669710856e+02,2.734260377493359897e+02,2.754642571338147263e+02,2.761587383881420692e+02,2.740642211959780070e+02,1.610263155845929869e+05,3.419248190289977174e+00,1.119360172818867483e+01
2.810000000000000000e+03,1.397000000000000000e+04,2.769345302332812366e+02,2.677400623024052493e+02,2.616378889440235866e+02,2.557122552969511844e+02,2.653398437090697257e+02,2.568166451313384187e+02,2.634369093374539261e+02,2.586015837026686768e+02,2.586801134479023290e+02,2.733238716468397342e+02,2.754162282799816239e+02,2.760608868171819950e+02,2.739567488667674411e+02,1.609488527777052950e+05,3.419248190289977174e+00,1.116553066136350836e+01
2.820000000000000000e+03,1.398000000000000000e+04,2.769119207258750066e+02,2.675857641888877652e+02,2.614703607168831354e+02,2.555431260205780859e+02,2.651891303694754924e+02,2.566892942626019476e+02,2.632019372121657739e+02,2.584572362081357255e+02,2.585354914579831416e+02,2.732215806187579119e+02,2.753680321440053831e+02,2.759628962430448951e+02,2.738490755406603512e+02,1.608716686163028353e+05,3.419248190289977174e+00,1.113766610825903847e+01
2.830000000000000000e+03,1.399000000000000000e+04,2.768889476267421514e+02,2.674320142784495715e+02,2.613036877267753084e+02,2.553749065903931239e+02,2.650391680434073578e+02,2.565622439630851659e+02,2.629691817838028669e+02,2.583133841262283568e+02,2.583913542883790910e+02,2.731191714475008325e+02,2.753196705253569121e+02,2.758647726103068862e+02,2.737412090743122235e+02,1.607947610613523284e+05,3.419248190289977174e+00,1.111000545812587958e+01
2.840000000000000000e+03,1.400000000000000000e+04,2.768656139137109449e+02,2.672788121186930539e+02,2.611378627989509482e+02,2.552075885874374990e+02,2.648899500864335437e+02,2.564354960232906251e+02,2.627386063194829262e+02,2.581700268086408983e+02,2.582477013751749269e+02,2.730166507682425845e+02,2.752711452338640470e+02,2.757665217342873802e+02,2.736331571806682064e+02,1.607181280994181870e+05,3.419248190289977174e+00,1.108254615144692679e+01
2.850000000000000000e+03,1.401000000000000000e+04,2.768419225439374713e+02,2.671261571901816865e+02,2.609728788397391668e+02,2.550411636967063203e+02,2.647414699430468090e+02,2.563090521453551105e+02,2.625101749022614968e+02,2.580271635538448436e+02,2.581045321028867647e+02,2.729140250701636887e+02,2.752224580411366333e+02,2.756681493062681056e+02,2.735249274011779335e+02,1.606417677421471453e+05,3.419248190289977174e+00,1.105528567848752353e+01
2.860000000000000000e+03,1.402000000000000000e+04,2.768178764534843594e+02,2.669740488242920264e+02,2.608087288519651565e+02,2.548756237169023962e+02,2.645937211458839897e+02,2.561829139550270611e+02,2.622838524091782233e+02,2.578847936086900745e+02,2.579618458082421171e+02,2.728113007147829876e+02,2.751736106901920493e+02,2.755696608946292372e+02,2.734165270884860774e+02,1.605656780258701183e+05,3.419248190289977174e+00,1.102822157847204032e+01
2.870000000000000000e+03,1.403000000000000000e+04,2.767934785574609009e+02,2.668224862921719023e+02,2.606454058658823669e+02,2.547109605131234389e+02,2.644466973137209607e+02,2.560570829656900855e+02,2.620596044886002574e+02,2.577429161711388588e+02,2.578196417717580857e+02,2.727084839141610928e+02,2.751246048964209194e+02,2.754710619501764768e+02,2.733079636482351020e+02,1.604898570109339780e+05,3.419248190289977174e+00,1.100135143609874078e+01
2.880000000000000000e+03,1.404000000000000000e+04,2.767687317501874418e+02,2.666714687403447215e+02,2.604829030485312842e+02,2.545471660861401233e+02,2.643003921492731934e+02,2.559315606394395672e+02,2.618373975405164629e+02,2.576015303919454595e+02,2.576779192340084137e+02,2.726055807519728091e+02,2.750754423540151379e+02,2.753723578056244037e+02,2.731992441304540762e+02,1.604143027814583038e+05,3.419248190289977174e+00,1.097467288325174728e+01
2.890000000000000000e+03,1.405000000000000000e+04,2.767436389059140538e+02,2.665209952246311786e+02,2.603212136204516582e+02,2.543842325233850659e+02,2.641547994386145319e+02,2.558063483509495200e+02,2.616171986943077741e+02,2.574606353763765583e+02,2.575366773900076396e+02,2.725025971808248642e+02,2.750261247298460034e+02,2.752735536815414434e+02,2.730903755322840425e+02,1.603390134448134922e+05,3.419248190289977174e+00,1.094818359612056291e+01
2.900000000000000000e+03,1.406000000000000000e+04,2.767182028775703202e+02,2.663710647046266331e+02,2.601603308784406181e+02,2.542221520085584530e+02,2.640099130491804544e+02,2.556814473988021064e+02,2.613989757895182038e+02,2.573202301864367882e+02,2.573959153914913713e+02,2.723995390262123237e+02,2.749766536670250616e+02,2.751746546868459973e+02,2.729813647264353449e+02,1.602639871311372845e+05,3.419248190289977174e+00,1.092188129418628861e+01
2.910000000000000000e+03,1.407000000000000000e+04,2.766924264986016055e+02,2.662216760774241493e+02,2.600002481960896148e+02,2.540609168220967717e+02,2.638657269282166453e+02,2.555568590079593037e+02,2.611826973575625743e+02,2.571803138426064947e+02,2.572556323494786739e+02,2.722964119776220286e+02,2.749270307865680820e+02,2.750756658229081495e+02,2.728722184385745209e+02,1.601892219929537678e+05,3.419248190289977174e+00,1.089576373915968865e+01
2.920000000000000000e+03,1.408000000000000000e+04,2.766663125816875208e+02,2.660728281263522490e+02,2.598409590197875332e+02,2.539005193381832157e+02,2.637222351015728918e+02,2.554325843323767060e+02,2.609683326019069227e+02,2.570408853242371379e+02,2.571158273356164727e+02,2.721932216306381065e+02,2.748772576863694894e+02,2.749765919846985298e+02,2.727629432724708636e+02,1.601147162047669408e+05,3.419248190289977174e+00,1.086982873383793802e+01
2.930000000000000000e+03,1.409000000000000000e+04,2.766398639198125124e+02,2.659245195871396845e+02,2.596824568691358763e+02,2.537409520244921453e+02,2.635794316718711912e+02,2.553086244569389578e+02,2.607558513805453799e+02,2.569019435736111063e+02,2.569764993834317011e+02,2.720899734311534530e+02,2.748273359443903701e+02,2.748774379631057627e+02,2.726535457106721196e+02,1.600404679626647849e+05,3.419248190289977174e+00,1.084407412105227841e+01
2.940000000000000000e+03,1.410000000000000000e+04,2.766130832859921611e+02,2.657767491195455705e+02,2.595247353382941924e+02,2.535822074424393691e+02,2.634373108173976448e+02,2.551849804010181799e+02,2.605452241894619760e+02,2.567634874962614049e+02,2.568376474905253986e+02,2.719866727057478784e+02,2.747772671177663142e+02,2.747782084417126498e+02,2.725440321111162802e+02,1.599664754838950466e+05,3.419248190289977174e+00,1.081849778275672413e+01
2.950000000000000000e+03,1.411000000000000000e+04,2.765859734329843604e+02,2.656295152653092373e+02,2.593677880820306427e+02,2.534242782374169565e+02,2.632958667906149230e+02,2.550616531146116017e+02,2.603364221432390195e+02,2.566255159606021152e+02,2.566992706189495266e+02,2.718833247111451215e+02,2.747270527422697910e+02,2.746789080488347849e+02,2.724344087086399213e+02,1.598927370065008290e+05,3.419248190289977174e+00,1.079309763854030102e+01
2.960000000000000000e+03,1.412000000000000000e+04,2.765585370947031265e+02,2.654828165922734797e+02,2.592116088367201883e+02,2.532671571512079254e+02,2.631550939168032528e+02,2.549386434891803503e+02,2.601294169627901738e+02,2.564880278030155409e+02,2.565613676984482936e+02,2.717799345350466069e+02,2.746766943369880778e+02,2.745795412468342533e+02,2.723246816228102034e+02,1.598192507890082197e+05,3.419248190289977174e+00,1.076787164534328411e+01
2.970000000000000000e+03,1.413000000000000000e+04,2.765307769847187842e+02,2.653366515498906892e+02,2.590561914033165749e+02,2.531108370118578819e+02,2.630149865929717521e+02,2.548159523541409044e+02,2.599241809566772190e+02,2.563510218271310919e+02,2.564239376267631201e+02,2.716765071794377491e+02,2.746261934007688978e+02,2.744801124420903875e+02,2.722148568549570200e+02,1.597460151099382783e+05,3.419248190289977174e+00,1.074281779617451704e+01
2.980000000000000000e+03,1.414000000000000000e+04,2.765026957979218878e+02,2.651910185596897804e+02,2.589015296435409823e+02,2.529553107294377128e+02,2.628755392862071858e+02,2.546935804756543007e+02,2.597206870066601141e+02,2.562144968056455241e+02,2.562869792709200283e+02,2.715730475456601880e+02,2.745755514168844797e+02,2.743806259496227540e+02,2.721049402905940156e+02,1.596730282676846837e+05,3.419248190289977174e+00,1.071793411899887261e+01
2.990000000000000000e+03,1.415000000000000000e+04,2.764742962094062477e+02,2.650459159203942363e+02,2.587476175054653140e+02,2.528005713115485378e+02,2.627367465327947684e+02,2.545715285733853079e+02,2.595189085522713413e+02,2.560784514810150085e+02,2.561504914681619880e+02,2.714695604012536023e+02,2.745247698460929087e+02,2.742810859862053121e+02,2.719949377166297495e+02,1.596002885797048802e+05,3.419248190289977174e+00,1.069321867654463531e+01
3.000000000000000000e+03,1.416000000000000000e+04,2.764455808755937483e+02,2.649013419513173631e+02,2.585944489838286700e+02,2.526466118399716834e+02,2.625986029368521599e+02,2.544497973011097542e+02,2.593188195783541232e+02,2.559428845684162184e+02,2.560144730280131284e+02,2.713660504301395235e+02,2.744738501366988999e+02,2.741814966926104944e+02,2.718848547939295486e+02,1.595277943828010757e+05,3.419248190289977174e+00,1.066866956468767924e+01
3.010000000000000000e+03,1.417000000000000000e+04,2.764165524337031457e+02,2.647572948967360844e+02,2.584420181448923017e+02,2.524934254821721424e+02,2.624611031691048879e+02,2.543283872617583938e+02,2.591203945994047899e+02,2.558077947541825097e+02,2.558789227338417334e+02,2.712625222337800324e+02,2.744227937184685970e+02,2.740818621051416812e+02,2.717746970754756148e+02,1.594555440323780058e+05,3.419248190289977174e+00,1.064428491197622151e+01
3.020000000000000000e+03,1.418000000000000000e+04,2.763872135018750100e+02,2.646137729660869695e+02,2.582903191192535246e+02,2.523410054880366431e+02,2.623242419658321296e+02,2.542072990059336917e+02,2.589236086466837605e+02,2.556731806998425895e+02,2.557438393428022039e+02,2.711589802823062882e+02,2.743716020064304075e+02,2.739821861895870825e+02,2.716644700155820829e+02,1.593835359022176126e+05,3.419248190289977174e+00,1.062006287882564770e+01
3.030000000000000000e+03,1.419000000000000000e+04,2.763575666802265687e+02,2.644707743177981456e+02,2.581393461006722418e+02,2.521893451885361230e+02,2.621880141277327994e+02,2.540865330336408192e+02,2.587284372552654190e+02,2.555390410419734621e+02,2.556092215873187570e+02,2.710554289595420414e+02,2.743202763996713429e+02,2.738824728265087174e+02,2.715541789636714043e+02,1.593117683842400438e+05,3.419248190289977174e+00,1.059600165675261252e+01
3.040000000000000000e+03,1.420000000000000000e+04,2.763276145495546530e+02,2.643282970777848959e+02,2.579890933454473725e+02,2.520384379945380715e+02,2.620524145186499254e+02,2.539660897957827217e+02,2.585348564515344947e+02,2.554053743932135205e+02,2.554750681767650633e+02,2.709518725539598449e+02,2.742688182824505247e+02,2.737827258096122591e+02,2.714438291669028445e+02,1.592402398880938999e+05,3.419248190289977174e+00,1.057209946762775665e+01
3.050000000000000000e+03,1.421000000000000000e+04,2.762973596726562278e+02,2.641863393100211397e+02,2.578395551713156237e+02,2.518882773954298386e+02,2.619174380649174054e+02,2.538459696955536913e+02,2.583428427407287700e+02,2.552721793434440656e+02,2.553413777975858920e+02,2.708483152603514554e+02,2.742172290237783727e+02,2.736829488754431168e+02,2.713334257715595186e+02,1.591689488409431360e+05,3.419248190289977174e+00,1.054835456292155449e+01
3.060000000000000000e+03,1.422000000000000000e+04,2.762668045940469028e+02,2.640448990710664248e+02,2.576907259568250765e+02,2.517388569585802429e+02,2.617830797536715863e+02,2.537261730898994472e+02,2.581523730951771540e+02,2.551394544609203479e+02,2.552081491149224632e+02,2.707447611817524376e+02,2.741655099793529189e+02,2.735831456600393494e+02,2.712229738262140017e+02,1.590978936871406622e+05,3.419248190289977174e+00,1.052476522303612327e+01
3.070000000000000000e+03,1.423000000000000000e+04,2.762359518397030911e+02,2.639039743539569827e+02,2.575426001740908077e+02,2.515901703510777736e+02,2.616493346324635922e+02,2.536067003116232002e+02,2.579634249427149371e+02,2.550071982935743904e+02,2.550753807798127752e+02,2.706412143314175296e+02,2.741136624900560150e+02,2.734833197327536141e+02,2.711124781533840178e+02,1.590270728879902163e+05,3.419248190289977174e+00,1.050132975779549938e+01
3.080000000000000000e+03,1.424000000000000000e+04,2.762048039179452985e+02,2.637635631663235358e+02,2.573951722436218006e+02,2.514422112423984856e+02,2.615161978079891583e+02,2.534875515860059636e+02,2.577759761557335878e+02,2.548754093693922016e+02,2.549430714068022610e+02,2.705376786344102129e+02,2.740616878831573331e+02,2.733834745890800377e+02,2.710019439080935513e+02,1.589564849213011621e+05,3.419248190289977174e+00,1.047804650130731829e+01
3.090000000000000000e+03,1.425000000000000000e+04,2.761733633191015542e+02,2.636236634629452737e+02,2.572484367673520183e+02,2.512949734503554566e+02,2.613836644447401341e+02,2.533687271608878291e+02,2.575900050395746348e+02,2.547440861973634583e+02,2.548112196056352161e+02,2.704341579329410479e+02,2.740095874782367673e+02,2.732836136533401259e+02,2.708913756774651915e+02,1.588861282814082806e+05,3.419248190289977174e+00,1.045491381743977755e+01
3.100000000000000000e+03,1.426000000000000000e+04,2.761416325154531251e+02,2.634842731684202590e+02,2.571023883581376026e+02,2.511484508442265735e+02,2.612517297644295695e+02,2.532502272232491407e+02,2.574054903235152665e+02,2.546132272691187381e+02,2.546798239663602601e+02,2.703306559783402463e+02,2.739573625712829426e+02,2.731837402797129926e+02,2.707807781383252177e+02,1.588160014786759857e+05,3.419248190289977174e+00,1.043193009599789001e+01
3.110000000000000000e+03,1.427000000000000000e+04,2.761096139618671828e+02,2.633453901849300678e+02,2.569570216833649283e+02,2.510026373615700095e+02,2.611203890454366388e+02,2.531320519182820306e+02,2.572224111489454685e+02,2.544828310591651075e+02,2.545488830613664959e+02,2.702271764422636124e+02,2.739050144542214866e+02,2.730838577560418798e+02,2.706701558768445466e+02,1.587461030393085093e+05,3.419248190289977174e+00,1.040909375228837419e+01
3.120000000000000000e+03,1.428000000000000000e+04,2.760773100957266024e+02,2.632070123867333677e+02,2.568123314696447892e+02,2.508575270133527795e+02,2.609896376212159339e+02,2.530142013539519326e+02,2.570407470605366029e+02,2.543528960257030178e+02,2.544183954467844444e+02,2.701237229197450915e+02,2.738525444046772463e+02,2.729839692950953918e+02,2.705595133907626746e+02,1.586764315051722806e+05,3.419248190289977174e+00,1.038640322678602779e+01
3.130000000000000000e+03,1.429000000000000000e+04,2.760447233368672073e+02,2.630691376260888319e+02,2.566683124977927832e+02,2.507131138797215328e+02,2.608594708794822736e+02,2.528966756001051124e+02,2.568604779957304345e+02,2.542234206116694963e+02,2.542883596631391470e+02,2.700202989223327563e+02,2.737999536882056191e+02,2.728840780528138339e+02,2.704488550907349236e+02,1.586069854333777912e+05,3.419248190289977174e+00,1.036385698451684689e+01
3.140000000000000000e+03,1.430000000000000000e+04,2.760118560880624727e+02,2.629317637479671248e+02,2.565249596034722117e+02,2.505693921104126503e+02,2.607298842616861521e+02,2.527794746909339096e+02,2.566815842763620594e+02,2.540944032457258004e+02,2.541587742366134250e+02,2.699169078818604248e+02,2.737472435595038860e+02,2.727841871116113452e+02,2.703381853027765374e+02,1.585377633962651598e+05,3.419248190289977174e+00,1.034145351458744599e+01
3.150000000000000000e+03,1.431000000000000000e+04,2.759787107347109441e+02,2.627948885694638648e+02,2.563822676762468973e+02,2.504263559232758212e+02,2.606008732618516319e+02,2.526625986252484495e+02,2.565040465988678307e+02,2.539658423426052707e+02,2.540296376795346589e+02,2.698135531565092151e+02,2.736944152611193317e+02,2.726842994958675490e+02,2.702275082689113788e+02,1.584687639809373068e+05,3.419248190289977174e+00,1.031919132959925633e+01
3.160000000000000000e+03,1.432000000000000000e+04,2.759452896452343680e+02,2.626585098667242733e+02,2.562402316587124460e+02,2.502839996036757952e+02,2.604724334258080489e+02,2.525460473681854410e+02,2.563278460257918709e+02,2.538377363036838688e+02,2.539009484906740113e+02,2.697102380289354642e+02,2.736414700240813431e+02,2.725844181912066801e+02,2.701168281486274054e+02,1.583999857891960128e+05,3.419248190289977174e+00,1.029706896516707459e+01
3.170000000000000000e+03,1.433000000000000000e+04,2.759115951712890364e+02,2.625226254784479352e+02,2.560988465468312825e+02,2.501423175037658950e+02,2.603445603505829240e+02,2.524298208523322842e+02,2.561529639770715221e+02,2.537100835186254244e+02,2.537727051575759560e+02,2.696069657071481629e+02,2.735884090705268932e+02,2.724845460532872607e+02,2.700061490235476640e+02,1.583314274372698856e+05,3.419248190289977174e+00,1.027508497946082855e+01
3.180000000000000000e+03,1.434000000000000000e+04,2.758776296478671384e+02,2.623872331524492552e+02,2.559581073852671125e+02,2.500013040392925632e+02,2.602172496832185971e+02,2.523139189765400090e+02,2.559793822217998525e+02,2.535828823648327273e+02,2.536449061552839339e+02,2.695037393373955297e+02,2.735352336105786435e+02,2.723846859455667868e+02,2.698954748941984576e+02,1.582630875555708772e+05,3.419248190289977174e+00,1.025323795257151360e+01
3.190000000000000000e+03,1.435000000000000000e+04,2.758433953928671940e+02,2.622523306486198180e+02,2.558180092738825806e+02,2.498609536930414947e+02,2.600904971203074183e+02,2.521983416111268070e+02,2.558070828700364530e+02,2.534561312090769150e+02,2.535175499477415713e+02,2.694005619808767733e+02,2.734819448437881420e+02,2.722848406523770564e+02,2.697848096840608605e+02,1.581949647884635779e+05,3.419248190289977174e+00,1.023152648623993244e+01
3.200000000000000000e+03,1.436000000000000000e+04,2.758088947081874949e+02,2.621179157191748459e+02,2.556785473600149317e+02,2.497212610096213723e+02,2.599642984070162584e+02,2.520830885948975606e+02,2.556360483651486106e+02,2.533298284078267102e+02,2.533906349885579345e+02,2.692974366375069621e+02,2.734285439614640723e+02,2.721850129006094221e+02,2.696741572404611134e+02,1.581270577941511874e+05,3.419248190289977174e+00,1.020994920324790556e+01
3.210000000000000000e+03,1.437000000000000000e+04,2.757741298789218831e+02,2.619839861006907995e+02,2.555397168430355919e+02,2.495822205978520287e+02,2.598386493364192802e+02,2.519681597387701402e+02,2.554662614758927930e+02,2.532039723075812390e+02,2.532641597214032743e+02,2.691943662379774196e+02,2.733750321419028069e+02,2.720852053613355679e+02,2.695635213363092362e+02,1.580593652443424799e+05,3.419248190289977174e+00,1.018850474705943832e+01
3.220000000000000000e+03,1.438000000000000000e+04,2.757391031743202916e+02,2.618505395263134687e+02,2.554015129701600415e+02,2.494438271270062728e+02,2.597135457494019875e+02,2.518535548248231066e+02,2.552977052893838277e+02,2.530785612458161893e+02,2.531381225809014950e+02,2.690913536504889407e+02,2.733214105557605080e+02,2.719854206489517310e+02,2.694529056676370828e+02,1.579918858241600101e+05,3.419248190289977174e+00,1.016719178134916746e+01
3.230000000000000000e+03,1.439000000000000000e+04,2.757038168467890387e+02,2.617175737181051431e+02,2.552639310346817183e+02,2.493060753281882285e+02,2.595889835307208386e+02,2.517392736065957024e+02,2.551303632029604955e+02,2.529535935515633014e+02,2.530125219922265671e+02,2.689884016701412293e+02,2.732676803624322588e+02,2.718856613335417478e+02,2.693423138724062937e+02,1.579246182318100473e+05,3.419248190289977174e+00,1.014600898948428664e+01
3.240000000000000000e+03,1.440000000000000000e+04,2.756682731336093752e+02,2.615850863864268376e+02,2.551269663818605977e+02,2.491689599918124713e+02,2.594649586140131419e+02,2.516253158136011905e+02,2.549642189178681519e+02,2.528290675452680034e+02,2.528873563732193759e+02,2.688855130420022874e+02,2.732138427186807803e+02,2.717859299204818626e+02,2.692317494988725457e+02,1.578575611785916262e+05,3.419248190289977174e+00,1.012495507430926622e+01
3.250000000000000000e+03,1.441000000000000000e+04,2.756324742554375007e+02,2.614530752474479414e+02,2.549906144026308539e+02,2.490324759682948752e+02,2.593414669764725318e+02,2.515116811485596315e+02,2.547992564327428511e+02,2.527049815407690971e+02,2.527626241335867974e+02,2.687826904355501370e+02,2.731598987621918013e+02,2.716862288725689041e+02,2.691212160349529654e+02,1.577907133884822251e+05,3.419248190289977174e+00,1.010402875763901953e+01
3.260000000000000000e+03,1.442000000000000000e+04,2.755964224172734589e+02,2.613215380213441108e+02,2.548548705306477586e+02,2.488966181635479700e+02,2.592185046398172972e+02,2.513983692893453963e+02,2.546354600339583669e+02,2.525813338444869771e+02,2.526383236761979560e+02,2.686799364653791145e+02,2.731058496270900946e+02,2.715865606014614286e+02,2.690107169006072922e+02,1.577240735981068865e+05,3.419248190289977174e+00,1.008322877978277710e+01
3.270000000000000000e+03,1.443000000000000000e+04,2.755601198086640693e+02,2.611904723825126666e+02,2.547197302578789504e+02,2.487613815494846961e+02,2.590960676693156870e+02,2.512853798899265030e+02,2.544728142988672062e+02,2.524581227566063717e+02,2.525144533969865108e+02,2.685772536850141705e+02,2.730516964373119890e+02,2.714869274565571686e+02,2.689002554464698278e+02,1.576576405564813176e+05,3.419248190289977174e+00,1.006255389955581947e+01
3.280000000000000000e+03,1.444000000000000000e+04,2.755235686033125262e+02,2.610598760430445964e+02,2.545851891088227035e+02,2.486267611470096313e+02,2.589741521731253329e+02,2.511727125810331813e+02,2.543113040754966221e+02,2.523353465713005903e+02,2.523910116859578636e+02,2.684746445897021658e+02,2.729974403087082919e+02,2.713873317562438956e+02,2.687898349582333140e+02,1.575914130248781003e+05,3.419248190289977174e+00,1.004200289338360541e+01
3.290000000000000000e+03,1.445000000000000000e+04,2.754867709596406371e+02,2.609297466973665109e+02,2.544512426578686188e+02,2.484927520351219243e+02,2.588527543020009603e+02,2.510603669707367089e+02,2.541509144853021098e+02,2.522130035772819951e+02,2.522679969271127618e+02,2.683721116169713241e+02,2.729430823484065627e+02,2.712877757641358016e+02,2.686794586588318907e+02,1.575253897765959264e+05,3.419248190289977174e+00,1.002157455522331020e+01
3.300000000000000000e+03,1.446000000000000000e+04,2.754497290205937361e+02,2.608000820280938115e+02,2.543178865235084913e+02,2.483593493481808423e+02,2.587318702485286508e+02,2.509483426454559378e+02,2.539916309151327596e+02,2.520910920582986705e+02,2.521454074989751177e+02,2.682696571473829295e+02,2.728886236548281090e+02,2.711882617027171705e+02,2.685691297128014980e+02,1.574595695968475775e+05,3.419248190289977174e+00,1.000126769618088574e+01
3.310000000000000000e+03,1.447000000000000000e+04,2.754124449140859383e+02,2.606708797452538988e+02,2.541851163670878009e+02,2.482265482752828802e+02,2.586114962455357045e+02,2.508366391697655615e+02,2.538334390114525263e+02,2.519696102933421287e+02,2.520232417758691383e+02,2.681672835111687618e+02,2.728340653186889426e+02,2.710887917409125976e+02,2.684588512068154387e+02,1.573939512825949350e+05,3.419248190289977174e+00,9.981081144154135387e+00
3.320000000000000000e+03,1.448000000000000000e+04,2.753749207524765552e+02,2.605421375399437238e+02,2.540529278954060430e+02,2.480943440589835802e+02,2.584916285677461474e+02,2.507252560890490258e+02,2.536763246746519371e+02,2.518485565575131488e+02,2.519014981273916192e+02,2.680649929753002425e+02,2.727794084219346473e+02,2.709893680080343756e+02,2.683486261760377829e+02,1.573285336422671971e+05,3.419248190289977174e+00,9.961013743573529311e+00
3.330000000000000000e+03,1.449000000000000000e+04,2.753371586338672046e+02,2.604138531064108406e+02,2.539213168563798604e+02,2.479627319951908078e+02,2.583722635288663128e+02,2.506141929280957470e+02,2.535202740535698922e+02,2.517279291222576205e+02,2.517801749191129943e+02,2.679627877599978092e+02,2.727246540390236191e+02,2.708899925890270310e+02,2.682384575945552001e+02,1.572633154958095984e+05,3.419248190289977174e+00,9.941064355001511643e+00
3.340000000000000000e+03,1.450000000000000000e+04,2.752991606407187533e+02,2.602860241403070063e+02,2.537902790404014581e+02,2.478317074318966036e+02,2.582533974821251377e+02,2.505034491927248723e+02,2.533652735400627591e+02,2.516077262554520075e+02,2.516592705126278702e+02,2.678606700323228438e+02,2.726698032362999129e+02,2.707906675261718306e+02,2.681283483768937685e+02,1.571982956742896931e+05,3.419248190289977174e+00,9.921231854835195207e+00
3.350000000000000000e+03,1.451000000000000000e+04,2.752609288410234285e+02,2.601586483394847278e+02,2.536598102801209507e+02,2.477012657690237347e+02,2.581350268195306512e+02,2.503930243702083089e+02,2.532113097638193437e+02,2.514879462222483539e+02,2.515387832668169779e+02,2.677586419082018665e+02,2.726148570720127964e+02,2.706913948195423814e+02,2.680183013783437218e+02,1.571334730199284386e+05,3.419248190289977174e+00,9.901515135034710369e+00
3.360000000000000000e+03,1.452000000000000000e+04,2.752224652881093903e+02,2.600317234058903182e+02,2.535299064475603927e+02,2.475714024561048632e+02,2.580171479712267342e+02,2.502829179292024833e+02,2.530583695872453518e+02,2.513685872851464467e+02,2.514187115369003038e+02,2.676567054523174534e+02,2.725598165971989033e+02,2.705921764283976927e+02,2.679083194031923085e+02,1.570688463858338364e+05,3.419248190289977174e+00,9.881913102742821309e+00
3.370000000000000000e+03,1.453000000000000000e+04,2.751837720206484619e+02,2.599052470448392000e+02,2.534005634579508239e+02,2.474421129945324367e+02,2.578997574049674313e+02,2.501731293221947681e+02,2.529064401003979867e+02,2.512496477044819017e+02,2.512990536763026910e+02,2.675548626827279577e+02,2.725046828551176077e+02,2.704930142689447621e+02,2.677984051903208069e+02,1.570044146359238657e+05,3.419248190289977174e+00,9.862424680116465225e+00
3.380000000000000000e+03,1.454000000000000000e+04,2.751448510628749773e+02,2.597792169561976152e+02,2.532717772653852819e+02,2.473133929342672843e+02,2.577828516257100659e+02,2.500636579842570484e+02,2.527555086164147724e+02,2.511311257385968077e+02,2.511798080356693958e+02,2.674531155682523149e+02,2.724494568812780244e+02,2.703939102266457439e+02,2.676885614280490699e+02,1.569401766447205155e+05,3.419248190289977174e+00,9.843048803962698656e+00
3.390000000000000000e+03,1.455000000000000000e+04,2.751057044248125294e+02,2.596536308553437493e+02,2.531435438637786604e+02,2.471852378742419774e+02,2.576664271750082662e+02,2.499545033342787690e+02,2.526055626665152261e+02,2.510130196446118873e+02,2.510609729638876502e+02,2.673514660304845734e+02,2.723941397042688095e+02,2.702948661385720470e+02,2.675787907504843588e+02,1.568761312972672749e+05,3.419248190289977174e+00,9.823784425483943039e+00
3.400000000000000000e+03,1.456000000000000000e+04,2.750663341017187804e+02,2.595284864562077018e+02,2.530158592869410654e+02,2.470576434619951556e+02,2.575504806303724195e+02,2.498456647760263536e+02,2.524565899954977795e+02,2.508953276781899717e+02,2.509425468084487250e+02,2.672499159450095476e+02,2.723387323450224358e+02,2.701958838059321124e+02,2.674690957382285887e+02,1.568122774889019202e+05,3.419248190289977174e+00,9.804630510028736978e+00
3.410000000000000000e+03,1.457000000000000000e+04,2.750267420754140630e+02,2.594037814844270997e+02,2.528887196042677772e+02,2.469306053902213023e+02,2.574350086049806805e+02,2.497371416960403963e+02,2.523085785572454824e+02,2.507780480942248573e+02,2.508245279153140643e+02,2.671484671419743790e+02,2.722832358174724732e+02,2.700969650013396404e+02,2.673594789192155190e+02,1.567486141252345406e+05,3.419248190289977174e+00,9.785586036715258729e+00
3.420000000000000000e+03,1.458000000000000000e+04,2.749869303133515928e+02,2.592795136597874261e+02,2.527621209279604955e+02,2.468041194014009818e+02,2.573200077468493419e+02,2.496289334687147345e+02,2.521615165104486209e+02,2.506611791471868287e+02,2.507069146293629558e+02,2.670471214086219334e+02,2.722276511286504501e+02,2.699981114469304657e+02,2.672499427731537480e+02,1.566851401219156396e+05,3.419248190289977174e+00,9.766649998367380903e+00
3.430000000000000000e+03,1.459000000000000000e+04,2.749469007686640225e+02,2.591556807198085721e+02,2.526360594056205287e+02,2.466781812830742524e+02,2.572054747387719544e+02,2.495210394532539624e+02,2.520153922141522003e+02,2.505447190910074653e+02,2.505897052951681019e+02,2.669458804855127028e+02,2.721719792782212153e+02,2.698993248372690346e+02,2.671404897232985149e+02,1.566218544045001036e+05,3.419248190289977174e+00,9.747821401148414111e+00
3.440000000000000000e+03,1.460000000000000000e+04,2.749066553812031088e+02,2.590322804014443818e+02,2.525105312225312275e+02,2.465527868681746781e+02,2.570914062975153911e+02,2.494134589952624026e+02,2.518701942238302252e+02,2.504286661799852141e+02,2.504728982566913658e+02,2.668447460728950773e+02,2.721162212592250853e+02,2.698006068305385270e+02,2.670311221469718248e+02,1.565587559084193199e+05,3.419248190289977174e+00,9.729099264336332098e+00
3.450000000000000000e+03,1.461000000000000000e+04,2.748661960767344112e+02,2.589093104494062914e+02,2.523855326008280144e+02,2.464279320347211524e+02,2.569777991733615181e+02,2.493061914270708144e+02,2.517259112872681612e+02,2.503130186685104945e+02,2.503564918576625473e+02,2.667437198287489082e+02,2.720603780574368784e+02,2.697019590505975657e+02,2.669218423724121863e+02,1.564958435787319031e+05,3.419248190289977174e+00,9.710482620072344417e+00
3.460000000000000000e+03,1.462000000000000000e+04,2.748255247675546684e+02,2.587867686168759747e+02,2.522610597990659755e+02,2.463036127050083905e+02,2.568646501498934640e+02,2.491992360681793457e+02,2.515825323403721541e+02,2.501977748114811106e+02,2.502404844420064762e+02,2.666428033698604168e+02,2.720044506523427685e+02,2.696033830874107480e+02,2.668126526792559616e+02,1.564331163700762554e+05,3.419248190289977174e+00,9.691970513142504018e+00
3.470000000000000000e+03,1.463000000000000000e+04,2.747846433524296685e+02,2.586646526612138928e+02,2.521371091120272467e+02,2.461798248451365794e+02,2.567519560431935588e+02,2.490925922259912113e+02,2.514400465036248704e+02,2.500829328647192256e+02,2.501248743538273516e+02,2.665419982731984874e+02,2.719484400164695899e+02,2.695048804975413645e+02,2.667035553013212166e+02,1.563705732464982138e+05,3.419248190289977174e+00,9.673562000763791247e+00
3.480000000000000000e+03,1.464000000000000000e+04,2.747435537162656374e+02,2.585429603501875135e+02,2.520136768699817935e+02,2.460565644643197629e+02,2.566397137018385592e+02,2.489862591959347640e+02,2.512984430782004779e+02,2.499684910851439668e+02,2.500096599380032387e+02,2.664413060759698055e+02,2.718923471155392235e+02,2.694064528053357321e+02,2.665945524249249843e+02,1.563082131813500891e+05,3.419248190289977174e+00,9.655256152345994991e+00
3.490000000000000000e+03,1.465000000000000000e+04,2.747022577311562941e+02,2.584216894586513718e+02,2.518907594384448885e+02,2.459338276143495818e+02,2.565279200059662230e+02,2.488802362619676103e+02,2.511577115422284123e+02,2.498544477309438321e+02,2.498948395401913274e+02,2.663407282767984725e+02,2.718361729091708412e+02,2.693081015029965215e+02,2.664856461911119823e+02,1.562460351571926731e+05,3.419248190289977174e+00,9.637052049289575706e+00
3.500000000000000000e+03,1.466000000000000000e+04,2.746607572555859065e+02,2.583008377692408999e+02,2.517683532175987295e+02,2.458116103891585453e+02,2.564165718670927276e+02,2.487745226970868089e+02,2.510178415472953759e+02,2.497408010617936611e+02,2.497804115070063347e+02,2.662402663367984132e+02,2.717799183500144409e+02,2.692098280514819635e+02,2.663768386966304433e+02,1.561840381656260870e+05,3.419248190289977174e+00,9.618948784751196968e+00
3.510000000000000000e+03,1.467000000000000000e+04,2.746190541350937906e+02,2.581804030731032071e+02,2.516464546421497630e+02,2.456899089240059766e+02,2.563056662277686542e+02,2.486691177635722170e+02,2.508788229150399616e+02,2.496275493392232647e+02,2.496663741864497013e+02,2.661399216792309517e+02,2.717235843845588761e+02,2.691116338812910840e+02,2.662681319939176205e+02,1.561222212072272669e+05,3.419248190289977174e+00,9.600945463472527308e+00
3.520000000000000000e+03,1.468000000000000000e+04,2.745771502020312482e+02,2.580603831707409199e+02,2.515250601796168439e+02,2.455687193944179398e+02,2.561952000610123150e+02,2.485640207134492528e+02,2.507406456329909759e+02,2.495146908265045340e+02,2.495527259279409122e+02,2.660396956954012353e+02,2.716671719530295377e+02,2.690135203925209453e+02,2.661595280925046154e+02,1.560605832914091880e+05,3.419248190289977174e+00,9.583041201523661456e+00
3.530000000000000000e+03,1.469000000000000000e+04,2.745350472759687364e+02,2.579407758711107022e+02,2.514041663336830652e+02,2.454480380179134329e+02,2.560851703698708661e+02,2.484592307889307676e+02,2.506032998531693750e+02,2.494022237895772491e+02,2.494394650825285566e+02,2.659395897308484109e+02,2.716106819891577970e+02,2.689154889557662500e+02,2.660510289591957758e+02,1.559991234363193798e+05,3.419248190289977174e+00,9.565235126203726068e+00
3.540000000000000000e+03,1.470000000000000000e+04,2.744927471629922024e+02,2.578215789917272787e+02,2.512837696439650017e+02,2.453278610561896187e+02,2.559755741872587294e+02,2.483547472227503476e+02,2.504667758902151888e+02,2.492901464964552076e+02,2.493265900050926405e+02,2.658396051042570889e+02,2.715541154203999099e+02,2.688175409133414746e+02,2.659426365067670304e+02,1.559378406691776472e+05,3.419248190289977174e+00,9.547526376009997762e+00
3.550000000000000000e+03,1.471000000000000000e+04,2.744502516572734407e+02,2.577027903602763672e+02,2.511638666666297013e+02,2.452081847926465912e+02,2.558664085751993298e+02,2.482505692382260918e+02,2.503310642041755045e+02,2.491784572177086829e+02,2.492140990469087853e+02,2.657397430976774331e+02,2.714974731682915490e+02,2.687196775766898895e+02,2.658343526516894144e+02,1.558767340242562350e+05,3.419248190289977174e+00,9.529914099461777255e+00
3.560000000000000000e+03,1.472000000000000000e+04,2.744075625395078077e+02,2.575844078153929217e+02,2.510444540093586738e+02,2.450890055680223156e+02,2.557576706248043479e+02,2.481466960501293784e+02,2.501961554206940832e+02,2.490671542268600263e+02,2.491019905669213585e+02,2.656400049598521491e+02,2.714407561478935804e+02,2.686219002319244282e+02,2.657261792175517598e+02,1.558158025457060430e+05,3.419248190289977174e+00,9.512397456404984908e+00
3.570000000000000000e+03,1.473000000000000000e+04,2.743646815783203010e+02,2.574664292020924563e+02,2.509255283041246116e+02,2.449703197551871767e+02,2.556493574556398585e+02,2.480431268647488139e+02,2.500620403121416473e+02,2.489562358001694520e+02,2.489902629248156529e+02,2.655403919077591581e+02,2.713839652684472981e+02,2.685242101366444558e+02,2.656181180097404422e+02,1.557550452855134208e+05,3.419248190289977174e+00,9.494975616934095086e+00
3.580000000000000000e+03,1.474000000000000000e+04,2.743216105296485239e+02,2.573488523783255459e+02,2.508070862147874891e+02,2.448521237643951736e+02,2.555414662154381631e+02,2.479398608801969601e+02,2.499287097982607975e+02,2.488457002171830084e+02,2.488789144829310658e+02,2.654409051233752734e+02,2.713271014331037350e+02,2.684266085216769397e+02,2.655101707946433294e+02,1.556944613038309617e+05,3.419248190289977174e+00,9.477647761360636025e+00
3.590000000000000000e+03,1.475000000000000000e+04,2.742783511369297003e+02,2.572316752113583789e+02,2.506891244366357228e+02,2.447344140434078383e+02,2.554339940797332531e+02,2.478368972867203297e+02,2.497961549440128124e+02,2.487355457607559401e+02,2.487679436062890943e+02,2.653415457584166006e+02,2.712701655391784357e+02,2.683290965903930783e+02,2.654023393000022679e+02,1.556340496689263964e+05,3.419248190289977174e+00,9.460413080083750259e+00
3.600000000000000000e+03,1.476000000000000000e+04,2.742349051311796870e+02,2.571148955722890719e+02,2.505716396958073346e+02,2.446171870766008283e+02,2.553269382515259451e+02,2.477342352671088008e+02,2.496643669558461909e+02,2.486257707170694857e+02,2.486573486627903264e+02,2.652423149348885545e+02,2.712131584775928559e+02,2.682316755249283915e+02,2.652946252161023040e+02,1.555738094570427784e+05,3.419248190289977174e+00,9.443270773402574036e+00
3.610000000000000000e+03,1.477000000000000000e+04,2.741912742315546438e+02,2.569985113556389820e+02,2.504546287490621808e+02,2.445004393846199946e+02,2.552202959607861317e+02,2.476318739968906755e+02,2.495333371796420465e+02,2.485163733760271043e+02,2.485471280234024505e+02,2.651432137410116638e+02,2.711560811340702344e+02,2.681343464733372457e+02,2.651870301963039083e+02,1.555137397523295367e+05,3.419248190289977174e+00,9.426220051363770835e+00
3.620000000000000000e+03,1.478000000000000000e+04,2.741474601445937651e+02,2.568825204774505551e+02,2.503380883834370252e+02,2.443841675240719553e+02,2.551140644643463133e+02,2.475298126448560083e+02,2.494030570978467836e+02,2.484073520315668304e+02,2.484372800628538016e+02,2.650442432379702495e+02,2.710989343886749339e+02,2.680371105458509078e+02,2.650795558585637650e+02,1.554538396467631974e+05,3.419248190289977174e+00,9.409260133624766098e+00
3.630000000000000000e+03,1.479000000000000000e+04,2.741034645649452841e+02,2.567669207863443717e+02,2.502220154155924376e+02,2.442683680868746023e+02,2.550082410453559305e+02,2.474280503730161058e+02,2.492735183266279648e+02,2.482987049809190978e+02,2.483278031575304112e+02,2.649454044562204444e+02,2.710417191137847226e+02,2.679399688981433201e+02,2.649722037818166882e+02,1.553941082399812003e+05,3.419248190289977174e+00,9.392390249219383591e+00
3.640000000000000000e+03,1.480000000000000000e+04,2.740592891754062634e+02,2.566517102428906583e+02,2.501064066919618654e+02,2.441530376997996825e+02,2.549028230129728456e+02,2.473265863370174316e+02,2.491447126135839198e+02,2.481904305257311876e+02,2.482186956888255054e+02,2.648466983980321174e+02,2.709844361781259749e+02,2.678429225749991360e+02,2.648649755136169119e+02,1.553345446392983431e+05,3.419248190289977174e+00,9.375609636495575216e+00
3.650000000000000000e+03,1.481000000000000000e+04,2.740149356467265989e+02,2.565368867735113554e+02,2.499912590881544929e+02,2.440381730239769240e+02,2.547978077021595027e+02,2.472254196865793858e+02,2.490166318351494397e+02,2.480825269717823289e+02,2.481099560415199221e+02,2.647481260373017449e+02,2.709270864441791673e+02,2.677459726344486057e+02,2.647578725645916506e+02,1.552751479594979610e+05,3.419248190289977174e+00,9.358917542919702015e+00
3.660000000000000000e+03,1.482000000000000000e+04,2.739704056378124619e+02,2.564224483316806982e+02,2.498765695073258541e+02,2.439237707547798948e+02,2.546931924723830321e+02,2.471245495656339983e+02,2.488892679932866372e+02,2.479749926293323483e+02,2.480015826043698155e+02,2.646496883204905544e+02,2.708696707687963681e+02,2.676491201103168578e+02,2.646508964053310820e+02,1.552159173228398140e+05,3.419248190289977174e+00,9.342313224920886228e+00
3.670000000000000000e+03,1.483000000000000000e+04,2.739257007959062662e+02,2.563083928341829392e+02,2.497623348817836586e+02,2.438098276209381083e+02,2.545889747087355488e+02,2.470239751124169061e+02,2.487626132141404014e+02,2.478678258126826677e+02,2.478935737684282401e+02,2.645513861767387311e+02,2.708121900031716223e+02,2.675523660112506832e+02,2.645440485055237332e+02,1.551568518589946325e+05,3.419248190289977174e+00,9.325795947727769430e+00
3.680000000000000000e+03,1.484000000000000000e+04,2.738808227565468769e+02,2.561947182642490475e+02,2.496485521766387592e+02,2.436963403843146807e+02,2.544851518232979117e+02,2.469236954599684566e+02,2.486366597481278120e+02,2.477610248412664475e+02,2.477859279305352800e+02,2.644532204788755507e+02,2.707546449923639784e+02,2.674557113247938105e+02,2.644373302601419482e+02,1.550979507046530489e+05,3.419248190289977174e+00,9.309364985400602421e+00
3.690000000000000000e+03,1.485000000000000000e+04,2.738357731435390860e+02,2.560814225905866124e+02,2.495352183780726989e+02,2.435833058395473927e+02,2.543817212494638511e+02,2.468237097362352586e+02,2.485113999616086744e+02,2.476545880388592309e+02,2.476786434910249000e+02,2.643551921045032032e+02,2.706970365765597535e+02,2.673591570192079416e+02,2.643307430503700743e+02,1.550392130039014155e+05,3.419248190289977174e+00,9.293019620449463503e+00
3.700000000000000000e+03,1.486000000000000000e+04,2.737905535698984067e+02,2.559685037993255321e+02,2.494223305026283697e+02,2.434707208135477572e+02,2.542786804457281846e+02,2.467240170644131467e+02,2.483868263389435072e+02,2.475485137340999131e+02,2.475717188543586929e+02,2.642573018949570951e+02,2.706393655905273476e+02,2.672627040366900246e+02,2.642242882250354796e+02,1.549806379079016333e+05,3.419248190289977174e+00,9.276759143798521734e+00
3.710000000000000000e+03,1.487000000000000000e+04,2.737451656361015466e+02,2.558559598855244417e+02,2.493098855943181320e+02,2.433585821652184222e+02,2.541760268944828738e+02,2.466246165633313012e+02,2.482629314795937034e+02,2.474428002603798689e+02,2.474651524292865474e+02,2.641595506664407935e+02,2.705816328632273553e+02,2.671663532995675041e+02,2.641179671017061992e+02,1.549222245747329434e+05,3.419248190289977174e+00,9.260582854684267673e+00
3.720000000000000000e+03,1.488000000000000000e+04,2.736996109322968778e+02,2.557437888559525163e+02,2.491978807234283124e+02,2.432468867845605018e+02,2.540737581016379920e+02,2.465255073468931641e+02,2.481397080954730257e+02,2.473374459561512424e+02,2.473589426290321001e+02,2.640619392105936640e+02,2.705238392184265876e+02,2.670701057111976979e+02,2.640117809675817853e+02,1.548639721694651817e+05,3.419248190289977174e+00,9.244490060477183135e+00
3.730000000000000000e+03,1.489000000000000000e+04,2.736538910369062592e+02,2.556319887241546382e+02,2.490863129911589340e+02,2.431356315929700145e+02,2.539718715991438103e+02,2.464266885278030088e+02,2.480171490093417503e+02,2.472324491650814764e+02,2.472530878715735412e+02,2.639644682972606233e+02,2.704659854743071037e+02,2.669739621382439054e+02,2.639057310795020612e+02,1.548058798640074092e+05,3.419248190289977174e+00,9.228480076712772373e+00
3.740000000000000000e+03,1.490000000000000000e+04,2.736080075172812371e+02,2.555205575184554050e+02,2.489751795153090370e+02,2.430248135422338578e+02,2.538703649353907394e+02,2.463281592089899448e+02,2.478952471523402323e+02,2.471278082357511607e+02,2.471475865788451927e+02,2.638671386733673785e+02,2.704080724439129426e+02,2.668779234635010766e+02,2.637998186652786785e+02,1.547479468370049726e+05,3.419248190289977174e+00,9.212552226571226299e+00
3.750000000000000000e+03,1.491000000000000000e+04,2.735619619296484188e+02,2.554094932907103157e+02,2.488644774466281149e+02,2.429144296148125193e+02,2.537692356850949693e+02,2.462299184931164291e+02,2.477739955621527770e+02,2.470235215227557148e+02,2.470424371777846773e+02,2.637699510498694053e+02,2.703501009352527262e+02,2.667819905266402429e+02,2.636940449235507913e+02,1.546901722738153767e+05,3.419248190289977174e+00,9.196705841143975491e+00
3.760000000000000000e+03,1.492000000000000000e+04,2.735157558192343572e+02,2.552987940862913661e+02,2.487542039610881659e+02,2.428044768227966870e+02,2.536684814457633479e+02,2.461319654795371150e+02,2.476533873810732871e+02,2.469195873852040393e+02,2.469376381000785443e+02,2.636729061306910467e+02,2.702920717506463575e+02,2.666861641483762924e+02,2.635884110246680621e+02,1.546325553664073232e+05,3.419248190289977174e+00,9.180940259203062226e+00
3.770000000000000000e+03,1.493000000000000000e+04,2.734693907204062953e+02,2.551884579682897538e+02,2.486443562597279140e+02,2.426949522077932784e+02,2.535680998366831318e+02,2.460342992639945408e+02,2.475334158540686076e+02,2.468160041880110782e+02,2.468331877823270588e+02,2.635760045921477968e+02,2.702339856872226846e+02,2.665904451314155494e+02,2.634829181109553815e+02,1.545750953132697614e+05,3.419248190289977174e+00,9.165254827055971276e+00
3.780000000000000000e+03,1.494000000000000000e+04,2.734228681566640375e+02,2.550784830114394595e+02,2.485349315687833496e+02,2.425858528407350718e+02,2.534680884990181085e+02,2.459369189391317434e+02,2.474140743268723668e+02,2.467127703015284794e+02,2.467290846659026329e+02,2.634792470889788092e+02,2.701758435371168616e+02,2.664948342600446267e+02,2.633775672971944459e+02,1.545177913193787099e+05,3.419248190289977174e+00,9.149648898450916334e+00
3.790000000000000000e+03,1.495000000000000000e+04,2.733761896406484198e+02,2.549688673016686380e+02,2.484259271393185031e+02,2.424771758211315671e+02,2.533684450956085641e+02,2.458398235947705928e+02,2.472953562441124120e+02,2.466098841018235817e+02,2.466253271974078416e+02,2.633826342544412569e+02,2.701176460870087226e+02,2.663993323006020546e+02,2.632723596712472727e+02,1.544606425960969646e+05,3.419248190289977174e+00,9.134121834464950851e+00
3.800000000000000000e+03,1.496000000000000000e+04,2.733293566743593601e+02,2.548596089367718207e+02,2.483173402470663405e+02,2.423689182772194783e+02,2.532691673102536072e+02,2.457430123177786356e+02,2.471772551475812065e+02,2.465073439705682290e+02,2.465219138283757445e+02,2.632861667003787147e+02,2.700593941184671394e+02,2.663039400014500302e+02,2.631672962943804350e+02,1.544036483610872529e+05,3.419248190289977174e+00,9.118673003360781237e+00
3.810000000000000000e+03,1.497000000000000000e+04,2.732823707490468337e+02,2.547507060285022931e+02,2.482091681914899937e+02,2.422610773648411850e+02,2.531702528478030558e+02,2.456464841925405267e+02,2.470597646742330369e+02,2.464051482953013874e+02,2.464188430155716389e+02,2.631898450202411368e+02,2.700010884062656942e+02,2.662086580937106532e+02,2.630623782014122298e+02,1.543468078382650856e+05,3.419248190289977174e+00,9.103301780502743412e+00
3.820000000000000000e+03,1.498000000000000000e+04,2.732352333456015572e+02,2.546421566778798820e+02,2.481014082970451682e+02,2.421536502679280716e+02,2.530716994341605073e+02,2.455502383009642813e+02,2.469428785549250733e+02,2.463032954689034568e+02,2.463161132206774937e+02,2.630936697839737235e+02,2.699427297317698162e+02,2.661134872961255269e+02,2.629576064027089615e+02,1.542901202577129006e+05,3.419248190289977174e+00,9.088007548239879441e+00
3.830000000000000000e+03,1.499000000000000000e+04,2.731879459343828103e+02,2.545339590716419593e+02,2.479940579116868378e+02,2.420466341977393370e+02,2.529735048157907897e+02,2.454542737228780993e+02,2.468265906124573519e+02,2.462017838910608134e+02,2.462137229116898993e+02,2.629976415451963589e+02,2.698843188526370227e+02,2.660184282671096980e+02,2.628529818835664287e+02,1.542335848556714482e+05,3.419248190289977174e+00,9.072789695871406934e+00
3.840000000000000000e+03,1.500000000000000000e+04,2.731405099751094099e+02,2.544261112787702075e+02,2.478871144068051819e+02,2.419400263924596572e+02,2.528756667590801612e+02,2.453585895359427695e+02,2.467108947597357940e+02,2.461006119666178620e+02,2.461116705602588297e+02,2.629017608356314781e+02,2.698258565305609977e+02,2.659234817487636064e+02,2.627485056010485778e+02,1.541772008743377519e+05,3.419248190289977174e+00,9.057647619396153260e+00
3.850000000000000000e+03,1.501000000000000000e+04,2.730929269175937861e+02,2.543186114865257537e+02,2.477805751769523681e+02,2.418338241170636707e+02,2.527781830507922791e+02,2.452631848157670333e+02,2.465957849983914514e+02,2.459997781065036406e+02,2.460099546442315273e+02,2.628060281695066465e+02,2.697673435230472023e+02,2.658286483778886691e+02,2.626441784910782076e+02,1.541209675619485206e+05,3.419248190289977174e+00,9.042580721539689392e+00
3.860000000000000000e+03,1.502000000000000000e+04,2.730451982009531662e+02,2.542114578665003251e+02,2.476744376399282430e+02,2.417280246628877762e+02,2.526810514972202384e+02,2.451680586365221757e+02,2.464812554172110310e+02,2.458992807279287831e+02,2.459085736473331281e+02,2.627104440420847595e+02,2.697087805819703021e+02,2.657339287972135935e+02,2.625400014645537112e+02,1.540648841726265964e+05,3.419248190289977174e+00,9.027588411622168962e+00
3.870000000000000000e+03,1.503000000000000000e+04,2.729973252543046556e+02,2.541046485623762976e+02,2.475686992361773378e+02,2.416226253471224936e+02,2.525842699245280301e+02,2.450732100704998970e+02,2.463673001903823092e+02,2.457991182540813497e+02,2.458075260569278271e+02,2.626150089303426967e+02,2.696501684537404344e+02,2.656393236386124386e+02,2.624359754378763228e+02,1.540089499663228635e+05,3.419248190289977174e+00,9.012670105413146615e+00
3.880000000000000000e+03,1.504000000000000000e+04,2.729495000674843368e+02,2.540025420890283385e+02,2.476824873427080718e+02,2.415701223253262810e+02,2.531180734958662697e+02,2.465909251805220492e+02,2.462663105710501270e+02,2.457750888593132572e+02,2.457826111873488344e+02,2.625223473337298401e+02,2.695940841249186519e+02,2.655476860200188867e+02,2.623347250532159478e+02,1.540874758670717711e+05,1.692568239730537272e+01,9.073093715293035544e+00
3.890000000000000000e+03,1.505000000000000000e+04,2.729017797336484819e+02,2.539074419468121846e+02,2.478581460874331981e+02,2.415296428773052639e+02,2.535944234792824545e+02,2.479897974417551723e+02,2.461725938258493329e+02,2.457650430521572389e+02,2.457716798620507745e+02,2.624319949331033968e+02,2.695399398356861411e+02,2.654585200787040549e+02,2.622357869519941573e+02,1.541648284380002588e+05,1.685435885119504107e+01,9.119102706909238520e+00
3.900000000000000000e+03,1.506000000000000000e+04,2.728541883227265998e+02,2.538202977356689587e+02,2.480504969630322591e+02,2.414987131874457873e+02,2.540373557096741024e+02,2.493291800858990825e+02,2.460836657263143934e+02,2.457641198897343884e+02,2.457698710189040412e+02,2.623437446850823562e+02,2.694874470366832497e+02,2.653715792607587218e+02,2.621389553875926595e+02,1.542410283784591593e+05,1.678133186054684245e+01,9.161338661046599441e+00
3.910000000000000000e+03,1.507000000000000000e+04,2.728067406717656240e+02,2.537413571652754172e+02,2.482462962948786185e+02,2.414755682832304160e+02,2.544546290289146953e+02,2.506293799612968201e+02,2.459984035009538275e+02,2.457698440890008555e+02,2.457747091321938626e+02,2.622574957098916002e+02,2.694364567464355673e+02,2.652867399436074152e+02,2.620441309248609514e+02,1.543160701227191021e+05,1.670661068449020092e+01,9.202437082213794639e+00
3.920000000000000000e+03,1.508000000000000000e+04,2.727594486217030862e+02,2.536705300727164740e+02,2.484414756875351600e+02,2.414589661575205923e+02,2.548490664547959170e+02,2.518984593646227097e+02,2.459162572290877904e+02,2.457808093896933599e+02,2.457847877308971078e+02,2.621731903504946786e+02,2.693868795059429999e+02,2.652039317699683352e+02,2.619512574146347106e+02,1.543899415200463554e+05,1.663020479696114862e+01,9.243065887369642297e+00
3.930000000000000000e+03,1.509000000000000000e+04,2.727123228369297294e+02,2.536075679849294033e+02,2.486347165853760259e+02,2.414480092232870732e+02,2.552219071137721471e+02,2.531402458771466968e+02,2.458369298976095365e+02,2.457961200904390182e+02,2.457992109866140709e+02,2.620907916186280886e+02,2.693386541941877681e+02,2.651231097851956520e+02,2.618602994264724657e+02,1.544626288666619221e+05,1.655212388550117453e+01,9.283390052506721446e+00
3.940000000000000000e+03,1.510000000000000000e+04,2.726653733804453168e+02,2.535521498500277175e+02,2.488255605898996805e+02,2.414420273663071725e+02,2.555738489888099139e+02,2.543568994568050812e+02,2.457602411471826258e+02,2.458151473691548290e+02,2.458173500299000409e+02,2.620102734569313725e+02,2.692917347311371827e+02,2.650442427841482527e+02,2.617712324420277241e+02,1.545341182575859712e+05,1.647237785002889510e+01,9.323439586966864923e+00
3.950000000000000000e+03,1.511000000000000000e+04,2.726186099033750452e+02,2.535039244385013149e+02,2.490138284959284078e+02,2.414405042662820051e+02,2.559053924147176531e+02,2.555498184365470138e+02,2.456860657682953217e+02,2.458374153805988271e+02,2.458387290312003870e+02,2.619316156740292740e+02,2.692460835903369798e+02,2.649673068395055680e+02,2.616840378436813239e+02,1.546043959680805856e+05,1.639097680158484494e+01,9.363206589257405454e+00
3.960000000000000000e+03,1.512000000000000000e+04,2.725720416949531000e+02,2.534625313684951209e+02,2.491994340656141276e+02,2.414430301280693811e+02,2.562169596860494494e+02,2.567199993367477191e+02,2.456143045128495430e+02,2.458625437406616641e+02,2.458629676740541470e+02,2.618548009847057756e+02,2.692016681861669554e+02,2.648922819591306279e+02,2.615986999304058145e+02,1.546734485640015919e+05,1.630793106104949786e+01,9.402672312247105424e+00
3.970000000000000000e+03,1.513000000000000000e+04,2.725256776923203006e+02,2.534276121692217032e+02,2.493823223005857699e+02,2.414492705628374267e+02,2.565089387589216585e+02,2.578681995719379074e+02,2.455448697993241467e+02,2.458902161599783938e+02,2.458897497654194808e+02,2.617798131919845446e+02,2.691584587012853262e+02,2.648191499573989631e+02,2.615152040991902709e+02,1.547412629326768219e+05,1.622325115783469229e+01,9.441815138485152303e+00
3.980000000000000000e+03,1.514000000000000000e+04,2.724795264732500186e+02,2.533988162029941122e+02,2.495624486125511794e+02,2.414589456287238818e+02,2.567816997596380588e+02,2.589950209093885860e+02,2.454776786822221482e+02,2.459201620349179791e+02,2.459188048206007977e+02,2.617066360697202754e+02,2.691164267473913583e+02,2.647478931079157860e+02,2.614335357308347625e+02,1.548078262891843333e+05,1.613694782854857834e+01,9.480613035433886893e+00
3.990000000000000000e+03,1.515000000000000000e+04,2.724335962431093776e+02,2.533758038298014412e+02,2.497397718496306993e+02,2.414718154436804411e+02,2.570356013737351191e+02,2.601009571352378202e+02,2.454126495083848454e+02,2.459521448959264092e+02,2.459498965031322086e+02,2.616352526887059184e+02,2.690755445298043469e+02,2.646784933430848241e+02,2.613536794865143520e+02,1.548731261747584213e+05,1.604903201563431026e+01,9.519044323972151389e+00
4.000000000000000000e+03,1.516000000000000000e+04,2.723878948241875264e+02,2.533582481489759175e+02,2.499142521217178228e+02,2.414876701458056800e+02,2.572709932847476466e+02,2.611864236801698098e+02,2.453497004812097373e+02,2.459859547256133396e+02,2.459828149384772473e+02,2.615656450341957679e+02,2.690357843578689767e+02,2.646109315834504514e+02,2.612756189669370315e+02,1.549371504530587699e+05,1.595951486598269575e+01,9.557087907737997767e+00
4.010000000000000000e+03,1.517000000000000000e+04,2.723424296455781359e+02,2.533458354346432202e+02,2.500858502532733780e+02,2.415063227754966420e+02,2.574882170830568953e+02,2.622517772461496861e+02,2.452887492110246228e+02,2.460214025855280511e+02,2.460173713370771509e+02,2.614977938075609245e+02,2.689971183623400179e+02,2.645451876982991735e+02,2.611993364782044864e+02,1.549998873059010075e+05,1.586840772951880929e+01,9.594723326375671490e+00
4.020000000000000000e+03,1.518000000000000000e+04,2.722972077339297243e+02,2.533382654563430947e+02,2.502545277687904388e+02,2.415276041615129543e+02,2.576876066007924351e+02,2.632973294198275767e+02,2.452297127546955835e+02,2.460583167060585197e+02,2.460533940764179874e+02,2.614316783506498041e+02,2.689595183517266719e+02,2.644812402049428783e+02,2.611248129646000962e+02,1.550613252288398799e+05,1.577572215776300801e+01,9.631930752283114572e+00
4.030000000000000000e+03,1.519000000000000000e+04,2.722522357099140322e+02,2.533352511753144540e+02,2.504202470102824805e+02,2.415513591918214047e+02,2.578694880406504808e+02,2.643233564580838788e+02,2.451725078786484175e+02,2.460965395459720639e+02,2.460907257696716783e+02,2.613672766424577958e+02,2.689229558015882731e+02,2.644190662604250974e+02,2.610520280031687435e+02,1.551214530271318508e+05,1.568146990236621718e+01,9.668690971095067255e+00
4.040000000000000000e+03,1.520000000000000000e+04,2.722075197824609631e+02,2.533365183974645447e+02,2.505829712652244723e+02,2.415774440616205538e+02,2.580341800621131938e+02,2.653301065235078795e+02,2.451170514033344148e+02,2.461359255279487570e+02,2.461292209928425905e+02,2.613045653471006062e+02,2.688874018037251972e+02,2.643586416790107023e+02,2.609809598463383509e+02,1.551802598117394955e+05,1.558566291362001444e+01,9.704985359494941122e+00
4.050000000000000000e+03,1.521000000000000000e+04,2.721630657476874831e+02,2.533418051956936949e+02,2.507426648638201812e+02,2.416057242160236456e+02,2.581819938733797244e+02,2.663178051476050427e+02,2.450632605519679146e+02,2.461763392581585776e+02,2.461687445050774556e+02,2.612435198824256872e+02,2.688528271463886199e+02,2.642999409837255484e+02,2.609115854908915253e+02,1.552377349956565304e+05,1.548831333894140805e+01,9.740795864475714438e+00
4.060000000000000000e+03,1.522000000000000000e+04,2.721188789874609597e+02,2.533508613365390829e+02,2.508992932427417202e+02,2.416360727940621302e+02,2.583132333499492574e+02,2.672866594323243703e+02,2.450110532697065082e+02,2.462176541059373278e+02,2.462091698282160337e+02,2.611841145060438976e+02,2.688192023592940245e+02,2.642429374766796855e+02,2.608438807604161980e+02,1.552938682902586588e+05,1.538943352133264497e+01,9.776104985342136899e+00
4.070000000000000000e+03,1.523000000000000000e+04,2.720749644713906719e+02,2.533634476735338694e+02,2.510528229798786128e+02,2.416683694392025075e+02,2.584281951788620972e+02,2.682368613300702123e+02,2.449603484966287397e+02,2.462597510568274686e+02,2.462503780994749434e+02,2.611263224056078229e+02,2.687864977788065062e+02,2.641876033214793438e+02,2.607778203938353840e+02,1.553486497020103852e+05,1.528903599781627598e+01,9.810895758299338354e+00
4.080000000000000000e+03,1.524000000000000000e+04,2.720313267578750356e+02,2.533793355390130273e+02,2.512032218055890098e+02,2.417024993783442142e+02,2.585271690253502470e+02,2.691685902432295165e+02,2.449110663914122483e+02,2.463025177760170266e+02,2.462922571340304501e+02,2.610701157906523235e+02,2.687546836129611734e+02,2.641339096305424050e+02,2.607133781348833281e+02,1.554020695290022413e+05,1.518713349784554367e+01,9.845151743482997375e+00
4.090000000000000000e+03,1.525000000000000000e+04,2.719879699976796701e+02,2.533983061558691645e+02,2.513504585992222928e+02,2.417383527021245868e+02,2.586104377152884126e+02,2.700820151031728074e+02,2.448631285076212123e+02,2.463458478375167999e+02,2.463347006548426350e+02,2.610154659824417536e+02,2.687237300049149553e+02,2.640818265499667632e+02,2.606505268198940257e+02,1.554541183578219498e+05,1.508373894169044149e+01,9.878857014061402708e+00
4.100000000000000000e+03,1.526000000000000000e+04,2.719448979379765206e+02,2.534201500745556928e+02,2.514945033743472891e+02,2.417758237960034080e+02,2.586782774281214756e+02,2.709772960535988204e+02,2.448164579271038122e+02,2.463896400843684091e+02,2.463776076517757190e+02,2.609623434981430137e+02,2.686936070935886391e+02,2.640313233437793770e+02,2.605892384608753787e+02,1.555047870604053023e+05,1.497886543879950416e+01,9.911996147009592306e+00
4.110000000000000000e+03,1.527000000000000000e+04,2.719021139264218618e+02,2.534446666462831956e+02,2.516353272565961561e+02,2.418148108847987885e+02,2.587309578959544751e+02,2.718545858256222800e+02,2.447709793572930153e+02,2.464337980938462920e+02,2.464208818469998903e+02,2.609107181317533559e+02,2.686642850616754004e+02,2.639823684732320999e+02,2.605294843233048141e+02,1.555540667908795294e+05,1.487252628613768657e+01,9.944554215436570033e+00
4.120000000000000000e+03,1.528000000000000000e+04,2.718596209166562403e+02,2.534716635104765885e+02,2.517729024583749151e+02,2.418552156646820208e+02,2.587687426023794615e+02,2.727140308717250718e+02,2.447266191972899776e+02,2.464782297269129003e+02,2.464644312443870433e+02,2.608605590285283142e+02,2.686357341943460710e+02,2.639349296719670406e+02,2.604712350001575487e+02,1.556019489825881319e+05,1.476473496650044304e+01,9.976516782051561449e+00
4.130000000000000000e+03,1.529000000000000000e+04,2.718174214744531696e+02,2.535009561308993966e+02,2.519072022496278578e+02,2.418969430016558988e+02,2.587918889827336670e+02,2.735557723069799749e+02,2.446833055782887243e+02,2.465228467466693587e+02,2.465081677477774065e+02,2.608118347545226925e+02,2.686079249197368881e+02,2.638889740159752932e+02,2.604144604792633118e+02,1.556484253450655960e+05,1.465550514680420413e+01,1.000786989371582258e+01
4.140000000000000000e+03,1.530000000000000000e+04,2.717755177840703595e+02,2.535323673691171962e+02,2.520382009289547796e+02,2.419399006820906948e+02,2.588006486201216489e+02,2.743799466973053995e+02,2.446409683840489606e+02,2.465675644926690211e+02,2.465520068351301290e+02,2.607645133610018320e+02,2.685808278387104338e+02,2.638444679898629488e+02,2.603591302064978095e+02,1.556934878611440654e+05,1.454485067635354945e+01,1.003860007684871292e+01
4.150000000000000000e+03,1.531000000000000000e+04,2.717339116539453130e+02,2.535657270719619305e+02,2.521658737938131480e+02,2.419839992033313365e+02,2.587952674371868511e+02,2.751866867228812339e+02,2.445995392542255900e+02,2.466123016017715486e+02,2.465958672789088837e+02,2.607185624428665847e+02,2.685544137655336385e+02,2.638013775459680801e+02,2.603052131422550701e+02,1.557371287838097778e+05,1.443278558508526643e+01,1.006869433353629439e+01
4.160000000000000000e+03,1.532000000000000000e+04,2.716926045256561792e+02,2.536008716948311417e+02,2.522901971120145390e+02,2.420291515962393305e+02,2.587759858821531225e+02,2.759761217410670042e+02,2.445589515753723902e+02,2.466569797657620597e+02,2.466396709044655324e+02,2.606739491954998016e+02,2.685286537531763997e+02,2.637596681631770821e+02,2.602526778168462442e+02,1.557793406335217878e+05,1.431932408178948890e+01,1.009814013822015077e+01
4.170000000000000000e+03,1.533000000000000000e+04,2.716515974791328176e+02,2.536376439545478547e+02,2.524111480934137148e+02,2.420752732729061449e+02,2.587430391099869667e+02,2.767483782649119348e+02,2.445191404614948283e+02,2.467015235217415352e+02,2.466833423794741122e+02,2.606306404625282767e+02,2.685035191206295622e+02,2.637193048976553200e+02,2.602014923791817864e+02,1.558201161950656096e+05,1.420448055230810702e+01,1.012692543487090013e+01
4.180000000000000000e+03,1.534000000000000000e+04,2.716108912416406156e+02,2.536758925080403628e+02,2.525287048639877412e+02,2.421222818946266386e+02,2.586966571562298896e+02,2.775035803733339321e+02,2.444800427277693871e+02,2.467458600679802316e+02,2.467268090303059296e+02,2.605886027835539380e+02,2.684789814696854933e+02,2.636802524327304695e+02,2.601516246400635737e+02,1.558594485147564556e+05,1.408826955771085032e+01,1.015503863454130062e+01
4.190000000000000000e+03,1.535000000000000000e+04,2.715704861974687674e+02,2.537154716442441895e+02,2.526428464390899649e+02,2.421700972554295390e+02,2.586370651054929795e+02,2.782418500645738391e+02,2.444415968569516622e+02,2.467899191022959258e+02,2.467700006797571177e+02,2.605478024363762870e+02,2.684550127062204865e+02,2.636424751214019579e+02,2.601030421181711176e+02,1.558973308975195396e+05,1.397070583244904007e+01,1.018246861320254126e+01
4.200000000000000000e+03,1.536000000000000000e+04,2.715303858062812310e+02,2.537564138769212718e+02,2.527574241948742610e+02,2.422336208248895559e+02,2.585833341112041239e+02,2.789653430248593509e+02,2.444057847341008198e+02,2.468361379753908693e+02,2.468153548169474902e+02,2.605082566602991960e+02,2.684316313636924178e+02,2.636059883059323283e+02,2.600557632590384856e+02,1.559361600534859463e+05,1.409353710615980049e+01,1.021062258041472148e+01
4.210000000000000000e+03,1.537000000000000000e+04,2.714905951133671920e+02,2.537987853291432145e+02,2.528745956494761913e+02,2.423156451212463764e+02,2.585392415807517636e+02,2.796750456731492704e+02,2.443734241926237019e+02,2.468852566740742134e+02,2.468636115724947331e+02,2.604699884347998022e+02,2.684088597117063273e+02,2.635708134873881363e+02,2.600098122208372615e+02,1.559765797994432505e+05,1.428157472870289801e+01,1.023960120776683169e+01
4.220000000000000000e+03,1.538000000000000000e+04,2.714511194821718618e+02,2.538426475082724778e+02,2.529949668280609671e+02,2.424151217023239155e+02,2.585037194713456756e+02,2.803713579796853423e+02,2.443447500177732081e+02,2.469373379909424671e+02,2.469148338790681407e+02,2.604330141231280322e+02,2.683867126189160217e+02,2.635369653834300152e+02,2.599652065376621977e+02,1.560185697433792520e+05,1.446823511132014417e+01,1.026924179324048225e+01
4.230000000000000000e+03,1.539000000000000000e+04,2.714119642713984604e+02,2.538880622298011076e+02,2.531186932890922208e+02,2.425313972490354217e+02,2.584761963034377459e+02,2.810545877912253445e+02,2.443199080674463914e+02,2.469924214923298962e+02,2.469690614367402191e+02,2.603973466705696183e+02,2.683652009657877784e+02,2.635044547910381425e+02,2.599219603114539723e+02,1.560621098178779648e+05,1.465349458724636378e+01,1.029948821274246562e+01
4.240000000000000000e+03,1.540000000000000000e+04,2.713731347467265778e+02,2.539350903429528046e+02,2.532457948838542734e+02,2.426639716094940127e+02,2.584562900486724857e+02,2.817249883791961338e+02,2.442989925674913252e+02,2.470505292522440755e+02,2.470263164445252926e+02,2.603629970780705207e+02,2.683443333387243683e+02,2.634732902076317487e+02,2.598800856860784734e+02,1.561071800092429039e+05,1.483732966733802883e+01,1.033031160187035979e+01
4.250000000000000000e+03,1.541000000000000000e+04,2.713346360541718241e+02,2.539837903721575572e+02,2.533762483452052550e+02,2.428124162236535994e+02,2.584437047744987126e+02,2.823827777604822700e+02,2.442820652023640946e+02,2.471116711747179693e+02,2.470866089262812295e+02,2.603299751035159488e+02,2.683241168762033340e+02,2.634434784756497834e+02,2.598395935512875781e+02,1.561537602824647329e+05,1.501971704305153210e+01,1.036169079187735242e+01
4.260000000000000000e+03,1.542000000000000000e+04,2.712964732132500103e+02,2.540342173995393864e+02,2.535100157719419087e+02,2.429763430175192696e+02,2.584381914942603657e+02,2.830281494217525733e+02,2.442691656243332829e+02,2.471758485972378026e+02,2.471499403340821175e+02,2.602982896286303003e+02,2.683045577269521118e+02,2.634150253258769681e+02,2.598004939085735714e+02,1.562018305569526856e+05,1.520063358939841613e+01,1.039360720679048455e+01
4.270000000000000000e+03,1.543000000000000000e+04,2.712586511188828240e+02,2.540864225666119864e+02,2.536470538073587022e+02,2.431553905675427814e+02,2.584395309992196417e+02,2.836612788189104322e+02,2.442603177614486469e+02,2.472430566043482258e+02,2.472163058634001231e+02,2.602679488776756216e+02,2.682856613198292166e+02,2.633879356222665820e+02,2.597627960894664056e+02,1.562513706968727056e+05,1.538005636787740826e+01,1.042604343967340341e+01
4.280000000000000000e+03,1.544000000000000000e+04,2.712211745434375416e+02,2.541404528495559987e+02,2.537873167336582299e+02,2.433492168591405402e+02,2.584475250749055704e+02,2.842823276308246250e+02,2.442555338989346296e+02,2.473132855310713012e+02,2.472856959574872349e+02,2.602389605505019290e+02,2.682674325289801800e+02,2.633622135320654252e+02,2.597265088886603621e+02,1.563023605055471417e+05,1.555796262938287633e+01,1.045898282162202619e+01
4.290000000000000000e+03,1.545000000000000000e+04,2.711840481401328020e+02,2.541963510196653715e+02,2.539307575659106533e+02,2.435574949187354719e+02,2.584619913427491724e+02,2.848914467075385346e+02,2.442548174731474546e+02,2.473865219746535615e+02,2.473580973197063599e+02,2.602113319052179463e+02,2.682498757777451033e+02,2.633378626346853935e+02,2.596916406473040979e+02,1.563547797214991297e+05,1.573432981708911349e+01,1.049240927616576613e+01
4.300000000000000000e+03,1.546000000000000000e+04,2.711472764468906007e+02,2.542541557141260000e+02,2.540773284612521934e+02,2.437799098855272177e+02,2.584827598962771162e+02,2.854887781978527528e+02,2.442581650603136154e+02,2.474627495030231046e+02,2.474334936222529677e+02,2.601850698084460873e+02,2.682329951050110139e+02,2.633148859934115080e+02,2.596581993021665085e+02,1.564086080150770722e+05,1.590913556931037220e+01,1.052630726097993019e+01
4.310000000000000000e+03,1.547000000000000000e+04,2.711108638892500267e+02,2.543139015722184695e+02,2.542269808864565448e+02,2.440161569027517316e+02,2.585096709434485547e+02,2.860744571279623187e+02,2.442655678303818547e+02,2.475419491707616828e+02,2.475118660230428134e+02,2.601601807652267553e+02,2.682167942032226051e+02,2.632932862022802283e+02,2.596261924168545079e+02,1.564638249853546731e+05,1.608235772233609140e+01,1.056066173794330432e+01
4.320000000000000000e+03,1.548000000000000000e+04,2.710748147836093835e+02,2.543756193978932743e+02,2.543796656981863293e+02,2.442659395315746735e+02,2.585425730703569798e+02,2.866486125971828187e+02,2.442770126302714857e+02,2.476240999073541502e+02,2.475931935530691703e+02,2.601366709356836395e+02,2.682012764512780905e+02,2.632730654168011597e+02,2.595956271960815229e+02,1.565204101573177613e+05,1.625397431324110542e+01,1.059545815282352876e+01
4.330000000000000000e+03,1.549000000000000000e+04,2.710391333401015572e+02,2.544393363543082955e+02,2.545353331855819761e+02,2.445289685254977314e+02,2.585813219216075254e+02,2.872113686945410791e+02,2.442924828013326533e+02,2.477091788158097359e+02,2.476774534171575226e+02,2.601145461436645405e+02,2.681864449264372752e+02,2.632542253746992742e+02,2.595665104980214437e+02,1.565783429792673560e+05,1.642396358267025391e+01,1.063068241843308570e+01
4.340000000000000000e+03,1.550000000000000000e+04,2.710038236647500298e+02,2.545050761535735830e+02,2.546939331119316705e+02,2.448049608384881992e+02,2.586257791731368343e+02,2.877628452175401890e+02,2.443119588042831651e+02,2.477971614109337963e+02,2.477646212300087996e+02,2.600938118805139538e+02,2.681723024170004805e+02,2.632367674107313178e+02,2.595388488338828097e+02,1.566376028202679008e+05,1.659230397759728959e+01,1.066632089892209478e+01
4.350000000000000000e+03,1.551000000000000000e+04,2.709688897628280984e+02,2.545728592526933483e+02,2.548554147388740603e+02,2.450936388457730004e+02,2.586758117178771954e+02,2.883031582330893343e+02,2.443354187001010587e+02,2.478880218075694302e+02,2.478546712059709876e+02,2.600744733050209447e+02,2.681588514276633077e+02,2.632206924672659625e+02,2.595126483724847049e+02,1.566981689680046402e+05,1.675897415405764690e+01,1.070236039477037870e+01
4.360000000000000000e+03,1.552000000000000000e+04,2.709343355402812676e+02,2.546427030350078553e+02,2.550197268548837144e+02,2.453947296967794784e+02,2.587312910116095281e+02,2.888324205237705655e+02,2.443628385242354852e+02,2.479817328751428533e+02,2.479475763128382368e+02,2.600565352436104831e+02,2.681460941899057389e+02,2.632060011027668907e+02,2.594879149359911708e+02,1.567600206265865418e+05,1.692395297985456537e+01,1.073878812801438798e+01
4.370000000000000000e+03,1.553000000000000000e+04,2.709001648068125405e+02,2.547146219824398088e+02,2.551868177999351701e+02,2.457079647811484335e+02,2.587920925401024306e+02,2.893507419456152547e+02,2.443941925780522126e+02,2.480782663635909557e+02,2.480433083991196668e+02,2.600400021884993293e+02,2.681340326725853629e+02,2.631926934991236067e+02,2.594646540003076325e+02,1.568231369146537618e+05,1.708721953723852494e+01,1.077559172757612060e+01
4.380000000000000000e+03,1.554000000000000000e+04,2.708663812760780729e+02,2.547886278952897214e+02,2.553566354903173590e+02,2.460330792835283660e+02,2.588580953808541381e+02,2.898582297166452122e+02,2.444294536596938485e+02,2.481775930095740534e+02,2.481418382977836643e+02,2.600248782981255999e+02,2.681226685441693576e+02,2.631807694702088156e+02,2.594428706941021687e+02,1.568874968636204139e+05,1.724875312555936802e+01,1.081275921485632097e+01
4.390000000000000000e+03,1.555000000000000000e+04,2.708329885706796745e+02,2.548647299544886096e+02,2.555291274400044017e+02,2.463698118070878991e+02,2.589291818383953796e+02,2.903549886504093820e+02,2.444685932461127322e+02,2.482796826225803954e+02,2.482431359155235668e+02,2.600111673924832303e+02,2.681120032592017424e+02,2.631702284663523415e+02,2.594225697964399160e+02,1.569530794161097438e+05,1.740853326389102307e+01,1.085027898931004664e+01
4.400000000000000000e+03,1.556000000000000000e+04,2.707999902218828652e+02,2.549429349560429898e+02,2.557042407834474034e+02,2.467179040542285406e+02,2.590052371379198348e+02,2.908411213485703684e+02,2.445115816394630883e+02,2.483845041598039529e+02,2.483471703056547426e+02,2.599988729553666644e+02,2.681020379915896683e+02,2.631610695842420000e+02,2.594037557368752118e+02,1.570198634245523426e+05,1.756653969362816881e+01,1.088813981427153621e+01
4.410000000000000000e+03,1.557000000000000000e+04,2.707673896723828193e+02,2.550232474149358950e+02,2.558819222952875236e+02,2.470771005520896324e+02,2.590861491655260807e+02,2.913167283573336590e+02,2.445583880839921278e+02,2.484920257888566937e+02,2.484539097319346581e+02,2.599879981329523844e+02,2.680927736698097306e+02,2.631532915729441697e+02,2.593864325945379505e+02,1.570878276498624473e+05,1.772275238105494921e+01,1.092633080277472502e+01
4.420000000000000000e+03,1.558000000000000000e+04,2.707351902777812143e+02,2.551056696984970813e+02,2.560621184106389023e+02,2.474471484157380701e+02,2.591718082461916310e+02,2.917819083003100786e+02,2.446089808614294157e+02,2.486022149427357704e+02,2.485633217196996725e+02,2.599785457346316662e+02,2.680842109784296667e+02,2.631468928421311375e+02,2.593706040989967505e+02,1.571569507604312967e+05,1.787715151988497553e+01,1.096484140361832083e+01
4.430000000000000000e+03,1.559000000000000000e+04,2.707033953083515030e+02,2.551902021454987164e+02,2.562447752426230636e+02,2.478277971424758448e+02,2.592621069516932266e+02,2.922367579851673440e+02,2.446633273695019568e+02,2.487150383644641636e+02,2.486753731068589275e+02,2.599705182330042135e+02,2.680763503649853874e+02,2.631418714706949800e+02,2.593562736306775491e+02,1.572272113311646390e+05,1.802971753377266495e+01,1.100366138741526001e+01
4.440000000000000000e+03,1.560000000000000000e+04,2.706720079513828523e+02,2.552768431822242974e+02,2.564298385979287218e+02,2.482187984308072259e+02,2.593569399328306986e+02,2.926813724945450303e+02,2.447213941854123505e+02,2.488304621507822390e+02,2.487900300841363332e+02,2.599639177656813445e+02,2.680691920469150773e+02,2.631382252147844838e+02,2.593434442218753020e+02,1.572985878427672142e+05,1.818043107879522324e+01,1.104278083283105261e+01
4.450000000000000000e+03,1.561000000000000000e+04,2.706410313116718385e+02,2.553655894196478187e+02,2.566172539964446742e+02,2.486199060231971885e+02,2.594562037776111083e+02,2.931158452658812053e+02,2.447831471200043438e+02,2.489484517825228522e+02,2.489072582263419235e+02,2.599587461368730033e+02,2.680627360189756700e+02,2.631359515170345276e+02,2.593321185585463695e+02,1.573710586810997338e+05,1.832927304590534945e+01,1.108219011284648303e+01
4.460000000000000000e+03,1.562000000000000000e+04,2.706104684149296986e+02,2.554564357576875295e+02,2.568069666870219976e+02,2.490308755656451467e+02,2.595597968721892244e+02,2.935402681536220939e+02,2.448485512633396013e+02,2.490689721644997121e+02,2.490270225268725994e+02,2.599550048186425784e+02,2.680569820574113464e+02,2.631350475101529582e+02,2.593222989823658509e+02,1.574446021367607755e+05,1.847622456335408714e+01,1.112187988115510606e+01
4.470000000000000000e+03,1.563000000000000000e+04,2.705803222082890898e+02,2.555493754593193501e+02,2.569989216584770020e+02,2.494514644816488271e+02,2.596676192970941770e+02,2.939547314868929107e+02,2.449175710228161051e+02,2.491919876433952936e+02,2.491492874285676749e+02,2.599526949540661462e+02,2.680519297303027315e+02,2.631355100433937082e+02,2.593139874919205567e+02,1.575191964048795053e+05,1.862126699908352734e+01,1.116184105867397491e+01
4.480000000000000000e+03,1.564000000000000000e+04,2.705505955613046467e+02,2.556444002581520181e+02,2.571930636564240444e+02,2.498814318655875013e+02,2.597795727161155241e+02,2.943593241126108637e+02,2.449901701567156920e+02,2.493174620454716433e+02,2.492740168441128219e+02,2.599518173591879986e+02,2.680475784037150788e+02,2.631373356649893367e+02,2.593071857462682601e+02,1.575948195848381147e+05,1.876438196308921036e+01,1.120206482012261695e+01
4.490000000000000000e+03,1.565000000000000000e+04,2.705212912693593807e+02,2.557415004150872733e+02,2.573893371974593833e+02,2.503205383822113674e+02,2.598955602865293031e+02,2.947541334408078910e+02,2.450663118027592304e+02,2.494453586878936449e+02,2.494011741845063170e+02,2.599523725254962301e+02,2.680439272480392106e+02,2.631405206521368427e+02,2.593018950671610128e+02,1.576714496805267991e+05,1.890555130975180376e+01,1.124254258071117896e+01
4.500000000000000000e+03,1.566000000000000000e+04,2.704924120531640597e+02,2.558406648029277335e+02,2.575876865831352234e+02,2.507685461767510731e+02,2.600154865746396808e+02,2.951392454786102917e+02,2.451459585041218361e+02,2.495756404057188149e+02,2.495307223741471319e+02,2.599543606233183368e+02,2.680409752467429598e+02,2.631450610098698917e+02,2.592981164414204045e+02,1.577490646003159636e+05,1.904475714013780419e+01,1.128326598280118986e+01
4.510000000000000000e+03,1.567000000000000000e+04,2.704639605615390678e+02,2.559418809672803263e+02,2.577880559087773804e+02,2.512252188016694845e+02,2.601392574793762265e+02,2.955147448586047858e+02,2.452290722316620588e+02,2.497082695722328367e+02,2.496626238739557664e+02,2.599577815049934770e+02,2.680387212028053909e+02,2.631509524845076839e+02,2.592958505236043152e+02,1.578276421575691202e+05,1.918198180426891852e+01,1.132422688293078750e+01
4.520000000000000000e+03,1.568000000000000000e+04,2.704359393727031602e+02,2.560451351980791515e+02,2.579903890774143633e+02,2.516903211523027721e+02,2.602667801648264003e+02,2.958807148684583694e+02,2.453156144049463592e+02,2.498432081097803064e+02,2.497968406972013895e+02,2.599626347011556504e+02,2.680371637403419527e+02,2.631581905688608458e+02,2.592950976403805043e+02,1.579071600710870698e+05,1.931720790335994664e+01,1.136541733885197658e+01
4.530000000000000000e+03,1.569000000000000000e+04,2.704083509953203475e+02,2.561504125800345264e+02,2.581946298096187888e+02,2.521636193865797964e+02,2.603979629880305993e+02,2.962372374666863379e+02,2.454055459101473105e+02,2.499804175227295957e+02,2.499333344307262337e+02,2.599689194415158227e+02,2.680363013211079419e+02,2.631667705125541374e+02,2.592958577944856984e+02,1.579875959657510975e+05,1.945041829202476080e+01,1.140682959632844984e+01
4.540000000000000000e+03,1.570000000000000000e+04,2.703811978696327856e+02,2.562576970496917284e+02,2.584007216628635888e+02,2.526448808845309486e+02,2.605327154508181025e+02,2.965843933130907999e+02,2.454988271186336704e+02,2.501198588939666081e+02,2.500720662471725575e+02,2.599766346375258763e+02,2.680361322426120978e+02,2.631766873291552429e+02,2.592981306598309175e+02,1.580689273732946021e+05,1.958159608045021116e+01,1.144845607661762799e+01
4.550000000000000000e+03,1.571000000000000000e+04,2.703544823695078207e+02,2.563669714571715303e+02,2.586086080328697108e+02,2.531338741927591514e+02,2.606709481390174687e+02,2.969222617800971875e+02,2.455954179011925476e+02,2.502614929119525300e+02,2.502129969209365470e+02,2.599857788958250921e+02,2.680366546493078204e+02,2.631879358055127227e+02,2.593019155936229936e+02,1.581511317333498737e+05,1.971072463653752038e+01,1.149028936364612719e+01
4.560000000000000000e+03,1.572000000000000000e+04,2.703282068030859477e+02,2.564782175958401922e+02,2.588182321664706365e+02,2.536303689969928712e+02,2.608125726741890276e+02,2.972509209698404220e+02,2.456952776431441237e+02,2.504052798811490561e+02,2.503560868417002041e+02,2.599963505193321112e+02,2.680378665361101866e+02,2.632005105058895538e+02,2.593072116351627869e+02,1.582341863944520592e+05,1.983778758801117448e+01,1.153232219176079631e+01
4.570000000000000000e+03,1.573000000000000000e+04,2.703023734139375165e+02,2.565914162911467997e+02,2.590295371725289328e+02,2.541341360593174272e+02,2.609575016662805638e+02,2.975704477272239501e+02,2.457983652598544495e+02,2.505511797362746051e+02,2.505012960292465323e+02,2.600083475102918555e+02,2.680397657494091277e+02,2.632144057835644162e+02,2.593140175116532191e+02,1.583180686153101851e+05,1.996276882449470591e+01,1.157454743281850185e+01
4.580000000000000000e+03,1.574000000000000000e+04,2.702769843767890166e+02,2.567065473993636147e+02,2.592424660365408045e+02,2.546449472068504178e+02,2.611056486720030989e+02,2.978809176571597277e+02,2.459046392080811643e+02,2.506991520557489252e+02,2.506485841449880354e+02,2.600217675731834674e+02,2.680423500032378570e+02,2.632296157852349552e+02,2.593223316366407403e+02,1.584027555662219820e+05,2.008565249955335830e+01,1.161695808443003131e+01
4.590000000000000000e+03,1.575000000000000000e+04,2.702520418215859763e+02,2.568235898413714722e+02,2.594569616262015188e+02,2.551625752951821653e+02,2.612569281513938222e+02,2.981824051328895848e+02,2.460140574993687892e+02,2.508491560737903683e+02,2.507979105071976562e+02,2.600366081145449471e+02,2.680456168632504728e+02,2.632461344562721024e+02,2.593321521132129988e+02,1.584882243305139418e+05,2.020642303270323836e+01,1.165954725765384659e+01
4.600000000000000000e+03,1.576000000000000000e+04,2.702275477992733954e+02,2.569425217231484453e+02,2.596729667000041104e+02,2.556867941891074736e+02,2.614112554341713235e+02,2.984749833079550854e+02,2.461265777124351075e+02,2.510011506920390048e+02,2.509492341001114823e+02,2.600528662521689398e+02,2.680495637852153550e+02,2.632639555523373360e+02,2.593434767126609017e+02,1.585744519063301559e+05,2.032506511138679173e+01,1.170230816516032135e+01
4.610000000000000000e+03,1.577000000000000000e+04,2.702035043062968498e+02,2.570633202099176060e+02,2.598904239174038366e+02,2.562173787449996780e+02,2.615685466838071989e+02,2.987587241251786168e+02,2.462421570042209282e+02,2.511550944913063006e+02,2.511025135836239599e+02,2.600705388119787358e+02,2.680541880912240345e+02,2.632830726369319336e+02,2.593563029885989977e+02,1.586614152083319495e+05,2.044156369291434672e+01,1.174523410939204382e+01
4.620000000000000000e+03,1.578000000000000000e+04,2.701799132793359490e+02,2.571859617628441015e+02,2.601092758507745657e+02,2.567541047918552977e+02,2.617287188642246747e+02,2.990336983275057037e+02,2.463607521215277245e+02,2.513109457440883716e+02,2.512577073115550093e+02,2.600896223324704124e+02,2.680594869829050140e+02,2.633034790943385133e+02,2.593706281066531574e+02,1.587490910696297651e+05,2.055590400637127146e+01,1.178831847113220022e+01
4.630000000000000000e+03,1.579000000000000000e+04,2.701567765970156074e+02,2.573104220446725776e+02,2.603294649969424199e+02,2.572967491124817343e+02,2.618916897110093487e+02,2.992999754669660888e+02,2.464823194119678647e+02,2.514686624249375200e+02,2.514147733414906725e+02,2.601101130652944562e+02,2.680654575451139294e+02,2.633251681311314769e+02,2.593864489589427080e+02,1.588374562439407455e+05,2.066807155449086153e+01,1.183155469803338278e+01
4.640000000000000000e+03,1.580000000000000000e+04,2.701340960795468504e+02,2.574366759754232135e+02,2.605509337690751295e+02,2.578450894755864056e+02,2.620573777019373551e+02,2.995576239128811267e+02,2.466068148344833730e+02,2.516282022208803824e+02,2.515736694339930750e+02,2.601320069821782681e+02,2.680720967490505018e+02,2.633481327813330495e+02,2.594037621425601969e+02,1.589264874077002169e+05,2.077805211549244291e+01,1.187493629385544125e+01
4.650000000000000000e+03,1.581000000000000000e+04,2.701118734898593630e+02,2.575646977774824222e+02,2.607736245332249609e+02,2.583989045724594575e+02,2.622257020317602496e+02,2.998067108613139453e+02,2.467341939690917627e+02,2.517895225438497278e+02,2.517343530802606040e+02,2.601552997655957142e+02,2.680794014543265575e+02,2.633723659108683819e+02,2.594225639588819377e+02,1.590161611624060897e+05,2.088583174488456251e+01,1.191845680699803367e+01
4.660000000000000000e+03,1.582000000000000000e+04,2.700901105340937534e+02,2.576944609834052926e+02,2.609974795962758662e+02,2.589579740579412146e+02,2.623965825872884352e+02,3.000473023430031390e+02,2.468644120281959715e+02,2.519525805383669876e+02,2.518967815031478210e+02,2.601799868255582169e+02,2.680873684148619418e+02,2.633978602213915110e+02,2.594428504162058289e+02,1.591064540371062467e+05,2.099139677723299613e+01,1.196210982020018854e+01
4.670000000000000000e+03,1.583000000000000000e+04,2.700688088620703411e+02,2.578259384794980633e+02,2.612224412234003239e+02,2.595220785405998640e+02,2.625699399245068548e+02,3.002794632324240069e+02,2.469974238659789876e+02,2.521173330933665966e+02,2.520609116649069392e+02,2.602060632923316348e+02,2.680959942770830366e+02,2.634246082536674294e+02,2.594646172304800302e+02,1.591973424908972811e+05,2.109473382789339624e+01,1.200588893996343387e+01
4.680000000000000000e+03,1.584000000000000000e+04,2.700479700675234653e+02,2.579591025217825973e+02,2.614484516430511576e+02,2.600909995862865571e+02,2.627456952476585457e+02,3.005032572557761341e+02,2.471331839882968211e+02,2.522837368519553252e+02,2.522267002852956637e+02,2.602335240194220205e+02,2.681052755868721533e+02,2.634526023916458257e+02,2.594878598280532742e+02,1.592888029156821431e+05,2.119582979470838069e+01,1.204978778645400084e+01
4.690000000000000000e+03,1.585000000000000000e+04,2.700275956889531130e+02,2.580939247667868131e+02,2.616754530577980518e+02,2.606645197278747332e+02,2.629237703893039679e+02,3.007187470001289284e+02,2.472716465619749613e+02,2.524517482216359667e+02,2.523941038448984386e+02,2.602623635858266198e+02,2.681152087880702766e+02,2.634818348638236216e+02,2.595125733462153903e+02,1.593808116389509523e+05,2.129467185966873188e+01,1.209379998350986618e+01
4.700000000000000000e+03,1.586000000000000000e+04,2.700076872091171367e+02,2.582303762929658433e+02,2.619033876525218147e+02,2.612424224771060608e+02,2.631040877919762693e+02,3.009259939217494093e+02,2.474127654245250199e+02,2.526213233813057855e+02,2.525630785970355134e+02,2.602925762967450964e+02,2.681257902254762371e+02,2.635122977464322958e+02,2.595387526349767313e+02,1.594733449266633834e+05,2.139124749053856789e+01,1.213791914900357938e+01
4.710000000000000000e+03,1.587000000000000000e+04,2.699882460559609285e+02,2.583684272842099290e+02,2.621321976010108870e+02,2.618244923340845389e+02,2.632865704902868629e+02,3.011250583557396112e+02,2.475564940930738089e+02,2.527924182948835323e+02,2.527335805598320349e+02,2.603241561830438968e+02,2.681370161411724098e+02,2.635439829518506940e+02,2.595663925700443997e+02,1.595663789862627164e+05,2.148554444244435402e+01,1.218213888510568310e+01
4.720000000000000000e+03,1.588000000000000000e+04,2.699692736019843551e+02,2.585080484379453196e+02,2.623618250778174570e+02,2.624105148045546230e+02,2.634711420967699382e+02,3.013159995243023559e+02,2.477027857749380360e+02,2.529649887190469997e+02,2.529055655927554369e+02,2.603570970079309745e+02,2.681488826932953771e+02,2.635768822843249382e+02,2.595954867962369121e+02,1.596598899700556067e+05,2.157755075942744583e+01,1.222645277058771462e+01
4.730000000000000000e+03,1.589000000000000000e+04,2.699507711648515738e+02,2.586492088458876992e+02,2.625922122664993594e+02,2.630002764175114294e+02,2.636577267861218843e+02,3.014988755476022106e+02,2.478515933761768508e+02,2.531389902123856359e+02,2.530789893083321829e+02,2.603913922630540583e+02,2.681613859363440042e+02,2.636109873643266610e+02,2.596260296257759137e+02,1.597538539779807325e+05,2.166725477595994676e+01,1.227085435027640692e+01
4.740000000000000000e+03,1.590000000000000000e+04,2.699327400075077890e+02,2.587918774855846777e+02,2.628233013622738099e+02,2.635935647418182270e+02,2.638462492813351901e+02,3.016737434527889263e+02,2.480028695099629203e+02,2.533143781446486855e+02,2.532538071465128269e+02,2.604270351696957277e+02,2.681745218313719761e+02,2.636462896757983572e+02,2.596580147729962960e+02,1.598482470613715413e+05,2.175464511842380944e+01,1.231533712748865028e+01
4.750000000000000000e+03,1.591000000000000000e+04,2.699151813370312425e+02,2.589360228552675949e+02,2.630550345871898799e+02,2.641901684126702321e+02,2.640366348404885457e+02,3.018406591837318729e+02,2.481565665062712753e+02,2.534911077051899326e+02,2.534299743615868863e+02,2.604640186861960274e+02,2.681882862452735026e+02,2.636827805580763311e+02,2.596914356655112215e+02,1.599430452261658502e+05,2.183971070655292479e+01,1.235989455568129181e+01
4.760000000000000000e+03,1.592000000000000000e+04,2.698980963054531230e+02,2.590816130042011878e+02,2.632873541963739399e+02,2.647898771479829065e+02,2.642288092458999813e+02,3.019996776129362388e+02,2.483126364215215176e+02,2.536691339132782446e+02,2.536074460379360573e+02,2.605023354914732181e+02,2.682026749514051289e+02,2.637204512067448832e+02,2.597262854488989774e+02,1.600382244364836952e+05,2.192244075483794674e+01,1.240452003067389697e+01
4.770000000000000000e+03,1.593000000000000000e+04,2.698814860091874834e+02,2.592286155328405357e+02,2.635202024853522289e+02,2.653924817811738421e+02,2.644226987938674256e+02,3.021508525514672669e+02,2.484710310459394691e+02,2.538484116246226279e+02,2.537861770973327680e+02,2.605419780034050632e+02,2.682176836300793639e+02,2.637592926714155510e+02,2.597625569864509885e+02,1.601337606182825693e+05,2.200282477389383118e+01,1.244920688319029622e+01
4.780000000000000000e+03,1.594000000000000000e+04,2.698653514884921947e+02,2.593769976188815463e+02,2.637535217972421151e+02,2.659977742813463237e+02,2.646182302837587486e+02,3.022942367603872071e+02,2.486317019135813666e+02,2.540288955448623938e+02,2.539661223086042980e+02,2.605829383716297230e+02,2.682333078681543839e+02,2.637992958577532363e+02,2.598002428598626921e+02,1.602296296629921417e+05,2.208085257178976946e+01,1.249394837169531058e+01
4.790000000000000000e+03,1.595000000000000000e+04,2.698496937268437250e+02,2.595267260322217453e+02,2.639872545334154665e+02,2.666055477857576079e+02,2.648153310098829252e+02,3.024298819624132193e+02,2.487946003105084003e+02,2.542105402340391151e+02,2.541472362939762775e+02,2.606252084785676857e+02,2.682495431589999839e+02,2.638404515261423740e+02,2.598393353696465624e+02,1.603258074312997051e+05,2.215651425534145602e+01,1.253873767553038299e+01
4.800000000000000000e+03,1.596000000000000000e+04,2.698345136512656381e+02,2.596777671501084228e+02,2.642213431623196129e+02,2.672155966234517450e+02,2.650139287518539959e+02,3.025578388537945784e+02,2.489596772850628668e+02,2.543933001183877707e+02,2.543294735393728843e+02,2.606687799395636489e+02,2.682663849027563856e+02,2.638827502912707814e+02,2.598798265350878864e+02,1.604222697570612072e+05,2.222980023136539884e+01,1.258356788840137419e+01
4.810000000000000000e+03,1.597000000000000000e+04,2.698198121306796793e+02,2.598300869629495651e+02,2.644557302303563802e+02,2.678277163572907966e+02,2.652139517691091442e+02,3.026781571177234014e+02,2.491268836554195332e+02,2.545771294889937622e+02,2.545127884031875567e+02,2.607136441025239719e+02,2.682838284047656998e+02,2.639261826206407591e+02,2.599217080945103362e+02,1.605189924511613208e+05,2.230070120789530108e+01,1.262843201241313373e+01
4.820000000000000000e+03,1.598000000000000000e+04,2.698055899766484345e+02,2.599836511205631382e+02,2.646903583554409352e+02,2.684417038033564609e+02,2.654153287891430182e+02,3.027908854341721394e+02,2.492961700171588575e+02,2.547619825315271100e+02,2.546971351243595620e+02,2.607597920500405166e+02,2.683018688756706069e+02,2.639707388366720124e+02,2.599649715049937413e+02,1.606159513055665884e+05,2.236920819536015870e+01,1.267332295217129712e+01
4.830000000000000000e+03,1.599000000000000000e+04,2.697918479410937493e+02,2.601384249047868025e+02,2.649251702538457494e+02,2.690573570701579911e+02,2.656179890085576858e+02,3.028960714967075774e+02,2.494674867563572036e+02,2.549478133162418487e+02,2.548824678312581682e+02,2.608072145965066966e+02,2.683205014311142804e+02,2.640164091083594826e+02,2.600096079427740960e+02,1.607131220973297022e+05,2.243531250772407759e+01,1.271823350958163701e+01
4.840000000000000000e+03,1.600000000000000000e+04,2.697785867169843641e+02,2.602943732658603722e+02,2.651601087419061287e+02,2.696744755948975012e+02,2.658218620819594094e+02,3.029937620240029332e+02,2.496407840480870846e+02,2.551345758140820408e+02,2.550687405502916363e+02,2.608559022898724038e+02,2.683397210900166101e+02,2.640631834561069127e+02,2.600556083027277054e+02,1.608104805928205606e+05,2.249900576358753668e+01,1.276315637869951480e+01
4.850000000000000000e+03,1.601000000000000000e+04,2.697658069353750534e+02,2.604514608306129730e+02,2.653951167371848214e+02,2.702928601710984253e+02,2.660268781196151053e+02,3.030840027740577511e+02,2.498160118896535664e+02,2.553222239009846248e+02,2.552559072124332715e+02,2.609058454105336295e+02,2.683595227772343605e+02,2.641110517476429322e+02,2.601029631983738000e+02,1.609080025517380273e+05,2.256027988725012179e+01,1.280808414129433892e+01
4.860000000000000000e+03,1.602000000000000000e+04,2.697535091694296625e+02,2.606096519177421555e+02,2.656301372778599443e+02,2.709123129932412439e+02,2.662329676808006980e+02,3.031668385581342022e+02,2.499931200756088288e+02,2.555107113713814329e+02,2.554439216677040463e+02,2.609570339720138463e+02,2.683799013098378055e+02,2.641600036968020504e+02,2.601516629613709028e+02,1.610056637315078406e+05,2.261912710973442842e+01,1.285300926237000674e+01
4.870000000000000000e+03,1.603000000000000000e+04,2.697416939270311786e+02,2.607689105452116110e+02,2.658651135226576230e+02,2.715326376880107091e+02,2.664400617767664130e+02,3.032423132542930944e+02,2.501720582287136949e+02,2.556999919437384108e+02,2.556327376859923675e+02,2.610094577200648018e+02,2.684008514160601635e+02,2.642100288606426375e+02,2.602016976415407612e+02,1.611034398914835183e+05,2.267553996977107289e+01,1.289792408651370259e+01
4.880000000000000000e+03,1.604000000000000000e+04,2.697303616537421362e+02,2.609292004444245094e+02,2.660999887704816729e+02,2.721536393527667883e+02,2.666480918446121677e+02,3.033104698282684808e+02,2.503527758038680702e+02,2.558900192694663360e+02,2.558223089697733315e+02,2.610631061327392786e+02,2.684223677199407803e+02,2.642611166381933572e+02,2.602530570064350286e+02,1.612013067972808494e+05,2.272951131474475162e+01,1.294282083409078155e+01
4.890000000000000000e+03,1.605000000000000000e+04,2.697195127314218439e+02,2.610904850753665869e+02,2.663347064511876283e+02,2.727751245922556791e+02,2.668569897812561180e+02,3.033713503390755477e+02,2.505352220959811973e+02,2.560807469414507977e+02,2.560125891591770255e+02,2.611179684195496407e+02,2.684444447441805437e+02,2.643132562672076347e+02,2.603057305411591642e+02,1.612992402251614258e+05,2.278103430160106058e+01,1.298769159862169076e+01
4.900000000000000000e+03,1.606000000000000000e+04,2.697091474754531646e+02,2.612527276351328283e+02,2.665692101460398362e+02,2.733969015579585289e+02,2.670666879112905008e+02,3.034249959606103175e+02,2.507193462495956737e+02,2.562721285022407756e+02,2.562035318483984838e+02,2.611740335224724276e+02,2.684670769077468435e+02,2.643664368225121279e+02,2.603597074465056380e+02,1.613972159664183855e+05,2.283010239771423855e+01,1.303252834383399872e+01
4.910000000000000000e+03,1.607000000000000000e+04,2.696992661359843169e+02,2.614158910655598902e+02,2.668034435938778302e+02,2.740187799853177921e+02,2.672771189959923390e+02,3.034714469962103749e+02,2.509050972663968082e+02,2.564641174525426095e+02,2.563950905842998509e+02,2.612312901136300525e+02,2.684902585268852135e+02,2.644206472130975953e+02,2.604149766430921318e+02,1.614952098317918717e+05,2.287670938171530821e+01,1.307732290128264552e+01
4.920000000000000000e+03,1.608000000000000000e+04,2.696898688959296919e+02,2.615799380686722202e+02,2.670373507002400402e+02,2.746405712327201627e+02,2.674882162310735794e+02,3.035107428949088444e+02,2.510924240157731617e+02,2.566566672573125061e+02,2.565872188787644177e+02,2.612897265967567364e+02,2.685139838107918422e+02,2.644758761797476723e+02,2.604715267650720421e+02,1.615931976559981704e+05,2.292084934428098464e+01,1.312206696851052001e+01
4.930000000000000000e+03,1.609000000000000000e+04,2.696809558685312140e+02,2.617448311174401852e+02,2.672708755422239051e+02,2.752620883202469031e+02,2.676999132428170469e+02,3.035429222671444336e+02,2.512812752422690039e+02,2.568497313600194616e+02,2.567798702172405569e+02,2.613493311060316273e+02,2.685382468634879842e+02,2.645321122911125258e+02,2.605293461632716685e+02,1.616911553021323634e+05,2.296251668888287867e+01,1.316675210752032399e+01
4.940000000000000000e+03,1.610000000000000000e+04,2.696725270967187384e+02,2.619105324594343074e+02,2.675039623805934070e+02,2.758831459690011343e+02,2.679121440895604565e+02,3.035680229016731460e+02,2.514715995751440403e+02,2.570432631840990325e+02,2.569729980667635800e+02,2.614100915057704242e+02,2.685630416820612254e+02,2.645893439440844759e+02,2.605884229042719653e+02,1.617890586662361166e+05,2.300170613249712659e+01,1.321136974360057437e+01
4.950000000000000000e+03,1.611000000000000000e+04,2.696645825548749826e+02,2.620770041366022269e+02,2.677365556595980252e+02,2.765035606376642932e+02,2.681248432553890098e+02,3.035860817821219371e+02,2.516633455361240976e+02,2.572372161579435215e+02,2.571665558837888170e+02,2.614719953907633681e+02,2.685883621478708392e+02,2.646475593580131545e+02,2.606487447693650097e+02,1.618868836817496631e+05,2.303841270627414772e+01,1.325591116467230712e+01
4.960000000000000000e+03,1.612000000000000000e+04,2.696571221423515681e+02,2.622442079721243431e+02,2.679686000493563824e+02,2.771231505693618260e+02,2.683379456700922105e+02,3.035971351037284194e+02,2.518564615302278753e+02,2.574315436642770010e+02,2.573604971242124861e+02,2.615350300828110903e+02,2.686142020544855313e+02,2.647067465730724507e+02,2.607102992574173186e+02,1.619846063240919320e+05,2.307263175616872530e+01,1.330036752009415224e+01
4.970000000000000000e+03,1.613000000000000000e+04,2.696501456856796608e+02,2.624121056373652436e+02,2.682000403783927140e+02,2.777417358041845432e+02,2.685513866771455582e+02,3.036012182919545808e+02,2.520508959380136957e+02,2.576261991435417258e+02,2.575547752455989325e+02,2.615991826355730723e+02,2.686405550444663959e+02,2.647668934482824170e+02,2.607730735773292281e+02,1.620822026151909376e+05,2.310435894353005892e+01,1.334472982258669482e+01
4.980000000000000000e+03,1.614000000000000000e+04,2.696436529360702821e+02,2.625806586003795928e+02,2.684308217271795911e+02,2.783591382528933309e+02,2.687651020561308997e+02,3.035983660163632862e+02,2.522465969902516747e+02,2.578211360323386430e+02,2.577493437228946505e+02,2.616644398397094733e+02,2.686674146674278063e+02,2.648279876577108212e+02,2.608370546559680179e+02,1.621796486279789533e+05,2.313359024565187383e+01,1.338898894637225290e+01
4.990000000000000000e+03,1.615000000000000000e+04,2.696376435684453554e+02,2.627498281552796584e+02,2.686608893903561466e+02,2.789751817133858367e+02,2.689790280178758621e+02,3.035886122121710855e+02,2.524435128718453711e+02,2.580163077908542846e+02,2.579441560529292587e+02,2.617307882029287498e+02,2.686947743589911966e+02,2.648900166882346525e+02,2.609022291340343145e+02,1.622769204909446125e+05,2.316032195628244139e+01,1.343313562917974835e+01
5.000000000000000000e+03,1.616000000000000000e+04,2.696321171802266008e+02,2.629195754347284719e+02,2.688901888924476111e+02,2.795896919105261986e+02,2.691931012048081584e+02,3.035719900955248249e+02,2.526415917057823322e+02,2.582116679112643851e+02,2.581391657627143559e+02,2.617982139672847097e+02,2.687226274392382948e+02,2.649529678376476909e+02,2.609685833654494900e+02,1.623739943927134154e+05,2.318455068609453917e+01,1.347716047307308784e+01
5.010000000000000000e+03,1.617000000000000000e+04,2.696270732892422188e+02,2.630898614201962573e+02,2.691186659979481419e+02,2.802024965334315993e+02,2.694072586928164128e+02,3.035485321815712041e+02,2.528407815601810569e+02,2.584071699253150882e+02,2.583343264178524805e+02,2.618667031037758761e+02,2.687509671110500449e+02,2.650168282086561931e+02,2.610361034192143848e+02,1.624708465864242171e+05,2.320627336311514100e+01,1.352105394586957487e+01
5.020000000000000000e+03,1.618000000000000000e+04,2.696225113332031356e+02,2.632606469493483132e+02,2.693462667186918793e+02,2.808134252719718802e+02,2.696214379910194907e+02,3.035182703023384647e+02,2.530410304627285996e+02,2.586027674126777356e+02,2.585295916292303673e+02,2.619362413132997744e+02,2.687797864581236240e+02,2.650815847109120114e+02,2.611047750762471082e+02,1.625674533944175928e+05,2.322548723311494712e+01,1.356480638303714947e+01
5.030000000000000000e+03,1.619000000000000000e+04,2.696184306679531346e+02,2.634318927200915255e+02,2.695729373228135159e+02,2.814223098505424900e+02,2.698355770441844470e+02,3.034812356250591279e+02,2.532422864032906773e+02,2.587984140085041531e+02,2.587249150627619088e+02,2.620068140257850473e+02,2.688090784471654047e+02,2.651472240550707511e+02,2.611745838351150724e+02,1.626637912125310395e+05,2.324218985995756626e+01,1.360840798975015353e+01
5.040000000000000000e+03,1.620000000000000000e+04,2.696148305662500206e+02,2.636035593097773244e+02,2.697986243421890435e+02,2.820289840636430085e+02,2.700496142339265475e+02,3.034374586696745837e+02,2.534444973448734117e+02,2.589940634123175300e+02,2.589202504469300834e+02,2.620784064015029458e+02,2.688388359232094444e+02,2.652137327521006682e+02,2.612455149066346394e+02,1.627598365147134173e+05,2.325637912590842404e+01,1.365184884345247518e+01
5.050000000000000000e+03,1.621000000000000000e+04,2.696117102161796879e+02,2.637756071758199710e+02,2.700232745810176311e+02,2.826332838084077252e+02,2.702634883808474342e+02,3.033869693271670371e+02,2.536476112353631720e+02,2.591896693948630741e+02,2.591155515793180939e+02,2.621510033306648779e+02,2.688690516108214865e+02,2.652810971112392053e+02,2.613175532166406470e+02,1.628555658573855762e+05,2.326805323190324515e+01,1.369511889669136551e+01
5.060000000000000000e+03,1.622000000000000000e+04,2.696090687198984597e+02,2.639479966723141615e+02,2.702468351155650907e+02,2.832350471118200517e+02,2.704771387470713648e+02,3.033297968778556424e+02,2.538515760062883828e+02,2.593851858065962688e+02,2.593107723379465028e+02,2.622245894342818815e+02,2.688997181399761303e+02,2.653493032366728812e+02,2.613906834061186260e+02,1.629509558838151861e+05,2.327721069777617302e+01,1.373820797999586318e+01
5.070000000000000000e+03,1.623000000000000000e+04,2.696069050924687645e+02,2.641206880408597044e+02,2.704692533347237031e+02,2.838341141846757409e+02,2.706905050352693820e+02,3.032659700092096955e+02,2.540563396091203288e+02,2.595805665861151965e+02,2.595058666855135243e+02,2.622991490646066381e+02,2.689308279287259893e+02,2.654183370264523774e+02,2.614648898314227381e+02,1.630459833286107169e+05,2.328385036244743134e+01,1.378110580642286465e+01
5.080000000000000000e+03,1.624000000000000000e+04,2.696052182600781180e+02,2.642936414384173531e+02,2.706904768966929851e+02,2.844303274179890195e+02,2.709035273954667105e+02,3.031955168344785534e+02,2.542618499877008844e+02,2.597757657672202640e+02,2.597007886788786095e+02,2.623746663054648707e+02,2.689623733707708197e+02,2.654881841701636631e+02,2.615401565643439881e+02,1.631406250219107606e+05,2.328797138407054490e+01,1.382380197388268961e+01
5.090000000000000000e+03,1.625000000000000000e+04,2.696040070595468592e+02,2.644668169413844225e+02,2.709104537731592472e+02,2.850235314342424431e+02,2.711161464239779093e+02,3.031184649103254287e+02,2.544680551094968450e+02,2.599707374872288028e+02,2.598954924772193067e+02,2.624511249735604679e+02,2.689943466993037759e+02,2.655588301470202168e+02,2.616164673946151993e+02,1.632348578937958227e+05,2.328957324013909158e+01,1.386628596997278429e+01
5.100000000000000000e+03,1.626000000000000000e+04,2.696032702359140671e+02,2.646401745518486450e+02,2.711291322486537183e+02,2.856135731106916751e+02,2.713283031676144219e+02,3.030348412555830464e+02,2.546749029711014032e+02,2.601654359927044311e+02,2.600899323491787527e+02,2.625285086191559003e+02,2.690267400231856527e+02,2.656302602249089659e+02,2.616938058267790552e+02,1.633286589784529642e+05,2.328865572755291780e+01,1.390854717627856196e+01
5.110000000000000000e+03,1.627000000000000000e+04,2.696030064422265582e+02,2.648136741973428343e+02,2.713464609201562894e+02,2.862003016036252347e+02,2.715399391317739060e+02,3.029446723694395018e+02,2.548823416103856516e+02,2.603598156510864783e+02,2.602840626802744168e+02,2.626068005270720960e+02,2.690595453279287312e+02,2.657024594574155003e+02,2.617721550919932270e+02,1.634220054184826440e+05,2.328521896264390634e+01,1.395057487316208267e+01
5.120000000000000000e+03,1.628000000000000000e+04,2.696032142380078085e+02,2.649872757557786258e+02,2.715623887320116410e+02,2.867835683831311826e+02,2.717509962575421696e+02,3.028479842487312226e+02,2.550903190928928836e+02,2.605538309575694029e+02,2.604778379804881752e+02,2.626859837219291194e+02,2.690927544734092862e+02,2.657754126856822836e+02,2.618514981308260872e+02,1.635148744689972664e+05,2.327926338116123617e+01,1.399235824394538952e+01
5.130000000000000000e+03,1.629000000000000000e+04,2.696038920876406451e+02,2.651609390608144849e+02,2.717768649393241276e+02,2.873632272422975120e+02,2.719614169646945356e+02,3.027448024073407851e+02,2.552987835600090420e+02,2.607474365394506322e+02,2.606712128971162201e+02,2.627660409557321373e+02,2.691263591960014310e+02,2.658491045338561776e+02,2.619318176090258703e+02,1.636072435016934760e+05,2.327078973821612706e+01,1.403388638116216924e+01
5.140000000000000000e+03,1.630000000000000000e+04,2.696050383596406164e+02,2.653346238971921025e+02,2.719898391500403818e+02,2.879391343304599786e+02,2.721711441265445046e+02,3.026351518935894660e+02,2.555076832088854530e+02,2.609405871668225245e+02,2.608641422144398803e+02,2.628469547271666897e+02,2.691603511074143853e+02,2.659235194100604076e+02,2.620130959141987432e+02,1.636990900089998613e+05,2.325979910818609397e+01,1.407514829122641942e+01
5.150000000000000000e+03,1.631000000000000000e+04,2.696066513253750259e+02,2.655082900136465014e+02,2.722012613243712167e+02,2.885111481724724172e+02,2.723801210793648124e+02,3.025190573085936876e+02,2.557169663110941542e+02,2.611332377591982663e+02,2.610565808635200824e+02,2.629287072729374586e+02,2.691947216943416379e+02,2.659986415052927669e+02,2.620953151573137916e+02,1.637903916079843184e+05,2.324629288457871468e+01,1.411613290015558775e+01
5.160000000000000000e+03,1.632000000000000000e+04,2.696087291576953362e+02,2.656818971330150134e+02,2.724110817758295298e+02,2.890791296891645743e+02,2.725882916293946892e+02,3.023965428247705631e+02,2.559265812167429885e+02,2.613253433940004129e+02,2.612484839356929456e+02,2.630112805716555044e+02,2.692294623209734254e+02,2.660744547925944516e+02,2.621784571739317471e+02,1.638811260443499777e+05,2.323027277985499239e+01,1.415682905964847293e+01
5.170000000000000000e+03,1.633000000000000000e+04,2.696112699304843545e+02,2.658554049550641594e+02,2.726192511844179762e+02,2.896429422145496346e+02,2.727956000486232711e+02,3.022676322032853022e+02,2.561364763665438886e+02,2.615168593215010446e+02,2.614398066825971227e+02,2.630946563455461273e+02,2.692645642262115189e+02,2.661509430271138399e+02,2.622625035261138464e+02,1.639712711962422472e+05,2.321174082521217485e+01,1.419722555297317967e+01
5.180000000000000000e+03,1.634000000000000000e+04,2.696142716162656257e+02,2.660287731803844054e+02,2.728257206127073005e+02,2.902024515129903079e+02,2.730019910841614887e+02,3.021323488117618012e+02,2.563466003107041615e+02,2.617077409349219579e+02,2.616305045278232910e+02,2.631788160625806086e+02,2.693000185257099020e+02,2.662280897460856295e+02,2.623474355050088889e+02,1.640608050781404017e+05,2.319069937032624651e+01,1.423731110089376983e+01
5.190000000000000000e+03,1.635000000000000000e+04,2.696177320886640700e+02,2.662019615072923671e+02,2.730304414855384039e+02,2.907575257924594325e+02,2.732074099590118976e+02,3.019907156410868652e+02,2.565569016968312326e+02,2.618979438401669881e+02,2.618205330731063896e+02,2.632637409384419698e+02,2.693358162132939242e+02,2.663058782689855661e+02,2.624332341328869234e+02,1.641497058445185539e+05,2.316715108305401571e+01,1.427707436863081547e+01
5.200000000000000000e+03,1.636000000000000000e+04,2.696216491171562666e+02,2.663749296521722272e+02,2.732333656211936272e+02,2.913080357202703112e+02,2.734118023751849478e+02,3.018427553237132770e+02,2.567673292914954573e+02,2.620874238164786902e+02,2.620098481058606694e+02,2.633494119395238044e+02,2.693719481607749344e+02,2.663842916981070630e+02,2.625198801659373657e+02,1.642379517935505719e+05,2.314109894909483600e+01,1.431650397195592106e+01
5.210000000000000000e+03,1.637000000000000000e+04,2.696260203687500052e+02,2.665476373569228485e+02,2.734344452286911746e+02,2.918538544330342575e+02,2.736151145177324224e+02,3.016884901515106776e+02,2.569778319932333943e+02,2.622761368402406106e+02,2.621984056040254814e+02,2.634358097848336229e+02,2.694084051192149332e+02,2.664633129122384503e+02,2.626073540929003229e+02,1.643255213707134826e+05,2.311254627161207509e+01,1.435558848413273658e+01
5.220000000000000000e+03,1.638000000000000000e+04,2.696308434070546127e+02,2.667200443647242878e+02,2.736336329234914615e+02,2.923948575517508175e+02,2.738172930566551031e+02,3.015279420925098748e+02,2.571883588206875970e+02,2.624640390871535374e+02,2.623861617526067675e+02,2.635229149489398992e+02,2.694451777188972983e+02,2.665429245876969162e+02,2.626956361446503365e+02,1.644123931723457936e+05,2.308149667081429257e+01,1.439431644259901688e+01
5.230000000000000000e+03,1.639000000000000000e+04,2.696361156895234217e+02,2.668921104638988027e+02,2.738308817167455800e+02,2.929309231836548975e+02,2.740182851515824609e+02,3.013611328091807309e+02,2.573988589646598939e+02,2.626510869426560930e+02,2.625730729345320356e+02,2.636107076649128658e+02,2.694822564748325817e+02,2.666231091794952022e+02,2.627847062901230402e+02,1.644985459490150679e+05,2.304795408349620445e+01,1.443267635634588331e+01
5.240000000000000000e+03,1.640000000000000000e+04,2.696418345700624855e+02,2.670637954836585095e+02,2.740261450419486096e+02,2.934619319364900321e+02,2.742180384522680470e+02,3.011880836749718355e+02,2.576092817482939381e+02,2.628372370085587590e+02,2.627590957530491664e+02,2.636991679267500785e+02,2.695196317798932455e+02,2.667038489294023975e+02,2.628745442423067971e+02,1.645839586089532822e+05,2.301192276253958369e+01,1.447065671250972585e+01
5.250000000000000000e+03,1.641000000000000000e+04,2.696479972961015505e+02,2.672350592906572615e+02,2.742193767551245855e+02,2.939877669213967692e+02,2.744165011067167939e+02,3.010088157920230287e+02,2.578195766596676890e+02,2.630224461087171903e+02,2.629441870321988404e+02,2.637882754908127367e+02,2.695572939131404837e+02,2.667851258665007208e+02,2.629651294596685602e+02,1.646686102213712293e+05,2.297340727637401514e+01,1.450824598388571118e+01
5.260000000000000000e+03,1.642000000000000000e+04,2.696546010085078251e+02,2.674058618327227350e+02,2.744105311339956188e+02,2.945083137557199962e+02,2.746136217590853903e+02,3.008233500067203749e+02,2.580296933484872284e+02,2.632066712975780547e+02,2.631283038246631918e+02,2.638780098879975640e+02,2.695952330396443699e+02,2.668669218103722187e+02,2.630564411519479791e+02,1.647524800196562137e+05,2.293241250839763268e+01,1.454543263576596246e+01
5.270000000000000000e+03,1.643000000000000000e+04,2.696616427410702954e+02,2.675761631055172529e+02,2.745995628889217528e+02,2.950234605651157267e+02,2.748093495560144675e+02,3.006317069281854515e+02,2.582395816590520781e+02,2.633898698666706650e+02,2.633114034182866021e+02,2.639683504138167791e+02,2.696334392106139717e+02,2.669492183720354888e+02,2.631484582808507184e+02,1.648355474045039155e+05,2.288894365635799844e+01,1.458220513386174666e+01
5.280000000000000000e+03,1.644000000000000000e+04,2.696691194201640087e+02,2.677459231828506176e+02,2.747864271717185147e+02,2.955330979858188130e+02,2.750036341481875297e+02,3.004339069437603484e+02,2.584491916123224655e+02,2.635719993513888539e+02,2.634934433436291670e+02,2.640592761407808666e+02,2.696719023706504572e+02,2.670319969565471183e+02,2.632411595648347316e+02,1.649177919469970511e+05,2.284300623169304600e+01,1.461855195119151141e+01
5.290000000000000000e+03,1.645000000000000000e+04,2.696770278497031086e+02,2.679151022593675862e+02,2.749710795823388025e+02,2.960371191628496490e+02,2.751964256966214180e+02,3.002299702358658351e+02,2.586584734285012246e+02,2.637530175388004636e+02,2.636743813809308676e+02,2.641507659212617796e+02,2.697106123405992548e+02,2.671152387668442429e+02,2.633345234827391437e+02,1.649991933915754780e+05,2.279460605883229718e+01,1.465446157580223741e+01
5.300000000000000000e+03,1.646000000000000000e+04,2.696853647602734441e+02,2.680836605356439009e+02,2.751534761681321015e+02,2.965354197470625195e+02,2.753876748710846414e+02,3.000199167981414234e+02,2.588673775296634858e+02,2.639328824721696947e+02,2.638541755658202419e+02,2.642427983878762916e+02,2.697495588378330922e+02,2.671989248026272321e+02,2.634285282770675281e+02,1.650797316589587717e+05,2.274374927445836647e+01,1.468992251793044801e+01
5.310000000000000000e+03,1.647000000000000000e+04,2.696941267498203274e+02,2.682515583546015705e+02,2.753335734352484678e+02,2.970278978912426737e+02,2.755773328559560014e+02,2.998037664517562462e+02,2.590758545505631787e+02,2.641115524585463845e+02,2.640327841967460358e+02,2.643353519609486852e+02,2.697887314928755131e+02,2.672830358669529005e+02,2.635231519577865811e+02,1.651593868489420856e+05,2.269044232672891326e+01,1.472492331757293016e+01
5.320000000000000000e+03,1.648000000000000000e+04,2.697033103107812053e+02,2.684187561662510006e+02,2.755113283528208967e+02,2.975144542438702615e+02,2.757653513529119209e+02,2.995815388614794301e+02,2.592838553464619054e+02,2.642889860761031287e+02,2.642101658411720564e+02,2.644284048516640269e+02,2.698281198244732195e+02,2.673675525681347267e+02,2.636183723074624368e+02,1.652381392431472195e+05,2.263469197445903802e+01,1.475945255195168571e+01
5.330000000000000000e+03,1.649000000000000000e+04,2.697129118273593917e+02,2.685852145353392189e+02,2.756866983585916842e+02,2.979949919419904063e+02,2.759516825836145699e+02,2.993532535513307948e+02,2.594913310011207841e+02,2.644651421797616422e+02,2.643862793421989181e+02,2.645219350668481297e+02,2.698677132488522261e+02,2.674524553235785334e+02,2.637141668848356630e+02,1.653159693076362601e+05,2.257650528626435715e+01,1.479349884290251183e+01
5.340000000000000000e+03,1.650000000000000000e+04,2.697229275752656008e+02,2.687508941521500674e+02,2.758596413637258706e+02,2.984694166021400861e+02,2.761362792928432555e+02,2.991189299202165444e+02,2.596982328345113729e+02,2.646399799081029869e+02,2.645610838250091206e+02,2.646159204131575962e+02,2.699075010830035808e+02,2.675377243629815780e+02,2.638105130297258256e+02,1.653928576955189346e+05,2.251588963966477763e+01,1.482705086431521835e+01
5.350000000000000000e+03,1.651000000000000000e+04,2.697333537213828549e+02,2.689157558202509790e+02,2.760301157622879487e+02,2.989376363097426292e+02,2.763190947522929264e+02,2.988785872578609997e+02,2.599045124136654863e+02,2.648134586895478151e+02,2.647345387031365931e+02,2.647103385022444400e+02,2.699474725504394428e+02,2.676233397319868459e+02,2.639073878665046209e+02,1.654687852494557155e+05,2.245285272014905331e+01,1.486009734958525641e+01
5.360000000000000000e+03,1.652000000000000000e+04,2.697441863236327890e+02,2.690797604904042828e+02,2.761980804299449801e+02,2.993995616081393791e+02,2.765000827611958130e+02,2.986322447594747587e+02,2.601101215541207239e+02,2.649855382528386372e+02,2.649066036847173109e+02,2.648051667540187282e+02,2.699876167793514696e+02,2.677092812968925273e+02,2.640047683108233514e+02,1.655437330039541412e+05,2.238740252020039634e+01,1.489262709885258573e+01
5.370000000000000000e+03,1.653000000000000000e+04,2.697554213319062342e+02,2.692428692894391133e+02,2.763634947290395871e+02,2.998551054828379847e+02,2.766791976497858059e+02,2.983799215417093933e+02,2.603150123363363946e+02,2.651561786140194954e+02,2.650772387783117097e+02,2.649003824057631391e+02,2.700279228092953190e+02,2.677955287485578992e+02,2.641026310731998024e+02,1.656176821878713090e+05,2.231954733828305137e+01,1.492462898596729026e+01
5.380000000000000000e+03,1.654000000000000000e+04,2.697670545870000183e+02,2.694050434604827160e+02,2.765263185192694664e+02,3.003041833475090812e+02,2.768563942837360514e+02,2.981216366569939282e+02,2.605191371039491059e+02,2.653253401123889716e+02,2.652464042989247446e+02,2.649959625196743218e+02,2.700683795920861030e+02,2.678820616072825942e+02,2.642009526641433581e+02,1.656906142264457885e+05,2.224929577779017364e+01,1.495609196614461567e+01
5.390000000000000000e+03,1.655000000000000000e+04,2.697790818224141276e+02,2.695662444178086616e+02,2.766865121648124273e+02,3.007467130328510052e+02,2.770316280651646252e+02,2.978574091087920124e+02,2.607224484822536397e+02,2.654929833967537434e+02,2.654140608744021961e+02,2.650918839576015671e+02,2.701089759950183407e+02,2.679688592264770364e+02,2.642997093995433602e+02,1.657625107436465332e+05,2.217665674595298242e+01,1.498700508315099000e+01
5.400000000000000000e+03,1.656000000000000000e+04,2.697914986632656564e+02,2.697264337477262757e+02,2.768440365264106617e+02,3.011826147603032382e+02,2.772048549353700082e+02,2.975872578660536760e+02,2.609248993729427184e+02,2.656590694349766295e+02,2.655801694506747026e+02,2.651881234423586875e+02,2.701497008039411298e+02,2.680559007984739992e+02,2.643988774060080118e+02,1.658333535640683258e+05,2.210163945271138530e+01,1.501735747576578106e+01
5.410000000000000000e+03,1.657000000000000000e+04,2.698043006278593907e+02,2.698855732134720142e+02,2.769988529677357292e+02,3.016118111257517285e+02,2.773760313776222119e+02,2.973112018777011372e+02,2.611264429917214329e+02,2.658235595205900381e+02,2.657446912937379579e+02,2.652846575203476505e+02,2.701905427262488502e+02,2.681431653590113910e+02,2.644984326260243961e+02,1.659031247150593554e+05,2.202425340954628652e+01,1.504713838531555226e+01
5.420000000000000000e+03,1.658000000000000000e+04,2.698174831269218430e+02,2.700436247663900531e+02,2.771509233890039923e+02,3.020342270873817370e+02,2.775451144190826653e+02,2.970292600868195905e+02,2.613270327952732828e+02,2.659864152778335438e+02,2.659075880123735942e+02,2.653814625797043618e+02,2.702314903932489756e+02,2.682306317927825603e+02,2.645983508242729840e+02,1.659718064285550790e+05,2.194450842827358983e+01,1.507633716154177250e+01
5.430000000000000000e+03,1.659000000000000000e+04,2.698310414660078322e+02,2.702005505444694222e+02,2.773002101808425550e+02,3.024497899336063256e+02,2.777120616336387684e+02,2.967414514451618857e+02,2.615266226042193694e+02,2.661475986677913852e+02,2.660688215364326084e+02,2.654785148564429278e+02,2.702725323671370461e+02,2.683182788387487676e+02,2.646986075924502302e+02,1.660393811429649068e+05,2.186241461980018741e+01,1.510494327054528441e+01
5.440000000000000000e+03,1.660000000000000000e+04,2.698449708445234592e+02,2.703563128911032436e+02,2.774466762678399618e+02,3.028584292654957153e+02,2.778768311447322503e+02,2.964477949267394479e+02,2.617251665234975917e+02,2.663070719935454918e+02,2.662283541425906606e+02,2.655757904400372240e+02,2.703136571381919566e+02,2.684060850954714965e+02,2.647991783557849317e+02,1.661058315049062367e+05,2.177798239284194182e+01,1.513294630045106359e+01
5.450000000000000000e+03,1.661000000000000000e+04,2.698592663568359740e+02,2.705108743558105289e+02,2.775902850924358063e+02,3.032600769728404657e+02,2.780393816249170413e+02,2.961483095418294056e+02,2.619226189921944297e+02,2.664647979053526115e+02,2.663861484502227199e+02,2.656732652792616136e+02,2.703548531323755242e+02,2.684940290270781134e+02,2.649000383787330861e+02,1.661711403708601720e+05,2.169122245260399851e+01,1.516033596824007113e+01
5.460000000000000000e+03,1.662000000000000000e+04,2.698739229930624788e+02,2.706641977050670675e+02,2.777310006287278838e+02,3.036546672088949208e+02,2.781996723004245951e+02,2.958430143500946770e+02,2.621189347669066478e+02,2.666207394054272868e+02,2.665421674317748284e+02,2.657709151888086581e+02,2.703961087138287098e+02,2.685820889691815410e+02,2.650011627711903657e+02,1.662352908087922842e+05,2.160214579942346802e+01,1.518710212578221075e+01
5.470000000000000000e+03,1.663000000000000000e+04,2.698889356429140207e+02,2.708162459212617819e+02,2.778687873861376261e+02,3.040421363661520786e+02,2.783576629523906831e+02,2.955319284755798890e+02,2.623140689317712599e+02,2.667748598553302486e+02,2.666963744154174947e+02,2.658687158551811081e+02,2.704374121811007967e+02,2.686702431341807369e+02,2.651025264940095667e+02,1.662982660996897030e+05,2.151076372737468745e+01,1.521323476608326075e+01
5.480000000000000000e+03,1.664000000000000000e+04,2.699042990855781454e+02,2.709669822227201053e+02,2.780036104036969959e+02,3.044224230487058662e+02,2.785133139185817299e+02,2.952150711178423990e+02,2.625079769189401304e+02,2.669271229762482562e+02,2.668487330902642611e+02,2.659666428426742755e+02,2.704787517959167644e+02,2.687584696185225539e+02,2.652041043666947644e+02,1.663600497389905504e+05,2.141708782283718904e+01,1.523872402933186265e+01
5.490000000000000000e+03,1.665000000000000000e+04,2.699200080049999997e+02,2.711163700703151562e+02,2.781354352574705899e+02,3.047954680415328994e+02,2.786665860948207296e+02,2.948924615652856573e+02,2.627006145072770096e+02,2.670774928579858170e+02,2.669992075109542498e+02,2.660646716010732575e+02,2.705201157543185104e+02,2.688467464082431206e+02,2.653058710727532343e+02,1.664206254379991442e+05,2.132112996302672414e+01,1.526356020857161333e+01
5.500000000000000000e+03,1.666000000000000000e+04,2.699360569833515342e+02,2.712643731512279146e+02,2.782642280703444158e+02,3.051612142870499724e+02,2.788174409379573717e+02,2.945641192096888972e+02,2.628919378269050640e+02,2.672259339619193952e+02,2.671477621026034512e+02,2.661627774702797069e+02,2.705614922052748739e+02,2.689350513854168980e+02,2.654078011660272978e+02,1.664799771251315251e+05,2.122290231448931763e+01,1.528773375556481362e+01
5.510000000000000000e+03,1.667000000000000000e+04,2.699524405027578382e+02,2.714109554266826194e+02,2.783899555070257748e+02,3.055196068534474989e+02,2.789658404661904569e+02,2.942300635578749848e+02,2.630819033554103044e+02,2.673724111278055489e+02,2.672943616654413290e+02,2.662609356891803714e+02,2.706028692562684341e+02,2.690233623339502174e+02,2.655098690781455844e+02,1.665380889472476847e+05,2.112241733155867252e+01,1.531123528591336402e+01
5.520000000000000000e+03,1.668000000000000000e+04,2.699691529479218843e+02,2.715560811029085926e+02,2.785125847759671842e+02,3.058705929045507332e+02,2.791117472593067532e+02,2.938903142441520799e+02,2.632704679509411676e+02,2.675168895732157353e+02,2.674389713789450411e+02,2.663591214004867993e+02,2.706442349697121585e+02,2.691116569488916639e+02,2.656120491243876245e+02,1.665949452706644079e+05,2.101968775477704909e+01,1.533405558476899166e+01
5.530000000000000000e+03,1.669000000000000000e+04,2.699861886049922077e+02,2.716997146535221646e+02,2.786320836384113591e+02,3.062141216695275148e+02,2.792551244627343294e+02,2.935448910431500167e+02,2.634575888345068506e+02,2.676593349024716417e+02,2.675815568066427090e+02,2.664573096583406482e+02,2.706855773747499825e+02,2.691999128393544538e+02,2.657143155110981638e+02,1.666505306824470754e+05,2.091472660927992067e+01,1.535618561173329866e+01
5.540000000000000000e+03,1.670000000000000000e+04,2.700035416643046915e+02,2.718418208243522258e+02,2.787484204067283144e+02,3.065501444111358751e+02,2.793959357872060991e+02,2.931938138816382207e+02,2.636432236042393811e+02,2.677997131096412886e+02,2.677220838999040211e+02,2.665554754349102495e+02,2.707268844658182161e+02,2.692881075375488535e+02,2.658166423418953173e+02,1.667048299913088849e+05,2.080754720314450879e+01,1.537761650585139073e+01
5.550000000000000000e+03,1.671000000000000000e+04,2.700212062212891055e+02,2.719823646402438158e+02,2.788615639470834822e+02,3.068786143938019677e+02,2.795341455103804265e+02,2.928371028508393010e+02,2.638273302404916194e+02,2.679379905820948693e+02,2.678605190023270097e+02,2.666535936271711762e+02,2.707681442075410700e+02,2.693762185051913320e+02,2.659190036250785170e+02,1.667578282286293106e+05,2.069816312570240058e+01,1.539833959036704769e+01
5.560000000000000000e+03,1.672000000000000000e+04,2.700391762779609053e+02,2.721213114111575919e+02,2.789714836817365722e+02,3.071994868510822698e+02,2.796697184775752589e+02,2.924747782183103482e+02,2.640098671113989894e+02,2.680741341049779294e+02,2.679968288533659688e+02,2.667516390644622106e+02,2.708093445381437618e+02,2.694642231402053767e+02,2.660213732806000166e+02,1.668095106493817875e+05,2.058658824581661406e+01,1.541834637732284108e+01
5.570000000000000000e+03,1.673000000000000000e+04,2.700574457439765865e+02,2.722586267384215262e+02,2.790781495934804184e+02,3.075127189523034872e+02,2.798026201043941228e+02,2.921068604392571615e+02,2.641907929739422229e+02,2.682081108647230394e+02,2.681309805931553001e+02,2.668495865145791868e+02,2.708504733734206411e+02,2.695520987838654037e+02,2.661237251441754097e+02,1.668598627328984148e+05,2.047283671012311856e+01,1.543762857184513138e+01
5.580000000000000000e+03,1.674000000000000000e+04,2.700760084381640809e+02,2.723942765221335094e+02,2.791815322193482416e+02,3.078182697696537389e+02,2.799328163725216996e+02,2.917333701688526162e+02,2.643700669926821547e+02,2.683398884529096335e+02,2.682629417644905629e+02,2.669474106916498499e+02,2.708915186100093706e+02,2.696398227278257309e+02,2.662260329821726828e+02,1.669088701837654517e+05,2.035692294123717971e+01,1.545617807652820375e+01
