time_s,panel1,panel2,panel3,panel4,panel5,panel6,pcb4,pcb3,pcb2,pcb1,battery
1.000000000000000000e+01,3.213904748730853953e+02,2.851156018545325423e+02,2.976033159048697598e+02,2.610110298340512713e+02,2.639055777429660452e+02,2.650108780550128813e+02,2.680911482131783146e+02,2.730050128139900494e+02,2.750712277765749718e+02,2.682094694913184298e+02,2.734994552625826714e+02
2.000000000000000000e+01,3.217765020875939399e+02,2.852695267015468517e+02,2.970843132965651989e+02,2.611972066993092199e+02,2.640466146616342371e+02,2.651430498423843574e+02,2.681702261276490731e+02,2.730641126658026678e+02,2.751368745432961873e+02,2.682865335735198755e+02,2.735075137549497981e+02
3.000000000000000000e+01,3.221498237810295677e+02,2.854207877290327815e+02,2.965830685525327226e+02,2.614023623709525168e+02,2.641841871861052482e+02,2.652749996454376173e+02,2.682491731819293364e+02,2.731219393114316745e+02,2.752012383364805714e+02,2.683629639794454533e+02,2.735157273892902481e+02
4.000000000000000000e+01,3.225142937828202889e+02,2.855712358285339292e+02,2.960922851417445258e+02,2.616260216698805721e+02,2.643201621159766432e+02,2.654045302090822247e+02,2.683277829604770091e+02,2.731804353982873863e+02,2.752652661314920692e+02,2.684395630232373264e+02,2.735242757442440507e+02
5.000000000000000000e+01,3.228717862205347728e+02,2.857173048030216478e+02,2.956153393379844374e+02,2.618712771283639427e+02,2.644557313737598179e+02,2.655360553786014179e+02,2.684075387798003476e+02,2.732391123837592772e+02,2.753295087240272778e+02,2.685171259456869848e+02,2.735332101833288334e+02
6.000000000000000000e+01,3.232201728538403813e+02,2.858629310716831355e+02,2.951527091478205875e+02,2.621327615614175670e+02,2.645901003465069721e+02,2.656647902349953938e+02,2.684871530091359659e+02,2.732972746022447836e+02,2.753928659369908019e+02,2.685940605460693860e+02,2.735419270129730762e+02
7.000000000000000000e+01,3.235589105654277091e+02,2.860045500432100880e+02,2.947021325342234377e+02,2.624127094607387107e+02,2.647252651663425240e+02,2.657919182728146552e+02,2.685664351050162963e+02,2.733559401306586665e+02,2.754560558057902426e+02,2.686713298347798400e+02,2.735512434527578876e+02
8.000000000000000000e+01,3.238905874985234163e+02,2.861457681926441410e+02,2.942615079163511496e+02,2.627096068784019849e+02,2.648584111683307469e+02,2.659186073080197730e+02,2.686462908636835323e+02,2.734146121850291706e+02,2.755192667871359049e+02,2.687490003046025890e+02,2.735605604600535230e+02
9.000000000000000000e+01,3.242108173234925630e+02,2.862833461534147546e+02,2.938342654952508610e+02,2.630233615491764567e+02,2.649887568996036862e+02,2.660457317216611841e+02,2.687262478356705060e+02,2.734732818019825231e+02,2.755822947586430018e+02,2.688269466784195743e+02,2.735702827059465108e+02
1.000000000000000000e+02,3.245247415185505133e+02,2.864205286287984791e+02,2.934178397621552676e+02,2.633549801050298242e+02,2.651202832137849441e+02,2.661708149359341178e+02,2.688068700979510481e+02,2.735322810932117363e+02,2.756448145442423652e+02,2.689045510087300954e+02,2.735802708719897964e+02
1.100000000000000000e+02,3.248281648456834887e+02,2.865552968263148159e+02,2.930095210363113551e+02,2.637051782104131803e+02,2.652510131525705788e+02,2.662966908040065164e+02,2.688870627185016247e+02,2.735916260349766844e+02,2.757073535782810154e+02,2.689827233804489879e+02,2.735902592434799772e+02
1.200000000000000000e+02,3.251242410767753199e+02,2.866856354329490273e+02,2.926160990407563531e+02,2.640672339876438173e+02,2.653813517592047901e+02,2.664205965736928192e+02,2.689678512227974920e+02,2.736507928470059596e+02,2.757697058430803168e+02,2.690610003515291169e+02,2.736006506482207783e+02
1.300000000000000000e+02,3.254099002018881492e+02,2.868155505195153410e+02,2.922287701591729387e+02,2.644464943948364066e+02,2.655104672630869231e+02,2.665448730926256644e+02,2.690489770512757559e+02,2.737102957054745502e+02,2.758317220614403027e+02,2.691397781979104593e+02,2.736112107150528914e+02
1.400000000000000000e+02,3.256858677886795022e+02,2.869434735701121895e+02,2.918546504812566127e+02,2.648415458195154315e+02,2.656377749720734300e+02,2.666687693907660446e+02,2.691309213906430386e+02,2.737703217948244401e+02,2.758941099610851211e+02,2.692188582899959215e+02,2.736220030411511175e+02
1.500000000000000000e+02,3.259561834883916163e+02,2.870693593800326084e+02,2.914866854983967528e+02,2.652498765699399428e+02,2.657650798787926192e+02,2.667882011169197085e+02,2.692119715324942035e+02,2.738299816860882743e+02,2.759559424092423114e+02,2.692974018315815101e+02,2.736330315723295143e+02
1.600000000000000000e+02,3.262136844138614151e+02,2.871912858295550564e+02,2.911321183401478265e+02,2.656718270335418310e+02,2.658902255488978312e+02,2.669109354316834128e+02,2.692940864535834180e+02,2.738903458157562909e+02,2.760181594281770572e+02,2.693773221950397669e+02,2.736441622070979633e+02
1.700000000000000000e+02,3.264662740191155876e+02,2.873139449824412850e+02,2.907835094471658408e+02,2.661083383452755697e+02,2.660160983910461709e+02,2.670303805748599189e+02,2.693757370795949555e+02,2.739503334599967275e+02,2.760794806679501789e+02,2.694561378181552413e+02,2.736558264006279160e+02
1.800000000000000000e+02,3.267084576013161268e+02,2.874330212726917466e+02,2.904455796478705452e+02,2.665588742170953651e+02,2.661408064896260157e+02,2.671502618090592023e+02,2.694583479449111110e+02,2.740110311311579494e+02,2.761415270789651117e+02,2.695363898850870328e+02,2.736672926706706335e+02
1.900000000000000000e+02,3.269449106849748432e+02,2.875500390130286519e+02,2.901138949116929098e+02,2.670228374876189150e+02,2.662634759459588167e+02,2.672687086426485621e+02,2.695414742495357814e+02,2.740717333015116424e+02,2.762035698500527019e+02,2.696166499749032255e+02,2.736792663418931397e+02
2.000000000000000000e+02,3.271685915817146793e+02,2.876650856685157009e+02,2.897904579300616206e+02,2.674983272287479394e+02,2.663873710875789698e+02,2.673871517171110668e+02,2.696234554140016257e+02,2.741327201889252478e+02,2.762642236564085465e+02,2.696962995719648006e+02,2.736915966975386141e+02
2.100000000000000000e+02,3.273840676013228972e+02,2.877796830407148718e+02,2.894757324541894263e+02,2.679873047735629257e+02,2.665100351811669270e+02,2.675057740119002574e+02,2.697074968365987502e+02,2.741939393685201480e+02,2.763267852781343663e+02,2.697771305905375243e+02,2.737039432130863474e+02
2.200000000000000000e+02,3.275930600457090804e+02,2.878902320988391352e+02,2.891690860471685482e+02,2.684892309881290089e+02,2.666326830983297782e+02,2.676227851620868137e+02,2.697906326359861282e+02,2.742552865627671963e+02,2.763881298546235712e+02,2.698575847398197425e+02,2.737163474619636645e+02
2.300000000000000000e+02,3.277933971187574684e+02,2.879996541861682431e+02,2.888681845145267175e+02,2.690009354672006907e+02,2.667517669362174502e+02,2.677378299708336726e+02,2.698742814770848781e+02,2.743169752378306043e+02,2.764491466574622791e+02,2.699382153598220384e+02,2.737290888570102538e+02
2.400000000000000000e+02,3.279840805467300697e+02,2.881058604375026562e+02,2.885769304898690280e+02,2.695230975503467334e+02,2.668724464179192637e+02,2.678536971498540993e+02,2.699583318746738883e+02,2.743790019600637038e+02,2.765103354840547922e+02,2.700192425917068704e+02,2.737422011343292638e+02
2.500000000000000000e+02,3.281659258065587892e+02,2.882120513747778432e+02,2.882905024097229898e+02,2.700572995773127332e+02,2.669899119002100178e+02,2.679671347928261298e+02,2.700424771624324194e+02,2.744406907193620100e+02,2.765716881592836671e+02,2.701005928067516493e+02,2.737556110782095402e+02
2.600000000000000000e+02,3.283418550455184004e+02,2.883161653667000337e+02,2.880136868019330905e+02,2.706035776646804720e+02,2.671077359051322446e+02,2.680809201014417340e+02,2.701266230085334996e+02,2.745027090699351788e+02,2.766330334557333117e+02,2.701819430217964282e+02,2.737690215858310694e+02
2.700000000000000000e+02,3.285084112519161295e+02,2.884159306731691572e+02,2.877409310915477931e+02,2.711587192256321828e+02,2.672251996341458948e+02,2.681927506569525121e+02,2.702110997410861728e+02,2.745653951659585914e+02,2.766940444634637970e+02,2.702632934255494206e+02,2.737827659785756396e+02
2.800000000000000000e+02,3.286641811294623494e+02,2.885151886238007251e+02,2.874754284216905944e+02,2.717259711841409739e+02,2.673430115003892524e+02,2.683057214939612436e+02,2.702961656724278896e+02,2.746282706621637431e+02,2.767555737417040973e+02,2.703451656558370928e+02,2.737965512116681452e+02
2.900000000000000000e+02,3.288142655814106661e+02,2.886128296524305483e+02,2.872139805700484203e+02,2.723021286155923235e+02,2.674575991531172576e+02,2.684170798016517665e+02,2.703813135538787265e+02,2.746912928919197725e+02,2.768162499926920646e+02,2.704271280845179035e+02,2.738107995485047468e+02
3.000000000000000000e+02,3.289550668738574473e+02,2.887085755134290821e+02,2.869613509601461487e+02,2.728846327331276598e+02,2.675734542230291595e+02,2.685273121501459173e+02,2.704664614353295633e+02,2.747541477191192030e+02,2.768775958539064845e+02,2.705090905131987142e+02,2.738252140100157703e+02
3.100000000000000000e+02,3.290890097735923518e+02,2.888013673084458901e+02,2.867120049690526002e+02,2.734801724161606558e+02,2.676872384866269954e+02,2.686370590816631534e+02,2.705526248198752910e+02,2.748178859211623148e+02,2.769389722505763984e+02,2.705920506671200769e+02,2.738398851920653101e+02
3.200000000000000000e+02,3.292109423433060442e+02,2.888928152056832914e+02,2.864705511849666095e+02,2.740794003386957911e+02,2.677987483706898502e+02,2.687461453700020684e+02,2.706384419645904700e+02,2.748814120038086344e+02,2.770000443307257569e+02,2.706746827271043685e+02,2.738549705567123169e+02
3.300000000000000000e+02,3.293260139283349304e+02,2.889821344870061353e+02,2.862355927390970578e+02,2.746884294423190909e+02,2.679113835643629500e+02,2.688523596052165772e+02,2.707244278093775165e+02,2.749453681558733251e+02,2.770611164108751154e+02,2.707571500426221860e+02,2.738698883475619255e+02
3.400000000000000000e+02,3.294344934813278201e+02,2.890703515064298585e+02,2.860024998779233556e+02,2.753099593941877856e+02,2.680222657738187308e+02,2.689608035300384472e+02,2.708106712777257030e+02,2.750093250572002717e+02,2.771221893464996242e+02,2.708403650249613861e+02,2.738853547789605045e+02
3.500000000000000000e+02,3.295323614591570163e+02,2.891545898184078851e+02,2.857770932352211730e+02,2.759340475334662415e+02,2.681313643025401348e+02,2.690658872133182626e+02,2.708970005295599890e+02,2.750735267991366868e+02,2.771835395275404608e+02,2.709231747430814039e+02,2.739006085319854833e+02
3.600000000000000000e+02,3.296243765341253606e+02,2.892385055664899483e+02,2.855551586645931366e+02,2.765682850735470879e+02,2.682411093172465257e+02,2.691732002686654255e+02,2.709838248595015671e+02,2.751382385631985130e+02,2.772442157375683109e+02,2.710064799350407156e+02,2.739160298448043704e+02
3.700000000000000000e+02,3.297067060604933317e+02,2.893200121157836975e+02,2.853372674082212939e+02,2.772114081760311706e+02,2.683490799315966910e+02,2.692765048378792017e+02,2.710705746726969210e+02,2.752029504798139783e+02,2.773057448930710507e+02,2.710898634644475464e+02,2.739323362109207665e+02
3.800000000000000000e+02,3.297815351719509636e+02,2.893980552723983237e+02,2.851248700636498938e+02,2.778566548541605243e+02,2.684570465135648760e+02,2.693810990536618988e+02,2.711579000399784718e+02,2.752677324356061490e+02,2.773664209556550304e+02,2.711735036565258952e+02,2.739482600652713700e+02
3.900000000000000000e+02,3.298477228315393859e+02,2.894763298522070727e+02,2.849174692541549803e+02,2.785118828283787593e+02,2.685643819034064563e+02,2.694851958171347519e+02,2.712448906502296495e+02,2.753325143913982629e+02,2.774274317752693833e+02,2.712571412932069848e+02,2.739646860551675900e+02
4.000000000000000000e+02,3.299056522942417473e+02,2.895535749908306116e+02,2.847155287988482542e+02,2.791708207191857127e+02,2.686697776916735165e+02,2.695865650373060021e+02,2.713328132313023389e+02,2.753982477556022559e+02,2.774882900707265208e+02,2.713411980213567176e+02,2.739813294386161147e+02
4.100000000000000000e+02,3.299573082017473098e+02,2.896270164869691257e+02,2.845161994729274966e+02,2.798373604125938527e+02,2.687746866386424927e+02,2.696874353932232680e+02,2.714203908037459883e+02,2.754637004339869009e+02,2.775496359319408270e+02,2.714246694160225388e+02,2.739981742305124044e+02
4.200000000000000000e+02,3.299991410035619879e+02,2.896986141099135352e+02,2.843223015208040465e+02,2.805091651318606409e+02,2.688776634667045187e+02,2.697872080066782132e+02,2.715079683761896376e+02,2.755291531123714890e+02,2.776103117973714802e+02,2.715088146158677205e+02,2.740150190224086373e+02
4.300000000000000000e+02,3.300338487268140284e+02,2.897680110665328925e+02,2.841310561757338178e+02,2.811861880056201244e+02,2.689817540143376391e+02,2.698864630727856593e+02,2.715958054453709565e+02,2.755950299404771044e+02,2.776713276469777156e+02,2.715929599036262516e+02,2.740324521376708731e+02
4.400000000000000000e+02,3.300596534706708098e+02,2.898349922673211836e+02,2.839438521196870511e+02,2.818688740690888039e+02,2.690826242260898198e+02,2.699857185185375101e+02,2.716844890492792501e+02,2.756612915861977058e+02,2.777325311417293960e+02,2.716775979512436265e+02,2.740496514598870021e+02
4.500000000000000000e+02,3.300780997270136368e+02,2.899007720825740648e+02,2.837593405947295651e+02,2.825539437937021603e+02,2.691837053043105357e+02,2.700843882414167751e+02,2.717728224807315769e+02,2.757274982057229522e+02,2.777932934313113833e+02,2.717620795746154272e+02,2.740675862289982092e+02
4.600000000000000000e+02,3.300878021517403340e+02,2.899637216697616964e+02,2.835817982823179477e+02,2.832454855364520085e+02,2.692845732124417850e+02,2.701796112896152522e+02,2.718613300717817651e+02,2.757938795384608852e+02,2.778540557208933706e+02,2.718465611979871710e+02,2.740851864582851931e+02
4.700000000000000000e+02,3.300894149134307440e+02,2.900266492738182933e+02,2.834058957704964996e+02,2.839402732835792449e+02,2.693814066498152329e+02,2.702756402427329476e+02,2.719500949887652155e+02,2.758607880709577103e+02,2.779151699590042881e+02,2.719309558439091461e+02,2.741031752944768414e+02
4.800000000000000000e+02,3.300829757925058061e+02,2.900853932082814595e+02,2.832337152729321019e+02,2.846386324710265399e+02,2.694787607564594509e+02,2.703705758425664953e+02,2.720391146222652878e+02,2.759275544831341449e+02,2.779762800195644559e+02,2.720162640144327497e+02,2.741215541237643833e+02
4.900000000000000000e+02,3.300692999969394350e+02,2.901433146538540768e+02,2.830647510752083917e+02,2.853402202342680312e+02,2.695746488945578676e+02,2.704632366133304231e+02,2.721274294120353261e+02,2.759942088337365362e+02,2.780366007448625965e+02,2.721005792889063741e+02,2.741400502928834158e+02
5.000000000000000000e+02,3.300483253931490140e+02,2.901989974240089509e+02,2.828977090139169945e+02,2.860463027544012675e+02,2.696705371540567739e+02,2.705558969474426476e+02,2.722170514640986312e+02,2.760621802703072376e+02,2.780979797708511114e+02,2.721858072425509363e+02,2.741591572885377559e+02
5.100000000000000000e+02,3.300185551076551178e+02,2.902529031244639555e+02,2.827351939461366328e+02,2.867534974208581957e+02,2.697670788139014917e+02,2.706476139795764198e+02,2.723056993349264872e+02,2.761286668090789362e+02,2.781581339556203716e+02,2.722704581406857756e+02,2.741779865387145492e+02
5.200000000000000000e+02,3.299814378524942526e+02,2.903045452273278784e+02,2.825746051945343993e+02,2.874668434336026621e+02,2.698582755419787418e+02,2.707379935000431033e+02,2.723954010607140503e+02,2.761964497716711548e+02,2.782193381852513312e+02,2.723556071892243153e+02,2.741970401923916825e+02
5.300000000000000000e+02,3.299347741754003778e+02,2.903536274112325373e+02,2.824169111844656754e+02,2.881788788473805880e+02,2.699491843893558212e+02,2.708273063784587862e+02,2.724843050467338799e+02,2.762639635071035968e+02,2.782794991415732966e+02,2.724401686114067047e+02,2.742160908643995185e+02
5.400000000000000000e+02,3.298807057245205669e+02,2.903999625070657089e+02,2.822643979668964676e+02,2.888970649268279089e+02,2.700403754911988017e+02,2.709168687962435342e+02,2.725741764156554723e+02,2.763315805856273641e+02,2.783403666395406617e+02,2.725258211417180405e+02,2.742358187020085438e+02
5.500000000000000000e+02,3.298211638055767025e+02,2.904462958984718739e+02,2.821131369394105377e+02,2.896131270930621895e+02,2.701312843385758811e+02,2.710029651833679054e+02,2.726631573675410323e+02,2.763992329081012258e+02,2.784001877432521610e+02,2.726101364161916081e+02,2.742553141143008020e+02
5.600000000000000000e+02,3.297519763071650232e+02,2.904881349761663500e+02,2.819634994300899962e+02,2.903315909209341044e+02,2.702205955806456927e+02,2.710890473484016070e+02,2.727531903132907587e+02,2.764675151992078668e+02,2.784608822891681825e+02,2.726957819352515457e+02,2.742753769213680926e+02
5.700000000000000000e+02,3.296755529679707024e+02,2.905299616573057619e+02,2.818162491505891012e+02,2.910508683087392114e+02,2.703068123648465644e+02,2.711751314558026706e+02,2.728426950143271483e+02,2.765353994867624010e+02,2.785212230255824011e+02,2.727809310954871762e+02,2.742956584472344730e+02
5.800000000000000000e+02,3.295908494972463814e+02,2.905695181620047833e+02,2.816734156842852030e+02,2.917730907533599520e+02,2.703930243166948912e+02,2.712590644004062597e+02,2.729330678265132519e+02,2.766040239492552359e+02,2.785815871118131781e+02,2.728660791116370206e+02,2.743160588185350548e+02
5.900000000000000000e+02,3.294983354699900246e+02,2.906065230968176820e+02,2.815326120075578160e+02,2.924955855901708901e+02,2.704775144933146294e+02,2.713411362276383443e+02,2.730218835091716869e+02,2.766718428122579212e+02,2.786414082155246774e+02,2.729503943861105881e+02,2.743360551237157665e+02
6.000000000000000000e+02,3.293982931682552362e+02,2.906404282593309176e+02,2.813913961276448958e+02,2.932194148844466213e+02,2.705622391265265492e+02,2.714222386137639660e+02,2.731126836062881011e+02,2.767410030306201634e+02,2.787019437680175997e+02,2.730362978542637507e+02,2.743571902119323909e+02
6.100000000000000000e+02,3.292925742171813113e+02,2.906743107048096704e+02,2.812542124388006073e+02,2.939432470423442965e+02,2.706444265874705479e+02,2.715033366795121879e+02,2.732022001040393775e+02,2.768095624134103900e+02,2.787616198063267348e+02,2.731214509708308356e+02,2.743781442969784621e+02
6.200000000000000000e+02,3.291767191472694094e+02,2.907040816642814889e+02,2.811182358832909358e+02,2.946665524523263571e+02,2.707266119542888987e+02,2.715821775462044343e+02,2.732920404335230842e+02,2.768777823678497043e+02,2.788212912091362341e+02,2.732062630860548893e+02,2.743992639285916084e+02
6.300000000000000000e+02,3.290540532847674626e+02,2.907323276311681752e+02,2.809850958832280412e+02,2.953895876334446484e+02,2.708064994739479516e+02,2.716620606129529278e+02,2.733821490521831947e+02,2.769468774635014938e+02,2.788813041974119074e+02,2.732913288339972269e+02,2.744206147792065735e+02
6.400000000000000000e+02,3.289224966238040224e+02,2.907595985876834561e+02,2.808551426761709990e+02,2.961107318477779131e+02,2.708851176757871713e+02,2.717382675138795207e+02,2.734718208529979506e+02,2.770157647582420850e+02,2.789404731302691971e+02,2.733760572740556540e+02,2.744420697959303084e+02
6.500000000000000000e+02,3.287845283984453886e+02,2.907830178044907257e+02,2.807244157830075437e+02,2.968337634434317351e+02,2.709617856568971206e+02,2.718141302086091855e+02,2.735613264740411523e+02,2.770843193733534804e+02,2.789999762734358910e+02,2.734607857156348700e+02,2.744638605637431965e+02
6.600000000000000000e+02,3.286389129482432736e+02,2.908063436178500183e+02,2.805956919664304223e+02,2.975538503160550476e+02,2.710390174876009723e+02,2.718873397555701672e+02,2.736516025860363470e+02,2.771530805443683789e+02,2.790594865033586984e+02,2.735455156719934848e+02,2.744858824412477816e+02
6.700000000000000000e+02,3.284848052361403461e+02,2.908249246786959930e+02,2.804705924123895784e+02,2.982736623720057310e+02,2.711132740951335904e+02,2.719615855695580535e+02,2.737411072890337209e+02,2.772223032077340008e+02,2.791183180169052775e+02,2.736303279961179555e+02,2.745076726838061063e+02
6.800000000000000000e+02,3.283239051965064732e+02,2.908414447744032145e+02,2.803450911243412520e+02,2.989921158708552866e+02,2.711864793573894872e+02,2.720331842408866123e+02,2.738306133954044981e+02,2.772911927336983240e+02,2.791769823385407676e+02,2.737148044982352530e+02,2.745301332552280655e+02
6.900000000000000000e+02,3.281544584911279685e+02,2.908579628069573459e+02,2.802224204088848865e+02,2.997086993371912627e+02,2.712591162586222140e+02,2.721041958392588072e+02,2.739207221152385046e+02,2.773606240390062112e+02,2.792359894999181620e+02,2.737991981712664256e+02,2.745525764980424128e+02
7.000000000000000000e+02,3.279798790423054129e+02,2.908716405715642850e+02,2.801009323261229156e+02,3.004239481917106787e+02,2.713307129365974788e+02,2.721741965652817044e+02,2.740099930464545537e+02,2.774297173276474950e+02,2.792944953828047687e+02,2.738835909500387515e+02,2.745750221783633833e+02
7.100000000000000000e+02,3.277951026076599987e+02,2.908821376888444092e+02,2.799798926660689062e+02,3.011372988307550713e+02,2.714001144717570355e+02,2.722419851046093413e+02,2.740998325941386611e+02,2.774984407220038065e+02,2.793531577830216293e+02,2.739677328199205135e+02,2.745981520967826555e+02
7.200000000000000000e+02,3.276036146572072312e+02,2.908909898606795537e+02,2.798616155992500012e+02,3.018469451688549725e+02,2.714669019141600756e+02,2.723079620314294971e+02,2.741890105852881447e+02,2.775678390131500350e+02,2.794109899978715248e+02,2.740520501420367623e+02,2.746209503416604889e+02
7.300000000000000000e+02,3.274059228135278090e+02,2.908974454779275334e+02,2.797446135019897611e+02,3.025562595243200121e+02,2.715330740057475509e+02,2.723733336612863241e+02,2.742784468006712473e+02,2.776372691213964572e+02,2.794691570819040862e+02,2.741357706696733771e+02,2.746443177211788793e+02
7.400000000000000000e+02,3.272007595099512969e+02,2.909014721392232445e+02,2.796271405692513667e+02,3.032610418769214107e+02,2.715990474136831381e+02,2.724376865835786248e+02,2.743676162385512498e+02,2.777064931535650203e+02,2.795269835025681573e+02,2.742195764361572969e+02,2.746674492724731067e+02
7.500000000000000000e+02,3.269861180394111670e+02,2.909046976723621469e+02,2.795125507579073769e+02,3.039655137190233631e+02,2.716618959529416202e+02,2.724990222160119515e+02,2.744566196568206351e+02,2.777754011256074591e+02,2.795846413442774860e+02,2.743028803136591591e+02,2.746912500116205820e+02
7.600000000000000000e+02,3.267648665052616366e+02,2.909046976723621469e+02,2.793987029258814800e+02,3.046618656685845963e+02,2.717247407042631835e+02,2.725601709962365931e+02,2.745457195280981182e+02,2.778443096283744467e+02,2.796418009091602244e+02,2.743866006305988208e+02,2.747147864906800123e+02
7.700000000000000000e+02,3.265379807849610074e+02,2.909014838572012422e+02,2.792848550938556400e+02,3.053582176181458294e+02,2.717846840971373013e+02,2.726205129558621252e+02,2.746342192816994725e+02,2.779135339636345066e+02,2.796987886128826517e+02,2.744695681254094097e+02,2.747385886878303154e+02
7.800000000000000000e+02,3.263014656435491929e+02,2.908974589192779945e+02,2.791738212752752588e+02,3.060493290880071413e+02,2.718446250083214863e+02,2.726792467110884104e+02,2.747232214203357330e+02,2.779824220972045055e+02,2.797556088549267770e+02,2.745523694368750398e+02,2.747628919916821246e+02
7.900000000000000000e+02,3.260577874407569539e+02,2.908893954154640937e+02,2.790608543496590528e+02,3.067376773862684445e+02,2.719019274600547078e+02,2.727373548631547351e+02,2.748116506976946312e+02,2.780518532463747192e+02,2.798120967060635280e+02,2.746352491392001980e+02,2.747869325333894039e+02
8.000000000000000000e+02,3.258068387679450666e+02,2.908805313057473541e+02,2.789503021241274610e+02,3.074243998518127228e+02,2.719568116768214736e+02,2.727914292874923490e+02,2.748999827531307574e+02,2.781209101795294600e+02,2.798682494073643170e+02,2.747175478882657558e+02,2.748112371160259499e+02
8.100000000000000000e+02,3.255485807152012967e+02,2.908700719622596012e+02,2.788424904575362007e+02,3.081026352993778232e+02,2.720123255249635008e+02,2.728453350036337497e+02,2.749878205103612459e+02,2.781894697918552311e+02,2.799244021086651060e+02,2.747995179459177280e+02,2.748358774821761585e+02
8.200000000000000000e+02,3.252830979630189177e+02,2.908551708400008238e+02,2.787311357992152807e+02,3.087812808176095132e+02,2.720647836357666733e+02,2.728993886714465020e+02,2.750759127776477158e+02,2.782587323968862734e+02,2.799800494152740384e+02,2.748817268755984173e+02,2.748605908225372332e+02
8.300000000000000000e+02,3.250103530422697986e+02,2.908402634231999855e+02,2.786233243983052148e+02,3.094514743952093454e+02,2.721154606413413717e+02,2.729492799870122894e+02,2.751638273364001179e+02,2.783274840850938858e+02,2.800353532808460386e+02,2.749637572325486303e+02,2.748856376739451548e+02
8.400000000000000000e+02,3.247295366070700879e+02,2.908208985267553999e+02,2.785160026950081260e+02,3.101196298194482779e+02,2.721671114102017555e+02,2.729976969732203429e+02,2.752510738175507754e+02,2.783957096422805648e+02,2.800905032185581263e+02,2.750450568880126525e+02,2.749104458375502986e+02
8.500000000000000000e+02,3.244423047980351384e+02,2.907999785830643873e+02,2.784097946944968953e+02,3.107809959148756889e+02,2.722153844258081108e+02,2.730459699888266982e+02,2.753383202987013760e+02,2.784642627342505534e+02,2.801450590450993445e+02,2.751260141918933186e+02,2.749355880241870409e+02
8.600000000000000000e+02,3.241485696081688275e+02,2.907765713447223561e+02,2.783032863217813997e+02,3.114378578977776897e+02,2.722613746520951850e+02,2.730935820154501243e+02,2.754252358570831802e+02,2.785331898126785859e+02,2.801996143318772852e+02,2.752072134096387686e+02,2.749611411362733406e+02
8.700000000000000000e+02,3.238469421039893064e+02,2.907517111279789788e+02,2.781973947732602710e+02,3.120876263594231546e+02,2.723062968556638452e+02,2.731376963537775282e+02,2.755118914257342908e+02,2.786014078630484505e+02,2.802530828791361159e+02,2.752875006303193004e+02,2.749867021249100958e+02
8.800000000000000000e+02,3.235379188676392346e+02,2.907250846375194442e+02,2.780900701347181894e+02,3.127355912316052127e+02,2.723498756773727223e+02,2.731812725511768463e+02,2.755980461256295939e+02,2.786694585312575896e+02,2.803067188085555586e+02,2.753676191911125670e+02,2.750122631135469078e+02
8.900000000000000000e+02,3.232217311495295462e+02,2.906953180886158634e+02,2.779854782524736265e+02,3.133744438739351494e+02,2.723909216639612509e+02,2.732223062806870075e+02,2.756841202006743288e+02,2.787375449267499903e+02,2.803601799700039123e+02,2.754473065869452171e+02,2.750381520427339979e+02
9.000000000000000000e+02,3.228981615760675936e+02,2.906622420994943923e+02,2.778813810194652660e+02,3.140103369584190318e+02,2.724304637067411932e+02,2.732634689295827002e+02,2.757699382890397146e+02,2.788055954736939839e+02,2.804128843757151799e+02,2.755267411408427733e+02,2.750639643499680460e+02
9.100000000000000000e+02,3.225665063034404056e+02,2.906259886665812928e+02,2.777756753851697340e+02,3.146429875937572547e+02,2.724675912644557911e+02,2.733005861802538448e+02,2.758559307580537165e+02,2.788735480191878651e+02,2.804655858499193641e+02,2.756061730311002975e+02,2.750904350597137977e+02
9.200000000000000000e+02,3.222285982175774279e+02,2.905897313699663300e+02,2.776726886119706705e+02,3.152632959939945749e+02,2.725054025961345019e+02,2.733384097883390496e+02,2.759404896302867201e+02,2.789408947329343391e+02,2.805173906220398408e+02,2.756847165726859430e+02,2.751165057424348106e+02
9.300000000000000000e+02,3.218832204552712142e+02,2.905509936658528432e+02,2.775677813928001569e+02,3.158822252180394798e+02,2.725401024929649907e+02,2.733731103437864363e+02,2.760258059443953584e+02,2.790088432560826845e+02,2.805694903023315874e+02,2.757634575031774489e+02,2.751428214072163314e+02
9.400000000000000000e+02,3.215316364526905772e+02,2.905091679492848016e+02,2.774623884439488393e+02,3.164920741200331804e+02,2.725730891969328127e+02,2.734068950141695495e+02,2.761094550567534611e+02,2.790753297948544400e+02,2.806201465917480391e+02,2.758406077210041190e+02,2.751691374309783669e+02
9.500000000000000000e+02,3.211727906604356235e+02,2.904641131324526668e+02,2.773594042581605095e+02,3.170955146131549327e+02,2.726044699254596821e+02,2.734382761464452187e+02,2.761940041279008824e+02,2.791427985248100185e+02,2.806712130733030222e+02,2.759187289262490594e+02,2.751961915276985451e+02
9.600000000000000000e+02,3.208051341204550795e+02,2.904174411141123073e+02,2.772564212917563395e+02,3.176924970665382943e+02,2.726342430740245959e+02,2.734680492950101893e+02,2.762774013778774247e+02,2.792091490989217277e+02,2.807210155316713553e+02,2.759954408802752255e+02,2.752227643996427560e+02
9.700000000000000000e+02,3.204323309244118718e+02,2.903690309935481650e+02,2.771507208926993258e+02,3.182848196263528280e+02,2.726608403852978881e+02,2.734970983792487118e+02,2.763606917927692734e+02,2.792762485325167745e+02,2.807712546135603588e+02,2.760723213093908726e+02,2.752497465459849764e+02
9.800000000000000000e+02,3.200525946999425742e+02,2.903175481150489077e+02,2.770477302470488326e+02,3.188673245227806206e+02,2.726874278400045455e+02,2.735228467026538510e+02,2.764436648257342881e+02,2.793422931356292338e+02,2.808200357054905680e+02,2.761482565530919260e+02,2.752767296426953862e+02
9.900000000000000000e+02,3.196616935469489249e+02,2.902617133311076145e+02,2.769441246656473936e+02,3.194460207451483598e+02,2.727125178568325623e+02,2.735479421383611225e+02,2.765258690389925960e+02,2.794081934871662725e+02,2.808692864187778468e+02,2.762239028331359805e+02,2.753039636962035956e+02
1.000000000000000000e+03,3.192686181455318888e+02,2.902063623216968722e+02,2.768398488476088346e+02,3.200139683703483797e+02,2.727325676032754131e+02,2.735720067302455618e+02,2.766071792639765476e+02,2.794736736166008200e+02,2.809169394174016929e+02,2.762983804263382126e+02,2.753309560875066495e+02
1.010000000000000000e+03,3.188659681020259313e+02,2.901466535091517471e+02,2.767365511013829860e+02,3.205780452371176352e+02,2.727535471196823664e+02,2.735929956384039201e+02,2.766891233799225347e+02,2.795396009285612422e+02,2.809649925971246489e+02,2.763735814006754481e+02,2.753581032235948101e+02
1.020000000000000000e+03,3.184572659933471073e+02,2.900855179480631705e+02,2.766319569832349430e+02,3.211323805683646810e+02,2.727736564539226265e+02,2.736123075369384878e+02,2.767696724567155115e+02,2.796044410420421400e+02,2.810119524653748044e+02,2.764471104667553618e+02,2.753855100798041917e+02
1.030000000000000000e+03,3.180408918297261494e+02,2.900225764453412580e+02,2.765262503516659649e+02,3.216819282812538177e+02,2.727898069274383488e+02,2.736300662585549617e+02,2.768506059656627372e+02,2.796696940869057357e+02,2.810588270826046369e+02,2.765212961402555720e+02,2.754129957324917655e+02
1.040000000000000000e+03,3.176172317244539158e+02,2.899564021726262126e+02,2.764229523957230299e+02,3.222225887634681953e+02,2.728051321407709793e+02,2.736470044980749776e+02,2.769295894006087906e+02,2.797338477869715234e+02,2.811046498827784603e+02,2.765931145185547848e+02,2.754406567159059591e+02
1.050000000000000000e+03,3.171876001415436690e+02,2.898872122221413292e+02,2.763183695600390593e+02,3.227568022690876433e+02,2.728168183260651745e+02,2.736603012991224659e+02,2.770097393297244821e+02,2.797987791726591240e+02,2.811504773322674851e+02,2.766663309514782441e+02,2.754688938653176820e+02
1.060000000000000000e+03,3.167510225794815710e+02,2.898153869151869344e+02,2.762110401129486377e+02,3.232813124297502441e+02,2.728285010051916402e+02,2.736735918216491541e+02,2.770883482723381235e+02,2.798623040903507899e+02,2.811950618187021860e+02,2.767380688066882044e+02,2.754963831457270089e+02
1.070000000000000000e+03,3.163069154922807229e+02,2.897421697790173880e+02,2.761064570802117260e+02,3.237978270340805693e+02,2.728381492903921526e+02,2.736832407553139888e+02,2.771664635175675357e+02,2.799258360326766706e+02,2.812393156142273369e+02,2.768091424255221682e+02,2.755243769997352388e+02
1.080000000000000000e+03,3.158579795870336397e+02,2.896673450820750872e+02,2.760010641313603514e+02,3.243071076149337841e+02,2.728453923701617896e+02,2.736920920443206455e+02,2.772442927517383850e+02,2.799888738646847628e+02,2.812831888970878822e+02,2.768797435191161185e+02,2.755526173973502182e+02
1.090000000000000000e+03,3.154001797809893333e+02,2.895876965680782291e+02,2.758932500657979290e+02,3.248067642376033746e+02,2.728498273090721682e+02,2.736993369230361282e+02,2.773216236556726813e+02,2.800520817289313413e+02,2.813262241881278101e+02,2.769498461611203766e+02,2.755806933877362326e+02
1.100000000000000000e+03,3.149345792824028081e+02,2.895070104195596628e+02,2.757875366150361174e+02,3.252998300653080719e+02,2.728542596765815347e+02,2.737049798784482277e+02,2.773978941029789098e+02,2.801141848850170391e+02,2.813682971493920491e+02,2.770190749878340171e+02,2.756090220047916546e+02
1.110000000000000000e+03,3.144631191726458610e+02,2.894249433510410654e+02,2.756797262936237871e+02,3.257849731553702100e+02,2.728558693357994684e+02,2.737082098110580546e+02,2.774738216457164981e+02,2.801762879249241109e+02,2.814102000986038661e+02,2.770879640050764010e+02,2.756371809688263852e+02
1.120000000000000000e+03,3.139854091740967306e+02,2.893370009271832259e+02,2.755715923441065343e+02,3.262619031637418630e+02,2.728542622060134590e+02,2.737098257996308348e+02,2.775491362973852461e+02,2.802381531352363595e+02,2.814515540175389674e+02,2.771560489526562492e+02,2.756655920479308293e+02
1.130000000000000000e+03,3.134988110715793255e+02,2.892490309451699773e+02,2.754626592673130858e+02,3.267315377201290403e+02,2.728514406809267143e+02,2.737082156545123439e+02,2.776235560323484606e+02,2.802991635345581471e+02,2.814916128088637493e+02,2.772234285573715056e+02,2.756939185497197968e+02
1.140000000000000000e+03,3.130080128297316264e+02,2.891581193800042229e+02,2.753548421207557908e+02,3.271901483358373071e+02,2.728486178811436957e+02,2.737066044095533925e+02,2.776974723474888833e+02,2.803596717917723709e+02,2.815311707357962518e+02,2.772898026001562926e+02,2.757224137099265704e+02
1.150000000000000000e+03,3.125085163151678103e+02,2.890645029137552342e+02,2.752434908047516728e+02,3.276428058165824950e+02,2.728413520114532957e+02,2.737025614136015292e+02,2.777706020021401514e+02,2.804200245358726988e+02,2.815703396585645351e+02,2.773557028991037896e+02,2.757511603983431883e+02
1.160000000000000000e+03,3.120039432700703514e+02,2.889690524114586765e+02,2.751343922760302689e+02,3.280832086567184547e+02,2.728333345609526646e+02,2.736961474532009788e+02,2.778433469504650475e+02,2.804796134873362234e+02,2.816085561403120323e+02,2.774209055750730499e+02,2.757794867589652199e+02
1.170000000000000000e+03,3.114938717686717951e+02,2.888701006946875509e+02,2.750241651292361666e+02,3.285168704613090540e+02,2.728228809041888780e+02,2.736873019943858480e+02,2.779152596475120163e+02,2.805392024387997481e+02,2.816461047561460873e+02,2.774851065261647705e+02,2.758081507084032182e+02
1.180000000000000000e+03,3.109710586526570637e+02,2.887697324299126080e+02,2.749124742965979635e+02,3.289442375340943272e+02,2.728107438680781911e+02,2.736767843298186449e+02,2.779865403539468502e+02,2.805978769410676819e+02,2.816829217443041102e+02,2.775489913274583955e+02,2.758370669000772182e+02
1.190000000000000000e+03,3.104464939458492267e+02,2.886659476902982533e+02,2.747998505443833324e+02,3.293601928735767501e+02,2.727954597421236258e+02,2.736647166223380054e+02,2.780566024119017925e+02,2.806562048703120809e+02,2.817187916560664576e+02,2.776120123966730944e+02,2.758657283022993170e+02
1.200000000000000000e+03,3.099154685583397395e+02,2.885613482666726668e+02,2.746888171221723383e+02,3.297689201169446278e+02,2.727793649379807448e+02,2.736498102328404798e+02,2.781261624264278680e+02,2.807135299901630674e+02,2.817539908991261655e+02,2.776740319339585881e+02,2.758943897045214158e+02
1.210000000000000000e+03,3.093748484213489292e+02,2.884540357116856626e+02,2.745742291741121335e+02,3.301683636071021510e+02,2.727600024997693708e+02,2.736349028160396983e+02,2.781954568561927772e+02,2.807711897183236260e+02,2.817885535812570765e+02,2.777357383591813118e+02,2.759233890622911645e+02
1.220000000000000000e+03,3.088301441828402858e+02,2.883430028860523748e+02,2.744591817633430537e+02,3.305585869046726089e+02,2.727406908378165440e+02,2.736171994522968021e+02,2.782631767006278665e+02,2.808275123291464297e+02,2.818222466700528912e+02,2.777959150847379988e+02,2.759520537154500062e+02
1.230000000000000000e+03,3.082765828381828896e+02,2.882284205848353622e+02,2.743453923957807206e+02,3.309394788541832781e+02,2.727180990626956714e+02,2.735954232692689061e+02,2.783303896261975865e+02,2.808836624879904207e+02,2.818550986498452176e+02,2.778554182171520779e+02,2.759813864796569192e+02
1.240000000000000000e+03,3.077182273227887777e+02,2.881133661041556593e+02,2.742279317394487634e+02,3.313095695393956817e+02,2.726923554384974864e+02,2.735753022391969580e+02,2.783971302593954533e+02,2.809389728754293287e+02,2.818872077789570199e+02,2.779145926712998858e+02,2.760101340975732001e+02
1.250000000000000000e+03,3.071509387399364641e+02,2.879947547446811882e+02,2.741109180155905278e+02,3.316735029201689713e+02,2.726657204485401280e+02,2.735494873683242076e+02,2.784624991773800389e+02,2.809941166306883815e+02,2.819182170299490053e+02,2.779724193169288924e+02,2.760389630205953608e+02
1.260000000000000000e+03,3.065796855474974905e+02,2.878740599287031046e+02,2.739926417611777083e+02,3.320275214038983904e+02,2.726359556274103966e+02,2.735245405810118768e+02,2.785273655329645521e+02,2.810482552611472897e+02,2.819485549189561198e+02,2.780295758793577647e+02,2.760682957848023307e+02
1.270000000000000000e+03,3.060012188994575695e+02,2.877517754730855586e+02,2.738751806800260056e+02,3.323710698166707402e+02,2.726061908062806651e+02,2.734955826287197169e+02,2.785912498154271475e+02,2.811020535959669360e+02,2.819779752741030165e+02,2.780857272984031852e+02,2.760970438968285521e+02
1.280000000000000000e+03,3.054171301108097509e+02,2.876254709325665431e+02,2.737545095200454739e+02,3.327057777611175311e+02,2.725715531029038630e+02,2.734641617131187559e+02,2.786541046426265211e+02,2.811551871016256428e+02,2.820066366763251153e+02,2.781408710536622380e+02,2.761258740986354496e+02
1.290000000000000000e+03,3.048232399696806851e+02,2.874963635479668369e+02,2.736350675475163712e+02,3.330326196332835593e+02,2.725369064220421933e+02,2.734327362637638430e+02,2.787161282975019958e+02,2.812074872777805012e+02,2.820344638125878873e+02,2.781955189602238079e+02,2.761552077466473065e+02
1.300000000000000000e+03,3.042254706281291305e+02,2.873660267539198117e+02,2.735143923099797121e+02,3.333488203837214883e+02,2.724990875248574298e+02,2.733981460503923699e+02,2.787771426328397411e+02,2.812589461608926626e+02,2.820609504159975245e+02,2.782488229664759842e+02,2.761838719137085150e+02
1.310000000000000000e+03,3.036176481922568087e+02,2.872324897864423292e+02,2.733897693604772030e+02,3.336588129128601281e+02,2.724586345059919950e+02,2.733601189338186259e+02,2.788378321125516095e+02,2.813100545793401466e+02,2.820870095819651056e+02,2.783012786142282948e+02,2.762129537798496131e+02
1.320000000000000000e+03,3.030077944328262447e+02,2.870973252247536038e+02,2.732674709232953774e+02,3.339572896042606658e+02,2.724175927242926605e+02,2.733231038135147628e+02,2.788975163289502461e+02,2.813608015556088731e+02,2.821121308222275275e+02,2.783533719175412102e+02,2.762421208326732653e+02
1.330000000000000000e+03,3.023890723658089996e+02,2.869597373087058259e+02,2.731435718201674376e+02,3.342453316928047684e+02,2.723733465523075665e+02,2.732828844851509302e+02,2.789555042155423621e+02,2.814099577089635886e+02,2.821361253714029544e+02,2.784036951258997874e+02,2.762709488710913206e+02
1.340000000000000000e+03,3.017637084413639741e+02,2.868169155557010299e+02,2.730168763719729554e+02,3.345245247170213929e+02,2.723265474392695751e+02,2.732393111360381681e+02,2.790131686169037835e+02,2.814593335366570273e+02,2.821594622189655297e+02,2.784535804741715879e+02,2.763000337184839736e+02
1.350000000000000000e+03,3.011345264025011943e+02,2.866753130729941290e+02,2.728897574441989491e+02,3.347940592849585641e+02,2.722790724262101776e+02,2.731942546845439779e+02,2.790694918846349992e+02,2.815072985905881069e+02,2.821815238231103535e+02,2.785018808767266023e+02,2.763287806185790600e+02
1.360000000000000000e+03,3.004973224917336552e+02,2.865288818810589646e+02,2.727626385164249996e+02,3.350547397684678685e+02,2.722283843309754729e+02,2.731463122685608482e+02,2.791249716784054158e+02,2.815549017799680769e+02,2.822026427883077417e+02,2.785494844619909145e+02,2.763574421217327313e+02
1.370000000000000000e+03,2.998541893328999208e+02,2.863796014307375231e+02,2.726359472566048225e+02,3.353065228453434088e+02,2.721759453602091980e+02,2.730983687866517471e+02,2.791797643692696056e+02,2.816019146338130099e+02,2.822227678060743870e+02,2.785963278417717106e+02,2.763866975780306916e+02
1.380000000000000000e+03,2.992029615526483894e+02,2.862303081092785533e+02,2.725052180422536026e+02,3.355485980829972732e+02,2.721202624231657410e+02,2.730459146046062529e+02,2.792330609063811266e+02,2.816476708204789929e+02,2.822420390845356906e+02,2.786417483584703518e+02,2.764153589802527335e+02
1.390000000000000000e+03,2.985436754035122249e+02,2.860761691777278202e+02,2.723744833518775863e+02,3.357817646131903757e+02,2.720629675291792182e+02,2.729934507019839316e+02,2.792851859142834883e+02,2.816927561184259048e+02,2.822603061501770298e+02,2.786866657326704058e+02,2.764440208013090796e+02
1.400000000000000000e+03,2.978842798810746899e+02,2.859213528205789316e+02,2.722421280965129995e+02,3.360031686508334587e+02,2.720052051644270819e+02,2.729380996925731324e+02,2.793364744074327177e+02,2.817370052720474405e+02,2.822774025727104004e+02,2.787300752100601358e+02,2.764728496298475875e+02
1.410000000000000000e+03,2.972165125465044184e+02,2.857636650527000484e+02,2.721093714113983992e+02,3.362163806242888313e+02,2.719424528187385590e+02,2.728801819958378587e+02,2.793869052524936478e+02,2.817807128396704570e+02,2.822937067716777051e+02,2.787722697819115751e+02,2.765015979727970716e+02
1.420000000000000000e+03,2.965593164221898519e+02,2.856293148872114784e+02,2.719774483370136977e+02,3.364235774519106599e+02,2.718801393491899034e+02,2.728211058763916412e+02,2.794358471684474239e+02,2.818234523940965914e+02,2.823089573109785988e+02,2.788136691678084276e+02,2.765302588695287795e+02
1.430000000000000000e+03,2.959205234131338784e+02,2.855199191906120291e+02,2.718471097303794295e+02,3.366214905894713070e+02,2.718205970083295142e+02,2.727639723862583310e+02,2.794841241356281785e+02,2.818653593456293720e+02,2.823232053609179388e+02,2.788542343104164161e+02,2.765585879159344813e+02
1.440000000000000000e+03,2.952961944898041224e+02,2.854322288197739113e+02,2.717167711237451044e+02,3.368129718381270550e+02,2.717594482281048158e+02,2.727076605101510154e+02,2.795315300051670988e+02,2.819070495744754794e+02,2.823368211921960551e+02,2.788937396292355402e+02,2.765873356821783773e+02
1.450000000000000000e+03,2.946845328177847136e+02,2.853693055662881761e+02,2.715876709711597528e+02,3.369977523409480682e+02,2.716989301422973426e+02,2.726519779686368565e+02,2.795777905806386343e+02,2.819474436159379707e+02,2.823495585332512405e+02,2.789322906230441390e+02,2.766156624873568717e+02
1.460000000000000000e+03,2.940851252074310196e+02,2.853250516942856621e+02,2.714613411136841137e+02,3.371747601933097371e+02,2.716393989687911699e+02,2.725948533798772928e+02,2.796228779727568963e+02,2.819875041052706024e+02,2.823612926619617838e+02,2.789700032636069409e+02,2.766439892925353092e+02
1.470000000000000000e+03,2.935009370663416348e+02,2.853057219442882229e+02,2.713354688286422629e+02,3.373441995264018374e+02,2.715788750483220610e+02,2.725383679636767056e+02,2.796678897890326994e+02,2.820269548944313556e+02,2.823727533563325665e+02,2.790069258894639006e+02,2.766723160977138036e+02
1.480000000000000000e+03,2.929289426529990692e+02,2.853073377477157351e+02,2.712095218478409606e+02,3.375062511451536693e+02,2.715211223167232220e+02,2.724846302587765763e+02,2.797114716553551830e+02,2.820658432002616678e+02,2.823833131824889051e+02,2.790431323381146171e+02,2.767006420159655704e+02
1.490000000000000000e+03,2.923681117675055816e+02,2.853282718811711902e+02,2.710852463092727476e+02,3.376620028103301934e+02,2.714614107244039474e+02,2.724289571567497319e+02,2.797543790593298354e+02,2.821040593880074425e+02,2.823933689201992365e+02,2.790786649613634154e+02,2.767286336674412723e+02
1.500000000000000000e+03,2.918201809175189965e+02,2.853692858890801745e+02,2.709637513286591570e+02,3.378100505469785730e+02,2.714026769718250307e+02,2.723734406078653478e+02,2.797965735169188974e+02,2.821420507452412494e+02,2.824029487680538182e+02,2.791134621249223073e+02,2.767568761543364531e+02
1.510000000000000000e+03,2.912811153554215480e+02,2.854305763119731409e+02,2.708419006155990587e+02,3.379512785086208737e+02,2.713453806896793594e+02,2.723193703652126487e+02,2.798379730577046303e+02,2.821792599850658121e+02,2.824116646860576338e+02,2.791473181145677813e+02,2.767848674733584176e+02
1.520000000000000000e+03,2.907549314541926151e+02,2.855094087996052394e+02,2.707228307019416889e+02,3.380848364185450805e+02,2.712890561721151244e+02,2.722654646039005684e+02,2.798787033857673237e+02,2.822159660885558878e+02,2.824202130847454555e+02,2.791805049988875567e+02,2.768128588779991901e+02
1.530000000000000000e+03,2.902368520365371296e+02,2.856062093297299498e+02,2.706042045607785553e+02,3.382115447352288129e+02,2.712317644849777594e+02,2.722138069046061446e+02,2.799187137289847556e+02,2.822522786674143163e+02,2.824279459398687209e+02,2.792132864845477798e+02,2.768411009414967339e+02
1.540000000000000000e+03,2.897324019416477086e+02,2.857236818380578711e+02,2.704859336543362929e+02,3.383314178457162598e+02,2.711762505386997759e+02,2.721611104516168211e+02,2.799582698065420345e+02,2.822881482366993851e+02,2.824356552759440433e+02,2.792449643135761335e+02,2.768687586122752577e+02
1.550000000000000000e+03,2.892376007252296972e+02,2.858572153350435201e+02,2.703708748680321037e+02,3.384440635619924365e+02,2.711207366290077516e+02,2.721084139771911055e+02,2.799969923572141965e+02,2.823235175101451091e+02,2.824426969023394918e+02,2.792763114448109150e+02,2.768965836514117882e+02
1.560000000000000000e+03,2.887509735496416852e+02,2.860080675513119672e+02,2.702554887340688765e+02,3.385489925742885475e+02,2.710658672832070124e+02,2.720559590924539748e+02,2.800345381237078186e+02,2.823585487249111452e+02,2.824492330489090932e+02,2.793069847457381911e+02,2.769242400215298971e+02
1.570000000000000000e+03,2.882740684679515084e+02,2.861759024011881252e+02,2.701425135149228822e+02,3.386474439174243685e+02,2.710110008699405171e+02,2.720051281315393226e+02,2.800725309820152233e+02,2.823931801501710197e+02,2.824556220428461302e+02,2.793367431904474074e+02,2.769518113289935286e+02
1.580000000000000000e+03,2.878074088554866421e+02,2.863585467687301502e+02,2.700306703887342792e+02,3.387383609614407760e+02,2.709578907312036904e+02,2.719536262748586068e+02,2.801092387615173607e+02,2.824275411512580263e+02,2.824614892141697169e+02,2.793664097359659877e+02,2.769794675889590962e+02
1.590000000000000000e+03,2.873477462708645476e+02,2.865593103488486122e+02,2.699189982247180524e+02,3.388233060709684992e+02,2.709036763252677815e+02,2.719026463797453630e+02,2.801454432065111178e+02,2.824612330384495635e+02,2.824671877370491870e+02,2.793954084812318115e+02,2.770072911310275003e+02
1.600000000000000000e+03,2.869022428777997789e+02,2.867736714039890558e+02,2.698118176971478874e+02,3.388992917194144070e+02,2.708524903616342954e+02,2.718546580132677377e+02,2.801810233191984025e+02,2.824947878516617834e+02,2.824724156644500681e+02,2.794239053695138182e+02,2.770348623603788951e+02
1.610000000000000000e+03,2.864608262028473860e+02,2.870027977391852687e+02,2.697036984560032238e+02,3.389703238749542038e+02,2.708009211401188736e+02,2.718062438572530368e+02,2.802163902624454295e+02,2.825279760696268454e+02,2.824774438466386073e+02,2.794517288438325977e+02,2.770624326655928371e+02
1.620000000000000000e+03,2.860287686137494347e+02,2.872489633046902213e+02,2.695966833608185311e+02,3.390330871058854996e+02,2.707493506990705896e+02,2.717582996683649412e+02,2.802509174502380915e+02,2.825609942914344970e+02,2.824824733069937679e+02,2.794788825588544228e+02,2.770895863806146622e+02
1.630000000000000000e+03,2.856034761739556984e+02,2.875079599782941386e+02,2.694925793342645761e+02,3.390895915592051892e+02,2.706985197125107447e+02,2.717103561864558401e+02,2.802852446469939309e+02,2.825934657823398766e+02,2.824868698111541789e+02,2.795057686639733561e+02,2.771171515836765025e+02
1.640000000000000000e+03,2.851862759828970866e+02,2.877799018900830674e+02,2.693892958560899729e+02,3.391380132101194818e+02,2.706484789018707602e+02,2.716635526557962521e+02,2.803185962807952478e+02,2.826256453769893824e+02,2.824912268535147177e+02,2.795319123811274267e+02,2.771443031415685141e+02
1.650000000000000000e+03,2.847783678278027537e+02,2.880655124847281172e+02,2.692871193257125242e+02,3.391806553077124136e+02,2.706002080719483729e+02,2.716172259370288771e+02,2.803514208794684919e+02,2.826574078321891648e+02,2.824953925343237984e+02,2.795574047714068229e+02,2.771712955328716248e+02
1.660000000000000000e+03,2.843757052513358303e+02,2.883648970522793888e+02,2.691854386697085602e+02,3.392161595822959157e+02,2.705501844903500910e+02,2.715709009400988521e+02,2.803842995003469127e+02,2.826891678901616842e+02,2.824992703964327916e+02,2.795828646477471011e+02,2.771984434879272499e+02
1.670000000000000000e+03,2.839819219084235442e+02,2.886780256861268867e+02,2.690861868288096730e+02,3.392443893498412422e+02,2.705041765528217752e+02,2.715265101412367130e+02,2.804163871357824291e+02,2.827200862682279876e+02,2.825031147922538821e+02,2.796076001152541153e+02,2.772255174701725196e+02
1.680000000000000000e+03,2.835949550198941438e+02,2.890022708745506179e+02,2.689888379364693378e+02,3.392661034352495903e+02,2.704559077246897800e+02,2.714814587401143058e+02,2.804480838218713075e+02,2.827512770457979059e+02,2.825068241617709646e+02,2.796322124270463974e+02,2.772524945897967541e+02
1.690000000000000000e+03,2.832160069074719217e+02,2.893369625419397266e+02,2.688939044858615262e+02,3.392805834565857026e+02,2.704092451040044125e+02,2.714388227807246494e+02,2.804790768871647515e+02,2.827819370300335891e+02,2.825103240554808508e+02,2.796557073546352399e+02,2.772793215992648470e+02
1.700000000000000000e+03,2.828423977851235804e+02,2.896871847419118922e+02,2.687970804861429315e+02,3.392878384326547234e+02,2.703632567387478502e+02,2.713953106435633913e+02,2.805101924416329098e+02,2.828127163666846968e+02,2.825136913787163735e+02,2.796795516257438408e+02,2.773065487931385178e+02
1.710000000000000000e+03,2.824755034196815586e+02,2.900444245372203227e+02,2.687045492887970113e+02,3.392886404611030571e+02,2.703182005497283171e+02,2.713517992572583921e+02,2.805400268768732985e+02,2.828427192111568047e+02,2.825170577459256833e+02,2.797026798546963278e+02,2.773333668271679358e+02
1.720000000000000000e+03,2.821166886137376650e+02,2.904161295698729646e+02,2.686128322566631823e+02,3.392830055905704967e+02,2.702739441046952038e+02,2.713107715071055850e+02,2.805700272828279367e+02,2.828727181768878722e+02,2.825202381770130273e+02,2.797253038810465569e+02,2.773601845364568135e+02
1.730000000000000000e+03,2.817479204639059276e+02,2.901004950894770786e+02,2.685176173676410372e+02,3.374716239466156367e+02,2.701949022412374575e+02,2.712164069184395316e+02,2.805975160394498857e+02,2.829000394127097024e+02,2.825195680938128930e+02,2.797437413993278597e+02,2.773866681682784474e+02
1.740000000000000000e+03,2.813826317288218206e+02,2.897995744675222340e+02,2.684218693389752843e+02,3.357441816948600035e+02,2.701144390305854586e+02,2.711222671718298898e+02,2.806216542841718820e+02,2.829243450599882976e+02,2.825148763736661977e+02,2.797588284057092665e+02,2.774124806750534731e+02
1.750000000000000000e+03,2.810195235768088082e+02,2.895034478442827890e+02,2.683234324692183463e+02,3.340698538635750765e+02,2.700305133259024615e+02,2.710262397656566122e+02,2.806427282785077750e+02,2.829454193352484026e+02,2.825061036503270770e+02,2.797706291743988345e+02,2.774386133879086174e+02
1.760000000000000000e+03,2.806614905264204367e+02,2.892145954762294764e+02,2.682260761584965394e+02,3.324558568815828608e+02,2.699420087049700783e+02,2.709280854523879043e+02,2.806608710098796564e+02,2.829635612813955845e+02,2.824936496762638853e+02,2.797796972731075584e+02,2.774638305760974504e+02
1.770000000000000000e+03,2.803048087336341609e+02,2.889289354816551736e+02,2.681300456004526609e+02,3.308855834814879131e+02,2.698500168281642004e+02,2.708272155979525451e+02,2.806762807169936877e+02,2.829788044273301466e+02,2.824782187723886295e+02,2.797865598213750786e+02,2.774889703732578710e+02
1.780000000000000000e+03,2.799532253276092888e+02,2.886481502114619389e+02,2.680343018083561333e+02,3.293682125485611891e+02,2.697575014301252736e+02,2.707258365376195570e+02,2.806883441849797123e+02,2.829913707269251972e+02,2.824597753362314734e+02,2.797909135408423822e+02,2.775137763680113494e+02
1.790000000000000000e+03,2.796064659527396543e+02,2.883729991150605088e+02,2.679377601485114155e+02,3.278926744354226912e+02,2.696617555691267967e+02,2.706204435887681825e+02,2.806982044545931672e+02,2.830012309965386521e+02,2.824383844293344055e+02,2.797930862939034569e+02,2.775380094501274471e+02
1.800000000000000000e+03,2.792605002071839522e+02,2.880986326241963411e+02,2.678404048108336610e+02,3.264620722249917435e+02,2.695660097081282629e+02,2.705158551851524749e+02,2.807057917089761645e+02,2.830088177601870711e+02,2.824146093171363532e+02,2.797930867944083957e+02,2.775621194730097159e+02
1.810000000000000000e+03,2.789167380794513633e+02,2.878275002288424957e+02,2.677427662499225107e+02,3.250660163897782127e+02,2.694667661436819230e+02,2.704077342935142951e+02,2.807108181033166829e+02,2.830141803171892434e+02,2.823882896755844172e+02,2.797912414686719558e+02,2.775855024711862598e+02
1.820000000000000000e+03,2.785764055356735867e+02,2.875611843290020602e+02,2.676454097019964138e+02,3.237118691921724576e+02,2.693645874422148268e+02,2.702991081480307116e+02,2.807138347565020240e+02,2.830173644911745328e+02,2.823597957941623804e+02,2.797872184119017334e+02,2.776088854693628036e+02
1.830000000000000000e+03,2.782407009207639135e+02,2.872972949686576953e+02,2.675477666155710494e+02,3.223916129729923341e+02,2.692637149216682815e+02,2.701893629437302593e+02,2.807145044035395927e+02,2.830185381361221175e+02,2.823290281128930701e+02,2.797816667304047087e+02,2.776317489291343463e+02
1.840000000000000000e+03,2.779068064328870946e+02,2.870366286253026260e+02,2.674496169676347108e+02,3.211107553377519821e+02,2.691591215667638153e+02,2.700767281770597492e+02,2.807131640109625437e+02,2.830177015619743202e+02,2.822960071076839199e+02,2.797737892130278397e+02,2.776542081352406512e+02
1.850000000000000000e+03,2.775751464058408828e+02,2.867783918807480177e+02,2.673503621875396448e+02,3.198607264521937168e+02,2.690534146810309721e+02,2.699645663848701247e+02,2.807101460789925227e+02,2.830150186716043663e+02,2.822613111203065159e+02,2.797644029330871831e+02,2.776759986270920422e+02
1.860000000000000000e+03,2.772467243088532882e+02,2.865217921444736930e+02,2.672503086498003881e+02,3.186406665854936477e+02,2.689468916836225389e+02,2.698491696905615527e+02,2.807050837955447378e+02,2.830104630349861168e+02,2.822243817796200460e+02,2.797534361373011507e+02,2.776979176588000087e+02
1.870000000000000000e+03,2.769234435681306081e+02,2.862699095545456771e+02,2.671524345517799475e+02,3.174606508765748458e+02,2.688393966450012726e+02,2.697352606915397359e+02,2.806982072898384786e+02,2.830040885350662734e+02,2.821859934605217290e+02,2.797401934364078784e+02,2.777195375525038230e+02
1.880000000000000000e+03,2.765990552243022762e+02,2.860189394238977911e+02,2.670515728029382672e+02,3.163034135894106385e+02,2.687280463719795307e+02,2.696182566224211428e+02,2.806893235821420376e+02,2.829960424344926082e+02,2.821455981393812067e+02,2.797259436612522450e+02,2.777403212770840923e+02
1.890000000000000000e+03,2.762778760952875245e+02,2.857720069810866335e+02,2.669515143616481510e+02,3.151736628827704294e+02,2.686191063198297684e+02,2.694996462259208556e+02,2.806788948179805061e+02,2.829864563101561430e+02,2.821039010876785937e+02,2.797098021239692685e+02,2.777606634408091963e+02
1.900000000000000000e+03,2.759591337257651276e+02,2.855258802936824054e+02,2.668506408174685021e+02,3.140722252810118675e+02,2.685061326900330414e+02,2.693826243710830113e+02,2.806664903187726168e+02,2.829753917832677530e+02,2.820604871433980634e+02,2.796922006450991489e+02,2.777809445740354022e+02
1.910000000000000000e+03,2.756444378456788513e+02,2.852805928643027755e+02,2.667481636962714333e+02,3.129982918776598808e+02,2.683931617698952437e+02,2.692615794849238000e+02,2.806527459404616707e+02,2.829628213293417502e+02,2.820155672720798066e+02,2.796732605644178307e+02,2.778008897795169219e+02
1.920000000000000000e+03,2.753340112802504223e+02,2.850423568155093221e+02,2.666470871811184793e+02,3.119546933824764778e+02,2.682808613307419137e+02,2.691420697859708753e+02,2.806371094235906298e+02,2.829485297371301158e+02,2.819695024703616468e+02,2.796525807933571173e+02,2.778202221812322819e+02
1.930000000000000000e+03,2.750242528036197314e+02,2.848025990329069828e+02,2.665449109645063572e+02,3.109329157146119087e+02,2.681666176473275982e+02,2.690205830324336489e+02,2.806203462681062888e+02,2.829327721241763811e+02,2.819218950724375077e+02,2.796307890473291309e+02,2.778391652086324939e+02
1.940000000000000000e+03,2.747168009334671410e+02,2.845653566895535960e+02,2.664440389677743042e+02,3.099306409821940065e+02,2.680496098646387395e+02,2.688971219206765113e+02,2.806014061874249137e+02,2.829160110926801508e+02,2.818731196651490905e+02,2.796069870270927140e+02,2.778579377685138070e+02
1.950000000000000000e+03,2.744118657448532304e+02,2.843304124627839542e+02,2.663410598083374339e+02,3.089562921493913450e+02,2.679345624513002804e+02,2.687764271046984277e+02,2.805815677699174557e+02,2.828975194265757978e+02,2.818230226485853791e+02,2.795824426347003850e+02,2.778764303893273677e+02
1.960000000000000000e+03,2.741100657657548822e+02,2.840980107884914787e+02,2.662369534306130845e+02,3.079984270678060625e+02,2.678175516909915359e+02,2.686521661754316597e+02,2.805599460776508067e+02,2.828779079839096084e+02,2.817718993925270752e+02,2.795562953232634413e+02,2.778941965456237426e+02
1.970000000000000000e+03,2.738090749216935933e+02,2.838672276336137656e+02,2.661336657622559869e+02,3.070640132870028651e+02,2.676989236044994414e+02,2.685270877249384966e+02,2.805368417230474734e+02,2.828566606804159278e+02,2.817192892416072141e+02,2.795286390314226992e+02,2.779120672498510203e+02
1.980000000000000000e+03,2.735105897013832532e+02,2.836379322423083522e+02,2.660282734705158987e+02,3.061516719517427987e+02,2.675790417821311280e+02,2.684015709044680875e+02,2.805126828082544534e+02,2.828345000720714211e+02,2.816661383578752975e+02,2.795001479102832036e+02,2.779290617529748602e+02
1.990000000000000000e+03,2.732161144846148773e+02,2.834126499848372873e+02,2.659236737520606653e+02,3.052593946116481902e+02,2.674591599597627578e+02,2.682760540839976215e+02,2.804867198429943187e+02,2.828112322582561546e+02,2.816118454638158823e+02,2.794699690339542144e+02,2.779459249345899821e+02
2.000000000000000000e+03,2.729224502068835818e+02,2.831857704284217334e+02,2.658174712728790610e+02,3.043856499775840234e+02,2.673400907329624943e+02,2.681505523747631514e+02,2.804595661279725505e+02,2.827865926340194846e+02,2.815567004297720928e+02,2.794387922621622806e+02,2.779625184452862072e+02
2.010000000000000000e+03,2.726328058542690087e+02,2.829612920968996264e+02,2.657128857108708075e+02,3.035311842081720215e+02,2.672194164924988513e+02,2.680242418574138128e+02,2.804312372173666290e+02,2.827609455756639818e+02,2.815005451989746916e+02,2.794067762769009278e+02,2.779782745109234838e+02
2.020000000000000000e+03,2.723430520627931628e+02,2.827395165963857266e+02,2.656052398658563334e+02,3.026902276558488438e+02,2.670963951726408823e+02,2.678947516723224567e+02,2.804014845524399675e+02,2.827342191802243860e+02,2.814433915602396610e+02,2.793729894671081411e+02,2.779942437667932609e+02
2.030000000000000000e+03,2.720574968316817603e+02,2.825213416287663790e+02,2.654985575086182052e+02,3.018720378677442113e+02,2.669760776449159039e+02,2.677680082339101659e+02,2.803704765802327188e+02,2.827062278612024784e+02,2.813855661933953911e+02,2.793384610005307991e+02,2.780096646318892226e+02
2.040000000000000000e+03,2.717734394791369823e+02,2.823026482614305337e+02,2.653920355585449329e+02,3.010666578862386018e+02,2.668526217404338468e+02,2.676397089178408351e+02,2.803384603072189520e+02,2.826772285143007934e+02,2.813268974691140443e+02,2.793025904530068146e+02,2.780245652016512850e+02
2.050000000000000000e+03,2.714918103866110073e+02,2.820839681928342770e+02,2.652840643532890113e+02,3.002774500598758323e+02,2.667299570163622775e+02,2.675105937742483775e+02,2.803048071627836180e+02,2.826469568938185262e+02,2.812672030044798248e+02,2.792653849034589939e+02,2.780394613292730810e+02
2.060000000000000000e+03,2.712118091410672491e+02,2.818691556338358737e+02,2.651760916239325070e+02,2.995066881611355711e+02,2.666076717323193748e+02,2.673818633768511290e+02,2.802704807443091681e+02,2.826161303690539626e+02,2.812077149818260295e+02,2.792275598625764701e+02,2.780536257903086153e+02
2.070000000000000000e+03,2.709318126367309674e+02,2.816545016793955369e+02,2.650679567247253203e+02,2.987473553234360111e+02,2.664817860070633060e+02,2.672519479789937691e+02,2.802343965881837562e+02,2.825840918603678915e+02,2.811463419468205416e+02,2.791882728357845167e+02,2.780677880422133512e+02
2.080000000000000000e+03,2.706566490815976067e+02,2.814420979553353277e+02,2.649593424396110777e+02,2.980063301583846282e+02,2.663578869039354231e+02,2.671224137501884570e+02,2.801976326926312026e+02,2.825511707385692830e+02,2.810853458820682818e+02,2.791486670216195876e+02,2.780811574269459356e+02
2.090000000000000000e+03,2.703830884493325470e+02,2.812306719069782162e+02,2.648495956705111780e+02,2.972768653194096373e+02,2.662319978275519361e+02,2.669916853723457848e+02,2.801593561117366562e+02,2.825172782204817281e+02,2.810231276976360846e+02,2.791075232775179984e+02,2.780943078525779129e+02
2.100000000000000000e+03,2.701111539239951753e+02,2.810223044599572972e+02,2.647401883862824548e+02,2.965632265076006320e+02,2.661064838490467537e+02,2.668613468167204701e+02,2.801207018480678812e+02,2.824827883664346473e+02,2.809609793501364265e+02,2.790657024862643425e+02,2.781069701493552770e+02
2.110000000000000000e+03,2.698416254945390733e+02,2.808139153025559835e+02,2.646315618242059031e+02,2.958648515094404274e+02,2.659809764638627598e+02,2.667318125879151580e+02,2.800802394409142266e+02,2.824470448133622540e+02,2.808977509241013308e+02,2.790223738472529931e+02,2.781194495950721262e+02
2.120000000000000000e+03,2.695753095211227901e+02,2.806079510964532915e+02,2.645221431731137045e+02,2.951785612074208984e+02,2.658554624929134889e+02,2.666014749540370872e+02,2.800395101471663111e+02,2.824106736179845711e+02,2.808340572141169673e+02,2.789787941423350048e+02,2.781316850073981186e+02
2.130000000000000000e+03,2.693082012441186635e+02,2.804029707346990676e+02,2.644107874784703540e+02,2.945014964480811841e+02,2.657295855469450885e+02,2.664675287686835645e+02,2.799971836606882221e+02,2.823732377360622081e+02,2.807698139484665489e+02,2.789339382337138318e+02,2.781433194805046583e+02
2.140000000000000000e+03,2.690443298466780107e+02,2.802004292790309705e+02,2.642994264962620150e+02,2.938373720920095593e+02,2.656020833830976926e+02,2.663376070600505727e+02,2.799537690634699061e+02,2.823350205734462861e+02,2.807056151080440713e+02,2.788880107806559181e+02,2.781547173737969274e+02
2.150000000000000000e+03,2.687844628762312027e+02,2.799984823939284411e+02,2.641876007104626183e+02,2.931872995444816752e+02,2.654741632285220589e+02,2.662056602441792847e+02,2.799093844132310096e+02,2.822960151546357110e+02,2.806403864211068822e+02,2.788416065096425314e+02,2.781661457219692011e+02
2.160000000000000000e+03,2.685230098528170402e+02,2.797959463710260479e+02,2.640762383776485080e+02,2.925473928812427289e+02,2.653482686974238050e+02,2.660741289665832028e+02,2.798644607438089338e+02,2.822564561349359451e+02,2.805751840753015358e+02,2.787941701723664210e+02,2.781767049740533366e+02
2.170000000000000000e+03,2.682655613344289236e+02,2.795964179379821530e+02,2.639636023490274965e+02,2.919206455058543384e+02,2.652195383000265565e+02,2.659413719078902432e+02,2.798181982052441867e+02,2.822160606852997375e+02,2.805096465787044622e+02,2.787458960963288064e+02,2.781869279966139743e+02
2.180000000000000000e+03,2.680096969405299774e+02,2.793984885268868652e+02,2.638533671662594884e+02,2.913043405275186615e+02,2.650924224050634734e+02,2.658078109488525911e+02,2.797711244402693751e+02,2.821748702371864397e+02,2.804434073754188717e+02,2.786968037283879767e+02,2.781965804170453680e+02
2.190000000000000000e+03,2.677539151584987280e+02,2.792007971588822102e+02,2.637396036547926883e+02,2.906983249625593544e+02,2.649633153572169135e+02,2.656762844068636582e+02,2.797235153377495180e+02,2.821331293060187591e+02,2.803768612119910131e+02,2.786468488436136113e+02,2.782062325356953352e+02
2.200000000000000000e+03,2.675036125184536218e+02,2.790066559288785015e+02,2.636272930756449000e+02,2.901046885760360396e+02,2.648365604747019120e+02,2.655447188368711409e+02,2.796748631859014154e+02,2.820906411414282502e+02,2.803110480314816755e+02,2.785963649108543336e+02,2.782157295760752049e+02
2.210000000000000000e+03,2.672519088685418751e+02,2.788107994816493260e+02,2.635147884000327849e+02,2.895154654866014425e+02,2.647070744312815123e+02,2.654111775862214131e+02,2.796248083501529322e+02,2.820470865041023103e+02,2.802432401718000960e+02,2.785447862323018171e+02,2.782246950695833334e+02
2.220000000000000000e+03,2.670024901032676325e+02,2.786185054217709194e+02,2.634021472712972809e+02,2.889409895915691777e+02,2.645799587640414643e+02,2.652776165137948396e+02,2.795744896717437200e+02,2.820035261128175534e+02,2.801764265668792291e+02,2.784931340784062854e+02,2.782330264312014947e+02
2.230000000000000000e+03,2.667556521372814586e+02,2.784250898438367017e+02,2.632880413631843339e+02,2.883720798447643574e+02,2.644488560423719150e+02,2.651456914713713786e+02,2.795227305345632658e+02,2.819586797047773530e+02,2.801086458721244981e+02,2.784393547844036902e+02,2.782416238771361918e+02
2.240000000000000000e+03,2.665109913729952495e+02,2.782357800889612349e+02,2.631749279890213984e+02,2.878169662605566259e+02,2.643205033920664278e+02,2.650125283507655354e+02,2.794707710231461419e+02,2.819134249372378349e+02,2.800405954383687686e+02,2.783860548594304305e+02,2.782493352700984701e+02
2.250000000000000000e+03,2.662672062320351074e+02,2.780459010822423807e+02,2.630606840905740000e+02,2.872690680771694360e+02,2.641925831076841860e+02,2.648797834429214504e+02,2.794174877065605074e+02,2.818673920017026262e+02,2.799726415739847312e+02,2.783312449351478790e+02,2.782569218419322965e+02
2.260000000000000000e+03,2.660266448241234229e+02,2.778568308362969219e+02,2.629472365278518282e+02,2.867324113077054335e+02,2.640630573462963184e+02,2.647478353357709011e+02,2.793638324163226230e+02,2.818212348491693433e+02,2.799048227109819891e+02,2.782764324609295272e+02,2.782640868985791371e+02
2.270000000000000000e+03,2.657838446636486083e+02,2.776690576203587852e+02,2.628323109367622124e+02,2.861998498146504062e+02,2.639335514344783178e+02,2.646142847890524763e+02,2.793090345190032622e+02,2.817738578613535196e+02,2.798358610411735867e+02,2.782206239864447070e+02,2.782710013253999932e+02
2.280000000000000000e+03,2.655473019135951063e+02,2.774832058740383331e+02,2.627180665578042067e+02,2.856768908609683990e+02,2.638032136664136260e+02,2.644807299338676785e+02,2.792535614794501839e+02,2.817262846462488142e+02,2.797669414437118007e+02,2.781639726744936070e+02,2.782775560956142158e+02
2.290000000000000000e+03,2.653084586174599622e+02,2.772992214640560178e+02,2.626034772577828562e+02,2.851628872590226251e+02,2.636749092094572120e+02,2.643475864186319200e+02,2.791975780502013436e+02,2.816780104089378369e+02,2.796983868439497201e+02,2.781069844576455239e+02,2.782834227862064722e+02
2.300000000000000000e+03,2.650735392325997850e+02,2.771149790115749738e+02,2.624876270220946139e+02,2.846600482127955161e+02,2.635461785156708174e+02,2.642140317008335160e+02,2.791404163114852963e+02,2.816295669352304571e+02,2.796294911927422504e+02,2.780493201110157315e+02,2.782892894767987855e+02
2.310000000000000000e+03,2.648411270124282169e+02,2.769331490401363567e+02,2.623746471616361760e+02,2.841605653669993785e+02,2.634170602265148204e+02,2.640808806589579376e+02,2.790829198638062962e+02,2.815799724026948070e+02,2.795603967360260071e+02,2.779908161840347702e+02,2.782948367739252262e+02
2.320000000000000000e+03,2.646084985440841706e+02,2.767513190686977964e+02,2.622591224321317895e+02,2.836720394632857847e+02,2.632871040861092524e+02,2.639493332688346641e+02,2.790247581765771656e+02,2.815301918706061883e+02,2.794913398028712663e+02,2.779319844136055622e+02,2.783001999970957172e+02
2.330000000000000000e+03,2.643793189279782609e+02,2.765713582062013529e+02,2.621437351637105166e+02,2.831894618959601644e+02,2.631579986081903257e+02,2.638161812307621972e+02,2.789657590680404837e+02,2.814799076072272328e+02,2.794221166639608214e+02,2.778726489118860172e+02,2.783048932832200535e+02
2.340000000000000000e+03,2.641493402352318753e+02,2.763914150935810881e+02,2.620283351355930108e+02,2.827133706144385314e+02,2.630272726229939053e+02,2.636822278610819126e+02,2.789060798377380479e+02,2.814289707163258072e+02,2.793523482867277608e+02,2.778119627073149900e+02,2.783096004029809478e+02
2.350000000000000000e+03,2.639240575704230878e+02,2.762127983853312116e+02,2.619124778508849545e+02,2.822451047593437465e+02,2.628985361963564173e+02,2.635494772715384784e+02,2.788457391013238862e+02,2.813778487390522969e+02,2.792829575907576896e+02,2.777516219709008283e+02,2.783137909805511754e+02
2.360000000000000000e+03,2.636971650275376646e+02,2.760374053672485957e+02,2.617982336130269800e+02,2.817848991130313721e+02,2.627690078325438208e+02,2.634175304556672472e+02,2.787850637246644965e+02,2.813258888839129668e+02,2.792133982974121977e+02,2.776902760364982896e+02,2.783173122776311175e+02
2.370000000000000000e+03,2.634728418350044876e+02,2.758598778614036178e+02,2.616820364945182860e+02,2.813297765534367159e+02,2.626398911557552651e+02,2.632843772693250912e+02,2.787228644706315208e+02,2.812737739550116771e+02,2.791432956403861567e+02,2.776282439678635114e+02,2.783211772162171087e+02
2.380000000000000000e+03,2.632509206847445284e+02,2.756855696890300464e+02,2.615666379793009355e+02,2.808803168763542999e+02,2.625107721269708350e+02,2.631520340535641367e+02,2.786606608292590863e+02,2.812208178098124449e+02,2.790736950085153580e+02,2.775660403345644340e+02,2.783242047652265683e+02
2.390000000000000000e+03,2.630288674486134823e+02,2.755101797871521967e+02,2.614515957631790002e+02,2.804402369166480753e+02,2.623804350843633415e+02,2.630192892712776143e+02,2.785978003097188775e+02,2.811676794922079239e+02,2.790038004713604778e+02,2.775030122790529390e+02,2.783270541556386775e+02
2.400000000000000000e+03,2.628093011781496102e+02,2.753380154639499438e+02,2.613365412824992973e+02,2.800049769281185945e+02,2.622517169633724166e+02,2.628865444889910350e+02,2.785344488626297448e+02,2.811138810516840181e+02,2.789339059342055975e+02,2.774396594836634335e+02,2.783295681593052677e+02
2.410000000000000000e+03,2.625897411885694623e+02,2.751661248312776706e+02,2.612187342525770077e+02,2.795764944118123481e+02,2.621209910468618318e+02,2.627533912619024363e+02,2.784703975074374966e+02,2.810597500687095476e+02,2.788639700028301149e+02,2.773756094063926980e+02,2.783320897712786746e+02
2.420000000000000000e+03,2.623749286269633103e+02,2.749955687223633163e+02,2.611044900095489538e+02,2.791533021511607444e+02,2.619922606494460524e+02,2.626214444460121626e+02,2.784053130711101858e+02,2.810049505994851984e+02,2.787933227761661783e+02,2.773108599293597649e+02,2.783336093927022148e+02
2.430000000000000000e+03,2.621592960618286270e+02,2.748266008907789342e+02,2.609886200397390894e+02,2.787365238363582307e+02,2.618635244231876413e+02,2.624894916556417002e+02,2.783406597494578136e+02,2.809507944163589173e+02,2.787236706960441097e+02,2.772463744195380286e+02,2.783354426098215981e+02
2.440000000000000000e+03,2.619446522239065871e+02,2.746571472988802043e+02,2.608716223513536647e+02,2.783257749849300922e+02,2.617336099585727993e+02,2.623579464650402429e+02,2.782745946882962471e+02,2.808951533880407965e+02,2.786535678962320048e+02,2.771809787978933173e+02,2.783364529936675353e+02
2.450000000000000000e+03,2.617328691268642729e+02,2.744878872904476452e+02,2.607569054870905347e+02,2.779214751528120928e+02,2.616052573082673689e+02,2.622264017925695043e+02,2.782083870339692453e+02,2.808393384500840284e+02,2.785835057940208799e+02,2.771152751608041171e+02,2.783376267432445843e+02
2.460000000000000000e+03,2.615216264863852871e+02,2.743211455757846693e+02,2.606403693515724171e+02,2.775200316433555940e+02,2.614757453839551431e+02,2.620944854032883882e+02,2.781411102021179431e+02,2.807831881564438845e+02,2.785131926651479830e+02,2.770483378205289000e+02,2.783383012680783963e+02
2.470000000000000000e+03,2.613108187674187661e+02,2.741554065852746476e+02,2.605245116587247480e+02,2.771257938312624560e+02,2.613462289670595737e+02,2.619641408949739798e+02,2.780740975317436323e+02,2.807268699738758642e+02,2.784433393511360464e+02,2.769819945118734950e+02,2.783386353114505027e+02
2.480000000000000000e+03,2.611026281863936447e+02,2.739899797005857067e+02,2.604083025205946456e+02,2.767360377278723149e+02,2.612179265926753260e+02,2.618301930108361830e+02,2.780059783576136851e+02,2.806697111420502324e+02,2.783726904815654279e+02,2.769145481772006860e+02,2.783386351110513033e+02
2.490000000000000000e+03,2.608964849715468404e+02,2.738255375861416496e+02,2.602943986637270086e+02,2.763534084059790530e+02,2.610911831542630921e+02,2.617010505657673889e+02,2.779378251422514268e+02,2.806130555796891031e+02,2.783030384014433594e+02,2.768475632881440447e+02,2.783383000694512930e+02
2.500000000000000000e+03,2.606907055880628263e+02,2.736617207698662355e+02,2.601782062026627500e+02,2.759733287428372819e+02,2.609620743864431915e+02,2.615687183426937850e+02,2.778685330935142588e+02,2.805550625150291353e+02,2.782327330368952403e+02,2.767792843179647093e+02,2.783379650278512258e+02
2.510000000000000000e+03,2.604855413780757090e+02,2.734992037862140819e+02,2.600631622922525708e+02,2.756000055390842931e+02,2.608333556786265035e+02,2.614391735728217441e+02,2.777993036477880082e+02,2.804973981611115050e+02,2.781626646286665050e+02,2.767110588093489127e+02,2.783366234830845087e+02
2.520000000000000000e+03,2.602813856651479227e+02,2.733386096253256596e+02,2.599461554329864725e+02,2.752312124784046432e+02,2.607042405523762341e+02,2.613084599030815980e+02,2.777291583409991063e+02,2.804387260298128695e+02,2.780923587273024395e+02,2.766417638847950116e+02,2.783357781137045777e+02
2.530000000000000000e+03,2.600810443263789580e+02,2.731768937853130979e+02,2.598310987635847482e+02,2.748659486235403620e+02,2.605763190606938906e+02,2.611773115364433693e+02,2.776590118832518215e+02,2.803804050621629926e+02,2.780227066471803710e+02,2.765727779667884647e+02,2.783342779776430120e+02
2.540000000000000000e+03,2.598807072533305131e+02,2.730183903549714159e+02,2.597144347216665778e+02,2.745062813572570235e+02,2.604499974923622858e+02,2.610469794040735678e+02,2.775879865251087040e+02,2.803213861439029984e+02,2.779521925759833039e+02,2.765029375207265048e+02,2.783324183178496583e+02
2.550000000000000000e+03,2.596808035564339434e+02,2.728581493026023850e+02,2.595995007779177968e+02,2.741501583808058058e+02,2.603205129525175039e+02,2.609166492660710901e+02,2.775165838914861638e+02,2.802620525779062177e+02,2.778824643713360274e+02,2.764328750537875976e+02,2.783304072794866215e+02
2.560000000000000000e+03,2.594828743708782213e+02,2.726996414428635376e+02,2.594828450825232835e+02,2.737993564611884949e+02,2.601933850083152038e+02,2.607863191280686124e+02,2.774450059715846919e+02,2.802030453651628363e+02,2.778122287627519995e+02,2.763626374273603119e+02,2.783280586614299068e+02
2.570000000000000000e+03,2.592851659262972248e+02,2.725439017706104323e+02,2.593674461957794506e+02,2.734531749768433997e+02,2.600658610927055747e+02,2.606571863924055492e+02,2.773730502182441455e+02,2.801428598544690090e+02,2.777422928702046647e+02,2.762920294487520323e+02,2.783252052656170008e+02
2.580000000000000000e+03,2.590910457011214021e+02,2.723871802514681235e+02,2.592527293315163774e+02,2.731114479797780064e+02,2.599383370343491038e+02,2.605280540884033940e+02,2.773003063065057177e+02,2.800826881579889118e+02,2.776723988174463216e+02,2.762214636155568428e+02,2.783223516337698697e+02
2.590000000000000000e+03,2.588951899086004573e+02,2.722304631561366364e+02,2.591361948487701170e+02,2.727731387554799767e+02,2.598104600024706770e+02,2.603985539242459595e+02,2.772273950484885177e+02,2.800226823501106423e+02,2.776028392760507018e+02,2.761500600456024586e+02,2.783193348770427065e+02
2.600000000000000000e+03,2.587020862162915478e+02,2.720763907679418026e+02,2.590219480245038994e+02,2.724392441302142061e+02,2.596841426618520927e+02,2.602674123714004963e+02,2.771539277880735881e+02,2.799617480056853083e+02,2.775329033428702701e+02,2.760781081459082884e+02,2.783154673570074920e+02
2.610000000000000000e+03,2.585106111058390184e+02,2.719223183797469687e+02,2.589077012002376819e+02,2.721101750569514479e+02,2.595586409593352073e+02,2.601386819740032479e+02,2.770803449241071235e+02,2.799008136250290590e+02,2.774630090398932794e+02,2.760063693669902705e+02,2.783113611792296069e+02
2.620000000000000000e+03,2.583201622911641380e+02,2.717714156821772349e+02,2.587915047828674915e+02,2.717841716520274531e+02,2.594319511919954380e+02,2.600103776929290689e+02,2.770060935673666904e+02,2.798398015266299694e+02,2.773936170651385282e+02,2.759341282598502403e+02,2.783072550014517219e+02
2.630000000000000000e+03,2.581302831135422480e+02,2.716185498698187644e+02,2.586772605450095170e+02,2.714631559013560036e+02,2.593048290038351524e+02,2.598816472955318204e+02,2.769311152043848665e+02,2.797782705502811496e+02,2.773238500440302801e+02,2.758615025249031305e+02,2.783030518106353384e+02
2.640000000000000000e+03,2.579420235062963229e+02,2.714672913583638092e+02,2.585613967367754071e+02,2.711453547524915280e+02,2.591793141165783823e+02,2.597545364685105937e+02,2.768564708624245441e+02,2.797162367770854416e+02,2.772540832003560354e+02,2.757883733217486224e+02,2.782986781867135733e+02
2.650000000000000000e+03,2.577540127548255100e+02,2.713155812482069678e+02,2.584460088198881067e+02,2.708306358075737421e+02,2.590534369360788673e+02,2.596254240083750346e+02,2.767813712274064528e+02,2.796542137145532934e+02,2.771845173627234544e+02,2.757154533595464727e+02,2.782933131811137741e+02
2.660000000000000000e+03,2.575689575880208508e+02,2.711659436978947042e+02,2.583325621433907031e+02,2.705208887612748185e+02,2.589271250813374081e+02,2.594975036041639669e+02,2.767052164865464192e+02,2.795920104934538131e+02,2.771149184950982658e+02,2.756418192462814432e+02,2.782879334416771826e+02
2.670000000000000000e+03,2.573817515085162313e+02,2.710174570983002695e+02,2.582187883468836276e+02,2.702126264422597046e+02,2.588012345501813911e+02,2.593707988336443009e+02,2.766292939677022673e+02,2.795293293483265984e+02,2.770456940411434630e+02,2.755680753288352207e+02,2.782824026977066865e+02
2.680000000000000000e+03,2.571983091384273052e+02,2.708694092104068432e+02,2.581029183770737063e+02,2.699109078177578454e+02,2.586773231700911992e+02,2.592436770279231268e+02,2.765531903018840580e+02,2.794669712576847473e+02,2.769764695875279017e+02,2.754939835064971021e+02,2.782768717756478623e+02
2.690000000000000000e+03,2.570156638728508938e+02,2.707229800578313075e+02,2.579894729440972014e+02,2.696116050330863914e+02,2.585518175809759214e+02,2.591165552222019528e+02,2.764765923751584751e+02,2.794039384890945144e+02,2.769072464123578357e+02,2.754198983917719943e+02,2.782706696696925519e+02
2.700000000000000000e+03,2.568346321077666516e+02,2.705757510431451465e+02,2.578760302426538260e+02,2.693155271944249876e+02,2.584271119176480056e+02,2.589910373875583787e+02,2.763992592526267345e+02,2.793409053184523714e+02,2.768378150253546437e+02,2.753452559046028227e+02,2.782644485969274797e+02
2.710000000000000000e+03,2.566530759125535610e+02,2.704304848686409173e+02,2.577614478345197995e+02,2.690209774147900816e+02,2.583028331830004163e+02,2.588627441876656121e+02,2.763223250055162907e+02,2.792772128872528015e+02,2.767689256129999649e+02,2.752708357482776478e+02,2.782575764077719782e+02
2.720000000000000000e+03,2.564736518663972902e+02,2.702856714674170462e+02,2.576479992344112020e+02,2.687321264760540771e+02,2.581789389062967643e+02,2.587372367637573802e+02,2.762447211540123817e+02,2.792140226593483590e+02,2.766997013984484965e+02,2.751952437842638233e+02,2.782507042186165336e+02
2.730000000000000000e+03,2.562953161052240034e+02,2.701396164524740016e+02,2.575342263476257472e+02,2.684440442460214058e+02,2.580522454957399532e+02,2.586113478902063321e+02,2.761663803752052218e+02,2.791498040973287402e+02,2.766309418842441232e+02,2.751202619936815381e+02,2.782434761128525906e+02
2.740000000000000000e+03,2.561183126341811658e+02,2.699980006010979992e+02,2.574199829025597523e+02,2.681608316078542771e+02,2.579299527641441614e+02,2.584858332770494371e+02,2.760884408540839559e+02,2.790861101921971681e+02,2.765620537986576437e+02,2.750448368772567846e+02,2.782359339565734331e+02
2.750000000000000000e+03,2.559402583484144884e+02,2.698531375137544046e+02,2.573074649890884302e+02,2.678799790678829709e+02,2.578045146076321430e+02,2.583587697817457638e+02,2.760096952905595344e+02,2.790215303753281546e+02,2.764927536108090749e+02,2.749689587152895456e+02,2.782285122983466294e+02
2.760000000000000000e+03,2.557669913166265871e+02,2.697127711446852345e+02,2.571936258726412348e+02,2.676056477607720012e+02,2.576825814223629436e+02,2.582336420008777509e+02,2.759307465798520411e+02,2.789568323583702636e+02,2.764243676208489546e+02,2.748930295816873581e+02,2.782202989400008732e+02
2.770000000000000000e+03,2.555910796187344829e+02,2.695699445313684919e+02,2.570797867561940393e+02,2.673288657957311898e+02,2.575575122406148694e+02,2.581093625991351246e+02,2.758517976643855718e+02,2.788926312789988060e+02,2.763557270212083381e+02,2.748170933808825112e+02,2.782122530340598701e+02
2.780000000000000000e+03,2.554172971358726159e+02,2.694299345146873748e+02,2.569679416865182588e+02,2.670585208066598284e+02,2.574352578614451659e+02,2.579838799308988087e+02,2.757723480477052362e+02,2.788277649234143496e+02,2.762870864215677784e+02,2.747406629749568765e+02,2.782033693165192858e+02
2.790000000000000000e+03,2.552440859016016645e+02,2.692899253715770556e+02,2.568545677420986522e+02,2.667874172751579636e+02,2.573130023057957487e+02,2.578583998642520214e+02,2.756924238815453805e+02,2.787626775872249141e+02,2.762184585853303815e+02,2.746636057413706453e+02,2.781947673974963777e+02
2.800000000000000000e+03,2.550735292475076506e+02,2.691491302294071488e+02,2.567411924819547266e+02,2.665243207896514264e+02,2.571890987066688581e+02,2.577345059656078092e+02,2.756128782098434726e+02,2.786976704520579347e+02,2.761502767631537267e+02,2.745870677349923881e+02,2.781857444015253122e+02
2.810000000000000000e+03,2.549024646382063963e+02,2.690111384178891285e+02,2.566298314936619818e+02,2.662604641796461351e+02,2.570672492110343228e+02,2.576102331416634001e+02,2.755322871701791883e+02,2.786320857366396240e+02,2.760814892380026322e+02,2.745103517120236347e+02,2.781763012806646884e+02
2.820000000000000000e+03,2.547323890865247336e+02,2.688739664996406304e+02,2.565183288162280064e+02,2.660021995716418246e+02,2.569461129177104226e+02,2.574875399585861828e+02,2.754523044920597954e+02,2.785670993339295478e+02,2.760136703749998901e+02,2.744335345752546687e+02,2.781668033853118231e+02
2.830000000000000000e+03,2.545637285764859712e+02,2.687375901975564148e+02,2.564061738540427768e+02,2.657439355263374523e+02,2.568234692037402738e+02,2.573648466062854823e+02,2.753711304286433119e+02,2.785006418593964668e+02,2.759451799869485171e+02,2.743554074019412496e+02,2.781569942958200272e+02
2.840000000000000000e+03,2.543963813039198953e+02,2.685992042789616789e+02,2.562935204483450207e+02,2.654896919148951042e+02,2.567027866647244423e+02,2.572409441698029013e+02,2.752909884247955574e+02,2.784353282554993143e+02,2.758777002798781268e+02,2.742785971800283846e+02,2.781469976788280292e+02
2.850000000000000000e+03,2.542306479873009835e+02,2.684648344564341755e+02,2.561824907874949986e+02,2.652378632518743871e+02,2.565813002587509573e+02,2.571170417333203773e+02,2.752098651504948634e+02,2.783696241430305349e+02,2.758096513913523609e+02,2.742011608967713414e+02,2.781367731731431832e+02
2.860000000000000000e+03,2.540636102960468747e+02,2.683300797288844706e+02,2.560703326062284191e+02,2.649893132177821826e+02,2.564594497026396880e+02,2.569943745784602243e+02,2.751278450363643060e+02,2.783028248185088387e+02,2.757414943690892528e+02,2.741228594645945691e+02,2.781259519591973799e+02
2.870000000000000000e+03,2.538989943700011338e+02,2.681929041984222408e+02,2.559589716829382553e+02,2.647415738036652328e+02,2.563400093824163264e+02,2.568733326929587406e+02,2.750465516204953360e+02,2.782364498564590463e+02,2.756737792379155962e+02,2.740449194532915840e+02,2.781150563564756339e+02
2.880000000000000000e+03,2.537356690593990720e+02,2.680601471397293381e+02,2.558479438635542351e+02,2.644969909591729902e+02,2.562201425504320582e+02,2.567502371660941662e+02,2.749647566504535234e+02,2.781702429027354242e+02,2.756062312429954204e+02,2.739669789824266672e+02,2.781039935630299738e+02
2.890000000000000000e+03,2.535731536508290844e+02,2.679265924502472558e+02,2.557369160441701865e+02,2.642556231803231981e+02,2.560986559143836416e+02,2.566303567048719856e+02,2.748828829408222418e+02,2.781035006163276648e+02,2.755386484231827353e+02,2.738884690952147594e+02,2.780928959785138659e+02
2.900000000000000000e+03,2.534098223665336036e+02,2.677954457447941081e+02,2.556266920769234616e+02,2.640158635857150671e+02,2.559787685911902031e+02,2.565080700769982514e+02,2.748003418137276412e+02,2.780367620431837281e+02,2.754709004721412953e+02,2.738101302625339031e+02,2.780811289795160519e+02
2.910000000000000000e+03,2.532492253208814361e+02,2.676631070610653182e+02,2.555161328516316530e+02,2.637786052598663105e+02,2.558609496338261522e+02,2.563878254772795913e+02,2.747185246471871096e+02,2.779706085854697335e+02,2.754037477712540181e+02,2.737323126112898990e+02,2.780692982454571620e+02
2.920000000000000000e+03,2.530891157870228767e+02,2.675327657750089543e+02,2.554051056575123368e+02,2.635452868908070627e+02,2.557402641293732586e+02,2.562671367290733997e+02,2.746354855709198546e+02,2.779029641027263438e+02,2.753359332335126055e+02,2.736529983886994728e+02,2.780572876856844573e+02
2.930000000000000000e+03,2.529285282787462279e+02,2.674012393120996762e+02,2.552961652006459872e+02,2.633112640601702310e+02,2.556224437727402119e+02,2.561444901333330222e+02,2.745525265420421306e+02,2.778359254750999412e+02,2.752690603071540636e+02,2.735740526132040031e+02,2.780448869281707402e+02
2.940000000000000000e+03,2.527695646745225417e+02,2.672721198551595876e+02,2.551864186527334937e+02,2.630804761201534916e+02,2.555013994588406376e+02,2.560250486159679895e+02,2.744698851084231705e+02,2.777687060856088124e+02,2.752018415659483139e+02,2.734951067053696079e+02,2.780328165770208102e+02
2.950000000000000000e+03,2.526126650968397200e+02,2.671417753468451792e+02,2.550769965654043574e+02,2.628519772985703185e+02,2.553855417659930254e+02,2.559051729319418200e+02,2.743864998665980011e+02,2.777012924291211675e+02,2.751347639562603717e+02,2.734160925773440454e+02,2.780200377735215511e+02
2.960000000000000000e+03,2.524549873845286356e+02,2.670138537868542699e+02,2.549675744780752211e+02,2.626267033707496807e+02,2.552664747619640764e+02,2.557852972479156506e+02,2.743031963764768761e+02,2.776340787418764080e+02,2.750678873481683695e+02,2.733371464210109707e+02,2.780068803574030767e+02
2.970000000000000000e+03,2.522996633875343377e+02,2.668843284750786324e+02,2.548573584111812522e+02,2.624038329227534518e+02,2.551490110535951032e+02,2.556662700659213669e+02,2.742200609829116615e+02,2.775665304566364284e+02,2.750010099413040621e+02,2.732580331235014341e+02,2.779937223840547063e+02
2.980000000000000000e+03,2.521443438667394901e+02,2.667564401172307953e+02,2.547488917406262487e+02,2.621804516241301144e+02,2.550308351596789578e+02,2.555472455919657477e+02,2.741365895882458403e+02,2.774986474478666310e+02,2.749346346197345383e+02,2.731789185484211657e+02,2.779799780057437033e+02
2.990000000000000000e+03,2.519890247313851717e+02,2.666309261894757014e+02,2.546394722807033872e+02,2.619624228381336479e+02,2.549133746551236754e+02,2.554289747394993810e+02,2.740526985343368551e+02,2.774305617478631234e+02,2.748675589543180422e+02,2.730990661421801633e+02,2.779662130681192593e+02
3.000000000000000000e+03,2.518366143697136010e+02,2.665057984086076317e+02,2.545311865057508669e+02,2.617458390483987500e+02,2.547970595517695926e+02,2.553110562184309629e+02,2.739685570564708996e+02,2.773630137806933362e+02,2.748013511535485236e+02,2.730196178042846213e+02,2.779524481227887236e+02
3.010000000000000000e+03,2.516832941934563905e+02,2.663791144005585352e+02,2.544238606087000960e+02,2.615303779270327027e+02,2.546800623664545924e+02,2.551924337820302355e+02,2.738847430204408511e+02,2.772951246346089533e+02,2.747348035740921546e+02,2.729401622715042208e+02,2.779381999065518016e+02
3.020000000000000000e+03,2.515323898278705315e+02,2.662532222178693360e+02,2.543141068286381596e+02,2.613149215156776677e+02,2.545622516828670996e+02,2.550754173834395147e+02,2.738001054579900142e+02,2.772266713831514267e+02,2.746682053925161995e+02,2.728599064882367884e+02,2.779236995860197226e+02
3.030000000000000000e+03,2.513806812792173844e+02,2.661289563320545426e+02,2.542075938315520318e+02,2.611043007024193798e+02,2.544476489828718400e+02,2.549568072827846947e+02,2.737157884899821170e+02,2.771584502438954019e+02,2.746020789974978698e+02,2.727801158982706511e+02,2.779089487472629685e+02
3.040000000000000000e+03,2.512310314602834467e+02,2.660050449519644076e+02,2.540997799898686083e+02,2.608943032629620689e+02,2.543317930386612034e+02,2.548401451635534158e+02,2.736313105088938755e+02,2.770902287060152389e+02,2.745359523984481598e+02,2.727003323451909864e+02,2.778941978084565108e+02
3.050000000000000000e+03,2.510813816413495090e+02,2.658803415550309523e+02,2.539919661481851563e+02,2.606867327444443845e+02,2.542159370944505667e+02,2.547234830443221369e+02,2.735465883997280798e+02,2.770214757561706733e+02,2.744695550708886458e+02,2.726203168435679345e+02,2.778792363584730083e+02
3.060000000000000000e+03,2.509317318224155713e+02,2.657580465206982012e+02,2.538865642083246996e+02,2.604815559658832740e+02,2.541000811502399301e+02,2.546068209250908581e+02,2.734618296942226721e+02,2.769530026849154183e+02,2.744038447998885886e+02,2.725401913562918139e+02,2.778638139159609750e+02
3.070000000000000000e+03,2.507844278512548897e+02,2.656366329734892702e+02,2.537781210734152353e+02,2.602767993165623466e+02,2.539859512614006007e+02,2.544894666462941188e+02,2.733770709887172643e+02,2.768845296136601064e+02,2.743378045199190751e+02,2.724602391772114629e+02,2.778482261694572912e+02
3.080000000000000000e+03,2.506355708719530355e+02,2.655143425627028932e+02,2.536711152315840820e+02,2.600732361410438216e+02,2.538709040015887695e+02,2.543736088425021364e+02,2.732923122832118565e+02,2.768159765401886148e+02,2.742719330005129450e+02,2.723802895551092433e+02,2.778326384229536643e+02
3.090000000000000000e+03,2.504903163212867980e+02,2.653932960935524079e+02,2.535645991614724437e+02,2.598731214768222344e+02,2.537563216092870277e+02,2.542574182154143330e+02,2.732069115205447360e+02,2.767472170000891651e+02,2.742063676802260375e+02,2.722994271706888867e+02,2.778168355749615444e+02
3.100000000000000000e+03,2.503438892447930186e+02,2.652718041350261160e+02,2.534583915031782624e+02,2.596743960982852286e+02,2.536412633491601696e+02,2.541431557561502643e+02,2.731219311598939612e+02,2.766783282271268263e+02,2.741408312414413899e+02,2.722194749916084788e+02,2.778005771058653863e+02
3.110000000000000000e+03,2.501978367777454366e+02,2.651515722708220437e+02,2.533526834080845163e+02,2.594783116196942387e+02,2.535282905160226790e+02,2.540277733184339297e+02,2.730364501226735570e+02,2.766094394541644874e+02,2.740752948026567424e+02,2.721390221359584984e+02,2.777839840008988403e+02
3.120000000000000000e+03,2.500546316531969637e+02,2.650341090952233003e+02,2.532472896152148394e+02,2.592836078143613463e+02,2.534156528121532119e+02,2.539143245405126379e+02,2.729507103571627908e+02,2.765403440863337323e+02,2.740097300280493187e+02,2.720583281433895309e+02,2.777678436718617832e+02
3.130000000000000000e+03,2.499106171298451216e+02,2.649142299868326518e+02,2.531410864235417648e+02,2.590889040090284539e+02,2.533014085742952091e+02,2.537984720934176437e+02,2.728653076740989718e+02,2.764712821485987888e+02,2.739445253661048127e+02,2.719779526069250437e+02,2.777505794904785716e+02
3.140000000000000000e+03,2.497682103712322430e+02,2.647959709161942214e+02,2.530364909966076254e+02,2.588974280061867148e+02,2.531887721011761414e+02,2.536842274110615847e+02,2.727799052840293257e+02,2.764020580360094641e+02,2.738793210166269887e+02,2.718975773472571973e+02,2.777338161241584089e+02
3.150000000000000000e+03,2.496269883984328146e+02,2.646773462674253778e+02,2.529315952676832637e+02,2.587069782450361117e+02,2.530765980543754381e+02,2.535712516536279395e+02,2.726934949249948659e+02,2.763320529158938825e+02,2.738137087420997773e+02,2.718162430341245681e+02,2.777165660188061338e+02
3.160000000000000000e+03,2.494861961952351237e+02,2.645606782950686124e+02,2.528261975466811577e+02,2.585187110287790233e+02,2.529639569256399341e+02,2.534570022428363814e+02,2.726079261970471634e+02,2.762633638270439178e+02,2.737486957372141205e+02,2.717358537210442364e+02,2.776986828840164208e+02
3.170000000000000000e+03,2.493449645065698235e+02,2.644436665199790468e+02,2.527212886314572700e+02,2.583306895680479442e+02,2.528517963234641854e+02,2.533432159426371868e+02,2.725217628203994877e+02,2.761933906007510018e+02,2.736834428203611083e+02,2.716547508592540225e+02,2.776811411294714276e+02
3.180000000000000000e+03,2.492041786780983443e+02,2.643270161064687613e+02,2.526166936490211867e+02,2.581456350181369430e+02,2.527415664704954850e+02,2.532305799140161469e+02,2.724360332814807180e+02,2.761243722779497602e+02,2.736189365592810532e+02,2.715745368299678262e+02,2.776635991905848755e+02
3.190000000000000000e+03,2.490653822603019023e+02,2.642108047126260999e+02,2.525134096556214729e+02,2.579608537086468232e+02,2.526285967619699022e+02,2.531184188240616209e+02,2.723493745878606092e+02,2.760548971821873465e+02,2.735536914276045195e+02,2.714932720124116372e+02,2.776452233359112824e+02
3.200000000000000000e+03,2.489261860621980134e+02,2.640957572992876408e+02,2.524104182192222936e+02,2.577798217216889611e+02,2.525175639152904523e+02,2.530065756978730178e+02,2.722638922583831231e+02,2.759854220864248759e+02,2.734895377275387887e+02,2.714129562532345403e+02,2.776270602478499541e+02
3.210000000000000000e+03,2.487886036726766008e+02,2.639823103305499217e+02,2.523058239351282168e+02,2.575987897347310991e+02,2.524073459836791358e+02,2.528939400145598597e+02,2.721771361655755754e+02,2.759155751526491258e+02,2.734247668131079081e+02,2.713316126426552160e+02,2.776084566995325531e+02
3.220000000000000000e+03,2.486534361973886291e+02,2.638664621028700594e+02,2.522020377746903534e+02,2.574185706609272870e+02,2.522963195851185674e+02,2.527829093750565335e+02,2.720911632255450172e+02,2.758462623934802309e+02,2.733606188879724073e+02,2.712513041132700664e+02,2.775897956698476605e+02
3.230000000000000000e+03,2.485154508361200101e+02,2.637534796303364715e+02,2.521003611690599939e+02,2.572410429374457976e+02,2.521865680818038413e+02,2.526707518972158368e+02,2.720050093117735628e+02,2.757767034030643458e+02,2.732960883588930301e+02,2.711706824932892346e+02,2.775711905161377899e+02
3.240000000000000000e+03,2.483786899432138000e+02,2.636408431299253721e+02,2.519965793845930477e+02,2.570640409859418014e+02,2.520763389028136316e+02,2.525597224942952153e+02,2.719186002257897599e+02,2.757069361214392984e+02,2.732320353829613850e+02,2.710894844856716190e+02,2.775520275312878766e+02
3.250000000000000000e+03,2.482439165384645321e+02,2.635262617676937680e+02,2.518932826030065542e+02,2.568881193271030838e+02,2.519665961622003181e+02,2.524483627976665616e+02,2.718314274717319563e+02,2.756367912550601886e+02,2.731674559566149014e+02,2.710080430097416411e+02,2.775326359633580751e+02
3.260000000000000000e+03,2.481099598594260840e+02,2.634140864970471512e+02,2.517907994816170287e+02,2.567138129783111822e+02,2.518568557647997750e+02,2.523378022362760760e+02,2.717451069319116073e+02,2.755668969812236924e+02,2.731030932485401763e+02,2.709273339721458456e+02,2.775133602909098727e+02
3.270000000000000000e+03,2.479752087857996514e+02,2.633027248235599700e+02,2.516891159183045943e+02,2.565411270879083645e+02,2.517487219689291749e+02,2.522280554220430133e+02,2.716587781832730570e+02,2.754971634200992980e+02,2.730393934868383212e+02,2.708466246434535947e+02,2.774937481699757882e+02
3.280000000000000000e+03,2.478424529053699246e+02,2.631909009309404723e+02,2.515869420645751120e+02,2.563713686385824531e+02,2.516409100892416575e+02,2.521186369234766573e+02,2.715714435212744888e+02,2.754268579000250838e+02,2.729749883196429892e+02,2.707651903426752256e+02,2.774736841618956191e+02
3.290000000000000000e+03,2.477108873353775209e+02,2.630809895750638248e+02,2.514874722263020885e+02,2.562013053278358257e+02,2.515326145367925506e+02,2.520103413710275788e+02,2.714848671536650500e+02,2.753571227146997558e+02,2.729111238577896188e+02,2.706842257439858486e+02,2.774537340048810847e+02
3.300000000000000000e+03,2.475781580956962671e+02,2.629709185308147426e+02,2.513846987055208047e+02,2.560329495537856701e+02,2.514241612572932922e+02,2.519002755299856915e+02,2.713982899874144437e+02,2.752868934541947397e+02,2.728475980935810981e+02,2.706032712345394202e+02,2.774332860905404914e+02
3.310000000000000000e+03,2.474462113958179543e+02,2.628615111372797628e+02,2.512833201997762842e+02,2.558647999058945857e+02,2.513163474156098687e+02,2.517908560356920873e+02,2.713113835552165938e+02,2.752167959073564703e+02,2.727837206670743058e+02,2.705224149012436783e+02,2.774127771764181603e+02
3.320000000000000000e+03,2.473158698384104355e+02,2.627512762931472139e+02,2.511827473249423406e+02,2.557006691974406465e+02,2.512085335739264167e+02,2.516830397531247456e+02,2.712247201603853455e+02,2.751467279836551825e+02,2.727201895612205931e+02,2.704416160845552213e+02,2.773921578233678247e+02
3.330000000000000000e+03,2.471855282810028882e+02,2.626434619829336725e+02,2.510829882684738834e+02,2.555349273712247680e+02,2.511023284486946920e+02,2.515736343294146877e+02,2.711380645917341781e+02,2.750768332064893684e+02,2.726564988753459033e+02,2.703606583043170417e+02,2.773712064543122437e+02
3.340000000000000000e+03,2.470572195817128716e+02,2.625337192884667274e+02,2.509821213162177003e+02,2.553719182961900458e+02,2.509941987715702965e+02,2.514662949248475456e+02,2.710514089583257373e+02,2.750067711074461272e+02,2.725931333547063673e+02,2.702793685626962770e+02,2.773504223410115515e+02
3.350000000000000000e+03,2.469281043604491970e+02,2.624263949640277929e+02,2.508812538108994374e+02,2.552081072262546115e+02,2.508892987833997665e+02,2.513597716666188262e+02,2.709641586719342854e+02,2.749363317007594105e+02,2.725297678340668313e+02,2.701985047827537301e+02,2.773294071527713527e+02
3.360000000000000000e+03,2.467993862394583005e+02,2.623185835631177270e+02,2.507830916654112912e+02,2.550480106105329128e+02,2.507830955917266920e+02,2.512519725421151406e+02,2.708775029515392134e+02,2.748662682887269284e+02,2.724664025447257814e+02,2.701177136455955861e+02,2.773079529048537211e+02
3.370000000000000000e+03,2.466722632720293120e+02,2.622115820094006153e+02,2.506841319431422335e+02,2.548886993011801394e+02,2.506768924000536174e+02,2.511457685711733632e+02,2.707905123412879789e+02,2.747960387099719810e+02,2.724035477175264077e+02,2.700367563417149768e+02,2.772863299338023353e+02
3.380000000000000000e+03,2.465439618395442949e+02,2.621050596311193885e+02,2.505832656405697492e+02,2.547289240302758913e+02,2.505711826665523461e+02,2.510368263151801216e+02,2.707034277524850836e+02,2.747257665889883356e+02,2.723403383447360966e+02,2.699558948316332589e+02,2.772646434072638613e+02
3.390000000000000000e+03,2.464184474918807268e+02,2.619988563973693090e+02,2.504851154119616012e+02,2.545736514468898690e+02,2.504657896759449898e+02,2.509314328965101311e+02,2.706162604492050150e+02,2.746553631140394032e+02,2.722774778251958878e+02,2.698749301959916806e+02,2.772428522208941217e+02
3.400000000000000000e+03,2.462925640062819639e+02,2.618915366901351263e+02,2.503858602945975633e+02,2.544162922985829027e+02,2.503608803117452908e+02,2.508265356429286896e+02,2.705297733832715608e+02,2.745854683548723187e+02,2.722146229955133094e+02,2.697939728889127764e+02,2.772207281115207138e+02
3.410000000000000000e+03,2.461666829082333834e+02,2.617866293996721083e+02,2.502866092549143389e+02,2.542613584367041710e+02,2.502551772027739503e+02,2.507200153177178095e+02,2.704422600171492377e+02,2.745146503554282162e+02,2.721513924926021559e+02,2.697127008420052334e+02,2.771979669411511509e+02
3.420000000000000000e+03,2.460423394899245864e+02,2.616823488739217396e+02,2.501903465416262407e+02,2.541080867013691886e+02,2.501524879985809378e+02,2.506141189885399001e+02,2.703551036889560919e+02,2.744440852504611712e+02,2.720887044395541352e+02,2.696319941799323487e+02,2.771758408816107249e+02
3.430000000000000000e+03,2.459196837560405697e+02,2.615782488500084924e+02,2.500910967698293348e+02,2.539548149660342062e+02,2.500475969530189104e+02,2.505084097127485450e+02,2.702682791282805397e+02,2.743740230971673100e+02,2.720263533210061837e+02,2.695512874361474474e+02,2.771533814409130514e+02
3.440000000000000000e+03,2.457954144475097848e+02,2.614741503457796625e+02,2.499934559582061411e+02,2.538031111034570984e+02,2.499435064271405054e+02,2.504035073620189280e+02,2.701806928835073904e+02,2.743035831035718388e+02,2.719634781742385030e+02,2.694702582141913467e+02,2.771303499305134892e+02
3.450000000000000000e+03,2.456723133469287745e+02,2.613711711863427354e+02,2.498953016449374331e+02,2.536526569309608021e+02,2.498405149907413829e+02,2.503005282025820293e+02,2.700937019597696462e+02,2.742331857515699767e+02,2.719012956620048271e+02,2.693899702037940642e+02,2.771075538300593735e+02
3.460000000000000000e+03,2.455496518476078052e+02,2.612670794582209055e+02,2.497984572417770153e+02,2.535033708239570558e+02,2.497364210350692417e+02,2.501956229397004847e+02,2.700061907496175877e+02,2.741623687053984781e+02,2.718385701741471507e+02,2.693083671149157112e+02,2.770839490282601787e+02
3.470000000000000000e+03,2.454289746440219346e+02,2.611657007708237188e+02,2.497011176995524977e+02,2.533537216108808821e+02,2.496334343472027513e+02,2.500926360427539237e+02,2.699196270562691780e+02,2.740921798769470001e+02,2.717764050955981929e+02,2.692283182478636832e+02,2.770607201988570409e+02
3.480000000000000000e+03,2.453063139795750658e+02,2.610624195555056417e+02,2.496050724678645167e+02,2.532068614029213052e+02,2.495317605383227146e+02,2.499877446029923931e+02,2.698324676464332583e+02,2.740217827773920476e+02,2.717143865936142220e+02,2.691473609439830739e+02,2.770374220198053763e+02
3.490000000000000000e+03,2.451856372458079534e+02,2.609602430251282499e+02,2.495077335133475742e+02,2.530596318149162869e+02,2.494279645454184049e+02,2.498855670546657848e+02,2.697456431497462859e+02,2.739515531344114834e+02,2.716520357350701715e+02,2.690670734664004726e+02,2.770139563841792096e+02
3.500000000000000000e+03,2.450657704138236852e+02,2.608580664947508012e+02,2.494119898199181478e+02,2.529156172915644163e+02,2.493265982578626563e+02,2.497809720722297016e+02,2.696583925337235996e+02,2.738809456816676970e+02,2.715898336571200957e+02,2.689860440860675226e+02,2.769899172631932061e+02
3.510000000000000000e+03,2.449455209442964758e+02,2.607579948226861006e+02,2.493159602646257440e+02,2.527695627578183348e+02,2.492257276744979606e+02,2.496784882536564112e+02,2.695715628436696534e+02,2.738107097281119877e+02,2.715281471480927848e+02,2.689057495654746504e+02,2.769659455487168884e+02
3.520000000000000000e+03,2.448264520787275274e+02,2.606574265015456717e+02,2.492210246647921963e+02,2.526271532197258978e+02,2.491243613869422404e+02,2.495771096896942822e+02,2.694844038534315587e+02,2.737399769412294859e+02,2.714661290686041184e+02,2.688251302746053852e+02,2.769419772820755270e+02
3.530000000000000000e+03,2.447081876657763075e+02,2.605560560584037262e+02,2.491260890649586770e+02,2.524847436816334607e+02,2.490237880828166794e+02,2.494733215551997603e+02,2.693971527470960723e+02,2.736693685167909393e+02,2.714041784616351833e+02,2.687445177396023155e+02,2.769170981544671122e+02
3.540000000000000000e+03,2.445915045438732704e+02,2.604570871010796509e+02,2.490303425098855428e+02,2.523431397350804275e+02,2.489224063981677375e+02,2.493735516559405028e+02,2.693104034174015169e+02,2.735985928303326773e+02,2.713422284787613421e+02,2.686639053409539315e+02,2.768928890854493829e+02
3.550000000000000000e+03,2.444728974332612665e+02,2.603578312801607240e+02,2.489359207694074314e+02,2.522019184393375326e+02,2.488215350614487704e+02,2.492694569444020658e+02,2.692232440075654836e+02,2.735281944519928743e+02,2.712808826175469221e+02,2.685834518782581881e+02,2.768682494612127698e+02
3.560000000000000000e+03,2.443562319886686112e+02,2.602596675887198785e+02,2.488417848867135831e+02,2.520627256762659556e+02,2.487209663145750085e+02,2.491696927221897226e+02,2.691364219997100804e+02,2.734581321975958872e+02,2.712191282390353422e+02,2.685029984155623310e+02,2.768432749910712687e+02
3.570000000000000000e+03,2.442392328629037763e+02,2.601604138548183869e+02,2.487457716773661502e+02,2.519231197293211153e+02,2.486225041835232332e+02,2.490672173803060616e+02,2.690491714742634031e+02,2.733873574381746039e+02,2.711573736217725354e+02,2.684228060985477669e+02,2.768182268922923868e+02
3.580000000000000000e+03,2.441214102093250915e+02,2.600627802483406299e+02,2.486529621868640731e+02,2.517851367636778832e+02,2.485216379849532302e+02,2.489671449426258789e+02,2.689616591219541419e+02,2.733165389527376306e+02,2.710956222925755696e+02,2.683420424599195826e+02,2.767930933795159945e+02
3.590000000000000000e+03,2.440060284149864174e+02,2.599643252566721117e+02,2.485577473186333748e+02,2.516479627508002181e+02,2.484223967265555473e+02,2.488662802714618181e+02,2.688750025158076369e+02,2.732461418531825643e+02,2.710346104354658792e+02,2.682620882058483858e+02,2.767679582632403594e+02
3.600000000000000000e+03,2.438929201470610053e+02,2.598664678167777993e+02,2.484638923031099296e+02,2.515139978127584754e+02,2.483245270468313493e+02,2.487676272426252524e+02,2.687880129570987719e+02,2.731757457175350510e+02,2.709732654903568232e+02,2.681814675535982246e+02,2.767423139457010279e+02
3.610000000000000000e+03,2.437794745577952256e+02,2.597691148938088190e+02,2.483713746000663321e+02,2.513780406409630359e+02,2.482255691356969294e+02,2.486678591429474636e+02,2.687016155713444618e+02,2.731058924035231144e+02,2.709124364472906450e+02,2.681017535852355422e+02,2.767169126246989777e+02
3.620000000000000000e+03,2.436632840553494930e+02,2.596730798220880274e+02,2.482785709616262295e+02,2.512440786224249507e+02,2.481279333226966344e+02,2.485669930588271370e+02,2.686141065796470571e+02,2.730349063691601827e+02,2.708507261917749247e+02,2.680213260952361338e+02,2.766909465707707341e+02
3.630000000000000000e+03,2.435503050673737562e+02,2.595754388328753066e+02,2.481849673420501574e+02,2.511109223190900366e+02,2.480294783233844100e+02,2.484685449694553085e+02,2.685274508030542506e+02,2.729645089681088734e+02,2.707900500031761908e+02,2.679413738603973911e+02,2.766649665851971918e+02
3.640000000000000000e+03,2.434376664887532229e+02,2.594796908042094969e+02,2.480924358774965413e+02,2.509773612466634631e+02,2.479305137306065490e+02,2.483695826171654062e+02,2.684405339802395360e+02,2.728937324837979759e+02,2.707288571629467810e+02,2.678613515034283523e+02,2.766387410914566658e+02
3.650000000000000000e+03,2.433250279101326896e+02,2.593863625083886291e+02,2.480007178185936141e+02,2.508478277987449587e+02,2.478331597947936302e+02,2.482706202648754754e+02,2.683540389645198161e+02,2.728233292207657996e+02,2.706680070849664048e+02,2.677813922997333975e+02,2.766125919566586049e+02
3.660000000000000000e+03,2.432128534385443857e+02,2.592903388214934921e+02,2.479079160185590638e+02,2.507171016283222400e+02,2.477371257239596503e+02,2.481729731712117655e+02,2.682672070354256562e+02,2.727530983632260586e+02,2.706071650649369076e+02,2.677016089202377316e+02,2.765864428218605440e+02
3.670000000000000000e+03,2.431014923552997118e+02,2.591951209332746089e+02,2.478159229348800920e+02,2.505863732806687949e+02,2.476394966178815764e+02,2.480761397723745176e+02,2.681803759112685270e+02,2.726822799847266197e+02,2.705461269124293153e+02,2.676213496022993468e+02,2.765596327383445896e+02
3.680000000000000000e+03,2.429904595086202903e+02,2.591009934636271055e+02,2.477233914703264759e+02,2.504568390518635397e+02,2.475429383097066989e+02,2.479771751795966281e+02,2.680937220107394410e+02,2.726118847840008925e+02,2.704856185412406262e+02,2.675419027937865053e+02,2.765328145853018782e+02
3.690000000000000000e+03,2.428783023279224267e+02,2.590065763058841526e+02,2.476322118470111775e+02,2.503293324500979793e+02,2.474461086984217673e+02,2.478795302291039206e+02,2.680075812739842149e+02,2.725420737194072558e+02,2.704254685001894813e+02,2.674629264687004593e+02,2.765061565162608872e+02
3.700000000000000000e+03,2.427688827177753694e+02,2.589124408216917459e+02,2.475413050576990770e+02,2.501998040862854111e+02,2.473503650049923408e+02,2.477813803600222116e+02,2.679204865941323987e+02,2.724710464566238670e+02,2.703644204092518066e+02,2.673824313721314638e+02,2.764792642959917544e+02
3.710000000000000000e+03,2.426591479698490446e+02,2.588196475000594319e+02,2.474501139405543881e+02,2.500723060924660501e+02,2.472543348405511665e+02,2.476853485856109387e+02,2.678341656855407109e+02,2.724004816963250164e+02,2.703040799168361445e+02,2.673029834099955337e+02,2.764521110995638651e+02
3.720000000000000000e+03,2.425497161871750791e+02,2.587263100936709179e+02,2.473591951576029544e+02,2.499484125189949282e+02,2.471586033609800381e+02,2.475887947613070992e+02,2.677476761185905048e+02,2.723304192832352442e+02,2.702438471292345525e+02,2.672237009355077930e+02,2.764246227377535661e+02
3.730000000000000000e+03,2.424407840083659664e+02,2.586335050321786184e+02,2.472696284088882521e+02,2.498241322464103007e+02,2.470625767945259668e+02,2.474927774653157826e+02,2.676609316660012041e+02,2.722599784794064703e+02,2.701836143416329605e+02,2.671440159619202177e+02,2.763975545602078796e+02
3.740000000000000000e+03,2.423332938223556994e+02,2.585404578454273405e+02,2.471797880575656166e+02,2.496981966367701773e+02,2.469687217790025215e+02,2.473973190320780304e+02,2.675747771680916571e+02,2.721897503923100317e+02,2.701233816948553113e+02,2.670649024527509141e+02,2.763700649455410598e+02
3.750000000000000000e+03,2.422251731282633216e+02,2.584492740497362888e+02,2.470902088764298128e+02,2.495755368598307768e+02,2.468743055104111477e+02,2.473012897573330520e+02,2.674884566410406137e+02,2.721196883343550326e+02,2.700632588825249059e+02,2.669856229144401141e+02,2.763419061057190902e+02
3.760000000000000000e+03,2.421189514186956160e+02,2.583575532727386417e+02,2.470000963757914576e+02,2.494532334992327094e+02,2.467793681528807213e+02,2.472055415158542644e+02,2.674018783509308719e+02,2.720489121128606484e+02,2.700031360701945573e+02,2.669062700394513286e+02,2.763139993066418469e+02
3.770000000000000000e+03,2.420108330433348556e+02,2.582663626911388519e+02,2.469097180107926022e+02,2.493289603486955741e+02,2.466865715153618623e+02,2.471103224498730242e+02,2.673158850163360967e+02,2.719788436382255554e+02,2.699430133687620241e+02,2.668269835203198568e+02,2.762863415412068662e+02
3.780000000000000000e+03,2.419051264901057721e+02,2.581751755967114264e+02,2.468217651840210181e+02,2.492079284299992992e+02,2.465921611424347191e+02,2.470159071313625816e+02,2.672297332888697952e+02,2.719085922136661679e+02,2.698831739159631411e+02,2.667482052656243923e+02,2.762580139018000978e+02
3.790000000000000000e+03,2.417981204892081735e+02,2.580858729645887024e+02,2.467316522871963116e+02,2.490888541603316924e+02,2.464996296655880883e+02,2.469201713856905371e+02,2.671434901665753046e+02,2.718383406512811007e+02,2.698229891890120484e+02,2.666691909883879248e+02,2.762299382024766601e+02
3.800000000000000000e+03,2.416915931466445784e+02,2.579946850071801805e+02,2.466428886297745180e+02,2.489670066133954833e+02,2.464044166461585803e+02,2.468257573807966594e+02,2.670572471727155630e+02,2.717679027633771511e+02,2.697634815424930821e+02,2.665900104390111096e+02,2.762015263386628021e+02
3.810000000000000000e+03,2.415889208187061854e+02,2.579056484652841164e+02,2.465554433375961594e+02,2.488474792788319974e+02,2.463121608836798089e+02,2.467335016183178880e+02,2.669710932522198732e+02,2.716978405231521947e+02,2.697039733581808605e+02,2.665110646635155831e+02,2.761728651173299909e+02
3.820000000000000000e+03,2.414821009107664906e+02,2.578158168969817439e+02,2.464664198492538389e+02,2.487285026875005940e+02,2.462191003317187779e+02,2.466388225433350101e+02,2.668852765663536388e+02,2.716276096656124537e+02,2.696439676633666522e+02,2.664321188880201134e+02,2.761443712359078972e+02
3.830000000000000000e+03,2.413783111047324326e+02,2.577248963680356724e+02,2.463779289219195334e+02,2.486102279370332440e+02,2.461281755304913759e+02,2.465438745830497282e+02,2.667995355405063833e+02,2.715573376811129833e+02,2.695844543432738760e+02,2.663536070488428322e+02,2.761152868662330206e+02
3.840000000000000000e+03,2.412740399939807219e+02,2.576374550233696255e+02,2.462912954060255686e+02,2.484939250735090468e+02,2.460351283437400696e+02,2.464516352250705324e+02,2.667133838623873885e+02,2.714871068733205561e+02,2.695251212718123952e+02,2.662749940343273352e+02,2.760862884700421205e+02
3.850000000000000000e+03,2.411699312914249447e+02,2.575486999834986364e+02,2.462033346160462202e+02,2.483769152308572075e+02,2.459423228783421109e+02,2.463588326260297947e+02,2.666277256617493094e+02,2.714173735422567120e+02,2.694656140294985676e+02,2.661963810198117812e+02,2.760572900738512203e+02
3.860000000000000000e+03,2.410682566122603419e+02,2.574599402657449900e+02,2.461161802481912559e+02,2.482615128773451829e+02,2.458511405703987407e+02,2.462660280213673616e+02,2.665421543198655741e+02,2.713469357531926676e+02,2.694061007200402287e+02,2.661178695370857099e+02,2.760282065944157353e+02
3.870000000000000000e+03,2.409644675968977765e+02,2.573722334368799238e+02,2.460292838580479327e+02,2.481464653936700984e+02,2.457610274542805371e+02,2.461726986591693844e+02,2.664563454044345576e+02,2.712768800391401101e+02,2.693468495082186109e+02,2.660397709953813319e+02,2.759987089805682103e+02
3.880000000000000000e+03,2.408619742285977736e+02,2.572852158924690116e+02,2.459425008748039261e+02,2.480318668072897026e+02,2.456690461259264566e+02,2.460815273123250790e+02,2.663708531819879113e+02,2.712073125352301304e+02,2.692875982963969363e+02,2.659611523213649775e+02,2.759693734171879100e+02
3.890000000000000000e+03,2.407775002762336101e+02,2.578733416933570197e+02,2.476883777330392036e+02,2.479224594735490541e+02,2.456159383918867434e+02,2.460453241898832744e+02,2.662864571881164011e+02,2.711382169265659172e+02,2.692307706391105171e+02,2.658858300341557879e+02,2.759396188590072256e+02
3.900000000000000000e+03,2.406943865756068419e+02,2.584221046593484061e+02,2.493878505488447672e+02,2.478159362645422448e+02,2.455650978767088475e+02,2.460106257579187741e+02,2.662038238926397185e+02,2.710713380563052510e+02,2.691771318750814430e+02,2.658130839421983751e+02,2.759099510142064560e+02
3.910000000000000000e+03,2.406147372509536240e+02,2.589370139725311333e+02,2.510468350026573034e+02,2.477121491753152327e+02,2.455200434652604429e+02,2.459792472631879150e+02,2.661235325232318019e+02,2.710061349700044957e+02,2.691260067247411598e+02,2.657423482404669812e+02,2.758807848817865533e+02
3.920000000000000000e+03,2.405366913816569081e+02,2.594221975880137734e+02,2.526753235916524716e+02,2.476083620860882206e+02,2.454765940744212855e+02,2.459510814669392857e+02,2.660446829933912909e+02,2.709429162964638067e+02,2.690772445469095828e+02,2.656729135589106932e+02,2.758510312615081261e+02
3.930000000000000000e+03,2.404632494018176487e+02,2.598765599226874201e+02,2.542779283270799340e+02,2.475066799916999969e+02,2.454370502235070148e+02,2.459244461071630496e+02,2.659674051468176117e+02,2.708810276516046542e+02,2.690304120931795069e+02,2.656047652652745796e+02,2.758214335990147106e+02
3.940000000000000000e+03,2.403930395114911676e+02,2.603042200840260989e+02,2.558546888295772987e+02,2.474058133611720223e+02,2.454007415070716149e+02,2.459002395042589910e+02,2.658927610280779845e+02,2.708213784583529673e+02,2.689864239275653404e+02,2.655386177625031792e+02,2.757919433246509016e+02
3.950000000000000000e+03,2.403238465521937997e+02,2.607024847397404983e+02,2.573986887112440627e+02,2.473076590479033428e+02,2.453677533094789851e+02,2.458777112785118675e+02,2.658193446684913397e+02,2.707632151638337064e+02,2.689440177146257156e+02,2.654735826828154472e+02,2.757626103902500176e+02
3.960000000000000000e+03,2.402602915801213044e+02,2.610725816440700555e+02,2.589176730984528376e+02,2.472103071429318959e+02,2.453379830147414680e+02,2.458584004820193343e+02,2.657470536311742535e+02,2.707060541809316305e+02,2.689036641865079105e+02,2.654098642002154520e+02,2.757330223001953868e+02
3.970000000000000000e+03,2.401971693613753018e+02,2.614181289836704991e+02,2.604181676297564536e+02,2.471147937233067182e+02,2.453096613278395353e+02,2.458398017249774625e+02,2.656762400547607399e+02,2.706505796216933390e+02,2.688645538603203704e+02,2.653468082979184146e+02,2.757035157684906039e+02
3.980000000000000000e+03,2.401378184262849231e+02,2.617357770487284370e+02,2.618796767564635957e+02,2.470209509476131586e+02,2.452848022333523090e+02,2.458253587257185018e+02,2.656074256010167574e+02,2.705962643303870436e+02,2.688278979031001086e+02,2.652856591036430132e+02,2.756743572740143122e+02
3.990000000000000000e+03,2.400813239647190471e+02,2.620287019514838107e+02,2.633265435859723880e+02,2.469281478253184900e+02,2.452605950407999842e+02,2.458100336652360340e+02,2.655389374484651057e+02,2.705428247637175332e+02,2.687923844570318010e+02,2.652246128501668068e+02,2.756447639443201751e+02
4.000000000000000000e+03,2.400266178208884753e+02,2.622966343758461107e+02,2.647418072413807408e+02,2.468388452018392059e+02,2.452380668150528891e+02,2.458003716959374287e+02,2.654727839907511679e+02,2.704916701240162524e+02,2.687588932838052074e+02,2.651661253419880495e+02,2.756159371772038753e+02
4.010000000000000000e+03,2.399765763049037446e+02,2.625411232247449220e+02,2.661394308967321081e+02,2.467476603662734931e+02,2.452203076611789925e+02,2.457898963148041958e+02,2.654068634917672398e+02,2.704405841693409229e+02,2.687265184185121711e+02,2.651077910839912875e+02,2.755866009037781055e+02
4.020000000000000000e+03,2.399283054749813573e+02,2.627607726878606513e+02,2.675071698853669204e+02,2.466615782046723382e+02,2.452018071167504729e+02,2.457818429922128871e+02,2.653430197442506255e+02,2.703914498580406871e+02,2.686962681875139083e+02,2.650509654308691552e+02,2.755573541684717611e+02
4.030000000000000000e+03,2.398823054600619855e+02,2.629584429305508024e+02,2.688547511562385353e+02,2.465752285295360764e+02,2.451872756081450291e+02,2.457753941001414262e+02,2.652797879069227633e+02,2.703428888795266403e+02,2.686674348109560810e+02,2.649948163128578926e+02,2.755281822614288672e+02
4.040000000000000000e+03,2.398380618902689605e+02,2.631322245074477451e+02,2.701742036955837989e+02,2.464907548158901704e+02,2.451719920778740800e+02,2.457713677983157936e+02,2.652177726856960476e+02,2.702954545175845738e+02,2.686399468550711731e+02,2.649396735415760418e+02,2.754991857535861186e+02
4.050000000000000000e+03,2.397978425619051848e+02,2.632842869620001238e+02,2.714711910965793891e+02,2.464078853206351880e+02,2.451607116202124246e+02,2.457697571825624721e+02,2.651567489716468344e+02,2.702492237086318028e+02,2.686135575818026382e+02,2.648858770476671225e+02,2.754701017581330689e+02
4.060000000000000000e+03,2.397599060244131124e+02,2.634142114008051294e+02,2.727477510262474993e+02,2.463271863438541232e+02,2.451494323887970666e+02,2.457681473799834464e+02,2.650970735886091916e+02,2.702040044526140719e+02,2.685890166167353641e+02,2.648327590023403673e+02,2.754410194816726971e+02
4.070000000000000000e+03,2.397245115422175274e+02,2.635220276833724711e+02,2.739980736936928452e+02,2.462475334127112205e+02,2.451405806990076144e+02,2.457681473799834464e+02,2.650385782227401705e+02,2.701595904734924147e+02,2.685658915493628456e+02,2.647809670882063529e+02,2.754123578402313228e+02
4.080000000000000000e+03,2.396915107224394035e+02,2.636105431287127203e+02,2.752250202643467674e+02,2.461686937059594413e+02,2.451325390303639438e+02,2.457697543543449683e+02,2.649805856768967942e+02,2.701163902968519324e+02,2.685438744634747650e+02,2.647296990109265380e+02,2.753836096339529149e+02
4.090000000000000000e+03,2.396616953814759086e+02,2.636767608549490092e+02,2.764314613838712944e+02,2.460920271680648170e+02,2.451276943543543041e+02,2.457729770385789152e+02,2.649242705797512372e+02,2.700739873758496969e+02,2.685230947984537693e+02,2.646797522696491569e+02,2.753549492623491801e+02
4.100000000000000000e+03,2.396318866952626365e+02,2.637250390554672776e+02,2.776133579491140040e+02,2.460172017146000769e+02,2.451228563597059349e+02,2.457770033702203136e+02,2.648687907007963531e+02,2.700329213696809347e+02,2.685041574688449941e+02,2.646306435859984276e+02,2.753266216191208287e+02
4.110000000000000000e+03,2.396059891427524349e+02,2.637517303138873785e+02,2.787812238900465900e+02,2.459419363302009458e+02,2.451196275123552937e+02,2.457834574384584414e+02,2.648141462875759089e+02,2.699923576731620187e+02,2.684860539481340993e+02,2.645825342775353874e+02,2.752982938417086416e+02
4.120000000000000000e+03,2.395826859852786015e+02,2.637581371674708066e+02,2.799172065542028349e+02,2.458695356197656281e+02,2.451164053672855516e+02,2.457899169290017767e+02,2.647603514910892386e+02,2.699526840297727404e+02,2.684690751637279504e+02,2.645351286964539668e+02,2.752697138382490607e+02
4.130000000000000000e+03,2.395593828278047965e+02,2.637485162268700378e+02,2.810290372127184924e+02,2.458005488243125001e+02,2.451155975020442668e+02,2.457971265142611514e+02,2.647080619889828199e+02,2.699143040247726049e+02,2.684534915305910658e+02,2.644888722200031452e+02,2.752413903011888010e+02
4.140000000000000000e+03,2.395400160288817801e+02,2.637187102725905561e+02,2.821257281098591534e+02,2.457295439424633230e+02,2.451155953640462712e+02,2.458052016780630993e+02,2.646562639591484754e+02,2.698765892477291004e+02,2.684389069487869506e+02,2.644434456726791609e+02,2.752133964471805143e+02
4.150000000000000000e+03,2.395230718759286503e+02,2.636703004801944417e+02,2.831998020024478251e+02,2.456609454592753252e+02,2.451164078035991167e+02,2.458148799757423149e+02,2.646053271079739488e+02,2.698397733335207249e+02,2.684254583906038079e+02,2.643983913100439054e+02,2.751851540350957066e+02
4.160000000000000000e+03,2.395077812656101912e+02,2.636043270722588545e+02,2.842505396253004051e+02,2.455933638421027183e+02,2.451180160128360797e+02,2.458269476832229259e+02,2.645555465758853870e+02,2.698035683801583104e+02,2.684132229782778722e+02,2.643546440843259120e+02,2.751574977576738092e+02
4.170000000000000000e+03,2.394924906552917321e+02,2.635214679883800386e+02,2.852796079627896120e+02,2.455273864577789880e+02,2.451212315858792579e+02,2.458366111349384369e+02,2.645066022811421362e+02,2.697683684459906885e+02,2.684021613669962676e+02,2.643117356532539475e+02,2.751296739770527324e+02
4.180000000000000000e+03,2.394803807580177306e+02,2.634206322377452807e+02,2.862899539201635548e+02,2.454612156772611229e+02,2.451260676094728694e+02,2.458495092463462299e+02,2.644582111257411725e+02,2.697339718549742429e+02,2.683917085864519549e+02,2.642694128318406683e+02,2.751015170059778256e+02
4.190000000000000000e+03,2.394715206553629514e+02,2.633011893028372015e+02,2.872792198734995281e+02,2.453982730280775115e+02,2.451284982570070383e+02,2.458632241716054523e+02,2.644111147572581331e+02,2.697002825924785157e+02,2.683826586262252363e+02,2.642280147330063755e+02,2.750740285713235380e+02
4.200000000000000000e+03,2.394666870579853537e+02,2.631716567804635361e+02,2.882439043450686995e+02,2.453355260400105635e+02,2.451341339500258130e+02,2.458761034996092860e+02,2.643646852290184484e+02,2.696674311020624373e+02,2.683742782543851604e+02,2.641872860256147533e+02,2.750467085158143732e+02
4.210000000000000000e+03,2.394867958116508930e+02,2.630541961241315789e+02,2.891916674711285395e+02,2.452767834354382046e+02,2.451437832054477326e+02,2.458946040440378340e+02,2.643192627953001193e+02,2.696354180050550440e+02,2.683672398232144474e+02,2.641475618566669255e+02,2.750192197591925378e+02
4.220000000000000000e+03,2.395281375405887161e+02,2.629465647004697075e+02,2.901256125127035261e+02,2.452217538050948349e+02,2.451559285754414930e+02,2.459140432526928066e+02,2.642745434279230494e+02,2.696041479433485506e+02,2.683608528526038413e+02,2.641087268283946514e+02,2.749919842315467804e+02
4.230000000000000000e+03,2.395923109686520149e+02,2.628495028495175916e+02,2.910328409432736407e+02,2.451688165408618261e+02,2.451703715747004537e+02,2.459373111692955547e+02,2.642307922403117573e+02,2.695736384919701436e+02,2.683554865859210850e+02,2.640706744216075208e+02,2.749644929854522957e+02
4.240000000000000000e+03,2.396783790455705798e+02,2.627610034730411712e+02,2.919243332052051301e+02,2.451197300830133656e+02,2.451905123434692371e+02,2.459646608887565549e+02,2.641880562563822537e+02,2.695439756708750565e+02,2.683514660391566622e+02,2.640334674541127811e+02,2.749376778122608584e+02
4.250000000000000000e+03,2.397864674309664963e+02,2.626835057408316629e+02,2.928007200897581015e+02,2.450745324797832438e+02,2.452106577919132917e+02,2.459937041869303300e+02,2.641461926800541846e+02,2.695152255074608547e+02,2.683482683386737335e+02,2.639978259438746591e+02,2.749107801809797706e+02
4.260000000000000000e+03,2.399155970407170742e+02,2.626141167413400694e+02,2.936601098748286631e+02,2.450325720727448129e+02,2.452348686863130922e+02,2.460251805177119309e+02,2.641056284448105203e+02,2.694873991412546275e+02,2.683465928995250351e+02,2.639624566563512076e+02,2.748841266019869636e+02
4.270000000000000000e+03,2.400623770806436426e+02,2.625539579774775234e+02,2.944959556175359694e+02,2.449940655679408792e+02,2.452629346162290176e+02,2.460604801870871938e+02,2.640659031959749541e+02,2.694604131441248001e+02,2.683455869130822862e+02,2.639284290251613925e+02,2.748576440288412641e+02
4.280000000000000000e+03,2.402344780616792548e+02,2.625036355670137596e+02,2.953246837574413348e+02,2.449583657830995094e+02,2.452954014446318922e+02,2.460986356658183354e+02,2.640268969163585666e+02,2.694345193702876031e+02,2.683459194589593153e+02,2.638949717398519965e+02,2.748310812287713816e+02
4.290000000000000000e+03,2.404230100143319930e+02,2.624611152720616474e+02,2.961260634665548537e+02,2.449270798093945416e+02,2.453282925572970328e+02,2.461395437683856926e+02,2.639893504228776919e+02,2.694093777564006018e+02,2.683472586801144644e+02,2.638632920109384372e+02,2.748047661629078107e+02
4.300000000000000000e+03,2.406305888922240968e+02,2.624281270744689891e+02,2.969129430856473846e+02,2.448973081759140200e+02,2.453652953215486718e+02,2.461829919378238003e+02,2.639525918890086018e+02,2.693850968533507171e+02,2.683496219049416140e+02,2.638317613193323723e+02,2.747784619920768137e+02
4.310000000000000000e+03,2.408573317941770711e+02,2.624014941566807124e+02,2.976852034895769066e+02,2.448722848255097801e+02,2.454040342260740886e+02,2.462297927151654449e+02,2.639170602914001620e+02,2.693616300368560701e+02,2.683534768825903143e+02,2.638017619225404928e+02,2.747523150381321102e+02
4.320000000000000000e+03,2.411043330907280051e+02,2.623846018214891842e+02,2.984382628103039110e+02,2.448497576197855778e+02,2.454474804282855303e+02,2.462788737879095038e+02,2.638821955044380729e+02,2.693395070609741424e+02,2.683580037805453458e+02,2.637725954003489051e+02,2.747265014895105537e+02
4.330000000000000000e+03,2.413690121626433438e+02,2.623749276181686128e+02,2.991766223386480306e+02,2.448336171827717465e+02,2.454942833648180454e+02,2.463321274918973529e+02,2.638488393017943849e+02,2.693182201987738154e+02,2.683640367058962966e+02,2.637446050625411544e+02,2.747008566977788746e+02
4.340000000000000000e+03,2.416506878713316553e+02,2.623733321294225789e+02,2.998987951473564522e+02,2.448174896098084901e+02,2.455435177023403241e+02,2.463870179250924082e+02,2.638165619079813382e+02,2.692975409959285571e+02,2.683707592396438599e+02,2.637177043553903673e+02,2.746753029565115298e+02
4.350000000000000000e+03,2.419500104203541753e+02,2.623781680679046531e+02,3.006019455208331692e+02,2.448046196029484918e+02,2.455950094923134941e+02,2.464457493757013253e+02,2.637853724246085676e+02,2.692781545489120276e+02,2.683790270172661963e+02,2.636915753802125550e+02,2.746496755803952965e+02
4.360000000000000000e+03,2.422662031818020694e+02,2.623910343125959912e+02,3.012882198400762377e+02,2.447973889408833372e+02,2.456497257913014778e+02,2.465052781706016560e+02,2.637552147769079625e+02,2.692599943670265361e+02,2.683880219386592785e+02,2.636669168888073500e+02,2.746246840379154150e+02
4.370000000000000000e+03,2.426008977269341926e+02,2.624103459742310065e+02,3.019592417663210995e+02,2.447917538152059649e+02,2.457084587787533394e+02,2.465704565632399863e+02,2.637263750618038785e+02,2.692419521679057084e+02,2.683983090930596518e+02,2.636429692257295869e+02,2.745997255492641216e+02
4.380000000000000000e+03,2.429503120945916237e+02,2.624377851838910942e+02,3.026153115439283283e+02,2.447901376011593015e+02,2.457681670225396431e+02,2.466358167103667256e+02,2.636981373341955646e+02,2.692256484016540412e+02,2.684099128308291142e+02,2.636202780997726336e+02,2.745748456452437267e+02
4.390000000000000000e+03,2.433155720138898630e+02,2.624707718878589162e+02,3.032557286978311595e+02,2.447917458103962929e+02,2.458333424640599958e+02,2.467050188131827042e+02,2.636713247350496658e+02,2.692102324643140605e+02,2.684224840107970635e+02,2.635984952900548706e+02,2.745503773783477754e+02
4.400000000000000000e+03,2.436969129743557403e+02,2.625109834074237938e+02,3.038776606274473693e+02,2.447957582027521539e+02,2.458993152112064706e+02,2.467766128328771913e+02,2.636459978616432522e+02,2.691957345391896865e+02,2.684358148809175759e+02,2.635779968206840067e+02,2.745260484768128322e+02
4.410000000000000000e+03,2.440947048690914016e+02,2.625569731159145590e+02,3.044869388959770049e+02,2.448046255837510046e+02,2.459678941432994463e+02,2.468516543893774724e+02,2.636214735154331379e+02,2.691818688591155819e+02,2.684508611994340299e+02,2.635583783006064209e+02,2.745016955170527240e+02
4.420000000000000000e+03,2.445074492961624912e+02,2.626100676285589088e+02,3.050807276157190699e+02,2.448175022288573928e+02,2.460395042354501243e+02,2.469280901015669087e+02,2.635983103976003008e+02,2.691692041511106481e+02,2.684663583677316296e+02,2.635402164838468480e+02,2.744777009678772401e+02
4.430000000000000000e+03,2.449351100018046736e+02,2.626697751068500111e+02,3.056585402237767539e+02,2.448320289267699650e+02,2.461145472051740910e+02,2.470079721348898545e+02,2.635760501285618602e+02,2.691573970502639099e+02,2.684832142888743078e+02,2.635225120928970455e+02,2.744535901785269516e+02
4.440000000000000000e+03,2.453768141146262280e+02,2.627341399777387210e+02,3.062193092536495556e+02,2.448489210952574808e+02,2.461925881094796011e+02,2.470900397578117804e+02,2.635546452378135882e+02,2.691466113465171475e+02,2.685012601860466930e+02,2.635066631089795806e+02,2.744301895401699767e+02
4.450000000000000000e+03,2.458349152934658548e+02,2.628045564775345042e+02,3.067712304342730363e+02,2.448707681605047242e+02,2.462719047711620703e+02,2.471742112133473199e+02,2.635347029459708779e+02,2.691368918152052174e+02,2.685202025866686313e+02,2.634914164964091015e+02,2.744067889018130018e+02
4.460000000000000000e+03,2.463048134898647277e+02,2.628810038805694944e+02,3.073030354406645301e+02,2.448949109935144577e+02,2.463539825598777497e+02,2.472619193877437169e+02,2.635159333977921392e+02,2.691276755476556559e+02,2.685401517090484731e+02,2.634773375421262358e+02,2.743833888701715864e+02
4.470000000000000000e+03,2.467859346758408776e+02,2.629630757900179674e+02,3.078211513945670958e+02,2.449222776809870368e+02,2.464392688240032783e+02,2.473504231025220008e+02,2.634985018868163706e+02,2.691201338749251022e+02,2.685612731045191026e+02,2.634646014290678977e+02,2.743602587695933721e+02
4.480000000000000000e+03,2.472807923236495924e+02,2.630515844185857759e+02,3.083240385392663256e+02,2.449536590174579942e+02,2.465277774525710299e+02,2.474437567957349700e+02,2.634820281164538756e+02,2.691132424455045680e+02,2.685834644031737639e+02,2.634525005233301158e+02,2.743377314541679084e+02
4.490000000000000000e+03,2.477900122353065910e+02,2.631432912715366683e+02,3.088115608775567011e+02,2.449866295278671373e+02,2.466178771838425519e+02,2.475378832915866667e+02,2.634666089574325269e+02,2.691068753423076032e+02,2.686064329391973615e+02,2.634421095450246639e+02,2.743149344611568381e+02
4.500000000000000000e+03,2.483136884753390916e+02,2.632433439900125904e+02,3.092876859116916535e+02,2.450253553617073123e+02,2.467106763954593305e+02,2.476355199705275822e+02,2.634525308123694458e+02,2.691018476160234627e+02,2.686309015480918561e+02,2.634327241149826477e+02,2.742926434254723631e+02
4.510000000000000000e+03,2.488479187855045893e+02,2.633458349618350098e+02,3.097492472875579779e+02,2.450640989008148267e+02,2.468058972000147264e+02,2.477339706714964507e+02,2.634395882518889493e+02,2.690979828348066007e+02,2.686561220990614629e+02,2.634243194472678624e+02,2.742706206968267111e+02
4.520000000000000000e+03,2.493918080119563854e+02,2.634549384159979013e+02,3.101944806979179816e+02,2.451074195699814879e+02,2.469037634757952731e+02,2.478375158291238449e+02,2.634276873108330506e+02,2.690947961330859357e+02,2.686824370750473463e+02,2.634169457501240572e+02,2.742484932876055268e+02
4.530000000000000000e+03,2.499526803833709891e+02,2.635674372090258544e+02,3.106291229342849647e+02,2.451559636465519532e+02,2.470049302438549432e+02,2.479410657334361758e+02,2.634171271065073938e+02,2.690924508418854657e+02,2.687095933476386449e+02,2.634107436441687469e+02,2.742267040745388158e+02
4.540000000000000000e+03,2.505198415768146276e+02,2.636856991200347693e+02,3.110474420175881392e+02,2.452034347925120414e+02,2.471079084437994595e+02,2.480472477988503499e+02,2.634077125983407655e+02,2.690914419243608791e+02,2.687380026866618437e+02,2.634055310098441964e+02,2.742051857525511878e+02
4.550000000000000000e+03,2.511016778282923099e+02,2.638083594038584465e+02,3.114541184672228837e+02,2.452574924328461634e+02,2.472128066793542871e+02,2.481553893242033837e+02,2.633996664848003775e+02,2.690911043251913384e+02,2.687671666512840147e+02,2.634015079530740309e+02,2.741842341434847299e+02
4.560000000000000000e+03,2.516897078665595302e+02,2.639351142863735049e+02,3.118439983692552460e+02,2.453128459411738334e+02,2.473187030085322249e+02,2.482669042425724797e+02,2.633924580971374212e+02,2.690914415487836777e+02,2.687975065800205243e+02,2.633986578566995718e+02,2.741629457677163941e+02
4.570000000000000000e+03,2.522924565981217313e+02,2.640658349943727217e+02,3.122232924690998743e+02,2.453709460143366243e+02,2.474300518408905134e+02,2.483814842864935883e+02,2.633865562871644670e+02,2.690927905234534023e+02,2.688288678639576119e+02,2.633968048083685858e+02,2.741420387131322514e+02
4.580000000000000000e+03,2.529031058303376085e+02,2.642034011249313039e+02,3.125893689603524876e+02,2.454320933357308263e+02,2.475410798198230964e+02,2.484965385428809270e+02,2.633815302346862950e+02,2.690951372364543772e+02,2.688608849331178021e+02,2.633963049393365168e+02,2.741214226183965366e+02
4.590000000000000000e+03,2.535263386908772816e+02,2.643434337393202327e+02,3.129422427617371341e+02,2.454984569437266941e+02,2.476560056258703639e+02,2.486138924528868301e+02,2.633780111203183765e+02,2.690984902985374561e+02,2.688939032513910092e+02,2.633968063109448394e+02,2.741011411311768029e+02
4.600000000000000000e+03,2.541544700323911457e+02,2.644870321484737019e+02,3.132815798429192569e+02,2.455658432912153728e+02,2.477715233300030775e+02,2.487334251837181966e+02,2.633756577233889971e+02,2.691028626133154944e+02,2.689280330231172229e+02,2.633983215563502540e+02,2.740813044172689956e+02
4.610000000000000000e+03,2.547959843034036282e+02,2.646347002964890862e+02,3.136084092797739800e+02,2.456360382957909678e+02,2.478909570128374469e+02,2.488544754009504629e+02,2.633741519646990241e+02,2.691078918623055642e+02,2.689632338293328644e+02,2.634008364871083927e+02,2.740616098535950869e+02
4.620000000000000000e+03,2.554443899252567860e+02,2.647867543731597380e+02,3.139213556453702267e+02,2.457100583234266935e+02,2.480132312243266028e+02,2.489791678455149224e+02,2.633741519646990241e+02,2.691140934066794443e+02,2.689991004931858356e+02,2.634045241683402310e+02,2.740419152899212349e+02
4.630000000000000000e+03,2.561036681778680872e+02,2.649424906132783235e+02,3.142247670615412289e+02,2.457867193523728702e+02,2.481358958636420766e+02,2.491050453817094876e+02,2.633749913604671633e+02,2.691209862454514905e+02,2.690357503133787986e+02,2.634097358980010881e+02,2.740225806142721581e+02
4.640000000000000000e+03,2.567702343836307364e+02,2.651030819546055000e+02,3.145136302037656151e+02,2.458666068840388448e+02,2.482601671921648290e+02,2.492325531996011136e+02,2.633775268706877455e+02,2.691287459238398014e+02,2.690736965310160258e+02,2.634156431892328101e+02,2.740030270253564026e+02
4.650000000000000000e+03,2.574436996362827017e+02,2.652648072415991578e+02,3.147896048192972671e+02,2.459462700685132006e+02,2.483873025344505550e+02,2.493620957740372148e+02,2.633806921270852968e+02,2.691372450821826874e+02,2.691120177436101244e+02,2.634228076009019901e+02,2.739848655722836952e+02
4.660000000000000000e+03,2.581234809116411384e+02,2.654321440602940356e+02,3.150542785880978727e+02,2.460323444356411926e+02,2.485160212757089937e+02,2.494940306425328913e+02,2.633852275820870545e+02,2.691469933113595516e+02,2.691516892607387490e+02,2.634308762166749034e+02,2.739660379351451525e+02
4.670000000000000000e+03,2.588142392655269646e+02,2.656024107126036711e+02,3.153060338780416600e+02,2.461203116960530792e+02,2.486467529672552814e+02,2.496287999377650522e+02,2.633907594917393453e+02,2.691573846431788866e+02,2.691920859882126251e+02,2.634400961237845991e+02,2.739476003723440840e+02
4.680000000000000000e+03,2.595081656329722364e+02,2.657732819250640546e+02,3.155442975584583110e+02,2.462101601593713269e+02,2.487799220997401903e+02,2.497635702909742292e+02,2.633976303754757282e+02,2.691687833122975348e+02,2.692331530773665804e+02,2.634508213742359430e+02,2.739294957768768768e+02
4.690000000000000000e+03,2.602134081022703072e+02,2.659499839348324031e+02,3.157751057298677893e+02,2.463037541584416488e+02,2.489146731536378923e+02,2.498999343398895121e+02,2.634055042948886580e+02,2.691808470550558923e+02,2.692752160635203040e+02,2.634620493043670990e+02,2.739120644386069330e+02
4.700000000000000000e+03,2.609243438314211403e+02,2.661307497024026816e+02,3.159905770589498957e+02,2.463997821474232524e+02,2.490510535392375289e+02,2.500395380892468893e+02,2.634146689666303018e+02,2.691940781112184027e+02,2.693188079726557476e+02,2.634749414417515254e+02,2.738942567713277185e+02
4.710000000000000000e+03,2.616425276427664812e+02,2.663131244812132081e+02,3.161963269053064778e+02,2.464966210322144775e+02,2.491906457813981035e+02,2.501807607004742806e+02,2.634252326789639937e+02,2.692078286352381156e+02,2.693623942049811717e+02,2.634886894215910615e+02,2.738769949314354903e+02
4.720000000000000000e+03,2.623626060032847249e+02,2.664973719564174530e+02,3.163886053158228719e+02,2.465971912612324104e+02,2.493290408754753571e+02,2.503231689157958897e+02,2.634364680660296472e+02,2.692227500308897561e+02,2.694069798752826159e+02,2.635036101689232737e+02,2.738600672237527078e+02
4.730000000000000000e+03,2.630899875679259026e+02,2.666856476977250736e+02,3.165720559924853887e+02,2.467001873612539100e+02,2.494714600863764815e+02,2.504679945202605325e+02,2.634490021990052355e+02,2.692384591375285368e+02,2.694521053041743812e+02,2.635191535138849304e+02,2.738433546214219518e+02
4.740000000000000000e+03,2.638259214428555310e+02,2.668768972959811663e+02,3.167431275374491975e+02,2.468075069139503910e+02,2.496158935237906462e+02,2.506140536239348648e+02,2.634626635085775206e+02,2.692546487975694163e+02,2.694984708783433121e+02,2.635365193037745826e+02,2.738266638232947798e+02
4.750000000000000000e+03,2.645636298343687258e+02,2.670699754078688102e+02,3.169032157945654831e+02,2.469144983834152356e+02,2.497607051765300525e+02,2.507604733402928900e+02,2.634776597839867236e+02,2.692719791829863425e+02,2.695449623832361112e+02,2.635540149584186906e+02,2.738105004928816584e+02
4.760000000000000000e+03,2.653054981376656087e+02,2.672654944549152560e+02,3.170512663680760852e+02,2.470255355451679691e+02,2.499063409520195762e+02,2.509101234403476894e+02,2.634933413396115043e+02,2.692901872335273197e+02,2.695928429846982226e+02,2.635732346756680045e+02,2.737946519904724028e+02
4.770000000000000000e+03,2.660559513815663308e+02,2.674656145176321047e+02,3.171876551185811195e+02,2.471393183287143813e+02,2.500564324990307341e+02,2.510602212767296635e+02,2.635108280118929542e+02,2.693090197268072643e+02,2.696415970204668611e+02,2.635934113394358747e+02,2.737790170303124455e+02
4.780000000000000000e+03,2.668073902166499352e+02,2.676659409170912340e+02,3.173147773067414619e+02,2.472543605329876755e+02,2.502060696165088416e+02,2.512122768462664339e+02,2.635289345220394353e+02,2.693289693822507047e+02,2.696908820911642124e+02,2.636147023113480827e+02,2.737634286066220284e+02
4.790000000000000000e+03,2.675658574816793589e+02,2.678684738046455323e+02,3.174317759828316525e+02,2.473729720910479557e+02,2.503577648438892425e+02,2.513663979709689045e+02,2.635482116867762556e+02,2.693495863570263396e+02,2.697408318914452821e+02,2.636371634174269616e+02,2.737485115496798471e+02
4.800000000000000000e+03,2.683262287376733184e+02,2.680736556884885999e+02,3.175347659440940902e+02,2.474928620560867216e+02,2.505098341840807734e+02,2.515216840209239137e+02,2.635685540992524807e+02,2.693707723108329333e+02,2.697914357589019687e+02,2.636603664373800484e+02,2.737335498418093493e+02
4.810000000000000000e+03,2.690904136224492618e+02,2.682826442601449344e+02,3.176307903153177676e+02,2.476155143375258945e+02,2.506647700230445253e+02,2.516774365531061903e+02,2.635900109754788900e+02,2.693928958268861038e+02,2.698428920419842143e+02,2.636848383323194298e+02,2.737191355569003122e+02
4.820000000000000000e+03,2.698602577755789866e+02,2.684908593288232055e+02,3.177154929991877452e+02,2.477405972778127818e+02,2.508205227209130612e+02,2.518363987634046737e+02,2.636128086565768172e+02,2.694155272509132715e+02,2.698948588866903719e+02,2.637103165889575962e+02,2.737048873259392394e+02
4.830000000000000000e+03,2.706293994418899160e+02,2.687032526304552107e+02,3.177886891094044586e+02,2.478677211212554141e+02,2.509774055400546899e+02,2.519949009637929294e+02,2.636365874644411633e+02,2.694394710186694510e+02,2.699479680515050859e+02,2.637367940994166702e+02,2.736907263686355236e+02
4.840000000000000000e+03,2.713987299692860802e+02,2.689150452888110863e+02,3.178512647694157636e+02,2.479960795662629209e+02,2.511362439133540647e+02,2.521545349978710249e+02,2.636613964213055965e+02,2.694639449339338171e+02,2.700012729283269550e+02,2.637642864578211856e+02,2.736769830205288372e+02
4.850000000000000000e+03,2.721788711286550324e+02,2.691295103421862223e+02,3.179054865619252723e+02,2.481279851541891048e+02,2.512972928262510095e+02,2.523155916302406752e+02,2.636872096137945505e+02,2.694894216099250457e+02,2.700554130196045435e+02,2.637929479128647472e+02,2.736635742040529067e+02
4.860000000000000000e+03,2.729553273717075967e+02,2.693475393196586083e+02,3.179473242014807965e+02,2.482615526420397600e+02,2.514574165779380053e+02,2.524789169408427369e+02,2.637142822795558459e+02,2.695153151643488627e+02,2.701103866381697571e+02,2.638223716895248572e+02,2.736504629648913465e+02
4.870000000000000000e+03,2.737348576925997463e+02,2.695655682971310512e+02,3.179803079186046375e+02,2.483959057436107400e+02,2.516183088668636287e+02,2.526422422514448272e+02,2.637426094250855044e+02,2.695419769045897738e+02,2.701655433357710194e+02,2.638526973214010241e+02,2.736376317163575322e+02
4.880000000000000000e+03,2.745174113500459043e+02,2.697850627716971417e+02,3.180037098700355500e+02,2.485338849669329306e+02,2.517821211949231781e+02,2.528076683762621428e+02,2.637717763515566389e+02,2.695694562239836500e+02,2.702216845458979151e+02,2.638847265621328120e+02,2.736251540261327477e+02
4.890000000000000000e+03,2.752999678554674574e+02,2.700055301656757365e+02,3.180157786704075420e+02,2.486730874680706052e+02,2.519462593354867295e+02,2.529734135052532906e+02,2.638018696295977179e+02,2.695978701966876656e+02,2.702786771964562149e+02,2.639171772621847367e+02,2.736127152288137836e+02
4.900000000000000000e+03,2.760825243608890105e+02,2.702275850193158817e+02,3.180206130143488963e+02,2.488138847841827612e+02,2.521111924621405080e+02,2.531391586342444384e+02,2.638332192453105449e+02,2.696268687955973746e+02,2.703360057935673240e+02,2.639508721807671350e+02,2.736008125042923780e+02
4.910000000000000000e+03,2.768676832844482192e+02,2.704527140272306838e+02,3.180149802532521335e+02,2.489591232544346440e+02,2.522790284507206025e+02,2.533077950013563111e+02,2.638655673839180054e+02,2.696565366014042979e+02,2.703938324391962738e+02,2.639853993685597402e+02,2.735889121335665095e+02
4.920000000000000000e+03,2.776521212002431866e+02,2.706771882093627823e+02,3.179980894719263347e+02,2.491031379480960197e+02,2.524463804902559616e+02,2.534767551384535693e+02,2.638991906581481999e+02,2.696868002865069798e+02,2.704525843644073575e+02,2.640210420038957864e+02,2.735778169261817538e+02
4.930000000000000000e+03,2.784401117041433622e+02,2.709039328702239686e+02,3.179722795784520031e+02,2.492524274763624419e+02,2.526150323470967862e+02,2.536462217023964456e+02,2.639333855893041232e+02,2.697181434524706560e+02,2.705113366078439867e+02,2.640575796698871613e+02,2.735664192691371568e+02
4.940000000000000000e+03,2.792281006577911739e+02,2.711323030064045270e+02,3.179367532902226117e+02,2.494001034274803317e+02,2.527828787655529084e+02,2.538188980535473434e+02,2.639685860478780342e+02,2.697501594486899421e+02,2.705710126650295706e+02,2.640951281898599063e+02,2.735556905724733383e+02
4.950000000000000000e+03,2.800125416340023321e+02,2.713591849915342777e+02,3.178933008986278423e+02,2.495497429256450346e+02,2.529534477445541256e+02,2.539894674933048009e+02,2.640055126717767280e+02,2.697828705324252496e+02,2.706315431237630946e+02,2.641339095965856245e+02,2.735449026860977710e+02
4.960000000000000000e+03,2.808024368435432621e+02,2.715890613611110780e+02,3.178390274123974564e+02,2.497035290539339485e+02,2.531250419905614706e+02,2.541618603608953890e+02,2.640430631237289276e+02,2.698162305276440520e+02,2.706922251514988034e+02,2.641731365869563888e+02,2.735346777751170748e+02
4.970000000000000000e+03,2.815829370529456241e+02,2.718192683148346873e+02,3.177764528602887140e+02,2.498575442319060187e+02,2.532966941001947418e+02,2.543335259624488458e+02,2.640814421757642663e+02,2.698500853394381238e+02,2.707532312241274326e+02,2.642136965854129471e+02,2.735249571789856873e+02
4.980000000000000000e+03,2.823666355934835792e+02,2.720497259128860037e+02,3.177024255644155915e+02,2.500130617675291376e+02,2.534691361634523901e+02,2.545073265098209561e+02,2.641210036851933296e+02,2.698847844689988165e+02,2.708150865278400374e+02,2.642549334545547026e+02,2.735150674410787133e+02
4.990000000000000000e+03,2.831493850327920541e+02,2.722801863148434904e+02,3.176225240833651924e+02,2.501685844892656405e+02,2.536415822678244751e+02,2.546832293469276181e+02,2.641615201266658346e+02,2.699200908183740921e+02,2.708776239271147119e+02,2.642974651533039605e+02,2.735056533664018730e+02
5.000000000000000000e+03,2.839313335867594787e+02,2.725126803983294508e+02,3.175316193877339401e+02,2.503278687145726735e+02,2.538169594046124757e+02,2.548569984200970282e+02,2.642030883244971164e+02,2.699562932185176010e+02,2.709399749387133625e+02,2.643403760877670834e+02,2.734966021365676738e+02
5.010000000000000000e+03,2.847110051740112908e+02,2.727452165913360318e+02,3.174334547228434644e+02,2.504879920799069168e+02,2.539899497119684781e+02,2.550323993278200589e+02,2.642454953838148981e+02,2.699926669714648142e+02,2.710033336070976020e+02,2.643846245971004123e+02,2.734878859398270947e+02
5.020000000000000000e+03,2.854890122512263133e+02,2.729769225324004083e+02,3.173256616004592274e+02,2.506488979518140354e+02,2.541653397041693552e+02,2.552078002876286860e+02,2.642892029974557317e+02,2.700301540785095540e+02,2.710670486332772953e+02,2.644296797230641118e+02,2.734794793332563927e+02
5.030000000000000000e+03,2.862653147936575806e+02,2.732109260193505520e+02,3.172070640986729586e+02,2.508127052982829923e+02,2.543412570684537286e+02,2.553853211835934189e+02,2.643336203063738594e+02,2.700682030394570461e+02,2.711312436268769375e+02,2.644757722399825184e+02,2.734712669777006795e+02
5.040000000000000000e+03,2.870415980935322295e+02,2.734449354460039103e+02,3.170811810410585849e+02,2.509757113044581160e+02,2.545179747935611090e+02,2.555628475576018559e+02,2.643790417807776976e+02,2.701067528055831417e+02,2.711957758974336343e+02,2.645225367556865308e+02,2.734632207054950186e+02
5.050000000000000000e+03,2.878145750024296490e+02,2.736789433118476609e+02,3.169480186798053865e+02,2.511427340226559295e+02,2.546938820391843876e+02,2.557403765197225596e+02,2.644253053659583088e+02,2.701458092721611592e+02,2.712606460776955259e+02,2.645703065124499744e+02,2.734556766036644717e+02
5.060000000000000000e+03,2.885821871762400974e+02,2.739122915972884016e+02,3.168039820590946647e+02,2.513084823275630981e+02,2.548716955181481296e+02,2.559190012072382956e+02,2.644727094651839252e+02,2.701858184574184634e+02,2.713260423327618582e+02,2.646187230556483883e+02,2.734484466677171213e+02
5.070000000000000000e+03,2.893473019280412473e+02,2.741472129099523727e+02,3.166519203513547041e+02,2.514758342994608142e+02,2.550478987790524741e+02,2.560968065391764412e+02,2.645209333617814877e+02,2.702266206008920335e+02,2.713924688416205413e+02,2.646686285217817840e+02,2.734417011156668309e+02
5.080000000000000000e+03,2.901084153358535787e+02,2.743805385946452589e+02,3.164926230844691872e+02,2.516471998894087676e+02,2.552248998539423326e+02,2.562746118711145868e+02,2.645700632369756136e+02,2.702675625885453883e+02,2.714583110852177583e+02,2.647185947803808403e+02,2.734348494016144855e+02
5.090000000000000000e+03,2.908701820152566597e+02,2.746161601839176001e+02,3.163231768602519764e+02,2.518182798690155551e+02,2.554032298670460932e+02,2.564537546739816207e+02,2.646206319439107801e+02,2.703096729632750908e+02,2.715252797906485398e+02,2.647701768048403892e+02,2.734285910783630698e+02
5.100000000000000000e+03,2.916265262452870388e+02,2.748495066944681753e+02,3.161469637805573143e+02,2.519888514291060062e+02,2.555810451628634041e+02,2.566331783246806140e+02,2.646711204214965392e+02,2.703518318718136584e+02,2.715916010601931703e+02,2.648220001492606457e+02,2.734222587243605744e+02
5.110000000000000000e+03,2.923794054770983166e+02,2.750835179607900614e+02,3.159605671149952286e+02,2.521615424946687369e+02,2.557601999881500490e+02,2.568131348606600568e+02,2.647229122534740213e+02,2.703945732990702027e+02,2.716589790057715845e+02,2.648749635369169937e+02,2.734167270544287476e+02
5.120000000000000000e+03,2.931275724197799946e+02,2.753168222137328485e+02,3.157674951407549884e+02,2.523353115678381471e+02,2.559379830827186026e+02,2.569925260188472294e+02,2.647756971990796160e+02,2.704384488303288094e+02,2.717267285123783154e+02,2.649282554850143470e+02,2.734115137076580027e+02
5.130000000000000000e+03,2.938723973710448263e+02,2.755508327613637221e+02,3.155649425691894976e+02,2.525104161051001483e+02,2.561179362093732266e+02,2.571732794559401327e+02,2.648298347338201211e+02,2.704826266318153785e+02,2.717948509303359401e+02,2.649833935644017515e+02,2.734059528134216634e+02
5.140000000000000000e+03,2.946134499521806447e+02,2.757833689557144226e+02,3.153533272658194733e+02,2.526850146911540378e+02,2.562949411889906060e+02,2.573502967130756929e+02,2.648839733642789724e+02,2.705269453061297327e+02,2.718626636884811205e+02,2.650382097035075049e+02,2.734011210304630595e+02
5.150000000000000000e+03,2.953501914386733347e+02,2.760173768927492119e+02,3.151346404951466411e+02,2.528625440121923020e+02,2.564748940457438948e+02,2.575310507315373911e+02,2.649396089955181992e+02,2.705722658917256922e+02,2.719318217467493355e+02,2.650946864878771976e+02,2.733963885530329776e+02
5.160000000000000000e+03,2.960761357488838712e+02,2.762484036817430137e+02,3.149108413256972199e+02,2.530390178794088456e+02,2.566521635019026917e+02,2.577099358452404090e+02,2.649954293126314724e+02,2.706177581534452088e+02,2.719999736908098384e+02,2.651508424286516856e+02,2.733923890377364501e+02
5.170000000000000000e+03,2.968061713263151660e+02,2.764798801611911472e+02,3.146745290108717086e+02,2.532178894497739066e+02,2.568318391889803820e+02,2.578904153753311448e+02,2.650524202987025433e+02,2.706642916765231917e+02,2.720692745654930036e+02,2.652086721488706758e+02,2.733883427726478885e+02
5.180000000000000000e+03,2.975262368342125683e+02,2.767099776843408563e+02,3.144323552972681455e+02,2.533956894249509446e+02,2.570112578905487339e+02,2.580698349551756792e+02,2.651102481724267363e+02,2.707107533995510948e+02,2.721382977278770454e+02,2.652666657842721065e+02,2.733848337254506191e+02
5.190000000000000000e+03,2.982436049975966625e+02,2.769423813081726848e+02,3.141813821832225813e+02,2.535756490291686873e+02,2.571879824670153880e+02,2.582489802806362604e+02,2.651689200997570310e+02,2.707581299114703484e+02,2.722082633965762284e+02,2.653261807102663283e+02,2.733814609258622568e+02
5.200000000000000000e+03,2.989524111196633953e+02,2.771708313555763539e+02,3.139247246970284095e+02,2.537566634952253253e+02,2.573674004095321948e+02,2.584283938218113690e+02,2.652280737700513100e+02,2.708054528477057943e+02,2.722772493145828889e+02,2.653853343805606073e+02,2.733782953845118868e+02
5.210000000000000000e+03,2.996571934722648507e+02,2.773992814029800229e+02,3.136584187514304176e+02,2.539360831746036524e+02,2.575444016368518305e+02,2.586078073629865344e+02,2.652885972164399391e+02,2.708541725438589083e+02,2.723475519261379532e+02,2.654461904976591882e+02,2.733755954015414318e+02
5.220000000000000000e+03,3.003568191916504588e+02,2.776277289155888184e+02,3.133832399842420386e+02,2.541184516735693535e+02,2.577227306754826941e+02,2.587869500168788477e+02,2.653496441570876527e+02,2.709032442185254013e+02,2.724180404529969906e+02,2.655077435378727841e+02,2.733730665678394871e+02
5.230000000000000000e+03,3.010495965712980819e+02,2.778538194128943246e+02,3.131000160560806194e+02,2.543002939953501027e+02,2.578989498939365035e+02,2.589639672740143510e+02,2.654109875194154711e+02,2.709520178239971528e+02,2.724882628686779071e+02,2.655694214829396174e+02,2.733707219371454471e+02
5.240000000000000000e+03,3.017371149005089137e+02,2.780805792413171957e+02,3.128127201831303523e+02,2.544826647515738784e+02,2.580780905345272345e+02,2.591431092729212082e+02,2.654735141154553162e+02,2.710018032867301372e+02,2.725586691732203803e+02,2.656321162147804671e+02,2.733690452919776135e+02
5.250000000000000000e+03,3.024189681495901141e+02,2.783073240767461698e+02,3.125141320024790730e+02,2.546650415215802923e+02,2.582548078735446779e+02,2.593206341371651433e+02,2.655368938205529616e+02,2.710519033896919154e+02,2.726292781469728652e+02,2.656951613876159399e+02,2.733673653136723942e+02
5.260000000000000000e+03,3.030923143746051096e+02,2.785293649204357962e+02,3.122100198132847595e+02,2.548492696985632335e+02,2.584309833913973762e+02,2.594960160544976588e+02,2.656004207140424569e+02,2.711023552683285516e+02,2.727001756833336117e+02,2.657588536763110483e+02,2.733661929489018689e+02
5.270000000000000000e+03,3.037640082736995737e+02,2.787543348067467832e+02,3.118967544491531498e+02,2.550337978833421744e+02,2.586074208973917052e+02,2.596740607240002419e+02,2.656651198042382589e+02,2.711535537442758255e+02,2.727705731063775829e+02,2.658232178472819101e+02,2.733651866677928410e+02
5.280000000000000000e+03,3.044218216898980245e+02,2.789733423846303708e+02,3.115774515872671486e+02,2.552169726872019453e+02,2.587823046767884421e+02,2.598508058685242759e+02,2.657305181892700148e+02,2.712047534298772007e+02,2.728418550858517619e+02,2.658886162323136659e+02,2.733645155818835519e+02
5.290000000000000000e+03,3.050759167825297027e+02,2.791945861788052525e+02,3.112507988217049615e+02,2.554001489639474300e+02,2.589560906947858143e+02,2.600275480480848387e+02,2.657960540641905709e+02,2.712565471863431981e+02,2.729127560869364970e+02,2.659541517497738710e+02,2.733638449720897370e+02
5.300000000000000000e+03,3.057254853584217358e+02,2.794140716902318786e+02,3.109150904719263622e+02,2.555849303693005368e+02,2.591311919808259177e+02,2.602010548227016784e+02,2.658625969065600998e+02,2.713089285807106421e+02,2.729837420839713786e+02,2.660201907509585908e+02,2.733638449720897370e+02
5.310000000000000000e+03,3.063623910261669039e+02,2.796298476511946660e+02,3.105741744902656478e+02,2.557686257361466460e+02,2.593044590126137905e+02,2.603751174434318045e+02,2.659298155036079834e+02,2.713613099750780862e+02,2.730547280810062603e+02,2.660872428834704806e+02,2.733638449720897370e+02
5.320000000000000000e+03,3.069974721992084596e+02,2.798461158852333028e+02,3.102239722470346237e+02,2.559534203790217646e+02,2.594787629148353290e+02,2.605494227148559503e+02,2.659979003734457024e+02,2.714145190442979469e+02,2.731260102885167385e+02,2.661544876037608560e+02,2.733645158217467497e+02
5.330000000000000000e+03,3.076209914208573650e+02,2.800609285124176040e+02,3.098683618355994440e+02,2.561384626410223859e+02,2.596493192043337785e+02,2.607231952722545429e+02,2.660661122243520254e+02,2.714677296458204410e+02,2.731970710762460612e+02,2.662223643524231989e+02,2.733655229850748469e+02
5.340000000000000000e+03,3.082415472756474628e+02,2.802731624496362315e+02,3.095028257930080713e+02,2.563232593487712165e+02,2.598220082962100719e+02,2.608958887541976424e+02,2.661353744999374271e+02,2.715215242732048750e+02,2.732685199401129239e+02,2.662909550986412341e+02,2.733665302460153157e+02
5.350000000000000000e+03,3.088530597624541656e+02,2.804855880692061874e+02,3.091326954524014923e+02,2.565075203416336649e+02,2.599925921338186754e+02,2.610664725918063027e+02,2.662051420215215103e+02,2.715754900257010718e+02,2.733397988975241333e+02,2.663603851145425665e+02,2.733680434330496496e+02
5.360000000000000000e+03,3.094548098224348678e+02,2.806955592422810923e+02,3.087538019808412173e+02,2.566925451582080200e+02,2.601615262568633398e+02,2.612386198893011624e+02,2.662753793207421609e+02,2.716299711850655285e+02,2.734103714391298467e+02,2.664294488957929730e+02,2.733693841065341985e+02
5.370000000000000000e+03,3.100537849461381370e+02,2.809027829849330260e+02,3.083660773450939132e+02,2.568779105615068943e+02,2.603315127718458371e+02,2.614086158567049551e+02,2.663457764202971703e+02,2.716844448571244470e+02,2.734814386218849336e+02,2.664996797533327140e+02,2.733714825306990974e+02
5.380000000000000000e+03,3.106386286429028019e+02,2.811095212833009782e+02,3.079734903876732801e+02,2.570621376465906565e+02,2.605004424450763736e+02,2.615783565098312238e+02,2.664173941830609351e+02,2.717394175861658141e+02,2.735527183153935198e+02,2.665699523083112013e+02,2.733735811665281972e+02
5.390000000000000000e+03,3.112170311857477145e+02,2.813140917899733040e+02,3.075763883339573113e+02,2.572458373589907978e+02,2.606665029700593550e+02,2.617460205973066536e+02,2.664889626494314143e+02,2.717945613414248669e+02,2.736236192561333382e+02,2.666408519702662829e+02,2.733759277365133471e+02
5.400000000000000000e+03,3.117891841753080371e+02,2.815166504204469788e+02,3.071681061080945483e+02,2.574298203168553414e+02,2.608327429366629531e+02,2.619122656923865406e+02,2.665610372760192490e+02,2.718500425368288234e+02,2.736943514768007617e+02,2.667117516322214215e+02,2.733786091902786666e+02
5.410000000000000000e+03,3.123532568989792253e+02,2.817175794898797676e+02,3.067525333236929441e+02,2.576154265628215967e+02,2.609997820108525275e+02,2.620801042692639840e+02,2.666339961061019608e+02,2.719056873250066815e+02,2.737649610788167820e+02,2.667837045856032319e+02,2.733818032691559665e+02
5.420000000000000000e+03,3.129092342067215213e+02,2.819169015633824529e+02,3.063304827282050837e+02,2.577978008178599225e+02,2.611627877044902561e+02,2.622463272024284038e+02,2.667075145131137788e+02,2.719625072134218726e+02,2.738359438651730215e+02,2.668562078081612867e+02,2.733851756685776309e+02
5.430000000000000000e+03,3.134547134287880112e+02,2.821140099159600254e+02,3.059032666641408014e+02,2.579820439005358708e+02,2.613277191857121693e+02,2.624096529232400030e+02,2.667808330274746709e+02,2.720179944494773849e+02,2.739055959452951470e+02,2.669281939982911354e+02,2.733886742909857048e+02
5.440000000000000000e+03,3.139913458430764877e+02,2.823079034784711894e+02,3.054696148848483404e+02,2.581638697555664521e+02,2.614886260442555681e+02,2.625737884766637649e+02,2.668551375419205556e+02,2.720744782465255298e+02,2.739760339062766548e+02,2.670011518029718331e+02,2.733923728221106444e+02
5.450000000000000000e+03,3.145239257473621137e+02,2.825015747296891391e+02,3.050265999835139041e+02,2.583462382934400239e+02,2.616492153593119951e+02,2.627359770622808242e+02,2.669292161808820651e+02,2.721312942871777523e+02,2.740460900108280953e+02,2.670745597318764908e+02,2.733963951858151518e+02
5.460000000000000000e+03,3.150420576172219285e+02,2.826914416309046487e+02,3.045768538354451493e+02,2.585264559392335855e+02,2.618101222178553940e+02,2.628952757115872600e+02,2.670041423403271210e+02,2.721884551864304171e+02,2.741156569967521364e+02,2.671476471222975420e+02,2.734007528626487442e+02
5.470000000000000000e+03,3.155560780104482319e+02,2.828810737459886582e+02,3.041209161965325052e+02,2.587088241788047185e+02,2.619690840372097682e+02,2.630558623517930528e+02,2.670800189202659567e+02,2.722454446007188267e+02,2.741859619021745402e+02,2.672218304566553684e+02,2.734054727685354464e+02
5.480000000000000000e+03,3.160581548389474733e+02,2.830677411324145396e+02,3.036590666563537866e+02,2.588898684619036885e+02,2.621259907195646974e+02,2.632151754277114151e+02,2.671558957641464076e+02,2.723031134249579281e+02,2.742554366109970942e+02,2.672966979354143291e+02,2.734105322426831890e+02
5.490000000000000000e+03,3.165521066365155889e+02,2.832503607292616721e+02,3.031908624188623094e+02,2.590692596348454799e+02,2.622813279353929374e+02,2.633720537169692193e+02,2.672312059850355581e+02,2.723600982096115217e+02,2.743242497935538040e+02,2.673703429009296997e+02,2.734156970767165831e+02
5.500000000000000000e+03,3.170401731022186596e+02,2.834316765819506827e+02,3.027132788893330826e+02,2.592497665224810817e+02,2.624366541734412408e+02,2.635266636184011304e+02,2.673080322724476332e+02,2.724175919955976042e+02,2.743930084516604211e+02,2.674454864229720670e+02,2.734210760238450462e+02
5.510000000000000000e+03,3.175156044368378048e+02,2.836118717621785095e+02,3.022297839091335163e+02,2.594283567282690797e+02,2.625887098203368168e+02,2.636827239961556870e+02,2.673849187332746737e+02,2.724757615372512305e+02,2.744619683394141134e+02,2.675206884700797332e+02,2.734266433296657510e+02
5.520000000000000000e+03,3.179830758377545976e+02,2.837888861761944099e+02,3.017421766505638629e+02,2.596053659701337892e+02,2.627415760670966165e+02,2.638347944663080398e+02,2.674610628530380154e+02,2.725329115762549463e+02,2.745297823687465666e+02,2.675953325888193604e+02,2.734326407913860066e+02
5.530000000000000000e+03,3.184400589273898277e+02,2.839618607422183914e+02,3.012465781246313554e+02,2.597823752119984420e+02,2.628928336702180673e+02,2.639884705214882388e+02,2.675387924164225524e+02,2.725909141800943871e+02,2.745979034336371569e+02,2.676708728613988910e+02,2.734388702113406566e+02
5.540000000000000000e+03,3.188903334300633219e+02,2.841345501581949975e+02,3.007422313198145503e+02,2.599599040697445957e+02,2.630413141268897448e+02,2.641361498637454588e+02,2.676164623644648373e+02,2.726490834255685058e+02,2.746656512539098003e+02,2.677468613507095370e+02,2.734451026175819948e+02
5.550000000000000000e+03,3.193301033073057624e+02,2.843040095826041807e+02,3.002346301220721898e+02,2.601350094736084770e+02,2.631897817072489829e+02,2.642870369321881867e+02,2.676940674960210345e+02,2.727072443176220418e+02,2.747326966586794583e+02,2.678224536750958578e+02,2.734519748067374962e+02
5.560000000000000000e+03,3.197600518115170303e+02,2.844708507037048548e+02,2.997196515196813493e+02,2.603098799231107705e+02,2.633341749803488483e+02,2.644338292119446123e+02,2.677720096679478843e+02,2.727650713200905557e+02,2.747997415677216964e+02,2.678983828612477964e+02,2.734588473701314797e+02
5.570000000000000000e+03,3.201812991342218879e+02,2.846354815011943060e+02,2.991967526402572162e+02,2.604833751418424868e+02,2.634802312017587269e+02,2.645798893727003929e+02,2.678501812273898963e+02,2.728232375458715637e+02,2.748663115978784504e+02,2.679743719000919668e+02,2.734660760296241619e+02
5.580000000000000000e+03,3.205916196031716936e+02,2.847979965689746678e+02,2.986689715149753965e+02,2.606571599506881398e+02,2.636226375158735777e+02,2.647239038960522066e+02,2.679278323381050768e+02,2.728812267037654351e+02,2.749317976221751678e+02,2.680500219818570713e+02,2.734732410862710594e+02
