phase_s,time_s,battery,bolts,frame,panel1,panel2,panel3,panel4,panel5,panel6,pcb1,pcb2,pcb3,pcb4,energy_J,absorbed_power_W,emitted_power_W
0.000000000000000000e+00,5.580000000000000000e+03,2.702787131222812604e+02,2.717831776231927279e+02,2.790643726870790715e+02,3.090992958132125068e+02,2.803344381186901728e+02,2.931373426426285960e+02,2.633581403265638983e+02,2.670398614285870167e+02,2.669586053881891985e+02,2.667957710945318581e+02,2.710202782375287143e+02,2.697699066888080210e+02,2.660701827170551041e+02,1.668674582867634308e+05,2.035692294123717971e+01,1.549332948597001369e+01
1.000000000000000000e+01,5.590000000000000000e+03,2.702975198865468656e+02,2.719162143636627889e+02,2.791658595416171806e+02,3.094164295289096458e+02,2.804668490102951068e+02,2.927431357193851795e+02,2.635351493821282247e+02,2.671688203177644709e+02,2.670876969792021214e+02,2.668914536223445566e+02,2.710609806092322174e+02,2.698568140353894478e+02,2.661703567457574309e+02,1.669154052180919680e+05,2.030620759978206280e+01,1.551151443030805588e+01
2.000000000000000000e+01,5.600000000000000000e+03,2.703166115093750363e+02,2.720477769523873803e+02,2.792679379261597319e+02,3.097268487284023877e+02,2.805977985981718348e+02,2.923620590080718102e+02,2.637295068514605418e+02,2.672969739538320937e+02,2.672159924687456964e+02,2.669870507335530760e+02,2.711016500897389392e+02,2.699436092771027802e+02,2.662705224779421087e+02,1.669643278049330111e+05,2.042305047644016014e+01,1.553079178662675375e+01
3.000000000000000000e+01,5.610000000000000000e+03,2.703359878021328200e+02,2.721779408687002046e+02,2.793715292518747901e+02,3.100307461638199698e+02,2.807274854197857508e+02,2.919926629205609743e+02,2.639397620993113378e+02,2.674244987822185635e+02,2.673436682675811085e+02,2.670825816036453944e+02,2.711423143219577128e+02,2.700303187929673641e+02,2.663706981040031678e+02,1.670141970351740601e+05,2.053773743232779836e+01,1.555081441168906409e+01
4.000000000000000000e+01,5.620000000000000000e+03,2.703556489080234542e+02,2.723067958020117203e+02,2.794769109261942504e+02,3.103282668297307509e+02,2.808560591651304890e+02,2.916341204466954764e+02,2.641650796989594596e+02,2.675515065935840084e+02,2.674708361274509230e+02,2.671780624274580305e+02,2.711829962509328311e+02,2.701169650296783402e+02,2.664708988429373449e+02,1.670649849480342818e+05,2.065025392622730394e+01,1.557146264759376386e+01
5.000000000000000000e+01,5.630000000000000000e+03,2.703755950783360049e+02,2.724344361899375144e+02,2.795841431198016380e+02,3.106195189269320736e+02,2.809836316746365128e+02,2.912858556413603992e+02,2.644048689956152884e+02,2.676780734503319081e+02,2.675975720671609110e+02,2.672735074489000908e+02,2.712237157495645192e+02,2.702035677275573562e+02,2.665711379745919203e+02,1.671166639817417017e+05,2.076058569211497939e+01,1.559268233031423634e+01
6.000000000000000000e+01,5.640000000000000000e+03,2.703958265989687675e+02,2.725609562434254940e+02,2.796932099936484519e+02,3.109045834024503847e+02,2.811102864840754592e+02,2.909474095050678102e+02,2.646586504537416999e+02,2.678042540566542584e+02,2.677239307404902320e+02,2.673689295597606588e+02,2.712644905483684852e+02,2.702901446993406012e+02,2.666714274409864629e+02,1.671692067753503798e+05,2.086871874096992840e+01,1.561443938732765702e+01
7.000000000000000000e+01,5.650000000000000000e+03,2.704163437656093834e+02,2.726864474120716295e+02,2.798040681475019937e+02,3.111835209680691605e+02,2.812360858532214252e+02,2.906183872562892248e+02,2.649260032057334229e+02,2.679300892185392513e+02,2.678499529019322267e+02,2.674643406592931001e+02,2.713053367720035567e+02,2.703767123029514892e+02,2.667717782054057807e+02,1.672225861033304536e+05,2.097463936254768058e+01,1.563670656936598924e+01
8.000000000000000000e+01,5.660000000000000000e+03,2.704371468740703222e+02,2.728109971214192910e+02,2.799166638662134687e+02,3.114563771693379977e+02,2.813610758458303280e+02,2.902984351144708626e+02,2.652065420707631347e+02,2.680556099992300574e+02,2.679756695597741327e+02,2.675597518748837729e+02,2.713462692646590995e+02,2.704632857364553047e+02,2.668722004730112758e+02,1.672767748509246740e+05,2.107833412711858045e+01,1.565945936952504702e+01
9.000000000000000000e+01,5.670000000000000000e+03,2.704582362165390919e+02,2.729346881892649890e+02,2.800309394671401151e+02,3.117231860814823676e+02,2.814852900348539606e+02,2.899872286506044361e+02,2.654999061356484162e+02,2.681808401993066582e+02,2.681011044603769164e+02,2.676551736987591994e+02,2.713873017969519879e+02,2.705498792285965806e+02,2.669727038283857610e+02,1.673317460028658970e+05,2.117978988717048949e+01,1.568267468779536067e+01
1.000000000000000000e+02,5.680000000000000000e+03,2.704796120801094048e+02,2.730575986057037881e+02,2.801468357217669904e+02,3.119839730389891201e+02,2.816087522611427971e+02,2.896844661324001891e+02,2.658057522700713662e+02,2.683057979446793979e+02,2.682262756734384084e+02,2.677506160765252616e+02,2.714284472064543934e+02,2.706365061656060789e+02,2.670732973213540049e+02,1.673874726369932177e+05,2.127899377907581879e+01,1.570633035751938777e+01
1.100000000000000000e+02,5.690000000000000000e+03,2.705012747452421991e+02,2.731798014895908295e+02,2.802642927904572616e+02,3.122387566758237654e+02,2.817314786915000013e+02,2.893898642864252224e+02,2.661237510751957984e+02,2.684304967659217027e+02,2.683511966718546660e+02,2.678460884494182892e+02,2.714697174934601662e+02,2.707231791764238551e+02,2.671739895168183239e+02,1.674439279194757110e+05,2.137593322472247692e+01,1.573040495851852505e+01
1.200000000000000000e+02,5.700000000000000000e+03,2.705232244849062795e+02,2.733013651967620490e+02,2.803832505689849768e+02,3.124875504595381699e+02,2.818534793768532154e+02,2.891031553540598225e+02,2.664535841409631303e+02,2.685549463636421024e+02,2.684758771003106972e+02,2.679415998001567232e+02,2.715111238896190002e+02,2.708099101918116958e+02,2.672747885293264858e+02,1.675010851012525964e+05,2.147059593310866887e+01,1.575487772987370860e+01
1.300000000000000000e+02,5.710000000000000000e+03,2.705454615633125286e+02,2.734223534385895391e+02,2.805036488552324272e+02,3.127303638598659177e+02,2.819747594465662246e+02,2.888240849394219367e+02,2.667949420224903179e+02,2.686791531848161867e+02,2.686003233533145362e+02,2.680371586587622801e+02,2.715526769088677383e+02,2.708967104854777972e+02,2.673757020368807957e+02,1.675589175147223286e+05,2.156296990190129392e+01,1.577972851923934527e+01
1.400000000000000000e+02,5.720000000000000000e+03,2.705679862352812961e+02,2.735428254606621294e+02,2.806254273857540511e+02,3.129672032356814952e+02,2.820953200261102438e+02,2.885524103575307890e+02,2.671475227857336563e+02,2.688031208613851959e+02,2.687245390122399726e+02,2.681327731197767434e+02,2.715943863864783907e+02,2.709835907038783489e+02,2.674767372912212409e+02,1.676173985709958943e+05,2.165304341895769724e+01,1.580493774679844066e+01
1.500000000000000000e+02,5.730000000000000000e+03,2.705907987442656122e+02,2.736628362217907124e+02,2.807485258728455619e+02,3.131980725253761761e+02,2.822151589464443759e+02,2.882878993353042461e+02,2.675110308474576186e+02,2.689268505714842377e+02,2.688485251876521147e+02,2.682284508340581510e+02,2.716362615098255446e+02,2.710705608882839215e+02,2.675779011212800924e+02,1.676765017573195510e+05,2.174080506381066868e+01,1.583048637481635801e+01
1.600000000000000000e+02,5.740000000000000000e+03,2.706138993216484323e+02,2.737824365998467329e+02,2.808728839961669337e+02,3.134229737701880367e+02,2.823342713016056109e+02,2.880303289616766165e+02,2.678851761113237444e+02,2.690503413066167582e+02,2.689722808087930730e+02,2.683241990222639970e+02,2.716783108453975615e+02,2.711576304924341230e+02,2.676791999340990174e+02,1.677362006349443109e+05,2.182624370911647915e+01,1.585635588005607843e+01
1.700000000000000000e+02,5.750000000000000000e+03,2.706372881846562564e+02,2.739016735690368023e+02,2.809984414889186155e+02,3.136419075272893338e+02,2.824526498895844497e+02,2.877794848291293874e+02,2.682696730872424951e+02,2.691735901119836853e+02,2.690958028972636953e+02,2.684200244771216148e+02,2.717205423613957578e+02,2.712448083962835881e+02,2.677806397137633780e+02,1.677964688370880904e+05,2.190934852206567385e+01,1.588252822559591415e+01
1.800000000000000000e+02,5.760000000000000000e+03,2.706609655357890460e+02,2.740205903929690976e+02,2.811251380317270900e+02,3.138548731952552089e+02,2.825702855576445245e+02,2.875351603217217189e+02,2.686642405886494771e+02,2.692965922855000827e+02,2.692190866855664240e+02,2.685159335243341729e+02,2.717629634483434984e+02,2.713321029191026241e+02,2.678822260210204718e+02,1.678572800674139871e+05,2.199010896575660468e+01,1.590898583902725072e+01
1.900000000000000000e+02,5.770000000000000000e+03,2.706849315606016262e+02,2.741392267932002369e+02,2.812529133525820271e+02,3.140618692584851033e+02,2.826871674819262807e+02,2.872971560036246501e+02,2.690686010463231241e+02,2.694193415450201883e+02,2.693421258338966027e+02,2.686119320912221156e+02,2.718055809367997995e+02,2.714195218303377715e+02,2.679839639880791538e+02,1.679186080984925502e+05,2.206851480053140691e+01,1.593571158541525534e+01
2.000000000000000000e+02,5.780000000000000000e+03,2.707091864254218763e+02,2.742576191380436512e+02,2.813817071996010100e+02,3.142628934897795716e+02,2.828032833927682077e+02,2.870652791070029366e+02,2.694824802266970210e+02,2.695418301572573228e+02,2.694649125602833237e+02,2.687080256453327820e+02,2.718484011208107631e+02,2.715070723601831446e+02,2.680858583252675089e+02,1.679804267706519458e+05,2.214455608527425312e+01,1.596268874497850732e+01
2.100000000000000000e+02,5.790000000000000000e+03,2.707337302781484709e+02,2.743758006049603182e+02,2.815114593630038371e+02,3.144579431007393850e+02,2.829186197587013112e+02,2.868393430850848063e+02,2.699056068645616051e+02,2.696640490711267830e+02,2.695874377615183448e+02,2.688042192182205099e+02,2.718914297695470168e+02,2.715947612101677464e+02,2.681879133471110777e+02,1.680427099911636033e+05,2.221822317867184893e+01,1.598990098978569740e+01
2.200000000000000000e+02,5.800000000000000000e+03,2.707585632444140629e+02,2.744938013154544478e+02,2.816421097208616402e+02,3.146470148916067728e+02,2.830331619369765122e+02,2.866191672224053377e+02,2.703377124336037696e+02,2.697859880213779320e+02,2.697096911241039265e+02,2.689005174024889584e+02,2.719346721469186150e+02,2.716825945642879105e+02,2.682901328301852004e+02,1.681054317333975923e+05,2.228950674043582580e+01,1.601733236354112577e+01
2.300000000000000000e+02,5.810000000000000000e+03,2.707836854273359108e+02,2.746116485050348501e+02,2.817735981921557595e+02,3.148301053134215408e+02,2.831468943005936012e+02,2.864045762919868139e+02,2.707785308923623688e+02,2.699076356220504067e+02,2.698316612116649367e+02,2.689969243522157285e+02,2.719781330279014924e+02,2.717705780915802052e+02,2.683925202443509761e+02,1.681685660364473006e+05,2.235839773248700268e+01,1.604496725877207908e+01
2.400000000000000000e+02,5.820000000000000000e+03,2.708090969051797288e+02,2.747293666558721270e+02,2.819058647928029586e+02,3.150072105721849312e+02,2.832598003410499814e+02,2.861954002502002368e+02,2.712277985180249971e+02,2.700289794493106683e+02,2.699533355505637360e+02,2.690934437839413249e+02,2.720218167155593392e+02,2.718587169696116916e+02,2.684950785879295836e+02,1.682320870048103388e+05,2.242488742010134217e+01,1.607279039764051021e+01
2.500000000000000000e+02,5.830000000000000000e+03,2.708347977312968737e+02,2.748469776278897143e+02,2.820388496390264663e+02,3.151783266879243683e+02,2.833718627595260386e+02,2.859914739638750234e+02,2.716852537455971515e+02,2.701500061149692442e+02,2.700747007039010441e+02,2.691900789782109769e+02,2.720657270541203161e+02,2.719470158824241821e+02,2.685978104340887285e+02,1.682959688083860092e+05,2.248896737301740245e+01,1.610078681266447731e+01
2.600000000000000000e+02,5.840000000000000000e+03,2.708607879302578567e+02,2.749645007833795489e+02,2.821724929593176512e+02,3.153434495456020841e+02,2.834830635423500667e+02,2.857926369635056290e+02,2.721506370343932986e+02,2.702707013333373425e+02,2.701957423375526446e+02,2.692868327826798804e+02,2.721098674486945583e+02,2.720354790360462971e+02,2.687007179322537809e+02,1.683601856825760333e+05,2.255062946650526712e+01,1.612894182812412680e+01
2.700000000000000000e+02,5.850000000000000000e+03,2.708870674984843845e+02,2.750819531047575310e+02,2.823067351083549283e+02,3.155025749381175615e+02,2.835933840276265983e+02,2.855987332197552178e+02,2.726236907559481892e+02,2.703910499804022720e+02,2.703164452796821706e+02,2.693837076121577638e+02,2.721542408759071350e+02,2.721241101640574698e+02,2.688038028110159985e+02,1.684247119285974768e+05,2.260986588239660477e+01,1.615724104235151515e+01
2.800000000000000000e+02,5.860000000000000000e+03,2.709136364065078055e+02,2.751993493039996679e+02,2.824415165805239667e+02,3.156556986005511476e+02,2.837028049626358666e+02,2.854096109395294434e+02,2.731041590985013841e+02,2.705110361488949025e+02,2.704367935755050212e+02,2.694807054535376096e+02,2.721988498827351464e+02,2.722129125424870608e+02,2.689070663783844566e+02,1.684895219140431436e+05,2.266666911007603602e+01,1.618567031075140505e+01
2.900000000000000000e+02,5.870000000000000000e+03,2.709404945809296805e+02,2.753167019345759172e+02,2.825767780142434731e+02,3.158028162333009732e+02,2.838113065548016607e+02,2.852251223734531891e+02,2.735917879867200782e+02,2.706306431971944448e+02,2.705567705367535609e+02,2.695778278682737437e+02,2.722436966687440645e+02,2.723018889937599170e+02,2.690105095270829452e+02,1.685545900734961615e+05,2.272103194743331400e+01,1.621421572919670240e+01
3.000000000000000000e+02,5.880000000000000000e+03,2.709676419242265979e+02,2.754340214825433009e+02,2.827124602187929554e+02,3.159439235341299081e+02,2.839188685171453699e+02,2.850451236504362100e+02,2.740863250132509847e+02,2.707498537956038831e+02,2.706763587875072972e+02,2.696750759953498573e+02,2.722887830027738119e+02,2.723910418983791715e+02,2.691141327297225416e+02,1.686198909094355186e+05,2.277294750177655303e+01,1.624286361890523978e+01
3.100000000000000000e+02,5.890000000000000000e+03,2.709950783034219057e+02,2.755513164680065188e+02,2.828485041673091018e+02,3.160790162067917208e+02,2.840254701091766947e+02,2.848694746068803738e+02,2.745875193820803588e+02,2.708686499683480520e+02,2.707955403051579992e+02,2.697724505550743288e+02,2.723341102917336229e+02,2.724803732044051685e+02,2.692179360712771086e+02,1.686853989931371179e+05,2.282240919070611795e+01,1.627160051093316895e+01
3.200000000000000000e+02,5.900000000000000000e+03,2.710228035489218428e+02,2.756685935316852465e+02,2.829848510217711919e+02,3.162080899840652251e+02,2.841310901717458819e+02,2.846980386467009794e+02,2.750951218592738883e+02,2.709870131321614508e+02,2.709142964608324746e+02,2.698699518527373016e+02,2.723796795866219895e+02,2.725698844339280527e+02,2.693219192156901727e+02,1.687510889659663953e+05,2.286941074294921350e+01,1.630041313217318333e+01
3.300000000000000000e+02,5.910000000000000000e+03,2.710508174537734476e+02,2.757858575138278638e+02,2.831214421474177243e+02,3.163311406370862642e+02,2.842357071708559602e+02,2.845306825937198028e+02,2.756088847426431130e+02,2.711049241336077102e+02,2.710326080565758957e+02,2.699675797822942513e+02,2.724254915897774367e+02,2.726595766935558913e+02,2.694260813904222118e+02,1.688169355405904935e+05,2.291394619915507036e+01,1.632928839197792570e+01
3.400000000000000000e+02,5.920000000000000000e+03,2.710791197720781156e+02,2.759031115433913328e+02,2.832582191018671551e+02,3.164481639864252429e+02,2.843392992137835336e+02,2.843672765627653689e+02,2.761285618168914766e+02,2.712223632825115942e+02,2.711504553572593750e+02,2.700653338302285533e+02,2.724715466654955662e+02,2.727494506814841770e+02,2.695304214730806507e+02,1.688829135024000716e+05,2.295600991265043689e+01,1.635821336832191975e+01
3.500000000000000000e+02,5.930000000000000000e+03,2.711077102178983864e+02,2.760203571120693482e+02,2.833951236621770704e+02,3.165591559102948622e+02,2.844418440873211011e+02,2.842076938368520587e+02,2.766539083369041236e+02,2.713393103844431948e+02,2.712678181232614065e+02,2.701632130761511803e+02,2.725178448630666139e+02,2.728395066961655289e+02,2.696349379246573790e+02,1.689489977111450280e+05,2.299559655015562853e+01,1.638717529559314912e+01
3.600000000000000000e+02,5.940000000000000000e+03,2.711365884637265253e+02,2.761375941481273344e+02,2.835320978280996087e+02,3.166641123527363106e+02,2.845433192817633881e+02,2.840518107498197651e+02,2.771846810061807673e+02,2.714557447696903409e+02,2.713846756414709489e+02,2.702612162158635556e+02,2.725643859083577354e+02,2.729297446432528886e+02,2.697396288140156457e+02,1.690151631025426323e+05,2.303270109246065545e+01,1.641616155251089282e+01
3.700000000000000000e+02,5.950000000000000000e+03,2.711657541395859425e+02,2.762548210823388786e+02,2.836690838380692412e+02,3.167630293294609487e+02,2.846437020202181429e+02,2.838995065769918256e+02,2.777206379673576748e+02,2.715716453234112464e+02,2.715010067527462638e+02,2.703593415305539907e+02,2.726111692264332760e+02,2.730201640435114996e+02,2.698444918212603625e+02,1.690813846902073128e+05,2.306731883506167335e+01,1.644515965096911359e+01
3.800000000000000000e+02,5.960000000000000000e+03,2.711952068313827908e+02,2.763720349162077241e+02,2.838060241705159115e+02,3.168559029326303857e+02,2.847429692778289336e+02,2.837506634314621010e+02,2.782615387892685703e+02,2.716869905117997064e+02,2.716167898795537781e+02,2.704575869193719200e+02,2.726581939485699309e+02,2.731107640393858560e+02,2.699495242437322418e+02,1.691476375675017480e+05,2.309944538875742737e+01,1.647415722481700229e+01
3.900000000000000000e+02,5.970000000000000000e+03,2.712249460793437379e+02,2.764892312831038339e+02,2.839428615583050259e+02,3.169427293358621682e+02,2.848410978074587092e+02,2.836051661653715428e+02,2.788071444663536909e+02,2.718017584077169317e+02,2.717320030517095120e+02,2.705559498946177541e+02,2.727054589207891695e+02,2.732015434023484772e+02,2.700547229888328502e+02,1.692138969095863577e+05,2.312907668020576679e+01,1.650314201963912808e+01
4.000000000000000000e+02,5.980000000000000000e+03,2.712549713774609472e+02,2.766064045075986542e+02,2.840795389956249437e+02,3.170235047972062148e+02,2.849380641604105904e+02,2.834629022768514233e+02,2.793572174177231773e+02,2.719159267154735176e+02,2.718466239302782697e+02,2.706544275856581976e+02,2.727529627124458784e+02,2.732925005280849859e+02,2.701600845964372866e+02,1.692801379755981034e+05,2.315620895244014577e+01,1.653210188277724058e+01
4.100000000000000000e+02,5.990000000000000000e+03,2.712852821713046865e+02,2.767235476689193092e+02,2.842159997358821215e+02,3.170982256627594325e+02,2.850338446988631631e+02,2.833237618210184792e+02,2.799115214851383371e+02,2.720294727935907986e+02,2.719606298309674912e+02,2.707530167441615845e+02,2.728007036257945401e+02,2.733836334891433921e+02,2.702656052330295324e+02,1.693463361108336831e+05,2.318083876534590004e+01,1.656102475355367787e+01
4.200000000000000000e+02,6.000000000000000000e+03,2.713158778576797090e+02,2.768406526735833495e+02,2.843521873167740637e+02,3.171668883697069532e+02,2.851284156280609068e+02,2.831876373252146095e+02,2.804698219491227746e+02,2.721423736780845957e+02,2.720739977463096011e+02,2.708517137489444622e+02,2.728486797028977549e+02,2.734749399655414663e+02,2.703712806894835694e+02,1.694124667492143344e+05,2.320296299609649537e+01,1.658989865476028314e+01
4.300000000000000000e+02,6.010000000000000000e+03,2.713467577823984698e+02,2.769577102039482952e+02,2.844880455761228859e+02,3.172294894465841253e+02,2.852217530128598924e+02,2.830544237106061018e+02,2.810318855470562198e+02,2.722546061029758562e+02,2.721867043678485629e+02,2.709505146025093154e+02,2.728968887322538990e+02,2.735664173062293685e+02,2.704771063913357239e+02,1.694785054155613761e+05,2.322257883954940638e+01,1.661871168465940940e+01
4.400000000000000000e+02,6.020000000000000000e+03,2.713779212396796652e+02,2.770747099689613151e+02,2.846235186145945590e+02,3.172860255184287439e+02,2.853138327824108842e+02,2.829240182128662582e+02,2.815974804576066504e+02,2.723661465207988499e+02,2.722987261069621923e+02,2.710494149521892382e+02,2.729453282586955538e+02,2.736580625169225414e+02,2.705830774043943165e+02,1.695444277282246912e+05,2.323968380860183913e+01,1.664745200760838628e+01
4.500000000000000000e+02,6.030000000000000000e+03,2.714093674701718442e+02,2.771916405412447943e+02,2.847585508582358216e+02,3.173364933059311284e+02,2.854046307626225030e+02,2.827963203109572419e+02,2.821663763504487292e+02,2.724769711224731736e+02,2.724100391126380600e+02,2.711484100743748513e+02,2.729939955866343553e+02,2.737498722682878451e+02,2.706891884351172166e+02,1.696102094015609764e+05,2.325427573450604157e+01,1.667610784767528287e+01
4.600000000000000000e+02,6.040000000000000000e+03,2.714410956604531293e+02,2.773084895269241770e+02,2.848930870304858445e+02,3.173808896286101344e+02,2.854941226829017751e+02,2.826712316565942160e+02,2.827383443854052985e+02,2.725870558570889557e+02,2.725206192919492878e+02,2.712474948976331461e+02,2.730428877894559605e+02,2.738418428970358036e+02,2.707954338373811538e+02,1.696758262487511965e+05,2.326635276714426936e+01,1.670466748100487209e+01
4.700000000000000000e+02,6.050000000000000000e+03,2.714731049409531352e+02,2.774252435748626340e+02,2.850270721748174196e+02,3.174192114057432264e+02,2.855822841966675583e+02,2.825486560081543530e+02,2.833131572413101367e+02,2.726963764497670581e+02,2.726304423278372724e+02,2.713466639873163899e+02,2.730920017119641443e+02,2.739339704135658167e+02,2.709018076111299820e+02,1.697412541843887884e+05,2.327591337526340354e+01,1.673311922935037899e+01
4.800000000000000000e+02,6.060000000000000000e+03,2.715053943853359328e+02,2.775418884202493928e+02,2.851604516568768304e+02,3.174514556573402615e+02,2.856690908947206253e+02,2.824284991667527152e+02,2.838905891377338548e+02,2.728049084189511291e+02,2.727394836967638412e+02,2.714459115603603436e+02,2.731413339799688629e+02,2.740262505050664004e+02,2.710083034102604529e+02,1.698064692273685068e+05,2.328295634666905656e+01,1.676145145370988132e+01
4.900000000000000000e+02,6.070000000000000000e+03,2.715379630083281199e+02,2.776584089267760191e+02,2.852931711706419264e+02,3.174776195057485211e+02,2.857545183184851112e+02,2.823106689153016760e+02,2.844704158595820900e+02,2.729126270932893021e+02,2.728477186860197321e+02,2.715452314961962657e+02,2.731908810043838116e+02,2.741186785396021151e+02,2.711149145437373136e+02,1.698714475036638905e+05,2.328748078837928048e+01,1.678965254850758626e+01
5.000000000000000000e+02,6.080000000000000000e+03,2.715708097653202913e+02,2.777747891248971541e+02,2.854251767483989397e+02,3.174977001767907723e+02,2.858385419757810837e+02,2.821950749604542352e+02,2.850524147862631139e+02,2.730195076287094480e+02,2.729551224095820885e+02,2.716446173264776007e+02,2.732406389829832278e+02,2.742112495700309864e+02,2.712216339860562471e+02,1.699361652493340371e+05,2.328948612673781327e+01,1.681771093622695901e+01
5.100000000000000000e+02,6.090000000000000000e+03,2.716039335505078043e+02,2.778910122484509202e+02,2.855564147673962339e+02,3.175116950009993388e+02,2.859211373544890762e+02,2.820816288765732907e+02,2.856363649211757547e+02,2.731255250240028545e+02,2.730616698246757892e+02,2.717440622467039475e+02,2.732906039106098319e+02,2.743039583372153629e+02,2.713284543685501831e+02,1.700005988134537183e+05,2.328897210748677793e+01,1.684561506253422536e+01
5.200000000000000000e+02,6.100000000000000000e+03,2.716373331953515731e+02,2.780070607713815889e+02,2.856868319544948349e+02,3.175196014145193999e+02,2.860022799343946076e+02,2.819702440522888764e+02,2.862220469212306853e+02,2.732306541360574670e+02,2.731673357465527943e+02,2.718435591189254978e+02,2.733407715797675905e+02,2.743967992743663444e+02,2.714353679937303241e+02,1.700647246610209113e+05,2.328593879579892700e+01,1.687335339162709857e+01
5.300000000000000000e+02,6.110000000000000000e+03,2.716710074679609193e+02,2.781229164418326718e+02,2.858163753949063448e+02,3.175214169604989820e+02,2.860819452008904022e+02,2.818608356402357344e+02,2.868092431292309925e+02,2.733348696950718022e+02,2.732720948639158678e+02,2.719431004757870483e+02,2.733911375880747414e+02,2.744897665092626085e+02,2.715423668309072696e+02,1.701285193761801929e+05,2.328038657626941088e+01,1.690091440216324870e+01
5.400000000000000000e+02,6.120000000000000000e+03,2.717049550709921846e+02,2.782385602666334989e+02,2.859449926087118001e+02,3.175171392900581395e+02,2.861601087080732100e+02,2.817533205066041546e+02,2.873977376523457679e+02,2.734381463224291906e+02,2.733759217537314612e+02,2.720426785229286111e+02,2.734416970789926040e+02,2.745828538672475361e+02,2.716494425281201757e+02,1.701919596652898472e+05,2.327231615286697775e+01,1.692828658652979001e+01
5.500000000000000000e+02,6.130000000000000000e+03,2.717391746410859241e+02,2.783539727059960569e+02,2.860726312555086679e+02,3.175067661634830074e+02,2.862367458826576012e+02,2.816476171849338925e+02,2.879873162179851533e+02,2.735404585329835641e+02,2.734787908931907623e+02,2.721422851456239869e+02,2.734924458469356523e+02,2.746760548741904131e+02,2.717565864095532788e+02,1.702550223596136784e+05,2.326172854884471519e+01,1.695545843626348415e+01
5.600000000000000000e+02,6.140000000000000000e+03,2.717736647468594242e+02,2.784691335227665832e+02,2.861992396278857314e+02,3.174902954519634477e+02,2.863118323478125831e+02,2.815436458309788463e+02,2.885777664764884776e+02,2.736417807613995592e+02,2.735806766747484176e+02,2.722419119105427399e+02,2.735433785794133996e+02,2.747693627614855814e+02,2.718637894812338232e+02,1.703176844192514836e+05,2.324862510661035486e+01,1.698241845419863694e+01
5.700000000000000000e+02,6.150000000000000000e+03,2.718084238877968914e+02,2.785840218804557367e+02,2.863247662989617766e+02,3.174677251371074362e+02,2.863853437303174587e+02,2.814413281792357111e+02,2.891688778615300066e+02,2.737420873713208493e+02,2.736815534196339854e+02,2.723415500729614678e+02,2.735944901266318539e+02,2.748627704654570039e+02,2.719710424373450905e+02,1.703799229357172444e+05,2.323300748755602285e+01,1.700915514406500506e+01
5.800000000000000000e+02,6.160000000000000000e+03,2.718434504930937123e+02,2.786986163707900914e+02,2.864491602374836816e+02,3.174390533158364747e+02,2.864572557172126039e+02,2.813405875013165769e+02,2.897604416708317103e+02,2.738413526674057152e+02,2.737813953905846915e+02,2.724411905744846081e+02,2.736457751598507002e+02,2.749562706303365189e+02,2.720783356490571805e+02,1.704417151352926157e+05,2.321487767184760997e+01,1.703565700925360460e+01
5.900000000000000000e+02,6.170000000000000000e+03,2.718787429202890849e+02,2.788128950446734962e+02,2.865723708038575523e+02,3.174042781975404068e+02,2.865275440673551088e+02,2.812413485662068524e+02,2.903522511002530564e+02,2.739395509080069360e+02,2.738801768034153383e+02,2.725408240508531890e+02,2.736972281731486305e+02,2.750498556134212436e+02,2.721856591928363969e+02,1.705030383822509903e+05,2.319423795817370149e+01,1.706191255106929106e+01
6.000000000000000000e+02,6.180000000000000000e+03,2.719142994534375362e+02,2.789268354366142830e+02,2.866943477629993140e+02,3.173633981080339481e+02,2.865961846234081349e+02,2.811435376005776448e+02,2.909441012861051945e+02,2.740366563170179006e+02,2.739778718399774675e+02,2.726404408354601401e+02,2.737488434862376607e+02,2.751435174815263736e+02,2.722930028351640885e+02,1.705638701820209972e+05,2.317109096345413377e+01,1.708791026762638410e+01
6.100000000000000000e+02,6.190000000000000000e+03,2.719501183024843840e+02,2.790404145910455327e+02,2.868150412835766474e+02,3.173164114908784086e+02,2.866631533183141300e+02,2.810470822602212593e+02,2.915357893420939490e+02,2.741326430960162952e+02,2.740744546592318898e+02,2.727400309627128649e+02,2.738006152480226660e+02,2.752372480175961869e+02,2.724003560416552432e+02,1.706241881844737800e+05,2.314543962250817088e+01,1.711363865300544163e+01
6.200000000000000000e+02,6.200000000000000000e+03,2.719861976018203222e+02,2.791536090862630317e+02,2.869344019519586482e+02,3.172633169090224783e+02,2.867284261898645354e+02,2.809519115782393328e+02,2.921271143992704538e+02,2.742274854351229578e+02,2.741698994091494797e+02,2.728395841722878004e+02,2.738525374409512096e+02,2.753310387171520688e+02,2.725077079803179458e+02,1.706839701870920253e+05,2.311728718768242175e+01,1.713908619646831966e+01
6.300000000000000000e+02,6.210000000000000000e+03,2.720225354083905813e+02,2.792663950617779847e+02,2.870523807664368405e+02,3.172041130439011454e+02,2.867919793859025503e+02,2.808579559455463937e+02,2.927178776418999178e+02,2.743211575246443772e+02,2.742641802371929316e+02,2.729390899127089369e+02,2.739046038776324963e+02,2.754248808137679134e+02,2.726150475258290840e+02,1.707431941382152145e+05,2.308663722843849087e+01,1.716424138231025154e+01
6.400000000000000000e+02,6.220000000000000000e+03,2.720591297013827443e+02,2.793787482376269509e+02,2.871689291546491631e+02,3.171387987022206971e+02,2.868537891744981039e+02,2.807651470729583707e+02,2.933078823513357065e+02,2.744136335664683770e+02,2.743572713018705258e+02,2.730385373455973195e+02,2.739568082106316069e+02,2.755187652389680579e+02,2.727223632624040874e+02,1.708018381402783561e+05,2.305349363090032710e+01,1.718909269026936926e+01
6.500000000000000000e+02,6.230000000000000000e+03,2.720959783796562306e+02,2.794906439385140402e+02,2.872839989711059161e+02,3.170673728141909464e+02,2.869138319526921919e+02,2.806734179602239010e+02,2.938969339412938098e+02,2.745048877831815162e+02,2.744491467827954807e+02,2.731379153491636771e+02,2.740091439312898274e+02,2.756126826564265002e+02,2.728296434876252761e+02,1.708598804529081099e+05,2.301786059736159729e+01,1.721362859583876315e+01
6.600000000000000000e+02,6.240000000000000000e+03,2.721330792620859711e+02,2.796020571160556756e+02,2.873975425050136892e+02,3.169898344362557054e+02,2.869720842545884807e+02,2.805827028656431708e+02,2.944848399975359143e+02,2.745948944294052581e+02,2.745397808910691992e+02,2.732372125224560477e+02,2.740616043722230302e+02,2.757066234543412975e+02,2.729368762162400799e+02,1.709172994962625671e+05,2.297974264575278980e+01,1.723783757124456173e+01
6.700000000000000000e+02,6.250000000000000000e+03,2.721704300848671778e+02,2.797129623698060072e+02,2.875095124854568667e+02,3.169061827534768554e+02,2.870285227598457709e+02,2.804929372772213583e+02,2.950714103160758555e+02,2.746836278013178116e+02,2.746291478791647478e+02,2.733364171894571655e+02,2.741141827096623160e+02,2.758005777472408226e+02,2.730440491836677666e+02,1.709740738540788298e+05,2.293914460906846742e+01,1.726170808663837519e+01
6.800000000000000000e+02,6.260000000000000000e+03,2.722080285011328442e+02,2.798233339679322853e+02,2.876198620865048952e+02,3.168164170813397504e+02,2.870831243012719369e+02,2.804040578847086067e+02,2.956564569412117862e+02,2.747710622465898496e+02,2.747172220507309248e+02,2.734355174028399915e+02,2.741668719655135078e+02,2.758945353782905840e+02,2.731511498500983635e+02,1.710301822768926213e+05,2.289607163475441354e+01,1.728522861174159431e+01
6.900000000000000000e+02,6.270000000000000000e+03,2.722458720797969249e+02,2.799331458671002792e+02,2.877285449323113653e+02,3.167205368682013500e+02,2.871358658728339037e+02,2.803160025525983770e+02,2.962397942028310354e+02,2.748571721739621125e+02,2.748039777701022217e+02,2.735345009484447587e+02,2.742196650097616271e+02,2.759884859205594694e+02,2.732581654038131092e+02,1.710856036851760582e+05,2.285052918405500577e+01,1.730838761774066725e+01
7.000000000000000000e+02,6.280000000000000000e+03,2.722839583034687507e+02,2.800423717335664264e+02,2.878355151018648144e+02,3.166185416976508122e+02,2.871867246367136772e+02,2.802287102941779722e+02,2.968212387530720662e+02,2.749419320622147893e+02,2.748893894713800137e+02,2.736333553469481217e+02,2.742725545623096650e+02,2.760824186805120348e+02,2.733650827654095679e+02,1.711403171723141568e+05,2.280252303132084890e+01,1.733117357952885129e+01
7.100000000000000000e+02,6.290000000000000000e+03,2.723222845685859284e+02,2.801509849617347072e+02,2.879407271317838308e+02,3.165104312907501480e+02,2.872356779291251314e+02,2.801421212468848125e+02,2.974006096009256908e+02,2.750253164693786516e+02,2.749734316674363868e+02,2.737320678652752122e+02,2.743255331931438832e+02,2.761763227047142664e+02,2.734718885916660724e+02,1.711943020078217378e+05,2.275205926327652151e+01,1.735357497818079509e+01
7.200000000000000000e+02,6.300000000000000000e+03,2.723608481833437054e+02,2.802589586837464140e+02,2.880441360334936576e+02,3.163962055087937415e+02,2.872827032759732901e+02,2.800561766480254846e+02,2.979777281551676538e+02,2.751073000413716727e+02,2.750560789590719537e+02,2.738306255110559277e+02,2.743785933289850050e+02,2.762701867418254551e+02,2.735785692792746318e+02,1.712475376402549737e+05,2.269914427824895142e+01,1.737558030436778722e+01
7.300000000000000000e+02,6.310000000000000000e+03,2.723996463668359524e+02,2.803662658013643068e+02,2.881456972742606695e+02,3.162758643555811204e+02,2.873277783846014017e+02,2.799708188113596634e+02,2.985524182455955042e+02,2.751878575207665563e+02,2.751373060429235125e+02,2.739290150453708748e+02,2.744317272505679739e+02,2.763639993243256185e+02,2.736851109689697523e+02,1.713000037002256722e+05,2.264378478535607542e+01,1.739717806068968287e+01
7.400000000000000000e+02,6.320000000000000000e+03,2.724386762486015527e+02,2.804728789960566928e+02,2.882453668022378110e+02,3.161494079807624757e+02,2.873708811617050287e+02,2.798859911057012368e+02,2.991245061660445117e+02,2.752669637550116022e+02,2.752170877202566999e+02,2.740272229800485775e+02,2.744849270967233679e+02,2.764577487038532126e+02,2.737914995498535404e+02,1.713516800034047628e+05,2.258598780365626979e+01,1.741835676571757929e+01
7.500000000000000000e+02,6.330000000000000000e+03,2.724779348664218332e+02,2.805787707456468070e+02,2.883431010429130765e+02,3.160168366818708705e+02,2.874119897169034630e+02,2.798016379325081289e+02,2.996938207038760424e+02,2.753445937044806442e+02,2.752953989047083496e+02,2.741252355885972634e+02,2.745381848657863770e+02,2.765514228749990480e+02,2.738977206640896611e+02,1.714025465532854141e+05,2.252576066125834231e+01,1.743910495759699586e+01
7.600000000000000000e+02,6.340000000000000000e+03,2.725174191667812806e+02,2.806839133471979153e+02,2.884388569047061424e+02,3.158781509076030147e+02,2.874510823687411403e+02,2.797177047055470780e+02,3.002601931715438468e+02,2.754207224505061617e+02,2.753722146306776040e+02,2.742230389053864315e+02,2.745914924180900130e+02,2.766450095767147559e+02,2.740037597081449121e+02,1.714525835441791569e+05,2.246311099439240166e+01,1.745941119812153985e+01
7.700000000000000000e+02,6.350000000000000000e+03,2.725571260024453295e+02,2.807882789217933350e+02,2.885325917830613207e+02,3.157333512608728938e+02,2.874881376508792528e+02,2.796341378311719836e+02,3.008234574358445457e+02,2.754953252033305944e+02,2.754475100605730518e+02,2.743206187334871515e+02,2.746448414775662741e+02,2.767384962958306005e+02,2.741096018421504823e+02,1.715017713638535351e+05,2.239804674644170390e+01,1.747926407696366624e+01
7.800000000000000000e+02,6.360000000000000000e+03,2.725970521331953478e+02,2.808918394376211154e+02,2.886242635648117130e+02,3.155824385014780660e+02,2.875231343182460932e+02,2.795508846887289565e+02,3.013834499472173434e+02,2.755683773090825071e+02,2.755212604928664177e+02,2.744179606499568536e+02,2.746982236339293877e+02,2.768318702677448755e+02,2.742152319907123683e+02,1.715500905964563135e+05,2.233057616693544389e+01,1.749865221623900879e+01
7.900000000000000000e+02,6.370000000000000000e+03,2.726371942233125196e+02,2.809945667257223931e+02,2.887138306317758065e+02,3.154254135497665743e+02,2.875560513524177395e+02,2.794678936119121317e+02,3.019400097665694034e+02,2.756398542578109527e+02,2.755934413688318614e+02,2.745150500074374804e+02,2.747516303445954691e+02,2.769251184800486953e+02,2.743206348485238095e+02,1.715975220249803388e+05,2.226070781050284353e+01,1.751756427525042170e+01
8.000000000000000000e+02,6.380000000000000000e+03,2.726775488421484397e+02,2.810964324928623341e+02,2.888012518651369192e+02,3.152622774894394979e+02,2.875868679674575219e+02,2.793851138711887643e+02,3.024929785912116813e+02,2.757097316902910507e+02,2.756640282801939748e+02,2.746118719413927920e+02,2.748050529372345636e+02,2.770182276753599808e+02,2.744257948845022383e+02,1.716440466340683051e+05,2.218845053578846205e+01,1.753598895546495129e+01
8.100000000000000000e+02,6.390000000000000000e+03,2.727181124626562791e+02,2.811974083458773066e+02,2.888864866477268833e+02,3.150930315710961622e+02,2.876155636144309256e+02,2.793024956568381185e+02,3.030422007785051619e+02,2.757779854049211963e+02,2.757329969756611945e+02,2.747084113741470901e+02,2.748584826115641135e+02,2.771111843506960213e+02,2.745306963479628735e+02,1.716896456124552060e+05,2.211381350432903758e+01,1.755391500567892749e+01
8.200000000000000000e+02,6.400000000000000000e+03,2.727588814606249912e+02,2.812974657531578941e+02,2.889694948779515471e+02,3.149176772160036535e+02,2.876421179929443497e+02,2.792199900588267383e+02,3.035875233726689544e+02,2.758445913651351020e+02,2.758003233683959365e+02,2.748046530202134363e+02,2.749119104413448440e+02,2.772039747713899942e+02,2.746353232693414270e+02,1.717343003554753959e+05,2.203680617939190967e+01,1.757133122768352607e+01
8.300000000000000000e+02,6.410000000000000000e+03,2.727998521148515465e+02,2.813965761601888289e+02,2.890502369499163251e+02,3.147362160168102037e+02,2.876665110436469490e+02,2.791375490616246680e+02,3.041287961188934901e+02,2.759095257050610712e+02,2.758659835428013025e+02,2.749005813915024419e+02,2.749653273771397153e+02,2.772965849590176504e+02,2.747396594704130166e+02,1.717779924675385701e+05,2.195743832477509017e+01,1.758822648138894351e+01
8.400000000000000000e+02,6.420000000000000000e+03,2.728410206058047152e+02,2.814947109179980771e+02,2.891286737813662171e+02,3.145486497458599615e+02,2.876887229640243504e+02,2.790551255135961810e+02,3.046658714880479693e+02,2.759727647370319232e+02,2.759299537593319656e+02,2.749961808020823923e+02,2.750187242485808383e+02,2.773890007039319698e+02,2.748436885664191323e+02,1.718207037644450611e+05,2.187572000356936641e+01,1.760458969081051350e+01
8.500000000000000000e+02,6.430000000000000000e+03,2.728823830148750176e+02,2.815918413235627895e+02,2.892047668069250221e+02,3.143549803563461182e+02,2.877087342095092026e+02,2.789726731178770365e+02,3.051986046932978525e+02,2.760342849573672765e+02,2.759922104622697816e+02,2.750914353741848686e+02,2.750720917666189962e+02,2.774812075681560373e+02,2.749473939723516764e+02,1.718624162756089354e+05,2.179166157688241157e+01,1.762040984983298841e+01
8.600000000000000000e+02,6.440000000000000000e+03,2.729239353251562079e+02,2.816879386347079617e+02,2.892784779798288923e+02,3.141552099848364605e+02,2.877265254987435128e+02,2.788901464229646763e+02,3.057268537061572715e+02,2.760940630526744144e+02,2.760527302856469305e+02,2.751863290430896996e+02,2.751254205262356436e+02,2.775731908876417720e+02,2.750507589065956040e+02,1.719031122463990469e+05,2.170527370252503374e+01,1.763567602842078230e+01
8.700000000000000000e+02,6.450000000000000000e+03,2.729656734198593426e+02,2.817829740867265969e+02,2.893497697781857596e+02,3.139493409562794000e+02,2.877420778179014746e+02,2.788075008036507825e+02,3.062504792714576070e+02,2.761520759058709586e+02,2.761114900593556740e+02,2.752808455590143240e+02,2.751787010089090018e+02,2.776649357759813483e+02,2.751537663947864303e+02,1.719427741401626845e+05,2.161656733365993333e+01,1.765037737868715340e+01
8.800000000000000000e+02,6.460000000000000000e+03,2.730075930821874977e+02,2.818769188681865216e+02,2.894186052036357637e+02,3.137373757877554681e+02,2.877553724228977217e+02,2.787246924624647022e+02,3.067693449189262651e+02,2.762083006018955302e+02,2.761684668137159520e+02,2.753749685085275019e+02,2.752319235841546288e+02,2.777564271280815547e+02,2.752563992838230433e+02,1.719813846402787603e+05,2.152555371741287615e+01,1.766450314136818278e+01
8.900000000000000000e+02,6.470000000000000000e+03,2.730496899958281460e+02,2.819697442060443109e+02,2.894849477995423968e+02,3.135193171923573345e+02,2.877663908532692858e+02,2.786416783632550960e+02,3.072833169742839345e+02,2.762627144340974610e+02,2.762236377882464353e+02,2.754686812957328357e+02,2.752850785152443223e+02,2.778476496259581268e+02,2.753586402349149012e+02,1.720189266522395774e+05,2.143224439344672305e+01,1.767804265133814567e+01
9.000000000000000000e+02,6.480000000000000000e+03,2.730919597438593769e+02,2.820614213151676495e+02,2.895487616243910907e+02,3.132951680821845457e+02,2.877751149221827518e+02,2.785584163074433945e+02,3.077922645691479602e+02,2.763152949085784940e+02,2.762769804307270647e+02,2.755619671648794338e+02,2.753381559557707305e+02,2.779385877409767431e+02,2.754604717367101330e+02,1.720553833054158604e+05,2.133665119249828734e+01,1.769098534533695499e+01
9.100000000000000000e+02,6.490000000000000000e+03,2.731343978088672202e+02,2.821519214319163780e+02,2.896100112884737996e+02,3.130649315746481420e+02,2.877815267285928940e+02,2.784748648316241315e+02,3.082960596470262544e+02,2.763660197506631562e+02,2.763284724147204656e+02,2.756548092019185106e+02,2.753911459627862541e+02,2.780292257399984805e+02,2.755618761100083702e+02,1.720907379549684993e+05,2.123878623487830097e+01,1.770332076729111037e+01
9.200000000000000000e+02,6.500000000000000000e+03,2.731769995735937755e+02,2.822412158240286999e+02,2.896686619317192708e+02,3.128286109944003783e+02,2.877856086613872435e+02,2.783909832575871519e+02,3.087945769687667621e+02,2.764148669100667348e+02,2.763780916315220679e+02,2.757471903404817795e+02,2.754440384874307597e+02,2.781195476904198927e+02,2.756628355129331567e+02,1.721249741835717286e+05,2.113866192893468821e+01,1.771503857561410911e+01
9.300000000000000000e+02,6.510000000000000000e+03,2.732197603197421927e+02,2.823292758020429574e+02,2.897246792571395417e+02,3.125862098801932234e+02,2.877873434029849022e+02,2.783067316065399837e+02,3.092876941165492326e+02,2.764618145705544521e+02,2.764258162106929149e+02,2.758390933679849013e+02,2.754968233878090587e+02,2.782095374630915785e+02,2.757633319447159579e+02,1.721580758030394209e+05,2.103629096947931743e+01,1.772612854890498468e+01
9.400000000000000000e+02,6.520000000000000000e+03,2.732626752288906005e+02,2.824160727304033571e+02,2.897780294333515485e+02,3.123377319817020634e+02,2.877867139262309593e+02,2.782220708161712537e+02,3.097752914948798661e+02,2.765068411304538927e+02,2.764716244876958626e+02,2.759305009318724160e+02,2.755494904279174762e+02,2.782991787382702569e+02,2.758633472598154412e+02,1.721900268558968091e+05,2.093168633617837315e+01,1.773658059534811571e+01
9.500000000000000000e+02,6.530000000000000000e+03,2.733057393825781105e+02,2.825015780390114060e+02,2.898286792720351741e+02,3.120831812728746399e+02,2.877837035086237165e+02,2.781369623430975366e+02,3.102572523304055494e+02,2.765499252505549066e+02,2.765154950673846201e+02,2.760213955458630153e+02,2.756020292806090310e+02,2.783884550112701390e+02,2.759628631618630266e+02,1.722208116169127461e+05,2.082486129190670709e+01,1.774638475459609310e+01
9.600000000000000000e+02,6.540000000000000000e+03,2.733489477626093844e+02,2.825857632310361396e+02,2.898765960770475658e+02,3.118225619515070548e+02,2.877782957301180886e+02,2.780513684785546502e+02,3.107334626697372642e+02,2.765910458262956126e+02,2.765574067791151265e+02,2.761117595950452142e+02,2.756544295314268425e+02,2.784773495982098552e+02,2.760618612192089358e+02,1.722504145945104538e+05,2.071582938106620730e+01,1.775553120816838515e+01
9.700000000000000000e+02,6.550000000000000000e+03,2.733922952504765362e+02,2.826685998966894431e+02,2.899217477221990293e+02,3.115558784445556171e+02,2.877704744770754814e+02,2.779652521799425244e+02,3.112038113752029176e+02,2.766301820017660020e+02,2.765973387102266088e+02,2.762015753453254092e+02,2.757066806825162075e+02,2.785658456404689787e+02,2.761603228670407475e+02,1.722788205320127890e+05,2.060460442786848745e+01,1.776401028433813423e+01
9.800000000000000000e+02,6.560000000000000000e+03,2.734357766290468703e+02,2.827500597234547968e+02,2.899641026240657311e+02,3.112831354117638512e+02,2.877602239452293702e+02,2.778785771234461777e+02,3.116681901191576571e+02,2.766673131769170482e+02,2.766352701935367691e+02,2.762908249469202246e+02,2.757587721535701348e+02,2.786539261112730514e+02,2.762582294148289748e+02,1.723060144089786627e+05,2.049120053458214841e+01,1.777181246533017500e+01
9.900000000000000000e+02,6.570000000000000000e+03,2.734793865821796999e+02,2.828301145024153129e+02,2.900036297450253642e+02,3.110043377518293823e+02,2.877475286428851859e+02,2.777913076933460843e+02,3.121264933760916165e+02,2.767024189972708541e+02,2.766711808226676794e+02,2.763794904424538572e+02,2.758106932892764007e+02,2.787415738217299577e+02,2.763555620529269845e+02,1.723319814423241187e+05,2.037563207974468327e+01,1.777892839378276335e+01
1.000000000000000000e+03,6.580000000000000000e+03,2.735231196955937776e+02,2.829087361428395297e+02,2.900402986176593458e+02,3.107194906042483353e+02,2.877323733947669098e+02,2.777034089220643409e+02,3.125786184133116308e+02,2.767354793833420104e+02,2.767050504485737861e+02,2.764675537724444894e+02,2.758624333597111900e+02,2.788287714263563544e+02,2.764523018585685463e+02,1.723567070874160563e+05,2.025791371633948046e+01,1.778534887857572500e+01
1.010000000000000000e+03,6.590000000000000000e+03,2.735669704572031264e+02,2.829858966591016269e+02,2.900740793296413926e+02,3.104285993559121266e+02,2.877147433494060351e+02,2.776148465294243124e+02,3.130244652793260798e+02,2.767664745164458964e+02,2.767368591874959520e+02,2.765549967783598504e+02,2.759139815645186786e+02,2.789155014295678825e+02,2.765484298028227386e+02,1.723801770390460733e+05,2.013806036993791082e+01,1.779106490184155120e+01
1.020000000000000000e+03,6.600000000000000000e+03,2.736109332580156206e+02,2.830615682591761129e+02,2.901049424845558633e+02,3.101316696398783961e+02,2.876946239588704657e+02,2.775255869517089309e+02,3.134639367910323244e+02,2.767953848381921489e+02,2.767665874229251131e+02,2.766418012313321242e+02,2.759653270384329744e+02,2.790017461925583575e+02,2.766439267568354126e+02,1.724023772323157464e+05,2.001608723680692492e+01,1.779606762519234664e+01
1.030000000000000000e+03,6.610000000000000000e+03,2.736550023928905944e+02,2.831357232366946732e+02,2.901328593237734026e+02,3.098287073590137766e+02,2.876720010182891656e+02,2.774355971449160734e+02,3.138969385189236618e+02,2.768221910865795508e+02,2.767942158145614258e+02,2.767279488019320866e+02,2.760164588522380313e+02,2.790874879396353663e+02,2.767387735002915861e+02,1.724232938435818942e+05,1.989200978198235603e+01,1.780034839422565085e+01
1.040000000000000000e+03,6.620000000000000000e+03,2.736991720612265908e+02,2.832083340589134082e+02,2.901578015874201810e+02,3.095197186641662483e+02,2.876468606460992987e+02,2.773448448330601650e+02,3.143233787705588611e+02,2.768468742551390278e+02,2.768197252939831969e+02,2.768134210948896907e+02,2.760673660178690056e+02,2.791727087645959955e+02,2.768329507257999467e+02,1.724429132910967455e+05,1.976584373730800337e+01,1.780389874727179489e+01
1.050000000000000000e+03,6.630000000000000000e+03,2.737434363681171590e+02,2.832793733515654822e+02,2.901797415927396742e+02,3.092047099744526690e+02,2.876191892868374680e+02,2.772532983504381718e+02,3.147431685733700988e+02,2.768694156245595650e+02,2.768430970733450636e+02,2.768981996465875000e+02,2.761180374991139956e+02,2.792573906318638137e+02,2.769264390480085467e+02,1.724612222358522704e+05,1.963760509944107469e+01,1.780671041979748281e+01
1.060000000000000000e+03,6.640000000000000000e+03,2.737877893247187444e+02,2.833488139234983691e+02,2.901986522150117480e+02,3.088836879776066553e+02,2.875889737144224796e+02,2.771609266606497499e+02,3.151562216512094210e+02,2.768897967592572513e+02,2.768643126476637235e+02,2.769822659342393649e+02,2.761684621894553970e+02,2.793415154145448014e+02,2.770192190063997373e+02,1.724782075817107398e+05,1.950731012782392781e+01,1.780877534994712619e+01
1.070000000000000000e+03,6.650000000000000000e+03,2.738322248502578304e+02,2.834166287551286132e+02,2.902145068984203817e+02,3.085566596367000898e+02,2.875562010413418079e+02,2.770676993514043716e+02,3.155624544097061062e+02,2.769079995110081427e+02,2.768833537983181259e+02,2.770656013803493352e+02,2.762186289542482882e+02,2.794250648446749210e+02,2.771112710794337204e+02,1.724938564766198397e+05,1.937497534262249133e+01,1.781008568479376919e+01
1.080000000000000000e+03,6.660000000000000000e+03,2.738767367721562209e+02,2.834827910099593282e+02,2.902272796478250712e+02,3.082236321939860773e+02,2.875208587143093837e+02,2.769735866282136385e+02,3.159617859086142744e+02,2.769240060221102908e+02,2.769002025960265883e+02,2.771481873674655390e+02,2.762685266073721095e+02,2.795080205671167732e+02,2.772025756855655914e+02,1.725081563125462853e+05,1.924061752263174441e+01,1.781063378546053855e+01
1.090000000000000000e+03,6.670000000000000000e+03,2.739213188280234590e+02,2.835472740781754624e+02,2.902369450269251843e+02,3.078846131728975024e+02,2.874829345185855800e+02,2.768785593051051137e+02,3.163541378356928817e+02,2.769377987289799989e+02,2.769148414037940142e+02,2.772300052327368576e+02,2.763181439269626480e+02,2.795903641325116382e+02,2.772931131942600587e+02,1.725210947260626708e+05,1.910425370314824534e+01,1.781041223224178083e+01
1.100000000000000000e+03,6.680000000000000000e+03,2.739659646662968839e+02,2.836100514972304723e+02,2.902434781735249203e+02,3.075396103914976038e+02,2.874424165784063234e+02,2.767825888080428740e+02,3.167394344909776578e+02,2.769493603627496441e+02,2.769272528802228521e+02,2.773110362850819683e+02,2.763674696539675324e+02,2.796720770030814265e+02,2.773828639275251930e+02,1.725326595985211898e+05,1.896590117381028406e+01,1.780941383047337112e+01
1.110000000000000000e+03,6.690000000000000000e+03,2.740106678481015479e+02,2.836710970668418668e+02,2.902468547820135996e+02,3.071886319560907168e+02,2.873992933612985325e+02,2.766856471503365356e+02,3.171176027482620157e+02,2.769586739563795277e+02,2.769374199828707788e+02,2.773912618074903094e+02,2.764164924981413378e+02,2.797531405627545951e+02,2.774718081738558340e+02,1.725428390564165893e+05,1.882557747640564827e+01,1.780763161459694288e+01
1.120000000000000000e+03,6.700000000000000000e+03,2.740554218483749764e+02,2.837303847922763680e+02,2.902470511128625503e+02,3.068316862725831697e+02,2.873535536781035944e+02,2.765877069397934065e+02,3.174885720326577143e+02,2.769657228439655228e+02,2.769453259697523890e+02,2.774706630682658783e+02,2.764652011426281319e+02,2.798335361240483508e+02,2.775599261916339628e+02,1.725516214714420494e+05,1.868330040264756065e+01,1.780505885328852145e+01
1.130000000000000000e+03,6.710000000000000000e+03,2.741002200567031650e+02,2.837878889059359153e+02,2.902440439914644230e+02,3.064687820500338944e+02,2.873051866852725311e+02,2.764887413689108939e+02,3.178522742902910068e+02,2.769704906644612947e+02,2.769509544027008587e+02,2.775492213250898885e+02,2.765135842475065147e+02,2.799132449355834069e+02,2.776471982175278299e+02,1.725589954605611565e+05,1.853908799191882295e+01,1.780168905399774815e+01
1.140000000000000000e+03,6.720000000000000000e+03,2.741450557805000017e+02,2.838435840088505984e+02,2.902378107766032826e+02,3.060999282942664195e+02,2.872541818861672027e+02,2.763887242080581927e+02,3.182086439373739495e+02,2.769729613622041597e+02,2.769542891499414736e+02,2.776269178420444632e+02,2.765616304585346370e+02,2.799922481916829042e+02,2.777336044754740669e+02,1.725649498862718756e+05,1.839295852898459316e+01,1.779751596599906804e+01
1.150000000000000000e+03,6.730000000000000000e+03,2.741899222447499938e+02,2.838974445488903484e+02,2.902283294865999324e+02,3.057251343540957009e+02,2.872005291326893825e+02,2.762876297997025290e+02,3.185576179082829640e+02,2.769731191937808603e+02,2.769553143880815469e+02,2.777037338632550245e+02,2.766093283968492074e+02,2.800705270362965393e+02,2.778191251781623237e+02,1.725694738560289552e+05,1.824493054167405859e+01,1.779253358895967452e+01
1.160000000000000000e+03,6.740000000000000000e+03,2.742348125946562050e+02,2.839494456216285698e+02,2.902155786036886980e+02,3.053444098727994742e+02,2.871442186268526484e+02,2.761854330528522041e+02,3.188991355053447023e+02,2.769709487281406837e+02,2.769540146051336933e+02,2.777796506660204159e+02,2.766566666814512701e+02,2.801480625751066782e+02,2.779037405398332226e+02,1.725725567227738793e+05,1.809502279853128925e+01,1.778673617141871333e+01
1.170000000000000000e+03,6.750000000000000000e+03,2.742797198972968431e+02,2.839995624479935259e+02,2.901995372093493302e+02,3.049577648161082948e+02,2.870852409218373964e+02,2.760821094370300557e+02,3.192331384378755956e+02,2.769664348530899929e+02,2.769503746014971739e+02,2.778546495466588908e+02,2.767036339199381700e+02,2.802248358814372295e+02,2.779874307822014998e+02,1.725741880843653926e+05,1.794325430643553787e+01,1.778011821685171867e+01
1.180000000000000000e+03,6.760000000000000000e+03,2.743246371430937529e+02,2.840477705120634937e+02,2.901801849486003562e+02,3.045652094823278730e+02,2.870235869232760706e+02,2.759776349764981660e+02,3.195595707750169368e+02,2.769595627659513184e+02,2.769443794932416267e+02,2.779287118212045016e+02,2.767502187244632523e+02,2.803008280060645347e+02,2.780701761414042039e+02,1.725743577835242613e+05,1.778964430819139153e+01,1.777267448714702169e+01
1.190000000000000000e+03,6.770000000000000000e+03,2.743695572477109863e+02,2.840940455677604177e+02,2.901575020283490858e+02,3.041667545022136210e+02,2.869592478904917243e+02,2.758719862448008371e+02,3.198783789067414887e+02,2.769503179837076914e+02,2.769360147136544583e+02,2.780018188428555277e+02,2.767964097053603609e+02,2.803760199839026654e+02,2.781519568757475440e+02,1.725730559074344346e+05,1.763421228008891717e+01,1.776440000573929723e+01
1.200000000000000000e+03,6.780000000000000000e+03,2.744144730537499868e+02,2.841383636457292141e+02,2.901314692165525457e+02,3.037624108439690644e+02,2.868922154374238858e+02,2.757651403601206539e+02,3.201895115075603826e+02,2.769386863444435676e+02,2.769252660151186660e+02,2.780739520057492769e+02,2.768421954803982317e+02,2.804503928440831260e+02,2.782327532727919106e+02,1.725702727875198470e+05,1.747697792943429818e+01,1.775529006067694127e+01
1.210000000000000000e+03,6.790000000000000000e+03,2.744593773336328013e+02,2.841807010600872445e+02,2.901020678424898733e+02,3.033521898182370364e+02,2.868224815333008451e+02,2.756570749790142827e+02,3.204929194994539330e+02,2.769246540087336257e+02,2.769121194714433614e+02,2.781450927520568825e+02,2.768875646779445105e+02,2.805239276142288531e+02,2.783125456565838363e+02,1.725659989990094618e+05,1.731796119205110429e+01,1.774534020728554395e+01
1.220000000000000000e+03,6.800000000000000000e+03,2.745042627899844092e+02,2.842210344144677947e+02,2.900692797952389128e+02,3.029361030833304653e+02,2.867500385041058735e+02,2.755477682921289215e+02,3.207885560139346239e+02,2.769082074610544169e+02,2.768965614789057099e+02,2.782152225799846974e+02,2.769325059401857061e+02,2.805966053322475773e+02,2.783913143941890667e+02,1.725602253604487632e+05,1.715718222975262464e+01,1.773454627080768020e+01
1.230000000000000000e+03,6.810000000000000000e+03,2.745491220589687487e+02,2.842593406099609297e+02,2.900330875200363607e+02,3.025141626505836712e+02,2.866748790310846289e+02,2.754371990186531889e+02,3.210763763518683618e+02,2.768893335116517846e+02,2.768785787576405824e+02,2.782843230493537590e+02,2.769770079288214220e+02,2.806684070538866536e+02,2.784690399136998167e+02,1.725529429333241424e+05,1.699466142778555167e+01,1.772290434854575381e+01
1.240000000000000000e+03,6.820000000000000000e+03,2.745939477116484682e+02,2.842955968428974529e+02,2.899934740263696540e+02,3.020863808889055804e+02,2.865969961576690253e+02,2.753253464017830083e+02,3.213563379494795527e+02,2.768680192976578383e+02,2.768581583541823079e+02,2.783523757911362964e+02,2.770210593300696473e+02,2.807393138602396334e+02,2.785457026762793475e+02,1.725441430214301799e+05,1.683041939224532157e+01,1.771041081230392322e+01
1.250000000000000000e+03,6.830000000000000000e+03,2.746387322563202815e+02,2.843297806193747306e+02,2.899504228738749134e+02,3.016527705302704589e+02,2.865163832819163190e+02,2.752121902036083156e+02,3.216284003319907470e+02,2.768442522847050782e+02,2.768352876418405799e+02,2.784193625128486929e+02,2.770646488553458084e+02,2.808093068659723031e+02,2.786212832328503737e+02,1.725338171703334665e+05,1.666447694746343799e+01,1.769706230980724015e+01
1.260000000000000000e+03,6.840000000000000000e+03,2.746834681405780998e+02,2.843618697582559207e+02,2.899039181790828366e+02,3.012133446744284129e+02,2.864330341619687488e+02,2.750977107004657682e+02,3.218925250774536835e+02,2.768180202683403195e+02,2.768099543223730166e+02,2.784852650050975171e+02,2.771077652479149265e+02,2.808783672287991635e+02,2.786957621990504776e+02,1.725219571667488490e+05,1.649685513336717335e+01,1.768285576649027391e+01
1.270000000000000000e+03,6.850000000000000000e+03,2.747281477535000249e+02,2.843918423944958249e+02,2.898539446130541251e+02,3.007681167949737073e+02,2.863469429152365819e+02,2.749818886785127461e+02,3.221486757758523254e+02,2.767893113750438943e+02,2.767821464271224272e+02,2.785500651503516565e+02,2.771503972860289764e+02,2.809464761528781196e+02,2.787691202702488908e+02,1.725085550378592743e+05,1.632757520281188945e+01,1.766778838691610076e+01
1.280000000000000000e+03,6.860000000000000000e+03,2.747727634278906521e+02,2.844196769877466977e+02,2.898004873980265756e+02,3.003171007430551072e+02,2.862581040190820545e+02,2.748647054288311438e+02,3.223968179876231943e+02,2.767581140635791712e+02,2.767518523184164678e+02,2.786137449280801093e+02,2.771925337870536623e+02,2.810136149033617698e+02,2.788413382281279382e+02,1.724936030506479437e+05,1.615665861888638943e+01,1.765185765582525335e+01
1.290000000000000000e+03,6.870000000000000000e+03,2.748173074427969027e+02,2.844453523187991664e+02,2.897435323071917423e+02,2.998603107537969095e+02,2.861665123105676116e+02,2.747461427432716619e+02,3.226369192030794011e+02,2.767244171256245409e+02,2.767190606902846639e+02,2.786762864224630221e+02,2.772341636117720327e+02,2.810797648139237026e+02,2.789123969485927432e+02,1.724770937111581443e+05,1.598412705219157459e+01,1.763506133909522333e+01
1.300000000000000000e+03,6.880000000000000000e+03,2.748617720250780962e+02,2.844688475083356707e+02,2.896830656618739681e+02,2.993977614502789493e+02,2.860721629871059122e+02,2.746261829097095983e+02,3.228689488011331150e+02,2.766882096877435515e+02,2.766837605695010893e+02,2.787376718286615187e+02,2.772752756674552188e+02,2.811449072880476479e+02,2.789822774085318997e+02,1.724590197636795638e+05,1.581000237809284670e+01,1.761739748440410835e+01
1.310000000000000000e+03,6.890000000000000000e+03,2.749061493523281001e+02,2.844901420092731428e+02,2.896190743316744260e+02,2.989294678503757723e+02,2.859750516063602390e+02,2.745048087079950392e+02,3.230928780077710485e+02,2.766494812099882665e+02,2.766459413164568559e+02,2.787978834595954822e+02,2.773158589124702758e+02,2.812090238127643715e+02,2.790509606916226630e+02,1.724393741899701417e+05,1.563430667394650797e+01,1.759886442169123200e+01
1.320000000000000000e+03,6.900000000000000000e+03,2.749504315551719174e+02,2.845092156225769031e+02,2.895515457305734799e+02,2.984554453705982837e+02,2.858751740862783777e+02,2.743820034058977626e+02,3.233086798546993350e+02,2.766082214897791687e+02,2.766055926222463199e+02,2.788569037529690036e+02,2.773559023596421298e+02,2.812720959644680647e+02,2.791184279970140096e+02,1.724181502084841777e+05,1.545706221630055843e+01,1.757946076331079865e+01
1.330000000000000000e+03,6.910000000000000000e+03,2.749946107192734530e+02,2.845260484748824865e+02,2.894804678159869127e+02,2.979757098317912778e+02,2.857725267051453670e+02,2.742577507544815489e+02,3.235163291376176176e+02,2.765644206602926829e+02,2.765627045240728989e+02,2.789147152767469038e+02,2.773953950798181722e+02,2.813341054170279563e+02,2.791846606434655769e+02,1.723953412733951700e+05,1.527829147807025478e+01,1.755918540437858866e+01
1.340000000000000000e+03,6.920000000000000000e+03,2.750386788879530968e+02,2.845406210612656537e+02,2.894058290863981142e+02,2.974902774643356906e+02,2.856671061012596624e+02,2.741320349841583379e+02,3.237158023749914264e+02,2.765180691918797038e+02,2.765172673841684059e+02,2.789713007364733244e+02,2.774343262065236217e+02,2.813950339496266224e+02,2.792496400785502146e+02,1.723709410737893195e+05,1.509801712568872745e+01,1.753803752209914890e+01
1.350000000000000000e+03,6.930000000000000000e+03,2.750826280644140525e+02,2.845529142236962912e+02,2.893276185797102471e+02,2.969991649136192109e+02,2.855589092729006779e+02,2.740048408007693297e+02,3.239070777663329181e+02,2.764691578925448994e+02,2.764692719045947342e+02,2.790266429812287470e+02,2.774726849379028408e+02,2.814548634538675174e+02,2.793133478838659016e+02,1.723449435327353422e+05,1.491626201623313364e+01,1.751601657560651404e+01
1.360000000000000000e+03,6.940000000000000000e+03,2.751264502149062423e+02,2.845629091641286550e+02,2.892458258705252092e+02,2.965023892450172411e+02,2.854479335780002316e+02,2.738761533812856896e+02,3.240901351508612152e+02,2.764176779083554152e+02,2.764187091222076447e+02,2.790807250097245173e+02,2.775104605415949095e+02,2.815135759416235715e+02,2.793757657819300562e+02,1.723173428063660394e+05,1.473304919452656314e+01,1.749312230525815437e+01
1.370000000000000000e+03,6.950000000000000000e+03,2.751701372697343686e+02,2.845705874401669462e+02,2.891604410682411981e+02,2.959999679494565044e+02,2.853341767342846538e+02,2.737459583701834163e+02,3.242649559665165953e+02,2.763636207235321081e+02,2.763655704136468216e+02,2.791335299762911291e+02,2.775476423576348566e+02,2.815711535519664608e+02,2.794368756421167745e+02,1.722881332828624290e+05,1.454840189021619778e+01,1.746935473190067967e+01
1.380000000000000000e+03,6.960000000000000000e+03,2.752136811269531336e+02,2.845759309755699746e+02,2.890714548146099787e+02,2.954919189486963091e+02,2.852176368177899803e+02,2.736142418748096361e+02,3.244315232087438972e+02,2.763069781613332907e+02,2.763098474920838044e+02,2.791850411971414587e+02,2.775842198020640694e+02,2.816275785585892208e+02,2.794966594871507937e+02,1.722573095815305132e+05,1.436234351482799099e+01,1.744471415580891360e+01
1.390000000000000000e+03,6.970000000000000000e+03,2.752570736542734267e+02,2.845789220610303119e+02,2.889788582839624382e+02,2.949782606009409278e+02,2.850983122633825246e+02,2.734809904650722956e+02,3.245898213900499627e+02,2.762477423837535753e+02,2.762515324022052710e+02,2.792352421560928519e+02,2.776201823699212241e+02,2.816828333767941785e+02,2.795550994994724761e+02,1.722248665518233320e+05,1.417489765879831509e+01,1.741920115536321134e+01
1.400000000000000000e+03,6.980000000000000000e+03,2.753003066917891033e+02,2.845795433573571245e+02,2.888826431720935943e+02,2.944590117050778417e+02,2.849762018638486438e+02,2.733461911611028654e+02,3.247398364990644382e+02,2.761859058917540324e+02,2.761906175402505710e+02,2.792841165102797731e+02,2.776555196391292952e+02,2.817369005704149458e+02,2.796121780271607804e+02,1.721907992722742783e+05,1.398608808848292995e+01,1.739281658588508606e+01
1.410000000000000000e+03,6.990000000000000000e+03,2.753433770680391035e+02,2.845779343904000598e+02,2.887863995024050610e+02,2.939493229855997356e+02,2.848704075302364913e+02,2.732118143175854357e+02,3.248835266846760987e+02,2.761239381407777387e+02,2.761295722518747198e+02,2.793317044606210402e+02,2.776902719883995587e+02,2.817898207858914930e+02,2.796679339704293170e+02,1.721574981699798082e+05,1.403767156681603367e+01,1.736778239308661398e+01
1.420000000000000000e+03,7.000000000000000000e+03,2.753862844857421806e+02,2.845742630945683800e+02,2.886922950036907878e+02,2.934520311155242780e+02,2.847844893399571902e+02,2.730786894387440498e+02,3.250217070951147207e+02,2.760626086363416789e+02,2.760691659421825648e+02,2.793780577677176780e+02,2.777244876769579491e+02,2.818416470810395822e+02,2.797224178174154758e+02,1.721256006256036926e+05,1.415446847720170709e+01,1.734422354224923168e+01
1.430000000000000000e+03,7.010000000000000000e+03,2.754290295763203176e+02,2.845686896941891177e+02,2.886010347151228643e+02,2.929660602615555263e+02,2.847170678194862603e+02,2.729470844840868722e+02,3.251546322282387109e+02,2.760020177227782483e+02,2.760094988562058234e+02,2.794232233414754774e+02,2.777582080262378668e+02,2.818924273072492497e+02,2.797756752417147368e+02,1.720950812104503857e+05,1.426990426352803176e+01,1.732184641915619494e+01
1.440000000000000000e+03,7.020000000000000000e+03,2.754716133262187441e+02,2.845613709681546197e+02,2.885128350971036753e+02,2.924907528967248140e+02,2.846672879798286999e+02,2.728171825688243075e+02,3.252824724805957430e+02,2.759422464540919009e+02,2.759506519415953107e+02,2.794672445001239112e+02,2.777914692535734957e+02,2.819422049950229621e+02,2.798277483641008985e+02,1.720659154650316632e+05,1.438396428963274687e+01,1.730053947873890152e+01
1.450000000000000000e+03,7.030000000000000000e+03,2.755140368930937598e+02,2.845524595756292001e+02,2.884277445636876678e+02,2.920256292934259363e+02,2.846345145098287048e+02,2.726891143251725680e+02,3.254053464955910613e+02,2.758833589753214142e+02,2.758926892374322506e+02,2.795101620536218547e+02,2.778243039721823493e+02,2.819910205029208896e+02,2.798786768374735061e+02,1.720380793626770028e+05,1.449663409378692158e+01,1.728024497802119086e+01
1.460000000000000000e+03,7.040000000000000000e+03,2.755563015428047038e+02,2.845421028029921899e+02,2.883457513199641085e+02,2.915702974549522537e+02,2.846182177261908350e+02,2.725629760052355550e+02,3.255233392916068169e+02,2.758254064738837315e+02,2.758356618106761857e+02,2.795520149639901888e+02,2.778567421262958419e+02,2.820389118089609610e+02,2.799284985076407111e+02,1.720115491384874040e+05,1.460789939052858699e+01,1.726092245809508086e+01
1.470000000000000000e+03,7.050000000000000000e+03,2.755984086249844154e+02,2.845304416740547140e+02,2.882668210465423044e+02,2.911244161502677343e+02,2.846179269707002391e+02,2.724388400387665570e+02,3.256365128370945285e+02,2.757684303432349679e+02,2.757796109403881246e+02,2.795928407465169130e+02,2.778888115665603777e+02,2.820859150253337475e+02,2.799772498152932485e+02,1.719863012272465276e+05,1.471774607247397881e+01,1.724253784399268241e+01
1.480000000000000000e+03,7.060000000000000000e+03,2.756403595621953286e+02,2.845176105098248627e+02,2.881909105637298580e+02,2.906876779003582101e+02,2.846332093623208266e+02,2.723167615831535500e+02,3.257449126120935716e+02,2.757124644653299583e+02,2.757245703906959875e+02,2.796326757222047945e+02,2.779205384186948322e+02,2.821320647245593136e+02,2.800249660484838046e+02,1.719623122358848923e+05,1.482616021210622392e+01,1.722505999285093026e+01
1.490000000000000000e+03,7.070000000000000000e+03,2.756821558447421694e+02,2.845037367660927998e+02,2.881179729966645482e+02,2.902598000795196640e+02,2.846636588573682047e+02,2.721967828364749948e+02,3.258485719321816987e+02,2.756575367947246491e+02,2.756705679968287086e+02,2.796715551807192810e+02,2.779519473272163168e+02,2.821773941617813648e+02,2.800716815042109715e+02,1.719395589277918916e+05,1.493312806354123090e+01,1.720845951399462237e+01
1.500000000000000000e+03,7.080000000000000000e+03,2.757237990265312533e+02,2.844889410720310252e+02,2.880479597950669586e+02,2.898405196540046518e+02,2.847088899074319670e+02,2.720789360302228488e+02,3.259475149422299864e+02,2.756036704774172676e+02,2.756176267865107548e+02,2.797095134827566199e+02,2.779830616262045169e+02,2.822219354240530720e+02,2.801174295927460776e+02,1.719180182115917269e+05,1.503863606427051636e+01,1.719270832142537131e+01
1.510000000000000000e+03,7.090000000000000000e+03,2.757652907215312439e+02,2.844733373807542876e+02,2.879808215578337354e+02,2.894295897345056119e+02,2.847685333910892496e+02,2.719632455812768512e+02,3.260417587653057012e+02,2.755508846610009073e+02,2.755657657885006415e+02,2.797465841311218355e+02,2.780139034608698694e+02,2.822657195342296745e+02,2.801622429059199817e+02,1.718976671318724402e+05,1.514267083688081605e+01,1.717777943646140670e+01
1.520000000000000000e+03,7.100000000000000000e+03,2.758066326014921970e+02,2.844570331878903175e+02,2.879165083897928525e+02,2.890267771347227495e+02,2.848422337940901343e+02,2.718497296846553581e+02,3.261313150870684012e+02,2.754991950886973768e+02,2.755150006388881252e+02,2.797827998138909038e+02,2.780444938798945600e+02,2.823087765260819992e+02,2.802061532617008197e+02,1.718784828611752600e+05,1.524521919075021970e+01,1.716364688157857898e+01
1.530000000000000000e+03,7.110000000000000000e+03,2.758478263919453184e+02,2.844401297871417000e+02,2.878549700445019539e+02,2.886318605478177233e+02,2.849296471368232915e+02,2.717384014947580226e+02,3.262161913447563961e+02,2.754486146056639768e+02,2.754653440441784369e+02,2.798181924355021692e+02,2.780748529057133851e+02,2.823511354989144024e+02,2.802491917336755591e+02,1.718604426924433792e+05,1.534626812372058957e+01,1.715028561036405819e+01
1.540000000000000000e+03,7.120000000000000000e+03,2.758888738693515279e+02,2.844227225176767888e+02,2.877961560369194558e+02,2.882446291319167244e+02,2.850304393979055249e+02,2.716292700635686401e+02,3.262963916329548510e+02,2.753991534558150533e+02,2.754168061465979918e+02,2.798527931575970342e+02,2.781049995908489336e+02,2.823928246586660293e+02,2.802913886697285193e+02,1.718435240321987658e+05,1.544580482374614760e+01,1.713767145136846182e+01
1.550000000000000000e+03,7.130000000000000000e+03,2.759297768581328114e+02,2.844049011445149517e+02,2.877400156704993037e+02,2.878648813805024247e+02,2.851442852712851845e+02,2.715223410308009306e+02,3.263719173997083658e+02,2.753508196262775414e+02,2.753693948173699937e+02,2.798866323239924441e+02,2.781349520704211500e+02,2.824338713520031661e+02,2.803327737064362850e+02,1.718277043942398159e+05,1.554381667051789684e+01,1.712578106064508887e+01
1.560000000000000000e+03,7.140000000000000000e+03,2.759705372268671795e+02,2.843867499790716238e+02,2.876864980783444139e+02,2.874924242037603790e+02,2.852708671698236458e+02,2.714176171794981656e+02,3.264427679875049080e+02,2.753036190693225080e+02,2.753231158974282948e+02,2.799197396044635298e+02,2.781647275975429920e+02,2.824743020904392097e+02,2.803733757785503826e+02,1.718129613936445094e+05,1.564029123706375302e+01,1.711459187771994550e+01
1.570000000000000000e+03,7.150000000000000000e+03,2.760111568856249846e+02,2.843683482378782514e+02,2.876355522603428199e+02,2.871270721668006445e+02,2.854098744180237759e+02,2.713150988697033767e+02,3.265089410613691712e+02,2.752575559055047734e+02,2.752779733983658161e+02,2.799521439160130853e+02,2.781943425841213866e+02,2.825141425803197421e+02,2.804132230918776827e+02,1.717992727414272085e+05,1.573521629132418909e+01,1.710408208510698813e+01
1.580000000000000000e+03,7.160000000000000000e+03,2.760516377825546783e+02,2.843497703055504644e+02,2.875871270665081170e+02,2.867686468532920117e+02,2.855610025527359994e+02,2.712147843828315672e+02,3.265704329195431228e+02,2.752126325907842102e+02,2.752339696648239169e+02,2.799838734500141868e+02,2.782238126344033731e+02,2.825534177345202806e+02,2.804523432754792793e+02,1.717866162393092527e+05,1.582857979770312795e+01,1.709423056775266758e+01
1.590000000000000000e+03,7.170000000000000000e+03,2.760919819000624784e+02,2.843310859484531079e+02,2.875411712846704972e+02,2.864169763186881710e+02,2.857239527973915756e+02,2.711166701975025717e+02,3.266272387904300558e+02,2.751688500601999294e+02,2.751911055251669609e+02,2.800149556795047374e+02,2.782531525771776160e+02,2.825921516980074557e+02,2.804907631543681532e+02,1.717749697751404019e+05,1.592036991859393602e+01,1.708501687880399800e+01
1.600000000000000000e+03,7.180000000000000000e+03,2.761321912527968720e+02,2.843123605616582381e+02,2.874976336117076698e+02,2.860718946284830508e+02,2.858984315585084914e+02,2.710207512104273064e+02,3.266793530204674312e+02,2.751262078498184565e+02,2.751493804103828893e+02,2.800454173656887633e+02,2.782823764954114267e+02,2.826303678623788755e+02,2.805285089238369096e+02,1.717643113185733091e+05,1.601057501588034526e+01,1.707642120337447267e+01
1.610000000000000000e+03,7.190000000000000000e+03,2.761722678833202735e+02,2.842936553851269537e+02,2.874564626880649030e+02,2.857332414492544217e+02,2.860841500235914054e+02,2.709270209174936213e+02,3.267267692482201369e+02,2.750847042037539723e+02,2.751087924613201494e+02,2.800752845644842637e+02,2.783114977544384487e+02,2.826680888849927555e+02,2.805656061092739151e+02,1.717546189170006837e+05,1.609918365241202665e+01,1.706842432549181154e+01
1.620000000000000000e+03,7.200000000000000000e+03,2.762122138596093919e+02,2.842750277151058071e+02,2.874176071149028644e+02,2.854008616943432344e+02,2.862808238098242555e+02,2.708354715609759751e+02,3.267694805396704396e+02,2.750443361668088755e+02,2.750693386212365681e+02,2.801045826336475670e+02,2.783405290307717905e+02,2.827053367046165704e+02,2.806020795716192993e+02,1.717458706919748802e+05,1.618618459345472615e+01,1.706100759647933529e+01
1.630000000000000000e+03,7.210000000000000000e+03,2.762520312721171649e+02,2.842565310994089032e+02,2.873810154685431257e+02,2.850746052137058086e+02,2.864881726587589696e+02,2.707460942513758368e+02,3.268074794990695864e+02,2.750050996661730096e+02,2.750310147168955837e+02,2.801333362398147528e+02,2.783694823374225962e+02,2.827421325576289064e+02,2.806379535146005537e+02,1.717380448358809808e+05,1.627156680811472711e+01,1.705415290492263480e+01
1.640000000000000000e+03,7.220000000000000000e+03,2.762917222304608913e+02,2.842382155229528280e+02,2.873466363200558362e+02,2.847543265064689422e+02,2.867059201689681913e+02,2.706588790689362440e+02,3.268407583583419296e+02,2.749669895840629579e+02,2.749938155307733041e+02,2.801615693661723299e+02,2.783983690498504870e+02,2.827784969938276163e+02,2.806732514917514436e+02,1.717311196088135475e+05,1.635531947073745940e+01,1.704784264793626392e+01
1.650000000000000000e+03,7.230000000000000000e+03,2.763312888608905951e+02,2.842201275799583868e+02,2.873144182444085573e+02,2.844398844732590419e+02,2.869337935628657306e+02,2.705738151493827672e+02,3.268693090512074946e+02,2.749299998209191926e+02,2.749577348717664336e+02,2.801893053199884775e+02,2.784271999301600999e+02,2.828144498918121599e+02,2.807079964129575274e+02,1.717250733359473816e+05,1.643743196228007619e+01,1.704205970407888771e+01
1.660000000000000000e+03,7.240000000000000000e+03,2.763707333032187421e+02,2.842023106388473934e+02,2.872843098396093069e+02,2.841311421876707186e+02,2.871715234783616779e+02,2.704908907558817077e+02,3.268931232745518400e+02,2.748941233557890200e+02,2.749227656222359428e+02,2.802165667408850140e+02,2.784559851512875639e+02,2.828500104739250105e+02,2.807422105520440141e+02,1.717198844049893960e+05,1.651789387165786493e+01,1.703678740717587559e+01
1.670000000000000000e+03,7.250000000000000000e+03,2.764100577082421637e+02,2.841848049993291170e+02,2.872562597341836863e+02,2.838279666902725467e+02,2.874188437851497611e+02,2.704100933410345533e+02,3.269121925382765994e+02,2.748593522960958353e+02,2.748888997975891471e+02,2.802433756090852057e+02,2.784847343190936044e+02,2.828851973211345694e+02,2.807759155543321867e+02,1.717155312639700714e+05,1.659669499706427587e+01,1.703200952163233239e+01
1.680000000000000000e+03,7.260000000000000000e+03,2.764492642352734606e+02,2.841676480324811678e+02,2.872302166019309198e+02,2.835302287962416017e+02,2.876754914212439758e+02,2.703314096008305114e+02,3.269265082087118799e+02,2.748256779261237170e+02,2.748561285916920269e+02,2.802697532537678740e+02,2.785134564952884375e+02,2.829200283872661430e+02,2.808091324440815697e+02,1.717119924193259212e+05,1.667382534726439403e+01,1.702771021887555492e+01
1.690000000000000000e+03,7.270000000000000000e+03,2.764883550490390007e+02,2.841508743225638227e+02,2.872061291700380821e+02,2.832378029200471019e+02,2.879412062459184085e+02,2.702548255203736858e+02,3.269360615437627757e+02,2.747930907502918672e+02,2.748244424211454771e+02,2.802957203611662180e+02,2.785421602174336613e+02,2.829545210176522119e+02,2.808418816326042133e+02,1.717092464341049199e+05,1.674927514286174812e+01,1.702387405477871596e+01
1.700000000000000000e+03,7.280000000000000000e+03,2.765273323176327835e+02,2.841345157939440469e+02,2.871839462349851715e+02,2.829505669169788007e+02,2.882157309081941889e+02,2.701803264177753476e+02,3.269408437240002741e+02,2.747615805323385416e+02,2.747938309631835523e+02,2.803212969840320739e+02,2.785708535195546460e+02,2.829886919456063197e+02,2.808741829257712652e+02,1.717072719265268533e+05,1.682303481753825025e+01,1.702048594837213713e+01
1.710000000000000000e+03,7.290000000000000000e+03,2.765661982100702971e+02,2.841186018343112210e+02,2.871636166644948389e+02,2.826684019274263164e+02,2.884988107288065180e+02,2.701078969769646392e+02,3.269408458782633602e+02,2.747311363324139393e+02,2.747642831935739309e+02,2.803465025496357725e+02,2.785995439519003867e+02,2.830225573319976320e+02,2.809060555321780157e+02,1.717060475686958525e+05,1.689509501926709945e+01,1.701753116119290965e+01
1.720000000000000000e+03,7.300000000000000000e+03,2.766049548933203255e+02,2.841031594105866134e+02,2.871450894111496268e+02,2.823911922405483210e+02,2.887901935938535871e+02,2.700375212827682958e+02,3.269360591055498162e+02,2.747017465405068606e+02,2.747357874200656056e+02,2.803713558686933993e+02,2.786282385989090926e+02,2.830561327599020842e+02,2.809375180707119171e+02,1.717055520854315546e+05,1.696544661149853894e+01,1.701499527783123256e+01
1.730000000000000000e+03,7.310000000000000000e+03,2.766431664633203695e+02,2.840838583388261895e+02,2.869232111070247129e+02,2.820684471877470969e+02,2.884260535532456515e+02,2.699573493929177630e+02,3.253186598666320606e+02,2.745999267099449526e+02,2.746348591180708354e+02,2.803924170148316648e+02,2.786534433991191690e+02,2.830853044578152549e+02,2.809651279321949460e+02,1.715712461322458694e+05,3.419248190289977174e+00,1.684983596706853959e+01
1.740000000000000000e+03,7.320000000000000000e+03,2.766807070507343838e+02,2.840585260795312479e+02,2.866348776762434909e+02,2.817402312187554685e+02,2.880986340306407669e+02,2.698715856891762996e+02,3.238437343562700335e+02,2.744856575031726607e+02,2.745214785902170433e+02,2.804098500898003294e+02,2.786754797110143613e+02,2.831101955836617776e+02,2.809890463853785150e+02,1.714382315717290912e+05,3.419248190289977174e+00,1.672070020034147575e+01
1.750000000000000000e+03,7.330000000000000000e+03,2.767175381655624733e+02,2.840262039820231621e+02,2.863252852814266589e+02,2.814085627829222176e+02,2.877856760093399657e+02,2.697822145197371810e+02,3.224502337089088542e+02,2.743631407810306655e+02,2.743998476497137062e+02,2.804238701371857587e+02,2.786946887181461534e+02,2.831310818787979429e+02,2.810094853816198111e+02,1.713063844082192518e+05,3.419248190289977174e+00,1.660396167664935518e+01
1.760000000000000000e+03,7.340000000000000000e+03,2.767536476245937251e+02,2.839865765760358727e+02,2.860095875496469944e+02,2.810749830263676472e+02,2.874794902322150278e+02,2.696901491747028672e+02,3.211141678034043707e+02,2.742346680636469500e+02,2.742722578901216934e+02,2.804346512956216770e+02,2.787113261686207579e+02,2.831481998055899112e+02,2.810266158739341904e+02,1.711756466134108487e+05,3.419248190289977174e+00,1.649302536689088328e+01
1.770000000000000000e+03,7.350000000000000000e+03,2.767890318169062311e+02,2.839396591454525378e+02,2.856930450872699794e+02,2.807406020002567288e+02,2.871773434596190100e+02,2.695958178210692040e+02,3.198246658849652704e+02,2.741015869400364409e+02,2.741400569512219931e+02,2.804423320346783157e+02,2.787255852067686419e+02,2.831617405207241518e+02,2.810405731683964632e+02,1.710459802819305914e+05,3.419248190289977174e+00,1.638587941074813159e+01
1.780000000000000000e+03,7.360000000000000000e+03,2.768236901576406126e+02,2.838856336591913987e+02,2.853775433571361191e+02,2.804062180047207562e+02,2.868782482267613432e+02,2.694994283937536466e+02,3.185758751681163972e+02,2.739647601932957741e+02,2.740041074656783735e+02,2.804470258913913199e+02,2.787376191259769485e+02,2.831718624032836829e+02,2.810514676747318958e+02,1.709173546641214052e+05,3.419248190289977174e+00,1.628180834664864207e+01
1.790000000000000000e+03,7.370000000000000000e+03,2.768576232301874711e+02,2.838247635770455872e+02,2.850637729313046975e+02,2.800724108295152064e+02,2.865818503415714531e+02,2.694010893087061049e+02,3.173640728884478222e+02,2.738247841837177248e+02,2.738650057267170723e+02,2.804488295061167378e+02,2.787475554422143773e+02,2.831787013022697010e+02,2.810593929842312946e+02,1.707897422513869824e+05,3.419248190289977174e+00,1.618048810651600178e+01
1.800000000000000000e+03,7.380000000000000000e+03,2.768908321266718531e+02,2.837573493664951343e+02,2.847519862700302724e+02,2.797396061331379542e+02,2.862880277444692183e+02,2.693008655478254809e+02,3.161865604506920135e+02,2.736820982775273592e+02,2.737231909801709548e+02,2.804478279958447047e+02,2.787555041347266638e+02,2.831823772799607468e+02,2.810644312476503615e+02,1.706631174785380135e+05,3.419248190289977174e+00,1.608172435812623746e+01
1.810000000000000000e+03,7.390000000000000000e+03,2.769233182056563010e+02,2.836837049544066076e+02,2.844422707888062405e+02,2.794081187154115469e+02,2.859967408977702235e+02,2.691988050609812717e+02,3.150412008803111803e+02,2.735370428181192892e+02,2.735790033351868829e+02,2.804440984880060910e+02,2.787615626235706259e+02,2.831829989791806383e+02,2.810666567077320224e+02,1.705374562301855185e+05,3.419248190289977174e+00,1.598537212740895441e+01
1.820000000000000000e+03,7.400000000000000000e+03,2.769550830029452868e+02,2.836041450202890815e+02,2.841346504602905725e+02,2.790781830727414672e+02,2.857079759222768303e+02,2.690949511199924018e+02,3.139262045530122691e+02,2.733898916122946048e+02,2.734327163623513002e+02,2.804377124387851268e+02,2.787658189245283893e+02,2.831806665025978305e+02,2.810661380258016493e+02,1.704127356131329434e+05,3.419248190289977174e+00,1.589130919472745518e+01
1.830000000000000000e+03,7.410000000000000000e+03,2.769861281996718958e+02,2.835189781077757516e+02,2.838291252826447817e+02,2.787499735664401896e+02,2.854217232123776284e+02,2.689893478587107438e+02,3.128400187724904526e+02,2.732408717120794677e+02,2.732845565796566234e+02,2.804287371705007672e+02,2.787683537305430264e+02,2.831754733460541047e+02,2.810629398168724720e+02,1.702889338257905911e+05,3.419248190289977174e+00,1.579942641227580857e+01
1.840000000000000000e+03,7.420000000000000000e+03,2.770164556103828204e+02,2.834285028484407576e+02,2.835256847959097968e+02,2.784236232129036921e+02,2.851379699767194325e+02,2.688820423605626502e+02,3.117812647522023326e+02,2.730901746120364351e+02,2.731347157298481534e+02,2.804172368897253023e+02,2.787692418249575894e+02,2.831675077554041309e+02,2.810571236706280160e+02,1.701660300661477377e+05,3.419248190289977174e+00,1.570962380239646805e+01
1.850000000000000000e+03,7.430000000000000000e+03,2.770460671808906454e+02,2.833330060393151371e+02,2.832243165043619229e+02,2.780992293592394731e+02,2.848566982707927764e+02,2.687730851966854289e+02,3.107486984181350635e+02,2.729379659128173898e+02,2.729833589291407634e+02,2.804032733637637875e+02,2.787685530678235182e+02,2.831568536395417368e+02,2.810487488287827205e+02,1.700440044599138200e+05,3.419248190289977174e+00,1.562180861754790229e+01
1.860000000000000000e+03,7.440000000000000000e+03,2.770749649863827813e+02,2.832327617461927503e+02,2.829250063904572698e+02,2.777768651487049851e+02,2.845778851220521801e+02,2.686625301193786299e+02,3.097411842058475031e+02,2.727843900460929376e+02,2.728306303151103975e+02,2.803869063670716741e+02,2.787663530943449359e+02,2.831435912262199395e+02,2.810378726306736326e+02,1.699228379979122838e+05,3.419248190289977174e+00,1.553589433319725366e+01
1.870000000000000000e+03,7.450000000000000000e+03,2.771031512301718749e+02,2.831280310255696691e+02,2.826277401517056660e+02,2.774565845868222027e+02,2.843015033603812753e+02,2.685504334311199273e+02,3.087576765547952391e+02,2.726295745158531076e+02,2.726766571151313201e+02,2.803681939764689446e+02,2.787627038312317040e+02,2.831277975250707755e+02,2.810245508105999193e+02,1.698025124810365087e+05,3.419248190289977174e+00,1.545179995042854948e+01
1.880000000000000000e+03,7.460000000000000000e+03,2.771306282485077759e+02,2.830190620483222688e+02,2.823325034187877236e+02,2.771384269126970707e+02,2.840275225898157032e+02,2.684368532589616052e+02,3.077972062631091035e+02,2.724736329380836537e+02,2.725215526733322235e+02,2.803471927682793421e+02,2.787576638486430056e+02,2.831095466660204920e+02,2.810088376944378865e+02,1.696830104701015225e+05,3.419248190289977174e+00,1.536944947619089774e+01
1.890000000000000000e+03,7.470000000000000000e+03,2.771573985001406299e+02,2.829060904146484745e+02,2.820392817701643935e+02,2.768224198887378407e+02,2.837559100881535414e+02,2.683218488500199328e+02,3.068588700802340554e+02,2.723166673545711660e+02,2.723654187640918281e+02,2.803239579475851997e+02,2.787512886876900211e+02,2.830889101467516866e+02,2.809907863303811837e+02,1.695643152400215913e+05,3.419248190289977174e+00,1.528877149996755946e+01
1.900000000000000000e+03,7.480000000000000000e+03,2.771834645682500309e+02,2.827893396276350586e+02,2.817480606850151048e+02,2.765085822907097395e+02,2.834866315649359194e+02,2.682054799400959837e+02,3.059418225475290569e+02,2.721587700412790127e+02,2.722083473998583258e+02,2.802985434369800828e+02,2.787436310714905403e+02,2.830659570233345903e+02,2.809704485765442996e+02,1.694464107376708998e+05,3.419248190289977174e+00,1.520969883085174246e+01
1.910000000000000000e+03,7.490000000000000000e+03,2.772088291556719355e+02,2.826690216302285421e+02,2.814588254920478221e+02,2.761969258070229216e+02,2.832196517719090707e+02,2.680878062138936002e+02,3.050452694538209926e+02,2.720000249449429930e+02,2.720504222664389431e+02,2.802710019362406229e+02,2.787347410971021873e+02,2.830407540593220119e+02,2.809478751603480760e+02,1.693292815427712630e+05,3.419248190289977174e+00,1.513216817698179462e+01
1.920000000000000000e+03,7.500000000000000000e+03,2.772334950821640973e+02,2.825453373622930258e+02,2.811715613285764448e+02,2.758874564961332680e+02,2.829549349775003293e+02,2.679688868667564066e+02,3.041684624849206102e+02,2.718405088450482481e+02,2.718917198848544103e+02,2.802413849659617995e+02,2.787246663973179466e+02,2.830133658471731337e+02,2.809231157229704650e+02,1.692129128319364390e+05,3.419248190289977174e+00,1.505611985836844369e+01
1.930000000000000000e+03,7.510000000000000000e+03,2.772574652783594047e+02,2.824184773539437288e+02,2.808862531212296858e+02,2.755801759150955377e+02,2.826924453310023182e+02,2.678487802451058997e+02,3.033106947764530332e+02,2.716802922926950714e+02,2.717323105583538450e+02,2.802097428992258301e+02,2.787134522805807251e+02,2.829838549109078372e+02,2.808962188488598031e+02,1.690972903450242884e+05,3.419248190289977174e+00,1.498149754631696950e+01
1.940000000000000000e+03,7.520000000000000000e+03,2.772807427818359542e+02,2.822886222726914411e+02,2.806028855777568651e+02,2.752750819994408289e+02,2.824321471351586297e+02,2.677275435718204903e+02,3.024712971652947999e+02,2.715194404018743626e+02,2.715722591497349185e+02,2.801761249871979089e+02,2.787011418566040675e+02,2.829522817949455202e+02,2.808672320920488232e+02,1.689824003540441627e+05,3.419248190289977174e+00,1.490824802668866766e+01
1.950000000000000000e+03,7.530000000000000000e+03,2.773033307315937463e+02,2.821559434919339537e+02,2.803214431898609291e+02,2.749721697536877514e+02,2.821740050442197116e+02,2.676052327416900312e+02,3.016496349870300264e+02,2.713580134883829942e+02,2.714116257338192213e+02,2.801405793823770409e+02,2.786877761512357665e+02,2.829187051411382754e+02,2.808362019972157668e+02,1.688682296341886686e+05,3.419248190289977174e+00,1.483632098313731618e+01
1.960000000000000000e+03,7.540000000000000000e+03,2.773252323627343685e+02,2.820206036013047424e+02,2.800419102487424539e+02,2.746714317966276440e+02,2.819179842108609364e+02,2.674819021638746790e+02,3.008451053115115883e+02,2.711960676208425411e+02,2.712504661390234446e+02,2.801031531560556687e+02,2.786733942140896261e+02,2.828831817643455793e+02,2.808031741185341161e+02,1.687547654368109070e+05,3.419248190289977174e+00,1.476566879862626003e+01
1.970000000000000000e+03,7.550000000000000000e+03,2.773464510011875177e+02,2.818827569144485778e+02,2.797642708575766051e+02,2.743728587954115028e+02,2.816640503842419321e+02,2.673576046575874443e+02,3.000571345312470157e+02,2.710336550785422673e+02,2.710888324136545293e+02,2.800638923205758033e+02,2.786580332160310718e+02,2.828457667188181972e+02,2.807681930373478281e+02,1.686419954642789089e+05,3.419248190289977174e+00,1.469624637318440463e+01
1.980000000000000000e+03,7.560000000000000000e+03,2.773669900581406296e+02,2.817425499396325108e+02,2.794885089629111121e+02,2.740764398133582631e+02,2.814121699845544526e+02,2.672323913828319633e+02,2.992851762402417535e+02,2.708708247373235736e+02,2.709267732022572091e+02,2.800228418457517705e+02,2.786417285442735761e+02,2.828065133599355363e+02,2.807313023803297369e+02,1.685299078464722843e+05,3.419248190289977174e+00,1.462801095595293432e+01
1.990000000000000000e+03,7.570000000000000000e+03,2.773868530246796809e+02,2.816001218146334963e+02,2.792146083651297204e+02,2.737821625902458891e+02,2.811623101367972595e+02,2.671063118011148276e+02,2.985287093505492066e+02,2.707076224154470765e+02,2.707643340945315913e+02,2.799800456792594332e+02,2.786245138910483092e+02,2.827654734106013166e+02,2.806925448366414457e+02,1.684184911187902035e+05,3.419248190289977174e+00,1.456092199103132501e+01
2.000000000000000000e+03,7.580000000000000000e+03,2.774060434671484359e+02,2.814556047479310337e+02,2.789425527508319078e+02,2.734900137691971054e+02,2.809144387021312355e+02,2.669794136593982330e+02,2.977872364129804055e+02,2.705440911434024542e+02,2.706015579065132783e+02,2.799355467647683327e+02,2.786064213388809776e+02,2.827226970077630313e+02,2.806519621762183760e+02,1.683077342017600895e+05,3.419248190289977174e+00,1.449494097472325649e+01
2.010000000000000000e+03,7.590000000000000000e+03,2.774245650208594043e+02,2.813091243723238790e+02,2.786723257193967811e+02,2.731999790839275875e+02,2.806685242894351404e+02,2.668517429931505944e+02,2.970602821031544636e+02,2.703802714206503879e+02,2.704384849234375565e+02,2.798893870618021538e+02,2.785874814395626800e+02,2.826782327739684320e+02,2.806095952670341944e+02,1.681976263816611026e+05,3.419248190289977174e+00,1.443003132397711852e+01
2.020000000000000000e+03,7.600000000000000000e+03,2.774424213857968766e+02,2.811608001438815450e+02,2.784039107985261694e+02,2.729120435101017392e+02,2.804245362525037422e+02,2.667233441435304258e+02,2.963473918602698518e+02,2.702162014324935626e+02,2.702751531192453740e+02,2.798416075655910049e+02,2.785677232931560070e+02,2.826321278518300915e+02,2.805654840937163499e+02,1.680881572926662629e+05,3.419248190289977174e+00,1.436615825497771226e+01
2.030000000000000000e+03,7.610000000000000000e+03,2.774596163217422031e+02,2.810107456678691165e+02,2.781372914761787456e+02,2.726261913951726683e+02,2.801824446861758133e+02,2.665942597854173073e+02,2.956481306304930285e+02,2.700519172326178250e+02,2.701115983467054207e+02,2.797922483261742741e+02,2.785471746190168574e+02,2.825844279654785964e+02,2.805196677751794709e+02,1.679793168998928159e+05,3.419248190289977174e+00,1.430328867036293339e+01
2.040000000000000000e+03,7.620000000000000000e+03,2.774761536428046611e+02,2.808590690156432856e+02,2.778724512104965925e+02,2.723424065607275679e+02,2.799422204125077087e+02,2.664645309628684799e+02,2.949620817528817724e+02,2.698874529143063228e+02,2.699478545000260397e+02,2.797413484691118697e+02,2.785258618266654480e+02,2.825351774717228182e+02,2.804721845834864666e+02,1.678710954836019082e+05,3.419248190289977174e+00,1.424139105540268702e+01
2.050000000000000000e+03,7.630000000000000000e+03,2.774920372139687288e+02,2.807058730367506882e+02,2.776093734600174798e+02,2.720606723943286056e+02,2.797038349679955900e+02,2.663341971322670361e+02,2.942888459023642440e+02,2.697228407522482598e+02,2.697839536572632824e+02,2.796889462150874124e+02,2.785038100817940858e+02,2.824844194011533318e+02,2.804230719620396144e+02,1.677634836243878817e+05,3.419248190289977174e+00,1.418043538105680845e+01
2.060000000000000000e+03,7.640000000000000000e+03,2.775072709457265319e+02,2.805512556168874312e+02,2.773480416956613226e+02,2.717809719237894797e+02,2.794672605830709244e+02,2.662032962071382372e+02,2.936280401428201685e+02,2.695581113361863572e+02,2.696199262189842898e+02,2.796350788999558290e+02,2.784810433680352162e+02,2.824321955080585553e+02,2.803723665435060184e+02,1.676564721891077934e+05,3.419248190289977174e+00,1.412039301483400067e+01
2.070000000000000000e+03,7.650000000000000000e+03,2.775218587906796870e+02,2.803953099824131527e+02,2.770884394166230322e+02,2.715032878806048871e+02,2.792324701649731082e+02,2.660718646077104950e+02,2.929792970336119424e+02,2.693932936762427062e+02,2.694558010170079001e+02,2.795797829954852318e+02,2.784575845562272889e+02,2.823785463135503733e+02,2.803201041685513246e+02,1.675500523179128650e+05,3.419248190289977174e+00,1.406123663699786341e+01
2.080000000000000000e+03,7.660000000000000000e+03,2.775358047385547025e+02,2.802381249010625197e+02,2.768305501731321101e+02,2.712276027572967223e+02,2.789994372769306779e+02,2.659399373115766707e+02,2.923422638194656429e+02,2.692284153215830429e+02,2.692916054204310967e+02,2.795230941279335752e+02,2.784334554372528601e+02,2.823235111470189622e+02,2.802663199038420316e+02,1.674442154116851743e+05,3.419248190289977174e+00,1.400294016393942087e+01
2.090000000000000000e+03,7.670000000000000000e+03,2.775491128135390682e+02,2.800797849289307351e+02,2.765743575730469388e+02,2.709538988531059545e+02,2.787681361185705100e+02,2.658075479043755536e+02,2.917166016644749789e+02,2.690635024442836993e+02,2.691273654285355406e+02,2.794650470990874283e+02,2.784086768072489804e+02,2.822671281879494813e+02,2.802110480586844687e+02,1.673389531205871608e+05,3.419248190289977174e+00,1.394547867593885826e+01
2.100000000000000000e+03,7.680000000000000000e+03,2.775617870695937199e+02,2.799203706320622587e+02,2.763198452978094792e+02,2.706821583164334584e+02,2.785385415035485721e+02,2.656747286313961922e+02,2.911019849475559340e+02,2.688985799254625704e+02,2.689631057554782387e+02,2.794056759030271451e+02,2.783832685019742144e+02,2.822094345042585815e+02,2.801543222046148003e+02,1.672342573329724837e+05,3.419248190289977174e+00,1.388882835040130104e+01
2.110000000000000000e+03,7.690000000000000000e+03,2.775738315872890780e+02,2.797599587860469228e+02,2.760669971134381058e+02,2.704123631799944860e+02,2.783106288427093205e+02,2.655415104492094542e+02,2.904981005970905130e+02,2.687336714327188361e+02,2.687988499063951053e+02,2.793450137483363278e+02,2.783572494478429462e+02,2.821504660927433861e+02,2.800961751907850612e+02,1.671301201650497969e+05,3.419248190289977174e+00,1.383296639940384054e+01
2.120000000000000000e+03,7.700000000000000000e+03,2.775852504713125199e+02,2.795986225707861763e+02,2.758157968805447240e+02,2.701444953936951379e+02,2.780843741213714111e+02,2.654079230737483499e+02,2.899046474762751586e+02,2.685687994904240554e+02,2.686346202491717463e+02,2.792830930753634107e+02,2.783306377079954927e+02,2.820902579130180357e+02,2.800366391628988367e+02,1.670265339512157661e+05,3.419248190289977174e+00,1.377787101170126860e+01
2.130000000000000000e+03,7.710000000000000000e+03,2.775960478457968748e+02,2.794364317417523580e+02,2.755662285632989210e+02,2.698785368510871194e+02,2.778597538824496382e+02,2.652739950330004035e+02,2.893213358057141704e+02,2.684039855427993189e+02,2.684704380767410044e+02,2.792199455762574871e+02,2.783034505294173186e+02,2.820288439230557742e+02,2.799757455775115318e+02,1.669234912346584606e+05,3.419248190289977174e+00,1.372352129852919056e+01
2.140000000000000000e+03,7.720000000000000000e+03,2.776062278528827960e+02,2.792734528095826931e+02,2.753182762381526913e+02,2.696144694152961847e+02,2.776367452062910957e+02,2.651397537121104051e+02,2.887478866179944248e+02,2.682392500150289720e+02,2.683063236672500693e+02,2.791556022075910732e+02,2.782757043836909929e+02,2.819662571141730609e+02,2.799135252205103370e+02,1.668209847588407865e+05,3.419248190289977174e+00,1.366989724301135922e+01
2.150000000000000000e+03,7.730000000000000000e+03,2.776157946494453199e+02,2.791097491974352351e+02,2.750719240998287205e+02,2.693522749407087531e+02,2.774153256962538308e+02,2.650052254004140195e+02,2.881840312490460860e+02,2.680746123618694128e+02,2.681422963376746793e+02,2.790900932170078477e+02,2.782474150040238783e+02,2.819025295423979287e+02,2.798500082213285509e+02,1.667190074590713484e+05,3.419248190289977174e+00,1.361697965278733591e+01
2.160000000000000000e+03,7.740000000000000000e+03,2.776247524028203202e+02,2.789453813824290478e+02,2.748271564691393110e+02,2.690919352923091878e+02,2.771954734559270719e+02,2.648704353364469171e+02,2.876295108589572465e+02,2.679100911293439822e+02,2.679783744952954407e+02,2.790234481540513798e+02,2.782185974297901225e+02,2.818376923580557332e+02,2.797852240697791899e+02,1.666175524548088724e+05,3.419248190289977174e+00,1.356475011599025038e+01
2.170000000000000000e+03,7.750000000000000000e+03,2.776331052909530968e+02,2.787804070397581881e+02,2.745839577987916869e+02,2.688334323635642704e+02,2.769771670790539133e+02,2.647354077518646136e+02,2.870840759792155836e+02,2.677457039907707212e+02,2.678145756836408395e+02,2.789556958884588767e+02,2.781892660330463514e+02,2.817717758426208547e+02,2.797192016313504723e+02,1.665166130422359856e+05,3.419248190289977174e+00,1.351319095978295337e+01
2.180000000000000000e+03,7.760000000000000000e+03,2.776408574985390487e+02,2.786148811907457912e+02,2.743423126958161333e+02,2.685767480989284763e+02,2.767603856272440908e+02,2.646001659122338765e+02,2.865474860390600043e+02,2.675814677950696705e+02,2.676509166365281089e+02,2.788868646295832150e+02,2.781594345588575834e+02,2.817048094294883072e+02,2.796519691619312766e+02,1.664161826872802048e+05,3.419248190289977174e+00,1.346228521086564278e+01
2.190000000000000000e+03,7.770000000000000000e+03,2.776480132147578388e+02,2.784488563145462194e+02,2.741022058467326588e+02,2.683218644809165880e+02,2.765451086207722255e+02,2.644647321574215084e+02,2.860195091596355041e+02,2.674173986063146913e+02,2.674874132773501856e+02,2.788169819385847745e+02,2.781291161552808262e+02,2.816368217357322123e+02,2.795835543211946970e+02,1.663162550189059984e+05,3.419248190289977174e+00,1.341201656203092440e+01
2.200000000000000000e+03,7.780000000000000000e+03,2.776545766318828328e+02,2.782823824735963854e+02,2.738636221477989920e+02,2.680687635802048021e+02,2.763313160215377025e+02,2.643291279403401859e+02,2.854999214753636920e+02,2.672535117423309998e+02,2.673240808178896941e+02,2.787460747468339832e+02,2.780983234037207694e+02,2.815678405879094726e+02,2.795139841879741880e+02,1.662168238229089184e+05,3.419248190289977174e+00,1.336236933417627348e+01
2.210000000000000000e+03,7.790000000000000000e+03,2.776605519426484534e+02,2.781155074111387080e+02,2.736265466219837776e+02,2.678174275494342851e+02,2.761189882185295232e+02,2.641933738634876363e+02,2.849885069783411495e+02,2.670898218100233521e+02,2.671609337554577337e+02,2.786741693701479221e+02,2.780670683412966468e+02,2.814978930500271304e+02,2.794432852744469074e+02,1.661178830358848791e+05,3.419248190289977174e+00,1.331332844686935957e+01
2.220000000000000000e+03,7.800000000000000000e+03,2.776659433384999716e+02,2.779482767186386809e+02,2.733909644281068267e+02,2.675678386230850947e+02,2.759081060160827974e+02,2.640574897139273389e+02,2.844850571158263506e+02,2.669263427393717052e+02,2.669979859148889432e+02,2.786012915262413685e+02,2.780353625155969439e+02,2.814270054466529132e+02,2.793714835386170989e+02,1.660194267395199859e+05,3.419248190289977174e+00,1.326487938740068451e+01
2.230000000000000000e+03,7.810000000000000000e+03,2.776707550082343232e+02,2.777807338534417454e+02,2.731568608918872769e+02,2.673199791464288637e+02,2.756986506202870260e+02,2.639214944982227848e+02,2.839893704884699446e+02,2.667630878106077716e+02,2.668352504794775086e+02,2.785274663466492484e+02,2.780032169671453062e+02,2.813552033858853747e+02,2.792986043973087931e+02,1.659214491552766412e+05,3.419248190289977174e+00,1.321700818332160132e+01
2.240000000000000000e+03,7.820000000000000000e+03,2.776749911362187504e+02,2.776129202778415106e+02,2.729242214874869887e+02,2.670738315716088778e+02,2.754906036277213843e+02,2.637854064732181314e+02,2.835012525278054909e+02,2.666000696947619417e+02,2.666727400212581074e+02,2.784527183920456537e+02,2.779706422846930991e+02,2.812825117838873439e+02,2.792246727400683994e+02,1.658239446391811070e+05,3.419248190289977174e+00,1.316970137565715149e+01
2.250000000000000000e+03,7.830000000000000000e+03,2.776786558999609724e+02,2.774448755528294441e+02,2.726930318446241586e+02,2.668293784688501091e+02,2.752839470121972454e+02,2.636492431783100301e+02,2.830205152164079436e+02,2.664373004699668854e+02,2.665104665288981209e+02,2.783770716666039675e+02,2.779376486173632657e+02,2.812089548863927462e+02,2.791497129405658484e+02,1.657269076769585954e+05,3.419248190289977174e+00,1.312294599396234673e+01
2.260000000000000000e+03,7.840000000000000000e+03,2.776817534698906229e+02,2.772766374320254386e+02,2.724632777473586884e+02,2.665866025307258269e+02,2.750786631145944057e+02,2.635130214633971946e+02,2.825469768089324134e+02,2.662747916536317234e+02,2.663484414345654727e+02,2.783005496317011875e+02,2.779042457081935709e+02,2.811345562902021129e+02,2.790737488547944167e+02,1.656303328794129775e+05,3.419248190289977174e+00,1.307672953284272843e+01
2.270000000000000000e+03,7.850000000000000000e+03,2.776842880082187435e+02,2.771082418903831694e+02,2.722349451367735469e+02,2.663454865813322385e+02,2.748747346335306929e+02,2.633767575189505123e+02,2.820804615712954728e+02,2.661125542258126870e+02,2.661866756368099232e+02,2.782231752185192022e+02,2.778704428910054958e+02,2.810593389629405010e+02,2.789968038892432105e+02,1.655342149779312313e+05,3.419248190289977174e+00,1.303103992992554439e+01
2.280000000000000000e+03,7.860000000000000000e+03,2.776862636666249955e+02,2.769397232806402940e+02,2.720080201117879142e+02,2.661060135789798551e+02,2.746721446120446899e+02,2.632404669014758269e+02,2.816207995342001595e+02,2.659505986540873437e+02,2.660251795272869799e+02,2.781449708415930218e+02,2.778362491371088936e+02,2.809833252648271014e+02,2.789189009287478029e+02,1.654385488203603891e+05,3.419248190289977174e+00,1.298586554504023205e+01
2.290000000000000000e+03,7.870000000000000000e+03,2.776876845851562052e+02,2.767711143672825642e+02,2.717824889272623636e+02,2.658681666218670898e+02,2.744708764294510956e+02,2.631041645597264846e+02,2.811678262590883151e+02,2.657889349153438161e+02,2.658639630093130677e+02,2.780659584113669780e+02,2.778016730524519176e+02,2.809065369662170042e+02,2.788400624027538015e+02,1.653433293668592814e+05,3.419248190289977174e+00,1.294119514059544329e+01
2.300000000000000000e+03,7.880000000000000000e+03,2.776885548918984341e+02,2.766024463813730563e+02,2.715583379988676143e+02,2.656319289531177787e+02,2.742709137898175413e+02,2.629678648594583592e+02,2.807213826055490244e+02,2.656275725171741442e+02,2.657030355247818534e+02,2.779861593460599920e+02,2.777667229133559204e+02,2.808289952657802360e+02,2.787603102863826621e+02,1.652485516861641663e+05,3.419248190289977174e+00,1.289701786295307073e+01
2.310000000000000000e+03,7.890000000000000000e+03,2.776888787015937510e+02,2.764337491235563675e+02,2.713355538934926017e+02,2.653972839633912031e+02,2.740722407219133174e+02,2.628315816064300634e+02,2.802813145293915227e+02,2.654665205182838008e+02,2.655424060708641605e+02,2.779055945828412746e+02,2.777314066704560673e+02,2.807507208098223828e+02,2.786796660929614973e+02,1.651542109518859943e+05,3.419248190289977174e+00,1.285332322531399818e+01
2.320000000000000000e+03,7.900000000000000000e+03,2.776886601143281155e+02,2.762650509982789799e+02,2.711141233360222031e+02,2.651642151933451714e+02,2.738748415548519120e+02,2.626953280692853809e+02,2.798474728803447533e+02,2.653057875456995589e+02,2.653820832176257909e+02,2.778242845928298266e+02,2.776957319692778583e+02,2.806717337066023674e+02,2.785981509143224457e+02,1.650603024389699858e+05,3.419248190289977174e+00,1.281010109082574644e+01
2.330000000000000000e+03,7.910000000000000000e+03,2.776879032152265836e+02,2.760963790998639524e+02,2.708940332143351384e+02,2.649327063403478633e+02,2.736787009185009083e+02,2.625591170005585013e+02,2.794197131820089339e+02,2.651453818201403578e+02,2.652220751284683047e+02,2.777422493882503431e+02,2.776597061622547358e+02,2.805920535454097262e+02,2.785157854096768233e+02,1.649668215204147855e+05,3.419248190289977174e+00,1.276734165677666510e+01
2.340000000000000000e+03,7.920000000000000000e+03,2.776866120738359314e+02,2.759277592378005011e+02,2.706752705621324822e+02,2.647027412558700235e+02,2.734838037450383013e+02,2.624229606576820970e+02,2.789978954892320644e+02,2.649853111632107243e+02,2.650623895756408501e+02,2.776595085362373538e+02,2.776233363278755633e+02,2.805116994107009987e+02,2.784325898204858163e+02,1.648737636640528217e+05,3.419248190289977174e+00,1.272503544060664993e+01
2.350000000000000000e+03,7.930000000000000000e+03,2.776847907420547017e+02,2.757592160291552545e+02,2.704578225743208009e+02,2.644743039504887747e+02,2.732901352361888598e+02,2.622868708224345937e+02,2.785818841845011207e+02,2.648255830213190620e+02,2.649030339610472424e+02,2.775760811674873025e+02,2.775866292802869566e+02,2.804306898986727106e+02,2.783485839777021056e+02,1.647811244294559583e+05,3.419248190289977174e+00,1.268317326522016408e+01
2.360000000000000000e+03,7.940000000000000000e+03,2.776824432547577999e+02,2.755907729290784687e+02,2.702416765943523842e+02,2.642473785951132754e+02,2.730976808783792649e+02,2.621508588188139015e+02,2.781715478192802493e+02,2.646662044782727889e+02,2.647440153274187082e+02,2.774919859884774951e+02,2.775495915834729885e+02,2.803490431305563675e+02,2.782637873172786840e+02,1.646888994650534005e+05,3.419248190289977174e+00,1.264174624607867159e+01
2.370000000000000000e+03,7.950000000000000000e+03,2.776795736287343743e+02,2.754224522897870884e+02,2.700268201206736194e+02,2.640219495220865156e+02,2.729064264254509453e+02,2.620149355313051842e+02,2.777667589486668476e+02,2.645071822706951252e+02,2.645853403749919721e+02,2.774072412919741168e+02,2.775122295635738965e+02,2.802667767688810727e+02,2.781782188838266734e+02,1.645970845053240773e+05,3.419248190289977174e+00,1.260074577850880928e+01
2.380000000000000000e+03,7.960000000000000000e+03,2.776761858622577961e+02,2.752542753947122378e+02,2.698132408045683519e+02,2.637980012272671502e+02,2.727163578950240321e+02,2.618791114241170703e+02,2.773673939863767259e+02,2.643485228067028174e+02,2.644270154761933327e+02,2.773218649624459431e+02,2.774745493193925086e+02,2.801839080207748793e+02,2.780918973406319310e+02,1.645056753681349219e+05,3.419248190289977174e+00,1.256016352619892018e+01
2.390000000000000000e+03,7.970000000000000000e+03,2.776722839341718441e+02,2.750862625278492715e+02,2.696009264381472121e+02,2.635755183697543771e+02,2.725274615591159773e+02,2.617433965510729195e+02,2.769733330540602765e+02,2.641902321694233251e+02,2.642690466883537965e+02,2.772358744928942542e+02,2.774365567343090220e+02,2.801004536860853023e+02,2.780048409784255909e+02,1.644146679521116312e+05,3.419248190289977174e+00,1.251999140937192045e+01
2.400000000000000000e+03,7.980000000000000000e+03,2.776678718035937550e+02,2.749184329937099847e+02,2.693898649733671959e+02,2.633544857734434004e+02,2.723397239352515271e+02,2.616078005794573755e+02,2.765844598439946367e+02,2.640323161432390293e+02,2.641114397675702890e+02,2.771492869893189095e+02,2.773982574857257077e+02,2.800164301173903141e+02,2.779170677239744123e+02,1.643240582342385896e+05,3.419248190289977174e+00,1.248022159458390234e+01
2.410000000000000000e+03,7.990000000000000000e+03,2.776629534088437481e+02,2.747508051723027620e+02,2.691800445029390971e+02,2.631348884268654729e+02,2.721531317873278795e+02,2.614723328000292213e+02,2.762006614894143013e+02,2.638747802156352691e+02,2.639542001794947623e+02,2.770621191816706528e+02,2.773596570559295174e+02,2.799318532696602801e+02,2.778285951478682705e+02,1.642338422674578323e+05,3.419248190289977174e+00,1.244084648446043317e+01
2.420000000000000000e+03,8.000000000000000000e+03,2.776575326689921894e+02,2.745833965533975061e+02,2.689714532692409534e+02,2.629167114847712128e+02,2.719676721140228892e+02,2.613370021426366065e+02,2.758218284252120043e+02,2.637176295946187565e+02,2.637973331157663210e+02,2.769743874302477025e+02,2.773207607397736183e+02,2.798467387013615735e+02,2.777394404715483915e+02,1.641440161784364027e+05,3.419248190289977174e+00,1.240185870799225221e+01
2.430000000000000000e+03,8.010000000000000000e+03,2.776516134812031282e+02,2.744162237906823520e+02,2.687640796476374589e+02,2.626999402645777764e+02,2.717833321487116791e+02,2.612018171876312067e+02,2.754478542885917136e+02,2.635608692185708719e+02,2.636408434961882108e+02,2.768861077374829733e+02,2.772815736574484617e+02,2.797611015869614448e+02,2.776496205769393555e+02,1.640545761653708178e+05,3.419248190289977174e+00,1.236325111153146494e+01
2.440000000000000000e+03,8.020000000000000000e+03,2.776451997214218750e+02,2.742493027113880544e+02,2.685579121674504677e+02,2.624845602523365642e+02,2.716000993492971247e+02,2.610667861844000299e+02,2.750786357741963570e+02,2.634045037651605980e+02,2.634847359905275539e+02,2.767972957551224340e+02,2.772421007527679535e+02,2.796749567278311588e+02,2.775591520122844713e+02,1.639655184959127218e+05,3.419248190289977174e+00,1.232501674996439789e+01
2.450000000000000000e+03,8.030000000000000000e+03,2.776382952437734843e+02,2.740826483499849928e+02,2.683529395061792115e+02,2.622705570980773473e+02,2.714179613752889964e+02,2.609319170584712424e+02,2.747140725459315718e+02,2.632485376673218980e+02,2.633290150256883067e+02,2.767079667922355384e+02,2.772023468168704881e+02,2.795883185619256892e+02,2.774680509988600079e+02,1.638768395051546977e+05,3.419248190289977174e+00,1.228714887835770142e+01
2.460000000000000000e+03,8.040000000000000000e+03,2.776309038807734737e+02,2.739162750237308046e+02,2.681491504594254138e+02,2.620579166159649276e+02,2.712369061173515092e+02,2.607972174249472346e+02,2.743540671338840298e+02,2.630929751148831883e+02,2.631736847887198678e+02,2.766181358241020689e+02,2.771623164828233712e+02,2.795012011756734864e+02,2.773763334402665350e+02,1.637885355937114800e+05,3.419248190289977174e+00,1.224964094455285135e+01
2.470000000000000000e+03,8.050000000000000000e+03,2.776230294427421654e+02,2.737501963097490716e+02,2.679465339778301995e+02,2.618466247843010706e+02,2.710569216710132423e+02,2.606626946018886315e+02,2.739985248071879482e+02,2.629378200714006653e+02,2.630187492449932165e+02,2.765278174980257972e+02,2.771220142369031691e+02,2.794136183128294419e+02,2.772840149281350364e+02,1.637006032258907799e+05,3.419248190289977174e+00,1.221248658128348907e+01
2.480000000000000000e+03,8.060000000000000000e+03,2.776146757172734283e+02,2.735844251188779026e+02,2.677450791350307213e+02,2.616366677449921099e+02,2.708779963452458333e+02,2.605283556192873675e+02,2.736473534969127286e+02,2.627830762831045490e+02,2.628642121355625250e+02,2.764370261431697600e+02,2.770814444254386331e+02,2.793255833852254000e+02,2.771911107485760795e+02,1.636130389278686489e+05,3.419248190289977174e+00,1.217567959929862198e+01
2.490000000000000000e+03,8.070000000000000000e+03,2.776058464696718602e+02,2.734189737010638055e+02,2.675447751501636731e+02,2.614280318025590759e+02,2.707001186285394283e+02,2.603942072304542990e+02,2.733004636967112901e+02,2.626287472823352118e+02,2.627100770023495215e+02,2.763457757769975842e+02,2.770406112622500814e+02,2.792371094811579155e+02,2.770976358892710891e+02,1.635258392860300955e+05,3.419248190289977174e+00,1.213921398020493569e+01
2.500000000000000000e+03,8.080000000000000000e+03,2.775965454419921912e+02,2.732538536795266850e+02,2.673456113715068341e+02,2.612207034232720844e+02,2.705232771875698745e+02,2.602602559220114244e+02,2.729577683969285999e+02,2.624748364069545232e+02,2.625563471786582568e+02,2.762540801120580340e+02,2.769995188330947258e+02,2.791482093750461217e+02,2.770036050456617431e+02,1.634390009452485247e+05,3.419248190289977174e+00,1.210308387033457578e+01
2.510000000000000000e+03,8.090000000000000000e+03,2.775867763545234084e+02,2.730890760766243375e+02,2.671475772676650422e+02,2.610146692345088013e+02,2.703474609566972049e+02,2.601265079234667610e+02,2.726191829179905426e+02,2.623213467768596843e+02,2.624030258221336567e+02,2.761619525639425774e+02,2.769581711011722973e+02,2.790588955357018790e+02,2.769090326274409790e+02,1.633525206074084854e+05,3.419248190289977174e+00,1.206728357481792457e+01
2.520000000000000000e+03,8.100000000000000000e+03,2.775765429027109121e+02,2.729246513164309818e+02,2.669506624514741020e+02,2.608099160209413867e+02,2.701726589674096886e+02,2.599929692167252142e+02,2.722846249342542819e+02,2.621682813496196900e+02,2.622501158920318858e+02,2.760694062568536538e+02,2.769165719157296053e+02,2.789691801572153054e+02,2.768139327790190123e+02,1.632663950297702686e+05,3.419248190289977174e+00,1.203180755073123720e+01
2.530000000000000000e+03,8.110000000000000000e+03,2.775658487603515709e+02,2.727605893388148388e+02,2.667548566611458227e+02,2.606064307352613696e+02,2.699988604795478295e+02,2.598596455446449340e+02,2.719540143413962028e+02,2.620156428912058004e+02,2.620976201769160525e+02,2.759764540319310981e+02,2.768747250146140004e+02,2.788790750826849489e+02,2.767183193165967623e+02,1.631806210236103798e+05,3.419248190289977174e+00,1.199665040305769459e+01
2.540000000000000000e+03,8.120000000000000000e+03,2.775546975769452729e+02,2.725968994866266257e+02,2.665601497509180717e+02,2.604042004774612451e+02,2.698260549067016427e+02,2.597265424202520308e+02,2.716272731850723403e+02,2.618634339982511392e+02,2.619455412935411687e+02,2.758831084523741310e+02,2.768326340290364556e+02,2.787885919336845859e+02,2.766222058536314421e+02,1.630951954526476329e+05,3.419248190289977174e+00,1.196180687786908337e+01
2.550000000000000000e+03,8.130000000000000000e+03,2.775430929798046691e+02,2.724335906250078665e+02,2.663665317080956925e+02,2.602032125077568026e+02,2.696542318439775272e+02,2.595936651346493704e+02,2.713043255803198122e+02,2.617116571032909178e+02,2.617938816957974950e+02,2.757893818101528609e+02,2.767903024850265297e+02,2.786977420410748891e+02,2.765256057132423848e+02,1.630101152318736422e+05,3.419248190289977174e+00,1.192727185779795285e+01
2.560000000000000000e+03,8.140000000000000000e+03,2.775310385719296846e+02,2.722706711245159568e+02,2.661739926391616677e+02,2.600034542415563124e+02,2.694833810546513178e+02,2.594610187648878536e+02,2.709850976584394289e+02,2.615603144771995403e+02,2.616426436813195551e+02,2.756952861320912689e+02,2.767477338207223738e+02,2.786065364690160777e+02,2.764285319625851116e+02,1.629253773260758608e+05,3.419248190289977174e+00,1.189304035724911657e+01
2.570000000000000000e+03,8.150000000000000000e+03,2.775185379330000046e+02,2.721081488993922903e+02,2.659825227713947697e+02,2.598049132479108039e+02,2.693134924664302616e+02,2.593286081816610249e+02,2.706695174930784447e+02,2.614094082379117481e+02,2.614918293969658407e+02,2.756008331861327179e+02,2.767049313762593670e+02,2.785149860238212227e+02,2.763309974166782013e+02,1.628409787486396672e+05,3.419248190289977174e+00,1.185910751765868909e+01
2.580000000000000000e+03,8.160000000000000000e+03,2.775055946195546994e+02,2.719460314152044020e+02,2.657921124517347380e+02,2.596075772486930191e+02,2.691445561678291369e+02,2.591964380563534860e+02,2.703575150369464950e+02,2.612589403559141488e+02,2.613414408450823316e+02,2.755060344867197841e+02,2.766618984036991833e+02,2.784231012601979387e+02,2.762330146444445518e+02,1.627569165603177971e+05,3.419248190289977174e+00,1.182546860303180836e+01
2.590000000000000000e+03,8.170000000000000000e+03,2.774922121642655952e+02,2.717843257280520675e+02,2.656027521404753315e+02,2.594114341152288716e+02,2.689765624048425252e+02,2.590645128683261191e+02,2.700490220571138025e+02,2.611089126601667658e+02,2.611914798890177849e+02,2.754109013021553096e+02,2.766186380713115796e+02,2.783308924879067376e+02,2.761345959736854638e+02,1.626731878680302179e+05,3.419248190289977174e+00,1.179211899558480070e+01
2.600000000000000000e+03,8.180000000000000000e+03,2.774783940769531227e+02,2.716230384556087074e+02,2.654144324210762420e+02,2.592164718705571431e+02,2.688095015770803684e+02,2.589328369114284669e+02,2.697439720831756631e+02,2.609593268434311994e+02,2.610419482583126296e+02,2.753154446567777427e+02,2.765751534658776336e+02,2.782383697789763346e+02,2.760357534955113010e+02,1.625897898237610352e+05,3.419248190289977174e+00,1.175905419188184986e+01
2.610000000000000000e+03,8.190000000000000000e+03,2.774641438433437202e+02,2.714621758429746023e+02,2.652271439861507361e+02,2.590226786847688913e+02,2.686433642348713420e+02,2.588014143007209213e+02,2.694423003428793209e+02,2.608101844679844703e+02,2.608928475542791148e+02,2.752196753395542146e+02,2.765314475969357773e+02,2.781455429728734998e+02,2.759364990693899244e+02,1.625067196233811846e+05,3.419248190289977174e+00,1.172626979878180364e+01
2.620000000000000000e+03,8.200000000000000000e+03,2.774494649259375478e+02,2.713017438443847595e+02,2.650408776213445208e+02,2.588300428743847306e+02,2.684781410678755833e+02,2.586702489780980727e+02,2.691439436974501973e+02,2.606614869702408441e+02,2.607441792531743658e+02,2.751236039084590743e+02,2.764875234007127460e+02,2.780524216865325684e+02,2.758368443346403751e+02,1.624239745056612010e+05,3.419248190289977174e+00,1.169376152912616362e+01
2.630000000000000000e+03,8.210000000000000000e+03,2.774343607640547020e+02,2.711417478074459950e+02,2.648556242831219265e+02,2.586385529010407254e+02,2.683138229294173698e+02,2.585393447193085876e+02,2.688488406396119217e+02,2.605132356654142995e+02,2.605959447141221403e+02,2.750272406948512867e+02,2.764433837416088409e+02,2.779590153107699848e+02,2.757368006909616724e+02,1.623415517512026126e+05,3.419248190289977174e+00,1.166152520014959570e+01
2.640000000000000000e+03,8.220000000000000000e+03,2.774188347732968509e+02,2.709821929738041035e+02,2.646713749767654917e+02,2.584481973697377271e+02,2.681504007980610140e+02,2.584087051390678766e+02,2.685569311692927954e+02,2.603654317523813688e+02,2.604481451845527431e+02,2.749305958091770776e+02,2.763990314151980670e+02,2.778653330262121699e+02,2.756363793351322329e+02,1.622594486814278644e+05,3.419248190289977174e+00,1.162955672773281535e+01
2.650000000000000000e+03,8.230000000000000000e+03,2.774028903462578342e+02,2.708230841732239469e+02,2.644881208380513158e+02,2.582589650285241305e+02,2.679878657926213918e+02,2.582783336977263389e+02,2.682681567917765619e+02,2.602180763179972018e+02,2.603007817988566330e+02,2.748336791453481283e+02,2.763544691530428850e+02,2.777713838051353150e+02,2.755355912468032216e+02,1.621776626576461131e+05,3.419248190289977174e+00,1.159785212414399069e+01
2.660000000000000000e+03,8.240000000000000000e+03,2.773865308519843893e+02,2.706644259493848494e+02,2.643058531017075552e+02,2.580708447630140085e+02,2.678262091681044694e+02,2.581482337009289267e+02,2.679824604602373483e+02,2.600711703417691751e+02,2.601538555863067472e+02,2.747365003859803210e+02,2.763096996239085570e+02,2.776771764160944258e+02,2.754344471984911706e+02,1.620961910801125341e+05,3.419248190289977174e+00,1.156640749469637974e+01
2.670000000000000000e+03,8.250000000000000000e+03,2.773697596367030656e+02,2.705062225217532728e+02,2.641245631122426403e+02,2.578838255976917253e+02,2.676654223107767621e+02,2.580184083136151685e+02,2.676997865308034648e+02,2.599247146994443938e+02,2.600073674744816117e+02,2.746390690088674091e+02,2.762647254375618786e+02,2.775827194303976171e+02,2.753329577554214325e+02,1.620150313871529652e+05,3.419248190289977174e+00,1.153521903489333411e+01
2.680000000000000000e+03,8.260000000000000000e+03,2.773525800230234495e+02,2.703484778070550192e+02,2.639442423203093426e+02,2.576978966976519132e+02,2.675054967371223711e+02,2.578888605608096896e+02,2.674200807186755355e+02,2.597787101672946051e+02,2.598613182939614603e+02,2.745413942865267813e+02,2.762195491451925591e+02,2.774880212263030330e+02,2.752311332828443255e+02,1.619341810542246967e+05,3.419248190289977174e+00,1.150428302759608101e+01
2.690000000000000000e+03,8.270000000000000000e+03,2.773349953111718378e+02,2.701911954614134856e+02,2.637648822738169088e+02,2.575130473609710293e+02,2.673464240897473019e+02,2.577595933309125940e+02,2.671432900567206730e+02,2.596331574260291291e+02,2.597157087816728449e+02,2.744434852955084239e+02,2.761741732431382843e+02,2.773930899935065781e+02,2.751289839491949465e+02,1.618536375931359944e+05,3.419248190289977174e+00,1.147359584007698174e+01
2.700000000000000000e+03,8.280000000000000000e+03,2.773170087778281072e+02,2.700343788943483219e+02,2.635864746144233663e+02,2.573292670198587757e+02,2.671881961306609128e+02,2.576306093820714409e+02,2.668693628511453539e+02,2.594880570642742441e+02,2.595705395838048730e+02,2.743453509189528177e+02,2.761286001748146646e+02,2.772979337478666366e+02,2.750265197355402051e+02,1.617733985512647196e+05,3.419248190289977174e+00,1.144315392118019048e+01
2.710000000000000000e+03,8.290000000000000000e+03,2.772986236766406591e+02,2.698780312262435359e+02,2.634090111025240049e+02,2.571465452387064374e+02,2.670308047556501947e+02,2.575019113457922799e+02,2.665982486570571268e+02,2.593434095823197936e+02,2.594258112602784081e+02,2.742469998510711093e+02,2.760828323141488454e+02,2.772025603020680364e+02,2.749237504205165123e+02,1.616934615104821860e+05,3.419248190289977174e+00,1.141295379945656485e+01
2.720000000000000000e+03,8.300000000000000000e+03,2.772798432394999963e+02,2.697221553071894959e+02,2.632324835757376604e+02,2.569648717124674135e+02,2.668742419686074072e+02,2.573735017317612801e+02,2.663298982217479534e+02,2.591992153941022821e+02,2.592815242870419752e+02,2.741484405983491683e+02,2.760368720547809289e+02,2.771069773182818494e+02,2.748206856093506758e+02,1.616138240868739958e+05,3.419248190289977174e+00,1.138299207986290362e+01
2.730000000000000000e+03,8.310000000000000000e+03,2.772606706749140812e+02,2.695667538345800835e+02,2.630568839741799820e+02,2.567842362652323800e+02,2.667184998925821446e+02,2.572453829316317524e+02,2.660642634599733469e+02,2.590554748324449292e+02,2.591376790601031530e+02,2.740496814891957342e+02,2.759907216621875250e+02,2.770111922825020656e+02,2.747173347226793112e+02,1.615344839296049904e+05,3.419248190289977174e+00,1.135326544179864783e+01
2.740000000000000000e+03,8.320000000000000000e+03,2.772411091689921818e+02,2.694118292419688032e+02,2.628822043323818889e+02,2.566046288482393720e+02,2.665635707648484640e+02,2.571175572231696833e+02,2.658012974171973610e+02,2.589121881514299162e+02,2.589942758980419057e+02,2.739507306740841841e+02,2.759443833902363394e+02,2.769152125146899266e+02,2.746137070025952198e+02,1.614554387203312363e+05,3.419248190289977174e+00,1.132377063678766405e+01
2.750000000000000000e+03,8.330000000000000000e+03,2.772211618852578567e+02,2.692573837435970177e+02,2.627084367779470426e+02,2.564260395387329936e+02,2.664094469348202665e+02,2.569900267739895980e+02,2.655409542361575177e+02,2.587693555290516088e+02,2.588513150451093452e+02,2.738515961297500780e+02,2.758978594486693510e+02,2.768190451732384645e+02,2.745098115230877056e+02,1.613766861725194030e+05,3.419248190289977174e+00,1.129450448632142212e+01
2.760000000000000000e+03,8.340000000000000000e+03,2.772008319649609689e+02,2.691034169251774415e+02,2.625355741013996180e+02,2.562484587516179886e+02,2.662561208629531393e+02,2.568627940288475884e+02,2.652831891248996499e+02,2.586269771159426796e+02,2.587087966699014601e+02,2.737522855009226532e+02,2.758511519334418836e+02,2.767226972362053630e+02,2.744056571624155936e+02,1.612982240310813941e+05,3.419248190289977174e+00,1.126546389469792331e+01
2.770000000000000000e+03,8.350000000000000000e+03,2.771801225267734594e+02,2.689499356164915298e+02,2.623636073888503688e+02,2.560718764321155732e+02,2.661035851167403621e+02,2.567358601727017913e+02,2.650279583262740744e+02,2.584850529321244039e+02,2.585667208774016217e+02,2.736528067259276895e+02,2.758042630773674091e+02,2.766261755716337802e+02,2.743012526570417435e+02,1.612200500701220881e+05,3.419248190289977174e+00,1.123664579344540471e+01
2.780000000000000000e+03,8.360000000000000000e+03,2.771590366677577890e+02,2.687969389102532887e+02,2.621925297238997814e+02,2.558962831537006650e+02,2.659518323657089240e+02,2.566092274422759942e+02,2.647752190813970401e+02,2.583435828689334244e+02,2.584250877089321534e+02,2.735531671721312819e+02,2.757571949576428096e+02,2.765294868863085185e+02,2.741966065780488861e+02,1.611421620949739008e+05,3.419248190289977174e+00,1.120804720592945003e+01
2.790000000000000000e+03,8.370000000000000000e+03,2.771375774632343791e+02,2.686444282296347978e+02,2.620223335712698827e+02,2.557216695039710146e+02,2.658008553828386766e+02,2.564828976098107205e+02,2.645249296117315225e+02,2.582025668572941299e+02,2.582838971409760234e+02,2.734533741435212164e+02,2.757099496144020918e+02,2.764326377329281286e+02,2.740917273328282135e+02,1.610645579397022957e+05,3.419248190289977174e+00,1.117966521572335381e+01
2.800000000000000000e+03,8.380000000000000000e+03,2.771157479663515915e+02,2.684924048521490931e+02,2.618530114976885557e+02,2.555480261717817712e+02,2.656506470456272382e+02,2.563568723459459306e+02,2.642770490840576940e+02,2.580620047460807314e+02,2.581431490878201771e+02,2.733534347980315715e+02,2.756625290592738793e+02,2.763356345199269981e+02,2.739866231671345531e+02,1.609872354668937041e+05,3.419248190289977174e+00,1.115149696514114197e+01
2.810000000000000000e+03,8.390000000000000000e+03,2.770935512083358958e+02,2.683408699007080713e+02,2.616845561562022908e+02,2.553753439583337013e+02,2.655012003284718958e+02,2.562311532304381672e+02,2.640315375840964407e+02,2.579218963186921201e+02,2.580028434043168204e+02,2.732533561498568133e+02,2.756149352725810218e+02,2.762384835171325221e+02,2.738813021717623997e+02,1.609101925671430654e+05,3.419248190289977174e+00,1.112353965428278713e+01
2.820000000000000000e+03,8.400000000000000000e+03,2.770709901991875199e+02,2.681898243406282063e+02,2.615169602875472492e+02,2.552036137778496538e+02,2.653525083039344281e+02,2.561057417556802420e+02,2.637883560920156469e+02,2.577822412990599332e+02,2.578629798883333706e+02,2.731531450592921146e+02,2.755671702023420266e+02,2.761411908592183408e+02,2.737757722849646598e+02,1.608334271584932576e+05,3.419248190289977174e+00,1.109579053979794239e+01
2.830000000000000000e+03,8.410000000000000000e+03,2.770480679271249755e+02,2.680392689557705239e+02,2.613502167226247366e+02,2.550328266627543030e+02,2.652045641398959788e+02,2.559806393296656495e+02,2.635474664608528883e+02,2.576430393545318793e+02,2.577235582833724834e+02,2.730528082484772199e+02,2.755192357552225531e+02,2.760437625479293047e+02,2.736700412957379740e+02,1.607569371858786326e+05,3.419248190289977174e+00,1.106824693364411871e+01
2.840000000000000000e+03,8.420000000000000000e+03,2.770247873589062237e+02,2.678892044803616841e+02,2.611843183489556850e+02,2.548629737396090036e+02,2.650573610979902242e+02,2.558558472788788833e+02,2.633088313735305519e+02,2.575042900991397801e+02,2.575845782807380715e+02,2.729523522872631816e+02,2.754711338401966145e+02,2.759462044576109179e+02,2.735641168473297284e+02,1.606807206205189577e+05,3.419248190289977174e+00,1.104090620072233619e+01
2.850000000000000000e+03,8.430000000000000000e+03,2.770011514406718902e+02,2.677396314176051533e+02,2.610192581628339212e+02,2.546940462619619723e+02,2.649108925316859313e+02,2.557313668511983451e+02,2.630724143482240152e+02,2.573659930948659280e+02,2.574460395215179460e+02,2.728517836117836737e+02,2.754228662993746184e+02,2.758485223352846560e+02,2.734580064394115198e+02,1.606047754595592560e+05,3.419248190289977174e+00,1.101376575858897411e+01
2.860000000000000000e+03,8.440000000000000000e+03,2.769771630970468550e+02,2.675905501281418992e+02,2.608550292284727448e+02,2.545260355865965494e+02,2.647651518844469365e+02,2.556071992181719850e+02,2.628381796964789032e+02,2.572281478525191574e+02,2.573079415982190881e+02,2.727511085597625424e+02,2.753744349592292906e+02,2.757507218042297836e+02,2.733517174302807007e+02,1.605290997253860696e+05,3.419248190289977174e+00,1.098682307534605762e+01
2.870000000000000000e+03,8.450000000000000000e+03,2.769528252314765382e+02,2.674419609779583880e+02,2.606916246888854971e+02,2.543589331774855964e+02,2.646201326886078959e+02,2.554833454778121791e+02,2.626060925059839519e+02,2.570907538402953492e+02,2.571702840573927347e+02,2.726503332168911697e+02,2.753258416229953696e+02,2.756528083691170536e+02,2.732452570409595864e+02,1.604536914652265259e+05,3.419248190289977174e+00,1.096007566849106318e+01
2.880000000000000000e+03,8.460000000000000000e+03,2.769281407270156592e+02,2.672938640760654607e+02,2.605290377645848707e+02,2.541927306041557415e+02,2.644758285632697152e+02,2.553598066568483489e+02,2.623761186193561343e+02,2.569538104765294975e+02,2.570330664008291137e+02,2.725494636549419170e+02,2.752770880627007841e+02,2.755547874159813091e+02,2.731386323566043757e+02,1.603785487506637292e+05,3.419248190289977174e+00,1.093352110339415972e+01
2.890000000000000000e+03,8.470000000000000000e+03,2.769031124462578077e+02,2.671462594947421962e+02,2.603672617446837876e+02,2.540274195372018653e+02,2.643322332108471073e+02,2.552365837131126227e+02,2.621482246111683025e+02,2.568173171362105336e+02,2.568962880871227981e+02,2.724485057794080376e+02,2.752281760260988221e+02,2.754566642174589788e+02,2.730318503306299363e+02,1.603036696771862626e+05,3.419248190289977174e+00,1.090715699188877430e+01
2.900000000000000000e+03,8.480000000000000000e+03,2.768777432305312800e+02,2.669991471263111862e+02,2.602062900097172928e+02,2.538629917569951431e+02,2.641893404211677989e+02,2.551136775381590382e+02,2.619223777749358533e+02,2.566812731524289575e+02,2.567599485338853924e+02,2.723474653709795348e+02,2.751791072349610658e+02,2.753584439324758932e+02,2.729249177829059931e+02,1.602290523636596336e+05,3.419248190289977174e+00,1.088098099155340925e+01
2.910000000000000000e+03,8.490000000000000000e+03,2.768520359013202778e+02,2.668525268669488923e+02,2.600461159970153631e+02,2.536994391399090603e+02,2.640471440624096431e+02,2.549910889562786451e+02,2.616985460967730432e+02,2.565456778194976550e+02,2.566240471194172983e+02,2.722463480535595295e+02,2.751298833889139246e+02,2.752601316118305022e+02,2.728178414058505155e+02,1.601546949519561022e+05,3.419248190289977174e+00,1.085499080394524363e+01
2.920000000000000000e+03,8.500000000000000000e+03,2.768259932598046476e+02,2.667063983459632368e+02,2.598867332257163412e+02,2.535367536627032905e+02,2.639056380857028898e+02,2.548688187331430584e+02,2.614766982396567983e+02,2.564105303885381772e+02,2.564885831826770186e+02,2.721451594259826265e+02,2.750805061622030507e+02,2.751617321988579761e+02,2.727106277822813354e+02,1.600805956065118080e+05,3.419248190289977174e+00,1.082918417362687080e+01
2.930000000000000000e+03,8.510000000000000000e+03,2.767996180868827878e+02,2.665607612639199715e+02,2.597281352837383679e+02,2.533749274027343290e+02,2.637648165193863861e+02,2.547468675731024064e+02,2.612568035244914313e+02,2.562758300768155095e+02,2.563535560274959266e+02,2.720439048732879428e+02,2.750309772052280550e+02,2.750632505307850124e+02,2.726032833423626016e+02,1.600067525138882338e+05,3.419248190289977174e+00,1.080355888712248102e+01
2.940000000000000000e+03,8.520000000000000000e+03,2.767729131436094008e+02,2.664156151511640473e+02,2.595703158326634252e+02,2.532139525329792491e+02,2.636246734726688601e+02,2.546252361214421285e+02,2.610388319159462185e+02,2.561415760650857010e+02,2.562189649218864247e+02,2.719425896968065217e+02,2.749812981463915094e+02,2.749646913446960070e+02,2.724958144132725693e+02,1.599331638823748217e+05,3.419248190289977174e+00,1.077811277183062977e+01
2.950000000000000000e+03,8.530000000000000000e+03,2.767458811711250064e+02,2.662709594820992720e+02,2.594132685967863381e+02,2.530538213226464563e+02,2.634852031273336479e+02,2.545039249649707074e+02,2.608227540010948928e+02,2.560077674992501215e+02,2.560848091000823388e+02,2.718412190866997662e+02,2.749314705968001817e+02,2.748660592776284943e+02,2.723882272008025893e+02,1.598598279415967991e+05,3.419248190289977174e+00,1.075284369475101975e+01
2.960000000000000000e+03,8.540000000000000000e+03,2.767185248907734376e+02,2.661267936301116492e+02,2.592569873745615610e+02,2.528945261355726757e+02,2.633463997410481170e+02,2.543829346382843255e+02,2.606085409756057629e+02,2.558744034919873798e+02,2.559510877639685305e+02,2.717397981198388379e+02,2.748814961442824369e+02,2.747673588715008464e+02,2.722805277929943486e+02,1.597867429420892149e+05,3.419248190289977174e+00,1.072774956164998628e+01
2.970000000000000000e+03,8.550000000000000000e+03,2.766908470043983925e+02,2.659831168715934950e+02,2.591014660338978501e+02,2.527360594287433457e+02,2.632082576479676845e+02,2.542622656240003778e+02,2.603961646276836177e+02,2.557414831246450717e+02,2.558178000834818988e+02,2.716383317654286884e+02,2.748313763544133508e+02,2.746685945652126293e+02,2.721727221788366364e+02,1.597139071549893706e+05,3.419248190289977174e+00,1.070282831614443353e+01
2.980000000000000000e+03,8.560000000000000000e+03,2.766628501947266159e+02,2.658399284383343684e+02,2.589466985055703958e+02,2.525784137516280055e+02,2.630707712514862919e+02,2.541419183513075950e+02,2.601855973228335301e+02,2.556090054475534430e+02,2.556849451999957523e+02,2.715368248859992377e+02,2.747811127879097626e+02,2.745697707118447397e+02,2.720648162028466004e+02,1.596413188716256409e+05,3.419248190289977174e+00,1.067807793858045784e+01
2.990000000000000000e+03,8.570000000000000000e+03,2.766345371247265916e+02,2.656972275059101776e+02,2.587926787835050391e+02,2.524215817413226546e+02,2.629339350268416524e+02,2.540218932004397629e+02,2.599768119872391594e+02,2.554769694819446215e+02,2.555525222255139965e+02,2.714352822415847868e+02,2.747307069622740414e+02,2.744708915728647298e+02,2.719568156227566078e+02,1.595689764031438972e+05,3.419248190289977174e+00,1.065349644508520832e+01
3.000000000000000000e+03,8.580000000000000000e+03,2.766059104386328045e+02,2.655550131519283923e+02,2.586394009321159615e+02,2.522655561274529532e+02,2.627977435192509006e+02,2.539021905036685780e+02,2.597697820960191848e+02,2.553453742211910935e+02,2.554205302445058123e+02,2.713337084832804749e+02,2.746801603916532031e+02,2.743719613178424765e+02,2.718487260872684601e+02,1.594968780802058172e+05,3.419248190289977174e+00,1.062908188683443456e+01
3.010000000000000000e+03,8.590000000000000000e+03,2.765769727612578208e+02,2.654132843767412169e+02,2.584868590797298111e+02,2.521103297286245777e+02,2.626621913417590122e+02,2.537828105466396664e+02,2.595644816600967033e+02,2.552142186312194951e+02,2.552889683149396092e+02,2.712321081802350591e+02,2.746294745706683784e+02,2.742729840303617266e+02,2.717405531302798636e+02,1.594250222525905992e+05,3.419248190289977174e+00,1.060483234916654460e+01
3.020000000000000000e+03,8.600000000000000000e+03,2.765477266989062741e+02,2.652720401482295074e+02,2.583350474154381686e+02,2.519558954478636110e+02,2.625272731760983334e+02,2.536637535708437383e+02,2.593608852088050298e+02,2.550835016528482129e+02,2.551578354694977122e+02,2.711304857842796423e+02,2.745786509750885216e+02,2.741739637089202688e+02,2.716323021878350801e+02,1.593534072889291856e+05,3.419248190289977174e+00,1.058074595066868717e+01
3.030000000000000000e+03,8.610000000000000000e+03,2.765181748386953586e+02,2.651312793664527589e+02,2.581839601908859549e+02,2.518022462745186658e+02,2.623929837695491187e+02,2.535450197737671374e+02,2.591589677793284068e+02,2.549532222016470655e+02,2.550271307166955523e+02,2.710288456588527310e+02,2.745276910649457136e+02,2.740749042687803012e+02,2.715239785922411215e+02,1.592820315762930550e+05,3.419248190289977174e+00,1.055682084239306029e+01
3.040000000000000000e+03,8.620000000000000000e+03,2.764883197495781815e+02,2.649910008761116842e+02,2.580335917195253614e+02,2.516493752821563135e+02,2.622593179344169698e+02,2.534266093110492193e+02,2.589587049033351605e+02,2.548233791697837205e+02,2.548968530415652083e+02,2.709271920730644752e+02,2.744765962837772122e+02,2.739758095436703798e+02,2.714155875752961151e+02,1.592108935199557454e+05,3.419248190289977174e+00,1.053305520703647602e+01
3.050000000000000000e+03,8.630000000000000000e+03,2.764581639819297152e+02,2.648512034773099231e+02,2.578839363752371696e+02,2.514972756277422263e+02,2.621262705471571053e+02,2.533085222977000512e+02,2.587600725952548828e+02,2.546939714269267370e+02,2.547670014070316995e+02,2.708255291974707006e+02,2.744253680599064182e+02,2.738766832867453331e+02,2.713071342702843936e+02,1.591399915430734400e+05,3.419248190289977174e+00,1.050944725826953530e+01
3.060000000000000000e+03,8.640000000000000000e+03,2.764277100675859629e+02,2.647118858896627671e+02,2.577349885919717849e+02,2.513459405502925108e+02,2.619938365472199848e+02,2.531907588093082779e+02,2.585630473399091898e+02,2.545649978199093084e+02,2.546375747543470993e+02,2.707238611328633056e+02,2.743740078040675598e+02,2.737775291797216823e+02,2.711986237132498445e+02,1.590693240863134852e+05,3.419248190289977174e+00,1.048599523990068860e+01
3.070000000000000000e+03,8.650000000000000000e+03,2.763969605204061963e+02,2.645730468192979288e+02,2.575867428626152673e+02,2.511953633697673069e+02,2.618620109358483887e+02,2.530733188835571355e+02,2.583676060810668105e+02,2.544364571758001148e+02,2.545085720045586015e+02,2.706221918740012597e+02,2.743225169134213388e+02,2.736783508165973444e+02,2.710900608453845848e+02,1.589988896076601231e+05,3.419248190289977174e+00,1.046269742524977886e+01
3.080000000000000000e+03,8.660000000000000000e+03,2.763659178361015734e+02,2.644346849189157069e+02,2.574391937382268907e+02,2.510455374858900370e+02,2.617307887750808959e+02,2.529562025212842968e+02,2.581737262102879527e+02,2.543083483016678201e+02,2.543799920591135617e+02,2.705205253295569605e+02,2.742708967703453027e+02,2.735791517241615907e+02,2.709814505131131455e+02,1.589286865820563980e+05,3.419248190289977174e+00,1.043955211641682546e+01
3.090000000000000000e+03,8.670000000000000000e+03,2.763345844924843959e+02,2.642967987883047272e+02,2.572923358262443116e+02,2.508964563763017850e+02,2.616001651867918554e+02,2.528394096875770458e+02,2.579813855552508812e+02,2.541806699854414262e+02,2.542518338002055316e+02,2.704188653285616510e+02,2.742191487428059418e+02,2.734799353547459191e+02,2.708727974805171925e+02,1.588587135011296195e+05,3.419248190289977174e+00,1.041655764355904878e+01
3.100000000000000000e+03,8.680000000000000000e+03,2.763029629494531605e+02,2.641593869940146533e+02,2.571461637928598520e+02,2.507481135974018116e+02,2.614701353516981044e+02,2.527229403133264327e+02,2.577905623712126726e+02,2.540534209967458423e+02,2.541240960925286174e+02,2.703172156139283970e+02,2.741672741844835741e+02,2.733807050896396618e+02,2.707641064109191120e+02,1.587889688729532063e+05,3.419248190289977174e+00,1.039371236436313062e+01
3.110000000000000000e+03,8.690000000000000000e+03,2.762710556492343699e+02,2.640224480680728902e+02,2.570006723588271598e+02,2.506005027814920822e+02,2.613406945083614801e+02,2.526067942959266475e+02,2.576012353283838365e+02,2.539266000881266905e+02,2.539967777839529219e+02,2.702155798489353629e+02,2.741152744356503490e+02,2.732814642398523119e+02,2.706553818787255068e+02,1.587194512217363226e+05,3.419248190289977174e+00,1.037101466332724087e+01
3.120000000000000000e+03,8.700000000000000000e+03,2.762388650168047093e+02,2.638859805017256122e+02,2.568558563004696680e+02,2.504536176360752506e+02,2.612118379522671603e+02,2.524909715006864985e+02,2.574133835035580660e+02,2.538002059952782474e+02,2.538698777055876690e+02,2.701139616167472468e+02,2.740631508233142313e+02,2.731822160474056318e+02,2.705466283749986474e+02,1.586501590875927941e+05,3.419248190289977174e+00,1.034846295116448722e+01
3.130000000000000000e+03,8.710000000000000000e+03,2.762063934593124941e+02,2.637499829868633014e+02,2.567117104071178346e+02,2.503074519142124643e+02,2.610835610349888043e+02,2.523754717496650528e+02,2.572269863568283199e+02,2.536742374389401675e+02,2.537433946762116932e+02,2.700123644239715759e+02,2.740109046654736176e+02,2.730829637240369721e+02,2.704378502425811348e+02,1.585810910262184916e+05,3.419248190289977174e+00,1.032605566313328538e+01
3.140000000000000000e+03,8.720000000000000000e+03,2.761736433669921666e+02,2.636144534589408295e+02,2.565682296499402355e+02,2.501619995255827007e+02,2.609558591629307784e+02,2.522602948706160078e+02,2.570420237693298304e+02,2.535486931224673697e+02,2.536173274889873142e+02,2.699107917014729310e+02,2.739585372567319155e+02,2.729837103079913163e+02,2.703290519294794763e+02,1.585122456084289588e+05,3.419248190289977174e+00,1.030379126229980535e+01
3.150000000000000000e+03,8.730000000000000000e+03,2.761406171126171785e+02,2.634793905707734893e+02,2.564254089185288876e+02,2.500172543751048124e+02,2.608287277966176703e+02,2.521454406274506255e+02,2.568584759741352741e+02,2.534235717381291693e+02,2.534916749334949770e+02,2.698092467952766356e+02,2.739060498884517756e+02,2.728844588839707512e+02,2.702202376186321544e+02,1.584436214213233325e+05,3.419248190289977174e+00,1.028166823425119070e+01
3.160000000000000000e+03,8.740000000000000000e+03,2.761073170521406155e+02,2.633447926729352275e+02,2.562832432031182179e+02,2.498732104587705862e+02,2.607021624500318921e+02,2.520309087667549761e+02,2.566763235736648312e+02,2.532988719620205984e+02,2.533664357828145342e+02,2.697077329858288977e+02,2.738534438363793129e+02,2.727852124343771720e+02,2.701114114780690443e+02,1.583752170656297822e+05,3.419248190289977174e+00,1.025968508852784922e+01
3.170000000000000000e+03,8.750000000000000000e+03,2.760737455243281602e+02,2.632106581168352477e+02,2.561417275431865619e+02,2.497298618433480044e+02,2.605761586895017103e+02,2.519166990065489813e+02,2.564955475348419895e+02,2.531745924578223992e+02,2.532416087970883325e+02,2.696062534885078890e+02,2.738007203655289459e+02,2.726859738807559097e+02,2.700025775798786185e+02,1.583070311571868078e+05,3.419248190289977174e+00,1.023784035823234717e+01
3.180000000000000000e+03,8.760000000000000000e+03,2.760399048517188021e+02,2.630769852112620697e+02,2.560008570326366453e+02,2.495872026674970527e+02,2.604507121329933170e+02,2.518028110404444249e+02,2.563161291765403007e+02,2.530507318772550889e+02,2.531171927236153749e+02,2.695048114340793290e+02,2.737478807291178668e+02,2.725867460880550652e+02,2.698937399276179576e+02,1.582390623262992594e+05,3.419248190289977174e+00,1.021613259947188368e+01
3.190000000000000000e+03,8.770000000000000000e+03,2.760057973394531246e+02,2.629437722508385491e+02,2.558606268138967152e+02,2.494452271374684926e+02,2.603258184492560758e+02,2.516892445362529713e+02,2.561380501617249479e+02,2.529272888600693818e+02,2.529931862980809854e+02,2.694034098903205177e+02,2.736949261686694399e+02,2.724875318551657983e+02,2.697849024478137494e+02,1.581713092174433114e+05,3.419248190289977174e+00,1.019456039077657827e+01
3.200000000000000000e+03,8.780000000000000000e+03,2.759714252768125107e+02,2.628110175019550638e+02,2.557210320789479283e+02,2.493039295266470958e+02,2.602014733570522367e+02,2.515759991369112356e+02,2.559612924890108161e+02,2.528042620350179277e+02,2.528695882450107888e+02,2.693020518572900528e+02,2.736418579150486039e+02,2.723883339279413462e+02,2.696760689915377611e+02,1.581037704891240865e+05,3.419248190289977174e+00,1.017312233258128629e+01
3.210000000000000000e+03,8.790000000000000000e+03,2.759367909362734395e+02,2.626787192113304172e+02,2.555820680688577227e+02,2.491633041749758490e+02,2.600776726243842063e+02,2.514630744617912228e+02,2.557858384855731515e+02,2.526816500201418876e+02,2.527463972783518500e+02,2.692007402682839370e+02,2.735886771876640182e+02,2.722891549950677472e+02,2.695672433364111384e+02,1.580364448136221326e+05,3.419248190289977174e+00,1.015181704678843744e+01
3.220000000000000000e+03,8.800000000000000000e+03,2.759018965740156091e+02,2.625468756064310014e+02,2.554437300730634490e+02,2.490233454876812687e+02,2.599544120677155092e+02,2.513504701072527610e+02,2.556116707990560144e+02,2.525594514235662018e+02,2.526236121020190240e+02,2.690994779914297510e+02,2.735353851953784101e+02,2.721899976898068303e+02,2.694584291873448478e+02,1.579693308767719427e+05,3.419248190289977174e+00,1.013064317627348920e+01
3.230000000000000000e+03,8.810000000000000000e+03,2.758667444304609262e+02,2.624154848952669568e+02,2.553060134290799397e+02,2.488840479348480130e+02,2.598316875510158184e+02,2.512381856477113615e+02,2.554387723908310761e+02,2.524376648439556448e+02,2.525012314104477014e+02,2.689982678307143260e+02,2.734819831358081501e+02,2.720908645909965458e+02,2.693496301784265370e+02,1.579024273778008355e+05,3.419248190289977174e+00,1.010959938449211393e+01
3.240000000000000000e+03,8.820000000000000000e+03,2.758313367294062459e+02,2.622845452757370026e+02,2.551689135194890241e+02,2.487454060490137522e+02,2.597094949851409069e+02,2.511262206348695827e+02,2.552671265287015387e+02,2.523162888709696290e+02,2.523792538888716876e+02,2.688971125273232019e+02,2.734284722003267234e+02,2.719917582246227994e+02,2.692408498737585205e+02,1.578357330290788668e+05,3.419248190289977174e+00,1.008868435493633342e+01
3.250000000000000000e+03,8.830000000000000000e+03,2.757956756792343640e+02,2.621540549189876401e+02,2.550324257765566074e+02,2.486074144266903545e+02,2.595878303275521262e+02,2.510145746014705708e+02,2.550967167799699951e+02,2.521953220858240172e+02,2.522576782143484024e+02,2.687960147640072819e+02,2.733748535633379788e+02,2.718926810645019714e+02,2.691320917685332574e+02,1.577692465559608536e+05,3.419248190289977174e+00,1.006789679087686551e+01
3.260000000000000000e+03,8.840000000000000000e+03,2.757597634719687676e+02,2.620240119934463223e+02,2.548965456768125932e+02,2.484700677258499013e+02,2.594666895809878042e+02,2.509032470594794120e+02,2.549275270047752997e+02,2.520747630618751600e+02,2.521365030556458180e+02,2.686949771580897277e+02,2.733211283936961991e+02,2.717936355318628330e+02,2.690233592900392523e+02,1.577029666965383221e+05,3.419248190289977174e+00,1.004723541484036531e+01
3.270000000000000000e+03,8.850000000000000000e+03,2.757236022847031336e+02,2.618944146130169770e+02,2.547612687417012580e+02,2.483333606654795744e+02,2.593460687924547869e+02,2.507922375011837346e+02,2.547595413496960077e+02,2.519546103650419582e+02,2.520157270726975582e+02,2.685940022706826085e+02,2.732672978492671518e+02,2.716946240057603745e+02,2.689146558263649922e+02,1.576368922015625867e+05,3.419248190289977174e+00,1.002669896819342732e+01
3.280000000000000000e+03,8.860000000000000000e+03,2.756871942781874623e+02,2.617652609728170319e+02,2.546265905392380660e+02,2.481972880247198532e+02,2.592259640541494150e+02,2.506815454012489113e+02,2.545927442414248674e+02,2.518348625540012904e+02,2.518953489215883508e+02,2.684930926050223547e+02,2.732133630792166059e+02,2.715956488046532513e+02,2.688059846262696624e+02,1.575710218340960564e+05,3.419248190289977174e+00,1.000628621090593562e+01
3.290000000000000000e+03,8.870000000000000000e+03,2.756505415982656473e+02,2.616365491739713889e+02,2.544925066788167669e+02,2.480618446410831837e+02,2.591063715010531610e+02,2.505711702148093423e+02,2.544271203803942853e+02,2.517155181813496938e+02,2.517753672490537440e+02,2.683922506075956562e+02,2.731593252227582980e+02,2.714967122056590370e+02,2.686973489480106991e+02,1.575053543694997206e+05,3.419248190289977174e+00,9.985995920980370144e+00
3.300000000000000000e+03,8.880000000000000000e+03,2.756136463750859775e+02,2.615082773317128613e+02,2.543590128169057607e+02,2.479270254124376720e+02,2.589872873108519684e+02,2.504611113811880330e+02,2.542626547351179340e+02,2.515965757932314091e+02,2.516557806960625499e+02,2.682914786691771951e+02,2.731051854099804359e+02,2.713978164374713060e+02,2.685887519561775321e+02,1.574398885951299453e+05,3.419248190289977174e+00,9.965826894229218524e+00
3.310000000000000000e+03,8.890000000000000000e+03,2.755765107235234268e+02,2.613804435564710502e+02,2.542261046499573922e+02,2.477928252924064907e+02,2.588687077037113795e+02,2.503513683222235500e+02,2.540993325352774264e+02,2.514780339302389507e+02,2.515365878976319891e+02,2.681907791240639085e+02,2.730509447617097294e+02,2.712989636804480256e+02,2.684801967656479746e+02,1.573746233101996477e+05,3.419248190289977174e+00,9.945777943810558241e+00
3.320000000000000000e+03,8.900000000000000000e+03,2.755391367437655958e+02,2.612530459308196669e+02,2.540937779191553432e+02,2.476592392926625621e+02,2.587506289412119713e+02,2.502419404432075964e+02,2.539371392684119826e+02,2.513598911273826104e+02,2.514177874833484054e+02,2.680901542615878270e+02,2.729966043892384278e+02,2.712001560836923773e+02,2.683716864174151624e+02,1.573095573256863863e+05,3.419248190289977174e+00,9.925847899964503895e+00
3.330000000000000000e+03,8.910000000000000000e+03,2.755015265205078094e+02,2.611260825584176359e+02,2.539620284074781580e+02,2.475262624811432488e+02,2.586330473255762854e+02,2.501328271346703502e+02,2.537760606718042879e+02,2.512421459150141914e+02,2.512993780777907489e+02,2.679896063050832140e+02,2.729421653962137384e+02,2.711013957329740265e+02,2.682632239015089226e+02,1.572446894640187966e+05,3.419248190289977174e+00,9.906035609660749586e+00
3.340000000000000000e+03,8.920000000000000000e+03,2.754636821239062670e+02,2.609995515169026703e+02,2.538308519387717865e+02,2.473938899804684297e+02,2.585159591997035591e+02,2.500240277715716957e+02,2.536160827284546713e+02,2.511247968187894344e+02,2.511813583005460089e+02,2.678891374392482589e+02,2.728876288764740821e+02,2.710026846790410104e+02,2.681548121478579105e+02,1.571800185590402398e+05,3.419248190289977174e+00,9.886339936224985081e+00
3.350000000000000000e+03,8.930000000000000000e+03,2.754256056091093683e+02,2.608734508885501100e+02,2.537002443782115790e+02,2.472621169679994182e+02,2.583993609460897005e+02,2.499155417146295690e+02,2.534571916614906968e+02,2.510078423603741271e+02,2.510637267669822847e+02,2.677887497897786488e+02,2.728329959160589624e+02,2.709040249291268765e+02,2.680464540284101531e+02,1.571155434557980043e+05,3.419248190289977174e+00,9.866759759054318124e+00
3.360000000000000000e+03,8.940000000000000000e+03,2.753872990166094041e+02,2.607477787403564662e+02,2.535702016315603657e+02,2.471309386751184718e+02,2.582832489861767158e+02,2.498073683102458915e+02,2.532993739292095086e+02,2.508912810575189667e+02,2.509464820882108427e+02,2.676884454364951580e+02,2.727782675919918347e+02,2.708054184541434779e+02,2.679381523583565468e+02,1.570512630103755509e+05,3.419248190289977174e+00,9.847293973294405589e+00
3.370000000000000000e+03,8.950000000000000000e+03,2.753487643723593692e+02,2.606225331460032635e+02,2.534407196434557648e+02,2.470003503852431095e+02,2.581676197801724584e+02,2.496995068916438072e+02,2.531426162190763307e+02,2.507751114243500865e+02,2.508296228716597227e+02,2.675882264144563010e+02,2.727234449733956581e+02,2.707068671753247600e+02,2.678299098976769983e+02,1.569871760897323256e+05,3.419248190289977174e+00,9.827941489492944882e+00
3.380000000000000000e+03,8.960000000000000000e+03,2.753100036878984156e+02,2.604977121683951964e+02,2.533117944008127438e+02,2.468703474360521568e+02,2.580524698260875880e+02,2.495919567789913742e+02,2.529869054454794934e+02,2.506593319720766999e+02,2.507131477212597588e+02,2.674880947015375341e+02,2.726685291210781088e+02,2.706083729792472354e+02,2.677217293515377605e+02,1.569232815716055920e+05,3.419248190289977174e+00,9.808701233402608466e+00
3.390000000000000000e+03,8.970000000000000000e+03,2.752710189604453035e+02,2.603733138689928523e+02,2.531834219273619055e+02,2.467409252156002708e+02,2.579377956595545811e+02,2.494847172799098303e+02,2.528322287420260750e+02,2.505439412091669169e+02,2.505970552379427829e+02,2.673880522372249970e+02,2.726135210875234520e+02,2.705099377122416513e+02,2.676136133715350525e+02,1.568595783443342079e+05,3.419248190289977174e+00,9.789572145616681098e+00
3.400000000000000000e+03,8.980000000000000000e+03,2.752318121727109315e+02,2.602493363069082193e+02,2.530555982850776218e+02,2.466120791624134654e+02,2.578235938528967495e+02,2.493777876896930650e+02,2.526785734584224201e+02,2.504289376411589387e+02,2.504813440196301997e+02,2.672881009134936789e+02,2.725584219210450669e+02,2.704115631822666614e+02,2.675055645564187898e+02,1.567960653066585364e+05,3.419248190289977174e+00,9.770553181257060515e+00
3.410000000000000000e+03,8.990000000000000000e+03,2.751923852934219212e+02,2.601257775392871281e+02,2.529283195765971186e+02,2.464838047668950765e+02,2.577098610149703291e+02,2.492711672930749671e+02,2.525259271558033163e+02,2.503143197717605517e+02,2.503660126616987895e+02,2.671882425772903389e+02,2.725032326526053339e+02,2.703132511592993978e+02,2.673975854532377525e+02,1.567327413676452707e+05,3.419248190289977174e+00,9.751643309801952597e+00
3.420000000000000000e+03,9.000000000000000000e+03,2.751527402773828044e+02,2.600026356230101214e+02,2.528015819379800746e+02,2.463560975664262855e+02,2.575965937903434906e+02,2.491648553615898436e+02,2.523742776021510394e+02,2.502000861024535823e+02,2.502510597572474751e+02,2.670884790318001478e+02,2.724479543139188422e+02,2.702150033841423920e+02,2.672896785580214782e+02,1.566696054465436609e+05,3.419248190289977174e+00,9.732841514664286819e+00
3.430000000000000000e+03,9.010000000000000000e+03,2.751128790652578573e+02,2.598799086131533613e+02,2.526753815489551300e+02,2.462289531512918188e+02,2.574837888589898967e+02,2.490588511595366299e+02,2.522236127683374889e+02,2.500862351332975777e+02,2.501364838975722193e+02,2.669888120373004199e+02,2.723925879266397487e+02,2.701168215390154046e+02,2.671818463164753439e+02,1.566066564726190409e+05,3.419248190289977174e+00,9.714146793165268079e+00
3.440000000000000000e+03,9.020000000000000000e+03,2.750728035840937196e+02,2.597575945728766555e+02,2.525497146207763421e+02,2.461023671566007920e+02,2.573714429361306770e+02,2.489531539378363050e+02,2.520739208239668301e+02,2.499727653628659709e+02,2.500222836724934723e+02,2.668892433118093095e+02,2.723371345050474019e+02,2.700187072930518752e+02,2.670740911155608046e+02,1.565438933850375761e+05,3.419248190289977174e+00,9.695558156055550825e+00
3.450000000000000000e+03,9.030000000000000000e+03,2.750325157467422059e+02,2.596356915349026622e+02,2.524245774014662800e+02,2.459763352660181965e+02,2.572595527701981837e+02,2.488477629386025569e+02,2.519251901323746097e+02,2.498596752885405863e+02,2.499084576688722450e+02,2.667897745322125047e+02,2.722815950550750017e+02,2.699206622717839537e+02,2.669664153280874643e+02,1.564813151326794759e+05,3.419248190289977174e+00,9.677074627300857657e+00
3.460000000000000000e+03,9.040000000000000000e+03,2.749920174530156487e+02,2.595141975695384531e+02,2.522999661762353867e+02,2.458508532101804178e+02,2.571481151442408759e+02,2.487426773943309968e+02,2.517774092477245063e+02,2.497469634068692130e+02,2.497950044737914936e+02,2.666904073346912583e+02,2.722259705759549888e+02,2.698226880695201544e+02,2.668588212410770666e+02,1.564189206741115195e+05,3.419248190289977174e+00,9.658695243913880901e+00
3.470000000000000000e+03,9.050000000000000000e+03,2.749513105887187407e+02,2.593931107404628733e+02,2.521758772641007909e+02,2.457259167653103589e+02,2.570371268746382611e+02,2.486378965274620327e+02,2.516305669112243493e+02,2.496346282139363666e+02,2.496819226728590877e+02,2.665911433156963426e+02,2.721702620589848607e+02,2.697247862438994161e+02,2.667513111118110487e+02,1.563567089774001506e+05,3.419248190289977174e+00,9.640419055667223347e+00
3.480000000000000000e+03,9.060000000000000000e+03,2.749103970264218901e+02,2.592724290988662688e+02,2.520523070217018926e+02,2.456015217544236293e+02,2.569265848106630870e+02,2.485334195537464268e+02,2.514846520460110924e+02,2.495226682050919180e+02,2.495692108508579565e+02,2.664919840353612699e+02,2.721144704917616082e+02,2.696269583206015454e+02,2.666438871455496837e+02,1.562946790199431125e+05,3.419248190289977174e+00,9.622245124912296887e+00
3.490000000000000000e+03,9.070000000000000000e+03,2.748692786254218845e+02,2.591521507105436513e+02,2.519292518396268576e+02,2.454776640460348460e+02,2.568164858338661816e+02,2.484292456792919097e+02,2.513396537555307475e+02,2.494110818758799439e+02,2.494568675921127863e+02,2.663929310086683131e+02,2.720585968485908097e+02,2.695292057934850050e+02,2.665365515073519873e+02,1.562328297884394997e+05,3.419248190289977174e+00,9.604172526335116089e+00
3.500000000000000000e+03,9.080000000000000000e+03,2.748279572313750236e+02,2.590322736377295314e+02,2.518067081415755410e+02,2.453543395519167234e+02,2.567068268581313077e+02,2.483253741021691212e+02,2.511955613182865648e+02,2.492998677217698571e+02,2.493448914805013601e+02,2.662939857202903227e+02,2.720026421005422321e+02,2.694315301243656222e+02,2.664293063166189768e+02,1.561711602786770964e+05,3.419248190289977174e+00,9.586200346693546592e+00
3.510000000000000000e+03,9.090000000000000000e+03,2.747864346774452997e+02,2.589127959486816621e+02,2.516846723854786774e+02,2.452315442281189064e+02,2.565976048285542674e+02,2.482218040128385894e+02,2.510523641847441354e+02,2.491890242384640715e+02,2.492332810997170327e+02,2.661951496149892478e+02,2.719466072113358450e+02,2.693339327442610625e+02,2.663221536492929431e+02,1.561096694955093553e+05,3.419248190289977174e+00,9.568327684611565687e+00
3.520000000000000000e+03,9.100000000000000000e+03,2.747447127832343767e+02,2.587937157148655842e+02,2.515631410627045170e+02,2.451092740739274802e+02,2.564888167216026886e+02,2.481185345942487288e+02,2.509100519742724202e+02,2.490785499222018302e+02,2.491220350335186424e+02,2.660964241012568436e+02,2.718904931376159197e+02,2.692364150534771170e+02,2.662150955383795576e+02,1.560483564526346745e+05,3.419248190289977174e+00,9.550553650401733208e+00
3.530000000000000000e+03,9.110000000000000000e+03,2.747027933553906109e+02,2.586750310091982783e+02,2.514421106979396257e+02,2.449875251314899742e+02,2.563804595443275502e+02,2.480155650224336341e+02,2.507686144715273997e+02,2.489684432699942818e+02,2.490111518658805210e+02,2.659978105541080708e+02,2.718343008291230944e+02,2.691389784222528192e+02,2.661081339749314338e+02,1.559872201725640916e+05,3.419248190289977174e+00,9.532877365829452998e+00
3.540000000000000000e+03,9.120000000000000000e+03,2.746606781880000199e+02,2.585567399145872400e+02,2.513215778516229193e+02,2.448662934876917632e+02,2.562725303339357197e+02,2.479128944666372263e+02,2.506280416252485566e+02,2.488587027795755375e+02,2.489006301815985296e+02,2.658993103132622196e+02,2.717780312313009858e+02,2.690416241707883955e+02,2.660012709087153553e+02,1.559262596864809166e+05,3.419248190289977174e+00,9.515297964035969613e+00
3.550000000000000000e+03,9.130000000000000000e+03,2.746183690623124676e+02,2.584388404952018163e+02,2.512015391035969287e+02,2.447455752618278666e+02,2.561650261577690344e+02,2.478105220896043477e+02,2.504883235355953275e+02,2.487493269496316088e+02,2.487904685650521515e+02,2.658009246835797512e+02,2.717216852760543588e+02,2.689443536701738822e+02,2.658945082483010651e+02,1.558654740341178840e+05,3.419248190289977174e+00,9.497814588882919296e+00
3.560000000000000000e+03,9.140000000000000000e+03,2.745758677464766038e+02,2.583213308629104858e+02,2.510819910817198775e+02,2.446253666244650731e+02,2.560579441124361324e+02,2.477084470478071694e+02,2.503494504669549201e+02,2.486403142803470416e+02,2.486806656022026800e+02,2.657026549377392257e+02,2.716652638955432053e+02,2.688471681576645551e+02,2.657878478635207102e+02,1.558048622636364307e+05,3.419248190289977174e+00,9.480426395420892050e+00
3.570000000000000000e+03,9.150000000000000000e+03,2.745331759964452658e+02,2.582042091009043361e+02,2.509629304381733164e+02,2.445056637830371358e+02,2.559512813237288356e+02,2.476066684920763237e+02,2.502114128333546432e+02,2.485316632731937432e+02,2.485712198798713359e+02,2.656045023149191024e+02,2.716087680131878983e+02,2.687500688978294079e+02,2.656812915842131133e+02,1.557444234315725043e+05,3.419248190289977174e+00,9.463132549328573617e+00
3.580000000000000000e+03,9.160000000000000000e+03,2.744902955555780864e+02,2.580874733078603640e+02,2.508443538540932423e+02,2.443864629846808043e+02,2.558450349440306582e+02,2.475051855659728517e+02,2.500742011985062447e+02,2.484233724307940179e+02,2.484621299858676480e+02,2.655064680317298098e+02,2.715521985455962408e+02,2.686530571207209732e+02,2.655748412018101590e+02,1.556841566026356886e+05,3.419248190289977174e+00,9.445932226674230492e+00
3.590000000000000000e+03,9.170000000000000000e+03,2.744472281551953188e+02,2.579711215853265003e+02,2.507262580489469030e+02,2.442677605162679697e+02,2.557392021595555889e+02,2.474039974117977181e+02,2.499378062731509829e+02,2.483154402588424432e+02,2.483533945092824808e+02,2.654085532471273154e+02,2.714955564035146836e+02,2.685561340294730144e+02,2.654684984695164758e+02,1.556240608498622896e+05,3.419248190289977174e+00,9.428824614065364429e+00
3.600000000000000000e+03,9.180000000000000000e+03,2.744039755135468681e+02,2.578551520420485303e+02,2.506086397651102402e+02,2.441495527033297890e+02,2.556337801792975029e+02,2.473031031631056180e+02,2.498022189118968868e+02,2.482078652637442531e+02,2.482450120407055749e+02,2.653107591153132034e+02,2.714388424907443778e+02,2.684593008007069557e+02,2.653622651034365276e+02,1.555641352540914086e+05,3.419248190289977174e+00,9.411808908077311742e+00
3.610000000000000000e+03,9.190000000000000000e+03,2.743605393371328205e+02,2.577395627907174571e+02,2.504914957777257882e+02,2.440318359099248084e+02,2.555287662413497287e+02,2.472025019496493030e+02,2.496674301107803444e+02,2.481006459543661720e+02,2.481369811720018674e+02,2.652130867519289268e+02,2.713820577051488385e+02,2.683625585826924862e+02,2.652561427875474465e+02,1.555043789042151184e+05,3.419248190289977174e+00,9.394884315291527344e+00
3.620000000000000000e+03,9.200000000000000000e+03,2.743169213203593699e+02,2.576243519520853056e+02,2.503748228916321352e+02,2.439146065379967183e+02,2.554241576109356515e+02,2.471021928964450467e+02,2.495334310043020025e+02,2.479937808415675420e+02,2.480293004971303503e+02,2.651155372427386396e+02,2.713252029380595332e+02,2.682659085083992636e+02,2.651501331581247882e+02,1.554447908969244454e+05,3.419248190289977174e+00,9.378050052086518207e+00
3.630000000000000000e+03,9.210000000000000000e+03,2.742731231453593637e+02,2.575095176574599805e+02,2.502586179412330978e+02,2.437978610270023410e+02,2.553199515802909332e+02,2.470021751245851647e+02,2.494002128631149731e+02,2.478872684387774257e+02,2.479219686116615833e+02,2.650181116447109844e+02,2.712682790750176309e+02,2.681693516726957114e+02,2.650442378252256503e+02,1.553853703366774716e+05,3.419248190289977174e+00,9.361305344516022586e+00
3.640000000000000000e+03,9.220000000000000000e+03,2.742291464823515525e+02,2.573950580366640679e+02,2.501428778169504596e+02,2.436815958532795605e+02,2.552161454859655123e+02,2.469024477665190034e+02,2.492677670911129439e+02,2.477811072618981143e+02,2.478149841185157243e+02,2.649208109860287550e+02,2.712112869953272138e+02,2.680728891547510102e+02,2.649384582469727434e+02,1.553261163355780009e+05,3.419248190289977174e+00,9.344649428901046662e+00
3.650000000000000000e+03,9.230000000000000000e+03,2.741849929898202731e+02,2.572809712147025039e+02,2.500275993484016794e+02,2.435658075295044682e+02,2.551127366346461827e+02,2.468030099018348267e+02,2.491360852229235263e+02,2.476752958293384950e+02,2.477083456075831407e+02,2.648236362663170667e+02,2.711542275720625526e+02,2.679765220056760882e+02,2.648327962300720628e+02,1.552670280132083572e+05,3.419248190289977174e+00,9.328081548590571259e+00
3.660000000000000000e+03,9.240000000000000000e+03,2.741406643142656208e+02,2.571672553601572417e+02,2.499127794947545738e+02,2.434504926045675290e+02,2.550097224162136058e+02,2.467038606565652969e+02,2.490051589219515620e+02,2.475698326621363776e+02,2.476020516837624257e+02,2.647265884606672444e+02,2.710971016725109166e+02,2.678802512562095899e+02,2.647272531201020911e+02,1.552081044967188500e+05,3.419248190289977174e+00,9.311600958054421895e+00
3.670000000000000000e+03,9.250000000000000000e+03,2.740961620905624727e+02,2.570539086274616238e+02,2.497984152022487478e+02,2.433356476626274798e+02,2.549071002272484918e+02,2.466049991366673453e+02,2.488749799772219831e+02,2.474647162842756813e+02,2.474961009522733377e+02,2.646296685138562452e+02,2.710399101576044814e+02,2.677840779128870849e+02,2.646218303932743083e+02,1.551493449205616780e+05,3.419248190289977174e+00,9.295206920456376309e+00
3.680000000000000000e+03,9.260000000000000000e+03,2.740514879420000511e+02,2.569409291766832553e+02,2.496845034464064383e+02,2.432212693230111427e+02,2.548048674887768357e+02,2.465064244446369344e+02,2.487455403016143407e+02,2.473599452228665427e+02,2.473904920199372270e+02,2.645328773460917660e+02,2.709826538826902151e+02,2.676880029594579469e+02,2.645165294916779430e+02,1.550907484264822269e+05,3.419248190289977174e+00,9.278898707743344687e+00
3.690000000000000000e+03,9.270000000000000000e+03,2.740066434801562423e+02,2.568283151763658907e+02,2.495710412306393664e+02,2.431073542397323877e+02,2.547030216465496437e+02,2.464081356797869375e+02,2.486168319292404760e+02,2.472555180080503305e+02,2.472852234961843862e+02,2.644362158514703651e+02,2.709253336973447404e+02,2.675920273578250317e+02,2.644113518251030541e+02,1.550323141634416534e+05,3.419248190289977174e+00,9.262675600555141386e+00
3.700000000000000000e+03,9.280000000000000000e+03,2.739616303053437605e+02,2.567160648001693062e+02,2.494580255892190053e+02,2.429938991032744866e+02,2.546015601708334657e+02,2.463101319405522247e+02,2.484888470133524550e+02,2.471514331738191856e+02,2.471802939929009710e+02,2.643396848856967267e+02,2.708679504450758486e+02,2.674961520476532542e+02,2.643062987714689598e+02,1.549740412874888571e+05,3.419248190289977174e+00,9.246536888203918281e+00
3.710000000000000000e+03,9.290000000000000000e+03,2.739164500064843537e+02,2.566041762366800185e+02,2.493454535708299886e+02,2.428809006299606494e+02,2.545004805558854173e+02,2.462124123158235420e+02,2.483615778241282328e+02,2.470476892556258122e+02,2.470757021246830902e+02,2.642432853256846101e+02,2.708105049639950153e+02,2.674003779477177432e+02,2.642013716774154659e+02,1.549159289617055329e+05,3.419248190289977174e+00,9.230481868132205392e+00
3.720000000000000000e+03,9.300000000000000000e+03,2.738711041608828509e+02,2.564926476776611253e+02,2.492333222654696669e+02,2.427683555778884852e+02,2.543997803199448526e+02,2.461149758993581713e+02,2.482350167463672506e+02,2.469442847939782553e+02,2.469714465091307432e+02,2.641470179704739394e+02,2.707529980861326635e+02,2.673047059552407063e+02,2.640965718594077316e+02,1.548579763560860301e+05,3.419248190289977174e+00,9.214509846379383973e+00
3.730000000000000000e+03,9.310000000000000000e+03,2.738255943352108943e+02,2.563814773241959983e+02,2.491216287831612135e+02,2.426562607351219185e+02,2.542994570047652587e+02,2.460178217801768312e+02,2.481091562776920796e+02,2.468412183325748401e+02,2.468675257666731113e+02,2.640508836173052600e+02,2.706954306382369850e+02,2.672091369456335315e+02,2.639919006038184079e+02,1.548001826475378475e+05,3.419248190289977174e+00,9.198620137115140594e+00
3.740000000000000000e+03,9.320000000000000000e+03,2.737799220844062802e+02,2.562706634037796221e+02,2.490103702601276154e+02,2.425446129220043758e+02,2.541995081754624266e+02,2.459209490447905182e+02,2.479839890261894766e+02,2.467384884187066518e+02,2.467639385213114736e+02,2.639548830395539198e+02,2.706378034415325828e+02,2.671136717585113729e+02,2.638873591684867961e+02,1.547425470196824172e+05,3.419248190289977174e+00,9.182812062539502662e+00
3.750000000000000000e+03,9.330000000000000000e+03,2.737340889527422405e+02,2.561602040598356211e+02,2.488995438582698512e+02,2.424334089910630894e+02,2.540999314199032142e+02,2.458243567780226897e+02,2.478595077085716127e+02,2.466360936031412052e+02,2.466606833985195237e+02,2.638590169863385881e+02,2.705801173096430716e+02,2.670183112957362255e+02,2.637829487786071923e+02,1.546850686629026895e+05,3.419248190289977174e+00,9.167084952757415195e+00
3.760000000000000000e+03,9.340000000000000000e+03,2.736880964732890220e+02,2.560500975783372155e+02,2.487891467649394599e+02,2.423226458262930691e+02,2.540007243488075801e+02,2.457280440626433915e+02,2.477357051481271526e+02,2.465340324404058379e+02,2.465577590287539635e+02,2.637632861868016789e+02,2.705223730531867545e+02,2.669230563220633030e+02,2.636786706361952497e+02,1.546277467741521832e+05,3.419248190289977174e+00,9.151438145677886382e+00
3.770000000000000000e+03,9.350000000000000000e+03,2.736419461682577889e+02,2.559403421852858571e+02,2.486791761926483559e+02,2.422123203431072511e+02,2.539018845951157175e+02,2.456320099798371075e+02,2.476125742728715409e+02,2.464323034891917246e+02,2.464551640454110100e+02,2.636676913447407173e+02,2.704645714765687217e+02,2.668279076428550525e+02,2.635745259129950000e+02,1.545705805569505028e+05,3.419248190289977174e+00,9.135870986905160862e+00
3.780000000000000000e+03,9.360000000000000000e+03,2.735956395492187880e+02,2.558309361190123923e+02,2.485696293788111575e+02,2.421024294877006184e+02,2.538034098139224568e+02,2.455362536095285009e+02,2.474901081135417940e+02,2.463309053120393628e+02,2.463528970851040469e+02,2.635722331444073916e+02,2.704067133781674670e+02,2.667328660394823601e+02,2.634705157536363913e+02,1.545135692212847644e+05,3.419248190289977174e+00,9.120382829585892637e+00
3.790000000000000000e+03,9.370000000000000000e+03,2.735491781167734189e+02,2.557218776323896918e+02,2.484605035842124607e+02,2.419929702359944486e+02,2.537052976822073447e+02,2.454407740292793392e+02,2.473682998019962440e+02,2.462298364755274633e+02,2.462509567880381098e+02,2.634769122485818684e+02,2.703487995529346790e+02,2.666379322740707494e+02,2.633666412757340822e+02,1.544567119835470803e+05,3.419248190289977174e+00,9.104973034295504419e+00
3.800000000000000000e+03,9.380000000000000000e+03,2.735025633609375291e+02,2.556131649812783451e+02,2.483517960964823601e+02,2.418839395955352529e+02,2.536075458984689703e+02,2.453455703169684057e+02,2.472471425689887781e+02,2.461290955502730924e+02,2.461493417979733351e+02,2.633817292991786303e+02,2.702908307868187876e+02,2.665431070878810260e+02,2.632629035701502289e+02,1.544000080664062989e+05,3.419248190289977174e+00,9.089640968972439339e+00
3.810000000000000000e+03,9.390000000000000000e+03,2.734557967610937794e+02,2.555047964257516639e+02,2.482435042238690812e+02,2.417753346016520197e+02,2.535101521824379915e+02,2.452506415477846815e+02,2.471266297429748136e+02,2.460286811111840848e+02,2.460480507617384376e+02,2.632866849181048110e+02,2.702328078628799517e+02,2.664483912142143254e+02,2.631593037075861616e+02,1.543434566988491570e+05,3.419248190289977174e+00,9.074386008700898287e+00
3.820000000000000000e+03,9.400000000000000000e+03,2.734088797861327862e+02,2.553967702472696146e+02,2.481356253024116540e+02,2.416671523212517627e+02,2.534131142749300807e+02,2.451559867977196348e+02,2.470067547477643757e+02,2.459285917372670554e+02,2.459470823305200327e+02,2.631917797068148275e+02,2.701747315586497962e+02,2.663537853566431295e+02,2.630558427193590205e+02,1.542870571159794345e+05,3.419248190289977174e+00,9.059207535753104779e+00
3.830000000000000000e+03,9.410000000000000000e+03,2.733618138945702754e+02,2.552890847294876551e+02,2.480281566884283961e+02,2.415593898484634110e+02,2.533164299375361850e+02,2.450616051407040459e+02,2.468875111013107926e+02,2.458288260119499284e+02,2.458464351591408388e+02,2.630970142472269799e+02,2.701166026461553997e+02,2.662592902069334286e+02,2.629525216234076197e+02,1.542308085590368719e+05,3.419248190289977174e+00,9.044104939347672456e+00
3.840000000000000000e+03,9.420000000000000000e+03,2.733146005343906495e+02,2.551817381653958705e+02,2.479210957625143976e+02,2.414520443065288759e+02,2.532200969522167782e+02,2.449674956502810801e+02,2.467688924138346351e+02,2.457293825231589040e+02,2.457461079059181088e+02,2.630023891021580766e+02,2.700584218921879938e+02,2.661649064396939366e+02,2.628493414102333077e+02,1.541747102752970823e+05,3.419248190289977174e+00,9.029077615585283212e+00
3.850000000000000000e+03,9.430000000000000000e+03,2.732672411434140827e+02,2.550747288607988139e+02,2.478144399281571282e+02,2.413451128468833531e+02,2.531241131214095788e+02,2.448736573994053458e+02,2.466508923863502218e+02,2.456302598631566525e+02,2.456460992333661011e+02,2.629079048118771880e+02,2.700001900585551198e+02,2.660706347131960001e+02,2.627463030455725175e+02,1.541187615180085413e+05,3.419248190289977174e+00,9.014124967375071407e+00
3.860000000000000000e+03,9.440000000000000000e+03,2.732197371492031266e+02,2.549680551172207288e+02,2.477081866116166680e+02,2.412385926488476002e+02,2.530284762674381227e+02,2.447800894605913982e+02,2.465335048087579821e+02,2.455314566284255307e+02,2.455464078077224030e+02,2.628135619100911526e+02,2.699419079014272143e+02,2.659764756691230900e+02,2.626434074713716882e+02,1.540629615463121445e+05,3.419248190289977174e+00,8.999246404282727596e+00
3.870000000000000000e+03,9.450000000000000000e+03,2.731720899690937472e+02,2.548617152601237308e+02,2.476023332616836967e+02,2.411324809193014289e+02,2.529331842324355364e+02,2.446867909061290334e+02,2.464167235586832589e+02,2.454329714204840229e+02,2.454470322993238369e+02,2.627193608992406553e+02,2.698835761721691711e+02,2.658824299335714159e+02,2.625406556061058154e+02,1.540073096252006653e+05,3.419248190289977174e+00,8.984441342476038983e+00
3.880000000000000000e+03,9.460000000000000000e+03,2.731244820883125044e+02,2.547591744615556877e+02,2.477012466946108304e+02,2.410775635878779894e+02,2.534763228338834438e+02,2.462293310331847636e+02,2.463117585218108161e+02,2.454079035128105204e+02,2.454210727486089922e+02,2.626277333336655033e+02,2.698275887910428992e+02,2.657911531505833977e+02,2.624404782287887770e+02,1.540860841444360558e+05,1.692568239730537272e+01,9.048231781623039538e+00
3.890000000000000000e+03,9.470000000000000000e+03,2.730769746918984993e+02,2.546624471656823232e+02,2.478670456753958717e+02,2.410337720123157226e+02,2.539598701073957159e+02,2.476511559454901885e+02,2.462139180761412547e+02,2.453959177672023770e+02,2.454081942602250592e+02,2.625383394612786105e+02,2.697734911006667176e+02,2.657022877907031670e+02,2.623425362637660783e+02,1.541636663219733455e+05,1.685435885119504107e+01,9.096141882907000209e+00
3.900000000000000000e+03,9.480000000000000000e+03,2.730295943363827860e+02,2.545724982501155864e+02,2.480540958329265209e+02,2.409990639554696372e+02,2.544078435369925728e+02,2.490106488007352823e+02,2.461209249190741275e+02,2.453926942521422916e+02,2.454040767945062669e+02,2.624509900389135737e+02,2.697210117448072424e+02,2.656156078984939768e+02,2.622466416877341544e+02,1.542400870942634065e+05,1.678133186054684245e+01,9.139255271358800670e+00
3.910000000000000000e+03,9.490000000000000000e+03,2.729823567783280964e+02,2.544896825076087339e+02,2.482470350294120465e+02,2.409718671427288541e+02,2.548289765759136571e+02,2.503298934353099980e+02,2.460316702725003495e+02,2.453958692577506895e+02,2.454063564270037432e+02,2.623655802515362438e+02,2.696699952290534270e+02,2.655309846562610119e+02,2.621526911142908034e+02,1.543153453995392192e+05,1.670661068449020092e+01,9.180780762333494494e+00
3.920000000000000000e+03,9.500000000000000000e+03,2.729352740767812406e+02,2.544140270629769134e+02,2.484404875413170544e+02,2.409510226789268188e+02,2.552267297664437251e+02,2.516181717522622989e+02,2.459455852155549280e+02,2.454040423676869409e+02,2.454136325563115122e+02,2.622820468243777441e+02,2.696203449160334458e+02,2.654483407703802982e+02,2.620606227922173730e+02,1.543894307693473529e+05,1.663020479696114862e+01,9.221668413644849238e+00
3.930000000000000000e+03,9.510000000000000000e+03,2.728883568491640972e+02,2.543453891682939911e+02,2.486324907705343890e+02,2.409356665955030508e+02,2.556026606240113779e+02,2.528799233323996418e+02,2.458623552433911641e+02,2.454163072812417283e+02,2.454249987713219525e+02,2.622003487570574976e+02,2.695719952239898021e+02,2.653676267857934477e+02,2.619703972726202892e+02,1.544623300066835945e+05,1.655212388550117453e+01,9.262200751468295579e+00
3.940000000000000000e+03,9.520000000000000000e+03,2.728416150209141051e+02,2.542835402590305875e+02,2.488222926847574854e+02,2.409251397799622509e+02,2.559576052727566946e+02,2.541175791556360650e+02,2.457817884491672658e+02,2.454320287630627888e+02,2.454398198812578755e+02,2.621204576274051306e+02,2.695248979531426698e+02,2.652888088862849827e+02,2.618819877119246939e+02,1.545340292418893077e+05,1.647237785002889510e+01,9.302454931881875666e+00
3.950000000000000000e+03,9.530000000000000000e+03,2.727950580772734384e+02,2.542282104176823054e+02,2.490095862466480128e+02,2.409189271292503349e+02,2.562921124561133865e+02,2.553326400166339738e+02,2.457037527487689204e+02,2.454507316631652429e+02,2.454576206051947338e+02,2.620423521527670800e+02,2.694790150334138161e+02,2.652118622012928313e+02,2.617953744174877784e+02,1.546045145949889848e+05,1.639097680158484494e+01,9.342442103094786177e+00
3.960000000000000000e+03,9.540000000000000000e+03,2.727486951424531298e+02,2.541791120866888036e+02,2.491942319698401036e+02,2.409166163705373549e+02,2.566066104109688695e+02,2.565261258093391916e+02,2.456281450823874195e+02,2.454720415140919272e+02,2.454780266146591146e+02,2.619660149019459254e+02,2.694343144008410604e+02,2.651367668662005599e+02,2.617105415615120023e+02,1.546737723975960107e+05,1.630793106104949786e+01,9.382151419136102177e+00
3.970000000000000000e+03,9.550000000000000000e+03,2.727025349986015499e+02,2.541359529486311999e+02,2.493761552317362771e+02,2.409178700775136974e+02,2.569014737245464630e+02,2.576987781935686144e+02,2.455548759973879953e+02,2.454956516289360025e+02,2.455007313251029757e+02,2.618914302513650227e+02,2.693907675016534427e+02,2.650635055918201601e+02,2.616274751300483103e+02,1.547417892692785827e+05,1.622325115783469229e+01,9.421564616792153402e+00
3.980000000000000000e+03,9.560000000000000000e+03,2.726565860835546573e+02,2.540984430272203838e+02,2.495553064991799772e+02,2.409224060978108071e+02,2.571770510204860898e+02,2.588511637360812756e+02,2.454838619096230445e+02,2.455213032043391763e+02,2.455254760532077114e+02,2.618185830943555175e+02,2.693483477447740029e+02,2.649920621220952626e+02,2.615461616335364283e+02,1.548085521430430235e+05,1.613694782854857834e+01,9.460661089010105940e+00
3.990000000000000000e+03,9.570000000000000000e+03,2.726108564812265058e+02,2.540662986150120730e+02,2.497316459160484783e+02,2.409299836842515674e+02,2.574336766276458093e+02,2.599837309599133732e+02,2.454150213149439423e+02,2.455487728014965114e+02,2.455520374915904824e+02,2.617474580443760033e+02,2.693070295317438649e+02,2.649224202599169757e+02,2.614665873057053318e+02,1.548740482724943722e+05,1.604903201563431026e+01,9.499419716771194899e+00
4.000000000000000000e+03,9.580000000000000000e+03,2.725653539118984554e+02,2.540392444032952426e+02,2.499051373289813114e+02,2.409403935382775899e+02,2.576716755280709776e+02,2.610968447179573104e+02,2.453482730686130253e+02,2.455778640401655082e+02,2.455802193996884171e+02,2.616780389547984669e+02,2.692667876589929961e+02,2.648545632635942297e+02,2.613887376216143252e+02,1.549382652322596696e+05,1.595951486598269575e+01,9.537819543861848715e+00
4.010000000000000000e+03,9.590000000000000000e+03,2.725200857238515368e+02,2.540170145793118479e+02,2.500757460386707862e+02,2.409534505802542697e+02,2.578913654165132243e+02,2.621908083799556834e+02,2.452835357480600464e+02,2.456084018398405533e+02,2.456098468422189285e+02,2.616103086484932305e+02,2.692275969600087251e+02,2.647884734745192645e+02,2.613125970252162915e+02,1.550011909159931529e+05,1.586840772951880929e+01,9.575840022606211477e+00
4.020000000000000000e+03,9.600000000000000000e+03,2.724750588841796457e+02,2.539993532494489159e+02,2.502434380505914362e+02,2.409689886431739012e+02,2.580930575191400749e+02,2.632658788937568488e+02,2.452207275696736133e+02,2.456402282745295906e+02,2.456407620409327421e+02,2.615442487824303726e+02,2.691894321097397551e+02,2.647241321420127633e+02,2.612381487912421107e+02,1.550628135333622340e+05,1.577572215776300801e+01,9.613461096041943321e+00
4.030000000000000000e+03,9.610000000000000000e+03,2.724302799756250124e+02,2.539860145418447814e+02,2.504081798883663055e+02,2.409868565395846076e+02,2.582770568996090219e+02,2.643222774598577303e+02,2.451597665712469052e+02,2.456731994889019575e+02,2.456728212916840164e+02,2.614798398011370182e+02,2.691522675256735511e+02,2.646615193042933925e+02,2.611653749767160093e+02,1.551231216070759110e+05,1.568146990236621718e+01,9.650663217993354692e+00
4.040000000000000000e+03,9.620000000000000000e+03,2.723857551907422021e+02,2.539767624331507250e+02,2.505699386254537444e+02,2.410069151208189169e+02,2.584436625516946151e+02,2.653601973188879697e+02,2.451005709033916276e+02,2.457071833486317587e+02,2.457058926110160542e+02,2.614170609440648718e+02,2.691160773368229115e+02,2.646006137771171325e+02,2.610942564263056056e+02,1.551821039696879743e+05,1.558566291362001444e+01,9.687427350059213182e+00
4.050000000000000000e+03,9.630000000000000000e+03,2.723414903304921495e+02,2.539713704533082819e+02,2.507286819632871016e+02,2.410290350534496895e+02,2.585931674486632232e+02,2.663798095926435963e+02,2.450430591455148033e+02,2.457420576048847920e+02,2.457398539012778258e+02,2.613558902875961394e+02,2.690808353907860919e+02,2.645413931693141194e+02,2.610247728109500258e+02,1.552397497606476536e+05,1.548831333894140805e+01,9.723734951465935694e+00
4.060000000000000000e+03,9.640000000000000000e+03,2.722974908031796986e+02,2.539696213091725099e+02,2.508843783031952057e+02,2.410530951118337271e+02,2.587258585783245621e+02,2.673812677839184744e+02,2.449871506044087823e+02,2.457777084400270553e+02,2.457745914959721460e+02,2.612963048051929036e+02,2.690465152846372803e+02,2.644838339261006013e+02,2.609569026874357860e+02,1.552960484233939787e+05,1.538943352133264497e+01,9.759567968110030023e+00
4.070000000000000000e+03,9.650000000000000000e+03,2.722537616246249854e+02,2.539713064686442578e+02,2.510369968373093457e+02,2.410789808855239471e+02,2.588420170030155987e+02,2.683647111964133956e+02,2.449327655748248844e+02,2.458140292973322971e+02,2.458099989891785810e+02,2.612382804385384816e+02,2.690130904079388756e+02,2.644279113901147866e+02,2.608906235666574958e+02,1.553509897024760139e+05,1.528903599781627598e+01,9.794908821367821261e+00
4.080000000000000000e+03,9.660000000000000000e+03,2.722103074196640478e+02,2.539762257309488973e+02,2.511865075800283762e+02,2.411065837526337816e+02,2.589419179383871779e+02,2.693302677125450373e+02,2.448798255565632758e+02,2.458509199296930774e+02,2.458459762837087510e+02,2.611817921725761380e+02,2.689805339914939282e+02,2.643735998675671226e+02,2.608259119869630922e+02,1.554045636409050785e+05,1.518713349784554367e+01,9.829740399679538498e+00
4.090000000000000000e+03,9.670000000000000000e+03,2.721671324244296670e+02,2.539841867971296097e+02,2.513328814038838459e+02,2.411358000835684550e+02,2.590258308550285733e+02,2.702780559701222955e+02,2.448282534270533120e+02,2.458882856178809391e+02,2.458824288094737085e+02,2.611268141107873362e+02,2.689488191561321173e+02,2.643208726979516996e+02,2.607627435875034507e+02,1.554567605773916002e+05,1.508373894169044149e+01,9.864046051316755381e+00
4.100000000000000000e+03,9.680000000000000000e+03,2.721242404889765112e+02,2.539950048551162354e+02,2.514760900569294790e+02,2.411665306083342557e+02,2.590940195958078789e+02,2.712081871265760924e+02,2.447779735736851023e+02,2.459260365238667987e+02,2.459192668763578240e+02,2.610733195451885535e+02,2.689179189618648707e+02,2.642697023236326572e+02,2.607010931797511830e+02,1.555075711436896236e+05,1.497886543879950416e+01,9.897809578790615959e+00
4.110000000000000000e+03,9.690000000000000000e+03,2.720816350817343618e+02,2.540085021627389210e+02,2.516161061684756532e+02,2.411986799108218804e+02,2.591467425053259603e+02,2.721207662948404504e+02,2.447289119905390748e+02,2.459640871509364501e+02,2.459564051346352187e+02,2.610212810414767546e+02,2.688878064513605750e+02,2.642200603579227618e+02,2.606409348168928091e+02,1.555569862620387285e+05,1.487252628613768657e+01,9.931015234634076094e+00
4.120000000000000000e+03,9.700000000000000000e+03,2.720393192929452653e+02,2.540245076924297223e+02,2.517529032475463850e+02,2.412321560196648988e+02,2.591842525689397121e+02,2.730158937207183953e+02,2.446809963449046563e+02,2.460023558923675182e+02,2.459937621224642612e+02,2.609706704832993296e+02,2.688584546924483334e+02,2.641719176490793188e+02,2.605822418576595965e+02,1.556049971424672694e+05,1.476473496650044304e+01,9.963647718385626462e+00
4.130000000000000000e+03,9.710000000000000000e+03,2.719972958400859397e+02,2.540428567540468805e+02,2.518864556782685611e+02,2.412668700753632436e+02,2.592067975485367697e+02,2.738936657554285148e+02,2.446341560190012672e+02,2.460407646493624156e+02,2.460312598857911723e+02,2.609214591490892303e+02,2.688298368147611086e+02,2.641252443433950248e+02,2.605249870278930757e+02,1.556515952802637185e+05,1.465550514680420413e+01,9.995692174463602697e+00
4.140000000000000000e+03,9.720000000000000000e+03,2.719555670734452519e+02,2.540633906658024728e+02,2.520167387055237782e+02,2.413027360555071823e+02,2.592146201351346235e+02,2.747541756635424122e+02,2.445883221302798631e+02,2.460792385073650621e+02,2.460688236521405372e+02,2.608736177666161211e+02,2.688019260421793888e+02,2.640800099405879564e+02,2.604691424767721060e+02,1.556967724533419532e+05,1.454485067635354945e+01,1.002713419097425174e+01
4.150000000000000000e+03,9.730000000000000000e+03,2.719141349801952856e+02,2.540859564383287648e+02,2.521437284249029744e+02,2.413396705465166292e+02,2.592079580852860090e+02,2.755975142978568329e+02,2.445434275361610332e+02,2.461177054603813019e+02,2.461063815561257968e+02,2.608271165675488419e+02,2.687746957227066673e+02,2.640361833498906208e+02,2.604146798297236955e+02,1.557405207195437688e+05,1.443278558508526643e+01,1.005795979906990034e+01
4.160000000000000000e+03,9.740000000000000000e+03,2.718730011924687915e+02,2.541104064826650415e+02,2.522674017678525615e+02,2.413775925520232022e+02,2.591870443642714008e+02,2.764237706642695116e+02,2.444994068257483093e+02,2.461560961744046381e+02,2.461438644028121416e+02,2.607819253366963608e+02,2.687481193528577705e+02,2.639937329400778481e+02,2.603615702370885856e+02,1.557828324141037301e+05,1.431932408178948890e+01,1.008815547287010972e+01
4.170000000000000000e+03,9.750000000000000000e+03,2.718321669916796850e+02,2.541365983362279053e+02,2.523877364867247763e+02,2.414164233299362081e+02,2.591521072845821436e+02,2.772330323974103976e+02,2.444561963008767407e+02,2.461943437836951603e+02,2.461812054636459663e+02,2.607380134596824064e+02,2.687221706036074806e+02,2.639526265873857938e+02,2.603097844201441831e+02,1.558237001469221141e+05,1.420448055230810702e+01,1.011770812979488454e+01
4.180000000000000000e+03,9.760000000000000000e+03,2.717916333162109481e+02,2.541643944131054695e+02,2.525047111396788466e+02,2.414560862530072711e+02,2.591033706411530488e+02,2.780253861616099584e+02,2.444137339503741373e+02,2.462323837148113057e+02,2.462183403003028275e+02,2.606953499655359110e+02,2.686968233345859289e+02,2.639128317203059169e+02,2.602592927124194375e+02,1.558631167999068857e+05,1.408826955771085032e+01,1.014660513126072061e+01
4.190000000000000000e+03,9.770000000000000000e+03,2.717514007678828420e+02,2.541936617660713296e+02,2.526183050756322928e+02,2.414965066882294309e+02,2.590410538425238656e+02,2.788009179885769981e+02,2.443719594173707321e+02,2.462701535330517402e+02,2.462552066113506442e+02,2.606539035668248516e+02,2.686720516149998730e+02,2.638743153612992955e+02,2.602100650998112314e+02,1.559010755242488522e+05,1.397070583244904007e+01,1.017483428348326946e+01
4.200000000000000000e+03,9.780000000000000000e+03,2.717114728772187391e+02,2.542244212886149626e+02,2.527321079960228758e+02,2.415528302819461146e+02,2.589845236952809842e+02,2.795616944890169293e+02,2.443328013738900495e+02,2.463100760069342527e+02,2.462942273071881516e+02,2.606136901695064694e+02,2.686478728038262034e+02,2.638370919462624897e+02,2.601621187060377451e+02,1.559399722595453204e+05,1.409353710615980049e+01,1.020386448020990144e+01
4.210000000000000000e+03,9.790000000000000000e+03,2.716718547981484448e+02,2.542567231553711338e+02,2.528482917237000436e+02,2.416278964155949325e+02,2.589376032063701132e+02,2.803086398733668148e+02,2.442970499075883595e+02,2.463528756848844523e+02,2.463361270820393827e+02,2.605747327078839248e+02,2.686243093158477109e+02,2.638011834208425057e+02,2.601154776525412444e+02,1.559804501786416513e+05,1.428157472870289801e+01,1.023378373446328204e+01
4.220000000000000000e+03,9.800000000000000000e+03,2.716325520736327803e+02,2.542906137004072207e+02,2.529675651159680001e+02,2.417206200348922209e+02,2.588991645906631902e+02,2.810421160704133285e+02,2.442649348035718901e+02,2.463986086083353939e+02,2.463809621203661493e+02,2.605370485011904975e+02,2.686013770344487739e+02,2.637666059196684500e+02,2.600701604297264566e+02,1.560224885295932181e+05,1.446823511132014417e+01,1.026440093403966358e+01
4.230000000000000000e+03,9.810000000000000000e+03,2.715935702753125156e+02,2.543261402835531158e+02,2.530901477180649692e+02,2.418303271146916416e+02,2.588685973026615557e+02,2.817623996654211282e+02,2.442366023215276982e+02,2.464473127643511248e+02,2.464287705465231397e+02,2.605006514347155075e+02,2.685790877573444959e+02,2.637333716247879920e+02,2.600261820815474607e+02,1.560660670352074085e+05,1.465349458724636378e+01,1.029564494769904925e+01
4.240000000000000000e+03,9.820000000000000000e+03,2.715549148898827525e+02,2.543633506200752379e+02,2.532160904861295592e+02,2.419565155130852645e+02,2.588455045229633242e+02,2.824697143936883208e+02,2.442121474766597089e+02,2.464990105558258051e+02,2.464795748950184588e+02,2.604655532637498254e+02,2.685574507382013394e+02,2.637014901061050978e+02,2.599835555106047877e+02,1.561111655407667276e+05,1.483732966733802883e+01,1.032748003470071296e+01
4.250000000000000000e+03,9.830000000000000000e+03,2.715165912841796967e+02,2.544022913689690881e+02,2.533453838144972110e+02,2.420987654191293359e+02,2.588295896960121354e+02,2.831642493516998229e+02,2.441916320462825070e+02,2.465537126842164923e+02,2.465333859935978467e+02,2.604317643187634985e+02,2.685364735639034279e+02,2.636709691280512402e+02,2.599422921847643693e+02,1.561577639038111083e+05,1.501971704305153210e+01,1.035988166045777703e+01
4.260000000000000000e+03,9.840000000000000000e+03,2.714786046951406888e+02,2.544430070658118552e+02,2.534779952983692226e+02,2.422567026838559627e+02,2.588206103149639148e+02,2.838461696397720857e+02,2.441750950286577790e+02,2.466114212502221790e+02,2.465902060652234979e+02,2.603992939123943415e+02,2.685161626648593369e+02,2.636418151377639560e+02,2.599024025425161994e+02,1.562058419562801428e+05,1.520063358939841613e+01,1.039282926503851101e+01
4.270000000000000000e+03,9.850000000000000000e+03,2.714409602274140525e+02,2.544855394721312223e+02,2.536138834485128086e+02,2.424299820290129048e+02,2.588183569939469635e+02,2.845156229853609489e+02,2.441625591036402909e+02,2.466721319442738150e+02,2.466500309199573735e+02,2.603681505859159415e+02,2.684965236234884287e+02,2.636140335690269580e+02,2.598638962406059250e+02,1.562553794893436134e+05,1.538005636787740826e+01,1.042630398384526913e+01
4.280000000000000000e+03,9.860000000000000000e+03,2.714036628549296779e+02,2.545299272255397227e+02,2.537530028610192403e+02,2.426182783415534914e+02,2.588226428124804102e+02,2.851727441265652487e+02,2.441540348734629902e+02,2.467358355560908194e+02,2.467128514647166924e+02,2.603383422653646448e+02,2.684775613671835117e+02,2.635876290381703484e+02,2.598267823096856546e+02,1.563063562460026005e+05,1.555796262938287633e+01,1.046028788497899420e+01
4.290000000000000000e+03,9.870000000000000000e+03,2.713667174231327976e+02,2.545762056984127639e+02,2.538953062361751449e+02,2.428212815850396566e+02,2.588332972298867389e+02,2.858176578615951939e+02,2.441495237871268387e+02,2.468025190250398850e+02,2.467786547546354257e+02,2.603098763606114403e+02,2.684592802925500905e+02,2.635626054647763681e+02,2.597910692534967438e+02,1.563587519163918914e+05,1.573432981708911349e+01,1.049476369621973326e+01
4.300000000000000000e+03,9.880000000000000000e+03,2.713301286517812514e+02,2.546244069590723029e+02,2.540407451935410279e+02,2.430386935106118358e+02,2.588501622560062287e+02,2.864504812490518475e+02,2.441490202324645225e+02,2.468721661873300945e+02,2.468474247407040707e+02,2.602827598282447070e+02,2.684416843442638196e+02,2.635389661700122019e+02,2.597567651109397957e+02,1.564125461342461058e+05,1.590913556931037220e+01,1.052971469877877375e+01
4.310000000000000000e+03,9.890000000000000000e+03,2.712939011377031306e+02,2.546745598293874195e+02,2.541892706176905676e+02,2.432702253633368059e+02,2.588730898413932664e+02,2.870713252394500614e+02,2.441525130724415931e+02,2.469447583242949520e+02,2.469191428170180700e+02,2.602569992109476971e+02,2.684247770730429465e+02,2.635167139216634951e+02,2.597238774962269190e+02,1.564677184737959178e+05,1.608235772233609140e+01,1.056512468078441103e+01
4.320000000000000000e+03,9.900000000000000000e+03,2.712580393566718726e+02,2.547266899888776379e+02,2.543408328056763139e+02,2.435155961949635923e+02,2.589019400202129191e+02,2.876802959051443622e+02,2.441599867921150349e+02,2.470202745706200176e+02,2.469937882322558380e+02,2.602326006622764680e+02,2.684085616620699852e+02,2.634958509778325606e+02,2.596924136222851303e+02,1.565242484468899202e+05,1.625397431324110542e+01,1.060097791311977922e+01
4.330000000000000000e+03,9.910000000000000000e+03,2.712225476658984462e+02,2.547808200839290578e+02,2.544953815467091545e+02,2.437745315815027425e+02,2.589365795011595424e+02,2.882774953804683946e+02,2.441714223697037198e+02,2.470986922342989942e+02,2.470713384062634361e+02,2.602095699611865030e+02,2.683930409602781992e+02,2.634763791139550904e+02,2.596623803164904416e+02,1.565821155004054017e+05,1.642396358267025391e+01,1.063725913359354891e+01
4.340000000000000000e+03,9.920000000000000000e+03,2.711874303067812662e+02,2.548369698703671702e+02,2.546528661629006649e+02,2.440467626125641800e+02,2.589768806048663237e+02,2.888630225891553209e+02,2.441867979416204264e+02,2.471799870436992990e+02,2.471517691789197784e+02,2.601879125207411789e+02,2.683782174941949847e+02,2.634582996429910509e+02,2.596337840287411609e+02,1.566412990138074092e+05,1.659230397759728959e+01,1.067395353452331896e+01
4.350000000000000000e+03,9.930000000000000000e+03,2.711526914065468645e+02,2.548951563528121937e+02,2.548132355376991427e+02,2.443320250902239934e+02,2.590227204250885507e+02,2.894369738083252628e+02,2.442060893157401722e+02,2.472641333469977667e+02,2.472350550091952641e+02,2.601676333930953433e+02,2.683640934814121692e+02,2.634416134306749768e+02,2.596066308362360360e+02,1.567017782967577223e+05,1.675897415405764690e+01,1.071104675147062224e+01
4.360000000000000000e+03,9.940000000000000000e+03,2.711183349802968792e+02,2.549553939254547572e+02,2.549764381381698399e+02,2.446300588820799362e+02,2.590739801614413977e+02,2.899994431098500627e+02,2.442292703688815436e+02,2.473511042730400504e+02,2.473211691364264198e+02,2.601487372724978968e+02,2.683506708414815876e+02,2.634263209079912826e+02,2.595809264459504675e+02,1.567635325868858490e+05,1.692395297985456537e+01,1.074852485235584965e+01
4.370000000000000000e+03,9.950000000000000000e+03,2.710843649333359053e+02,2.550176945087272316e+02,2.551424220354645627e+02,2.449406073863079598e+02,2.591305445870881385e+02,2.905505227068800878e+02,2.442563133589877111e+02,2.474408718633691535e+02,2.474100837113583964e+02,2.601312284981419225e+02,2.683379512017882007e+02,2.634124220826773808e+02,2.595566761970558218e+02,1.568265410477629048e+05,1.708721953723852494e+01,1.078637432659430928e+01
4.380000000000000000e+03,9.960000000000000000e+03,2.710507850629765585e+02,2.550820676792370136e+02,2.553111349252379227e+02,2.452634170934578037e+02,2.591923016053901847e+02,2.910903032271164079e+02,2.442871891674196547e+02,2.475334071823444617e+02,2.475017699077955911e+02,2.601151110531116615e+02,2.683259359116053702e+02,2.633999165488183394e+02,2.595338850621176334e+02,1.568907827669480466e+05,1.724875312555936802e+01,1.082458207420947716e+01
4.390000000000000000e+03,9.970000000000000000e+03,2.710175990609453152e+02,2.551485208007248957e+02,2.554825241425868114e+02,2.455982372198062649e+02,2.592591419021564434e+02,2.916188739277725972e+02,2.443218674905066621e+02,2.476286804064965281e+02,2.475961980118820804e+02,2.601003885676173013e+02,2.683146260422090563e+02,2.633888034980541306e+02,2.595125576458851810e+02,1.569562367542451539e+05,1.740853326389102307e+01,1.086313539485518831e+01
4.400000000000000000e+03,9.980000000000000000e+03,2.709848105141406904e+02,2.552170591384974330e+02,2.556565366860249640e+02,2.459448193980435349e+02,2.593309586247512470e+02,2.921363228639651197e+02,2.443603169938867552e+02,2.477266609067371803e+02,2.476933375007823486e+02,2.600870643205297483e+02,2.683040223993696713e+02,2.633790817282633157e+02,2.594926981936883976e+02,1.570228819399020576e+05,1.756653969362816881e+01,1.090202197638520154e+01
4.410000000000000000e+03,9.990000000000000000e+03,2.709524229081171711e+02,2.552876859738372843e+02,2.558331192254514121e+02,2.463029174162609820e+02,2.594076471612024761e+02,2.926427370236297634e+02,2.444025054311835561e+02,2.478273173068629376e+02,2.477931571059720568e+02,2.600751412402411233e+02,2.682941255297052408e+02,2.633707496543946149e+02,2.594743105842297837e+02,1.570906971732528764e+05,1.772275238105494921e+01,1.094122988386095408e+01
4.420000000000000000e+03,1.000000000000000000e+04,2.709204396279374691e+02,2.553604027078457648e+02,2.560122181235239509e+02,2.466722869945560603e+02,2.594891049148634465e+02,2.931382024309239114e+02,2.444483997413849181e+02,2.479306175430291432e+02,2.478956248703302379e+02,2.600646219073522616e+02,2.682849357282785832e+02,2.633638053185498507e+02,2.594573983365245340e+02,1.571596612212423352e+05,1.787715151988497553e+01,1.098074754798874153e+01
4.430000000000000000e+03,1.001000000000000000e+04,2.708888639605234516e+02,2.554352089538030270e+02,2.561937794498076642e+02,2.470526855938629467e+02,2.595752311281435141e+02,2.936228042280467889e+02,2.444979661267607867e+02,2.480365289102609552e+02,2.480007081949431438e+02,2.600555085572398752e+02,2.682764530531536593e+02,2.633582464003479799e+02,2.594419646113610725e+02,1.572297527671888238e+05,1.802971753377266495e+01,1.102056375351488882e+01
4.440000000000000000e+03,1.002000000000000000e+04,2.708576990957812427e+02,2.555121026601725589e+02,2.563777489960020830e+02,2.474438722502452208e+02,2.596659267306184802e+02,2.940966267386594382e+02,2.445511701157851689e+02,2.481450181045741203e+02,2.481083738811559556e+02,2.600478030822547453e+02,2.682686773077600719e+02,2.633540702275076910e+02,2.594280122143136964e+02,1.573009504096995806e+05,1.818043107879522324e+01,1.106066762762200284e+01
4.450000000000000000e+03,1.003000000000000000e+04,2.708269481301562109e+02,2.555910801401819867e+02,2.565640722891829455e+02,2.478456074327941963e+02,2.597610942062913182e+02,2.945597535153688113e+02,2.446079766135493685e+02,2.482560512583801255e+02,2.482185881658904805e+02,2.600415070358374123e+02,2.682616080935592890e+02,2.633512737879832457e+02,2.594155435985118743e+02,1.573732326617453073e+05,1.832927304590534945e+01,1.110104862809248516e+01
4.460000000000000000e+03,1.004000000000000000e+04,2.707966140671172184e+02,2.556721362095888708e+02,2.567526946058221711e+02,2.482576529172357880e+02,2.598606374808072701e+02,2.950122673756106337e+02,2.446683499445421148e+02,2.483695939713393841e+02,2.483313167534842307e+02,2.600366216362627938e+02,2.682552447755751928e+02,2.633498537396175152e+02,2.594045608675780841e+02,1.574465779497855110e+05,1.847622456335408714e+01,1.114169653139373395e+01
4.470000000000000000e+03,1.005000000000000000e+04,2.707666998197031489e+02,2.557552642217288508e+02,2.569435609851146296e+02,2.486797716793990389e+02,2.599644618204318931e+02,2.954542504273871373e+02,2.447322538870758990e+02,2.484856113402797178e+02,2.484465248435543856e+02,2.600331477676876375e+02,2.682495865192429960e+02,2.633498064206692675e+02,2.593950657795926418e+02,1.575209646131360205e+05,1.862126699908352734e+01,1.118260142073905072e+01
4.480000000000000000e+03,1.006000000000000000e+04,2.707372082122031429e+02,2.558404561585319357e+02,2.571366162413613665e+02,2.491117277987378316e+02,2.600724737439450109e+02,2.958857840878514480e+02,2.447996517020547742e+02,2.486040679818549393e+02,2.485641771552081423e+02,2.600310859864493978e+02,2.682446322844730275e+02,2.633511278627810270e+02,2.593870597509151708e+02,1.575963709034377243e+05,1.876438196308921036e+01,1.122375367395241597e+01
4.490000000000000000e+03,1.007000000000000000e+04,2.707081419822109183e+02,2.559277026894231710e+02,2.573318049750804448e+02,2.495532863752137018e+02,2.601845809454749769e+02,2.963069490940504807e+02,2.448705061573209321e+02,2.487249280556779638e+02,2.486842379502696474e+02,2.600304365243742950e+02,2.682403808398904630e+02,2.633538138003816016e+02,2.593805438594770294e+02,1.576727749842642224e+05,1.890555130975180376e+01,1.126514395130422841e+01
4.500000000000000000e+03,1.008000000000000000e+04,2.706795037825312420e+02,2.560169932356074582e+02,2.575290715855492181e+02,2.500042134565218817e+02,2.603006922247561761e+02,2.967178255090979633e+02,2.449447795485417316e+02,2.488481552842279712e+02,2.488066710526679515e+02,2.600311992926398830e+02,2.682368307673342542e+02,2.633578596822718509e+02,2.593755188493539094e+02,1.577501549309023540e+05,1.904475714013780419e+01,1.130676318327592256e+01
4.510000000000000000e+03,1.009000000000000000e+04,2.706512961828046855e+02,2.561083160311292772e+02,2.577283602824107334e+02,2.504642759745719047e+02,2.604207174249681884e+02,2.971184927242588856e+02,2.450224337170297133e+02,2.489737129712697765e+02,2.489314398642234210e+02,2.600333738860967401e+02,2.682339804733269375e+02,2.633632606790956743e+02,2.593719851340369473e+02,1.578284887302556308e+05,1.918198180426891852e+01,1.134860255817578967e+01
4.520000000000000000e+03,1.010000000000000000e+04,2.706235216713984642e+02,2.562016581686364134e+02,2.579296150969391874e+02,2.509332416883770520e+02,2.605445673772868531e+02,2.975090294573130905e+02,2.451034300656394294e+02,2.491015640166555158e+02,2.490585073887196472e+02,2.600369595870413377e+02,2.682318281857164948e+02,2.633700117024317819e+02,2.593699428008895325e+02,1.579077542808889411e+05,1.931720790335994664e+01,1.139065350992104975e+01
4.530000000000000000e+03,1.011000000000000000e+04,2.705961826575234568e+02,2.562970056544537556e+02,2.581327798898840342e+02,2.514108791349257785e+02,2.606721538525188748e+02,2.978895137468755934e+02,2.451877295719384051e+02,2.492316709364352505e+02,2.491878362359835819e+02,2.600419553704221016e+02,2.682303719834234244e+02,2.633781074045811010e+02,2.593693916160598292e+02,1.579879293932703440e+05,1.945041829202476080e+01,1.143290770543305257e+01
4.540000000000000000e+03,1.012000000000000000e+04,2.705692814729218867e+02,2.563943434572588558e+02,2.583377983622180523e+02,2.518969575922080821e+02,2.608033895094798709e+02,2.982600229434768835e+02,2.452752928012792779e+02,2.493639958724513974e+02,2.493193886503965473e+02,2.600483599059526796e+02,2.682296097845476197e+02,2.633875421969997319e+02,2.593703310266404287e+02,1.580689917900660075e+05,1.958159608045021116e+01,1.147535703234603055e+01
4.550000000000000000e+03,1.013000000000000000e+04,2.705428203733749797e+02,2.564936555557529800e+02,2.585446140701343438e+02,2.523912470385727715e+02,2.609381878589872485e+02,2.986206337065175944e+02,2.453660799181898824e+02,2.494985006045271518e+02,2.494531265104705255e+02,2.600561715637014686e+02,2.682295393584361136e+02,2.633983102554909692e+02,2.593727601648663494e+02,1.581509191066680360e+05,1.971072463653752038e+01,1.151799358640908366e+01
4.560000000000000000e+03,1.014000000000000000e+04,2.705168015561952757e+02,2.565949249965778449e+02,2.587531704279829228e+02,2.528935181226476629e+02,2.610764632504209430e+02,2.989714219948797336e+02,2.454600506963284943e+02,2.496351465739486173e+02,2.495890113495941023e+02,2.600653884443548804e+02,2.682301583378702503e+02,2.634104055556546768e+02,2.593766778563058892e+02,1.582336888972914312e+05,1.983778758801117448e+01,1.156080966001750454e+01
4.570000000000000000e+03,1.015000000000000000e+04,2.704912270993906418e+02,2.566981338532366976e+02,2.589634107212605159e+02,2.534035421368422760e+02,2.612181307566145847e+02,2.993124629700531045e+02,2.455571645513054762e+02,2.497738948781957902e+02,2.497270043802808743e+02,2.600760082744042165e+02,2.682314642136010434e+02,2.634238217805454383e+02,2.593820826122225753e+02,1.583172786139707023e+05,1.996276882449470591e+01,1.160379772502340856e+01
4.580000000000000000e+03,1.016000000000000000e+04,2.704660990568437455e+02,2.568032633962939713e+02,2.591752781216620747e+02,2.539210910006883068e+02,2.613631062043833708e+02,2.996438312306677290e+02,2.456573804812339290e+02,2.499147062974686264e+02,2.498670664524613017e+02,2.600880285756563808e+02,2.682334543517282555e+02,2.634385524850310389e+02,2.593889726506585021e+02,1.584016656401458022e+05,2.008565249955335830e+01,1.164695042951247927e+01
4.590000000000000000e+03,1.017000000000000000e+04,2.704414193976953129e+02,2.569102940381214353e+02,2.593887156864878989e+02,2.544459372406316504e+02,2.615113061598794957e+02,2.999656005476157361e+02,2.457606571342593043e+02,2.500575412975627501e+02,2.500091581259416387e+02,2.601014465566321405e+02,2.682361259924970227e+02,2.634545909984026935e+02,2.593973458860946835e+02,1.584868272699481458e+05,2.020642303270323836e+01,1.169026057701115029e+01
4.600000000000000000e+03,1.018000000000000000e+04,2.704171900233749852e+02,2.570192053806572403e+02,2.596036663692725597e+02,2.549778539811808287e+02,2.616626478791816339e+02,3.002778439253787042e+02,2.458669528116802212e+02,2.502023600435286994e+02,2.501532396644533094e+02,2.601162591443106180e+02,2.682394762610481393e+02,2.634719304584154429e+02,2.594071999367002945e+02,1.585727407148964994e+05,2.032506511138679173e+01,1.173372111740205881e+01
4.610000000000000000e+03,1.019000000000000000e+04,2.703934127688593776e+02,2.571299762764785442e+02,2.598200730320475031e+02,2.555166149301013832e+02,2.618170492763323409e+02,3.005806336065313644e+02,2.459762254692299734e+02,2.503491224062285596e+02,2.502992710340117526e+02,2.601324629875783785e+02,2.682435021685369065e+02,2.634905638207965239e+02,2.594185321292247863e+02,1.586593831052836031e+05,2.044156369291434672e+01,1.177732513424323102e+01
4.620000000000000000e+03,1.020000000000000000e+04,2.703700894040468370e+02,2.572425848196943434e+02,2.600378784573207440e+02,2.560619943789195645e+02,2.619744289030677464e+02,3.008740410581295919e+02,2.460884327232766111e+02,2.504977879767329227e+02,2.504472119171513214e+02,2.601500544607715142e+02,2.682482006181425618e+02,2.635104838643546827e+02,2.594313395002376410e+02,1.587467314915801398e+05,2.055590400637127146e+01,1.182106583276301670e+01
4.630000000000000000e+03,1.021000000000000000e+04,2.703472216352499800e+02,2.573570084014892814e+02,2.602570253476558264e+02,2.566137672054999825e+02,2.621347059287812726e+02,3.011581369552037586e+02,2.462035318571851121e+02,2.506483160754759467e+02,2.505970217224009389e+02,2.601690296657911290e+02,2.682535684092931092e+02,2.635316831989320008e+02,2.594456188003554189e+02,1.588347628461729619e+05,2.066807155449086153e+01,1.186493652774565533e+01
4.640000000000000000e+03,1.022000000000000000e+04,2.703248111063281272e+02,2.574732237297024540e+02,2.604774563458792613e+02,2.571717088623508403e+02,2.622978001209748413e+02,3.014329911710622127e+02,2.463214798301732458e+02,2.508006657568008677e+02,2.507486595955936934e+02,2.601893844352572387e+02,2.682596022412743650e+02,2.635541542709869987e+02,2.594613664959541666e+02,1.589234540650993004e+05,2.077805211549244291e+01,1.190893063140515906e+01
4.650000000000000000e+03,1.023000000000000000e+04,2.703028593999296731e+02,2.575912068560048738e+02,2.606991140331595034e+02,2.577355953952741174e+02,2.624636318269238018e+02,3.016986727621380169e+02,2.464422332837122838e+02,2.509547958223661226e+02,2.509020844257149747e+02,2.602111143369047568e+02,2.682662987174549016e+02,2.635778893698737306e+02,2.594785787749492556e+02,1.590127819699761458e+05,2.088583174488456251e+01,1.195304164162200600e+01
4.660000000000000000e+03,1.024000000000000000e+04,2.702813680382733992e+02,2.577109332055866275e+02,2.609219409425876961e+02,2.583052034454454429e+02,2.626321219566917762e+02,3.019552499575436286e+02,2.465657485488742395e+02,2.511106648277764464e+02,2.510572548570197284e+02,2.602342146733361119e+02,2.682736543482030811e+02,2.636028806325755340e+02,2.594972515422209085e+02,1.591027233099685400e+05,2.099139677723299613e+01,1.199726313022988577e+01
4.670000000000000000e+03,1.025000000000000000e+04,2.702603384844921379e+02,2.578323775925495056e+02,2.611458795681392075e+02,2.588803102584146245e+02,2.628031919670426078e+02,3.022027901481489494e+02,2.466919816556172975e+02,2.512682310930636618e+02,2.512141292961674139e+02,2.602586804864697001e+02,2.682816655545324807e+02,2.636291200519534641e+02,2.595173804302222038e+02,1.591932547642962309e+05,2.109473382789339624e+01,1.204158873151627418e+01
4.680000000000000000e+03,1.026000000000000000e+04,2.702397721434140863e+02,2.579555142358317426e+02,2.613708723710051345e+02,2.594606936997769253e+02,2.629767638474427258e+02,3.024413598759206252e+02,2.468208883367410351e+02,2.514274527103919183e+02,2.513726659210583705e+02,2.602845065581934705e+02,2.682903286702684795e+02,2.636565994857522810e+02,2.595389607954808184e+02,1.592843529440457933e+05,2.119582979470838069e+01,1.208601213078117809e+01
4.690000000000000000e+03,1.027000000000000000e+04,2.702196703623359326e+02,2.580803168231087170e+02,2.615968617897884769e+02,2.600461322742194170e+02,2.631527601033715769e+02,3.026710248248240305e+02,2.469524240368981509e+02,2.515882875530220986e+02,2.515328226886999801e+02,2.603116874148612396e+02,2.682996399382745949e+02,2.636853106324786040e+02,2.595619877241689437e+02,1.593759943949825829e+05,2.129467185966873188e+01,1.213052705328270875e+01
4.700000000000000000e+03,1.028000000000000000e+04,2.702000344318437328e+02,2.582067584721494313e+02,2.618237902469739993e+02,2.606364051342530956e+02,2.633311037503279977e+02,3.028918498116504452e+02,2.470865439204184781e+02,2.517506932834834288e+02,2.516945573460927505e+02,2.603402173236941053e+02,2.683095955323909720e+02,2.637152450698042685e+02,2.595864560314819300e+02,1.594681555999897828e+05,2.139124749053856789e+01,1.217512725324189127e+01
4.710000000000000000e+03,1.029000000000000000e+04,2.701808655864765569e+02,2.583348117877575305e+02,2.620516001588380277e+02,2.612312921097737899e+02,2.635117182967973690e+02,3.031038987778647424e+02,2.472232028773641446e+02,2.519146273617895417e+02,2.518578274357499822e+02,2.603700903014521941e+02,2.683201915359313716e+02,2.637463942425088135e+02,2.596123602640521426e+02,1.595608129817681038e+05,2.148554444244435402e+01,1.221980650311098060e+01
4.720000000000000000e+03,1.030000000000000000e+04,2.701621650100546503e+02,2.584644488710064820e+02,2.622802339427486231e+02,2.618305737289606441e+02,2.636945277345259910e+02,3.033072347829510136e+02,2.473623555308465711e+02,2.520800470540250444e+02,2.520225903048619216e+02,2.604013001110770347e+02,2.683314239434694173e+02,2.637787494672369917e+02,2.596396947013698764e+02,1.596539429056660156e+05,2.157755075942744583e+01,1.226455858313244818e+01
4.730000000000000000e+03,1.031000000000000000e+04,2.701439338163046955e+02,2.585956413355136760e+02,2.625096340249094737e+02,2.624340312427153208e+02,2.638794565292938614e+02,3.035019199979719815e+02,2.475039562442336489e+02,2.522469094424041884e+02,2.521888031137088149e+02,2.604338402654281026e+02,2.683432887073425945e+02,2.638123019350684899e+02,2.596684533568662232e+02,1.597475216825959506e+05,2.166725477595994676e+01,1.230937727114697289e+01
4.740000000000000000e+03,1.032000000000000000e+04,2.701261730802891066e+02,2.587283603304238113e+02,2.627397428523177041e+02,2.630414466541708407e+02,2.640664296116273135e+02,3.036880156997147537e+02,2.476479591286002346e+02,2.524151714232986592e+02,2.523564228437850545e+02,2.604677040268535393e+02,2.683557816652959218e+02,2.638470427130428106e+02,2.596986299800038296e+02,1.598415255721175345e+05,2.175464511842380944e+01,1.235425633249110255e+01
4.750000000000000000e+03,1.033000000000000000e+04,2.701088838169453084e+02,2.588625765558408602e+02,2.629705028939784484e+02,2.636526027424066569e+02,2.642553723689834442e+02,3.038655822663268964e+02,2.477943180495446427e+02,2.525847897323867812e+02,2.525254063061327372e+02,2.605028844083872173e+02,2.683688985922233314e+02,2.638829627425182025e+02,2.597302180562917897e+02,1.599359307854965446e+05,2.183971070655292479e+01,1.239918951054022855e+01
4.760000000000000000e+03,1.034000000000000000e+04,2.700920669870859570e+02,2.589982602744082101e+02,2.632018566398033954e+02,2.642672830980916956e+02,2.644462106265025341e+02,3.040346791639279900e+02,2.479429866346515610e+02,2.527557209399912495e+02,2.526957101431537183e+02,2.605393741764460174e+02,2.683826351820421223e+02,2.639200528564656452e+02,2.597632108729341667e+02,1.600307134890145098e+05,2.192244075483794674e+01,1.244417051648281713e+01
4.770000000000000000e+03,1.035000000000000000e+04,2.700757234980156340e+02,2.591353813207539361e+02,2.634337466732268922e+02,2.648852721535153023e+02,2.646388706859168565e+02,3.041953649830689983e+02,2.480939182806456529e+02,2.529279214622870313e+02,2.528672908548857663e+02,2.605771658491302105e+02,2.683969870628023955e+02,2.639583037547560593e+02,2.597976012467900091e+02,1.601258498074719391e+05,2.200282477389383118e+01,1.248919302278605414e+01
4.780000000000000000e+03,1.036000000000000000e+04,2.700598542027812528e+02,2.592739091295784419e+02,2.636661155730196242e+02,2.655063552201698371e+02,2.648332792514078164e+02,3.043476973775614738e+02,2.482470661608330715e+02,2.531013475700490858e+02,2.530401047786423590e+02,2.606162516942238767e+02,2.684119497846025411e+02,2.639977060217141229e+02,2.598333819597423258e+02,1.602213158273853478e+05,2.208085257178976946e+01,1.253425065114079118e+01
4.790000000000000000e+03,1.037000000000000000e+04,2.700444599001172037e+02,2.594138127452646359e+02,2.638989059941072810e+02,2.661303185203508974e+02,2.650293634663417492e+02,3.044917331020023994e+02,2.484023832316362643e+02,2.532759553942782986e+02,2.532141081274336898e+02,2.606566237424249834e+02,2.684275188166478756e+02,2.640382501232664936e+02,2.598705454499145162e+02,1.603170876007582992e+05,2.215651425534145602e+01,1.257933696583457106e+01
4.800000000000000000e+03,1.038000000000000000e+04,2.700295413355312348e+02,2.595550608351953201e+02,2.641320606618170359e+02,2.667569492267534201e+02,2.652270509019310225e+02,3.046275280031869102e+02,2.485598222412767484e+02,2.534517009388482052e+02,2.533892569729408422e+02,2.606982737704086617e+02,2.684436895568466639e+02,2.640799264060335645e+02,2.599090838926506422e+02,1.604131411486704019e+05,2.222980023136539884e+01,1.262444546541502888e+01
4.810000000000000000e+03,1.039000000000000000e+04,2.700150991997812753e+02,2.596976217039281210e+02,2.643655223775507466e+02,2.673860355029003131e+02,2.654262695495079356e+02,3.047551370201878740e+02,2.487193357337724251e+02,2.536285400806344796e+02,2.535655072659204166e+02,2.607411933111128519e+02,2.684604573251059492e+02,2.641227250970018758e+02,2.599489892046115642e+02,1.605094524650210515e+05,2.230070120789530108e+01,1.266956957487239777e+01
4.820000000000000000e+03,1.040000000000000000e+04,2.700011341291249778e+02,2.598414633044665152e+02,2.645992340216164393e+02,2.680173665377957377e+02,2.656269478179588077e+02,3.048746141857769203e+02,2.488808760648636280e+02,2.538064285865890213e+02,2.537428148404819410e+02,2.607853736519427912e+02,2.684778173640186196e+02,2.641666363028169826e+02,2.599902530415176898e+02,1.606059975204002112e+05,2.236920819536015870e+01,1.271470263841639969e+01
4.830000000000000000e+03,1.041000000000000000e+04,2.699876467047187703e+02,2.599865532498477023e+02,2.648331385686645945e+02,2.686507325924873157e+02,2.658290145309510422e+02,3.049860126288197080e+02,2.490443953978781337e+02,2.539853221139260313e+02,2.539211354233576401e+02,2.608308058343413336e+02,2.684957648383376636e+02,2.642116500087225859e+02,2.600328667983868627e+02,1.607027522659387323e+05,2.243531250772407759e+01,1.275983791235121245e+01
4.840000000000000000e+03,1.042000000000000000e+04,2.699746374524921748e+02,2.601328588300150386e+02,2.650671790932083240e+02,2.692859250406255569e+02,2.660323989197923993e+02,3.050893845774618853e+02,2.492098457173458428e+02,2.541651762213242023e+02,2.541004246406354810e+02,2.608774806542693341e+02,2.685142948337927464e+02,2.642577560757752053e+02,2.600768216098971379e+02,1.607996926373791066e+05,2.249900576358753668e+01,1.280496855840290316e+01
4.850000000000000000e+03,1.043000000000000000e+04,2.699621068422265466e+02,2.602803470696927093e+02,2.653012987635794389e+02,2.699227364099086799e+02,2.662370306186359699e+02,3.051847813553143851e+02,2.493771788384598551e+02,2.543459463752994623e+02,2.542806380258980710e+02,2.609253886643414262e+02,2.685334023572615365e+02,2.643049442441506471e+02,2.601221083498387543e+02,1.608967945590344025e+05,2.256027988725012179e+01,1.285008763719753411e+01
4.860000000000000000e+03,1.044000000000000000e+04,2.699500552868594241e+02,2.604289845152301268e+02,2.655354409077513651e+02,2.705609604279554787e+02,2.664428396881157823e+02,3.052722534168925677e+02,2.495463464102401758e+02,2.545275879564073023e+02,2.544617310273675912e+02,2.609745201610347749e+02,2.685530823310170945e+02,2.643532041257834067e+02,2.601687176312345855e+02,1.609940339480587863e+05,2.261912710973442842e+01,1.289518810387517611e+01
4.870000000000000000e+03,1.045000000000000000e+04,2.699384831432499823e+02,2.605787376033395617e+02,2.657695489292527213e+02,2.712003920670274510e+02,2.666497565730649058e+02,3.053518503077454511e+02,2.497172999249628447e+02,2.547100562761071387e+02,2.546436590157454987e+02,2.610248652030876428e+02,2.685733295946272392e+02,2.644025252049154915e+02,2.602166398049247391e+02,1.610913867185267736e+05,2.267553996977107289e+01,1.294026280075289037e+01
4.880000000000000000e+03,1.046000000000000000e+04,2.699273907092109539e+02,2.607295724228824838e+02,2.660035663833575654e+02,2.718408275890166124e+02,2.668577121273869466e+02,3.054236206996449710e+02,2.498899907260657756e+02,2.548933065718020146e+02,2.548263772919158043e+02,2.610764135997764015e+02,2.685941389062676876e+02,2.644528968353664595e+02,2.602658649598599823e+02,1.611888287857345422e+05,2.272951131474475162e+01,1.298530445312636772e+01
4.890000000000000000e+03,1.047000000000000000e+04,2.699167782238437212e+02,2.608814547912877515e+02,2.662374369672519379e+02,2.724820645919527919e+02,2.670666376092308383e+02,3.054876123915935295e+02,2.500643700150281461e+02,2.550772940207931754e+02,2.550098410896529515e+02,2.611291549122672109e+02,2.686155049369235144e+02,2.645043082375998438e+02,2.603163829227357837e+02,1.612863360705031082e+05,2.278103430160106058e+01,1.303030566463433004e+01
4.900000000000000000e+03,1.048000000000000000e+04,2.699066458747344086e+02,2.610343502318922901e+02,2.664711045187168565e+02,2.731239020562713335e+02,2.672764646719512029e+02,3.055438723163562145e+02,2.502403888589656731e+02,2.552619737469576648e+02,2.551940056039717035e+02,2.611830784522167050e+02,2.686374222736073989e+02,2.645567484986800082e+02,2.603681832623281593e+02,1.613838845035842678e+05,2.283010239771423855e+01,1.307525891315883371e+01
4.910000000000000000e+03,1.049000000000000000e+04,2.698969937647343613e+02,2.611882241029717306e+02,2.667045130412618619e+02,2.737661403927384072e+02,2.674871253765873007e+02,3.055924465493512798e+02,2.504179981992209605e+02,2.554473008294939973e+02,2.553788259658797983e+02,2.612381732855106407e+02,2.686598854042553057e+02,2.646102065673521224e+02,2.604212552739112425e+02,1.614814500299747451e+05,2.287670938171530821e+01,1.312015654681161791e+01
4.920000000000000000e+03,1.050000000000000000e+04,2.698878219592109531e+02,2.613430414313522192e+02,2.669376067003246931e+02,2.744085814896208149e+02,2.676985521830872585e+02,3.056333803174176182e+02,2.505971488582742381e+02,2.556332303090467803e+02,2.555642572734731743e+02,2.612944282254040900e+02,2.686828887376007060e+02,2.646646712503634262e+02,2.604755879926993885e+02,1.615790086134987650e+05,2.292084934428098464e+01,1.316499078070737383e+01
4.930000000000000000e+03,1.051000000000000000e+04,2.698791304530000161e+02,2.614987670458529010e+02,2.671703298329090330e+02,2.750510287595765249e+02,2.679106779519730139e+02,3.056667180080852404e+02,2.507777915478790476e+02,2.558197171961439267e+02,2.557502545949365071e+02,2.613518318365103141e+02,2.687064265791372009e+02,2.647201312112913456e+02,2.605311701891010898e+02,1.616765362411815440e+05,2.296251668888287867e+01,1.320975369400758481e+01
4.940000000000000000e+03,1.052000000000000000e+04,2.698709191767890729e+02,2.616553655345960578e+02,2.674026269600777823e+02,2.756932871883441294e+02,2.681234359476354712e+02,3.056925031805195658e+02,2.509598768765462751e+02,2.560067164784271654e+02,2.559367729718314592e+02,2.614103724309346717e+02,2.687304931476943466e+02,2.647765749664706050e+02,2.605879903683393195e+02,1.617740089278077940e+05,2.300170613249712659e+01,1.325443722742407537e+01
4.950000000000000000e+03,1.053000000000000000e+04,2.698631879959531261e+02,2.618128012844440491e+02,2.676344427903545693e+02,2.763351633820632287e+02,2.683367598365049389e+02,3.057107785744063904e+02,2.511433553576324300e+02,2.561941831240690135e+02,2.561237674298993738e+02,2.614700380724850675e+02,2.687550825646152362e+02,2.648339908823442101e+02,2.606460367691106512e+02,1.618714027205018792e+05,2.303841270627414772e+01,1.329903318095976772e+01
4.960000000000000000e+03,1.054000000000000000e+04,2.698559367108827587e+02,2.619710384654931659e+02,2.678657222272073568e+02,2.769764656152503903e+02,2.685505836867804419e+02,3.057215861227449523e+02,2.513281774167096216e+02,2.563820721048862197e+02,2.563111929855839435e+02,2.615308165704080920e+02,2.687801888493009415e+02,2.648923671716804620e+02,2.607052973633805095e+02,1.619686937032265996e+05,2.307263175616872530e+01,1.334353321257051661e+01
4.970000000000000000e+03,1.055000000000000000e+04,2.698491650535546569e+02,2.621300410490322292e+02,2.680964103865078414e+02,2.776170038781760923e+02,2.687648419760386105e+02,3.057249669630315339e+02,2.515142934007206463e+02,2.565703383780752347e+02,2.564990046536423165e+02,2.615926954818689865e+02,2.688058059238691158e+02,2.649516918909286005e+02,2.607657598555040295e+02,1.620658580014550244e+05,2.310435894353005892e+01,1.338792883660577360e+01
4.980000000000000000e+03,1.056000000000000000e+04,2.698428726877734789e+02,2.622897728175775001e+02,2.683264525908562632e+02,2.782565899242642899e+02,2.689794695848732999e+02,3.057209614490780609e+02,2.517016535833259070e+02,2.567589369205776393e+02,2.566871574558752513e+02,2.616556621108270519e+02,2.688319276079762403e+02,2.650119529360454180e+02,2.608274116818514585e+02,1.621628717867256491e+05,2.313359024565187383e+01,1.343221142325007555e+01
4.990000000000000000e+03,1.057000000000000000e+04,2.698370592071562442e+02,2.624501973686302563e+02,2.685557943878077936e+02,2.788950373167094199e+02,2.691944018045367670e+02,3.057096091640439681e+02,2.518902081764439629e+02,2.569478227184411026e+02,2.568756064264666747e+02,2.617197035071145024e+02,2.688585476168383934e+02,2.650731380398938768e+02,2.608902400101570151e+02,1.622597112812340783e+05,2.316032195628244139e+01,1.347637219803177544e+01
5.000000000000000000e+03,1.058000000000000000e+04,2.698317241336562802e+02,2.626112781255602613e+02,2.687843815581579747e+02,2.795321614760192688e+02,2.694095743383981016e+02,3.056909489332655312e+02,2.520799073292240564e+02,2.571369507793238540e+02,2.570643066221397248e+02,2.617848064665265042e+02,2.688856595615671949e+02,2.651352347679478498e+02,2.609542317364349628e+02,1.623563527624881244e+05,2.318455068609453917e+01,1.352040224179931194e+01
5.010000000000000000e+03,1.059000000000000000e+04,2.698268669171484362e+02,2.627729783629924896e+02,2.690121601038594008e+02,2.801677797225495397e+02,2.696249232983799970e+02,3.056650188375382413e+02,2.522707011546483216e+02,2.573262761494884217e+02,2.572532131253660168e+02,2.618509575307567729e+02,2.689132569454118311e+02,2.651982305161647560e+02,2.610193734906042664e+02,1.624527725678887218e+05,2.320627336311514100e+01,1.356429249136644799e+01
5.020000000000000000e+03,1.060000000000000000e+04,2.698224869330155684e+02,2.629352611430657589e+02,2.692390763080486522e+02,2.808017113306412966e+02,2.698403852164786940e+02,3.056318562270406574e+02,2.524625397202797217e+02,2.575157538891414788e+02,2.574422810569792546e+02,2.619181429833946595e+02,2.689413331611308990e+02,2.652621125063171235e+02,2.610856516300494832e+02,1.625489470994432922e+05,2.322548723311494712e+01,1.360803374013476486e+01
5.030000000000000000e+03,1.061000000000000000e+04,2.698185834813593829e+02,2.630980894297018722e+02,2.694650766705627802e+02,2.814337775633274532e+02,2.700558970369044118e+02,3.055914977355169526e+02,2.526553730692824331e+02,2.577053391274438923e+02,2.576314655807917120e+02,2.619863488547449037e+02,2.689698814903514403e+02,2.653268677835931157e+02,2.611530522416257440e+02,1.626448528281867621e+05,2.324218985995756626e+01,1.365161663977031381e+01
5.040000000000000000e+03,1.062000000000000000e+04,2.698151557855156284e+02,2.632614260270179329e+02,2.696901079706182145e+02,2.820638017196944816e+02,2.702713961280195463e+02,3.055439792944666806e+02,2.528491512064714470e+02,2.578949870382380141e+02,2.578207219133097396e+02,2.620555609185814205e+02,2.689988951054480140e+02,2.653924832132451002e+02,2.612215611380815403e+02,1.627404662988732453e+05,2.325637912590842404e+01,1.369503170136215076e+01
5.050000000000000000e+03,1.063000000000000000e+04,2.698122029903671546e+02,2.634252336012656883e+02,2.699141172572345795e+02,2.826916091805643418e+02,2.704868202797526351e+02,3.054893361481766760e+02,2.530438241301094422e+02,2.580846528546558147e+02,2.580100053221880785e+02,2.621257646926973166e+02,2.690283670582597324e+02,2.654589454763324170e+02,2.612911638695250076e+02,1.628357641346071614e+05,2.326805323190324515e+01,1.373826929777179728e+01
5.060000000000000000e+03,1.064000000000000000e+04,2.698097241606405987e+02,2.635894747249401462e+02,2.701370518510108241e+02,2.833170274457643245e+02,2.707021077077730524e+02,3.054276028685403617e+02,2.532393418276909642e+02,2.582742918772435132e+02,2.581992711498998574e+02,2.621969454393221213e+02,2.690582902708908364e+02,2.655262410697287123e+02,2.613618457057767159e+02,1.629307230412593344e+05,2.327721069777617302e+01,1.378131966607131531e+01
5.070000000000000000e+03,1.065000000000000000e+04,2.698077182798828062e+02,2.637541117829381392e+02,2.703588593620704614e+02,2.839398861795509674e+02,2.709171970573123644e+02,3.053588133706862209e+02,2.534356542885875854e+02,2.584638594804416130e+02,2.583884748079381097e+02,2.622690881622336860e+02,2.690886575965007523e+02,2.655943562987655469e+02,2.614335916458052793e+02,1.630253198120424058e+05,2.328385036244743134e+01,1.382417291037880958e+01
5.080000000000000000e+03,1.066000000000000000e+04,2.698061842498436818e+02,2.639191070830540866e+02,2.705794876921681862e+02,2.845600172476302419e+02,2.711320274038388334e+02,3.052830009274096028e+02,2.536327115122088003e+02,2.586533111205128534e+02,2.585775717884110350e+02,2.623421776101094451e+02,2.691194617413377159e+02,2.656632772774665909e+02,2.615063864218140566e+02,1.631195313320414280e+05,2.328797138407054490e+01,1.386681900499024955e+01
5.090000000000000000e+03,1.067000000000000000e+04,2.698051208884452876e+02,2.640844228271530483e+02,2.707988850520506503e+02,2.851772547591486955e+02,2.713465382589257615e+02,3.052001981865882385e+02,2.538304635197744688e+02,2.588426023264112814e+02,2.587665176715742632e+02,2.624161982754395694e+02,2.691506952921725997e+02,2.657329899248453557e+02,2.615802144900377471e+02,1.632133345826512668e+05,2.328957324013909158e+01,1.390924779786205967e+01
5.100000000000000000e+03,1.068000000000000000e+04,2.698045269267499862e+02,2.642500211182920111e+02,2.710169999380946138e+02,2.857914350981814096e+02,2.715606695721843380e+02,3.051104371857070419e+02,2.540288603394288600e+02,2.590316887759386191e+02,2.589552681325797607e+02,2.624911343950041100e+02,2.691823507188794338e+02,2.658034799625156666e+02,2.616550600362539853e+02,1.633067066459284106e+05,2.328865572755291780e+01,1.395144901514112412e+01
5.110000000000000000e+03,1.069000000000000000e+04,2.698044010103046730e+02,2.644158639705433416e+02,2.712337811867787423e+02,2.864023969662354716e+02,2.717743617349319152e+02,3.050137493682826744e+02,2.542278520506770008e+02,2.592205261960641565e+02,2.591437789504499278e+02,2.625669699502266212e+02,2.692144203670364959e+02,2.658747329121774783e+02,2.617309069755741007e+02,1.633996247090168763e+05,2.328521896264390634e+01,1.399341226443754493e+01
5.120000000000000000e+03,1.070000000000000000e+04,2.698047416962656371e+02,2.645819133239306780e+02,2.714491779482277138e+02,2.870099814138887950e+02,2.719875555815240205e+02,3.049101656003292078e+02,2.544273887697841019e+02,2.594090704462009853e+02,2.593320060088312289e+02,2.626436886688536561e+02,2.692468964618541918e+02,2.659467340933266541e+02,2.618077389524333967e+02,1.634920660685395123e+05,2.327926338116123617e+01,1.403512703991859212e+01
5.130000000000000000e+03,1.071000000000000000e+04,2.698055474519140944e+02,2.647481310135713102e+02,2.716631397080998909e+02,2.876140318744724595e+02,2.722001924087900306e+02,3.047997161869319029e+02,2.546274206593998031e+02,2.595972774975012953e+02,2.595199053152758779e+02,2.627212740201655379e+02,2.692797711050947100e+02,2.660194686212303736e+02,2.618855393414567061e+02,1.635840081347332161e+05,2.327078973821612706e+01,1.407658272745173988e+01
5.140000000000000000e+03,1.072000000000000000e+04,2.698068166537656225e+02,2.649144788372226458e+02,2.718756162912033005e+02,2.882143941953735293e+02,2.724122139374334211e+02,3.046824308878923944e+02,2.548278979459112747e+02,2.597851034546935125e+02,2.597074329971769657e+02,2.627997092253873461e+02,2.693130362759753211e+02,2.660929214049407392e+02,2.619642912479753249e+02,1.636754284358001314e+05,2.325979910818609397e+01,1.411776860911433928e+01
5.150000000000000000e+03,1.073000000000000000e+04,2.698085475863437637e+02,2.650809185195224700e+02,2.720865578636371538e+02,2.888109166687324318e+02,2.726235623706225510e+02,3.045583389350341577e+02,2.550287709165688170e+02,2.599725045522661731e+02,2.598945453172312909e+02,2.628789772512595846e+02,2.693466838299320898e+02,2.661670771455771387e+02,2.620439774968831443e+02,1.637663046220456017e+05,2.324629288457871468e+01,1.415867386946251827e+01
5.160000000000000000e+03,1.074000000000000000e+04,2.698107384402812272e+02,2.652474117348421601e+02,2.722959149397141232e+02,2.894034500588551282e+02,2.728341803576534517e+02,3.044274690485656265e+02,2.552299899337167517e+02,2.601594371653649205e+02,2.600811986726593545e+02,2.629590608128904137e+02,2.693807054987601077e+02,2.662419203350264638e+02,2.621245806794537998e+02,1.638566144699296856e+05,2.323027277985499239e+01,1.419928760061901052e+01
5.170000000000000000e+03,1.075000000000000000e+04,2.698133873108984631e+02,2.654139201162662971e+02,2.725036384101883868e+02,2.899918476337410311e+02,2.730440110162867882e+02,3.042898494538146110e+02,2.554315054344415330e+02,2.603458578119083882e+02,2.602673496084445901e+02,2.630399423753185602e+02,2.694150928890948080e+02,2.663174352548757042e+02,2.622060830876281443e+02,1.639463358862083987e+05,2.321174082521217485e+01,1.423959880850777182e+01
5.180000000000000000e+03,1.076000000000000000e+04,2.698164921999452872e+02,2.655804052463928997e+02,2.727096795200861266e+02,2.905759651819671490e+02,2.732529979296984379e+02,3.041455078980261533e+02,2.556332679592595980e+02,2.605317231709171324e+02,2.604529548219024377e+02,2.631216041588788812e+02,2.694498374844886257e+02,2.663936059745689704e+02,2.622884667564699157e+02,1.640354469118487323e+05,2.319069937032624651e+01,1.427959641942123170e+01
5.190000000000000000e+03,1.077000000000000000e+04,2.698200510103359306e+02,2.657468286813646046e+02,2.729139898951686405e+02,2.911556610425419649e+02,2.734610851516987964e+02,3.039944716672308687e+02,2.558352281415485550e+02,2.607169900773643008e+02,2.606379711699642598e+02,2.632040281299092612e+02,2.694849306438520102e+02,2.664704163510511989e+02,2.623717134673020155e+02,1.641239257259739097e+05,2.316715108305401571e+01,1.431926928611274974e+01
5.200000000000000000e+03,1.078000000000000000e+04,2.698240615472265631e+02,2.659131519620416952e+02,2.731165215405724780e+02,2.917307961244356989e+02,2.736682172102697450e+02,3.038367676029737368e+02,2.560373367198353094e+02,2.609016155384524609e+02,2.608223556766927231e+02,2.632871960137706537e+02,2.695203636039362891e+02,2.665478500283608696e+02,2.624558047276020147e+02,1.642117506497030263e+05,2.314109894909483600e+01,1.435860619469204025e+01
5.210000000000000000e+03,1.079000000000000000e+04,2.698285215167890669e+02,2.660793366064029897e+02,2.733172268529988287e+02,2.923012339264639650e+02,2.738743391126657798e+02,3.036724221192935147e+02,2.562395445496431421e+02,2.610855567337774801e+02,2.610060655400698124e+02,2.633710892917927140e+02,2.695561274718414779e+02,2.666258904371090921e+02,2.625407217898365388e+02,1.642989001499316655e+05,2.311254627161207509e+01,1.439759587153026388e+01
5.220000000000000000e+03,1.080000000000000000e+04,2.698334285234843719e+02,2.662453441256318456e+02,2.735160586224928920e+02,2.928668405555861227e+02,2.740793963470758854e+02,3.035014612193408539e+02,2.564418026071406302e+02,2.612687710257048934e+02,2.611890581385242740e+02,2.634556892039373679e+02,2.695922132422047071e+02,2.667045207942641127e+02,2.626264456484541370e+02,1.643853528430075967e+05,2.308149667081429257e+01,1.443622699026745693e+01
5.230000000000000000e+03,1.081000000000000000e+04,2.698387800742422087e+02,2.664111360296197972e+02,2.737129700414674289e+02,2.934274847418798799e+02,2.742833348876569062e+02,3.033239105124989123e+02,2.566440620015342233e+02,2.614512159659059876e+02,2.613712910379755385e+02,2.635409767513297083e+02,2.696286117761329706e+02,2.667837241035843476e+02,2.627129570413999318e+02,1.644710874983829563e+05,2.304795408349620445e+01,1.447448817917769404e+01
5.240000000000000000e+03,1.082000000000000000e+04,2.698445735708515940e+02,2.665766738354609515e+02,2.739079147115683099e+02,2.939830378538023865e+02,2.744861011982704326e+02,3.031397952309423545e+02,2.568462739798025041e+02,2.616328493015811887e+02,2.615527219990253229e+02,2.636269326972832232e+02,2.696653138205225559e+02,2.668634831554026619e+02,2.628002364529827446e+02,1.645560830420948332e+05,2.301192276253958369e+01,1.451236802856765529e+01
5.250000000000000000e+03,1.083000000000000000e+04,2.698508063132890697e+02,2.667419190744925004e+02,2.741008466495867424e+02,2.945333739098826413e+02,2.746876422359222261e+02,3.029491402466267118e+02,2.570483899351159494e+02,2.618136289826149437e+02,2.617333089832254700e+02,2.637135375733512319e+02,2.697023099998851876e+02,2.669437805282774434e+02,2.628882641160654430e+02,1.646403185603284510e+05,2.297340727637401514e+01,1.454985509829615431e+01
5.260000000000000000e+03,1.084000000000000000e+04,2.698574754974453072e+02,2.669068332999694348e+02,2.742917202935495880e+02,2.950783695889552973e+02,2.748879054544319729e+02,3.027519700878243043e+02,2.572503614168080617e+02,2.619935131682424299e+02,2.619130101600194394e+02,2.638007716777177620e+02,2.697395908191434728e+02,2.670245985893998295e+02,2.629770200148200274e+02,1.647237733026430360e+05,2.293241250839763268e+01,1.458693792549917845e+01
5.270000000000000000e+03,1.085000000000000000e+04,2.698645782156718838e+02,2.670713780947725127e+02,2.744804905093618572e+02,2.956179042385502953e+02,2.750868388083268314e+02,3.025483089558388201e+02,2.574521401376117069e+02,2.621724602335397663e+02,2.620917839133255711e+02,2.638886150808854723e+02,2.697771466651662422e+02,2.671059194955558382e+02,2.630664838876110707e+02,1.648064266854599700e+05,2.288894365635799844e+01,1.462360503239300336e+01
5.280000000000000000e+03,1.086000000000000000e+04,2.698721114546563058e+02,2.672355150792070617e+02,2.746671125992269253e+02,2.961518598828367885e+02,2.752843907565466566e+02,3.023381807417099481e+02,2.576536779746934940e+02,2.623504287764813512e+02,2.622695888482041937e+02,2.639770476281983065e+02,2.698149678080311560e+02,2.671877251949367746e+02,2.631566352297945173e+02,1.648882582950852229e+05,2.284300623169304600e+01,1.465984493402207889e+01
5.290000000000000000e+03,1.087000000000000000e+04,2.698800720957187309e+02,2.673992059184743084e+02,2.748515423012967176e+02,2.966801212232525131e+02,2.754805102658939404e+02,3.021216090427002428e+02,2.578549269936932546e+02,2.625273776235311516e+02,2.624463837972656961e+02,2.640660489426276172e+02,2.698530444027631461e+02,2.672699974287123723e+02,2.632474532968349195e+02,1.649692478909353376e+05,2.279460605883229718e+01,1.469564614641566180e+01
5.300000000000000000e+03,1.088000000000000000e+04,2.698884569141796419e+02,2.675624123293812318e+02,2.750337358034007593e+02,2.972025756447128515e+02,2.756751468154968734e+02,3.018986171786626755e+02,2.580558394421026378e+02,2.627032658371164189e+02,2.626221278270821244e+02,2.641555984289817047e+02,2.698913664853580485e+02,2.673527177331926623e+02,2.633389171080678466e+02,1.650493754085394321e+05,2.274374927445836647e+01,1.473099719447204414e+01
5.310000000000000000e+03,1.089000000000000000e+04,2.698972625787031347e+02,2.677250960922102649e+02,2.752136497389809620e+02,2.977191132144046719e+02,2.758682503965354726e+02,3.016692282086424939e+02,2.582563677620884732e+02,2.628780527209676166e+02,2.627967802444419476e+02,2.642456752770131629e+02,2.699299239967929793e+02,2.674358674418683677e+02,2.634310054498134264e+02,1.651286209624774347e+05,2.269044232672891326e+01,1.476588661990372486e+01
5.320000000000000000e+03,1.090000000000000000e+04,2.699064856513906534e+02,2.678872189769743386e+02,2.753912412304944155e+02,2.982296266914150351e+02,2.760597715214195205e+02,3.014334649469045075e+02,2.584564645910701870e+02,2.630516978293787815e+02,2.629703006066610556e+02,2.643362584651861198e+02,2.699687067498658735e+02,2.675194276859460842e+02,2.635236968739300210e+02,1.652069648493148852e+05,2.263469197445903802e+01,1.480030298985827031e+01
5.330000000000000000e+03,1.091000000000000000e+04,2.699161225866719178e+02,2.680487430435269971e+02,2.755664677940520733e+02,2.987340114896277328e+02,2.762496612250291719e+02,3.011913499792646007e+02,2.586560827788090364e+02,2.632241609674591700e+02,2.631426487187864041e+02,2.644273267650777939e+02,2.700077044572700515e+02,2.676033794040039311e+02,2.636169697202027464e+02,1.652843875501930015e+05,2.257650528626435715e+01,1.483423490360724273e+01
5.340000000000000000e+03,1.092000000000000000e+04,2.699261697319453219e+02,2.682096302374242214e+02,2.757392874748881013e+02,2.992321657142895788e+02,2.764378710652874247e+02,3.009429056791262838e+02,2.588551753993433522e+02,2.633954022033131537e+02,2.633137846451442101e+02,2.645188587454779281e+02,2.700469067260910379e+02,2.676877033375049564e+02,2.637108020963534045e+02,1.653608697337299236e+05,2.251588963966477763e+01,1.486767100219472226e+01
5.350000000000000000e+03,1.093000000000000000e+04,2.699366233267343773e+02,2.683698426502070333e+02,2.759096587741256599e+02,2.997239901341608856e+02,2.766243531293783917e+02,3.006881542235311144e+02,2.590536957460899430e+02,2.635653818716452861e+02,2.634836687180354602e+02,2.646108327764220007e+02,2.700863030600513071e+02,2.677723800366970863e+02,2.638051718947507993e+02,1.654363922584276879e+05,2.245285272014905331e+01,1.490059997587673735e+01
5.360000000000000000e+03,1.094000000000000000e+04,2.699474795028359608e+02,2.685293424775973676e+02,2.760775406706555941e+02,3.002093881751999334e+02,2.768090600365353566e+02,3.004271176087754043e+02,2.592515973442619952e+02,2.637340605798861475e+02,2.636522615405632450e+02,2.647032270339290108e+02,2.701258828620354961e+02,2.678573898642512177e+02,2.639000567954224152e+02,1.655109361752466648e+05,2.238740252020039634e+01,1.493301057208086746e+01
5.370000000000000000e+03,1.095000000000000000e+04,2.699587342848203093e+02,2.686880920098942056e+02,2.762428926300962075e+02,3.006882659117368348e+02,2.769919449406617105e+02,3.001598176663504773e+02,2.594488339595839648e+02,2.639013992144629697e+02,2.638195239934038341e+02,2.647960195035246898e+02,2.701656354369056317e+02,2.679427129991828451e+02,2.639954342699969629e+02,1.655844827300364850e+05,2.231954733828305137e+01,1.496489160351348069e+01
5.380000000000000000e+03,1.096000000000000000e+04,2.699703835892499910e+02,2.688460536808763663e+02,2.764056745975041167e+02,3.011605320514607911e+02,2.771729615318427022e+02,2.998862760785749515e+02,2.596453595997451202e+02,2.640673589459531172e+02,2.639854172398975720e+02,2.648891879962694134e+02,2.702055499945853967e+02,2.680283294408116035e+02,2.640912815868275061e+02,1.656570133658047416e+05,2.224929577779017364e+01,1.499623195574202761e+01
5.390000000000000000e+03,1.097000000000000000e+04,2.699824232251640979e+02,2.690031900056875429e+02,2.765658470288734634e+02,3.016260979243588167e+02,2.773520640480356292e+02,2.996065143941141287e+02,2.598411285355250584e+02,2.642319012364460491e+02,2.641499027328153488e+02,2.649827101114906895e+02,2.702456156511345853e+02,2.681142190129768323e+02,2.641875758140059816e+02,1.657285097249450919e+05,2.217665674595298242e+01,1.502702059573407745e+01
5.400000000000000000e+03,1.098000000000000000e+04,2.699948488945937584e+02,2.691594636647220113e+02,2.767233708594765176e+02,3.020848774659648939e+02,2.775292072631109477e+02,2.993205540428401719e+02,2.600360952892962700e+02,2.643949878433811023e+02,2.643129422190458513e+02,2.650765633105444294e+02,2.702858214344356043e+02,2.682003613685576511e+02,2.642842938290838219e+02,1.657989536514405045e+05,2.210163945271138530e+01,1.505724657877206418e+01
5.410000000000000000e+03,1.099000000000000000e+04,2.700076561923281133e+02,2.693148374596347594e+02,2.768782075355295547e+02,3.025367872002691456e+02,2.777043465004858263e+02,2.990284163514630791e+02,2.602302146550489965e+02,2.645565808258651259e+02,2.644744977461217559e+02,2.651707248713052536e+02,2.703261562855823286e+02,2.682867359940003666e+02,2.643814123179078024e+02,1.658683271928086760e+05,2.202425340954628652e+01,1.508689905657188035e+01
5.420000000000000000e+03,1.100000000000000000e+04,2.700208406061484538e+02,2.694692743432617021e+02,2.770303190100516986e+02,3.029817462209317114e+02,2.778774376337344165e+02,2.987301225592671017e+02,2.604234417016795078e+02,2.647166425506353562e+02,2.646345316671202568e+02,2.652651719041130036e+02,2.703666090593272315e+02,2.683733222147727702e+02,2.644789077841379026e+02,1.659366126021872042e+05,2.194450842827358983e+01,1.511596728480361485e+01
5.430000000000000000e+03,1.101000000000000000e+04,2.700343975185859904e+02,2.696227374142454778e+02,2.771796677448858190e+02,3.034196761707989936e+02,2.780484370877874198e+02,2.984256938315718344e+02,2.606157317806782316e+02,2.648751356970780080e+02,2.647930066462230343e+02,2.653598813657846449e+02,2.704071685342987621e+02,2.684600991997473898e+02,2.645767565532588037e+02,1.660037923401508597e+05,2.186241461980018741e+01,1.514444063044606459e+01
5.440000000000000000e+03,1.102000000000000000e+04,2.700483222056171826e+02,2.697751899352695659e+02,2.773262167215424370e+02,3.038505012211419398e+02,2.782173018424730913e+02,2.981151512756093780e+02,2.608070405212517926e+02,2.650320232624403616e+02,2.649498856666572806e+02,2.654548300587227914e+02,2.704478234095221296e+02,2.685470459671225854e+02,2.646749347785025179e+02,1.660698490764418966e+05,2.177798239284194182e+01,1.517230857894758067e+01
5.450000000000000000e+03,1.103000000000000000e+04,2.700626098387500633e+02,2.699265953355839542e+02,2.774699294361799957e+02,3.042741480467482802e+02,2.783839894361602774e+02,2.977985159547470175e+02,2.609973238602850643e+02,2.651872685678525841e+02,2.651051320304738397e+02,2.655499946312944530e+02,2.704885623105181480e+02,2.686341413913884253e+02,2.647734184465276712e+02,1.661347656918132852e+05,2.169122245260399851e+01,1.519956074169324545e+01
5.460000000000000000e+03,1.104000000000000000e+04,2.700772554845624995e+02,2.700769172210534066e+02,2.776107698996473800e+02,3.046905458001615443e+02,2.785484579636299713e+02,2.974758089033437045e+02,2.611865380476938299e+02,2.653408352621162294e+02,2.652587093639875775e+02,2.656453516078926214e+02,2.705293737928611790e+02,2.687213642011651018e+02,2.648721833831318122e+02,1.661985252795343404e+05,2.160214579942346802e+01,1.522618686281931133e+01
5.470000000000000000e+03,1.105000000000000000e+04,2.700922541061015636e+02,2.702261193798691465e+02,2.777487026605300002e+02,3.050996260897846923e+02,2.787106660832519651e+02,2.971470511407778758e+02,2.613746396198270645e+02,2.654926873279721917e+02,2.654105816301690197e+02,2.657408773630922951e+02,2.705702463447987611e+02,2.688086929986483256e+02,2.649712052594042007e+02,1.662611111470119795e+05,2.151076372737468745e+01,1.525217682586531787e+01
5.480000000000000000e+03,1.106000000000000000e+04,2.701076005633359500e+02,2.703741657906334694e+02,2.778836927926948874e+02,3.055013229498953251e+02,2.788705730171808455e+02,2.968122636856581380e+02,2.615615854345659272e+02,2.656427890863869834e+02,2.655607131276214545e+02,2.658365481464145432e+02,2.706111683921791382e+02,2.688961062554012642e+02,2.650704595974386848e+02,1.663225068172047613e+05,2.141708782283718904e+01,1.527752066062157787e+01
5.490000000000000000e+03,1.107000000000000000e+04,2.701232896139921991e+02,2.705210206295579383e+02,2.780157059021573787e+02,3.058955728127059501e+02,2.790281385535083700e+02,2.964714675701882811e+02,2.617473326711402706e+02,2.657911052016949043e+02,2.657090684962470277e+02,2.659323400852267696e+02,2.706521282999227651e+02,2.689835823215093455e+02,2.651699217773237933e+02,1.663826960299988859e+05,2.132112996302672414e+01,1.530220854960949062e+01
5.500000000000000000e+03,1.108000000000000000e+04,2.701393159150468932e+02,2.706666482778010732e+02,2.781447081301548110e+02,3.062823144788630430e+02,2.791833230479805934e+02,2.961246838538276052e+02,2.619318388363599297e+02,2.659376006859562835e+02,2.658556127225069758e+02,2.660282291905377292e+02,2.706931143776381532e+02,2.690710994318177995e+02,2.652695670426415973e+02,1.664416627435632981e+05,2.122290231448931763e+01,1.532623083435143485e+01
5.510000000000000000e+03,1.109000000000000000e+04,2.701556740228359672e+02,2.708110133297532229e+02,2.782706662083071478e+02,3.066614890866741234e+02,2.793360874450472693e+02,2.957719336370665815e+02,2.621150616394465374e+02,2.660822409329815059e+02,2.660003111437733878e+02,2.661241913640405983e+02,2.707341148828675728e+02,2.691586357128616100e+02,2.653693705072881812e+02,1.664993911355269374e+05,2.112241733155867252e+01,1.534957802008018213e+01
5.520000000000000000e+03,1.110000000000000000e+04,2.701723583946015879e+02,2.709540805977516698e+02,2.783935472473611981e+02,3.070330400805148088e+02,2.794863932083112559e+02,2.954132380752982954e+02,2.622969595213632488e+02,2.662249916089804174e+02,2.661431294529183447e+02,2.662202024032842473e+02,2.707751180240550184e+02,2.692461691890013071e+02,2.654693071620144451e+02,1.665558656041532522e+05,2.101968775477704909e+01,1.537224078718802112e+01
5.530000000000000000e+03,1.111000000000000000e+04,2.701893633898750409e+02,2.710958151213623069e+02,2.785133190720002290e+02,3.073969131776419204e+02,2.796342024185438504e+02,2.950486183919048813e+02,2.624774908782173952e+02,2.663658188206700288e+02,2.662840337025337476e+02,2.663162380099765869e+02,2.708161119653073570e+02,2.693336777892894247e+02,2.655693518810028309e+02,1.666110707694057492e+05,2.091472660927992067e+01,1.539420998891123737e+01
5.540000000000000000e+03,1.112000000000000000e+04,2.702066832707344020e+02,2.712361821741898211e+02,2.786299499856457942e+02,3.077530563284597065e+02,2.797794777227047689e+02,2.946780958918222382e+02,2.626566145961937195e+02,2.665046890212828998e+02,2.664229903093342955e+02,2.664122737959743858e+02,2.708570848294633038e+02,2.694211393544962903e+02,2.656694794283887404e+02,1.666649914739641827e+05,2.080754720314450879e+01,1.541547666186376375e+01
5.550000000000000000e+03,1.113000000000000000e+04,2.702243122041953143e+02,2.713751472706035202e+02,2.787434088707428828e+02,3.081014197130903085e+02,2.799221823418890835e+02,2.943016919744949860e+02,2.628342898510567807e+02,2.666415690290882026e+02,2.665599660587321296e+02,2.665082852903161665e+02,2.708980247025621111e+02,2.695085316441939653e+02,2.657696644655461000e+02,1.667176127841461566e+05,2.069816312570240058e+01,1.543603202954128228e+01
5.560000000000000000e+03,1.114000000000000000e+04,2.702422442621562482e+02,2.715126761756888527e+02,2.788536651201688414e+02,3.084419556558646605e+02,2.800622800737334614e+02,2.939194281467838437e+02,2.630104762676292580e+02,2.667764260377828123e+02,2.666949281084410472e+02,2.666042479456441470e+02,2.709389196384099705e+02,2.695958323434459203e+02,2.658698815576094603e+02,1.667689199908309965e+05,2.058658824581661406e+01,1.545586750904179674e+01
5.570000000000000000e+03,1.115000000000000000e+04,2.702604734244453084e+02,2.716487348964537887e+02,2.789606886996907633e+02,3.087746186246788511e+02,2.801997352939901020e+02,2.935313260376165090e+02,2.631851338023646463e+02,2.669092276183504282e+02,2.668278439933599202e+02,2.667001371454124978e+02,2.709797576592725932e+02,2.696830190698682372e+02,2.659701051798845697e+02,1.668188986101815826e+05,2.047283671012311856e+01,1.547497471471729646e+01
5.580000000000000000e+03,1.116000000000000000e+04,2.702789935786718729e+02,2.717832897196498152e+02,2.790644501251434235e+02,3.090993651845607246e+02,2.803345129576086947e+02,2.931374074073191878e+02,2.633582227855798124e+02,2.670399417236742465e+02,2.669586816257356645e+02,2.667959282110451795e+02,2.710205267631891957e+02,2.697700693814156239e+02,2.660703097261916241e+02,1.668675343844274757e+05,2.035692294123717971e+01,1.549334546289652970e+01
