phase_s,time_s,battery,bolts,frame,panel1,panel2,panel3,panel4,panel5,panel6,pcb1,pcb2,pcb3,pcb4,energy_J,absorbed_power_W,emitted_power_W
0.000000000000000000e+00,1.116000000000000000e+04,2.702441319300418172e+02,2.722171652699444735e+02,2.790589526112069052e+02,3.085491193404476462e+02,2.800449490357858622e+02,2.916847074753599145e+02,2.638763896151785957e+02,2.680144761547167036e+02,2.679371733510048443e+02,2.668782838386111962e+02,2.710183129304464842e+02,2.697010763514806513e+02,2.661492672254468630e+02,1.668930397004635597e+05,2.035692294123719392e+01,1.546492369203386552e+01
1.000000000000000000e+01,1.117000000000000000e+04,2.702622343592732932e+02,2.723528237105361427e+02,2.791619990953852266e+02,3.088513223328400841e+02,2.801757265186977861e+02,2.912990898348473934e+02,2.640600845660306391e+02,2.681459160710604692e+02,2.680687670285046238e+02,2.669746215300388030e+02,2.710588536282730274e+02,2.697870031987783364e+02,2.662498857717802139e+02,1.669412687329316977e+05,2.030620759978207701e+01,1.548330433311690513e+01
2.000000000000000000e+01,1.118000000000000000e+04,2.702806178952860137e+02,2.724868766286433583e+02,2.792655675365200523e+02,3.091468584986124597e+02,2.803049543322543968e+02,2.909269997788762794e+02,2.642612770033101697e+02,2.682763832045931736e+02,2.681993964513779360e+02,2.670708748544932973e+02,2.710993497714321734e+02,2.698728212026328492e+02,2.663504977507725471e+02,1.669904712153796863e+05,2.042305047644017435e+01,1.550280223750322151e+01
3.000000000000000000e+01,1.119000000000000000e+04,2.702992826064569272e+02,2.726194053560294037e+02,2.793705332370401493e+02,3.094359006457096939e+02,2.804328082085457936e+02,2.905670529219883633e+02,2.644785766211886653e+02,2.684060522056914806e+02,2.683292362336964061e+02,2.671670640328898116e+02,2.711398297066421037e+02,2.699585577517216848e+02,2.664511224714217406e+02,1.670406187868965208e+05,2.053773743232781612e+01,1.552298029143122271e+01
4.000000000000000000e+01,1.120000000000000000e+04,2.703182287614988581e+02,2.727505071273125736e+02,2.794771159118876085e+02,3.097185796037352361e+02,2.805594209574223896e+02,2.902184735011834960e+02,2.647111947593365358e+02,2.685350453483608817e+02,2.684584086148956317e+02,2.672632052687772557e+02,2.711803160183904993e+02,2.700442350406810874e+02,2.665517752439308197e+02,1.670916837340396014e+05,2.065025392622731815e+01,1.554375922107413821e+01
5.000000000000000000e+01,1.121000000000000000e+04,2.703374566861121480e+02,2.728802838425093569e+02,2.795853577719788063e+02,3.099949953239553793e+02,2.806848936032380379e+02,2.898806952787007845e+02,2.649585460613237160e+02,2.686634524935008699e+02,2.685870034182549944e+02,2.673593127198350885e+02,2.712208282490001920e+02,2.701298724946668699e+02,2.666524693350131656e+02,1.671436385713981581e+05,2.076058569211499716e+01,1.556510196350583541e+01
6.000000000000000000e+01,1.122000000000000000e+04,2.703569667217400934e+02,2.730088367491135273e+02,2.796952504352246933e+02,3.102652262581894433e+02,2.808093047745342687e+02,2.895532419493144971e+02,2.652201292117273397e+02,2.687913431866748510e+02,2.687150901494447339e+02,2.674553992634619703e+02,2.712613840058597816e+02,2.702154877753521305e+02,2.667532167500879723e+02,1.671964559583535884e+05,2.086871874096994262e+01,1.558698004806872284e+01
7.000000000000000000e+01,1.123000000000000000e+04,2.703767592130760136e+02,2.731362639909172003e+02,2.798067682785978718e+02,3.105293354092842151e+02,2.809327167657961013e+02,2.892356884453437260e+02,2.654954885286406920e+02,2.689187729940439908e+02,2.688427243333501337e+02,2.675514768571247259e+02,2.713019994643855171e+02,2.703010972403014307e+02,2.668540285810329351e+02,1.672501086734395940e+05,2.097463936254770189e+01,1.560936785128197535e+01
8.000000000000000000e+01,1.124000000000000000e+04,2.703968345026668771e+02,2.732626594872954797e+02,2.799198779126711543e+02,3.107873742590894039e+02,2.810551794812104731e+02,2.889276456273059921e+02,2.657841989014033288e+02,2.690457869993518898e+02,2.689699510061562933e+02,2.676475567248796779e+02,2.713426896461415936e+02,2.703867162004809188e+02,2.669549152001664538e+02,1.673045696023183991e+05,2.107833412711860177e+01,1.563224122827239171e+01
9.000000000000000000e+01,1.125000000000000000e+04,2.704171929295789027e+02,2.733881123966477844e+02,2.800345412811176971e+02,3.110393854380621974e+02,2.811767331219945731e+02,2.886287525533298322e+02,2.660858582960185004e+02,2.691724219582832802e+02,2.690968068897857393e+02,2.677436494755922922e+02,2.713834685908720417e+02,2.704723590787115768e+02,2.670558863794195759e+02,1.673598117301013554e+05,2.117978988717050726e+01,1.565557709101668138e+01
1.000000000000000000e+02,1.126000000000000000e+04,2.704378348274353812e+02,2.735127069660979373e+02,2.801507169330478746e+02,3.112854046164614488e+02,2.812974100987142947e+02,2.883386716921007746e+02,2.664000831964922895e+02,2.692987077732276475e+02,2.692233218397879000e+02,2.678397651735035652e+02,2.714243494738806817e+02,2.705580395138990184e+02,2.671569513512951630e+02,1.674158081352484878e+05,2.127899377907583656e+01,1.567935323713264317e+01
1.100000000000000000e+02,1.127000000000000000e+04,2.704587605246004500e+02,2.736365224934069147e+02,2.802683607000704455e+02,3.115254618865442922e+02,2.814172364325858666e+02,2.880570855440179798e+02,2.667265054274588465e+02,2.694246685832024468e+02,2.693495199510217617e+02,2.679359133810863227e+02,2.714653446775331531e+02,2.706437704293123829e+02,2.672581188637581135e+02,1.674725319845547492e+05,2.137593322472249469e+01,1.570354825702419177e+01
1.200000000000000000e+02,1.128000000000000000e+04,2.704799703426111819e+02,2.737596333663931318e+02,2.803874261567006556e+02,3.117595827930094288e+02,2.815362328117818151e+02,2.877836940818662583e+02,2.670647697940544276e+02,2.695503236069235982e+02,2.694754204005830047e+02,2.680321031855194178e+02,2.715064658560600606e+02,2.707295640790639482e+02,2.673593971977989554e+02,1.675299565287125879e+05,2.147059593310868664e+01,1.572814146899930776e+01
1.300000000000000000e+02,1.129000000000000000e+04,2.705014645959002451e+02,2.738821092023824235e+02,2.805078649711942944e+02,3.119877891215813293e+02,2.816544154006145959e+02,2.875182127277968789e+02,2.674145322448794104e+02,2.696756878147932639e+02,2.696010381095138086e+02,2.681283432068170782e+02,2.715477239683108337e+02,2.708154320800638857e+02,2.674607941838867191e+02,1.675880550984640140e+05,2.156296990190131169e+01,1.575311286626592810e+01
1.400000000000000000e+02,1.130000000000000000e+04,2.705232435903846522e+02,2.740040150104806571e+02,2.806296271778437585e+02,3.122100995078176879e+02,2.817717964705383906e+02,2.872603707059465705e+02,2.677754584084261751e+02,2.698007724721703653e+02,2.697263843033314856e+02,2.682246416154871440e+02,2.715891293119520924e+02,2.709013854299645345e+02,2.675623172084127646e+02,1.676468011012075585e+05,2.165304341895771501e+01,1.577844307062315288e+01
1.500000000000000000e+02,1.131000000000000000e+04,2.705453076225418272e+02,2.741254113116733606e+02,2.807526614351083936e+02,3.124265299193676242e+02,2.818883849077209902e+02,2.870099096943040990e+02,2.681472224065399246e+02,2.699255855872416987e+02,2.698514669459626134e+02,2.683210061272349094e+02,2.716306915466774399e+02,2.709874345304437497e+02,2.676639732178068130e+02,1.677061680180662661e+05,2.174080506381069000e+01,1.580411329057997172e+01
1.600000000000000000e+02,1.132000000000000000e+04,2.705676569782469869e+02,2.742463543497494811e+02,2.808769152173564407e+02,3.126370940411697461e+02,2.820041866196825140e+02,2.867665826827515616e+02,2.685295058814223808e+02,2.700501322828543493e+02,2.699762911165660739e+02,2.684174440070478909e+02,2.716724197167155808e+02,2.710735891963450399e+02,2.677657687135357492e+02,1.677661294013125589e+05,2.182624370911650047e+01,1.583010528274583884e+01
1.700000000000000000e+02,1.133000000000000000e+04,2.705902919310946118e+02,2.743668962999835799e+02,2.810023349922134912e+02,3.128418035881836090e+02,2.821192048717722400e+02,2.865301530073153344e+02,2.689219971857324367e+02,2.701744151099407532e+02,2.701008593200795644e+02,2.685139620193006635e+02,2.717143222714691433e+02,2.711598586683174972e+02,2.678677097660124673e+02,1.678266588721749140e+05,2.190934852206569516e+01,1.585640131609918768e+01
1.800000000000000000e+02,1.134000000000000000e+04,2.706132127416756248e+02,2.744870852126840646e+02,2.811288663741952405e+02,3.130406685641902982e+02,2.822334405681773433e+02,2.863003935216643185e+02,2.693243907010063367e+02,2.702984343020463598e+02,2.702251717506354112e+02,2.686105666372309315e+02,2.717564070746216771e+02,2.712462516204157055e+02,2.679698020019927185e+02,1.678877301191189035e+05,2.199010896575662599e+01,1.588298413847732782e+01
1.900000000000000000e+02,1.135000000000000000e+04,2.706364196556424417e+02,2.746069655479168432e+02,2.812564542512650974e+02,3.132336974758400743e+02,2.823468924880011173e+02,2.860770858757336441e+02,2.697363862676616009e+02,2.704221880122504444e+02,2.703492265164883293e+02,2.687072637226696656e+02,2.717986814339278681e+02,2.713327761718176134e+02,2.680720506093277891e+02,1.679493168961693300e+05,2.206851480053142822e+01,1.590983694581627717e+01
2.000000000000000000e+02,1.136000000000000000e+04,2.706599129021531667e+02,2.747265780841274250e+02,2.813850429000410145e+02,3.134208975128669294e+02,2.824595574893508569e+02,2.858600198853799839e+02,2.701576886906186132e+02,2.705456725003504062e+02,2.704730198334442548e+02,2.688040587417455072e+02,2.718411521108381521e+02,2.714194399005642708e+02,2.681744603367133664e+02,1.680113930218298919e+05,2.214455608527427444e+01,1.593694335276921237e+01
2.100000000000000000e+02,1.137000000000000000e+04,2.706836926938992178e+02,2.748459601405135686e+02,2.815145760864383533e+02,3.136022747040026388e+02,2.825714306841497319e+02,2.856489929781008641e+02,2.705880073214425465e+02,2.706688823001701394e+02,2.705965461923418616e+02,2.689009567137137537e+02,2.718838253338779509e+02,2.715062498450316752e+02,2.682770354897612037e+02,1.680739323781374260e+05,2.221822317867187024e+01,1.596428736552244665e+01
2.200000000000000000e+02,1.138000000000000000e+04,2.707077592231024141e+02,2.749651457321619432e+02,2.816449971451575038e+02,3.137778340439333533e+02,2.826825055920191971e+02,2.854438096943623009e+02,2.710270556950514447e+02,2.707918103663434977e+02,2.707197985043883932e+02,2.689979622108443209e+02,2.719267068219978114e+02,2.715932125172814153e+02,2.683797799525898427e+02,1.681369089099666453e+05,2.228950674043584712e+01,1.599185335576492051e+01
2.300000000000000000e+02,1.139000000000000000e+04,2.707321126619832512e+02,2.750841657119021875e+02,2.817762490648901803e+02,3.139475796131836773e+02,2.827927742741467796e+02,2.852442812503180676e+02,2.714745512143792894e+02,2.709144482028134462e+02,2.708427682306506199e+02,2.690950793588712031e+02,2.719698017937791406e+02,2.716803339143807534e+02,2.684826971607290034e+02,1.682002966247248114e+05,2.235839773248702400e+01,1.601962603675201535e+01
2.400000000000000000e+02,1.140000000000000000e+04,2.707567531604842088e+02,2.752030479092950372e+02,2.819082745528445457e+02,3.141115146731032155e+02,2.829022274565128896e+02,2.850502251364948165e+02,2.719302148803208183e+02,2.710367859765064509e+02,2.709654454957857865e+02,2.691923118418113177e+02,2.720131149856850925e+02,2.717676195255781408e+02,2.685857901052048078e+02,1.682640695921405859e+05,2.242488742010136704e+01,1.604759044046669203e+01
2.500000000000000000e+02,1.141000000000000000e+04,2.707816808452381565e+02,2.753218172654644604e+02,2.820410160868123057e+02,3.142696417533663862e+02,2.830108546320069536e+02,2.848614647579385064e+02,2.723937710483463661e+02,2.711588126184527141e+02,2.710878191882789565e+02,2.692896629026625988e+02,2.720566506656556385e+02,2.718550743419313562e+02,2.686890613646592669e+02,1.683282019443399040e+05,2.248896737301742377e+01,1.607573189574587502e+01
2.600000000000000000e+02,1.142000000000000000e+04,2.708068958162938316e+02,2.754404959604650003e+02,2.821744159749073333e+02,3.144219627279478004e+02,2.831186441596835834e+02,2.846778291069693410e+02,2.728649472220550933e+02,2.712805159145539164e+02,2.712098770517196158e+02,2.693871353480461721e+02,2.721004126517742634e+02,2.719427028692151111e+02,2.687925130785394003e+02,1.683926678761567455e+05,2.255062946650528843e+01,1.610403600797516077e+01
2.700000000000000000e+02,1.143000000000000000e+04,2.708323981500291211e+02,2.755591035343218778e+02,2.823084164011791017e+02,3.145684788829456124e+02,2.832255833517144765e+02,2.844991524637553084e+02,2.733434738703280686e+02,2.714018825871824561e+02,2.713316057662195817e+02,2.694847315479157146e+02,2.721444043173619889e+02,2.720305091277898555e+02,2.688961469645573175e+02,1.684574416456330218e+05,2.260986588239662609e+01,1.613248863982268233e+01
2.800000000000000000e+02,1.144000000000000000e+04,2.708581878916678534e+02,2.756776570043290349e+02,2.824429594642502934e+02,3.147091909759404302e+02,2.833316585502702765e+02,2.843252741223429325e+02,2.738290842640006986e+02,2.715228983692073257e+02,2.714529910225369917e+02,2.695824534422364422e+02,2.721886286170151834e+02,2.721184966818098019e+02,2.689999643126697038e+02,1.685224975746545824e+05,2.266666911007605734e+01,1.616107589274335155e+01
2.900000000000000000e+02,1.145000000000000000e+04,2.708842650588221090e+02,2.757961709758732809e+02,2.825779872194332256e+02,3.148440992893501402e+02,2.834368552024014889e+02,2.841560381382922742e+02,2.743215143383584973e+02,2.716435480710550223e+02,2.715740175892405546e+02,2.696803025446290007e+02,2.722330880901365617e+02,2.722066686226806951e+02,2.691039659955180809e+02,1.685878100498847780e+05,2.272103194743333177e+01,1.618978408977002914e+01
3.000000000000000000e+02,1.146000000000000000e+04,2.709106296366961715e+02,2.759146577480835276e+02,2.827134417108879347e+02,3.149732036779835767e+02,2.835411579251191938e+02,2.839912930958362836e+02,2.748205025677416415e+02,2.717638156426115756e+02,2.716946693743963124e+02,2.697782799405180185e+02,2.722777848808203771e+02,2.722950275959498185e+02,2.692081524675502351e+02,1.686533535237779724e+05,2.277294750177657434e+01,1.621859975901848117e+01
3.100000000000000000e+02,1.147000000000000000e+04,2.709372815780858446e+02,2.760331274167085667e+02,2.828492650002884261e+02,3.150965036120203422e+02,2.836445505649126062e+02,2.838308918926810520e+02,2.753257898554226131e+02,2.718836842294032294e+02,2.718149294818275621e+02,2.698763862991657447e+02,2.723227207469067253e+02,2.723835758037739083e+02,2.693125237737353928e+02,1.687191025157612748e+05,2.282240919070613927e+01,1.624750961793534998e+01
3.200000000000000000e+02,1.148000000000000000e+04,2.709642208021228953e+02,2.761515879699726952e+02,2.829853991995260003e+02,3.152139982158772114e+02,2.837470162557398226e+02,2.836746915395246447e+02,2.758371194418654113e+02,2.720031362247874540e+02,2.719347802638063740e+02,2.699746218724681626e+02,2.723678970749298287e+02,2.724723150156871725e+02,2.694170795380218806e+02,1.687850316136788751e+05,2.286941074294924192e+01,1.627650055861275291e+01
3.300000000000000000e+02,1.149000000000000000e+04,2.709914471918953609e+02,2.762700453815092487e+02,2.831217864922823537e+02,3.153256863024354857e+02,2.838485374700230750e+02,2.835225529747359019e+02,2.763542368204043100e+02,2.721221533183578458e+02,2.720542033685348997e+02,2.700729864992753164e+02,2.724133148834187068e+02,2.725612465746178259e+02,2.695218189897276488e+02,1.688511154752073344e+05,2.291394619915509168e+01,1.630555963365939931e+01
3.400000000000000000e+02,1.150000000000000000e+04,2.710189605935526060e+02,2.763885037003304319e+02,2.832583691576850242e+02,3.154315664051199519e+02,2.839490960658579297e+02,2.833743408903721388e+02,2.768768896657260257e+02,2.722407165405752494e+02,2.721731797852310706e+02,2.701714796102572222e+02,2.724589748486631606e+02,2.726503714061130381e+02,2.696267409513123994e+02,1.689173288295902312e+05,2.295600991265045820e+01,1.633467404277489976e+01
3.500000000000000000e+02,1.151000000000000000e+04,2.710467608146179828e+02,2.765069651297305313e+02,2.833950895946885566e+02,3.155316368062436823e+02,2.840486733334894893e+02,2.832299235702794817e+02,2.774048277737433068e+02,2.723588063046196339e+02,2.722916898858612740e+02,2.702701002317502912e+02,2.725048773038169543e+02,2.727396900258324308e+02,2.697318438476596043e+02,1.689836464793807827e+05,2.299559655015565340e+01,1.636383112019606756e+01
3.600000000000000000e+02,1.152000000000000000e+04,2.710748476225750210e+02,2.766254301460824081e+02,2.835318903319818560e+02,3.156258955632579841e+02,2.841472500343213028e+02,2.830891727387947867e+02,2.779378030047990933e+02,2.724764024446040480e+02,2.724097134641753541e+02,2.703688469916349959e+02,2.725510222542543488e+02,2.728292025475381024e+02,2.698371257061714914e+02,1.690500433023838268e+05,2.303270109246067676e+01,1.639301832244534651e+01
3.700000000000000000e+02,1.153000000000000000e+04,2.711032207432810992e+02,2.767438974988406244e+02,2.836687140664420781e+02,3.157143405326486914e+02,2.842448064450610445e+02,2.829519634184218830e+02,2.784755692482437439e+02,2.725934842531785876e+02,2.725272297719956214e+02,2.704677181189485964e+02,2.725974093850135205e+02,2.729189086871542713e+02,2.699425841658771787e+02,1.691164942536797607e+05,2.306731883506169822e+01,1.642222321740926816e+01
3.800000000000000000e+02,1.154000000000000000e+04,2.711318798595506223e+02,2.768623644231892627e+02,2.838055036630448740e+02,3.157969693919152405e+02,2.843413223908661962e+02,2.828181737975625651e+02,2.790178823776547006e+02,2.727100305158608080e+02,2.726442175109952473e+02,2.705667114514138234e+02,2.726440380732660742e+02,2.730088077745458008e+02,2.700482164802526199e+02,1.691829743677625665e+05,2.309944538875744868e+01,1.645143347220198393e+01
3.900000000000000000e+02,1.155000000000000000e+04,2.711608246097879373e+02,2.769808264051143851e+02,2.839422021734291661e+02,3.158737796594526230e+02,2.844367772799108138e+02,2.826876851015256307e+02,2.795645002233718515e+02,2.728260195426770451e+02,2.727606550325502894e+02,2.706658244388461299e+02,2.726909073938889492e+02,2.730988987529472070e+02,2.701540195066669412e+02,1.692494587608426518e+05,2.312907668020579166e+01,1.648063684715449284e+01
4.000000000000000000e+02,1.156000000000000000e+04,2.711900545862821446e+02,2.770992776834114579e+02,2.840787528504957891e+02,3.159447687131915927e+02,2.845311501358014539e+02,2.825603814767403037e+02,2.801151825483290168e+02,2.729414291988888408e+02,2.728765201302904870e+02,2.707650541451534991e+02,2.727380161295278640e+02,2.731891801915944029e+02,2.702599897337752282e+02,1.693159226331362152e+05,2.315620895244017063e+01,1.650982118064380444e+01
4.100000000000000000e+02,1.157000000000000000e+04,2.712195693337889111e+02,2.772177110339493424e+02,2.842150991678856826e+02,3.160099338069059058e+02,2.846244196289644606e+02,2.824361498818153677e+02,2.806696910304038397e+02,2.730562369338798590e+02,2.729917902053056764e+02,2.708643972569410607e+02,2.727853627793941769e+02,2.732796502897739970e+02,2.703661232725490322e+02,1.693823412713586586e+05,2.318083876534592136e+01,1.653897438289008903e+01
4.200000000000000000e+02,1.158000000000000000e+04,2.712493683481453672e+02,2.773361178953723538e+02,2.843511847894650373e+02,3.160692720593905278e+02,2.847165641078996146e+02,2.823148799814160270e+02,2.812277892247773821e+02,2.731704198090689033e+02,2.731064422717238358e+02,2.709638500678733521e+02,2.728329455684178129e+02,2.733703068814554626e+02,2.704724160278356067e+02,1.694486900511778658e+05,2.320296299609651669e+01,1.656808442543407267e+01
4.300000000000000000e+02,1.159000000000000000e+04,2.712794510746698506e+02,2.774544884009130215e+02,2.844869537577294523e+02,3.161227805806067863e+02,2.848075616162319648e+02,2.821964640383165488e+02,2.817892426543819511e+02,2.732839545220728041e+02,2.732204529997868576e+02,2.710634085499543744e+02,2.728807624514231520e+02,2.734611474418637727e+02,2.705788629864045447e+02,1.695149444402313675e+05,2.322257883954942770e+01,1.659713934047218586e+01
4.400000000000000000e+02,1.160000000000000000e+04,2.713098169067546905e+02,2.775728114759918412e+02,2.846223502153309823e+02,3.161704563187821009e+02,2.848973899344280198e+02,2.820807968338344836e+02,2.823538186584544292e+02,2.733968174342940642e+02,2.733337987070739246e+02,2.711630682483095143e+02,2.729288111215075787e+02,2.735521690892683750e+02,2.706854593723091966e+02,1.695810800001908210e+05,2.323968380860186045e+01,1.662612720316725046e+01
4.500000000000000000e+02,1.161000000000000000e+04,2.713404651842351996e+02,2.776910748889052343e+02,2.847573186332038517e+02,3.162122961787974873e+02,2.849860265929592060e+02,2.819677755699465820e+02,2.829212864870951307e+02,2.735089845925056125e+02,2.734464553985395128e+02,2.712628243710719289e+02,2.729770890177524620e+02,2.736433685936177085e+02,2.707921998220568867e+02,1.696470723899806035e+05,2.325427573450606289e+01,1.665503612997352434e+01
4.600000000000000000e+02,1.162000000000000000e+04,2.713713951920965428e+02,2.778092652978484693e+02,2.848918037585764296e+02,3.162482970137777443e+02,2.850734488996006348e+02,2.818572997866517653e+02,2.834914172871880282e+02,2.736204317519805613e+02,2.735583987885562465e+02,2.713626717582669698e+02,2.730255933292095278e+02,2.737347423772118304e+02,2.708990786139224838e+02,1.697128973685336532e+05,2.326635276714429068e+01,1.668385427191139314e+01
4.700000000000000000e+02,1.163000000000000000e+04,2.714026061587469485e+02,2.779273683010535478e+02,2.850257506218752042e+02,3.162784556325480594e+02,2.851596339608353219e+02,2.817492712825891203e+02,2.840639841058916204e+02,2.737311343976097078e+02,2.736696043218148588e+02,2.714626048993134759e+02,2.730743210036187065e+02,2.738262865238386894e+02,2.710060896702611899e+02,1.697785307976547047e+05,2.327591337526342485e+01,1.671256980825229377e+01
4.800000000000000000e+02,1.164000000000000000e+04,2.714340972547156525e+02,2.780453684689554734e+02,2.851591045552517016e+02,3.163027688117077219e+02,2.852445587043093838e+02,2.816435940385234744e+02,2.846387619044445501e+02,2.738410677646929798e+02,2.737800471939314662e+02,2.715626179258891284e+02,2.731232687513354449e+02,2.739179967793472770e+02,2.711132265631937912e+02,1.698439486450285476e+05,2.328295634666907787e+01,1.674117094108469672e+01
4.900000000000000000e+02,1.165000000000000000e+04,2.714658675909773820e+02,2.781632494778622231e+02,2.852918111780795698e+02,3.163212333047815719e+02,2.853281998928824805e+02,2.815401741472108483e+02,2.852155275595424655e+02,2.739502068587088957e+02,2.738897023694947848e+02,2.716627046222434956e+02,2.731724330525397590e+02,2.740098685555436191e+02,2.712204825204719896e+02,1.699091269871917902e+05,2.328748078837930180e+01,1.676964588967501157e+01
5.000000000000000000e+02,1.166000000000000000e+04,2.714979162174813609e+02,2.782809939993836679e+02,2.854238164512677258e+02,3.163338458511885278e+02,2.854105341564757623e+02,2.814389197423991504e+02,2.857940598998875998e+02,2.740585264740597040e+02,2.739985446026630598e+02,2.717628584284507838e+02,2.732218101593766733e+02,2.741018969370039713e+02,2.713278504068382517e+02,1.699740420126569225e+05,2.328948612673783458e+01,1.679798288689623220e+01
5.100000000000000000e+02,1.167000000000000000e+04,2.715302421219822691e+02,2.783985838734245135e+02,2.855550666359877710e+02,3.163406031861204610e+02,2.854915379952304306e+02,2.813397409335891552e+02,2.863741397030595977e+02,2.741660012128166954e+02,2.741065484546155631e+02,2.718630724387818418e+02,2.732713961039796686e+02,2.741940766786250379e+02,2.714353227919919505e+02,1.700386700249313144e+05,2.328897210748679925e+01,1.682617017401571502e+01
5.200000000000000000e+02,1.168000000000000000e+04,2.715628442282156811e+02,2.785160001020634581e+02,2.856855083388196590e+02,3.163415020483774356e+02,2.855711878109247550e+02,2.812425497469536140e+02,2.869555497300859770e+02,2.742726055015720021e+02,2.742136883118129163e+02,2.719633394129584758e+02,2.733211867016375436e+02,2.742864022142244949e+02,2.715428918586567875e+02,1.701029874457390979e+05,2.328593879579894832e+01,1.685419599785074496e+01
5.300000000000000000e+02,1.169000000000000000e+04,2.715957213943094075e+02,2.786332228948064653e+02,2.858150885009858939e+02,3.163365391887514875e+02,2.856494599162164150e+02,2.811472600647825288e+02,2.875380747405487796e+02,2.743783136084834950e+02,2.743199384020439311e+02,2.720636517751130441e+02,2.733711775545238538e+02,2.743788676567367020e+02,2.716505494740178506e+02,1.701669708181522437e+05,2.328038657626943220e+01,1.688204860709386423e+01
5.400000000000000000e+02,1.170000000000000000e+04,2.716288724116083131e+02,2.787502317079368481e+02,2.859437544109001692e+02,3.163257113778303165e+02,2.857263305521991583e+02,2.810537875690599208e+02,2.881215015175940266e+02,2.744830996594195653e+02,2.744252728106553718e+02,2.721640016187476476e+02,2.734213640580123297e+02,2.744714668022538717e+02,2.717582871740918335e+02,1.702305968098096200e+05,2.327231615286699906e+01,1.690971624953150609e+01
5.500000000000000000e+02,1.171000000000000000e+04,2.716622960030125569e+02,2.788670052818253566e+02,2.860714537121141348e+02,3.163090154132388534e+02,2.858017759046616675e+02,2.809620496880020255e+02,2.887056188929652762e+02,2.745869376538209963e+02,2.745296654963083256e+02,2.722643807104049642e+02,2.734717414030556597e+02,2.745641931326388772e+02,2.718660961671697578e+02,1.702938422161371273e+05,2.326172854884473651e+01,1.693718716963611470e+01
5.600000000000000000e+02,1.172000000000000000e+04,2.716959908214686266e+02,2.789835216769363910e+02,2.861981344105363974e+02,3.162864481275182129e+02,2.858757721184551315e+02,2.808719655452391635e+02,2.892902177731346569e+02,2.746898014795045810e+02,2.746330903060423907e+02,2.723647804932907661e+02,2.735223045827334545e+02,2.746570398158804664e+02,2.719739673372116613e+02,1.703566839635874203e+05,2.324862510661038684e+01,1.696444960660978296e+01
5.700000000000000000e+02,1.173000000000000000e+04,2.717299554486737065e+02,2.790997583083873224e+02,2.863237448810247088e+02,3.162580063931188761e+02,2.859482953135282628e+02,2.807834559081743464e+02,2.898750911686722702e+02,2.747916649273882967e+02,2.747355209899228043e+02,2.724651920983479272e+02,2.735730483835656059e+02,2.747499997167117272e+02,2.720818912469860038e+02,1.704190991129076574e+05,2.323300748755604417e+01,1.699149179274968802e+01
5.800000000000000000e+02,1.174000000000000000e+04,2.717641883934188058e+02,2.792156919972057949e+02,2.864482338785683169e+02,3.162236871345689906e+02,2.860193215957800703e+02,2.806964431502473758e+02,2.904600342194287919e+02,2.748925017064707959e+02,2.748369312154520117e+02,2.725656063171084611e+02,2.736239674112914599e+02,2.748430653702064319e+02,2.721898581432195101e+02,1.704810648624150199e+05,2.321487767184763484e+01,1.701830195260462020e+01
5.900000000000000000e+02,1.175000000000000000e+04,2.717986880903201836e+02,2.793312989244829510e+02,2.865715505366277398e+02,3.161834873275009841e+02,2.860888270737346488e+02,2.806108511935847218e+02,2.910448442259261128e+02,2.749922854558742529e+02,2.749372945800632237e+02,2.726660136549220965e+02,2.736750560757636208e+02,2.749362290605781141e+02,2.722978579557238277e+02,1.705425585512395483e+05,2.319423795817372635e+01,1.704486830165240718e+01
6.000000000000000000e+02,1.176000000000000000e+04,2.718334528981883409e+02,2.794465547872446791e+02,2.866936443804789292e+02,3.161374040098388036e+02,2.861567878693239777e+02,2.805266054752199807e+02,2.916293206783723235e+02,2.750909897591347999e+02,2.750365846256864302e+02,2.727664042970267815e+02,2.737263086016740772e+02,2.750294827190825799e+02,2.724058803061549270e+02,1.706035576626224793e+05,2.317109096345415509e+01,1.707117904627293115e+01
6.100000000000000000e+02,1.177000000000000000e+04,2.718684810989471430e+02,2.795614347358570626e+02,2.868144653319671420e+02,3.160854342867893365e+02,2.862231801313415076e+02,2.804436329038924782e+02,2.922132652870224661e+02,2.751885881565806358e+02,2.751347748512431508e+02,2.728667681306100121e+02,2.737777190297520065e+02,2.751228179924461301e+02,2.725139145082835057e+02,1.706640398271754093e+05,2.314543962250819220e+01,1.709722238370648029e+01
6.200000000000000000e+02,1.178000000000000000e+04,2.719037708959627366e+02,2.796759134347051940e+02,2.869339637168501440e+02,3.160275753378599575e+02,2.862879800470013834e+02,2.803618618212854017e+02,2.927964820133823309e+02,2.752850541585672204e+02,2.752318387247803457e+02,2.729670947333486879e+02,2.738292812202592472e+02,2.752162262306934508e+02,2.726219495724203057e+02,1.707239828261673392e+05,2.311728718768244661e+01,1.712298650248564513e+01
6.300000000000000000e+02,1.179000000000000000e+04,2.719393204126258752e+02,2.797899650842629171e+02,2.870520902683980466e+02,3.159638244213984990e+02,2.863511638535948123e+02,2.802812219646419862e+02,2.933787770995572828e+02,2.753803612567160144e+02,2.753277496957708195e+02,2.730673733924260205e+02,2.738809888558622561e+02,2.753096984884685980e+02,2.727299742091912549e+02,1.707833645947404439e+05,2.308663722843851218e+01,1.714845958307745377e+01
6.400000000000000000e+02,1.180000000000000000e+04,2.719751276912546700e+02,2.799035634490154507e+02,2.871687961357077370e+02,3.158941788813990001e+02,2.864127078499074059e+02,2.802016444311806822e+02,2.939599591000987857e+02,2.754744829360107587e+02,2.754224812065870083e+02,2.731675930998981698e+02,2.739328354443230182e+02,2.754032255268444942e+02,2.728379768325605710e+02,1.708421632251592819e+05,2.305349363090034842e+01,1.717362979909690424e+01
6.500000000000000000e+02,1.181000000000000000e+04,2.720111906917039732e+02,2.800166818855864221e+02,2.872840328859017518e+02,3.158186361506144522e+02,2.864725884074518945e+02,2.801230616400277995e+02,2.945398389121522769e+02,2.755673926861871905e+02,2.755160067035943712e+02,2.732677425590191547e+02,2.739848143212690275e+02,2.754967978157491189e+02,2.729459455780353210e+02,1.709003569700378866e+05,2.301786059736161860e+01,1.719848531849578421e+01
6.600000000000000000e+02,1.182000000000000000e+04,2.720475072899412226e+02,2.801292933618975667e+02,2.873977525232843391e+02,3.157371937662140908e+02,2.865307819788489496e+02,2.800454073156362824e+02,2.951182298064293832e+02,2.756590640129919620e+02,2.756082996504833318e+02,2.733678101872030766e+02,2.740369186533690709e+02,2.755904055343877985e+02,2.730538682453843080e+02,1.709579242455354542e+05,2.297974264575281111e+01,1.722301430629613606e+01
6.700000000000000000e+02,1.183000000000000000e+04,2.720840752767294362e+02,2.802413704849969918e+02,2.875099074735231852e+02,3.156498493604289592e+02,2.865872651115490157e+02,2.799686164303879536e+02,2.956949474566111462e+02,2.757494704483053169e+02,2.756993335353545262e+02,2.734677841225903876e+02,2.740891414394537833e+02,2.756840385787645005e+02,2.731617324011878054e+02,1.710148436344905058e+05,2.293914460906849229e+01,1.724720492545698391e+01
6.800000000000000000e+02,1.184000000000000000e+04,2.721208923564656743e+02,2.803528855263692208e+02,2.876204506053429100e+02,3.155566006758214144e+02,2.866420144553857199e+02,2.798926251936309200e+02,2.962698099695615497e+02,2.758385855612837645e+02,2.757890818833579942e+02,2.735676522267409609e+02,2.741414755135342602e+02,2.757776865569546771e+02,2.732695253110450722e+02,1.710710938895746949e+05,2.289607163475443485e+01,1.727104534012602954e+01
6.900000000000000000e+02,1.185000000000000000e+04,2.721579561461112462e+02,2.804638104460369163e+02,2.877293352311921808e+02,3.154574455687808836e+02,2.866950067723722668e+02,2.798173710159374536e+02,2.968426379144366365e+02,2.759263829684380767e+02,2.758775182671583934e+02,2.736674020848136593e+02,2.741939135501754663e+02,2.758713387952667517e+02,2.733772339625832615e+02,1.711266539364071796e+05,2.285052918405503064e+01,1.729452371828702439e+01
7.000000000000000000e+02,1.186000000000000000e+04,2.721952641738905072e+02,2.805741169075877224e+02,2.878365151118708809e+02,3.153523820147909191e+02,2.867462189461541584e+02,2.797427924839933553e+02,2.974132543509825268e+02,2.760128363433514096e+02,2.759646163157137835e+02,2.737670210178042112e+02,2.742464480627958210e+02,2.759649843398050848e+02,2.734848450712902377e+02,1.711815028765859315e+05,2.280252303132087022e+01,1.731762823486617009e+01
7.100000000000000000e+02,1.187000000000000000e+04,2.722328138781209645e+02,2.806837763064527849e+02,2.879419444633776948e+02,3.152414081139306745e+02,2.867956279912242508e+02,2.796688293320100911e+02,2.979814848573425365e+02,2.760979194266334389e+02,2.760503497247713085e+02,2.738664960809662148e+02,2.742990714086324715e+02,2.760586119588338079e+02,2.735923450807436552e+02,1.712356199907312985e+05,2.275205926327654993e+01,1.734034707514569718e+01
7.200000000000000000e+02,1.188000000000000000e+04,2.722706026062948013e+02,2.807927597852388431e+02,2.880455779595076251e+02,3.151245220949540453e+02,2.868432110615842134e+02,2.795954224156049577e+02,2.985471575568620892e+02,2.761816060350282100e+02,2.761346922660431460e+02,2.739658140698841180e+02,2.743517757965395845e+02,2.761522101445934823e+02,2.736997201728296432e+02,1.712889847414502874e+05,2.269914427824896919e+01,1.736266843830906481e+01
7.300000000000000000e+02,1.189000000000000000e+04,2.723086276137781852e+02,2.809010382565524537e+02,2.881473707451606288e+02,3.150017223250521283e+02,2.868889454600102340e+02,2.795225136887942199e+02,2.991101031439063149e+02,2.762638700710106150e+02,2.762176177964923909e+02,2.740649615251918476e+02,2.744045532637442761e+02,2.762457671182378931e+02,2.738069562656738185e+02,1.713415767762791365e+05,2.264378478535609673e+01,1.738458054169783651e+01
7.400000000000000000e+02,1.190000000000000000e+04,2.723468860629949404e+02,2.810085824221364419e+02,2.882472784233332277e+02,3.148730073091550707e+02,2.869328086420307500e+02,2.794500461902790676e+02,2.996701549091750394e+02,2.763446855314417689e+02,2.762991002665045812e+02,2.741639247370629846e+02,2.744573957201529311e+02,2.763392708275371774e+02,2.739140390210146734e+02,1.713933759305350250e+05,2.258598780365629821e+01,1.740607162488146642e+01
7.500000000000000000e+02,1.191000000000000000e+04,2.723853750224890859e+02,2.811153627953200385e+02,2.883452570813220746e+02,3.147383756984531828e+02,2.869747782314141205e+02,2.793779639930949656e+02,3.002271487628773912e+02,2.764240265164710308e+02,2.763791137298939020e+02,2.742626897483341963e+02,2.745102949213645616e+02,2.764327089541268379e+02,2.740209538492939032e+02,1.714443622301666474e+05,2.252576066125836363e+01,1.742712995378000329e+01
7.600000000000000000e+02,1.192000000000000000e+04,2.724240914657674466e+02,2.812213497100498785e+02,2.884412632824753473e+02,3.145978262961587006e+02,2.870148320223123051e+02,2.793062122092217123e+02,3.007809232577109810e+02,2.765018672380757039e+02,2.764576323516890284e+02,2.743612423611336339e+02,2.745632424772285844e+02,2.765260689164880432e+02,2.741276859113889941e+02,1.714945158944969880e+05,2.246311099439242653e+01,1.744774382585461225e+01
7.700000000000000000e+02,1.193000000000000000e+04,2.724630322707889150e+02,2.813265133483979525e+02,2.885352540735646016e+02,3.144513580613005388e+02,2.870529479888024298e+02,2.792347369589531922e+02,3.013313196100759797e+02,2.765781820281215460e+02,2.765346304165545348e+02,2.744595681426170586e+02,2.746162298564825051e+02,2.766193378694429725e+02,2.742342201241062867e+02,1.715438173389686854e+05,2.239804674644172522e+01,1.746790157482689665e+01
7.800000000000000000e+02,1.194000000000000000e+04,2.725021942188358253e+02,2.814308237550080207e+02,2.886271869884945431e+02,3.142989701147633355e+02,2.870891042909028670e+02,2.791634853508273295e+02,3.018781817198782278e+02,2.766529453467837243e+02,2.766100823366827512e+02,2.745576524271316430e+02,2.746692483901194350e+02,2.767125027100785815e+02,2.743405411678936048e+02,1.715922471777423634e+05,2.233057616693546521e+01,1.748759157578600565e+01
7.900000000000000000e+02,1.195000000000000000e+04,2.725415739940389130e+02,2.815342508260105205e+02,2.887170200619910929e+02,3.141406617444752101e+02,2.871232792869564037e+02,2.790924054632820912e+02,3.024213561913416584e+02,2.767261317902149926e+02,2.766839626605318472e+02,2.746554803225349133e+02,2.747222892693862946e+02,2.768055500786961147e+02,2.744466334861303949e+02,1.716397862263228162e+05,2.226070781050286485e+01,1.750680225081145380e+01
8.000000000000000000e+02,1.196000000000000000e+04,2.725811681823953450e+02,2.816367644209073546e+02,2.888047117993864958e+02,3.139764324104098137e+02,2.871554515226840749e+02,2.790214463246674654e+02,3.029606923399089737e+02,2.767977160985008140e+02,2.767562460779147386e+02,2.747530367154037094e+02,2.747753435575757521e+02,2.768984663651300480e+02,2.745524813253394996e+02,1.716864155040421756e+05,2.218845053578847981e+01,1.752552207339520152e+01
8.100000000000000000e+02,1.197000000000000000e+04,2.726209732714725078e+02,2.817383342446334495e+02,2.888902212494550099e+02,3.138062817500494361e+02,2.871855997728928287e+02,2.789505578964366350e+02,3.034960422316541440e+02,2.768676731630474706e+02,2.768269074322220149e+02,2.748503062762062541e+02,2.748284021816381255e+02,2.769912377102559731e+02,2.746580686145551908e+02,1.717321162365720666e+05,2.211381350432906956e+01,1.754373957623663927e+01
8.200000000000000000e+02,1.198000000000000000e+04,2.726609856495242639e+02,2.818389299503338066e+02,2.889735079319053739e+02,3.136302095835242199e+02,2.872137030113114520e+02,2.788796910553374460e+02,3.040272606692749946e+02,2.769359780340304837e+02,2.768959217233251024e+02,2.749472734643929925e+02,2.748814559420495129e+02,2.770838500101183399e+02,2.747633791614614438e+02,1.717768698582099751e+05,2.203680617939193098e+01,1.756144335497553755e+01
8.300000000000000000e+02,1.199000000000000000e+04,2.727012016051472756e+02,2.819385211331349979e+02,2.890545318871085101e+02,3.134482159187044203e+02,2.872397404361373674e+02,2.788087975763121449e+02,3.045542052209381154e+02,2.770026059275186299e+02,2.769632641165756581e+02,2.750439225339141558e+02,2.749344955138694786e+02,2.771762889187173755e+02,2.748683965255511339e+02,1.718206580142509483e+05,2.195743832477511148e+01,1.757862207507911734e+01
8.400000000000000000e+02,1.200000000000000000e+04,2.727416173268601938e+02,2.820370773444564634e+02,2.891332536683355556e+02,3.132603009565847287e+02,2.872636914731538695e+02,2.787378301168498069e+02,3.050767362279747204e+02,2.770675322325599268e+02,2.770289099496733343e+02,2.751402375367673585e+02,2.749875114502208930e+02,2.772685398541585755e+02,2.749731040560071733e+02,1.718634625632111274e+05,2.187572000356938773e+01,1.759526447791864001e+01
8.500000000000000000e+02,1.201000000000000000e+04,2.727822289024578595e+02,2.821345681068202111e+02,2.892096343443468527e+02,3.130664650965928217e+02,2.872855357806112124e+02,2.786667422012627071e+02,3.055947168135701304e+02,2.771307325176971972e+02,2.770928347394961406e+02,2.752362023359399359e+02,2.750404941831611154e+02,2.773605880018050129e+02,2.750774848986000620e+02,1.719052655789795972e+05,2.179166157688243288e+01,1.761135938687428393e+01
8.600000000000000000e+02,1.202000000000000000e+04,2.728230323191102116e+02,2.822309629274028566e+02,2.892836355042010155e+02,3.128667089415185387e+02,2.873052532556289407e+02,2.785954882080881703e+02,3.061080128909653126e+02,2.771921825379355369e+02,2.771550141888299095e+02,2.753318006009959618e+02,2.750934340295672200e+02,2.774524183172463836e+02,2.751815220015853356e+02,1.719460493529101950e+05,2.170527370252506216e+01,1.762689571373833530e+01
8.700000000000000000e+02,1.203000000000000000e+04,2.728640234628367693e+02,2.823262313142249695e+02,2.893552192615214835e+02,3.126610333028788773e+02,2.873228240407170802e+02,2.785240233471811848e+02,3.066164931687023909e+02,2.772518582412182013e+02,2.772154241925735505e+02,2.754270158200325795e+02,2.751463211926914028e+02,2.775440155351571434e+02,2.752851981215663955e+02,1.719857963958302571e+05,2.161656733365995109e+01,1.764186246487940934e+01
8.800000000000000000e+02,1.204000000000000000e+04,2.729051981186219109e+02,2.824203427747864907e+02,2.894243482625630577e+02,3.124494392052164926e+02,2.873382285427595662e+02,2.784523036570694785e+02,3.071200291609901569e+02,2.773097357752332073e+02,2.772740408448554490e+02,2.755218313036695008e+02,2.751991457659569278e+02,2.776353641739116256e+02,2.753884958320151668e+02,1.720244894415067974e+05,2.152555371741289747e+01,1.765624874874296779e+01
8.900000000000000000e+02,1.205000000000000000e+04,2.729465519691668760e+02,2.825132668610121982e+02,2.894909856683478324e+02,3.122319278948909869e+02,2.873514473818823944e+02,2.783802859862056494e+02,3.076184951693659855e+02,2.773657914925038881e+02,2.773308404431233498e+02,2.756162301917595414e+02,2.752518977317520239e+02,2.777264485153918940e+02,2.754913975138027240e+02,1.720621114422570972e+05,2.143224439344674082e+01,1.767004377929575298e+01
9.000000000000000000e+02,1.206000000000000000e+04,2.729880805967225115e+02,2.826049731522338675e+02,2.895550951858103872e+02,3.120085008399463504e+02,2.873624614804433008e+02,2.783079279780744173e+02,3.081117683123632105e+02,2.774200019568784228e+02,2.773857994967034983e+02,2.757101954593409801e+02,2.753045669734382273e+02,2.778172526602470498e+02,2.755938853848157919e+02,1.720986455801211414e+05,2.133665119249830866e+01,1.768323688665362425e+01
9.100000000000000000e+02,1.207000000000000000e+04,2.730297794818396824e+02,2.826954312795585338e+02,2.896166410549828356e+02,3.117791597386724902e+02,2.873712520131263659e+02,2.782351880616476478e+02,3.085997285062672404e+02,2.774723439498793027e+02,2.774388947313523204e+02,2.758037099231077605e+02,2.753571432727027286e+02,2.779077604933295333e+02,2.756959414893193525e+02,1.721340752622713335e+05,2.123878623487831874e+01,1.769581752109559147e+01
9.200000000000000000e+02,1.208000000000000000e+04,2.730716440036776476e+02,2.827846109360810942e+02,2.896755880556282818e+02,3.115439065242445622e+02,2.873778004257744669e+02,2.781620254370354814e+02,3.090822584666822195e+02,2.775227944760493415e+02,2.774901030950576910e+02,2.758967562469557606e+02,2.754096163133650634e+02,2.779979557016978333e+02,2.757975477098104875e+02,1.721683841241829796e+05,2.113866192893470952e+01,1.770777526019029580e+01
9.300000000000000000e+02,1.209000000000000000e+04,2.731136694404979153e+02,2.828724818895090038e+02,2.897319015083429576e+02,3.113027433694212505e+02,2.873820884397074451e+02,2.780884000672784282e+02,3.095592437041236735e+02,2.775713307685383597e+02,2.775394017638215587e+02,2.759893169485680460e+02,2.754619756857657080e+02,2.780878217787488893e+02,2.758986857717389398e+02,1.722015560311650916e+05,2.103629096947933874e+01,1.771909981544320800e+01
9.400000000000000000e+02,1.210000000000000000e+04,2.731558509695330486e+02,2.829590139943544500e+02,2.897855472798257779e+02,3.110556726927491695e+02,2.873840980568356258e+02,2.780142726613105424e+02,3.100305725176693841e+02,2.776179302947085716e+02,2.775867681468764658e+02,2.760813744069154154e+02,2.755142108902714995e+02,2.781773420301791475e+02,2.759993372495750918e+02,1.722335750798044028e+05,2.093168633617840158e+01,1.772978103869871092e+01
9.500000000000000000e+02,1.211000000000000000e+04,2.731981836675320210e+02,2.830441772046647770e+02,2.898364917829496790e+02,3.108026971626655950e+02,2.873838115639979378e+02,2.779396046671342333e+02,3.104961359871781497e+02,2.776625707613433178e+02,2.776321798920657784e+02,2.761729108644393591e+02,2.755663113407056244e+02,2.782664995804168484e+02,2.760994835763816013e+02,1.722644255993225088e+05,2.082486129190672841e+01,1.773980892871692561e+01
9.600000000000000000e+02,1.212000000000000000e+04,2.732406625111795506e+02,2.831279415778726047e+02,2.898847019770321936e+02,3.105438197026461467e+02,2.873812115358804249e+02,2.778643582675663311e+02,3.109558279631843334e+02,2.777052301194473216e+02,2.776756148909471449e+02,2.762639084464002508e+02,2.756182663679333018e+02,2.783552773779902054e+02,2.761991060437946999e+02,1.722940921528836770e+05,2.071582938106622507e+01,1.774917363772988210e+01
9.700000000000000000e+02,1.213000000000000000e+04,2.732832823774422195e+02,2.832102772921007841e+02,2.899301453795659427e+02,3.102790434980851160e+02,2.873762808431615667e+02,2.777884963506880922e+02,3.114095450565789065e+02,2.777458865698259274e+02,2.777170512837084289e+02,2.763543491479188674e+02,2.756700652239977671e+02,2.784436582033761738e+02,2.762981858163223023e+02,1.723225595387419744e+05,2.060460442786851587e+01,1.775786547755302536e+01
9.800000000000000000e+02,1.214000000000000000e+04,2.733260380442459336e+02,2.832911546532858438e+02,2.899727900571626833e+02,3.100083719994490252e+02,2.873690026529490069e+02,2.777119825192958729e+02,3.118571866247089019e+02,2.777845185675654420e+02,2.777564674643455760e+02,2.764442148557576502e+02,2.757216970940190777e+02,2.785316246731107412e+02,2.763967039277947606e+02,1.723498127914182551e+05,2.049120053458216972e+01,1.776587492617153430e+01
9.900000000000000000e+02,1.215000000000000000e+04,2.733689241908865597e+02,2.833705441323492664e+02,2.900126046328855978e+02,3.097318089283132849e+02,2.873593604339887975e+02,2.776347810728829018e+02,3.122986547571945266e+02,2.778211048272629569e+02,2.777938420850048260e+02,2.765334873514075866e+02,2.757731510631466563e+02,2.786191592484371995e+02,2.764946413023253626e+02,1.723758371827224328e+05,2.037563207974470103e+01,1.777319263386510428e+01
1.000000000000000000e+03,1.216000000000000000e+04,2.734119353987917975e+02,2.834484163183890928e+02,2.900495582875257128e+02,3.094493582822464077e+02,2.873473379607461879e+02,2.775568569998083603e+02,3.127338542596068010e+02,2.778556243270215873e+02,2.778291540606207946e+02,2.766221483152499445e+02,2.758244161801810037e+02,2.787062442398035387e+02,2.765919787496357003e+02,1.724006182226787496e+05,2.025791371633949467e+01,1.777980942933500330e+01
1.010000000000000000e+03,1.217000000000000000e+04,2.734550661525984765e+02,2.835247419729108174e+02,2.900836207599198246e+02,3.091610243407823191e+02,2.873329193156478141e+02,2.774781759699933446e+02,3.131626926356629497e+02,2.778880563129015400e+02,2.778623825734720754e+02,2.767101793375437637e+02,2.758754814188172304e+02,2.787928618164751811e+02,2.766886969756641861e+02,1.724241416604596307e+05,2.013806036993793214e+01,1.778571632574735162e+01
1.020000000000000000e+03,1.218000000000000000e+04,2.734983108405760390e+02,2.835994920306160338e+02,2.901147623548147294e+02,3.088668116701376789e+02,2.873160888968887434e+02,2.773987043144883842e+02,3.135850800686162643e+02,2.779183803038966971e+02,2.778935070774701330e+02,2.767975619220268868e+02,2.759263356925654307e+02,2.788789940088138906e+02,2.767847765894409235e+02,1.724463934851527447e+05,2.001608723680695334e+01,1.779090452653172960e+01
1.030000000000000000e+03,1.219000000000000000e+04,2.735416637557020749e+02,2.836726376032162307e+02,2.901429539335749155e+02,3.085667251278216554e+02,2.872968314164814956e+02,2.773184090368207535e+02,3.140009293994132804e+02,2.779465760955400810e+02,2.779225073023432060e+02,2.768842774959118742e+02,2.759769678600746374e+02,2.789646227216884995e+02,2.768801981099338718e+02,1.724673599264966033e+05,1.989200978198237380e+01,1.779536543136284266e+01
1.040000000000000000e+03,1.220000000000000000e+04,2.735851190967196089e+02,2.837441499941049869e+02,2.901681669232348213e+02,3.082607698684585102e+02,2.872751319064844893e+02,2.772372577908184894e+02,3.144101561053253704e+02,2.779726237641752959e+02,2.779493632575909601e+02,2.769703074148675910e+02,2.760273667279655569e+02,2.790497297375038670e+02,2.769749419736729124e+02,1.724870274555548676e+05,1.976584373730802824e+01,1.779909064163242149e+01
1.050000000000000000e+03,1.221000000000000000e+04,2.736286709690916723e+02,2.838140007034511996e+02,2.901903733158515593e+02,3.079489513485042380e+02,2.872509757222189819e+02,2.771552188769026088e+02,3.148126782760067499e+02,2.779965036709069182e+02,2.779740552364657447e+02,2.770556329710590262e+02,2.760775210554525074e+02,2.791342967240526036e+02,2.770689885411676414e+02,1.725053827852493851e+05,1.963760509944110311e+01,1.780207196598471597e+01
1.060000000000000000e+03,1.222000000000000000e+04,2.736723133860467669e+02,2.838821614409020526e+02,2.902095456685150907e+02,3.076312753321677746e+02,2.872243485438858102e+02,2.770722612345331299e+02,3.152084165888269922e+02,2.780181964652302895e+02,2.779965638198291913e+02,2.771402354004982271e+02,2.761274195575635986e+02,2.792183052430283965e+02,2.771623181044718649e+02,1.725224128708929056e+05,1.950731012782394558e+01,1.780430142563572815e+01
1.070000000000000000e+03,1.223000000000000000e+04,2.737160402698318649e+02,2.839486041263753577e+02,2.902256571098022278e+02,3.073077478960379949e+02,2.871952363826503074e+02,2.769883544256714458e+02,3.155972942824884626e+02,2.780376830891978557e+02,2.780168698804104110e+02,2.772240958905525758e+02,2.761770509124141881e+02,2.793017367560796629e+02,2.772549108940637552e+02,1.725381049106054124e+05,1.937497534262251619e+01,1.780577125942325267e+01
1.080000000000000000e+03,1.224000000000000000e+04,2.737598454531141101e+02,2.840133009105423412e+02,2.902386813272995028e+02,3.069783754337869368e+02,2.871636255795941679e+02,2.769034686510082679e+02,3.159792371295228577e+02,2.780549447804818328e+02,2.780349545830827083e+02,2.773071955864164693e+02,2.762264037606078091e+02,2.793845726350721179e+02,2.773467470869915132e+02,1.725524463456899684e+05,1.924061752263176572e+01,1.780647392909509108e+01
1.090000000000000000e+03,1.225000000000000000e+04,2.738037226799373229e+02,2.840762241767874912e+02,2.902485925841963308e+02,3.066431646616271109e+02,2.871295028105555502e+02,2.768175747127826298e+02,3.163541734074071883e+02,2.780699630762079551e+02,2.780507993937825404e+02,2.773895155996701760e+02,2.762754667128002666e+02,2.794667941672763050e+02,2.774378068133244142e+02,1.725654248608917696e+05,1.910425370314827020e+01,1.780640212363922359e+01
1.100000000000000000e+03,1.226000000000000000e+04,2.738476656075702067e+02,2.841373465467352730e+02,2.902553657079566278e+02,3.063021226235703125e+02,2.870928550883776325e+02,2.767306440329255111e+02,3.167220338692839050e+02,2.780827198142110319e+02,2.780643860794174884e+02,2.774710370147291769e+02,2.763242283532696888e+02,2.795483825642043030e+02,2.775280701637655056e+02,1.725770283846631064e+05,1.896590117381030183e+01,1.780554876433168232e+01
1.110000000000000000e+03,1.227000000000000000e+04,2.738916678074774040e+02,2.841966408892785125e+02,2.902589761008886740e+02,3.059552566974168144e+02,2.870536697660266441e+02,2.766426486243952354e+02,3.170827517127121382e+02,2.780931971405253762e+02,2.780756967109503535e+02,2.775517408965203003e+02,2.763726772445568258e+02,2.796293189695762180e+02,2.776175171967464621e+02,1.725872450892828638e+05,1.882557747640567314e+01,1.780390700879540589e+01
1.120000000000000000e+03,1.228000000000000000e+04,2.739357227670222983e+02,2.842540803343423477e+02,2.902593997278036113e+02,3.056025745979198405e+02,2.870119345369086545e+02,2.765535611104966165e+02,3.174362625479715803e+02,2.781013775097023881e+02,2.780847136653629832e+02,2.776316082980464444e+02,2.764208019278192978e+02,2.797095844664307265e+02,2.777061279468967996e+02,1.725960633909510798e+05,1.868330040264758551e+01,1.780147025560534857e+01
1.130000000000000000e+03,1.229000000000000000e+04,2.739798238911971566e+02,2.843096382704547977e+02,2.902566131301443875e+02,3.052440843834955899e+02,2.869676374415594751e+02,2.764633546900931833e+02,3.177825043650451562e+02,2.781072436862569930e+02,2.780914196322583507e+02,2.777106202675215059e+02,2.764685909342324521e+02,2.797891600871219566e+02,2.777938824306026504e+02,1.726034719498630730e+05,1.853908799191884071e+01,1.779823214787209196e+01
1.140000000000000000e+03,1.230000000000000000e+04,2.740239645039773677e+02,2.843632883594913210e+02,2.902505934167446640e+02,3.048797944605358907e+02,2.869207668641090549e+02,2.763720031487712845e+02,3.181214174996824795e+02,2.781107787512403320e+02,2.780957976149429669e+02,2.777887578559137296e+02,2.765160327836710508e+02,2.798680268194587484e+02,2.778807606554479435e+02,1.726094596701122355e+05,1.839295852898461447e+01,1.779418657726121467e+01
1.150000000000000000e+03,1.231000000000000000e+04,2.740681378501248560e+02,2.844150045414577903e+02,2.902413182645786947e+02,3.045097135889860738e+02,2.868713115376961014e+02,2.762794808534505364e+02,3.184529445991938701e+02,2.781119661008853541e+02,2.780978309318372226e+02,2.778660021242743596e+02,2.765631159913388615e+02,2.799461656157814673e+02,2.779667426263927723e+02,1.726140156996474834e+05,1.824493054167408346e+01,1.778932768762698657e+01
1.160000000000000000e+03,1.232000000000000000e+04,2.741123370967889059e+02,2.844647610446798467e+02,2.902287659210680317e+02,3.041338508869682187e+02,2.868192605455524813e+02,2.761857627403202287e+02,3.187770305866426952e+02,2.781107894525906659e+02,2.780975032191984724e+02,2.779423341515914672e+02,2.766098290689571400e+02,2.800235574008555659e+02,2.780518083535170604e+02,1.726171294301082962e+05,1.809502279853130702e+01,1.778364987827031740e+01
1.170000000000000000e+03,1.233000000000000000e+04,2.741565553354920439e+02,2.845125323804040249e+02,2.902129152052200993e+02,3.037522158367479506e+02,2.867646033231618503e+02,2.760908243068399770e+02,3.190936226249368701e+02,2.781072328453959699e+02,2.780947984374565181e+02,2.780177350413509316e+02,2.766561605338729350e+02,2.801001830797754906e+02,2.781359378593447786e+02,1.726187904966231436e+05,1.794325430643555563e+01,1.777714780711999509e+01
1.180000000000000000e+03,1.234000000000000000e+04,2.742007855837986199e+02,2.845582933423985992e+02,2.901937455046862055e+02,3.033648182897089782e+02,2.867073296596061596e+02,2.759946416217600813e+02,3.194026700828163712e+02,2.781012806431449462e+02,2.780897008663902170e+02,2.780921859293239322e+02,2.767020989094507968e+02,2.801760235460614581e+02,2.782191111848479181e+02,1.726189887775476673e+05,1.778964430819141285e+01,1.776981639400961654e+01
1.190000000000000000e+03,1.235000000000000000e+04,2.742450207871297607e+02,2.846020191042277361e+02,2.901712367613741890e+02,3.029716684662412263e+02,2.866474296990621156e+02,2.758971912954542631e+02,3.197041244849121426e+02,2.780929175364648245e+02,2.780821951133154357e+02,2.781656679911525316e+02,2.767476327308860959e+02,2.802510596923344224e+02,2.783013084036063560e+02,1.726177143941653194e+05,1.763421228008894204e+01,1.776165082218842883e+01
1.200000000000000000e+03,1.236000000000000000e+04,2.742892538209539453e+02,2.846436850653064425e+02,2.901453695306485088e+02,3.025727769780996823e+02,2.865848939424566879e+02,2.757984504318017684e+02,3.199979394933247931e+02,2.780821285449816287e+02,2.780722661258367907e+02,2.782381624494094012e+02,2.767927505488395354e+02,2.803252724149181745e+02,2.783825096183762753e+02,1.726149577103455667e+05,1.747697792943431949e+01,1.775264654133670206e+01
1.210000000000000000e+03,1.237000000000000000e+04,2.743334774924637145e+02,2.846832669729064946e+02,2.901161248441912903e+02,3.021681547977232185e+02,2.865197132488057719e+02,2.756983968650361589e+02,3.202840708559567702e+02,2.780688990193225436e+02,2.780598991428792033e+02,2.783096505803818559e+02,2.768374409335247037e+02,2.803986426233379916e+02,2.784626949764467554e+02,1.726107093320909771e+05,1.731796119205111850e+01,1.774279927295564008e+01
1.220000000000000000e+03,1.238000000000000000e+04,2.743776845425124975e+02,2.847207408964322894e+02,2.900834843906423544e+02,3.017578133053143006e+02,2.864518788363816384e+02,2.755970087705166520e+02,3.205624763706111366e+02,2.780532146428338933e+02,2.780450797719737466e+02,2.783801137221540785e+02,2.768816924788103506e+02,2.804711512499283117e+02,2.785418446739010392e+02,1.726049601071247598e+05,1.715718222975264240e+01,1.773210500646846199e+01
1.230000000000000000e+03,1.239000000000000000e+04,2.744218676482449837e+02,2.847560832332496830e+02,2.900474303870959716e+02,3.013417642707900086e+02,2.863813822837049656e+02,2.754942649269171397e+02,3.208331158461434711e+02,2.780350614336045396e+02,2.780277939443052446e+02,2.784495332814444737e+02,2.769254938066078466e+02,2.805427792548697425e+02,2.786199389639098172e+02,1.725977011244001333e+05,1.699466142778556943e+01,1.772056000511886253e+01
1.240000000000000000e+03,1.240000000000000000e+04,2.744660194246727087e+02,2.847892707136357444e+02,2.900079456160225959e+02,3.009200198623996130e+02,2.863082155308862298e+02,2.753901446406691775e+02,3.210959510626134943e+02,2.780144257460171957e+02,2.780080279247051180e+02,2.785178907400970161e+02,2.769688335713793776e+02,2.806135076370134698e+02,2.786969581633299526e+02,1.725889237135601288e+05,1.683041939224533579e+01,1.770816080663615111e+01
1.250000000000000000e+03,1.241000000000000000e+04,2.745101324266844358e+02,2.848202804079407997e+02,2.899650134228342040e+02,3.004925926521583506e+02,2.862323708803744466e+02,2.752846277415187046e+02,3.213509457314630708e+02,2.779912942723359492e+02,2.779857683144142584e+02,2.785851676631775717e+02,2.770117004607935769e+02,2.806833174413296774e+02,2.787728826605290351e+02,1.725786194443370914e+05,1.666447694746345221e+01,1.769490422449416656e+01
1.260000000000000000e+03,1.242000000000000000e+04,2.745541991515311793e+02,2.848490897311394860e+02,2.899186177134796480e+02,3.000594956205732728e+02,2.861538409978090272e+02,2.751776945782505095e+02,3.215980654554139164e+02,2.779656540441870334e+02,2.779610020524802962e+02,2.786513457051486284e+02,2.770540832051756865e+02,2.807521897656851593e+02,2.788476929219029330e+02,1.725667801259720000e+05,1.649685513336718756e+01,1.768078734903924243e+01
1.270000000000000000e+03,1.243000000000000000e+04,2.745982120408739320e+02,2.848756764403192392e+02,2.898687429559781208e+02,2.996207421628594147e+02,2.860726189129024988e+02,2.750693260115177168e+02,3.218372776884592099e+02,2.779374924340014559e+02,2.779337164177387081e+02,2.787164066164951919e+02,2.770959705773258861e+02,2.808201057712527700e+02,2.789213694996165600e+02,1.725533978065407719e+05,1.632757520281191077e+01,1.766580754841901069e+01
1.280000000000000000e+03,1.244000000000000000e+04,2.746421634830086305e+02,2.849000186504706562e+02,2.898153741742025318e+02,2.991763460925665754e+02,2.859886980198082824e+02,2.749595034132708520e+02,3.220685516951408545e+02,2.779067971564993513e+02,2.779038990295258031e+02,2.787803322529964589e+02,2.771373513975776746e+02,2.808870466879569108e+02,2.789938930380761803e+02,1.725384647723085363e+05,1.615665861888640720e+01,1.764996246931042378e+01
1.290000000000000000e+03,1.245000000000000000e+04,2.746860458151229523e+02,2.849220948353412268e+02,2.897584969522463325e+02,2.987263216476322896e+02,2.859020720790080077e+02,2.748482086587271169e+02,3.222918585106515366e+02,2.778735562678584188e+02,2.778715378490369972e+02,2.788431045788518077e+02,2.771782145374348829e+02,2.809529938173048436e+02,2.790652442811779679e+02,1.725219735469620209e+05,1.598412705219159413e+01,1.763325003735154439e+01
1.300000000000000000e+03,1.246000000000000000e+04,2.747298513254735326e+02,2.849418838274424388e+02,2.896980974226859757e+02,2.982706834950069492e+02,2.858127352130484269e+02,2.747354241222141127e+02,3.225071709002991724e+02,2.778377581708467687e+02,2.778366211801622967e+02,2.789047056754552045e+02,2.772185489234663009e+02,2.810179285661578774e+02,2.791354040786825976e+02,1.725039168908989523e+05,1.581000237809286624e+01,1.761566845736486542e+01
1.310000000000000000e+03,1.247000000000000000e+04,2.747735722557264353e+02,2.849593648266536547e+02,2.896341622780835223e+02,2.978094467358814654e+02,2.857206819137752518e+02,2.746211326757616575e+02,3.227144633191088587e+02,2.777993916122533165e+02,2.777991376708008033e+02,2.789651177480408251e+02,2.772583435403446401e+02,2.810818324117887528e+02,2.792043533941829310e+02,1.724842878004580853e+05,1.563430667394652573e+01,1.759721621362654531e+01
1.320000000000000000e+03,1.248000000000000000e+04,2.748172008033924385e+02,2.849745174022029914e+02,2.895666787590960212e+02,2.973426269104767243e+02,2.856259070378947627e+02,2.745053176833124553e+02,3.229137118717520138e+02,2.777584456850132710e+02,2.777590763134367648e+02,2.790243231315896537e+02,2.772975874353896870e+02,2.811446869402503808e+02,2.792720733107477713e+02,1.724630795071078464e+05,1.545706221630057620e+01,1.757789206959830608e+01
1.330000000000000000e+03,1.249000000000000000e+04,2.748607291238709536e+02,2.849873214965296029e+02,2.894956346566616503e+02,2.968702400032457263e+02,2.855284058085996435e+02,2.743879629943810983e+02,3.231048942723261916e+02,2.777149098289330595e+02,2.777164264460373602e+02,2.790823042976060151e+02,2.773362697214676018e+02,2.812064738456426767e+02,2.793385450379839767e+02,1.724402854766119854e+05,1.527829147807027077e+01,1.755769506755357412e+01
1.340000000000000000e+03,1.250000000000000000e+04,2.749041493331443462e+02,2.849977574302857306e+02,2.894210183081700052e+02,2.963923024477064700e+02,2.854281738152965886e+02,2.742690529424285728e+02,3.232879898044087099e+02,2.776687738312431293e+02,2.776711777531464804e+02,2.791390438601997630e+02,2.773743795806653338e+02,2.812671749372219097e+02,2.794037499185244542e+02,1.724158994082142599e+05,1.509801712568874521e+01,1.753662452810367256e+01
1.350000000000000000e+03,1.251000000000000000e+04,2.749474535096824752e+02,2.850058059048035943e+02,2.893428185970370805e+02,2.959088311318540718e+02,2.853252070137939427e+02,2.741485723392096361e+02,3.234629792817888756e+02,2.776200278272959849e+02,2.776233202645415759e+02,2.791945245823702635e+02,2.774119062674125757e+02,2.813267721466083913e+02,2.794676694347798502e+02,1.723899152337193373e+05,1.491626201623315318e+01,1.751468004942240242e+01
1.360000000000000000e+03,1.252000000000000000e+04,2.749906336971795326e+02,2.850114480013304501e+02,2.892610249489432590e+02,2.954198434027212556e+02,2.852195017259033420e+02,2.740265064730226072e+02,3.236298450086827074e+02,2.775686623012562677e+02,2.775728443590602978e+02,2.792487293824312360e+02,2.774488391120368078e+02,2.813852475346816391e+02,2.795302852146694477e+02,1.723623271166413324e+05,1.473304919452658268e+01,1.749186150644641558e+01
1.370000000000000000e+03,1.253000000000000000e+04,2.750336819069607941e+02,2.850146651927602193e+02,2.891756273302462432e+02,2.949253570714780608e+02,2.851110546399170289e+02,2.739028410994704359e+02,3.237885707407865539e+02,2.775146680854013539e+02,2.775197407647499972e+02,2.793016413388101569e+02,2.774851675240048507e+02,2.814425832991016705e+02,2.795915790385959099e+02,1.723331294513026369e+05,1.454840189021621555e+01,1.746816904964433093e+01
1.380000000000000000e+03,1.254000000000000000e+04,2.750765901199969221e+02,2.850154393392348311e+02,2.890866162477738044e+02,2.944253904193237759e+02,2.849998628093671300e+02,2.737775624453514070e+02,3.239391416465147131e+02,2.774580363624993424e+02,2.774640005503017619e+02,2.793532436974577990e+02,2.775208809949225497e+02,2.814987617807446441e+02,2.796515328451048390e+02,1.723023168618684867e+05,1.436234351482800520e+01,1.744360310374668188e+01
1.390000000000000000e+03,1.255000000000000000e+04,2.751193502896589962e+02,2.850137526934338439e+02,2.889939827407024495e+02,2.939199622014569400e+02,2.848859236533120907e+02,2.736506571983146614e+02,3.240815442686815686e+02,2.773987586639050278e+02,2.774056151403813715e+02,2.794035198767456905e+02,2.775559691017353430e+02,2.815537654705846080e+02,2.797101287376658547e+02,1.722698842014485272e+05,1.417489765879832930e+01,1.741816436645945032e+01
1.400000000000000000e+03,1.256000000000000000e+04,2.751619543439217068e+02,2.850095879033283381e+02,2.888977183836993845e+02,2.934090916518344443e+02,2.847692349558710134e+02,2.735221125054709432e+02,3.242157664865096649e+02,2.773368268718548961e+02,2.773445763042113299e+02,2.794524534732121310e+02,2.775904215096421694e+02,2.816075770162949539e+02,2.797673489897019294e+02,1.722358265511164209e+05,1.398608808848294949e+01,1.739185380669162484e+01
1.410000000000000000e+03,1.257000000000000000e+04,2.752043996295037687e+02,2.850030882366266383e+02,2.888013971654057741e+02,2.929080252989101609e+02,2.846690191333155440e+02,2.733938828466057771e+02,3.243437517241490013e+02,2.772746178550651734e+02,2.772832608057888137e+02,2.795000890729623961e+02,2.776242825331590893e+02,2.816602416072581718e+02,2.798232369012897038e+02,1.722025336076117237e+05,1.403767156681604789e+01,1.736696665627393799e+01
1.420000000000000000e+03,1.258000000000000000e+04,2.752466862353719534e+02,2.849944310102044369e+02,2.887071516836829801e+02,2.924196710339599576e+02,2.845889229403963441e+02,2.732667771763202609e+02,3.244662963575376580e+02,2.772128684191291086e+02,2.772224053446056473e+02,2.795464817162126110e+02,2.776576028741432083e+02,2.817118152069058397e+02,2.798778462663592563e+02,1.721706434697160730e+05,1.415446847720172308e+01,1.734348302936062325e+01
1.430000000000000000e+03,1.259000000000000000e+04,2.752888149369754274e+02,2.849837868825180180e+02,2.886156068767078864e+02,2.919430197291071067e+02,2.845276471268422256e+02,2.731410370630119928e+02,3.245836304345552890e+02,2.771516901552868148e+02,2.771621214072571888e+02,2.795916792947869567e+02,2.776904240417314327e+02,2.817623459770184695e+02,2.799312237679793043e+02,1.721401313355117745e+05,1.426990426352804775e+01,1.732111845235881731e+01
1.440000000000000000e+03,1.260000000000000000e+04,2.753307867465662753e+02,2.849713229639786505e+02,2.885269301051657749e+02,2.914774485535196504e+02,2.844843764399509496e+02,2.730168223815848023e+02,3.246959029567487391e+02,2.770911829230404919e+02,2.771025087458160669e+02,2.796357253868728776e+02,2.777227819020645256e+02,2.818118770296568414e+02,2.799834118181939857e+02,1.721109729833244637e+05,1.438396428963276108e+01,1.729980027775089724e+01
1.450000000000000000e+03,1.261000000000000000e+04,2.753726028016560576e+02,2.849572019807339984e+02,2.884411626606535037e+02,2.910224776882963624e+02,2.844584712889514435e+02,2.728942484963727679e+02,3.248032190500824754e+02,2.770314296227417685e+02,2.770436501490112846e+02,2.796786610391686736e+02,2.777547088631584415e+02,2.818604483612392073e+02,2.800344503303949750e+02,1.720831444792615366e+05,1.449663409378693579e+01,1.727948526955871600e+01
1.460000000000000000e+03,1.262000000000000000e+04,2.754142643288153067e+02,2.849415808958287357e+02,2.883583071361648535e+02,2.905776953762561448e+02,2.844493728689573686e+02,2.727734039716939947e+02,3.249056576842365303e+02,2.769724991540722385e+02,2.769856144062405292e+02,2.797205255167248197e+02,2.777862348809171067e+02,2.819080977600766005e+02,2.800843774768526373e+02,1.720566221060688840e+05,1.460789939052860298e+01,1.726013747720180547e+01
1.470000000000000000e+03,1.263000000000000000e+04,2.754557726300408831e+02,2.849246100645423212e+02,2.882783511140157771e+02,2.901427318219167546e+02,2.844565703471689062e+02,2.726543594689086945e+02,3.250032805788821406e+02,2.769144493805211482e+02,2.769284592669187077e+02,2.797613566860026708e+02,2.778173879863093134e+02,2.819548612881255849e+02,2.801332300697464461e+02,1.720313823346488643e+05,1.471774607247399302e+01,1.724172397701673276e+01
1.480000000000000000e+03,1.264000000000000000e+04,2.754971290763318734e+02,2.849064328231633567e+02,2.882012743472084253e+02,2.897172479375450393e+02,2.844795869247720930e+02,2.725371726851839185e+02,3.250961371497245977e+02,2.768573292713474530e+02,2.768722335817805629e+02,2.798011912351378214e+02,2.778481946046048279e+02,2.820007735709122016e+02,2.801810437843550403e+02,1.720074018069824670e+05,1.482616021210623813e+01,1.722421373694942659e+01
1.490000000000000000e+03,1.265000000000000000e+04,2.755383351035330293e+02,2.848871854106467936e+02,2.881270513815395589e+02,2.893009292397406966e+02,2.845179724425682366e+02,2.724218913914539257e+02,3.251842675454370237e+02,2.768011804199348376e+02,2.768169788412705543e+02,2.798400648212810893e+02,2.778786797650581093e+02,2.820458679865918157e+02,2.802278533000518337e+02,1.719846573229883506e+05,1.493312806354124689e+01,1.720757721417334096e+01
1.500000000000000000e+03,1.266000000000000000e+04,2.755793922095848529e+02,2.848669969628759304e+02,2.880556527977773840e+02,2.888934818953163131e+02,2.845712986837961012e+02,2.723085554538179167e+02,3.252677046741771960e+02,2.767460382347180143e+02,2.767627303340688059e+02,2.798780121576327247e+02,2.779088672436360525e+02,2.820901767901925723e+02,2.802736923922210508e+02,1.719631258294225554e+05,1.503863606427053234e+01,1.719178616475385724e+01
1.510000000000000000e+03,1.267000000000000000e+04,2.756203019513084200e+02,2.848459897083421311e+02,2.879870459546023085e+02,2.884946298539446730e+02,2.846391560363343274e+02,2.721971982711016835e+02,3.253464756356076464e+02,2.766919328200191330e+02,2.767095180518513757e+02,2.799150670763059452e+02,2.779387796685483636e+02,2.821337312037850324e+02,2.803185939929865071e+02,1.719427844098985079e+05,1.514267083688083204e+01,1.717681352294064112e+01
1.520000000000000000e+03,1.268000000000000000e+04,2.756610659422664753e+02,2.848242791672198564e+02,2.879211955211549139e+02,2.881041126400616577e+02,2.847211509522504116e+02,2.720878478346468228e+02,3.254206027788815163e+02,2.766388897061177090e+02,2.766573674125737625e+02,2.799512625699180717e+02,2.779684385975657506e+02,2.821765614764702264e+02,2.803625902332428268e+02,1.719236102759509813e+05,1.524521919075023391e+01,1.716263331032156003e+01
1.530000000000000000e+03,1.269000000000000000e+04,2.757016858492576716e+02,2.848019743920069686e+02,2.878580638933544833e+02,2.877216835860986066e+02,2.848169039420926083e+02,2.719805275363812598e+02,3.254901045060581168e+02,2.765869304362324215e+02,2.766062998482054240e+02,2.799866308199116247e+02,2.779978645789409484e+02,2.822186969327615316e+02,2.804057124692371303e+02,1.719055807587234012e+05,1.534626812372060556e+01,1.714922055933735479e+01
1.540000000000000000e+03,1.270000000000000000e+04,2.757421633899705284e+02,2.847791782277690800e+02,2.877976115322744022e+02,2.873471083892860065e+02,2.849260479509389370e+02,2.718752567991889464e+02,3.255549958975036589e+02,2.765360730492930088e+02,2.765563332876321283e+02,2.800212032163369713e+02,2.780270772009068878e+02,2.822601660051224144e+02,2.804479913037030201e+02,1.718886733015160717e+05,1.544580482374616359e+01,1.713655124581257283e+01
1.550000000000000000e+03,1.271000000000000000e+04,2.757825003296198929e+02,2.847559875738319306e+02,2.877397972477982648e+02,2.869801639070510078e+02,2.850482270198003789e+02,2.717720515783836390e+02,3.256152892073753833e+02,2.764863324804166496e+02,2.765074825570908388e+02,2.800550103743599948e+02,2.780560951342076805e+02,2.823009962637755166e+02,2.804894565997511222e+02,1.718728654528291081e+05,1.554381667051791283e+01,1.712460222802714682e+01
1.560000000000000000e+03,1.272000000000000000e+04,2.758226984783035505e+02,2.847324936465309975e+02,2.876845784365273744e+02,2.866206371450260235e+02,2.851830951667852787e+02,2.716709247672613969e+02,3.256709942632174375e+02,2.764377208953039258e+02,2.764597597143051075e+02,2.800880821453350791e+02,2.780849361687224359e+02,2.823412144403991419e+02,2.805301374930351699e+02,1.718581348600405036e+05,1.564029123706376900e+01,1.711335119099686608e+01
1.570000000000000000e+03,1.273000000000000000e+04,2.758627596876902999e+02,2.847087822335032570e+02,2.876319112849950557e+02,2.862683243899440981e+02,2.853303154415161771e+02,2.715718865301162737e+02,3.257221187927497112e+02,2.763902479724819727e+02,2.764131743317664700e+02,2.801204476267156451e+02,2.781136172482905522e+02,2.823808464495567137e+02,2.805700624018975304e+02,1.718444592636102461e+05,1.573521629132420685e+01,1.710277659520598093e+01
1.580000000000000000e+03,1.274000000000000000e+04,2.759026858483016440e+02,2.846849339437121671e+02,2.875817509418479858e+02,2.859230304635688071e+02,2.854895591174100105e+02,2.714749445796167038e+02,3.257686686939367746e+02,2.763439211426119755e+02,2.763677337354646397e+02,2.801521351736768679e+02,2.781421545017915946e+02,2.824199174080239914e+02,2.806092590357569634e+02,1.718318164917576360e+05,1.582857979770314572e+01,1.709285762907996187e+01
1.590000000000000000e+03,1.275000000000000000e+04,2.759424788861775824e+02,2.846610244442674116e+02,2.875340516669737667e+02,2.855845680727929334e+02,2.856605049952220270e+02,2.713801044104011453e+02,3.258106482617973825e+02,2.762987457942202241e+02,2.763234432102798337e+02,2.801831724065906997e+02,2.781705632733447828e+02,2.824584516535148850e+02,2.806477544040508292e+02,1.718201844556101714e+05,1.592036991859395201e+01,1.708357416497995018e+01
1.600000000000000000e+03,1.276000000000000000e+04,2.759821407601082228e+02,2.846371246909263277e+02,2.874887669586668153e+02,2.852527572386587735e+02,2.858428387997880691e+02,2.712873694978929962e+02,3.258480603801259576e+02,2.762547254495368634e+02,2.762803061762139691e+02,2.802135862201730561e+02,2.781988581508540506e+02,2.824964727618518054e+02,2.806855748244969959e+02,1.718095411447375664e+05,1.601057501588036303e+01,1.707490671804608340e+01
1.610000000000000000e+03,1.277000000000000000e+04,2.760216734588231020e+02,2.846133011420335492e+02,2.874458496638672500e+02,2.849274247918775700e+02,2.860362526510360226e+02,2.711967414694719309e+02,3.258809066855629908e+02,2.762118619185982880e+02,2.762383243454211197e+02,2.802434027920398307e+02,2.782270529931938654e+02,2.825340035645832586e+02,2.807227459301419117e+02,1.717998646231759340e+05,1.609918365241204441e+01,1.706683640797665191e+01
1.620000000000000000e+03,1.278000000000000000e+04,2.760610789971932491e+02,2.845896159728735029e+02,2.874052520744157846e+02,2.846084039239399885e+02,2.862404445999282530e+02,2.711082202533640384e+02,3.259091877086291902e+02,2.761701554328205930e+02,2.761974978489834029e+02,2.802726475919102995e+02,2.782551609587136454e+02,2.825710661655261902e+02,2.807592926792729031e+02,1.717911330257016816e+05,1.618618459345474392e+01,1.705934492299032001e+01
1.630000000000000000e+03,1.279000000000000000e+04,2.761003594147488798e+02,2.845661272688487315e+02,2.873669260094554829e+02,2.842955337822350543e+02,2.864551182168078185e+02,2.710218042082532293e+02,3.259329029965110180e+02,2.761296047635336208e+02,2.761578253616152097e+02,2.803013453903696472e+02,2.782831945286600330e+02,2.826076819573143553e+02,2.807952393624528327e+02,1.717833245545728132e+05,1.627156680811474487e+01,1.705241448625209344e+01
1.640000000000000000e+03,1.280000000000000000e+04,2.761395167717518007e+02,2.845428892143218604e+02,2.873308228884958453e+02,2.839886591079222171e+02,2.866799822266548858e+02,2.709374902384704455e+02,3.259520512204389888e+02,2.760902073261570422e+02,2.761193042037971850e+02,2.803295202679461227e+02,2.783111655320338969e+02,2.826438716373583588e+02,2.808306096116336903e+02,1.717764174765198550e+05,1.635531947073748071e+01,1.704602782427852503e+01
1.650000000000000000e+03,1.281000000000000000e+04,2.761785531470536057e+02,2.845199522707057440e+02,2.872968937945721564e+02,2.836876299060982660e+02,2.869147501832276816e+02,2.708552738952155323e+02,3.259666302697088440e+02,2.760519592731737930e+02,2.760819304347849084e+02,2.803571956245955334e+02,2.783390851717653049e+02,2.826796552234316096e+02,2.808654264085888599e+02,1.717703901200880355e+05,1.643743196228009396e+01,1.704016813713509748e+01
1.660000000000000000e+03,1.282000000000000000e+04,2.762174706347664710e+02,2.844973633503551582e+02,2.872650895301053993e+02,2.833923011460907446e+02,2.871591401773683856e+02,2.707751494676802508e+02,3.259766373355332121e+02,2.760148555774060810e+02,2.760456989354564143e+02,2.803843941868277625e+02,2.783669640475360438e+02,2.827150520703403913e+02,2.808997120916569656e+02,1.717652208732336876e+05,1.651789387165788625e+01,1.703481907042270649e+01
1.670000000000000000e+03,1.283000000000000000e+04,2.762562713421434069e+02,2.844751659722277282e+02,2.872353606658084573e+02,2.831025324868276698e+02,2.874128745753693011e+02,2.706971100645048978e+02,3.259820689847089739e+02,2.759788901071019609e+02,2.760106034854234167e+02,2.804111380205989690e+02,2.783948121760757317e+02,2.827500808827010133e+02,2.809334883677019548e+02,1.717608881812764448e+05,1.659669499706429718e+01,1.702996468886158254e+01
1.680000000000000000e+03,1.284000000000000000e+04,2.762949573867801973e+02,2.844534004178966597e+02,2.872076575851804137e+02,2.828181880258812839e+02,2.876756797831387757e+02,2.706211476875261042e+02,3.259829212263647378e+02,2.759440556934287088e+02,2.759766368273935200e+02,2.804374485376901021e+02,2.784226390147113079e+02,2.827847597316407473e+02,2.809667763184610294e+02,1.717573705450181151e+05,1.667382534726441534e+01,1.702558945125797862e+01
1.690000000000000000e+03,1.285000000000000000e+04,2.763335308939608126e+02,2.844321038801242025e+02,2.871819305215032045e+02,2.825391360672481937e+02,2.879472860335973792e+02,2.705472532983513361e+02,3.259791895710703784e+02,2.759103441926955611e+02,2.759437907314998597e+02,2.804633465057121953e+02,2.784504534814485055e+02,2.828191060679631619e+02,2.809995964082805244e+02,1.717546465191842290e+05,1.674927514286177299e+01,1.702167818692735679e+01
1.700000000000000000e+03,1.286000000000000000e+04,2.763719939943026134e+02,2.844113105989497399e+02,2.871581295927416591e+02,2.822652489071100490e+02,2.882274271945952364e+02,2.704754168787230810e+02,3.259708690843036720e+02,2.758777465416950463e+02,2.759120560506577249e+02,2.804888520572284847e+02,2.784782639756917888e+02,2.828531367368331644e+02,2.810319684941283072e+02,1.717526947110574110e+05,1.682303481753827157e+01,1.701821607331135056e+01
1.710000000000000000e+03,1.287000000000000000e+04,2.764103488212351749e+02,2.843910519973580335e+02,2.871362048303295751e+02,2.819964026354526254e+02,2.885158405948720883e+02,2.704056274855207676e+02,3.259579544346724447e+02,2.758462528095310518e+02,2.758814227745554035e+02,2.805139846988754471e+02,2.785060783961234847e+02,2.828868679909259640e+02,2.810639118335727744e+02,1.717514937793524005e+05,1.689509501926712431e+01,1.701518861481355671e+01
1.720000000000000000e+03,1.288000000000000000e+04,2.764485975085437985e+02,2.843713567946388707e+02,2.871161062121191776e+02,2.817324769521829921e+02,2.888122668680408083e+02,2.703378733038694577e+02,3.259404399377818322e+02,2.758158522484339414e+02,2.758518800683305017e+02,2.805387633197517516e+02,2.785339041600317387e+02,2.829203155032903965e+02,2.810954450927818016e+02,1.717510224333170336e+05,1.696544661149856026e+01,1.701258162277186159e+01
1.730000000000000000e+03,1.289000000000000000e+04,2.764862667742762596e+02,2.843478858329910963e+02,2.868952509358376233e+02,2.814249766882771837e+02,2.884507552240720543e+02,2.702606691874790954e+02,3.242981029322615427e+02,2.757178277817181424e+02,2.757547103574993912e+02,2.805594427517654594e+02,2.785579682603730589e+02,2.829490351111624591e+02,2.811228183243983949e+02,1.716167950644755038e+05,3.419248190289977618e+00,1.684198601373042692e+01
1.740000000000000000e+03,1.290000000000000000e+04,2.765232539357469363e+02,2.843181228687071780e+02,2.866100101642777531e+02,2.811129640795974183e+02,2.881247500574682476e+02,2.701782055462059020e+02,3.227934634403480345e+02,2.756076900119806510e+02,2.756454239344454891e+02,2.805763426568083787e+02,2.785787900817516629e+02,2.829733773058352426e+02,2.811463479353535035e+02,1.714837954293697840e+05,3.419248190289977618e+00,1.671920830236379274e+01
1.750000000000000000e+03,1.291000000000000000e+04,2.765595360601414541e+02,2.842810008955560761e+02,2.863075270856751899e+02,2.807982218934503749e+02,2.878113283581466817e+02,2.700926132267774165e+02,3.213657457340273709e+02,2.754887692203292318e+02,2.755273509876499247e+02,2.805897843800674991e+02,2.785968218755034513e+02,2.829937511858594235e+02,2.811663521530886101e+02,1.713519382336080889e+05,3.419248190289977618e+00,1.660496522111720452e+01
1.760000000000000000e+03,1.292000000000000000e+04,2.765951072353543623e+02,2.842362117562282720e+02,2.860004995189583497e+02,2.804820489548596925e+02,2.875039256976001525e+02,2.700047177593113474e+02,3.199945935051587185e+02,2.753631348534854624e+02,2.754025609176686658e+02,2.805999623351131049e+02,2.786123287763484768e+02,2.830104128262044014e+02,2.811830222816371361e+02,1.712211813985951303e+05,3.419248190289977618e+00,1.649492959538405046e+01
1.770000000000000000e+03,1.293000000000000000e+04,2.766299663090154581e+02,2.841838021526994567e+02,2.856924685585057659e+02,2.801653087092103078e+02,2.872005780136448720e+02,2.699148347702416117e+02,3.186715509659156282e+02,2.752320607328367714e+02,2.752723274918977268e+02,2.806070158863529969e+02,2.786254927853602226e+02,2.830235467510422041e+02,2.811964946146330249e+02,1.710914917271329614e+05,3.419248190289977618e+00,1.638821359879945305e+01
1.780000000000000000e+03,1.294000000000000000e+04,2.766641137697909016e+02,2.841239798865324246e+02,2.853845860946790367e+02,2.798485904090985059e+02,2.869006118186619574e+02,2.698230858699757846e+02,3.173918764012832980e+02,2.750964062823536551e+02,2.751375100387809312e+02,2.806110577313732506e+02,2.786364563557030465e+02,2.830333026054349261e+02,2.812068788303248539e+02,1.709628394106946653e+05,3.419248190289977618e+00,1.628447841280843278e+01
1.790000000000000000e+03,1.295000000000000000e+04,2.766975507515633694e+02,2.840570251385006486e+02,2.850773354525008472e+02,2.795323129791603378e+02,2.866037414409742610e+02,2.697295198224402952e+02,3.161522273251080151e+02,2.749568065797752752e+02,2.749987435105909412e+02,2.806121847260476443e+02,2.786453390380214614e+02,2.830398093759950484e+02,2.812142688371103532e+02,1.708351967224098917e+05,3.419248190289977618e+00,1.618351588334546420e+01
1.800000000000000000e+03,1.296000000000000000e+04,2.767302786879939731e+02,2.839832490212590415e+02,2.847709865985787587e+02,2.792167847624472188e+02,2.863098094299441527e+02,2.696341606666355233e+02,3.149499357067251708e+02,2.748137614541129778e+02,2.748565275808675779e+02,2.806104832237331266e+02,2.786522451527481508e+02,2.830431821263775305e+02,2.812187481236739472e+02,1.707085375708390493e+05,3.419248190289977618e+00,1.608516246956467199e+01
1.810000000000000000e+03,1.297000000000000000e+04,2.767622991867586961e+02,2.839029731896815747e+02,2.844657256762341149e+02,2.789022389966562514e+02,2.860187064675992588e+02,2.695370272650354764e+02,3.137827398165098884e+02,2.746676796946815671e+02,2.747112708526926212e+02,2.806060322513774281e+02,2.786572680808964151e+02,2.830435259119818738e+02,2.812203929288764357e+02,1.705828372834951442e+05,3.419248190289977618e+00,1.598927628307968263e+01
1.820000000000000000e+03,1.298000000000000000e+04,2.767936139845467096e+02,2.838165192038354689e+02,2.841616959964721332e+02,2.785888560620863927e+02,2.857303447007517434e+02,2.694381410721121028e+02,3.126486623411724963e+02,2.745189035296841666e+02,2.745633154005768120e+02,2.805989055394259140e+02,2.786604929604653194e+02,2.830409382967868055e+02,2.812192742857403118e+02,1.704580724666533060e+05,3.419248190289977618e+00,1.589572944702074686e+01
1.830000000000000000e+03,1.299000000000000000e+04,2.768242249324207478e+02,2.837242027048846467e+02,2.838590131631190161e+02,2.782767779918184488e+02,2.854446480245613884e+02,2.693375288310595010e+02,3.115459429838755909e+02,2.743677241012538275e+02,2.744129521482184373e+02,2.805891728532054685e+02,2.786619984709990376e+02,2.830355110393424525e+02,2.812154593470752957e+02,1.703342208973359666e+05,3.419248190289977618e+00,1.580440489130332793e+01
1.840000000000000000e+03,1.300000000000000000e+04,2.768541339918533595e+02,2.836263301833406558e+02,2.835577720839073663e+02,2.779661183397010973e+02,2.851615480844348554e+02,2.692352230421407739e+02,3.104729953508655171e+02,2.742143919794826843e+02,2.742604314612245844e+02,2.805769008725080198e+02,2.786618580421123283e+02,2.830273312341591350e+02,2.812090122678852140e+02,1.702112614324050664e+05,3.419248190289977618e+00,1.571519463217506285e+01
1.850000000000000000e+03,1.301000000000000000e+04,2.768833432348250767e+02,2.835231971938662809e+02,2.832580510347601148e+02,2.776569689608861609e+02,2.848809823422889167e+02,2.691312614778402690e+02,3.094283767097689406e+02,2.740591249532468510e+02,2.741059709168733320e+02,2.805621537733587161e+02,2.786601406872326265e+02,2.830164820896951596e+02,2.811999947886125142e+02,1.700891739290733240e+05,3.419248190289977618e+00,1.562799863677466305e+01
1.860000000000000000e+03,1.302000000000000000e+04,2.769118548443524332e+02,2.834150874697382392e+02,2.829599144714299541e+02,2.773494048540073891e+02,2.846028929537136491e+02,2.690256863366403195e+02,3.084107655512142969e+02,2.739021139317736697e+02,2.739497612191059375e+02,2.805449936163198572e+02,2.786569115812735049e+02,2.830030434635675647e+02,2.811884666238995010e+02,1.699679391739815474e+05,3.419248190289977618e+00,1.554272396394123312e+01
1.870000000000000000e+03,1.303000000000000000e+04,2.769396711154226978e+02,2.833022725566300437e+02,2.826634152268193247e+02,2.770434876062769831e+02,2.843272260082101184e+02,2.689185433153352847e+02,3.074189443252490719e+02,2.737435275653426743e+02,2.737919708000588912e+02,2.805254806052996628e+02,2.786522324792841800e+02,2.829870922341293635e+02,2.811744857214811759e+02,1.698475388192957616e+05,3.419248190289977618e+00,1.545928406174500047e+01
1.880000000000000000e+03,1.304000000000000000e+04,2.769667944537117705e+02,2.831850118169752477e+02,2.823685962728308141e+02,2.767392679703252725e+02,2.840539309570568207e+02,2.688098807279434368e+02,3.064517858142336877e+02,2.735835158689910713e+02,2.736327494592125618e+02,2.805036732658293204e+02,2.786461620243247808e+02,2.829687025665236888e+02,2.811581084445551824e+02,1.697279553247866570e+05,3.419248190289977618e+00,1.537759817061617085e+01
1.890000000000000000e+03,1.305000000000000000e+04,2.769932273751258549e+02,2.830635526289907489e+02,2.820754921885455246e+02,2.764367877931937301e+02,2.837829601607439827e+02,2.686997487233853690e+02,3.055082421528534837e+02,2.734222131367241673e+02,2.734722312746919783e+02,2.804796285670008160e+02,2.786387559816247972e+02,2.829479461059870573e+02,2.811393896864377666e+02,1.696091719051078544e+05,3.419248190289977618e+00,1.529759080531388449e+01
1.900000000000000000e+03,1.306000000000000000e+04,2.770189725032645356e+02,2.829381307101610901e+02,2.817841303965297470e+02,2.761360814899498450e+02,2.835142685169141146e+02,2.685881986182106402e+02,3.045873358341299308e+02,2.732597402879412698e+02,2.733105369525864603e+02,2.804534020094802713e+02,2.786300674253018883e+02,2.829248921253956723e+02,2.811183829638775933e+02,1.694911724815570633e+05,3.419248190289977618e+00,1.521919129914490831e+01
1.910000000000000000e+03,1.307000000000000000e+04,2.770440325673289408e+02,2.828089705423374767e+02,2.814945322014384601e+02,2.758371771998899362e+02,2.832478131543683730e+02,2.684752823413975307e+02,3.036881522322779574e+02,2.730962067761569187e+02,2.731477757293240529e+02,2.804250476929838669e+02,2.786201468945217812e+02,2.828996076434163456e+02,2.810951404818989658e+02,1.693739416380019393e+05,3.419248190289977618e+00,1.514233339958098945e+01
1.920000000000000000e+03,1.308000000000000000e+04,2.770684103977918085e+02,2.826762858116443340e+02,2.812067136720702365e+02,2.755400977081783935e+02,2.829835531754317230e+02,2.683610519815464386e+02,3.028098333076659401e+02,2.729317121539057780e+02,2.729840469422368869e+02,2.803946183657340043e+02,2.786090425286413392e+02,2.828721575217865052e+02,2.810697131841941427e+02,1.692574645802663581e+05,3.419248190289977618e+00,1.506695490791940983e+01
1.930000000000000000e+03,1.309000000000000000e+04,2.770921089238455579e+02,2.825402798802326174e+02,2.809206863853278264e+02,2.752448611905459757e+02,2.827214494429729257e+02,2.682455594211681955e+02,3.019515722457132370e+02,2.727663473644484498e+02,2.728194413232402553e+02,2.803621654691785352e+02,2.785968001869021009e+02,2.828426045511207008e+02,2.810421507965619412e+02,1.691417270988830132e+05,3.419248190289977618e+00,1.499299735622408747e+01
1.940000000000000000e+03,1.310000000000000000e+04,2.771151311681043126e+02,2.824011462529662708e+02,2.806364580677362710e+02,2.749514818266711700e+02,2.824614643995757888e+02,2.681288560480884371e+02,3.011126088485868308e+02,2.726001958162560186e+02,2.726540420678457508e+02,2.803277391754340897e+02,2.785834635598448017e+02,2.828110095242599868e+02,2.810125018626542897e+02,1.690267155346819782e+05,3.419248190289977618e+00,1.492040571666006699e+01
1.950000000000000000e+03,1.311000000000000000e+04,2.771374802425261805e+02,2.822590690435691272e+02,2.803540331300599178e+02,2.746599703086895374e+02,2.822035619163795559e+02,2.680109925304926151e+02,3.002922255287577400e+02,2.724333342813242780e+02,2.724879257393653802e+02,2.802913884216160341e+02,2.785690742705276080e+02,2.827774313149642467e+02,2.809808137735504943e+02,1.689124167466271902e+05,3.419248190289977618e+00,1.484912813912368890e+01
1.960000000000000000e+03,1.312000000000000000e+04,2.771591593449051061e+02,2.821142234456889923e+02,2.800734131386615218e+02,2.743703342710210222e+02,2.819477071602926230e+02,2.678920186379868937e+02,2.994897438202806370e+02,2.722658336535249077e+02,2.723211630242847718e+02,2.802531609402533377e+02,2.785536719766067790e+02,2.827419269303417195e+02,2.809471328158978167e+02,1.687988180838271510e+05,3.419248190289977618e+00,1.477911571395090462e+01
1.970000000000000000e+03,1.313000000000000000e+04,2.771801717523963475e+02,2.819667761309859202e+02,2.797945972033871840e+02,2.740825786577074155e+02,2.816938664908290662e+02,2.677719831116539240e+02,2.987045212780035968e+02,2.720977595913330447e+02,2.721538193811180122e+02,2.802131032938315798e+02,2.785372944567556033e+02,2.827045515914729208e+02,2.809115041760780969e+02,1.686859073562133126e+05,3.419248190289977618e+00,1.471032225631693002e+01
1.980000000000000000e+03,1.314000000000000000e+04,2.772005208180701743e+02,2.818168856900675792e+02,2.795175823333564722e+02,2.737967060358319031e+02,2.814420073671932983e+02,2.676509335655761674e+02,2.979359487557072157e+02,2.719291730645991265e+02,2.719859555659246553e+02,2.801712609013085853e+02,2.785199777038883440e+02,2.826653587854164584e+02,2.808739719849448875e+02,1.685736728106238879e+05,3.419248190289977618e+00,1.464270411003800021e+01
1.990000000000000000e+03,1.315000000000000000e+04,2.772202099658133534e+02,2.816647030294714114e+02,2.792423637108356047e+02,2.735127168688141523e+02,2.811920982601523633e+02,2.675289164164513522e+02,2.971834479544829151e+02,2.717601308277003227e+02,2.718176281409700437e+02,2.801276780694465742e+02,2.785017560083266517e+02,2.826244003252015773e+02,2.808345793432176833e+02,1.684621031069593155e+05,3.419248190289977618e+00,1.457621996935015574e+01
2.000000000000000000e+03,1.316000000000000000e+04,2.772392426859656780e+02,2.815103717448256475e+02,2.789689349585460150e+02,2.732306097523956510e+02,2.809441085895954302e+02,2.674059768358080191e+02,2.964464692435576580e+02,2.715906858235080108e+02,2.716488898526776552e+02,2.800823980215345159e+02,2.784826620402062645e+02,2.825817264089558307e+02,2.807933683477125442e+02,1.683511872963235364e+05,3.419248190289977618e+00,1.451083071538508840e+01
2.010000000000000000e+03,1.317000000000000000e+04,2.772576225303650972e+02,2.813540284699598146e+02,2.786972883543045327e+02,2.729503816235983891e+02,2.806980086631848508e+02,2.672821587205641549e+02,2.957244896867697435e+02,2.714208875366802545e+02,2.714797899936880299e+02,2.800354629228431236e+02,2.784627269380958978e+02,2.825373856744743648e+02,2.807503801182320444e+02,1.682409148006080068e+05,3.419248190289977618e+00,1.444649926695586295e+01
2.020000000000000000e+03,1.318000000000000000e+04,2.772753531080085736e+02,2.811958032719820153e+02,2.784274150215231316e+02,2.726720279445913775e+02,2.804537696224311958e+02,2.671575046776227964e+02,2.950170112523533135e+02,2.712507823035111301e+02,2.713103747112684232e+02,2.799869139135967089e+02,2.784419803404271079e+02,2.824914252568112261e+02,2.807056548248261834e+02,1.681312753935367218e+05,3.419248190289977618e+00,1.438319044349344367e+01
2.030000000000000000e+03,1.319000000000000000e+04,2.772924380808357796e+02,2.810358199016370122e+02,2.781593050916366110e+02,2.723955428644769086e+02,2.802113633964850123e+02,2.670320560205453830e+02,2.943235591981116954e+02,2.710804135825143817e+02,2.711406872768370704e+02,2.799367911318339566e+02,2.784204505226757078e+02,2.824438908364524536e+02,2.806592317117060702e+02,1.680222591828856966e+05,3.419248190289977618e+00,1.432087083946874451e+01
2.040000000000000000e+03,1.320000000000000000e+04,2.773088811595047787e+02,2.808741961366425244e+02,2.778929478506751138e+02,2.721209193636294117e+02,2.799707626616371954e+02,2.669058527746566369e+02,2.936436805923610791e+02,2.709098221910737720e+02,2.709707683284213999e+02,2.798851337430188551e+02,2.783981644227540073e+02,2.823948266942741725e+02,2.806111491234460686e+02,1.679138565938944521e+05,3.419248190289977618e+00,1.425950870883014154e+01
2.050000000000000000e+03,1.321000000000000000e+04,2.773246860992742313e+02,2.807110440841655645e+02,2.776283318630227086e+02,2.718481493838868914e+02,2.797319408037211019e+02,2.667789336898979968e+02,2.929769429630326840e+02,2.707390465181952663e+02,2.708006560771430031e+02,2.798319799636639118e+02,2.783751477169140571e+02,2.823442757520151645e+02,2.805614445290212302e+02,1.678060583537350758e+05,3.419248190289977618e+00,1.419907385847507797e+01
2.060000000000000000e+03,1.322000000000000000e+04,2.773398566961600409e+02,2.805464704441856156e+02,2.773654450787212795e+02,2.715772239411484179e+02,2.794948718843089637e+02,2.666513362591535952e+02,2.923229330562190853e+02,2.705681227129120430e+02,2.706303864962046646e+02,2.797773670888874449e+02,2.783514248832308340e+02,2.822922796350817976e+02,2.805101545477391483e+02,1.676988554769496841e+05,3.419248190289977618e+00,1.413953754989884004e+01
2.070000000000000000e+03,1.323000000000000000e+04,2.773543967829344297e+02,2.803805767705196672e+02,2.771042749299600132e+02,2.713081332297540484e+02,2.792595306118909662e+02,2.665230967407128446e+02,2.916812557014092704e+02,2.703970848522784536e+02,2.704599934978932652e+02,2.797213315167130077e+02,2.783270192586547864e+02,2.822388787030745902e+02,2.804573149684409827e+02,1.675922392518590204e+05,3.419248190289977618e+00,1.408087240901734560e+01
2.080000000000000000e+03,1.324000000000000000e+04,2.773683102257576820e+02,2.802134597274285284e+02,2.768448084152251454e+02,2.710408667151611439e+02,2.790258923132000177e+02,2.663942501839766805e+02,2.910515327566686210e+02,2.702259650930495809e+02,2.702895090731981327e+02,2.796639087718032783e+02,2.783019530989506620e+02,2.821841121035399738e+02,2.804029607752885340e+02,1.674862012276893947e+05,3.419248190289977618e+00,1.402305234189902805e+01
2.090000000000000000e+03,1.325000000000000000e+04,2.773816009207088200e+02,2.800452113159593068e+02,2.765870321714473334e+02,2.707754132168687420e+02,2.787939329081402207e+02,2.662648304578072498e+02,2.904334021407942146e+02,2.700547938076934997e+02,2.701189634340881867e+02,2.796051335301826271e+02,2.782762476320127689e+02,2.821280178145792092e+02,2.803471261683127977e+02,1.673807332026083604e+05,3.419248190289977618e+00,1.396605245737913137e+01
2.100000000000000000e+03,1.326000000000000000e+04,2.773942727907518133e+02,2.798759191204628678e+02,2.763309325376252445e+02,2.705117609841577746e+02,2.785636288871292550e+02,2.661348702803705351e+02,2.898265169351727764e+02,2.698835997063596892e+02,2.699483851362548421e+02,2.795450396413397129e+02,2.782499231078955972e+02,2.820706326698492603e+02,2.802898445846670370e+02,1.672758272123542265e+05,3.419248190289977618e+00,1.390984899518366902e+01
2.110000000000000000e+03,1.327000000000000000e+04,2.774063297820476919e+02,2.797056664894404321e+02,2.760764956138531261e+02,2.702498977631340153e+02,2.783349572872232329e+02,2.660044012503722684e+02,2.892305445438752258e+02,2.697124099513407600e+02,2.697778011901921786e+02,2.794836601520673867e+02,2.782229988504005291e+02,2.820119924251197858e+02,2.802311487208490917e+02,1.671714755196661572e+05,3.419248190289977618e+00,1.385441925903539406e+01
2.120000000000000000e+03,1.328000000000000000e+04,2.774177758613162723e+02,2.795345327606540877e+02,2.758237073074673162e+02,2.699898108587765364e+02,2.781078956754644196e+02,2.658734538793623301e+02,2.886451659292038698e+02,2.695412502557240941e+02,2.696072371630181124e+02,2.794210273237426350e+02,2.781954933004002442e+02,2.819521317763596358e+02,2.801710705500940435e+02,1.670676706042026344e+05,3.419248190289977618e+00,1.379974155498064903e+01
2.130000000000000000e+03,1.329000000000000000e+04,2.774286150130516262e+02,2.793625934453293667e+02,2.755725533769542608e+02,2.697314871895558213e+02,2.778824221271959232e+02,2.657420576230478559e+02,2.880700748849066599e+02,2.693701449775379615e+02,2.694367172715502079e+02,2.793571726602635863e+02,2.781674240624913637e+02,2.818910844037072252e+02,2.801096413434272563e+02,1.669644051531199366e+05,3.419248190289977618e+00,1.374579513360659178e+01
2.140000000000000000e+03,1.330000000000000000e+04,2.774388512365828774e+02,2.791899204122670426e+02,2.753230194715553125e+02,2.694749133383459139e+02,2.776585152094284581e+02,2.656102409146195669e+02,2.875049773650933957e+02,2.691991172045935627e+02,2.692662644665279004e+02,2.792921269236088619e+02,2.781388079476654980e+02,2.818288830041393567e+02,2.800468916873768421e+02,1.668616720521703537e+05,3.419248190289977618e+00,1.369256013648431036e+01
2.150000000000000000e+03,1.331000000000000000e+04,2.774484885437508410e+02,2.790165820586892096e+02,2.750750911685493065e+02,2.692200755983025147e+02,2.774361539658838751e+02,2.654780311982230501e+02,2.869495908564114757e+02,2.690281888327643856e+02,2.690959005113732587e+02,2.792259201424393495e+02,2.781096610101910755e+02,2.817655593247708339e+02,2.799828515033209442e+02,1.667594643772647250e+05,3.419248190289977618e+00,1.364001754639501840e+01
2.160000000000000000e+03,1.332000000000000000e+04,2.774575309565818770e+02,2.788426434801655773e+02,2.748287539859310868e+02,2.689669600131729794e+02,2.772153178931402522e+02,2.653454549542518635e+02,2.864036437945067064e+02,2.688573806351531630e+02,2.689256460530708068e+02,2.791585816824594986e+02,2.780799985873172773e+02,2.817011441996980921e+02,2.799175500642075463e+02,1.666577753865417326e+05,3.419248190289977618e+00,1.358814914028513954e+01
2.170000000000000000e+03,1.333000000000000000e+04,2.774659825058690217e+02,2.786681666203472219e+02,2.745839934346815880e+02,2.687155524158673074e+02,2.769959869377939867e+02,2.652125377409309408e+02,2.858668750118478670e+02,2.686867123310663032e+02,2.687555206885911616e+02,2.790901401845613918e+02,2.780498353330376062e+02,2.816356675760690109e+02,2.798510160115214376e+02,1.665565985128789325e+05,3.419248190289977618e+00,1.353693744647783070e+01
2.180000000000000000e+03,1.334000000000000000e+04,2.774738472246707488e+02,2.784932104261751533e+02,2.743407950205398151e+02,2.684658384617837328e+02,2.767781414736846841e+02,2.650793042184229193e+02,2.853390332252264443e+02,2.685162026460340030e+02,2.685855430247464142e+02,2.790206236408853329e+02,2.780191852622967872e+02,2.815691585493128173e+02,2.797832773727154176e+02,1.664559273567506461e+05,3.419248190289977618e+00,1.348636570370396015e+01
2.190000000000000000e+03,1.335000000000000000e+04,2.774811291531111692e+02,2.783178309851462018e+02,2.740991442731087773e+02,2.682178036603252735e+02,2.765617622916619212e+02,2.649457781809433072e+02,2.848198765547339804e+02,2.683458693674658093e+02,2.684157307363568066e+02,2.789500593953662246e+02,2.779880617657339599e+02,2.815016453871330100e+02,2.797143615720324874e+02,1.663557556795236014e+05,3.419248190289977618e+00,1.343641782335685875e+01
2.200000000000000000e+03,1.336000000000000000e+04,2.774878323317606146e+02,2.781420816645484706e+02,2.738590267619198357e+02,2.679714334030532541e+02,2.763468305849449962e+02,2.648119825860830474e+02,2.843091720660277133e+02,2.681757293974201275e+02,2.682461006126598591e+02,2.788784741617578788e+02,2.779564776544648339e+02,2.814331555602461208e+02,2.796442954566654180e+02,1.662560773970855225e+05,3.419248190289977618e+00,1.338707835369501709e+01
2.210000000000000000e+03,1.337000000000000000e+04,2.774939608009939889e+02,2.779660132165720370e+02,2.736204281089372898e+02,2.677267129890092292e+02,2.761333279397573506e+02,2.646779395838210007e+02,2.838066953522582025e+02,2.680057987981059568e+02,2.680766686234053964e+02,2.788058940400403571e+02,2.779244451840094143e+02,2.813637157679727352e+02,2.795731053003518696e+02,1.661568865737873130e+05,3.419248190289977618e+00,1.333833244728965894e+01
2.220000000000000000e+03,1.338000000000000000e+04,2.774995185995809379e+02,2.777896739527260479e+02,2.733833340019882598e+02,2.674836276479454682e+02,2.759212363171993161e+02,2.645436705430034863e+02,2.833122301261566918e+02,2.678360928462719244e+02,2.679074499383189618e+02,2.787323445319971142e+02,2.778919760822703324e+02,2.812933519654827137e+02,2.795008168232222943e+02,1.660581774167454860e+05,3.419248190289977618e+00,1.329016582909869371e+01
2.230000000000000000e+03,1.339000000000000000e+04,2.775045097628738517e+02,2.776131097710342033e+02,2.731477302204544912e+02,2.672421625619901420e+02,2.757105380542228090e+02,2.644091960831169104e+02,2.828255678473447006e+02,2.676666260633958245e+02,2.677384589860776032e+02,2.786578505575733402e+02,2.778590815754726577e+02,2.812220893857682427e+02,2.794274552056656944e+02,1.659599442703827226e+05,3.419248190289977618e+00,1.324256476794341353e+01
2.240000000000000000e+03,1.340000000000000000e+04,2.775089383210379310e+02,2.774363643694744610e+02,2.729136026131052404e+02,2.670023028845218391e+02,2.755012158550654249e+02,2.642745360946519781e+02,2.823465073644927088e+02,2.674974122618494903e+02,2.675697094846204322e+02,2.785824364654246210e+02,2.778257724161407509e+02,2.811499525676712778e+02,2.793530451013914444e+02,1.658621816112649976e+05,3.419248190289977618e+00,1.319551604894667562e+01
2.250000000000000000e+03,1.341000000000000000e+04,2.775128082982479327e+02,2.772594792889595965e+02,2.726809371593495825e+02,2.667640337575992362e+02,2.752932527185481604e+02,2.641397097687095652e+02,2.818748545831912224e+02,2.673284645792733727e+02,2.674012144973781346e+02,2.785061260504041343e+02,2.777920589022045874e+02,2.810769653697404351e+02,2.792776106502615221e+02,1.657648840432199358e+05,3.419248190289977618e+00,1.314900694685249860e+01
2.260000000000000000e+03,1.342000000000000000e+04,2.775161237108943624e+02,2.770824940173450273e+02,2.724497199100345597e+02,2.665273403281013884e+02,2.750866320361979547e+02,2.640047356178516225e+02,2.814104221457203039e+02,2.671597955135699749e+02,2.672329864372587167e+02,2.784289425864724308e+02,2.777579509005538512e+02,2.810031510085193531e+02,2.792011754911139860e+02,1.656680462926549953e+05,3.419248190289977618e+00,1.310302520351400624e+01
2.270000000000000000e+03,1.343000000000000000e+04,2.775188885666531746e+02,2.769054460966852389e+02,2.722199370472167743e+02,2.662922077623283599e+02,2.748813375096493701e+02,2.638696315051557804e+02,2.809530291335346419e+02,2.669914169547837446e+02,2.670650371182201184e+02,2.783509087994168567e+02,2.777234578699344638e+02,2.809285320640218515e+02,2.791237627723946275e+02,1.655716632041182311e+05,3.419248190289977618e+00,1.305755900427872973e+01
2.280000000000000000e+03,1.344000000000000000e+04,2.775211068629627107e+02,2.767283712537051201e+02,2.719915748672754603e+02,2.660586212573157923e+02,2.746773531534611266e+02,2.637344146630805426e+02,2.805025007844577090e+02,2.668233402194783253e+02,2.668973777571049482e+02,2.782720469123393059e+02,2.776885888805427385e+02,2.808531305082370864e+02,2.790453951709557714e+02,1.654757297360957600e+05,3.419248190289977618e+00,1.301259695591793530e+01
2.290000000000000000e+03,1.345000000000000000e+04,2.775227825862156692e+02,2.765513033092630621e+02,2.717646197893151339e+02,2.658265660561367554e+02,2.744746632994417723e+02,2.635991017175213074e+02,2.800586682250149124e+02,2.666555760614614883e+02,2.667300191025147456e+02,2.781923786503157316e+02,2.776533526333523696e+02,2.807769677192250697e+02,2.789660948883857259e+02,1.653802409569708980e+05,3.419248190289977618e+00,1.296812806918542549e+01
2.300000000000000000e+03,1.346000000000000000e+04,2.775239197116726473e+02,2.763742745352392376e+02,2.715390583616856475e+02,2.655960274559095637e+02,2.742732525730010025e+02,2.634637087086884435e+02,2.796213682169405388e+02,2.664881347256314257e+02,2.665629712974445624e+02,2.781119252512386311e+02,2.776177574740187310e+02,2.807000645063487241e+02,2.788858836809414470e+02,1.652851920412094914e+05,3.419248190289977618e+00,1.292414173601694927e+01
2.310000000000000000e+03,1.347000000000000000e+04,2.775245221998524130e+02,2.761973155261397892e+02,2.713148772614671316e+02,2.653669908186589055e+02,2.740731058951836303e+02,2.633282511123865106e+02,2.791904429196496267e+02,2.663210259532449982e+02,2.663962440290264908e+02,2.780307074749151184e+02,2.775818114190334427e+02,2.806224411241182111e+02,2.788047828581497356e+02,1.651905782656749652e+05,3.419248190289977618e+00,1.288062771432668185e+01
2.320000000000000000e+03,1.348000000000000000e+04,2.775245939983640824e+02,2.760204553464279797e+02,2.710920632980033247e+02,2.651394415791785946e+02,2.738742084698484973e+02,2.631927438587320012e+02,2.787657396589062273e+02,2.661542590105523232e+02,2.662298465099593159e+02,2.779487456249171373e+02,2.775455221633136489e+02,2.805441172939837315e+02,2.787228132974198616e+02,1.650963950061969808e+05,3.419248190289977618e+00,1.283757611021708200e+01
2.330000000000000000e+03,1.349000000000000000e+04,2.775241390404607955e+02,2.758437215910066698e+02,2.708706034174417709e+02,2.649133652537498165e+02,2.736765457781152122e+02,2.630572013527134345e+02,2.783471107141669449e+02,2.659878427118076729e+02,2.660637875041534244e+02,2.778660595500350041e+02,2.775088970992677559e+02,2.804651122142052486e+02,2.786399954534429071e+02,1.650026377342112828e+05,3.419248190289977618e+00,1.279497736228766414e+01
2.340000000000000000e+03,1.350000000000000000e+04,2.775231612431482517e+02,2.756671404524486775e+02,2.706504847015247037e+02,2.646887474470204893e+02,2.734801035718321032e+02,2.629216374921771830e+02,2.779344131138195735e+02,2.658217854390217667e+02,2.658980753476052996e+02,2.777826686595554975e+02,2.774719433323109570e+02,2.803854445819903276e+02,2.785563493681805767e+02,1.649093020135849947e+05,3.419248190289977618e+00,1.275282222658606557e+01
2.350000000000000000e+03,1.351000000000000000e+04,2.775216645078875217e+02,2.754907367985301221e+02,2.704316943663486086e+02,2.644655738577448574e+02,2.732848678642022833e+02,2.627860656849311454e+02,2.775275084389884910e+02,2.656560951620091373e+02,2.657327179681551002e+02,2.776985919343583760e+02,2.774346676934203515e+02,2.803051326091350006e+02,2.784718946812578224e+02,1.648163834976050421e+05,3.419248190289977618e+00,1.271110176221873544e+01
2.360000000000000000e+03,1.352000000000000000e+04,2.775196527196649185e+02,2.753145342015707229e+02,2.702142197743062866e+02,2.642438302868058599e+02,2.730908249273101092e+02,2.626504988675445134e+02,2.771262626425212261e+02,2.654907794536704273e+02,2.655677229032103241e+02,2.776138479355205391e+02,2.773970767512753355e+02,2.802241940330578132e+02,2.783866506361798088e+02,1.647238779260643350e+05,3.419248190289977618e+00,1.266980731816520311e+01
2.370000000000000000e+03,1.353000000000000000e+04,2.775171297449628014e+02,2.751385550193236895e+02,2.699980484262120513e+02,2.640235026395000659e+02,2.728979612725759125e+02,2.625149495207131167e+02,2.767305458647662135e+02,2.653258455206290591e+02,2.654030973220739611e+02,2.775284548157980566e+02,2.773591768292532151e+02,2.801426461343291976e+02,2.783006360956446770e+02,1.646317811225050245e+05,3.419248190289977618e+00,1.262893052037230035e+01
2.380000000000000000e+03,1.354000000000000000e+04,2.775140994328641568e+02,2.749628204930334050e+02,2.697831679654527761e+02,2.638045769320581257e+02,2.727062636617562816e+02,2.623794296856969481e+02,2.763402322644930109e+02,2.651613002071282494e+02,2.652388480351434623e+02,2.774424303301680652e+02,2.773209740137328936e+02,2.800605057172787156e+02,2.782138695454762569e+02,1.645400889915481384e+05,3.419248190289977618e+00,1.258846325964421453e+01
2.390000000000000000e+03,1.355000000000000000e+04,2.775105656144168620e+02,2.747873506419815612e+02,2.695695661500815277e+02,2.635870392938481928e+02,2.725157190974553032e+02,2.622439509785884866e+02,2.759551999149142034e+02,2.649971499991740984e+02,2.650749815124344195e+02,2.773557918434566432e+02,2.772824741627335356e+02,2.799777892590668102e+02,2.781263691003379108e+02,1.644487975163600349e+05,3.419248190289977618e+00,1.254839768117880539e+01
2.400000000000000000e+03,1.356000000000000000e+04,2.775065321013923949e+02,2.746121645407533265e+02,2.693572309131386646e+02,2.633708759732260773e+02,2.723263147970395721e+02,2.621085246071356210e+02,2.755753305543604483e+02,2.648334010715115028e+02,2.649115039000832894e+02,2.772685563409848442e+02,2.772436829232950686e+02,2.798945127144354501e+02,2.780381525204197715e+02,1.643579027562515403e+05,3.419248190289977618e+00,1.250872617201368087e+01
2.410000000000000000e+03,1.357000000000000000e+04,2.775020026868485274e+02,2.744372802134970470e+02,2.691461503082141462e+02,2.631560733392281577e+02,2.721380382153171240e+02,2.619731613831501136e+02,2.752005095135950228e+02,2.646700592781074874e+02,2.647484210333718124e+02,2.771807404377141211e+02,2.772046057376323915e+02,2.798106916695080599e+02,2.779492372138358292e+02,1.642674008443224884e+05,3.419248190289977618e+00,1.246944135224891781e+01
2.420000000000000000e+03,1.358000000000000000e+04,2.774969811433415998e+02,2.742627147248218762e+02,2.689363125308873919e+02,2.629426178846188122e+02,2.719508770213644766e+02,2.618378717369288893e+02,2.748306255589721445e+02,2.645071301723585862e+02,2.645857384500507123e+02,2.770923603868004648e+02,2.771652478509711841e+02,2.797263413187033052e+02,2.778596402457362728e+02,1.641772879852497717e+05,3.419248190289977618e+00,1.243053606486753182e+01
2.430000000000000000e+03,1.359000000000000000e+04,2.774914712237391541e+02,2.740884842128090213e+02,2.687277059144608984e+02,2.627304962283188843e+02,2.717648190979941774e+02,2.617026657303235879e+02,2.744655707619432405e+02,2.643446190190530842e+02,2.644234614030214061e+02,2.770034320880041605e+02,2.771256143279095454e+02,2.796414764760244225e+02,2.777693783459897077e+02,1.640875604531427962e+05,3.419248190289977618e+00,1.239200336654894663e+01
2.440000000000000000e+03,1.360000000000000000e+04,2.774854766603504004e+02,2.739146039437551394e+02,2.685203189280633183e+02,2.625196951174416427e+02,2.715798525352354318e+02,2.615675530694211943e+02,2.741052403739527676e+02,2.641825308066885896e+02,2.642615948723088195e+02,2.769139710981285134e+02,2.770857100548723793e+02,2.795561115864816770e+02,2.776784679165370449e+02,1.639982145894960267e+05,3.419248190289977618e+00,1.235383651887930867e+01
2.450000000000000000e+03,1.361000000000000000e+04,2.774790011651775785e+02,2.737410883426930468e+02,2.683141401788774374e+02,2.623102014283077210e+02,2.713959656282210062e+02,2.614325431168651903e+02,2.737495327086816133e+02,2.640208702589289942e+02,2.641001435765468841e+02,2.768239926321145390e+02,2.770455397489212146e+02,2.794702607367315181e+02,2.775869250387179932e+02,1.639092468012042227e+05,3.419248190289977618e+00,1.231602898016289416e+01
2.460000000000000000e+03,1.362000000000000000e+04,2.774720484289647402e+02,2.735679510299292474e+02,2.681091584088591162e+02,2.621020021700813913e+02,2.712131468677195016e+02,2.612976449033648692e+02,2.733983490282118964e+02,2.638596418458866992e+02,2.639391119837556516e+02,2.767335115802487167e+02,2.770051079681297779e+02,2.793839376661158553e+02,2.774947654807276649e+02,1.638206535587167600e+05,3.419248190289977618e+00,1.227857439747754142e+01
2.470000000000000000e+03,1.363000000000000000e+04,2.774646221209011969e+02,2.733952048636234622e+02,2.679053624936799451e+02,2.618950844834016038e+02,2.710313849388732024e+02,2.611628671393023069e+02,2.730515934340757553e+02,2.636988497944389565e+02,2.637785043218322016e+02,2.766425425108474201e+02,2.769644191188695572e+02,2.792971557760830024e+02,2.774020047031623335e+02,1.637324313941851724e+05,3.419248190289977618e+00,1.224146659918351610e+01
2.480000000000000000e+03,1.364000000000000000e+04,2.774567258907010228e+02,2.732228619775188463e+02,2.677027414400432690e+02,2.616894356424891726e+02,2.708506687160080446e+02,2.610282182254123313e+02,2.727091727631520826e+02,2.635384980974447444e+02,2.636183245886030591e+02,2.765510996781874837e+02,2.769234774570646778e+02,2.792099281405764373e+02,2.773086578670124140e+02,1.636445768997361592e+05,3.419248190289977618e+00,1.220469958776607022e+01
2.490000000000000000e+03,1.365000000000000000e+04,2.774483633645867258e+02,2.730509338065343741e+02,2.675012843872350459e+02,2.614850430558452672e+02,2.706709872560171561e+02,2.608937062635313850e+02,2.723709964898481530e+02,2.633785905241803675e+02,2.634585765607569670e+02,2.764591970299381387e+02,2.768822871047873377e+02,2.791222675155086108e+02,2.772147398396523954e+02,1.635570867258009384e+05,3.419248190289977618e+00,1.216826753301240949e+01
2.500000000000000000e+03,1.366000000000000000e+04,2.774395381488875501e+02,2.728794311257064464e+02,2.673009806026367414e+02,2.612818942662632935e+02,2.704923297963355822e+02,2.607593390658666976e+02,2.720369766312379056e+02,2.632191306287224961e+02,2.632992638029190289e+02,2.763668482144559562e+02,2.768408520478222954e+02,2.790341863476760409e+02,2.771202652015468288e+02,1.634699575795080455e+05,3.419248190289977618e+00,1.213216476573274072e+01
2.510000000000000000e+03,1.367000000000000000e+04,2.774302538240769991e+02,2.727083640686311696e+02,2.671018194850504983e+02,2.610799769522055840e+02,2.703146857499662019e+02,2.606251241666021201e+02,2.717070276557612942e+02,2.630601217589176599e+02,2.631403896763764578e+02,2.762740665876812045e+02,2.767991761523340983e+02,2.789456967838419814e+02,2.770252482514507619e+02,1.633831862231229316e+05,3.419248190289977618e+00,1.209638577140454174e+01
2.520000000000000000e+03,1.368000000000000000e+04,2.774205139528787640e+02,2.725377421656943966e+02,2.669037905579094172e+02,2.608792789270203798e+02,2.701380447012517720e+02,2.604910688292750365e+02,2.713810663980189588e+02,2.629015670641808811e+02,2.629819573472008187e+02,2.761808652194691263e+02,2.767572631582321492e+02,2.788568106789644503e+02,2.769297030132577220e+02,1.632967694725751644e+05,3.419248190289977618e+00,1.206092518443042039e+01
2.530000000000000000e+03,1.369000000000000000e+04,2.774103220749598222e+02,2.723675743679413017e+02,2.667068834715653338e+02,2.606797881392290606e+02,2.699623964025549867e+02,2.603571800572160555e+02,2.710590119748648021e+02,2.627434695035503864e+02,2.628239697937733581e+02,2.760872569004781099e+02,2.767151166904829438e+02,2.787675396047217191e+02,2.768336432404107654e+02,1.632107041960075730e+05,3.419248190289977618e+00,1.202577778253717433e+01
2.540000000000000000e+03,1.370000000000000000e+04,2.773996817068631344e+02,2.721978690826936713e+02,2.665110879974499767e+02,2.604814926724054089e+02,2.697877307682995820e+02,2.602234646002378327e+02,2.707407857064843597e+02,2.625858318532078783e+02,2.626664298142528651e+02,2.759932541484149624e+02,2.766727402666438138e+02,2.786778948576567814e+02,2.767370824269306695e+02,1.631249873124100268e+05,3.419248190289977618e+00,1.199093848135603402e+01
2.550000000000000000e+03,1.371000000000000000e+04,2.773885963438426643e+02,2.720286341820060443e+02,2.663163940327174259e+02,2.602843807449337419e+02,2.696140378740556685e+02,2.600899289657367035e+02,2.704263110403091446e+02,2.624286567136484223e+02,2.625093400338073479e+02,2.758988692142436321e+02,2.766301372983147076e+02,2.785878874665483522e+02,2.766400338039017015e+02,1.630396157902985578e+05,3.419248190289977618e+00,1.195640232949975967e+01
2.560000000000000000e+03,1.372000000000000000e+04,2.773770694582606211e+02,2.718598770651685186e+02,2.661227915874299015e+02,2.600884407074842102e+02,2.694413079524784393e+02,2.599565794217596704e+02,2.701155134783789435e+02,2.622719465148674658e+02,2.623527029108060447e+02,2.758041140908778743e+02,2.765873110970023845e+02,2.784975282000853554e+02,2.765425103522014751e+02,1.629545866464034771e+05,3.419248190289977618e+00,1.192216450345325462e+01
2.570000000000000000e+03,1.373000000000000000e+04,2.773651045007225093e+02,2.716916045718835448e+02,2.659302708112284677e+02,2.598936610500840061e+02,2.692695313867544087e+02,2.598234220179049316e+02,2.698083205073958197e+02,2.621157035271549489e+02,2.621965207446686463e+02,2.757090005095703873e+02,2.765442648785704591e+02,2.784068275742291689e+02,2.764445248052460329e+02,1.628698969444613322e+05,3.419248190289977618e+00,1.188822030355148307e+01
2.580000000000000000e+03,1.374000000000000000e+04,2.773527048993309450e+02,2.715238231610636035e+02,2.657388219509570604e+02,2.597000303918858322e+02,2.690986987110357518e+02,2.596904625748657054e+02,2.695046615322900152e+02,2.619599298638817118e+02,2.620407956806874950e+02,2.756135399576340888e+02,2.765010017681460113e+02,2.783157958581743969e+02,2.763460896522593657e+02,1.627855437940332049e+05,3.419248190289977618e+00,1.185456514888614876e+01
2.590000000000000000e+03,1.375000000000000000e+04,2.773398740598084373e+02,2.713565388300819450e+02,2.655484353767870971e+02,2.595075374851542165e+02,2.689288006048994362e+02,2.595577067023361337e+02,2.692044678115353236e+02,2.618046274874515689e+02,2.618855297164075751e+02,2.755177436778232050e+02,2.764575248036670700e+02,2.782244430825120389e+02,2.762472171472622335e+02,1.627015243493165763e+05,3.419248190289977618e+00,1.182119457333014090e+01
2.600000000000000000e+03,1.376000000000000000e+04,2.773266153654754476e+02,2.711897571587638822e+02,2.653591015736135432e+02,2.593161712143170234e+02,2.687598278909069336e+02,2.594251598040288513e+02,2.689076723960533286e+02,2.616497982159143021e+02,2.617307247071737493e+02,2.754216226745560334e+02,2.764138369397858241e+02,2.781327790452218665e+02,2.761479193113022461e+02,1.626178358080705802e+05,3.419248190289977618e+00,1.178810422153240722e+01
2.610000000000000000e+03,1.377000000000000000e+04,2.773129321775818426e+02,2.710234833273422623e+02,2.651708111396384311e+02,2.591259205948139765e+02,2.685917715313569829e+02,2.592928270841931067e+02,2.686142100701625850e+02,2.614954437284229130e+02,2.615763823717468313e+02,2.753251877193193877e+02,2.763699410515976069e+02,2.780408133177874106e+02,2.760482079378252251e+02,1.625344754105464672e+05,3.419248190289977618e+00,1.175528984507559294e+01
2.620000000000000000e+03,1.378000000000000000e+04,2.772988278347899040e+02,2.708577221509197557e+02,2.649835547809495893e+02,2.589367747722817512e+02,2.684246226240989586e+02,2.591607135541628395e+02,2.683240172929366736e+02,2.613415655700737261e+02,2.614225042974076700e+02,2.752284493567158279e+02,2.763258399384009181e+02,2.779485552517222686e+02,2.759480945973306802e+02,1.624514404384369554e+05,3.419248190289977618e+00,1.172274729866024678e+01
2.630000000000000000e+03,1.379000000000000000e+04,2.772843056537479356e+02,2.706924780474950012e+02,2.647973233229041625e+02,2.587487230214106830e+02,2.682583724032310215e+02,2.590288240390441388e+02,2.680370321494226573e+02,2.611881651576918557e+02,2.612690919449522085e+02,2.751314179057216620e+02,2.762815363261772745e+02,2.778560139839664771e+02,2.758475906417227179e+02,1.623687282139005838e+05,3.419248190289977618e+00,1.169047253687842414e+01
2.640000000000000000e+03,1.380000000000000000e+04,2.772693689286395511e+02,2.705277510305620581e+02,2.646121087223762061e+02,2.585617547460798278e+02,2.680930127784225760e+02,2.588971631842570673e+02,2.677531945896698744e+02,2.610352437771060750e+02,2.611161467632359177e+02,2.750341034540649616e+02,2.762370328330750908e+02,2.777631983220005623e+02,2.757467069335329484e+02,1.622863360991640948e+05,3.419248190289977618e+00,1.165846163785088763e+01
2.650000000000000000e+03,1.381000000000000000e+04,2.772540209312479078e+02,2.703635533456301800e+02,2.644278997498558965e+02,2.583758594766866850e+02,2.679285341867882835e+02,2.587657354596019559e+02,2.674724452672649591e+02,2.608828026021895994e+02,2.609636698731900424e+02,2.749365158976623889e+02,2.761923320835003892e+02,2.776701171669346877e+02,2.756454549361303066e+02,1.622042614928861440e+05,3.419248190289977618e+00,1.162671070154709696e+01
2.660000000000000000e+03,1.382000000000000000e+04,2.772382649119129496e+02,2.701998839955881522e+02,2.642446888904066782e+02,2.581910268691965484e+02,2.677649286987008281e+02,2.586345451641944351e+02,2.671947269918970278e+02,2.607308426960833003e+02,2.608116623036794408e+02,2.748386649372836246e+02,2.761474366178238711e+02,2.775767790276306073e+02,2.755438451269833990e+02,1.621225018338724622e+05,3.419248190289977618e+00,1.159521597017989336e+01
2.670000000000000000e+03,1.383000000000000000e+04,2.772221040986951266e+02,2.700367461759229855e+02,2.640624673042469794e+02,2.580072467039775574e+02,2.676021880962649107e+02,2.585035964314744206e+02,2.669199838701730414e+02,2.605793650113232047e+02,2.606601250987008029e+02,2.747405600401765469e+02,2.761023489021919204e+02,2.774831922184567361e+02,2.754418880175409754e+02,1.620410545968164515e+05,3.419248190289977618e+00,1.156397376999992233e+01
2.680000000000000000e+03,1.384000000000000000e+04,2.772055416975750859e+02,2.698741427321469928e+02,2.638812263218700309e+02,2.578245088850972024e+02,2.674403042476218957e+02,2.583728932391247781e+02,2.666481613624096667e+02,2.604283703911353882e+02,2.605090591690189399e+02,2.746422104935298876e+02,2.760570713412474788e+02,2.773893648794191336e+02,2.753395939286176599e+02,1.619599172923225560e+05,3.419248190289977618e+00,1.153298050794615648e+01
2.690000000000000000e+03,1.385000000000000000e+04,2.771885808928748247e+02,2.697120762491239816e+02,2.637009573870976737e+02,2.576428034397540614e+02,2.672792691317904428e+02,2.582424394101142298e+02,2.663792062605128876e+02,2.602778595750348813e+02,2.603584653164600695e+02,2.745436253794827053e+02,2.760116062847178000e+02,2.772953049728158135e+02,2.752369729896624335e+02,1.618790874661562848e+05,3.419248190289977618e+00,1.150223267115228687e+01
2.700000000000000000e+03,1.386000000000000000e+04,2.771712248468211328e+02,2.695505490740252981e+02,2.635216520404808307e+02,2.574621205133743160e+02,2.671190748412215044e+02,2.581122386189929898e+02,2.661130666486503742e+02,2.601278332031956779e+02,2.602083442421327391e+02,2.744448135905165600e+02,2.759659560295935421e+02,2.772010202852247858e+02,2.751340351440649101e+02,1.617985626983940601e+05,3.419248190289977618e+00,1.147172682503985541e+01
2.710000000000000000e+03,1.387000000000000000e+04,2.771534767000789543e+02,2.693895632786433794e+02,2.633433019296218731e+02,2.572824503752595433e+02,2.669597135799734815e+02,2.579822943964072692e+02,2.658496918678126804e+02,2.599782918205405053e+02,2.600586965528481187e+02,2.743457838348393807e+02,2.759201228221527344e+02,2.771065184313675900e+02,2.750307901443819105e+02,1.617183406027232413e+05,3.419248190289977618e+00,1.144145961130505285e+01
2.720000000000000000e+03,1.388000000000000000e+04,2.771353395716384966e+02,2.692291212789552901e+02,2.631658988001758530e+02,2.571037834119373429e+02,2.668011776656934444e+02,2.578526101340869445e+02,2.655890324787946497e+02,2.598292358837434222e+02,2.599095227786780811e+02,2.742465446391667001e+02,2.758741088742191323e+02,2.770118064292884128e+02,2.749272474908802337e+02,1.616384188257265778e+05,3.419248190289977618e+00,1.141142774609706478e+01
2.730000000000000000e+03,1.389000000000000000e+04,2.771168165588533725e+02,2.690692234302391057e+02,2.629894344898397094e+02,2.569261101271350753e+02,2.666434595223013275e+02,2.577231890891379749e+02,2.653310402218183413e+02,2.596806657559458245e+02,2.597608233273455767e+02,2.741471043412797144e+02,2.758279163106506076e+02,2.769168924442774937e+02,2.748234167357592241e+02,1.615587950459033309e+05,3.419248190289977618e+00,1.138162801609133012e+01
2.740000000000000000e+03,1.390000000000000000e+04,2.770979107377977471e+02,2.689098718529918415e+02,2.628139009248149023e+02,2.567494211406608997e+02,2.664865516788003106e+02,2.575940343839545221e+02,2.650756679834240686e+02,2.595325817161734676e+02,2.596125985475443372e+02,2.740474711071339016e+02,2.757815472422997800e+02,2.768217831438125813e+02,2.747193070108089046e+02,1.614794669734108320e+05,3.419248190289977618e+00,1.135205727770624939e+01
2.750000000000000000e+03,1.391000000000000000e+04,2.770786251630399306e+02,2.687510677223891662e+02,2.626392901309528725e+02,2.565737071870629507e+02,2.663304467684064321e+02,2.574651490184899103e+02,2.648228697612708515e+02,2.593849839623487696e+02,2.594648487073820320e+02,2.739476529386195125e+02,2.757350037424894253e+02,2.767264854881582892e+02,2.746149273647188807e+02,1.614004323490966926e+05,3.419248190289977618e+00,1.132271245478659161e+01
2.760000000000000000e+03,1.392000000000000000e+04,2.770589628681404974e+02,2.685928118680546959e+02,2.624655942821511303e+02,2.563989591143845246e+02,2.661751375653219611e+02,2.573365359001405182e+02,2.645726006329952611e+02,2.592378726147962880e+02,2.593175739965202524e+02,2.738476576604442130e+02,2.756882878209279397e+02,2.766310062155387755e+02,2.745102866699394895e+02,1.613216889439513325e+05,3.419248190289977618e+00,1.129359053827634263e+01
2.770000000000000000e+03,1.393000000000000000e+04,2.770389268653973431e+02,2.684351054478003107e+02,2.622928054599436791e+02,2.562251678827643673e+02,2.660206168338401085e+02,2.572081977236002217e+02,2.643248167231425896e+02,2.590912477181186091e+02,2.591707745285933697e+02,2.737474929455485153e+02,2.756414014660725229e+02,2.765353521594654467e+02,2.744053936518842534e+02,1.612432345583050337e+05,3.419248190289977618e+00,1.126468857732070816e+01
2.780000000000000000e+03,1.394000000000000000e+04,2.770185201460730582e+02,2.682779489311189423e+02,2.621209160323380729e+02,2.560523245620383364e+02,2.658668775376445410e+02,2.570801371564639339e+02,2.640794751717758686e+02,2.589451092436224258e+02,2.590244503445752571e+02,2.736471662974719266e+02,2.755943466216730258e+02,2.764395297397244349e+02,2.743002568584962546e+02,1.611650670215144637e+05,3.419248190289977618e+00,1.123600368641605840e+01
2.790000000000000000e+03,1.395000000000000000e+04,2.769977456806375358e+02,2.681213427755351404e+02,2.619499183802647622e+02,2.558804203338396803e+02,2.657139127109138599e+02,2.569523567310664021e+02,2.638365341082896407e+02,2.587994570918159525e+02,2.588786014164217022e+02,2.735466850642222880e+02,2.755471251903826442e+02,2.763435453379252635e+02,2.741948846816557648e+02,1.610871841911434021e+05,3.419248190289977618e+00,1.120753303914413124e+01
2.800000000000000000e+03,1.396000000000000000e+04,2.769766064188338532e+02,2.679652872897781890e+02,2.617798049706281063e+02,2.557094464862572636e+02,2.655617154787820482e+02,2.568248588689895655e+02,2.635959526191140867e+02,2.586542910952485386e+02,2.587332276497137400e+02,2.734460564406749654e+02,2.754997390450548664e+02,2.762474051958366772e+02,2.740892853573978982e+02,1.610095839524508920e+05,3.419248190289977618e+00,1.117927386654933031e+01
2.810000000000000000e+03,1.397000000000000000e+04,2.769551052895858447e+02,2.678097826533897887e+02,2.616105683488330556e+02,2.555393944089729530e+02,2.654102790582318789e+02,2.566976458845444427e+02,2.633576907192701810e+02,2.585096110210341180e+02,2.585883288857890534e+02,2.733452874707976434e+02,2.754521900233442011e+02,2.761511154339346490e+02,2.739834669688414124e+02,1.609322642178178648e+05,3.419248190289977618e+00,1.115122345545456284e+01
2.820000000000000000e+03,1.398000000000000000e+04,2.769332452014402861e+02,2.676548288373357423e+02,2.614422011711296818e+02,2.553702556131526364e+02,2.652595967569016580e+02,2.565707200001524484e+02,2.631217093339856206e+02,2.583654165730855539e+02,2.584439049035196376e+02,2.732443850524803111e+02,2.754044798960291018e+02,2.760546820059361721e+02,2.738774374631670980e+02,1.608552229262155015e+05,3.419248190289977618e+00,1.112337914785986470e+01
2.830000000000000000e+03,1.399000000000000000e+04,2.769110290424354162e+02,2.675004257062750526e+02,2.612746961415554665e+02,2.552020216941984359e+02,2.651096619704993600e+02,2.564440833193035587e+02,2.628879702657127950e+02,2.582217073945554944e+02,2.582999554237115944e+02,2.731433559340013062e+02,2.753566105138857552e+02,2.759581107709098546e+02,2.737712046111385007e+02,1.607784580426425091e+05,3.419248190289977618e+00,1.109573833781088581e+01
2.840000000000000000e+03,1.400000000000000000e+04,2.768884596805262390e+02,2.673465730100341489e+02,2.611080460875557492e+02,2.550346843724934160e+02,2.649604681831498283e+02,2.563177378762229068e+02,2.626564361695782281e+02,2.580784830710762208e+02,2.581564801120495076e+02,2.730422067232851191e+02,2.753085835727639505e+02,2.758614074542628032e+02,2.736647759943567735e+02,1.607019675577062590e+05,3.419248190289977618e+00,1.106829847187171012e+01
2.850000000000000000e+03,1.401000000000000000e+04,2.768655399633582874e+02,2.671932703650679741e+02,2.609422438488927583e+02,2.548682354344647933e+02,2.648120089643572896e+02,2.561916855790686327e+02,2.624270705312563905e+02,2.579357431307084880e+02,2.580134785701394549e+02,2.729409439017981640e+02,2.752604007888371598e+02,2.757645776574273668e+02,2.735581592610831194e+02,1.606257494869627990e+05,3.419248190289977618e+00,1.104105704478578076e+01
2.860000000000000000e+03,1.402000000000000000e+04,2.768422727185730992e+02,2.670405172730667687e+02,2.607772824142548416e+02,2.547026667987219923e+02,2.646642779675158863e+02,2.560659282741194147e+02,2.621998376445423560e+02,2.577934870478377434e+02,2.578709503535757221e+02,2.728395737988529390e+02,2.752120638495695175e+02,2.756676268637788780e+02,2.734513616841579733e+02,1.605498018705917348e+05,3.419248190289977618e+00,1.101401160128116175e+01
2.870000000000000000e+03,1.403000000000000000e+04,2.768186607539890929e+02,2.668883136529742046e+02,2.606131548228673296e+02,2.545379704731311961e+02,2.645172689294204815e+02,2.559404677124232990e+02,2.619747025882764433e+02,2.576517142462521974e+02,2.577288949881477720e+02,2.727381026214334838e+02,2.751635744232595471e+02,2.755705604654440322e+02,2.733443899965384958e+02,1.604741227729314414e+05,3.419248190289977618e+00,1.098715973371851362e+01
2.880000000000000000e+03,1.404000000000000000e+04,2.767947068576991114e+02,2.667366576253494372e+02,2.604498541913005738e+02,2.543741385629110141e+02,2.643709756665562622e+02,2.558153055589849600e+02,2.617516312051486693e+02,2.575104240968879594e+02,2.575873118876174317e+02,2.726365364428457383e+02,2.751149341337374494e+02,2.754733836664274804e+02,2.732372523008145890e+02,1.603987102816743427e+05,3.419248190289977618e+00,1.096049907874305163e+01
2.890000000000000000e+03,1.405000000000000000e+04,2.767704137980701944e+02,2.665855489740556550e+02,2.602873737107846068e+02,2.542111632676738111e+02,2.642253920755713921e+02,2.556904433969359616e+02,2.615305900797189906e+02,2.573696159221494781e+02,2.574462004690799404e+02,2.725348812029561145e+02,2.750661445901167781e+02,2.753761016338486343e+02,2.731299550580390587e+02,1.603235625079713063e+05,3.419248190289977618e+00,1.093402731863984556e+01
2.900000000000000000e+03,1.406000000000000000e+04,2.767457843239129716e+02,2.664349867867249486e+02,2.601257066473674513e+02,2.540490368817430067e+02,2.640805121305720604e+02,2.555658827296326479e+02,2.613115465186054962e+02,2.572292889980931250e+02,2.573055600972632533e+02,2.724331427242865402e+02,2.750172073788380658e+02,2.752787194041413272e+02,2.730225050874429940e+02,1.602486775855874876e+05,3.419248190289977618e+00,1.090774217911370592e+01
2.910000000000000000e+03,1.407000000000000000e+04,2.767208211649090686e+02,2.662849700385037863e+02,2.599648463477637961e+02,2.538877517963782680e+02,2.639363298830783151e+02,2.554416249833627148e+02,2.610944685352345118e+02,2.570894425565705887e+02,2.571653900897939593e+02,2.723313267014638086e+02,2.749681240624823886e+02,2.751812419054609791e+02,2.729149090859301623e+02,1.601740536706771527e+05,3.419248190289977618e+00,1.088164142831038461e+01
2.920000000000000000e+03,1.408000000000000000e+04,2.766955270311433992e+02,2.661354976132410002e+02,2.598047862248275237e+02,2.537273004922736561e+02,2.637928394595480199e+02,2.553176715096975897e+02,2.608793248243235325e+02,2.569500757856807240e+02,2.570256897204609459e+02,2.722294387229570702e+02,2.749188961805249392e+02,2.750836739655746896e+02,2.728071736396401548e+02,1.600996889412331220e+05,3.419248190289977618e+00,1.085572287536774994e+01
2.930000000000000000e+03,1.409000000000000000e+04,2.766699046140281553e+02,2.659865683295763574e+02,2.596455197657994063e+02,2.535676755414788772e+02,2.636500350608343979e+02,2.551940235878546162e+02,2.606660847472235218e+02,2.568111878327185877e+02,2.568864582218060377e+02,2.721274842422210440e+02,2.748695252514759204e+02,2.749860203107884900e+02,2.726993052096315751e+02,1.600255815967977105e+05,3.419248190289977618e+00,1.082998436952782129e+01
2.940000000000000000e+03,1.410000000000000000e+04,2.766439565856570653e+02,2.658381809172865928e+02,2.594870405298457854e+02,2.534088696069359230e+02,2.635079109602276617e+02,2.550706824263224348e+02,2.604547183149009015e+02,2.566727778047279571e+02,2.567476947873004178e+02,2.720254686063325380e+02,2.748200127725651782e+02,2.748882855690046654e+02,2.725913101332972701e+02,1.599517298580127535e+05,3.419248190289977618e+00,1.080442379912717321e+01
2.950000000000000000e+03,1.411000000000000000e+04,2.766176855994207244e+02,2.656903340373442006e+02,2.593293421567264545e+02,2.532508754379238951e+02,2.633664615111120497e+02,2.549476491730766554e+02,2.602451961675769780e+02,2.565348447701994701e+02,2.566093985750978277e+02,2.719233970517517491e+02,2.747703602211680618e+02,2.747904742712381676e+02,2.724831945811118885e+02,1.598781319662745227e+05,3.419248190289977618e+00,1.077903909091309842e+01
2.960000000000000000e+03,1.412000000000000000e+04,2.765910942900584928e+02,2.655430262808127964e+02,2.591724183119821987e+02,2.530936858733880399e+02,2.632256811106760210e+02,2.548249248867242613e+02,2.600374895626337661e+02,2.563973877605068310e+02,2.564715686997811872e+02,2.718212746994726103e+02,2.747205690547222616e+02,2.746925908582991269e+02,2.723749647789040296e+02,1.598047861832905910e+05,3.419248190289977618e+00,1.075382820741913825e+01
2.970000000000000000e+03,1.413000000000000000e+04,2.765641852735691941e+02,2.653962561755924980e+02,2.590162627808770708e+02,2.529372938371808459e+02,2.630855642509993686e+02,2.547025105836896159e+02,2.598315703558134828e+02,2.562604057714306123e+02,2.563342042467971282e+02,2.717191065647954247e+02,2.746706407122958353e+02,2.745946396784312356e+02,2.722666266490925295e+02,1.597316907908417634e+05,3.419248190289977618e+00,1.072878914839418663e+01
2.980000000000000000e+03,1.414000000000000000e+04,2.765369611477078706e+02,2.652500221876273940e+02,2.588608693954723776e+02,2.527816923393900197e+02,2.629461054844504133e+02,2.545804072128348992e+02,2.596274109861009833e+02,2.561238977646100921e+02,2.561973042674184171e+02,2.716168975569528357e+02,2.746205766144991003e+02,2.744966249812327987e+02,2.721581860725298156e+02,1.596588440903390292e+05,3.419248190289977618e+00,1.070391994867282293e+01
2.990000000000000000e+03,1.415000000000000000e+04,2.765094244917742685e+02,2.651043226943410218e+02,2.587062320531913429e+02,2.526268744727985336e+02,2.628072994292269300e+02,2.544586156604274834e+02,2.594249844614970471e+02,2.559878626685708412e+02,2.560608677794369896e+02,2.715146524839849462e+02,2.745703781649879147e+02,2.743985509434475034e+02,2.720496488349506308e+02,1.595862444024976285e+05,3.419248190289977618e+00,1.067921867726099805e+01
3.000000000000000000e+03,1.416000000000000000e+04,2.764815778668377675e+02,2.649591560613087609e+02,2.585523447181845427e+02,2.524728334133475300e+02,2.626691407689293669e+02,2.543371367546461101e+02,2.592242643436060234e+02,2.558522993804393195e+02,2.559248937703434308e+02,2.714123760469357194e+02,2.745200467492761049e+02,2.743004216450243007e+02,2.719410205927531479e+02,1.595138900669977302e+05,3.419248190289977618e+00,1.065468343663941120e+01
3.010000000000000000e+03,1.417000000000000000e+04,2.764534238161717212e+02,2.648145205791664125e+02,2.583992014187210202e+02,2.523195624183188102e+02,2.625316242513653151e+02,2.542159712666125415e+02,2.590252247340440590e+02,2.557172067669157514e+02,2.557893811974440439e+02,2.713100728502101333e+02,2.744695837371108382e+02,2.742022410862912238e+02,2.718323069085397492e+02,1.594417794421960716e+05,3.419248190289977618e+00,1.063031236191391926e+01
3.020000000000000000e+03,1.418000000000000000e+04,2.764249648648054745e+02,2.646704144897769879e+02,2.582467962474281080e+02,2.521670548256128370e+02,2.623947446877477319e+02,2.540951199121610671e+02,2.588278402608239048e+02,2.555825836656223942e+02,2.556543289893330950e+02,2.712077473993411445e+02,2.744189904821346317e+02,2.741040131854006745e+02,2.717235132402943805e+02,1.593699109047575621e+05,3.419248190289977618e+00,1.060610362001829365e+01
3.030000000000000000e+03,1.419000000000000000e+04,2.763962035201248568e+02,2.645268359995818059e+02,2.580951233555207409e+02,2.520153040499584449e+02,2.622584969514016393e+02,2.539745833518657605e+02,2.586320860645676021e+02,2.554484288859023877e+02,2.555197360467904275e+02,2.711054041102461269e+02,2.743682683227723373e+02,2.740057417805417117e+02,2.716146449458112215e+02,1.592982828493737616e+05,3.419248190289977618e+00,1.058205540884667073e+01
3.040000000000000000e+03,1.420000000000000000e+04,2.763671422719285715e+02,2.643837832458420962e+02,2.579441769662204820e+02,2.518643035893912554e+02,2.621228759770815486e+02,2.538543621983986043e+02,2.584379377866189316e+02,2.553147412105868170e+02,2.553856012443793020e+02,2.710030472912709456e+02,2.743174185817028956e+02,2.739074306312260205e+02,2.715057072802012499e+02,1.592268936884574359e+05,3.419248190289977618e+00,1.055816595682950521e+01
3.050000000000000000e+03,1.421000000000000000e+04,2.763377835923455450e+02,2.642412543471581330e+02,2.577939513540005692e+02,2.517140470151501290e+02,2.619878767589333393e+02,2.537344570100092369e+02,2.582453715559063312e+02,2.551815193964951618e+02,2.552519234311447462e+02,2.709006811736753093e+02,2.742664425674979043e+02,2.738090834204454040e+02,2.713967054027148151e+02,1.591557418518362683e+05,3.419248190289977618e+00,1.053443352180558712e+01
3.060000000000000000e+03,1.422000000000000000e+04,2.763081299360789558e+02,2.640992473801213691e+02,2.576444408576857654e+02,2.515645279749497831e+02,2.618534943510580320e+02,2.536148682971508208e+02,2.580543639771343578e+02,2.550487621758115040e+02,2.551187014317357296e+02,2.707983098913321101e+02,2.742153415746842029e+02,2.737107037536152347e+02,2.712876443765284762e+02,1.590848257864723564e+05,3.419248190289977618e+00,1.051085639052547727e+01
3.070000000000000000e+03,1.423000000000000000e+04,2.762781837407078456e+02,2.639577603720314869e+02,2.574956398761399896e+02,2.514157401921712278e+02,2.617197238654864577e+02,2.534955965231146138e+02,2.578648921189383145e+02,2.549164682570820730e+02,2.549859340473196028e+02,2.706959374880979112e+02,2.741641168834952964e+02,2.736122951737192466e+02,2.711785291693418571e+02,1.590141439561762672e+05,3.419248190289977618e+00,1.048743287796908774e+01
3.080000000000000000e+03,1.424000000000000000e+04,2.762479474262830195e+02,2.638167913273586009e+02,2.573475428615408305e+02,2.512676774593622042e+02,2.615865604711875676e+02,2.533766421041322303e+02,2.576769334917451033e+02,2.547846363234103819e+02,2.548536200566593379e+02,2.705935679222716317e+02,2.741127697589895433e+02,2.735138611384546152e+02,2.710693646586780119e+02,1.589436948398625245e+05,3.419248190289977618e+00,1.046416132616146655e+01
3.090000000000000000e+03,1.425000000000000000e+04,2.762174233964881296e+02,2.636763382275002527e+02,2.572001443373761731e+02,2.511203336544470801e+02,2.614539993942148612e+02,2.532580054132299665e+02,2.574904660806689662e+02,2.546532650437361269e+02,2.547217582172840764e+02,2.704912050753030712e+02,2.740613014604359705e+02,2.734154050417071744e+02,2.709601556252739556e+02,1.588734769371893490e+05,3.419248190289977618e+00,1.044104010542181271e+01
3.100000000000000000e+03,1.426000000000000000e+04,2.761866140375027499e+02,2.635363992975260885e+02,2.570534388714618785e+02,2.509737027144596482e+02,2.613220359156657082e+02,2.531396867777878015e+02,2.573054682688072035e+02,2.545223530711491833e+02,2.545903472666429934e+02,2.703888524698099900e+02,2.740097132398772146e+02,2.733169302121501687e+02,2.708509067724171473e+02,1.588034887594376050e+05,3.419248190289977618e+00,1.041806761132749237e+01
3.110000000000000000e+03,1.427000000000000000e+04,2.761555217189871883e+02,2.633969718405032268e+02,2.569074210928772004e+02,2.508277786521321673e+02,2.611906653706644192e+02,2.530216864843887947e+02,2.571219188703324789e+02,2.543918990076870728e+02,2.544593859214887175e+02,2.702865143547008984e+02,2.739580063022715990e+02,2.732184399021477930e+02,2.707416227020917177e+02,1.587337288350617164e+05,3.419248190289977618e+00,1.039524226474856050e+01
3.120000000000000000e+03,1.428000000000000000e+04,2.761241487938474961e+02,2.632580540687329176e+02,2.567620856863987910e+02,2.506825555496528182e+02,2.610598831485781943e+02,2.529040047788117818e+02,2.569397971100642053e+02,2.542619014635244525e+02,2.543288728795147051e+02,2.701841940941041003e+02,2.739061818732845950e+02,2.731199373020952521e+02,2.706323079350419789e+02,1.586641957081540604e+05,3.419248190289977618e+00,1.037256251221119285e+01
3.130000000000000000e+03,1.429000000000000000e+04,2.760924975984363527e+02,2.631196438420140566e+02,2.566174273918398399e+02,2.505380275584747096e+02,2.609296846909477381e+02,2.527866418669919710e+02,2.567590826135994462e+02,2.541323590271998683e+02,2.541988068204299509e+02,2.700818952327532543e+02,2.738542411601139293e+02,2.730214255451089684e+02,2.705229669075292236e+02,1.585948879380654544e+05,3.419248190289977618e+00,1.035002682478129366e+01
3.140000000000000000e+03,1.430000000000000000e+04,2.760605704527517901e+02,2.629817390147994729e+02,2.564734410022147131e+02,2.503941888961625466e+02,2.608000654923258708e+02,2.526695979155989846e+02,2.565797553976919971e+02,2.540032702681294268e+02,2.540691864070997212e+02,2.699796212465522558e+02,2.738021853556344922e+02,2.729229076893179240e+02,2.704136039734073620e+02,1.585258040992006427e+05,3.419248190289977618e+00,1.032763369744206372e+01
3.150000000000000000e+03,1.431000000000000000e+04,2.760283696603631824e+02,2.628443374040863318e+02,2.563301213645472671e+02,2.502510338490718595e+02,2.606710210964118346e+02,2.525528730537571960e+02,2.564017958611416930e+02,2.538746337384712604e+02,2.539400102859803212e+02,2.698773755358738526e+02,2.737500156494517114e+02,2.728243867379285916e+02,2.703042234039215828e+02,1.584569427807595639e+05,3.419248190289977618e+00,1.030538164859111383e+01
3.160000000000000000e+03,1.432000000000000000e+04,2.759958975089188016e+02,2.627074368091812175e+02,2.561874633810179489e+02,2.501085567692370546e+02,2.605425470989472387e+02,2.524364673754836872e+02,2.562251847757091809e+02,2.537464479745101471e+02,2.538112770876581124e+02,2.697751614256559378e+02,2.736977332089246033e+02,2.727258656397947902e+02,2.701948293886170518e+02,1.583883025865637464e+05,3.419248190289977618e+00,1.028326921961675389e+01
3.170000000000000000e+03,1.433000000000000000e+04,2.759631562697459799e+02,2.625710350091633245e+02,2.560454620160634249e+02,2.499667520798803366e+02,2.604146391453655838e+02,2.523203809449942128e+02,2.560499032774666262e+02,2.536187114994935996e+02,2.536829854274747333e+02,2.696729821281941781e+02,2.736453391965164315e+02,2.726273472695738747e+02,2.700854260489842318e+02,1.583198821347817429e+05,3.419248190289977618e+00,1.026129497467360707e+01
3.180000000000000000e+03,1.434000000000000000e+04,2.759301481983914641e+02,2.624351298167994173e+02,2.559041122100876464e+02,2.498256142255852694e+02,2.602872929291236801e+02,2.522046137744476368e+02,2.558759328380226634e+02,2.534914228100894888e+02,2.535551339069784547e+02,2.695708410535801249e+02,2.735928347632884652e+02,2.725288344551317437e+02,2.699760174104503108e+02,1.582516800576351234e+05,3.419248190289977618e+00,1.023945749768205005e+01
3.190000000000000000e+03,1.435000000000000000e+04,2.758968755344930059e+02,2.622997189310845556e+02,2.557634091225270936e+02,2.496851378026484554e+02,2.601605041919882524e+02,2.520891658605153225e+02,2.557032553369081711e+02,2.533645804115774638e+02,2.534277211135411392e+02,2.694687409618191509e+02,2.735402210504307732e+02,2.724303299800994296e+02,2.698666074327195474e+02,1.581836950014873873e+05,3.419248190289977618e+00,1.021775539817472023e+01
3.200000000000000000e+03,1.436000000000000000e+04,2.758633405020750615e+02,2.621648001281454867e+02,2.556233478036658084e+02,2.495453173972851175e+02,2.600342687230361207e+02,2.519740371620701467e+02,2.555318529344624494e+02,2.532381827816240616e+02,2.533007456221350537e+02,2.693666850761127876e+02,2.734874991902854049e+02,2.723318365295127705e+02,2.697572000029176706e+02,1.581159256262374693e+05,3.419248190289977618e+00,1.019618730381193750e+01
3.210000000000000000e+03,1.437000000000000000e+04,2.758295453093777496e+02,2.620303711299247311e+02,2.554839234133526418e+02,2.494061476755477429e+02,2.599085823580214765e+02,2.518592276068172851e+02,2.553617081396381536e+02,2.531122283871144987e+02,2.531742059950697978e+02,2.692646763699647749e+02,2.734346703033888843e+02,2.722333567769439355e+02,2.696477989284447290e+02,1.580483706053322530e+05,3.419248190289977618e+00,1.017475186316011992e+01
3.220000000000000000e+03,1.438000000000000000e+04,2.757954921494051632e+02,2.618964296535945095e+02,2.553451311581034702e+02,2.492676233659997251e+02,2.597834409786054266e+02,2.517447370923183030e+02,2.551928037871369668e+02,2.529867156837396180e+02,2.530481007829018267e+02,2.691627177587924962e+02,2.733817355020215700e+02,2.721348933261909906e+02,2.695384079476480679e+02,1.579810286255627871e+05,3.419248190289977618e+00,1.015344774510521830e+01
3.230000000000000000e+03,1.439000000000000000e+04,2.757611831996014189e+02,2.617629734240503581e+02,2.552069662900009348e+02,2.491297392563523942e+02,2.596588405112058808e+02,2.516305654861594689e+02,2.550251230278533399e+02,2.528616431167458813e+02,2.529224285248408250e+02,2.690608120836823787e+02,2.733286958910995850e+02,2.720364487309722676e+02,2.694290307296262199e+02,1.579138983868034557e+05,3.419248190289977618e+00,1.013227363821888893e+01
3.240000000000000000e+03,1.440000000000000000e+04,2.757266206222469691e+02,2.616300001364411969e+02,2.550694241136200731e+02,2.489924901952365417e+02,2.595347769275128371e+02,2.515167126281920957e+02,2.548586493241117523e+02,2.527370091206766460e+02,2.527971877498016795e+02,2.689589621317009005e+02,2.732755525619417085e+02,2.719380254932730736e+02,2.693196708694007953e+02,1.578469786018682644e+05,3.419248190289977618e+00,1.011122825050125762e+01
3.250000000000000000e+03,1.441000000000000000e+04,2.756918065644675835e+02,2.614975074893949909e+02,2.549324999780759526e+02,2.488558710876960731e+02,2.594112462436796136e+02,2.514031783307810883e+02,2.546933664396059100e+02,2.526128121205694868e+02,2.526723769765338545e+02,2.688571706202203586e+02,2.732223066006654335e+02,2.718396260650424097e+02,2.692103318985971896e+02,1.577802679963030969e+05,3.419248190289977618e+00,1.009031030882479030e+01
3.260000000000000000e+03,1.442000000000000000e+04,2.756567431583807206e+02,2.613654931761034845e+02,2.547961892770379961e+02,2.487198768977413010e+02,2.592882445159070244e+02,2.512899623776737599e+02,2.545292584345672822e+02,2.524890505313644553e+02,2.525479947144923756e+02,2.687554402256951107e+02,2.731689590812986808e+02,2.717412528487826080e+02,2.691010172742023201e+02,1.577137653081834433e+05,3.419248190289977618e+00,1.006951855848886623e+01
3.270000000000000000e+03,1.443000000000000000e+04,2.756214325211121832e+02,2.612339548835376490e+02,2.546604874522042792e+02,2.485845026433196949e+02,2.591657678461505725e+02,2.511770645285936894e+02,2.543663096571347069e+02,2.523657227598071700e+02,2.524240394640786462e+02,2.686537735434831689e+02,2.731155110778596509e+02,2.716429082006675344e+02,2.689917303936297230e+02,1.576474692879672220e+05,3.419248190289977618e+00,1.004885176295041305e+01
3.280000000000000000e+03,1.444000000000000000e+04,2.755858767550506627e+02,2.611028902934743883e+02,2.545253899927029408e+02,2.484497434004721867e+02,2.590438123774610517e+02,2.510644845178475180e+02,2.542045047396388782e+02,2.522428272043033246e+02,2.523005097173336253e+02,2.685521731186761372e+02,2.730619636458228001e+02,2.715445944270533687e+02,2.688824745869118260e+02,1.575813786982928286e+05,3.419248190289977618e+00,1.002830870351194292e+01
3.290000000000000000e+03,1.445000000000000000e+04,2.755500779478513778e+02,2.609722970810998959e+02,2.543908924302314460e+02,2.483155942990602512e+02,2.589223742939472004e+02,2.509522220543784954e+02,2.540438285909125113e+02,2.521203622552249044e+02,2.521774039582861917e+02,2.684506414451634555e+02,2.730083178373217834e+02,2.714463137894328497e+02,2.687732531202160544e+02,1.575154923138142331e+05,3.419248190289977618e+00,1.000788817882085624e+01
3.300000000000000000e+03,1.446000000000000000e+04,2.755140381725838665e+02,2.608421729438871353e+02,2.542569903421952802e+02,2.481820505236406689e+02,2.588014498206242706e+02,2.508402768244822028e+02,2.538842663897148668e+02,2.519983262964256312e+02,2.520547206641715547e+02,2.683491809477864081e+02,2.729545746959238954e+02,2.713480685060072233e+02,2.686640691829874754e+02,1.574498089210238541e+05,3.419248190289977618e+00,9.987589004645478497e+00
3.310000000000000000e+03,1.447000000000000000e+04,2.754777594879060985e+02,2.607125155212269192e+02,2.541236793528342162e+02,2.480491073156278503e+02,2.586810352225371616e+02,2.507286484927663253e+02,2.537258035803158407e+02,2.518767177055376010e+02,2.519324583034329805e+02,2.682477939987189757e+02,2.729007352554706358e+02,2.712498607447143399e+02,2.685549259498434935e+02,1.573843273184293066e+05,3.419248190289977618e+00,9.967410013587182149e+00
3.320000000000000000e+03,1.448000000000000000e+04,2.754412439378299382e+02,2.605833225092620751e+02,2.539909551205611251e+02,2.479167599595202773e+02,2.585611268043470545e+02,2.506173366962234468e+02,2.535684258650272227e+02,2.517555348508616930e+02,2.518106153396504965e+02,2.681464829330953989e+02,2.728468005432799259e+02,2.711516926349482901e+02,2.684458264823549598e+02,1.573190463150398864e+05,3.419248190289977618e+00,9.947350054233798033e+00
3.330000000000000000e+03,1.449000000000000000e+04,2.754044935522957758e+02,2.604545915803908542e+02,2.538588133563945348e+02,2.477850038009607943e+02,2.584417209098280637e+02,2.505063410557974066e+02,2.534121191997902542e+02,2.516347760976183281e+02,2.516891902300922084e+02,2.680452500137668039e+02,2.727927715808073117e+02,2.710535662633222955e+02,2.683367738013231474e+02,1.572539647322240926e+05,3.419248190289977618e+00,9.927407991648685481e+00
3.340000000000000000e+03,1.450000000000000000e+04,2.753675103471473449e+02,2.603263204279369916e+02,2.537272498042947291e+02,2.476538342309877407e+02,2.583228139206764240e+02,2.503956611697250310e+02,2.532568697849322348e+02,2.515144398049820893e+02,2.515681814260016154e+02,2.679440974596515730e+02,2.727386493776967882e+02,2.709554836797755684e+02,2.682277708732007113e+02,1.571890814022143604e+05,3.419248190289977618e+00,9.907582706392588534e+00
3.350000000000000000e+03,1.451000000000000000e+04,2.753302963239744940e+02,2.601985066886989557e+02,2.535962602656919671e+02,2.475232466993244884e+02,2.582044022570816537e+02,2.502852966158514505e+02,2.531026640709631579e+02,2.513945243268479430e+02,2.514475873734035360e+02,2.678430274381936442e+02,2.726844349462421633e+02,2.708574468784646001e+02,2.681188205996185161e+02,1.571243951682659099e+05,3.419248190289977618e+00,9.887873094823532938e+00
3.360000000000000000e+03,1.452000000000000000e+04,2.752928534705242782e+02,2.600711480643813616e+02,2.534658405707066890e+02,2.473932367000240902e+02,2.580864823763708955e+02,2.501752469526108484e+02,2.529494887404783015e+02,2.512750280127333156e+02,2.513274065139297022e+02,2.677420420674437764e+02,2.726301292762717026e+02,2.707594578212901979e+02,2.680099258258114787e+02,1.570599048845393118e+05,3.419248190289977618e+00,9.868278068290928573e+00
3.370000000000000000e+03,1.453000000000000000e+04,2.752551837604696061e+02,2.599442422375649926e+02,2.533359865876475965e+02,2.472637997738347906e+02,2.579690507723992141e+02,2.500655117193958290e+02,2.527973307057466741e+02,2.511559492078218341e+02,2.512076372837988174e+02,2.676411434183431197e+02,2.725757333599647154e+02,2.706615184340943756e+02,2.679010893587308715e+02,1.569956094159184722e+05,3.419248190289977618e+00,9.848796552831824869e+00
3.380000000000000000e+03,1.454000000000000000e+04,2.752172891539246393e+02,2.598177868886305077e+02,2.532066942354084915e+02,2.471349315143787635e+02,2.578521039760757390e+02,2.499560904370831338e+02,2.526461771107502159e+02,2.510372862536559637e+02,2.510882781158910007e+02,2.675403335080823126e+02,2.725212481809136307e+02,2.705636306017840411e+02,2.677923139261667984e+02,1.569315076378725935e+05,3.419248190289977618e+00,9.829427489293895093e+00
3.390000000000000000e+03,1.455000000000000000e+04,2.751791715972752286e+02,2.596917797054018138e+02,2.530779594668094887e+02,2.470066275619016949e+02,2.577356385532971785e+02,2.498469826087578554e+02,2.524960153199275510e+02,2.509190374882849710e+02,2.509693274391335081e+02,2.674396143123752836e+02,2.724666747154636255e+02,2.704657961706101332e+02,2.676836022145688503e+02,1.568675984363413299e+05,3.419248190289977618e+00,9.810169832767538622e+00
3.400000000000000000e+03,1.456000000000000000e+04,2.751408330232889057e+02,2.595662183791241659e+02,2.529497782757594848e+02,2.468788836038758632e+02,2.576196511058057013e+02,2.497381877203634417e+02,2.523468329157733478e+02,2.508012012466132319e+02,2.508507836790845147e+02,2.673389877590328751e+02,2.724120139330776169e+02,2.703680169499130557e+02,2.675749568543810710e+02,1.568038807075634249e+05,3.419248190289977618e+00,9.791022552416972502e+00
3.410000000000000000e+03,1.457000000000000000e+04,2.751022753513494763e+02,2.594411006060184377e+02,2.528221466947236991e+02,2.467516953744046475e+02,2.575041382699507722e+02,2.496297052409394155e+02,2.521986176938030724e+02,2.506837758609032392e+02,2.507326452581498302e+02,2.672384557301227233e+02,2.723572667963893537e+02,2.702702947123434569e+02,2.674663804260428606e+02,1.567403533579506329e+05,3.419248190289977618e+00,9.771984631172273339e+00
3.420000000000000000e+03,1.458000000000000000e+04,2.750635004873240632e+02,2.593164240872482651e+02,2.526950607941900842e+02,2.466250586534833360e+02,2.573890967162371339e+02,2.495215346235270886e+02,2.520513576578699144e+02,2.505667596609804946e+02,2.506149105960626571e+02,2.671380200650912684e+02,2.723024342613742874e+02,2.701726311952332935e+02,2.673578754584160606e+02,1.566770153039422003e+05,3.419248190289977618e+00,9.753055065496273102e+00
3.430000000000000000e+03,1.459000000000000000e+04,2.750245103238963225e+02,2.591921865486359593e+02,2.525685166841109037e+02,2.464989692668775660e+02,2.572745231492870062e+02,2.494136753057181011e+02,2.519050410165876883e+02,2.504501509755004349e+02,2.504975781102847066e+02,2.670376825393212812e+02,2.722475172781549304e+02,2.700750281008627667e+02,2.672494444285694044e+02,1.566138654718897888e+05,3.419248190289977618e+00,9.734232865172643301e+00
3.440000000000000000e+03,1.460000000000000000e+04,2.749853067405799152e+02,2.590683856619499466e+02,2.524425105096975415e+02,2.463734230841032513e+02,2.571604143070867394e+02,2.493061267090429283e+02,2.517596561784099833e+02,2.503339481290824438e+02,2.503806462158406134e+02,2.669374449414223704e+02,2.721925167879018659e+02,2.699774870962452837e+02,2.671410897701694012e+02,1.565509027979105012e+05,3.419248190289977618e+00,9.715517052938338338e+00
3.450000000000000000e+03,1.461000000000000000e+04,2.749458916037176550e+02,2.589450191685577920e+02,2.523170384551839334e+02,2.462484160195786842e+02,2.570467669604741445e+02,2.491988882413565989e+02,2.516151917474859374e+02,2.502181494468257483e+02,2.502641133260304400e+02,2.668373089632940491e+02,2.721374337275507287e+02,2.698800098150886697e+02,2.670328138623298173e+02,1.564881262277627829e+05,3.419248190289977618e+00,9.696906664392669128e+00
3.460000000000000000e+03,1.462000000000000000e+04,2.749062667667323012e+02,2.588220847947412722e+02,2.521920967416171777e+02,2.461239440315696072e+02,2.569335779128605282e+02,2.490919592961256797e+02,2.514716365203269106e+02,2.501027532524694834e+02,2.501479778528859299e+02,2.667372762727956683e+02,2.720822690272307227e+02,2.697825978572740837e+02,2.669246190366505402e+02,1.564255347167402215e+05,3.419248190289977618e+00,9.678400747730819376e+00
3.470000000000000000e+03,1.463000000000000000e+04,2.748664340700515822e+02,2.586995802692785560e+02,2.520676816248606542e+02,2.460000031205531457e+02,2.568208439996424204e+02,2.489853392526970595e+02,2.513289794810769990e+02,2.499877578686757715e+02,2.500322382069552134e+02,2.666373485007468389e+02,2.720270236104734636e+02,2.696852527945791280e+02,2.668165075798069097e+02,1.563631272295073431e+05,3.419248190289977618e+00,9.659998363453755843e+00
3.480000000000000000e+03,1.464000000000000000e+04,2.748263953413983245e+02,2.585775033408853005e+02,2.519437893974410940e+02,2.458765893296518641e+02,2.567085620879152543e+02,2.488790274776511637e+02,2.511872097977841349e+02,2.498731616175617773e+02,2.499168927980591945e+02,2.665375272364197485e+02,2.719716983948901543e+02,2.695879761559347685e+02,2.667084817325487620e+02,1.563009027400172781e+05,3.419248190289977618e+00,9.641698584201936484e+00
3.490000000000000000e+03,1.465000000000000000e+04,2.747861523956746623e+02,2.584558517349627209e+02,2.518204163882982982e+02,2.457536987444744909e+02,2.565967290759238040e+02,2.487730233245890759e+02,2.510463168194798413e+02,2.497589628215946789e+02,2.498019400346347254e+02,2.664378140163252624e+02,2.719162942914533687e+02,2.694907694759182846e+02,2.666005436885662334e+02,1.562388602313791635e+05,3.419248190289977618e+00,9.623500494559714014e+00
3.500000000000000000e+03,1.466000000000000000e+04,2.747457070352147070e+02,2.583346232429389033e+02,2.516975589600957903e+02,2.456313274913121631e+02,2.564853418926898030e+02,2.486673261348732069e+02,2.509062900713772422e+02,2.496451598021230609e+02,2.496873783258332367e+02,2.663382103656027198e+02,2.718608122059042103e+02,2.693936341866087218e+02,2.664926956000729206e+02,1.561769986957281944e+05,3.419248190289977618e+00,9.605403190789445489e+00
3.510000000000000000e+03,1.467000000000000000e+04,2.747050610497772141e+02,2.582138156164342035e+02,2.515752135083947678e+02,2.455094717358184937e+02,2.563743974976866298e+02,2.485619352365560815e+02,2.507671192519325132e+02,2.495317508811984339e+02,2.495732060801052512e+02,2.662387177608370621e+02,2.718052530373698801e+02,2.692965717493738680e+02,2.663849395730835568e+02,1.561153171341320849e+05,3.419248190289977618e+00,9.587405780602688665e+00
3.520000000000000000e+03,1.468000000000000000e+04,2.746642162166434673e+02,2.580934266422744940e+02,2.514533764681074786e+02,2.453881276869784642e+02,2.562638928802354599e+02,2.484568499488245266e+02,2.506287942291724846e+02,2.494187343815462441e+02,2.494594217067431998e+02,2.661393376404431592e+02,2.717496176791671587e+02,2.691995835771536463e+02,2.662772776490238016e+02,1.560538145564553561e+05,3.419248190289977618e+00,9.569507383132354050e+00
3.530000000000000000e+03,1.469000000000000000e+04,2.746231743008387411e+02,2.579734540482660918e+02,2.513320443035320579e+02,2.452672915913569227e+02,2.561538250593049497e+02,2.483520695778759659e+02,2.504913050374778720e+02,2.493061086264650044e+02,2.493460236124219591e+02,2.660400714066488490e+02,2.716939070180868043e+02,2.691026710552090435e+02,2.661697118993749882e+02,1.559924899812852673e+05,3.419248190289977618e+00,9.551707128498907906e+00
3.540000000000000000e+03,1.470000000000000000e+04,2.745819370550262306e+02,2.578538956584436619e+02,2.512112135138056317e+02,2.451469597349131391e+02,2.560441910830809320e+02,2.482475934193991236e+02,2.503546418740186823e+02,2.491938719401958622e+02,2.492330102069213638e+02,2.659409204265836024e+02,2.716381219356111387e+02,2.690058355412763831e+02,2.660622442766625113e+02,1.559313424357721233e+05,3.419248190289977618e+00,9.534004157773791732e+00
3.550000000000000000e+03,1.471000000000000000e+04,2.745405062196600170e+02,2.577347492727028566e+02,2.510908806306429710e+02,2.450271284421014570e+02,2.559349880285693928e+02,2.481434207589316259e+02,2.502187950955662927e+02,2.490820226481029067e+02,2.491203799003961876e+02,2.658418860350237765e+02,2.715822633076286934e+02,2.689090783641420899e+02,2.659548767191156458e+02,1.558703709555639653e+05,3.419248190289977618e+00,9.516397622753673957e+00
3.560000000000000000e+03,1.472000000000000000e+04,2.744988835230984705e+02,2.576160126986566183e+02,2.509710422192107160e+02,2.449077940758013767e+02,2.558262130011671047e+02,2.480395508717441544e+02,2.500837552156636718e+02,2.489705590771959294e+02,2.490081311035658302e+02,2.657429695272217032e+02,2.715263320040629651e+02,2.688124008269568321e+02,2.658476111278416170e+02,1.558095745846739737e+05,3.419248190289977618e+00,9.498886685783350714e+00
3.570000000000000000e+03,1.473000000000000000e+04,2.744570706818035433e+02,2.574976837458001455e+02,2.508516948627162719e+02,2.447889530283727311e+02,2.557178631342665938e+02,2.479359830236184621e+02,2.499495128939271069e+02,2.488594795526679491e+02,2.488962622282800226e+02,2.656441722366520821e+02,2.714703288885018537e+02,2.687158042017170487e+02,2.657404493619503114e+02,1.557489523753774120e+05,3.419248190289977618e+00,9.481470519151557141e+00
3.580000000000000000e+03,1.474000000000000000e+04,2.744150694001014585e+02,2.573797602708481236e+02,2.507328352207694593e+02,2.446706017534267232e+02,2.556099355890735865e+02,2.478327164710677266e+02,2.498160589616068989e+02,2.487487824102508966e+02,2.487847716879087159e+02,2.655454952567657188e+02,2.714142548214651924e+02,2.686192897374418180e+02,2.656333932399729747e+02,1.556885033881886047e+05,3.419248190289977618e+00,9.464148306481874329e+00
3.590000000000000000e+03,1.475000000000000000e+04,2.743728813705867537e+02,2.572622400937129328e+02,2.506144599349729560e+02,2.445527367178349039e+02,2.555024275540684471e+02,2.477297504615564208e+02,2.496833843769048826e+02,2.486384659808664992e+02,2.486736578972746088e+02,2.654469398655061809e+02,2.713581106549881952e+02,2.685228586561907491e+02,2.655264445454988049e+02,1.556282266916102963e+05,3.419248190289977618e+00,9.446919240479623170e+00
3.600000000000000000e+03,1.476000000000000000e+04,2.743305082741834440e+02,2.571451210638632574e+02,2.504965656983102633e+02,2.444353544311515520e+02,2.553953362448992834e+02,2.476270842339615115e+02,2.495514802484105701e+02,2.485285285984315351e+02,2.485629192727842849e+02,2.653485072326901673e+02,2.713018972363588546e+02,2.684265121543003261e+02,2.654196050235649409e+02,1.555681213621567003e+05,3.419248190289977618e+00,9.429782523831683250e+00
3.610000000000000000e+03,1.477000000000000000e+04,2.742879517798543247e+02,2.570284010391682727e+02,2.503791492369397247e+02,2.443184514393049369e+02,2.552886589056486457e+02,2.475247170188463599e+02,2.494203378285801023e+02,2.484189685996060462e+02,2.484525542334669126e+02,2.652501984982933436e+02,2.712456154068362366e+02,2.683302514032448016e+02,2.653128763701495814e+02,1.555081864842066425e+05,3.419248190289977618e+00,9.412737369060923953e+00
3.620000000000000000e+03,1.478000000000000000e+04,2.742452135451521826e+02,2.569120778992222540e+02,2.502622072957301498e+02,2.442020243235538146e+02,2.551823928004128277e+02,2.474226480387703191e+02,2.492899485034525355e+02,2.483097843237932238e+02,2.483425611986205297e+02,2.651520147714020368e+02,2.711892659978190636e+02,2.682340775499727101e+02,2.652062602856029798e+02,1.554484211499155499e+05,3.419248190289977618e+00,9.395782997956603211e+00
3.630000000000000000e+03,1.479000000000000000e+04,2.742022952159539955e+02,2.567961494815556307e+02,2.501457366633625838e+02,2.440860696999461084e+02,2.550765352258440544e+02,2.473208765086320113e+02,2.491603038011014917e+02,2.482009741125224309e+02,2.482329385908577422e+02,2.650539571287107492e+02,2.711328498790603589e+02,2.681379917161291928e+02,2.650997583882088975e+02,1.553888244591464172e+05,3.419248190289977618e+00,9.378918641919058885e+00
3.640000000000000000e+03,1.480000000000000000e+04,2.741591984274413107e+02,2.566806137218910635e+02,2.500297341522659167e+02,2.439705842188436975e+02,2.549710835021940909e+02,2.472194016359130160e+02,2.490313953813705155e+02,2.480925363110718820e+02,2.481236848352587288e+02,2.649560266224973475e+02,2.710763678371331480e+02,2.680419950014808137e+02,2.649933722796674829e+02,1.553293955193309521e+05,3.419248190289977618e+00,9.362143541550143055e+00
3.650000000000000000e+03,1.481000000000000000e+04,2.741159248024412705e+02,2.565654685210915318e+02,2.499141966046046264e+02,2.438555645645183176e+02,2.548660349748204794e+02,2.471182226209893713e+02,2.489032150350929555e+02,2.479844692677898763e+02,2.480147983594374637e+02,2.648582242756207279e+02,2.710198206928212699e+02,2.679460884819374655e+02,2.648871035271730534e+02,1.552701334454156167e+05,3.419248190289977618e+00,9.345456946507777474e+00
3.660000000000000000e+03,1.482000000000000000e+04,2.740724759529412609e+02,2.564507117836874386e+02,2.497991208919258099e+02,2.437410074546160104e+02,2.547613870141784673e+02,2.470173386573729886e+02,2.487757546816541492e+02,2.478767713339951513e+02,2.479062775935645959e+02,2.647605510822132828e+02,2.709632092681816289e+02,2.678502732100700428e+02,2.647809536636219150e+02,1.552110373597697471e+05,3.419248190289977618e+00,9.328858115365163073e+00
3.670000000000000000e+03,1.483000000000000000e+04,2.740288534795525948e+02,2.563363414322072344e+02,2.496845039144609473e+02,2.436269096398935403e+02,2.546571370153425278e+02,2.469167489321838218e+02,2.486490063665962680e+02,2.477694408642312851e+02,2.477981209706200048e+02,2.646630080093823949e+02,2.709065343745622840e+02,2.677545502160726301e+02,2.646749241886111577e+02,1.551521063920777524e+05,3.419248190289977618e+00,9.312346315473098102e+00
3.680000000000000000e+03,1.484000000000000000e+04,2.739850589718710125e+02,2.562223554009311215e+02,2.495703426009756072e+02,2.435132679036968568e+02,2.545532823977902126e+02,2.468164526261512890e+02,2.485229622591337773e+02,2.476624762166317737e+02,2.476903269265169740e+02,2.645655959972065148e+02,2.708497968174622201e+02,2.676589205081919545e+02,2.645690165688616844e+02,1.550933396792656276e+05,3.419248190289977618e+00,9.295920822821997831e+00
3.690000000000000000e+03,1.485000000000000000e+04,2.739410940084705430e+02,2.561087516358941230e+02,2.494566339083424396e+02,2.434000790614925904e+02,2.544498206050884619e+02,2.467164489139730961e+02,2.483976146498553703e+02,2.475558757528971228e+02,2.475828939003018831e+02,2.644683159594114841e+02,2.707929973972483140e+02,2.675633850730513927e+02,2.644632322389223873e+02,1.550347363654216169e+05,3.419248190289977618e+00,9.279580921905239421e+00
3.700000000000000000e+03,1.486000000000000000e+04,2.738969601569851875e+02,2.559955280937548139e+02,2.493433748212857779e+02,2.432873399605509803e+02,2.543467491045851148e+02,2.466167369646658187e+02,2.482729559484520507e+02,2.474496378385510411e+02,2.474758203341684748e+02,2.643711687845802771e+02,2.707361369090126004e+02,2.674679448756326678e+02,2.643575726014556722e+02,1.549762956016960379e+05,3.419248190289977618e+00,9.263325905586224707e+00
3.710000000000000000e+03,1.487000000000000000e+04,2.738526589739529982e+02,2.558826827383786622e+02,2.492305623515019306e+02,2.431750474792053183e+02,2.542440653871361746e+02,2.465173159414544557e+02,2.481489786814141212e+02,2.473437608429491377e+02,2.473691046735319787e+02,2.642741553354714483e+02,2.706792161425997278e+02,2.673726008645344336e+02,2.642520390303758973e+02,1.549180165462330042e+05,3.419248190289977618e+00,9.247155074947704279e+00
3.720000000000000000e+03,1.488000000000000000e+04,2.738081920053690510e+02,2.557702135569741415e+02,2.491181935396249401e+02,2.430631985276610578e+02,2.541417669668021517e+02,2.464181850030044529e+02,2.480256754898720999e+02,2.472382431395186302e+02,2.472627453676529683e+02,2.641772764502404698e+02,2.706222358832060308e+02,2.672773539572193044e+02,2.641466328623487243e+02,1.548598983640858205e+05,3.419248190289977618e+00,9.231067739223760782e+00
3.730000000000000000e+03,1.489000000000000000e+04,2.737635607862557094e+02,2.556581185669701313e+02,2.490062654514458416e+02,2.429517900459789530e+02,2.540398513804757386e+02,2.463193433023419630e+02,2.479030391274065153e+02,2.471330831059254649e+02,2.471567408703720048e+02,2.640805329424913452e+02,2.705651969112194024e+02,2.671822050611457371e+02,2.640413553836003757e+02,1.548019402271223662e+05,3.419248190289977618e+00,9.215063215629747617e+00
3.740000000000000000e+03,1.490000000000000000e+04,2.737187668412010453e+02,2.555463957034446594e+02,2.488947751799585717e+02,2.428408190044807782e+02,2.539383161878402575e+02,2.462207899878293915e+02,2.477810624580872911e+02,2.470282791240155689e+02,2.470510896356423416e+02,2.639839256010883446e+02,2.705081000010519006e+02,2.670871550575535593e+02,2.639362079356902200e+02,1.547441413139836513e+05,3.419248190289977618e+00,9.199140829172357314e+00
3.750000000000000000e+03,1.491000000000000000e+04,2.736738116840164707e+02,2.554350430174657731e+02,2.487837198445120634e+02,2.427302824034111666e+02,2.538371589708679039e+02,2.461225242032903680e+02,2.476597384542263853e+02,2.469238295797927663e+02,2.469457901243285392e+02,2.638874551949826355e+02,2.704509459227186312e+02,2.669922048120348563e+02,2.638311917377980080e+02,1.546865008099707484e+05,3.419248190289977618e+00,9.183299912634995010e+00
3.760000000000000000e+03,1.492000000000000000e+04,2.736286968179510950e+02,2.553240585397613813e+02,2.486730965904200445e+02,2.426201772724382977e+02,2.537363773335986821e+02,2.460245450881105853e+02,2.475390601944743878e+02,2.468197328639969896e+02,2.468408408009103709e+02,2.637911224648219104e+02,2.703937354417315646e+02,2.668973551669444646e+02,2.637263080142238891e+02,1.546290179069635051e+05,3.419248190289977618e+00,9.167539806441880046e+00
3.770000000000000000e+03,1.493000000000000000e+04,2.735834237361345913e+02,2.552134402948532852e+02,2.485629025891221886e+02,2.425105006703497565e+02,2.536359689021217605e+02,2.459268517778440923e+02,2.474190208618833253e+02,2.467159873717842515e+02,2.467362401333346895e+02,2.636949281335494106e+02,2.703364693181821394e+02,2.668026069557745927e+02,2.636215579605965331e+02,1.545716918034070695e+05,3.419248190289977618e+00,9.151859858502970013e+00
3.780000000000000000e+03,1.494000000000000000e+04,2.735379939208631299e+02,2.551031863351202560e+02,2.484531350360413455e+02,2.424012496845493274e+02,2.535359313233595344e+02,2.458294434032946754e+02,2.472996137419083880e+02,2.466125915029722080e+02,2.466319865937643101e+02,2.635988729017007017e+02,2.702791483076917984e+02,2.667079609858631102e+02,2.635169427450831563e+02,1.545145217041436699e+05,3.419248190289977618e+00,9.136259424090145131e+00
3.790000000000000000e+03,1.495000000000000000e+04,2.734924088444578274e+02,2.549932947272704666e+02,2.483437911537574223e+02,2.422924214309634010e+02,2.534362622663618936e+02,2.457323190924231540e+02,2.471808322205210970e+02,2.465095436623741421e+02,2.465280786585703652e+02,2.635029574422684391e+02,2.702217731612291232e+02,2.666134180425787008e+02,2.634124635089046933e+02,1.544575068204221898e+05,3.419248190289977618e+00,9.120737865790275123e+00
3.800000000000000000e+03,1.496000000000000000e+04,2.734466699689099869e+02,2.548837635375624018e+02,2.482348681888321664e+02,2.421840130534177717e+02,2.533369594209143827e+02,2.456354779693010926e+02,2.470626697825324527e+02,2.464068422594432946e+02,2.464245148084671655e+02,2.634071824138764555e+02,2.701643446247585416e+02,2.665189788996806328e+02,2.633081213662238724e+02,1.544006463697821309e+05,3.419248190289977618e+00,9.105294553345022024e+00
3.810000000000000000e+03,1.497000000000000000e+04,2.734007787459813130e+02,2.547745908489246460e+02,2.481263634124275086e+02,2.420760217235020946e+02,2.532380204976260814e+02,2.455389191546830716e+02,2.469451200095754189e+02,2.463044857086399588e+02,2.463212935284389857e+02,2.633115484518739891e+02,2.701068634395135177e+02,2.664246443120435401e+02,2.632039174049937174e+02,1.543439395759989857e+05,3.419248190289977618e+00,9.089928863547573457e+00
3.820000000000000000e+03,1.498000000000000000e+04,2.733547366174169042e+02,2.546657747557518121e+02,2.480182741200341070e+02,2.419684446399161288e+02,2.531394432276803741e+02,2.454426417660778839e+02,2.468281765783945900e+02,2.462024724294997213e+02,2.462184133080071149e+02,2.632160561711302762e+02,2.700493303420668099e+02,2.663304150175093241e+02,2.630998526874072923e+02,1.542873856690042303e+05,3.419248190289977618e+00,9.074640180152524493e+00
3.830000000000000000e+03,1.499000000000000000e+04,2.733085450149998792e+02,2.545573133640925789e+02,2.479105976313403232e+02,2.418612790285870915e+02,2.530412253624733694e+02,2.453466449180971267e+02,2.467118332592241643e+02,2.461008008466066315e+02,2.461158726411848363e+02,2.631207061666116260e+02,2.699917460643413278e+02,2.662362917364668533e+02,2.629959282501599773e+02,1.542309838848339859e+05,3.419248190289977618e+00,9.059427893759529837e+00
3.840000000000000000e+03,1.500000000000000000e+04,2.732622053603865879e+02,2.544492047917339903e+02,2.478033312899161729e+02,2.417545221419437098e+02,2.529433646735395200e+02,2.452509277224804691e+02,2.465960839140989549e+02,2.459994693898167952e+02,2.460136700266115213e+02,2.630254990133740876e+02,2.699341113336037097e+02,2.661422751729623428e+02,2.628921451050890710e+02,1.541747334655456070e+05,3.419248190289977618e+00,9.044291401720119694e+00
3.850000000000000000e+03,1.501000000000000000e+04,2.732157190654880878e+02,2.543414471679682265e+02,2.476964724627371197e+02,2.416481712587877837e+02,2.528458589521993360e+02,2.451554892883486332e+02,2.464809224949591169e+02,2.458984764941542096e+02,2.459118039676151568e+02,2.629304352672950245e+02,2.698764268724986550e+02,2.660483660148985905e+02,2.627885042394821085e+02,1.541186336591496074e+05,3.419248190289977618e+00,9.029230108031811142e+00
3.860000000000000000e+03,1.502000000000000000e+04,2.731690875322469196e+02,2.542340386335426672e+02,2.475900185402319096e+02,2.415422236839407901e+02,2.527487060094667015e+02,2.450603287224313931e+02,2.463663430423889054e+02,2.457978206000653358e+02,2.458102729722862136e+02,2.628355154653110048e+02,2.698186933989452427e+02,2.659545649339830220e+02,2.626850066164250848e+02,1.540626837195547705e+05,3.419248190289977618e+00,9.014243423252095155e+00
3.870000000000000000e+03,1.503000000000000000e+04,2.731223121530701405e+02,2.541269773411010249e+02,2.474839669357981506e+02,2.414366767478897486e+02,2.526519036756343723e+02,2.449654451290494137e+02,2.462523396837131884e+02,2.456975001533760121e+02,2.457090755535757580e+02,2.627407401259035851e+02,2.697609116262833595e+02,2.658608725862295046e+02,2.625816531753538356e+02,1.540068829065099708e+05,3.419248190289977618e+00,8.999330764389632975e+00
3.880000000000000000e+03,1.504000000000000000e+04,2.730755937016990629e+02,2.540236470438661343e+02,2.475800694726359268e+02,2.413802578195434307e+02,2.531956151644903343e+02,2.465199837574963055e+02,2.461497541728939780e+02,2.456658006803480703e+02,2.456764977137628705e+02,2.626487136867826280e+02,2.697056569053479507e+02,2.657701513211004567e+02,2.624810486044161166e+02,1.540854780086571118e+05,1.692568239730539403e+01,9.066173621033453145e+00
3.890000000000000000e+03,1.505000000000000000e+04,2.730289852246688156e+02,2.539264692729414321e+02,2.477409649983040651e+02,2.413338831171815571e+02,2.536802882864350295e+02,2.479587505895489983e+02,2.460539394988155664e+02,2.456468732043336445e+02,2.456566906655309879e+02,2.625590077872806205e+02,2.696523557357928667e+02,2.656819153867043042e+02,2.623827657102441435e+02,1.541629101734382566e+05,1.685435885119506239e+01,9.111143178127441900e+00
3.900000000000000000e+03,1.506000000000000000e+04,2.729825069764334557e+02,2.538365558916875102e+02,2.479191241869468740e+02,2.412957507335489709e+02,2.541305102294039955e+02,2.493400207097194539e+02,2.459625065134140129e+02,2.456372989273241387e+02,2.456462356558946567e+02,2.624713707255625650e+02,2.696006649567718796e+02,2.655958581386678361e+02,2.622865542112041908e+02,1.542391910871871805e+05,1.678133186054686377e+01,9.153241213107374818e+00
3.910000000000000000e+03,1.507000000000000000e+04,2.729361719258631069e+02,2.537542684822979027e+02,2.481016917232946071e+02,2.412645314191436228e+02,2.545538262562218392e+02,2.506822690382808787e+02,2.458744617241696915e+02,2.456349525509104978e+02,2.456430073853024965e+02,2.623856945865607031e+02,2.695504285815510457e+02,2.655118456871453532e+02,2.621923076852975782e+02,1.543143110079968465e+05,1.670661068449021869e+01,9.194619323269732192e+00
3.920000000000000000e+03,1.508000000000000000e+04,2.728899908664217264e+02,2.536796079729710414e+02,2.482850397654456458e+02,2.412393138338365191e+02,2.549529203157733832e+02,2.519923127015200919e+02,2.457893663495840428e+02,2.456385158329857745e+02,2.456456876196568544e+02,2.623019226490981737e+02,2.695015611423209521e+02,2.654298095372475359e+02,2.620999709356066774e+02,1.543882566075763025e+05,1.663020479696116993e+01,9.235645562127453800e+00
3.930000000000000000e+03,1.509000000000000000e+04,2.728439737166619921e+02,2.536124079846750305e+02,2.484679510872206549e+02,2.412194460668510487e+02,2.553290663770436026e+02,2.532734075692896454e+02,2.457070016528418819e+02,2.456470897318326649e+02,2.456533773526351183e+02,2.622200190708258560e+02,2.694540062451777658e+02,2.653497079794650517e+02,2.620095096616029764e+02,1.544610139475947944e+05,1.655212388550119229e+01,9.276390613162417864e+00
3.940000000000000000e+03,1.510000000000000000e+04,2.727981299138816667e+02,2.535524240793083948e+02,2.486498834744122064e+02,2.412044350988216763e+02,2.556830821530881792e+02,2.545275286785354751e+02,2.456272388500708530e+02,2.456600018360840068e+02,2.456654042366130284e+02,2.621399583071328721e+02,2.694077219187073524e+02,2.652715123927565060e+02,2.619208998726659274e+02,1.545325691496086656e+05,1.647237785002891641e+01,9.316858386725453300e+00
3.950000000000000000e+03,1.511000000000000000e+04,2.727524685361170214e+02,2.534993756083316043e+02,2.488305100178538680e+02,2.411938897525311916e+02,2.560156105050127735e+02,2.557560760822272528e+02,2.455499860551038864e+02,2.456767162184520714e+02,2.456812324319810728e+02,2.620617202225446363e+02,2.693626741945311664e+02,2.651952011157837887e+02,2.618341229969969959e+02,1.546029085747223580e+05,1.639097680158486270e+01,9.357035036740821710e+00
3.960000000000000000e+03,1.512000000000000000e+04,2.727069983339872010e+02,2.534529663702347762e+02,2.490095882729320067e+02,2.411874873287947594e+02,2.563272108416052220e+02,2.569601301249222729e+02,2.454751656412315697e+02,2.456967887513270625e+02,2.457004179152462200e+02,2.619852873342244948e+02,2.693188336391370967e+02,2.651207561033863840e+02,2.617491631223323907e+02,1.546720188764714694e+05,1.630793106104951917e+01,9.396901642061482818e+00
3.970000000000000000e+03,1.513000000000000000e+04,2.726617277317293428e+02,2.534128955045127043e+02,2.491869189777930842e+02,2.411849530200020126e+02,2.566183926826753918e+02,2.581405636139929243e+02,2.454027043638202770e+02,2.457198423163725352e+02,2.457225836840175646e+02,2.619106431403797615e+02,2.692761732809211708e+02,2.650481608674564313e+02,2.616660053222834676e+02,1.547398870165298285e+05,1.622325115783471361e+01,9.436437917200162673e+00
3.980000000000000000e+03,1.514000000000000000e+04,2.726166648189051216e+02,2.533788635518774015e+02,2.493623308796447020e+02,2.411860466406765227e+02,2.568896300809444710e+02,2.592981014694612441e+02,2.453325291461255233e+02,2.457455512852699826e+02,2.457474042338849927e+02,2.618377710988730769e+02,2.692346673279470224e+02,2.649773991974678893e+02,2.615846346332629651e+02,1.548065002686541120e+05,1.613694782854859611e+01,9.475623391378107385e+00
3.990000000000000000e+03,1.515000000000000000e+04,2.725718173395272288e+02,2.533505759585128203e+02,2.495356738245062616e+02,2.411905537980788381e+02,2.571413690639248557e+02,2.604333574679206436e+02,2.452645654819342838e+02,2.457736308328356074e+02,2.457745948686332156e+02,2.617666540207323465e+02,2.691942903828812632e+02,2.649084543707243142e+02,2.615050354457058575e+02,1.548718462186044198e+05,1.604903201563432802e+01,9.514437806714717283e+00
4.000000000000000000e+03,1.516000000000000000e+04,2.725271926817137569e+02,2.533277451029747454e+02,2.497068147800855797e+02,2.411982798755268504e+02,2.573740322087077175e+02,2.615468591268505065e+02,2.451987370635887373e+02,2.458038291048370922e+02,2.458039038671725223e+02,2.616972737309064314e+02,2.691550169859164043e+02,2.648413086912956373e+02,2.614271911628178486e+02,1.549359127626398113e+05,1.595951486598270996e+01,9.552861259505185387e+00
4.010000000000000000e+03,1.517000000000000000e+04,2.724827978698348261e+02,2.533100914428609656e+02,2.498756350952037906e+02,2.412090458443023238e+02,2.575880218223403517e+02,2.626390655642396723e+02,2.451349659678721764e+02,2.458359212670520719e+02,2.458351065266532203e+02,2.616296108971548620e+02,2.691168213673033165e+02,2.647759432428994160e+02,2.613510840275715168e+02,1.549986881054901751e+05,1.586840772951882705e+01,9.590874252168312353e+00
4.020000000000000000e+03,1.518000000000000000e+04,2.724386395563982433e+02,2.532973441155162959e+02,2.500420283721417718e+02,2.412226852890967734e+02,2.577837224107436214e+02,2.637103807720768032e+02,2.450731730684391323e+02,2.458697048649151782e+02,2.458680005293949193e+02,2.615636449691314738e+02,2.690796773332396015e+02,2.647123377788262246e+02,2.612766950615855421e+02,1.550601607581235003e+05,1.577572215776302400e+01,9.628457713412943875e+00
4.030000000000000000e+03,1.519000000000000000e+04,2.723947240174646822e+02,2.532892411835340738e+02,2.502058987560145056e+02,2.412390422443805278e+02,2.579615025949270830e+02,2.647611637791479779e+02,2.450132785116383332e+02,2.459049961721147213e+02,2.459024022849790754e+02,2.614993541823899932e+02,2.690435582366656604e+02,2.646504706968700020e+02,2.612040040571424129e+02,1.551203195354046766e+05,1.568146990236623495e+01,9.665593005983298625e+00
4.040000000000000000e+03,1.520000000000000000e+04,2.723510571487361744e+02,2.532855296615916245e+02,2.503671595154328884e+02,2.412579695956161174e+02,2.581217167190475266e+02,2.657917365004790327e+02,2.449552021767510439e+02,2.459416272703949460e+02,2.459381440114003965e+02,2.614367155991920981e+02,2.690084369956214232e+02,2.645903190686430548e+02,2.611329896340715777e+02,1.551791535536918964e+05,1.558566291362003042e+01,9.702261929154897047e+00
4.050000000000000000e+03,1.521000000000000000e+04,2.723076444630760307e+02,2.532859654051391658e+02,2.505257318374665374e+02,2.412793278591564388e+02,2.582647061746465624e+02,2.668023899955430238e+02,2.448988640854292669e+02,2.459794437010297372e+02,2.459750713845374150e+02,2.613757051784822352e+02,2.689742861356573371e+02,2.645318586989171763e+02,2.610636292921303721e+02,1.552366522284430102e+05,1.548831333894142404e+01,9.738446720091562980e+00
4.060000000000000000e+03,1.522000000000000000e+04,2.722644910897664658e+02,2.532903128965110398e+02,2.506815438165665455e+02,2.413029842402962686e+02,2.583908005387772278e+02,2.677933894466454490e+02,2.448441847492289583e+02,2.460183025542967812e+02,2.460130416308517738e+02,2.613162978477094498e+02,2.689410778613047341e+02,2.644750642007567194e+02,2.609958994869876960e+02,1.552928052718102117e+05,1.538943352133265918e+01,9.774130054238925780e+00
4.070000000000000000e+03,1.523000000000000000e+04,2.722216017742342729e+02,2.532983449965553007e+02,2.508345296051641355e+02,2.413288118831875124e+02,2.585003185082776440e+02,2.687649782122299484e+02,2.447910854550061686e+02,2.460580709142514877e+02,2.460519219710768368e+02,2.612584675850009717e+02,2.689087841118414417e+02,2.644199090777570973e+02,2.609297757120693859e+02,1.553476026901609439e+05,1.528903599781629019e+01,9.809295045308310534e+00
4.080000000000000000e+03,1.524000000000000000e+04,2.721789808793348584e+02,2.533098426653155286e+02,2.509846286708141179e+02,2.413566892664387638e+02,2.585935687479818057e+02,2.697173811354454074e+02,2.447394884921332334e+02,2.460986245734896158e+02,2.460915883319323143e+02,2.612021874981597875e+02,2.688773766305848767e+02,2.643663658083816586e+02,2.608652325836463319e+02,1.554010347816292779e+05,1.518713349784555788e+01,9.843925245757795039e+00
4.090000000000000000e+03,1.525000000000000000e+04,2.721366323874959789e+02,2.533245946551859049e+02,2.511317851963269732e+02,2.413864997046779592e+02,2.586708506003689081e+02,2.706508072930278104e+02,2.446893173298918214e+02,2.461398469703936200e+02,2.461319242865502019e+02,2.611474299020400736e+02,2.688468270263300610e+02,2.643144059264271277e+02,2.608022438693643039e+02,1.554530921336621977e+05,1.508373894169045748e+01,9.878004647581340336e+00
4.100000000000000000e+03,1.526000000000000000e+04,2.720945599028611923e+02,2.533423972202003256e+02,2.512759475256198130e+02,2.414181309312411940e+02,2.587324546946061332e+02,2.715654522706360012e+02,2.446404967522151424e+02,2.461816283028596217e+02,2.461728201651750396e+02,2.610941663915738218e+02,2.688171068323983377e+02,2.642640001003499606e+02,2.607407826392908987e+02,1.555037656204565428e+05,1.497886543879952015e+01,9.911517682487620107e+00
4.110000000000000000e+03,1.527000000000000000e+04,2.720527666555926771e+02,2.533630538162807682e+02,2.514170677221861183e+02,2.414514747429992951e+02,2.587786635114774185e+02,2.724615000907835451e+02,2.445929529563866254e+02,2.462238647806646554e+02,2.462141723119925132e+02,2.610423679100989602e+02,2.687881875582172029e+02,2.642151182063614669e+02,2.606808212752331428e+02,1.555530464004514506e+05,1.487252628613770256e+01,9.944449223383891479e+00
4.120000000000000000e+03,1.528000000000000000e+04,2.720112555035340165e+02,2.533863748188360319e+02,2.515551011885828245e+02,2.414864266950898752e+02,2.588097518332477875e+02,2.733391248366947366e+02,2.445466136237805017e+02,2.462664580059414163e+02,2.462558824564341364e+02,2.609920048136790456e+02,2.687600407342241624e+02,2.641677293983913728e+02,2.606223315486142837e+02,1.556009259137639310e+05,1.476473496650045902e+01,9.976784585221903257e+00
4.130000000000000000e+03,1.529000000000000000e+04,2.719700289398778068e+02,2.534121772322137929e+02,2.516900063100284513e+02,2.415228858348723691e+02,2.588259872148377099e+02,2.741984920353137340e+02,2.445014079656551758e+02,2.463093144279066564e+02,2.462978571790007436e+02,2.609430469291784220e+02,2.687326379583856237e+02,2.641218021702078431e+02,2.605652846776584965e+02,1.556473958795983926e+05,1.465550514680422012e+01,1.000850952709080666e+01
4.140000000000000000e+03,1.530000000000000000e+04,2.719290890962215599e+02,2.534402844328502340e+02,2.518217441781180810e+02,2.415607544682285095e+02,2.588276303410368655e+02,2.750397598402138328e+02,2.444572667506998869e+02,2.463523448926073343e+02,2.463400074548181351e+02,2.608954636076823022e+02,2.687059509280400107e+02,2.640773044160672498e+02,2.605096513817954929e+02,1.556924482936012791e+05,1.454485067635356366e+01,1.003961025358299253e+01
4.150000000000000000e+03,1.531000000000000000e+04,2.718884377480691796e+02,2.534705259060125400e+02,2.519502783386473652e+02,2.415999379524387223e+02,2.588149353735815907e+02,2.758630800483857684e+02,2.444141223175411426e+02,2.463954642511667430e+02,2.463822482611798534e+02,2.608492237785648058e+02,2.686799514742136239e+02,2.640342034855086695e+02,2.604554019296173806e+02,1.557360754252033075e+05,1.443278558508528242e+01,1.007007341662288091e+01
4.160000000000000000e+03,1.532000000000000000e+04,2.718480763206287634e+02,2.535027370051887203e+02,2.520755745686643650e+02,2.416403445112663348e+02,2.587881502746451474e+02,2.766685989771514187e+02,2.443719085750109912e+02,2.464385910176218317e+02,2.464244982385107221e+02,2.608042959920180692e+02,2.686546115893695514e+02,2.639924662348447555e+02,2.604025061843918252e+02,1.557782698148898780e+05,1.431932408178950311e+01,1.009988611758424071e+01
4.170000000000000000e+03,1.533000000000000000e+04,2.718080058948602300e+02,2.535367587145386210e+02,2.521976006911691570e+02,2.416818850691308285e+02,2.587475170821799111e+02,2.774564582231680561e+02,2.443305609935041502e+02,2.464816470768724628e+02,2.464666793956387210e+02,2.607606484649067511e+02,2.686299034525648040e+02,2.639520590748081759e+02,2.603509336477236502e+02,1.558190242715030327e+05,1.420448055230812301e+01,1.012903590914319985e+01
4.180000000000000000e+03,1.534000000000000000e+04,2.717682272136599977e+02,2.535724374316795888e+02,2.523163264071245635e+02,2.417244731012845307e+02,2.586932721759939682e+02,2.782267953205976596e+02,2.442900165889204800e+02,2.465245574262332582e+02,2.465087168519547447e+02,2.607182491188939366e+02,2.686057994501443318e+02,2.639129480153049485e+02,2.603006534960572935e+02,1.558583318694166956e+05,1.408826955771086453e+01,1.015751079730596018e+01
4.190000000000000000e+03,1.535000000000000000e+04,2.717287406887498378e+02,2.536096247483893080e+02,2.524317231516158699e+02,2.417680244982695967e+02,2.586256465152509350e+02,2.789797443133994079e+02,2.442502139012385101e+02,2.465672499497958654e+02,2.465505386117256705e+02,2.606770656183666688e+02,2.685822721985582007e+02,2.638750987074273553e+02,2.602516346180891560e+02,1.558961859457509127e+05,1.397070583244905428e+01,1.018529924326409564e+01
4.200000000000000000e+03,1.536000000000000000e+04,2.716895499777870100e+02,2.536483296030876033e+02,2.525473574037004028e+02,2.418277749782160413e+02,2.585641433422076148e+02,2.797174007150906618e+02,2.442130642992214575e+02,2.466120460460130630e+02,2.465944661963621627e+02,2.606371162885268404e+02,2.685593407999857050e+02,2.638385278842163757e+02,2.602038965249824969e+02,1.559349820803960902e+05,1.409353710615981470e+01,1.021392470345048054e+01
4.210000000000000000e+03,1.537000000000000000e+04,2.716506602971307416e+02,2.536885967088927600e+02,2.526653586791109944e+02,2.419066245539181637e+02,2.585126847832121939e+02,2.804407105224027532e+02,2.441793354026501106e+02,2.466596289096440842e+02,2.466411829234364177e+02,2.605984256811786963e+02,2.685370282857717257e+02,2.638032586227622005e+02,2.601574649337043752e+02,1.559753640453105909e+05,1.428157472870291755e+01,1.024337930580628786e+01
4.220000000000000000e+03,1.538000000000000000e+04,2.716120771008855854e+02,2.537304690579008764e+02,2.527863489843413731e+02,2.420035438925220888e+02,2.584702347137172183e+02,2.811500494775846732e+02,2.441492285509424391e+02,2.467100580053134706e+02,2.466907483777414427e+02,2.605610109873458669e+02,2.685153493446574657e+02,2.637693061766509572e+02,2.601123581893468213e+02,1.560173116330296616e+05,1.446823511132016193e+01,1.027347740878920135e+01
4.230000000000000000e+03,1.539000000000000000e+04,2.715738057947224888e+02,2.537739914132749846e+02,2.529104928262089231e+02,2.421178834191660485e+02,2.584362334197621180e+02,2.818457091193397446e+02,2.441228646800643958e+02,2.467633831527973598e+02,2.467432124976775469e+02,2.605248855217384403e+02,2.684943141950313930e+02,2.637366813535084589e+02,2.600685907511132200e+02,1.560608048509838409e+05,1.465349458724637977e+01,1.030417386002681113e+01
4.240000000000000000e+03,1.540000000000000000e+04,2.715358516692537592e+02,2.538192093378953871e+02,2.530378289506985539e+02,2.422491308033490327e+02,2.584102901195518598e+02,2.825279342434130285e+02,2.441003214418712446e+02,2.468196392108179111e+02,2.467986102591790711e+02,2.604900605633081341e+02,2.684739306932423233e+02,2.637053924804578173e+02,2.600261750333008877e+02,1.561058237302179332e+05,1.483732966733804304e+01,1.033544281102613915e+01
4.250000000000000000e+03,1.541000000000000000e+04,2.714982198821121528e+02,2.538661676139408883e+02,2.531683577621342067e+02,2.423968363488510818e+02,2.583920885975968531e+02,2.831969408424541257e+02,2.440816508244942611e+02,2.468788488775562939e+02,2.468569644734366193e+02,2.604565461067787169e+02,2.684542052541152088e+02,2.636754462810837367e+02,2.599851221565639889e+02,1.561523482814694289e+05,1.501971704305155342e+01,1.036726298257226375e+01
4.260000000000000000e+03,1.542000000000000000e+04,2.714609154540340796e+02,2.539149091807766183e+02,2.533020649848699009e+02,2.425605871719212701e+02,2.583813548062696555e+02,2.838529252062759269e+02,2.440668879664031294e+02,2.469410255011195829e+02,2.469182886003419526e+02,2.604243512285680140e+02,2.684351433065890546e+02,2.636468483230952415e+02,2.599454423138552102e+02,1.562003584795010393e+05,1.520063358939843212e+01,1.039961484757726140e+01
4.270000000000000000e+03,1.543000000000000000e+04,2.714239432713514475e+02,2.539654745025036675e+02,2.534389287740665395e+02,2.427399961986603216e+02,2.583778433245340125e+02,2.844960690402255068e+02,2.440560560190358501e+02,2.470061750787385790e+02,2.469825887480775179e+02,2.603934842968910743e+02,2.684167495689287080e+02,2.636196032804564311e+02,2.599071449793094644e+02,1.562498342547336360e+05,1.538005636787742425e+01,1.043247990326321784e+01
4.280000000000000000e+03,1.544000000000000000e+04,2.713873080872058381e+02,2.540179012626880706e+02,2.535789222686568110e+02,2.429346962900737594e+02,2.583813303189203907e+02,2.851265426581882707e+02,2.440491691124985891e+02,2.470742976725887274e+02,2.470498650874331759e+02,2.603639531022564597e+02,2.683990281951413408e+02,2.635937150982449566e+02,2.598702390425946760e+02,1.563007554872271721e+05,1.555796262938289765e+01,1.046584043363862193e+01
4.290000000000000000e+03,1.545000000000000000e+04,2.713510145252937491e+02,2.540722242029574431e+02,2.537220147700727466e+02,2.431443364918796135e+02,2.583916091618959854e+02,2.857445071488929216e+02,2.440462343180148537e+02,2.471453884572746915e+02,2.471201129026757144e+02,2.603357649399810612e+02,2.683819828857481298e+02,2.635691870984420575e+02,2.598347328848334428e+02,1.563531020017741830e+05,1.573432981708913303e+01,1.049967941077805378e+01
4.300000000000000000e+03,1.546000000000000000e+04,2.713150670831346361e+02,2.541284750825740275e+02,2.538681724247364286e+02,2.433685793562711694e+02,2.584084873909224029e+02,2.863501159334364274e+02,2.440472530254686205e+02,2.472194385252586244e+02,2.471933233944673987e+02,2.603089266625851792e+02,2.683656169508736866e+02,2.635460220499425645e+02,2.598006344353717623e+02,1.564068535634776636e+05,1.590913556931038642e+01,1.053398044161495051e+01
4.310000000000000000e+03,1.547000000000000000e+04,2.712794701352791549e+02,2.541866826988968455e+02,2.540173587050410333e+02,2.436070989043610098e+02,2.584317844405325104e+02,2.869435159335797039e+02,2.440522219509798560e+02,2.472964355197457849e+02,2.472694843128570028e+02,2.602834447130226181e+02,2.683499333525500106e+02,2.635242222147836628e+02,2.597679512042315650e+02,1.564619898737427429e+05,1.608235772233610916e+01,1.056872773182074354e+01
4.320000000000000000e+03,1.548000000000000000e+04,2.712442279362928730e+02,2.542468729529022085e+02,2.541695347902367814e+02,2.438595790188605292e+02,2.584613298618862132e+02,2.875248484731584995e+02,2.440611338961007846e+02,2.473763641430842597e+02,2.473485804671737753e+02,2.602593251455264749e+02,2.683349347321619121e+02,2.635037893800292750e+02,2.597366903015465027e+02,1.565184905665919068e+05,1.625397431324112674e+01,1.060390605681759446e+01
4.330000000000000000e+03,1.549000000000000000e+04,2.712093446239100558e+02,2.543090689335608374e+02,2.543246598607713622e+02,2.441257121468931928e+02,2.584969619370598366e+02,2.880942499890594490e+02,2.440739783325058170e+02,2.474592065641592455e+02,2.474305941324588503e+02,2.602365736388900359e+02,2.683206234302824100e+02,2.634847248802365129e+02,2.597068584512180678e+02,1.565763352052578120e+05,1.642396358267027523e+01,1.063950073715078481e+01
4.340000000000000000e+03,1.550000000000000000e+04,2.711748242214803213e+02,2.543732910240676119e+02,2.544826913525956797e+02,2.444051982365474487e+02,2.585385265397975445e+02,2.886518526013440464e+02,2.440907418607767454e+02,2.475449427516927301e+02,2.475155053829328438e+02,2.602151955044678289e+02,2.683070014938947452e+02,2.634670296147372142e+02,2.596784619991759655e+02,1.566355032789790712e+05,1.659230397759730735e+01,1.067549761597143743e+01
4.350000000000000000e+03,1.551000000000000000e+04,2.711406706415125427e+02,2.544395569958811905e+02,2.546435851688536331e+02,2.446977438494859030e+02,2.585858762070719195e+02,2.891977845780535290e+02,2.441114085761586239e+02,2.476335507465784360e+02,2.476032923650565181e+02,2.601951956928139111e+02,2.682940706973909073e+02,2.634507040609622095e+02,2.596515069187752829e+02,1.566959742001557024e+05,1.675897415405766466e+01,1.071188303818493637e+01
4.360000000000000000e+03,1.552000000000000000e+04,2.711068876875378919e+02,2.545078821287187907e+02,2.548072958593041335e+02,2.450030614240525892e+02,2.586388693634198717e+02,2.897321707160465394e+02,2.441359603642354159e+02,2.477250068885030885e+02,2.476939315223207814e+02,2.601765787955403084e+02,2.682818325415354366e+02,2.634357482867957287e+02,2.596259988134074206e+02,1.567577273015568790e+05,1.692395297985458313e+01,1.074864383085215991e+01
4.370000000000000000e+03,1.553000000000000000e+04,2.710734790580477238e+02,2.545782793186925801e+02,2.549737767708620026e+02,2.453208686432432728e+02,2.586973696780279397e+02,2.902551326581790931e+02,2.441643771431150753e+02,2.478192860013494396e+02,2.477873977827040619e+02,2.601593490542965128e+02,2.682702882638843107e+02,2.634221619525735605e+02,2.596019429234297036e+02,1.568207418338728021e+05,1.708721953723854625e+01,1.078576728449880306e+01
4.380000000000000000e+03,1.554000000000000000e+04,2.710404483464168379e+02,2.546507591535313679e+02,2.551429801829079338e+02,2.456508878952537600e+02,2.587612455151837025e+02,2.907667891606993180e+02,2.441966370638216404e+02,2.479163615507698353e+02,2.478836647148800125e+02,2.601435103550989538e+02,2.682594388484998262e+02,2.634099443553324704e+02,2.595793441252804996e+02,1.568849969634442532e+05,1.724875312555938933e+01,1.082324113513901231e+01
4.390000000000000000e+03,1.555000000000000000e+04,2.710077990465047151e+02,2.547253300614352725e+02,2.553148574195884635e+02,2.459928458117504704e+02,2.588303694671427024e+02,2.912672563171526008e+02,2.442327166785617010e+02,2.480162057761026517e+02,2.479827046606387455e+02,2.601290662367366053e+02,2.682492850289573880e+02,2.633990943915569574e+02,2.595582069346946810e+02,1.569504717701499467e+05,1.740853326389103728e+01,1.086105354696158187e+01
4.400000000000000000e+03,1.556000000000000000e+04,2.709755345538055735e+02,2.548019983839218128e+02,2.554893589446600117e+02,2.463464728640052499e+02,2.589046179518111330e+02,2.917566477489369845e+02,2.442725910810371488e+02,2.481187898021544243e+02,2.480844888467497924e+02,2.601160198953525082e+02,2.682398272982544540e+02,2.633896105987137162e+02,2.595385355104655787e+02,1.570171452455259277e+05,1.756653969362819012e+01,1.089919309533452996e+01
4.410000000000000000e+03,1.557000000000000000e+04,2.709436581681317193e+02,2.548807684611194304e+02,2.556664344522188799e+02,2.467115030152605186e+02,2.589838708651897718e+02,2.922350747681964549e+02,2.443162340298430308e+02,2.482240837351191658e+02,2.481889874799441031e+02,2.601043741824551603e+02,2.682310659156271981e+02,2.633814911586441667e+02,2.595203336569612134e+02,1.570849962910861068e+05,1.772275238105497053e+01,1.093764875043975415e+01
4.420000000000000000e+03,1.558000000000000000e+04,2.709121730956541114e+02,2.549616427287159297e+02,2.558460329364715449e+02,2.470876734116765761e+02,2.590680112809736784e+02,2.927026465164410638e+02,2.443636180508753455e+02,2.483320567430546362e+02,2.482961698296762165e+02,2.600941316119897238e+02,2.682230009152784760e+02,2.633747339101780085e+02,2.595036048278706176e+02,1.571540037167653500e+05,1.787715151988499684e+01,1.097640986104519101e+01
4.430000000000000000e+03,1.559000000000000000e+04,2.708810824506952031e+02,2.550446218031685248e+02,2.560281027614105938e+02,2.474747241118094792e+02,2.591569251767207902e+02,2.931594700846538331e+02,2.444147145281518760e+02,2.484426771297220853e+02,2.484060042994444757e+02,2.600852943631623475e+02,2.682156321148233360e+02,2.633693363593311574e+02,2.594883521293604076e+02,1.572241462396484567e+05,1.802971753377268271e+01,1.101546613851017220e+01
4.440000000000000000e+03,1.560000000000000000e+04,2.708503892621365594e+02,2.551297046508121298e+02,2.562125917158321045e+02,2.478723978476312482e+02,2.592505012067288703e+02,2.936056506160256276e+02,2.444694937823218197e+02,2.485559123951567813e+02,2.485184584894854254e+02,2.600778642852860116e+02,2.682089591192772673e+02,2.633652956050291891e+02,2.594745783283291871e+02,1.572954024827866233e+05,1.818043107879523745e+01,1.105480764121004533e+01
4.450000000000000000e+03,1.561000000000000000e+04,2.708200964695681705e+02,2.552168882805352155e+02,2.563994470655788405e+02,2.482804398121066072e+02,2.593486304909368414e+02,2.940412913947018865e+02,2.445279251398538065e+02,2.486717292889522071e+02,2.486334992455142014e+02,2.600718428979720898e+02,2.682029813308221264e+02,2.633626086949839191e+02,2.594622858389687963e+02,1.573677509742350085e+05,1.832927304590537076e+01,1.109442475881169088e+01
4.460000000000000000e+03,1.562000000000000000e+04,2.707902069293328964e+02,2.553061684091426287e+02,2.565886155982913692e+02,2.486985974705007720e+02,2.594512064322639162e+02,2.944664939221274835e+02,2.445899769942461148e+02,2.487900938595037985e+02,2.487510927135921008e+02,2.600672313990662019e+02,2.681976979619468011e+02,2.633612721212141423e+02,2.594514767511696505e+02,1.574411701462917263e+05,1.847622456335410845e+01,1.113430819711579645e+01
4.470000000000000000e+03,1.563000000000000000e+04,2.707607234164539136e+02,2.553975391224971929e+02,2.567800436645865148e+02,2.491266203926465437e+02,2.595581245508322468e+02,2.948813579835187966e+02,2.446556168600071146e+02,2.489109714951995898e+02,2.488712043804646612e+02,2.600640306679850937e+02,2.681931080378616343e+02,2.633612821728452786e+02,2.594421528197463545e+02,1.575156383348588133e+05,1.862126699908354155e+01,1.117444896275573463e+01
4.480000000000000000e+03,1.564000000000000000e+04,2.707316486262225226e+02,2.554909930461549266e+02,2.569736772159754992e+02,2.495642601024241287e+02,2.596692823326296775e+02,2.952859817052454900e+02,2.447248114216383783e+02,2.490343269653061498e+02,2.489937991100357806e+02,2.600622412693683145e+02,2.681892104051842125e+02,2.633626348639481307e+02,2.594343154707404437e+02,1.575911337790063117e+05,1.876438196308923523e+01,1.121483834808388025e+01
4.490000000000000000e+03,1.565000000000000000e+04,2.707029851766639013e+02,2.555865213975841073e+02,2.571694618364695089e+02,2.500112699448338560e+02,2.597845790976622879e+02,2.956804616042072098e+02,2.447975265770330395e+02,2.491601244515486258e+02,2.491188411801852283e+02,2.600618634568692755e+02,2.681860037424465872e+02,2.633653259472911259e+02,2.594279658068518870e+02,1.576676346207312890e+05,1.890555130975182507e+01,1.125546791621806442e+01
4.500000000000000000e+03,1.566000000000000000e+04,2.706747356103904849e+02,2.556841140686711924e+02,2.573673427682711008e+02,2.504674049655633610e+02,2.599039158875071394e+02,2.960648926288228040e+02,2.448737274767947838e+02,2.492883275799422336e+02,2.492462943121192041e+02,2.600628971791717277e+02,2.681834865551837197e+02,2.633693509206570980e+02,2.594231046105046516e+02,1.577451189048556553e+05,1.904475714013782550e+01,1.129632948628662170e+01
4.510000000000000000e+03,1.567000000000000000e+04,2.706469023968465422e+02,2.557837596437765342e+02,2.575672649493579911e+02,2.509324218050260527e+02,2.600271953387469352e+02,2.964393681996364762e+02,2.449533785601108775e+02,2.494188994491852327e+02,2.493761216983557176e+02,2.600653420806847294e+02,2.681816572094831486e+02,2.633747050382138468e+02,2.594197323483591617e+02,1.578235645790717099e+05,1.918198180426894695e+01,1.133741511843212102e+01
4.520000000000000000e+03,1.568000000000000000e+04,2.706194879343172488e+02,2.558854454847299849e+02,2.577691730326503148e+02,2.514060786028868506e+02,2.601543216011393724e+02,2.968039802419442594e+02,2.450364435869929878e+02,2.495518026541345762e+02,2.495082860220292105e+02,2.600691975085891272e+02,2.681805139117243471e+02,2.633813833224334076e+02,2.594178491749035516e+02,1.579029494942500314e+05,1.931720790335997862e+01,1.137871709933389219e+01
4.530000000000000000e+03,1.569000000000000000e+04,2.705924945515965305e+02,2.559891577714612936e+02,2.579730114031395374e+02,2.518881349140440875e+02,2.602852002372379729e+02,2.971588192078237967e+02,2.451228856681476600e+02,2.496869993138976724e+02,2.496427494964718221e+02,2.600744625156049779e+02,2.681800547276233715e+02,2.633893805723200217e+02,2.594174549362701327e+02,1.579832514047978038e+05,1.945041829202478567e+01,1.142022792781344620e+01
4.540000000000000000e+03,1.570000000000000000e+04,2.705659245099764121e+02,2.560948815473584546e+02,2.581787242071136461e+02,2.523783516330800580e+02,2.604197381435020020e+02,2.975039741055335298e+02,2.452126672922043724e+02,2.498244510849827407e+02,2.497794738781555566e+02,2.600811358642014284e+02,2.681802775873384235e+02,2.633986913740955060e+02,2.594185491743660350e+02,1.580644479692768946e+05,1.958159608045022892e+01,1.146194030027645105e+01
4.550000000000000000e+03,1.571000000000000000e+04,2.705397800054842605e+02,2.562026007656552906e+02,2.583862553654148542e+02,2.528764909276638377e+02,2.605578434749322696e+02,2.978395325169211105e+02,2.453057503511744528e+02,2.499641192035475683e+02,2.499184204801320845e+02,2.600892160291108439e+02,2.681811802912314420e+02,2.634093101076149992e+02,2.594211311272328544e+02,1.581465167510996107e+05,1.971072463653754880e+01,1.150384709669221550e+01
4.560000000000000000e+03,1.572000000000000000e+04,2.705140631693124078e+02,2.563122983350608024e+02,2.585955485989654790e+02,2.533823161835733799e+02,2.606994255752781555e+02,2.981655806211783215e+02,2.454020961629394435e+02,2.501059644728877913e+02,2.500595502005550941e+02,2.600987011995857756e+02,2.681827605137781347e+02,2.634212309599038804e+02,2.594251997421558826e+02,1.582294352195076062e+05,1.983778758801119935e+01,1.154594136621623690e+01
4.570000000000000000e+03,1.573000000000000000e+04,2.704887760703446133e+02,2.564239561595725263e+02,2.588065474395990577e+02,2.538955919496593197e+02,2.608443949149645960e+02,2.984822032065027315e+02,2.455016654938916361e+02,2.502499473016844718e+02,2.502028235369461413e+02,2.601095892898857187e+02,2.681850158119848402e+02,2.634344479290472805e+02,2.594307536664917961e+02,1.583131807505600154e+05,1.996276882449473078e+01,1.158821631341896108e+01
4.580000000000000000e+03,1.574000000000000000e+04,2.704639207167342079e+02,2.565375551803795702e+02,2.590191952477893551e+02,2.544160838971077396e+02,2.609926630330216994e+02,2.987894836860038481e+02,2.456044185783494527e+02,2.503960277176298916e+02,2.503482006018097081e+02,2.601218779347144050e+02,2.681879436251693960e+02,2.634489548330951152e+02,2.594377912585514423e+02,1.583977306283982471e+05,2.008565249955338317e+01,1.163066528457176574e+01
4.590000000000000000e+03,1.575000000000000000e+04,2.704394990571296944e+02,2.566530754061155903e+02,2.592334352298133240e+02,2.549435587798640483e+02,2.611441424816061954e+02,2.990875041114289274e+02,2.457103151382066244e+02,2.505441653752815796e+02,2.504956411421512712e+02,2.601355644991637064e+02,2.681915412865994313e+02,2.634647453174368934e+02,2.594463105881006868e+02,1.584830620466194232e+05,2.020642303270325613e+01,1.167328175390591660e+01
4.600000000000000000e+03,1.576000000000000000e+04,2.704155129821590435e+02,2.567704959682308186e+02,2.594492104459765756e+02,2.554777844048568340e+02,2.612987467805730830e+02,2.993763451815758572e+02,2.458193143998900325e+02,2.506943195858009119e+02,2.506451045506219657e+02,2.601506460640426894e+02,2.681958060227924534e+02,2.634818128616581134e+02,2.594563094390961169e+02,1.585691521098024969e+05,2.032506511138682015e+01,1.171605931046587656e+01
4.610000000000000000e+03,1.577000000000000000e+04,2.703919643254910739e+02,2.568897951356883596e+02,2.596664638277026143e+02,2.560185296049211274e+02,2.614563903693208431e+02,2.996560862546680255e+02,2.459313751114232787e+02,2.508464493180933346e+02,2.507965498812303338e+02,2.601671194547865866e+02,2.682007349585525162e+02,2.635001507856790113e+02,2.594677853137919783e+02,1.586559778351986897e+05,2.044156369291437514e+01,1.175899164468561509e+01
4.620000000000000000e+03,1.578000000000000000e+04,2.703688548650701478e+02,2.570109503536036755e+02,2.598851381917547769e+02,2.565655642153291751e+02,2.616169885670421991e+02,2.999268053580014453e+02,2.460464555585728874e+02,2.510005132183105161e+02,2.509499358626130743e+02,2.601849812286123438e+02,2.682063251211004626e+02,2.635197522556067042e+02,2.594807354336984417e+02,1.587435161545565934e+05,2.055590400637129989e+01,1.180207253550130631e+01
4.630000000000000000e+03,1.579000000000000000e+04,2.703461863246287749e+02,2.571339382802967179e+02,2.601051762504466751e+02,2.571186590643183081e+02,2.617804575326258032e+02,3.001885791976787345e+02,2.461645135792858241e+02,2.511564696197283979e+02,2.511052209113085496e+02,2.602042276740592115e+02,2.682125734418284537e+02,2.635406102892335412e+02,2.594951567418240188e+02,1.588317439161148504e+05,2.066807155449088285e+01,1.184529583767550776e+01
4.640000000000000000e+03,1.580000000000000000e+04,2.703239603741267842e+02,2.572587348088484873e+02,2.603265206207151437e+02,2.576775859543304250e+02,2.619467142366922872e+02,3.004414831658892808e+02,2.462855065775291621e+02,2.513142765571470818e+02,2.512623631426769180e+02,2.602248548261300130e+02,2.682194767597871419e+02,2.635627177607605063e+02,2.595110459057630692e+02,1.589206378867003950e+05,2.077805211549246778e+01,1.188865546928074757e+01
4.650000000000000000e+03,1.581000000000000000e+04,2.703021786307098182e+02,2.573853151070281911e+02,2.605491138471183490e+02,2.582421176573718640e+02,2.621156764031036346e+02,3.006855913495538175e+02,2.464093915402027051e+02,2.514738917790317601e+02,2.514213203883123526e+02,2.602468584530570865e+02,2.682270318267520111e+02,2.635860674051575643e+02,2.595283993189786429e+02,1.590101747540016368e+05,2.088583174488458383e+01,1.193214539917719108e+01
4.660000000000000000e+03,1.582000000000000000e+04,2.702808426599149243e+02,2.575136536380110215e+02,2.607728983938266083e+02,2.588120279114995697e+02,2.622872625175928079e+02,3.009209765384967454e+02,2.465361250454376432e+02,2.516352727589535334e+02,2.515820501997562531e+02,2.602702340680614270e+02,2.682352353059753796e+02,2.636106518225088280e+02,2.595472131032166772e+02,1.591003311290037818e+05,2.099139677723301034e+01,1.197575963552910672e+01
4.670000000000000000e+03,1.583000000000000000e+04,2.702599539761346250e+02,2.576437241882636044e+02,2.609978166684218195e+02,2.593870914233283429e+02,2.624613917732432924e+02,3.011477102336373832e+02,2.466656632777134348e+02,2.517983767059599813e+02,2.517445098637891192e+02,2.602949769274009668e+02,2.682440837753250094e+02,2.636364634815234922e+02,2.595674831087514463e+02,1.591910835484574782e+05,2.109473382789341400e+01,1.201949221381411448e+01
4.680000000000000000e+03,1.584000000000000000e+04,2.702395140428064906e+02,2.577754998919768354e+02,2.612238110302900509e+02,2.599670838633046515e+02,2.626379840515251090e+02,3.013658626549400879e+02,2.467979620409246309e+02,2.519631605764195115e+02,2.519086564149913556e+02,2.603210820361236983e+02,2.682535737300211167e+02,2.636634947208832500e+02,2.595892049164335731e+02,1.592824084775871015e+05,2.119582979470841266e+01,1.206333718538057731e+01
4.690000000000000000e+03,1.585000000000000000e+04,2.702195242738543470e+02,2.579089532645202212e+02,2.614508237969168931e+02,2.605517818841279905e+02,2.628169598989946962e+02,3.015755027498854020e+02,2.469329767677299969e+02,2.521295810845404048e+02,2.520744466429372608e+02,2.603485441362259394e+02,2.682637015827691584e+02,2.636917377552680932e+02,2.596123738394788916e+02,1.593742823128993041e+05,2.129467185966876031e+01,1.210728860649248873e+01
4.700000000000000000e+03,1.586000000000000000e+04,2.701999860333640981e+02,2.580440562097645056e+02,2.616787972562100322e+02,2.611409631231722415e+02,2.629982405046098961e+02,3.017766982016414090e+02,2.470706625324814354e+02,2.522975947123848641e+02,2.522418371045833965e+02,2.603773577261281957e+02,2.682744636650006669e+02,2.637211846745734647e+02,2.596369849239713403e+02,1.594666813850410399e+05,2.139124749053858565e+01,1.215134052743722570e+01
4.710000000000000000e+03,1.587000000000000000e+04,2.701809006362859691e+02,2.581807800522520324e+02,2.619076736774495657e+02,2.617344062173341399e+02,2.631817476803375939e+02,3.019695154387475213e+02,2.472109740620985292e+02,2.524671577188006211e+02,2.524107841327410711e+02,2.604075170495007114e+02,2.682858562280168258e+02,2.637518274469716175e+02,2.596630329492660394e+02,1.595595819618895766e+05,2.148554444244437889e+01,1.219548698207180237e+01
4.720000000000000000e+03,1.588000000000000000e+04,2.701622693485213063e+02,2.583190955631894781e+02,2.621373953150015836e+02,2.623318908189696117e+02,2.633674038415250607e+02,3.021540196428414902e+02,2.473538657463096229e+02,2.526382261523298496e+02,2.525812438490659417e+02,2.604390160994278176e+02,2.682978754436386453e+02,2.637836579200711071e+02,2.596905124283831015e+02,1.596529602516908490e+05,2.157755075942746714e+01,1.223972197774584458e+01
4.730000000000000000e+03,1.589000000000000000e+04,2.701440933869461105e+02,2.584589729710650090e+02,2.623679044224613790e+02,2.629331976144792407e+02,2.635551319904405432e+02,3.023302747592119317e+02,2.474992916484429202e+02,2.528107558581648959e+02,2.527531721711522152e+02,2.604718486169211928e+02,2.683105174044311525e+02,2.638166678214902845e+02,2.597194176127886749e+02,1.597467924063171085e+05,2.166725477595997162e+01,1.228403948546525370e+01
4.740000000000000000e+03,1.590000000000000000e+04,2.701263739195115932e+02,2.586003819876738703e+02,2.625991432620388650e+02,2.635381083450282631e+02,2.637448557002443863e+02,3.024983435065661865e+02,2.476472055157428258e+02,2.529847024885296776e+02,2.529265248185690780e+02,2.605060080948966288e+02,2.683237781244081930e+02,2.638508487603154435e+02,2.597497424872261149e+02,1.598410545246604306e+05,2.175464511842382720e+01,1.232843343039412076e+01
4.750000000000000000e+03,1.591000000000000000e+04,2.701091120657479223e+02,2.587432918339232515e+02,2.628310541074576463e+02,2.641464058275558955e+02,2.639364991002273655e+02,3.026582873862989231e+02,2.477975607894062193e+02,2.531600215121945325e+02,2.531012573303974875e+02,2.605414877759259298e+02,2.683376535372738658e+02,2.638861922267357158e+02,2.597814807727882567e+02,1.599357226561072166e+05,2.183971070655294966e+01,1.237289768284816560e+01
4.760000000000000000e+03,1.592000000000000000e+04,2.700923088956883475e+02,2.588876712261570674e+02,2.630635792630330343e+02,2.647578739838985484e+02,2.641299868627512524e+02,3.028101666966979337e+02,2.479503106141775390e+02,2.533366682235341329e+02,2.532773250701170866e+02,2.605782806519164296e+02,2.683521394978159833e+02,2.639226895921475489e+02,2.598146259262217654e+02,1.600307728041124938e+05,2.192244075483796806e+01,1.241742604975152986e+01
4.770000000000000000e+03,1.593000000000000000e+04,2.700759654302742092e+02,2.590334884457346334e+02,2.632966610595314023e+02,2.653722978630604530e+02,2.643252441909280037e+02,3.029540405394842537e+02,2.481054078478310885e+02,2.535145977509990018e+02,2.534546832320594092e+02,2.606163794663234512e+02,2.683672317807058789e+02,2.639603321125305229e+02,2.598491711404581110e+02,1.601261809298851294e+05,2.200282477389385249e+01,1.246201226593739264e+01
4.780000000000000000e+03,1.594000000000000000e+04,2.700600826511248442e+02,2.591807113175323138e+02,2.635302418821776769e+02,2.659894636748268795e+02,2.645221968116658786e+02,3.030899668357706105e+02,2.482628050732772067e+02,2.536937650526438119e+02,2.536332868541715868e+02,2.606557767126286080e+02,2.683829260552860205e+02,2.639991109105860119e+02,2.598851093442599449e+02,1.602219229562161781e+05,2.208085257178979433e+01,1.250664998636477421e+01
4.790000000000000000e+03,1.595000000000000000e+04,2.700446614577313085e+02,2.593293072381367779e+02,2.637642641364817564e+02,2.666091588195550912e+02,2.647207709479141045e+02,3.032180023334385623e+02,2.484224546029538487e+02,2.538741249855444835e+02,2.538130908265515586e+02,2.606964646339695264e+02,2.683992179874807675e+02,2.640390170027015984e+02,2.599224332024524529e+02,1.603179747711966047e+05,2.215651425534147378e+01,1.255133277923741630e+01
4.800000000000000000e+03,1.596000000000000000e+04,2.700297027326170110e+02,2.594792431920134277e+02,2.639986703225253564e+02,2.672311719077767975e+02,2.649208933338308611e+02,3.033382026251858861e+02,2.485843084951514186e+02,2.540556322178878190e+02,2.539940498973643344e+02,2.607384352238281053e+02,2.684161030789556435e+02,2.640800412772040318e+02,2.599611351151876306e+02,1.604143122323117568e+05,2.222980023136541661e+01,1.259605411732471580e+01
4.810000000000000000e+03,1.597000000000000000e+04,2.700152072956287839e+02,2.596304857649505493e+02,2.642334029858885742e+02,2.678552928214752455e+02,2.651224911976141811e+02,3.034506221594627959e+02,2.487483185544601838e+02,2.542382413047075715e+02,2.541761186834926036e+02,2.607816802242767835e+02,2.684335767770073176e+02,2.641221744983719191e+02,2.600012072175801450e+02,1.605109111704110692e+05,2.230070120789532240e+01,1.264080737270831989e+01
4.820000000000000000e+03,1.598000000000000000e+04,2.700011759148494548e+02,2.597830011625195539e+02,2.644684047744729014e+02,2.684813127355129154e+02,2.653254922440917767e+02,3.035553142546896765e+02,2.489144363494807237e+02,2.544219066394113042e+02,2.543592516800295869e+02,2.608261911273277747e+02,2.684516344436892723e+02,2.641654073046962026e+02,2.600426413795719327e+02,1.606077473937914474e+05,2.236920819536018357e+01,1.268558580914785594e+01
4.830000000000000000e+03,1.599000000000000000e+04,2.699876093060262292e+02,2.599367552199641409e+02,2.647036183532502491e+02,2.691090241142300670e+02,2.655298246576139718e+02,3.036523311123030453e+02,2.490826132159568829e+02,2.546065826335854467e+02,2.545434032667298538e+02,2.608719591722202722e+02,2.684702713553270996e+02,2.642097302065228632e+02,2.600854292045225975e+02,1.607047966923847562e+05,2.243531250772409891e+01,1.273038257860682876e+01
4.840000000000000000e+03,1.600000000000000000e+04,2.699745081315906532e+02,2.600917134199631846e+02,2.649389865543044493e+02,2.697382208245270476e+02,2.657354170920163483e+02,3.037417238320789465e+02,2.492528002698064427e+02,2.547922234498911109e+02,2.547285277173397162e+02,2.609189753461846522e+02,2.684894827006854712e+02,2.642551335830539756e+02,2.601295620316025747e+02,1.608020348419772345e+05,2.249900576358755799e+01,1.277519071214833168e+01
4.850000000000000000e+03,1.601000000000000000e+04,2.699618730002713392e+02,2.602478409015378134e+02,2.651744522798727530e+02,2.703686981245158449e+02,2.659421986684976673e+02,3.038235424281989481e+02,2.494249484129042003e+02,2.549787832094453393e+02,2.549145792065826868e+02,2.609672303833713727e+02,2.685092635791832549e+02,2.643016076824585525e+02,2.601750309293729515e+02,1.608994376085472177e+05,2.256027988725013955e+01,1.282000311736788056e+01
4.860000000000000000e+03,1.602000000000000000e+04,2.699497044655389004e+02,2.604051024786829203e+02,2.654099585396113525e+02,2.710002527114443183e+02,2.661500989669572164e+02,3.038978358438207010e+02,2.495990083449775625e+02,2.551662159448879947e+02,2.551015118232032250e+02,2.610167147640314624e+02,2.685296089987422761e+02,2.643491426164430891e+02,2.602218266997109595e+02,1.609969807525772485e+05,2.261912710973444973e+01,1.286481257321341687e+01
4.870000000000000000e+03,1.603000000000000000e+04,2.699380030247195918e+02,2.605634626492418988e+02,2.656454484627896022e+02,2.716326827639119870e+02,2.663590480239898852e+02,3.039646519675574723e+02,2.497749305705421534e+02,2.553544756075211808e+02,2.552892795717164631e+02,2.610674187137506124e+02,2.685505138762889032e+02,2.643977283581360780e+02,2.602699398761598104e+02,1.610946400334851933e+05,2.267553996977110131e+01,1.290961172554433567e+01
4.880000000000000000e+03,1.604000000000000000e+04,2.699267691190643177e+02,2.607228856064971865e+02,2.658808653039338878e+02,2.722657879821381357e+02,2.665689763286073912e+02,3.040240376496780641e+02,2.499526654085672135e+02,2.555435160773032237e+02,2.554778363835596053e+02,2.611193322024852250e+02,2.685719730339579883e+02,2.644473547385797474e+02,2.603193607220430295e+02,1.611923912140761968e+05,2.272951131474476938e+01,1.295439308342675666e+01
4.890000000000000000e+03,1.605000000000000000e+04,2.699160031308397265e+02,2.608833351874559980e+02,2.661161524664743752e+02,2.728993696287269586e+02,2.667798148242810612e+02,3.040760387261044571e+02,2.501321630011102570e+02,2.557332911703474565e+02,2.556671361289003812e+02,2.611724449452908630e+02,2.685939811973927362e+02,2.644980114443698653e+02,2.603700792251299845e+02,1.612902100650273496e+05,2.278103430160109255e+01,1.299914901622252472e+01
4.900000000000000000e+03,1.606000000000000000e+04,2.699057053833982991e+02,2.610447751558421601e+02,2.663512534438868329e+02,2.735332305705393310e+02,2.669914948830908088e+02,3.041207000080306102e+02,2.503133733221877719e+02,2.559237546476817613e+02,2.558571326163383901e+02,2.612267463951353648e+02,2.686165329954975505e+02,2.645496880168043390e+02,2.604220851164634496e+02,1.613880723694278859e+05,2.283010239771425987e+01,1.304387174890741363e+01
4.910000000000000000e+03,1.607000000000000000e+04,2.698958761395857664e+02,2.612071687893469516e+02,2.665861119380851392e+02,2.741671753219018228e+02,2.672039483364618491e+02,3.041580653386818085e+02,2.504962461875422832e+02,2.561148602229770290e+02,2.560477796070115915e+02,2.612822257514012563e+02,2.686396229571498679e+02,2.646023738434370216e+02,2.604753678407987536e+02,1.614859539273687988e+05,2.287670938171532597e+01,1.308855336181844642e+01
4.920000000000000000e+03,1.608000000000000000e+04,2.698865156006551160e+02,2.613704791949003265e+02,2.668206717824575662e+02,2.748010100804186777e+02,2.674171074563096795e+02,3.041881775881433896e+02,2.506807312626198154e+02,2.563065615688433354e+02,2.562390308244603148e+02,2.613388719540761258e+02,2.686632455091990437e+02,2.646560581573883724e+02,2.605299165738750844e+02,1.615838305605105124e+05,2.292084934428100595e+01,1.313318578743991338e+01
4.930000000000000000e+03,1.609000000000000000e+04,2.698776239044949534e+02,2.615346691741505651e+02,2.670548769936412441e+02,2.754345427787805534e+02,2.676309049558586821e+02,3.042110786801001154e+02,2.508667780680569876e+02,2.564988123327932499e+02,2.564308399576191846e+02,2.613966736783129932e+02,2.686873949745798313e+02,2.647107300334007505e+02,2.605857202171137033e+02,1.616816781167366717e+05,2.296251668888291064e+01,1.317776080922693005e+01
4.940000000000000000e+03,1.610000000000000000e+04,2.698692011252010161e+02,2.616997014558468209e+02,2.672886717163482899e+02,2.760675831199024515e+02,2.678452739721980151e+02,3.042268095887618529e+02,2.510543359953300637e+02,2.566915661368871042e+02,2.566231606750450851e+02,2.614556193492610987e+02,2.687120655736459867e+02,2.647663783853754467e+02,2.606427673974965273e+02,1.617794724747444270e+05,2.300170613249715146e+01,1.322227005906001907e+01
4.950000000000000000e+03,1.611000000000000000e+04,2.698612472706140579e+02,2.618655383730049948e+02,2.675220003385314840e+02,2.766999426204351380e+02,2.680601481023562087e+02,3.042354103913601762e+02,2.512433543132940486e+02,2.568847765751038423e+02,2.568159466151091692e+02,2.615156971205715308e+02,2.687372514182637815e+02,2.648229919614331038e+02,2.607010464655614328e+02,1.618771895487546572e+05,2.303841270627416904e+01,1.326670501784431622e+01
4.960000000000000000e+03,1.612000000000000000e+04,2.698537622816893418e+02,2.620321421037853611e+02,2.677548074035099717e+02,2.773314346530768262e+02,2.682754613700915911e+02,3.042369202660266865e+02,2.514337821739639480e+02,2.570783972517641587e+02,2.570091514240249353e+02,2.615768948858037675e+02,2.687629465114100071e+02,2.648805593413466681e+02,2.607605454955151458e+02,1.619748052931677084e+05,2.307263175616875372e+01,1.331105701505007666e+01
4.970000000000000000e+03,1.613000000000000000e+04,2.698467460313357833e+02,2.621994746200127793e+02,2.679870376640390077e+02,2.779618744883726436e+02,2.684911482395069129e+02,3.042313775149293633e+02,2.516255686245103504e+02,2.572723817639741810e+02,2.572027287407616996e+02,2.616392002753811994e+02,2.687891447414128265e+02,2.649390689319745888e+02,2.608212522821058883e+02,1.620722957071866840e+05,2.310435894353008024e+01,1.335531722816156908e+01
4.980000000000000000e+03,1.614000000000000000e+04,2.698401983220028342e+02,2.623674976967342332e+02,2.682186360754310499e+02,2.785910793346363903e+02,2.687071436114977132e+02,3.042188195840347475e+02,2.518186626143080673e+02,2.574666837220839852e+02,2.573966322117925074e+02,2.617026006559382267e+02,2.688158398913600422e+02,2.649985089641091918e+02,2.608831543450453410e+02,1.621696368395674508e+05,2.313359024565189515e+01,1.339947668332632524e+01
4.990000000000000000e+03,1.615000000000000000e+04,2.698341188847762169e+02,2.625361729261483674e+02,2.684495478129100547e+02,2.792188683793950759e+02,2.689233828277455132e+02,3.041992830827771286e+02,2.520130130050024775e+02,2.576612567459918637e+02,2.575908154988891283e+02,2.617670831292774096e+02,2.688430256256129951e+02,2.650588674892758263e+02,2.609462389227889503e+02,1.622668047932059271e+05,2.316032195628246271e+01,1.344352625609370655e+01
5.000000000000000000e+03,1.616000000000000000e+04,2.698285073781238452e+02,2.627054617222703428e+02,2.686797182728253688e+02,2.798450628292059150e+02,2.691398016687375616e+02,3.041728038036598036e+02,2.522085685781665632e+02,2.578560544847940150e+02,2.577852322873079629e+02,2.618326345320025439e+02,2.688706954937118780e+02,2.651201323759161141e+02,2.610104929746867128e+02,1.623637757298819488e+05,2.318455068609456049e+01,1.348745667282470784e+01
5.010000000000000000e+03,1.617000000000000000e+04,2.698233633858905023e+02,2.628753253396454852e+02,2.689090930809730935e+02,2.804694859490697922e+02,2.693563363522198983e+02,3.041394167416425489e+02,2.524052780476262114e+02,2.580510306202161246e+02,2.579798362927671747e+02,2.618992414353675144e+02,2.688988429281071149e+02,2.651822913063393798e+02,2.610759031795414558e+02,1.624605258748396591e+05,2.320627336311516586e+01,1.353125851220534415e+01
5.020000000000000000e+03,1.618000000000000000e+04,2.698186864161297080e+02,2.630457248498533431e+02,2.691376181093328341e+02,2.810919631007022303e+02,2.695729235421096632e+02,3.040991561161611116e+02,2.526030900633954843e+02,2.582461388740856592e+02,2.581745812706112133e+02,2.619668901428332219e+02,2.689274612420255153e+02,2.652453317729846844e+02,2.611424559367989104e+02,1.625570315214567236e+05,2.322548723311496843e+01,1.357492220744720157e+01
5.030000000000000000e+03,1.619000000000000000e+04,2.698144758994646963e+02,2.632166212041923359e+02,2.693652394711494367e+02,2.817123217806384332e+02,2.697895003424390552e+02,3.040520553883300181e+02,2.528019532237722728e+02,2.584413330152479489e+02,2.583694210227594112e+02,2.620355666927409857e+02,2.689565436291139804e+02,2.653092410754510979e+02,2.612101373617656463e+02,1.626532690358553664e+05,2.324218985995758757e+01,1.361843804841978667e+01
5.040000000000000000e+03,1.620000000000000000e+04,2.698107311876981385e+02,2.633879752014146334e+02,2.695919035386332894e+02,2.823303916570106935e+02,2.700060043014916573e+02,3.039981472825987225e+02,2.530018160837568644e+02,2.586365668686377148e+02,2.585643094057360827e+02,2.621052568563048908e+02,2.689860831613463006e+02,2.653740063178124728e+02,2.612789332904169441e+02,1.627492148614802863e+05,2.325637912590844891e+01,1.366179618452195932e+01
5.050000000000000000e+03,1.621000000000000000e+04,2.698074515523455261e+02,2.635597475116541091e+02,2.698175569450846751e+02,2.829460046047282731e+02,2.702223734182081785e+02,3.039374638068451304e+02,2.532026271636603667e+02,2.588317943232449352e+02,2.587592003375871741e+02,2.621759461375665410e+02,2.690160727880956983e+02,2.654396144042640344e+02,2.613488292775014088e+02,1.628448455236697628e+05,2.326805323190327357e+01,1.370498662789202982e+01
5.060000000000000000e+03,1.622000000000000000e+04,2.698046361831874265e+02,2.637318986793035265e+02,2.700421466038670815e+02,2.835589947415075471e+02,2.704385461272556768e+02,3.038700362726536923e+02,2.534043349594800532e+02,2.590269693391422834e+02,2.589540478084005031e+02,2.622476197734293919e+02,2.690465053345239426e+02,2.655060520376681552e+02,2.614198105942630264e+02,1.629401376341788273e+05,2.327721069777619789e+01,1.374799925659914024e+01
5.070000000000000000e+03,1.623000000000000000e+04,2.698022841862937753e+02,2.639043891383124105e+02,2.702656196971398685e+02,2.841691984600352043e+02,2.706544613273458140e+02,3.037958953154803794e+02,2.536068879511578302e+02,2.592220459560879817e+02,2.591488058849807885e+02,2.623202627338347384e+02,2.690773735020692357e+02,2.655733057163664057e+02,2.614918622324382227e+02,1.630350678956634365e+05,2.328385036244744910e+01,1.379082381888926179e+01
5.080000000000000000e+03,1.624000000000000000e+04,2.698003945836121602e+02,2.640771792153016122e+02,2.704879237026606802e+02,2.847764544616007356e+02,2.708700583626055618e+02,3.037150709146346799e+02,2.538102346091570212e+02,2.594169783011070081e+02,2.593434287200591370e+02,2.623938597216802009e+02,2.691086698628714657e+02,2.656413617313419877e+02,2.615649689001929232e+02,1.631296131060729385e+05,2.328797138407057687e+01,1.383344993691956759e+01
5.090000000000000000e+03,1.625000000000000000e+04,2.697989663092458841e+02,2.642502291426005741e+02,2.707090063902818997e+02,2.853806037857282263e+02,2.710852770341676319e+02,3.036275924150060064e+02,2.540143234068511617e+02,2.596117205943056661e+02,2.595378705595743440e+02,2.624683951777724928e+02,2.691403868706737512e+02,2.657102061647848927e+02,2.616391150254814306e+02,1.632237501633405336e+05,2.328957324013912000e+01,1.387586711141576146e+01
5.100000000000000000e+03,1.626000000000000000e+04,2.697979982124412572e+02,2.644234990647921109e+02,2.709288158346568594e+02,2.859814898414049935e+02,2.713000575989867116e+02,3.035334885449105968e+02,2.542191028254324010e+02,2.598062271622112576e+02,2.597320857514513932e+02,2.625438532698790937e+02,2.691725168446732823e+02,2.657798248866984636e+02,2.617142847539666946e+02,1.633174560693093226e+05,2.328865572755293911e+01,1.391806472631573044e+01
5.110000000000000000e+03,1.627000000000000000e+04,2.697974890516932192e+02,2.645969490425366075e+02,2.711473004247761764e+02,2.865789584355553075e+02,2.715143407743537978e+02,3.034327874392031958e+02,2.544245213712732721e+02,2.600004524379527879e+02,2.599260287491262034e+02,2.626202178998382806e+02,2.692050519786037057e+02,2.658502035535754544e+02,2.617904619515263676e+02,1.634107079343359510e+05,2.328521896264392410e+01,1.396003205394859137e+01
5.120000000000000000e+03,1.628000000000000000e+04,2.697974374954266068e+02,2.647705390700883754e+02,2.713644088618474370e+02,2.871728577978260546e+02,2.717280677406799896e+02,3.033255166567621472e+02,2.546305275745351082e+02,2.601943509733301312e+02,2.601196541294753501e+02,2.626974727130848350e+02,2.692379843385381832e+02,2.659213276065273703e+02,2.618676302041491795e+02,1.635034829814761761e+05,2.327926338116125393e+01,1.400175826027428272e+01
5.130000000000000000e+03,1.629000000000000000e+04,2.697978421204774122e+02,2.649442290765024950e+02,2.715800901768116660e+02,2.877630386081589222e+02,2.719411801420208121e+02,3.032117032028122594e+02,2.548370700051802089e+02,2.603878774457375584e+02,2.603129165947135562e+02,2.627756010825494286e+02,2.692713058621116033e+02,2.659931822696711947e+02,2.619457728178359162e+02,1.635957585506806499e+05,2.327078973821614483e+01,1.404323241056962779e+01
5.140000000000000000e+03,1.630000000000000000e+04,2.697987014108221615e+02,2.651179789347481801e+02,2.717942937477448595e+02,2.883493540205974455e+02,2.721536200917815336e+02,3.030913735476575539e+02,2.550440972790080991e+02,2.605809866660530361e+02,2.605057709550470690e+02,2.628545861268364661e+02,2.693050083587344261e+02,2.660657525487641806e+02,2.620248728214222638e+02,1.636875121029560978e+05,2.325979910818611174e+01,1.408444347472484637e+01
5.150000000000000000e+03,1.631000000000000000e+04,2.698000137561854217e+02,2.652917484755686246e+02,2.720069692829698624e+02,2.889316596845334857e+02,2.723653301748414037e+02,3.029645536472581853e+02,2.552515580711261975e+02,2.607736335833459975e+02,2.606981721775599681e+02,2.629344106975388513e+02,2.693390835091736903e+02,2.661390232290852964e+02,2.621049129664413613e+02,1.637787212244083057e+05,2.324629288457874310e+01,1.412538033412840299e+01
5.160000000000000000e+03,1.632000000000000000e+04,2.698017774503856003e+02,2.654654974978600421e+02,2.722180668234760788e+02,2.895098137634442992e+02,2.725762534468170770e+02,3.028312689631895296e+02,2.554594011136096583e+02,2.609657732993679247e+02,2.608900754025206652e+02,2.630150573878050295e+02,2.693735228678189060e+02,2.662129788771912899e+02,2.621858757280012924e+02,1.638693636302864761e+05,2.323027277985502081e+01,1.416603178802326823e+01
5.170000000000000000e+03,1.633000000000000000e+04,2.698039906920985231e+02,2.656391857553103932e+02,2.724275367982343710e+02,2.900836769577720702e+02,2.727863334440576182e+02,3.026915444825058898e+02,2.556675752193368112e+02,2.611573610672642758e+02,2.610814358810571321e+02,2.630965085315287411e+02,2.694083178577314470e+02,2.662876038371517211e+02,2.622677433101392808e+02,1.639594171689392824e+05,2.321174082521219617e+01,1.420638655895976754e+01
5.180000000000000000e+03,1.634000000000000000e+04,2.698066515811775616e+02,2.658127729947951252e+02,2.726353299862748827e+02,2.906531125201757959e+02,2.729955141811142312e+02,3.025454047371516708e+02,2.558760292814845911e+02,2.613483523048802226e+02,2.612722090455370676e+02,2.631787462059311338e+02,2.694434597771652307e+02,2.663628822316621836e+02,2.623504976375154456e+02,1.640488598256642581e+05,2.319069937032626783e+01,1.424643330044321132e+01
5.190000000000000000e+03,1.635000000000000000e+04,2.698097581192723169e+02,2.659862189453889414e+02,2.728413975402666551e+02,2.912179862710040652e+02,2.732037401560920671e+02,3.023928738238453207e+02,2.560847122852708821e+02,2.615387025997313231e+02,2.614623504947703623e+02,2.632617522333401894e+02,2.694789397952994818e+02,2.664387979621315594e+02,2.624341203680230592e+02,1.641376697265157418e+05,2.316715108305403348e+01,1.428616060352328176e+01
5.200000000000000000e+03,1.636000000000000000e+04,2.698133082073015885e+02,2.661594833306766077e+02,2.730456909929035874e+02,2.917781666124027993e+02,2.734109563535579355e+02,3.022339754235709393e+02,2.562935733169592822e+02,2.617283677152438486e+02,2.616518160043005423e+02,2.633455081829847586e+02,2.695147489598251127e+02,2.665153347075888632e+02,2.625185928897891472e+02,1.642258251420773740e+05,2.314109894909485732e+01,1.432555700387065123e+01
5.210000000000000000e+03,1.637000000000000000e+04,2.698172996473348348e+02,2.663325258770991013e+02,2.732481622589029371e+02,2.923335245395811626e+02,2.736171082472986882e+02,3.020687328206111602e+02,2.565025615717396477e+02,2.619173036075363825e+02,2.618405615334478966e+02,2.634299953731738242e+02,2.695508781883636402e+02,2.665924759258207928e+02,2.626038963233569348e+02,1.643133044910544995e+05,2.311254627161209640e+01,1.436461098910693224e+01
5.220000000000000000e+03,1.638000000000000000e+04,2.698217301388582428e+02,2.665053063266866502e+02,2.734487636529298697e+02,2.928839336516825824e+02,2.738221418048074725e+02,3.018971689223417343e+02,2.567116263615373555e+02,2.621054664151412226e+02,2.620285432326986097e+02,2.635151948740072498e+02,2.695873182753321089e+02,2.666702048536981238e+02,2.626900115245192637e+02,1.644000863439082750e+05,2.308149667081431744e+01,1.440331100583545165e+01
5.230000000000000000e+03,1.639000000000000000e+04,2.698265972789988041e+02,2.666777844402531628e+02,2.736474478863667628e+02,2.934292701608937932e+02,2.740260034879765385e+02,3.017193062776416355e+02,2.569207171226581750e+02,2.622928124833972561e+02,2.622157174515909901e+02,2.636010875096102950e+02,2.696240598937670256e+02,2.667485045083511181e+02,2.627769190864715370e+02,1.644861494263401255e+05,2.304795408349622221e+01,1.444164546736456600e+01
5.240000000000000000e+03,1.640000000000000000e+04,2.698318985621522188e+02,2.668499200072728286e+02,2.738441680736629564e+02,2.939694128959755517e+02,2.742286402586244662e+02,3.015351670964111008e+02,2.571297834427457474e+02,2.624792983609116845e+02,2.624020407422120229e+02,2.636876538610388252e+02,2.696610935928694630e+02,2.668273576862266054e+02,2.628645993424819380e+02,1.645714726226820494e+05,2.301192276253961211e+01,1.447960276135697200e+01
5.250000000000000000e+03,1.641000000000000000e+04,2.698376313783836622e+02,2.670216728543678641e+02,2.740388777500970718e+02,2.945042433103482722e+02,2.744299995807998584e+02,3.013447732676968371e+02,2.573387750368751199e+02,2.626648808114352960e+02,2.625874698715895761e+02,2.637748742691174471e+02,2.696984098030820292e+02,2.669067469688451979e+02,2.629530323687145028e+02,1.646560349792757188e+05,2.297340727637403646e+01,1.451717125708952949e+01
5.260000000000000000e+03,1.642000000000000000e+04,2.698437930134998624e+02,2.671930028534949884e+02,2.742315308673487380e+02,2.950336454839265343e+02,2.746300294235358592e+02,3.011481463786055883e+02,2.575476417830471405e+02,2.628495168184581416e+02,2.627719618258654464e+02,2.638627288379153697e+02,2.697359988348428033e+02,2.669866547199948172e+02,2.630421979870684481e+02,1.647398157076971547e+05,2.293241250839766110e+01,1.455433931352995103e+01
5.270000000000000000e+03,1.643000000000000000e+04,2.698503806481892866e+02,2.673638699295507308e+02,2.744220818051437618e+02,2.955575061232822236e+02,2.748286782651942985e+02,3.009453077328026325e+02,2.577563337206573237e+02,2.630331635941035984e+02,2.629554738174629165e+02,2.639511974355154962e+02,2.697738508823779853e+02,2.670670630895269824e+02,2.631320757684023306e+02,1.648227941879417049e+05,2.288894365635802330e+01,1.459109528701027791e+01
5.280000000000000000e+03,1.644000000000000000e+04,2.698573913576785230e+02,2.675342340695036683e+02,2.746104853781131396e+02,2.960757145625893827e+02,2.750258950957679076e+02,3.007362783685932754e+02,2.579648010544702856e+02,2.632157785851859444e+02,2.631379632929640024e+02,2.640402597024208262e+02,2.698119560241715362e+02,2.671479540152411687e+02,2.632226450357381395e+02,1.649049499714962731e+05,2.284300623169306732e+01,1.462742753894452896e+01
5.290000000000000000e+03,1.645000000000000000e+04,2.698648221103211426e+02,2.677040553303609727e+02,2.747966968364515310e+02,2.965881627598149066e+02,2.752216294195129080e+02,3.005210790770003086e+02,2.581729941794754950e+02,2.633973194801214959e+02,2.633193879375693882e+02,2.641298950512021975e+02,2.698503042276156521e+02,2.672293092252417637e+02,2.633138848677323267e+02,1.649862627843681257e+05,2.279460605883232205e+01,1.466332444394781476e+01
5.300000000000000000e+03,1.646000000000000000e+04,2.698726697693260235e+02,2.678732938470993759e+02,2.749806718804130128e+02,2.970947452935450883e+02,2.754158312591957838e+02,3.002997304195923789e+02,2.583808636700412080e+02,2.635777442157992709e+02,2.634997056848911257e+02,2.642200826710774777e+02,2.698888853454518539e+02,2.673111102405796373e+02,2.634057741023949575e+02,1.650667125299402687e+05,2.274374927445838779e+01,1.469877439741519609e+01
5.310000000000000000e+03,1.647000000000000000e+04,2.698809310906658538e+02,2.680419098412825178e+02,2.751623666606714096e+02,2.975953593565608344e+02,2.756084511585705741e+02,3.000722527462366997e+02,2.585883602998615061e+02,2.637570109842098418e+02,2.636788747220404048e+02,2.643108015324764324e+02,2.699276891235007270e+02,2.673933383782191981e+02,2.634982913409763796e+02,1.651462792918714695e+05,2.269044232672893102e+01,1.473376582356761944e+01
5.320000000000000000e+03,1.648000000000000000e+04,2.698896027231375569e+02,2.682098636299527357e+02,2.753417377853248809e+02,2.980899047476017358e+02,2.757994401856657305e+02,2.998386662126364399e+02,2.587954350473692102e+02,2.639350782391691155e+02,2.638568534965361323e+02,2.644020303901962166e+02,2.699667052009570511e+02,2.674759747573236268e+02,2.635914149505044293e+02,1.652249433367724414e+05,2.263469197445905934e+01,1.476828718325054979e+01
5.330000000000000000e+03,1.649000000000000000e+04,2.698986812088054990e+02,2.683771154536277663e+02,2.755187423726932821e+02,2.985782838643301602e+02,2.759887499489475431e+02,2.995989907974968673e+02,2.590020391293551256e+02,2.641119047023714757e+02,2.640336007274989925e+02,2.644937477885009685e+02,2.700059231125035240e+02,2.675590002828801630e+02,2.636851230598076654e+02,1.653026851169133442e+05,2.257650528626437847e+01,1.480232698307360906e+01
5.340000000000000000e+03,1.650000000000000000e+04,2.699081629821346269e+02,2.685436261943492013e+02,2.756933378710804163e+02,2.990604016902904050e+02,2.761763325499376833e+02,2.993532463197070683e+02,2.592081239160158361e+02,2.642874493716863640e+02,2.642090753986077516e+02,2.645859320651233020e+02,2.700453322886917817e+02,2.676423956913062057e+02,2.637793936055028894e+02,1.653794852727041871e+05,2.251588963966479540e+01,1.483587377883273462e+01
5.350000000000000000e+03,1.651000000000000000e+04,2.699180443708221446e+02,2.687093563311098592e+02,2.758654823488740249e+02,2.995361657806623157e+02,2.763621406529749152e+02,2.991014524554080936e+02,2.594136410672656439e+02,2.644616715247474303e+02,2.643832367752425512e+02,2.646785613582850374e+02,2.700849220673082982e+02,2.677261415155817872e+02,2.638742042730511344e+02,1.654553246353143186e+05,2.245285272014907463e+01,1.486891618839519325e+01
5.360000000000000000e+03,1.652000000000000000e+04,2.699283215949774331e+02,2.688742665290512832e+02,2.760351343268550863e+02,3.000054862595291070e+02,2.765461274528819331e+02,2.988436287542150467e+02,2.596185424839861753e+02,2.646345307272055152e+02,2.645560444149059549e+02,2.647716136072365316e+02,2.701246816868385281e+02,2.678102180994418973e+02,2.639695325350639905e+02,1.655301842289338238e+05,2.238740252020041410e+01,1.490144289811074252e+01
5.370000000000000000e+03,1.653000000000000000e+04,2.699389907678699956e+02,2.690383179099983977e+02,2.762022527315656362e+02,3.004682757721682265e+02,2.767282466818389253e+02,2.985797946563124015e+02,2.598227802691441752e+02,2.648059868387097140e+02,2.647274581625524661e+02,2.648650665601325613e+02,2.701646002928962389e+02,2.678946056128761484e+02,2.640653556726522311e+02,1.656040452731352707e+05,2.231954733828307269e+01,1.493344266749392091e+01
5.380000000000000000e+03,1.654000000000000000e+04,2.699500478960252394e+02,2.692014714202016989e+02,2.763667970694314135e+02,3.009244495089012048e+02,2.769084526124888725e+02,2.983099695083777192e+02,2.600263068146830392e+02,2.649760000188667277e+02,2.648974381612507614e+02,2.649588977780052232e+02,2.702046669412330857e+02,2.679792840438633448e+02,2.641616507442944908e+02,1.656768891851150256e+05,2.224929577779019851e+01,1.496490434018528148e+01
5.390000000000000000e+03,1.655000000000000000e+04,2.699614888781591162e+02,2.693636882702544426e+02,2.765287273083238233e+02,3.013739251633656977e+02,2.770867000617107010e+02,2.980341725799497681e+02,2.602290747646632099e+02,2.651445307332052153e+02,2.650659448619889531e+02,2.650530846407509671e+02,2.702448705981666990e+02,2.680642332080887513e+02,2.642583946123663168e+02,1.657486975817822968e+05,2.217665674595300018e+01,1.499581684996232589e+01
5.400000000000000000e+03,1.656000000000000000e+04,2.699733095089139283e+02,2.695249298217407272e+02,2.766880039069673103e+02,3.018166229116299064e+02,2.772629443901668083e+02,2.977524230791772197e+02,2.604310370356149633e+02,2.653115397576881378e+02,2.652329390248831942e+02,2.651476043795813666e+02,2.702852001519987653e+02,2.681494327536449873e+02,2.643555639440974687e+02,1.658194522818423575e+05,2.210163945271140662e+01,1.502616922780788045e+01
5.410000000000000000e+03,1.657000000000000000e+04,2.699855054757586004e+02,2.696851576051614074e+02,2.768445878620386225e+02,3.022524654098788233e+02,2.774371415093239648e+02,2.974647401685375598e+02,2.606321468190377573e+02,2.654769881905564262e+02,2.653983817265445850e+02,2.652424339626240908e+02,2.703256444043354350e+02,2.682348621662658275e+02,2.644531352176154542e+02,1.658891353077583190e+05,2.202425340954630784e+01,1.505595061005840307e+01
5.420000000000000000e+03,1.658000000000000000e+04,2.699980723610223095e+02,2.698443333279030867e+02,2.769984406427894896e+02,3.026813777422737530e+02,2.776092478808315605e+02,2.971711429804032605e+02,2.608323575951588964e+02,2.656408374480091084e+02,2.655622343657021247e+02,2.653375502955127558e+02,2.703661920814174096e+02,2.683205007749132847e+02,2.645510847264212657e+02,1.659577288876322855e+05,2.194450842827361114e+01,1.508515024426837314e+01
5.430000000000000000e+03,1.659000000000000000e+04,2.700110056420018054e+02,2.700024188810793362e+02,2.771495242502872998e+02,3.031032874159025710e+02,2.777792205195953557e+02,2.968716506324151965e+02,2.610316231297672402e+02,2.658030492779452061e+02,2.657244586686074967e+02,2.654329300853671612e+02,2.704068318358349643e+02,2.684063277566402803e+02,2.646493885854141581e+02,1.660252154570051061e+05,2.186241461980020873e+01,1.511375749664651735e+01
5.440000000000000000e+03,1.660000000000000000e+04,2.700243006917947923e+02,2.701593763468040947e+02,2.772978012024673831e+02,3.035181243314189601e+02,2.779470169960418957e+02,2.965662822423958005e+02,2.612298974888532257e+02,2.659635857627708901e+02,2.658850166955602958e+02,2.655285498867275464e+02,2.704475522498221380e+02,2.684923221426964233e+02,2.647480227366078225e+02,1.660915776606030122e+05,2.177798239284195958e+01,1.514176185890138449e+01
5.450000000000000000e+03,1.661000000000000000e+04,2.700379527800115511e+02,2.703151680055653401e+02,2.774432345333831336e+02,3.039258207538233592e+02,2.781125954376195182e+02,2.962550569434449130e+02,2.614271350597197738e+02,2.661224093248429767e+02,2.660438708437477544e+02,2.656243861062409906e+02,2.704883418384555966e+02,2.685784628238707228e+02,2.648469629550182844e+02,1.661567983539271809e+05,2.169122245260401627e+01,1.516915295502032279e+01
5.460000000000000000e+03,1.662000000000000000e+04,2.700519570735057187e+02,2.704697563442588262e+02,2.775857878177601492e+02,3.043263112946542606e+02,2.782759145316369995e+02,2.959379938985880472e+02,2.616232905116485767e+02,2.662794827321827142e+02,2.662009838559708328e+02,2.657204150096603712e+02,2.705291890536903452e+02,2.686647285574333637e+02,2.649461848550247964e+02,1.662208606049178052e+05,2.160214579942349644e+01,1.519592054709278806e+01
5.470000000000000000e+03,1.663000000000000000e+04,2.700663086369969506e+02,2.706231040637169372e+02,2.777254251486748444e+02,3.047195328682676632e+02,2.784369335268137320e+02,2.956151123152210971e+02,2.618183188581703007e+02,2.664347691033759702e+02,2.663563188262988319e+02,2.658166127277617079e+02,2.705700822877370229e+02,2.687510979719843931e+02,2.650456638960609439e+02,1.662837476953409496e+05,2.151076372737470876e+01,1.522205454236074118e+01
5.480000000000000000e+03,1.664000000000000000e+04,2.700810024340711379e+02,2.707751740861111784e+02,2.778621111481028834e+02,3.051054246709273912e+02,2.785956122351789190e+02,2.952864314594817188e+02,2.620121754532032128e+02,2.665882319128357949e+02,2.665098391968410283e+02,2.659129552627755402e+02,2.706110098760748315e+02,2.688375495748002209e+02,2.651453753891945553e+02,1.663454431222557614e+05,2.141708782283720680e+01,1.524754499918913275e+01
5.490000000000000000e+03,1.665000000000000000e+04,2.700960333281843759e+02,2.709259295629549342e+02,2.779958109851743302e+02,3.054839281494204215e+02,2.787519110334129664e+02,2.949519706703324573e+02,2.622048159628043322e+02,2.667398349955419690e+02,2.666615087743330150e+02,2.660094184949205101e+02,2.706519601028676334e+02,2.689240617577952435e+02,2.652452945033655283e+02,1.664059305993425078e+05,2.132112996302674190e+01,1.527238213248815768e+01
5.500000000000000000e+03,1.666000000000000000e+04,2.701113960834421732e+02,2.710753337949416277e+02,2.781264903794258316e+02,3.058549869688067133e+02,2.789057908694137495e+02,2.946117493734822119e+02,2.623961964065512120e+02,2.668895425540631550e+02,2.668112917498874026e+02,2.661059781840645542e+02,2.706929212010637116e+02,2.690106128016947196e+02,2.653453962691004904e+02,1.664651940581872477e+05,2.122290231448933895e+01,1.529655632085793826e+01
5.510000000000000000e+03,1.667000000000000000e+04,2.701270853658817259e+02,2.712233505923282451e+02,2.782541155487381843e+02,3.062185469797925634e+02,2.790572132479761649e+02,2.942657870950274628e+02,2.625862731437763387e+02,2.670373191578933074e+02,2.669591526143572082e+02,2.662026099926583811e+02,2.707338813630739196e+02,2.690971808915184624e+02,2.654456555963781739e+02,1.665232176494044252e+05,2.112241733155869383e+01,1.532005810859550365e+01
5.520000000000000000e+03,1.668000000000000000e+04,2.701430957443709531e+02,2.713699437433095909e+02,2.783786533141396262e+02,3.065745561870653546e+02,2.792061402521928244e+02,2.939141034753977806e+02,2.627750028740929906e+02,2.671831297545952566e+02,2.671050563060395575e+02,2.662992894714548129e+02,2.707748287378452687e+02,2.691837441119796495e+02,2.655460472648593964e+02,1.665799857438808540e+05,2.101968775477706686e+01,1.534287821544134189e+01
5.530000000000000000e+03,1.669000000000000000e+04,2.701594216920028089e+02,2.715150773869925160e+02,2.785000710132144945e+02,3.069229647122394908e+02,2.793525345352158524e+02,2.935567182821593519e+02,2.629623426855320645e+02,2.673269396664703663e+02,2.672489681185936092e+02,2.663959920775904493e+02,2.708157514367119916e+02,2.692702804599995829e+02,2.656465459407680783e+02,1.666354829337580013e+05,2.091472660927994198e+01,1.536500753995576218e+01
5.540000000000000000e+03,1.670000000000000000e+04,2.701760575869822674e+02,2.716587159190444822e+02,2.786183346182783680e+02,3.072637247308986161e+02,2.794963591994044805e+02,2.931936514226949271e+02,2.631482544356272797e+02,2.674687146058007556e+02,2.673908524698371707e+02,2.664926931798126475e+02,2.708566375374188056e+02,2.693567678494737265e+02,2.657471261765408599e+02,1.666896940324683674e+05,2.080754720314452655e+01,1.538643721917632767e+01
5.550000000000000000e+03,1.671000000000000000e+04,2.701929977142176540e+02,2.718008240145635455e+02,2.787334168574878959e+02,3.075967905163122964e+02,2.796375781773414815e+02,2.928249229587357263e+02,2.633326867247980658e+02,2.676084206681199475e+02,2.675306778349860224e+02,2.665893680648123905e+02,2.708974750881679938e+02,2.694431841226254392e+02,2.658477624380527118e+02,1.667426040790314146e+05,2.069816312570241479e+01,1.540715840438944895e+01
5.560000000000000000e+03,1.672000000000000000e+04,2.702102362664412567e+02,2.719413666347662684e+02,2.788452841859543696e+02,3.079221183542935592e+02,2.797761558631548269e+02,2.924505531177640023e+02,2.635156026099658106e+02,2.677460243431423805e+02,2.676684096901793737e+02,2.666859919450375855e+02,2.709382521116123144e+02,2.695295070535653963e+02,2.659484290818301702e+02,1.667941983347280766e+05,2.058658824581663538e+01,1.542716262245751757e+01
5.570000000000000000e+03,1.673000000000000000e+04,2.702277673457722926e+02,2.720803090286501629e+02,2.789539062780438599e+02,3.082396664981729941e+02,2.799120571967415572e+02,2.920705623057273783e+02,2.636969606805119497e+02,2.678814925206048656e+02,2.678040147093876726e+02,2.667825399656853165e+02,2.709789566092698578e+02,2.696157143557695690e+02,2.660491003809954123e+02,1.668444622859935625e+05,2.047283671012313633e+01,1.544644153961396960e+01
5.580000000000000000e+03,1.674000000000000000e+04,2.702455849647059267e+02,2.722176167304886008e+02,2.790592533082386808e+02,3.085493951444468053e+02,2.800452476908624249e+02,2.916849711207749465e+02,2.638767198686210804e+02,2.680147924797734049e+02,2.679374601074313205e+02,2.668789872105705854e+02,2.710195765637506611e+02,2.697017836897243228e+02,2.661497505287136960e+02,1.668933816448780708e+05,2.035692294123719392e+01,1.546498701666272346e+01
