phase_s,time_s,battery,bolts,frame,panel1,panel2,panel3,panel4,panel5,panel6,pcb1,pcb2,pcb3,pcb4,energy_J,absorbed_power_W,emitted_power_W
0.000000000000000000e+00,5.580000000000000000e+03,2.697217635312734387e+02,2.724898934653668903e+02,2.791781906959527646e+02,3.078125081307630353e+02,2.799407365911492320e+02,2.917119926507683090e+02,2.643931944433073795e+02,2.683712291945593051e+02,2.682918437133859015e+02,2.670000933262745662e+02,2.705840488194218096e+02,2.695105944868594179e+02,2.662971101752755771e+02,1.668753999628315796e+05,2.035692294123717971e+01,1.545782493534891877e+01
1.000000000000000000e+01,5.590000000000000000e+03,2.697427338393437140e+02,2.726204979094814576e+02,2.792781459140054494e+02,3.081097045339652141e+02,2.800678543413522448e+02,2.913376190833238297e+02,2.645753349914749606e+02,2.685001488544298240e+02,2.684210276103549973e+02,2.670997182289929697e+02,2.706254508406918831e+02,2.696007821223101928e+02,2.664018314609389222e+02,1.669237022288130247e+05,2.030620759978206280e+01,1.547598090876272892e+01
2.000000000000000000e+01,5.600000000000000000e+03,2.697640049087499392e+02,2.727495018254414845e+02,2.793789154211990535e+02,3.084004800057541615e+02,2.801935368210918682e+02,2.909763470393578473e+02,2.647744537312754574e+02,2.686282061956551956e+02,2.685493579591262687e+02,2.671992096845788183e+02,2.706668270472666791e+02,2.696908294992903166e+02,2.665064942356598294e+02,1.669729811766474159e+05,2.042305047644016014e+01,1.549515562054333273e+01
3.000000000000000000e+01,5.610000000000000000e+03,2.697855761153593903e+02,2.728770074481865890e+02,2.794813345959846629e+02,3.086850468796869791e+02,2.803180012328874682e+02,2.906267568301609572e+02,2.649891231251978070e+02,2.687555904974923351e+02,2.686770239867542500e+02,2.672985881110307673e+02,2.707082064516351920e+02,2.697807640747775508e+02,2.666111178277820386e+02,1.670232081644134887e+05,2.053773743232779836e+01,1.551503859002060715e+01
4.000000000000000000e+01,5.620000000000000000e+03,2.698074471330937172e+02,2.730031305677520095e+02,2.795856109781276473e+02,3.089635606583393042e+02,2.804414070686574405e+02,2.902880547320420987e+02,2.652185347927894554e+02,2.688824190107955019e+02,2.688041428879859609e+02,2.673978704646756910e+02,2.707496128228731891e+02,2.698706088243087606e+02,2.667157181128017100e+02,1.670743553754181485e+05,2.065025392622730394e+01,1.553553276010939044e+01
5.000000000000000000e+01,5.630000000000000000e+03,2.698296177514297369e+02,2.731279892627054551e+02,2.796917678453620510e+02,3.092361359736567010e+02,2.805638720740208782e+02,2.899596783743368178e+02,2.654621057781649824e+02,2.690087718123087370e+02,2.689307946783277430e+02,2.674970717181414557e+02,2.707910667899697046e+02,2.699603839676056509e+02,2.668203089976933597e+02,1.671263952906697523e+05,2.076058569211497939e+01,1.555659409886478173e+01
6.000000000000000000e+01,5.640000000000000000e+03,2.698520878221796693e+02,2.732516986649974342e+02,2.797997720435434985e+02,3.095028583891811991e+02,2.806854840606109178e+02,2.896411693479489031e+02,2.657193515418999823e+02,2.691347075963522570e+02,2.690570379854409566e+02,2.675962055908423736e+02,2.708325868849325389e+02,2.700501079214103584e+02,2.669249031518864967e+02,1.671793005484102760e+05,2.086871874096992840e+01,1.557819289680825037e+01
7.000000000000000000e+01,5.650000000000000000e+03,2.698748572423515952e+02,2.733743684990847100e+02,2.799095724458434233e+02,3.097637924520619777e+02,2.808063089472431102e+02,2.893321269365608259e+02,2.659898399589956171e+02,2.692602713329926019e+02,2.691829177093549674e+02,2.676952849348746213e+02,2.708741900965817990e+02,2.701397977926375233e+02,2.670295123898707175e+02,1.672330439019688638e+05,2.097463936254768058e+01,1.560030393342023913e+01
8.000000000000000000e+01,5.660000000000000000e+03,2.698979259474999708e+02,2.734961021409609998e+02,2.800211119875673376e+02,3.100189872109129396e+02,2.809263962880090730e+02,2.890321884637309040e+02,2.662731719228345924e+02,2.693854983381772286e+02,2.693084690959783529e+02,2.677943219502467400e+02,2.709158921824705430e+02,2.702294696675759269e+02,2.671341478912604543e+02,1.672875982043386321e+05,2.107833412711858045e+01,1.562290381193068711e+01
9.000000000000000000e+01,5.670000000000000000e+03,2.699212939084844152e+02,2.736169962697581468e+02,2.801343316031361610e+02,3.102684801077650718e+02,2.810457831802478381e+02,2.887410193949124277e+02,2.665689716356008603e+02,2.695104166479385981e+02,2.694337201085850779e+02,2.678933283051685521e+02,2.709577078618672203e+02,2.703191387829889436e+02,2.672388203190743639e+02,1.673429364006046962e+05,2.117978988717048949e+01,1.564597017481579400e+01
1.000000000000000000e+02,5.680000000000000000e+03,2.699449611288984556e+02,2.737371408822825742e+02,2.802491715238442680e+02,3.105122997702653720e+02,2.811644970685448470e+02,2.884583075259279212e+02,2.668768810139064271e+02,2.696350485231037055e+02,2.695586929334272668e+02,2.679923151985908589e+02,2.709996509348387121e+02,2.704088196289494590e+02,2.673435398830139889e+02,1.673990315230385459e+05,2.127899377907581879e+01,1.566948144415144561e+01
1.100000000000000000e+02,5.690000000000000000e+03,2.699689276422421926e+02,2.738566194747395457e+02,2.803655717248643100e+02,3.107504680531591248e+02,2.812825578011656944e+02,2.881837591542404766e+02,2.671965560272550988e+02,2.697594114714653415e+02,2.696834050120354505e+02,2.680912933903002795e+02,2.710417343604411258e+02,2.704985260108683747e+02,2.674483163692514722e+02,1.674558566871265648e+05,2.137593322472247692e+01,1.569341671708721719e+01
1.200000000000000000e+02,5.700000000000000000e+03,2.699931935088515047e+02,2.739755093058037119e+02,2.804834720473701282e+02,3.109830015453262604e+02,2.813999791608857208e+02,2.879170963516154984e+02,2.675276642047755331e+02,2.698835189862757034e+02,2.698078697651279185e+02,2.681902732112922649e+02,2.710839703101385112e+02,2.705882710860424822e+02,2.675531591514886145e+02,1.675133850882602856e+05,2.147059593310866887e+01,1.571775571120236137e+01
1.300000000000000000e+02,5.710000000000000000e+03,2.700177588135547353e+02,2.740938816982828712e+02,2.806028122830140319e+02,3.112099127050422567e+02,2.815167700175841219e+02,2.876580549169661936e+02,2.678698826769144148e+02,2.700073811112450244e+02,2.699320971644764882e+02,2.682892645636106863e+02,2.711263702054130817e+02,2.706780673861073296e+02,2.676580771900048603e+02,1.675715899988627643e+05,2.156296990190129392e+01,1.574247872468511389e+01
1.400000000000000000e+02,5.720000000000000000e+03,2.700426236611562558e+02,2.742118023507090356e+02,2.807235321419717593e+02,3.114312107142313266e+02,2.816329352037224680e+02,2.874063827849265067e+02,2.682228968614550695e+02,2.701310048612890000e+02,2.700560941532663151e+02,2.683882769141160907e+02,2.711689447483946651e+02,2.707679268300215654e+02,2.677630790260996037e+02,1.676304447657395503e+05,2.165304341895769724e+01,1.576756660473344773e+01
1.500000000000000000e+02,5.730000000000000000e+03,2.700677881758750232e+02,2.743293316496533407e+02,2.808455713290451286e+02,3.116469021362054264e+02,2.817484761945639775e+02,2.871618387558544896e+02,2.685863992032143415e+02,2.702543945820754061e+02,2.701798650233326384e+02,2.684873192866000409e+02,2.712117039397722351e+02,2.708578607325998746e+02,2.678681727733675757e+02,1.676899228078368469e+05,2.174080506381066868e+01,1.579300071564433416e+01
1.600000000000000000e+02,5.740000000000000000e+03,2.700932524945702653e+02,2.744465249681738328e+02,2.809688694539651124e+02,3.118569914204235829e+02,2.818633916321239212e+02,2.869241914615818132e+02,2.689600885185252537e+02,2.703775522307196297e+02,2.703034116442276513e+02,2.685864002498464060e+02,2.712546571057307574e+02,2.709478798106196678e+02,2.679733661102130782e+02,1.677499976143006352e+05,2.182624370911647915e+01,1.581876291268868329e+01
1.700000000000000000e+02,5.750000000000000000e+03,2.701190167654765446e+02,2.745634329531761750e+02,2.810933661635020826e+02,3.120614812962938345e+02,2.819776777423113572e+02,2.866932185072931247e+02,2.693436690150524555e+02,2.705004776222176019e+02,2.704267337680934702e+02,2.686855279166792911e+02,2.712978129211322766e+02,2.710379941875050918e+02,2.680786662634916411e+02,1.678106427428134484e+05,2.190934852206567385e+01,1.584483551150108127e+01
1.800000000000000000e+02,5.760000000000000000e+03,2.701450811435624928e+02,2.746801017997809140e+02,2.812190010656713639e+02,3.122603730840612570e+02,2.820913286653801038e+02,2.864687057529347385e+02,2.697368499112346854e+02,2.706231686101478431e+02,2.705498291917740517e+02,2.687847099277129246e+02,2.713411794163565673e+02,2.711282133990547436e+02,2.681840800140910801e+02,1.678718318180936622e+05,2.199010896575660468e+01,1.587120126376192886e+01
1.900000000000000000e+02,5.770000000000000000e+03,2.701714457882031297e+02,2.747965735008812089e+02,2.813457137833765955e+02,3.124536669386897074e+02,2.822043367215243279e+02,2.862504466984851206e+02,2.701393448767831842e+02,2.707456212791404369e+02,2.706726939348630481e+02,2.688839534491282279e+02,2.713847640049987717e+02,2.712185463978812550e+02,2.682896136800218869e+02,1.679335385309319536e+05,2.206851480053140691e+01,1.589784333114440606e+01
2.000000000000000000e+02,5.780000000000000000e+03,2.701981108583593709e+02,2.749128860887812493e+02,2.814734439586954977e+02,3.126413620453187718e+02,2.823166926277588118e+02,2.860382419556416380e+02,2.705508716621401391e+02,2.708678300822857068e+02,2.707953223879585494e+02,2.689832651674352064e+02,2.714285735001244575e+02,2.713090015572340690e+02,2.683952731142955486e+02,1.679957366371760145e+05,2.214455608527425312e+01,1.592474526125292478e+01
2.100000000000000000e+02,5.790000000000000000e+03,2.702250765115780951e+02,2.750290738584228620e+02,2.816021312692974448e+02,3.128234567765618408e+02,2.824283856741911904e+02,2.858318987865766303e+02,2.709711517622494625e+02,2.709897879712753479e+02,2.709177074411401804e+02,2.690826512832499589e+02,2.714726141308756269e+02,2.713995866858804789e+02,2.685010637011324093e+02,1.680583999572309549e+05,2.221822317867184893e+01,1.595189096427560926e+01
2.200000000000000000e+02,5.800000000000000000e+03,2.702523428972656347e+02,2.751451675757874114e+02,2.817317154437497493e+02,3.129999488200181759e+02,2.825394038716403884e+02,2.856312306987417173e+02,2.713999101364292983e+02,2.711114865085914403e+02,2.710398405972857176e+02,2.691821175224497438e+02,2.715168915643303080e+02,2.714903090223996287e+02,2.686069903532111312e+02,1.681215023754687863e+05,2.228950674043582580e+01,1.597926469087201795e+01
2.300000000000000000e+02,5.810000000000000000e+03,2.702799101571640676e+02,2.752611946697314806e+02,2.818621362824143830e+02,3.131708352825145312e+02,2.826497340799015205e+02,2.854360570843579126e+02,2.718368749738868360e+02,2.712329159692277472e+02,2.711617120717742750e+02,2.692816691078127178e+02,2.715614109185156622e+02,2.715811752509747521e+02,2.687130575099160978e+02,1.681850178402734455e+05,2.235839773248700268e+01,1.600685101119888287e+01
2.400000000000000000e+02,5.820000000000000000e+03,2.703077784193515640e+02,2.753771794151507493e+02,2.819933336664289527e+02,3.133361127764404728e+02,2.827593621092200920e+02,2.852462028975366479e+02,2.722817774867784806e+02,2.713540654286696849e+02,2.712833108822341046e+02,2.693813107836265317e+02,2.716061767863274099e+02,2.716721915070052091e+02,2.688192691367542011e+02,1.682489203639719053e+05,2.242488742010134217e+01,1.603463479459487928e+01
2.500000000000000000e+02,5.830000000000000000e+03,2.703359477964922348e+02,2.754931431022467905e+02,2.821252475754249076e+02,3.134957774912126069e+02,2.828682728136817559e+02,2.850614983634073951e+02,2.727343517369079109e+02,2.714749228439154649e+02,2.714046249285220824e+02,2.694810468055879937e+02,2.716511932490544723e+02,2.717633633858279154e+02,2.689256287247551995e+02,1.683131840230981761e+05,2.248896737301740245e+01,1.606260119045443346e+01
2.600000000000000000e+02,5.840000000000000000e+03,2.703644183825468872e+02,2.756091041952190608e+02,2.822578181003331110e+02,3.136498252537069789e+02,2.829764501691399232e+02,2.848817787130625447e+02,2.731943344838271059e+02,2.715954751259546356e+02,2.715256410652353338e+02,2.695808809446096461e+02,2.716964638955888631e+02,2.718546959508020109e+02,2.690321392947347476e+02,1.683777829588086752e+05,2.255062946650526712e+01,1.609073560989767770e+01
2.700000000000000000e+02,5.850000000000000000e+03,2.703931902502187086e+02,2.757250784813984410e+02,2.823909854580812180e+02,3.137982515789526587e+02,2.830838773442451952e+02,2.847068839419008555e+02,2.736614650548627878e+02,2.717157082058696460e+02,2.716463451683848689e+02,2.696808164879618630e+02,2.717419918384377979e+02,2.719461937419115429e+02,2.691388033950725003e+02,1.684426913775533321e+05,2.260986588239660477e+01,1.611902370842209109e+01
2.800000000000000000e+02,5.860000000000000000e+03,2.704222634476874987e+02,2.758410792171175672e+02,2.825246900052385399e+02,3.139410517144476671e+02,2.831905367619112326e+02,2.845366585868669063e+02,2.741354852299019171e+02,2.718356070956430131e+02,2.717667221908475312e+02,2.697808562421067791e+02,2.717877797311206223e+02,2.720378607851623656e+02,2.692456231051237978e+02,1.685078835518019914e+05,2.266666911007603602e+01,1.614745136919595581e+01
2.900000000000000000e+02,5.870000000000000000e+03,2.704516379959999881e+02,2.759571172268707642e+02,2.826588722491528642e+02,3.140782206773925509e+02,2.832964101550071518e+02,2.843709515209542928e+02,2.746161391435260271e+02,2.719551559440834581e+02,2.718867562377313902e+02,2.698810025356021924e+02,2.718338297848000593e+02,2.721297006002062062e+02,2.693526000370790712e+02,1.685733338210911606e+05,2.272103194743331400e+01,1.617600468775279410e+01
3.000000000000000000e+02,5.880000000000000000e+03,2.704813138866171585e+02,2.760732010763707649e+02,2.827934728616622237e+02,3.142097532871960084e+02,2.834014786172676850e+02,2.842096157634434803e+02,2.751031731985336251e+02,2.720743380882896645e+02,2.720064305886456850e+02,2.699812572225528129e+02,2.718801437798459801e+02,2.722217162115920246e+02,2.694597353410987921e+02,1.686390165931004449e+05,2.277294750177655303e+01,1.620466995639781160e+01
3.100000000000000000e+02,5.890000000000000000e+03,2.705112910784296787e+02,2.761893371537966004e+02,2.829284326887093926e+02,3.143356441935283669e+02,2.835057226489043387e+02,2.840525083010761591e+02,2.755963359901135163e+02,2.721931361017203699e+02,2.721257277651052959e+02,2.700816216911922538e+02,2.719267230870289609e+02,2.723139101545302196e+02,2.695670297057300218e+02,1.687049063448720553e+05,2.282240919070611795e+01,1.623343365021252893e+01
3.200000000000000000e+02,5.900000000000000000e+03,2.705415694957265487e+02,2.763055297871904941e+02,2.830636927640632621e+02,3.144558879045225694e+02,2.836091221977267196e+02,2.838994899238729204e+02,2.760953782415598425e+02,2.723115318394320639e+02,2.722446295704991144e+02,2.701820968496685964e+02,2.719735686791977969e+02,2.724062844845498716e+02,2.696744833742632181e+02,1.687709776243910019e+05,2.286941074294921350e+01,1.626228241356941595e+01
3.300000000000000000e+02,5.910000000000000000e+03,2.705721490254687751e+02,2.764217813460318780e+02,2.831991943233322786e+02,3.145704788085674295e+02,2.837116567014911652e+02,2.837504250684153249e+02,2.766000527418863157e+02,2.724295064796932593e+02,2.723631171328015057e+02,2.702826831576777522e+02,2.720206811440059482e+02,2.724988407884155777e+02,2.697820961167406040e+02,1.688372050519874028e+05,2.291394619915507036e+01,1.629120304725710255e+01
3.400000000000000000e+02,5.920000000000000000e+03,2.706030295150468419e+02,2.765380923402509552e+02,2.833348788015944706e+02,3.146794111884287872e+02,2.838133051213202407e+02,2.836051816731536519e+02,2.771101143150858661e+02,2.725470405633137148e+02,2.724811709430211408e+02,2.703833806129351842e+02,2.720680606980834000e+02,2.725915801895180266e+02,2.698898672699982626e+02,1.689035633220774180e+05,2.295600991265043689e+01,1.632018249608918836e+01
3.500000000000000000e+02,5.930000000000000000e+03,2.706342107696015091e+02,2.766544615114326007e+02,2.834706878562828933e+02,3.147826792463420134e+02,2.839140459768938172e+02,2.834636310405644508e+02,2.776253197603352874e+02,2.726641140311631943e+02,2.725987708929217206e+02,2.704841887596762717e+02,2.721157072005513555e+02,2.726845033574256831e+02,2.699977957235760755e+02,1.689700272049741470e+05,2.299559655015562853e+01,1.634920783758184371e+01
3.600000000000000000e+02,5.940000000000000000e+03,2.706656925504374840e+02,2.767708859195341802e+02,2.836065633732372362e+02,3.148802771189880332e+02,2.840138573785158087e+02,2.833256477082637161e+02,2.781454278218343461e+02,2.727807062592914349e+02,2.727158963097786568e+02,2.705851066934641267e+02,2.721636201644593029e+02,2.727776105154998163e+02,2.701058799268747634e+02,1.690365715488176211e+05,2.303270109246065545e+01,1.637826627060454143e+01
3.700000000000000000e+02,5.950000000000000000e+03,2.706974745722577609e+02,2.768873610248854220e+02,2.837424474760886142e+02,3.149721988921124307e+02,2.841127170572617615e+02,2.831911093267423212e+02,2.786701991601466943e+02,2.728967960920653582e+02,2.728325259900908009e+02,2.706861330673019097e+02,2.722117987689144911e+02,2.728709014489229503e+02,2.702141178922543077e+02,1.691031712815833744e+05,2.306731883506167335e+01,1.640734510524318068e+01
3.800000000000000000e+02,5.960000000000000000e+03,2.707295565012265683e+02,2.770038807674648638e+02,2.838782825337929694e+02,3.150584386143559641e+02,2.842106023924204692e+02,2.830598965427271878e+02,2.791993963289490921e+02,2.730123618744007103e+02,2.729486382305385632e+02,2.707872660957802964e+02,2.722602418700996623e+02,2.729643755121708750e+02,2.703225072060643583e+02,1.691698014132652315e+05,2.309944538875742737e+01,1.643643175275993684e+01
3.900000000000000000e+02,5.970000000000000000e+03,2.707619379530546553e+02,2.771204376368903013e+02,2.840140111732860078e+02,3.151389903096413150e+02,2.843074904411250259e+02,2.829318928915092215e+02,2.797327837560341095e+02,2.731273814812640808e+02,2.730642108602929738e+02,2.708885035573887308e+02,2.723089480118546248e+02,2.730580316363684688e+02,2.704310450213352510e+02,1.692364370380916807e+05,2.312907668020576679e+01,1.646551371649726647e+01
4.000000000000000000e+02,5.980000000000000000e+03,2.707946184905937344e+02,2.772370227501803583e+02,2.841495762832078071e+02,3.152138479890295457e+02,2.844033579607674938e+02,2.828069846918943426e+02,2.802701277278209773e+02,2.732418323465462322e+02,2.731792212656428092e+02,2.709898428069489000e+02,2.723579154357330481e+02,2.731518683361666149e+02,2.705397280742753310e+02,1.693030533368345350e+05,2.315620895244014577e+01,1.649457858280554845e+01
4.100000000000000000e+02,5.990000000000000000e+03,2.708275976219453014e+02,2.773536259122588490e+02,2.842849210265054580e+02,3.152830056616853085e+02,2.844981814360971839e+02,2.826850609480384264e+02,2.808111963799289583e+02,2.733556914907620694e+02,2.732936464209531096e+02,2.710912807722033904e+02,2.724071420906311687e+02,2.732458837166576586e+02,2.706485526819622009e+02,1.693696255792563315e+05,2.318083876534590004e+01,1.652361401303647170e+01
4.200000000000000000e+02,6.000000000000000000e+03,2.708608747988281493e+02,2.774702356818619933e+02,2.844199888465814752e+02,3.153464573448827650e+02,2.845919371012095098e+02,2.825660132558101623e+02,2.813557596904311140e+02,2.734689355470622445e+02,2.734074629132235827e+02,2.711928139626166967e+02,2.724566256423664754e+02,2.733400754815309028e+02,2.707575147489775418e+02,1.694361291266225162e+05,2.320296299609649537e+01,1.655260773560216592e+01
4.300000000000000000e+02,6.010000000000000000e+03,2.708944494141718451e+02,2.775868394316178183e+02,2.845547234768872613e+02,3.154041970734646156e+02,2.846846009630916114e+02,2.824497357139428004e+02,2.819035894770374853e+02,2.735815407862350526e+02,2.735206469678048506e+02,2.712944384770967190e+02,2.725063634794769314e+02,2.734344409342662630e+02,2.708666097720392827e+02,1.695025394342595246e+05,2.322257883954940638e+01,1.658154753878509879e+01
4.400000000000000000e+02,6.020000000000000000e+03,2.709283208006249879e+02,2.777034234065706073e+02,2.846890689463580202e+02,3.154562189089045887e+02,2.847761488213328676e+02,2.823361248391920526e+02,2.824544593962910994e+02,2.736934831409511730e+02,2.736331744720925485e+02,2.713961500038171835e+02,2.725563527288074397e+02,2.735289769908686139e+02,2.709758328442538300e+02,1.695688320542171132e+05,2.323968380860183913e+01,1.661042126388119655e+01
4.500000000000000000e+02,6.030000000000000000e+03,2.709624882285000353e+02,2.778199727727698587e+02,2.848229695910978307e+02,3.155025169472626771e+02,2.848665562907099797e+02,2.822250794857663436e+02,2.830081449490029399e+02,2.738047382287059008e+02,2.737450209986867549e+02,2.714979438291396718e+02,2.726065902542562753e+02,2.736236801817785818e+02,2.710851786591745167e+02,1.696349826379435253e+05,2.325427573450604157e+01,1.663921679889945437e+01
4.600000000000000000e+02,6.040000000000000000e+03,2.709969509039843842e+02,2.779364717076084617e+02,2.849563700529661219e+02,3.155430853280649899e+02,2.849557988173536955e+02,2.821165007685274304e+02,2.835644234806439954e+02,2.739152813744422019e+02,2.738561618272124178e+02,2.715998148362807001e+02,2.726570726698957969e+02,2.737185466582742492e+02,2.711946415195934605e+02,1.697009669391434290e+05,2.326635276714426936e+01,1.666792207247667790e+01
4.700000000000000000e+02,6.050000000000000000e+03,2.710317079674921956e+02,2.780529033721978749e+02,2.850892152961350803e+02,3.155779182355215084e+02,2.850438517026768750e+02,2.820102919898464506e+02,2.841230741965765105e+02,2.740250876311176853e+02,2.739665719648122604e+02,2.717017575274014689e+02,2.727077963445742057e+02,2.738135722000905616e+02,2.713042153583568279e+02,1.697667608165462152e+05,2.327591337526340354e+01,1.669652504846478536e+01
4.800000000000000000e+02,6.060000000000000000e+03,2.710667584916405985e+02,2.781692500493089710e+02,2.852214506232976419e+02,3.156070099258650998e+02,2.851306901164469991e+02,2.819063585697697363e+02,2.846838781767510795e+02,2.741341318009546058e+02,2.740762261712821442e+02,2.718037660048574935e+02,2.727587574112865809e+02,2.739087522155604120e+02,2.714138936456110400e+02,1.698323402368231618e+05,2.328295634666905656e+01,1.672501372181569579e+01
4.900000000000000000e+02,6.070000000000000000e+03,2.711021014797968292e+02,2.782854931050237610e+02,2.853530216573734606e+02,3.156303547049420786e+02,2.852162891196087458e+02,2.818046079792463843e+02,2.852466183773611874e+02,2.742423884544401744e+02,2.741850989727159913e+02,2.719058339921787137e+02,2.728099517688996798e+02,2.740040817506664439e+02,2.715236695600401617e+02,1.698976812775003491e+05,2.328748078837928048e+01,1.675337611268002291e+01
5.000000000000000000e+02,6.080000000000000000e+03,2.711377358641875048e+02,2.784016130978684487e+02,2.854838743657898021e+02,3.156479469535458975e+02,2.853006236768538884e+02,2.817049496768189556e+02,2.858110796520127224e+02,2.743498319509174621e+02,2.742931646834243224e+02,2.720079548347402465e+02,2.728613750910797080e+02,2.740995554929405102e+02,2.716335358713973847e+02,1.699627601299521630e+05,2.328948612673781327e+01,1.678160026286508355e+01
5.100000000000000000e+02,6.090000000000000000e+03,2.711736605045937836e+02,2.785175897950553576e+02,2.856139550638266655e+02,3.156597811296943519e+02,2.853836686738884509e+02,2.816072950475472112e+02,2.863770487693282121e+02,2.744564364553767746e+02,2.744003974241577453e+02,2.721101215046715538e+02,2.729130228354924839e+02,2.741951677759889776e+02,2.717434849758534483e+02,1.700275531024373486e+05,2.328897210748677793e+01,1.680967423210692147e+01
5.200000000000000000e+02,6.100000000000000000e+03,2.712098741859297206e+02,2.786334022144309870e+02,2.857432104225689500e+02,3.156658517738384262e+02,2.854653989340927183e+02,2.815115573451720365e+02,2.869443144315557674e+02,2.745621759563175601e+02,2.745067711400983512e+02,2.722123266062470179e+02,2.729648902402188924e+02,2.742909125836195017e+02,2.718535089043250537e+02,1.700920366230738582e+05,2.328593879579892700e+01,1.683758609473538925e+01
5.300000000000000000e+02,6.110000000000000000e+03,2.712463756177969003e+02,2.787490286574665106e+02,2.858715874765701983e+02,3.156661535148341500e+02,2.855457892351483338e+02,2.814176516383688522e+02,2.875126672944269330e+02,2.746670242865751561e+02,2.746122596174294586e+02,2.723145623798116048e+02,2.730169723269744964e+02,2.743867835521649567e+02,2.719635993251828268e+02,1.701561872430251678e+05,2.328038657626941088e+01,1.686532393691964060e+01
5.400000000000000000e+02,6.120000000000000000e+03,2.712831634313203040e+02,2.788644467626849064e+02,2.859990336191199845e+02,3.156606810753976333e+02,2.856248143149566658e+02,2.813254947509562385e+02,2.880818999882436060e+02,2.747709551330689237e+02,2.747168365002971768e+02,2.724168207081285686e+02,2.730692639410265201e+02,2.744827739829923985e+02,2.720737475490296902e+02,1.702199816394714580e+05,2.327231615286697775e+01,1.689287585355313226e+01
5.500000000000000000e+02,6.130000000000000000e+03,2.713202361796718378e+02,2.789796335330784132e+02,2.861254966268894577e+02,3.156494292774452788e+02,2.857024488977565966e+02,2.812350052210999820e+02,2.886518071415532631e+02,2.748739420583543733e+02,2.748204753066199828e+02,2.725190931137171333e+02,2.731217596998592398e+02,2.745788768346873212e+02,2.721839445334671836e+02,1.702833966188856284e+05,2.326172854884471519e+01,1.692022994680955961e+01
5.600000000000000000e+02,6.140000000000000000e+03,2.713575923346562604e+02,2.790945653477845099e+02,2.862509246544496477e+02,3.156323930473174642e+02,2.857786677014635757e+02,2.811461032465703056e+02,2.892221854051779246e+02,2.749759585137077806e+02,2.749231494437083825e+02,2.726213707888969111e+02,2.731744540314018650e+02,2.746750847338939820e+02,2.722941808869902616e+02,1.703464091200417606e+05,2.324862510661035486e+01,1.694737432410101619e+01
5.700000000000000000e+02,6.150000000000000000e+03,2.713952302858359644e+02,2.792092180353333788e+02,2.863752662428523195e+02,3.156095674210645825e+02,2.858534454511754461e+02,2.810587106396209833e+02,2.897928334763007570e+02,2.750769778556615393e+02,2.750248322234573379e+02,2.727236445641802902e+02,2.732273411753058667e+02,2.747713899777724009e+02,2.724044468737749867e+02,1.704089962172290834e+05,2.323300748755602285e+01,1.697429709674818810e+01
5.800000000000000000e+02,6.160000000000000000e+03,2.714331483392109590e+02,2.793235668902694897e+02,2.864984703255962586e+02,3.155809475485577309e+02,2.859267568921814586e+02,2.809727507821091876e+02,2.903635521242807158e+02,2.751769733596912033e+02,2.751254968766514821e+02,2.728259049385840740e+02,2.732804151834345703e+02,2.748677845276603762e+02,2.725147324187144022e+02,1.704711351233461464e+05,2.321487767184760997e+01,1.700098637891754905e+01
5.900000000000000000e+02,6.170000000000000000e+03,2.714713447164374429e+02,2.794375866679746423e+02,2.866204862355637033e+02,3.155465286993641030e+02,2.859985768026716073e+02,2.808881485837703735e+02,2.909341442169123866e+02,2.752759182344146893e+02,2.752251165669384250e+02,2.729281420755158933e+02,2.733336699230790146e+02,2.749642600498387992e+02,2.726250271100557825e+02,1.705328031932311424e+05,2.319423795817370149e+01,1.702743028706822770e+01
6.000000000000000000e+02,6.180000000000000000e+03,2.715098175516171750e+02,2.795512516760231279e+02,2.867412637091634338e+02,3.155063062667187523e+02,2.860688800044806612e+02,2.808048304407523119e+02,2.915044147462323281e+02,2.753737856355467102e+02,2.753236644048220683e+02,2.730303458101959677e+02,2.733870990818399491e+02,2.750608078699676184e+02,2.727353202065656887e+02,1.705939779265936813e+05,2.317109096345413377e+01,1.705361693959098801e+01
6.100000000000000000e+02,6.190000000000000000e+03,2.715485648915077945e+02,2.796645357593059771e+02,2.868607528974185357e+02,3.154602757726426603e+02,2.861376413783364114e+02,2.807227241971691001e+02,2.920741708587638641e+02,2.754705486790212490e+02,2.754211134611500711e+02,2.731325056527484207e+02,2.734406961703759862e+02,2.751574189922141613e+02,2.728456006400222691e+02,1.706546369713274180e+05,2.314543962250817088e+01,1.707953445713247476e+01
6.200000000000000000e+02,6.200000000000000000e+03,2.715875846936718290e+02,2.797774123405482101e+02,2.869789043633352321e+02,3.154084328720503549e+02,2.862048358697908839e+02,2.806417591067718149e+02,2.926432218784940460e+02,2.755661804539277000e+02,2.755174367794486443e+02,2.732346107967123316e+02,2.734944545260474342e+02,2.752540841229422881e+02,2.729558570208067181e+02,1.707147581266404595e+05,2.311728718768242175e+01,1.710517096270764270e+01
6.300000000000000000e+02,6.210000000000000000e+03,2.716268748247499616e+02,2.798898544450983081e+02,2.870956690940006411e+02,3.153507733576366263e+02,2.862704385034083430e+02,2.805618657979703130e+02,2.932113793370355097e+02,2.756606540351043009e+02,2.756126073888805195e+02,2.733366501189516384e+02,2.735483673160442777e+02,2.753507936541875551e+02,2.730660776420719458e+02,1.707743193461302726e+05,2.308663722843849087e+01,1.713051458266228622e+01
6.400000000000000000e+02,6.220000000000000000e+03,2.716664330599453478e+02,2.800018347264098679e+02,2.872109985039595585e+02,3.152872931640227989e+02,2.863344243926745207e+02,2.804829762387153664e+02,2.937784570006489275e+02,2.757539424953442904e+02,2.757065983159063762e+02,2.734386121882776024e+02,2.736024275403256070e+02,2.754475376721896964e+02,2.731762504843668466e+02,1.708332987409827765e+05,2.305349363090032710e+01,1.715555344770208634e+01
6.500000000000000000e+02,6.230000000000000000e+03,2.717062570810468856e+02,2.801133254943847533e+02,2.873248444404385396e+02,3.152179883724290335e+02,2.863967687497971610e+02,2.804050237038475757e+02,2.943442708974970969e+02,2.758460189171001389e+02,2.757993825965277779e+02,2.735404852669212232e+02,2.736566280350251645e+02,2.755443059606537872e+02,2.732863632206693865e+02,1.708916745830301661e+05,2.301786059736159729e+01,1.718027569436746660e+01
6.600000000000000000e+02,6.240000000000000000e+03,2.717463444755859427e+02,2.802242987001920937e+02,2.874371591958307590e+02,3.151428552148303197e+02,2.864574469003743502e+02,2.803279427432005377e+02,2.949086393472616123e+02,2.759368564039049261e+02,2.758909332881502223e+02,2.736422573238675682e+02,2.737109614744167629e+02,2.756410880026623431e+02,2.733964032186073609e+02,1.709494253078421461e+05,2.297974264575278980e+01,1.720466946694906341e+01
6.700000000000000000e+02,6.250000000000000000e+03,2.717866927354765494e+02,2.803347260638503258e+02,2.875478954906989202e+02,3.150618900781277034e+02,2.865164342784593146e+02,2.802516691508751023e+02,2.954713829813816233e+02,2.760264280917160704e+02,2.759812234796323196e+02,2.737439160284974378e+02,2.737654203751840214e+02,2.757378729867797915e+02,2.735063575523395798e+02,1.710065295177529915e+05,2.293914460906846742e+01,1.722872291886916329e+01
6.800000000000000000e+02,6.260000000000000000e+03,2.718272992563047410e+02,2.804445789722955169e+02,2.876570065088591832e+02,3.149750895094457519e+02,2.865737064539277981e+02,2.801761399372052779e+02,2.960323247773127378e+02,2.761147071600009895e+02,2.760702263022138254e+02,2.738454487630431231e+02,2.738199970980749640e+02,2.758346498073813109e+02,2.736162129959116101e+02,1.710629659849912277e+05,2.289607163475441354e+01,1.725242421580641050e+01
6.900000000000000000e+02,6.270000000000000000e+03,2.718681613354062847e+02,2.805538285669164225e+02,2.877644458831123302e+02,3.148824502187052303e+02,2.866292391318572754e+02,2.801012932988023749e+02,2.965912900809383359e+02,2.762016668418831387e+02,2.761579149412686434e+02,2.739468426256324847e+02,2.738746838512437307e+02,2.759314070699090280e+02,2.737259560394257960e+02,1.711187136545247922e+05,2.285052918405500577e+01,1.727576153796225000e+01
7.000000000000000000e+02,6.280000000000000000e+03,2.719092761715234019e+02,2.806624457516959410e+02,2.878701677059441408e+02,3.147839690840086178e+02,2.866830081627970230e+02,2.800270685930006493e+02,2.971481066329234864e+02,2.762872804345148552e+02,2.762442626453914158e+02,2.740480844360616857e+02,2.739294726922240102e+02,2.760281330938958604e+02,2.738355728867642824e+02,1.711737516470921692e+05,2.280252303132084890e+01,1.729872308300962658e+01
7.100000000000000000e+02,6.290000000000000000e+03,2.719506408635156731e+02,2.807704012158684463e+02,2.879741265349327932e+02,3.146796431557280584e+02,2.867349895524691874e+02,2.799534063121384406e+02,2.977026045931048088e+02,2.763715213092988279e+02,2.763292427377382978e+02,2.741491607404851720e+02,2.739843555312767762e+02,2.761248159085980092e+02,2.739450494630700632e+02,1.712280592621544492e+05,2.275205926327652151e+01,1.732129706936479607e+01
7.200000000000000000e+02,6.300000000000000000e+03,2.719922524096718348e+02,2.808776654485784547e+02,2.880762773939947579e+02,3.145694696607695846e+02,2.867851594674017974e+02,2.798802480568911051e+02,2.982546165648798251e+02,2.764543629215087321e+02,2.764128286238601504e+02,2.742500578171186589e+02,2.740393241336720394e+02,2.762214432752352877e+02,2.740543714189039974e+02,1.712816159807126096e+05,2.269914427824895142e+01,1.734347173946326848e+01
7.300000000000000000e+02,6.310000000000000000e+03,2.720341077060625139e+02,2.809842087410058866e+02,2.881765757871011147e+02,3.144534460065335111e+02,2.868334942491489983e+02,2.798075365143023419e+02,2.988039776202627422e+02,2.765357788198529647e+02,2.764949938020389482e+02,2.743507616801480253e+02,2.740943701216529007e+02,2.763180026717331543e+02,2.741635241361979070e+02,1.713344014681570115e+05,2.264378478535607542e+01,1.736523536373948673e+01
7.400000000000000000e+02,6.320000000000000000e+03,2.720762035466875091e+02,2.810900012676464712e+02,2.882749776853297590e+02,3.143315697852818857e+02,2.868799704105774140e+02,2.797352154337726233e+02,2.993505253169237221e+02,2.766157426558271482e+02,2.765757118747496861e+02,2.744512580890362869e+02,2.741494849787163162e+02,2.764144813014869442e+02,2.742724927311706438e+02,1.713863955770368339e+05,2.258598780365626979e+01,1.738657624411326452e+01
7.500000000000000000e+02,6.330000000000000000e+03,2.721185366214608621e+02,2.811950130238802217e+02,2.883714395564044821e+02,3.142038387780509083e+02,2.869245646603468458e+02,2.796632295906930494e+02,2.998940997253764067e+02,2.766942281917277455e+02,2.766549565532928341e+02,2.745515325497109416e+02,2.742046600507309222e+02,2.765108661046621705e+02,2.743812620643126934e+02,1.714375783498011879e+05,2.252576066125834231e+01,1.740748271829727400e+01
7.600000000000000000e+02,6.340000000000000000e+03,2.721611035167890122e+02,2.812992138860560090e+02,2.884659183340751838e+02,3.140702509600448025e+02,2.869672538851484660e+02,2.795915248283199617e+02,3.004345434476654191e+02,2.767712093106974862e+02,2.767327016690142045e+02,2.746515703214138853e+02,2.742598865488907904e+02,2.766071437482767124e+02,2.744898167398949909e+02,1.714879300215222174e+05,2.246311099439240166e+01,1.742794316504542707e+01
7.700000000000000000e+02,6.350000000000000000e+03,2.722039007138202464e+02,2.814025736212890934e+02,2.885583714660943428e+02,3.139308045029247296e+02,2.870080151877709795e+02,2.795200479336422177e+02,3.009717016352869905e+02,2.768466600245692462e+02,2.768089211819280422e+02,2.747513564235939043e+02,2.743151555532596717e+02,2.767033006425668304e+02,2.745981411148010238e+02,1.715374310224141809e+05,2.239804674644170390e+01,1.744794600718911326e+01
7.800000000000000000e+02,6.360000000000000000e+03,2.722469245879765936e+02,2.815050619036953776e+02,2.886487568872660177e+02,3.137854977811410890e+02,2.870468258739053340e+02,2.794487466937938507e+02,3.015054220091869297e+02,2.769205544825568950e+02,2.768835891883339855e+02,2.748508756404196447e+02,2.743704580103606645e+02,2.767993229384081246e+02,2.747062193017304139e+02,1.715860619804893213e+05,2.233057616693544389e+01,1.746747971748404638e+01
7.900000000000000000e+02,6.370000000000000000e+03,2.722901714089765619e+02,2.816066483258014159e+02,2.887370330311985640e+02,3.136343293742166338e+02,2.870836634632922824e+02,2.793775698556672182e+02,3.020355548749463424e+02,2.769928669791878519e+02,2.769566799300774278e+02,2.749501125259300807e+02,2.744257847446112351e+02,2.768951965321876401e+02,2.748140351780186279e+02,1.716338037240399281e+05,2.226070781050284353e+01,1.748653282328773528e+01
8.000000000000000000e+02,6.380000000000000000e+03,2.723336373393515828e+02,2.817073024212835435e+02,2.888231588353741017e+02,3.134772980723757314e+02,2.871185056965403533e+02,2.793064671072121428e+02,3.025619531394397654e+02,2.770635719620194095e+02,2.770281678005910635e+02,2.750490514124747392e+02,2.744811264543740208e+02,2.769909070708046102e+02,2.749215723875928461e+02,1.716806372840622207e+05,2.218845053578846205e+01,1.750509391166034590e+01
8.100000000000000000e+02,6.390000000000000000e+03,2.723773184348984842e+02,2.818069936721767590e+02,2.889070937460429604e+02,3.133144028799989087e+02,2.871513305426232705e+02,2.792353890610496592e+02,3.030844723245921273e+02,2.771326440393422672e+02,2.770980273537567200e+02,2.751476764125718546e+02,2.745364737164770759e+02,2.770864399543584113e+02,2.750288143485814771e+02,1.717265438966434449e+05,2.211381350432903758e+01,1.752315163467391557e+01
8.200000000000000000e+02,6.400000000000000000e+03,2.724212106433359395e+02,2.819056915284352272e+02,2.889887977205504512e+02,3.131456430203119226e+02,2.871821162042691071e+02,2.791642872359482226e+02,3.036029705810489077e+02,2.772000579882428610e+02,2.771662333112303145e+02,2.752459714273147711e+02,2.745918169891522780e+02,2.771817803432657001e+02,2.751357442565382598e+02,1.717715050052881124e+05,2.203680617939190967e+01,1.754069471482904774e+01
8.300000000000000000e+02,6.410000000000000000e+03,2.724653098047265871e+02,2.820033654191719279e+02,2.890682312314278306e+02,3.129710179395775071e+02,2.872108411240543546e+02,2.790931140417347933e+02,3.041173086989802528e+02,2.772657887608430656e+02,2.772327605694510453e+02,2.753439201544371713e+02,2.746471466096654694e+02,2.772769131595173349e+02,2.752423450962107268e+02,1.718155022631354223e+05,2.195743832477509017e+01,1.755771195060589918e+01
8.400000000000000000e+02,6.420000000000000000e+03,2.725096116509140529e+02,2.820999847695146627e+02,2.891453552672791147e+02,3.127905273113246380e+02,2.872374839887374947e+02,2.790218227623710163e+02,3.046273501173714067e+02,2.773298114922516788e+02,2.772975842067174881e+02,2.754415060904160555e+02,2.747024528160292220e+02,2.773718230934366602e+02,2.753485996401102511e+02,1.718585175352016231e+05,2.187572000356936641e+01,1.757419222199066766e+01
8.500000000000000000e+02,6.430000000000000000e+03,2.725541118052422007e+02,2.821955190099948254e+02,2.892201313429989114e+02,3.126041710404860510e+02,2.872620237391883506e+02,2.789503675418729927e+02,3.051329609351839736e+02,2.773921015070138765e+02,2.773606794904360981e+02,2.755387125385306035e+02,2.747577257212780069e+02,2.774664946054592747e+02,2.754544904583250400e+02,1.719005329003816587e+05,2.179166157688241157e+01,1.759012449651049437e+01
8.600000000000000000e+02,6.440000000000000000e+03,2.725988057823515192e+02,2.822899375919111549e+02,2.892925214965644045e+02,3.124119492678531174e+02,2.872844395722628406e+02,2.788787033689051782e+02,3.056340099161603803e+02,2.774526343261435386e+02,2.774220218834385605e+02,2.756355226154477123e+02,2.748129553355855705e+02,2.775609119367610447e+02,2.755599999240899365e+02,1.719415306535767741e+05,2.170527370252503374e+01,1.760549783488784570e+01
8.700000000000000000e+02,6.450000000000000000e+03,2.726436889880469039e+02,2.823832100000865921e+02,2.893624882945112518e+02,3.122138623746399162e+02,2.873047109468892018e+02,2.788067860618152167e+02,3.061303684953612105e+02,2.775113856734330966e+02,2.774815870507100044e+02,2.757319192567657637e+02,2.748681315648074133e+02,2.776550591087687962e+02,2.756651102223988232e+02,1.719814933075953159e+05,2.161656733365993333e+01,1.762030139701780129e+01
8.800000000000000000e+02,6.460000000000000000e+03,2.726887567198047009e+02,2.824753057635963387e+02,2.894299948382220578e+02,3.120099109865526543e+02,2.873228175913059204e+02,2.787345722536583139e+02,3.066219107829634822e+02,2.775683314821390013e+02,2.775393508667401079e+02,2.758278852239023990e+02,2.749232442128850948e+02,2.777489199303784062e+02,2.757698033464482705e+02,1.720204035950954421e+05,2.152555371741287615e+01,1.763452444801033181e+01
8.900000000000000000e+02,6.470000000000000000e+03,2.727340041660312409e+02,2.825661944695729062e+02,2.894950047627718277e+02,3.118000959772889473e+02,2.873387395064004295e+02,2.786620193779379520e+02,3.071085135669135298e+02,2.776234479008778067e+02,2.775952894211359876e+02,2.759234031107572491e+02,2.749782829851409360e+02,2.778424780031995738e+02,2.758740611176982611e+02,1.720582444703378133e+05,2.143224439344672305e+01,1.764815636410671118e+01
9.000000000000000000e+02,6.480000000000000000e+03,2.727794264071015391e+02,2.826558457740875383e+02,2.895574822070346386e+02,3.115844184742538800e+02,2.873524569652489618e+02,2.785890857416285371e+02,3.075900563138282564e+02,2.776767112863095690e+02,2.776493790148031167e+02,2.760184553496969784e+02,2.750332374911993156e+02,2.779357167269941442e+02,2.759778651836159611e+02,1.720949991109929979e+05,2.133665119249828734e+01,1.766118663995488447e+01
9.100000000000000000e+02,6.490000000000000000e+03,2.728250184143437309e+02,2.827442294149889221e+02,2.896173919436010920e+02,3.113628798634213126e+02,2.873639505325167534e+02,2.785157302133604844e+02,3.080664211682158680e+02,2.777280982602870267e+02,2.777015961969180466e+02,2.761130242185771522e+02,2.750880972481753588e+02,2.780286193054289470e+02,2.760811970257958592e+02,1.721306509197055711e+05,2.123878623487830097e+01,1.767360489076970609e+01
9.200000000000000000e+02,6.500000000000000000e+03,2.728707750516093711e+02,2.828313152139124895e+02,2.896746991712782346e+02,3.111354817910960833e+02,2.873732010546126503e+02,2.784419126921822567e+02,3.085374929510770698e+02,2.777775856409809876e+02,2.777519177151945655e+02,2.762070918471051755e+02,2.751428516836833751e+02,2.781211687519966063e+02,2.761840379670774155e+02,1.721651835258080973e+05,2.113866192893468821e+01,1.768540086476377127e+01
9.300000000000000000e+02,6.510000000000000000e+03,2.729166910746250210e+02,2.829170731054683756e+02,2.897293697108303832e+02,3.109022261693494329e+02,2.873801896720362947e+02,2.783675936607381800e+02,3.090031591543987020e+02,2.778251505002347699e+02,2.778003205815937804e+02,2.763006402246632547e+02,2.751974901393441542e+02,2.782133478936841584e+02,2.762863691836781754e+02,1.721985807866898249e+05,2.103629096947931743e+01,1.769656444355198843e+01
9.400000000000000000e+02,6.520000000000000000e+03,2.729627611319843936e+02,2.830014731479300281e+02,2.897813699072738132e+02,3.106631151823065693e+02,2.873848978195916288e+02,2.782927343977919463e+02,3.094633099375200231e+02,2.778707701479065690e+02,2.778467820483205628e+02,2.763936512056609445e+02,2.752520018742558250e+02,2.783051393809548699e+02,2.763881716865265616e+02,1.722308267893419252e+05,2.093168633617837315e+01,1.770708565112507316e+01
9.500000000000000000e+02,6.530000000000000000e+03,2.730089797653593564e+02,2.830844855021484250e+02,2.898306666549959232e+02,3.104181512885773486e+02,2.873873072325229714e+02,2.782172969160429261e+02,3.099178381198402121e+02,2.779144221458022344e+02,2.778912796109033252e+02,2.764861065176201009e+02,2.753063760677260916e+02,2.783965256909926893e+02,2.764894263680376412e+02,1.722619058516460354e+05,2.082486129190670709e+01,1.771695465929821367e+01
9.600000000000000000e+02,6.540000000000000000e+03,2.730553414103202954e+02,2.831660804791783903e+02,2.898772274029425944e+02,3.101673372251503906e+02,2.873873999509258397e+02,2.781412439422695115e+02,3.103666391712195605e+02,2.779560843122058031e+02,2.779337910185397504e+02,2.765779877674767704e+02,2.753606018230759673e+02,2.784874891343400236e+02,2.765901139822033201e+02,1.722918025237018883e+05,2.071582938106620730e+01,1.772616179356114685e+01
9.700000000000000000e+02,6.550000000000000000e+03,2.731018403965156836e+02,2.832462285086894553e+02,2.899210201558366862e+02,3.099106760169314612e+02,2.873851583226489197e+02,2.780645389234188087e+02,3.108096112052016906e+02,2.779957347224473097e+02,2.779742942791015139e+02,2.766692764489207548e+02,2.754146681712151121e+02,2.785780118621241854e+02,2.766902151556751051e+02,1.723205015889544738e+05,2.060460442786848745e+01,1.773469753951827954e+01
9.800000000000000000e+02,6.560000000000000000e+03,2.731484709486718998e+02,2.833249002069261451e+02,2.899620134679668126e+02,3.096481709722325490e+02,2.873805650079328871e+02,2.779871460076809626e+02,3.112466549635572619e+02,2.780333517158967425e+02,2.780127676635664784e+02,2.767599539491332052e+02,2.754685640722691460e+02,2.786680758723654776e+02,2.767897103984698788e+02,1.723479880653721048e+05,2.049120053458214841e+01,1.774255254827892969e+01
9.900000000000000000e+02,6.570000000000000000e+03,2.731952271875546785e+02,2.834020663365485575e+02,2.900001764544563230e+02,3.093798256938660529e+02,2.873736029825956848e+02,2.779090300360736023e+02,3.116776738055268652e+02,2.780689139007517952e+02,2.780491897102119196e+02,2.768500015571290760e+02,2.755222784228665205e+02,2.787576630176262142e+02,2.768885801088414382e+02,1.723742472064889735e+05,2.037563207974468327e+01,1.774971764249653106e+01
1.000000000000000000e+03,6.580000000000000000e+03,2.732421031304765506e+02,2.834776978388134694e+02,2.900354787872551583e+02,3.091056440818609872e+02,2.873642555410142450e+02,2.778301565390725614e+02,3.121025736933315784e+02,2.781024001585151950e+02,2.780835392284031968e+02,2.769394004682118293e+02,2.755758000565379007e+02,2.788467550090750251e+02,2.769868045809506043e+02,1.723992645023907535e+05,2.025791371633948046e+01,1.775618382223744973e+01
1.010000000000000000e+03,6.590000000000000000e+03,2.732890926922812582e+02,2.835517658366507590e+02,2.900678907034592839e+02,3.088256303373881337e+02,2.873525063015082424e+02,2.777504917105392224e+02,3.125212631760516615e+02,2.781337896479903975e+02,2.781157953066302753e+02,2.770281317937371455e+02,2.756291177486826314e+02,2.789353334261719510e+02,2.770843640103854568e+02,1.724230256805354438e+05,2.013806036993791082e+01,1.776194227036399553e+01
1.020000000000000000e+03,6.600000000000000000e+03,2.733361896864140590e+02,2.836242416401227047e+02,2.900973829966080757e+02,3.085397889675641068e+02,2.873383392075068059e+02,2.776700024235047977e+02,3.129336533725414142e+02,2.781630618097530032e+02,2.781459373111859463e+02,2.771161765684263401e+02,2.756822202195487534e+02,2.790233797226534307e+02,2.771812385056105086e+02,1.724455167066684226e+05,2.001608723680692492e+01,1.776698435837283441e+01
1.030000000000000000e+03,6.610000000000000000e+03,2.733833878263750421e+02,2.836950967635003735e+02,2.901239270165700646e+02,3.082481247821352781e+02,2.873217385312556758e+02,2.775886562258662025e+02,3.133396579526774985e+02,2.781901963697986275e+02,2.781739448948550830e+02,2.772035157550100735e+02,2.757350961390428665e+02,2.791108752338554382e+02,2.772774080898702209e+02,1.724667237855459680e+05,1.989200978198235603e+01,1.777130165197615241e+01
1.040000000000000000e+03,6.620000000000000000e+03,2.734306807258671483e+02,2.837643029261761285e+02,2.901474947108904416e+02,3.079506429310588373e+02,2.873026888775567045e+02,2.775064212377967579e+02,3.137391931178923983e+02,2.782151733444528645e+02,2.781997979985655434e+02,2.772901302556105065e+02,2.757877341275972185e+02,2.791978011843469858e+02,2.773728527122647165e+02,1.724866333615470794e+05,1.976584373730800337e+01,1.777488591497039039e+01
1.050000000000000000e+03,6.630000000000000000e+03,2.734780619008359395e+02,2.838318320662546057e+02,2.901680585903613974e+02,3.076473488688609450e+02,2.872811751848030326e+02,2.774232662117222503e+02,3.141321775792968083e+02,2.782379730695687385e+02,2.782234768549877231e+02,2.773760009175846335e+02,2.758401227650732039e+02,2.792841386947487763e+02,2.774675522535762866e+02,1.725052321194096294e+05,1.963760509944107469e+01,1.777772911547617696e+01
1.060000000000000000e+03,6.640000000000000000e+03,2.735255247705390502e+02,2.838976563462637159e+02,2.901855916230468893e+02,3.073382483516189723e+02,2.872571827313690846e+02,2.773391608060119324e+02,3.145185325356172257e+02,2.782585760995574446e+02,2.782449619934006364e+02,2.774611085351346560e+02,2.758922505892672916e+02,2.793698687894665227e+02,2.775614865337551578e+02,1.725225069845355465e+05,1.950731012782392781e+01,1.777982343465136239e+01
1.070000000000000000e+03,6.650000000000000000e+03,2.735730626587265419e+02,2.839617481605007470e+02,2.902000674796752264e+02,3.070233474880061522e+02,2.872306971342978841e+02,2.772540749948162784e+02,3.148981816499062916e+02,2.782769633662517208e+02,2.782642342424940693e+02,2.775454338674949213e+02,2.759441061009296163e+02,2.794549724025221167e+02,2.776546353197589383e+02,1.725384451237530448e+05,1.937497534262249133e+01,1.778116126395564578e+01
1.080000000000000000e+03,6.660000000000000000e+03,2.736206687951015510e+02,2.840240801414723819e+02,2.902114603421006223e+02,3.067026527153037705e+02,2.872017043530281626e+02,2.771679794848367919e+02,3.152710510237741346e+02,2.782931160807597166e+02,2.782812747333642278e+02,2.776289576385767077e+02,2.759956777731532611e+02,2.795394303898917201e+02,2.777469783323292063e+02,1.725530339454586501e+05,1.924061752263174441e+01,1.778173521501963705e+01
1.090000000000000000e+03,6.670000000000000000e+03,2.736683363172265331e+02,2.840846251726930518e+02,2.902197449676505130e+02,3.063761708086594808e+02,2.871701906932402153e+02,2.770808455823191707e+02,3.156370691721987214e+02,2.783070157626984837e+02,2.782960649037941607e+02,2.777116605468702346e+02,2.760469540469821936e+02,2.796232235325048805e+02,2.778384952538709740e+02,1.725662611001199693e+05,1.910425370314824534e+01,1.778153812303033021e+01
1.100000000000000000e+03,6.680000000000000000e+03,2.737160582710703238e+02,2.841433563908707356e+02,2.902248966780683759e+02,3.060439088835174744e+02,2.871361428082221323e+02,2.769926452081807042e+02,3.159961669963866484e+02,2.783186442417143667e+02,2.783085864997314047e+02,2.777935232723891659e+02,2.760979233395520396e+02,2.797063325457847895e+02,2.779291657358443217e+02,1.725781144804151263e+05,1.896590117381028406e+01,1.778056305123282499e+01
1.110000000000000000e+03,6.690000000000000000e+03,2.737638276135156161e+02,2.842002471970886290e+02,2.902268913626224958e+02,3.057058744014094600e+02,2.870995477001358154e+02,2.769033508813771505e+02,3.163482777554896188e+02,2.783279836601530519e+02,2.783188215807651318e+02,2.778745264846006080e+02,2.761485740482553979e+02,2.797887380876987322e+02,2.780189694065297772e+02,1.725885822215076478e+05,1.882557747640564827e+01,1.777880329497855527e+01
1.120000000000000000e+03,6.700000000000000000e+03,2.738116372137187682e+02,2.842552712594014110e+02,2.902257054798163267e+02,3.053620751743656001e+02,2.870603927236552408e+02,2.768129357141049240e+02,3.166933370380730821e+02,2.783350164768442028e+02,2.783267525210021631e+02,2.779546508494848922e+02,2.761988945534153572e+02,2.798704207663116676e+02,2.781078858777663072e+02,1.725976527011978615e+05,1.868330040264756065e+01,1.777625238579690148e+01
1.130000000000000000e+03,6.710000000000000000e+03,2.738594798545390745e+02,2.843084025232640215e+02,2.902213160557668061e+02,3.050125193693670553e+02,2.870186655867792069e+02,2.767213734047554681e+02,3.170312827316422499e+02,2.783397254697624135e+02,2.783323620122918101e+02,2.780338770373113562e+02,2.762488732218214409e+02,2.799513611477379413e+02,2.781958947531937838e+02,1.726053145398838969e+05,1.853908799191882295e+01,1.777290409515500613e+01
1.140000000000000000e+03,6.720000000000000000e+03,2.739073482349452888e+02,2.843596152160022825e+02,2.902137006845713927e+02,3.046572155129371708e+02,2.869743543530691454e+02,2.766286382322078907e+02,3.173620549922261489e+02,2.783420937387354570e+02,2.783356330671127239e+02,2.781121857297919178e+02,2.762984984125345704e+02,2.800315397641127788e+02,2.782829756352284107e+02,1.726115566007339512e+05,1.839295852898459316e+01,1.776875243813423566e+01
1.150000000000000000e+03,6.730000000000000000e+03,2.739552349709765622e+02,2.844088838541537143e+02,2.902028375279180636e+02,3.042961724958323657e+02,2.869274474434512285e+02,2.765347050494638097e+02,3.176855962127514204e+02,2.783421047077924300e+02,2.783365490210238136e+02,2.781895576277054261e+02,2.763477584792232165e+02,2.801109371220167077e+02,2.783691081331897408e+02,1.726163679895694659e+05,1.824493054167405859e+01,1.776379167689912464e+01
1.160000000000000000e+03,6.740000000000000000e+03,2.740031325982656085e+02,2.844561832495749059e+02,2.901887053146123776e+02,3.039293995769345429e+02,2.868779336374203695e+02,2.764395492777764503e+02,3.180018509904291477e+02,2.783397421277354624e+02,2.783350935348321400e+02,2.782659734580568056e+02,2.763966417744509840e+02,2.801895337098188747e+02,2.784542718698569956e+02,1.726197380547023495e+05,1.809502279853128925e+01,1.775801632384429496e+01
1.170000000000000000e+03,6.750000000000000000e+03,2.740510335738046592e+02,2.845014885195361671e+02,2.901712833389046295e+02,3.035569063875895495e+02,2.868258020750397463e+02,2.763431469010395745e+02,3.183107660939788843e+02,2.783349900782766326e+02,2.783312505969673794e+02,2.783414139827738154e+02,2.764451366537725221e+02,2.802673100062522735e+02,2.785384464899101999e+02,1.726216563869294187e+05,1.794325430643553787e+01,1.775142114467740129e+01
1.180000000000000000e+03,6.760000000000000000e+03,2.740989302779062200e+02,2.845447750739784851e+02,2.901505514651590829e+02,3.031787029390017096e+02,2.867710422578606995e+02,2.762454744614750553e+02,3.186122904297059790e+02,2.783278329702893075e+02,2.783250045259165972e+02,2.784158600015181264e+02,2.764932314791225281e+02,2.803442464880462239e+02,2.786216116667624760e+02,1.726221128192225297e+05,1.778964430819139153e+01,1.774400116139373296e+01
1.190000000000000000e+03,6.770000000000000000e+03,2.741468150158281674e+02,2.845860186526185203e+02,2.901264901182065614e+02,3.027947996219785409e+02,2.867136440505942119e+02,2.761465090514893745e+02,3.189063750071761660e+02,2.783182555478363724e+02,2.783163399715036803e+02,2.784892923664577893e+02,2.765409146217164107e+02,2.804203236395269414e+02,2.787037471104293900e+02,1.726210974265118712e+05,1.763421228008891717e+01,1.773575165462480641e+01
1.200000000000000000e+03,6.780000000000000000e+03,2.741946800209687467e+02,2.846251953061800464e+02,2.900990802899049186e+02,3.024052072142583256e+02,2.866535976821290888e+02,2.760462283094419718e+02,3.191929729044837813e+02,2.783062428904156036e+02,2.783052419181722144e+02,2.785616919831184646e+02,2.765881744707850203e+02,2.804955219567645486e+02,2.787848325725804557e+02,1.726186005254059564e+05,1.747697792943429818e+01,1.772666816625313757e+01
1.210000000000000000e+03,6.790000000000000000e+03,2.742425174556796037e+02,2.846622814080068338e+02,2.900683035352047909e+02,3.020099368847955361e+02,2.865908937463291863e+02,2.759446104152962675e+02,3.194720392325722287e+02,2.782917804141883380e+02,2.782916956855664239e+02,2.786330398192556004e+02,2.766349994312635090e+02,2.805698219596195599e+02,2.788648478602758018e+02,1.726146126737918239e+05,1.731796119205110429e+01,1.771674650150762531e+01
1.220000000000000000e+03,6.800000000000000000e+03,2.742903194141015319e+02,2.846972536624899703e+02,2.900341419713575988e+02,3.016090001979822546e+02,2.865255232035631252e+02,2.758416340846042090e+02,3.197435310997075248e+02,2.782748538740198683e+02,2.782756869304119505e+02,2.787033169145797729e+02,2.766813779302002558e+02,2.806432041981229304e+02,2.789437728355685522e+02,1.726091246704731602e+05,1.715718222975262464e+01,1.770598273105745335e+01
1.230000000000000000e+03,6.810000000000000000e+03,2.743380779240468996e+02,2.847300891063069912e+02,2.899965782774519312e+02,3.012024091182431107e+02,2.864574773810187480e+02,2.757372785639094559e+02,3.200074075753747138e+02,2.782554493652316978e+02,2.782572016490290139e+02,2.787725043855887748e+02,2.767272984204064414e+02,2.807156492606463871e+02,2.790215874250003480e+02,1.726021275547211990e+05,1.699466142778555167e+01,1.769437319274900489e+01
1.240000000000000000e+03,6.820000000000000000e+03,2.743857849498437531e+02,2.847607651138623623e+02,2.899555956913983437e+02,3.007901760140657075e+02,2.863867479736542805e+02,2.756315236243684694e+02,3.202636296524826776e+02,2.782335533248592583e+02,2.782362261791199103e+02,2.788405834319324299e+02,2.767727493845966364e+02,2.807871377817374423e+02,2.790982716338229466e+02,1.725936126058160735e+05,1.683041939224532157e+01,1.768191449312865871e+01
1.250000000000000000e+03,6.830000000000000000e+03,2.744334323939531259e+02,2.847892594325957134e+02,2.899111780115445640e+02,3.003723136634355910e+02,2.863133270454338231e+02,2.755243495598871277e+02,3.205121602125066147e+02,2.782091525343321337e+02,2.782127471950817039e+02,2.789075353451045771e+02,2.768177193391252899e+02,2.808576504282099791e+02,2.791738055429582914e+02,1.725835713425377617e+05,1.666447694746343799e+01,1.766860350887042586e+01
1.260000000000000000e+03,6.840000000000000000e+03,2.744810120990078417e+02,2.848155500811484444e+02,2.898633095924668055e+02,2.999488352575783097e+02,2.862372070288629970e+02,2.754157371793365883e+02,3.207529639871373774e+02,2.781822341157225082e+02,2.781867517200587940e+02,2.789733415142846980e+02,2.768621968355474792e+02,2.809271679933630139e+02,2.792481693189748739e+02,1.725719955225137237e+05,1.649685513336717335e+01,1.765443738787246275e+01
1.270000000000000000e+03,6.850000000000000000e+03,2.745285158515000035e+02,2.848396155009631912e+02,2.898119753444033790e+02,2.995197544056779861e+02,2.861583807259991090e+02,2.753056678033342450e+02,3.209860075208792978e+02,2.781527855410382699e+02,2.781582271195651970e+02,2.790379834342975869e+02,2.769061704674319344e+02,2.809956712773858385e+02,2.793213432254559052e+02,1.725588771417823154e+05,1.632757520281188945e+01,1.763941355033580649e+01
1.280000000000000000e+03,6.860000000000000000e+03,2.745759353824140589e+02,2.848614344669772436e+02,2.897571607329164181e+02,2.990850851395372274e+02,2.860768413095956930e+02,2.751941232594877533e+02,3.212112591348653723e+02,2.781207946275994232e+02,2.781271611045829104e+02,2.791014427073035904e+02,2.769496288719661266e+02,2.810631411773416630e+02,2.793933076268544369e+02,1.725442084340129513e+05,1.615665861888638943e+01,1.762352968944731302e+01
1.290000000000000000e+03,6.870000000000000000e+03,2.746232623710312737e+02,2.848809861148017717e+02,2.896988517739724216e+02,2.986448419179110942e+02,2.859925823213692411e+02,2.750810858779876753e+02,3.214286888872580334e+02,2.780862495403883372e+02,2.780935417324735681e+02,2.791637010608964715e+02,2.769925607339554290e+02,2.811295586756963303e+02,2.794640429957354399e+02,1.725279818699639000e+05,1.598412705219157459e+01,1.760678377181658050e+01
1.300000000000000000e+03,6.880000000000000000e+03,2.746704884464843985e+02,2.848982499448171097e+02,2.896370350343268569e+02,2.981990396310996516e+02,2.859055976733524744e+02,2.749665384864372868e+02,3.216382685367552767e+02,2.780491387931677423e+02,2.780573574076708496e+02,2.792247403431365456e+02,2.770349547894570605e+02,2.811949048476255371e+02,2.795335299236223818e+02,1.725101901567089953e+05,1.581000237809284670e+01,1.758917403784260358e+01
1.310000000000000000e+03,6.890000000000000000e+03,2.747176051903593930e+02,2.849132058214554490e+02,2.895716976335715458e+02,2.977476936056785917e+02,2.858158816509710505e+02,2.748504644065652656e+02,3.218399715077566157e+02,2.780094512491230034e+02,2.780185968832797130e+02,2.792845425340611882e+02,2.770767998287035425e+02,2.812591608681148045e+02,2.796017491079599608e+02,1.724908262369564909e+05,1.563430667394650797e+01,1.757069900217326008e+01
1.320000000000000000e+03,6.900000000000000000e+03,2.747646041397031240e+02,2.849258339813593466e+02,2.895028272327721197e+02,2.972908196087458919e+02,2.857234289067305326e+02,2.747328474494133843e+02,3.220337728472233039e+02,2.779671761218520487e+02,2.779772492606835499e+02,2.793430897515881952e+02,2.771180847001279517e+02,2.813223080198621346e+02,2.796686813943597940e+02,1.724698832883328141e+05,1.545706221630055843e+01,1.755135745315530471e+01
1.330000000000000000e+03,6.910000000000000000e+03,2.748114767884999878e+02,2.849361150357025281e+02,2.894304120400241800e+02,2.968284338522848884e+02,2.856282344650965115e+02,2.746136719105797965e+02,3.222196491922298947e+02,2.779223029755751213e+02,2.779333039906505860e+02,2.794003642576922744e+02,2.771587983134608066e+02,2.813843276995677343e+02,2.797343077547091070e+02,1.724473547225134098e+05,1.527829147807025478e+01,1.753114845291209178e+01
1.340000000000000000e+03,6.920000000000000000e+03,2.748582145910702934e+02,2.849440299826227374e+02,2.893544408034679236e+02,2.963605529978591449e+02,2.855302937209337983e+02,2.744929225673340625e+02,3.223975787274151799e+02,2.778748217259064859e+02,2.778867508739488130e+02,2.794563484644832556e+02,2.771989296428545799e+02,2.814452014269699021e+02,2.797986093031091173e+02,1.724232341845233459e+05,1.509801712568872745e+01,1.751007133671374305e+01
1.350000000000000000e+03,6.930000000000000000e+03,2.749048089640625108e+02,2.849495601841517214e+02,2.892749028157320481e+02,2.958871941618659775e+02,2.854296024388675050e+02,2.743705846734354736e+02,3.225675411545796578e+02,2.778247226403159402e+02,2.778375800615598905e+02,2.795110249404920069e+02,2.772384677302062528e+02,2.815049108498800479e+02,2.798615673011275931e+02,1.723975155518601532e+05,1.491626201623313364e+01,1.748812571261695581e+01
1.360000000000000000e+03,6.940000000000000000e+03,2.749512512892968630e+02,2.849526873928913346e+02,2.891917879050593001e+02,2.954083749193966923e+02,2.853261567538439749e+02,2.742466439552651991e+02,3.227295176509430803e+02,2.777719963383250388e+02,2.777857820563623363e+02,2.795643764163945093e+02,2.772774016882197543e+02,2.815634377520196949e+02,2.799231631644753406e+02,1.723701929337023757e+05,1.473304919452656314e+01,1.746531146052020489e+01
1.370000000000000000e+03,6.950000000000000000e+03,2.749975329156952739e+02,2.849533937474876666e+02,2.891050864365916482e+02,2.949241133087167555e+02,2.852199531698161081e+02,2.741210866087250224e+02,3.228834908335469436e+02,2.777166337919363173e+02,2.777313477097661689e+02,2.796163857912409867e+02,2.773157207032805900e+02,2.816207640598242961e+02,2.799833784697179340e+02,1.723412606699614262e+05,1.454840189021619778e+01,1.744162873114716916e+01
1.380000000000000000e+03,6.960000000000000000e+03,2.750436451627109022e+02,2.849516617740029005e+02,2.890147893079121673e+02,2.944344278362046339e+02,2.851109885598692699e+02,2.739938992938722890e+02,3.230294447229497337e+02,2.776586263258014355e+02,2.776742682256789863e+02,2.796670361376610572e+02,2.773534140403124866e+02,2.816768718490372976e+02,2.800421949603063467e+02,1.723107133305171737e+05,1.436234351482799099e+01,1.741707794496930717e+01
1.390000000000000000e+03,6.970000000000000000e+03,2.750895793221015992e+02,2.849474743915563408e+02,2.889208879486512842e+02,2.939393374806509200e+02,2.849992601656341549e+02,2.738650691325397020e+02,3.231673647070010702e+02,2.775979656144003229e+02,2.776145351610737180e+02,2.797163107079512656e+02,2.773904710422891640e+02,2.817317433516070651e+02,2.800995945495963610e+02,1.722785457142326050e+05,1.417489765879831509e+01,1.739165979086444125e+01
1.400000000000000000e+03,6.980000000000000000e+03,2.751353266608906551e+02,2.849408149105114489e+02,2.888233743133769167e+02,2.934388616977436186e+02,2.848847655962522367e+02,2.737345837013346568e+02,3.232972375046550155e+02,2.775346436930461778e+02,2.775521404222170077e+02,2.797641929392990505e+02,2.774268811360479390e+02,2.817853609615157211e+02,2.801555593326576172e+02,1.722447528480833280e+05,1.398608808848292995e+01,1.736537522473403072e+01
1.410000000000000000e+03,6.990000000000000000e+03,2.751808837218281383e+02,2.849318503979150705e+02,2.887260984520136162e+02,2.929479183929794317e+02,2.847863051594817989e+02,2.736044676356603418e+02,3.234210761244361265e+02,2.774711517294720124e+02,2.774895750634977958e+02,2.798107283484457639e+02,2.774626891791843946e+02,2.818377702882565359e+02,2.802101334948039266e+02,1.722117261378215044e+05,1.403767156681603367e+01,1.734034315656800374e+01
1.420000000000000000e+03,7.000000000000000000e+03,2.752262499086484695e+02,2.849207818510934658e+02,2.886312119098878384e+02,2.924693084883645042e+02,2.847073870011989243e+02,2.734755788574688609e+02,3.235397246148564818e+02,2.774082812198168995e+02,2.774276304712105343e+02,2.798559727917656801e+02,2.774979464442686208e+02,2.818890279375926866e+02,2.802633715940905859e+02,1.721801037635000539e+05,1.415446847720170709e+01,1.731670649763729131e+01
1.430000000000000000e+03,7.010000000000000000e+03,2.752714254827578202e+02,2.849078013245198235e+02,2.885393154009161094e+02,2.920020026246107250e+02,2.846466848982847750e+02,2.733481908864790739e+02,3.236534433142894045e+02,2.773461452477865805e+02,2.773664196195070417e+02,2.798999757167046027e+02,2.775326957381371358e+02,2.819391837118550370e+02,2.803153218186863000e+02,1.721498606680861558e+05,1.426990426352803176e+01,1.729421439869835808e+01
1.440000000000000000e+03,7.020000000000000000e+03,2.753164110535781219e+02,2.848930954539023332e+02,2.884505600862516417e+02,2.915453733020719937e+02,2.846033768044198951e+02,2.732224870093117488e+02,3.237624028973933719e+02,2.772848319913173327e+02,2.773060305719342864e+02,2.799427826057768698e+02,2.775669744009786655e+02,2.819882827396837683e+02,2.803660284337722146e+02,1.721209725474513834e+05,1.438396428963274687e+01,1.727277695216147890e+01
1.450000000000000000e+03,7.030000000000000000e+03,2.753612074337031572e+02,2.848768439213414467e+02,2.883649620402854339e+02,2.910989518531041540e+02,2.845768366451580960e+02,2.730985976545981657e+02,3.238667217871543471e+02,2.772244104544365655e+02,2.772465322111572164e+02,2.799844364313961478e+02,2.776008161347594978e+02,2.820363670157212255e+02,2.804155332391874254e+02,1.720934154384465946e+05,1.449663409378692158e+01,1.725234559531795497e+01
1.460000000000000000e+03,7.040000000000000000e+03,2.754058155926327913e+02,2.848592179577282195e+02,2.882824946211105726e+02,2.906623464135176960e+02,2.845665304055463025e+02,2.729766196176537960e+02,3.239664853780126919e+02,2.771649358720871987e+02,2.771879796523608093e+02,2.800249784177228207e+02,2.776342520128641809e+02,2.820834762943541136e+02,2.804638763276612963e+02,1.720671656012532185e+05,1.460789939052858699e+01,1.723288371030006516e+01
1.470000000000000000e+03,7.050000000000000000e+03,2.754502366386797121e+02,2.848403795614619867e+02,2.882031168651218422e+02,2.902352105264328088e+02,2.845719765612212768e+02,2.728566266364863964e+02,3.240617566626168013e+02,2.771064534330753872e+02,2.771304179517164243e+02,2.800644484570452732e+02,2.776673110602287124e+02,2.821296486132296195e+02,2.805110965076622733e+02,1.720421994784163544e+05,1.471774607247397881e+01,1.721435895332790267e+01
1.480000000000000000e+03,7.060000000000000000e+03,2.754944718104999879e+02,2.848204812835393795e+02,2.881267826340472880e+02,2.898172290662948285e+02,2.845927285570800791e+02,2.727386757924103904e+02,3.241525826397415244e+02,2.770490006725958665e+02,2.770738845196053717e+02,2.801028853497778073e+02,2.777000206057932132e+02,2.821749206084184038e+02,2.805572315397635066e+02,1.720184936755850213e+05,1.482616021210622392e+01,1.719674109070044565e+01
1.490000000000000000e+03,7.070000000000000000e+03,2.755385224693437181e+02,2.847996663371341128e+02,2.880534436975631252e+02,2.894081107877960903e+02,2.846283657048031159e+02,2.726228116600610747e+02,3.242389984787421895e+02,2.769926090797996494e+02,2.770184107175275017e+02,2.801403269420151219e+02,2.777324065061413876e+02,2.822193277079246627e+02,2.806023182754619256e+02,1.719960249489579583e+05,1.493312806354123090e+01,1.718000131744365788e+01
1.500000000000000000e+03,7.080000000000000000e+03,2.755823900938437419e+02,2.847780688960036173e+02,2.879830508309496508e+02,2.890075837707393021e+02,2.846784877371998164e+02,2.725090691660910807e+02,3.243210303831308465e+02,2.769373051906265459e+02,2.769640229542007432e+02,2.801768102052138261e+02,2.777644932958708637e+02,2.822629042539666671e+02,2.806463927362556774e+02,1.719747701954294462e+05,1.503863606427051636e+01,1.716411200270702153e+01
1.510000000000000000e+03,7.090000000000000000e+03,2.756260762739843813e+02,2.847558144913457454e+02,2.879155542314862259e+02,2.886153923212189625e+02,2.847427111840204361e+02,2.723974756347334960e+02,3.243986976387391223e+02,2.768831113741626382e+02,2.769107434728861676e+02,2.802123712797481403e+02,2.777963042916530867e+02,2.823056835778012328e+02,2.806894901568614387e+02,1.719547064439375245e+05,1.514267083688081605e+01,1.714904656776125336e+01
1.520000000000000000e+03,7.100000000000000000e+03,2.756695827048750402e+02,2.847330204471601860e+02,2.878509036930790330e+02,2.882312947072368274e+02,2.848206667740606122e+02,2.722880522932109670e+02,3.244720141185164834e+02,2.768300464204162949e+02,2.768585909395224007e+02,2.802470454958419168e+02,2.778278616682257507e+02,2.823476980535536995e+02,2.807316450079684387e+02,1.719358108474786859e+05,1.524521919075021970e+01,1.713477940871564797e+01
1.530000000000000000e+03,7.110000000000000000e+03,2.757129111812890869e+02,2.847097963346253096e+02,2.877890486921673983e+02,2.878550614254185689e+02,2.849119974795986536e+02,2.721808154021675819e+02,3.245409894098704626e+02,2.767781259951061656e+02,2.768075808972094478e+02,2.802808673877450474e+02,2.778591865182042397e+02,2.823889791303944321e+02,2.807728910074123405e+02,1.719180606760192313e+05,1.534626812372058957e+01,1.712128583626898148e+01
1.540000000000000000e+03,7.120000000000000000e+03,2.757560635912343514e+02,2.846862444144339861e+02,2.877299384408844958e+02,2.874864738314738588e+02,2.850163569933187659e+02,2.720757771163982852e+02,3.246056296721750414e+02,2.767273630007508700e+02,2.767577261287930810e+02,2.803138706964453490e+02,2.778902989008303166e+02,2.824295573565093491e+02,2.808132611235865284e+02,1.719014333095930633e+05,1.544580482374614760e+01,1.710854202313751671e+01
1.550000000000000000e+03,7.130000000000000000e+03,2.757990419093749779e+02,2.846624600703632950e+02,2.876735219252985871e+02,2.871253230330306678e+02,2.851334085130267226e+02,2.719729461501441392e+02,3.246659382969081662e+02,2.766777678710218993e+02,2.767090369500357951e+02,2.803460883713839848e+02,2.779212178845651806e+02,2.824694623991077833e+02,2.808527875776827614e+02,1.718859062322181417e+05,1.554381667051789684e+01,1.709652495589913457e+01
1.560000000000000000e+03,7.140000000000000000e+03,2.758418481918515681e+02,2.846385322141630922e+02,2.876197479391461229e+02,2.867714089771678800e+02,2.852628237528828095e+02,2.718723282953855005e+02,3.247219164208905227e+02,2.766293488131793765e+02,2.766615214527357693e+02,2.803775525724925046e+02,2.779519615850913397e+02,2.825087230595000847e+02,2.808915018424611958e+02,1.718714570260681794e+05,1.564029123706375302e+01,1.708521238996595315e+01
1.570000000000000000e+03,7.150000000000000000e+03,2.758844845695078334e+02,2.846145436733352767e+02,2.875685651131306031e+02,2.864245396892413282e+02,2.854042821271136745e+02,2.717739268309177305e+02,3.247735633296198330e+02,2.765821120120534715e+02,2.766151857089638497e+02,2.804082946669463468e+02,2.779825472015341461e+02,2.825473672873544615e+02,2.809294346433061946e+02,1.718580633661955071e+05,1.573521629132418909e+01,1.707458280715924914e+01
1.580000000000000000e+03,7.160000000000000000e+03,2.759269532422890734e+02,2.845905715532024942e+02,2.875199219406058546e+02,2.860845306252169280e+02,2.855574700667473280e+02,2.716777428480003778e+02,3.248208767747111096e+02,2.765360618035970219e+02,2.765700339441199844e+02,2.804383452352994937e+02,2.780129910502607800e+02,2.825854221945170366e+02,2.809666159580335716e+02,1.718457030155817629e+05,1.582857979770312795e+01,1.706461537558138275e+01
1.590000000000000000e+03,7.170000000000000000e+03,2.759692564735859719e+02,2.845666875682770183e+02,2.874737668054505093e+02,2.857512041203233366e+02,2.857220804408491404e+02,2.715837755112889340e+02,3.248638532309392986e+02,2.764912008223809039e+02,2.765260686854014125e+02,2.804677340699313390e+02,2.780433085981123895e+02,2.826229140682634693e+02,2.810030750186048749e+02,1.718343538207045640e+05,1.592036991859393602e+01,1.705528991171649977e+01
1.600000000000000000e+03,7.180000000000000000e+03,2.760113965843359551e+02,2.845429583624163570e+02,2.874300480036045542e+02,2.854243889064837276e+02,2.858978120618298817e+02,2.714920222712142959e+02,3.249024881002058009e+02,2.764475301316791729e+02,2.764832908901934161e+02,2.804964901801906194e+02,2.780735144943819819e+02,2.826598683843066055e+02,2.810388403139982074e+02,1.718239937073523761e+05,1.601057501588034526e+01,1.704658684456026307e+01
1.610000000000000000e+03,7.190000000000000000e+03,2.760533759473594273e+02,2.845194457947591218e+02,2.873887137623702301e+02,2.851039197011403985e+02,2.860843692580389757e+02,2.714024790375400471e+02,3.249367758787726643e+02,2.764050493328844027e+02,2.764417000589737654e+02,2.805246417959501173e+02,2.781036226020142408e+02,2.826963098227873843e+02,2.810739395937657719e+02,1.718146006768727966e+05,1.609918365241202665e+01,1.703848718173160393e+01
1.620000000000000000e+03,7.200000000000000000e+03,2.760951969825937340e+02,2.844962072167842280e+02,2.873497122653876659e+02,2.847896368230226471e+02,2.862814615015960271e+02,2.713151403231237282e+02,3.249667102939567940e+02,2.763637566681986755e+02,2.764012943338153718e+02,2.805522163735959111e+02,2.781336460276018556e+02,2.827322622804577463e+02,2.811083998723497643e+02,1.718061528027185996e+05,1.618618459345472615e+01,1.703097247711946949e+01
1.630000000000000000e+03,7.210000000000000000e+03,2.761368621513984181e+02,2.844732957223919243e+02,2.873129916677440860e+02,2.844813858702497100e+02,2.864888030816711080e+02,2.712299993647026213e+02,3.249922844174283796e+02,2.763236491060926028e+02,2.763620705861150668e+02,2.805792406016288396e+02,2.781635971523085118e+02,2.827677488855609909e+02,2.811422474346131253e+02,1.717986282273530669e+05,1.627156680811472711e+01,1.702402480057746459e+01
1.640000000000000000e+03,7.220000000000000000e+03,2.761783739520937502e+02,2.844507603843411516e+02,2.872785001132344860e+02,2.841790174207254154e+02,2.867061128158694601e+02,2.711470482237049282e+02,3.250134907593837852e+02,2.762847224204561485e+02,2.763240244958178096e+02,2.806057404080954711e+02,2.781934876592089836e+02,2.828027920128400297e+02,2.811755078424974954e+02,1.717920051594062825e+05,1.635531947073745940e+01,1.701762670902564878e+01
1.650000000000000000e+03,7.230000000000000000e+03,2.762197349144453256e+02,2.844286464730869284e+02,2.872461857514052781e+02,2.838823867640982712e+02,2.869331137937828089e+02,2.710662778733154141e+02,3.250303213484155549e+02,2.762469712609561725e+02,2.762871506212055124e+02,2.806317409672661825e+02,2.782233285616514422e+02,2.828374132980277409e+02,2.812082059408897976e+02,1.717862618711260147e+05,1.643743196228007619e+01,1.701176121911635164e+01
1.660000000000000000e+03,7.240000000000000000e+03,2.762609475957812606e+02,2.844069956617490220e+02,2.872159967504194924e+02,2.835913536564513606e+02,2.871695331468793029e+02,2.709876782727384921e+02,3.250427677989658264e+02,2.762103892172610813e+02,2.762514424631757493e+02,2.806572667121690188e+02,2.782531302303793836e+02,2.828716336527869544e+02,2.812403658661093573e+02,1.717813766961877700e+05,1.651789387165786493e+01,1.700641178132891440e+01
1.670000000000000000e+03,7.250000000000000000e+03,2.763020145764219251e+02,2.843858462181956384e+02,2.871878813124353655e+02,2.833057820958616730e+02,2.874151018437294169e+02,2.709112384329382621e+02,3.250508213694465667e+02,2.761749688768179567e+02,2.762168925233131063e+02,2.806823413361196344e+02,2.782829024200918298e+02,2.829054732789136324e+02,2.812720110532568469e+02,1.717773280276347359e+05,1.659669499706427587e+01,1.700156225535635457e+01
1.680000000000000000e+03,7.260000000000000000e+03,2.763429384547031304e+02,2.843652331820377981e+02,2.871617876854159590e+02,2.830255401164505429e+02,2.876695545038160162e+02,2.708369464739604382e+02,3.250544730119857491e+02,2.761407018787650713e+02,2.761834923575868288e+02,2.807069878071651488e+02,2.783126542934751342e+02,2.829389516824393809e+02,2.813031642442311409e+02,1.717740943161198520e+05,1.667382534726439403e+01,1.699719688685978269e+01
1.690000000000000000e+03,7.270000000000000000e+03,2.763837218436249827e+02,2.843451885316536618e+02,2.871376641741653657e+02,2.827504995975419888e+02,2.879326292296701695e+02,2.707647896750690961e+02,3.250537134168565672e+02,2.761075789624539993e+02,2.761512326248065960e+02,2.807312283758627700e+02,2.783423944452176215e+02,2.829720876911592882e+02,2.813338474964688771e+02,1.717716540683907806e+05,1.674927514286174812e+01,1.699330028528103753e+01
1.700000000000000000e+03,7.280000000000000000e+03,2.764243673666796894e+02,2.843257413502090003e+02,2.871154591518596817e+02,2.824805360833483405e+02,2.882040674540659211e+02,2.706947545205379129e+02,3.250485330504865829e+02,2.760755900135192178e+02,2.761201031328612885e+02,2.807550845855486727e+02,2.783721309285588177e+02,2.830048994644284903e+02,2.813640821918005486e+02,1.717699858461459517e+05,1.682303481753825025e+01,1.698985740277644041e+01
1.710000000000000000e+03,7.290000000000000000e+03,2.764648776538750212e+02,2.843069179572786993e+02,2.870951210692220457e+02,2.822155286266861367e+02,2.884836138029212407e+02,2.706268267416130016e+02,3.250389221895902665e+02,2.760447241049688500e+02,2.760900928787096404e+02,2.807785772807565081e+02,2.784018712717344783e+02,2.830374045095552447e+02,2.813938890447828953e+02,1.717690682646823116e+05,1.689509501926709945e+01,1.698685351447320357e+01
1.720000000000000000e+03,7.300000000000000000e+03,2.765052553380234599e+02,2.842887420591035266e+02,2.870765984663222525e+02,2.819553596218044618e+02,2.887710159682159770e+02,2.705609913528845709e+02,3.250248709517559860e+02,2.760149695375805550e+02,2.760611900904492586e+02,2.808017266184177743e+02,2.784316225033056753e+02,2.830696196953091430e+02,2.814232881119484091e+02,1.717688799921416794e+05,1.696544661149853894e+01,1.698427419924556148e+01
1.730000000000000000e+03,7.310000000000000000e+03,2.765450441023593839e+02,2.842657414801650475e+02,2.868399898885567723e+02,2.816478608587379426e+02,2.884107625377547492e+02,2.704841702422074263e+02,3.234206251961119278e+02,2.759101140980464493e+02,2.759571824088102403e+02,2.808208021506345062e+02,2.784576270612393500e+02,2.830971330548126161e+02,2.814485459820766096e+02,1.716347923169548158e+05,3.419248190289977174e+00,1.682800989315269646e+01
1.740000000000000000e+03,7.320000000000000000e+03,2.765841291011952876e+02,2.842353834255289939e+02,2.865419438973973456e+02,2.813339323998788473e+02,2.880852663015490407e+02,2.704015517519344485e+02,3.219563144246424145e+02,2.757919587898095983e+02,2.758398704231235570e+02,2.808361372869743491e+02,2.784803951426405320e+02,2.831202706841595500e+02,2.814699931872228262e+02,1.715019437424505595e+05,3.419248190289977174e+00,1.670410267737146270e+01
1.750000000000000000e+03,7.330000000000000000e+03,2.766224779598515511e+02,2.841967146543167360e+02,2.862272305223517037e+02,2.810160352666540007e+02,2.877721960162373307e+02,2.703153280540617516e+02,3.205700435622063083e+02,2.756652538596513295e+02,2.757140043456234935e+02,2.808479968797681181e+02,2.785003209156876096e+02,2.831393705326868826e+02,2.814878915136754358e+02,1.713702318869804440e+05,3.419248190289977174e+00,1.659043165757761074e+01
1.760000000000000000e+03,7.340000000000000000e+03,2.766600800075312918e+02,2.841495485243050325e+02,2.859089078530134884e+02,2.806959049966433781e+02,2.874647886209475587e+02,2.702264290249511873e+02,3.192396466329782925e+02,2.755324064136776769e+02,2.755819913866848765e+02,2.808565645286887502e+02,2.785176693773366310e+02,2.831546808671903364e+02,2.815024214304160068e+02,1.712396078977918369e+05,3.419248190289977174e+00,1.648164545968455741e+01
1.770000000000000000e+03,7.350000000000000000e+03,2.766969309469296832e+02,2.840940547816175012e+02,2.855909400332426458e+02,2.803747334569371787e+02,2.871609279997354633e+02,2.701352653171873612e+02,3.179554866352967224e+02,2.753947715024871741e+02,2.754451866387697692e+02,2.808619761518875180e+02,2.785326318344843912e+02,2.831663898943044160e+02,2.815137157387840716e+02,1.711100375511579332e+05,3.419248190289977174e+00,1.637628151187506376e+01
1.780000000000000000e+03,7.360000000000000000e+03,2.767330286155390695e+02,2.840305632470725641e+02,2.852745715309892489e+02,2.800533507381916252e+02,2.868599441350148140e+02,2.700420276958436716e+02,3.167123260153300635e+02,2.752532014064647115e+02,2.753044423521135968e+02,2.808643395355101688e+02,2.785453576011462928e+02,2.831746493156746283e+02,2.815218791584665041e+02,1.709814916537095851e+05,3.419248190289977174e+00,1.627383685223538023e+01
1.790000000000000000e+03,7.370000000000000000e+03,2.767683717159531511e+02,2.839594704671744694e+02,2.849601981217477373e+02,2.797323461369343249e+02,2.865616308206780332e+02,2.699468124940893858e+02,3.155067135175451085e+02,2.751082855642647473e+02,2.751603478696474667e+02,2.808637453232890380e+02,2.785559703851337758e+02,2.831795879755520673e+02,2.815269993321858806e+02,1.708539434568452707e+05,3.419248190289977174e+00,1.617406702609534008e+01
1.800000000000000000e+03,7.380000000000000000e+03,2.768029594113046983e+02,2.838811946283991006e+02,2.846479409417549959e+02,2.794121451085908916e+02,2.862659297230793527e+02,2.698496766729084584e+02,3.143360551054472012e+02,2.749604627819924758e+02,2.750133417995917284e+02,2.808602734449719378e+02,2.785645771359268110e+02,2.831813197232433481e+02,2.815291532616489576e+02,1.707273678577368846e+05,3.419248190289977174e+00,1.607680745726471017e+01
1.810000000000000000e+03,7.390000000000000000e+03,2.768367911946171489e+02,2.837961533439124651e+02,2.843378301243025135e+02,2.790930592397612600e+02,2.859728251481162715e+02,2.697506627842302009e+02,3.131982399337352945e+02,2.748100777549763620e+02,2.748637686326180756e+02,2.808539969867873083e+02,2.785712731500622112e+02,2.831799481386419757e+02,2.815284111847917075e+02,1.706017410932503117e+05,3.419248190289977174e+00,1.598192418363544576e+01
1.820000000000000000e+03,7.400000000000000000e+03,2.768698668450077776e+02,2.837047525928965115e+02,2.840298655516842246e+02,2.787753193854121605e+02,2.856823087941141353e+02,2.696498103174761809e+02,3.120914676672929318e+02,2.746574119603746453e+02,2.747119095962149800e+02,2.808449845630688060e+02,2.785761451853317112e+02,2.831755694745837673e+02,2.815248389455643405e+02,1.704770405842091714e+05,3.419248190289977174e+00,1.588929881264909483e+01
1.830000000000000000e+03,7.410000000000000000e+03,2.769021864160546897e+02,2.836073813093835270e+02,2.837240373530498800e+02,2.784590982186423389e+02,2.853943686696077862e+02,2.695471606028069118e+02,3.110141574886258127e+02,2.745027017387029673e+02,2.745580007634346771e+02,2.808333017513775189e+02,2.785792734286206951e+02,2.831682745157536942e+02,2.815184994379331442e+02,1.703532448323026765e+05,3.419248190289977174e+00,1.579882325720941516e+01
1.840000000000000000e+03,7.420000000000000000e+03,2.769337502298359368e+02,2.835044089759541066e+02,2.834203327747366075e+02,2.781445258356759496e+02,2.851089864847309627e+02,2.694427585803351235e+02,3.099648944270766151e+02,2.743461496451213293e+02,2.744022444112773087e+02,2.808190119658100912e+02,2.785807327684464099e+02,2.831581497800521561e+02,2.815094534785910128e+02,1.702303333392147615e+05,3.419248190289977174e+00,1.571039752094903541e+01
1.850000000000000000e+03,7.430000000000000000e+03,2.769645588741718711e+02,2.833961848390205205e+02,2.831187383336598486e+02,2.778317007365803875e+02,2.848261379200079659e+02,2.693366530509935615e+02,3.089423947891203852e+02,2.741879320074425550e+02,2.742448166410508179e+02,2.808021769719397867e+02,2.785805936330476129e+02,2.831452782861817354e+02,2.814977603233955961e+02,1.701082865373028908e+05,3.419248190289977174e+00,1.562392853431413897e+01
1.860000000000000000e+03,7.440000000000000000e+03,2.769946131982266024e+02,2.832830381075481796e+02,2.828192404816545604e+02,2.775206976682414961e+02,2.845457937737702423e+02,2.692288962956559999e+02,3.079454823707515061e+02,2.740282042181095221e+02,2.740858724332073848e+02,2.807828571842448468e+02,2.785789225610716926e+02,2.831297400543303411e+02,2.814834779744594471e+02,1.699870857280122000e+05,3.419248190289977174e+00,1.553932939260046098e+01
1.870000000000000000e+03,7.450000000000000000e+03,2.770239143066093561e+02,2.831652784723173681e+02,2.825218255190443983e+02,2.772115732993623851e+02,2.842679211627886389e+02,2.691195432669085221e+02,3.069730712592862574e+02,2.738671045975045217e+02,2.739255498937860125e+02,2.807611118289090086e+02,2.785757825907414826e+02,2.831116124331582569e+02,2.814666633323565179e+02,1.698667130258947145e+05,3.419248190289977174e+00,1.545651878656842015e+01
1.880000000000000000e+03,7.460000000000000000e+03,2.770524635522421590e+02,2.830431970580439724e+02,2.822264796175778656e+02,2.769043703790961217e+02,2.839924846306133759e+02,2.690086508874772449e+02,3.060241529135791438e+02,2.737047573018744515e+02,2.737639729076339563e+02,2.807369990281578680e+02,2.785712335520103125e+02,2.830909703168326814e+02,2.814473722916509359e+02,1.697471513074639079e+05,3.419248190289977174e+00,1.537542052220300093e+01
1.890000000000000000e+03,7.470000000000000000e+03,2.770802625271562647e+02,2.829170675201982590e+02,2.819331886949353247e+02,2.765991208229920062e+02,2.837194470414956413e+02,2.688962773012876823e+02,3.050977861641717936e+02,2.735412745733958673e+02,2.736012534119439579e+02,2.807105758377732627e+02,2.785653322830495426e+02,2.830678863004366121e+02,2.814256597762365573e+02,1.696283841641183244e+05,3.419248190289977174e+00,1.529596310613741394e+01
1.900000000000000000e+03,7.480000000000000000e+03,2.771073130539218710e+02,2.827871469791539880e+02,2.816419383490427890e+02,2.762958480230932992e+02,2.834487702777353206e+02,2.687824812247265527e+02,3.041930892783241234e+02,2.733767585146327406e+02,2.734374932437942221e+02,2.806818982596550995e+02,2.785581328071085068e+02,2.830424307867393736e+02,2.814015797508573087e+02,1.695103958589148824e+05,3.419248190289977174e+00,1.521807937934949173e+01
1.910000000000000000e+03,7.490000000000000000e+03,2.771336171756875046e+02,2.826536771359785121e+02,2.813527138242034766e+02,2.759945686006853975e+02,2.831804157913202289e+02,2.686673213993082641e+02,3.033092335311854413e+02,2.732113025078053852e+02,2.732727855107301593e+02,2.806510212421432016e+02,2.785496864796407976e+02,2.830146720729181880e+02,2.813751852220285627e+02,1.693931712864434812e+05,3.419248190289977174e+00,1.514170618547305480e+01
1.920000000000000000e+03,7.500000000000000000e+03,2.771591771427499680e+02,2.825168853041520833e+02,2.810654999898729329e+02,2.756952937437794731e+02,2.829143449613463304e+02,2.685508561700206656e+02,3.024454379038649563e+02,2.730449923733934838e+02,2.731072157706890948e+02,2.806179986722803505e+02,2.785400421271141340e+02,2.829846764180129526e+02,2.813465282332462039e+02,1.692766959358545137e+05,3.419248190289977174e+00,1.506678407083333227e+01
1.930000000000000000e+03,7.510000000000000000e+03,2.771839954052109647e+02,2.823769853590774801e+02,2.807802813560326172e+02,2.753980302403163023e+02,2.826505194395398348e+02,2.684331431001530746e+02,3.016009646418240209e+02,2.728779073084710944e+02,2.729408629598818266e+02,2.805828833710884282e+02,2.785292461601450213e+02,2.829525081058898763e+02,2.813156598582220909e+02,1.691609558565274347e+05,3.419248190289977174e+00,1.499325701186657511e+01
1.940000000000000000e+03,7.520000000000000000e+03,2.772080746003749709e+02,2.822341786424869952e+02,2.804970420888694207e+02,2.751027812825043952e+02,2.823889013326704571e+02,2.683142387148312764e+02,3.007751154874108579e+02,2.727101206762163770e+02,2.727738001881550645e+02,2.805457270868327555e+02,2.785173426918007635e+02,2.829182295009058521e+02,2.812826301945843852e+02,1.690459376262804726e+05,3.419248190289977174e+00,1.492107216646850176e+01
1.950000000000000000e+03,7.530000000000000000e+03,2.772314175415547197e+02,2.820886548083398679e+02,2.802157660499839835e+02,2.748095470976321621e+02,2.821294533782283338e+02,2.681941982924944341e+02,2.999672284268675071e+02,2.725417006532275082e+02,2.726060953719136819e+02,2.805065804942270802e+02,2.785043736452273606e+02,2.828819011009010751e+02,2.812474883602855016e+02,1.689316283218052122e+05,3.419248190289977174e+00,1.485017964632456966e+01
1.960000000000000000e+03,7.540000000000000000e+03,2.772540272075000303e+02,2.819405926070469377e+02,2.799364368108747385e+02,2.745183254487712929e+02,2.818721390111104483e+02,2.680730757134177225e+02,2.991766748901926007e+02,2.723727107877018057e+02,2.724378118207004036e+02,2.804654931933567354e+02,2.784903788578163244e+02,2.828435815909497819e+02,2.812102824940387222e+02,1.688180154912273865e+05,3.419248190289977174e+00,1.478053230929977779e+01
1.970000000000000000e+03,7.550000000000000000e+03,2.772759067318359598e+02,2.817901606061151938e+02,2.796590377036473001e+02,2.742291120349190123e+02,2.816169224560474049e+02,2.679509233532653525e+02,2.984028572675013038e+02,2.722032104612425201e+02,2.722690086780038996e+02,2.804225137140533661e+02,2.784753961820490531e+02,2.828033278913197819e+02,2.811710597579212845e+02,1.687050871285617468e+05,3.419248190289977174e+00,1.471208556829067149e+01
1.980000000000000000e+03,7.560000000000000000e+03,2.772970593922344165e+02,2.816375178579339718e+02,2.793835518536773179e+02,2.739419008132914541e+02,2.813637687629261563e+02,2.678277920136514467e+02,2.976452067254138569e+02,2.720332552865604612e+02,2.720997413261200677e+02,2.803776895223294332e+02,2.784594615809458560e+02,2.827611952131617272e+02,2.811298663418565980e+02,1.685928316498690692e+05,3.419248190289977174e+00,1.464479721608897478e+01
1.990000000000000000e+03,7.570000000000000000e+03,2.773174886013593436e+02,2.814828145182672756e+02,2.791099622140410474e+02,2.736566842615070527e+02,2.811126438260509417e+02,2.677037308817639882e+02,2.969031812569042472e+02,2.718628974536133001e+02,2.719300617285460362e+02,2.803310670290670714e+02,2.784426092224364879e+02,2.827172371053206916e+02,2.810867474720545829e+02,1.684812378711070050e+05,3.419248190289977174e+00,1.457862726440594336e+01
2.000000000000000000e+03,7.580000000000000000e+03,2.773371978963046445e+02,2.813261924154257940e+02,2.788382516028451050e+02,2.733734535941243848e+02,2.808635143923141868e+02,2.675787875132622275e+02,2.961762639280868257e+02,2.716921860204389532e+02,2.717600187263286671e+02,2.802826916037521414e+02,2.784248715685916409e+02,2.826715055050700585e+02,2.810417474211952822e+02,1.683702949874072219e+05,3.419248190289977174e+00,1.451353779564110624e+01
2.010000000000000000e+03,7.590000000000000000e+03,2.773561909302656545e+02,2.811677855694915706e+02,2.785684027334284565e+02,2.730921989405301815e+02,2.806163480567214492e+02,2.674530078331915206e+02,2.954639612975104228e+02,2.715211671785913836e+02,2.715896582968368307e+02,2.802326075841376678e+02,2.784062794627577659e+02,2.826240507870523970e+02,2.809949095198753639e+02,1.682599925537752570e+05,3.419248190289977174e+00,1.444949282662775758e+01
2.020000000000000000e+03,7.600000000000000000e+03,2.773744714624921812e+02,2.810077206836891719e+02,2.783003982455906566e+02,2.728129094955331766e+02,2.803711132498082179e+02,2.673264361502599513e+02,2.947658019757174088e+02,2.713498844728854920e+02,2.714190237795336884e+02,2.801808582948719959e+02,2.783868622149351495e+02,2.825749218148127397e+02,2.809462761703032356e+02,1.681503204668939579e+05,3.419248190289977174e+00,1.438645818257711362e+01
2.030000000000000000e+03,7.610000000000000000e+03,2.773920433510937187e+02,2.808461176021028791e+02,2.780342207336341858e+02,2.725355736433565426e+02,2.801277792249103413e+02,2.671991151820425330e+02,2.940813353161689747e+02,2.711783790046902141e+02,2.712481560766927373e+02,2.801274860622889946e+02,2.783666476679401285e+02,2.825241659843827051e+02,2.808958888607749032e+02,1.680412689483491704e+05,3.419248190289977174e+00,1.432440138116989914e+01
2.040000000000000000e+03,7.620000000000000000e+03,2.774089105443046606e+02,2.806830896961826056e+02,2.777698527736231426e+02,2.722601790680939757e+02,2.798863160356786466e+02,2.670710860876866946e+02,2.934101302073992201e+02,2.710066896080278411e+02,2.710770938301552633e+02,2.800725322312368917e+02,2.783456622971506249e+02,2.824718292739132721e+02,2.808437881811553325e+02,1.679328285286340979e+05,3.419248190289977174e+00,1.426329152516574261e+01
2.050000000000000000e+03,7.630000000000000000e+03,2.774250770729687474e+02,2.805187442687604289e+02,2.775072769455915704e+02,2.719867128447979212e+02,2.796466945146310081e+02,2.669423885070105484e+02,2.927517739694465035e+02,2.708348530087881727e+02,2.709058735799372926e+02,2.800160371842631548e+02,2.783239312672480992e+02,2.824179562884786492e+02,2.807900138390626239e+02,1.678249900323927286e+05,3.419248190289977174e+00,1.420309920331641607e+01
2.060000000000000000e+03,7.640000000000000000e+03,2.774405470435781353e+02,2.803531829174101517e+02,2.772464758548058512e+02,2.717151615194538294e+02,2.794088862503898554e+02,2.668130606026221017e+02,2.921058713292300126e+02,2.706629039655700808e+02,2.707345299057275838e+02,2.799580403604394405e+02,2.783014785004243663e+02,2.823625903053470552e+02,2.807346046769816326e+02,1.677177445644561085e+05,3.419248190289977174e+00,1.414379639849297732e+01
2.070000000000000000e+03,7.650000000000000000e+03,2.774553246307499990e+02,2.801865018528923201e+02,2.769874321527681786e+02,2.714455111795665516e+02,2.791728635633589306e+02,2.666831391056018674e+02,2.914720434745383386e+02,2.704908753990727064e+02,2.705630955555398032e+02,2.798985802738925486e+02,2.782783267486367436e+02,2.823057733132742442e+02,2.806775986893730988e+02,1.676110834966899711e+05,3.419248190289977174e+00,1.408535640267624167e+01
2.080000000000000000e+03,7.660000000000000000e+03,2.774694140714765922e+02,2.800187922171835453e+02,2.767301285500045083e+02,2.711777475129728145e+02,2.789385994820552241e+02,2.665526593615171578e+02,2.908499271742563792e+02,2.703187985068844910e+02,2.703916015611553689e+02,2.798376945339052781e+02,2.782544976534199463e+02,2.822475460685500366e+02,2.806190330402576478e+02,1.675049984557733987e+05,3.419248190289977174e+00,1.402775373797758718e+01
2.090000000000000000e+03,7.670000000000000000e+03,2.774828196585702926e+02,2.798501403583825322e+02,2.764745478414642434e+02,2.709118558666747276e+02,2.787060677201905605e+02,2.664216553795203595e+02,2.902391739540169056e+02,2.701467028711027183e+02,2.702200773444493507e+02,2.797754198641500807e+02,2.782300118070922395e+02,2.821879481176821969e+02,2.805589440806290895e+02,1.673994813115876750e+05,3.419248190289977174e+00,1.397096408353109709e+01
2.100000000000000000e+03,7.680000000000000000e+03,2.774955457349687435e+02,2.796806281171608362e+02,2.762206729021708043e+02,2.706478212904407883e+02,2.784752426467678674e+02,2.662901598794545635e+02,2.896394493575971296e+02,2.699746165523944228e+02,2.700485508135438977e+02,2.797117921208588882e+02,2.782048888077374613e+02,2.821270178522751166e+02,2.804973673660020381e+02,1.672945241663204215e+05,3.419248190289977174e+00,1.391496420771731479e+01
2.110000000000000000e+03,7.690000000000000000e+03,2.775075966883984506e+02,2.795103330540404158e+02,2.759684867249453077e+02,2.703856285848892753e+02,2.782460992743801853e+02,2.661582043388546026e+02,2.890504321949603082e+02,2.698025661801643764e+02,2.698770484526136215e+02,2.796468463208069011e+02,2.781791473140535231e+02,2.820647925285766178e+02,2.804343376757194619e+02,1.671901193442559452e+05,3.419248190289977174e+00,1.385973190453124282e+01
2.120000000000000000e+03,7.700000000000000000e+03,2.775189769462108984e+02,2.793393287063285015e+02,2.757179724098153883e+02,2.701252623343770551e+02,2.780186132289499028e+02,2.660258190405580763e+02,2.884718139020068293e+02,2.696305770348968736e+02,2.697055954023745699e+02,2.795806166467834259e+02,2.781528050946971575e+02,2.820013083321595104e+02,2.803698890266966259e+02,1.670862593820378534e+05,3.419248190289977174e+00,1.380524593497227315e+01
2.130000000000000000e+03,7.710000000000000000e+03,2.775296909703437223e+02,2.791676848004000817e+02,2.754691131818128724e+02,2.698667069457883940e+02,2.777927607308893130e+02,2.658930331178461302e+02,2.879032979067983433e+02,2.694586731227453811e+02,2.695342155325193971e+02,2.795131364780984313e+02,2.781258790796186986e+02,2.819366003928703321e+02,2.803040546952099135e+02,1.669829370195751544e+05,3.419248190289977174e+00,1.375148597216150392e+01
2.140000000000000000e+03,7.720000000000000000e+03,2.775397432536640281e+02,2.789954674486413069e+02,2.752218924003408347e+02,2.696099466789115695e+02,2.775685185727143107e+02,2.657598745998953973e+02,2.873445990436171087e+02,2.692868772435331834e+02,2.693629315199877965e+02,2.794444384056033641e+02,2.780983854003466149e+02,2.818707028272506250e+02,2.802368672303234689e+02,1.668801451914659410e+05,3.419248190289977174e+00,1.369843255044020935e+01
2.150000000000000000e+03,7.730000000000000000e+03,2.775491383138984247e+02,2.788227393358101835e+02,2.749762935661480014e+02,2.693549656751024486e+02,2.773458641018875142e+02,2.656263704542739674e+02,2.867954429996987642e+02,2.691152110613670629e+02,2.691917649083321749e+02,2.793745542516214186e+02,2.780703394379823976e+02,2.818036487710868983e+02,2.801683584719585269e+02,1.667778770187768969e+05,3.419248190289977174e+00,1.364606701773972475e+01
2.160000000000000000e+03,7.740000000000000000e+03,2.775578806915234509e+02,2.786495599459928485e+02,2.747323003195479032e+02,2.691017479821483676e+02,2.771247751986816752e+02,2.654925466292370970e+02,2.862555658004107499e+02,2.689436951588074294e+02,2.690207361606501308e+02,2.793035150866720642e+02,2.780417558636985973e+02,2.817354704131651602e+02,2.800985595701253601e+02,1.666761258014759223e+05,3.419248190289977174e+00,1.359437149080584462e+01
2.170000000000000000e+03,7.750000000000000000e+03,2.775659749452500478e+02,2.784759856630504942e+02,2.744898964616548938e+02,2.688502775797721824e+02,2.769052302606762055e+02,2.653584280942392297e+02,2.857247133107770196e+02,2.687723490968902524e+02,2.688498647317719019e+02,2.792313512507467976e+02,2.780126486728624968e+02,2.816661990247076233e+02,2.800275009989303499e+02,1.665748850110411877e+05,3.419248190289977174e+00,1.354332881394998722e+01
2.180000000000000000e+03,7.760000000000000000e+03,2.775734256483827949e+02,2.783020699806963307e+02,2.742490659449854888e+02,2.686005383991357576e+02,2.766872081833399193e+02,2.652240388787221264e+02,2.852026407860025188e+02,2.686011914663043854e+02,2.686791691097843682e+02,2.791580923692802116e+02,2.779830312255654690e+02,2.815958649913238787e+02,2.799552125711405210e+02,1.664741482836168143e+05,3.419248190289977174e+00,1.349292252014972249e+01
2.190000000000000000e+03,7.770000000000000000e+03,2.775802373858906549e+02,2.781278636305759164e+02,2.740097928865454833e+02,2.683525143440694478e+02,2.764706883450207897e+02,2.650894021094645154e+02,2.846891124267981468e+02,2.684302399377871211e+02,2.685086668695290086e+02,2.790837673713618869e+02,2.779529162797590516e+02,2.815244978414268644e+02,2.798817234543856785e+02,1.663739094135315972e+05,3.419248190289977174e+00,1.344313679464438493e+01
2.200000000000000000e+03,7.780000000000000000e+03,2.775864147511484816e+02,2.779534147382952369e+02,2.737720615629198733e+02,2.681061893069956454e+02,2.762556505895522037e+02,2.649545400466301999e+02,2.841839009765047876e+02,2.682595113074041251e+02,2.683383747164288025e+02,2.790084045068052774e+02,2.779223160239876051e+02,2.814521262747884407e+02,2.798070621903792130e+02,1.662741623470573104e+05,3.419248190289977174e+00,1.339395644087624682e+01
2.210000000000000000e+03,7.790000000000000000e+03,2.775919623432109233e+02,2.777787689440868917e+02,2.735358564190621564e+02,2.678615471862457866e+02,2.760420752106708164e+02,2.648194741184787517e+02,2.836867873308377739e+02,2.680890215411025110e+02,2.681683085315852964e+02,2.789320313630961437e+02,2.778912421076737473e+02,2.813787781898791422e+02,2.797312567050469170e+02,1.661749011765722535e+05,3.419248190289977174e+00,1.334536684865690681e+01
2.220000000000000000e+03,7.800000000000000000e+03,2.775968847621718396e+02,2.776039695377187400e+02,2.733011620653538785e+02,2.676185718985764197e+02,2.758299429382091148e+02,2.646842249519708048e+02,2.831975601690213580e+02,2.679187858154131163e+02,2.679984834119564425e+02,2.788546748819283039e+02,2.778597056734058697e+02,2.813044807201469553e+02,2.796543343274832978e+02,1.660761201349588518e+05,3.419248190289977174e+00,1.329735396408498360e+01
2.230000000000000000e+03,7.810000000000000000e+03,2.776011866134452930e+02,2.774290577073281270e+02,2.730679632905633980e+02,2.673772474014721752e+02,2.756192349236467862e+02,2.645488124126054572e+02,2.827160156080512934e+02,2.677488184768475321e+02,2.678289137096785453e+02,2.787763613854136224e+02,2.778277173782416867e+02,2.812292602157418742e+02,2.795763218019490637e+02,1.659778135904591181e+05,3.419248190289977174e+00,1.324990425980272946e+01
2.240000000000000000e+03,7.820000000000000000e+03,2.776048724963359291e+02,2.772540721402318127e+02,2.728362450469178953e+02,2.671375576918272259e+02,2.754099327261950521e+02,2.644132556230348996e+02,2.822419568780769623e+02,2.675791333971846484e+02,2.676596130396166018e+02,2.786971165531716679e+02,2.777952874164366790e+02,2.811531423389935753e+02,2.794972453006249111e+02,1.658799760414395423e+05,3.419248190289977174e+00,1.320300471550830146e+01
2.250000000000000000e+03,7.830000000000000000e+03,2.776079470073358948e+02,2.770790498001920810e+02,2.726059926014968369e+02,2.668994868661076794e+02,2.752020183031668239e+02,2.642775729990653417e+02,2.817751936527843100e+02,2.674097435255843038e+02,2.674905945146400654e+02,2.786169654919682444e+02,2.777624255595142131e+02,2.810761520322683964e+02,2.794171304333425496e+02,1.657826021118565986e+05,3.419248190289977174e+00,1.315664277973968055e+01
2.260000000000000000e+03,7.840000000000000000e+03,2.776104147367890960e+02,2.769040257299440100e+02,2.723771909555059665e+02,2.666630189851454134e+02,2.749954739850712713e+02,2.641417822771150554e+02,2.813155431835880336e+02,2.672406612414241067e+02,2.673218702550120724e+02,2.785359327183637106e+02,2.777291411659586515e+02,2.809983135584183742e+02,2.793360022732799166e+02,1.656856865463696595e+05,3.419248190289977174e+00,1.311080636952651091e+01
2.270000000000000000e+03,7.850000000000000000e+03,2.776122802670859073e+02,2.767290331054629178e+02,2.721498257458520129e+02,2.664281382651817012e+02,2.747902824866461060e+02,2.640059005391865412e+02,2.808628278689195668e+02,2.670718983088610798e+02,2.671534520507632919e+02,2.784540421782054409e+02,2.776954432090828959e+02,2.809196505268996589e+02,2.792538853621198882e+02,1.655892242064178863e+05,3.419248190289977174e+00,1.306548382016736554e+01
2.280000000000000000e+03,7.860000000000000000e+03,2.776135481713984063e+02,2.765541033616439108e+02,2.719238826153145965e+02,2.661948289988712304e+02,2.745864268768259535e+02,2.638699442384427130e+02,2.804168764164126060e+02,2.669034659034293782e+02,2.669853510361821805e+02,2.783713172656407551e+02,2.776613402923530884e+02,2.808401859099740250e+02,2.791708037217704259e+02,1.654932100658679847e+05,3.419248190289977174e+00,1.302066388209622261e+01
2.290000000000000000e+03,7.870000000000000000e+03,2.776142230114218705e+02,2.763792662915748792e+02,2.716993473812613047e+02,2.659630755685125223e+02,2.743838905650326296e+02,2.637339292239733481e+02,2.799775232533410758e+02,2.667353746392099652e+02,2.668175777862375639e+02,2.782877808315389530e+02,2.776268406732750691e+02,2.807599420609635672e+02,2.790867808686115268e+02,1.653976392071722657e+05,3.419248190289977174e+00,1.297633569832043676e+01
2.300000000000000000e+03,7.880000000000000000e+03,2.776143093361093861e+02,2.762045501266288738e+02,2.714762060279742855e+02,2.657328624546163383e+02,2.741826573105736315e+02,2.635978707638812466e+02,2.795446082731028241e+02,2.665676345945547610e+02,2.666501423420580750e+02,2.782034551987632653e+02,2.775919522810350486e+02,2.806789407366707678e+02,2.790018398256183900e+02,1.653025068176132336e+05,3.419248190289977174e+00,1.293248878566457805e+01
2.310000000000000000e+03,7.890000000000000000e+03,2.776138116806562266e+02,2.760299815936289178e+02,2.712544447200032778e+02,2.655041742442971895e+02,2.739827111887767614e+02,2.634617835673799391e+02,2.791179766139140384e+02,2.664002553395498580e+02,2.664830542395469593e+02,2.781183621773370760e+02,2.775566827305341349e+02,2.805972031163033193e+02,2.789160031324606734e+02,1.652078081857623765e+05,3.419248190289977174e+00,1.288911301722918878e+01
2.320000000000000000e+03,7.900000000000000000e+03,2.776127345646171989e+02,2.758555860139342713e+02,2.710340497843529874e+02,2.652769956355485874e+02,2.737840366019905218e+02,2.633256818059846864e+02,2.786974784390420723e+02,2.662332459530297228e+02,2.663163225317166507e+02,2.780325230755380517e+02,2.775210393429666738e+02,2.805147498191530531e+02,2.788292928584664878e+02,1.651135386980314506e+05,3.419248190289977174e+00,1.284619860621391396e+01
2.330000000000000000e+03,7.910000000000000000e+03,2.776110824918125104e+02,2.756813873558460273e+02,2.708150077207001232e+02,2.650513114428871404e+02,2.735866182547283643e+02,2.631895791341270296e+02,2.782829687343986507e+02,2.660666150507496468e+02,2.661499558106994527e+02,2.779459587119892490e+02,2.774850291570945160e+02,2.804316009214221594e+02,2.787417306135591843e+02,1.650196938354584854e+05,3.419248190289977174e+00,1.280373609042180050e+01
2.340000000000000000e+03,7.920000000000000000e+03,2.776088599467422000e+02,2.755074082998245331e+02,2.705973051884798792e+02,2.648271066021027309e+02,2.733904411681994020e+02,2.630534887077466806e+02,2.778743071101878286e+02,2.659003708033573048e+02,2.659839622276587079e+02,2.778586894305504984e+02,2.774486589499848606e+02,2.803477759741009550e+02,2.786533375566480117e+02,1.649262691706001642e+05,3.419248190289977174e+00,1.276171631806060169e+01
2.350000000000000000e+03,7.930000000000000000e+03,2.776060713967031006e+02,2.753336703077301308e+02,2.703809290260034004e+02,2.646043661743073585e+02,2.731954906289880682e+02,2.629174232046300972e+02,2.774713576180072323e+02,2.657345209573145439e+02,2.658183495164577721e+02,2.777707351077198155e+02,2.774119352433997960e+02,2.802632940186135215e+02,2.785641344110192108e+02,1.648332603645948693e+05,3.419248190289977174e+00,1.272013043328854387e+01
2.360000000000000000e+03,7.940000000000000000e+03,2.776027212893281444e+02,2.751601936779642301e+02,2.701658662239793216e+02,2.643830753491158134e+02,2.730017522267299910e+02,2.627813948402331334e+02,2.770739885759358003e+02,2.655690728529143598e+02,2.656531250048231527e+02,2.776821151675826513e+02,2.773748643226826971e+02,2.801781736026103999e+02,2.784741414699129791e+02,1.647406631642935099e+05,3.419248190289977174e+00,1.267896986391387060e+01
2.370000000000000000e+03,7.950000000000000000e+03,2.775988140518749674e+02,2.749869975983750123e+02,2.699521039473144128e+02,2.641632194485528089e+02,2.728092118107852571e+02,2.626454153863017495e+02,2.766820723915570852e+02,2.654040334426963454e+02,2.654882956429016190e+02,2.775928485917539206e+02,2.773374522433216498e+02,2.800924327952150179e+02,2.783833786082900588e+02,1.646484733995316783e+05,3.419248190289977174e+00,1.263822630856457252e+01
2.380000000000000000e+03,7.960000000000000000e+03,2.775943540902890163e+02,2.748141002119791665e+02,2.697396295693567936e+02,2.639447839277299863e+02,2.726178553729656642e+02,2.625094961896735981e+02,2.762954854172492674e+02,2.652394093094953291e+02,2.653238680507399181e+02,2.775029539311140070e+02,2.772997048482521905e+02,2.800060892017231708e+02,2.782918652927806988e+02,1.645566869806178147e+05,3.419248190289977174e+00,1.259789172345464259e+01
2.390000000000000000e+03,7.970000000000000000e+03,2.775893457889765727e+02,2.746415186436452132e+02,2.695284304464588558e+02,2.637277543805818141e+02,2.724276695740368268e+02,2.623736481774966478e+02,2.759141077744262134e+02,2.650752066781992653e+02,2.651598483785357416e+02,2.774124493149332125e+02,2.772616277749222036e+02,2.799191599770757648e+02,2.781996205895458161e+02,1.644652998957245436e+05,3.419248190289977174e+00,1.255795831900087123e+01
2.400000000000000000e+03,7.980000000000000000e+03,2.775837935099218612e+02,2.744692690681722524e+02,2.693184942869995098e+02,2.635121165391818749e+02,2.722386409099719913e+02,2.622378818826222187e+02,2.755378232271821730e+02,2.649114314386794717e+02,2.649962425550906460e+02,2.773213524633717952e+02,2.772232264670797122e+02,2.798316618404004430e+02,2.781066631763000601e+02,1.643743082086412178e+05,3.419248190289977174e+00,1.251841853783483316e+01
2.410000000000000000e+03,7.990000000000000000e+03,2.775777015918515644e+02,2.742973667457040960e+02,2.691098088810470585e+02,2.632978562768552138e+02,2.720507562598861568e+02,2.621022074563403521e+02,2.751665190416129008e+02,2.647480891546014163e+02,2.648330561589770582e+02,2.772296806937955580e+02,2.771845061855327685e+02,2.797436110871144024e+02,2.780130113478818430e+02,1.642837080563882773e+05,3.419248190289977174e+00,1.247926505218221749e+01
2.420000000000000000e+03,8.000000000000000000e+03,2.775710743503905746e+02,2.741258260788180223e+02,2.689023620997534181e+02,2.630849596079304433e+02,2.718640029154223043e+02,2.619666346771963390e+02,2.748000858365729755e+02,2.645851850262415041e+02,2.646702944584802140e+02,2.771374509342225565e+02,2.771454720149770310e+02,2.796550236024952483e+02,2.779186830274801423e+02,1.641934956470733159e+05,3.419248190289977174e+00,1.244049075537308191e+01
2.430000000000000000e+03,8.010000000000000000e+03,2.775639160770780336e+02,2.739546606115781628e+02,2.686961422066538034e+02,2.628734126929469994e+02,2.716783678857552218e+02,2.618311729732622553e+02,2.744384174823092053e+02,2.644227241155327306e+02,2.645079624278973256e+02,2.770446797301978563e+02,2.771061288749324376e+02,2.795659148730365473e+02,2.778236957734777661e+02,1.641036672578758735e+05,3.419248190289977174e+00,1.240208874321264432e+01
2.440000000000000000e+03,8.020000000000000000e+03,2.775562310388437481e+02,2.737838831705394114e+02,2.684911373512418322e+02,2.626632018313791264e+02,2.714938389321846444e+02,2.616958314273362021e+02,2.740814109481452192e+02,2.642607110476521939e+02,2.643460647627707090e+02,2.769513832590044444e+02,2.770664815242712393e+02,2.794762999990355752e+02,2.777280667887065988e+02,1.640142192328994861e+05,3.419248190289977174e+00,1.236405231929708748e+01
2.450000000000000000e+03,8.030000000000000000e+03,2.775480234777343753e+02,2.736135057587370056e+02,2.682873359326896434e+02,2.624543134723428466e+02,2.713104038516663650e+02,2.615606187906481068e+02,2.737289662395139658e+02,2.640991502188504683e+02,2.641846058820245844e+02,2.768575773310710701e+02,2.770265345788861850e+02,2.793861937043326407e+02,2.776318129280165294e+02,1.639251479812993202e+05,3.419248190289977174e+00,1.232637497902739199e+01
2.460000000000000000e+03,8.040000000000000000e+03,2.775392976106874698e+02,2.734435396888965215e+02,2.680847265005679105e+02,2.622467342092306239e+02,2.711280506596237387e+02,2.614255434949154164e+02,2.733809862172193448e+02,2.639380457679093297e+02,2.640235899559982045e+02,2.767632774038820003e+02,2.769862925050498461e+02,2.792956103553369758e+02,2.775349507058157315e+02,1.638364499754332355e+05,3.419248190289977174e+00,1.228905040244019631e+01
2.470000000000000000e+03,8.050000000000000000e+03,2.775300576297030943e+02,2.732739955768010987e+02,2.678832977451999682e+02,2.620404507810563359e+02,2.709467675831037354e+02,2.612906136634707082e+02,2.730373765511943702e+02,2.637774015824116987e+02,2.638630209060776224e+02,2.766684985886947175e+02,2.769457596358236060e+02,2.792045639525455272e+02,2.774374963027174772e+02,1.637481217490959680e+05,3.419248190289977174e+00,1.225207244814340157e+01
2.480000000000000000e+03,8.060000000000000000e+03,2.775203076992734168e+02,2.731048834701500709e+02,2.676830384842941157e+02,2.618354500731682037e+02,2.707665430458636138e+02,2.611558371221229891e+02,2.726980455679058650e+02,2.636172213148978472e+02,2.637029024167847524e+02,2.765732556600967769e+02,2.769049401787573288e+02,2.791130681622705652e+02,2.773394655793231323e+02,1.636601598957710667e+05,3.419248190289977174e+00,1.221543514511155593e+01
2.490000000000000000e+03,8.070000000000000000e+03,2.775100519621249759e+02,2.729362127024004394e+02,2.674839376951948111e+02,2.616317191167839269e+02,2.705873656770110074e+02,2.610212214091466194e+02,2.723629042066862098e+02,2.634575083863786631e+02,2.635432379454938427e+02,2.764775630628267891e+02,2.768638382072319359e+02,2.790211363150409056e+02,2.772408740739150517e+02,1.635725610669619055e+05,3.419248190289977174e+00,1.217913268756090694e+01
2.500000000000000000e+03,8.080000000000000000e+03,2.774992945309375045e+02,2.727679920513502907e+02,2.672859844851982984e+02,2.614292450888697203e+02,2.704092242987998702e+02,2.608867737864320020e+02,2.720318658966514249e+02,2.632982659980523295e+02,2.633840307345299721e+02,2.763814349202838798e+02,2.768224576895048017e+02,2.789287814172181470e+02,2.771417370128240805e+02,1.634853219707454264e+05,3.419248190289977174e+00,1.214315942799053971e+01
2.510000000000000000e+03,8.090000000000000000e+03,2.774880394932265517e+02,2.726002297365407117e+02,2.670891680972250697e+02,2.612280153120816522e+02,2.702321079212848645e+02,2.607525012475199446e+02,2.717048464737842437e+02,2.631394971407403318e+02,2.632252838180754111e+02,2.762848850415942366e+02,2.767808024773489706e+02,2.788360161605228882e+02,2.770420693205103362e+02,1.633984393700442160e+05,3.419248190289977174e+00,1.210750987116252020e+01
2.520000000000000000e+03,8.100000000000000000e+03,2.774762909093749954e+02,2.724329334414001096e+02,2.668934779091005112e+02,2.610280172541679349e+02,2.700560057389199073e+02,2.606184105276255991e+02,2.713817640971579408e+02,2.629812046032851640e+02,2.630670000312889556e+02,2.761879269293183370e+02,2.767388763202179121e+02,2.787428529312519458e+02,2.769418856234376562e+02,1.633119100813516998e+05,3.419248190289977174e+00,1.207217866844550791e+01
2.530000000000000000e+03,8.110000000000000000e+03,2.774640528154843651e+02,2.722661103530127207e+02,2.666989034277441988e+02,2.608292385262516291e+02,2.698809071260164387e+02,2.604845081102507720e+02,2.710625391679040490e+02,2.628233909809438842e+02,2.629091820184232802e+02,2.760905737879510866e+02,2.766966828597084032e+02,2.786493038185029718e+02,2.768412002569705237e+02,1.632257309731832938e+05,3.419248190289977174e+00,1.203716061231301637e+01
2.540000000000000000e+03,8.120000000000000000e+03,2.774513292182578539e+02,2.720997672121679898e+02,2.665054342987896234e+02,2.606316668863640871e+02,2.697068016317806496e+02,2.603508002430531860e+02,2.707470942517606431e+02,2.626660586848356047e+02,2.627518322414201180e+02,2.759928385303172718e+02,2.766542255820604623e+02,2.785553806248985893e+02,2.767400272728438040e+02,1.631398989648143761e+05,3.419248190289977174e+00,1.200245063147602842e+01
2.550000000000000000e+03,8.130000000000000000e+03,2.774381240988984132e+02,2.719339101002461234e+02,2.663130602885934763e+02,2.604352902337091678e+02,2.695336789768953167e+02,2.602172929359774116e+02,2.704353540045332807e+02,2.625092099450011460e+02,2.625949529854968318e+02,2.758947337766570627e+02,2.766115080768105372e+02,2.784610948660109102e+02,2.766383804417881720e+02,1.630544110248219222e+05,3.419248190289977174e+00,1.196804378546771019e+01
2.560000000000000000e+03,8.140000000000000000e+03,2.774244414129062193e+02,2.717685448852347463e+02,2.661217712923818226e+02,2.602400966102205757e+02,2.693615290492579106e+02,2.600839919749365663e+02,2.701272451008531448e+02,2.623528468226445511e+02,2.624385463683594253e+02,2.757962718760019811e+02,2.765685336466843864e+02,2.783664577898255175e+02,2.765362732632390816e+02,1.629692641700893291e+05,3.419248190289977174e+00,1.193393526020852136e+01
2.570000000000000000e+03,8.150000000000000000e+03,2.774102850876562343e+02,2.716036769357024809e+02,2.659315573292586805e+02,2.600460741993981628e+02,2.691903418988777048e+02,2.599509029279535071e+02,2.698226961662339249e+02,2.621969712150091709e+02,2.622826143460052322e+02,2.756974649039372594e+02,2.765253055761547785e+02,2.782714803785168556e+02,2.764337189699522241e+02,1.628844554642617586e+05,3.419248190289977174e+00,1.190012036341746082e+01
2.580000000000000000e+03,8.160000000000000000e+03,2.773956590242187303e+02,2.714393112155277095e+02,2.657424085427305158e+02,2.598532113254671003e+02,2.690201077361080024e+02,2.598180311533387794e+02,2.695216377110256190e+02,2.620415848623632655e+02,2.621271587201986790e+02,2.755983246682065442e+02,2.764818270712861477e+02,2.781761733550920326e+02,2.763307305337803541e+02,1.627999820168403967e+05,3.419248190289977174e+00,1.186659452035563511e+01
2.590000000000000000e+03,8.170000000000000000e+03,2.773805670966875141e+02,2.712754523096390358e+02,2.655543151962490356e+02,2.596614964521830302e+02,2.688508169264550816e+02,2.596853818056418390e+02,2.692240020678980272e+02,2.618866893538154841e+02,2.619721811436652956e+02,2.754988627179059222e+02,2.764381012620780211e+02,2.780805471918333751e+02,2.762273206709429587e+02,1.627158409818769724e+05,3.419248190289977174e+00,1.183335326967303125e+01
2.600000000000000000e+03,8.180000000000000000e+03,2.773650131523672258e+02,2.711121044500368384e+02,2.653672676695359200e+02,2.594709181818844854e+02,2.686824599850227742e+02,2.595529598427126530e+02,2.689297233295003480e+02,2.617322861340594500e+02,2.618176831270411071e+02,2.753990903480543579e+02,2.763941312059916982e+02,2.779846121214540631e+02,2.761235018478125767e+02,1.626320295569883892e+05,3.419248190289977174e+00,1.180039225936172897e+01
2.610000000000000000e+03,8.190000000000000000e+03,2.773490010116015014e+02,2.709492714911103803e+02,2.651812564695376295e+02,2.592814652541759415e+02,2.685150275816992576e+02,2.594207700324326424e+02,2.686387372983339219e+02,2.615783765087683150e+02,2.616636660438117588e+02,2.752990186050216153e+02,2.763499198901952241e+02,2.778883781265370772e+02,2.760192862850798292e+02,1.625485449822053779e+05,3.419248190289977174e+00,1.176770724337936613e+01
2.620000000000000000e+03,8.200000000000000000e+03,2.773325344686093104e+02,2.707869570055888744e+02,2.649962722048181263e+02,2.590931265450203682e+02,2.683485105244629381e+02,2.592888169586628919e+02,2.683509814169183301e+02,2.614249616500059119e+02,2.615101311363991954e+02,2.751986582945377222e+02,2.763054702365186586e+02,2.777918549708580258e+02,2.759146859645252903e+02,1.624653845390527567e+05,3.419248190289977174e+00,1.173529407743591690e+01
2.630000000000000000e+03,8.210000000000000000e+03,2.773156172902656067e+02,2.706251642129235506e+02,2.648123056087067653e+02,2.589058910652469194e+02,2.681828997667422527e+02,2.591571050274021673e+02,2.680663947291037061e+02,2.612720426018161106e+02,2.613570795213763063e+02,2.750980199836195084e+02,2.762607851024251886e+02,2.776950521891050130e+02,2.758097126328436843e+02,1.623825455494625785e+05,3.419248190289977174e+00,1.170314871606526097e+01
2.640000000000000000e+03,8.220000000000000000e+03,2.772982532173046479e+02,2.704638960395250820e+02,2.646293475247604761e+02,2.587197479593977505e+02,2.680181864009954325e+02,2.590256384738188444e+02,2.677849178202470739e+02,2.611196202859529194e+02,2.612045121945077994e+02,2.749971140085183379e+02,2.762158672845989713e+02,2.775979790966217138e+02,2.757043778061846524e+02,1.623000253749070107e+05,3.419248190289977174e+00,1.167126720918063576e+01
2.650000000000000000e+03,8.230000000000000000e+03,2.772804459636171828e+02,2.703031551716455851e+02,2.644473888951916365e+02,2.585346865046530525e+02,2.678543616487481813e+02,2.588944213620707160e+02,2.675064927677198625e+02,2.609676955058992576e+02,2.610524300345534243e+02,2.748959504794354416e+02,2.761707195218217521e+02,2.775006447966599694e+02,2.755986927855240083e+02,1.622178214153781300e+05,3.419248190289977174e+00,1.163964569850011088e+01
2.660000000000000000e+03,8.240000000000000000e+03,2.772621992171250440e+02,2.701429439522962639e+02,2.642664207910929690e+02,2.583506961090341747e+02,2.676914168744094695e+02,2.587634576008131262e+02,2.672310631006454855e+02,2.608162689518508159e+02,2.609008338090280290e+02,2.747945392854988995e+02,2.761253444969562452e+02,2.774030581835392013e+02,2.754926686379561716e+02,1.621359311086671078e+05,3.419248190289977174e+00,1.160828041535821420e+01
2.670000000000000000e+03,8.250000000000000000e+03,2.772435166390312702e+02,2.699832645293229234e+02,2.640864343775109546e+02,2.581677663106902401e+02,2.675293435654850782e+02,2.586327509404769671e+02,2.669585737458234576e+02,2.606653412054605496e+02,2.607497241800433017e+02,2.746928900996955463e+02,2.760797448396444906e+02,2.773052279508560218e+02,2.753863162067677877e+02,1.620543519293017453e+05,3.419248190289977174e+00,1.157716767714269146e+01
2.680000000000000000e+03,8.260000000000000000e+03,2.772244018644140624e+02,2.698241187660270270e+02,2.639074209291289890e+02,2.579858867767811716e+02,2.673681333376087537e+02,2.585023049806046060e+02,2.666889709888541802e+02,2.605149127438175469e+02,2.605991017057431804e+02,2.745910123838790469e+02,2.760339231283406889e+02,2.772071625940890272e+02,2.752796461445050227e+02,1.619730813878187328e+05,3.419248190289977174e+00,1.154630388472124736e+01
2.690000000000000000e+03,8.270000000000000000e+03,2.772048585021952931e+02,2.696655083311432577e+02,2.637293718198465058e+02,2.578050472982005203e+02,2.672077779305917602e+02,2.583721231750445213e+02,2.664222024289969681e+02,2.603649839438190838e+02,2.604489668457662219e+02,2.744889153932703039e+02,2.759878818923751851e+02,2.771088704184801372e+02,2.751726688822623146e+02,1.618921170299419318e+05,3.419248190289977174e+00,1.151568551963049991e+01
2.700000000000000000e+03,8.280000000000000000e+03,2.771848901353828296e+02,2.695074346048893403e+02,2.635522785318740944e+02,2.576252377952357620e+02,2.670482692055601319e+02,2.582422088360916632e+02,2.661582169415312933e+02,2.602155550858441870e+02,2.602993199636662212e+02,2.743866081867124649e+02,2.759416236154183935e+02,2.770103595401400298e+02,2.750653946776995440e+02,1.618114564357902564e+05,3.419248190289977174e+00,1.148530914169375450e+01
2.710000000000000000e+03,8.290000000000000000e+03,2.771645003211875178e+02,2.693498988309228821e+02,2.633761326458932785e+02,2.574464483108216655e+02,2.668895991429384367e+02,2.581125651398389778e+02,2.658969646370014743e+02,2.600666263584311082e+02,2.601501613340562358e+02,2.742840996104682745e+02,2.758951507324551358e+02,2.769116378956647395e+02,2.749578335519163375e+02,1.617310972191709443e+05,3.419248190289977174e+00,1.145517138656361134e+01
2.720000000000000000e+03,8.300000000000000000e+03,2.771436925907422051e+02,2.691929021858909437e+02,2.632009258425282496e+02,2.572686690123042013e+02,2.667317598387534190e+02,2.579831951280519320e+02,2.656383968253477974e+02,2.599181978683990337e+02,2.600014911440960645e+02,2.741813981735241441e+02,2.758484656467341551e+02,2.768127132457790935e+02,2.748499953449488657e+02,1.616510370267298422e+05,3.419248190289977174e+00,1.142526896348242182e+01
2.730000000000000000e+03,8.310000000000000000e+03,2.771224704499218774e+02,2.690364451202116243e+02,2.630266499009936183e+02,2.570918901869141564e+02,2.665747435038200024e+02,2.578541017169692395e+02,2.653824659768683318e+02,2.597702696156101752e+02,2.598533094962192536e+02,2.740785126721139022e+02,2.758015706955571886e+02,2.767135931725977684e+02,2.747418897077845372e+02,1.615712735373461910e+05,3.419248190289977174e+00,1.139559865234987157e+01
2.740000000000000000e+03,8.320000000000000000e+03,2.771008373786094126e+02,2.688805284636474653e+02,2.628532966956399264e+02,2.569161022420773293e+02,2.664185424603560932e+02,2.577252876970220541e+02,2.651291256892104684e+02,2.596228415371722917e+02,2.597056164122057567e+02,2.739754512360652257e+02,2.757544681971381237e+02,2.766142850931251473e+02,2.746335261036439306e+02,1.614918044614084065e+05,3.419248190289977174e+00,1.136615730237279109e+01
2.750000000000000000e+03,8.330000000000000000e+03,2.770787968321328094e+02,2.687251526911149426e+02,2.626808581940933891e+02,2.567412957038101240e+02,2.662631491381579281e+02,2.575967557385363307e+02,2.648783306524022692e+02,2.594759134880088709e+02,2.595584118365117092e+02,2.738722219715374990e+02,2.757071604266541271e+02,2.765147962603957694e+02,2.745249138129469202e+02,1.614126275401715538e+05,3.419248190289977174e+00,1.133694182953961160e+01
2.760000000000000000e+03,8.340000000000000000e+03,2.770563522397109750e+02,2.685703180912825587e+02,2.625093264607163519e+02,2.565674612146337950e+02,2.661085560765923219e+02,2.574685083950296303e+02,2.646300366184265727e+02,2.593294852461305027e+02,2.594116956395125158e+02,2.737688328154081319e+02,2.756596496208137523e+02,2.764151337702616047e+02,2.744160619363117917e+02,1.613337405450059741e+05,3.419248190289977174e+00,1.130794921474486969e+01
2.770000000000000000e+03,8.350000000000000000e+03,2.770335070063906642e+02,2.684160247891015842e+02,2.623386936507950509e+02,2.563945895342748145e+02,2.659547559178131451e+02,2.573405481071731629e+02,2.643842003690225511e+02,2.591835565164019499e+02,2.592654676201997290e+02,2.736652915499211645e+02,2.756119379820223685e+02,2.763153045549928493e+02,2.743069793985750380e+02,1.612551412769572926e+05,3.419248190289977174e+00,1.127917650178443054e+01
2.780000000000000000e+03,8.360000000000000000e+03,2.770102645115077848e+02,2.682622728205683416e+02,2.621689520162256031e+02,2.562226715374961259e+02,2.658017414096819948e+02,2.572128772087899620e+02,2.641407796858964616e+02,2.590381269371863482e+02,2.591197275090945595e+02,2.735616057123345968e+02,2.755640276765126373e+02,2.762153153987030123e+02,2.741976749515631013e+02,1.611768275658977800e+05,3.419248190289977174e+00,1.125062079576664864e+01
2.790000000000000000e+03,8.370000000000000000e+03,2.769866281103906545e+02,2.681090620417695618e+02,2.620000938845622613e+02,2.560516982055142989e+02,2.656495053981157639e+02,2.570854979250084398e+02,2.638997333184447029e+02,2.588931960767645251e+02,2.589744749711199461e+02,2.734577827581469478e+02,2.755159208397778912e+02,2.761151729395359666e+02,2.740881571778758143e+02,1.610987972701572289e+05,3.419248190289977174e+00,1.122227926069679071e+01
2.800000000000000000e+03,8.380000000000000000e+03,2.769626011330234405e+02,2.679563920113079689e+02,2.618321116844022072e+02,2.558816606382378325e+02,2.654980408282589224e+02,2.569584123793180765e+02,2.636610209609291360e+02,2.587487634388023139e+02,2.588297096011317535e+02,2.733538299508011278e+02,2.754676195721193608e+02,2.760148836611719503e+02,2.739784346302838003e+02,1.610210482757211139e+05,3.419248190289977174e+00,1.119414911814756053e+01
2.810000000000000000e+03,8.390000000000000000e+03,2.769381868855937228e+02,2.678042626262096633e+02,2.616649979273737472e+02,2.557125500427714258e+02,2.653473407422668515e+02,2.568316225958775476e+02,2.634246032234959216e+02,2.586048284671918509e+02,2.586854309521149844e+02,2.732497543976999168e+02,2.754191259481498264e+02,2.759144539269619827e+02,2.738685152958804565e+02,1.609435784960314923e+05,3.419248190289977174e+00,1.116622764607832963e+01
2.820000000000000000e+03,8.400000000000000000e+03,2.769133886497109529e+02,2.676526732036621183e+02,2.614987452106627188e+02,2.555443577348372060e+02,2.651973982774914020e+02,2.567051305026408272e+02,2.631904416048125768e+02,2.584613905462863386e+02,2.585416385027536421e+02,2.731455630508311287e+02,2.753704420099812182e+02,2.758138899434243854e+02,2.737584074016179443e+02,1.608663858709849592e+05,3.419248190289977174e+00,1.113851217642638503e+01
2.830000000000000000e+03,8.410000000000000000e+03,2.768882096828124872e+02,2.675016231054883065e+02,2.613333462160213685e+02,2.553770751372620964e+02,2.650482066640705625e+02,2.565789379341606491e+02,2.629584984677691750e+02,2.583184490037032219e+02,2.583983316787200124e+02,2.730412627136765309e+02,2.753215697687411421e+02,2.757131977872878679e+02,2.736481188886144764e+02,1.607894683667095669e+05,3.419248190289977174e+00,1.111100009391138599e+01
2.840000000000000000e+03,8.420000000000000000e+03,2.768626532186015652e+02,2.673511115629053165e+02,2.611687937087898490e+02,2.552106937787143011e+02,2.648997592236189575e+02,2.564530466346428739e+02,2.627287370154135715e+02,2.581760031122313990e+02,2.582555098523457673e+02,2.729368600354098362e+02,2.752725112223839687e+02,2.756123834037159668e+02,2.735376575526905754e+02,1.607128239749880740e+05,3.419248190289977174e+00,1.108368883454787124e+01
2.850000000000000000e+03,8.430000000000000000e+03,2.768367224670000155e+02,2.672011377565289649e+02,2.610050805351836516e+02,2.550452052920689425e+02,2.647520493663482171e+02,2.563274582608194692e+02,2.625011212663844731e+02,2.580340520926257000e+02,2.581131723456466602e+02,2.728323615248473288e+02,2.752232683208978301e+02,2.755114526114144837e+02,2.734270310165369438e+02,1.606364507127163524e+05,3.419248190289977174e+00,1.105657588423342830e+01
2.860000000000000000e+03,8.440000000000000000e+03,2.768104206140234282e+02,2.670517007240634939e+02,2.608421996266207543e+02,2.548806014141028413e+02,2.646050705925122202e+02,2.562021743852056375e+02,2.622756160347831269e+02,2.578925951154118366e+02,2.579713184309030112e+02,2.727277735478519389e+02,2.751738429987506152e+02,2.754104111016483216e+02,2.733162467687662911e+02,1.605603466214673535e+05,3.419248190289977174e+00,1.102965877746440881e+01
2.870000000000000000e+03,8.450000000000000000e+03,2.767837508225468923e+02,2.669027994455999533e+02,2.606801439853936699e+02,2.547168739804124868e+02,2.644588164850798648e+02,2.560771964957895079e+02,2.620521869036808766e+02,2.577516313029732373e+02,2.578299473329536227e+02,2.726231023318422331e+02,2.751242371675953109e+02,2.753092644488875749e+02,2.732053121543624457e+02,1.604845097670004470e+05,3.419248190289977174e+00,1.100293509566786554e+01
2.880000000000000000e+03,8.460000000000000000e+03,2.767567162316796612e+02,2.667544327645898647e+02,2.605189067017904563e+02,2.545540149299222321e+02,2.643132807144704657e+02,2.559525260032698952e+02,2.618308002092580864e+02,2.576111597315891117e+02,2.576890582300891879e+02,2.725183539673663518e+02,2.750744527104812391e+02,2.752080181011099285e+02,2.730942343932323411e+02,1.604089382387635414e+05,3.419248190289977174e+00,1.097640246633696748e+01
2.890000000000000000e+03,8.470000000000000000e+03,2.767293199579609677e+02,2.666065994946898172e+02,2.603584809378483556e+02,2.543920162981325745e+02,2.641684570328820882e+02,2.558281642388183457e+02,2.616114230170682617e+02,2.574711794335242416e+02,2.575486502578798422e+02,2.724135344058409487e+02,2.750244914907578959e+02,2.751066773940497683e+02,2.729830205444131366e+02,1.603336301495353982e+05,3.419248190289977174e+00,1.095005856152957158e+01
2.900000000000000000e+03,8.480000000000000000e+03,2.767015650946562459e+02,2.664592983314420849e+02,2.601988599360023500e+02,2.542308702204587405e+02,2.640243392740943591e+02,2.557041124617591663e+02,2.613940231021564387e+02,2.573316893973626520e+02,2.574087225104149184e+02,2.723086494955583134e+02,2.749743553477079558e+02,2.750052475488085975e+02,2.728716775229717655e+02,1.602585836349080200e+05,3.419248190289977174e+00,1.092390109684849087e+01
2.910000000000000000e+03,8.490000000000000000e+03,2.766734547121562287e+02,2.663125279235325706e+02,2.600400370124243068e+02,2.540705689275876296e+02,2.638809213518755996e+02,2.555803718564167184e+02,2.611785689323040742e+02,2.571926885724009821e+02,2.572692740410321335e+02,2.722037049224167049e+02,2.749240460991080113e+02,2.749037336753857517e+02,2.727602121290807418e+02,1.601837968528861529e+05,3.419248190289977174e+00,1.089792783018032551e+01
2.920000000000000000e+03,8.500000000000000000e+03,2.766449918583359135e+02,2.661662868445409913e+02,2.598820055561599247e+02,2.539111047439514550e+02,2.637381972584743153e+02,2.554569435372585531e+02,2.609650296465651991e+02,2.570541758686370031e+02,2.571303038647816379e+02,2.720987062652277473e+02,2.748735655414683379e+02,2.748021407755474570e+02,2.726486310254515502e+02,1.601092679835192976e+05,3.419248190289977174e+00,1.087213656056605515e+01
2.930000000000000000e+03,8.510000000000000000e+03,2.766161795587343590e+02,2.660205735943134755e+02,2.597247590316560490e+02,2.537524700890158442e+02,2.635961610631615599e+02,2.553338285506381453e+02,2.607533750396333971e+02,2.569161501584013081e+02,2.569918109596383715e+02,2.719936589804356117e+02,2.748229154504353460e+02,2.747004737446449099e+02,2.725369407448754941e+02,1.600349952284314786e+05,3.419248190289977174e+00,1.084652512720407458e+01
2.940000000000000000e+03,8.520000000000000000e+03,2.765870208163203188e+02,2.658753866724398449e+02,2.595682909749428973e+02,2.535946574739999448e+02,2.634548069110848587e+02,2.552110278767730165e+02,2.605435755433603049e+02,2.567786102787005120e+02,2.568537942707253023e+02,2.718885684008109820e+02,2.747720975828414112e+02,2.745987373773003810e+02,2.724251476459118066e+02,1.599609768104961549e+05,3.419248190289977174e+00,1.082109140844956130e+01
2.950000000000000000e+03,8.530000000000000000e+03,2.765575186120859144e+02,2.657307243366891498e+02,2.594125949930299839e+02,2.534376595012701046e+02,2.633141290213808361e+02,2.550885424317416437e+02,2.603356022101083909e+02,2.566415550318142778e+02,2.567162527018695641e+02,2.717834397444441947e+02,2.747211136738786763e+02,2.744969363583587665e+02,2.723132581259236531e+02,1.598872109733838006e+05,3.419248190289977174e+00,1.079583332055231537e+01
2.960000000000000000e+03,8.540000000000000000e+03,2.765276759050546502e+02,2.655865849957558567e+02,2.592576647624329098e+02,2.532814688623113852e+02,2.631741216862949955e+02,2.549663730686049234e+02,2.601294266967885278e+02,2.565049831873790254e+02,2.565791851313119309e+02,2.716782781144381715e+02,2.746699654413876033e+02,2.743950752854509574e+02,2.722012782823404677e+02,1.598136959812627174e+05,3.419248190289977174e+00,1.077074881698201025e+01
2.970000000000000000e+03,8.550000000000000000e+03,2.764974956321875084e+02,2.654429669127525813e+02,2.591034940317430824e+02,2.531260783391552991e+02,2.630347792695785074e+02,2.548445205820898991e+02,2.599250212489225191e+02,2.563688934836113162e+02,2.564425904041784747e+02,2.715730885001213437e+02,2.746186545844897751e+02,2.742931586480585793e+02,2.720892141714970194e+02,1.597404301183770294e+05,3.419248190289977174e+00,1.074583588745162288e+01
2.980000000000000000e+03,8.560000000000000000e+03,2.764669807092890323e+02,2.652998683210901731e+02,2.589500766148074717e+02,2.529714807991019256e+02,2.628960962057500410e+02,2.547229857065107126e+02,2.597223586856788984e+02,2.562332846282920400e+02,2.563064673363890620e+02,2.714678757920528938e+02,2.745671827845686721e+02,2.741911908503797690e+02,2.719770717094180554e+02,1.596674116887524724e+05,3.419248190289977174e+00,1.072109255687981566e+01
2.990000000000000000e+03,8.570000000000000000e+03,2.764361340301875316e+02,2.651572874057588365e+02,2.587974063954710573e+02,2.528176691971330570e+02,2.627580669983843222e+02,2.546017691208929818e+02,2.595214123847049450e+02,2.560981553012476866e+02,2.561708147150062018e+02,2.713626447560827728e+02,2.745155517056828103e+02,2.740891762021965405e+02,2.718648567101233766e+02,1.595946390158155700e+05,3.419248190289977174e+00,1.069651688463597239e+01
3.000000000000000000e+03,8.580000000000000000e+03,2.764049584675000233e+02,2.650152223103974620e+02,2.586454773226574844e+02,2.526646365722783685e+02,2.626206862190681477e+02,2.544808714486138683e+02,2.593221562682633703e+02,2.559635041544363219e+02,2.560356312995968437e+02,2.712574000628209205e+02,2.744637629950826181e+02,2.739871189179541489e+02,2.717525748737857612e+02,1.595221104420252377e+05,3.419248190289977174e+00,1.067210696361441791e+01
3.010000000000000000e+03,8.590000000000000000e+03,2.763734568728750105e+02,2.648736711360186291e+02,2.584942834113463732e+02,2.525123760475455015e+02,2.624839485062456674e+02,2.543602932600753093e+02,2.591245647891777253e+02,2.558293298137804470e+02,2.559009158238686155e+02,2.711521462784310188e+02,2.744118182833757942e+02,2.738850231267285267e+02,2.716402317895380634e+02,1.594498243286318029e+05,3.419248190289977174e+00,1.064786091944684898e+01
3.020000000000000000e+03,8.600000000000000000e+03,2.763416320769140384e+02,2.647326319528148133e+02,2.583438187421418775e+02,2.523608808292357253e+02,2.623478485641162479e+02,2.542400350737966050e+02,2.589286129178993292e+02,2.556956308800544377e+02,2.557666669968687074e+02,2.710468878680201215e+02,2.743597191854464654e+02,2.737828928644408961e+02,2.715278329358316114e+02,1.593777790552985971e+05,3.419248190289977174e+00,1.062377690973540822e+01
3.030000000000000000e+03,8.610000000000000000e+03,2.763094868890156022e+02,2.645921027382412376e+02,2.581940774564353092e+02,2.522101442029568545e+02,2.622123811614216038e+02,2.541200973584718668e+02,2.587342761273181395e+02,2.555624059299133819e+02,2.556328835021368207e+02,2.709416291971361943e+02,2.743074672984478184e+02,2.736807321363373831e+02,2.714153836934079891e+02,1.593059730197672907e+05,3.419248190289977174e+00,1.059985312313643391e+01
3.040000000000000000e+03,8.620000000000000000e+03,2.762770240983594476e+02,2.644520815519138068e+02,2.580450537620637306e+02,2.520601595368382846e+02,2.620775411302417979e+02,2.540004805339205518e+02,2.585415303840233605e+02,2.554296535174021585e+02,2.554995640028128037e+02,2.708363745355908350e+02,2.742550642079728505e+02,2.735785447659450824e+02,2.713028893276649569e+02,1.592344046376457554e+05,3.419248190289977174e+00,1.057608777884850682e+01
3.050000000000000000e+03,8.630000000000000000e+03,2.762442464733437077e+02,2.643125663412734525e+02,2.578967419284249445e+02,2.519109202776786844e+02,2.619433233652694071e+02,2.538811849732509529e+02,2.583503521330432022e+02,2.552973721748685989e+02,2.553667071394767447e+02,2.707311280578910555e+02,2.742025114817380427e+02,2.734763345606769462e+02,2.711903550065171089e+02,1.591630723419975257e+05,3.419248190289977174e+00,1.055247912576165525e+01
3.060000000000000000e+03,8.640000000000000000e+03,2.762111567620390247e+02,2.641735550370442525e+02,2.577491362856466139e+02,2.517624199503400746e+02,2.618097228225423692e+02,2.537622110040080372e+02,2.581607182869474855e+02,2.551655604137953333e+02,2.552343115318461173e+02,2.706258938457854129e+02,2.741498106735946294e+02,2.733741052426951228e+02,2.710777857964950499e+02,1.590919745831429027e+05,3.419248190289977174e+00,1.052902544177089617e+01
3.070000000000000000e+03,8.650000000000000000e+03,2.761777576923203128e+02,2.640350455553326583e+02,2.576022312245384001e+02,2.516146521565066223e+02,2.616767345184053966e+02,2.536435589092860710e+02,2.579726062143564036e+02,2.550342167260979522e+02,2.551023757800402905e+02,2.705206758900062596e+02,2.740969633233581817e+02,2.732718604465915178e+02,2.709651866660358337e+02,1.590211098283311294e+05,3.419248190289977174e+00,1.050572503309611783e+01
3.080000000000000000e+03,8.660000000000000000e+03,2.761440519718905762e+02,2.638970357808066751e+02,2.574560211958254285e+02,2.514676105738067804e+02,2.615443535286199221e+02,2.535252289294024308e+02,2.577859937285497267e+02,2.549033395848217651e+02,2.549708984652934021e+02,2.704154780920940198e+02,2.740439709567302202e+02,2.731696037374995853e+02,2.708525624860974403e+02,1.589504765614610515e+05,3.419248190289977174e+00,1.048257623363010005e+01
3.090000000000000000e+03,8.670000000000000000e+03,2.761100422886640899e+02,2.637595237113353051e+02,2.573105007097442467e+02,2.513212889547724558e+02,2.614125749875483962e+02,2.534072212631915306e+02,2.576008590772632374e+02,2.547729274511256676e+02,2.548398781514962081e+02,2.703103041414918835e+02,2.739908350916617792e+02,2.730673386072783160e+02,2.707399180337197322e+02,1.588800732828500913e+05,3.419248190289977174e+00,1.045957740446575102e+01
3.100000000000000000e+03,8.680000000000000000e+03,2.760757313107891378e+02,2.636225069065022808e+02,2.571656643333731722e+02,2.511756811258618711e+02,2.612813940863295556e+02,2.532895360688122821e+02,2.574171809313158974e+02,2.546429787521307446e+02,2.547093133845469026e+02,2.702051580208008659e+02,2.739375572165091057e+02,2.729650684701833256e+02,2.706272579903569522e+02,1.588098985088941408e+05,3.419248190289977174e+00,1.043672693271354213e+01
3.110000000000000000e+03,8.690000000000000000e+03,2.760411216866484096e+02,2.634859833460950540e+02,2.570215066866015263e+02,2.510307809819999534e+02,2.611508060732837180e+02,2.531721734660520440e+02,2.572349383711386963e+02,2.545134919125090391e+02,2.545792026944423014e+02,2.701000432721795619e+02,2.738841388195631907e+02,2.728627966717725712e+02,2.705145869465927717e+02,1.587399507718947134e+05,3.419248190289977174e+00,1.041402323137816310e+01
3.120000000000000000e+03,8.700000000000000000e+03,2.760062160454140781e+02,2.633499508383701482e+02,2.568780224563461729e+02,2.508865824967889466e+02,2.610208062515135339e+02,2.530551335310276784e+02,2.570541108916437452e+02,2.543844653419268695e+02,2.544495445952597379e+02,2.699949634059158257e+02,2.738305813744623833e+02,2.727605265200562599e+02,2.704019094030080623e+02,1.586702286197680223e+05,3.419248190289977174e+00,1.039146473900856193e+01
3.130000000000000000e+03,8.710000000000000000e+03,2.759710169966249964e+02,2.632144071716985536e+02,2.567352063901016663e+02,2.507430797195866035e+02,2.608913899795833800e+02,2.529384163188418597e+02,2.568746783706116616e+02,2.542558974324368251e+02,2.543203375878691475e+02,2.698899219341201388e+02,2.737768863440138603e+02,2.726582611540022754e+02,2.702892297704257771e+02,1.586007306158033316e+05,3.419248190289977174e+00,1.036904991905835871e+01
3.140000000000000000e+03,8.720000000000000000e+03,2.759355271309218551e+02,2.630793501200409992e+02,2.565930532691016310e+02,2.506002667544728411e+02,2.607625526695494500e+02,2.528220218326031272e+02,2.566966210737831489e+02,2.541277865626189225e+02,2.541915801581060634e+02,2.697849222608056152e+02,2.737230551717385652e+02,2.725560037607774007e+02,2.701765523830401321e+02,1.585314553384090541e+05,3.419248190289977174e+00,1.034677725851126340e+01
3.150000000000000000e+03,8.730000000000000000e+03,2.758997490198906348e+02,2.629447774440846501e+02,2.564515579447192408e+02,2.504581377832573139e+02,2.606342897864017232e+02,2.527059500482862404e+02,2.565199196422711907e+02,2.540001310980487688e+02,2.540632707790423410e+02,2.696799677127795576e+02,2.736690892946962208e+02,2.724537574173297685e+02,2.700638814711062423e+02,1.584624013808620512e+05,3.419248190289977174e+00,1.032464526820209549e+01
3.160000000000000000e+03,8.740000000000000000e+03,2.758636852162500190e+02,2.628106869025293122e+02,2.563107153179521447e+02,2.503166870535794430e+02,2.605065968472584927e+02,2.525902009069789642e+02,2.563445550840173723e+02,2.538729293920533792e+02,2.539354079115647664e+02,2.695750615414200411e+02,2.736149901367562052e+02,2.723515251325702593e+02,2.699512211940344741e+02,1.583935673511444475e+05,3.419248190289977174e+00,1.030265248203769346e+01
3.170000000000000000e+03,8.750000000000000000e+03,2.758273382536171994e+02,2.626770762375706454e+02,2.561705203434290752e+02,2.501759088802999145e+02,2.603794694206719669e+02,2.524747743175087180e+02,2.561705087647696359e+02,2.537461797866517372e+02,2.538079900044945134e+02,2.694702069242619586e+02,2.735607591097952991e+02,2.722493098580433752e+02,2.698385756268679643e+02,1.583249518716213061e+05,3.419248190289977174e+00,1.028079745651140797e+01
3.180000000000000000e+03,8.760000000000000000e+03,2.757907106475781234e+02,2.625439431828555144e+02,2.560309680284935325e+02,2.500357976444432779e+02,2.602529031256277676e+02,2.523596701573243308e+02,2.559977623999423315e+02,2.536198806128290926e+02,2.536810154957248358e+02,2.693654069661361063e+02,2.735063976142586171e+02,2.721471144834821416e+02,2.697259487637885513e+02,1.582565535789189744e+05,3.419248190289977174e+00,1.025907877021815295e+01
3.190000000000000000e+03,8.770000000000000000e+03,2.757538048949999734e+02,2.624112854647077029e+02,2.558920534320583897e+02,2.498963477919243985e+02,2.601268936307693593e+02,2.522448882736117071e+02,2.558262980466698195e+02,2.534940301914449492e+02,2.535544828125067340e+02,2.692606647009785661e+02,2.734519070393276934e+02,2.720449418387561309e+02,2.696133445195609397e+02,1.581883711236336967e+05,3.419248190289977174e+00,1.023749502337410711e+01
3.200000000000000000e+03,8.780000000000000000e+03,2.757166234744062194e+02,2.622791008072575210e+02,2.557537716644713726e+02,2.497575538329523397e+02,2.600014366538086961e+02,2.521304284840886396e+02,2.556560980958647633e+02,2.533686268338554441e+02,2.534283903724800382e+02,2.691559830925498318e+02,2.733972887628111152e+02,2.719427946908591593e+02,2.695007667315528010e+02,1.581204031701594358e+05,3.419248190289977174e+00,1.021604483738394897e+01
3.210000000000000000e+03,8.790000000000000000e+03,2.756791688462890306e+02,2.621473869056260355e+02,2.556161178870099775e+02,2.496194103414955237e+02,2.598765279603642284e+02,2.520162905783833764e+02,2.554871452642425993e+02,2.532436688424592148e+02,2.533027365838333083e+02,2.690513650376608439e+02,2.733425441520583377e+02,2.718406757654401531e+02,2.693882191598372629e+02,1.580526483964830695e+05,3.419248190289977174e+00,1.019472685436957704e+01
3.220000000000000000e+03,8.800000000000000000e+03,2.756414434529843334e+02,2.620161414829834143e+02,2.554790873078343338e+02,2.494819119517537160e+02,2.597521633637551304e+02,2.519024743166031044e+02,2.553194225875103314e+02,2.531191545108783316e+02,2.531775198460125580e+02,2.689468133704002639e+02,2.732876745632963775e+02,2.717385877133036729e+02,2.692757054902676259e+02,1.579851054939292371e+05,3.419248190289977174e+00,1.017353973666104494e+01
3.230000000000000000e+03,8.810000000000000000e+03,2.756034497189687045e+02,2.618853622424554146e+02,2.553426751876737626e+02,2.493450533613636821e+02,2.596283387239952845e+02,2.517889794337240801e+02,2.551529134126277540e+02,2.529950821254214759e+02,2.530527385505455129e+02,2.688423308521710169e+02,2.732326813421194629e+02,2.716365331372081755e+02,2.691632293350761529e+02,1.579177731670214271e+05,3.419248190289977174e+00,1.015248216652557467e+01
3.240000000000000000e+03,8.820000000000000000e+03,2.755651900510859491e+02,2.617550468570657927e+02,2.552068768353113910e+02,2.492088293286405190e+02,2.595050499470618206e+02,2.516758056388767955e+02,2.549876013911097630e+02,2.528714499646855813e+02,2.529283910807904192e+02,2.687379201858042279e+02,2.731775658230081376e+02,2.715345146064539676e+02,2.690507942328995341e+02,1.578506501332944608e+05,3.419248190289977174e+00,1.013155284567639747e+01
3.250000000000000000e+03,8.830000000000000000e+03,2.755266668383828232e+02,2.616251930789850348e+02,2.550716876059667868e+02,2.490732346705270857e+02,2.593822929841948621e+02,2.515629526154730229e+02,2.548234704711422864e+02,2.527482563012803496e+02,2.528044758141719512e+02,2.686335840018748513e+02,2.731223293359757349e+02,2.714325345787212882e+02,2.689384036540532747e+02,1.577837351230254280e+05,3.419248190289977174e+00,1.011075049486168886e+01
3.260000000000000000e+03,8.840000000000000000e+03,2.754878824524609513e+02,2.614957985829596510e+02,2.549371029050826678e+02,2.489382642647253192e+02,2.592600638314950743e+02,2.514504200228032573e+02,2.546605048938280049e+02,2.526254994014240367e+02,2.526809911208415826e+02,2.685293248763113070e+02,2.730669731884559042e+02,2.713305955163192493e+02,2.688260609968467634e+02,1.577170268791183480e+05,3.419248190289977174e+00,1.009007385357252318e+01
3.270000000000000000e+03,8.850000000000000000e+03,2.754488392476562240e+02,2.613668610655804514e+02,2.548031181822332201e+02,2.488039130456241992e+02,2.591383585288789391e+02,2.513382074964876267e+02,2.544986891830333775e+02,2.525031775254439594e+02,2.525579353648386700e+02,2.684251453245930747e+02,2.730114986886588895e+02,2.712286998133199631e+02,2.687137695917710403e+02,1.576505241569124046e+05,3.419248190289977174e+00,1.006952167951159538e+01
3.280000000000000000e+03,8.860000000000000000e+03,2.754095395609687671e+02,2.612383782229264284e+02,2.546697289346330138e+02,2.486701760056599539e+02,2.590171731596347513e+02,2.512263146493901900e+02,2.543380081415041900e+02,2.523812889284486403e+02,2.524353069046209157e+02,2.683210478029405976e+02,2.729559071312899050e+02,2.711268498132770901e+02,2.686015327015186358e+02,1.575842257239720202e+05,3.419248190289977174e+00,1.004909274833006094e+01
3.290000000000000000e+03,8.870000000000000000e+03,2.753699857123905872e+02,2.611103477589267641e+02,2.545369307022392320e+02,2.485370481918296548e+02,2.588965038496230022e+02,2.511147410721369511e+02,2.541784468422855525e+02,2.522598318607056171e+02,2.523131040934797227e+02,2.682170347097069225e+02,2.729001998034699454e+02,2.710250478143428836e+02,2.684893535238090863e+02,1.575181303599318489e+05,3.419248190289977174e+00,1.002878585315994897e+01
3.300000000000000000e+03,8.880000000000000000e+03,2.753301800049844132e+02,2.609827673704612607e+02,2.544047190747245395e+02,2.484045247099690812e+02,2.587763467669548163e+02,2.510034863340966922e+02,2.540199906269492374e+02,2.521388045683135601e+02,2.521913252799224949e+02,2.681131083860088893e+02,2.728443779793451540e+02,2.709232960604250593e+02,2.683772351901935735e+02,1.574522368563416530e+05,3.419248190289977174e+00,1.000859980444840858e+01
3.310000000000000000e+03,8.890000000000000000e+03,2.752901247247109495e+02,2.608556347651598344e+02,2.542730896835834073e+02,2.482726007193456894e+02,2.586566981209882101e+02,2.508925499839928079e+02,2.538626250960545008e+02,2.520182052934008823e+02,2.520699688084428089e+02,2.680092711179109983e+02,2.727884429253915641e+02,2.708215967533433854e+02,2.682651807644001565e+02,1.573865440164502943e+05,3.419248190289977174e+00,9.988533429488821724e+00
3.320000000000000000e+03,8.900000000000000000e+03,2.752498221412344037e+02,2.607289476342789953e+02,2.541420382044896087e+02,2.481412714336762519e+02,2.585375541620055060e+02,2.507819315503629412e+02,2.537063361048071215e+02,2.518980322747638638e+02,2.519490330187271923e+02,2.679055251355068208e+02,2.727323958984144383e+02,2.707199520472323684e+02,2.681531932663227167e+02,1.573210506550988066e+05,3.419248190289977174e+00,9.968585572095179259e+00
3.330000000000000000e+03,8.910000000000000000e+03,2.752092745073046558e+02,2.606027036976934141e+02,2.540115603568328879e+02,2.480105321200199455e+02,2.584189111805171706e+02,2.506716305423674100e+02,2.535511097573385371e+02,2.517782837480137061e+02,2.518285162480002839e+02,2.678018726178370912e+02,2.726762381461348355e+02,2.706183640522608016e+02,2.680412756294329029e+02,1.572557555984941428e+05,3.419248190289977174e+00,9.948755092308816828e+00
3.340000000000000000e+03,8.920000000000000000e+03,2.751684840592500336e+02,2.604769006669935152e+02,2.538816519031830694e+02,2.478803780984477783e+02,2.583007655070487658e+02,2.505616464508792660e+02,2.533969324016225073e+02,2.516589579461300445e+02,2.517084168300178533e+02,2.676983156891882345e+02,2.726199709070396011e+02,2.705168348368470106e+02,2.679294307350079407e+02,1.571906576841028291e+05,3.419248190289977174e+00,9.929040866107115448e+00
3.350000000000000000e+03,8.930000000000000000e+03,2.751274530172968866e+02,2.603515362550647865e+02,2.537523086460103627e+02,2.477508047409974665e+02,2.581831135092049863e+02,2.504519787469771188e+02,2.532437906239049994e+02,2.515400531000022113e+02,2.515887330949870773e+02,2.675948564231978821e+02,2.725635954106887766e+02,2.704153664187807635e+02,2.678176614257614574e+02,1.571257557604846079e+05,3.419248190289977174e+00,9.909441784956396049e+00
3.360000000000000000e+03,8.940000000000000000e+03,2.750861835850546981e+02,2.602266081929902839e+02,2.536235264341879372e+02,2.476218074709864254e+02,2.580659515963914146e+02,2.503426268866337523e+02,2.530916712438360889e+02,2.514215674384386716e+02,2.514694633719631724e+02,2.674914968429658302e+02,2.725071128776837668e+02,2.703139607803218496e+02,2.677059704496368227e+02,1.570610486871056492e+05,3.419248190289977174e+00,9.889956755779788722e+00
3.370000000000000000e+03,8.950000000000000000e+03,2.750446779506484631e+02,2.601021142050140043e+02,2.534953011561420055e+02,2.474933817624948063e+02,2.579492762148835254e+02,2.502335903083088624e+02,2.529405613094227192e+02,2.513034991889891216e+02,2.513506059873147080e+02,2.673882389180039354e+02,2.724505245199352430e+02,2.702126198599737563e+02,2.675943605195711825e+02,1.569965353342538001e+05,3.419248190289977174e+00,9.870584700481728646e+00
3.380000000000000000e+03,8.960000000000000000e+03,2.750029382854218625e+02,2.599780520270227839e+02,2.533676287369323177e+02,2.473655231395528631e+02,2.578330838454675131e+02,2.501248684315433479e+02,2.527904480921582717e+02,2.511858465772753846e+02,2.512321592658149996e+02,2.672850845870869989e+02,2.723938315404320747e+02,2.701113455551485458e+02,2.674828342892781166e+02,1.569322145828006906e+05,3.419248190289977174e+00,9.851324555558687024e+00
3.390000000000000000e+03,8.970000000000000000e+03,2.749609667454765827e+02,2.598544193946523251e+02,2.532405051481602811e+02,2.472382271753368741e+02,2.577173710097206367e+02,2.500164606629344064e+02,2.526413190823697619e+02,2.510686078287484975e+02,2.511141215304455727e+02,2.671820357187903028e+02,2.723370351336465092e+02,2.700101397273230077e+02,2.673713943563788575e+02,1.568680853241273435e+05,3.419248190289977174e+00,9.832175272089791918e+00
3.400000000000000000e+03,8.980000000000000000e+03,2.749187654710547122e+02,2.597312140591233742e+02,2.531139263984337617e+02,2.471114894917896549e+02,2.576021342640067360e+02,2.499083663930735497e+02,2.524931619845441162e+02,2.509517811680624959e+02,2.509964911034476245e+02,2.670790941458682255e+02,2.722801364855289421e+02,2.699090041913002551e+02,2.672600432643590693e+02,1.568041464599836036e+05,3.419248190289977174e+00,9.813135815322944211e+00
3.410000000000000000e+03,8.990000000000000000e+03,2.748763365866640811e+02,2.596084337740169303e+02,2.529878885343331660e+02,2.469853057576391109e+02,2.574873702006370877e+02,2.498005849963550418e+02,2.523459647129701580e+02,2.508353648196879817e+02,2.508792663057851087e+02,2.669762616550814300e+02,2.722231367736002312e+02,2.698079407284135414e+02,2.671487835096252184e+02,1.567403969023154932e+05,3.419248190289977174e+00,9.794205164348793957e+00
3.420000000000000000e+03,9.000000000000000000e+03,2.748336822013203573e+02,2.594860762992727814e+02,2.528623876459336373e+02,2.468596716917970753e+02,2.573730754472391027e+02,2.496931158355500600e+02,2.521997153871915032e+02,2.507193570080875133e+02,2.507624454587276830e+02,2.668735399881812782e+02,2.721660371670204768e+02,2.697069510817531750e+02,2.670376175182420297e+02,1.566768355731159681e+05,3.419248190289977174e+00,9.775382312045667987e+00
3.430000000000000000e+03,9.010000000000000000e+03,2.747908044087968733e+02,2.593641394085325373e+02,2.527374198574451043e+02,2.467345830573580088e+02,2.572592466664652875e+02,2.495859582575216393e+02,2.520544023278970656e+02,2.506037559582437382e+02,2.506460268827482025e+02,2.667709308387561009e+02,2.721088388267070286e+02,2.696060369571976025e+02,2.669265476821898915e+02,1.566134614043613547e+05,3.419248190289977174e+00,9.756666264633608421e+00
3.440000000000000000e+03,9.020000000000000000e+03,2.747477052873437628e+02,2.592426208733772910e+02,2.526129813324057238e+02,2.466100356640371274e+02,2.571458805552730951e+02,2.494791115963458026e+02,2.519100140525670213e+02,2.504885598952592147e+02,2.505300088983601086e+02,2.666684358668147183e+02,2.720515429052155696e+02,2.695052000242525310e+02,2.668155763372668616e+02,1.565502733377787808e+05,3.419248190289977174e+00,9.738056041488329484e+00
3.450000000000000000e+03,9.030000000000000000e+03,2.747043869003828149e+02,2.591215184786533428e+02,2.524890682720245536e+02,2.464860253670431973e+02,2.570329738445919929e+02,2.493725751733533968e+02,2.517665392717173916e+02,2.503737670454545423e+02,2.504143898262980770e+02,2.665660566872959976e+02,2.719941505470803804e+02,2.694044419171303275e+02,2.667047057682697755e+02,1.564872703248351463e+05,3.419248190289977174e+00,9.719550674922542655e+00
3.460000000000000000e+03,9.040000000000000000e+03,2.746608512958437700e+02,2.590008300141178665e+02,2.523656769147601153e+02,2.463625480665718896e+02,2.569205232987944783e+02,2.492663482974758722e+02,2.516239668846509403e+02,2.502593756361989676e+02,2.502991679880491915e+02,2.664637948707309079e+02,2.719366628882144141e+02,2.693037642346699840e+02,2.665939382169766532e+02,1.564244513264826674e+05,3.419248190289977174e+00,9.701149209969688769e+00
3.470000000000000000e+03,9.050000000000000000e+03,2.746171005072812363e+02,2.588805532897574722e+02,2.522428035343610304e+02,2.462395997060702086e+02,2.568085257152118288e+02,2.491604302649356555e+02,2.514822859758227480e+02,2.501453838961562610e+02,2.501843417056729209e+02,2.663616519493074861e+02,2.718790810588306499e+02,2.692031685422289229e+02,2.664832758696867359e+02,1.563618153131594881e+05,3.419248190289977174e+00,9.682850704073509007e+00
3.480000000000000000e+03,9.060000000000000000e+03,2.745731365527968819e+02,2.587606861140960746e+02,2.521204444430085232e+02,2.461171762740653435e+02,2.566969779237641660e+02,2.490548203617226761e+02,2.513414858108693579e+02,2.500317900559211353e+02,2.500699093024616673e+02,2.662596294149071809e+02,2.718214061780368525e+02,2.691026563706053594e+02,2.663727208690110047e+02,1.562993612645477406e+05,3.419248190289977174e+00,9.664654227003495635e+00
3.490000000000000000e+03,9.070000000000000000e+03,2.745289614363828150e+02,2.586412263039098320e+02,2.519985959875705817e+02,2.459952738015471425e+02,2.565858767865805135e+02,2.489495178620028071e+02,2.512015558333187641e+02,2.499185923477540427e+02,2.499558691027117163e+02,2.661577287211709404e+02,2.717636393587440011e+02,2.690022292215673474e+02,2.662622753109999394e+02,1.562370881695796852e+05,3.419248190289977174e+00,9.646558860533538393e+00
3.500000000000000000e+03,9.080000000000000000e+03,2.744845771470234581e+02,2.585221717239482473e+02,2.518772545404313519e+02,2.458738883545828457e+02,2.564752191972628452e+02,2.488445220292848319e+02,2.510624856541608096e+02,2.498057890060110537e+02,2.498422194323482586e+02,2.660559512841638821e+02,2.717057817071029149e+02,2.689018885738340146e+02,2.661519412477844071e+02,1.561749950262280472e+05,3.419248190289977174e+00,9.628563697964352741e+00
3.510000000000000000e+03,9.090000000000000000e+03,2.744399856592109472e+02,2.584035201566705950e+02,2.517564165380126724e+02,2.457530160611102588e+02,2.563650020809232046e+02,2.487398321167690938e+02,2.509242650722397912e+02,2.496933782672352038e+02,2.497289586187629595e+02,2.659542984814757460e+02,2.716478343191265026e+02,2.688016358330291382e+02,2.660417206831787098e+02,1.561130808413283667e+05,3.419248190289977174e+00,9.610667844937559323e+00
3.520000000000000000e+03,9.100000000000000000e+03,2.743951889332109317e+02,2.582852694802838869e+02,2.516360784217807520e+02,2.456326530724904273e+02,2.562552223931355115e+02,2.486354473677425290e+02,2.507868840379185826e+02,2.495813583706791974e+02,2.496160849915522704e+02,2.658527716547964701e+02,2.715897982851369079e+02,2.687014724166288033e+02,2.659316155803404627e+02,1.560513446306498372e+05,3.419248190289977174e+00,9.592870417950663864e+00
3.530000000000000000e+03,9.110000000000000000e+03,2.743501889149063118e+02,2.581674175552421957e+02,2.515162366776386875e+02,2.455127955855405730e+02,2.561458771204111144e+02,2.485313670159919752e+02,2.506503326695340661e+02,2.494697275582144869e+02,2.495035968823230235e+02,2.657513721102112640e+02,2.715316746873846228e+02,2.686013996980577190e+02,2.658216278584996530e+02,1.559897854186629993e+05,3.419248190289977174e+00,9.575170544801700601e+00
3.540000000000000000e+03,9.120000000000000000e+03,2.743049875361640488e+02,2.580499622524961296e+02,2.513968878253239154e+02,2.453934398376914601e+02,2.560369632787783303e+02,2.484275902859754410e+02,2.505146012462800229e+02,2.493584840747163298e+02,2.493914926248542088e+02,2.656501011183445371e+02,2.714734646006800745e+02,2.685014190206672993e+02,2.657117593945707767e+02,1.559284022384643904e+05,3.419248190289977174e+00,9.557567364318732217e+00
3.550000000000000000e+03,9.130000000000000000e+03,2.742595867142969155e+02,2.579329014520957344e+02,2.512780284175956922e+02,2.452745821061930656e+02,2.559284779142661819e+02,2.483241163933399207e+02,2.503796802046057905e+02,2.492476261680043308e+02,2.492797705552862908e+02,2.655489599160514445e+02,2.714151690921319187e+02,2.684015316984011292e+02,2.656020120237355968e+02,1.558671941315752338e+05,3.419248190289977174e+00,9.540060026175392949e+00
3.560000000000000000e+03,9.140000000000000000e+03,2.742139883531718851e+02,2.578162330421715751e+02,2.511596550403509696e+02,2.451562187074352437e+02,2.558204181019616499e+02,2.482209445453581793e+02,2.502455601351718997e+02,2.491371520891354407e+02,2.491684290124980521e+02,2.654479497094199587e+02,2.713567892215155553e+02,2.683017390163182085e+02,2.654923875404498403e+02,1.558061601480054960e+05,3.419248190289977174e+00,9.522647690693476719e+00
3.570000000000000000e+03,9.150000000000000000e+03,2.741681943426093540e+02,2.576999549312213844e+02,2.510417643118833269e+02,2.450383459966733142e+02,2.557127809458274328e+02,2.481180739409626312e+02,2.501122317800133601e+02,2.490270600930310820e+02,2.490574663381332527e+02,2.653470716622666714e+02,2.712983260417871634e+02,2.682020422315346195e+02,2.653828876990519348e+02,1.557452993460323196e+05,3.419248190289977174e+00,9.505329528681571105e+00
3.580000000000000000e+03,9.160000000000000000e+03,2.741222065584609595e+02,2.575840650285501283e+02,2.509243528827773844e+02,2.449209603671091031e+02,2.556055635782155377e+02,2.480155037712626154e+02,2.499796860292531164e+02,2.489173484378522971e+02,2.489468808766626466e+02,2.652463269149541247e+02,2.712397805979912846e+02,2.681024425730602161e+02,2.652735142143282587e+02,1.556846107920706272e+05,3.419248190289977174e+00,9.488104721213632686e+00
3.590000000000000000e+03,9.170000000000000000e+03,2.740760268630547216e+02,2.574685612577496840e+02,2.508074174353430976e+02,2.448040582498060189e+02,2.554987631597604150e+02,2.479132332199374673e+02,2.498479139185210158e+02,2.488080153855672734e+02,2.488366709759730213e+02,2.651457165734567525e+02,2.711811539284367996e+02,2.680029412427574584e+02,2.651642687625273993e+02,1.556240935607003921e+05,3.419248190289977174e+00,9.470972459504704233e+00
3.600000000000000000e+03,9.180000000000000000e+03,2.740296571053046932e+02,2.573534415540664213e+02,2.506909546833919080e+02,2.446876361129143049e+02,2.553923768786608548e+02,2.478112614633564590e+02,2.497169066257758345e+02,2.486990592021385567e+02,2.487268349868289476e+02,2.650452417122368161e+02,2.711224470639631932e+02,2.679035394152596155e+02,2.650551529816187895e+02,1.555637467344340112e+05,3.419248190289977174e+00,9.453931944706466695e+00
3.610000000000000000e+03,9.190000000000000000e+03,2.739830991202812243e+02,2.572387038621690181e+02,2.505749613669408973e+02,2.445716904579993241e+02,2.552864019505629471e+02,2.477095876709674940e+02,2.495866554658567509e+02,2.485904781567988948e+02,2.486173712635933839e+02,2.649449033932274347e+02,2.710636610284498715e+02,2.678042382435099853e+02,2.649461684721083543e+02,1.555035694036739296e+05,3.419248190289977174e+00,9.436982387611426049e+00
3.620000000000000000e+03,9.200000000000000000e+03,2.739363547301406356e+02,2.571243461396263115e+02,2.504594342718265239e+02,2.444562178326832509e+02,2.551808356180611952e+02,2.476082110056099168e+02,2.494571518993834331e+02,2.484822705251589809e+02,2.485082781644141221e+02,2.648447025928566063e+02,2.710047968388079198e+02,2.677050388462856176e+02,2.648373167981185929e+02,1.554435606666919775e+05,3.419248190289977174e+00,9.420123009043740225e+00
3.630000000000000000e+03,9.210000000000000000e+03,2.738894257432968971e+02,2.570103663527985418e+02,2.503443701978817444e+02,2.443412148106801851e+02,2.550756751506648925e+02,2.475071306237533975e+02,2.493283875128082627e+02,2.483744345854878475e+02,2.483995540506521138e+02,2.647446403183972734e+02,2.709458555048893231e+02,2.676059423226936360e+02,2.647285994874902713e+02,1.553837196293714223e+05,3.419248190289977174e+00,9.403353038958707444e+00
3.640000000000000000e+03,9.220000000000000000e+03,2.738423139551171630e+02,2.568967624812337363e+02,2.502297659813583550e+02,2.442266780038555680e+02,2.549709178438253048e+02,2.474063456758567554e+02,2.492003540270428061e+02,2.482669686208859616e+02,2.482911972879917357e+02,2.646447175261975531e+02,2.708868380294800886e+02,2.675069497460096386e+02,2.646200180322547340e+02,1.553240454052260611e+05,3.419248190289977174e+00,9.386671716672728039e+00
3.650000000000000000e+03,9.230000000000000000e+03,2.737950211480546727e+02,2.567835325121214396e+02,2.501156184878967679e+02,2.441126040592495485e+02,2.548665610193304474e+02,2.473058553064338128e+02,2.490730432925221010e+02,2.481598709188443195e+02,2.481832062456540200e+02,2.645449351475568847e+02,2.708277454083760176e+02,2.674080621651344813e+02,2.645115738899601183e+02,1.552645371152962034e+05,3.419248190289977174e+00,9.370078290680542210e+00
3.660000000000000000e+03,9.240000000000000000e+03,2.737475490915780938e+02,2.566706744542636898e+02,2.500019246125189625e+02,2.439989896581575977e+02,2.547626020244487393e+02,2.472056586547047630e+02,2.489464472865011828e+02,2.480531397721115070e+02,2.480755792972823599e+02,2.644452940776639025e+02,2.707685786310814251e+02,2.673092806051312209e+02,2.644032684832008613e+02,1.552051938880651142e+05,3.419248190289977174e+00,9.353572018507598784e+00
3.670000000000000000e+03,9.250000000000000000e+03,2.736998995418985032e+02,2.565581863181562312e+02,2.498886812807756996e+02,2.438858315169420052e+02,2.546590382318608192e+02,2.471057548542638074e+02,2.488205581117406950e+02,2.479467734781292165e+02,2.479683148207573709e+02,2.643457951929108845e+02,2.707093386799020891e+02,2.672106060675766912e+02,2.642951031942407099e+02,1.551460148593067424e+05,3.419248190289977174e+00,9.337152166587749491e+00
3.680000000000000000e+03,9.260000000000000000e+03,2.736520742427187542e+02,2.564460661175534142e+02,2.497758854405976194e+02,2.437731263813768692e+02,2.545558670392878184e+02,2.470061430338931245e+02,2.486953679893065043e+02,2.478407703391730763e+02,2.478614111968641964e+02,2.642464393407029775e+02,2.706500265302307753e+02,2.671120395304600947e+02,2.641870794092645269e+02,1.550869991720718681e+05,3.419248190289977174e+00,9.320818009894896505e+00
3.690000000000000000e+03,9.270000000000000000e+03,2.736040749250781232e+02,2.563343119064156781e+02,2.496635340762926489e+02,2.436608710352961680e+02,2.544530858691523179e+02,2.469068223175464141e+02,2.485708692643700033e+02,2.477351286627139189e+02,2.477548668128656573e+02,2.641472273426051629e+02,2.705906431511435812e+02,2.670135819503561834e+02,2.640791984239402836e+02,1.550281459765865875e+05,3.419248190289977174e+00,9.304568832199015205e+00
3.700000000000000000e+03,9.280000000000000000e+03,2.735559033071484123e+02,2.562229217268425145e+02,2.495516241964259336e+02,2.435490622928857931e+02,2.543506921682017321e+02,2.468077918245790556e+02,2.484470543981629476e+02,2.476298467615034156e+02,2.476486800595870079e+02,2.640481599947241307e+02,2.705311895048875499e+02,2.669152342608002755e+02,2.639714615359857248e+02,1.549694544301196001e+05,3.419248190289977174e+00,9.288403925654472815e+00
3.710000000000000000e+03,9.290000000000000000e+03,2.735075610946953475e+02,2.561118936379866682e+02,2.494401528374328620e+02,2.434376970009495267e+02,2.542486834073474142e+02,2.467090506699752837e+02,2.483239159669680021e+02,2.475249229535342579e+02,2.475428493325525778e+02,2.639492380683740862e+02,2.704716665472139994e+02,2.668169973734416658e+02,2.638638700071295489e+02,1.549109236969592748e+05,3.419248190289977174e+00,9.272322590723304003e+00
3.720000000000000000e+03,9.300000000000000000e+03,2.734590499812968574e+02,2.560012257088066576e+02,2.493291170633182503e+02,2.433267720380375181e+02,2.541470570812529672e+02,2.466105979646261517e+02,2.482014466605309053e+02,2.474203555622051454e+02,2.474373730318218065e+02,2.638504623103410722e+02,2.704120752270625303e+02,2.667188721804800480e+02,2.637564250678838107e+02,1.548525529483316350e+05,3.419248190289977174e+00,9.256324136061449437e+00
3.730000000000000000e+03,9.310000000000000000e+03,2.734103716475000283e+02,2.558909160236689786e+02,2.492185139649893131e+02,2.432162843140080213e+02,2.540458107081129526e+02,2.465124328155798707e+02,2.480796392794008796e+02,2.473161429163712910e+02,2.473322495624113344e+02,2.637518334437737622e+02,2.703524164870746063e+02,2.666208595499792864e+02,2.636491279181673235e+02,1.547943413622210501e+05,3.419248190289977174e+00,9.240407878378785966e+00
3.740000000000000000e+03,9.320000000000000000e+03,2.733615277624296596e+02,2.557809626764059203e+02,2.491083406603363812e+02,2.431062307698074960e+02,2.539449418293514213e+02,2.464145543260306113e+02,2.479584867334615410e+02,2.472122833505838457e+02,2.472274773341920593e+02,2.636533521677977205e+02,2.702926912633671463e+02,2.665229603311434516e+02,2.635419797281797401e+02,1.547362881234475062e+05,3.419248190289977174e+00,9.224573142315890095e+00
3.750000000000000000e+03,9.330000000000000000e+03,2.733125199822265472e+02,2.556713637724261332e+02,2.489985942960241800e+02,2.429966083769728868e+02,2.538444480109886854e+02,2.463169615958778422e+02,2.478379820409270451e+02,2.471087752054650650e+02,2.471230547619885840e+02,2.635550191495088939e+02,2.702329004854620962e+02,2.664251753520042598e+02,2.634349816389776606e+02,1.546783924234432634e+05,3.419248190289977174e+00,9.208819260412802521e+00
3.760000000000000000e+03,9.340000000000000000e+03,2.732633499516562665e+02,2.555621174317317639e+02,2.488892720365311391e+02,2.428874141373112252e+02,2.537443268360673585e+02,2.462196537216223078e+02,2.477181183202652903e+02,2.470056168261371852e+02,2.470189802657043572e+02,2.634568350619963439e+02,2.701730450768397986e+02,2.663275054249345430e+02,2.633281347624952105e+02,1.546206534602849861e+05,3.419248190289977174e+00,9.193145572656433728e+00
3.770000000000000000e+03,9.350000000000000000e+03,2.732140193031093531e+02,2.554532217814251283e+02,2.487803710821828531e+02,2.427786450826181976e+02,2.536445759161710498e+02,2.461226297966919674e+02,2.475988887981831965e+02,2.469028065643992988e+02,2.469152522703399200e+02,2.633588005272514465e+02,2.701131259542788712e+02,2.662299513357756382e+02,2.632214401830350425e+02,1.545630704385514837e+05,3.419248190289977174e+00,9.177551426826081382e+00
3.780000000000000000e+03,9.360000000000000000e+03,2.731645296569453194e+02,2.553446749613935935e+02,2.486718886545623661e+02,2.426702982739981849e+02,2.535451928827078802e+02,2.460258889116343823e+02,2.474802868008953851e+02,2.468003427779509593e+02,2.468118692061606794e+02,2.632609161563980820e+02,2.700531440282812810e+02,2.661325138552044223e+02,2.631148989568248453e+02,1.545056425692609628e+05,3.419248190289977174e+00,9.162036178110620099e+00
3.790000000000000000e+03,9.370000000000000000e+03,2.731148826221875083e+02,2.552364751239635439e+02,2.485638220006960637e+02,2.425623708016683509e+02,2.534461753887862869e+02,2.459294301542664130e+02,2.473623057538844989e+02,2.466982238304032649e+02,2.467088295086590790e+02,2.631631825389072787e+02,2.699931002032607239e+02,2.660351937345155875e+02,2.630085121129729373e+02,1.544483690698344144e+05,3.419248190289977174e+00,9.146599189030030885e+00
3.800000000000000000e+03,9.380000000000000000e+03,2.730650797954531299e+02,2.551286204205953823e+02,2.484561683926766591e+02,2.424548597846913367e+02,2.533475211093054043e+02,2.458332526096997128e+02,2.472449391801958427e+02,2.465964480908380096e+02,2.466061316186525971e+02,2.630656002524445967e+02,2.699329953767093002e+02,2.659379917089513015e+02,2.629022806537858514e+02,1.543912491639570799e+05,3.419248190289977174e+00,9.131239829330795033e+00
3.810000000000000000e+03,9.390000000000000000e+03,2.730151227623047134e+02,2.550211090498203248e+02,2.483489251274969547e+02,2.423477623704351345e+02,2.532492277402412526e+02,2.457373553609094756e+02,2.471281806987899756e+02,2.464950139359242769e+02,2.465037739823384868e+02,2.629681698282163893e+02,2.698728304413460819e+02,2.658409084898013361e+02,2.627962055553071536e+02,1.543342820815831656e+05,3.419248190289977174e+00,9.115957475901995011e+00
3.820000000000000000e+03,9.400000000000000000e+03,2.729650130964140544e+02,2.549139391872998317e+02,2.482420895265647687e+02,2.422410757344551371e+02,2.531512929988677456e+02,2.456417374885983804e+02,2.470120240226234500e+02,2.463939197472089973e+02,2.464017550514867025e+02,2.628708918023760361e+02,2.698126062825731424e+02,2.657439447751581838e+02,2.626902877679560788e+02,1.542774670588117733e+05,3.419248190289977174e+00,9.100751512636151119e+00
3.830000000000000000e+03,9.410000000000000000e+03,2.729147523599531837e+02,2.548071090312496949e+02,2.481356589353126196e+02,2.421347970797484095e+02,2.530537146229278278e+02,2.455463980713357159e+02,2.468964629569706517e+02,2.462931639126051095e+02,2.463000732833979498e+02,2.627737666841735518e+02,2.697523237800541551e+02,2.656471012449368345e+02,2.625845282165368531e+02,1.542208033378155087e+05,3.419248190289977174e+00,9.085621330328981671e+00
3.840000000000000000e+03,9.420000000000000000e+03,2.728643421039453187e+02,2.547006167913157810e+02,2.480296307232817412e+02,2.420289236368284946e+02,2.529564903709418786e+02,2.454513361859557108e+02,2.467814913979397318e+02,2.461927448266721399e+02,2.461987271408774234e+02,2.626767949632540535e+02,2.696919838072573157e+02,2.655503785612417005e+02,2.624789278010655948e+02,1.541642901668329141e+05,3.419248190289977174e+00,9.070566326608188845e+00
3.850000000000000000e+03,9.430000000000000000e+03,2.728137838675547187e+02,2.545944606880713081e+02,2.479240022840060647e+02,2.419234526634930091e+02,2.528596180217014648e+02,2.453565509075967270e+02,2.466671033308045935e+02,2.460926608900454653e+02,2.460977150922867907e+02,2.625799771100207636e+02,2.696315872315824436e+02,2.654537773691042730e+02,2.623734873971920933e+02,1.541079268000075826e+05,3.419248190289977174e+00,9.055585905798709589e+00
3.860000000000000000e+03,9.440000000000000000e+03,2.727630791793437766e+02,2.544886389336510888e+02,2.478187710411982891e+02,2.418183814499612652e+02,2.527630953734544050e+02,2.452620413145774307e+02,2.465532928281279226e+02,2.459929105096739193e+02,2.459970356122267390e+02,2.624833135775855908e+02,2.695711349141111555e+02,2.653572982872328794e+02,2.622682078515467765e+02,1.540517124974327744e+05,3.419248190289977174e+00,9.040679479053206791e+00
3.870000000000000000e+03,9.450000000000000000e+03,2.727122295561953251e+02,2.543831498230169359e+02,2.477139344157179153e+02,2.417137072930263741e+02,2.526669202455096865e+02,2.451678064677841462e+02,2.464400540485806914e+02,2.458934920993261528e+02,2.458966871800871274e+02,2.623868048008949359e+02,2.695106277113754913e+02,2.652609419515020477e+02,2.621630900040711936e+02,1.539956465249709727e+05,3.419248190289977174e+00,9.025846463372877437e+00
3.880000000000000000e+03,9.460000000000000000e+03,2.726614305731405921e+02,2.542825780709433729e+02,2.478285023457353873e+02,2.416618952711184249e+02,2.532012692003280279e+02,2.466860574768474521e+02,2.463397692561806025e+02,2.458701996926286881e+02,2.458724647211592185e+02,2.622931549021490696e+02,2.694527160815581510e+02,2.651676422637810902e+02,2.620608371294748622e+02,1.540740389906874334e+05,1.692568239730537272e+01,9.086436968963493399e+00
3.890000000000000000e+03,9.470000000000000000e+03,2.726107409682343814e+02,2.541893233326696304e+02,2.480048212038382758e+02,2.416220667552393309e+02,2.536780949237353298e+02,2.480853778528030489e+02,2.462467441117365468e+02,2.458608815480150156e+02,2.458622167580178939e+02,2.622018937121272302e+02,2.693968012002342789e+02,2.650768954919880684e+02,2.619609798218848482e+02,1.541512566984460282e+05,1.685435885119504107e+01,9.132588776155172283e+00
3.900000000000000000e+03,9.480000000000000000e+03,2.725601859913672342e+02,2.541043511409440327e+02,2.481977313349840983e+02,2.415917497544633932e+02,2.541214381307763688e+02,2.494251252231581191e+02,2.461584949545181189e+02,2.458606754774131673e+02,2.458610809757898608e+02,2.621127996203332486e+02,2.693425750117671669e+02,2.649884377515575693e+02,2.618632977723245858e+02,1.542273204556619748e+05,1.678133186054684245e+01,9.174956739300483832e+00
3.910000000000000000e+03,9.490000000000000000e+03,2.725097818150468356e+02,2.540278830433196617e+02,2.483940049953515086e+02,2.415691825386270182e+02,2.545390650332180655e+02,2.507256137163209928e+02,2.460738998440845364e+02,2.458671053476712984e+02,2.458665810032198351e+02,2.620257632622509618e+02,2.692898756700899412e+02,2.649021350597186029e+02,2.617676831055287039e+02,1.543022247665890609e+05,1.670661068449020092e+01,9.216180168483852242e+00
3.920000000000000000e+03,9.500000000000000000e+03,2.724595418370547009e+02,2.539597837797412296e+02,2.485895854110872847e+02,2.415531260158425653e+02,2.549338054480639641e+02,2.519949126259459433e+02,2.459924094714540956e+02,2.458787641043693952e+02,2.458773095858132365e+02,2.619407242996680907e+02,2.692386072866009954e+02,2.648179135713555183e+02,2.616740770533493219e+02,1.543759575374964625e+05,1.663020479696114862e+01,9.256928282326292390e+00
3.930000000000000000e+03,9.510000000000000000e+03,2.724094784174375263e+02,2.538997537564300160e+02,2.487831626450849285e+02,2.415426849096631372e+02,2.553069042148468952e+02,2.532368556662569006e+02,2.459137271732065528e+02,2.458947552228017344e+02,2.458923700846029590e+02,2.618576464363660534e+02,2.691887061901333027e+02,2.647357291037112645e+02,2.615824449265755902e+02,1.544485051159071736e+05,1.655212388550117453e+01,9.297366622543226100e+00
3.940000000000000000e+03,9.520000000000000000e+03,2.723596033707734136e+02,2.538474219989238350e+02,2.489742850549516788e+02,2.415371909136166551e+02,2.556590640918104214e+02,2.544536081540474584e+02,2.458376727391760141e+02,2.459144490544069583e+02,2.459111328207052338e+02,2.617765057595219105e+02,2.691401256095119265e+02,2.646555528285488208e+02,2.614927644508758817e+02,1.545198536451105610e+05,1.647237785002889510e+01,9.337525512904482738e+00
3.950000000000000000e+03,9.530000000000000000e+03,2.723099280925390531e+02,2.538023913871324453e+02,2.491627790341656805e+02,2.415361291618709743e+02,2.559907894834702233e+02,2.556465731701966320e+02,2.457641209802647779e+02,2.459373689740377813e+02,2.459331212051286855e+02,2.616972845294893659e+02,2.690928279291249510e+02,2.645773638128773655e+02,2.614050195431251495e+02,1.545899894463612582e+05,1.639097680158484494e+01,9.377397265162967344e+00
3.960000000000000000e+03,9.540000000000000000e+03,2.722604635769453125e+02,2.537642610851468135e+02,2.493485631716044963e+02,2.415390910782401193e+02,2.563025062297758154e+02,2.568167515384351418e+02,2.456929725933329962e+02,2.459631339063203654e+02,2.459579542400521461e+02,2.616199676108997210e+02,2.690467804284982662e+02,2.645011448262072804e+02,2.613191967422459356e+02,1.546588991299287882e+05,1.630793106104949786e+01,9.416963299093250583e+00
3.970000000000000000e+03,9.550000000000000000e+03,2.722112204023202935e+02,2.537326378336904327e+02,2.495315867199145714e+02,2.415457433344778337e+02,2.565946054942960473e+02,2.579649045978774211e+02,2.456241399054719636e+02,2.459914269575651247e+02,2.459853151665428470e+02,2.615445403985632993e+02,2.690019528333603489e+02,2.644268798664311362e+02,2.612352831316895845e+02,1.547265696261085686e+05,1.622325115783469229e+01,9.456202141378810211e+00
3.980000000000000000e+03,9.560000000000000000e+03,2.721622087103593799e+02,2.537071415491725759e+02,2.497118089344029386e+02,2.415558069403560069e+02,2.568674602431675567e+02,2.590916377342384180e+02,2.455575398669139986e+02,2.460219770542332185e+02,2.460149330442690427e+02,2.614709876282053074e+02,2.689583158954667397e+02,2.643545527341063917e+02,2.611532651455239034e+02,1.547929881915852020e+05,1.613694782854857834e+01,9.495091890243376298e+00
3.990000000000000000e+03,9.570000000000000000e+03,2.721134381856015807e+02,2.536874079932707957e+02,2.498891921435570680e+02,2.415690428864311343e+02,2.571214317441177286e+02,2.601974480771043545e+02,2.454930907249358256e+02,2.460545473659730646e+02,2.460465711976820273e+02,2.613992927297740039e+02,2.689158405904071287e+02,2.642841461783566501e+02,2.610731279207860211e+02,1.548581424080100842e+05,1.604903201563431026e+01,9.533610989635409538e+00
4.000000000000000000e+03,9.580000000000000000e+03,2.720649180397969076e+02,2.536730897387158166e+02,2.500636996280736071e+02,2.415852421267643422e+02,2.573568720421750413e+02,2.612827541323487139e+02,2.454307105978740537e+02,2.460889276177222200e+02,2.460800195159401653e+02,2.613294375135059227e+02,2.688744976992467741e+02,2.642156414816130905e+02,2.609948549787590082e+02,1.549220201783230295e+05,1.595951486598269575e+01,9.571738460797792669e+00
4.010000000000000000e+03,9.590000000000000000e+03,2.720166569991640699e+02,2.536638562664603000e+02,2.502352950858068823e+02,2.416042184535039041e+02,2.575741248845756672e+02,2.623479155002485186e+02,2.453703170310913606e+02,2.461249287063478164e+02,2.461150890644155993e+02,2.612614020560028507e+02,2.688342576109150741e+02,2.641490182550522263e+02,2.609184281072458589e+02,1.549846097223603865e+05,1.586840772951880929e+01,9.609453957509575872e+00
4.020000000000000000e+03,9.600000000000000000e+03,2.719686632959218855e+02,2.536593935391227319e+02,2.504039426918946560e+02,2.416258034219279693e+02,2.577735260707640919e+02,2.633932463903007601e+02,2.453118270399944549e+02,2.461623787786591038e+02,2.461516081634479178e+02,2.611951647076434710e+02,2.687950902715492703e+02,2.640842543922252617e+02,2.608438273665790348e+02,1.550458995727292204e+05,1.577572215776300801e+01,9.646737761811936096e+00
4.030000000000000000e+03,9.610000000000000000e+03,2.719209446633827838e+02,2.536594033052448367e+02,2.505696072049878751e+02,2.416498426064111982e+02,2.579554036058593169e+02,2.644190255039591193e+02,2.452551573754419110e+02,2.462011202793834457e+02,2.461894194326023637e+02,2.611307021656587608e+02,2.687569652053228992e+02,2.640213261039962163e+02,2.607710311579726863e+02,1.551058785706001800e+05,1.568146990236621718e+01,9.683570765634529565e+00
4.040000000000000000e+03,9.620000000000000000e+03,2.718735083327031816e+02,2.536636022704762468e+02,2.507322541269016369e+02,2.416761928580123140e+02,2.581200777970639706e+02,2.654255032614202037e+02,2.452002248675323699e+02,2.462410076746955383e+02,2.462283775137609609e+02,2.610679895840630138e+02,2.687198515818256510e+02,2.639602080029155218e+02,2.607000163304477383e+02,1.551645358618369210e+05,1.558566291362001444e+01,9.719934448434795371e+00
4.050000000000000000e+03,9.630000000000000000e+03,2.718263610332890607e+02,2.536717212141123241e+02,2.508918498190806190e+02,2.417047202509310750e+02,2.582678613614917822e+02,2.664129072786006418e+02,2.451469467748599982e+02,2.462819056627503471e+02,2.462683472799647859e+02,2.610070006980234325e+02,2.686837183009175192e+02,2.639008732150682590e+02,2.606307583031447166e+02,1.552218608933319629e+05,1.548831333894140805e+01,9.755810856585407365e+00
4.060000000000000000e+03,9.640000000000000000e+03,2.717795089948593841e+02,2.536835041093317500e+02,2.510483615830313511e+02,2.417352985287593015e+02,2.583990595558593100e+02,2.673814465845416066e+02,2.450952411023848754e+02,2.463236877447567394e+02,2.463092024063758743e+02,2.609477079543771083e+02,2.686485340836550222e+02,2.638432934983035238e+02,2.605632311915529158e+02,1.552778434094663244e+05,1.538943352133264497e+01,9.791182585384307302e+00
4.070000000000000000e+03,9.650000000000000000e+03,2.717329579503905848e+02,2.536987072684690645e+02,2.512017577123648948e+02,2.417678079190096128e+02,2.585139703335149761e+02,2.683313149105457001e+02,2.450450268731411541e+02,2.463662350705216113e+02,2.463508242154281049e+02,2.608900826375133875e+02,2.686142675614636346e+02,2.637874393643277813e+02,2.604974079323734486e+02,1.553324734486900561e+05,1.528903599781627598e+01,9.826032763752536425e+00
4.080000000000000000e+03,9.660000000000000000e+03,2.716867131415234553e+02,2.537170985345934184e+02,2.513520075171205690e+02,2.418021342131287383e+02,2.586128845214949479e+02,2.692626933038952757e+02,2.449962243503339323e+02,2.464094354960372186e+02,2.463931007337962171e+02,2.608340949906656192e+02,2.685808873584210232e+02,2.637332801957738866e+02,2.604332604001519940e+02,1.553857413402138918e+05,1.518713349784554367e+01,9.860345041386434417e+00
4.090000000000000000e+03,9.670000000000000000e+03,2.716407793247031464e+02,2.537384565201601845e+02,2.514990813337698228e+02,2.418381680490942927e+02,2.586960860128531294e+02,2.701757522180465116e+02,2.449487552120080238e+02,2.464531828079124409e+02,2.464359259165370872e+02,2.607797143274064524e+02,2.685483621661568350e+02,2.636807843573841410e+02,2.603707595199820162e+02,1.554376377009223215e+05,1.508373894169044149e+01,9.894103578031383961e+00
4.100000000000000000e+03,9.680000000000000000e+03,2.715951607778202970e+02,2.537625699089144291e+02,2.516429505217234066e+02,2.418758043439237611e+02,2.587638519684172138e+02,2.710706532058779885e+02,2.449025426829772130e+02,2.464973760790585402e+02,2.464791990027058546e+02,2.607269091358618880e+02,2.685166608081698314e+02,2.636299192983940998e+02,2.603098753650905337e+02,1.554881534321403888e+05,1.497886543879950416e+01,9.927293034400332061e+00
4.110000000000000000e+03,9.690000000000000000e+03,2.715498613084999988e+02,2.537892368027077055e+02,2.517835874521309165e+02,2.419149418391758388e+02,2.588164530230984042e+02,2.719475503048648761e+02,2.448575116299915919e+02,2.465419191305074378e+02,2.465228239769693062e+02,2.606756471728289171e+02,2.684857522969364254e+02,2.635806516489092246e+02,2.602505772513010811e+02,1.555372797166245873e+05,1.487252628613768657e+01,9.959898564601351367e+00
4.120000000000000000e+03,9.700000000000000000e+03,2.715048842621484368e+02,2.538182641249857170e+02,2.519209654910571317e+02,2.419554827343481520e+02,2.588541534938903510e+02,2.728065911794842009e+02,2.448135886262529652e+02,2.465867200783986846e+02,2.465667091160304949e+02,2.606258955504305277e+02,2.684556058810293280e+02,2.635329473069805886e+02,2.601928338212645713e+02,1.555850080155694741e+05,1.476473496650044304e+01,9.991905809861583165e+00
4.130000000000000000e+03,9.710000000000000000e+03,2.714602325304921919e+02,2.538494670746673023e+02,2.520550589793666063e+02,2.419973323860477308e+02,2.588772115848178146e+02,2.736479180704787950e+02,2.447707019901988019e+02,2.466316909500669396e+02,2.466107666051225351e+02,2.605776208140127892e+02,2.684261910868402197e+02,2.634867715168803670e+02,2.601366131208513934e+02,1.556313300655716739e+05,1.465550514680420413e+01,1.002330089316260242e+01
4.140000000000000000e+03,9.720000000000000000e+03,2.714159085621797090e+02,2.538826686215280688e+02,2.521858432109270893e+02,2.420403990592456864e+02,2.588858795895340563e+02,2.744716685908134082e+02,2.447287818042107119e+02,2.466767473564817408e+02,2.466549122096707833e+02,2.605307890137510753e+02,2.683974777496035813e+02,2.634420889435983213e+02,2.600818826687503247e+02,1.556762378757616971e+05,1.454485067635354945e+01,1.005407041481957187e+01
4.150000000000000000e+03,9.730000000000000000e+03,2.713719143714296820e+02,2.539176990449111599e+02,2.523132944097221468e+02,2.420845937184535046e+02,2.588804040883239850e+02,2.752779763956492047e+02,2.446877599168196014e+02,2.467218082111861008e+02,2.466990649946959309e+02,2.604853657690644013e+02,2.683694360428136179e+02,2.633988637390179974e+02,2.600286095190640481e+02,1.557197237248051097e+05,1.443278558508526643e+01,1.008420144873540991e+01
4.160000000000000000e+03,9.740000000000000000e+03,2.713282515478984465e+02,2.539543955145514360e+02,2.524373897072088653e+02,2.421298298509241818e+02,2.588610261391560243e+02,2.760669717507787482e+02,2.446475699317250587e+02,2.467667954875531109e+02,2.467431470815065495e+02,2.604413163276104228e+02,2.683420364985955757e+02,2.633570596024939050e+02,2.599767603188685712e+02,1.557617801580030937e+05,1.431932408178948890e+01,1.011368153921941904e+01
4.170000000000000000e+03,9.750000000000000000e+03,2.712849212678906383e+02,2.539926016942548586e+02,2.525581071196607468e+02,2.421760233145199095e+02,2.588279814624413575e+02,2.768387820175006482e+02,2.446081471876884734e+02,2.468116340074360551e+02,2.467870834366735835e+02,2.603986056181400386e+02,2.683152500288849183e+02,2.633166398377037467e+02,2.599263013612410305e+02,1.558023999844298814e+05,1.420448055230810702e+01,1.014249869829563622e+01
4.180000000000000000e+03,9.760000000000000000e+03,2.712419243039218486e+02,2.540321673836279501e+02,2.526754255262887341e+02,2.422230922061501417e+02,2.587815006194472289e+02,2.775935320685834995e+02,2.445694287297639562e+02,2.468562512568413467e+02,2.468308016870868471e+02,2.603571982990711149e+02,2.682890479432759321e+02,2.632775674004560074e+02,2.598771986315616687e+02,1.558415762739480706e+05,1.408826955771085032e+01,1.017064140338638367e+01
4.190000000000000000e+03,9.770000000000000000e+03,2.711992610337812835e+02,2.540729482278079558e+02,2.527893246488799832e+02,2.422709567457225717e+02,2.587218091836817848e+02,2.783313446405381910e+02,2.445313532771837401e+02,2.469005772225011697e+02,2.468742319567984111e+02,2.603170588080138259e+02,2.682634019246148682e+02,2.632398049560466688e+02,2.598294178528399243e+02,1.558793023543895106e+05,1.397070583244904007e+01,1.019809859514989725e+01
4.200000000000000000e+03,9.780000000000000000e+03,2.711569349346640365e+02,2.541149814771826527e+02,2.529036545485190572e+02,2.423345180985844536e+02,2.586679778591992545e+02,2.790543754704085018e+02,2.444959023208436406e+02,2.469470494532712337e+02,2.469198119425218465e+02,2.602782040654057027e+02,2.682383317042662156e+02,2.632033676052783449e+02,2.597829771719634664e+02,1.559179749432098470e+05,1.409353710615980049e+01,1.022627904649914043e+01
4.210000000000000000e+03,9.790000000000000000e+03,2.711149510701250165e+02,2.541583405264036628e+02,2.530205708670488320e+02,2.424165681798162666e+02,2.586237832088319806e+02,2.797636106830506151e+02,2.444638930064724036e+02,2.469964080655420560e+02,2.469682819119959163e+02,2.602406571115289466e+02,2.682138610453790761e+02,2.631682769638072159e+02,2.597379008206175968e+02,1.559582378641783725e+05,1.428157472870289801e+01,1.025528345758085713e+01
4.220000000000000000e+03,9.800000000000000000e+03,2.710733148113749849e+02,2.542030949851152286e+02,2.531406780299575416e+02,2.425160579608967168e+02,2.585881563529661094e+02,2.804594499121828903e+02,2.444355594307199908e+02,2.470487159455307165e+02,2.470197048987253936e+02,2.602044341433188492e+02,2.681900060388006182e+02,2.631345476096915945e+02,2.596942061602176750e+02,1.560000707348950091e+05,1.446823511132014417e+01,1.028494886588626755e+01
4.230000000000000000e+03,9.810000000000000000e+03,2.710320315173515837e+02,2.542493146054036401e+02,2.532641303013180334e+02,2.426323336176771193e+02,2.585605250681668394e+02,2.811422007040420112e+02,2.444110468317856544e+02,2.471040127313744392e+02,2.470741206804705428e+02,2.601695477397828427e+02,2.681667785527444607e+02,2.631021900150143438e+02,2.596519069233845585e+02,1.560434534987915540e+05,1.465349458724636378e+01,1.031521902399679824e+01
4.240000000000000000e+03,9.820000000000000000e+03,2.709911064507187461e+02,2.542970676159039556e+02,2.533909464656138653e+02,2.427648945735200812e+02,2.585405066757659256e+02,2.818121160690228635e+02,2.443904488910206396e+02,2.471623205504537850e+02,2.471315515167750334e+02,2.601360084732726250e+02,2.681441880454324291e+02,2.630712122026120596e+02,2.596110148163891722e+02,1.560883661538353772e+05,1.483732966733802883e+01,1.034606498607350744e+01
4.250000000000000000e+03,9.830000000000000000e+03,2.709505447572421986e+02,2.543464189736946821e+02,2.535211023478093466e+02,2.429133119093756363e+02,2.585278046741158278e+02,2.824694137988213924e+02,2.443738268125086393e+02,2.472236493422652472e+02,2.471920074726140228e+02,2.601038256906895754e+02,2.681222424954077610e+02,2.630416206360246747e+02,2.595715403069123681e+02,1.561347886772901984e+05,1.501971704305153210e+01,1.037746551793386374e+01
4.260000000000000000e+03,9.840000000000000000e+03,2.709103514647187581e+02,2.543974293183118789e+02,2.536545592560826776e+02,2.430771972436957071e+02,2.585221695693438164e+02,2.831142871857118735e+02,2.443612198211936857e+02,2.472880004634126294e+02,2.472554900244496139e+02,2.600730079277905133e+02,2.681009489078766137e+02,2.630134207095923102e+02,2.595334930366556137e+02,1.561827010015068809e+05,1.520063358939841613e+01,1.040940198598603672e+01
4.270000000000000000e+03,9.850000000000000000e+03,2.708705314835547142e+02,2.544501544840592828e+02,2.537912731371287123e+02,2.432561888857546819e+02,2.585233816933475737e+02,2.837469115121337495e+02,2.443526514636633920e+02,2.473553689997887091e+02,2.473219943746158549e+02,2.600435631472756768e+02,2.680803135997299478e+02,2.629866170434508490e+02,2.594968820586269089e+02,1.562320830040358123e+05,1.538005636787740826e+01,1.044185693021956141e+01
4.280000000000000000e+03,9.860000000000000000e+03,2.708310896112031401e+02,2.545046453640439381e+02,2.539311976518003462e+02,2.434499445870070247e+02,2.585312424186389535e+02,2.843674483019159993e+02,2.443481336828175472e+02,2.474257452719838852e+02,2.473915109565553223e+02,2.600154988689604920e+02,2.680603423617117187e+02,2.629612136510419873e+02,2.594617159689505570e+02,1.562829145021074219e+05,1.555796262938287633e+01,1.047481363193630344e+01
4.290000000000000000e+03,9.870000000000000000e+03,2.707920305360390216e+02,2.545609479616923920e+02,2.540742852615429683e+02,2.436581371689552498e+02,2.585455689891842326e+02,2.849760482663965604e+02,2.443476696078850807e+02,2.474991158487615053e+02,2.474640264493579309e+02,2.599888222435666307e+02,2.680410405597413046e+02,2.629372140405463369e+02,2.594280029779866936e+02,1.563351752486602054e+05,1.573432981708911349e+01,1.050825596739593593e+01
4.300000000000000000e+03,9.880000000000000000e+03,2.707533588399921882e+02,2.546191035641292615e+02,2.542204876299730358e+02,2.438804515866382303e+02,2.585661911535999593e+02,2.855728534305109179e+02,2.443512555392132981e+02,2.475754642581521807e+02,2.475395244900200851e+02,2.599635400900446029e+02,2.680224131873243323e+02,2.629146212726315639e+02,2.593957509519042333e+02,1.563888449288541451e+05,1.590913556931037220e+01,1.054216834912690004e+01
4.310000000000000000e+03,9.890000000000000000e+03,2.707150790025703486e+02,2.546791489673424564e+02,2.543697557823402065e+02,2.441165828256730208e+02,2.585929488040306978e+02,2.861579987097767344e+02,2.443588823995068537e+02,2.476547715050599550e+02,2.476179861903299866e+02,2.599396589128506321e+02,2.680044648953249862e+02,2.628934379940215535e+02,2.593649674270413925e+02,1.564439031570673687e+05,1.608235772233609140e+01,1.057653569585901998e+01
4.320000000000000000e+03,9.900000000000000000e+03,2.706771954024453635e+02,2.547411167208291261e+02,2.545220401820691905e+02,2.443662343087646036e+02,2.586256902377050437e+02,2.867316131047292629e+02,2.443705368143719454e+02,2.477370164616809802e+02,2.476993905281462958e+02,2.599171849064015305e+02,2.679872000119996756e+02,2.628736664553353535e+02,2.593356596174952529e+02,1.565003294739634148e+05,1.625397431324110542e+01,1.061134341197003295e+01
4.330000000000000000e+03,9.910000000000000000e+03,2.706397123205780986e+02,2.548050353917796542e+02,2.546772907739666039e+02,2.446291166600918245e+02,2.586642708352401314e+02,2.872938206196766373e+02,2.443862019278863613e+02,2.478221761695812404e+02,2.477837146491870044e+02,2.598961239536323546e+02,2.679706225486702351e+02,2.628553085209738356e+02,2.593078344095292209e+02,1.565581033439001185e+05,1.642396358267025391e+01,1.064657737049671837e+01
4.340000000000000000e+03,9.920000000000000000e+03,2.706026339417265376e+02,2.548709298139781936e+02,2.548354570128155387e+02,2.449049467304611198e+02,2.587085520307213073e+02,2.878447409762312645e+02,2.444058580254172170e+02,2.479102260771842907e+02,2.478709341056453184e+02,2.598764816198234371e+02,2.679547362061715603e+02,2.628383656740565470e+02,2.592814983593333409e+02,1.566172041524313972e+05,1.659230397759728959e+01,1.068222389747906931e+01
4.350000000000000000e+03,9.930000000000000000e+03,2.705659643564609382e+02,2.549388213324830872e+02,2.549964878910026300e+02,2.451934468030671326e+02,2.587584004964633095e+02,2.883844901760069774e+02,2.444294830129558704e+02,2.480011402312924815e+02,2.479610230466647920e+02,2.598582631478621465e+02,2.679395443761878823e+02,2.628228390194943813e+02,2.592566576858066583e+02,1.566776112040512962e+05,1.675897415405764690e+01,1.071826975678395044e+01
4.360000000000000000e+03,9.940000000000000000e+03,2.705297075625859407e+02,2.550087280284062956e+02,2.551603319619887884e+02,2.454943439486842180e+02,2.588136874867090000e+02,2.889131809467480139e+02,2.444570527891501115e+02,2.480948914322192991e+02,2.480539543738398720e+02,2.598414734498944654e+02,2.679250501479756963e+02,2.628087292859684680e+02,2.592333182639952156e+02,1.567393037200697290e+05,1.692395297985456537e+01,1.075470213525100505e+01
4.370000000000000000e+03,9.950000000000000000e+03,2.704938674667969281e+02,2.550806649361240375e+02,2.553269373624650882e+02,2.458073694910414702e+02,2.588742883037228353e+02,2.894309230983445786e+02,2.444885415359355534e+02,2.481914513612975952e+02,2.481496998692445857e+02,2.598261171020807296e+02,2.679112563072838498e+02,2.627960368282193144e+02,2.592114856193146579e+02,1.568022608366174100e+05,1.708721953723852494e+01,1.079150862797359878e+01
4.380000000000000000e+03,9.960000000000000000e+03,2.704584478863828281e+02,2.551546442361494087e+02,2.554962518353931955e+02,2.461322585602369486e+02,2.589400818580938335e+02,2.899378238127408736e+02,2.445239219477947756e+02,2.482907906859966829e+02,2.482482303001523576e+02,2.598121983395769803e+02,2.678981653422471254e+02,2.627847616304907206e+02,2.591911649223393397e+02,1.568664616029977333e+05,1.724875312555936802e+01,1.082867722381149100e+01
4.390000000000000000e+03,9.970000000000000000e+03,2.704234525504140265e+02,2.552306754265491691e+02,2.556682227461697323e+02,2.464687497161320948e+02,2.590109503030221845e+02,2.904339878731277622e+02,2.445631654124635475e+02,2.483928791509459870e+02,2.483495155094696258e+02,2.597997210504604482e+02,2.678857794671314991e+02,2.627749033095238929e+02,2.591723609845017791e+02,1.569318849799900490e+05,1.740853326389102307e+01,1.086619629091313932e+01
4.400000000000000000e+03,9.980000000000000000e+03,2.703888851005156084e+02,2.553087655651930561e+02,2.558427971071129434e+02,2.468165846279117090e+02,2.590867787262654929e+02,2.909195178599434826e+02,2.446062421563829616e+02,2.484976856497810047e+02,2.484535244892475703e+02,2.597886887800542013e+02,2.678741005495596710e+02,2.627664611215616333e+02,2.591550782570300271e+02,1.569985098384437151e+05,1.756653969362816881e+01,1.090405456248546656e+01
4.410000000000000000e+03,9.990000000000000000e+03,2.703547490928437469e+02,2.553889193027311251e+02,2.560199215947727112e+02,2.471755077991303438e+02,2.591674548904161384e+02,2.913945143070175163e+02,2.446531213607357245e+02,2.486051782895475242e+02,2.485602254421752377e+02,2.597791047189621167e+02,2.678631302315827725e+02,2.627594339649976973e+02,2.591393208261922041e+02,1.570663149580429890e+05,1.772275238105494921e+01,1.094224112258768855e+01
4.420000000000000000e+03,1.000000000000000000e+04,2.703210479991093962e+02,2.554711391058672234e+02,2.561995425657864871e+02,2.475452663303623808e+02,2.592528690093057548e+02,2.918590758302525501e+02,2.447037712557298619e+02,2.487153244452933905e+02,2.486695858398495886e+02,2.597709717076647848e+02,2.678528698665678576e+02,2.627538203882400580e+02,2.591250924138249729e+02,1.571352790262112394e+05,1.787715151988497553e+01,1.098074539208215583e+01
4.430000000000000000e+03,1.001000000000000000e+04,2.702877852079921581e+02,2.555554253736644341e+02,2.563816060744520087e+02,2.479256097127653788e+02,2.593429135577652005e+02,2.923132992372042622e+02,2.447581591980806479e+02,2.488280908050103335e+02,2.487815724684930672e+02,2.597642922355782957e+02,2.678433205367070400e+02,2.627496185966234634e+02,2.591123963768468457e+02,1.572053806371715618e+05,1.802971753377266495e+01,1.101955711472777999e+01
4.440000000000000000e+03,1.002000000000000000e+04,2.702549640255859345e+02,2.556417765546650855e+02,2.565660578899685902e+02,2.483162896473152728e+02,2.594374830976971111e+02,2.927572796174326299e+02,2.448162517346165146e+02,2.489434434160851879e+02,2.488961514686378678e+02,2.597590684411878215e+02,2.678344830661662854e+02,2.627468264600832413e+02,2.591012357078337800e+02,1.572765982911518367e+05,1.818043107879522324e+01,1.105866634326388542e+01
4.450000000000000000e+03,1.003000000000000000e+04,2.702225876778437623e+02,2.557301892590114107e+02,2.567528435127555895e+02,2.487170598870532103e+02,2.595364741357664116e+02,2.931911104205338461e+02,2.448780146559093680e+02,2.490613477151413520e+02,2.490132883722375539e+02,2.597553021134644951e+02,2.678263580267462771e+02,2.627454415203474127e+02,2.590916130313977419e+02,1.573489103938472108e+05,1.832927304590534945e+01,1.109806342573910243e+01
4.460000000000000000e+03,1.004000000000000000e+04,2.701906593107812000e+02,2.558206583648531591e+02,2.569419081821920940e+02,2.491276760933073149e+02,2.596397849960221151e+02,2.936148835200429517e+02,2.449434130383087904e+02,2.491817685629344510e+02,2.491329481306837010e+02,2.597529946930484357e+02,2.678189457476653388e+02,2.627454609977201017e+02,2.590835306262486029e+02,1.574222952559099358e+05,1.847622456335408714e+01,1.113773899175804871e+01
4.470000000000000000e+03,1.005000000000000000e+04,2.701591819919843829e+02,2.559131771026947035e+02,2.571331969017787742e+02,2.495478957166614009e+02,2.597473156981773172e+02,2.940286892688943681e+02,2.450124112864750714e+02,2.493046702704499182e+02,2.492550951484147959e+02,2.597521472747488929e+02,2.678122463230574226e+02,2.627468818087664317e+02,2.590769903923315951e+02,1.574967310926908103e+05,1.862126699908352734e+01,1.117768393907605606e+01
4.480000000000000000e+03,1.006000000000000000e+04,2.701281587120624863e+02,2.560077371481829687e+02,2.573266544406612297e+02,2.499774778831933020e+02,2.598589678611457430e+02,2.944326165448885604e+02,2.450849731621925116e+02,2.494300166283495628e+02,2.493796933078069173e+02,2.597527606094264456e+02,2.678062596238289643e+02,2.627497005626304940e+02,2.590719938817380239e+02,1.575721960241400520e+05,1.876438196308921036e+01,1.121788942019288449e+01
4.490000000000000000e+03,1.007000000000000000e+04,2.700975923852969345e+02,2.561043287286478289e+02,2.575222253490781554e+02,2.504161832955122691e+02,2.599746446003994151e+02,2.948267527866112800e+02,2.451610618151191829e+02,2.495577709413362868e+02,2.495067059906054681e+02,2.597548351077855955e+02,2.678009852909308961e+02,2.627539135737107472e+02,2.590685422901096899e+02,1.576486680748094805e+05,1.890555130975180376e+01,1.125834682894148031e+01
4.500000000000000000e+03,1.008000000000000000e+04,2.700674858513124832e+02,2.562029406446624762e+02,2.577198539942826869e+02,2.508637741478513590e+02,2.600942504509782793e+02,2.952111840549708859e+02,2.452406398072401146e+02,2.496878959875552937e+02,2.496360960984465862e+02,2.597583708411773387e+02,2.677964227724100397e+02,2.627595168762468916e+02,2.590666364609667767e+02,1.577261251740426524e+05,1.904475714013780419e+01,1.129904778682235289e+01
4.510000000000000000e+03,1.009000000000000000e+04,2.700378418756484393e+02,2.563035603948717949e+02,2.579194845315854536e+02,2.513200140286477904e+02,2.602176912885359457e+02,2.955859950205487507e+02,2.453236691349203795e+02,2.498203541415727500e+02,2.497678260778350534e+02,2.597633675470972889e+02,2.677925713055246888e+02,2.627665062269460350e+02,2.590662768894710553e+02,1.578045451562938397e+05,1.918198180426891852e+01,1.133998413052854204e+01
4.520000000000000000e+03,1.010000000000000000e+04,2.700086631514921578e+02,2.564061742101471282e+02,2.581210609292785421e+02,2.517846679134076453e+02,2.603448742592305507e+02,2.959512690166390030e+02,2.454101112498699706e+02,2.499551073143608733e+02,2.499018579220881122e+02,2.597698246306864007e+02,2.677894299353495740e+02,2.627748771135940729e+02,2.590674637250997421e+02,1.578839057616766077e+05,1.931720790335994664e+01,1.138114789893999124e+01
4.530000000000000000e+03,1.011000000000000000e+04,2.699799523004531352e+02,2.565107671201881772e+02,2.583245270051397711e+02,2.522575020147951363e+02,2.604757077147502855e+02,2.963070880602711554e+02,2.454999270766048198e+02,2.500921169943212021e+02,2.500381532107974181e+02,2.597777411683396735e+02,2.677869975197036183e+02,2.627846247707221892e+02,2.590701967737187488e+02,1.579641846365668462e+05,1.945041829202476080e+01,1.142253131948796607e+01
4.540000000000000000e+03,1.012000000000000000e+04,2.699517118733436973e+02,2.566173230245266836e+02,2.585298264106199895e+02,2.527382837824862349e+02,2.606101011533825158e+02,2.966535328681705437e+02,2.455930770302018402e+02,2.502313442619771422e+02,2.501766731120173404e+02,2.597871159112585815e+02,2.677852727369556760e+02,2.627957441767387081e+02,2.590744755032608282e+02,1.580453593343735265e+05,1.958159608045021116e+01,1.146412679581560035e+01
4.550000000000000000e+03,1.013000000000000000e+04,2.699239443518906683e+02,2.567258247291933912e+02,2.587369026490886199e+02,2.532267818438255063e+02,2.607479651680321808e+02,2.969906828759055770e+02,2.456895210310385380e+02,2.503727498053494855e+02,2.503173783993370591e+02,2.597979472881501124e+02,2.677842540936832165e+02,2.628082300692825584e+02,2.590802990445955061e+02,1.581274073165763402e+05,1.971072463653752038e+01,1.150592689515488587e+01
4.560000000000000000e+03,1.014000000000000000e+04,2.698966521490156083e+02,2.568362540083818431e+02,2.589456990875905262e+02,2.537227659557944435e+02,2.608892113901754328e+02,2.973186162536929942e+02,2.457892185202389328e+02,2.505162939336439365e+02,2.504602294673055667e+02,2.598102334089152805e+02,2.677839399302447418e+02,2.628220769515247639e+02,2.590876661961714262e+02,1.582103059536801302e+05,1.983778758801117448e+01,1.154792433556099596e+01
4.570000000000000000e+03,1.015000000000000000e+04,2.698698376098593599e+02,2.569485916497587823e+02,2.591561589618484618e+02,2.542260069750879552e+02,2.610337524483065863e+02,2.976374099183210546e+02,2.458921284730506045e+02,2.506619365912006572e+02,2.506051863442452827e+02,2.598239720680317077e+02,2.677843284301103495e+02,2.628372790995080095e+02,2.590965754259748337e+02,1.582940325265870197e+05,1.996276882449470591e+01,1.159011197368498181e+01
4.580000000000000000e+03,1.016000000000000000e+04,2.698435030134452859e+02,2.570628174916559487e+02,2.593682253925111354e+02,2.547362768213116340e+02,2.611815019212845073e+02,2.979471395495992283e+02,2.459982094119418718e+02,2.508096373703106678e+02,2.507522087056153453e+02,2.598391607471007774e+02,2.677854176190586486e+02,2.628538305669616761e+02,2.591070248761732842e+02,1.583785642278441810e+05,2.008565249955335830e+01,1.163248279247911299e+01
4.590000000000000000e+03,1.017000000000000000e+04,2.698176505731797192e+02,2.571789104747428496e+02,2.595818413905406032e+02,2.552533484482887332e+02,2.613323743021326777e+02,2.982478795990766685e+02,2.461074194185767396e+02,2.509593555247516861e+02,2.509012558876484036e+02,2.598557966159459625e+02,2.677872053773648986e+02,2.628717251944447071e+02,2.591190123622945976e+02,1.584638781632769969e+05,2.020642303270323836e+01,1.167502988912084483e+01
4.600000000000000000e+03,1.018000000000000000e+04,2.697922824366562509e+02,2.572968486741917786e+02,2.597969498667482071e+02,2.557769958253541063e+02,2.614862849551972772e+02,2.985397033028401665e+02,2.462197161475405949e+02,2.511110499790599135e+02,2.510522868956841194e+02,2.598738765417725745e+02,2.677896894421610909e+02,2.628909566169154459e+02,2.591325353827525078e+02,1.585499513535509759e+05,2.032506511138679173e+01,1.171774646303125422e+01
4.610000000000000000e+03,1.019000000000000000e+04,2.697674006871405936e+02,2.574166093440328495e+02,2.600134936421807197e+02,2.563069939161197226e+02,2.616431500848648284e+02,2.988226826897282535e+02,2.463350568357222414e+02,2.512646793428841363e+02,2.512052604207934507e+02,2.598933970855499069e+02,2.677928674124228792e+02,2.629115182666746477e+02,2.591475911149757962e+02,1.586367607360131806e+05,2.044156369291434672e+01,1.176062580420907011e+01
4.620000000000000000e+03,1.020000000000000000e+04,2.697430073448437042e+02,2.575381689450227896e+02,2.602314154548476495e+02,2.568431186685177181e+02,2.618028867016864751e+02,2.990968885924313554e+02,2.464533983141990632e+02,2.514202019218188866e+02,2.513601348462869680e+02,2.599143545075378938e+02,2.677967367543117234e+02,2.629334033801973192e+02,2.591641764225568636e+02,1.587242831666292041e+05,2.055590400637127146e+01,1.180366128173219309e+01
4.630000000000000000e+03,1.021000000000000000e+04,2.697191043667578469e+02,2.576615031835358423e+02,2.604506579761809917e+02,2.573851469876148599e+02,2.619654125925249559e+02,2.993623906558016188e+02,2.465746970191961509e+02,2.515775757296112261e+02,2.515168682636573294e+02,2.599367447682758439e+02,2.678012948046549582e+02,2.629566050034972022e+02,2.591822878555387888e+02,1.588124954220173531e+05,2.066807155449086153e+01,1.184684633220537719e+01
4.640000000000000000e+03,1.022000000000000000e+04,2.696956936476015585e+02,2.577865870409899003e+02,2.606711638052427702e+02,2.579328567567366690e+02,2.621306462921077127e+02,2.996192573451312455e+02,2.466989090024273708e+02,2.517367584938950813e+02,2.516754184796918992e+02,2.599605635347135717e+02,2.678065387751704520e+02,2.629811159965020693e+02,2.592019216536347699e+02,1.589013742016364704e+05,2.077805211549244291e+01,1.189017444896469300e+01
4.650000000000000000e+03,1.023000000000000000e+04,2.696727770199843235e+02,2.579133948059563863e+02,2.608928754939892087e+02,2.584860268055376196e+02,2.622985070563755130e+02,2.998675559556389771e+02,2.468259899417563190e+02,2.518977076734507250e+02,2.518357430270973509e+02,2.599858061766919946e+02,2.678124657558497574e+02,2.630069290383616476e+02,2.592230737471273301e+02,1.589908961301207310e+05,2.088583174488456251e+01,1.193363917084391090e+01
4.660000000000000000e+03,1.024000000000000000e+04,2.696503562549999629e+02,2.580419000993766190e+02,2.611157355440877836e+02,2.590444369223163790e+02,2.624689148383198471e+02,3.001073526202927724e+02,2.469558951505247251e+02,2.520603804650269240e+02,2.519977991800342352e+02,2.600124677735024648e+02,2.678190727179116379e+02,2.630340366317562371e+02,2.592457397605584219e+02,1.590810377597003244e+05,2.099139677723299613e+01,1.197723407173086230e+01
4.670000000000000000e+03,1.025000000000000000e+04,2.696284330629687815e+02,2.581720759242285226e+02,2.613396864169883429e+02,2.596078678552760266e+02,2.626417902614640525e+02,3.003387123166083938e+02,2.470885795880651301e+02,2.522247338138161012e+02,2.521615439558194680e+02,2.600405431145635475e+02,2.678263565178404519e+02,2.630624311046831281e+02,2.592699150168980395e+02,1.591717755727980111e+05,2.109473382789339624e+01,1.202095274984126405e+01
4.680000000000000000e+03,1.026000000000000000e+04,2.696070090930781475e+02,2.583038946081920813e+02,2.615646705593031243e+02,2.601761013160633524e+02,2.628170546120200015e+02,3.005616988819191420e+02,2.472239978692197440e+02,2.523907244236618794e+02,2.523269341310944185e+02,2.600700267010810762e+02,2.678343138986620033e+02,2.630921046144218280e+02,2.592955945312293693e+02,1.592630859846811218e+05,2.119582979470838069e+01,1.206478881818355120e+01
4.690000000000000000e+03,1.027000000000000000e+04,2.695860859338125124e+02,2.584373279519866742e+02,2.617906303807978361e+02,2.607489199879998978e+02,2.629946297988032029e+02,3.007763750128131051e+02,2.473621042736600373e+02,2.525583087670742657e+02,2.524939262503346527e+02,2.601009127490947321e+02,2.678429414927422840e+02,2.631230491518787744e+02,2.593227730221020693e+02,1.593549453462229576e+05,2.129467185966873188e+01,1.210873589390341287e+01
4.700000000000000000e+03,1.028000000000000000e+04,2.695656651133593869e+02,2.585723471851178488e+02,2.620175082849688124e+02,2.613261075370269850e+02,2.631744383476765847e+02,3.009828022782077142e+02,2.475028527555310802e+02,2.527274430930335427e+02,2.526624766325615496e+02,2.601331951896397641e+02,2.678522358182481753e+02,2.631552565438052511e+02,2.593514449080587383e+02,1.594473299469185295e+05,2.139124749053856789e+01,1.215278758890400468e+01
4.710000000000000000e+03,1.029000000000000000e+04,2.695457480992499768e+02,2.587089229733056754e+02,2.622452466702770835e+02,2.619074486228490173e+02,2.633564033813562446e+02,3.011810411286154476e+02,2.476461969529129590e+02,2.528980834401226048e+02,2.528325413860861772e+02,2.601668676695007321e+02,2.678621932986999354e+02,2.631887184547728680e+02,2.593816043095688428e+02,1.595402160178027698e+05,2.148554444244435402e+01,1.219693750063750670e+01
4.720000000000000000e+03,1.030000000000000000e+04,2.695263362991640292e+02,2.588470254728864006e+02,2.624737879400173597e+02,2.624927289152918775e+02,2.635404486036763956e+02,3.013711509047072923e+02,2.477920901965156304e+02,2.530701856429941756e+02,2.530040764139583587e+02,2.602019235536902215e+02,2.678728102438025189e+02,2.632234263884332677e+02,2.594132450511651768e+02,1.596335797346290201e+05,2.157755075942744583e+01,1.224117920289300088e+01
4.730000000000000000e+03,1.031000000000000000e+04,2.695074310592187317e+02,2.589866243395289871e+02,2.627030745112284649e+02,2.630817351122419723e+02,2.637264982843200301e+02,3.015531898468345844e+02,2.479404855195277833e+02,2.532437053425975364e+02,2.531770374214269737e+02,2.602383559283085788e+02,2.678840828606856803e+02,2.632593716892037037e+02,2.594463606613437605e+02,1.597273972210619831e+05,2.166725477595994676e+01,1.228550623705624467e+01
4.740000000000000000e+03,1.032000000000000000e+04,2.694890336664531105e+02,2.591276887445559964e+02,2.629330488197271620e+02,2.636742549566441767e+02,2.639144772452440293e+02,3.017272151047914122e+02,2.480913356658900000e+02,2.534185979952935952e+02,2.533513799319469513e+02,2.602761575978540804e+02,2.678960072531046990e+02,2.632965455451405887e+02,2.594809443755978009e+02,1.598216445520456473e+05,2.175464511842380944e+01,1.232991210366668966e+01
4.750000000000000000e+03,1.033000000000000000e+04,2.694711453463124826e+02,2.592701874095501466e+02,2.631636533312831148e+02,2.642700772605630277e+02,2.641043108479206580e+02,3.018932827478829495e+02,2.482445930998100607e+02,2.535948188821283225e+02,2.535270592901084115e+02,2.603153210882945814e+02,2.679085794240349401e+02,2.633349389775759164e+02,2.595169891359340113e+02,1.599162977572189993e+05,2.183971070655292479e+01,1.237439025427681116e+01
4.760000000000000000e+03,1.034000000000000000e+04,2.694537672629062968e+02,2.594140885738020756e+02,2.633948305500583729e+02,2.648689919257503220e+02,2.642959249816906322e+02,3.020514477756532870e+02,2.484002100147337728e+02,2.537723231164156630e+02,2.537040306723585275e+02,2.603558386507500018e+02,2.679217952733134780e+02,2.633745428804828634e+02,2.595544875908212248e+02,1.600113328243567667e+05,2.192244075483794674e+01,1.241893408357206852e+01
4.770000000000000000e+03,1.035000000000000000e+04,2.694369005192109512e+02,2.595593600968414876e+02,2.636265230197128631e+02,2.654707899703691965e+02,2.644892460497484876e+02,3.022017641274793505e+02,2.485581383416288190e+02,2.539510656613578305e+02,2.538822490978324993e+02,2.603977022562911543e+02,2.679356506006183167e+02,2.634153479624648071e+02,2.595934320980994698e+02,1.601067257031267218e+05,2.200282477389383118e+01,1.246353692202097996e+01
4.780000000000000000e+03,1.036000000000000000e+04,2.694205461554531666e+02,2.597059694069482703e+02,2.638586733484506794e+02,2.660752635558538941e+02,2.646842009691016528e+02,3.023442846962000203e+02,2.487183297586828417e+02,2.541310013109579700e+02,2.540616694343495681e+02,2.604409035999106550e+02,2.679501411054289974e+02,2.634573447863799629e+02,2.596338147242329910e+02,1.602024523085933761e+05,2.208085257178976946e+01,1.250819202842104794e+01
4.790000000000000000e+03,1.037000000000000000e+04,2.694047051508359232e+02,2.598538835396738591e+02,2.640912241957113338e+02,2.666822060117091269e+02,2.648807171478975420e+02,3.024790613373899646e+02,2.488807356995491205e+02,2.543120847423452915e+02,2.542422464087577794e+02,2.604854341007485345e+02,2.679652623838329646e+02,2.635005237596079724e+02,2.596756272451284531e+02,1.602984885251481901e+05,2.215651425534145602e+01,1.255289258356355120e+01
4.800000000000000000e+03,1.038000000000000000e+04,2.693893784210234799e+02,2.600030691512702106e+02,2.643241182941223997e+02,2.672914118720648275e+02,2.650787224848701840e+02,3.026061448820969417e+02,2.490453073616713766e+02,2.544942704914944329e+02,2.544239346152475036e+02,2.605312849027864672e+02,2.679810099325957253e+02,2.635448751324599925e+02,2.597188611463374173e+02,1.603948102102771518e+05,2.222980023136539884e+01,1.259763168346163908e+01
4.810000000000000000e+03,1.039000000000000000e+04,2.693745668176172217e+02,2.601534925354736743e+02,2.645572984553164702e+02,2.679026768973567414e+02,2.652781453613060876e+02,3.027255851492430452e+02,2.492119957170519342e+02,2.546775129721131066e+02,2.546066885238877830e+02,2.605784468743477760e+02,2.679973791470352467e+02,2.635903889983143245e+02,2.597635076235762313e+02,1.604913931984725641e+05,2.230070120789530108e+01,1.264240233338275310e+01
4.820000000000000000e+03,1.040000000000000000e+04,2.693602711284765974e+02,2.603051196352422494e+02,2.647907075780198056e+02,2.685157981126006348e+02,2.654789146304501628e+02,3.028374309583964532e+02,2.493807515176034144e+02,2.548617664844088040e+02,2.547904624903387685e+02,2.606269106090029481e+02,2.680143653210860748e+02,2.636370552924358890e+02,2.598095575830178063e+02,1.605882133053051075e+05,2.236920819536015870e+01,1.268719744185982456e+01
4.830000000000000000e+03,1.041000000000000000e+04,2.693464920759062693e+02,2.604579160579388599e+02,2.650242886522732988e+02,2.691305738380320349e+02,2.656809596208822768e+02,3.029417301425892219e+02,2.495515253073178314e+02,2.550469852223682778e+02,2.549752107601442219e+02,2.606766664252207875e+02,2.680319636464574842e+02,2.636848637905437727e+02,2.598570016409826735e+02,1.606852463313213084e+05,2.243531250772407759e+01,1.273200981578406044e+01
4.840000000000000000e+03,1.042000000000000000e+04,2.693332303168984367e+02,2.606118470911810050e+02,2.652579847919342342e+02,2.697468037366030558e+02,2.658842101164008795e+02,3.030385295616840153e+02,2.497242673770866475e+02,2.552331232923634445e+02,2.551608874847819379e+02,2.607277043676388644e+02,2.680501692106038831e+02,2.637338041079364643e+02,2.599058301237494675e+02,1.607824680663491017e+05,2.249900576358753668e+01,1.277683215462035626e+01
4.850000000000000000e+03,1.043000000000000000e+04,2.693204864408593835e+02,2.607668777068386134e+02,2.654917391582195592e+02,2.703642887974741029e+02,2.660885963594369059e+02,3.031278751172350781e+02,2.498989279910749701e+02,2.554201346865063726e+02,2.553474467232335883e+02,2.607800142045675784e+02,2.680689770003669423e+02,2.637838656971549653e+02,2.599560330703707223e+02,1.608798542934848811e+05,2.256027988725012179e+01,1.282165704788418026e+01
4.860000000000000000e+03,1.044000000000000000e+04,2.693082609704296715e+02,2.609229725825289847e+02,2.657254951016124096e+02,2.709828314490626440e+02,2.662940490465788343e+02,3.032098117648531570e+02,2.500754570556872238e+02,2.556079733406409105e+02,2.555348424541537611e+02,2.608335854316196674e+02,2.680883818965072578e+02,2.638350378469250472e+02,2.600076002286162407e+02,1.609773807934912620e+05,2.261912710973442842e+01,1.286647696785674455e+01
4.870000000000000000e+03,1.045000000000000000e+04,2.692965543589999697e+02,2.610800961145042720e+02,2.659591960724661703e+02,2.716022355440561569e+02,2.665004993239218720e+02,3.032843835298008344e+02,2.502538043634169185e+02,2.557965931129602382e+02,2.557230285800009995e+02,2.608884072687188223e+02,2.681083786750102718e+02,2.638873096802685154e+02,2.600605210576865147e+02,1.610750233489280508e+05,2.267553996977107289e+01,1.291128426765297910e+01
4.880000000000000000e+03,1.046000000000000000e+04,2.692853669907187282e+02,2.612382124215625367e+02,2.661927856550686329e+02,2.722223064091969036e+02,2.667078787806894411e+02,3.033516335218120048e+02,2.504339195422112425e+02,2.559859477977551876e+02,2.559119589431235511e+02,2.609444686622345557e+02,2.681289620057212915e+02,2.639406701520032925e+02,2.601147847271131468e+02,1.611727577485656948e+05,2.272951131474475162e+01,1.295607117752031634e+01
4.890000000000000000e+03,1.047000000000000000e+04,2.692746991786093531e+02,2.613972853618603835e+02,2.664262075798987439e+02,2.728428508823984657e+02,2.669161194507601635e+02,3.034116039499181738e+02,2.506157520635496212e+02,2.561759911319850289e+02,2.561015873265525897e+02,2.610017582813416084e+02,2.681501264514299692e+02,2.639951080471589648e+02,2.601703801164888432e+02,1.612705597916882252e+05,2.278103430160106058e+01,1.300082980160808432e+01
4.900000000000000000e+03,1.048000000000000000e+04,2.692645511631406521e+02,2.615572785428717566e+02,2.666594057272911868e+02,2.734636773510155763e+02,2.671251538055239507e+02,3.034643361380178135e+02,2.507992512501826354e+02,2.563666768089212269e+02,2.562918674653118956e+02,2.610602645233548174e+02,2.681718664667921530e+02,2.640506119778056018e+02,2.602272958162417922e+02,1.613684052924722200e+05,2.283010239771423855e+01,1.304555211527618042e+01
4.910000000000000000e+03,1.049000000000000000e+04,2.692549231131952752e+02,2.617181553357871735e+02,2.668923241367714354e+02,2.740845957888267321e+02,2.673349147554465617e+02,3.035098705405110877e+02,2.509843662850286989e+02,2.565579584820799823e+02,2.564827530545422292e+02,2.611199755085511924e+02,2.681941763963710059e+02,2.641071703822383370e+02,2.602855201267448138e+02,1.614662700844815699e+05,2.287670938171530821e+01,1.309022996280068440e+01
4.920000000000000000e+03,1.050000000000000000e+04,2.692458151225469010e+02,2.618798788939309361e+02,2.671249070145315727e+02,2.747054177944943376e+02,2.675453356463418686e+02,3.035482467568078846e+02,2.511710462205426779e+02,2.567497897719716207e+02,2.566741977574103544e+02,2.611808790860201270e+02,2.682170504756782066e+02,2.641647715219421002e+02,2.603450410570835629e+02,1.615641300250656204e+05,2.292084934428098464e+01,1.313485505529573594e+01
4.930000000000000000e+03,1.051000000000000000e+04,2.692372272093593892e+02,2.620424120832467452e+02,2.673570987560895560e+02,2.753259566412112918e+02,2.677563502574749350e+02,3.035795035545656901e+02,2.513592399869099268e+02,2.569421242829649827e+02,2.568661552139070636e+02,2.612429628233300036e+02,2.682404828273848807e+02,2.642234034768461015e+02,2.604058463287078666e+02,1.616619609998095548e+05,2.296251668888287867e+01,1.317941896993269424e+01
4.940000000000000000e+03,1.052000000000000000e+04,2.692291593147891149e+02,2.622057176586631613e+02,2.675888439202508380e+02,2.759460272911946959e+02,2.679678928011200583e+02,3.036036788743131183e+02,2.515488964013875375e+02,2.571349156025078173e+02,2.570585790492741580e+02,2.613062140171207943e+02,2.682644674617550322e+02,2.642830541469080572e+02,2.604679233712628275e+02,1.617597389270947897e+05,2.300170613249712659e+01,1.322391314760861825e+01
4.950000000000000000e+03,1.053000000000000000e+04,2.692216113027031383e+02,2.623697581282906981e+02,2.678200872720450434e+02,2.765654464548474607e+02,2.681798979251551600e+02,3.036208098548231646e+02,2.517399641767318030e+02,2.573281173057835076e+02,2.572514228798293630e+02,2.613706196880833659e+02,2.682889982759902523e+02,2.643437112469828207e+02,2.605312593242496746e+02,1.618574397625442944e+05,2.303841270627414772e+01,1.326832889288300166e+01
4.960000000000000000e+03,1.054000000000000000e+04,2.692145829568984254e+02,2.625344958125530752e+02,2.680507737731308566e+02,2.771840326224330511e+02,2.683923007062077772e+02,3.036309328476776273e+02,2.519323919301616286e+02,2.575216829796672187e+02,2.574446403236205470e+02,2.614361665813922286e+02,2.683140690513795334e+02,2.644053623047134352e+02,2.605958410365061582e+02,1.619550395035658730e+05,2.307263175616872530e+01,1.331265737365725244e+01
4.970000000000000000e+03,1.055000000000000000e+04,2.692080739806796714e+02,2.626998928556741930e+02,2.682808485939256116e+02,2.778016061020986740e+02,2.686050366549412729e+02,3.036340834344497353e+02,2.521261281923686965e+02,2.577155662177585782e+02,2.576381850069856796e+02,2.615028411670290893e+02,2.683396734532899472e+02,2.644679946582550087e+02,2.606616550665617069e+02,1.620525141938790912e+05,2.310435894353005892e+01,1.335688962100111254e+01
4.980000000000000000e+03,1.056000000000000000e+04,2.692020839950000095e+02,2.628659112317145627e+02,2.685102571228842407e+02,2.784179890581012842e+02,2.688180417127588839e+02,3.036302964440829442e+02,2.523211214156791868e+02,2.579097206321216049e+02,2.578320105739680912e+02,2.615706296388570991e+02,2.683658050300788886e+02,2.645315954531888565e+02,2.607286876827723745e+02,1.621498399280282028e+05,2.313359024565187383e+01,1.340101652952728273e+01
4.990000000000000000e+03,1.057000000000000000e+04,2.691966125377187495e+02,2.630325127533811838e+02,2.687389449727328952e+02,2.790330055475617428e+02,2.690312522544205649e+02,3.036196059695544136e+02,2.525173199841041480e+02,2.581040998611373993e+02,2.580260706934043924e+02,2.616395179187544500e+02,2.683924572114855209e+02,2.645961516406773626e+02,2.607969248611070725e+02,1.622469928559111431e+05,2.316032195628244139e+01,1.344502885816209847e+01
5.000000000000000000e+03,1.058000000000000000e+04,2.691916590613827793e+02,2.631996590816263506e+02,2.689668579893783544e+02,2.796464815578897287e+02,2.692446050883846169e+02,3.036020453864373394e+02,2.527146722209345171e+02,2.582986575781054626e+02,2.582203190669676474e+02,2.617094916505898254e+02,2.684196233079397302e+02,2.646616499744624207e+02,2.608663522899341842e+02,1.623439491872671351e+05,2.318455068609453917e+01,1.348891723126255826e+01
5.010000000000000000e+03,1.059000000000000000e+04,2.691872229210468390e+02,2.633673118024583459e+02,2.691939422605800587e+02,2.802582450431492589e+02,2.694580374570269896e+02,3.035776473700442466e+02,2.529131263990863943e+02,2.584933474999012333e+02,2.584147094380136878e+02,2.617805362074560094e+02,2.684472964746276489e+02,2.647280770106290220e+02,2.609369553669839661e+02,1.624406851962200890e+05,2.320627336311514100e+01,1.353267214011509445e+01
5.020000000000000000e+03,1.060000000000000000e+04,2.691833034138593348e+02,2.635354321580439318e+02,2.694201441232512479e+02,2.808681259595782080e+02,2.696714870385663971e+02,3.035464439133974111e+02,2.531126307470083532e+02,2.586881233908150080e+02,2.586091955983928301e+02,2.618526366793455509e+02,2.684754698593453668e+02,2.647954190979110649e+02,2.610087191979284285e+02,1.625371772257466218e+05,2.322548723311494712e+01,1.357628394463262289e+01
5.030000000000000000e+03,1.061000000000000000e+04,2.691798997251250398e+02,2.637039814812545728e+02,2.696454101706125357e+02,2.814759562999340119e+02,2.698848919478649009e+02,3.035084663449694631e+02,2.533131334629204048e+02,2.588829390755740292e+02,2.588037313965087947e+02,2.619257778902905329e+02,2.685041363596129713e+02,2.648636623849365037e+02,2.610816285999600268e+02,1.626334016921713483e+05,2.324218985995756626e+01,1.361974287562860830e+01
5.040000000000000000e+03,1.062000000000000000e+04,2.691770109522656185e+02,2.638729209161839435e+02,2.698696872622356295e+02,2.820815701287419301e+02,2.700981907376376512e+02,3.034637453468421313e+02,2.535145827156883058e+02,2.590777484458507161e+02,2.589982707451304691e+02,2.619999443888160044e+02,2.685332888014207242e+02,2.649327928134089234e+02,2.611556681051308146e+02,1.627293350895706972e+05,2.325637912590842404e+01,1.366303903725437863e+01
5.050000000000000000e+03,1.063000000000000000e+04,2.691746361020937570e+02,2.640422114957135591e+02,2.700929225290012141e+02,2.826848036147259222e+02,2.703113224004792414e+02,3.034123109715585542e+02,2.537169266677544215e+02,2.592725054662317348e+02,2.591927676318963449e+02,2.620751204503027907e+02,2.685629198862692419e+02,2.650027961161187591e+02,2.612308219500810651e+02,1.628249539942389238e+05,2.326805323190324515e+01,1.370616240999104996e+01
5.060000000000000000e+03,1.064000000000000000e+04,2.691727740885624485e+02,2.642118141526699446e+02,2.703150633880738951e+02,2.832854950632848272e+02,2.705242263738824136e+02,3.033541926644534215e+02,2.539201134664097879e+02,2.594671641843884800e+02,2.593871761241763352e+02,2.621512900780363680e+02,2.685930221903140591e+02,2.650736578148548119e+02,2.613070740768292808e+02,1.629202350690822932e+05,2.327721069777617302e+01,1.374910285375678853e+01
5.070000000000000000e+03,1.065000000000000000e+04,2.691714237310234239e+02,2.643816897297460855e+02,2.705360575398490255e+02,2.838834849480248295e+02,2.707368425361922846e+02,3.032894192757566429e+02,2.541240912638693032e+02,2.596616787377321884e+02,2.595814503773051456e+02,2.622284370036230712e+02,2.686235881641404148e+02,2.651453632201103119e+02,2.613844081570782691e+02,1.630151550679531938e+05,2.328385036244743134e+01,1.379185011118640070e+01
5.080000000000000000e+03,1.066000000000000000e+04,2.691705837530469125e+02,2.645517989865641084e+02,2.707558529843560677e+02,2.844786159407700552e+02,2.709491112124189840e+02,3.032180190823630710e+02,2.543288082238020991e+02,2.598560033616890905e+02,2.597755446432757367e+02,2.623065446882671949e+02,2.686546101330306442e+02,2.652178974275984729e+02,2.614628075673690546e+02,1.631096908399931854e+05,2.328797138407054490e+01,1.383439381158016346e+01
5.090000000000000000e+03,1.067000000000000000e+04,2.691702527806015155e+02,2.647221026085599078e+02,2.709743980266001699e+02,2.850707329407904354e+02,2.711609731764615390e+02,3.031400198055760029e+02,2.545342125308582411e+02,2.600500923955830785e+02,2.599694132781813778e+02,2.623855963236576372e+02,2.686860802966692745e+02,2.652912453175957239e+02,2.615422553986924186e+02,1.632038193339305581e+05,2.328957324013909158e+01,1.387672347496114433e+01
5.100000000000000000e+03,1.068000000000000000e+04,2.691704293416484006e+02,2.648925611788672541e+02,2.711916412956347813e+02,2.856596831025755137e+02,2.713723696569206822e+02,3.030554486290298541e+02,2.547402524077785699e+02,2.602439002946770188e+02,2.601630107389741511e+02,2.624655748328005984e+02,2.687179907280761313e+02,2.653653915521498448e+02,2.616227344545181950e+02,1.632975176022860396e+05,2.328865572755291780e+01,1.391882851657110010e+01
5.110000000000000000e+03,1.069000000000000000e+04,2.691711118641953249e+02,2.650631353224918598e+02,2.714075317015885389e+02,2.862453158626155982e+02,2.715832423259985831e+02,3.029643322166602957e+02,2.549468760862305032e+02,2.604373816334120875e+02,2.603562916392270949e+02,2.625464628716788411e+02,2.687503333750145202e+02,2.654403205778758092e+02,2.617042272613819023e+02,1.633907628056475660e+05,2.328521896264390634e+01,1.396069825116886065e+01
5.120000000000000000e+03,1.070000000000000000e+04,2.691722986746952984e+02,2.652337855259388562e+02,2.716220185233735265e+02,2.868274829637946937e+02,2.717935333193874499e+02,3.028666967312643692e+02,2.551540318772583475e+02,2.606304911155978061e+02,2.605492106732863249e+02,2.626282428307782197e+02,2.687831000584720869e+02,2.655160166206636632e+02,2.617867160584594330e+02,1.634835322166903061e+05,2.327926338116123617e+01,1.400232189804143879e+01
5.130000000000000000e+03,1.071000000000000000e+04,2.691739879977578198e+02,2.654044722494124926e+02,2.718350513633387209e+02,2.874060384832438331e+02,2.720031852309581382e+02,3.027625678521465602e+02,2.553616681284690344e+02,2.608231835810552184e+02,2.607417226957332446e+02,2.627108968362764472e+02,2.688162824729652129e+02,2.655924636861907970e+02,2.618701828043883211e+02,1.635758032244146452e+05,2.327078973821612706e+01,1.404368858638549789e+01
5.140000000000000000e+03,1.072000000000000000e+04,2.691761779544062279e+02,2.655751559266491313e+02,2.720465801635886578e+02,2.879808388486803779e+02,2.722121411153003692e+02,3.026519707936653845e+02,2.555697332661128769e+02,2.610154140132545990e+02,2.609337826947270287e+02,2.627944067517356075e+02,2.688498721873123714e+02,2.656696455592878578e+02,2.619546091787384512e+02,1.636675533380925772e+05,2.325979910818609397e+01,1.408478736054642511e+01
5.150000000000000000e+03,1.073000000000000000e+04,2.691788665612421596e+02,2.657457969652314773e+02,2.722565552158001196e+02,2.885517428641967399e+02,2.724203444929902957e+02,3.025349303228548479e+02,2.557781757822334896e+02,2.612071375474484398e+02,2.611253458141549686e+02,2.628787541797710219e+02,2.688838606437001886e+02,2.657475458036795999e+02,2.620399765835151129e+02,1.637587601912855171e+05,2.324629288457871468e+01,1.412560718565710971e+01
5.160000000000000000e+03,1.074000000000000000e+04,2.691820517287656003e+02,2.659163557552089969e+02,2.724649271587254589e+02,2.891186117280489611e+02,2.726277393492836723e+02,3.024114707774688213e+02,2.559869442410152374e+02,2.613983095077101098e+02,2.613163673530702340e+02,2.629639204639752279e+02,2.689182391589137069e+02,2.658261477616184720e+02,2.621262661448507743e+02,1.638494015457306523e+05,2.323027277985499239e+01,1.416613695367802350e+01
5.170000000000000000e+03,1.075000000000000000e+04,2.691857312613515205e+02,2.660867926751412824e+02,2.726716470370712386e+02,2.896813090533346440e+02,2.728342701419051650e+02,3.022816160839129225e+02,2.561959873374950121e+02,2.615888852880669901e+02,2.615068027752716375e+02,2.630498866923609853e+02,2.689529989251184929e+02,2.659054345538327198e+02,2.622134587149627123e+02,1.639394552953207167e+05,2.321174082521217485e+01,1.420636548816288958e+01
5.180000000000000000e+03,1.076000000000000000e+04,2.691899028557343740e+02,2.662570681014951219e+02,2.728766662203917122e+02,2.902397008824889895e+02,2.730398818013977689e+02,3.021453897752088551e+02,2.564052538244292236e+02,2.617788205614567687e+02,2.616966077168709148e+02,2.631366336970976363e+02,2.689881310099067377e+02,2.659853890799199689e+02,2.623015348742854371e+02,1.640288994697359449e+05,2.319069937032624651e+01,1.424628155256225348e+01
5.190000000000000000e+03,1.077000000000000000e+04,2.691945640980077883e+02,2.664271424247344271e+02,2.730799364762340247e+02,2.907936557017868040e+02,2.732445197347194039e+02,3.020028150080677278e+02,2.566146925816467501e+02,2.619680711409403102e+02,2.618857379937105634e+02,2.632241420584231264e+02,2.690236263563982675e+02,2.660659940179208434e+02,2.623904749335545148e+02,1.641177122382603120e+05,2.316715108305401571e+01,1.428587385519272424e+01
5.200000000000000000e+03,1.078000000000000000e+04,2.691997124674687143e+02,2.665969760348509681e+02,2.732814099583926577e+02,2.913430444567882205e+02,2.734481298291132134e+02,3.018539145819784721e+02,2.568242526041207725e+02,2.621565930309402574e+02,2.620741496089254383e+02,2.633123921109642538e+02,2.690594757855769217e+02,2.661472318255497385e+02,2.624802589325316831e+02,1.642058719134729472e+05,2.314109894909483600e+01,1.432513105616553517e+01
5.210000000000000000e+03,1.079000000000000000e+04,2.692053453304922641e+02,2.667665293523372156e+02,2.734810392109852728e+02,2.918877405631762940e+02,2.736506584527708128e+02,3.016987109538013669e+02,2.570338830151488310e+02,2.623443424305349936e+02,2.622617987588618007e+02,2.634013639358225873e+02,2.690956699993153052e+02,2.662290847407814454e+02,2.625708666617089193e+02,1.642933569547632651e+05,2.311254627161207509e+01,1.436404177392341097e+01
5.220000000000000000e+03,1.080000000000000000e+04,2.692114599456328392e+02,2.669357628329958061e+02,2.736787771800321707e+02,2.924276199171267194e+02,2.738520524612160898e+02,3.015372262584814962e+02,2.572435330742464430e+02,2.625312757417373746e+02,2.624486418421830649e+02,2.634910373742708316e+02,2.691321995707454562e+02,2.663115347838188995e+02,2.626622776300580426e+02,1.643801459718956612e+05,2.308149667081429257e+01,1.440259459229311823e+01
5.230000000000000000e+03,1.081000000000000000e+04,2.692180534566562642e+02,2.671046369523079420e+02,2.738745772218404113e+02,2.929625609064861465e+02,2.740522591990838919e+02,3.013694823244394456e+02,2.574531521824922606e+02,2.627173495767966642e+02,2.626346354658858218e+02,2.635813920262733063e+02,2.691690549594318327e+02,2.663945637568926372e+02,2.627544710967583796e+02,1.644662177284389327e+05,2.304795408349620445e+01,1.444077806738248171e+01
5.240000000000000000e+03,1.082000000000000000e+04,2.692251228955547049e+02,2.672731122536168868e+02,2.740683930985532015e+02,2.934924444120146632e+02,2.742512265037418615e+02,3.011955006925581984e+02,2.576626898982561329e+02,2.629025207652197196e+02,2.628197364524954196e+02,2.636724072463525772e+02,2.692062265071887168e+02,2.664781532467010265e+02,2.628474260654243722e+02,1.645515511451492785e+05,2.301192276253958369e+01,1.447858073464231587e+01
5.250000000000000000e+03,1.083000000000000000e+04,2.692326651812343812e+02,2.674411493217692168e+02,2.742601789926005154e+02,2.940171538181770643e+02,2.744489027049195329e+02,3.010153026277067738e+02,2.578720959406006159e+02,2.630867463596458151e+02,2.630039018465932941e+02,2.637640621757690269e+02,2.692437044364955341e+02,2.665622846262302232e+02,2.629411212863585661e+02,1.646361253032218665e+05,2.297340727637401514e+01,1.451599111578027745e+01
5.260000000000000000e+03,1.084000000000000000e+04,2.692406771189140500e+02,2.676087088114198878e+02,2.744498897540038911e+02,2.945365751077478080e+02,2.746452366335228135e+02,3.008289091437402476e+02,2.580813195829676943e+02,2.632699837832565208e+02,2.631870889247413174e+02,2.638563357117456576e+02,2.692814788560686452e+02,2.666469390565109734e+02,2.630355352607151076e+02,1.647199194476685661e+05,2.293241250839763268e+01,1.455299771989351854e+01
5.270000000000000000e+03,1.085000000000000000e+04,2.692491553995937466e+02,2.677757514344118022e+02,2.746374799113442577e+02,2.950505965115477238e+02,2.748401776222639796e+02,3.006363410148637740e+02,2.582903121460647071e+02,2.634521902863784817e+02,2.633692551956780221e+02,2.639492065158686387e+02,2.693195397590284870e+02,2.667320974886547447e+02,2.631306462439887923e+02,1.648029129900373518e+05,2.288894365635799844e+01,1.458958907665921956e+01
5.280000000000000000e+03,1.086000000000000000e+04,2.692580965997109388e+02,2.679422379748723984e+02,2.748229052390414040e+02,2.955591089940467100e+02,2.750336755074317807e+02,3.004376187934600466e+02,2.584990232546153948e+02,2.636333237575053658e+02,2.635503584140295743e+02,2.640426530361323216e+02,2.693578770274516501e+02,2.668177406662430258e+02,2.632264322496098430e+02,1.648850855119418411e+05,2.284300623169304600e+01,1.462575370490346671e+01
5.290000000000000000e+03,1.087000000000000000e+04,2.692674971808046962e+02,2.681081293282627485e+02,2.750061216544378340e+02,2.960620059798959574e+02,2.752256806329929759e+02,3.002327628264467307e+02,2.587074033378147533e+02,2.638133422252801665e+02,2.637303565837904102e+02,2.641366535023870483e+02,2.693964804341541139e+02,2.669038491287236639e+02,2.633228710530839862e+02,1.649664167677880032e+05,2.279460605883229718e+01,1.466148014424911672e+01
5.300000000000000000e+03,1.088000000000000000e+04,2.692773534892031648e+02,2.682733864620872168e+02,2.751870855325795446e+02,2.965591833914951394e+02,2.754161438540228914e+02,3.000217932716633413e+02,2.589154030501768489e+02,2.639922039677698535e+02,2.639092079652972984e+02,2.642311859232528377e+02,2.694353396429657437e+02,2.669904032137684453e+02,2.634199401957155828e+02,1.650468866877045948e+05,2.274374927445836647e+01,1.469675695842983743e+01
5.310000000000000000e+03,1.089000000000000000e+04,2.692876617559609258e+02,2.684379704507122142e+02,2.753657537031051561e+02,2.970505396474440545e+02,2.756050165392955478e+02,2.998047301141644994e+02,2.591229732573907540e+02,2.641698675259009974e+02,2.640868710820652154e+02,2.643262281036387549e+02,2.694744442130128164e+02,2.670773830606694901e+02,2.635176169892117741e+02,1.651264753803821513e+05,2.269044232672891326e+01,1.473157274173075315e+01
5.320000000000000000e+03,1.090000000000000000e+04,2.692984180962656637e+02,2.686018424808456757e+02,2.755420834584924705e+02,2.975359756602032917e+02,2.757922505741268537e+02,2.995815931820839069e+02,2.593300650450282205e+02,2.643462917113935760e+02,2.642633047271351643e+02,2.644217576386170094e+02,2.695137835990718713e+02,2.671647686137552569e+02,2.636158785198548458e+02,1.652051631357347942e+05,2.263469197445903802e+01,1.476591612635932904e+01
5.330000000000000000e+03,1.091000000000000000e+04,2.693096185104453184e+02,2.687649638365010105e+02,2.757160325634595210e+02,2.980153948283784757e+02,2.759777983654682885e+02,2.993524021626494118e+02,2.595366297296518496e+02,2.645214356135649041e+02,2.644384679696549370e+02,2.645177519217364193e+02,2.695533471546204396e+02,2.672525396251922984e+02,2.637147016516965436e+02,1.652829304276781913e+05,2.257650528626435715e+01,1.479977579001142729e+01
5.340000000000000000e+03,1.092000000000000000e+04,2.693212588823515716e+02,2.689272959545586446e+02,2.758875592483503851e+02,2.984887030278243856e+02,2.761616128405923973e+02,2.991171766173846436e+02,2.597426188594538985e+02,2.646952586053228060e+02,2.646123201610827209e+02,2.646141881497269424e+02,2.695931241341392024e+02,2.673406756602898895e+02,2.638140630340545840e+02,1.653597579164739582e+05,2.251588963966477763e+01,1.483314046293322619e+01
5.350000000000000000e+03,1.093000000000000000e+04,2.693333349810937420e+02,2.690888003886575461e+02,2.760566222253920614e+02,2.989558086012812055e+02,2.763436474532961711e+02,2.988759359981023636e+02,2.599479842292289504e+02,2.648677203495001891e+02,2.647848209409742708e+02,2.647110433272798105e+02,2.696331036961254881e+02,2.674291561003836364e+02,2.639139391040880014e+02,1.654356264514251961e+05,2.245285272014905331e+01,1.486599893553336749e+01
5.360000000000000000e+03,1.094000000000000000e+04,2.693458424601484467e+02,2.692494388337327678e+02,2.762231806896148214e+02,2.994166223462029848e+02,2.765238561855010744e+02,2.986286996620905825e+02,2.601526778849794823e+02,2.650387808053417871e+02,2.649559302435938548e+02,2.648082942723651172e+02,2.696732749048317146e+02,2.675179601476547759e+02,2.640143060922977156e+02,1.655105170731585822e+05,2.238740252020039634e+01,1.489834006556988122e+01
5.370000000000000000e+03,1.095000000000000000e+04,2.693587768577734778e+02,2.694091731319361998e+02,2.763871943231902151e+02,2.998710575014337110e+02,2.767021935500204677e+02,2.983754868869031043e+02,2.603566521335462198e+02,2.652084002343035536e+02,2.651256083039288569e+02,2.649059176210378723e+02,2.697136267337710933e+02,2.676070668291950483e+02,2.641151400277734638e+02,1.655844110159394331e+05,2.231954733828305137e+01,1.493015278545144042e+01
5.380000000000000000e+03,1.096000000000000000e+04,2.693721335979375340e+02,2.695679652877962553e+02,2.765486232999610365e+02,3.003190297318495254e+02,2.768786145930195062e+02,2.981163168858424797e+02,2.605598595508574249e+02,2.653765392031840520e+02,2.652938156626833006e+02,2.650038898335112094e+02,2.697541480682814381e+02,2.676964550021469904e+02,2.642164167431352553e+02,1.656572897099803085e+05,2.224929577779017364e+01,1.496142610927994099e+01
5.390000000000000000e+03,1.097000000000000000e+04,2.693859079894297111e+02,2.697257774442126106e+02,2.767074282991901555e+02,3.007604571136967024e+02,2.770530748980866633e+02,2.978512088223861269e+02,2.607622529785336383e+02,2.655431585978278122e+02,2.654605131761300072e+02,2.651021871975807471e+02,2.697948277079617583e+02,2.677861033577507897e+02,2.643181118802122000e+02,1.657291347834595654e+05,2.217665674595298242e+01,1.499214914008760857e+01
5.400000000000000000e+03,1.098000000000000000e+04,2.694000952272500058e+02,2.698825719465003203e+02,2.768635704891532896e+02,3.011952601139786907e+02,2.772255305855820779e+02,2.975801818250164388e+02,2.609637855544409035e+02,2.657082196205395803e+02,2.656256620144849308e+02,2.652007858376822469e+02,2.698356543684166127e+02,2.678759904274262453e+02,2.644202008955633119e+02,1.657999280647210544e+05,2.210163945271138530e+01,1.502231107672390209e+01
5.410000000000000000e+03,1.099000000000000000e+04,2.694146903934374677e+02,2.700383112984649188e+02,2.770170115529317627e+02,3.016233615747546537e+02,2.773959383177748350e+02,2.973032550014108892e+02,2.611644106967142989e+02,2.658716837991647139e+02,2.657892236738989595e+02,2.652996617175346046e+02,2.698766166890563341e+02,2.679660945871403896e+02,2.645226590658465966e+02,1.658696515842018125e+05,2.202425340954628652e+01,1.505190122068595926e+01
5.420000000000000000e+03,1.100000000000000000e+04,2.694296884565234222e+02,2.701929581949947874e+02,2.771677136804973998e+02,3.020446866896032816e+02,2.775642553001079023e+02,2.970204474533338157e+02,2.613640821273840515e+02,2.660335129923801105e+02,2.659511599785217868e+02,2.653987906476564831e+02,2.699177032304574482e+02,2.680563940633269340e+02,2.646254614940211809e+02,1.659382875763187767e+05,2.194450842827358983e+01,1.508090898301703042e+01
5.430000000000000000e+03,1.101000000000000000e+04,2.694450842731405942e+02,2.703464755217239599e+02,2.773156395818317606e+02,3.024591629847911918e+02,2.777304392854328512e+02,2.967317782899444296e+02,2.615627538589559435e+02,2.661936693951226971e+02,2.661114330910806984e+02,2.654981482905159282e+02,2.699589024805896997e+02,2.681468669381753216e+02,2.647285831148512898e+02,1.660058184813547705e+05,2.186241461980018741e+01,1.510932389076219451e+01
5.440000000000000000e+03,1.102000000000000000e+04,2.694608725818671928e+02,2.704988263570495519e+02,2.774607524783099848e+02,3.028667202986841858e+02,2.778944485702814404e+02,2.964372666439205659e+02,2.617603802380918978e+02,2.663521155441625297e+02,2.662700055074535612e+02,2.655977101670765705e+02,2.700002028705713428e+02,2.682374911553965262e+02,2.648319987014878052e+02,1.660722269471792388e+05,2.177798239284194182e+01,1.513713559393654329e+01
5.450000000000000000e+03,1.103000000000000000e+04,2.694770480273593876e+02,2.706499740093782975e+02,2.776030161143347073e+02,3.032672907501440704e+02,2.780562420048289027e+02,2.961369316787788648e+02,2.619569159155296347e+02,2.665088143227094406e+02,2.664268400742838026e+02,2.656974516630876906e+02,2.700415927275626018e+02,2.683282445266183913e+02,2.649356828674029884e+02,1.661374958309071662e+05,2.169122245260399851e+01,1.516433387130034660e+01
5.460000000000000000e+03,1.104000000000000000e+04,2.694936051312969312e+02,2.707998819784662032e+02,2.777423947640051551e+02,3.036608087219270260e+02,2.782157789894589541e+02,2.958307926113835720e+02,2.621523158675529430e+02,2.666637289659686303e+02,2.665818999865865067e+02,2.657973480347991995e+02,2.700830603457310417e+02,2.684191047356907234e+02,2.650396100836276787e+02,1.662016082005347125e+05,2.160214579942346802e+01,1.519090863701000949e+01
5.470000000000000000e+03,1.105000000000000000e+04,2.695105383078515615e+02,2.709485139937487475e+02,2.778788532276908541e+02,3.040472108313024364e+02,2.783730194788183780e+02,2.955188687196827004e+02,2.623465354064881012e+02,2.668168230651412500e+02,2.667351487951344211e+02,2.658973744159651460e+02,2.701245939547113721e+02,2.685100493476565475e+02,2.651437546732176429e+02,1.662645473364270874e+05,2.151076372737468745e+01,1.521684994664420998e+01
5.480000000000000000e+03,1.106000000000000000e+04,2.695278418640234008e+02,2.710958340103617275e+02,2.780123568448113360e+02,3.044264359054819238e+02,2.785279239830366578e+02,2.952011793578412835e+02,2.625395301697210471e+02,2.669680605763858807e+02,2.668865504105566515e+02,2.659975058239534746e+02,2.701661817253141180e+02,2.686010558127072159e+02,2.652480908230684236e+02,1.663262967327845399e+05,2.141708782283718904e+01,1.524214800300993033e+01
5.490000000000000000e+03,1.107000000000000000e+04,2.695455099996092940e+02,2.712418062264814580e+02,2.781428714800807711e+02,3.047984249505037724e+02,2.786804535693694334e+02,2.948777439676599101e+02,2.627312561587839923e+02,2.671174058180492921e+02,2.670360691087876717e+02,2.660977171667825019e+02,2.702078117760174791e+02,2.686921014733899824e+02,2.653525925898497917e+02,1.663868400990533119e+05,2.132112996302672414e+01,1.526679316220815430e+01
5.500000000000000000e+03,1.108000000000000000e+04,2.695635368088359201e+02,2.713863950772266094e+02,2.782703635456745133e+02,3.051631211250057163e+02,2.788305698650642057e+02,2.945485820932946126e+02,2.629216697096105122e+02,2.672648234831875129e+02,2.671836695350269224e+02,2.661979832494922675e+02,2.702494721735250209e+02,2.687831635713214382e+02,2.654572339066284599e+02,1.664461613611389766e+05,2.122290231448931763e+01,1.529077593890343323e+01
5.510000000000000000e+03,1.109000000000000000e+04,2.695819162811640695e+02,2.715295652487207008e+02,2.783947999888580398e+02,3.055204697107461698e+02,2.789782350562097122e+02,2.942137133931620383e+02,2.631107275293081216e+02,2.674102786372552600e+02,2.673293167085863047e+02,2.662982787806841998e+02,2.702911509391999516e+02,2.688742192533933348e+02,2.655619885897231143e+02,1.665042446627295576e+05,2.112241733155867252e+01,1.531408701208866852e+01
5.520000000000000000e+03,1.110000000000000000e+04,2.696006423030390806e+02,2.716712816833310740e+02,2.785161483045994828e+02,3.058704180823770002e+02,2.791234118914226201e+02,2.938731576524922389e+02,2.632983866808253310e+02,2.675537367276826899e+02,2.674729760272972499e+02,2.663985783797195381e+02,2.703328360498625784e+02,2.689652455789016585e+02,2.656668303453225235e+02,1.665610743664686452e+05,2.101968775477704909e+01,1.533671723015527100e+01
5.530000000000000000e+03,1.111000000000000000e+04,2.696197086582109250e+02,2.718115095864167188e+02,2.786343765338475578e+02,3.062129156763016908e+02,2.792660636824792846e+02,2.935269347957504920e+02,2.634846045965930443e+02,2.676951635859555836e+02,2.676146132717984187e+02,2.664988565835570853e+02,2.703745154440285319e+02,2.690562195261627494e+02,2.657717327764544279e+02,1.666166350549664348e+05,2.091472660927992067e+01,1.535865761599206181e+01
5.540000000000000000e+03,1.112000000000000000e+04,2.696391090295781510e+02,2.719502144331738691e+02,2.787494532666574401e+02,3.065479139597023277e+02,2.794061543053780952e+02,2.931750648989469710e+02,2.636693390845675253e+02,2.678345254320796016e+02,2.677541946093965635e+02,2.665990878536340460e+02,2.704161770243395608e+02,2.691471179991142435e+02,2.658766693899152074e+02,1.666709115319232806e+05,2.080754720314450879e+01,1.537989937197148649e+01
5.550000000000000000e+03,1.113000000000000000e+04,2.696588370006406308e+02,2.720873619741279299e+02,2.788613476442112642e+02,3.068753663980797910e+02,2.795436482017477147e+02,2.928175682014144172e+02,2.638525483329441386e+02,2.679717888783545732e+02,2.678916865987137044e+02,2.666992465827847809e+02,2.704578086610509899e+02,2.692379178354490250e+02,2.659816136033181806e+02,1.667238888230581069e+05,2.069816312570240058e+01,1.540043388459614171e+01
5.560000000000000000e+03,1.114000000000000000e+04,2.696788860567734787e+02,2.722229182424707119e+02,2.789700293608452739e+02,3.071952284229721499e+02,2.796785103794106249e+02,2.924544651179510879e+02,2.640341909159161560e+02,2.681069209337986763e+02,2.680270561931666862e+02,2.667993071027374299e+02,2.704993981955919935e+02,2.693285958121672365e+02,2.660865387523568302e+02,1.667755521770227060e+05,2.058658824581661406e+01,1.542025272911883960e+01
5.570000000000000000e+03,1.115000000000000000e+04,2.696992495866015247e+02,2.723568495607900672e+02,2.790754686668075237e+02,3.075074573986976816e+02,2.798107064139629756e+02,2.920857762503730441e+02,2.642142257996259787e+02,2.682398890076595421e+02,2.681602707440877680e+02,2.668992436885069424e+02,2.705409334443928060e+02,2.694191286536930647e+02,2.661914180977400406e+02,1.668258870662558475e+05,2.047283671012311856e+01,1.543934767380312856e+01
5.580000000000000000e+03,1.116000000000000000e+04,2.697199208838984532e+02,2.724891225421770855e+02,2.791776363690112248e+02,3.078120125888289067e+02,2.799402024489160681e+02,2.917115223996978557e+02,2.643926123449708712e+02,2.683706609128378773e+02,2.682912980059983852e+02,2.669990305729439797e+02,2.705824022021949986e+02,2.695094930384108238e+02,2.662962248319378205e+02,1.668748791877600306e+05,2.035692294123717971e+01,1.545771068413458593e+01
