phase_s,time_s,battery,bolts,frame,panel1,panel2,panel3,panel4,panel5,panel6,pcb1,pcb2,pcb3,pcb4,energy_J,absorbed_power_W,emitted_power_W
0.000000000000000000e+00,5.580000000000000000e+03,2.889464033775703342e+02,2.934341874584798120e+02,3.015200077859686303e+02,3.354076103612668476e+02,3.027892640927323669e+02,3.139670889602381862e+02,2.840848930348041108e+02,2.885876349740980800e+02,2.884678549547099919e+02,2.866470382866419868e+02,2.903696737873191296e+02,2.897660174649212195e+02,2.857425738557384420e+02,1.797096764476663084e+05,2.674593601588248859e+01,2.105203097919235589e+01
1.000000000000000000e+01,5.590000000000000000e+03,2.889787878412656141e+02,2.935935220254586966e+02,3.016289698352976529e+02,3.357181313040849204e+02,3.029298488606141859e+02,3.135047330365197240e+02,2.843013297006497169e+02,2.887365181553118987e+02,2.886173521129252890e+02,2.867783236954649624e+02,2.904272758113247619e+02,2.898840837069915892e+02,2.858832714151583332e+02,1.797648133781942015e+05,2.668007193607063599e+01,2.107544337696234749e+01
2.000000000000000000e+01,5.600000000000000000e+03,2.890115247227030864e+02,2.937506177261956282e+02,3.017390051147704639e+02,3.360207840314495229e+02,3.030685749202922921e+02,3.130599167314616125e+02,2.845395762190280493e+02,2.888842111542041380e+02,2.887656723383843200e+02,2.869091967682524569e+02,2.904847497789234581e+02,2.900017577269377398e+02,2.860236473923370681e+02,1.798212164021316567e+05,2.683181593173051027e+01,2.110050402174006834e+01
3.000000000000000000e+01,5.610000000000000000e+03,2.890443880879217886e+02,2.939047195431933801e+02,3.018511441341708519e+02,3.363183386585567973e+02,3.032062498458097934e+02,3.126272914285793263e+02,2.847983106904931105e+02,2.890311515857171116e+02,2.889132361441001535e+02,2.870382288167000979e+02,2.905413030948644177e+02,2.901177753994462591e+02,2.861620346759762015e+02,1.798786563263477292e+05,2.698076003028588588e+01,2.112684423508725828e+01
4.000000000000000000e+01,5.620000000000000000e+03,2.890775724162734832e+02,2.940568817806517359e+02,3.019658211136905379e+02,3.366083242865922216e+02,3.033425046314617362e+02,3.122094745017255946e+02,2.850758980944585232e+02,2.891772417198698690e+02,2.890599619702499581e+02,2.871669141100742877e+02,2.905978607494098469e+02,2.902334700716750717e+02,2.863001643325659984e+02,1.799372852296794881e+05,2.712688534703848475e+01,2.115410641191845897e+01
5.000000000000000000e+01,5.630000000000000000e+03,2.891110903667421894e+02,2.942072509998805003e+02,3.020829792817265229e+02,3.368909661038158561e+02,3.034775186687048176e+02,3.118056360570331549e+02,2.853715809757017041e+02,2.893226217843408676e+02,2.892059902365247126e+02,2.872952768427185219e+02,2.906544236265734185e+02,2.903488749632484200e+02,2.864380582391985399e+02,1.799970657598422840e+05,2.727017335468481463e+01,2.118226443033441697e+01
6.000000000000000000e+01,5.640000000000000000e+03,2.891449475638281115e+02,2.943559783528971820e+02,3.022025488522781984e+02,3.371664167552835352e+02,3.036114176938197033e+02,3.114151071885439706e+02,2.856847068841140072e+02,2.894673811102206287e+02,2.893514102316648291e+02,2.874233391561936060e+02,2.907110070199035476e+02,2.904640204700124855e+02,2.865757364507674083e+02,1.800579605652409664e+05,2.741060588566526235e+01,2.121127964694019852e+01
7.000000000000000000e+01,5.650000000000000000e+03,2.891791467349452773e+02,2.945032103173360269e+02,3.023244534691870626e+02,3.374347908847159374e+02,3.037442943737639212e+02,3.110373046344335535e+02,2.860146865929513069e+02,2.896115841854406767e+02,2.894962863311162096e+02,2.875511219981594309e+02,2.907676311944910026e+02,2.905789349878683652e+02,2.867132179565349475e+02,1.801199324804449279e+05,2.754816513446754556e+01,2.124111257426872257e+01
8.000000000000000000e+01,5.660000000000000000e+03,2.892136894356171979e+02,2.946490856739304718e+02,3.024486138986657693e+02,3.376961789814976669e+02,3.038762183679716031e+02,3.106717008369134305e+02,2.863609733467255865e+02,2.897552805556733801e+02,2.896406679669279924e+02,2.876786453828406707e+02,2.908243175197648043e+02,2.906936452864700868e+02,2.868505208945990148e+02,1.801829445525354822e+05,2.768283365988429168e+01,2.127172490902511015e+01
9.000000000000000000e+01,5.670000000000000000e+03,2.892485767398672465e+02,2.947937345880860107e+02,3.025749496835502441e+02,3.379506544206178660e+02,3.040072422837469048e+02,3.103178094770918847e+02,2.867230514588551955e+02,2.898985093544141023e+02,2.897845941425729848e+02,2.878059285047343678e+02,2.908810869837972177e+02,2.908081766911689101e+02,2.869876626432523494e+02,1.802469600363052741e+05,2.781459438722443878e+01,2.130307976941119463e+01
1.000000000000000000e+02,5.680000000000000000e+03,2.892838095166171684e+02,2.949372784808745109e+02,3.027033798986393549e+02,3.381982777715826956e+02,3.041374056486242239e+02,3.099751771538972207e+02,2.871004291525986218e+02,2.900413017525518740e+02,2.899280959016534212e+02,2.879329897951187718e+02,2.909379596517732693e+02,2.909225532198072415e+02,2.871246598669574155e+02,1.803119423855299246e+05,2.794343061047810650e+01,2.133514163742978198e+01
1.100000000000000000e+02,5.690000000000000000e+03,2.893193885420468519e+02,2.950798302159655577e+02,3.028338234173618844e+02,3.384390997213608330e+02,3.042667377292785318e+02,3.096433779412082572e+02,2.874926338671558597e+02,2.901836824677801019e+02,2.900711978396481072e+02,2.880598469494997858e+02,2.909949545003228195e+02,2.910367976722222920e+02,2.872615285393966928e+02,1.803778552435435122e+05,2.806932599443480925e+01,2.136787627223718999e+01
1.200000000000000000e+02,5.700000000000000000e+03,2.893553145444062693e+02,2.952214944210358567e+02,3.029661990459413801e+02,3.386731631719340498e+02,3.043952596021339900e+02,3.093220095086902006e+02,2.878992088564116330e+02,2.903256708105124630e+02,2.902139191512237630e+02,2.881865169408554266e+02,2.910520893834349749e+02,2.911509316973412069e+02,2.873982839526458406e+02,1.804446624349420017e+05,2.819226457675454256e+01,2.140125062855832283e+01
1.300000000000000000e+02,5.710000000000000000e+03,2.893915882226250460e+02,2.953623678566698345e+02,3.031004255568501549e+02,3.389005047888229569e+02,3.045229857017798167e+02,3.090106902002797256e+02,2.883197107231079030e+02,2.904672814516508197e+02,2.903562743840356575e+02,2.883130160231565924e+02,2.911093810505075226e+02,2.912649758454750781e+02,2.875349407190668671e+02,1.805123279572892061e+05,2.831223076999171440e+01,2.143523278239831242e+01
1.400000000000000000e+02,5.720000000000000000e+03,2.894282102545078033e+02,2.955025398343066740e+02,3.032364217281249807e+02,3.391211561669310299e+02,3.046499250013106916e+02,3.087090567471015561e+02,2.887537074924488252e+02,2.906085250062278647e+02,2.904982740441943747e+02,2.884393597314662543e+02,2.911668451806203848e+02,2.913789496100695828e+02,2.876715127696510308e+02,1.805808159750746563e+05,2.842920936357145223e+01,2.146979186080727331e+01
1.500000000000000000e+02,5.730000000000000000e+03,2.894651812986796813e+02,2.956420925743636303e+02,3.033741063545398902e+02,3.393351447219984607e+02,3.047760819202858897e+02,3.084167624288029970e+02,2.892007771401211471e+02,2.907494085145340819e+02,2.906399250519196471e+02,2.885655628790772198e+02,2.912244964155747198e+02,2.914928714610793463e+02,2.878080133502032822e+02,1.806500908119595842e+05,2.854318552571817591e+01,2.150489797539162140e+01
1.600000000000000000e+02,5.740000000000000000e+03,2.895025019964609214e+02,2.957811016133285307e+02,3.035133982711575413e+02,3.395424943780440685e+02,3.049014570348492157e+02,3.081334755624471882e+02,2.896605064071854372e+02,2.908899358161422128e+02,2.907812311363587696e+02,2.886916395551267556e+02,2.912823484051908167e+02,2.916067588753174959e+02,2.879444550171743913e+02,1.807201169460983947e+05,2.865414480533610941e+01,2.154052215853562657e+01
1.700000000000000000e+02,5.750000000000000000e+03,2.895401729706952665e+02,2.959196361571557645e+02,3.036542163842366335e+02,3.397432261075753672e+02,3.050260476364185820e+02,3.078588782398912826e+02,2.901324898332472344e+02,2.910301078784217452e+02,2.909221931536065995e+02,2.888176031217085438e+02,2.913404138309583686e+02,2.917206283630738426e+02,2.880808496341247178e+02,1.807908590046218596e+05,2.876207313384156095e+01,2.157663630249366804e+01
1.800000000000000000e+02,5.760000000000000000e+03,2.895781948247500281e+02,2.960577594755482664e+02,3.037964796772311047e+02,3.399373583467450999e+02,3.051498481778181144e+02,3.075926652514556849e+02,2.906163289840778248e+02,2.911699230644753129e+02,2.910628093564994288e+02,2.889434662131531013e+02,2.913987044526554087e+02,2.918344955013329241e+02,2.882172083716434372e+02,1.808622817592801584e+05,2.886695682694666587e+01,2.161321310075693702e+01
1.900000000000000000e+02,5.770000000000000000e+03,2.896165681411015385e+02,2.961955291571743487e+02,3.039401072627957205e+02,3.401249073528063604e+02,3.052728506335734551e+02,3.073345431700357722e+02,2.911116318156678631e+02,2.913093773649024456e+02,2.912030756267332663e+02,2.890692407349863515e+02,2.914572311344481932e+02,2.919483749290747596e+02,2.883535417018667317e+02,1.809343501228362147e+05,2.896878258639446102e+01,2.165022599407207338e+01
2.000000000000000000e+02,5.780000000000000000e+03,2.896552934798359615e+02,2.963329974797129012e+02,3.040850183801446178e+02,3.403058874592849747e+02,3.053950447932322163e+02,3.070842295444222145e+02,2.916180121338529716e+02,2.914484645977649961e+02,2.913429856748356315e+02,2.891949378645406341e+02,2.915160038796259414e+02,2.920622804080130095e+02,2.884898594009259796e+02,1.810070291453198297e+05,2.906753750164491379e+01,2.168764911688602837e+01
2.100000000000000000e+02,5.790000000000000000e+03,2.896943713763671440e+02,2.964702116876514992e+02,3.042311324315041361e+02,3.404803113053932293e+02,3.055164185036964000e+02,3.068414521954713337e+02,2.921350891516777892e+02,2.915871765828557045e+02,2.914825312144722034e+02,2.893205680532487349e+02,2.915750318621506381e+02,2.921762248213059365e+02,2.886261705493137697e+02,1.810802840115505387e+05,2.916320905151190956e+01,2.172545724793403821e+01
2.200000000000000000e+02,5.800000000000000000e+03,2.897338023391328647e+02,2.966072142667129583e+02,3.043783689999100375e+02,3.406481900176456179e+02,3.056369578688298247e+02,3.066059485901461699e+02,2.926624871089680937e+02,2.917255032971836499e+02,2.916217021161214689e+02,2.894461410286147611e+02,2.916343234576987129e+02,2.922902202083989209e+02,2.887624835335905118e+02,1.811540800385923067e+05,2.925578510575084934e+01,2.176362576288032358e+01
2.300000000000000000e+02,5.810000000000000000e+03,2.897735868477030294e+02,2.967440431941406018e+02,3.045266479065605836e+02,3.408095333614171523e+02,3.057566474455502998e+02,3.063774652925856685e+02,2.931998349632272038e+02,2.918634330119715514e+02,2.917604865439736272e+02,2.895716657209593450e+02,2.916938862723963553e+02,2.924042777440562304e+02,2.888988060493070407e+02,1.812283826746381237e+05,2.934525392659652709e+01,2.180213059137032161e+01
2.400000000000000000e+02,5.820000000000000000e+03,2.898137253509453330e+02,2.968807322103126012e+02,3.046758891219573684e+02,3.409643498686871226e+02,3.058754703149513716e+02,3.061557574104318746e+02,2.937467661011759219e+02,2.920009524039526809e+02,2.918988710774459037e+02,2.896971505964314701e+02,2.917537271705187436e+02,2.925184078257695433e+02,2.890351451041864834e+02,1.813031574962878949e+05,2.943160417025151787e+01,2.184094816958130281e+01
2.500000000000000000e+02,5.830000000000000000e+03,2.898542182636250004e+02,2.970173110201301370e+02,3.048260129439911452e+02,3.411126469458631050e+02,3.059934083077531000e+02,3.059405882127707059e+02,2.943029181152950855e+02,2.921380466817498132e+02,2.920368408212497116e+02,2.898226031353770509e+02,2.918138523047667832e+02,2.926326200445352583e+02,2.891715070223656312e+02,1.813783702090083971e+05,2.951482488832432693e+01,2.188005540665368187e+01
2.600000000000000000e+02,5.840000000000000000e+03,2.898950659645155952e+02,2.971538055134922161e+02,3.049769399085723762e+02,3.412544309673868383e+02,3.061104420532231529e+02,3.057317286592519849e+02,2.948679326008016233e+02,2.922746996772131638e+02,2.921743795051156667e+02,2.899480302147856605e+02,2.918742671405501596e+02,2.927469232164564801e+02,2.893078974502312235e+02,1.814539866458623146e+05,2.959490552921764817e+01,2.191942964368320901e+01
2.700000000000000000e+02,5.850000000000000000e+03,2.899362687939218404e+02,2.972902379679186424e+02,3.051285908386311689e+02,3.413897073555111774e+02,3.062265510900179493e+02,3.055289570288416030e+02,2.954414549828612166e+02,2.924108939367088738e+02,2.923114695745463791e+02,2.900734380136154300e+02,2.919349764840437160e+02,2.928613254006627358e+02,2.894443213598359534e+02,1.815299727675012546e+05,2.967183593946614195e+01,2.195904861825227172e+01
2.800000000000000000e+02,5.860000000000000000e+03,2.899778270509297045e+02,2.974266272361159054e+02,3.052808868622418572e+02,3.415184806524409282e+02,3.063417139533003706e+02,3.053320585650468502e+02,2.960231343711959084e+02,2.925466108045053488e+02,2.924480922750443028e+02,2.901988320181055769e+02,2.919959845016250028e+02,2.929758339168814700e+02,2.895807830555074815e+02,1.816062946624448232e+05,2.974560636502384625e+01,2.199889043101700281e+01
2.900000000000000000e+02,5.870000000000000000e+03,2.900197409912030935e+02,2.975629889280338034e+02,3.054337494275970926e+02,3.416407545818245808e+02,3.064559082527263172e+02,3.051408251482943115e+02,2.966126234264512505e+02,2.926818305000080045e+02,2.925842277269603073e+02,2.903242170281816925e+02,2.920572947488680029e+02,2.930904553613685266e+02,2.897172861796586290e+02,1.816829185473772231e+05,2.981620745250082649e+01,2.203893351362826536e+01
3.000000000000000000e+02,5.880000000000000000e+03,2.900620108241874959e+02,2.976993355859823396e+02,3.055871002995488084e+02,3.417565321054231617e+02,3.065691107291685285e+02,3.049550549908715311e+02,2.972095782444870906e+02,2.928165321887001937e+02,2.927198549953217253e+02,2.904495971652531239e+02,2.921189101899282150e+02,2.932051956244755502e+02,2.898538337803628337e+02,1.817598107677761873e+05,2.988363025034918152e+01,2.207915659789398433e+01
3.100000000000000000e+02,5.890000000000000000e+03,2.901046367102655950e+02,2.978356768099876604e+02,3.057408616583039702e+02,3.418658154733615220e+02,3.066812973761288390e+02,3.047745523509191798e+02,2.978136583099745280e+02,2.929506940484253050e+02,2.928549521665605084e+02,2.905749758786240591e+02,2.921808332255595246e+02,2.933200599024949042e+02,2.899904280550917406e+02,1.818369378010770597e+05,2.994786620999797933e+01,2.211953869147260221e+01
3.200000000000000000e+02,5.900000000000000000e+03,2.901476187585546427e+02,2.979720194396487045e+02,3.058949559810488950e+02,3.419686062703650009e+02,3.067924434145964483e+02,3.045991272700324544e+02,2.984245263428861676e+02,2.930842933311495813e+02,2.929894963955405842e+02,2.907003559520765634e+02,2.922430656965880189e+02,2.934350527179224741e+02,2.901270707800745754e+02,1.819142662548270891e+05,3.000890718693706560e+01,2.216005904579226993e+01
3.300000000000000000e+02,5.910000000000000000e+03,2.901909570246015733e+02,2.981083676909336759e+02,3.060493061505337096e+02,3.420649054577867219e+02,3.069025234019625259e+02,3.044285953199033656e+02,2.990418482813318519e+02,2.932173064205957758e+02,2.931234639705481300e+02,2.908257395160935630e+02,2.923056089219635965e+02,2.935501779271777423e+02,2.902637630111827889e+02,1.819917628707248659e+05,3.006674544174986607e+01,2.220069713372613052e+01
3.400000000000000000e+02,5.920000000000000000e+03,2.902346515066484471e+02,2.982447232812496623e+02,3.062038354432863230e+02,3.421547134123072169e+02,3.070115112730989608e+02,3.042627773714240789e+02,2.996652932150310562e+02,2.933497088866243416e+02,2.932568303672070442e+02,2.909511280472913199e+02,2.923684637080948505e+02,2.936654387376040631e+02,2.904005051734062590e+02,1.820693945259026077e+05,3.012137364109449678e+01,2.224143262593295134e+01
3.500000000000000000e+02,5.930000000000000000e+03,2.902787021439843329e+02,2.983810855567701878e+02,3.063584675396620582e+02,3.422380299617246351e+02,3.071193803854174575e+02,3.041014993722835698e+02,3.002945333379563522e+02,2.934814755369969248e+02,2.933895702995521901e+02,2.910765223814446472e+02,2.924316303680452620e+02,2.937808377192516218e+02,2.905372970710558889e+02,1.821471282350604306e+05,3.017278485863370818e+01,2.228224536842314407e+01
3.600000000000000000e+02,5.940000000000000000e+03,2.903231088137343932e+02,2.985174516147279178e+02,3.065131265387084341e+02,3.423148544189434119e+02,3.072261035653554018e+02,3.039445921417654972e+02,3.009292439148183576e+02,2.936125804638667773e+02,2.935216577678589829e+02,2.912019227200210025e+02,2.924951087371493372e+02,2.938963768162724364e+02,2.906741378894334389e+02,1.822249311530741397e+05,3.022097257591295971e+01,2.232311536192694845e+01
3.700000000000000000e+02,5.950000000000000000e+03,2.903678713288437621e+02,2.986538164100811059e+02,3.066677369721487594e+02,3.423851856157966722e+02,3.073316531493256889e+02,3.037918911723086808e+02,3.015691032582299727e+02,2.937429970922135567e+02,2.936530661046850810e+02,2.913273286253149195e+02,2.925588981893077403e+02,2.940120573589523474e+02,2.908110262045381091e+02,1.823027705777208903e+05,3.026593068318701896e+01,2.236402274272721158e+01
3.800000000000000000e+02,5.960000000000000000e+03,2.904129894342812577e+02,2.987901728544609341e+02,3.068222238015257517e+02,3.424490219218356515e+02,3.074360010254889630e+02,3.036432364461289239e+02,3.022137926961734138e+02,2.938726982200817019e+02,2.937837680162986089e+02,2.914527390751154599e+02,2.926229976511203859e+02,2.941278800731986962e+02,2.909479599867757429e+02,1.823806139513698290e+05,3.030765348019448169e+01,2.240494776352812067e+01
3.900000000000000000e+02,5.970000000000000000e+03,2.904584628056093720e+02,2.989265119797112789e+02,3.069765124506103007e+02,3.425063612883569135e+02,3.075391186682659281e+02,3.034984722597625932e+02,3.028629965731352058e+02,2.940016560626148703e+02,2.939137356315933971e+02,2.915781523989134598e+02,2.926874056167932849e+02,2.942438450925470192e+02,2.910849366139898962e+02,1.824584288669711095e+05,3.034613567688064961e+01,2.244587077790992069e+01
4.000000000000000000e+02,5.980000000000000000e+03,2.905042910452734191e+02,2.990628229305270338e+02,3.071305288024423703e+02,3.425572012645511677e+02,3.076409771775512922e+02,3.033574470587393535e+02,3.035164022423307415e+02,2.941298422903618075e+02,2.940429405290944374e+02,2.917035663313186546e+02,2.927521201601916800e+02,2.943599519658071699e+02,2.912219528694002975e+02,1.825361830675929959e+05,3.038137239406814061e+01,2.248677222402449516e+01
4.100000000000000000e+02,5.990000000000000000e+03,2.905504736805312405e+02,2.991990931271335512e+02,3.072841992110896285e+02,3.426015390242424701e+02,3.077415473108152355e+02,3.032200132789795362e+02,3.041737000708233154e+02,2.942572280664463165e+02,2.941713537839305559e+02,2.918289780106904914e+02,2.928171389476218565e+02,2.944761996663400510e+02,2.913590049541505778e+02,1.826138444523116341e+05,3.041335916407561513e+01,2.252763261035346432e+01
4.200000000000000000e+02,6.000000000000000000e+03,2.905970101603437001e+02,2.993353083408287603e+02,3.074374505128272403e+02,3.426393713910619567e+02,3.078407995155618551e+02,3.030860271986566090e+02,3.048345833968858187e+02,2.943837840822442331e+02,2.942989459980256015e+02,2.919543839840992518e+02,2.928824592528427502e+02,2.945925866008086587e+02,2.914960884897880646e+02,1.826913810769166448e+05,3.044209193128417823e+01,2.256843250088529729e+01
4.300000000000000000e+02,6.010000000000000000e+03,2.906438998529375226e+02,2.994714527649127831e+02,3.075902100395398406e+02,3.426706948601176919e+02,3.079387039637458088e+02,3.029553487989783775e+02,3.054987486211684882e+02,2.945094805921295915e+02,2.944256873385450035e+02,2.920797802158562035e+02,2.929480779489645670e+02,2.947091106164414214e+02,2.916331985270472842e+02,1.827687611612733454e+05,3.046756705265159226e+01,2.260915250532304555e+01
4.400000000000000000e+02,6.020000000000000000e+03,2.906911420430546968e+02,2.996075091036768754e+02,3.077424056183608059e+02,3.426955056208360020e+02,3.080352305742984527e+02,3.028278416244318691e+02,3.061658951680297491e+02,2.946342874455701804e+02,2.945515475680236932e+02,2.922051620918833237e+02,2.930139915551953322e+02,2.948257690105231745e+02,2.917703295515232753e+02,1.828459530905284628e+05,3.048978129817423621e+01,2.264977326625369969e+01
4.500000000000000000e+02,6.030000000000000000e+03,2.907387359286327637e+02,2.997434586441383431e+02,3.078939655906249868e+02,3.427137995773018702e+02,3.081303490475510785e+02,3.027033726593064671e+02,3.068357255182995118e+02,2.947581741187036073e+02,2.946764960763006798e+02,2.923305244295086140e+02,2.930801962141499644e+02,2.949425585336136351e+02,2.919074754896179797e+02,1.829229254195746907e+05,3.050873185129658083e+01,2.269027544950784048e+01
4.600000000000000000e+02,6.040000000000000000e+03,2.907866806191249225e+02,2.998792813280156793e+02,3.080448188156421452e+02,3.427255723684938289e+02,3.082240288895491176e+02,3.025818122052783110e+02,3.075079452289948563e+02,2.948811097444345819e+02,2.948005019103641189e+02,2.924558614829808221e+02,2.931466877148752701e+02,2.950594753991450148e+02,2.920446297150151054e+02,1.829996468769077328e+05,3.052441630926831095e+01,2.273063973488661205e+01
4.700000000000000000e+02,6.050000000000000000e+03,2.908349751318750123e+02,3.000149558194828501e+02,3.081948946834494905e+02,3.427308193877199187e+02,3.083162394404015458e+02,3.024630337651083209e+02,3.081822629636935176e+02,2.950030631415635867e+02,2.949235338033525409e+02,2.925811669442596781e+02,2.932134614975887530e+02,2.951765152882904886e+02,2.921817850544954354e+02,1.830760863687877427e+05,3.053683268344900270e+01,2.277084680828037122e+01
4.800000000000000000e+02,6.060000000000000000e+03,2.908836183897500405e+02,3.001504595748024258e+02,3.083441231122039881e+02,3.427295358012981978e+02,3.084069498915853842e+02,3.023469139313996834e+02,3.088583905146330721e+02,2.951240028409204115e+02,2.950455602020082324e+02,2.927064339825695924e+02,2.932805126622982357e+02,2.952936733567392480e+02,2.923189337943682631e+02,1.831522129829713376e+05,3.054597939956023822e+01,2.281087735393415272e+01
4.900000000000000000e+02,6.070000000000000000e+03,2.909326092185937682e+02,3.002857688992363023e+02,3.084924345754808996e+02,3.427217165663721516e+02,3.084961293219237177e+02,3.022333322857993494e+02,3.095360428448813082e+02,2.952438971145346045e+02,2.951665492935154589e+02,2.928316551905392657e+02,2.933478359790913146e+02,2.954109442377332471e+02,2.924560676866211111e+02,1.832279959935287188e+05,3.055185529788519716e+01,2.285071204919631427e+01
5.000000000000000000e+02,6.080000000000000000e+03,2.909819463437968352e+02,3.004208590090732969e+02,3.086397600938444725e+02,3.427073564479538845e+02,3.085837467111924184e+02,3.021221712939726558e+02,3.102149381144863582e+02,2.953627139995057291e+02,2.952864690310756828e+02,2.929568226458119966e+02,2.934154258908674819e+02,2.955283220501444816e+02,2.925931779554398418e+02,1.833034048644709692e+05,3.055445963341576743e+01,2.289033155858775359e+01
5.100000000000000000e+02,6.090000000000000000e+03,2.910316283886093629e+02,3.005557040914479217e+02,3.087860312514657721e+02,3.426864500370989504e+02,3.086697709654616233e+02,3.020133162129588982e+02,3.108947977207531039e+02,2.954804213233313135e+02,2.954052871585786875e+02,2.930819278906039358e+02,2.934832765222482749e+02,2.956458004019195869e+02,2.927302552991650373e+02,1.833784092543599254e+05,3.055379207594688751e+01,2.292971652981008290e+01
5.200000000000000000e+02,6.100000000000000000e+03,2.910816538705626044e+02,3.006902773527481258e+02,3.089311802002002310e+02,3.426589917656124271e+02,3.087541709374842185e+02,3.019066549999916447e+02,3.115753463345542968e+02,2.955969867275267688e+02,2.955229712340664037e+02,2.932069619482786038e+02,2.935513816864491901e+02,2.957633723929859002e+02,2.928672899038986657e+02,1.834529790204166202e+05,3.054985271011851466e+01,2.296884759012977639e+01
5.300000000000000000e+02,6.110000000000000000e+03,2.911320211992187410e+02,3.008245510772399030e+02,3.090751396678962806e+02,3.426249759225012212e+02,3.088369154469713749e+02,3.018020782256830898e+02,3.122563119401722247e+02,2.957123776905157797e+02,2.956394886530943040e+02,2.933319153270046513e+02,2.936197348906050593e+02,2.958810306246925848e+02,2.930042714437561813e+02,1.835270842230080161e+05,3.054264203540484601e+01,2.300770534384757227e+01
5.400000000000000000e+02,6.120000000000000000e+03,2.911827286736016163e+02,3.009584966765748959e+02,3.092178429672841844e+02,3.425843966693145717e+02,3.089179733006069455e+02,3.016994789904179015e+02,3.129374258766042090e+02,2.958265615498503394e+02,2.957548066705167571e+02,2.934567780260344421e+02,2.936883293411391378e+02,2.959987671982366919e+02,2.931411890886814717e+02,1.836006951299294305e+05,3.053216096605104113e+01,2.304627037064100037e+01
5.500000000000000000e+02,6.130000000000000000e+03,2.912337744793515526e+02,3.010920846990538280e+02,3.093592240103369022e+02,3.425372480547752616e+02,3.089973133166388379e+02,3.015987528480496280e+02,3.136184228822537534e+02,2.959395055233352423e+02,2.958688924229290365e+02,2.935815395451674590e+02,2.937571579491597618e+02,2.961165737207704183e+02,2.932780315081634512e+02,1.836737822209219739e+05,3.051841083095719398e+01,2.308452322513990751e+01
5.600000000000000000e+02,6.140000000000000000e+03,2.912851566859922627e+02,3.012252850124831411e+02,3.094992172836238638e+02,3.424835240294634104e+02,3.090749043207186446e+02,3.014997977202151560e+02,3.142990411260724386e+02,2.960511767300344559e+02,2.959817129461875993e+02,2.937061888886793213e+02,2.938262133371203504e+02,2.962344413112762140e+02,2.934147868853882528e+02,1.837463161912963842e+05,3.050139337350997337e+01,2.312244443515574588e+01
5.700000000000000000e+02,6.150000000000000000e+03,2.913368732446953118e+02,3.013580666705563544e+02,3.096377579007400414e+02,3.424232184594903288e+02,3.091507151942695941e+02,3.014025138491468283e+02,3.149790222625121601e+02,2.961615422096659245e+02,2.960932351980399062e+02,2.938307145744492459e+02,2.938954878409894604e+02,2.963523606024690480e+02,2.935514429123063564e+02,1.838182679579262331e+05,3.048111075136149495e+01,2.316001450470626466e+01
5.800000000000000000e+02,6.160000000000000000e+03,2.913889219853905388e+02,3.014903980263001699e+02,3.097747815848704249e+02,3.423563251405221877e+02,3.092247148727471995e+02,3.013068036960331142e+02,3.156581114733388631e+02,2.962705689426175013e+02,2.962034260765220779e+02,2.939551046376935801e+02,2.939649735167744780e+02,2.964703217443775429e+02,2.936879868156738098e+02,1.838896086617365654e+05,3.045756553615576223e+01,2.319721391418148571e+01
5.900000000000000000e+02,6.170000000000000000e+03,2.914413006150077763e+02,3.016222468251524447e+02,3.099102246784462409e+02,3.422828378108663401e+02,3.092968723703170326e+02,3.012125718959954952e+02,3.163360575061732334e+02,2.963782238684519825e+02,2.963122524400849898e+02,2.940793466410718224e+02,2.940346621450561315e+02,2.965883144089563075e+02,2.938244053125121695e+02,1.839603096733296406e+05,3.043076071320263765e+01,2.323402312311286977e+01
6.000000000000000000e+02,6.180000000000000000e+03,2.914940067137656001e+02,3.017535801706064262e+02,3.100440241438705584e+02,3.422027501625835839e+02,3.093671567864894882e+02,3.011197251876599239e+02,3.170126127180255935e+02,2.964844739029292668e+02,2.964196811227471926e+02,2.942034276813135421e+02,2.941045452449327513e+02,2.967063277935118890e+02,2.939606846870180448e+02,1.840303425964425260e+05,3.040069968109929377e+01,2.327042257252985280e+01
6.100000000000000000e+02,6.190000000000000000e+03,2.915470377341093808e+02,3.018843646041125908e+02,3.101761175866097346e+02,3.421160558623150223e+02,3.094355373282274968e+02,3.010281723600515420e+02,3.176875331177468524e+02,2.965892859565082063e+02,2.965256789537175450e+02,2.943273343950892809e+02,2.941746140343953471e+02,2.968243506221161283e+02,2.940968107525671371e+02,1.840996792727969878e+05,3.036738625129935087e+01,2.330639268952153742e+01
6.200000000000000000e+02,6.200000000000000000e+03,2.916003909973906048e+02,3.020145661346410293e+02,3.103064432386208296e+02,3.420227485511387044e+02,3.095019833207773559e+02,3.009378241865256314e+02,3.183605784072737492e+02,2.966926269506354288e+02,2.966302127730205598e+02,2.944510529667545597e+02,2.942448595060501475e+02,2.969423711539216129e+02,2.942327688677094102e+02,1.841682917859510926e+05,3.033082464762954800e+01,2.334191389067424183e+01
6.300000000000000000e+02,6.210000000000000000e+03,2.916540636920078100e+02,3.021441502505159065e+02,3.104349399884089848e+02,3.419228218648964344e+02,3.095664642288084565e+02,3.008485933693527841e+02,3.190315120245656431e+02,2.967944638345601334e+02,2.967332494483364371e+02,2.945745691346332933e+02,2.943152723787216587e+02,2.970603771833567066e+02,2.943685439431017130e+02,1.842361524656211259e+05,3.029101950575430635e+01,2.337696658773010228e+01
6.400000000000000000e+02,6.220000000000000000e+03,2.917080528715078458e+02,3.022730819979199168e+02,3.105615473675100588e+02,3.418162694440777045e+02,3.096289496599706013e+02,3.007603944933104003e+02,3.197001011790312646e+02,2.968947636009127677e+02,2.968347558907433381e+02,2.946978682007040220e+02,2.943858431167124081e+02,2.971783560452088295e+02,2.945041204486775541e+02,1.843032338916785375e+05,3.024797587258786180e+01,2.341153119286841289e+01
6.500000000000000000e+02,6.230000000000000000e+03,2.917626704266562570e+02,3.024024453267679746e+02,3.106862100545808971e+02,3.417050438450967818e+02,3.096895886517862095e+02,3.006738562964167727e+02,3.203618889613615579e+02,2.969935046698594761e+02,2.969347350847930898e+02,2.948225485712545719e+02,2.944577147402868036e+02,2.972980573656399770e+02,2.946413351337731115e+02,1.843697154663323599e+05,3.020169920565443533e+01,2.344545578066593450e+01
6.600000000000000000e+02,6.240000000000000000e+03,2.918176311298437327e+02,3.025310428149383029e+02,3.108087311330143052e+02,3.415871718986271048e+02,3.097482119253645578e+02,3.005881632918277546e+02,3.210210863226645870e+02,2.970906998916410657e+02,2.970331758097528336e+02,2.949469402146695529e+02,2.945296211035279725e+02,2.974176717147319664e+02,2.947782764395075219e+02,1.844353648263660725e+05,3.015219537239625325e+01,2.347893687235664828e+01
6.700000000000000000e+02,6.250000000000000000e+03,2.918729160488515504e+02,3.026588476587484706e+02,3.109291599666090633e+02,3.414626423030154569e+02,3.098047634129742391e+02,3.005032363065129175e+02,3.216773994989638936e+02,2.971862821456701340e+02,2.971300104078695767e+02,2.950710295474806912e+02,2.946015923818107467e+02,2.975371871274894602e+02,2.949149302972943474e+02,1.845001551109598950e+05,3.009947064942959827e+01,2.351189234160993990e+01
6.800000000000000000e+02,6.260000000000000000e+03,2.919285149533437789e+02,3.027858242687979100e+02,3.110474687885949834e+02,3.413314489203563653e+02,3.098592068187149380e+02,3.004189977741193047e+02,3.223305885019773314e+02,2.972802080482447309e+02,2.972251953112397587e+02,2.951948018669746148e+02,2.946736361505670629e+02,2.976565906243970971e+02,2.950512813318351846e+02,1.845640598704521835e+05,3.004353172174900521e+01,2.354428769065358296e+01
6.900000000000000000e+02,6.270000000000000000e+03,2.919844211306875650e+02,3.029119349161458672e+02,3.111636088968730860e+02,3.411935866188014188e+02,3.099115113143939197e+02,3.003353717019557507e+02,3.229804315173201985e+02,2.973724413450443649e+02,2.973186941705293407e+02,2.953182415457267780e+02,2.947457501883166060e+02,2.977758682698966481e+02,2.951873131583889176e+02,1.846270529594640830e+05,2.998438568187966169e+01,2.357609970800807986e+01
7.000000000000000000e+02,6.280000000000000000e+03,2.920406292154296466e+02,3.030371415337017993e+02,3.112775260851639700e+02,3.410490502646842970e+02,3.099616476468025894e+02,3.002522836432402755e+02,3.236267152020948288e+02,2.974629481477410309e+02,2.974104730230174027e+02,2.954413322020592432e+02,2.948179279493336367e+02,2.978950053089075709e+02,2.953230085903491613e+02,1.846891085134697496e+05,2.992204002897814519e+01,2.360730800788356376e+01
7.100000000000000000e+02,6.290000000000000000e+03,2.920971343091953827e+02,3.031614061491753773e+02,3.113891650247859957e+02,3.408978345608800282e+02,3.100095870825996940e+02,3.001696606848372539e+02,3.242692318840746566e+02,2.975516954718802367e+02,2.975004988110230784e+02,2.955640568195468063e+02,2.948901608466026687e+02,2.980139862879703401e+02,2.954583497742149802e+02,1.847502009454589861e+05,2.985650266788162810e+01,2.363789298721603771e+01
7.200000000000000000e+02,6.300000000000000000e+03,2.921539316256249776e+02,3.032846909363086638e+02,3.114984705485171617e+02,3.407399340818325868e+02,3.100553011367207432e+02,3.000874314276006771e+02,3.249077786663065126e+02,2.976386507705461213e+02,2.975887389114017196e+02,2.956863978294413755e+02,2.949624392101707713e+02,2.981327951415218536e+02,2.955933182803705108e+02,1.848103049474565196e+05,2.978778190810555060e+01,2.366783531289542353e+01
7.300000000000000000e+02,6.310000000000000000e+03,2.922110163462421610e+02,3.034069581698163915e+02,3.116053880368029354e+02,3.405753433360452505e+02,3.100987615184413357e+02,3.000055259565634174e+02,3.255421571021756222e+02,2.977237817813540914e+02,2.976751609816159885e+02,2.958083371747498518e+02,2.950347527026230523e+02,2.982514152563227299e+02,2.957278951670972447e+02,1.848693954932719644e+05,2.971588646279013091e+01,2.369711579039153193e+01
7.400000000000000000e+02,6.320000000000000000e+03,2.922683835598046471e+02,3.035281701759665793e+02,3.117098635392607662e+02,3.404040568220419232e+02,3.101399401360616821e+02,2.999238758070289919e+02,3.261721730596791531e+02,2.978070564769868724e+02,2.977597329115786806e+02,2.959298563514598754e+02,2.951070905093708916e+02,2.983698295167217793e+02,2.958620610224326697e+02,1.849274478414879995e+05,2.964082544759558857e+01,2.372571533318252790e+01
7.500000000000000000e+02,6.330000000000000000e+03,2.923260282359922257e+02,3.036482892663330517e+02,3.118118438134030725e+02,3.402260690695489984e+02,3.101788091154335802e+02,2.998424139301465061e+02,3.267976366569710081e+02,2.978884430514689257e+02,2.978424228090213433e+02,2.960509364454654815e+02,2.951794414339812533e+02,2.984880203367724221e+02,2.959957960197968418e+02,1.849844375384742743e+05,2.956260837954632237e+01,2.375361496039398901e+01
7.600000000000000000e+02,6.340000000000000000e+03,2.923839452125702678e+02,3.037672777391260297e+02,3.119112763384961795e+02,3.400413746718292032e+02,3.102153408193194082e+02,2.997610746573009237e+02,3.274183622284884905e+02,2.979679099196483207e+02,2.979231990011634821e+02,2.961715581592063700e+02,2.952517939522282973e+02,2.986059696876858425e+02,2.961290799185622404e+02,1.850403404212845198e+05,2.948124517582433413e+01,2.378079580325504949e+01
7.700000000000000000e+02,6.350000000000000000e+03,2.924421291883750200e+02,3.038850978440422637e+02,3.120081093240528389e+02,3.398499683101046571e+02,3.102495078676098501e+02,2.996797936655777335e+02,3.280341683065919938e+02,2.980454257216990186e+02,2.980020300392257582e+02,2.962917018330697942e+02,2.953241362463274413e+02,2.987236591157323460e+02,2.962618920935756819e+02,1.850951326203575009e+05,2.939674615251172796e+01,2.380723911446256125e+01
7.800000000000000000e+02,6.360000000000000000e+03,2.925005747197969299e+02,3.040017117869811045e+02,3.121022917006044963e+02,3.396518447739447311e+02,3.102812831450036697e+02,2.995985079499314452e+02,3.286448776015976705e+02,2.981209593297881497e+02,2.980788847028272812e+02,2.964113474683580307e+02,2.953964562211639304e+02,2.988410697626082992e+02,2.963942115912386726e+02,1.851487905622033286e+05,2.930912202328281779e+01,2.383292627817677101e+01
7.900000000000000000e+02,6.370000000000000000e+03,2.925592762174921972e+02,3.041170817179306596e+02,3.121937731314006328e+02,3.394469989776139300e+02,3.103106398250301368e+02,2.995171558134582028e+02,3.292503170005810489e+02,2.981944798562570327e+02,2.981537320050154563e+02,2.965304747372622955e+02,2.954687415344379247e+02,2.989581823747820408e+02,2.965260170821199495e+02,1.852012909718767041e+05,2.921838389804567626e+01,2.385783882212052021e+01
8.000000000000000000e+02,6.380000000000000000e+03,2.926182279444609549e+02,3.042311697527021579e+02,3.122825040484853503e+02,3.392354259753607835e+02,3.103375513810743769e+02,2.994356767294734141e+02,3.298503175521175308e+02,2.982659566604369843e+02,2.982265412266372095e+02,2.966490630020889512e+02,2.955409796018424231e+02,2.990749773212824607e+02,2.966572869189953963e+02,1.852526108754336019e+05,2.912454328153348726e+01,2.388195842662123169e+01
8.100000000000000000e+02,6.390000000000000000e+03,2.926774240147734645e+02,3.043439379879459352e+02,3.123684355771336527e+02,3.390171209717660190e+02,3.103619915915946308e+02,2.993540114935514680e+02,3.304447144558810692e+02,2.983353593530834473e+02,2.982972818839388083e+02,2.967670913248687725e+02,2.956131576111262120e+02,2.991914346017675825e+02,2.967879991424396735e+02,1.853027276020741556e+05,2.902761207184593673e+01,2.390526693883446185e+01
8.200000000000000000e+02,6.400000000000000000e+03,2.927368583959453190e+02,3.044553484482233898e+02,3.124515196211826833e+02,3.387920793425282682e+02,3.103839345512374166e+02,2.992721020580909794e+02,3.310333470598998247e+02,2.984026578210923049e+02,2.983659237592956970e+02,2.968845384854826079e+02,2.956852625403715251e+02,2.993075338687365274e+02,2.969181314782227332e+02,1.853516187873870658e+05,2.892760255894056698e+01,2.392774638320399561e+01
8.300000000000000000e+02,6.410000000000000000e+03,2.927965248926875006e+02,3.045653632275996188e+02,3.125317087966960798e+02,3.385602966321659437e+02,3.104033546938381392e+02,2.991898915457793464e+02,3.316160588285811173e+02,2.984678222115531980e+02,2.984324369044225591e+02,2.970013829943746941e+02,2.957572811457949342e+02,2.994232544011143773e+02,2.970476613819801628e+02,1.853992623710323824e+05,2.882452742307456717e+01,2.394937897112547986e+01
8.400000000000000000e+02,6.420000000000000000e+03,2.928564171694999914e+02,3.046739444048001246e+02,3.126089564860277505e+02,3.383217685715349035e+02,3.104202267814191600e+02,2.991073242556430500e+02,3.321926973514025576e+02,2.985308229576694998e+02,2.984967916527192529e+02,2.971176030765637393e+02,2.958291999910508139e+02,2.995385751675119081e+02,2.971765660163290477e+02,1.854456366050097276e+05,2.871839973319701045e+01,2.397014711621128669e+01
8.500000000000000000e+02,6.430000000000000000e+03,2.929165287343906243e+02,3.047810540862382709e+02,3.126832168044241484e+02,3.380764910879684635e+02,3.104345259191187552e+02,2.990243456093975283e+02,3.327631143081190999e+02,2.985916307728695642e+02,2.985589586259735029e+02,2.972331767399228966e+02,2.959010054609896656e+02,2.996534748022432382e+02,2.973048222792431829e+02,1.854907200510069379e+05,2.860923294529187189e+01,2.399003344305565477e+01
8.600000000000000000e+02,6.440000000000000000e+03,2.929768529431249817e+02,3.048866544189196475e+02,3.127544446337817590e+02,3.378244603156867925e+02,3.104462275681477195e+02,2.989409021108419324e+02,3.333271654592502955e+02,2.986502166729966348e+02,2.986189087393906334e+02,2.973480817449452616e+02,2.959726837516042224e+02,2.997679316244240226e+02,2.974324068109286827e+02,1.855344915831894905e+05,2.849704090067190521e+01,2.400902079967079317e+01
8.700000000000000000e+02,6.450000000000000000e+03,2.930373829986015721e+02,3.049907076309131639e+02,3.128225955868562664e+02,3.375656725988339417e+02,3.104553075479009863e+02,2.988569414026792970e+02,3.338847106191259400e+02,2.987065519730968504e+02,2.986766132023420255e+02,2.974622956027354235e+02,2.960442208876605150e+02,2.998819236480272252e+02,2.975592960072472692e+02,1.855769303894566256e+05,2.838183782422371948e+01,2.402709227003813908e+01
8.800000000000000000e+02,6.460000000000000000e+03,2.930981119513827480e+02,3.050931760248275282e+02,3.128876260437834844e+02,3.373001245051353294e+02,3.104617420465836517e+02,2.987724121473428340e+02,3.344356136343638468e+02,2.987606082978352902e+02,2.987320435399554412e+02,2.975757956337088785e+02,2.961156027270453706e+02,2.999954285936605061e+02,2.976854660297713622e+02,1.856180159729157167e+05,2.826363832260415876e+01,2.404423118386437963e+01
8.900000000000000000e+02,6.470000000000000000e+03,2.931590326997265947e+02,3.051940220029381408e+02,3.129494931337198977e+02,3.370278128325509783e+02,3.104655076256178745e+02,2.986872640702596300e+02,3.349797423562049516e+02,2.988123575880958356e+02,2.987851715896749170e+02,2.976885589444281095e+02,2.961868149706431836e+02,3.001084238979209999e+02,2.978108928172495666e+02,1.856577281529090542e+05,2.814245738238837546e+01,2.406042112893387852e+01
9.000000000000000000e+02,6.480000000000000000e+03,2.932201379900703273e+02,3.052932080790146188e+02,3.130081547378262030e+02,3.367487346169491502e+02,3.104665812242780589e+02,2.986014479340670391e+02,3.355169686109459235e+02,2.988617721063421868e+02,2.988359695108716210e+02,2.978005624524905670e+02,2.962578431710198856e+02,3.002208867255033624e+02,2.979355520950849154e+02,1.856960470661440922e+05,2.801831036816963305e+01,2.407564596219268793e+01
9.100000000000000000e+02,6.490000000000000000e+03,2.932814204178827708e+02,3.053906969099405160e+02,3.130635694958323825e+02,3.364628871404598272e+02,3.104649401671164810e+02,2.985149155010993809e+02,3.360471681685543786e+02,2.989088244473070972e+02,2.988844097908135495e+02,2.979117828849691136e+02,2.963286727377769694e+02,3.003327939798669490e+02,2.980594193951877742e+02,1.857329531675497710e+05,2.789121302061120389e+01,2.408988982039571525e+01
9.200000000000000000e+02,6.500000000000000000e+03,2.933428724281484392e+02,3.054864512893154824e+02,3.131156968039580875e+02,3.361702679390393769e+02,3.104605621702118583e+02,2.984276195357185770e+02,3.365702207085305417e+02,2.989534875394747360e+02,2.989304652512461189e+02,2.980221968074355914e+02,2.963992889456408193e+02,3.004441223148920699e+02,2.981824700518744748e+02,1.857684272310670931e+05,2.776118145445067142e+01,2.410313713123797186e+01
9.300000000000000000e+02,6.510000000000000000e+03,2.934044863166093933e+02,3.055804341798298083e+02,3.131644968130623283e+02,3.358708748094238103e+02,3.104534253444666660e+02,2.983395137818444027e+02,3.370860097829819892e+02,2.989957346535893521e+02,2.989741090533234456e+02,2.981317806248351872e+02,2.964696769422508851e+02,3.005548481466266253e+02,2.983046792257775905e+02,1.858024503502935404e+05,2.762823215645668284e+01,2.411537262379831503e+01
9.400000000000000000e+02,6.520000000000000000e+03,2.934662542303046848e+02,3.056726087228896063e+02,3.132099304355093068e+02,3.355647058172108359e+02,3.104435082019156766e+02,2.982505529362077823e+02,3.375944227779710332e+02,2.990355394080405063e+02,2.990153147070541877e+02,2.982405105952504982e+02,2.965398217558512783e+02,3.006649476652900148e+02,2.984260219115618611e+02,1.858350039390025195e+05,2.749238198333857497e+01,2.412658133869126686e+01
9.500000000000000000e+02,6.530000000000000000e+03,2.935281681694531244e+02,3.057629382549306456e+02,3.132519593361584498e+02,3.352517593030989360e+02,3.104307896599458445e+02,2.981606926558501982e+02,3.380953508724148833e+02,2.990728757731670271e+02,2.990540560719221048e+02,2.983483628418273952e+02,2.966097083020941341e+02,3.007743968451112551e+02,2.985464729492819629e+02,1.858660697315621655e+05,2.735364815960913631e+01,2.413674863850370755e+01
9.600000000000000000e+02,6.540000000000000000e+03,2.935902199881718388e+02,3.058513863217640960e+02,3.132905459457866186e+02,3.349320338922780707e+02,3.104152490460227796e+02,2.980698895079715385e+02,3.385886889940949231e+02,2.991077180817670182e+02,2.990903073652348212e+02,2.984553133645576395e+02,2.966793213924406700e+02,3.008831714612182964e+02,2.986660070363902832e+02,1.858956297831555421e+05,2.721204827540069715e+01,2.414586021694559292e+01
9.700000000000000000e+02,6.550000000000000000e+03,2.936524013967031124e+02,3.059379166933961756e+02,3.133256534453965401e+02,3.346055284977289261e+02,3.103968661017709110e+02,2.979781009947371331e+02,3.390743357749989855e+02,2.991400410273700459e+02,2.991240431666143422e+02,2.985613380519534417e+02,2.967486457410543039e+02,3.009912470979094223e+02,2.987845987390787172e+02,1.859236664700435940e+05,2.706760028423483533e+01,2.415390210902168278e+01
9.800000000000000000e+02,6.560000000000000000e+03,2.937147039623515070e+02,3.060224933752575680e+02,3.133572457751393472e+02,3.342722423283690887e+02,3.103756209873411649e+02,2.978852855176826893e+02,3.395521935031039789e+02,2.991698196732522206e+02,2.991552384229295285e+02,2.986664126933159196e+02,2.968176659721132751e+02,3.010985991647143010e+02,2.989022225044846550e+02,1.859501624895156710e+05,2.692032250074608157e+01,2.416086069980815410e+01
9.900000000000000000e+02,6.570000000000000000e+03,2.937771191115312490e+02,3.061050806295618258e+02,3.133852876341866818e+02,3.339321748979963900e+02,3.103514942843813174e+02,2.977914023628081281e+02,3.400221680734645133e+02,2.991970294565751942e+02,2.991838684533478272e+02,2.987705129899301824e+02,2.968863666277927678e+02,3.012052029024722515e+02,2.990188526727217777e+02,1.859751008598612098e+05,2.677023359835975214e+01,2.416672273322977560e+01
1.000000000000000000e+03,6.580000000000000000e+03,2.938396381316953807e+02,3.061856429818877245e+02,3.134097444759619293e+02,3.335853260285212514e+02,3.103244670007495074e+02,2.976964116959908893e+02,3.404841689365771344e+02,2.992216461924538748e+02,2.992099089539958641e+02,2.988736145674656655e+02,2.969547321753447591e+02,3.013110334031871957e+02,2.991344634879197315e+02,1.859984649202023575e+05,2.661735260692442040e+01,2.417147532070377025e+01
1.010000000000000000e+03,6.590000000000000000e+03,2.939022521734374891e+02,3.062641452383060710e+02,3.134305825147462201e+02,3.332316958601562646e+02,3.102945205736139087e+02,2.976002745332443737e+02,3.409381090460227028e+02,2.992436460792285970e+02,2.992333360029908818e+02,2.989756929879980589e+02,2.970227470146008386e+02,3.014160656203392250e+02,2.992490291086552929e+02,1.860202383301990631e+05,2.646169891029900612e+01,2.417510594889245468e+01
1.020000000000000000e+03,6.600000000000000000e+03,2.939649522519530933e+02,3.063405524898856811e+02,3.134477687024016745e+02,3.328712848497431196e+02,3.102616368715403610e+02,2.975029527821043303e+02,3.413839048024900080e+02,2.992630057024680923e+02,2.992541260570854433e+02,2.990767237611726159e+02,2.970903954843901147e+02,3.015202743819670559e+02,2.993625236272607708e+02,1.860404050696394697e+05,2.630329224389513953e+01,2.417760248845300453e+01
1.030000000000000000e+03,6.610000000000000000e+03,2.940277292505468836e+02,3.064148301236932639e+02,3.134612707500926376e+02,3.325040937836032526e+02,3.102257981991605220e+02,2.974044091835590962e+02,3.418214759989056120e+02,2.992797020297217614e+02,2.992722559699086560e+02,2.991766823558163537e+02,2.971576618745014571e+02,3.016236344038287029e+02,2.994749210708317833e+02,1.860589494379865064e+05,2.614215269217491056e+01,2.417895320060016928e+01
1.040000000000000000e+03,6.620000000000000000e+03,2.940905739217890300e+02,3.064869438618096069e+02,3.134710571555063439e+02,3.321301237955114516e+02,3.101869872993356125e+02,2.973046072079159217e+02,3.422507457622305651e+02,2.992937124485358140e+02,2.992877029852360238e+02,2.992755442136441388e+02,2.972245304249457263e+02,3.017261203024780798e+02,2.995861954202807738e+02,1.860758560538280581e+05,2.597830068610432619e+01,2.417914674240855533e+01
1.050000000000000000e+03,6.630000000000000000e+03,2.941534768902812402e+02,3.065568597411865994e+02,3.134770971196566052e+02,3.317493763477049242e+02,3.101451873547038645e+02,2.972035112554515308e+02,3.426716404949461889e+02,2.993050147206082556e+02,2.993004447431419521e+02,2.993732847601136200e+02,2.972909853395911455e+02,3.018277066100259844e+02,2.996963206205969641e+02,1.860911098541007668e+05,2.581175700056286715e+01,2.417817217692589438e+01
1.060000000000000000e+03,6.640000000000000000e+03,2.942162399378047439e+02,3.066242021426386941e+02,3.134792187716764147e+02,3.313581068474208564e+02,3.100997128487613850e+02,2.971005611096143184e+02,3.430879833635805767e+02,2.993133903389402235e+02,2.993102366626848152e+02,2.994692591433619100e+02,2.973564681655934692e+02,3.019274091173253964e+02,2.998044432264816237e+02,1.861044849286261015e+05,2.564254275170942421e+01,2.417599937251904763e+01
1.070000000000000000e+03,6.650000000000000000e+03,2.942790264023203690e+02,3.066893094298319511e+02,3.134775322134278781e+02,3.309602279813520909e+02,3.100512151200856579e+02,2.969962664807715100e+02,3.434955449172493900e+02,2.993190000633803152e+02,2.993172649083161332e+02,2.995641031144431849e+02,2.974215827351379744e+02,3.020262025410141291e+02,2.999114082385371489e+02,1.861161786556964798e+05,2.547067939430496963e+01,2.417261587694000369e+01
1.080000000000000000e+03,6.660000000000000000e+03,2.943418374252734111e+02,3.067521445774870017e+02,3.134719999664121701e+02,3.305556954225831987e+02,3.099996868849573843e+02,2.968905840195029100e+02,3.438943172073242067e+02,2.993218304078267806e+02,2.993215163340345271e+02,2.996577921604499011e+02,2.974862864168808869e+02,3.021240611275353558e+02,3.000171893056539716e+02,1.861261772371947882e+05,2.529618871899230470e+01,2.416802724681629044e+01
1.090000000000000000e+03,6.670000000000000000e+03,2.944046678991250587e+02,3.068126738796835866e+02,3.134625923912922190e+02,3.301444948407331594e+02,3.099451143338151837e+02,2.967834791437756508e+02,3.442842593480024789e+02,2.993218633143886223e+02,2.993229728509749634e+02,2.997503014237367438e+02,2.975505514862635437e+02,3.022209588360907446e+02,3.001217598335124990e+02,1.861344670028607652e+05,2.511909284953322441e+01,2.416222753586901817e+01
1.100000000000000000e+03,6.680000000000000000e+03,2.944675100548515161e+02,3.068708648792692202e+02,3.134492823839735820e+02,3.297266211704457533e+02,3.098874824545296747e+02,2.966749199193152435e+02,3.446653232742976911e+02,2.993190796081221379e+02,2.993216151601911292e+02,2.998416060481768568e+02,2.976143565469086525e+02,3.023168696488928617e+02,3.002250934100995892e+02,1.861410345594103856e+05,2.493941424000340135e+01,2.415520858926539560e+01
1.110000000000000000e+03,6.690000000000000000e+03,2.945303549673516272e+02,3.069266856993320403e+02,3.134320440031786461e+02,3.293020728288209966e+02,3.098267764087956948e+02,2.965648755520853683e+02,3.450374605526025107e+02,2.993134600051820371e+02,2.993174238326390082e+02,2.999316812602874620e+02,2.976776828644224224e+02,3.024117676152309286e+02,3.003271636045919308e+02,1.861458668144133699e+05,2.475717567194542923e+01,2.414696208972030433e+01
1.120000000000000000e+03,6.700000000000000000e+03,2.945931931683671223e+02,3.069801048245365109e+02,3.134108521167314620e+02,3.288708499256694040e+02,3.097629818655913141e+02,2.964533160172221642e+02,3.454006243045284350e+02,2.993049854446425684e+02,2.993103796579166556e+02,3.000205023659283938e+02,2.977405128618289609e+02,3.025056268446053309e+02,3.004279441278175682e+02,1.861489509868807800e+05,2.457240025148038853e+01,2.413748002282293115e+01
1.130000000000000000e+03,6.710000000000000000e+03,2.946560148941718467e+02,3.070310910988102933e+02,3.133856823153486744e+02,3.284329536304365433e+02,3.096960850606802751e+02,2.963402119723967871e+02,3.457547698030843435e+02,2.992936372064048101e+02,2.993004637671602950e+02,3.001080447823618442e+02,2.978028294754446961e+02,3.025984215030745759e+02,3.005274087957149050e+02,1.861502746077330958e+05,2.438511140637812247e+01,2.412675478921221028e+01
1.140000000000000000e+03,6.720000000000000000e+03,2.947188101884688649e+02,3.070796136815800992e+02,3.133565108942275970e+02,3.279883859130121664e+02,3.096260727906447414e+02,2.962255347444209974e+02,3.460998546682840811e+02,2.992793969565429961e+02,2.992876576791952061e+02,3.001942840249335518e+02,2.978646159447864648e+02,3.026901258099185839e+02,3.006255315068590903e+02,1.861498255177039828e+05,2.419533288308691965e+01,2.411477923477703911e+01
1.150000000000000000e+03,6.730000000000000000e+03,2.947815689470546658e+02,3.071256421039944939e+02,3.133233148513535298e+02,3.275371494231760039e+02,3.095529323945960982e+02,2.961092563285153005e+02,3.464358389217995864e+02,2.992622467669507387e+02,2.992719433192711449e+02,3.002791957170234127e+02,2.979258556781730931e+02,3.027807140417614846e+02,3.007222862610356060e+02,1.861475918665922072e+05,2.400308874372258572e+01,2.410154666044280347e+01
1.160000000000000000e+03,6.740000000000000000e+03,2.948442809387032071e+02,3.071691462822520293e+02,3.132860718878977764e+02,3.270792474279024304e+02,3.094766517381811468e+02,2.959913493918454037e+02,3.467626849858727383e+02,2.992421691247731133e+02,2.992533030274899488e+02,3.003627555954195145e+02,2.979865322146203539e+02,3.028701605386980305e+02,3.008176471601603907e+02,1.861435621116263792e+05,2.380840336301768190e+01,2.408705082646815754e+01
1.170000000000000000e+03,6.750000000000000000e+03,2.949069358173905471e+02,3.072100965373991812e+02,3.132447604085833177e+02,3.266146837759994241e+02,3.093972191998537937e+02,2.958717872745623367e+02,3.470803576549752734e+02,2.992191469374842541e+02,2.992317195635010307e+02,3.004449395175023483e+02,2.980466292038411211e+02,3.029584397117577623e+02,3.009115884146931421e+02,1.861377250158143870e+05,2.361130142523100162e+01,2.407128595466153698e+01
1.180000000000000000e+03,6.760000000000000000e+03,2.949695231301249692e+02,3.072484636122780444e+02,3.131993595206830037e+02,3.261434628772827864e+02,3.093146236610838855e+02,2.957505439891336323e+02,3.473888240533109411e+02,2.991931635361083295e+02,2.992071761093946520e+02,3.005257234704051257e+02,2.981061303983287303e+02,3.030455260533518640e+02,3.010040843515732831e+02,1.861300696463496424e+05,2.341180792101782515e+01,2.405424672972902655e+01
1.190000000000000000e+03,6.770000000000000000e+03,2.950320323229374821e+02,3.072842186896138514e+02,3.131498490327786044e+02,3.256655896892488613e+02,3.092288544986365082e+02,2.956275942189596435e+02,3.476880535848802651e+02,2.991642026768440701e+02,2.991796562709713498e+02,3.006050835789206985e+02,2.981650196497164416e+02,3.031313941473698605e+02,3.010951094220763480e+02,1.861205853728935181e+05,2.320994814426136443e+01,2.403592829997451119e+01
1.200000000000000000e+03,6.780000000000000000e+03,2.950944527463749978e+02,3.073173333954270561e+02,3.130962094520535288e+02,3.251810697092519717e+02,3.091399015784663220e+02,2.955029133147011748e+02,3.479780178786101601e+02,2.991322485448232555e+02,2.991491440804055628e+02,3.006829961154768398e+02,2.982232809085322174e+02,3.032160186799870303e+02,3.011846382119090890e+02,1.861092618657950661e+05,2.300574768886575328e+01,2.401632627768509920e+01
1.210000000000000000e+03,6.790000000000000000e+03,2.951567736606094172e+02,3.073477798209446519e+02,3.130384219820395515e+02,3.246899089690275559e+02,3.090477552510483861e+02,2.953764772902986806e+02,3.482586907304885813e+02,2.990972857527846145e+02,2.991156239964475958e+02,3.007594375087003300e+02,2.982808982253820318e+02,3.032993744512062335e+02,3.012726454466317136e+02,1.860960890943089034e+05,2.279923244551095252e+01,2.399543673874637051e+01
1.220000000000000000e+03,6.800000000000000000e+03,2.952189842396406334e+02,3.073755305234054163e+02,3.129764685191902913e+02,3.241921140317712116e+02,3.089524063473317028e+02,2.952482628185658200e+02,3.485300480444331015e+02,2.990592993438889380e+02,2.990790809055277464e+02,3.008343843533352242e+02,2.983378557528836836e+02,3.033814363858908223e+02,3.013591060121415239e+02,1.860810573249941517e+05,2.259042859837007455e+01,2.397325622222729535e+01
1.230000000000000000e+03,6.810000000000000000e+03,2.952810735764140304e+02,3.074005585383083030e+02,3.129103316495508125e+02,3.236876919905059253e+02,3.088538461756098172e+02,2.951182472255318885e+02,3.487920677715171678e+02,2.990182747920600832e+02,2.990395001228632736e+02,3.009078134198190355e+02,2.983941377485388102e+02,3.034621795453449522e+02,3.014439949499266049e+02,1.860641571195399447e+05,2.237936262178946123e+01,2.394978172934192173e+01
1.240000000000000000e+03,6.820000000000000000e+03,2.953430306872499500e+02,3.074228373844014186e+02,3.128399946453654366e+02,3.231766504675080114e+02,3.087520665185001576e+02,2.949864084853600730e+02,3.490447298493452308e+02,2.989741980028326793e+02,2.989968673930211480e+02,3.009797016635559430e+02,2.984497285777094362e+02,3.035415791392917981e+02,3.015272874754891177e+02,1.860453793332078494e+05,2.216606127693201245e+01,2.392501072218247771e+01
1.250000000000000000e+03,6.830000000000000000e+03,2.954048445151250348e+02,3.074423410713153544e+02,3.127654414601847179e+02,3.226589976145836545e+02,3.086470596306002108e+02,2.948527252127772158e+02,3.492880161409440802e+02,2.989270553138337618e+02,2.989511688926568240e+02,3.010500262345571514e+02,2.985046127169558190e+02,3.036196105365738731e+02,3.016089589857287478e+02,1.860247151127828402e+05,2.195055160838411723e+01,2.389894112208535049e+01
1.260000000000000000e+03,6.840000000000000000e+03,2.954665039358124545e+02,3.074590441042245743e+02,3.126866567289667955e+02,3.221347421141970813e+02,3.085388182358955191e+02,2.947171766623928306e+02,3.495219103733100496e+02,2.988768334953012413e+02,2.989023912202945326e+02,3.011187644872339888e+02,2.985587747580016753e+02,3.036962492764237140e+02,3.016889850686516752e+02,1.860021558948370803e+05,2.173286094072663133e+01,2.387157130746366818e+01
1.270000000000000000e+03,6.850000000000000000e+03,2.955279977605468957e+02,3.074729214957741306e+02,3.126036257560022591e+02,3.216038931797336886e+02,3.084273355259282425e+02,2.945797427145857341e+02,3.497463980773273420e+02,2.988235197499159881e+02,2.988505214147559741e+02,3.011858939847631405e+02,2.986121994109620346e+02,3.037714710800639182e+02,3.017673415131730508e+02,1.859776934036978637e+05,2.151301687507042715e+01,2.384290011177305857e+01
1.280000000000000000e+03,6.860000000000000000e+03,2.955893147412891153e+02,3.074839487530647943e+02,3.125163345194490034e+02,3.210664605595736134e+02,3.083126051575147812e+02,2.944404038756714499e+02,3.499614665274033882e+02,2.987671017133351370e+02,2.987955469399129811e+02,3.012513925174260976e+02,2.986648715084589298e+02,3.038452518609396407e+02,3.018440043171534626e+02,1.859513196496946912e+05,2.129104728555678605e+01,2.381292682076536238e+01
1.290000000000000000e+03,6.870000000000000000e+03,2.956504435744374746e+02,3.074921019048242101e+02,3.124247696608942988e+02,3.205224545368295708e+02,3.081946212508015037e+02,2.942991412686675403e+02,3.501671046818100308e+02,2.987075674538046428e+02,2.987374556886078949e+02,3.013152381031770801e+02,2.987167760091754189e+02,3.039175677360456689e+02,3.019189496986280687e+02,1.859230269271077123e+05,2.106698031582326180e+01,2.378165116948677849e+01
1.300000000000000000e+03,6.880000000000000000e+03,2.957113729048984965e+02,3.074973574832180816e+02,3.123289184839478025e+02,3.199718859329440761e+02,3.080733783873182006e+02,2.941559366288142314e+02,3.503633031235792714e+02,2.986449054716765659e+02,2.986762359913179807e+02,3.013774090059255286e+02,2.987678980018120001e+02,3.039883950356237392e+02,3.019921541025914848e+02,1.858928078127020854e+05,2.084084437543530299e+01,2.374907333942909204e+01
1.310000000000000000e+03,6.890000000000000000e+03,2.957720913306562238e+02,3.074996925414533848e+02,3.122287689485951887e+02,3.194147661103727955e+02,3.079488716081962139e+02,2.940107722964315258e+02,3.505500540028862133e+02,2.985791046995239526e+02,2.986118766005416774e+02,3.014378837132554736e+02,2.988182227085364389e+02,3.040577103140007580e+02,3.020635942113179340e+02,1.858606551624117419e+05,2.061266813628421346e+01,2.371519395466502544e+01
1.320000000000000000e+03,6.900000000000000000e+03,2.958325874066562164e+02,3.074990846534114439e+02,3.121243096659236471e+02,3.188511069749423541e+02,3.078210964113908403e+02,2.938636312098638541e+02,3.507273509793756716e+02,2.985101545011841608e+02,2.985443666998805838e+02,3.014966409966347101e+02,2.988677354889924800e+02,3.041254903592084133e+02,3.021332469526669229e+02,1.858265621113129018e+05,2.038248052895181317e+01,2.368001407825146032e+01
1.330000000000000000e+03,6.910000000000000000e+03,2.958928496488516089e+02,3.074955119177647020e+02,3.120155298958698609e+02,3.182809209795056518e+02,3.076900487518316254e+02,2.937144969022632495e+02,3.508951891659650073e+02,2.984380446729869618e+02,2.984736959012059287e+02,3.015536598787335265e+02,2.989164218438712624e+02,3.041917122031415488e+02,3.022010895085188622e+02,1.857905220708471315e+05,2.015031073904232883e+01,2.364353520848528234e+01
1.340000000000000000e+03,6.920000000000000000e+03,2.959528665387110209e+02,3.074889529553349803e+02,3.119024195395944048e+02,3.177042211273633256e+02,3.075557250364831816e+02,2.935633534914965708e+02,3.510535650736302955e+02,2.983627654399004427e+02,2.983998542453279583e+02,3.016089196546138851e+02,2.989642674189997820e+02,3.042563531301572084e+02,3.022670993227440022e+02,1.857525287266276719e+05,1.991618820348190155e+01,2.360575927442520339e+01
1.350000000000000000e+03,6.930000000000000000e+03,2.960126265265781171e+02,3.074793869160949953e+02,3.117849691331403506e+02,3.171210209752528044e+02,3.074181221218766495e+02,2.934101856760404985e+02,3.512024765569168494e+02,2.982843074573781905e+02,2.983228321995600254e+02,3.016623998975259155e+02,2.990112580073887329e+02,3.043193906879960764e+02,3.023312541123601136e+02,1.857125760366530158e+05,1.968014260678632965e+01,2.356668863152859217e+01
1.360000000000000000e+03,6.940000000000000000e+03,2.960721180365234204e+02,3.074667934773119100e+02,3.116631698546384541e+02,3.165313346375546075e+02,3.072772373209690500e+02,2.932549787343610888e+02,3.513419227608646338e+02,2.982026618077578064e+02,2.982426206573378522e+02,3.017140804670021339e+02,2.990573795544133304e+02,3.043808026919986673e+02,3.023935318638692138e+02,1.856706582304220065e+05,1.944220387729727761e+01,2.352632605741738203e+01
1.370000000000000000e+03,6.950000000000000000e+03,2.961313294698515506e+02,3.074511528504804687e+02,3.115370134996447291e+02,3.159351767895281569e+02,3.071330683864970297e+02,2.930977185089666932e+02,3.514719040687178335e+02,2.981178200021768703e+02,2.981592109372482469e+02,3.017639415151585354e+02,2.991026181599038409e+02,3.044405672399253717e+02,3.024539108594449885e+02,1.856267698054298235e+05,1.920240218338771143e+01,2.348467474639396357e+01
1.380000000000000000e+03,6.960000000000000000e+03,2.961902492088046870e+02,3.074324457748788859e+02,3.114064924901098834e+02,3.153325626722015045e+02,3.069856135187449695e+02,2.929383914062539134e+02,3.515924220511679437e+02,2.980297739788961167e+02,2.980725947818286841e+02,3.018119634936510352e+02,2.991469600813148872e+02,3.044986627177616469e+02,3.025123696684667038e+02,1.855809055262567708e+05,1.896076792963678770e+01,2.344173830482305121e+01
1.390000000000000000e+03,6.970000000000000000e+03,2.962488656216249865e+02,3.074106535215507847e+02,3.112715998675395781e+02,3.147235080950938482e+02,3.068348713613250993e+02,2.927769843929138460e+02,3.517034794165170979e+02,2.979385161002330733e+02,2.979827643563140214e+02,3.018581271606383893e+02,2.991903917383138491e+02,3.045550678059348115e+02,3.025688871640804791e+02,1.855330604229041492e+05,1.871733175297487151e+01,2.339752074588275121e+01
1.400000000000000000e+03,6.980000000000000000e+03,2.963071670651327736e+02,3.073857578986881549e+02,3.111323292839918508e+02,3.141080294425530610e+02,3.066808409975672589e+02,2.926134849850441810e+02,3.518050799621292981e+02,2.978440391521692732e+02,2.978897122480913708e+02,3.019024135860456681e+02,2.992328997139013040e+02,3.046097614886436418e+02,3.026234425216137538e+02,1.854832297882384737e+05,1.847212451879905615e+01,2.335202648415341642e+01
1.410000000000000000e+03,6.990000000000000000e+03,2.963651419099687701e+02,3.073579438128587640e+02,3.109937029557475512e+02,3.135055858652359007e+02,3.065480436431820976e+02,2.924505309333352443e+02,3.518998704847965087e+02,2.977495893213882709e+02,2.977966844302358140e+02,3.019448453533991028e+02,2.992745105998675399e+02,3.046627629653825124e+02,3.026760564326416443e+02,1.854345271703463513e+05,1.853911604910177857e+01,2.330868549360410213e+01
1.420000000000000000e+03,7.000000000000000000e+03,2.964227867490624817e+02,3.073274613297438123e+02,3.108585120476226393e+02,3.129197400329915126e+02,3.064409545474835568e+02,2.922892339631459890e+02,3.519889559225746325e+02,2.976561857158136490e+02,2.977046997901432519e+02,3.019854859771682527e+02,2.993152840512972830e+02,3.047141362780148484e+02,3.027267905453560957e+02,1.853877712458304886e+05,1.869080034830395576e+01,2.326771112131319441e+01
1.430000000000000000e+03,7.010000000000000000e+03,2.964801025737500595e+02,3.072945629224509503e+02,3.107275234769721806e+02,3.123490698657906250e+02,3.063577586253296658e+02,2.921299462159975633e+02,3.520726789661844123e+02,2.975639671211676500e+02,2.976138968917938428e+02,3.020244090042630773e+02,2.993552835876955101e+02,3.047639561571784270e+02,3.027757165981175262e+02,1.853429203388984897e+05,1.884071695392255563e+01,2.322868536151928964e+01
1.440000000000000000e+03,7.020000000000000000e+03,2.965370916471015335e+02,3.072594963179435581e+02,3.106009212442372132e+02,3.117926973991544060e+02,3.062973206170231606e+02,2.919729036456234326e+02,3.521512667858193595e+02,2.974730433381827766e+02,2.975243853096701514e+02,3.020616863240411476e+02,2.993945675943263041e+02,3.048122945471440630e+02,3.028229047365140900e+02,1.852999371091963549e+05,1.898884685795465543e+01,2.319145545035721057e+01
1.450000000000000000e+03,7.030000000000000000e+03,2.965937567036328346e+02,3.072225004589053583e+02,3.104787153190294475e+02,3.112499587993199270e+02,3.062587677591736224e+02,2.918182734159933602e+02,3.522248781185700750e+02,2.973834999499277387e+02,2.974362503952979182e+02,3.020973868049954376e+02,2.994331893394438566e+02,3.048592192773314196e+02,3.028684221656395721e+02,1.852587856012769043e+05,1.913517127893410219e+01,2.315593670866158504e+01
1.460000000000000000e+03,7.040000000000000000e+03,2.966501007144765936e+02,3.071838033169675555e+02,3.103608609918137518e+02,3.107202946127557084e+02,3.062413510767008802e+02,2.916661786339959690e+02,3.522936280061654202e+02,2.972954047302727076e+02,2.973495596858288081e+02,3.021315765506726052e+02,2.994711979233924808e+02,3.049047945436137184e+02,3.029123334093018798e+02,1.852194305168558494e+05,1.927967166431288959e+01,2.312206435493415668e+01
1.470000000000000000e+03,7.050000000000000000e+03,2.967061268094452089e+02,3.071436208601334670e+02,3.102472953564154636e+02,3.102032080993496947e+02,3.062443930330497892e+02,2.915167121445509224e+02,3.523576016469650085e+02,2.972088123235328112e+02,2.972643675907524425e+02,3.021643192846693751e+02,2.995086390354883861e+02,3.049490814717519243e+02,3.029547006973596694e+02,1.851818370137841266e+05,1.942232969281339550e+01,2.308978099141791063e+01
1.480000000000000000e+03,7.060000000000000000e+03,2.967618382451484536e+02,3.071021567486505432e+02,3.101379489782202654e+02,3.096982465706486209e+02,3.062672643936546706e+02,2.913699448790837323e+02,3.524168628101051013e+02,2.971237673607896568e+02,2.971807184935424289e+02,3.021956766489750521e+02,2.995455554746596931e+02,3.049921385490686703e+02,3.029955842625181504e+02,1.851459706329821202e+05,1.956312727675137708e+01,2.305903307113614531e+01
1.490000000000000000e+03,7.070000000000000000e+03,2.968172383911953602e+02,3.070596024268173210e+02,3.100327498848603796e+02,3.092049913495614533e+02,3.063093721530520952e+02,2.912259313273669932e+02,3.524714593310512214e+02,2.970403065408937096e+02,2.970986488577694331e+02,3.022257084124976814e+02,2.995819875098384841e+02,3.050340219306073664e+02,3.030350425495294076e+02,1.851117972647239512e+05,1.970204656432930790e+01,2.302976976596468717e+01
1.500000000000000000e+03,7.080000000000000000e+03,2.968723307222343806e+02,3.070161374504215246e+02,3.099316249444563027e+02,3.087230517584097242e+02,3.063701522544030240e+02,2.910847132890449416e+02,3.525214269036790142e+02,2.969584600684707425e+02,2.970181886515783276e+02,3.022544726102175900e+02,2.996179731397697878e+02,3.050747856600777936e+02,3.030731323551260630e+02,1.850792831287368608e+05,1.983906994189980821e+01,2.300194252827510510e+01
1.510000000000000000e+03,7.090000000000000000e+03,2.969271188108359638e+02,3.069719299423591110e+02,3.098345004155410152e+02,3.082520607757962239e+02,3.064490646962956362e+02,2.909463225711092491e+02,3.525667917978033756e+02,2.968782526891197335e+02,2.969393623860113962e+02,3.022820256441850688e+02,2.996535482879997971e+02,3.051144818319781393e+02,3.031099089247434790e+02,1.850483947503853415e+05,1.997418003619889859e+01,2.297550485975630608e+01
1.520000000000000000e+03,7.100000000000000000e+03,2.969816063225936773e+02,3.069271370893794142e+02,3.097413021865639280e+02,3.077916719255097178e+02,3.065455899959288217e+02,2.908107829746648463e+02,3.526075728616315814e+02,2.967997044636066448e+02,2.968621898903036254e+02,3.023084223504640704e+02,2.996887469539607878e+02,3.051531607152307402e+02,3.031454260229365332e+02,1.850190989443834114e+05,2.010735971654877119e+01,2.295041215665312251e+01
1.530000000000000000e+03,7.110000000000000000e+03,2.970357970107109509e+02,3.068819057155323549e+02,3.096519558868336617e+02,3.073415568604332861e+02,3.066592265043645398e+02,2.906781117842381263e+02,3.526437830204378088e+02,2.967228313693335622e+02,2.967866869185972973e+02,3.023337160511012485e+02,2.997236013365144913e+02,3.051908708487944182e+02,3.031797359812209152e+02,1.849913627995193820e+05,2.023859209702977324e+01,2.292662158430362140e+01
1.540000000000000000e+03,7.120000000000000000e+03,2.970896947092733740e+02,3.068363728148574410e+02,3.095663869738708627e+02,3.069014034228216019e+02,3.067894882950941451e+02,2.905483209084823670e+02,3.526754304227527541e+02,2.966476457790213885e+02,2.967128656181347424e+02,3.023579585915650796e+02,2.997581419392354860e+02,3.052276591198135520e+02,3.032128897310911384e+02,1.849651536635456723e+05,2.036786053862140733e+01,2.290409196534102065e+01
1.550000000000000000e+03,7.130000000000000000e+03,2.971433033298515625e+02,3.067906660930281078e+02,3.094845207829653759e+02,3.064709140619014534e+02,3.069359034709378307e+02,2.904214177567985189e+02,3.527025193229967499e+02,2.965741568492445595e+02,2.966407349291861806e+02,3.023812003719625068e+02,2.997923976577476992e+02,3.052635708291722381e+02,3.032449368391366420e+02,1.849404391298438131e+05,2.049514865131198604e+01,2.288278367758441334e+01
1.560000000000000000e+03,7.140000000000000000e+03,2.971966268544923082e+02,3.067449044908274800e+02,3.094062825787090674e+02,3.060498045182794726e+02,3.070980127741348156e+02,2.902974059263239610e+02,3.527250507694196813e+02,2.965023708442564043e+02,2.965703009021248135e+02,3.024034903730081965e+02,2.998263958627778152e+02,3.052986497482765458e+02,3.032759255289369662e+02,1.849171870247721381e+05,2.062044029617673857e+01,2.286265855851599582e+01
1.570000000000000000e+03,7.150000000000000000e+03,2.972496693303984330e+02,3.066991986826879497e+02,3.093315975966434621e+02,3.056378027161862292e+02,3.072753684306120476e+02,2.901762857431384646e+02,3.527430231467291151e+02,2.964322914064694032e+02,2.965015669698627789e+02,3.024248761802246008e+02,2.998601624704474489e+02,3.053329381691266917e+02,3.033059027045251241e+02,1.848953653961288510e+05,2.074371958742405653e+01,2.284367981600039244e+01
1.580000000000000000e+03,7.160000000000000000e+03,2.973024348642968562e+02,3.066536515472915880e+02,3.092603910788990333e+02,3.052346478097173303e+02,3.074675331760543031e+02,2.900580546938880957e+02,3.527564326070502716e+02,2.963639197888210788e+02,2.964345341845785811e+02,3.024454040055426844e+02,2.998937220115799960e+02,3.053664769513458737e+02,3.033349139701333570e+02,1.848749425023994991e+05,2.086497089440969077e+01,2.282581194447070416e+01
1.590000000000000000e+03,7.170000000000000000e+03,2.973549276172031455e+02,3.066083586145091999e+02,3.091925883128137116e+02,3.048400893654161905e+02,3.076740794262685199e+02,2.899427077726147104e+02,3.527652734159271404e+02,2.962972550516952879e+02,2.963692014066995739e+02,3.024651187098240825e+02,2.999270976949176202e+02,3.053993055646580501e+02,3.033630036502258918e+02,1.848558868028567522e+05,2.098417884361852970e+01,2.280902064584746469e+01
1.600000000000000000e+03,7.180000000000000000e+03,2.974071517985234436e+02,3.065634084808802413e+02,3.091281146588493698e+02,3.044538866473774874e+02,3.078945885627375674e+02,2.898302377640650889e+02,3.527695382321631996e+02,2.962322942351637494e+02,2.963055654836412032e+02,3.024840638211734927e+02,2.999603114654765932e+02,3.054314621289461229e+02,3.033902148085829253e+02,1.848381669484289014e+05,2.110132832061386665e+01,2.279327275564866895e+01
1.610000000000000000e+03,7.190000000000000000e+03,2.974591116605859611e+02,3.065188832052689918e+02,3.090668957993158870e+02,3.040758081773560662e+02,3.081286503126113416e+02,2.897206354821738046e+02,3.527692183450811285e+02,2.961690318985907311e+02,2.962436213994930654e+02,3.025022815606196218e+02,2.999933840616812404e+02,3.054629834538670821e+02,3.034165892686903589e+02,1.848217517682095640e+05,2.121640447195371593e+01,2.277853616121614522e+01
1.620000000000000000e+03,7.200000000000000000e+03,2.975108114934531045e+02,3.064748586827727763e+02,3.090088568288990132e+02,3.037056303280927523e+02,3.083758622052973806e+02,2.896138899378127007e+02,3.527643038439182419e+02,2.961074628124483752e+02,2.961833624071906002e+02,3.025198128560959958e+02,3.000263350690010498e+02,3.054939050742268591e+02,3.034421676312586555e+02,1.848066102824095287e+05,2.132939270707410273e+01,2.276477978418104797e+01
1.630000000000000000e+03,7.210000000000000000e+03,2.975622556196640289e+02,3.064314049738721337e+02,3.089539238028327190e+02,3.033431381442950965e+02,3.086358290983265533e+02,2.895099885234216686e+02,3.527547837902404808e+02,2.960475780395307197e+02,2.961247801471701564e+02,3.025366973730274935e+02,3.000591829706422686e+02,3.055242612864163902e+02,3.034669892946955088e+02,1.847927116644849593e+05,2.144027870013904291e+01,2.275197344630451468e+01
1.640000000000000000e+03,7.220000000000000000e+03,2.976134483889218814e+02,3.063885866387197439e+02,3.089020226240830880e+02,3.029881239767490797e+02,3.089081627440961029e+02,2.894089171425613358e+02,3.527406463501995404e+02,2.959893678946208979e+02,2.960678647531819934e+02,3.025529735267605815e+02,3.000919451965356757e+02,3.055540851814153029e+02,3.034910924740037785e+02,1.847800252545664844e+05,2.154904839185687848e+01,2.274008785738652705e+01
1.650000000000000000e+03,7.230000000000000000e+03,2.976643941726484286e+02,3.063464630346442732e+02,3.088530794013156537e+02,3.026403872818289074e+02,3.091924814226746321e+02,2.893106603286987024e+02,3.527218789057486674e+02,2.959328212734570798e+02,2.960126049483107522e+02,3.025686785071215468e+02,3.001246381692603791e+02,3.055834086782713257e+02,3.035145142193360925e+02,1.847685205496561248e+05,2.165568799126287303e+01,2.272909455210514196e+01
1.660000000000000000e+03,7.240000000000000000e+03,2.977150973601875421e+02,3.063050886021659949e+02,3.088070204640502538e+02,3.022997342219780421e+02,3.094884095981332734e+02,2.892152013424520760e+02,3.526984681500703118e+02,2.958779257401237146e+02,2.959589881382155454e+02,3.025838482993307821e+02,3.001572773489019710e+02,3.056122625552690693e+02,3.035372904366824400e+02,1.847581671973773045e+05,2.176018397746779698e+01,2.271896583610740450e+01
1.670000000000000000e+03,7.250000000000000000e+03,2.977655623526562181e+02,3.062645131274894084e+02,3.087637723343694915e+02,3.019659774483902197e+02,3.097955776149484564e+02,2.891225222580322338e+02,3.526704001711880778e+02,2.958246676040449188e+02,2.959070004575334565e+02,3.025985177038115239e+02,3.001898772747793487e+02,3.056406764791904038e+02,3.035594559056489175e+02,1.847489349924736598e+05,2.186252310137222921e+01,2.270967473971788309e+01
1.680000000000000000e+03,7.260000000000000000e+03,2.978157935591328282e+02,3.062247819915107243e+02,3.087232618147590983e+02,3.016389355747699028e+02,3.101136214253808703e+02,2.890326040426759278e+02,3.526376605247876910e+02,2.957730319942781989e+02,2.958566268883593580e+02,3.026127203603825251e+02,3.002224516054049559e+02,3.056686790364267949e+02,3.035810442989068747e+02,1.847407938706738933e+05,2.196269238734640439e+01,2.270119496793101277e+01
1.690000000000000000e+03,7.270000000000000000e+03,2.978657953913984784e+02,3.061859364016614222e+02,3.086854159403355879e+02,3.013184330345966373e+02,3.104421823412607750e+02,2.889454266248473573e+02,3.526002342965443290e+02,2.957230029209682698e+02,2.958078513013667248e+02,3.026264887623347590e+02,3.002550131573087242e+02,3.056962977597255531e+02,3.036020882012423385e+02,1.847337139062279311e+05,2.206067913487543919e+01,2.269350085998772215e+01
1.700000000000000000e+03,7.280000000000000000e+03,2.979155722603204026e+02,3.061480136123067268e+02,3.086501620265792099e+02,3.010042997132714504e+02,3.107809068099911087e+02,2.888609689553285875e+02,3.525581061634612752e+02,2.956745633511341680e+02,2.957606565181457086e+02,3.026398542832124008e+02,3.002875739402344379e+02,3.057235591554090774e+02,3.036226191274088819e+02,1.847276653079181560e+05,2.215647092016959618e+01,2.268656734683682785e+01
1.710000000000000000e+03,7.290000000000000000e+03,2.979651285704297266e+02,3.061110471284365531e+02,3.086174276518884767e+02,3.006963707593873778e+02,3.111294462117884905e+02,2.887792090628821597e+02,3.525112604397937730e+02,2.956276952479690863e+02,2.957150243704609238e+02,3.026528471936852043e+02,3.003201451924285266e+02,3.057504887292965350e+02,3.036426675410296525e+02,1.847226184163685830e+05,2.225005559773952868e+01,2.268036991371713285e+01
1.720000000000000000e+03,7.300000000000000000e+03,2.980144687164062134e+02,3.060750668994082275e+02,3.085871406845123488e+02,3.003944863046603473e+02,3.114874566751473708e+02,2.887001241051440843e+02,3.524596811235453515e+02,2.955823796343963181e+02,2.956709357528860664e+02,3.026654966818949219e+02,3.003527374128837550e+02,3.057771110112557835e+02,3.036622628722293484e+02,1.847185437014521158e+05,2.234142130193620446e+01,2.267488456312018030e+01
1.730000000000000000e+03,7.310000000000000000e+03,2.980629315093203218e+02,3.060325690636364584e+02,3.082743780541070464e+02,3.000322690288975309e+02,3.110038263844983817e+02,2.886069200301762976e+02,3.503548560596403831e+02,2.954400256991925744e+02,2.955298132107751599e+02,3.026724261297193834e+02,3.003800511039277694e+02,3.057972586576799472e+02,3.036760466208133380e+02,1.845412101707208785e+05,4.748955819847182624e+00,2.241718046825596389e+01
1.740000000000000000e+03,7.320000000000000000e+03,2.981102780198281152e+02,3.059804277264754546e+02,3.078825978164504136e+02,2.996613563925913581e+02,3.105666352223245781e+02,2.885060396930772981e+02,3.484406282961155057e+02,2.952806409646892121e+02,2.953716509571173674e+02,3.026740409256833573e+02,3.004025636502616408e+02,3.058109868165868193e+02,3.036843897124952605e+02,1.843659306083722913e+05,4.748955819847182624e+00,2.221408830416879354e+01
1.750000000000000000e+03,7.330000000000000000e+03,2.981564598359374827e+02,3.059174907249965258e+02,3.074698927254607383e+02,2.992850046536073592e+02,3.101467577338194701e+02,2.884003518277568787e+02,3.466356732213114356e+02,2.951104067374059241e+02,2.952026299132413101e+02,3.026706898219363779e+02,3.004208219606609873e+02,3.058187594605157074e+02,3.036876350625403234e+02,1.841925270116404863e+05,4.748955819847182624e+00,2.202889974033513099e+01
1.760000000000000000e+03,7.340000000000000000e+03,2.982014671692343768e+02,3.058435716201923924e+02,3.070531960614733293e+02,2.989055085844920541e+02,3.097353652134712547e+02,2.882910839507309220e+02,3.449104621093149490e+02,2.949324647553093541e+02,2.950258917386910298e+02,3.026626498453842942e+02,3.004352263887749928e+02,3.058209639879883639e+02,3.036860544337606598e+02,1.840209096379209950e+05,4.748955819847182624e+00,2.185269070032701322e+01
1.770000000000000000e+03,7.350000000000000000e+03,2.982453018810468848e+02,3.057589206636465065e+02,3.066376419074089767e+02,2.985244454870320965e+02,3.093296792050522868e+02,2.881787877304435028e+02,3.432518316609130125e+02,2.947485890044795838e+02,2.948432103383791514e+02,3.026501451668638651e+02,3.004460827122236992e+02,3.058179180883084314e+02,3.036798669090105705e+02,1.838510134733290470e+05,4.748955819847182624e+00,2.168295706025387304e+01
1.780000000000000000e+03,7.360000000000000000e+03,2.982879696689140587e+02,3.056639818960404682e+02,3.062248358951229079e+02,2.981429155900555088e+02,3.089288011178796296e+02,2.880637280835438219e+02,3.416523981873364733e+02,2.945598983004402953e+02,2.946557043564538390e+02,3.026333648278848614e+02,3.004536390915786228e+02,3.058098915233385355e+02,3.036692566041776900e+02,1.836827825673870684e+05,4.748955819847182624e+00,2.151878155435337092e+01
1.790000000000000000e+03,7.370000000000000000e+03,2.983294775350780696e+02,3.055592801793920330e+02,3.058152821245743098e+02,2.977617014887981099e+02,3.085324342711656982e+02,2.879460462905569784e+02,3.401071527472979596e+02,2.943671680615256037e+02,2.944641489400065097e+02,3.026124740239171729e+02,3.004581061580798291e+02,3.057971206517837004e+02,3.036543839749196536e+02,1.835161657653482107e+05,4.748955819847182624e+00,2.135968061656512873e+01
1.800000000000000000e+03,7.380000000000000000e+03,2.983698329050156417e+02,3.054453671269277493e+02,3.054091276838414046e+02,2.973813696674770313e+02,3.081404736324782903e+02,2.878258315905193285e+02,3.386122476287031873e+02,2.941709762875363481e+02,2.942691217424135175e+02,3.025876211916221905e+02,3.004596681457823024e+02,3.057798173943602933e+02,3.036353929190260601e+02,1.833511153356804571e+05,4.748955819847182624e+00,2.120531057455314183e+01
1.810000000000000000e+03,7.390000000000000000e+03,2.984090433142968095e+02,3.053227943091814041e+02,3.050064008872645900e+02,2.970023362569472170e+02,3.077528695176297333e+02,2.877031536429469725e+02,3.371645052150722108e+02,2.939717773622958248e+02,2.940710767479006904e+02,3.025589425871893923e+02,3.004584895549666612e+02,3.057581750233555340e+02,3.036124153585997192e+02,1.831875863989046775e+05,4.748955819847182624e+00,2.105538600894289303e+01
1.820000000000000000e+03,7.400000000000000000e+03,2.984471163056718410e+02,3.051920998795169453e+02,3.046070902025899727e+02,2.966249107171000787e+02,3.073695821167517579e+02,2.875780772885577221e+02,3.357611892072888509e+02,2.937699421870275387e+02,2.938703845872346392e+02,3.025265653296677897e+02,3.004547194624706208e+02,3.057323720841319528e+02,3.035855742674883118e+02,1.830255366057975043e+05,4.748955819847182624e+00,2.090965418861499003e+01
1.830000000000000000e+03,7.410000000000000000e+03,2.984840594033359480e+02,3.050538004565257779e+02,3.042111709507306045e+02,2.962493255166128279e+02,3.069905672912234991e+02,2.874506689334988323e+02,3.343998825627073757e+02,2.935657825140499995e+02,2.936673562284802301e+02,3.024906093510725782e+02,3.004484944169046230e+02,3.057025751302621757e+02,3.035549856905782917e+02,1.828649259080542251e+05,4.748955819847182624e+00,2.076788562571233498e+01
1.840000000000000000e+03,7.420000000000000000e+03,2.985198801146718779e+02,3.049083894650224238e+02,3.038186143296556452e+02,2.958757566800308609e+02,3.066157733016254383e+02,2.873209988710044627e+02,3.330784144127310356e+02,2.933595648410628769e+02,2.934622578657817371e+02,3.024511888734547824e+02,3.004399405323072187e+02,3.056689406882358639e+02,3.035207601266223492e+02,1.827057163706868014e+05,4.748955819847182624e+00,2.062986966700536939e+01
1.850000000000000000e+03,7.430000000000000000e+03,2.985545859432812676e+02,3.047563345701510684e+02,3.034293903313966325e+02,2.955043382501158931e+02,3.062451412349690827e+02,2.871891416420493783e+02,3.317948122023491919e+02,2.931515209829647688e+02,2.932553208502373536e+02,3.024084132828006091e+02,3.004291749651936243e+02,3.056316166816969258e+02,3.034830034501953833e+02,1.825478720102081425e+05,4.748955819847182624e+00,2.049541194583392212e+01
1.860000000000000000e+03,7.440000000000000000e+03,2.985881844022656537e+02,3.045980777521025971e+02,3.030434685657641012e+02,2.951351726221907938e+02,3.058786064965060518e+02,2.870551754972448748e+02,3.305472681824479082e+02,2.929418548769169774e+02,2.930467486481371111e+02,3.023623877868626550e+02,3.004163070245278391e+02,3.055907434844076533e+02,3.034418175666536399e+02,1.823913586500594974e+05,4.748955819847182624e+00,2.036433256507624279e+01
1.870000000000000000e+03,7.450000000000000000e+03,2.986206830264999326e+02,3.044340357511240995e+02,3.026608184046394285e+02,2.947683380249040397e+02,3.055161004258491744e+02,2.869191815041759810e+02,3.293341147558056150e+02,2.927307476635793364e+02,2.928367219456354178e+02,3.023132138722057221e+02,3.004014390206734788e+02,3.055464547166753277e+02,3.033973008620250198e+02,1.822361437903166516e+05,4.748955819847182624e+00,2.023646465564164387e+01
1.880000000000000000e+03,7.460000000000000000e+03,2.986520893824452969e+02,3.042646009885345393e+02,3.022814089347673985e+02,2.944038940179374322e+02,3.051575517219077938e+02,2.867812425764610680e+02,3.281538056342262735e+02,2.925183615246764930e+02,2.926254024598869705e+02,3.022609896346921232e+02,3.003846669338330457e+02,3.054988778659540571e+02,3.033495485307343529e+02,1.820821964895248238e+05,4.748955819847182624e+00,2.011165315833816436e+01
1.890000000000000000e+03,7.470000000000000000e+03,2.986824110757343647e+02,3.040901426277744122e+02,3.019052088909326130e+02,2.940418855685878725e+02,3.048028876031813752e+02,2.866414425568454476e+02,3.270049010055084864e+02,2.923048426552895762e+02,2.924129359348057164e+02,3.022058100166563577e+02,3.003660809584910112e+02,3.054481347782058833e+02,3.032986528145632974e+02,1.819294872570555308e+05,4.748955819847182624e+00,1.998975376460141362e+01
1.900000000000000000e+03,7.480000000000000000e+03,2.987116557554999758e+02,3.039110077895781501e+02,3.015321866157267436e+02,2.936823461194171045e+02,3.044520347103139670e+02,2.864998654157872693e+02,3.258860555730307169e+02,2.920903236133327141e+02,2.921994544859141456e+02,3.021477669964829147e+02,3.003457659482035069e+02,3.053943420606924519e+02,3.032447031783028706e+02,1.817779879547117162e+05,4.748955819847182624e+00,1.987063197926217484e+01
1.910000000000000000e+03,7.490000000000000000e+03,2.987398311177578307e+02,3.037275227962201143e+02,3.011623100469070664e+02,2.933252999120123832e+02,3.041049197923600218e+02,2.863565945772877512e+02,3.247960087168040104e+02,2.918749252040170745e+02,2.919850784853811660e+02,3.020869497342568479e+02,3.003238018113212888e+02,3.053376114233262797e+02,3.031877864638147457e+02,1.816276717067433055e+05,4.748955819847182624e+00,1.975416228391453188e+01
1.920000000000000000e+03,7.500000000000000000e+03,2.987669449065625713e+02,3.035399944106891894e+02,3.007955467373835745e+02,2.929707637725444442e+02,3.037614702179294000e+02,2.862117123763933364e+02,3.237335762633379659e+02,2.916587580150613235e+02,2.917699180980534379e+02,3.020234446936228778e+02,3.003002638449637516e+02,3.052780499695423941e+02,3.031279870046202518e+02,1.814785128174254205e+05,4.748955819847182624e+00,1.964022738699268089e+01
1.930000000000000000e+03,7.510000000000000000e+03,2.987930049135234754e+02,3.033487110329361940e+02,3.004318638924349898e+02,2.926187484934550298e+02,3.034216143388927662e+02,2.860652996324366200e+02,3.226976435068025921e+02,2.914419236856603561e+02,2.915540745446610913e+02,3.019573357469119514e+02,3.002752230377212754e+02,3.052157604537670750e+02,3.030653867246854816e+02,1.813304866952482844e+05,4.748955819847182624e+00,1.952871754864136022e+01
1.940000000000000000e+03,7.520000000000000000e+03,2.988180189765156456e+02,3.031539438812955609e+02,3.000712284211180645e+02,2.922692599137224079e+02,3.030852817612069430e+02,2.859174353241538142e+02,3.216871592021022934e+02,2.912245159378389303e+02,2.913376411494440390e+02,3.018887042682354149e+02,3.002487463441428304e+02,3.051508415137237193e+02,3.030000652298193131e+02,1.811835697833733284e+05,4.748955819847182624e+00,1.941952997065486741e+01
1.950000000000000000e+03,7.530000000000000000e+03,2.988419949775469036e+02,3.029559480383883283e+02,2.997136069956542315e+02,2.919222997697078199e+02,3.027524035207774205e+02,2.857681963502181475e+02,3.207011303658225074e+02,2.910066214722756399e+02,2.911207042187875800e+02,3.018176292183115379e+02,3.002208969352478221e+02,3.050833878787987032e+02,3.029320998866518835e+02,1.810377394954944320e+05,4.748955819847182624e+00,1.931256824574380104e+01
1.960000000000000000e+03,7.540000000000000000e+03,2.988649408394687157e+02,3.027549635205550089e+02,2.993589661079851112e+02,2.915778663743025163e+02,3.024229122024817684e+02,2.856176573598682467e+02,3.197386177003437524e+02,2.907883207012374100e+02,2.909033437840401461e+02,3.017441872242083036e+02,3.001917344289965399e+02,3.050134905627078865e+02,3.028615658986100811e+02,1.808929741567542951e+05,4.748955819847182624e+00,1.920774185743621132e+01
1.970000000000000000e+03,7.550000000000000000e+03,2.988868645229688354e+02,3.025512161870014438e+02,2.990072721354001146e+02,2.912359551566060532e+02,3.020967420158830805e+02,2.854658906416038349e+02,3.187987315784434941e+02,2.905696883783484736e+02,2.906856342308234389e+02,3.016684526518528742e+02,3.001613151103697987e+02,3.049412370464141873e+02,3.027885363759629058e+02,1.807492529492571775e+05,4.748955819847182624e+00,1.910496572691204165e+01
1.980000000000000000e+03,7.560000000000000000e+03,2.989077740220624833e+02,3.023449187036553667e+02,2.986584913819314124e+02,2.908965591111237927e+02,3.017738288538018878e+02,2.853129660496468318e+02,3.178806284204376311e+02,2.903507941415535925e+02,2.904676448419428993e+02,3.015904976803959698e+02,3.001296921228223482e+02,3.048667114399284515e+02,3.027130824028429856e+02,1.806065558616088820e+05,4.748955819847182624e+00,1.900415980044732223e+01
1.990000000000000000e+03,7.570000000000000000e+03,2.989276773599686976e+02,3.021362713412728453e+02,2.983125901758793930e+02,2.905596691543062207e+02,3.014541102213739805e+02,2.851589509982333652e+02,3.169835074902841825e+02,2.901317029809436576e+02,2.902494402614951241e+02,3.015103923705655120e+02,3.000969156646654596e+02,3.047899946422272706e+02,3.026352731014700339e+02,1.804648636422397394e+05,4.748955819847182624e+00,1.890524867202286075e+01
2.000000000000000000e+03,7.580000000000000000e+03,2.989465825857890877e+02,3.019254627598487559e+02,2.979695348795082168e+02,2.902252744230987673e+02,3.011375253152174878e+02,2.850039104392967033e+02,3.161066079915785849e+02,2.899124756416698574e+02,2.900310809016345956e+02,3.014282047291636104e+02,3.000630331612272244e+02,3.047111644883397616e+02,3.025551756935672074e+02,1.803241577563824831e+05,4.748955819847182624e+00,1.880816124306479509e+01
2.010000000000000000e+03,7.590000000000000000e+03,2.989644977686406264e+02,3.017126707346816943e+02,2.976292919448750922e+02,2.898933625246434076e+02,3.008240149788042004e+02,2.848479068856719323e+02,3.152492064363737541e+02,2.896931689786210882e+02,2.898126232961948858e+02,3.013440007737860924e+02,3.000280894297551981e+02,3.046302958983668532e+02,3.024728555594161890e+02,1.801844203457529657e+05,4.748955819847182624e+00,1.871283040900459227e+01
2.020000000000000000e+03,7.600000000000000000e+03,2.989814309945547279e+02,3.014980628323700103e+02,2.972918279691267003e+02,2.895639197451285440e+02,3.005135216735254744e+02,2.846910004573425113e+02,3.144106142521928291e+02,2.894738362664790543e+02,2.895941204128491790e+02,3.012578445959981650e+02,2.999921268342978351e+02,3.045474609733130933e+02,3.023883762957601107e+02,1.800456341916469682e+05,4.748955819847182624e+00,1.861919277369264591e+01
2.030000000000000000e+03,7.610000000000000000e+03,2.989973903607655643e+02,3.012817970301051105e+02,2.969571097215051054e+02,2.892369312265623762e+02,3.002059894344493500e+02,2.845332489249510104e+02,3.135901755961937738e+02,2.892545274770044443e+02,2.893756219279329116e+02,3.011697984204115528e+02,2.999551854364859196e+02,3.044627291603572417e+02,3.023017997705659923e+02,1.799077826800152834e+05,4.748955819847182624e+00,1.852718838736704754e+01
2.040000000000000000e+03,7.620000000000000000e+03,2.990123839735703086e+02,3.010640223101058268e+02,2.966251041846724092e+02,2.889123811199298189e+02,2.999013638328902402e+02,2.843747077733294759e+02,3.127872653480231406e+02,2.890352895237866164e+02,2.891571744720372408e+02,3.010799226611666768e+02,2.999173031217276275e+02,3.043761673547138571e+02,3.022131861767751957e+02,1.797708497695819242e+05,4.748955819847182624e+00,1.843676050696322477e+01
2.050000000000000000e+03,7.630000000000000000e+03,2.990264199411015511e+02,3.008448791870455352e+02,2.962957785826836243e+02,2.885902527154002541e+02,2.995995919309786473e+02,2.842154302666590979e+02,3.120012872717385335e+02,2.888161664813575840e+02,2.889388218491787939e+02,3.009882759836020227e+02,2.998785157384748459e+02,3.042878400111455335e+02,3.021225940844933575e+02,1.796348199616311758e+05,4.748955819847182624e+00,1.834785537619072926e+01
2.060000000000000000e+03,7.640000000000000000e+03,2.990395063717422772e+02,3.006245002239387532e+02,2.959691004102390934e+02,2.882705285561590358e+02,2.993006222389196864e+02,2.840554675190074931e+02,3.112316723106063137e+02,2.885971997828291364e+02,2.887206052360321564e+02,3.008949153537705001e+02,2.998388572137973256e+02,3.041978092489981691e+02,3.020300804895532565e+02,1.794996782722668431e+05,4.748955819847182624e+00,1.826042202352510557e+01
2.070000000000000000e+03,7.650000000000000000e+03,2.990516513690703846e+02,3.004030105040257581e+02,2.956450374515802650e+02,2.879531905375171732e+02,2.990044046681425129e+02,2.838948685676534751e+02,3.104778770195553648e+02,2.883784283980434111e+02,2.885025633566946794e+02,3.007998960966961590e+02,2.997983596660163244e+02,3.041061349556480877e+02,3.019357008644831240e+02,1.793654102062034653e+05,4.748955819847182624e+00,1.817441207635546263e+01
2.080000000000000000e+03,7.660000000000000000e+03,2.990628630285859231e+02,3.001805280600934793e+02,2.953235578069234180e+02,2.876382199956804584e+02,2.987108904882831553e+02,2.837336804466519879e+02,3.097393821054973273e+02,2.881598889957506344e+02,2.882847326470175631e+02,3.007032719405103194e+02,2.997570535166029799e+02,3.040128748758885422e+02,3.018395092021847290e+02,1.792320017323881330e+05,4.748955819847182624e+00,1.808977959007071235e+01
2.090000000000000000e+03,7.670000000000000000e+03,2.990731494335859111e+02,2.999571642896465278e+02,2.950046299037143740e+02,2.873255977831719861e+02,2.984200322799551373e+02,2.835719482609152351e+02,3.090156910754709543e+02,2.879416160933483866e+02,2.880671474021006020e+02,3.006050950710375673e+02,2.997149675921290850e+02,3.039180847090561883e+02,3.017415580630893146e+02,1.790994392612519150e+05,4.748955819847182624e+00,1.800648089039973243e+01
2.100000000000000000e+03,7.680000000000000000e+03,2.990825186542422784e+02,2.997330243658192899e+02,2.946882225191221778e+02,2.870153043417840877e+02,2.981317838925825754e+02,2.834097152633660244e+02,3.083063289824789308e+02,2.877236421770817856e+02,2.878498399031614667e+02,3.005054161808958497e+02,2.996721291895380546e+02,3.038218181964313658e+02,3.016418986182032995e+02,1.789677096233825723e+05,4.748955819847182624e+00,1.792447442764146359e+01
2.110000000000000000e+03,7.690000000000000000e+03,2.990909787372499977e+02,2.995082075243300324e+02,2.943743047852170776e+02,2.867073197597644594e+02,2.978461003996632144e+02,2.832470229228711105e+02,3.076108412504474359e+02,2.875059978529354794e+02,2.876328405605632383e+02,3.004042845091553318e+02,2.996285642175290604e+02,3.037241271915549987e+02,3.015405806900880634e+02,1.788368000494011212e+05,4.748955819847182624e+00,1.784372064347152076e+01
2.120000000000000000e+03,7.700000000000000000e+03,2.990985377111952630e+02,2.992828074644447724e+02,2.940628462022118583e+02,2.864016238292930439e+02,2.975629380626784837e+02,2.830839109982865125e+02,3.069287925757863604e+02,2.872887119399471771e+02,2.874161780073088721e+02,3.003017478955862885e+02,2.995842972425281232e+02,3.036250617495326196e+02,3.014376527935709760e+02,1.787066981514086947e+05,4.748955819847182624e+00,1.776418184577134340e+01
2.130000000000000000e+03,7.710000000000000000e+03,2.991052035793750292e+02,2.990569126380968328e+02,2.937538166523426639e+02,2.860981960972470688e+02,2.972822542812851907e+02,2.829204176086271332e+02,3.062597659172457725e+02,2.870718115803074966e+02,2.871998792148309008e+02,3.001978528102403061e+02,2.995393515689354444e+02,3.035246701974009511e+02,3.013331621752886917e+02,1.785773919052434212e+05,4.748955819847182624e+00,1.768582209428740626e+01
2.140000000000000000e+03,7.720000000000000000e+03,2.991109843174140792e+02,2.988306065343738283e+02,2.934471863934438147e+02,2.857970159072432352e+02,2.970040075638562485e+02,2.827565792986845281e+02,3.056033615341285099e+02,2.868553223375203061e+02,2.869839695857048696e+02,3.000926444164937266e+02,2.994937493215902009e+02,3.034229992038098658e+02,3.012271548647057671e+02,1.784488696339401358e+05,4.748955819847182624e+00,1.760860709409809388e+01
2.150000000000000000e+03,7.730000000000000000e+03,2.991163062797421617e+02,2.986058386818534132e+02,2.931428183562204595e+02,2.854974999276834637e+02,2.967273921831813936e+02,2.825922835369162271e+02,3.049561597877089980e+02,2.866390254383665024e+02,2.867682411401277704e+02,2.999885583888174097e+02,2.994492555647086078e+02,3.033224603784809119e+02,3.011223020597279287e+02,1.783212550308310310e+05,4.748955819847182624e+00,1.753212453878477817e+01
2.160000000000000000e+03,7.740000000000000000e+03,2.991207957975703380e+02,2.983807308771341695e+02,2.928405178171598777e+02,2.852002926411620365e+02,2.964532490557069764e+02,2.824277507633976825e+02,3.043211146230685813e+02,2.864233011842113115e+02,2.865530643941793869e+02,2.998831794719599202e+02,2.994040011589547703e+02,3.032206669887856378e+02,3.010159557143549591e+02,1.781944100737061817e+05,4.748955819847182624e+00,1.745688221653756855e+01
2.170000000000000000e+03,7.750000000000000000e+03,2.991244441024375647e+02,2.981553708404740632e+02,2.925404713064152133e+02,2.849053140934889257e+02,2.961814790068217462e+02,2.822629858247323114e+02,3.036977897547611178e+02,2.862080997747765991e+02,2.863383891891276107e+02,2.997765530645511376e+02,2.993580507336599226e+02,3.031176657602926525e+02,3.009081629053399070e+02,1.780683220014167600e+05,4.748955819847182624e+00,1.738273885100895910e+01
2.180000000000000000e+03,7.760000000000000000e+03,2.991272518369765407e+02,2.979298278200805612e+02,2.922427102649469361e+02,2.846125265706613732e+02,2.959120269583960976e+02,2.820980130797899506e+02,3.030858171496131490e+02,2.859934191949549813e+02,2.861242133191329913e+02,2.996687237239482897e+02,2.993114451353948198e+02,3.030135022085946161e+02,3.007989695907448322e+02,1.779429796891078586e+05,4.748955819847182624e+00,1.730963891709531310e+01
2.190000000000000000e+03,7.770000000000000000e+03,2.991292235275781195e+02,2.977041642387666798e+02,2.919472234924633085e+02,2.843219039250539595e+02,2.956448506926641357e+02,2.819328608074106910e+02,3.024848566891876658e+02,2.857792706772111160e+02,2.859105478780205658e+02,2.995597342149180804e+02,2.992642138890796559e+02,3.029082196932240549e+02,3.006884198033370126e+02,1.778183726085203525e+05,4.748955819847182624e+00,1.723754775134265316e+01
2.200000000000000000e+03,7.780000000000000000e+03,2.991303652760077512e+02,2.974784388878747450e+02,2.916539879133238173e+02,2.840334232712014568e+02,2.953799123093180583e+02,2.817675573055846598e+02,3.018945852963182119e+02,2.855656689204359395e+02,2.856974074516490418e+02,2.994496255449240607e+02,2.992163809280062878e+02,3.028018595109966782e+02,3.005765558581501296e+02,1.776944905872140080e+05,4.748955819847182624e+00,1.716643665806524055e+01
2.210000000000000000e+03,7.790000000000000000e+03,2.991306838179062311e+02,2.972527078129527922e+02,2.913629772571370609e+02,2.837470626775981373e+02,2.951171757991307913e+02,2.816021299655099028e+02,3.013146935846282304e+02,2.853526291423397083e+02,2.854848071556612013e+02,2.993384371718869374e+02,2.991679671246251360e+02,3.026944611281713264e+02,3.004634185234946244e+02,1.775713237401809311e+05,4.748955819847182624e+00,1.709627930786017913e+01
2.220000000000000000e+03,7.800000000000000000e+03,2.991301861412734411e+02,2.970270245307230539e+02,2.910741645922656744e+02,2.834628005191203783e+02,2.948566063174827718e+02,2.814366050870460754e+02,3.007448844861092994e+02,2.851401661676085837e+02,2.852727617156958786e+02,2.992262071213612558e+02,2.991189914254788960e+02,3.025860623817810620e+02,3.003490472014765942e+02,1.774488624441700813e+05,4.748955819847182624e+00,1.702705078547328910e+01
2.230000000000000000e+03,7.810000000000000000e+03,2.991288793286484520e+02,2.968014399438438318e+02,2.907875230797902191e+02,2.831806152947018518e+02,2.945981699421539588e+02,2.812710078753146945e+02,3.001848724509293902e+02,2.849282942173643960e+02,2.850612851995942378e+02,2.991129721532320787e+02,2.990694713884305429e+02,3.024766996349754322e+02,3.002334800578551608e+02,1.773270973258065351e+05,4.748955819847182624e+00,1.695872729442777427e+01
2.240000000000000000e+03,7.820000000000000000e+03,2.991267704927735167e+02,2.965760028073812009e+02,2.905030262054571040e+02,2.829004855951498598e+02,2.943418335856327417e+02,2.811053624826233204e+02,2.996343828173812085e+02,2.847170265269859897e+02,2.848503909188009970e+02,2.989987678613043158e+02,2.990194234696274407e+02,3.023664079018105895e+02,3.001167541272178596e+02,1.772060192468696332e+05,4.748955819847182624e+00,1.689128602247803457e+01
2.250000000000000000e+03,7.830000000000000000e+03,2.991238667449764534e+02,2.963507590525289288e+02,2.902206478385291462e+02,2.826223900976377763e+02,2.940875649525463587e+02,2.809396920527577777e+02,2.990931512794253422e+02,2.845063758008033687e+02,2.846400914313203430e+02,2.988836287179877900e+02,2.989688631774344003e+02,3.022552209413648256e+02,2.999989053871074702e+02,1.770856192987817340e+05,4.748955819847182624e+00,1.682470508140486842e+01
2.260000000000000000e+03,7.840000000000000000e+03,2.991201751822110282e+02,2.961257523219466066e+02,2.899403622602327459e+02,2.823463075777455629e+02,2.938353324952622074e+02,2.807740187633476125e+02,2.985609233838848127e+02,2.842963539213788522e+02,2.844303985553420944e+02,2.987675881631323023e+02,2.989178051761226698e+02,3.021431713376222774e+02,2.998799688218080632e+02,1.769658887908122852e+05,4.748955819847182624e+00,1.675896344307790642e+01
2.270000000000000000e+03,7.850000000000000000e+03,2.991157028790390768e+02,2.959010238968707540e+02,2.896621441507786017e+02,2.820722169244480142e+02,2.935851054085144938e+02,2.806083638715352890e+02,2.980374540686952400e+02,2.840869720421076181e+02,2.842213233952768974e+02,2.986506786536590994e+02,2.988662633831736457e+02,3.020302905661606587e+02,2.997599784668562961e+02,1.768468192420465930e+05,4.748955819847182624e+00,1.669404089271223057e+01
2.280000000000000000e+03,7.860000000000000000e+03,2.991104568830937751e+02,2.956766127924891521e+02,2.893859685971959266e+02,2.818000971521464635e+02,2.933368535976932776e+02,2.804427477518876799e+02,2.975225072250696030e+02,2.838782406209502369e+02,2.840128763711730357e+02,2.985329317062087853e+02,2.988142510195540353e+02,3.019166090523786465e+02,2.996389674755047281e+02,1.767284023745688319e+05,4.748955819847182624e+00,1.662991798550870115e+01
2.290000000000000000e+03,7.870000000000000000e+03,2.991044442119843438e+02,2.954525558257965372e+02,2.891118110777456423e+02,2.815299274129784521e+02,2.930905476590851322e+02,2.802771899323665252e+02,2.970158552939207652e+02,2.836701694547521129e+02,2.838050672462985062e+02,2.984143779376911425e+02,2.987617806661298232e+02,3.018021562215249673e+02,2.995169681184401043e+02,1.766106301041077531e+05,4.748955819847182624e+00,1.656657600683645981e+01
2.300000000000000000e+03,7.880000000000000000e+03,2.990976718507656074e+02,2.952288877219058350e+02,2.888396474616753267e+02,2.812616870066310071e+02,2.928461588533099871e+02,2.801117091307305600e+02,2.965172788802811965e+02,2.834627677013339166e+02,2.835979051578536314e+02,2.982950470997382126e+02,2.987088643079043209e+02,3.016869605445542675e+02,2.993940118462795112e+02,1.764934945340839913e+05,4.748955819847182624e+00,1.650399693473635665e+01
2.310000000000000000e+03,7.890000000000000000e+03,2.990901467493984569e+02,2.950056411895394035e+02,2.885694540035524369e+02,2.809953553908054005e+02,2.926036590931940395e+02,2.799463232877358791e+02,2.960265663797554794e+02,2.832560439178441811e+02,2.833913986473801856e+02,2.981749681093763229e+02,2.986555133737430197e+02,3.015710495791510652e+02,2.992701293094023072e+02,1.763769879486223799e+05,4.748955819847182624e+00,1.644216340539977139e+01
2.320000000000000000e+03,7.900000000000000000e+03,2.990818758216796596e+02,2.947828470251910176e+02,2.883012073326644895e+02,2.807309121890900769e+02,2.923630209219029439e+02,2.797810495996352529e+02,2.955435136303452737e+02,2.830500060783926415e+02,2.831855556851152755e+02,2.980541690784733078e+02,2.986017387725878507e+02,3.014544500072693154e+02,2.991453503838349661e+02,1.762611028051752655e+05,4.748955819847182624e+00,1.638105868008753774e+01
2.330000000000000000e+03,7.910000000000000000e+03,2.990728659431952678e+02,2.945605341954768051e+02,2.880348844540393429e+02,2.804683371984028213e+02,2.921242174936524520e+02,2.796159045485407546e+02,2.950679236038086515e+02,2.828446616080971694e+02,2.829803836997302255e+02,2.979326773399641866e+02,2.985475509258457691e+02,3.013371876706445391e+02,2.990197041952563382e+02,1.761458317299688642e+05,4.748955819847182624e+00,1.632066661525295004e+01
2.340000000000000000e+03,7.920000000000000000e+03,2.990631239504375003e+02,2.943387299300183599e+02,2.877704627679516989e+02,2.802076103954979089e+02,2.918872225120158532e+02,2.794509039373471637e+02,2.945996060760219279e+02,2.826400174031238066e+02,2.827758896273001028e+02,2.978105194730066501e+02,2.984929597943131512e+02,3.012192876034205256e+02,2.988932191505438141e+02,1.760311675124284229e+05,4.748955819847182624e+00,1.626097163297827564e+01
2.350000000000000000e+03,7.930000000000000000e+03,2.990526566396015369e+02,2.941174598026656213e+02,2.875079199282614582e+02,2.799487119415032907e+02,2.916520103957477090e+02,2.792860628968686001e+02,2.941383773387076985e+02,2.824360798660987371e+02,2.825720798374101719e+02,2.976877213269030449e+02,2.984379749104755319e+02,3.011007740629520981e+02,2.987659229426562320e+02,1.759171030932049616e+05,4.748955819847182624e+00,1.620195869561037938e+01
2.360000000000000000e+03,7.940000000000000000e+03,2.990414707649140382e+02,2.938967478036379930e+02,2.872472340745850943e+02,2.796916221891174814e+02,2.914185559645342778e+02,2.791213959371058309e+02,2.936840599254026642e+02,2.822328549173457759e+02,2.823689603127908754e+02,2.975643080420991282e+02,2.983826053998015482e+02,3.009816705587555248e+02,2.986378425857981256e+02,1.758036315701126296e+05,4.748955819847182624e+00,1.614361327787156242e+01
2.370000000000000000e+03,7.950000000000000000e+03,2.990295730385078059e+02,2.936766164378517487e+02,2.869883835971289727e+02,2.794363216835837989e+02,2.911868346820244824e+02,2.789569169606406263e+02,2.932364823514780028e+02,2.820303480239190321e+02,2.821665365349949184e+02,2.974403040733246826e+02,2.983268600048685926e+02,3.008619998802163877e+02,2.985090044286361035e+02,1.756907461827390362e+05,4.748955819847182624e+00,1.608592134533866513e+01
2.380000000000000000e+03,7.960000000000000000e+03,2.990169701289140676e+02,2.934570867826735707e+02,2.867313472868607960e+02,2.791827911690731980e+02,2.909568224841133315e+02,2.787926392907940567e+02,2.927954788390778162e+02,2.818285642207466140e+02,2.819648135930796116e+02,2.973157332084591076e+02,2.982707471071536247e+02,3.007417841230010254e+02,2.983794341731605186e+02,1.755784403142055962e+05,4.748955819847182624e+00,1.602886933016359805e+01
2.390000000000000000e+03,7.970000000000000000e+03,2.990036686610860102e+02,2.932381785585469629e+02,2.864761042662862565e+02,2.789310115911133607e+02,2.907284958385550340e+02,2.786285756908608278e+02,2.923608890773014650e+02,2.816275081428878480e+02,2.817637961611907826e+02,2.971906185891743348e+02,2.982142747473950521e+02,3.006210447134925516e+02,2.982491568995918101e+02,1.754667074841478025e+05,4.748955819847182624e+00,1.597244411056381175e+01
2.400000000000000000e+03,7.980000000000000000e+03,2.989896752149921895e+02,2.930199102103928794e+02,2.862226339279082481e+02,2.786809640962942467e+02,2.905018317185139267e+02,2.784647383877947959e+02,2.919325580895726375e+02,2.814271839950573622e+02,2.815634885255264521e+02,2.970649827294115539e+02,2.981574506453556523e+02,3.004998024326966970e+02,2.981181970699482804e+02,1.753555413418128155e+05,4.748955819847182624e+00,1.591663299172894419e+01
2.410000000000000000e+03,7.990000000000000000e+03,2.989749963252656926e+02,2.928022989610325340e+02,2.859709160544483098e+02,2.784326300370734089e+02,2.902768075689744478e+02,2.783011390937920169e+02,2.915103358551890551e+02,2.812275956453293588e+02,2.813638946077271612e+02,2.969388475329845960e+02,2.981002822163739552e+02,3.003780774390760939e+02,2.979865785543215111e+02,1.752449356664471561e+05,4.748955819847182624e+00,1.586142368460451380e+01
2.420000000000000000e+03,8.000000000000000000e+03,2.989596384812265910e+02,2.925853608781073945e+02,2.857209307202018636e+02,2.781859909729759579e+02,2.900534013107905480e+02,2.781377890261641141e+02,2.910940772323514807e+02,2.810287465950476076e+02,2.811650179788125001e+02,2.968122343118780009e+02,2.980427765892122807e+02,3.002558892904266372e+02,2.978543246483093867e+02,1.751348843611892080e+05,4.748955819847182624e+00,1.580680429008335253e+01
2.430000000000000000e+03,8.010000000000000000e+03,2.989436081250469215e+02,2.923691109260462895e+02,2.854726583062430905e+02,2.779410286714144149e+02,2.898315913307899905e+02,2.779746989263070986e+02,2.906836417035641489e+02,2.808306400016036264e+02,2.809668618773554272e+02,2.966851638039235581e+02,2.979849406213332941e+02,3.001332569641273835e+02,2.977214580786828719e+02,1.750253814477953129e+05,4.748955819847182624e+00,1.575276328101414158e+01
2.440000000000000000e+03,8.020000000000000000e+03,2.989269116532109365e+02,2.921535630315863159e+02,2.852260795168263030e+02,2.776977251083624765e+02,2.896113564344799443e+02,2.778118790786250543e+02,2.902788932144300702e+02,2.806332787104081490e+02,2.807694292250712351e+02,2.965576561859391518e+02,2.979267809133892797e+02,3.000101988775280688e+02,2.975880010307301973e+02,1.749164210655092320e+05,4.748955819847182624e+00,1.569928948622959730e+01
2.450000000000000000e+03,8.030000000000000000e+03,2.989095554145468441e+02,2.919387301275374398e+02,2.849811753404978845e+02,2.774560624690589066e+02,2.893926758823503746e+02,2.776493393279449720e+02,2.898796999869467186e+02,2.804366652499031716e+02,2.805727226422633294e+02,2.964297310927214539e+02,2.978683038229314661e+02,2.998867329068935987e+02,2.974539751510012593e+02,1.748079974653974641e+05,4.748955819847182624e+00,1.564637207591280266e+01
2.460000000000000000e+03,8.040000000000000000e+03,2.988915457118828272e+02,2.917246242068730453e+02,2.847379270635875628e+02,2.772160231480794437e+02,2.891755293520506598e+02,2.774870890963596821e+02,2.894859343531227296e+02,2.802408018559523839e+02,2.803767444621403229e+02,2.963014076309951861e+02,2.978095154783032399e+02,2.997628764054194903e+02,2.973194015686823377e+02,1.747001050081057765e+05,4.748955819847182624e+00,1.559400054690631876e+01
2.470000000000000000e+03,8.050000000000000000e+03,2.988728887992187992e+02,2.915112563701153476e+02,2.844963162675726949e+02,2.769775897492847321e+02,2.889598969205167691e+02,2.773251373998331815e+02,2.890974725942649570e+02,2.800456904894592185e+02,2.801814967446011906e+02,2.961727043941613147e+02,2.977504217897457579e+02,2.996386462210726336e+02,2.971843009065486854e+02,1.745927381603769609e+05,4.748955819847182624e+00,1.554216470904303371e+01
2.480000000000000000e+03,8.060000000000000000e+03,2.988535908838671844e+02,2.912986368679879092e+02,2.842563248134410969e+02,2.767407450856850346e+02,2.887457590689336371e+02,2.771634928633172308e+02,2.887141947876038444e+02,2.798513328429537523e+02,2.799869812891440120e+02,2.960436394767381216e+02,2.976910284618154492e+02,2.995140587132519272e+02,2.970486932940410156e+02,1.744858914917654474e+05,4.748955819847182624e+00,1.549085467243389225e+01
2.490000000000000000e+03,8.070000000000000000e+03,2.988336581252031010e+02,2.910867751511559050e+02,2.840179348395937495e+02,2.765054721786393088e+02,2.885330966626888198e+02,2.770021637345345766e+02,2.883359846606890073e+02,2.796577303560196697e+02,2.797931996472593710e+02,2.959142304924136511e+02,2.976313410036528921e+02,2.993891297691342288e+02,2.969125983806772524e+02,1.743795596717475855e+05,4.748955819847182624e+00,1.544006083507426652e+01
2.500000000000000000e+03,8.080000000000000000e+03,2.988130966348125526e+02,2.908756799097611179e+02,2.837811287613620834e+02,2.762717542574545746e+02,2.883218909441736173e+02,2.768411579015184429e+02,2.879627294519722227e+02,2.794648842278320444e+02,2.796001531345449962e+02,2.957844945719717202e+02,2.975713647400671107e+02,2.992638748191275795e+02,2.967760353469970482e+02,1.742737374670056161e+05,4.748955819847182624e+00,1.538977387144650422e+01
2.510000000000000000e+03,8.090000000000000000e+03,2.987919124765000447e+02,2.906653593529078421e+02,2.835458891643718289e+02,2.760395747574058305e+02,2.881121234498434092e+02,2.766804829028220070e+02,2.875943197155232269e+02,2.792727954277386857e+02,2.794078428402669374e+02,2.956544483997628276e+02,2.975111048260436633e+02,2.991383089463371903e+02,2.966390229287889611e+02,1.741684197351646435e+05,4.748955819847182624e+00,1.533998471689737464e+01
2.520000000000000000e+03,8.100000000000000000e+03,2.987701116661952483e+02,2.904558202452597584e+02,2.833121992010796930e+02,2.758089173218668861e+02,2.879037762850813351e+02,2.765201459423358870e+02,2.872306494402723729e+02,2.790814647054197621e+02,2.792162696416038443e+02,2.955241082056779760e+02,2.974505662351672299e+02,2.990124464998564804e+02,2.965015793835625573e+02,1.740636014351634076e+05,4.748955819847182624e+00,1.529068457371914036e+01
2.530000000000000000e+03,8.110000000000000000e+03,2.987477001719765894e+02,2.902470695338799374e+02,2.830800419360159594e+02,2.755797657971162948e+02,2.876968316841864635e+02,2.763601539010545594e+02,2.868716155616214110e+02,2.788908926031124338e+02,2.790254342103646081e+02,2.953934897886516637e+02,2.973897537957008126e+02,2.988863017543367846e+02,2.963637225749767481e+02,1.739592776051633409e+05,4.748955819847182624e+00,1.524186487842665017e+01
2.540000000000000000e+03,8.120000000000000000e+03,2.987246839140936459e+02,2.900391131188559370e+02,2.828494008597337483e+02,2.753521042312481200e+02,2.874912723153414618e+02,2.762005133496550684e+02,2.865171180943063973e+02,2.787010794636753417e+02,2.788353370285396409e+02,2.952626085270884460e+02,2.973286721840298696e+02,2.987598884515217605e+02,2.962254699141424794e+02,1.738554433739068918e+05,4.748955819847182624e+00,1.519351730616032725e+01
2.550000000000000000e+03,8.130000000000000000e+03,2.987010687649843135e+02,2.898319564270104252e+02,2.826202596722774842e+02,2.751259168787858016e+02,2.872870811473196113e+02,2.760412305603140908e+02,2.861670599573828326e+02,2.785120254424714972e+02,2.786459783910219130e+02,2.951314793839936783e+02,2.972673259327461324e+02,2.986332199476996720e+02,2.960868384179780719e+02,1.737520939538610983e+05,4.748955819847182624e+00,1.514563375831144221e+01
2.560000000000000000e+03,8.140000000000000000e+03,2.986768605500312219e+02,2.896256043503766477e+02,2.823926023146498778e+02,2.749011881910334978e+02,2.870842414771203721e+02,2.758823115169521429e+02,2.858213468590947173e+02,2.783237305144601805e+02,2.784573584148885743e+02,2.950001169257977267e+02,2.972057194408973828e+02,2.985063092264535953e+02,2.959478446935603984e+02,1.736492246395839902e+05,4.748955819847182624e+00,1.509820635389648480e+01
2.570000000000000000e+03,8.150000000000000000e+03,2.986520650460860224e+02,2.894200612174446405e+02,2.821664129739760938e+02,2.746779028187656877e+02,2.868827369155615656e+02,2.757237619264243449e+02,2.854798872082052412e+02,2.781361944820682197e+02,2.782694770502843653e+02,2.948685353323570553e+02,2.971438569792929343e+02,2.983791689073842122e+02,2.958085049583241926e+02,1.735468308054202353e+05,4.748955819847182624e+00,1.505122742176553707e+01
2.580000000000000000e+03,8.160000000000000000e+03,2.986266879834531665e+02,2.892153308724837757e+02,2.819416760693972037e+02,2.744560456094501433e+02,2.866825513772864156e+02,2.755655872276801119e+02,2.851425920132727470e+02,2.779494169847927765e+02,2.780823340875928125e+02,2.947367484026568718e+02,2.970817426973613351e+02,2.982518112584217533e+02,2.956688350450374969e+02,1.734449079035717295e+05,4.748955819847182624e+00,1.500468949266728558e+01
2.590000000000000000e+03,8.170000000000000000e+03,2.986007350449140176e+02,2.890114166640967710e+02,2.817183762549096855e+02,2.742356016063426409e+02,2.864836690750554453e+02,2.754077926049180860e+02,2.848093747910601792e+02,2.777633975070096994e+02,2.778959291657273525e+02,2.946047695664254888e+02,2.970193806281270099e+02,2.981242482062339150e+02,2.955288504146897139e+02,1.733434514620376867e+05,4.748955819847182624e+00,1.495858529203796650e+01
2.600000000000000000e+03,8.180000000000000000e+03,2.985742118663984002e+02,2.888083215036210731e+02,2.814964984060628126e+02,2.740165560454985894e+02,2.862860745098798816e+02,2.752503829925794889e+02,2.844801514766037940e+02,2.775781353848319100e+02,2.777102617785993743e+02,2.944726118911335675e+02,2.969567746949770708e+02,2.979964913468303394e+02,2.953885661638329907e+02,1.732424570822961105e+05,4.748955819847182624e+00,1.491290773264636726e+01
2.610000000000000000e+03,8.190000000000000000e+03,2.985471240368046324e+02,2.886060478749912477e+02,2.812760276209996277e+02,2.737988943545230427e+02,2.860897524648268018e+02,2.750933630869474200e+02,2.841548403388451334e+02,2.773936298133887135e+02,2.775253312830474783e+02,2.943402881070799140e+02,2.968939287167307270e+02,2.978685519561400952e+02,2.952479970321537621e+02,1.731419204381815798e+05,4.748955819847182624e+00,1.486764990796215002e+01
2.620000000000000000e+03,8.200000000000000000e+03,2.985194770983359263e+02,2.884045978570905504e+02,2.810569492124090516e+02,2.735826021499458420e+02,2.858946879965014318e+02,2.749367373539756159e+02,2.838333618985667499e+02,2.772098798534884736e+02,2.773411369038349790e+02,2.942078105971840500e+02,2.968308464125490787e+02,2.977404409991410716e+02,2.951071574214035422e+02,1.730418372732043790e+05,4.748955819847182624e+00,1.482280508557765053e+01
2.630000000000000000e+03,8.210000000000000000e+03,2.984912765472499814e+02,2.882039731432636813e+02,2.808392487121505496e+02,2.733676652360013577e+02,2.857008664326731378e+02,2.747805100384414914e+02,2.835156388530711524e+02,2.770268844385221882e+02,2.771576777420318649e+02,2.940751914117722663e+02,2.967675314071057642e+02,2.976121691402100851e+02,2.949660613816586192e+02,1.729422033994634403e+05,4.748955819847182624e+00,1.477836670136167108e+01
2.640000000000000000e+03,8.220000000000000000e+03,2.984625278331014897e+02,2.880041750700684133e+02,2.806229118564974101e+02,2.731540696020837231e+02,2.855082733603519500e+02,2.746246851713491992e+02,2.832015959984401547e+02,2.768446423804184633e+02,2.769749527796997199e+02,2.939424422828964794e+02,2.967039872339763065e+02,2.974837467513416982e+02,2.948247226390987521e+02,1.728430146955501114e+05,4.748955819847182624e+00,1.473432835333451862e+01
2.650000000000000000e+03,8.230000000000000000e+03,2.984332363598827556e+02,2.878052046246524469e+02,2.804079245864570566e+02,2.729418014196803597e+02,2.853168946219616942e+02,2.744692665779089680e+02,2.828911601588816893e+02,2.766631523750533574e+02,2.767929608854210528e+02,2.938095746287349925e+02,2.966402173410085084e+02,2.973551839211738184e+02,2.946831546049326676e+02,1.727442671050242789e+05,4.748955819847182624e+00,1.469068379600547658e+01
2.660000000000000000e+03,8.240000000000000000e+03,2.984034074856641610e+02,2.876070624771971893e+02,2.801942730485466768e+02,2.727308470435726804e+02,2.851267163090814165e+02,2.743142578846693596e+02,2.825842601197660429e+02,2.764824130086207674e+02,2.766117008211910502e+02,2.936765995662460682e+02,2.965762250936155056e+02,2.972264904643504906e+02,2.945413703609643221e+02,1.726459566352346446e+05,4.748955819847182624e+00,1.464742693526187267e+01
2.670000000000000000e+03,8.250000000000000000e+03,2.983730465234453391e+02,2.874097489817434621e+02,2.799819435829578538e+02,2.725211930050905380e+02,2.849377247562013622e+02,2.741596625271221797e+02,2.822808265593921533e+02,2.763024227626448237e+02,2.764311712464841548e+02,2.935435279001196704e+02,2.965120137828777729e+02,2.970976759283012143e+02,2.943993826914503416e+02,1.725480793546992936e+05,4.748955819847182624e+00,1.460455182301842925e+01
2.680000000000000000e+03,8.260000000000000000e+03,2.983421587409062568e+02,2.872132642102998830e+02,2.797709227262526497e+02,2.723128260135704863e+02,2.847499065349782086e+02,2.740054837561982026e+02,2.819807919878160192e+02,2.761231800191366688e+02,2.762513707233921991e+02,2.934103701622349831e+02,2.964475866191168052e+02,2.969687496021136894e+02,2.942572040790987558e+02,1.724506313931364275e+05,4.748955819847182624e+00,1.456205265239342772e+01
2.690000000000000000e+03,8.270000000000000000e+03,2.983107493607266179e+02,2.870176079599248737e+02,2.795611972047324230e+02,2.721057329524418265e+02,2.845632484486756653e+02,2.738517246449766276e+02,2.816840906851511477e+02,2.759446830656279985e+02,2.760722977220856933e+02,2.932771365920389712e+02,2.963829467445735872e+02,2.968397205240835888e+02,2.941148467100859989e+02,1.723536089388535183e+05,4.748955819847182624e+00,1.451992375301875526e+01
2.700000000000000000e+03,8.280000000000000000e+03,2.982788235613437564e+02,2.868227797598503344e+02,2.793527539234290771e+02,2.718999008717340757e+02,2.843777375262030773e+02,2.736983880907249613e+02,2.813906586430230163e+02,2.757669300998947506e+02,2.758939506227634411e+02,2.931438371610552736e+02,2.963180972339206392e+02,2.967105974885275828e+02,2.939723225202553181e+02,1.722570082377914223e+05,4.748955819847182624e+00,1.447815958613532494e+01
2.710000000000000000e+03,8.290000000000000000e+03,2.982463864768828330e+02,2.866287788901607883e+02,2.791455799958873172e+02,2.716953170077656523e+02,2.841933610179639231e+02,2.735454768386407522e+02,2.811004335102839491e+02,2.755899192337398631e+02,2.757163277263092596e+02,2.930104815748534861e+02,2.962530410950811870e+02,2.965813890533247559e+02,2.938296430801660790e+02,1.721608255927294667e+05,4.748955819847182624e+00,1.443675474159333660e+01
2.720000000000000000e+03,8.300000000000000000e+03,2.982134431974765221e+02,2.864356044093119635e+02,2.789396626896610201e+02,2.714919687493600122e+02,2.840101063893410469e+02,2.733929934613282740e+02,2.808133545378361760e+02,2.754136484985569950e+02,2.755394272515690091e+02,2.928770792773005383e+02,2.961877812754448769e+02,2.964521035484295908e+02,2.936868197698989320e+02,1.720650573611051368e+05,4.748955819847182624e+00,1.439570393205158361e+01
2.730000000000000000e+03,8.310000000000000000e+03,2.981799987696562653e+02,2.862432551598731152e+02,2.787349894582719685e+02,2.712898436550401016e+02,2.838279613166062632e+02,2.732409403817171665e+02,2.805293625271784208e+02,2.752381158484906791e+02,2.753632473423824649e+02,2.927436394423878028e+02,2.961223206626236220e+02,2.963227490764467689e+02,2.935438636756917958e+02,1.719696999536546355e+05,4.748955819847182624e+00,1.435500198984993148e+01
2.740000000000000000e+03,8.320000000000000000e+03,2.981460581965234269e+02,2.860517297679274975e+02,2.785315479303694133e+02,2.710889294481070806e+02,2.836469136817426602e+02,2.730893198749221256e+02,2.802483997816542569e+02,2.750633191648008733e+02,2.751877860713130417e+02,2.926101710168911723e+02,2.960566620872855879e+02,2.961933335270422276e+02,2.934007856233990310e+02,1.718747498344198975e+05,4.748955819847182624e+00,1.431464386320548066e+01
2.750000000000000000e+03,8.330000000000000000e+03,2.981116264384375540e+02,2.858610266661312949e+02,2.783293259039774625e+02,2.708892140127025527e+02,2.834669515676715719e+02,2.729381340725922200e+02,2.799704100581400326e+02,2.748892562591679507e+02,2.750130414431092731e+02,2.924766827013447141e+02,2.959908083255639326e+02,2.960638645787474843e+02,2.932575961848401107e+02,1.717802035185459827e+05,4.748955819847182624e+00,1.427462461246189562e+01
2.760000000000000000e+03,8.340000000000000000e+03,2.980767084127969042e+02,2.856711441070533510e+02,2.781283113449501911e+02,2.706906853920864364e+02,2.832880632540180841e+02,2.727873849687981647e+02,2.796953385212383409e+02,2.747159248778237384e+02,2.748390113982305820e+02,2.923431829605395365e+02,2.959247621016570520e+02,2.959343497054233580e+02,2.931143056837300378e+02,1.716860575715460000e+05,4.748955819847182624e+00,1.423493940662820911e+01
2.770000000000000000e+03,8.350000000000000000e+03,2.980413089949140044e+02,2.854820801608864826e+02,2.779284923831932588e+02,2.704933317861191995e+02,2.831102372123615396e+02,2.726370744240558111e+02,2.794231316992825782e+02,2.745433227046481193e+02,2.746656938160620030e+02,2.922096800241477013e+02,2.958585260900811136e+02,2.958047961886476287e+02,2.929709242011025481e+02,1.715923086078033084e+05,4.748955819847182624e+00,1.419558351999869572e+01
2.780000000000000000e+03,8.360000000000000000e+03,2.980054330176250232e+02,2.852938327550381814e+02,2.777298573113035900e+02,2.702971415502952937e+02,2.829334621020358895e+02,2.724872041712200144e+02,2.791537374419760908e+02,2.743714473645850376e+02,2.744930865184148274e+02,2.920761819085678894e+02,2.957921029167734446e+02,2.956752110993875249e+02,2.928274615819543101e+02,1.714989532902051287e+05,4.748955819847182624e+00,1.415655232896703808e+01
2.790000000000000000e+03,8.370000000000000000e+03,2.979690852725077548e+02,2.851063994464338975e+02,2.775323950899626197e+02,2.701021035820826341e+02,2.827577267661554288e+02,2.723377761504233945e+02,2.788871048793848217e+02,2.742002964334021726e+02,2.743211873035062354e+02,2.919426964078159585e+02,2.957254951623005468e+02,2.955455996533954703e+02,2.926839274384894338e+02,1.714059883410924813e+05,4.748955819847182624e+00,1.411784133018516485e+01
2.800000000000000000e+03,8.380000000000000000e+03,2.979322705093827608e+02,2.849197780577139270e+02,2.773360931794368298e+02,2.699082057397283165e+02,2.825830202270343534e+02,2.721887911778299554e+02,2.786231843825134433e+02,2.740298674227195761e+02,2.741499938460081580e+02,2.918092311031235226e+02,2.956587053555696798e+02,2.954159723594955267e+02,2.925403311484683400e+02,1.713134104909021116e+05,4.748955819847182624e+00,1.407944605676300398e+01
2.810000000000000000e+03,8.390000000000000000e+03,2.978949934374297186e+02,2.847339661140719613e+02,2.771409410379547467e+02,2.697154372228428656e+02,2.824093316828808042e+02,2.720402509552238826e+02,2.783619275262407200e+02,2.738601577956751498e+02,2.739795038104138598e+02,2.916757933725975249e+02,2.955917359973994962e+02,2.952863335280675301e+02,2.923966818875888976e+02,1.712212165533978259e+05,4.748955819847182624e+00,1.404136218549173876e+01
2.820000000000000000e+03,8.400000000000000000e+03,2.978572587248828540e+02,2.845489609642617665e+02,2.769469275386485378e+02,2.695237870041011092e+02,2.822366505034333386e+02,2.718921567602977234e+02,2.781032870515372792e+02,2.736911649707820402e+02,2.738097148209048441e+02,2.915423903937114574e+02,2.955245895429193297e+02,2.951566895452064045e+02,2.922529886083230508e+02,1.711294033737526333e+05,4.748955819847182624e+00,1.400358547489374139e+01
2.830000000000000000e+03,8.410000000000000000e+03,2.978190709996640066e+02,2.843647598289322787e+02,2.767540417271136448e+02,2.693332441830875155e+02,2.820649662262660513e+02,2.717445097504615319e+02,2.778472168312548547e+02,2.735228863231955643e+02,2.736406244566513237e+02,2.914090291465025757e+02,2.954572684063747374e+02,2.950270466307268862e+02,2.921092600499225682e+02,1.710379678403240396e+05,4.748955819847182624e+00,1.396611176859632586e+01
2.840000000000000000e+03,8.420000000000000000e+03,2.977804348495467934e+02,2.841813598068033002e+02,2.765622728015168263e+02,2.691437979979014017e+02,2.818942685531478674e+02,2.715973109774715795e+02,2.775936718357819473e+02,2.733553191861225855e+02,2.734722302538656891e+02,2.912757164207762912e+02,2.953897749650256515e+02,2.948974108431480090e+02,2.919655047442720956e+02,1.709469068837662053e+05,4.748955819847182624e+00,1.392893699466665680e+01
2.850000000000000000e+03,8.430000000000000000e+03,2.977413548226327862e+02,2.839987579243573919e+02,2.763716101057277683e+02,2.689554378260330054e+02,2.817245473472178219e+02,2.714505613928612320e+02,2.773426081008024084e+02,2.731884608532985226e+02,2.733045297092592136e+02,2.911424588201626875e+02,2.953221115585708390e+02,2.947677880557578760e+02,2.918217310231522106e+02,1.708562174763544172e+05,4.748955819847182624e+00,1.389205716373964705e+01
2.860000000000000000e+03,8.440000000000000000e+03,2.977018354274843546e+02,2.838169510841933629e+02,2.761820431253079278e+02,2.687681531841105311e+02,2.815557926277450065e+02,2.713042618520186124e+02,2.770939826955739704e+02,2.730223085814674278e+02,2.731375202822950428e+02,2.910092627604204836e+02,2.952542804922136952e+02,2.946381840068953011e+02,2.916779470199527964e+02,1.707658966308179952e+05,4.748955819847182624e+00,1.385546836679852944e+01
2.870000000000000000e+03,8.450000000000000000e+03,2.976618811337421562e+02,2.836359361084734587e+02,2.759935614845277883e+02,2.685819337243105451e+02,2.813879945691897433e+02,2.711584131176555275e+02,2.768477536927951519e+02,2.728568595919876998e+02,2.729711993975515156e+02,2.908761344900543122e+02,2.951862840382487434e+02,2.945086042705722207e+02,2.915341606760456443e+02,1.706759413999774551e+05,4.748955819847182624e+00,1.381916677295402707e+01
2.880000000000000000e+03,8.460000000000000000e+03,2.976214963723593883e+02,2.834557097347102967e+02,2.758061549444494744e+02,2.683967692337023436e+02,2.812211434965070680e+02,2.710130158630113328e+02,2.766038801396572921e+02,2.726921110734242006e+02,2.728055644469699246e+02,2.907430800759215686e+02,2.951181244354207820e+02,2.943790542748504322e+02,2.913903797444039014e+02,1.705863488755214785e+05,4.748955819847182624e+00,1.378314862727130574e+01
2.890000000000000000e+03,8.470000000000000000e+03,2.975806855357890868e+02,2.832762686243248709e+02,2.756198133964631438e+02,2.682126496296715459e+02,2.810552298823116075e+02,2.708680706745778366e+02,2.763623220277524410e+02,2.725280601832815819e+02,2.726406127921246707e+02,2.906101054279297955e+02,2.950498038917833128e+02,2.942495393030404784e+02,2.912466117939358128e+02,1.704971161874159006e+05,4.748955819847182624e+00,1.374741024856514926e+01
2.900000000000000000e+03,8.480000000000000000e+03,2.975394529782499831e+02,2.830976093581565465e+02,2.754345268670955420e+02,2.680295649623084273e+02,2.808902443435868008e+02,2.707235780557942917e+02,2.761230402689197945e+02,2.723647040504339429e+02,2.724763417655752278e+02,2.904772162794341170e+02,2.949813245850054386e+02,2.941200645038233006e+02,2.911028642134510847e+02,1.704082405031635426e+05,4.748955819847182624e+00,1.371194802752935971e+01
2.910000000000000000e+03,8.490000000000000000e+03,2.974978030164375582e+02,2.829197284553258669e+02,2.752502855101577666e+02,2.678475054089434479e+02,2.807261776390560613e+02,2.705795384295640247e+02,2.758859966666913124e+02,2.722020397767784630e+02,2.723127486733507112e+02,2.903444182092594588e+02,2.949126886636879590e+02,2.939906348845834714e+02,2.909591442160320867e+02,1.703197190270624997e+05,4.748955819847182624e+00,1.367675842468785419e+01
2.920000000000000000e+03,8.500000000000000000e+03,2.974557399296094218e+02,2.827426223731338268e+02,2.750670796054923244e+02,2.676664612729480268e+02,2.805630206658212273e+02,2.704359521411280411e+02,2.756511538911429398e+02,2.720400644392424852e+02,2.721498307963112211e+02,2.902117166402346697e+02,2.948438982482128381e+02,2.938612553243495995e+02,2.908154588420733830e+02,1.702315489995228418e+05,4.748955819847182624e+00,1.364183796848364416e+01
2.930000000000000000e+03,8.510000000000000000e+03,2.974132679594531510e+02,2.825662875029462953e+02,2.748848995593806990e+02,2.674864229830070030e+02,2.804007644571047422e+02,2.702928194607521277e+02,2.754184754555325867e+02,2.718787750912429146e+02,2.719875853919344877e+02,2.900791168443570882e+02,2.947749554313776912e+02,2.937319305725876006e+02,2.906718149647900304e+02,1.701437276963554323e+05,4.748955819847182624e+00,1.360718325353199454e+01
2.940000000000000000e+03,8.520000000000000000e+03,2.973703913117109892e+02,2.823907201877141802e+02,2.747037358996325338e+02,2.673073810900751255e+02,2.802394001789355116e+02,2.701501405867932704e+02,2.751879256913535414e+02,2.717181687644572321e+02,2.718260096957990299e+02,2.899466239398906282e+02,2.947058622797749763e+02,2.936026652553151166e+02,2.905282192918229498e+02,1.700562524280246871e+05,4.748955819847182624e+00,1.357279093876283582e+01
2.950000000000000000e+03,8.530000000000000000e+03,2.973271141548046899e+02,2.822159167180582244e+02,2.745235792740495526e+02,2.671293262652278599e+02,2.800789191277489749e+02,2.700079156474306501e+02,2.749594697257169855e+02,2.715582424704493860e+02,2.716651009231823082e+02,2.898142429073340054e+02,2.946366208347508859e+02,2.934734638769563730e+02,2.903846783716399500e+02,1.699691205391127733e+05,4.748955819847182624e+00,1.353865774575918834e+01
2.960000000000000000e+03,8.540000000000000000e+03,2.972834406214531100e+02,2.820418733398593076e+02,2.743444204485288083e+02,2.669522493000263808e+02,2.799193127260544429e+02,2.698661447027021723e+02,2.747330734602178950e+02,2.713989932021931395e+02,2.715048562702812092e+02,2.896819785815640103e+02,2.945672331112173197e+02,2.933443308232924664e+02,2.902411986000753927e+02,1.698823294075675658e+05,4.748955819847182624e+00,1.350478045708097063e+01
2.970000000000000000e+03,8.550000000000000000e+03,2.972393748086404912e+02,2.818685862522568186e+02,2.741662503109489535e+02,2.667761411020214268e+02,2.797605725259214751e+02,2.697248277516675898e+02,2.745087035479763244e+02,2.712404179354452367e+02,2.713452729168179189e+02,2.895498356597012162e+02,2.944977011018830808e+02,2.932152703691771762e+02,2.900977861979816907e+02,1.697958764442482498e+05,4.748955819847182624e+00,1.347115591491996689e+01
2.980000000000000000e+03,8.560000000000000000e+03,2.971949207772577779e+02,2.816960516107513968e+02,2.739890598896557208e+02,2.666009927194292004e+02,2.796026901981499009e+02,2.695839647268025487e+02,2.742863273954980059e+02,2.710825136324343703e+02,2.711863480260873303e+02,2.894178187083475677e+02,2.944280266664218288e+02,2.930862866712893720e+02,2.899544472588008830e+02,1.697097590929057915e+05,4.748955819847182624e+00,1.343778102052549706e+01
2.990000000000000000e+03,8.570000000000000000e+03,2.971500825535859462e+02,2.815242655557300964e+02,2.738128402234059990e+02,2.664267952387407377e+02,2.794456575345442388e+02,2.694435555020584161e+02,2.740659130566237991e+02,2.709252772361375605e+02,2.710280787460247893e+02,2.892859321593900290e+02,2.943582119963493255e+02,2.929573837803411607e+02,2.898111877210653802e+02,1.696239748266453971e+05,4.748955819847182624e+00,1.340465272786067530e+01
3.000000000000000000e+03,8.580000000000000000e+03,2.971048641288281829e+02,2.813532241893574906e+02,2.736375825792246133e+02,2.662535399343870495e+02,2.792894664452021516e+02,2.693035998928081085e+02,2.738474293417701233e+02,2.707687056791841087e+02,2.708704622110932405e+02,2.891541803192544080e+02,2.942882588709222773e+02,2.928285656411134710e+02,2.896680133789745923e+02,1.695385211518991273e+05,4.748955819847182624e+00,1.337176804907501015e+01
3.010000000000000000e+03,8.590000000000000000e+03,2.970592694593750025e+02,2.811829235854791591e+02,2.734632782864861724e+02,2.660812181671696521e+02,2.791341089556354973e+02,2.691640976583811948e+02,2.736308457150524873e+02,2.706127958827849511e+02,2.707134955437384747e+02,2.890225673664609758e+02,2.942181691943271176e+02,2.926998360947982292e+02,2.895249298860468912e+02,1.694533956048362597e+05,4.748955819847182624e+00,1.333912404936119600e+01
3.020000000000000000e+03,8.600000000000000000e+03,2.970133024677343769e+02,2.810133597748838383e+02,2.732899187836873125e+02,2.659098214057506198e+02,2.789795772045371791e+02,2.690250485041490833e+02,2.734161322953614217e+02,2.704575447566547837e+02,2.705571758550709660e+02,2.888910973548503307e+02,2.941479448488220214e+02,2.925711988810051025e+02,2.893819427577833494e+02,1.693685957509411382e+05,4.748955819847182624e+00,1.330671784600059659e+01
3.030000000000000000e+03,8.610000000000000000e+03,2.969669670418515466e+02,2.808445287835178306e+02,2.731174956155630298e+02,2.657393412256262195e+02,2.788258634419527198e+02,2.688864520833728875e+02,2.732032598396408503e+02,2.703029492017076336e+02,2.704015002461252948e+02,2.887597742426859213e+02,2.940775876968365878e+02,2.924426576460388674e+02,2.892390573747248936e+02,1.692841191864954599e+05,4.748955819847182624e+00,1.327454660722444757e+01
3.040000000000000000e+03,8.620000000000000000e+03,2.969202670366406096e+02,2.806764266226832092e+02,2.729460004313039008e+02,2.655697693077072472e+02,2.786729600266579610e+02,2.687483079990847727e+02,2.729921997261054685e+02,2.701490061102469440e+02,2.702464658090816556e+02,2.886286018523825874e+02,2.940070995807177496e+02,2.923142159277657015e+02,2.890962789861107467e+02,1.691999635357748193e+05,4.748955819847182624e+00,1.324260755096680420e+01
3.050000000000000000e+03,8.630000000000000000e+03,2.968732062732421468e+02,2.805090492745654842e+02,2.727754249827103763e+02,2.654010974370319786e+02,2.785208594244764413e+02,2.686106158060244979e+02,2.727829239378370403e+02,2.699957123672654689e+02,2.700920696278241735e+02,2.884975838664851153e+02,2.939364823229148556e+02,2.921858771819541403e+02,2.889536127117218598e+02,1.691161264505565632e+05,4.748955819847182624e+00,1.321089794368319481e+01
3.060000000000000000e+03,8.640000000000000000e+03,2.968257885394297091e+02,2.803423927028375715e+02,2.726057611218634520e+02,2.652333175009035813e+02,2.783695542055854730e+02,2.684733750118410853e+02,2.725754050470529251e+02,2.698430648507377896e+02,2.699383087791229627e+02,2.883667239359789960e+02,2.938657377265722630e+02,2.920576447696666946e+02,2.888110635505505002e+02,1.690326056128858763e+05,4.748955819847182624e+00,1.317941509910449582e+01
3.070000000000000000e+03,8.650000000000000000e+03,2.967780175909296645e+02,2.801764528578482896e+02,2.724370008007830393e+02,2.650664214871256377e+02,2.782190370439128628e+02,2.683365850795739220e+02,2.723696161994164981e+02,2.696910604337854807e+02,2.697851803336255898e+02,2.882360255296562173e+02,2.937948675762156654e+02,2.919295219828503036e+02,2.886686363624406226e+02,1.689493987300022563e+05,4.748955819847182624e+00,1.314815637719664743e+01
3.080000000000000000e+03,8.660000000000000000e+03,2.967298971504452538e+02,2.800112257236162918e+02,2.722691360700109726e+02,2.649004014837318550e+02,2.780693007137054451e+02,2.682002454293997857e+02,2.721655310995066657e+02,2.695396959849867926e+02,2.696326813570791501e+02,2.881054920397727415e+02,2.937238736396272429e+02,2.918015119699609272e+02,2.885263359051276666e+02,1.688665035369687830e+05,4.748955819847182624e+00,1.311711918305965341e+01
3.090000000000000000e+03,8.670000000000000000e+03,2.966814309085703485e+02,2.798467072208834452e+02,2.721021590752064299e+02,2.647352496761949396e+02,2.779203380883074033e+02,2.680643554392502779e+02,2.719631239962935183e+02,2.693889683691465393e+02,2.694808089106034572e+02,2.879751267548647888e+02,2.936527576657078384e+02,2.916736178505824455e+02,2.883841668065432486e+02,1.687839177951249003e+05,4.748955819847182624e+00,1.308630096578237278e+01
3.100000000000000000e+03,8.680000000000000000e+03,2.966326225238203733e+02,2.796828932834316674e+02,2.719360620571081313e+02,2.645709583462444243e+02,2.777721421383075153e+02,2.679289144468803556e+02,2.717623696690538964e+02,2.692388744485008374e+02,2.693295600514123862e+02,2.878449328629061483e+02,2.935815213861570783e+02,2.915458426439790856e+02,2.882421335831241436e+02,1.687016392918241618e+05,4.748955819847182624e+00,1.305569921744783812e+01
3.110000000000000000e+03,8.690000000000000000e+03,2.965834756233671783e+02,2.795197798411325607e+02,2.717708373497328580e+02,2.644075198706701144e+02,2.776247059296113662e+02,2.677939217514663142e+02,2.715632434139745897e+02,2.690894110830633963e+02,2.691789318339351098e+02,2.877149134563881034e+02,2.935101665160671018e+02,2.914181892889534424e+02,2.881002406374722682e+02,1.686196658400603046e+05,4.748955819847182624e+00,1.302531147213165141e+01
3.120000000000000000e+03,8.700000000000000000e+03,2.965339938028280926e+02,2.793573628235259889e+02,2.716064773790886306e+02,2.642449267199191922e+02,2.774780226218589405e+02,2.676593766148944837e+02,2.713657210308665526e+02,2.689405751319015394e+02,2.690289213106039483e+02,2.875850715312564603e+02,2.934386947541669883e+02,2.912906606459887939e+02,2.879584922616253380e+02,1.685379952779947198e+05,4.748955819847182624e+00,1.299513530492660784e+01
3.130000000000000000e+03,8.710000000000000000e+03,2.964841806267187962e+02,2.791956382485773815e+02,2.714429746619873072e+02,2.640831714564636741e+02,2.773320854667032904e+02,2.675252782632416597e+02,2.711697788109189560e+02,2.687923634538975648e+02,2.688795255365392904e+02,2.874554099922997921e+02,2.933671077841224815e+02,2.911632595030066568e+02,2.878168925776181482e+02,1.684566254692304647e+05,4.748955819847182624e+00,1.296516833114296219e+01
3.140000000000000000e+03,8.720000000000000000e+03,2.964340396287969384e+02,2.790346018584809258e+02,2.712803218035796817e+02,2.639222467337588682e+02,2.771868878055711320e+02,2.673916258880519763e+02,2.709753935235071367e+02,2.686447729078535644e+02,2.687307415549103666e+02,2.873259316527152691e+02,2.932954072708709532e+02,2.910359885613771098e+02,2.876754457837298560e+02,1.683755542994128482e+05,4.748955819847182624e+00,1.293540820493531562e+01
3.150000000000000000e+03,8.730000000000000000e+03,2.963835743123984230e+02,2.788742496812422473e+02,2.711185114970363657e+02,2.637621452944829912e+02,2.770424230687862064e+02,2.672584186475036745e+02,2.707825424049467529e+02,2.684978003534385493e+02,2.685825664181222692e+02,2.871966392378565729e+02,2.932235948657143467e+02,2.909088504605901448e+02,2.875341557969767337e+02,1.682947796804287937e+05,4.748955819847182624e+00,1.290585261892674040e+01
3.160000000000000000e+03,8.740000000000000000e+03,2.963327881503515755e+02,2.787145776515706643e+02,2.709575365219645278e+02,2.636028599695995354e+02,2.768986847735178571e+02,2.671256556680850167e+02,2.705912031464377492e+02,2.683514426522131089e+02,2.684349971778489135e+02,2.870675353873747895e+02,2.931516722046604286e+02,2.907818477668811283e+02,2.873930264880333425e+02,1.682142995468906302e+05,4.748955819847182624e+00,1.287649930317467728e+01
3.170000000000000000e+03,8.750000000000000000e+03,2.962816845854296730e+02,2.785555817112740442e+02,2.707973897431434693e+02,2.634443836767279663e+02,2.767556665224302037e+02,2.669933360454832609e+02,2.704013538832774657e+02,2.682056966679191419e+02,2.682880308863955179e+02,2.869386226570084659e+02,2.930796409089109034e+02,2.906549829759109116e+02,2.872520616295032028e+02,1.681341118565755023e+05,4.748955819847182624e+00,1.284734602429220729e+01
3.180000000000000000e+03,8.760000000000000000e+03,2.962302670310000394e+02,2.783972578087718261e+02,2.706380641089727987e+02,2.632867094192213244e+02,2.766133620020345916e+02,2.668614588456227921e+02,2.702129731833891810e+02,2.680605592672952753e+02,2.681416645977323583e+02,2.868099035179539555e+02,2.930075025847169172e+02,2.905282585158361144e+02,2.871112648967267091e+02,1.680542145899332245e+05,4.748955819847182624e+00,1.281839058465963710e+01
3.190000000000000000e+03,8.770000000000000000e+03,2.961785388708203186e+02,2.782396018962822950e+02,2.704795526509533374e+02,2.631298302845290777e+02,2.764717649812797049e+02,2.667300231062413900e+02,2.700260400374572214e+02,2.679160273206302918e+02,2.679958953682004221e+02,2.866813803702158339e+02,2.929352588236693009e+02,2.904016767506979022e+02,2.869706398698325529e+02,1.679746057501120085e+05,4.748955819847182624e+00,1.278963082165223497e+01
3.200000000000000000e+03,8.780000000000000000e+03,2.961265034594999861e+02,2.780826099391823618e+02,2.703218484815984084e+02,2.629737394431293183e+02,2.763308693102219991e+02,2.665990278378004064e+02,2.698405338480218916e+02,2.677720977021651265e+02,2.678507202568443404e+02,2.865530555266541910e+02,2.928629112067908409e+02,2.902752399769170779e+02,2.868301900348937465e+02,1.678952833620656747e+05,4.748955819847182624e+00,1.276106460685145372e+01
3.210000000000000000e+03,8.790000000000000000e+03,2.960741641224844329e+02,2.779262779097474549e+02,2.701649447935599255e+02,2.628184301473037863e+02,2.761906689181932393e+02,2.664684720243240008e+02,2.696564344195822400e+02,2.676287672906904049e+02,2.677061363259255131e+02,2.864249312266313723e+02,2.927904612945368399e+02,2.901489504297213671e+02,2.866899187926871946e+02,1.678162454724284180e+05,4.748955819847182624e+00,1.273268984530775327e+01
3.220000000000000000e+03,8.800000000000000000e+03,2.960215241567890416e+02,2.777706017969642858e+02,2.700088348586129428e+02,2.626638957300581865e+02,2.760511578127460552e+02,2.663383546248218749e+02,2.694737219491207725e+02,2.674860329702157742e+02,2.675621406421569759e+02,2.862970096358559431e+02,2.927179106380732492e+02,2.900228102829448744e+02,2.865498294460480224e+02,1.677374901493089565e+05,4.748955819847182624e+00,1.270450447484215317e+01
3.230000000000000000e+03,8.810000000000000000e+03,2.959685868307578858e+02,2.776155776040263845e+02,2.698535120146572694e+02,2.625101295955738578e+02,2.759123300781296280e+02,2.662086745740712104e+02,2.692923770092572227e+02,2.673438916300769392e+02,2.674187302740928089e+02,2.861692928490261920e+02,2.926452607744147940e+02,2.898968216505610371e+02,2.864099252531355546e+02,1.676590154815801652e+05,4.748955819847182624e+00,1.267650646485042820e+01
3.240000000000000000e+03,8.820000000000000000e+03,2.959153553847187936e+02,2.774612013299745854e+02,2.696989697133166715e+02,2.623571252507165354e+02,2.757741798741006960e+02,2.660794307835420796e+02,2.691123805679954444e+02,2.672023401658622106e+02,2.672759023007506016e+02,2.860417828868509673e+02,2.925725132269907931e+02,2.897709865875215201e+02,2.862702092639797797e+02,1.675808195793744526e+05,4.748955819847182624e+00,1.264869381738432175e+01
3.250000000000000000e+03,8.830000000000000000e+03,2.958618330309999465e+02,2.773074690013232271e+02,2.695452014410382162e+02,2.622048762550386982e+02,2.756367014343899200e+02,2.659506221426017305e+02,2.689337139369080205e+02,2.670613754794514989e+02,2.671336538019369868e+02,2.859144817073084255e+02,2.924996695066419079e+02,2.896453070916704178e+02,2.861306845781319907e+02,1.675029005728095362e+05,4.748955819847182624e+00,1.262106456411451738e+01
3.260000000000000000e+03,8.840000000000000000e+03,2.958080229543124915e+02,2.771543766560411086e+02,2.693922007749040972e+02,2.620533762519201559e+02,2.754998890658031314e+02,2.658222475190605110e+02,2.687563587904698466e+02,2.669209944798981837e+02,2.669919818636271316e+02,2.857873911951058972e+02,2.924267311108566787e+02,2.895197851052520832e+02,2.859913541636660739e+02,1.674252566120445263e+05,4.748955819847182624e+00,1.259361676697541732e+01
3.270000000000000000e+03,8.850000000000000000e+03,2.957539283116641400e+02,2.770019203511322416e+02,2.692399613591393290e+02,2.619026189558518354e+02,2.753637371466093668e+02,2.656943057604885894e+02,2.685802971480094925e+02,2.667811940823384020e+02,2.668508835781000812e+02,2.856605131888706524e+02,2.923536995246807919e+02,2.893944225157476353e+02,2.858522209087018950e+02,1.673478858669022738e+05,4.748955819847182624e+00,1.256634851717048562e+01
3.280000000000000000e+03,8.860000000000000000e+03,2.956995522333047006e+02,2.768500961525550679e+02,2.690884769276428301e+02,2.617525981667725432e+02,2.752282401254564093e+02,2.655667956945070500e+02,2.684055113786073434e+02,2.666419712123174008e+02,2.667103560439814487e+02,2.855338494118905714e+02,2.922805762207091789e+02,2.892692211576716659e+02,2.857132876228955638e+02,1.672707865272393392e+05,4.748955819847182624e+00,1.253925793531698751e+01
3.290000000000000000e+03,8.870000000000000000e+03,2.956448978221014841e+02,2.766989001466853892e+02,2.689377412665212432e+02,2.616033077458525895e+02,2.750933925202854198e+02,2.654397161302039763e+02,2.682319841732613099e+02,2.665033228013601274e+02,2.665703963669047880e+02,2.854074015678485807e+02,2.922073626589527180e+02,2.891441828134821321e+02,2.855745570392761579e+02,1.671939568010729272e+05,4.748955819847182624e+00,1.251234316980171002e+01
3.300000000000000000e+03,8.880000000000000000e+03,2.955899681544765372e+02,2.765483284343642936e+02,2.687877482395335846e+02,2.614547416294221307e+02,2.749591889168887633e+02,2.653130658585634478e+02,2.680596985501588847e+02,2.663652457895780117e+02,2.664310016593674959e+02,2.852811713016028534e+02,2.921340602872719501e+02,2.890193092145816536e+02,2.854360318157470715e+02,1.671173949161329074e+05,4.748955819847182624e+00,1.248560239673026828e+01
3.310000000000000000e+03,8.890000000000000000e+03,2.955347662800859325e+02,2.763983771416573063e+02,2.686384917793790805e+02,2.613068938246607331e+02,2.748256239681018087e+02,2.651868436534062994e+02,2.678886378442779233e+02,2.662277371263270425e+02,2.662921690415062699e+02,2.851551601830340132e+02,2.920606705418251181e+02,2.888946020432252908e+02,2.852977145366883747e+02,1.670410991184621234e+05,4.748955819847182624e+00,1.245903381933714371e+01
3.320000000000000000e+03,8.900000000000000000e+03,2.954792952227422234e+02,2.762490424066038486e+02,2.684899658870180019e+02,2.611597584082788899e+02,2.746926923925369692e+02,2.650610482719416154e+02,2.677187856997896347e+02,2.660907937697591024e+02,2.661538956409875141e+02,2.850293697291207877e+02,2.919871948465891478e+02,2.887700629327388242e+02,2.851596077145347863e+02,1.669650676723856013e+05,4.748955819847182624e+00,1.243263566740135673e+01
3.330000000000000000e+03,8.910000000000000000e+03,2.954235579797031619e+02,2.761003203881944046e+02,2.683421646306376260e+02,2.610133295255419625e+02,2.745603889733205278e+02,2.649356784557949140e+02,2.675501260632947265e+02,2.659544126875436518e+02,2.660161785935816283e+02,2.849038013993725258e+02,2.919136346140703608e+02,2.886456934689952050e+02,2.850217137912704288e+02,1.668892988602668047e+05,4.748955819847182624e+00,1.240640619671708222e+01
3.340000000000000000e+03,8.920000000000000000e+03,2.953675575230312802e+02,2.759522072255842886e+02,2.681950821446088185e+02,2.608676013893162349e+02,2.744287085572882461e+02,2.648107329315484435e+02,2.673826431765098164e+02,2.658185908551542980e+02,2.658790150434007273e+02,2.847784564956199915e+02,2.918399912435930901e+02,2.885214951928816163e+02,2.848840351395875814e+02,1.668137909777698515e+05,4.748955819847182624e+00,1.238034368852666667e+01
3.350000000000000000e+03,8.930000000000000000e+03,2.953112967985000523e+02,2.758046991573584705e+02,2.680487126286787429e+02,2.607225682791191730e+02,2.742976460535224419e+02,2.646862104112926772e+02,2.672163215698746512e+02,2.656833252619007908e+02,2.657424021429006302e+02,2.846533366067192219e+02,2.917662661254181558e+02,2.883974695991606723e+02,2.847465740644627772e+02,1.667385423515092989e+05,4.748955819847182624e+00,1.235444644912263890e+01
3.360000000000000000e+03,8.940000000000000000e+03,2.952547787274687607e+02,2.756577924034639295e+02,2.679030503474182865e+02,2.605782245400133093e+02,2.741671964332110747e+02,2.645621095935569542e+02,2.670511460561092463e+02,2.655486129056226901e+02,2.656063370537158903e+02,2.845284428916338015e+02,2.916924606382989964e+02,2.882736181373148270e+02,2.846093328059077976e+02,1.666635513119665848e+05,4.748955819847182624e+00,1.232871280930691782e+01
3.370000000000000000e+03,8.950000000000000000e+03,2.951980062051327991e+02,2.755114832010736450e+02,2.677580896286281131e+02,2.604345645816954971e+02,2.740373547280329944e+02,2.644384291636164335e+02,2.668871017237226511e+02,2.654144507944775455e+02,2.654708169464833531e+02,2.844037765968527651e+02,2.916185761486416936e+02,2.881499422162240194e+02,2.844723135384822967e+02,1.665888162110038102e+05,4.748955819847182624e+00,1.230314112387905823e+01
3.380000000000000000e+03,8.960000000000000000e+03,2.951409821023046902e+02,2.753657678092936862e+02,2.676138248631056626e+02,2.602915828780006109e+02,2.739081160286999079e+02,2.643151677945436973e+02,2.667241739309704371e+02,2.652808359474691429e+02,2.653358390011688925e+02,2.842793389190660491e+02,2.915446140127871786e+02,2.880264432002011858e+02,2.843355183731066518e+02,1.665143354172985128e+05,4.748955819847182624e+00,1.227772977117378161e+01
3.390000000000000000e+03,8.970000000000000000e+03,2.950837092655156084e+02,2.752206425076129221e+02,2.674702505034148317e+02,2.601492739654000843e+02,2.737794754848100069e+02,2.641923241475126360e+02,2.665623482995024460e+02,2.651477653945701149e+02,2.652014004074726472e+02,2.841551310055686486e+02,2.914705755757233305e+02,2.879031224139067149e+02,2.841989493588827145e+02,1.664401073160758242e+05,4.748955819847182624e+00,1.225247715263933124e+01
3.400000000000000000e+03,8.980000000000000000e+03,2.950261905159531466e+02,2.750761035954446356e+02,2.673273610630048438e+02,2.600076324423458800e+02,2.736514283036498796e+02,2.640698968724494193e+02,2.664016107088616536e+02,2.650152361767054003e+02,2.650674983646933924e+02,2.840311539577822373e+02,2.913964621712282792e+02,2.877799811411677524e+02,2.840626084842911041e+02,1.663661303087405686e+05,4.748955819847182624e+00,1.222738169235301520e+01
3.410000000000000000e+03,8.990000000000000000e+03,2.949684286513281677e+02,2.749321473992083611e+02,2.671851511154093828e+02,2.598666529684944067e+02,2.735239697490887920e+02,2.639478846086295221e+02,2.662419472906465217e+02,2.648832453465867616e+02,2.649341300820578340e+02,2.839074088273352459e+02,2.913222751230345580e+02,2.876570206264094054e+02,2.839264976782889107e+02,1.662924028128652135e+05,4.748955819847182624e+00,1.220244183662401660e+01
3.420000000000000000e+03,9.000000000000000000e+03,2.949104264447577748e+02,2.747887702654361988e+02,2.670436152936429153e+02,2.597263302636557114e+02,2.733970951410871066e+02,2.638262859851148505e+02,2.660833444230306668e+02,2.647517899683697919e+02,2.648012927792622691e+02,2.837838966230413007e+02,2.912480157437360049e+02,2.875342420734768325e+02,2.837906188116846238e+02,1.662189232617751404e+05,4.748955819847182624e+00,1.217765605356217939e+01
3.430000000000000000e+03,9.010000000000000000e+03,2.948521866458515319e+02,2.746459685420475125e+02,2.669027482888538998e+02,2.595866591069975584e+02,2.732707998540087146e+02,2.637050996214118186e+02,2.659257887250488466e+02,2.646208671179653606e+02,2.646689836855362614e+02,2.836606183085681323e+02,2.911736853351732179e+02,2.874116466659194771e+02,2.836549736971922471e+02,1.661456901042769896e+05,4.748955819847182624e+00,1.215302283261281779e+01
3.440000000000000000e+03,9.020000000000000000e+03,2.947937119803593760e+02,2.745037386411864304e+02,2.667625448521189355e+02,2.594476343366365541e+02,2.731450793180097776e+02,2.635843241279217182e+02,2.657692670531841372e+02,2.644904738836159481e+02,2.645372000416044216e+02,2.835375747992013089e+02,2.910992851893711872e+02,2.872892355183234372e+02,2.835195640942553155e+02,1.660727018048807222e+05,4.748955819847182624e+00,1.212854068432963217e+01
3.450000000000000000e+03,9.030000000000000000e+03,2.947350051509454261e+02,2.743620769718313568e+02,2.666229997844265540e+02,2.593092508476269700e+02,2.730199290120585829e+02,2.634639581064715799e+02,2.656137664904202893e+02,2.643606073648618349e+02,2.644059390984901370e+02,2.834147669884740708e+02,2.910248165879893918e+02,2.871670097303960461e+02,2.833843917054779240e+02,1.659999568428997300e+05,4.748955819847182624e+00,1.210420813959725628e+01
3.460000000000000000e+03,9.040000000000000000e+03,2.946760688366015302e+02,2.742209799660465706e+02,2.664841079516179434e+02,2.591715035926209225e+02,2.728953444725489703e+02,2.633440001507582906e+02,2.654592743502154804e+02,2.642312646743695836e+02,2.642751981181502856e+02,2.832921957029195141e+02,2.909502808003842347e+02,2.870449703649856588e+02,2.832494581788171217e+02,1.659274537127258081e+05,4.748955819847182624e+00,1.208002374976310200e+01
3.470000000000000000e+03,9.050000000000000000e+03,2.946169056936171273e+02,2.740804440772133717e+02,2.663458642684172446e+02,2.590343875798257613e+02,2.727713212838600612e+02,2.632244488468325017e+02,2.653057781637608628e+02,2.641024429369229551e+02,2.641449743730476598e+02,2.831698617426032456e+02,2.908756790934974674e+02,2.869231184485369681e+02,2.831147651185258951e+02,1.658551909235415224e+05,4.748955819847182624e+00,1.205598608583558651e+01
3.480000000000000000e+03,9.060000000000000000e+03,2.945575183554140608e+02,2.739404657925945230e+02,2.662082637086729733e+02,2.588978978732450287e+02,2.726478550838261867e+02,2.631053027736133458e+02,2.651532656804753856e+02,2.639741392901798349e+02,2.640152651473378000e+02,2.830477658660329325e+02,2.908010127143323302e+02,2.868014549743301131e+02,2.829803140638711625e+02,1.657831669991187227e+05,4.748955819847182624e+00,1.203209373841903762e+01
3.490000000000000000e+03,9.070000000000000000e+03,2.944979094327031248e+02,2.738010416044085673e+02,2.660713012981107681e+02,2.587620295912719826e+02,2.725249415589707951e+02,2.629865605032223357e+02,2.650017248606431508e+02,2.638463508843454974e+02,2.638860677358349562e+02,2.829259087942429005e+02,2.907262829043432362e+02,2.866799809023878538e+02,2.828461065197449216e+02,1.657113804774821037e+05,4.748955819847182624e+00,1.200834531718089337e+01
3.500000000000000000e+03,9.080000000000000000e+03,2.944380815139608671e+02,2.736621680550596807e+02,2.659349721151073140e+02,2.586267779061062129e+02,2.724025764448462610e+02,2.628682206014071880e+02,2.648511438710251014e+02,2.637190748825409514e+02,2.637573794457584881e+02,2.828042912064054235e+02,2.906514908952498786e+02,2.865586971614981735e+02,2.827121439224592336e+02,1.656398299107259081e+05,4.748955819847182624e+00,1.198473945055703638e+01
3.510000000000000000e+03,9.090000000000000000e+03,2.943780371651484984e+02,2.735238416892171927e+02,2.657992712910933619e+02,2.584921380430579347e+02,2.722807555255918146e+02,2.627502816280193088e+02,2.647015110815548269e+02,2.635923084607844658e+02,2.636291975951245945e+02,2.826829137531760239e+02,2.905766379086678057e+02,2.864376046485173788e+02,2.825784276748028674e+02,1.655685138650827867e+05,4.748955819847182624e+00,1.196127478540557831e+01
3.520000000000000000e+03,9.100000000000000000e+03,2.943177789304453427e+02,2.733860590807921085e+02,2.656641940097957786e+02,2.583581052797826487e+02,2.721594746335977106e+02,2.626327421374101618e+02,2.645528150607426028e+02,2.634660488084110739e+02,2.635015195135650288e+02,2.825617770440490517e+02,2.905017251567378480e+02,2.863167042295983720e+02,2.824449591290551211e+02,1.654974309205128811e+05,4.748955819847182624e+00,1.193794998669920027e+01
3.530000000000000000e+03,9.110000000000000000e+03,2.942573093320234534e+02,2.732488168231146233e+02,2.655297355033539475e+02,2.582246749453540247e+02,2.720387296464880365e+02,2.625156006789180765e+02,2.644050445697582745e+02,2.633402931276367553e+02,2.633743425425193436e+02,2.824408816612408373e+02,2.904267538414930527e+02,2.861959967423393323e+02,2.823117395910136338e+02,1.654265796703355445e+05,4.748955819847182624e+00,1.191476373710760761e+01
3.540000000000000000e+03,9.120000000000000000e+03,2.941966308704375024e+02,2.731121115417110445e+02,2.653958910577586039e+02,2.580918424198902130e+02,2.719185164901903136e+02,2.623988557968517625e+02,2.642581885617729540e+02,2.632150386341736521e+02,2.632476640353875155e+02,2.823202281443337256e+02,2.903517251560794534e+02,2.860754829927237779e+02,2.821787703216653540e+02,1.653559587216025975e+05,4.748955819847182624e+00,1.189171473683946623e+01
3.550000000000000000e+03,9.130000000000000000e+03,2.941357460246796336e+02,2.729759398815101008e+02,2.652626560069344350e+02,2.579596031337582076e+02,2.717988311354386042e+02,2.622825060314000325e+02,2.641122361754830195e+02,2.630902825571795347e+02,2.631214813572576645e+02,2.821998170036512761e+02,2.902766402838428235e+02,2.859551637578518921e+02,2.820460525377046679e+02,1.652855666943820543e+05,4.748955819847182624e+00,1.186880170324049288e+01
3.560000000000000000e+03,9.140000000000000000e+03,2.940746572528515799e+02,2.728402985029310344e+02,2.651300257307897255e+02,2.578279525643918646e+02,2.716796695977716354e+02,2.621665499165819142e+02,2.639671767315820716e+02,2.629660221387360934e+02,2.629957918852036300e+02,2.820796487283547549e+02,2.902015003983532324e+02,2.858350397948215686e+02,2.819135874122612222e+02,1.652154022217259044e+05,4.748955819847182624e+00,1.184602337035834552e+01
3.570000000000000000e+03,9.150000000000000000e+03,2.940133669913984136e+02,2.727051841045949345e+02,2.649979956673959123e+02,2.576968862446323101e+02,2.715610279370440594e+02,2.620509859883836725e+02,2.638229997295715634e+02,2.628422546356856060e+02,2.628705930086242120e+02,2.819597237434807084e+02,2.901263066636756776e+02,2.857151118214259213e+02,2.817813760766781002e+02,1.651454639498020115e+05,4.748955819847182624e+00,1.182337848912265699e+01
3.580000000000000000e+03,9.160000000000000000e+03,2.939518776560859123e+02,2.725705934074547940e+02,2.648665612923044819e+02,2.575663997492843578e+02,2.714429022565195169e+02,2.619358127741264752e+02,2.636796948436633556e+02,2.627189773178225209e+02,2.627458821289487219e+02,2.818400424785718883e+02,2.900510602282236619e+02,2.855953805352382915e+02,2.816494196209150687e+02,1.650757505372877640e+05,4.748955819847182624e+00,1.180086582646989868e+01
3.590000000000000000e+03,9.170000000000000000e+03,2.938901916419765712e+02,2.724365231065557396e+02,2.647357181319489996e+02,2.574364887023700135e+02,2.713252887024810320e+02,2.618210287995905219e+02,2.635372519192767413e+02,2.625961874678398544e+02,2.626216566597179849e+02,2.817206053195457685e+02,2.899757622735078257e+02,2.854758466056181874e+02,2.815177190934251144e+02,1.650062606553516234e+05,4.748955819847182624e+00,1.177848416534209619e+01
3.600000000000000000e+03,9.180000000000000000e+03,2.938283113240235025e+02,2.723029700068593115e+02,2.646054617592401996e+02,2.573071487750348751e+02,2.712081834634325901e+02,2.617066325878438988e+02,2.633956609697427211e+02,2.624738823830068668e+02,2.624979140266718787e+02,2.816014126082159237e+02,2.899004139018182400e+02,2.853565106785206353e+02,2.813862755039721151e+02,1.649369929871290224e+05,4.748955819847182624e+00,1.175623230440554501e+01
3.610000000000000000e+03,9.190000000000000000e+03,2.937662390557577510e+02,2.721699308843603831e+02,2.644757877928905714e+02,2.571783756844963023e+02,2.710915827694577160e+02,2.615926226595505000e+02,2.632549121724292718e+02,2.623520593746437157e+02,2.623746516682260221e+02,2.814824647092858072e+02,2.898250162478859124e+02,2.852373733736527583e+02,2.812550898233051271e+02,1.648679462295504927e+05,4.748955819847182624e+00,1.173410905777461366e+01
3.620000000000000000e+03,9.200000000000000000e+03,2.937039771716328005e+02,2.720374025437546379e+02,2.643466918970564166e+02,2.570501651936936582e+02,2.709754828919568013e+02,2.614789975333704319e+02,2.631149958660051311e+02,2.622307157673584470e+02,2.622518670350555112e+02,2.813637619090509361e+02,2.897495704325613701e+02,2.851184352863458003e+02,2.811241629839352072e+02,1.647991190899969370e+05,4.748955819847182624e+00,1.171211325475195331e+01
3.630000000000000000e+03,9.210000000000000000e+03,2.936415279850234583e+02,2.719053818169321062e+02,2.642181697806574334e+02,2.569225131104225284e+02,2.708598801426373939e+02,2.613657557259068085e+02,2.629759025467044466e+02,2.621098489000403333e+02,2.621295575901463621e+02,2.812453044821075991e+02,2.896740775667267940e+02,2.849996969880346569e+02,2.809934958814159245e+02,1.647305102882216161e+05,4.748955819847182624e+00,1.169024373953700113e+01
3.640000000000000000e+03,9.220000000000000000e+03,2.935788937899062603e+02,2.717738655579502733e+02,2.640902171956935263e+02,2.567954152869957625e+02,2.707447708723853452e+02,2.612528957518338188e+02,2.628376228653211228e+02,2.619894561250878837e+02,2.620077208090978047e+02,2.811270926806980128e+02,2.895985387524158341e+02,2.848811590268315967e+02,2.808630893746235415e+02,1.646621185557166755e+05,4.748955819847182624e+00,1.166849937097169665e+01
3.650000000000000000e+03,9.230000000000000000e+03,2.935160768607578348e+02,2.716428506441936861e+02,2.639628299395694171e+02,2.566688676193240894e+02,2.706301514726246182e+02,2.611404161252418135e+02,2.627001476241109685e+02,2.618695348093064013e+02,2.618863541800534449e+02,2.810091267262885708e+02,2.895229550828962033e+02,2.847628219278676056e+02,2.807329442869316267e+02,1.645939426356591866e+05,4.748955819847182624e+00,1.164687902236390471e+01
3.660000000000000000e+03,9.240000000000000000e+03,2.934530794522422070e+02,2.715123339760482395e+02,2.638360038514846906e+02,2.565428660467629811e+02,2.705160183727633125e+02,2.610283153587582774e+02,2.625634677737415359e+02,2.617500823333225526e+02,2.617654552035811548e+02,2.808914068188940973e+02,2.894473276424738515e+02,2.846446861939475070e+02,2.806030614066527846e+02,1.645259812825999397e+05,4.748955819847182624e+00,1.162538158118725384e+01
3.670000000000000000e+03,9.250000000000000000e+03,2.933899037997109644e+02,2.713823124770338495e+02,2.637097348132738261e+02,2.564174065509296838e+02,2.704023680403706749e+02,2.609165919640406628e+02,2.624275744103939587e+02,2.616310960917939497e+02,2.616450213929831534e+02,2.807739331345892992e+02,2.893716575069323085e+02,2.845267523062109944e+02,2.804734414882137798e+02,1.644582332624245901e+05,4.748955819847182624e+00,1.160400594882550429e+01
3.680000000000000000e+03,9.260000000000000000e+03,2.933265521194063012e+02,2.712527830935184738e+02,2.635840187487039543e+02,2.562924851557950205e+02,2.702891969807426449e+02,2.608052444521904363e+02,2.622924587727752623e+02,2.615125734933920398e+02,2.615250502739970671e+02,2.806567058235253285e+02,2.892959457435094919e+02,2.844090207240997756e+02,2.803440852523962690e+02,1.643906973520989413e+05,4.748955819847182624e+00,1.158275104038899883e+01
3.690000000000000000e+03,9.270000000000000000e+03,2.932630266083749575e+02,2.711237427948005916e+02,2.634588516229405286e+02,2.561680979267457587e+02,2.701765017361227024e+02,2.606942713341241529e+02,2.621581122392977932e+02,2.613945119609558674e+02,2.614055393853377041e+02,2.805397250156861446e+02,2.892201934109153854e+02,2.842914918862832110e+02,2.802149933873175769e+02,1.643233723397137364e+05,4.748955819847182624e+00,1.156161578448707061e+01
3.700000000000000000e+03,9.280000000000000000e+03,2.931993294450703615e+02,2.709951885730844765e+02,2.633342294419995255e+02,2.560442409699820701e+02,2.700642788854665923e+02,2.605836711203950244e+02,2.620245263254856241e+02,2.612769089314596158e+02,2.612864862779732107e+02,2.804229908174315256e+02,2.891444015594389043e+02,2.841741662109827189e+02,2.800861665490996870e+02,1.642562570242049696e+05,4.748955819847182624e+00,1.154059912295798362e+01
3.710000000000000000e+03,9.290000000000000000e+03,2.931354627890469260e+02,2.708671174429616144e+02,2.632101482521587172e+02,2.559209104321446659e+02,2.699525250436587953e+02,2.604734423218113193e+02,2.618916926810344989e+02,2.611597618557350984e+02,2.611678885159260517e+02,2.803065033132297685e+02,2.890685712310545341e+02,2.840570440964905856e+02,2.799576053624170981e+02,1.641893502152315341e+05,4.748955819847182624e+00,1.151970001071848237e+01
3.720000000000000000e+03,9.300000000000000000e+03,2.930714287811093754e+02,2.707395264423290087e+02,2.630866041395661341e+02,2.557981024998855730e+02,2.698412368610611338e+02,2.603635834492407639e+02,2.617596030874451571e+02,2.610430681989676032e+02,2.610497436756747902e+02,2.801902625672968838e+02,2.889927034591895563e+02,2.839401259210984563e+02,2.798293104215526910e+02,1.641226507330892491e+05,4.748955819847182624e+00,1.149891741548984925e+01
3.730000000000000000e+03,9.310000000000000000e+03,2.930072295442108725e+02,2.706124126272503077e+02,2.629635932296417877e+02,2.556758133990598196e+02,2.697304110231352183e+02,2.602540930142043294e+02,2.616282494552023650e+02,2.609268254404351524e+02,2.609320493464881565e+02,2.800742686200133562e+02,2.889167992691170639e+02,2.838234120467592447e+02,2.797012822902300400e+02,1.640561574084620806e+05,4.748955819847182624e+00,1.147825031764794090e+01
3.740000000000000000e+03,9.320000000000000000e+03,2.929428671827109838e+02,2.704857730849836912e+02,2.628411116866191151e+02,2.555540393943363426e+02,2.696200442498608254e+02,2.601449695288906128e+02,2.614976238214540558e+02,2.608110310734699056e+02,2.608148031304139636e+02,2.799585214959041082e+02,2.888408596781121105e+02,2.837069028104964445e+02,2.795735215035085162e+02,1.639898690825486847e+05,4.748955819847182624e+00,1.145769770997177339e+01
3.750000000000000000e+03,9.330000000000000000e+03,2.928783437827578382e+02,2.703596048975733197e+02,2.627191557129412445e+02,2.554327767887468212e+02,2.695101332951205109e+02,2.600362115060972314e+02,2.613677183475585935e+02,2.606956826053145733e+02,2.606980026417012368e+02,2.798430211967119021e+02,2.887648856945228317e+02,2.835905985515441330e+02,2.794460285663844843e+02,1.639237846065031772e+05,4.748955819847182624e+00,1.143725859744197670e+01
3.760000000000000000e+03,9.340000000000000000e+03,2.928136614130624480e+02,2.702339052308841474e+02,2.625977215491988659e+02,2.553120219231921908e+02,2.694006749466523729e+02,2.599278174600639773e+02,2.612385253164565029e+02,2.605807775576562904e+02,2.605816455083479468e+02,2.797277677061893542e+02,2.886888783204540800e+02,2.834744995453708043e+02,2.793188039581958719e+02,1.638579028419781826e+05,4.748955819847182624e+00,1.141693199712150353e+01
3.770000000000000000e+03,9.350000000000000000e+03,2.927488221240625421e+02,2.701086712140215127e+02,2.624768054718976487e+02,2.551917711748932049e+02,2.692916660251171947e+02,2.598197859060462065e+02,2.611100371299359040e+02,2.604663134661523145e+02,2.604657293706349606e+02,2.796127609945139056e+02,2.886128385482606973e+02,2.833586060925746324e+02,2.791918481285003963e+02,1.637922226602717419e+05,4.748955819847182624e+00,1.139671693784199924e+01
3.780000000000000000e+03,9.360000000000000000e+03,2.926838279487812997e+02,2.699839000162950242e+02,2.623564037980190164e+02,2.550720209603440480e+02,2.691831033838601002e+02,2.597121153607781707e+02,2.609822463087105575e+02,2.603522878807090706e+02,2.603502518811630466e+02,2.794980010000433026e+02,2.885367673625813154e+02,2.832429184634061130e+02,2.790651615009213060e+02,1.637267429426278686e+05,4.748955819847182624e+00,1.137661246018236660e+01
3.790000000000000000e+03,9.370000000000000000e+03,2.926186809029765641e+02,2.698595888294397582e+02,2.622365128775961125e+02,2.549527677302977509e+02,2.690749839084799646e+02,2.596048043424074763e+02,2.608551454867412644e+02,2.602386983652333470e+02,2.602352107056717614e+02,2.793834876566582466e+02,2.884606657405431633e+02,2.831274369114467504e+02,2.789387444723189446e+02,1.636614625800848880e+05,4.748955819847182624e+00,1.135661761612135301e+01
3.800000000000000000e+03,9.380000000000000000e+03,2.925533829845390414e+02,2.697357348671129671e+02,2.621171290977338799e+02,2.548340079720196059e+02,2.689673045163147549e+02,2.594978513710912580e+02,2.607287274111817510e+02,2.601255424976152995e+02,2.601206035224288371e+02,2.792692208763826329e+02,2.883845346509899628e+02,2.830121616735635257e+02,2.788125974139102823e+02,1.635963804732185381e+05,4.748955819847182624e+00,1.133673146892875927e+01
3.810000000000000000e+03,9.390000000000000000e+03,2.924879361747734947e+02,2.696123353638349158e+02,2.619982488811177745e+02,2.547157382080734180e+02,2.688600621560480590e+02,2.593912549685600197e+02,2.606029849396155669e+02,2.600128178697568160e+02,2.600064280224124218e+02,2.791552005546258215e+02,2.883083750552768265e+02,2.828970929708126505e+02,2.786867206717465706e+02,1.635314955321349262e+05,4.748955819847182624e+00,1.131695309298722840e+01
3.820000000000000000e+03,9.400000000000000000e+03,2.924223424375546756e+02,2.694893875759300386e+02,2.618798686855231495e+02,2.545979549962075623e+02,2.687532538072493367e+02,2.592850136587724705e+02,2.604779110382530689e+02,2.599005220876444469e+02,2.598926819093021550e+02,2.790414265707396453e+02,2.882321879068271642e+02,2.827822310083275852e+02,2.785611145670869178e+02,1.634668066763264942e+05,4.748955819847182624e+00,1.129728157362117891e+01
3.830000000000000000e+03,9.410000000000000000e+03,2.923566037200781125e+02,2.693668887808870522e+02,2.617619850032440922e+02,2.544806549284469099e+02,2.686468764799631117e+02,2.591791259676915615e+02,2.603534987795837878e+02,2.597886527713087048e+02,2.597793628995406721e+02,2.789278987878246312e+02,2.881559741514683424e+02,2.826675759762095481e+02,2.784357793970223725e+02,1.634023128345441073e+05,4.748955819847182624e+00,1.127771600691455944e+01
3.840000000000000000e+03,9.420000000000000000e+03,2.922907219527265283e+02,2.692448362774160842e+02,2.616445943610636959e+02,2.543638346310696363e+02,2.685409272144102033e+02,2.590735904237446903e+02,2.602297413406008673e+02,2.596772075547192458e+02,2.596664687221174290e+02,2.788146170541573383e+02,2.880797347271102353e+02,2.825531280495239912e+02,2.783107154352409793e+02,1.633380129447514482e+05,4.748955819847182624e+00,1.125825549956373095e+01
3.850000000000000000e+03,9.430000000000000000e+03,2.922246990492499776e+02,2.691232273848697787e+02,2.615276933194590470e+02,2.542474907639351329e+02,2.684354030804021249e+02,2.589684055578146626e+02,2.601066320008302455e+02,2.595661840857994775e+02,2.595539971185979766e+02,2.787015812022556247e+02,2.880034705642752328e+02,2.824388873886503575e+02,2.781859229321381122e+02,1.632739059539198352e+05,4.748955819847182624e+00,1.123889916870332328e+01
3.860000000000000000e+03,9.440000000000000000e+03,2.921585369071249261e+02,2.690020594438763055e+02,2.614112784723677692e+02,2.541316200202014386e+02,2.683303011769539808e+02,2.588635699032050752e+02,2.599841641401943662e+02,2.594555800264566301e+02,2.594419458434784929e+02,2.785887910504851561e+02,2.879271825855451539e+02,2.823248541395614666e+02,2.780614021154231637e+02,1.632099908180007187e+05,4.748955819847182624e+00,1.121964614174630093e+01
3.870000000000000000e+03,9.450000000000000000e+03,2.920922374071640206e+02,2.688813298159528244e+02,2.612953464467730669e+02,2.540162191257793438e+02,2.682256186322546796e+02,2.587590819961773718e+02,2.598623312373992462e+02,2.593453930523906479e+02,2.593303126634033902e+02,2.784762464012890177e+02,2.878508717058556954e+02,2.822110284344817046e+02,2.779371531910642261e+02,1.631462665017333638e+05,4.748955819847182624e+00,1.120049555623198856e+01
3.880000000000000000e+03,9.460000000000000000e+03,2.920258730556015507e+02,2.687662314715743150e+02,2.614640831066750479e+02,2.539693997855234784e+02,2.689385814296159651e+02,2.607460352179787719e+02,2.597572516875580959e+02,2.593339613089434010e+02,2.593174182230746965e+02,2.783664830089620636e+02,2.877773327750420549e+02,2.821001739790837632e+02,2.778155828437286345e+02,1.632567901056633273e+05,2.228977946532170051e+01,1.129720366309339319e+01
3.890000000000000000e+03,9.470000000000000000e+03,2.919597288248906466e+02,2.686604886757500594e+02,2.617128613379389321e+02,2.539380773512106941e+02,2.695758070472005556e+02,2.625761884030147257e+02,2.596614981008514746e+02,2.593405523692827046e+02,2.593225485546101368e+02,2.782600199058402382e+02,2.877066373212569488e+02,2.819928968570938537e+02,2.776973422075570852e+02,1.633656277217039024e+05,2.219715148336022636e+01,1.137192474575116030e+01
3.900000000000000000e+03,9.480000000000000000e+03,2.918938530669531133e+02,2.685653156416302068e+02,2.619829604278749571e+02,2.539190455509821334e+02,2.701686081030960054e+02,2.643266847789443545e+02,2.595718530576511398e+02,2.593588697374805179e+02,2.593394073984541706e+02,2.781565949460519960e+02,2.876383817177005540e+02,2.818888839354286233e+02,2.775821712133002848e+02,1.634728136037863733e+05,2.210231123576516765e+01,1.144095285948021257e+01
3.910000000000000000e+03,9.490000000000000000e+03,2.918282733225937591e+02,2.684810109295777920e+02,2.622571732274395231e+02,2.539100058901789509e+02,2.707271226706143921e+02,2.660239042519073678e+02,2.594868574565520021e+02,2.593856976248767978e+02,2.593647788261171740e+02,2.780560747454029524e+02,2.875723527832992659e+02,2.817879712691105283e+02,2.774699388276776517e+02,1.635783420771053061e+05,2.200527074737991740e+01,1.150832829661156609e+01
3.920000000000000000e+03,9.500000000000000000e+03,2.917630097617422393e+02,2.684074344014954931e+02,2.625302158552743776e+02,2.539093368998738640e+02,2.712550708066237917e+02,2.676783133968541506e+02,2.594057937293029568e+02,2.594192041235866668e+02,2.593968307651739451e+02,2.779583800402378984e+02,2.875084208391706966e+02,2.816900621505832305e+02,2.773605682616104673e+02,1.636821975646893552e+05,2.190604232201751600e+01,1.157506793924215671e+01
3.930000000000000000e+03,9.510000000000000000e+03,2.916980795579610231e+02,2.683442408957750445e+02,2.628003766796171590e+02,2.539158647367436856e+02,2.717541138424989526e+02,2.692948777493242574e+02,2.593282722042318937e+02,2.594582195316903039e+02,2.594343934392425695e+02,2.778634578475200669e+02,2.874464961769754154e+02,2.815950927235394374e+02,2.772540090641778647e+02,1.637843622542073426e+05,2.180463854090066178e+01,1.164141441266173516e+01
3.940000000000000000e+03,9.520000000000000000e+03,2.916334984078437174e+02,2.682909922730580661e+02,2.630670612766907084e+02,2.539287117188175387e+02,2.722252097207273209e+02,2.708763982904897603e+02,2.592540546334222427e+02,2.595019209093160839e+02,2.594766439222673853e+02,2.777712690794840000e+02,2.873865101795195756e+02,2.815030164403410140e+02,2.771502247175342291e+02,1.638848181483663793e+05,2.170107226106653542e+01,1.170740254210000586e+01
3.950000000000000000e+03,9.530000000000000000e+03,2.915692810755078312e+02,2.682472117977415564e+02,2.633300379122835579e+02,2.539472005836144319e+02,2.726690592593247402e+02,2.724246889479475726e+02,2.591829744549473276e+02,2.595496843877655806e+02,2.595229584475732167e+02,2.776817819848209865e+02,2.873284061031762917e+02,2.814137962738265060e+02,2.770491860595298022e+02,1.639835476367180818e+05,2.159535661373659465e+01,1.177300896138511277e+01
3.960000000000000000e+03,9.540000000000000000e+03,2.915054415836171984e+02,2.682124117378995152e+02,2.635891957987934120e+02,2.539707929752369182e+02,2.730862613308486857e+02,2.739410443397297286e+02,2.591148989369180526e+02,2.596010105233215199e+02,2.595728377309473558e+02,2.775949682940176331e+02,2.872721340219341641e+02,2.813274000664105188e+02,2.769508674259525947e+02,1.640805336568060156e+05,2.148750500265173358e+01,1.183819385616139463e+01
3.970000000000000000e+03,9.550000000000000000e+03,2.914419932740156582e+02,2.681861076813851241e+02,2.638444649730016636e+02,2.539990489223653753e+02,2.734773694930924535e+02,2.754264513650574600e+02,2.590497106416848965e+02,2.596554835349195400e+02,2.596258661904632845e+02,2.775108008558340202e+02,2.872176478408200069e+02,2.812437977539259464e+02,2.768552442814979599e+02,1.641757597349679854e+05,2.137753110237276033e+01,1.190291326498409497e+01
3.980000000000000000e+03,9.560000000000000000e+03,2.913789488182889613e+02,2.681678262984099206e+02,2.640957892510007241e+02,2.540315995408960248e+02,2.738429133616565991e+02,2.768816977602834868e+02,2.589872983147567993e+02,2.597127473637851836e+02,2.596816879935370821e+02,2.774292521904780529e+02,2.871649034629764401e+02,2.811629595287889742e+02,2.767622917696940590e+02,1.642692099906158401e+05,2.126544885654663730e+01,1.196712286648499024e+01
3.990000000000000000e+03,9.570000000000000000e+03,2.913163202148749633e+02,2.681571093178858405e+02,2.643431171806464022e+02,2.540681282946607382e+02,2.741834067926608327e+02,2.783074341265566432e+02,2.589275525543387744e+02,2.597724906417756188e+02,2.597399920162272338e+02,2.773502936267447581e+02,2.871138576613498685e+02,2.810848548392183375e+02,2.766719838417379833e+02,1.643608691293365846e+05,2.115127247613850159e+01,1.203077916553668025e+01
4.000000000000000000e+03,9.580000000000000000e+03,2.912541187777031269e+02,2.681535156563004421e+02,2.645863992077890998e+02,2.541083579179751837e+02,2.744993509652186958e+02,2.797042124904504021e+02,2.588703639604689783e+02,2.598344366917132220e+02,2.598005018310644232e+02,2.772738948178816258e+02,2.870644674217494980e+02,2.810094516573868759e+02,2.765842927694634454e+02,1.644507224329001619e+05,2.103501643762990270e+01,1.209383985019128005e+01
4.010000000000000000e+03,9.590000000000000000e+03,2.911923551298515349e+02,2.681566222487275581e+02,2.648255869405659837e+02,2.541520411486361581e+02,2.747912355456092541e+02,2.810725118241448968e+02,2.588156225495036438e+02,2.598983365191389794e+02,2.598629687033560458e+02,2.772000235040876532e+02,2.870166895547823742e+02,2.809367161330453087e+02,2.764991889030159768e+02,1.645387557483853598e+05,2.091669548118330368e+01,1.215626387916968376e+01
4.020000000000000000e+03,9.600000000000000000e+03,2.911310391951797101e+02,2.681660241902729354e+02,2.650606331274371996e+02,2.541989540658217663e+02,2.750595390428812834e+02,2.824127557416690593e+02,2.587632178101771387e+02,2.599639637204837186e+02,2.599271664908425237e+02,2.771286454311902503e+02,2.869704805117694377e+02,2.808666124084685976e+02,2.764166405847506667e+02,1.646249554776965815e+05,2.079632460877317257e+01,1.221801148262259673e+01
4.030000000000000000e+03,9.610000000000000000e+03,2.910701801944609315e+02,2.681813343993401872e+02,2.652914917975642197e+02,2.542488912358590198e+02,2.753047289438363237e+02,2.837253252040052303e+02,2.587130390442961811e+02,2.600311106488294399e+02,2.599928878085647739e+02,2.770597243669533327e+02,2.869257963173945996e+02,2.807991025872228761e+02,2.763366141600300807e+02,1.647093085672322777e+05,2.067391908228383457e+01,1.227904413907922354e+01
4.040000000000000000e+03,9.620000000000000000e+03,2.910097866436093454e+02,2.682021830611067230e+02,2.655181184159322356e+02,2.543016621280866332e+02,2.755272617859711772e+02,2.850105678867583947e+02,2.586649758098321854e+02,2.600995854590379963e+02,2.600599410721602567e+02,2.769932221770868068e+02,2.868825925764808176e+02,2.807341467509201038e+02,2.762590740491112342e+02,1.647918024978961330e+05,2.054949442157447947e+01,1.233932454879960972e+01
4.050000000000000000e+03,9.630000000000000000e+03,2.909498663539530980e+02,2.682282169117725630e+02,2.657404700014330956e+02,2.543570884360202342e+02,2.757275832478507596e+02,2.862688052338517650e+02,2.586189183701249021e+02,2.601692097845706257e+02,2.601281481745544966e+02,2.769290989354521457e+02,2.868408245161472223e+02,2.806717030419777643e+02,2.761839828524480254e+02,1.648724252753636683e+05,2.042306640251135619e+01,1.239881660969788335e+01
4.060000000000000000e+03,9.640000000000000000e+03,2.908904264356719409e+02,2.682590984330860806e+02,2.659585052025807954e+02,2.544150020521228726e+02,2.759061282758444804e+02,2.875003378584607390e+02,2.585747581029196454e+02,2.602398168837498815e+02,2.601973426308279613e+02,2.768673130497287502e+02,2.868004470721870689e+02,2.806117277679119297e+02,2.761113014744086058e+02,1.649511654206157255e+05,2.029465105496750610e+01,1.245748539763552643e+01
4.070000000000000000e+03,9.650000000000000000e+03,2.908314733018203242e+02,2.682945050491446182e+02,2.661721843340114901e+02,2.544752435174748655e+02,2.760633212508531074e+02,2.887054497400089303e+02,2.585323878488158584e+02,2.603112501412148845e+02,2.602673680796393683e+02,2.768078213994600105e+02,2.867614149596475386e+02,2.805541755231759566e+02,2.760409892528298883e+02,1.650280119605229702e+05,2.016426466079040125e+01,1.251529715078888572e+01
4.080000000000000000e+03,9.660000000000000000e+03,2.907730126754531739e+02,2.683341283133606794e+02,2.663814693860727516e+02,2.545376608232870694e+02,2.761995761873171205e+02,2.898844115201779914e+02,2.584917021958766554e+02,2.603833618449468190e+02,2.603380770593277020e+02,2.767505794672422326e+02,2.867236827651023532e+02,2.804989993147793825e+02,2.759730040901691268e+02,1.651029544187015563e+05,2.003192375173750506e+01,1.257221925755648684e+01
4.090000000000000000e+03,9.670000000000000000e+03,2.907150495960547119e+02,2.683776731263203601e+02,2.665863240137605885e+02,2.546021084731146971e+02,2.763152969568964750e+02,2.910374831179647686e+02,2.584525977022215102e+02,2.604560121777844302e+02,2.604093299995234929e+02,2.766955414709658498e+02,2.866872050282912596e+02,2.804461506865088154e+02,2.759073025810504305e+02,1.651759828061368898e+05,1.989764510738023162e+01,1.262822024729623216e+01
4.100000000000000000e+03,9.680000000000000000e+03,2.906575884300391408e+02,2.684248569662897239e+02,2.667867135120769149e+02,2.546684467409188244e+02,2.764108775291043116e+02,2.921649158218434081e+02,2.584149730634471780e+02,2.605290683801262617e+02,2.604809943835672357e+02,2.766426605009384048e+02,2.866519363228669590e+02,2.803955798493317388e+02,2.758438401338015638e+02,1.652470876123219787e+05,1.976144575297641026e+01,1.268326978333422694e+01
4.110000000000000000e+03,9.690000000000000000e+03,2.906006328796171942e+02,2.684754092415095670e+02,2.669826047821887869e+02,2.547365410781042101e+02,2.764867022223211279e+02,2.932669539736000957e+02,2.583787292328796070e+02,2.606024040517698381e+02,2.605529440485073565e+02,2.765918885921049082e+02,2.866178313292447228e+02,2.803472357931356100e+02,2.757825710868005444e+02,1.653162597960368439e+05,1.962334295731172062e+01,1.273733865781817798e+01
4.120000000000000000e+03,9.700000000000000000e+03,2.905441859711562529e+02,2.685290707148441243e+02,2.671739662929229553e+02,2.548062616325827321e+02,2.765431459611460809e+02,2.943438363319921223e+02,2.583437695013801658e+02,2.606758985618390057e+02,2.606250585949976539e+02,2.765431769124833750e+02,2.865848447989556007e+02,2.803010664082338508e+02,2.757234488176587206e+02,1.653834907762939984e+05,1.948335423051010196e+01,1.279039878774312200e+01
4.130000000000000000e+03,9.710000000000000000e+03,2.904882501525468683e+02,2.685855922239316556e+02,2.673607680376454141e+02,2.548774828557674539e+02,2.765805745338527686e+02,2.953957971801514191e+02,2.583099995451323707e+02,2.607494365370722562e+02,2.606972228835890064e+02,2.764964757895863841e+02,2.865529320442162202e+02,2.802570185749371490e+02,2.756664258370523157e+02,1.654487724233327026e+05,1.934149732181368719e+01,1.284242321150628285e+01
4.140000000000000000e+03,9.720000000000000000e+03,2.904328272008438034e+02,2.686447351911042460e+02,2.675429814918076659e+02,2.549500831763806445e+02,2.765993448500752265e+02,2.964230672292399049e+02,2.582773274460894299e+02,2.608229074493264648e+02,2.607693266092292674e+02,2.764517348618935557e+02,2.865220482920209975e+02,2.802150382880266761e+02,2.756114538901312585e+02,1.655120970496266091e+05,1.919779021733231517e+01,1.289338608674415632e+01
4.150000000000000000e+03,9.730000000000000000e+03,2.903779182796015448e+02,2.687062703359359261e+02,2.677205795693633945e+02,2.550239447267852881e+02,2.765998051953210961e+02,2.974258743551734483e+02,2.582456636923017754e+02,2.608962052410987553e+02,2.608412639330942397e+02,2.764089031416792182e+02,2.864921492551659981e+02,2.801750707393413791e+02,2.755584840415368717e+02,1.655734574007418705e+05,1.905225113776312185e+01,1.294326268792959134e+01
4.160000000000000000e+03,9.740000000000000000e+03,2.903235239560625018e+02,2.687699773603828248e+02,2.678935365815764840e+02,2.550989531103033983e+02,2.765822954797689590e+02,2.984044441988784229e+02,2.582149211612891122e+02,2.609692280074688711e+02,2.609129331637768132e+02,2.763679291054493206e+02,2.864631910126559546e+02,2.801370604157818320e+02,2.755074667571220743e+02,1.656328466464175435e+05,1.890489853608029236e+01,1.299202940403414885e+01
4.170000000000000000e+03,9.750000000000000000e+03,2.902696442124531018e+02,2.688356444998288453e+02,2.680618281953967994e+02,2.551749972020258497e+02,2.765471474810508994e+02,2.993590006562728263e+02,2.581850150910377124e+02,2.610418777184044643e+02,2.609842364797999039e+02,2.763287607695108363e+02,2.864351300559793572e+02,2.801009511756863049e+02,2.754583519777668243e+02,1.656902583714673237e+05,1.875575109519538231e+01,1.303966373591600458e+01
4.180000000000000000e+03,9.760000000000000000e+03,2.902162784602968486e+02,2.689030681091387009e+02,2.682254313918926414e+02,2.552519689752277543e+02,2.764946850883414982e+02,3.002897662742923330e+02,2.581558630405103827e+02,2.611140599754307914e+02,2.610550796860977698e+02,2.762913457646773168e+02,2.864079232998175826e+02,2.800666863363492780e+02,2.754110891914812100e+02,1.657456865668212413e+05,1.860482772558855302e+01,1.308614429350135033e+01
4.190000000000000000e+03,9.770000000000000000e+03,2.901634255559687290e+02,2.689720522132767542e+02,2.683843244317907875e+02,2.553297633486668587e+02,2.764252245263393206e+02,3.011969625692839259e+02,2.581273848448548733e+02,2.611856837971296841e+02,2.611253719996315112e+02,2.762556314008861023e+02,2.863815281583248975e+02,2.800342087480510713e+02,2.753656274979484238e+02,1.657991256205041427e+05,1.845214756291087710e+01,1.313145079207891186e+01
4.200000000000000000e+03,9.780000000000000000e+03,2.901110891102421760e+02,2.690426369456296243e+02,2.685435079265535592e+02,2.554277101517832307e+02,2.763635092116987835e+02,3.020834470770273583e+02,2.581021514399169519e+02,2.612599111710350712e+02,2.611982756160049917e+02,2.762216356076687589e+02,2.863559664495552397e+02,2.800035323053362504e+02,2.753219865068354011e+02,1.658536873063001258e+05,1.861166869760018017e+01,1.317777717969882012e+01
4.210000000000000000e+03,9.790000000000000000e+03,2.900592751590156695e+02,2.691149080449971507e+02,2.687057804906954743e+02,2.555494117791214705e+02,2.763144151061005118e+02,3.029505582911971260e+02,2.580812213560514579e+02,2.613376995483745304e+02,2.612747481942889181e+02,2.761893857694282701e+02,2.863312663595683034e+02,2.799746809797352967e+02,2.752801952291577550e+02,1.659102066712979577e+05,1.885587340220160257e+01,1.322527718510888484e+01
4.220000000000000000e+03,9.800000000000000000e+03,2.900079902082578087e+02,2.691889453556576655e+02,2.688719260409579306e+02,2.556934849417193334e+02,2.762765296583854706e+02,3.037988739172839701e+02,2.580648958320718407e+02,2.614191272957783099e+02,2.613548683029659401e+02,2.761589010159714235e+02,2.863074465298406039e+02,2.799476701351051133e+02,2.752402743929549729e+02,1.659686566204836417e+05,1.909828948352270572e+01,1.327369348101958657e+01
4.230000000000000000e+03,9.810000000000000000e+03,2.899572407292031357e+02,2.692648288558252716e+02,2.690421437838597285e+02,2.558590606069955129e+02,2.762490870313172877e+02,3.046288526378077677e+02,2.580533604773639809e+02,2.615042426804756701e+02,2.614386844002532939e+02,2.761301959881746484e+02,2.862845202002378073e+02,2.799225098824072120e+02,2.752022402074694583e+02,1.660290106508649769e+05,1.933888620550480297e+01,1.332293553364348426e+01
4.240000000000000000e+03,9.820000000000000000e+03,2.899070330167734255e+02,2.693426370566768924e+02,2.692164568709429204e+02,2.560454694246671465e+02,2.762315687404228584e+02,3.054408828016211146e+02,2.580467337349886066e+02,2.615930712597165098e+02,2.615262222258174347e+02,2.761032826714845214e+02,2.862624974044363739e+02,2.798992069990946447e+02,2.751661062065882675e+02,1.660912424286401074e+05,1.957763306276670434e+01,1.337295574322990888e+01
4.250000000000000000e+03,9.830000000000000000e+03,2.898573731495469019e+02,2.694224450165702933e+02,2.693948325645957311e+02,2.562521356445573701e+02,2.762235692439281820e+02,3.062353074539009867e+02,2.580450917060452980e+02,2.616856227911100063e+02,2.616174917111708851e+02,2.760781713082481588e+02,2.862413860930478791e+02,2.798777659678545433e+02,2.751318841484327322e+02,1.661553256692702125e+05,1.981449978447256655e+01,1.342371890585561012e+01
4.260000000000000000e+03,9.840000000000000000e+03,2.898082669827030600e+02,2.695043230736405917e+02,2.695772192004369572e+02,2.564785366336091670e+02,2.762247449939723083e+02,3.070124381912585818e+02,2.580484818280772288e+02,2.617818959186142251e+02,2.617124916680670026e+02,2.760548708795151924e+02,2.862211927589051470e+02,2.798581895820772161e+02,2.750995845068987364e+02,1.662212340964264877e+05,2.004945633816981498e+01,1.347519424576208280e+01
4.270000000000000000e+03,9.850000000000000000e+03,2.897597201515312690e+02,2.695883361784798353e+02,2.697635580380349438e+02,2.567241849776703475e+02,2.762347920651837399e+02,3.077725634909911605e+02,2.580569310885549612e+02,2.618818811641550610e+02,2.618112128003937755e+02,2.760333894006716946e+02,2.862019228154981647e+02,2.798404793225741969e+02,2.750692167670394497e+02,1.662889414227597008e+05,2.028247293359706660e+01,1.352735318762263894e+01
4.280000000000000000e+03,9.860000000000000000e+03,2.897117380773828472e+02,2.696745436461231407e+02,2.699537875337244373e+02,2.569886184264869939e+02,2.762534346800582057e+02,3.085159542861648561e+02,2.580704513416899886e+02,2.619855629676675335e+02,2.619136396678858318e+02,2.760137341149220447e+02,2.861835808301954103e+02,2.798246356043298420e+02,2.750407896094322382e+02,1.663584213375129330e+05,2.051352002646131467e+01,1.358016866693624181e+01
4.290000000000000000e+03,9.870000000000000000e+03,2.896643259753281541e+02,2.697629991242533265e+02,2.701478443479376779e+02,2.572713951023023924e+02,2.762804184549224829e+02,3.092428674989396882e+02,2.580890429494393743e+02,2.620929208915466688e+02,2.620197520046915542e+02,2.759959115982959474e+02,2.861661706782262513e+02,2.798106579408642460e+02,2.750143110294189910e+02,1.664296474962042412e+05,2.074256832218370405e+01,1.363361490207838500e+01
4.300000000000000000e+03,9.880000000000000000e+03,2.896174888623281731e+02,2.698537507158802669e+02,2.703456641874588513e+02,2.575720890027409951e+02,2.763155059840332228e+02,3.099535488486791337e+02,2.581126973719327111e+02,2.622039306128759790e+02,2.621295256421328190e+02,2.759799278457970217e+02,2.861496956429318175e+02,2.797985450611767533e+02,2.749897884126118583e+02,1.665025935115981556e+05,2.096958877961390399e+01,1.368766728374731301e+01
4.310000000000000000e+03,9.890000000000000000e+03,2.895712315655547400e+02,2.699468411554856289e+02,2.705471819368582942e+02,2.578902873941843836e+02,2.763584737333378598e+02,3.106482347788148672e+02,2.581413990633562889e+02,2.623185645860800719e+02,2.622429331883325290e+02,2.759657883156712614e+02,2.861341585059190606e+02,2.797882949904113161e+02,2.749672285817192687e+02,1.665772329451607075e+05,2.119455261471224006e+01,1.374230231649024070e+01
4.320000000000000000e+03,9.900000000000000000e+03,2.895255587287969092e+02,2.700423080856986076e+02,2.707523317673587258e+02,2.582255887205341764e+02,2.764091097488483229e+02,3.113271539193924013e+02,2.581751268823896908e+02,2.624367925464612767e+02,2.623599445310800320e+02,2.759534979619452884e+02,2.861195615658069755e+02,2.797799051112322104e+02,2.749466378317426916e+02,1.666535392989215616e+05,2.141743130419928320e+01,1.379749757345295258e+01
4.330000000000000000e+03,9.910000000000000000e+03,2.894804748203203530e+02,2.701401843093922821e+02,2.709610471952124726e+02,2.585776009739338974e+02,2.764672119067967628e+02,3.119905281862489232e+02,2.582138551591315832e+02,2.625585819113870798e+02,2.624805272295824352e+02,2.759430612540891161e+02,2.861059066938435080e+02,2.797733722086833268e+02,2.749280219458086094e+02,1.667314860078892671e+05,2.163819658917219968e+01,1.385323165596008010e+01
4.340000000000000000e+03,9.920000000000000000e+03,2.894359841394843897e+02,2.702404980508776475e+02,2.711732611343139752e+02,2.589459403988012127e+02,2.765325865502415468e+02,3.126385736262070054e+02,2.582575545086739908e+02,2.626838980756103297e+02,2.626046468292673239e+02,2.759344821887763715e+02,2.860931953565735739e+02,2.797686925092526167e+02,2.749113862099957828e+02,1.668110464326939255e+05,2.185682047868782263e+01,1.390948415461833854e+01
4.350000000000000000e+03,9.930000000000000000e+03,2.893920908240312428e+02,2.703432732318913168e+02,2.713889059318970567e+02,2.593302304440985040e+02,2.766050474020237857e+02,3.132715010626337744e+02,2.583061924591843876e+02,2.628127046708668786e+02,2.627322671083966270e+02,2.759277643035837855e+02,2.860814286398492641e+02,2.797658617100759102e+02,2.748967354225427471e+02,1.668921938533504726e+05,2.207327525331166740e+01,1.396623561128187418e+01
4.360000000000000000e+03,9.940000000000000000e+03,2.893487988559375026e+02,2.704485297408043039e+02,2.716079133948504136e+02,2.597301009065501489e+02,2.766844146783914198e+02,3.138895165948096633e+02,2.583597339298553379e+02,2.629449637611165258e+02,2.628633502643603492e+02,2.759229106771775264e+02,2.860706072648160898e+02,2.797648750078472517e+02,2.748840739551114325e+02,1.669749014619399968e+05,2.228753346863233986e+01,1.402346747998994303e+01
4.370000000000000000e+03,9.950000000000000000e+03,2.893061120675703251e+02,2.705562836449059887e+02,2.718302148745148656e+02,2.601451872194892303e+02,2.767705144142237828e+02,3.144928219770786768e+02,2.584181416493274810e+02,2.630806360116891369e+02,2.629978571149237041e+02,2.759199239394094434e+02,2.860607316073098900e+02,2.797657271233853749e+02,2.748734055251254063e+02,1.670591423573177599e+05,2.249956795874137327e+01,1.408116209161776489e+01
4.380000000000000000e+03,9.960000000000000000e+03,2.892640341480858979e+02,2.706665474611970126e+02,2.720557412062368599e+02,2.605751298588427858e+02,2.768631778073574878e+02,3.150816149246998634e+02,2.584813764009078341e+02,2.632196808276430602e+02,2.631357472028425946e+02,2.759188062751735515e+02,2.860518017141636733e+02,2.797684123260888782e+02,2.748647335769100550e+02,1.671448895392696431e+05,2.270935183967753446e+01,1.413930261288520640e+01
4.390000000000000000e+03,9.970000000000000000e+03,2.892225686491093484e+02,2.707793303724195653e+02,2.722844228131239106e+02,2.610195738418785822e+02,2.769622407657490726e+02,3.156560893475581224e+02,2.585493972984073707e+02,2.633620564610515657e+02,2.632769789242119600e+02,2.759195594295675846e+02,2.860438173129744541e+02,2.797729244527719175e+02,2.748580610150957000e+02,1.672321159034120792e+05,2.291685851283552111e+01,1.419787301025083259e+01
4.400000000000000000e+03,9.980000000000000000e+03,2.891817189903515555e+02,2.708946383989532478e+02,2.725161897065354424e+02,2.614781682996875816e+02,2.770675434791820066e+02,3.162164355279259667e+02,2.586221619680296726e+02,2.635077201203025083e+02,2.634215096245866903e+02,2.759221847127483898e+02,2.860367778432190562e+02,2.797792569428124239e+02,2.748533902842781913e+02,1.673207942364524642e+05,2.312206166833831844e+01,1.425685801236055461e+01
4.410000000000000000e+03,9.990000000000000000e+03,2.891414884655234232e+02,2.710124746314148183e+02,2.727509715124841705e+02,2.619505661124240987e+02,2.771789300633136008e+02,3.167628402594928616e+02,2.586996267028187049e+02,2.636566280543844982e+02,2.635692956827464286e+02,2.759266830065013778e+02,2.860306824506677685e+02,2.797874028429459372e+02,2.748507233743517304e+02,1.674108972118695674e+05,2.332493528837309427e+01,1.431624307273732910e+01
4.420000000000000000e+03,1.000000000000000000e+04,2.891018802466406328e+02,2.711328393812897843e+02,2.729886975049307125e+02,2.624364235914025585e+02,2.772962482528350279e+02,3.172954869673727671e+02,2.587817465874759932e+02,2.638087356053660528e+02,2.637202925802470190e+02,2.759330547679284678e+02,2.860255300152643372e+02,2.797973548402089250e+02,2.748500618262531248e+02,1.675023973858820973e+05,2.352545365049001802e+01,1.437601433255272454e+01
4.430000000000000000e+03,1.001000000000000000e+04,2.890628973903749852e+02,2.712557303583337216e+02,2.732292966199222519e+02,2.629354002075427843e+02,2.774193491347392069e+02,3.178145557860921144e+02,2.588684756006160796e+02,2.639639972860993566e+02,2.638744549642240145e+02,2.759413000368035682e+02,2.860213191614804487e+02,2.798091052765618088e+02,2.748514067381454424e+02,1.675952671940005384e+05,2.372359133086363059e+01,1.443615858401691909e+01
4.440000000000000000e+03,1.002000000000000000e+04,2.890245428427500087e+02,2.713811428059117929e+02,2.734726974811113109e+02,2.634471583508449157e+02,2.775480869169732046e+02,3.183202236299571268e+02,2.589597667003605466e+02,2.641223668284687847e+02,2.640317366994765393e+02,2.759514184409109703e+02,2.860180482755976072e+02,2.798226461771889149e+02,2.748547587711946107e+02,1.676894789478445309e+05,2.391932320751630314e+01,1.449666323391419986e+01
4.450000000000000000e+03,1.003000000000000000e+04,2.889868194429844266e+02,2.715090696795342637e+02,2.737188284197778785e+02,2.639713631215469718e+02,2.776823187227195717e+02,3.188126642448282269e+02,2.590555718953405631e+02,2.642837972324954876e+02,2.641920909165816624e+02,2.759634092013307054e+02,2.860157155021954622e+02,2.798379692617261867e+02,2.748601181545910777e+02,1.677850048324218951e+05,2.411262446350347943e+01,1.455751626756437567e+01
4.460000000000000000e+03,1.004000000000000000e+04,2.889497299296875212e+02,2.716395017261630755e+02,2.739676174953521581e+02,2.645076821452399827e+02,2.778219044031388876e+02,3.192920482502780146e+02,2.591558423046707276e+02,2.644482408054933558e+02,2.643554700533833852e+02,2.759772711435852557e+02,2.860143187915566045e+02,2.798550659675832435e+02,2.748674846941973442e+02,1.678818169037497428e+05,2.430347059006028232e+01,1.461870621292398020e+01
4.470000000000000000e+03,1.005000000000000000e+04,2.889132769441796995e+02,2.717724276487483621e+02,2.742189925066114142e+02,2.650557854124462551e+02,2.779667063923270689e+02,3.197585431679694921e+02,2.592605282090408991e+02,2.646156492014181367e+02,2.645218258913145633e+02,2.759930026959398219e+02,2.860138558833288016e+02,2.798739274681877873e+02,2.748768577769143917e+02,1.679798870868789672e+05,2.449183738970890545e+01,1.468022210566599739e+01
4.480000000000000000e+03,1.006000000000000000e+04,2.888774630354453734e+02,2.719078342010964207e+02,2.744728810225055327e+02,2.656153451362594069e+02,2.781165895327358157e+02,3.202123134549325982e+02,2.593695790955298435e+02,2.647859734527756927e+02,2.646911095902522106e+02,2.760106019008467229e+02,2.860143243289770680e+02,2.798945446907831069e+02,2.748882363772657982e+02,1.680791871743542724e+05,2.467770097932667994e+01,1.474205345390194921e+01
4.490000000000000000e+03,1.007000000000000000e+04,2.888422906640156498e+02,2.720457063016988855e+02,2.747292103871985773e+02,2.661860356238721010e+02,2.782714209638278930e+02,3.206535205189424573e+02,2.594829436964682259e+02,2.649591640018902012e+02,2.648632717182986198e+02,2.760300664197494029e+02,2.860157215023309618e+02,2.799169083335925734e+02,2.749016190636174315e+02,1.681796888249641925e+05,2.486103779317420504e+01,1.480419020398156782e+01
4.500000000000000000e+03,1.008000000000000000e+04,2.888077622061249485e+02,2.721860271234990591e+02,2.749879077416521795e+02,2.667675331667077785e+02,2.784310699939556457e+02,3.210823227385354812e+02,2.596005700229277977e+02,2.651351707293816276e+02,2.650382622790078813e+02,2.760513935385562831e+02,2.860180446103423151e+02,2.799410088814574920e+02,2.749170040050236139e+02,1.682813635628593038e+05,2.504182458588329752e+01,1.486662270659545193e+01
4.510000000000000000e+03,1.009000000000000000e+04,2.887738799558906635e+02,2.723287781810225852e+02,2.752489000352453559e+02,2.673595159463883419e+02,2.785954079923849918e+02,3.214988754772550692e+02,2.597224053960592300e+02,2.653139429777693294e+02,2.652160307370651822e+02,2.760745801738514729e+02,2.860212907062330601e+02,2.799668366205312395e+02,2.749343889883311931e+02,1.683841827772116230e+05,2.522003843540422707e+01,1.492934168339914081e+01
4.520000000000000000e+03,1.010000000000000000e+04,2.887406461319609434e+02,2.724739394681452040e+02,2.755121140433770961e+02,2.679616639471591952e+02,2.787643082854436329e+02,3.219033310972914137e+02,2.598483964742557077e+02,2.654954295771627812e+02,2.653965260437211100e+02,2.760996228780058459e+02,2.860254566922162667e+02,2.799943816552942053e+02,2.749537713707389912e+02,1.684881177219097153e+05,2.539565674591206346e+01,1.499233819419877456e+01
4.530000000000000000e+03,1.011000000000000000e+04,2.887080628784531200e+02,2.726214893795976764e+02,2.757774763795148942e+02,2.685736588777602378e+02,2.789376460653279537e+02,3.222958389719847219e+02,2.599784892785280022e+02,2.656795788627487127e+02,2.655796966569956226e+02,2.761265179102529714e+02,2.860305393377626046e+02,2.800236339172594739e+02,2.749751481660125023e+02,1.685931395159571839e+05,2.556865725067155282e+01,1.505560360441537426e+01
4.540000000000000000e+03,1.012000000000000000e+04,2.886761322688672067e+02,2.727714051236546879e+02,2.760449135129742899e+02,2.691951841181846703e+02,2.791152983061133455e+02,3.226765455003151146e+02,2.601126292154441444e+02,2.658663387097214468e+02,2.657654905625046808e+02,2.761552609787461279e+02,2.860365352798306162e+02,2.800545831832371846e+02,2.749985159954762253e+02,1.686992191439619055e+05,2.573901801486043439e+01,1.511912955418649496e+01
4.550000000000000000e+03,1.013000000000000000e+04,2.886445937017890060e+02,2.729222854668769855e+02,2.763145325285090053e+02,2.698278483713156675e+02,2.792975952447164900e+02,3.230482703627836827e+02,2.602509462588737961e+02,2.660559265281776788e+02,2.659541332080658549e+02,2.761842042726786417e+02,2.860422281083104963e+02,2.800856465243140860e+02,2.750221640061257631e+02,1.688063617159586283e+05,2.590671743835046215e+01,1.518328299439375506e+01
4.560000000000000000e+03,1.014000000000000000e+04,2.886136894091640102e+02,2.730755186828702108e+02,2.765862960688147041e+02,2.704693219678592868e+02,2.794839270141183647e+02,3.234082321278310133e+02,2.603931835378853634e+02,2.662479475154496527e+02,2.661452216099046382e+02,2.762150020682391300e+02,2.860489007647711901e+02,2.801184094895671137e+02,2.750478083951152826e+02,1.689144962945504230e+05,2.607173425844611003e+01,1.524757326460917817e+01
4.570000000000000000e+03,1.015000000000000000e+04,2.885834290140468852e+02,2.732310688461247423e+02,2.768599712531915884e+02,2.711193629067287816e+02,2.796742085214867757e+02,3.237566183663939228e+02,2.605393023192148689e+02,2.664423959179183043e+02,2.663387499785008572e+02,2.762476472459255206e+02,2.860565280356327662e+02,2.801528590172192708e+02,2.750754424291863529e+02,1.690235947301601118e+05,2.623404755258057008e+01,1.531206787940620195e+01
4.580000000000000000e+03,1.016000000000000000e+04,2.885538177360156737e+02,2.733889079732288678e+02,2.771354390755702752e+02,2.717776815554382779e+02,2.798683321007999893e+02,3.240935804471369579e+02,2.606892494156044222e+02,2.666392324959843450e+02,2.665346791587662096e+02,2.762821321909453332e+02,2.860650946936154924e+02,2.801889816110143556e+02,2.751050590568898429e+02,1.691336278586665867e+05,2.639363674096843226e+01,1.537677711942197156e+01
4.590000000000000000e+03,1.017000000000000000e+04,2.885248589128359527e+02,2.735490087117266285e+02,2.774126121909690141e+02,2.724439757035666503e+02,2.800661847976087415e+02,3.244192582797463160e+02,2.608429677519729353e+02,2.668384079302823011e+02,2.667329599394039974e+02,2.763184494166753211e+02,2.860745903663968193e+02,2.802267641717081119e+02,2.751366513974996337e+02,1.692445661856859224e+05,2.655048158921501766e+01,1.544169814078935232e+01
4.600000000000000000e+03,1.018000000000000000e+04,2.884965550683202764e+02,2.737113424929581242e+02,2.776914123380752812e+02,2.731179402672116225e+02,2.802676530902786567e+02,3.247337866451603077e+02,2.610003990157902649e+02,2.670398694768403516e+02,2.669335396915293472e+02,2.763565915321046873e+02,2.860850069607454316e+02,2.802661939941010587e+02,2.751702126720179535e+02,1.693563800419359468e+05,2.670456221088198134e+01,1.550682499426005734e+01
4.610000000000000000e+03,1.019000000000000000e+04,2.884689083507109331e+02,2.738758791895631930e+02,2.779717639309142783e+02,2.737992701422033406e+02,2.804726241945944594e+02,3.250372968380233942e+02,2.611614843119934335e+02,2.672435630047741597e+02,2.671363643955170346e+02,2.763965511418386427e+02,2.860963374758061946e+02,2.803072586503346315e+02,2.752057360889041888e+02,1.694690396240903647e+05,2.685585907000867678e+01,1.557215097973404028e+01
4.620000000000000000e+03,1.020000000000000000e+04,2.884419207139608829e+02,2.740425871502100108e+02,2.782535921753296861e+02,2.744876610803793824e+02,2.806809864269638979e+02,3.253299171131453136e+02,2.613261643138209251e+02,2.674494336497777454e+02,2.673413792966841243e+02,2.764383207585490823e+02,2.861085754641800349e+02,2.803499458899710248e+02,2.752432147476932869e+02,1.695825150051010714e+05,2.700435298358910075e+01,1.563766921506824481e+01
4.630000000000000000e+03,1.021000000000000000e+04,2.884155939926405381e+02,2.742114333928655583e+02,2.785368225044219344e+02,2.751828100095147533e+02,2.808926292814865633e+02,3.256117728118191508e+02,2.614943792952382751e+02,2.676574260495132762e+02,2.675485291411605999e+02,2.764818927421135299e+02,2.861217147614946157e+02,2.803942435677111007e+02,2.752826415735029855e+02,1.696967761406292848e+05,2.715002512400414858e+01,1.570337277013574351e+01
4.640000000000000000e+03,1.022000000000000000e+04,2.883899299346405769e+02,2.743823837300407149e+02,2.788213804116863912e+02,2.758844151584031579e+02,2.811074434340542894e+02,3.258829864096359188e+02,2.616660691390616762e+02,2.678674844412735752e+02,2.677577582690901750e+02,2.765272592460194687e+02,2.861357493751733614e+02,2.804401395931994330e+02,2.753240092718507981e+02,1.698117928731844295e+05,2.729285702140880332e+01,1.576925468879696979e+01
4.650000000000000000e+03,1.023000000000000000e+04,2.883649302148905917e+02,2.745554029093632948e+02,2.791071914083883598e+02,2.765921761203132405e+02,2.813253207074800457e+02,3.261436775389656191e+02,2.618411733397135777e+02,2.680795527093991382e+02,2.679690106689858453e+02,2.765744121951482839e+02,2.861506734077436249e+02,2.804876218968207127e+02,2.753673102952706131e+02,1.699275349361081317e+05,2.743283056607388204e+01,1.583530797971317661e+01
4.660000000000000000e+03,1.024000000000000000e+04,2.883405964432890300e+02,2.747304547249526081e+02,2.793941810127142276e+02,2.773057938889866705e+02,2.815461540583494866e+02,3.263939630092755806e+02,2.620196310093081706e+02,2.682935744202844717e+02,2.681822300062932527e+02,2.766233432567548789e+02,2.861664810124343035e+02,2.805366784052615117e+02,2.754125368172795447e+02,1.700439719578358054e+05,2.756992801068223997e+01,1.590152559896293027e+01
4.670000000000000000e+03,1.025000000000000000e+04,2.883169301674375333e+02,2.749075021018181246e+02,2.796822747546813162e+02,2.780249709049313651e+02,2.817698375337215566e+02,3.266339568264547779e+02,2.622013808840466709e+02,2.685094928430386858e+02,2.683973596485743087e+02,2.766740438235843840e+02,2.861831663709974691e+02,2.805872970234452168e+02,2.754596807198232113e+02,1.701610734660371963e+05,2.770413197257886395e+01,1.596790042975760926e+01
4.680000000000000000e+03,1.026000000000000000e+04,2.882939328752891015e+02,2.750865071695488950e+02,2.799713982486871373e+02,2.787494110823944879e+02,2.819962662905997490e+02,3.268637702305933885e+02,2.623863613345625367e+02,2.687272508627219736e+02,2.686143426832173873e+02,2.767265050066200160e+02,2.862007236726423685e+02,2.806394656220059574e+02,2.755087335797128389e+02,1.702788088941228925e+05,2.783542543597495822e+01,1.603442526117651568e+01
4.690000000000000000e+03,1.027000000000000000e+04,2.882716059956719050e+02,2.752674313181725552e+02,2.802614769529931777e+02,2.794788198477469336e+02,2.822253363690518313e+02,3.270835116754105911e+02,2.625745103726606544e+02,2.689467914497039942e+02,2.688331219397603604e+02,2.767807176172319146e+02,2.862191471021431539e+02,2.806931720275846942e+02,2.755596866573999932e+02,1.703971475791506818e+05,2.796379175410527651e+01,1.610109277150963081e+01
4.700000000000000000e+03,1.028000000000000000e+04,2.882499508999530917e+02,2.754502352374473730e+02,2.805524365787510988e+02,2.802129041736245654e+02,2.824569449737741706e+02,3.272932869102177733e+02,2.627657656640048458e+02,2.691680569651109636e+02,2.690536400025752641e+02,2.768366721709064109e+02,2.862384308278646472e+02,2.807484040125725642e+02,2.756125308944887138e+02,1.705160587765221717e+05,2.808921465133882833e+01,1.616789550290446442e+01
4.710000000000000000e+03,1.029000000000000000e+04,2.882289689015312319e+02,2.756348789878030630e+02,2.808442028067229330e+02,2.809513726244778127e+02,2.826909902380155586e+02,3.274931989845713360e+02,2.629600645386797737e+02,2.693909896792892482e+02,2.692758392263783662e+02,2.768943588770470683e+02,2.862585689951076233e+02,2.808051492900419817e+02,2.756672569055965027e+02,1.706355116592636623e+05,2.821167822524244428e+01,1.623482584711309329e+01
4.720000000000000000e+03,1.030000000000000000e+04,2.882086612563437029e+02,2.758213220082860744e+02,2.811367013872288112e+02,2.816939353967590023e+02,2.829273712401940770e+02,3.276833482823243457e+02,2.631573440004868871e+02,2.696155316429516233e+02,2.694996617575316691e+02,2.769537676351453683e+02,2.862795557174795817e+02,2.808633955061858387e+02,2.757238549752507879e+02,1.707554753239727288e+05,2.833116694859711160e+01,1.630187602626991961e+01
4.730000000000000000e+03,1.031000000000000000e+04,2.881890291625859390e+02,2.760095231592370624e+02,2.814298581512929900e+02,2.824403043600921706e+02,2.831659880019934121e+02,3.278638325555940014e+02,2.633575407402416317e+02,2.698416247178596450e+02,2.697250495283835221e+02,2.770148880302046450e+02,2.863013850702920422e+02,2.809231302342669210e+02,2.757823150539417725e+02,1.708759187974343658e+05,2.844766567136658608e+01,1.636903807607881589e+01
4.740000000000000000e+03,1.032000000000000000e+04,2.881703651796953523e+02,2.762009990207572514e+02,2.817234255551086335e+02,2.831872426336947797e+02,2.834060349187255952e+02,3.280341222005095574e+02,2.635603192140341093e+02,2.700688875621399916e+02,2.699516172746185703e+02,2.770796597461508100e+02,2.863253654423887156e+02,2.809860975742039386e+02,2.758446861507613335e+02,1.709968399765896320e+05,2.856115962261836216e+01,1.643598006034401493e+01
4.750000000000000000e+03,1.033000000000000000e+04,2.881524063906328479e+02,2.763940999716465967e+02,2.820172597452977925e+02,2.839375536005860567e+02,2.836481805062181252e+02,3.281950828453875602e+02,2.637659153251200905e+02,2.702976703582242521e+02,2.701797198125815953e+02,2.771460949752103602e+02,2.863500898232982195e+02,2.810505027820547070e+02,2.759088741158019502e+02,1.711181839292701334e+05,2.867163441239642907e+01,1.650312977495296707e+01
4.760000000000000000e+03,1.034000000000000000e+04,2.881351437633828141e+02,2.765887962278835062e+02,2.823114681898103981e+02,2.846908736011671408e+02,2.838922897145854449e+02,3.283467708998998091e+02,2.639742404974306851e+02,2.705278600323130718e+02,2.704092441952276999e+02,2.772141863964043296e+02,2.863755812134348275e+02,2.811163371434270744e+02,2.759748721414582064e+02,1.712399191730929306e+05,2.877907603354580957e+01,1.657039811721326217e+01
4.770000000000000000e+03,1.035000000000000000e+04,2.881185738549061739e+02,2.767850455526759106e+02,2.826060285710891549e+02,2.854468972551691195e+02,2.841382551026203487e+02,3.284892630553511026e+02,2.641852249770035428e+02,2.707593808637541883e+02,2.706401147705169024e+02,2.772839251130781122e+02,2.864018477780830949e+02,2.811835909582288195e+02,2.760426717092534545e+02,1.713620143685526855e+05,2.888347086348851889e+01,1.663775676366699940e+01
4.780000000000000000e+03,1.036000000000000000e+04,2.881026955416406850e+02,2.769828028431862208e+02,2.829008823481001400e+02,2.862053375729916525e+02,2.843859777116057899e+02,3.286226392627694395e+02,2.643988034350617227e+02,2.709921681319797813e+02,2.708722668875408885e+02,2.773553010393842442e+02,2.864288909224508757e+02,2.812522536130969684e+02,2.761122630465553698e+02,1.714844381851766666e+05,2.898480566595077335e+01,1.670519149068914189e+01
4.790000000000000000e+03,1.037000000000000000e+04,2.880875086219530772e+02,2.771820226737628445e+02,2.831959605699659051e+02,2.869659147387797020e+02,2.846353617028338476e+02,3.287469784274938434e+02,2.646149113400334159e+02,2.712261605464912009e+02,2.711056393254127101e+02,2.774283031811963269e+02,2.864567089185222244e+02,2.813223137767594721e+02,2.761836354263082285e+02,1.716071592739197949e+05,2.908306759264127095e+01,1.677269134897526826e+01
4.800000000000000000e+03,1.038000000000000000e+04,2.880730132417890559e+02,2.773826595039238327e+02,2.834911913435369115e+02,2.877283528681892335e+02,2.848863127858529651e+02,3.288623573917063254e+02,2.648334841086507367e+02,2.714612979446015402e+02,2.713401719690901359e+02,2.775029197922632420e+02,2.864852984831838398e+02,2.813937595620687375e+02,2.762567773498427073e+02,1.717301462652738264e+05,2.917824418488015681e+01,1.684024604599190056e+01
4.810000000000000000e+03,1.039000000000000000e+04,2.880592096573203662e+02,2.775846682813366328e+02,2.837865018850453680e+02,2.884923789061089110e+02,2.851387377360190953e+02,3.289688507454563364e+02,2.650544568709677833e+02,2.716975205268532818e+02,2.715758050919149014e+02,2.775791385173703247e+02,2.865146554689811751e+02,2.814665786462944084e+02,2.763316766717783253e+02,1.718533677735189267e+05,2.927032337517873728e+01,1.690784526981290981e+01
4.820000000000000000e+03,1.040000000000000000e+04,2.880460981388906134e+02,2.777880038609303597e+02,2.840818193235324998e+02,2.892577223838165423e+02,2.853925442217764044e+02,3.290665308366654926e+02,2.652777644863597288e+02,2.719347686167629377e+02,2.718124790697647200e+02,2.776569464526763227e+02,2.865447751917893697e+02,2.815407583452114864e+02,2.764083206717418761e+02,1.719767924028646084e+05,2.935929348876946321e+01,1.697547850280781034e+01
4.830000000000000000e+03,1.041000000000000000e+04,2.880336789280468679e+02,2.779926210767288808e+02,2.843770708673603735e+02,2.900241152970440339e+02,2.856476407369650019e+02,3.291554678259946627e+02,2.655033415579075609e+02,2.721729825741770696e+02,2.720501343187739280e+02,2.777363302027628720e+02,2.865756525819983835e+02,2.816162856660342300e+02,2.764866961125903799e+02,1.721003887545439065e+05,2.944514324508623559e+01,1.704313496161882213e+01
4.840000000000000000e+03,1.042000000000000000e+04,2.880219521864922285e+02,2.781984747326973206e+02,2.846721838884062095e+02,2.907912921170352547e+02,2.859039365681429103e+02,3.292357297467328294e+02,2.657311224529261153e+02,2.724121027631039738e+02,2.722887112581059910e+02,2.778172759180361027e+02,2.866072822492730552e+02,2.816931473421585679e+02,2.765667892792486100e+02,1.722241254334413388e+05,2.952786175919462153e+01,1.711080357408626895e+01
4.850000000000000000e+03,1.043000000000000000e+04,2.880109181126875342e+02,2.784055191263873326e+02,2.849670859554007052e+02,2.915589898166461467e+02,2.861613417710483986e+02,3.293073825630077636e+02,2.659610413280317402e+02,2.726520695428774275e+02,2.725281502982392681e+02,2.778997693098962145e+02,2.866396585775210042e+02,2.817713298420322872e+02,2.766485859982166176e+02,1.723479710552953184e+05,2.960743854317200530e+01,1.717847296782375111e+01
4.860000000000000000e+03,1.044000000000000000e+04,2.880005767460078232e+02,2.786137086264135405e+02,2.852617048558788042e+02,2.923269479210160853e+02,2.864197671594467351e+02,3.293704902249153292e+02,2.661930321485278341e+02,2.728928232651709322e+02,2.727683918422535498e+02,2.779837956843949769e+02,2.866727756759123622e+02,2.818508193975190466e+02,2.767320716589510425e+02,1.724718942537233233e+05,2.968386350743734781e+01,1.724613146382089113e+01
4.870000000000000000e+03,1.045000000000000000e+04,2.879909280888984426e+02,2.788229972263392824e+02,2.855559686053886708e+02,2.930949085604370339e+02,2.866791242920105560e+02,3.294251147206163637e+02,2.664270287070370387e+02,2.731343042812413842e+02,2.730093762879721453e+02,2.780693399432810793e+02,2.867066274395816663e+02,2.819316020013999378e+02,2.768172312267082020e+02,1.725958636875030352e+05,2.975712696203039087e+01,1.731376707194424114e+01
4.880000000000000000e+03,1.046000000000000000e+04,2.879819720702030850e+02,2.790333386309714001e+02,2.858498054616536024e+02,2.938626165308987765e+02,2.869393254604968888e+02,3.294713161267956707e+02,2.666629646395005011e+02,2.733764529453889622e+02,2.732510440367425986e+02,2.781563865929537656e+02,2.867412075528757782e+02,2.820136634086771892e+02,2.769040492500034247e+02,1.727198480476882251e+05,2.982721961784035258e+01,1.738136748806673282e+01
4.890000000000000000e+03,1.047000000000000000e+04,2.879737085433750394e+02,2.792446862565455490e+02,2.861431439367298140e+02,2.946298193565372685e+02,2.872002836847602225e+02,3.295091526590380226e+02,2.669007734416385347e+02,2.736192096200151127e+02,2.734933354960797374e+02,2.782449197492371127e+02,2.867765094878073455e+02,2.820969891375476095e+02,2.769925098596934276e+02,1.728438160648281628e+05,2.989413258778361993e+01,1.744892009223238816e+01
4.900000000000000000e+03,1.048000000000000000e+04,2.879661372815859295e+02,2.794569931995866341e+02,2.864359128111549353e+02,2.953962673518875590e+02,2.874619127052526437e+02,3.295386807193269760e+02,2.671403884852479109e+02,2.738625146905523593e+02,2.737361910906394655e+02,2.783349231392468823e+02,2.868125265134270307e+02,2.821815644639493144e+02,2.770825967769838485e+02,1.729677365162800706e+05,2.995785738793059849e+01,1.751641194813001334e+01
4.910000000000000000e+03,1.049000000000000000e+04,2.879592579760703188e+02,2.796702122833144699e+02,2.867280411377246310e+02,2.961617136853155330e+02,2.877241269749284243e+02,3.295599549441003546e+02,2.673817430307484528e+02,2.741063085665998642e+02,2.739795512697629079e+02,2.784263801023245719e+02,2.868492516915300712e+02,2.822673744200942565e+02,2.771742933128130062e+02,1.730915782333895913e+05,3.001838593858134274e+01,1.758382980303011678e+01
4.920000000000000000e+03,1.050000000000000000e+04,2.879530702309297112e+02,2.798842960352628211e+02,2.870194582594531880e+02,2.969259144426263788e+02,2.879868416564584663e+02,3.295730282505954847e+02,2.676247702405610198e+02,2.743505316944718970e+02,2.742233565179866446e+02,2.785192735918546418e+02,2.868866778804622300e+02,2.823544037862435516e+02,2.772675823691559458e+02,1.732153101087348477e+05,3.007571056529001297e+01,1.765116008894505484e+01
4.930000000000000000e+03,1.051000000000000000e+04,2.879475735614610130e+02,2.800991966959618935e+02,2.873100938192286549e+02,2.976886286904701819e+02,2.882499726171188286e+02,3.295779518837987325e+02,2.678694031943769005e+02,2.745951245663119380e+02,2.744675473643575856e+02,2.786135861760427019e+02,2.869247977334680968e+02,2.824426370855888990e+02,2.773624464375091634e+02,1.733389011034138093e+05,3.012982399983793869e+01,1.771838892468777260e+01
4.940000000000000000e+03,1.052000000000000000e+04,2.879427673891250379e+02,2.803148662432761853e+02,2.875998777736297143e+02,2.984496185390630671e+02,2.885134364268457716e+02,3.295747754622163370e+02,2.681155748997088040e+02,2.748400277295828005e+02,2.747120643846467942e+02,2.787093000337275157e+02,2.869636036969902761e+02,2.825320585779508065e+02,2.774588675999699490e+02,1.734623202541343344e+05,3.018071938115513575e+01,1.778550211847636930e+01
4.950000000000000000e+03,1.053000000000000000e+04,2.879386510398906012e+02,2.805312563801564920e+02,2.878887403993085172e+02,2.992086492036899017e+02,2.887771503485344056e+02,3.295635470230496935e+02,2.683632183147358887e+02,2.750851817979783505e+02,2.749568482265075886e+02,2.788063969549841090e+02,2.870030880111265219e+02,2.826226522524250413e+02,2.775568275264415092e+02,1.735855366805371887e+05,3.022839025619023090e+01,1.785248517198334639e+01
4.960000000000000000e+03,1.054000000000000000e+04,2.879352237401092793e+02,2.807483185623235045e+02,2.881766123062141105e+02,2.999654890652259951e+02,2.890410323526157299e+02,3.295443130677053318e+02,2.686122663459482851e+02,2.753305274607433262e+02,2.752018396073574991e+02,2.789048583412459834e+02,2.870432427043698453e+02,2.827144018209527303e+02,2.776563074743829134e+02,1.737085195922343701e+05,3.027283058072864819e+01,1.791932328468037383e+01
4.970000000000000000e+03,1.055000000000000000e+04,2.879324846135077678e+02,2.809660040010804778e+02,2.884634244521354276e+02,3.007199097299168784e+02,2.893050010900934694e+02,3.295171186059329784e+02,2.688626518871857911e+02,2.755760054892948574e+02,2.754469793285754804e+02,2.790046652011656079e+02,2.870840595945229552e+02,2.828072907115180215e+02,2.777572882882568024e+02,1.738312382959396055e+05,3.031403472015894707e+01,1.798600135895767949e+01
4.980000000000000000e+03,1.056000000000000000e+04,2.879304326773359435e+02,2.811842636819590666e+02,2.887491081650877049e+02,3.014716860859433041e+02,2.895689759181801151e+02,3.294820072011805792e+02,2.691143077727123227e+02,2.758215567603688783e+02,2.756922082862027992e+02,2.791057981456986568e+02,2.871255302874459971e+02,2.829013020611527054e+02,2.778597503987389246e+02,1.739536622024824610e+05,3.035199745018727313e+01,1.805250400589161330e+01
4.990000000000000000e+03,1.057000000000000000e+04,2.879290668402500728e+02,2.814030483719176914e+02,2.890335951210861367e+02,3.022205963605384795e+02,2.898328768735921699e+02,3.294390210096453870e+02,2.693671668771880263e+02,2.760671222490696550e+02,2.759374674784955346e+02,2.792082374204996995e+02,2.871676461745156530e+02,2.829964187098036632e+02,2.779636738145024992e+02,1.740757608338445425e+05,3.038671395749969761e+01,1.811881555246669961e+01
5.000000000000000000e+03,1.058000000000000000e+04,2.879283858973437304e+02,2.816223086320677567e+02,2.893168173883291274e+02,3.029664221723223250e+02,2.900966246902892749e+02,3.293882008309024059e+02,2.696211620671153355e+02,2.763126430503675124e+02,2.761826980221999293e+02,2.793119628440148858e+02,2.872103984325419788e+02,2.830926231939258173e+02,2.780690381380738927e+02,1.741975038299911248e+05,3.041817984037254519e+01,1.818492004897885650e+01
5.010000000000000000e+03,1.059000000000000000e+04,2.879283885288749616e+02,2.818419948296034931e+02,2.895987074245919644e+02,3.037089485847355377e+02,2.903601407941657158e+02,3.293295861454320743e+02,2.698762262301175952e+02,2.765580603867998661e+02,2.764278411575027690e+02,2.794169538550559651e+02,2.872537780199227768e+02,2.831898977402476021e+02,2.781758225488361518e+02,1.743188609557388991e+05,3.044639110923048264e+01,1.825080127697685839e+01
5.020000000000000000e+03,1.060000000000000000e+04,2.879290732967265853e+02,2.820620571489544659e+02,2.898791980916086004e+02,3.044479641549065718e+02,2.906233472998138154e+02,3.292632151584929261e+02,2.701322922883389310e+02,2.768033156192598767e+02,2.766728382612585619e+02,2.795231894973659337e+02,2.872977756779681044e+02,2.832882242603603800e+02,2.782840058092916706e+02,1.744398021075299766e+05,3.047134418715230453e+01,1.831644275806403854e+01
5.030000000000000000e+03,1.061000000000000000e+04,2.879304386381952554e+02,2.822824456107330207e+02,2.901582226663080064e+02,3.051832609808094503e+02,2.908861670133354664e+02,3.291891248416247322e+02,2.703892932117048531e+02,2.770483502571340750e+02,2.769176308560180360e+02,2.796306484202997922e+02,2.873423819297690329e+02,2.833875843453560606e+02,2.783935662640404303e+02,1.745602973200232955e+05,3.049303591032453653e+01,1.838182776332580914e+01
5.040000000000000000e+03,1.062000000000000000e+04,2.879324828687734339e+02,2.825031100722090400e+02,2.904357148442023231e+02,3.059146347437844611e+02,2.911485234332452023e+02,3.291073509742130909e+02,2.706471620430598932e+02,2.772931059711058310e+02,2.771621606222012701e+02,2.797393088789616513e+02,2.873875870715800147e+02,2.834879592606239385e+02,2.785044818396861501e+02,1.746803167726917309e+05,3.051146352844252618e+01,1.844693932366950406e+01
5.050000000000000000e+03,1.063000000000000000e+04,2.879352041748203419e+02,2.827240002491708992e+02,2.907116087782023897e+02,3.066418847655116338e+02,2.914103407507683414e+02,3.290179281848145934e+02,2.709058318532673297e+02,2.775375245960800044e+02,2.774063694070600263e+02,2.798491487311032415e+02,2.874333811883198564e+02,2.835893299421554161e+02,2.786167300497121460e+02,1.747998307962674007e+05,3.052662470505918790e+01,1.851176023937349058e+01
5.060000000000000000e+03,1.064000000000000000e+04,2.879386006123124844e+02,2.829450657238896838e+02,2.909858390453419474e+02,3.073648140216841398e+02,2.916715438528254367e+02,3.289208899901819336e+02,2.711652358476846985e+02,2.777815481539161624e+02,2.776501992399672645e+02,2.799601454461334811e+02,2.874797541396898168e+02,2.836916769898511461e+02,2.787302879754450373e+02,1.749188098791063530e+05,3.053851751788116076e+01,1.857627309281717842e+01
5.070000000000000000e+03,1.065000000000000000e+04,2.879426701031718494e+02,2.831662559597346558e+02,2.912583407783542953e+02,3.080832291995210426e+02,2.919320583243218152e+02,3.288162688361240384e+02,2.714253073967512933e+02,2.780251188543865624e+02,2.778935921253622610e+02,2.800722760976615859e+02,2.875266955642891276e+02,2.837949806678885807e+02,2.788451322977258542e+02,1.750372246733605571e+05,3.054714045901266672e+01,1.864046025614072732e+01
5.080000000000000000e+03,1.066000000000000000e+04,2.879474104333593800e+02,2.833875203135345373e+02,2.915290492909545605e+02,3.087969407211718931e+02,2.921918104368738796e+02,3.287040961366013221e+02,2.716859797120715712e+02,2.782681791089350440e+02,2.781364909328229942e+02,2.801855173682080249e+02,2.875741948797864325e+02,2.838992208980503733e+02,2.789612392751284915e+02,1.751550460010970419e+05,3.055249243514658630e+01,1.870430391499266776e+01
5.090000000000000000e+03,1.067000000000000000e+04,2.879528192505391075e+02,2.836088080452166196e+02,2.917979006994427777e+02,3.095057627788385730e+02,2.924507271660294236e+02,3.285844023122074873e+02,2.719471864094297757e+02,2.785106715408780929e+02,2.783788380288807502e+02,2.802998455503449122e+02,2.876222412822992283e+02,2.840043772581029202e+02,2.790785847526285579e+02,1.752722448603454395e+05,3.055457276770314223e+01,1.876778606379522429e+01
5.100000000000000000e+03,1.068000000000000000e+04,2.879588940596796647e+02,2.838300683309097963e+02,2.920648314844154925e+02,3.102095133630204487e+02,2.927087361877495368e+02,3.284572168284238955e+02,2.722088611491398069e+02,2.787525389952601813e+02,2.786205762603583480e+02,2.804152365484480924e+02,2.876708237493237448e+02,2.841104289796412559e+02,2.791971441618678114e+02,1.753887924308424408e+05,3.055338119291590004e+01,1.883088853002744756e+01
5.110000000000000000e+03,1.069000000000000000e+04,2.879656322221093205e+02,2.840512502791943348e+02,2.923297786279023285e+02,3.109080142851357778e+02,2.929657658810845646e+02,3.283225682331488429e+02,2.724709377390663008e+02,2.789937245488103486e+02,2.788616487045851500e+02,2.805316658809350656e+02,2.877199310400617378e+02,2.842173549462033861e+02,2.793168925235330562e+02,1.755046600798528816e+05,3.054891786186522751e+01,1.889359298537511478e+01
5.120000000000000000e+03,1.070000000000000000e+04,2.879730309552891185e+02,2.842723029392248577e+02,2.925926796258319200e+02,3.116010912018482486e+02,2.932217453293172298e+02,3.281804841937467359e+02,2.727333501406757250e+02,2.792341715251308756e+02,2.791019986783384184e+02,2.806491086827680874e+02,2.877695516896593517e+02,2.843251336919027494e+02,2.794378044495243785e+02,1.756198193676965602e+05,3.054118334045916328e+01,1.895588095898875380e+01
5.130000000000000000e+03,1.071000000000000000e+04,2.879810873262500195e+02,2.844931753150432314e+02,2.928534724957505091e+02,3.122885736305062210e+02,2.934766043218369305e+02,3.280309915331543493e+02,2.729960324958892102e+02,2.794738234948843001e+02,2.793415697486771023e+02,2.807675397079327126e+02,2.878196740212024451e+02,2.844337434005175851e+02,2.795598541485802002e+02,1.757342420531615207e+05,3.053017860936162364e+01,1.901773385137169115e+01
5.140000000000000000e+03,1.072000000000000000e+04,2.879897982523125393e+02,2.847138163764297474e+02,2.931120957870714392e+02,3.129702949655302291e+02,2.937302733573037017e+02,3.278741162666677837e+02,2.732589191316654933e+02,2.797126242960197260e+02,2.795803057431346019e+02,2.808869333326666151e+02,2.878702861412344873e+02,2.845431619053795771e+02,2.796830154200081324e+02,1.758479000987976324e+05,3.051590506386807178e+01,1.907913294878400379e+01
5.150000000000000000e+03,1.073000000000000000e+04,2.879991604985390268e+02,2.849341750953434484e+02,2.933684885871350048e+02,3.136460924899317888e+02,2.939826836454376462e+02,3.277098836363665555e+02,2.735219445666151614e+02,2.799505180371188544e+02,2.798181507601807994e+02,2.810072635595183783e+02,2.879213759431400490e+02,2.846533666900989488e+02,2.798072616681608338e+02,1.759607656761271064e+05,3.049836451372862101e+01,1.914005943734600734e+01
5.160000000000000000e+03,1.074000000000000000e+04,2.880091706756640519e+02,2.851542003720240928e+02,2.936225905441926329e+02,3.143158073864511834e+02,2.942337671090443791e+02,3.275383181459953903e+02,2.737850435488970788e+02,2.801874491135366725e+02,2.800550491791694299e+02,2.811285040200071421e+02,2.879729311080161551e+02,2.847643348873590412e+02,2.799325658965948378e+02,1.760728111705377523e+05,3.047755918291860056e+01,1.920049441866061457e+01
5.170000000000000000e+03,1.075000000000000000e+04,2.880198252388124729e+02,2.853738411786322331e+02,2.938743418568924426e+02,3.149792847383640719e+02,2.944834563874011337e+02,3.273594435951553692e+02,2.740481510282712065e+02,2.804233622109016437e+02,2.802909456728709188e+02,2.812506279790401322e+02,2.880249391085098978e+02,2.848760432826153988e+02,2.800589007187874699e+02,1.761840091861730325e+05,3.045349170935649141e+01,1.926041892344075990e+01
5.180000000000000000e+03,1.076000000000000000e+04,2.880311204853828144e+02,2.855930464622852014e+02,2.941236832953268845e+02,3.156363735336597074e+02,2.947316848380897341e+02,3.271732831127773125e+02,2.743112022042975013e+02,2.806582023201320339e+02,2.805257852090060737e+02,2.813736083398779328e+02,2.880773872103652593e+02,2.849884683140666084e+02,2.801862383750775507e+02,1.762943325505653338e+05,3.042616514456957688e+01,1.931981392720906499e+01
5.190000000000000000e+03,1.077000000000000000e+04,2.880430525542734586e+02,2.858117652497139147e+02,2.943705562054531129e+02,3.162869266627209299e+02,2.949783865399339788e+02,3.269798591901349596e+02,2.745741325294595185e+02,2.808919147407850687e+02,2.807595130708272677e+02,2.814974176488973967e+02,2.881302624764637130e+02,2.851015860775717670e+02,2.803145506803762146e+02,1.764037543192558514e+05,3.039558295330693127e+01,1.937866036542416737e+01
5.200000000000000000e+03,1.078000000000000000e+04,2.880556174237812002e+02,2.860299465478881302e+02,2.946149025301032225e+02,3.169308009163361817e+02,2.952234962970076140e+02,3.267791937130785982e+02,2.748368777092370578e+02,2.811244450976281541e+02,2.809920748601074365e+02,2.816220280998043108e+02,2.881835517688808181e+02,2.852153723257446813e+02,2.804438091045266219e+02,1.765122477800433699e+05,3.036174901310021212e+01,1.943693914845603032e+01
5.210000000000000000e+03,1.079000000000000000e+04,2.880688109114217923e+02,2.862475394704398468e+02,2.948566647980986204e+02,3.175678569762582129e+02,2.954669496371534478e+02,3.265713079938939813e+02,2.750993737188754835e+02,2.813557393468594796e+02,2.812234165082137451e+02,2.817474115361756049e+02,2.882372417529221025e+02,2.853298024741779955e+02,2.805739847360002841e+02,1.766197864572981198e+05,3.032466761377195397e+01,1.949463117662178036e+01
5.220000000000000000e+03,1.080000000000000000e+04,2.880826286717890525e+02,2.864644931587062615e+02,2.950957861480679298e+02,3.181979594043262978e+02,2.957086828182359568e+02,3.263562228024635488e+02,2.753615568218025942e+02,2.815857437850008864e+02,2.814534842851853114e+02,2.818735394781932087e+02,2.882913188997298448e+02,2.854448516039472565e+02,2.807050482929553823e+02,1.767263441159233626e+05,3.028434345689171536e+01,1.955171735560522706e+01
5.230000000000000000e+03,1.081000000000000000e+04,2.880970661962500685e+02,2.866807568643753257e+02,2.953322103303460153e+02,3.188209766284576858e+02,2.959486328293684778e+02,3.261339583965597058e+02,2.756233635772874777e+02,2.818144050599592561e+02,2.816822248096561907e+02,2.820003830880220335e+02,2.883457694917618710e+02,2.855604944668115763e+02,2.808369701306547199e+02,1.768318947652742208e+05,3.024078165517991579e+01,1.960817861162647091e+01
5.240000000000000000e+03,1.082000000000000000e+04,2.881121188122656349e+02,2.868962799402640371e+02,2.955658817120580011e+02,3.194367809233616526e+02,2.961867373944491533e+02,3.259045345527898121e+02,2.758847308494287631e+02,2.820416701784519660e+02,2.819095850576951534e+02,2.821279132121232465e+02,2.884005796251115044e+02,2.856767054868663536e+02,2.809697202478142799e+02,1.769364126629152161e+05,3.019398773185962526e+01,1.966399590634566508e+01
5.250000000000000000e+03,1.083000000000000000e+04,2.881277816827030733e+02,2.871110117719608184e+02,2.957967453046497326e+02,3.200452483985651497e+02,2.964229349723347013e+02,3.256679705946398826e+02,2.761455958334086063e+02,2.822674865161781668e+02,2.821355123717664810e+02,2.822561003693989505e+02,2.884557352152930321e+02,2.857934587732410705e+02,2.811032682924929986e+02,1.770398723181610985e+05,3.014396761995628893e+01,1.971915025258091703e+01
5.260000000000000000e+03,1.084000000000000000e+04,2.881440498048750101e+02,2.873249019459628926e+02,2.960247467367889840e+02,3.206462589636940379e+02,2.966571647613585014e+02,3.254242854223253403e+02,2.764058960433235370e+02,2.824918018272857125e+02,2.823599544696562589e+02,2.823849147676661460e+02,2.885112220003085213e+02,2.859107281178687003e+02,2.812375835693442241e+02,1.771422484954669781e+05,3.009072766154540091e+01,1.977362272823939904e+01
5.270000000000000000e+03,1.085000000000000000e+04,2.881609180107656130e+02,2.875379001516309359e+02,2.962498322883637911e+02,3.212396963081522472e+02,2.968893667014731363e+02,3.251734975411167738e+02,2.766655693389023440e+02,2.827145642506621357e+02,2.825828594532238185e+02,2.825143263096898067e+02,2.885670255449040837e+02,2.860284870055394322e+02,2.813726350466178019e+02,1.772435162177474995e+05,3.003427460694847184e+01,1.982739449154216871e+01
5.280000000000000000e+03,1.086000000000000000e+04,2.881783809667343235e+02,2.877499562164446729e+02,2.964719488893252333e+02,3.218254478722616341e+02,2.971194814756537426e+02,3.249156250887107831e+02,2.769245539361479587e+02,2.829357223203227818e+02,2.828041758169203490e+02,2.826443045956249875e+02,2.886231312495000338e+02,2.861467086200806307e+02,2.815083913633630459e+02,1.773436507694039319e+05,2.997461561387710205e+01,1.988044679569115658e+01
5.290000000000000000e+03,1.087000000000000000e+04,2.881964331733671543e+02,2.879610201265327873e+02,2.966910441298626324e+02,3.224034048161951773e+02,2.973474505137260735e+02,3.246506858627676593e+02,2.771827884115155598e+02,2.831552249737537181e+02,2.830238524564263685e+02,2.827748189345236938e+02,2.886795243459887956e+02,2.862653658513063988e+02,2.816448208370267707e+02,1.774426276993134234e+05,2.991175824652548343e+01,1.993276100320701616e+01
5.300000000000000000e+03,1.088000000000000000e+04,2.882150689656953091e+02,2.881710420374427031e+02,2.969070662579438249e+02,3.229734619827045208e+02,2.975732159910010068e+02,3.243786973472326167e+02,2.774402117220807895e+02,2.833730215599384223e+02,2.832418386766725575e+02,2.829058383517685229e+02,2.887361899214399159e+02,2.863844313025380188e+02,2.817818914715801384e+02,1.775404228236089111e+05,2.984571047461129112e+01,1.998431860004152938e+01
5.310000000000000000e+03,1.089000000000000000e+04,2.882342825126328307e+02,2.883799722846283089e+02,2.971199641964756779e+02,3.235355178624773771e+02,2.977967208351783484e+02,3.240996767389382853e+02,2.776967632104572772e+02,2.835890618475738734e+02,2.834580841997573089e+02,2.830373315978024493e+02,2.887931128987285661e+02,2.865038772985195692e+02,2.819195709656937083e+02,1.776370122282579541e+05,2.977648067236524554e+01,2.003510120967325037e+01
5.320000000000000000e+03,1.090000000000000000e+04,2.882540678187500021e+02,2.885877613966755462e+02,2.973296875476633545e+02,3.240894745557963574e+02,2.980179087251703436e+02,3.238136409727711680e+02,2.779523826053512039e+02,2.838032960331395884e+02,2.836725391761668220e+02,2.831692671566223680e+02,2.888502780584391871e+02,2.866236758936844353e+02,2.820578267210697163e+02,1.777323722716670891e+05,2.970407761746930220e+01,2.008509060656070844e+01
5.330000000000000000e+03,1.091000000000000000e+04,2.882744187237890969e+02,2.887943601117793833e+02,2.975361865860383546e+02,3.246352377272064587e+02,2.982367240934642041e+02,3.235206067469297295e+02,2.782070100623705002e+02,2.840156747484897437e+02,2.838851541851567504e+02,2.833016132553006514e+02,2.889076700410958551e+02,2.867437988809973035e+02,2.821966258512399008e+02,1.778264795869503578e+05,2.962851048994374992e+01,2.013426872988688743e+01
5.340000000000000000e+03,1.092000000000000000e+04,2.882953289029687198e+02,2.889997193493108512e+02,2.977394122890612493e+02,3.251727165656920988e+02,2.984531121302839551e+02,3.232205905500429139e+02,2.784605861455319769e+02,2.842261490689223251e+02,2.840958802486147192e+02,2.834343378709147601e+02,2.889652733513114526e+02,2.868642177999438445e+02,2.823359351897642568e+02,1.779193110840916925e+05,2.954978887098324236e+01,2.018261769666276351e+01
5.350000000000000000e+03,1.093000000000000000e+04,2.883167918687890960e+02,2.892037903296409809e+02,2.979393163081999205e+02,3.257018237336740754e+02,2.986670187806794274e+02,3.229136086764404467e+02,2.787130518430948314e+02,2.844346705204880550e+02,2.843046688379018860e+02,2.835674087439117557e+02,2.890230723655060956e+02,2.869849039477264228e+02,2.824757213024473685e+02,1.780108439520969114e+05,2.946792274174204707e+01,2.023011981375433876e+01
5.360000000000000000e+03,1.094000000000000000e+04,2.883388009711484301e+02,2.894065244616822952e+02,2.981358510063063250e+02,3.262224753238473340e+02,2.988783907493609036e+02,3.225996772614157067e+02,2.789643485843239432e+02,2.846411910867915367e+02,2.845114718790593997e+02,2.837007933847709751e+02,2.890810513369307273e+02,2.871058283873332471e+02,2.826159504930280377e+02,1.781010556608250481e+05,2.938292248206847290e+01,2.027675759120812771e+01
5.370000000000000000e+03,1.095000000000000000e+04,2.883613493976797031e+02,2.896078734186895076e+02,2.983289694473246527e+02,3.267345908066110383e+02,2.990871755034191892e+02,3.222788122975830447e+02,2.792144182482334713e+02,2.848456632162678943e+02,2.847162417616132188e+02,2.838344590846770643e+02,2.891391944029919046e+02,2.872269619580882249e+02,2.827565888059758663e+02,1.781899239628108335e+05,2.929479886918879927e+01,2.032251375420813844e+01
5.380000000000000000e+03,1.096000000000000000e+04,2.883844301776719021e+02,2.898077891459573152e+02,2.985186254508672050e+02,3.272380929789945299e+02,2.992933212866003032e+02,3.219510296583519562e+02,2.794632030245259102e+02,2.850480398327579223e+02,2.849189313745825984e+02,2.839683729255056051e+02,2.891974855867027259e+02,2.873482752856289721e+02,2.828976020699546439e+02,1.782774268949281832e+05,2.920356307634091309e+01,2.036737125252785319e+01
5.390000000000000000e+03,1.097000000000000000e+04,2.884080361800702690e+02,2.900062238511820851e+02,2.987047733898925799e+02,3.277329079121606696e+02,2.994967770561807470e+02,3.216163451229498378e+02,2.797106459870831827e+02,2.852482743320759937e+02,2.851194939947599778e+02,2.841025017899100931e+02,2.892559088054206882e+02,2.874697387923976635e+02,2.830389558575840852e+02,1.783635427798714372e+05,2.910922667135753983e+01,2.041131327977379684e+01
5.400000000000000000e+03,1.098000000000000000e+04,2.884321601162421871e+02,2.902031300458785950e+02,2.988873685184753981e+02,3.282189648910763822e+02,2.996974925764598652e+02,3.212747743917277035e+02,2.799566902785723528e+02,2.854463206002178595e+02,2.853178834660552639e+02,2.842368123723159101e+02,2.893144478874293100e+02,2.875913227082293133e+02,2.831806155292989615e+02,1.784482502274894505e+05,2.901180161519962297e+01,2.045432327329441335e+01
5.410000000000000000e+03,1.099000000000000000e+04,2.884567945415702752e+02,2.903984605348710488e+02,2.990663667533207217e+02,3.286961963639840292e+02,2.998954183696659470e+02,3.209263331136909301e+02,2.802012796506435848e+02,2.856421330140918826e+02,2.855140540989715987e+02,2.843712711891178628e+02,2.893730865600228981e+02,2.877129970820644758e+02,2.833225462358934692e+02,1.785315281362751557e+05,2.891130026043976287e+01,2.049638493158441932e+01
5.420000000000000000e+03,1.100000000000000000e+04,2.884819318565624826e+02,2.905921684343106222e+02,2.992417247313615576e+02,3.291645378819786742e+02,3.000905057208421454e+02,3.205710369047313861e+02,2.804443583546351988e+02,2.858356664477453251e+02,2.857079606969984411e+02,2.845058445893092198e+02,2.894318084671579072e+02,2.878347317919225929e+02,2.834647129283476943e+02,1.786133556942479336e+05,2.880773534969599936e+01,2.053748222328881923e+01
5.430000000000000000e+03,1.101000000000000000e+04,2.885075643091327606e+02,2.907842071824073855e+02,2.994133998199212101e+02,3.296239280407742740e+02,3.002827066822929964e+02,3.202089013682103200e+02,2.806858711313914228e+02,2.860268762817970014e+02,2.858995585650858970e+02,2.846404987654375986e+02,2.894905971738175481e+02,2.879564965572294000e+02,2.836070803691258106e+02,1.786937123801867128e+05,2.870112001401625434e+01,2.057759939667046822e+01
5.440000000000000000e+03,1.102000000000000000e+04,2.885336839964531350e+02,2.909745305503942063e+02,2.995813501074338205e+02,3.300743084197983421e+02,3.004719740707250821e+02,3.198399421148833994e+02,2.809257632504451294e+02,2.862157184021883722e+02,2.860888035151680242e+02,2.847751997647565645e+02,2.895494361705550546e+02,2.880782609485956414e+02,2.837496131428055151e+02,1.787725779644592549e+05,2.859146777121332406e+01,2.061672098935968123e+01
5.450000000000000000e+03,1.103000000000000000e+04,2.885602828642421969e+02,2.911630926533313755e+02,2.997455344180536372e+02,3.305156235214916478e+02,3.006582614705773153e+02,3.194641747822376487e+02,2.811639804861602556e+02,2.864021492124895190e+02,2.862756518720183294e+02,2.849099135001043805e+02,2.896083088868693949e+02,2.881999944022817317e+02,2.838922756671908019e+02,1.788499325098266127e+05,2.847879252415106777e+01,2.065483183691120317e+01
5.460000000000000000e+03,1.104000000000000000e+04,2.885873527139609109e+02,2.913498479538372976e+02,2.999059123104295281e+02,3.309478207092332127e+02,3.008415232340032617e+02,3.190816150553480952e+02,2.814004691395713280e+02,2.865861256366162024e+02,2.864600604786313625e+02,2.850446057612281265e+02,2.896671986862054951e+02,2.883216662291078478e+02,2.840350322043260007e+02,1.789257563722700870e+05,2.836310855898155481e+01,2.069191708165572052e+01
5.470000000000000000e+03,1.105000000000000000e+04,2.886148852004453715e+02,2.915347512957809499e+02,3.000624440746431105e+02,3.313708501436150868e+02,3.010217144800491269e+02,3.186922786812000936e+02,2.816351760406116682e+02,2.867676051241604682e+02,2.866419867013913176e+02,2.851792422262941500e+02,2.897260888849353933e+02,2.884432456279131429e+02,2.841778468727886207e+02,1.790000302014460613e+05,2.824443054333378456e+01,2.072796218046337557e+01
5.480000000000000000e+03,1.106000000000000000e+04,2.886428718356953596e+02,2.917177578825781552e+02,3.002150907445271173e+02,3.317846647236159470e+02,3.011987910945234148e+02,3.182961814922634858e+02,2.818680485643337761e+02,2.869465456556980598e+02,2.868213884346874352e+02,2.853137884729405869e+02,2.897849627370013650e+02,2.885647016968305252e+02,2.843206836575929515e+02,1.790727349413581542e+05,2.812277352445390832e+01,2.076295291311996394e+01
5.490000000000000000e+03,1.107000000000000000e+04,2.886713039911484202e+02,2.918988233069018179e+02,3.003638140864426305e+02,3.321892200151440306e+02,3.013727097301602385e+02,3.178933394214312216e+02,2.820990346260692831e+02,2.871229057469554959e+02,2.869982241060442902e+02,2.854482099921611393e+02,2.898438034741365641e+02,2.886860034451194110e+02,2.844635064227426255e+02,1.791438518305339676e+05,2.799815292729746830e+01,2.079687538891307241e+01
5.500000000000000000e+03,1.108000000000000000e+04,2.887001728997499868e+02,2.920779035550233971e+02,3.005085766122398923e+02,3.325844741929888642e+02,3.015434278072308985e+02,3.174837685207212417e+02,2.823280826976588855e+02,2.872966444541703481e+02,2.871724526807997790e+02,2.855824721883495272e+02,2.899025942856158622e+02,2.888071198050211024e+02,2.846062789221850267e+02,1.792133624026552425e+05,2.787058455257357181e+01,2.082971605413207072e+01
5.510000000000000000e+03,1.109000000000000000e+04,2.887294696588594434e+02,2.922549550182301346e+02,3.006493415713961213e+02,3.329703879739673766e+02,3.017109035102503185e+02,3.170674849777631152e+02,2.825551418075443166e+02,2.874677213776172380e+02,2.873440336659721765e+02,2.857165404121214465e+02,2.899613183330621382e+02,2.889280196459958461e+02,2.847489648119510548e+02,1.792812484866713930e+05,2.774008457474156586e+01,2.086146169811133078e+01
5.520000000000000000e+03,1.110000000000000000e+04,2.887591852318125234e+02,2.924299344927168249e+02,3.007860729577166126e+02,3.333469245535938512e+02,3.018750957877820156e+02,3.166445051352365567e+02,2.827801615571605112e+02,2.876360966663143017e+02,2.875129271139672937e+02,2.858503799537742793e+02,2.900199587515642747e+02,2.890486717833879879e+02,2.848915276614229128e+02,1.793474922068800661e+05,2.760666953996023665e+01,2.089209945975385807e+01
5.530000000000000000e+03,1.111000000000000000e+04,2.887893104515703158e+02,2.926027992180247566e+02,3.009187355088250229e+02,3.337140495377030902e+02,3.020359643577343718e+02,3.162148455002404148e+02,2.830030920959368927e+02,2.878017310219038905e+02,2.876790936283296674e+02,2.859839560623414059e+02,2.900784986749511631e+02,2.891690449931055582e+02,2.850339309655170723e+02,1.794120759831668693e+05,2.747035636398993574e+01,2.092161683225618418e+01
5.540000000000000000e+03,1.112000000000000000e+04,2.888198360226249974e+02,2.927735068457875514e+02,3.010472947017073579e+02,3.340717308826245358e+02,3.021934696943816903e+02,3.157785227703602118e+02,2.832238841777702305e+02,2.879645857017702610e+02,2.878424943660116355e+02,2.861172339550514039e+02,2.901369212123593684e+02,2.892891080220668414e+02,2.851761381559909978e+02,1.794749825308915752e+05,2.733116233004784235e+01,2.095000166968550914e+01
5.550000000000000000e+03,1.113000000000000000e+04,2.888507525238280778e+02,2.929420154724151075e+02,3.011717167593888007e+02,3.344199388274918761e+02,3.023475730362774243e+02,3.153355538436408096e+02,2.834424891270037961e+02,2.881246225236207010e+02,2.880030910406642306e+02,2.862501788300414773e+02,2.901952094750027982e+02,2.894088296015645483e+02,2.853181126134745682e+02,1.795361948608954553e+05,2.718910508661653225e+01,2.097724219099540832e+01
5.560000000000000000e+03,1.114000000000000000e+04,2.888820504113124912e+02,2.931082836423952358e+02,3.012919686477305277e+02,3.347586458302359915e+02,3.024982363823789342e+02,3.148859558355342756e+02,2.836588588557445973e+02,2.882818038680836707e+02,2.881608459266790874e+02,2.863827558772235875e+02,2.902533465765445726e+02,2.895281784581899274e+02,2.854598176795596487e+02,1.795956962793394923e+05,2.704420264520642192e+01,2.100332698469877357e+01
5.570000000000000000e+03,1.115000000000000000e+04,2.889137200214921677e+02,2.932722703563848086e+02,3.014080180751716398e+02,3.350878265036605512e+02,3.026454224900899703e+02,3.144297460941706959e+02,2.838729458686458997e+02,2.884360926820350528e+02,2.883157218618952697e+02,2.865149302916072998e+02,2.903113156393931718e+02,2.896471233264168177e+02,2.856012166673666002e+02,1.796534703875618870e+05,2.689647337807200600e+01,2.102824501294821857e+01
5.580000000000000000e+03,1.116000000000000000e+04,2.889457515731015746e+02,2.934339350787512330e+02,3.015198334924572805e+02,3.354074575514844128e+02,3.027890948738583461e+02,3.139669422155341749e+02,2.840847032674381012e+02,2.885874524815288851e+02,2.884676822507609586e+02,2.866466672824258239e+02,2.903690997998715488e+02,2.897656329599381024e+02,2.857422728754554555e+02,1.797095010817479633e+05,2.674593601588248859e+01,2.105198561528330714e+01
