time_s,eclipse,solar_panel1_W_m2,solar_panel2_W_m2,solar_panel3_W_m2,solar_panel4_W_m2,solar_panel5_W_m2,solar_panel6_W_m2,albedo_panel1_W_m2,albedo_panel2_W_m2,albedo_panel3_W_m2,albedo_panel4_W_m2,albedo_panel5_W_m2,albedo_panel6_W_m2,earth_ir_panel1_W_m2,earth_ir_panel2_W_m2,earth_ir_panel3_W_m2,earth_ir_panel4_W_m2,earth_ir_panel5_W_m2,earth_ir_panel6_W_m2,absorbed_panel1_W_m2,absorbed_panel2_W_m2,absorbed_panel3_W_m2,absorbed_panel4_W_m2,absorbed_panel5_W_m2,absorbed_panel6_W_m2
0.000000000000000000e+00,0.000000000000000000e+00,1.366955585238983303e+03,0.000000000000000000e+00,1.101943664387795607e+01,0.000000000000000000e+00,0.000000000000000000e+00,0.000000000000000000e+00,0.000000000000000000e+00,3.597639256597086046e+02,1.154897680152399886e+02,1.154897680152399886e+02,1.154897680152399886e+02,1.154897680152399886e+02,0.000000000000000000e+00,2.079171440098260746e+02,6.674460949372304697e+01,6.674460949372304697e+01,6.674460949372304697e+01,6.674460949372304697e+01,1.052555800634017260e+03,4.267185664450504419e+02,1.454682064230013907e+02,1.369832402072153741e+02,1.369832402072153741e+02,1.369832402072153741e+02
1.000000000000000000e+01,0.000000000000000000e+00,1.366993005054983314e+03,0.000000000000000000e+00,0.000000000000000000e+00,4.373114536190586321e+00,0.000000000000000000e+00,0.000000000000000000e+00,0.000000000000000000e+00,3.597737740410656784e+02,1.154929294975263758e+02,1.154929294975263758e+02,1.154929294975263758e+02,1.154929294975263758e+02,0.000000000000000000e+00,2.079171440098260746e+02,6.674460949372304697e+01,6.674460949372304697e+01,6.674460949372304697e+01,6.674460949372304697e+01,1.052584613892337075e+03,4.267261496986953944e+02,1.369856745485759006e+02,1.403529727414426702e+02,1.369856745485759006e+02,1.369856745485759006e+02
2.000000000000000000e+01,0.000000000000000000e+00,1.366857103130169889e+03,0.000000000000000000e+00,0.000000000000000000e+00,1.976511124683568710e+01,0.000000000000000000e+00,0.000000000000000000e+00,0.000000000000000000e+00,3.597380065219863923e+02,1.154814475723350995e+02,1.154814475723350995e+02,1.154814475723350995e+02,1.154814475723350995e+02,0.000000000000000000e+00,2.079171440098260746e+02,6.674460949372304697e+01,6.674460949372304697e+01,6.674460949372304697e+01,6.674460949372304697e+01,1.052479969410230751e+03,4.266986087090042474e+02,1.369768334661786184e+02,1.521959691262420904e+02,1.369768334661786184e+02,1.369768334661786184e+02
3.000000000000000000e+01,0.000000000000000000e+00,1.366547896695618192e+03,0.000000000000000000e+00,0.000000000000000000e+00,3.515460192893724667e+01,0.000000000000000000e+00,0.000000000000000000e+00,0.000000000000000000e+00,3.596566276374529139e+02,1.154553236954653386e+02,1.154553236954653386e+02,1.154553236954653386e+02,1.154553236954653386e+02,0.000000000000000000e+00,2.079171440098260746e+02,6.674460949372304697e+01,6.674460949372304697e+01,6.674460949372304697e+01,6.674460949372304697e+01,1.052241880455625960e+03,4.266359469679134691e+02,1.369567180809889066e+02,1.640257615662706030e+02,1.369567180809889066e+02,1.369567180809889066e+02
4.000000000000000000e+01,0.000000000000000000e+00,1.366065424955769458e+03,0.000000000000000000e+00,0.000000000000000000e+00,5.053963534111821332e+01,0.000000000000000000e+00,0.000000000000000000e+00,0.000000000000000000e+00,3.595296477055354103e+02,1.154145611791767863e+02,1.154145611791767863e+02,1.154145611791767863e+02,1.154145611791767863e+02,0.000000000000000000e+00,2.079171440098260746e+02,6.674460949372304697e+01,6.674460949372304697e+01,6.674460949372304697e+01,6.674460949372304697e+01,1.051870377215942426e+03,4.265381724203369913e+02,1.369253309434467099e+02,1.758408501561077628e+02,1.369253309434467099e+02,1.369253309434467099e+02
5.000000000000000000e+01,0.000000000000000000e+00,1.365409749083461747e+03,0.000000000000000000e+00,0.000000000000000000e+00,6.591826080713866531e+01,0.000000000000000000e+00,0.000000000000000000e+00,0.000000000000000000e+00,3.593570828260843655e+02,1.153591651917696623e+02,1.153591651917696623e+02,1.153591651917696623e+02,1.153591651917696623e+02,0.000000000000000000e+00,2.079171440098260746e+02,6.674460949372304697e+01,6.674460949372304697e+01,6.674460949372304697e+01,6.674460949372304697e+01,1.051365506794265457e+03,4.264052974631597408e+02,1.368826760331432411e+02,1.876397368546400060e+02,1.368826760331432411e+02,1.368826760331432411e+02
6.000000000000000000e+01,0.000000000000000000e+00,1.364580952212173770e+03,0.000000000000000000e+00,0.000000000000000000e+00,8.128852846322783421e+01,0.000000000000000000e+00,0.000000000000000000e+00,0.000000000000000000e+00,3.591389548786888213e+02,1.152891427569294933e+02,1.152891427569294933e+02,1.152891427569294933e+02,1.152891427569294933e+02,0.000000000000000000e+00,2.079171440098260746e+02,6.674460949372304697e+01,6.674460949372304697e+01,6.674460949372304697e+01,6.674460949372304697e+01,1.050727333203373746e+03,4.262373389436651223e+02,1.368287587583162974e+02,1.994209256750017403e+02,1.368287587583162974e+02,1.368287587583162974e+02
7.000000000000000000e+01,0.000000000000000000e+00,1.363579139425483845e+03,0.000000000000000000e+00,0.000000000000000000e+00,9.664848950530353022e+01,0.000000000000000000e+00,0.000000000000000000e+00,0.000000000000000000e+00,3.588752915199025892e+02,1.152045027528365324e+02,1.152045027528365324e+02,1.152045027528365324e+02,1.152045027528365324e+02,0.000000000000000000e+00,2.079171440098260746e+02,6.674460949372304697e+01,6.674460949372304697e+01,6.674460949372304697e+01,6.674460949372304697e+01,1.049955937357622588e+03,4.260343181573997526e+02,1.367635859551647286e+02,2.111829228742484474e+02,1.367635859551647286e+02,1.367635859551647286e+02
8.000000000000000000e+01,0.000000000000000000e+00,1.362404437743746485e+03,0.000000000000000000e+00,0.000000000000000000e+00,1.119961964360668674e+02,0.000000000000000000e+00,0.000000000000000000e+00,0.000000000000000000e+00,3.585661261797375801e+02,1.151052559110400892e+02,1.151052559110400892e+02,1.151052559110400892e+02,1.151052559110400892e+02,0.000000000000000000e+00,2.079171440098260746e+02,6.674460949372304697e+01,6.674460949372304697e+01,6.674460949372304697e+01,6.674460949372304697e+01,1.049051417062684777e+03,4.257962608454727160e+02,1.366871658869814610e+02,2.229242371427529292e+02,1.366871658869814610e+02,1.366871658869814610e+02
9.000000000000000000e+01,0.000000000000000000e+00,1.361056996107987288e+03,0.000000000000000000e+00,0.000000000000000000e+00,1.273297033119215342e+02,0.000000000000000000e+00,0.000000000000000000e+00,0.000000000000000000e+00,3.582114980574249330e+02,1.149914148150979116e+02,1.149914148150979116e+02,1.149914148150979116e+02,1.149914148150979116e+02,0.000000000000000000e+00,2.079171440098260746e+02,6.674460949372304697e+01,6.674460949372304697e+01,6.674460949372304697e+01,6.674460949372304697e+01,1.048013887003150330e+03,4.255231971912919562e+02,1.365995082431059870e+02,2.346433797932855612e+02,1.365995082431059870e+02,1.365995082431059870e+02
1.000000000000000000e+02,0.000000000000000000e+00,1.359536985361019333e+03,0.000000000000000000e+00,0.000000000000000000e+00,1.426470659897051974e+02,0.000000000000000000e+00,0.000000000000000000e+00,0.000000000000000000e+00,3.578114521164454231e+02,1.148629938989806334e+02,1.148629938989806334e+02,1.148629938989806334e+02,1.148629938989806334e+02,0.000000000000000000e+00,2.079171440098260746e+02,6.674460949372304697e+01,6.674460949372304697e+01,6.674460949372304697e+01,6.674460949372304697e+01,1.046843478727984802e+03,4.252151618167376910e+02,1.365006241376956950e+02,2.463388649497686629e+02,1.365006241376956950e+02,1.365006241376956950e+02
1.100000000000000000e+02,0.000000000000000000e+00,1.357844598225780828e+03,0.000000000000000000e+00,0.000000000000000000e+00,1.579463423731867806e+02,0.000000000000000000e+00,0.000000000000000000e+00,0.000000000000000000e+00,3.573660390788280097e+02,1.147200094452417858e+02,1.147200094452417858e+02,1.147200094452417858e+02,1.147200094452417858e+02,0.000000000000000000e+00,2.079171440098260746e+02,6.674460949372304697e+01,6.674460949372304697e+01,6.674460949372304697e+01,6.674460949372304697e+01,1.045540340633851201e+03,4.248721937777722815e+02,1.363905261083167488e+02,2.580092097356705381e+02,1.363905261083167488e+02,1.363905261083167488e+02
1.200000000000000000e+02,0.000000000000000000e+00,1.355980049280900403e+03,0.000000000000000000e+00,0.000000000000000000e+00,1.732255926593037145e+02,0.000000000000000000e+00,0.000000000000000000e+00,0.000000000000000000e+00,3.568753154187190262e+02,1.145624795829532019e+02,1.145624795829532019e+02,1.145624795829532019e+02,1.145624795829532019e+02,0.000000000000000000e+00,2.079171440098260746e+02,6.674460949372304697e+01,6.674460949372304697e+01,6.674460949372304697e+01,6.674460949372304697e+01,1.044104637946293224e+03,4.244943365594883744e+02,1.362692281143545756e+02,2.696529344620184361e+02,1.362692281143545756e+02,1.362692281143545756e+02
1.300000000000000000e+02,0.000000000000000000e+00,1.353943574933490254e+03,0.000000000000000000e+00,0.000000000000000000e+00,1.884828795841150111e+02,0.000000000000000000e+00,0.000000000000000000e+00,0.000000000000000000e+00,3.563393433552218426e+02,1.143904242854065245e+02,1.143904242854065245e+02,1.143904242854065245e+02,1.143904242854065245e+02,0.000000000000000000e+00,2.079171440098260746e+02,6.674460949372304697e+01,6.674460949372304697e+01,6.674460949372304697e+01,6.674460949372304697e+01,1.042536552698787546e+03,4.240816380705955453e+02,1.361367455352436195e+02,2.812685628150121602e+02,1.361367455352436195e+02,1.361367455352436195e+02
1.400000000000000000e+02,0.000000000000000000e+00,1.351735433389172840e+03,0.000000000000000000e+00,0.000000000000000000e+00,2.037162686684231403e+02,0.000000000000000000e+00,0.000000000000000000e+00,0.000000000000000000e+00,3.557581908445080217e+02,1.142038653675807893e+02,1.142038653675807893e+02,1.142038653675807893e+02,1.142038653675807893e+02,0.000000000000000000e+00,2.079171440098260746e+02,6.674460949372304697e+01,6.674460949372304697e+01,6.674460949372304697e+01,6.674460949372304697e+01,1.040836283709663121e+03,4.236341506373458969e+02,1.359930951685178115e+02,2.928546220432035625e+02,1.359930951685178115e+02,1.359930951685178115e+02
1.500000000000000000e+02,0.000000000000000000e+00,1.349355904619341118e+03,0.000000000000000000e+00,0.000000000000000000e+00,2.189238284630522458e+02,0.000000000000000000e+00,0.000000000000000000e+00,0.000000000000000000e+00,3.551319315712008802e+02,1.140028264833763529e+02,1.140028264833763529e+02,1.140028264833763529e+02,1.140028264833763529e+02,0.000000000000000000e+00,2.079171440098260746e+02,6.674460949372304697e+01,6.674460949372304697e+01,6.674460949372304697e+01,6.674460949372304697e+01,1.039004046556892717e+03,4.231519309968994094e+02,1.358382952276803621e+02,3.044096431442305857e+02,1.358382952276803621e+02,1.358382952276803621e+02
1.600000000000000000e+02,0.000000000000000000e+00,1.346805290325662327e+03,0.000000000000000000e+00,0.000000000000000000e+00,2.341036307937330321e+02,0.000000000000000000e+00,0.000000000000000000e+00,0.000000000000000000e+00,3.544606449390333864e+02,1.137873331226159905e+02,1.137873331226159905e+02,1.137873331226159905e+02,1.137873331226159905e+02,0.000000000000000000e+00,2.079171440098260746e+02,6.674460949372304697e+01,6.674460949372304697e+01,6.674460949372304697e+01,6.674460949372304697e+01,1.037040073550760098e+03,4.226350402901305188e+02,1.356723653398948954e+02,3.159321610510693290e+02,1.356723653398948954e+02,1.356723653398948954e+02
1.700000000000000000e+02,0.000000000000000000e+00,1.344083913901824644e+03,0.000000000000000000e+00,0.000000000000000000e+00,2.492537510055814494e+02,0.000000000000000000e+00,0.000000000000000000e+00,0.000000000000000000e+00,3.537444160607802246e+02,1.135574126078128643e+02,1.135574126078128643e+02,1.135574126078128643e+02,1.135574126078128643e+02,0.000000000000000000e+00,2.079171440098260746e+02,6.674460949372304697e+01,6.674460949372304697e+01,6.674460949372304697e+01,6.674460949372304697e+01,1.034944613704404901e+03,4.220835440538755847e+02,1.354953265434965033e+02,3.274207148177941917e+02,1.354953265434965033e+02,1.354953265434965033e+02
1.800000000000000000e+02,0.000000000000000000e+00,1.341192120392533980e+03,0.000000000000000000e+00,0.000000000000000000e+00,2.643722682071221470e+02,0.000000000000000000e+00,0.000000000000000000e+00,0.000000000000000000e+00,3.529833357474664695e+02,1.133130940907064144e+02,1.133130940907064144e+02,1.133130940907064144e+02,1.133130940907064144e+02,0.000000000000000000e+00,2.079171440098260746e+02,6.674460949372304697e+01,6.674460949372304697e+01,6.674460949372304697e+01,6.674460949372304697e+01,1.032717932702251119e+03,4.214975122126239739e+02,1.353072012853245383e+02,3.388738478048085199e+02,1.353072012853245383e+02,1.353072012853245383e+02
1.900000000000000000e+02,0.000000000000000000e+00,1.338130276449765233e+03,0.000000000000000000e+00,0.000000000000000000e+00,2.794572655138441064e+02,0.000000000000000000e+00,0.000000000000000000e+00,0.000000000000000000e+00,3.521775004968534404e+02,1.130544085485661299e+02,1.130544085485661299e+02,1.130544085485661299e+02,1.130544085485661299e+02,0.000000000000000000e+00,2.079171440098260746e+02,6.674460949372304697e+01,6.674460949372304697e+01,6.674460949372304697e+01,6.674460949372304697e+01,1.030360312866319191e+03,4.208770190696519649e+02,1.351080134178765206e+02,3.502901078635364911e+02,1.351080134178765206e+02,1.351080134178765206e+02
2.000000000000000000e+02,0.000000000000000000e+00,1.334898770286274612e+03,0.000000000000000000e+00,0.000000000000000000e+00,2.945068302912382023e+02,0.000000000000000000e+00,0.000000000000000000e+00,0.000000000000000000e+00,3.513270124812038944e+02,1.127813887802639243e+02,1.127813887802639243e+02,1.127813887802639243e+02,1.127813887802639243e+02,0.000000000000000000e+00,2.079171440098260746e+02,6.674460949372304697e+01,6.674460949372304697e+01,6.674460949372304697e+01,6.674460949372304697e+01,1.027872053120431474e+03,4.202221432976017468e+02,1.348977881962838126e+02,3.616680475205372431e+02,1.348977881962838126e+02,1.348977881962838126e+02
2.100000000000000000e+02,0.000000000000000000e+00,1.331498011626377775e+03,0.000000000000000000e+00,0.000000000000000000e+00,3.095190543973057515e+02,0.000000000000000000e+00,0.000000000000000000e+00,0.000000000000000000e+00,3.504319795343274109e+02,1.124940694021155565e+02,1.124940694021155565e+02,1.124940694021155565e+02,1.124940694021155565e+02,0.000000000000000000e+00,2.079171440098260746e+02,6.674460949372304697e+01,6.674460949372304697e+01,6.674460949372304697e+01,6.674460949372304697e+01,1.025253468952310868e+03,4.195329679285068778e+02,1.346765522751095716e+02,3.730062241610349929e+02,1.346765522751095716e+02,1.346765522751095716e+02
2.200000000000000000e+02,0.000000000000000000e+00,1.327928431654001088e+03,0.000000000000000000e+00,0.000000000000000000e+00,3.244920344244908961e+02,0.000000000000000000e+00,0.000000000000000000e+00,0.000000000000000000e+00,3.494925151379081285e+02,1.121924868434916363e+02,1.121924868434916363e+02,1.121924868434916363e+02,1.121924868434916363e+02,0.000000000000000000e+00,2.079171440098260746e+02,6.674460949372304697e+01,6.674460949372304697e+01,6.674460949372304697e+01,6.674460949372304697e+01,1.022504892373580901e+03,4.188095803432639741e+02,1.344443337049691536e+02,3.843032002118271748e+02,1.344443337049691536e+02,1.344443337049691536e+02
2.300000000000000000e+02,0.000000000000000000e+00,1.324190482958011216e+03,0.000000000000000000e+00,0.000000000000000000e+00,3.394238719410126350e+02,0.000000000000000000e+00,0.000000000000000000e+00,0.000000000000000000e+00,3.485087384071164252e+02,1.118766793421987131e+02,1.118766793421987131e+02,1.118766793421987131e+02,1.118766793421987131e+02,0.000000000000000000e+00,2.079171440098260746e+02,6.674460949372304697e+01,6.674460949372304697e+01,6.674460949372304697e+01,6.674460949372304697e+01,1.019626671877668628e+03,4.180520722605543824e+02,1.342011619289735904e+02,3.955575433235533183e+02,1.342011619289735904e+02,1.342011619289735904e+02
2.400000000000000000e+02,0.000000000000000000e+00,1.320284639474831010e+03,0.000000000000000000e+00,0.000000000000000000e+00,3.543126737315724313e+02,0.000000000000000000e+00,0.000000000000000000e+00,0.000000000000000000e+00,3.474807740755060195e+02,1.115466869396310301e+02,1.115466869396310301e+02,1.115466869396310301e+02,1.115466869396310301e+02,0.000000000000000000e+00,2.079171440098260746e+02,6.674460949372304697e+01,6.674460949372304697e+01,6.674460949372304697e+01,6.674460949372304697e+01,1.016619172395619898e+03,4.172605397252143575e+02,1.339470677789964839e+02,4.067678265523072696e+02,1.339470677789964839e+02,1.339470677789964839e+02
2.500000000000000000e+02,0.000000000000000000e+00,1.316211396428349190e+03,0.000000000000000000e+00,0.000000000000000000e+00,3.691565520373908384e+02,0.000000000000000000e+00,0.000000000000000000e+00,0.000000000000000000e+00,3.464087524791992223e+02,1.112025514756937525e+02,1.112025514756937525e+02,1.112025514756937525e+02,1.112025514756937525e+02,0.000000000000000000e+00,2.079171440098260746e+02,6.674460949372304697e+01,6.674460949372304697e+01,6.674460949372304697e+01,6.674460949372304697e+01,1.013482775249828933e+03,4.164350830960581789e+02,1.336820834717647699e+02,4.179326285405558110e+02,1.336820834717647699e+02,1.336820834717647699e+02
2.600000000000000000e+02,0.000000000000000000e+00,1.311971270267130649e+03,0.000000000000000000e+00,0.000000000000000000e+00,3.839536247955625754e+02,0.000000000000000000e+00,0.000000000000000000e+00,0.000000000000000000e+00,3.452928095403613611e+02,1.108443165834979993e+02,1.108443165834979993e+02,1.108443165834979993e+02,1.108443165834979993e+02,0.000000000000000000e+00,2.079171440098260746e+02,6.674460949372304697e+01,6.674460949372304697e+01,6.674460949372304697e+01,6.674460949372304697e+01,1.010217878105690602e+03,4.155758070331530689e+02,1.334062426047740360e+02,4.290505336973573094e+02,1.334062426047740360e+02,1.334062426047740360e+02
2.700000000000000000e+02,0.000000000000000000e+00,1.307564798598935567e+03,0.000000000000000000e+00,0.000000000000000000e+00,3.987020158776790595e+02,0.000000000000000000e+00,0.000000000000000000e+00,0.000000000000000000e+00,3.441330867499672763e+02,1.104720276838285855e+02,1.104720276838285855e+02,1.104720276838285855e+02,1.104720276838285855e+02,0.000000000000000000e+00,2.079171440098260746e+02,6.674460949372304697e+01,6.674460949372304697e+01,6.674460949372304697e+01,6.674460949372304697e+01,1.006824894921180430e+03,4.146828204845495520e+02,1.331195801520286182e+02,4.401201323778415144e+02,1.331195801520286182e+02,1.331195801520286182e+02
2.800000000000000000e+02,0.000000000000000000e+00,1.302992540122555511e+03,0.000000000000000000e+00,0.000000000000000000e+00,4.133998553277087353e+02,0.000000000000000000e+00,0.000000000000000000e+00,0.000000000000000000e+00,3.429297311498613681e+02,1.100857319793851019e+02,1.100857319793851019e+02,1.100857319793851019e+02,1.100857319793851019e+02,0.000000000000000000e+00,2.079171440098260746e+02,6.674460949372304697e+01,6.674460949372304697e+01,6.674460949372304697e+01,6.674460949372304697e+01,1.003304255894367770e+03,4.137562366724680487e+02,1.328221324596071327e+02,4.511400210619428890e+02,1.328221324596071327e+02,1.328221324596071327e+02
2.900000000000000000e+02,0.000000000000000000e+00,1.298255074556976751e+03,0.000000000000000000e+00,0.000000000000000000e+00,4.280452795990848927e+02,0.000000000000000000e+00,0.000000000000000000e+00,0.000000000000000000e+00,3.416828953141144893e+02,1.096854784487970988e+02,1.096854784487970988e+02,1.096854784487970988e+02,1.096854784487970988e+02,0.000000000000000000e+00,2.079171440098260746e+02,6.674460949372304697e+01,6.674460949372304697e+01,6.674460949372304697e+01,6.674460949372304697e+01,9.996564074088721554e+02,4.127961730789429566e+02,1.325139372410543501e+02,4.621088025323497277e+02,1.325139372410543501e+02,1.325139372410543501e+02
3.000000000000000000e+02,0.000000000000000000e+00,1.293353002567875819e+03,0.000000000000000000e+00,0.000000000000000000e+00,4.426364317909904003e+02,0.000000000000000000e+00,0.000000000000000000e+00,0.000000000000000000e+00,3.403927373296784822e+02,1.092713178404139853e+02,1.092713178404139853e+02,1.092713178404139853e+02,1.092713178404139853e+02,0.000000000000000000e+00,2.079171440098260746e+02,6.674460949372304697e+01,6.674460949372304697e+01,6.674460949372304697e+01,6.674460949372304697e+01,9.958818119772644195e+02,4.118027514309271737e+02,1.321950335725993568e+02,4.730250860516620151e+02,1.321950335725993568e+02,1.321950335725993568e+02
3.100000000000000000e+02,0.000000000000000000e+00,1.288286945691462734e+03,0.000000000000000000e+00,0.000000000000000000e+00,4.571714618837905846e+02,0.000000000000000000e+00,0.000000000000000000e+00,0.000000000000000000e+00,3.390594207763428471e+02,1.088433026658707234e+02,1.088433026658707234e+02,1.088433026658707234e+02,1.088433026658707234e+02,0.000000000000000000e+00,2.079171440098260746e+02,6.674460949372304697e+01,6.674460949372304697e+01,6.674460949372304697e+01,6.674460949372304697e+01,9.919809481824263457e+02,4.107760976848587688e+02,1.318654618882010539e+02,4.838874875387198244e+02,1.318654618882010539e+02,1.318654618882010539e+02
3.200000000000000000e+02,0.000000000000000000e+00,1.283057546255674197e+03,0.000000000000000000e+00,0.000000000000000000e+00,4.716485269736018608e+02,0.000000000000000000e+00,0.000000000000000000e+00,0.000000000000000000e+00,3.376831147059938303e+02,1.084014871934297162e+02,1.084014871934297162e+02,1.084014871934297162e+02,1.084014871934297162e+02,0.000000000000000000e+00,2.079171440098260746e+02,6.674460949372304697e+01,6.674460949372304697e+01,6.674460949372304697e+01,6.674460949372304697e+01,9.879543106168691793e+02,4.097163420106900276e+02,1.315252639744214775e+02,4.946946297440948683e+02,1.315252639744214775e+02,1.315252639744214775e+02
3.300000000000000000e+02,0.000000000000000000e+00,1.277665467298733574e+03,0.000000000000000000e+00,0.000000000000000000e+00,4.860657915059532002e+02,0.000000000000000000e+00,0.000000000000000000e+00,0.000000000000000000e+00,3.362639936211804184e+02,1.079459274411001815e+02,1.079459274411001815e+02,1.079459274411001815e+02,1.079459274411001815e+02,0.000000000000000000e+00,2.079171440098260746e+02,6.674460949372304697e+01,6.674460949372304697e+01,6.674460949372304697e+01,6.674460949372304697e+01,9.838024098200248773e+02,4.086236187753836475e+02,1.311744829651277371e+02,5.054451424247116620e+02,1.311744829651277371e+02,1.311744829651277371e+02
3.400000000000000000e+02,0.000000000000000000e+00,1.272111392485084252e+03,0.000000000000000000e+00,0.000000000000000000e+00,5.004214275085149097e+02,0.000000000000000000e+00,0.000000000000000000e+00,0.000000000000000000e+00,3.348022374529894591e+02,1.074766811695356949e+02,1.074766811695356949e+02,1.074766811695356949e+02,1.074766811695356949e+02,0.000000000000000000e+00,2.079171440098260746e+02,6.674460949372304697e+01,6.674460949372304697e+01,6.674460949372304697e+01,6.674460949372304697e+01,9.795257722135148697e+02,4.074980665258766521e+02,1.308131633360230808e+02,5.161376625175795425e+02,1.308131633360230808e+02,1.308131633360230808e+02
3.500000000000000000e+02,0.000000000000000000e+00,1.266396026018706380e+03,0.000000000000000000e+00,0.000000000000000000e+00,5.147136148228723869e+02,0.000000000000000000e+00,0.000000000000000000e+00,0.000000000000000000e+00,3.332980315382314416e+02,1.069938078747104839e+02,1.069938078747104839e+02,1.069938078747104839e+02,1.069938078747104839e+02,0.000000000000000000e+00,2.079171440098260746e+02,6.674460949372304697e+01,6.674460949372304697e+01,6.674460949372304697e+01,6.674460949372304697e+01,9.751249400344039486e+02,4.063398279715129320e+02,1.304413508990076593e+02,5.267708343126193995e+02,1.304413508990076593e+02,1.304413508990076593e+02
3.600000000000000000e+02,0.000000000000000000e+00,1.260520092553831319e+03,0.000000000000000000e+00,0.000000000000000000e+00,5.289405413353001677e+02,0.000000000000000000e+00,0.000000000000000000e+00,0.000000000000000000e+00,3.317515665959421085e+02,1.064973687803760782e+02,1.064973687803760782e+02,1.064973687803760782e+02,1.064973687803760782e+02,0.000000000000000000e+00,2.079171440098260746e+02,6.674460949372304697e+01,6.674460949372304697e+01,6.674460949372304697e+01,6.674460949372304697e+01,9.706004712664500857e+02,4.051490499659502120e+02,1.300590927963701802e+02,5.373433096245513525e+02,1.300590927963701802e+02,1.300590927963701802e+02
3.700000000000000000e+02,0.000000000000000000e+00,1.254484337103062217e+03,0.000000000000000000e+00,0.000000000000000000e+00,5.431004032065256979e+02,0.000000000000000000e+00,0.000000000000000000e+00,0.000000000000000000e+00,3.301630387032007548e+02,1.059874268302986167e+02,1.059874268302986167e+02,1.059874268302986167e+02,1.059874268302986167e+02,0.000000000000000000e+00,2.079171440098260746e+02,6.674460949372304697e+01,6.674460949372304697e+01,6.674460949372304697e+01,6.674460949372304697e+01,9.659529395693579090e+02,4.039258834885393412e+02,1.296664374948105092e+02,5.478537479638353034e+02,1.296664374948105092e+02,1.296664374948105092e+02
3.800000000000000000e+02,0.000000000000000000e+00,1.248289524942913204e+03,0.000000000000000000e+00,0.000000000000000000e+00,5.571914051004340536e+02,0.000000000000000000e+00,0.000000000000000000e+00,0.000000000000000000e+00,3.285326492702697010e+02,1.054640466802782299e+02,1.054640466802782299e+02,1.054640466802782299e+02,1.054640466802782299e+02,0.000000000000000000e+00,2.079171440098260746e+02,6.674460949372304697e+01,6.674460949372304697e+01,6.674460949372304697e+01,6.674460949372304697e+01,9.611829342060432282e+02,4.026704836251824418e+02,1.292634347792948120e+02,5.583008167066290071e+02,1.292634347792948120e+02,1.292634347792948120e+02
3.900000000000000000e+02,0.000000000000000000e+00,1.241936441516779951e+03,0.000000000000000000e+00,0.000000000000000000e+00,5.712117604117038354e+02,0.000000000000000000e+00,0.000000000000000000e+00,0.000000000000000000e+00,3.268606050150573310e+02,1.049272946899512533e+02,1.049272946899512533e+02,1.049272946899512533e+02,1.049272946899512533e+02,0.000000000000000000e+00,2.079171440098260746e+02,6.674460949372304697e+01,6.674460949372304697e+01,6.674460949372304697e+01,6.674460949372304697e+01,9.562910599679205461e+02,4.013830095486689515e+02,1.288501357467430353e+02,5.686831912637550204e+02,1.288501357467430353e+02,1.288501357467430353e+02
4.000000000000000000e+02,0.000000000000000000e+00,1.235425892335352273e+03,0.000000000000000000e+00,0.000000000000000000e+00,5.851596914923297845e+02,0.000000000000000000e+00,0.000000000000000000e+00,0.000000000000000000e+00,3.251471179369080460e+02,1.043772389143764912e+02,1.043772389143764912e+02,1.043772389143764912e+02,1.043772389143764912e+02,0.000000000000000000e+00,2.079171440098260746e+02,6.674460949372304697e+01,6.674460949372304697e+01,6.674460949372304697e+01,6.674460949372304697e+01,9.512779370982212868e+02,4.000636244984939367e+02,1.284265927995504910e+02,5.789995552486443557e+02,1.284265927995504910e+02,1.284265927995504910e+02
4.100000000000000000e+02,0.000000000000000000e+00,1.228758702874484243e+03,0.000000000000000000e+00,0.000000000000000000e+00,5.990334298770100077e+02,0.000000000000000000e+00,0.000000000000000000e+00,0.000000000000000000e+00,3.233924052897231149e+02,1.038139490954064854e+02,1.038139490954064854e+02,1.038139490954064854e+02,1.038139490954064854e+02,0.000000000000000000e+00,2.079171440098260746e+02,6.674460949372304697e+01,6.674460949372304697e+01,6.674460949372304697e+01,6.674460949372304697e+01,9.461442012133528578e+02,3.987124957601615733e+02,1.279928596389435853e+02,5.892486006442412645e+02,1.279928596389435853e+02,1.279928596389435853e+02
4.200000000000000000e+02,0.000000000000000000e+00,1.221935718470530219e+03,0.000000000000000000e+00,0.000000000000000000e+00,6.128312165073749611e+02,0.000000000000000000e+00,0.000000000000000000e+00,0.000000000000000000e+00,3.215966895544146382e+02,1.032374966528448681e+02,1.032374966528448681e+02,1.032374966528448681e+02,1.032374966528448681e+02,0.000000000000000000e+00,2.079171440098260746e+02,6.674460949372304697e+01,6.674460949372304697e+01,6.674460949372304697e+01,6.674460949372304697e+01,9.408905032223083253e+02,3.973297946439740826e+02,1.275489912581711422e+02,5.994290279688499368e+02,1.275489912581711422e+02,1.275489912581711422e+02
4.300000000000000000e+02,0.000000000000000000e+00,1.214957804213165446e+03,0.000000000000000000e+00,0.000000000000000000e+00,6.265513019550141962e+02,0.000000000000000000e+00,0.000000000000000000e+00,0.000000000000000000e+00,3.197601984106972282e+02,1.026479546753910910e+02,1.026479546753910910e+02,1.026479546753910910e+02,1.026479546753910910e+02,0.000000000000000000e+00,2.079171440098260746e+02,6.674460949372304697e+01,6.674460949372304697e+01,6.674460949372304697e+01,6.674460949372304697e+01,9.355175092441373863e+02,3.959156964633116331e+02,1.270950439355317343e+02,6.095395464408926500e+02,1.270950439355317343e+02,1.270950439355317343e+02
4.400000000000000000e+02,0.000000000000000000e+00,1.207825844835699627e+03,0.000000000000000000e+00,0.000000000000000000e+00,6.401919466432925674e+02,0.000000000000000000e+00,0.000000000000000000e+00,0.000000000000000000e+00,3.178831647082203062e+02,1.020453979113732998e+02,1.020453979113732998e+02,1.020453979113732998e+02,1.020453979113732998e+02,0.000000000000000000e+00,2.079171440098260746e+02,6.674460949372304697e+01,6.674460949372304697e+01,6.674460949372304697e+01,6.674460949372304697e+01,9.300259005234887582e+02,3.944703805124044038e+02,1.266310752272380284e+02,6.195788741425733406e+02,1.266310752272380284e+02,1.266310752272380284e+02
4.500000000000000000e+02,0.000000000000000000e+00,1.200540744602903033e+03,0.000000000000000000e+00,0.000000000000000000e+00,6.537514210679065627e+02,0.000000000000000000e+00,0.000000000000000000e+00,0.000000000000000000e+00,3.159658264370450524e+02,1.014299027592712008e+02,1.014299027592712008e+02,1.014299027592712008e+02,1.014299027592712008e+02,0.000000000000000000e+00,2.079171440098260746e+02,6.674460949372304697e+01,6.674460949372304697e+01,6.674460949372304697e+01,6.674460949372304697e+01,9.244163733442353532e+02,3.929940300435994232e+02,1.261571439601194129e+02,6.295457381824073764e+02,1.261571439601194129e+02,1.261571439601194129e+02
4.600000000000000000e+02,0.000000000000000000e+00,1.193103427196351504e+03,0.000000000000000000e+00,0.000000000000000000e+00,6.672280060161746178e+02,0.000000000000000000e+00,0.000000000000000000e+00,0.000000000000000000e+00,3.140084266974694174e+02,1.008015472580292453e+02,1.008015472580292453e+02,1.008015472580292453e+02,1.008015472580292453e+02,0.000000000000000000e+00,2.079171440098260746e+02,6.674460949372304697e+01,6.674460949372304697e+01,6.674460949372304697e+01,6.674460949372304697e+01,9.186896389411906512e+02,3.914868322441262194e+02,1.256733102241631030e+02,6.394388748566175309e+02,1.256733102241631030e+02,1.256733102241631030e+02
4.700000000000000000e+02,0.000000000000000000e+00,1.185514835597315823e+03,0.000000000000000000e+00,0.000000000000000000e+00,6.806199927850116183e+02,0.000000000000000000e+00,0.000000000000000000e+00,0.000000000000000000e+00,3.120112136692055742e+02,1.001604110771621805e+02,1.001604110771621805e+02,1.001604110771621805e+02,1.001604110771621805e+02,0.000000000000000000e+00,2.079171440098260746e+02,6.674460949372304697e+01,6.674460949372304697e+01,6.674460949372304697e+01,6.674460949372304697e+01,9.128464234099332089e+02,3.899489782123630448e+02,1.251796353648954749e+02,6.492570298093544352e+02,1.251796353648954749e+02,1.251796353648954749e+02
4.800000000000000000e+02,0.000000000000000000e+00,1.177775931967197266e+03,0.000000000000000000e+00,0.000000000000000000e+00,6.939256833975809968e+02,0.000000000000000000e+00,0.000000000000000000e+00,0.000000000000000000e+00,3.099744405799125389e+02,9.950657550665356155e+01,9.950657550665356155e+01,9.950657550665356155e+01,9.950657550665356155e+01,0.000000000000000000e+00,2.079171440098260746e+02,6.674460949372304697e+01,6.674460949372304697e+01,6.674460949372304697e+01,6.674460949372304697e+01,9.068874676147419223e+02,3.883806629336074252e+02,1.246761819756038392e+02,6.589989581917411670e+02,1.246761819756038392e+02,1.246761819756038392e+02
4.900000000000000000e+02,0.000000000000000000e+00,1.169887697525537760e+03,0.000000000000000000e+00,0.000000000000000000e+00,7.071433908185778137e+02,0.000000000000000000e+00,0.000000000000000000e+00,0.000000000000000000e+00,3.078983656730899838e+02,9.884012344664911609e+01,9.884012344664911609e+01,9.884012344664911609e+01,9.884012344664911609e+01,0.000000000000000000e+00,2.079171440098260746e+02,6.674460949372304697e+01,6.674460949372304697e+01,6.674460949372304697e+01,6.674460949372304697e+01,9.008135270946640958e+02,3.867820852553540476e+02,1.241630138894004034e+02,6.686634248197053694e+02,1.241630138894004034e+02,1.241630138894004034e+02
5.000000000000000000e+02,0.000000000000000000e+00,1.161851132425607830e+03,0.000000000000000000e+00,0.000000000000000000e+00,7.202714391681324742e+02,0.000000000000000000e+00,0.000000000000000000e+00,0.000000000000000000e+00,3.057832521753349511e+02,9.816113939694568558e+01,9.816113939694568558e+01,9.816113939694568558e+01,9.816113939694568558e+01,0.000000000000000000e+00,2.079171440098260746e+02,6.674460949372304697e+01,6.674460949372304697e+01,6.674460949372304697e+01,6.674460949372304697e+01,8.946253719677180243e+02,3.851534478620826576e+02,1.236401961711287640e+02,6.782492043305908282e+02,1.236401961711287640e+02,1.236401961711287640e+02
5.100000000000000000e+02,0.000000000000000000e+00,1.153667255627598024e+03,0.000000000000000000e+00,0.000000000000000000e+00,7.333081639342949529e+02,0.000000000000000000e+00,0.000000000000000000e+00,0.000000000000000000e+00,3.036293682629672617e+02,9.746970944627744871e+01,9.746970944627744871e+01,9.746970944627744871e+01,9.746970944627744871e+01,0.000000000000000000e+00,2.079171440098260746e+02,6.674460949372304697e+01,6.674460949372304697e+01,6.674460949372304697e+01,6.674460949372304697e+01,8.883237868332505514e+02,3.834949572495595476e+02,1.231077951091142211e+02,6.877550813385213360e+02,1.231077951091142211e+02,1.231077951091142211e+02
5.200000000000000000e+02,0.000000000000000000e+00,1.145337104769424968e+03,0.000000000000000000e+00,0.000000000000000000e+00,7.462519121840771277e+02,0.000000000000000000e+00,0.000000000000000000e+00,0.000000000000000000e+00,3.014369870280276018e+02,9.676592126140079131e+01,9.676592126140079131e+01,9.676592126140079131e+01,9.676592126140079131e+01,0.000000000000000000e+00,2.079171440098260746e+02,6.674460949372304697e+01,6.674460949372304697e+01,6.674460949372304697e+01,6.674460949372304697e+01,8.819095706724572210e+02,3.818068236986559896e+02,1.225658782067591943e+02,6.971798505884985389e+02,1.225658782067591943e+02,1.225658782067591943e+02
5.300000000000000000e+02,0.000000000000000000e+00,1.136861736035167041e+03,0.000000000000000000e+00,0.000000000000000000e+00,7.591010427730329866e+02,0.000000000000000000e+00,0.000000000000000000e+00,0.000000000000000000e+00,2.992063864436515246e+02,9.604986407597883158e+01,9.604986407597883158e+01,9.604986407597883158e+01,9.604986407597883158e+01,0.000000000000000000e+00,2.079171440098260746e+02,6.674460949372304697e+01,6.674460949372304697e+01,6.674460949372304697e+01,6.674460949372304697e+01,8.753835367470786650e+02,3.800892612486864550e+02,1.220145141739842956e+02,7.065223171092196708e+02,1.220145141739842956e+02,1.220145141739842956e+02
5.400000000000000000e+02,0.000000000000000000e+00,1.128242224021152879e+03,0.000000000000000000e+00,0.000000000000000000e+00,7.718539265533362368e+02,0.000000000000000000e+00,0.000000000000000000e+00,0.000000000000000000e+00,2.969378493288259619e+02,9.532162867926764704e+01,9.532162867926764704e+01,9.532162867926764704e+01,9.532162867926764704e+01,0.000000000000000000e+00,2.079171440098260746e+02,6.674460949372304697e+01,6.674460949372304697e+01,6.674460949372304697e+01,6.674460949372304697e+01,8.687465124962877780e+02,3.783424876702707706e+02,1.214537729185166768e+02,7.157812963645855007e+02,1.214537729185166768e+02,1.214537729185166768e+02
5.500000000000000000e+02,0.000000000000000000e+00,1.119479661599708606e+03,0.000000000000000000e+00,0.000000000000000000e+00,7.845089465803442863e+02,0.000000000000000000e+00,0.000000000000000000e+00,0.000000000000000000e+00,2.946316633125290991e+02,9.458130740460478592e+01,9.458130740460478592e+01,9.458130740460478592e+01,9.458130740460478592e+01,0.000000000000000000e+00,2.079171440098260746e+02,6.674460949372304697e+01,6.674460949372304697e+01,6.674460949372304697e+01,6.674460949372304697e+01,8.619993394317756383e+02,3.765667244377222005e+02,1.208837255370262795e+02,7.249556144038913317e+02,1.208837255370262795e+02,1.208837255370262795e+02
5.600000000000000000e+02,0.000000000000000000e+00,1.110575159780597687e+03,0.000000000000000000e+00,0.000000000000000000e+00,7.970644983176080132e+02,0.000000000000000000e+00,0.000000000000000000e+00,0.000000000000000000e+00,2.922881207972634456e+02,9.382899411770262077e+01,9.382899411770262077e+01,9.382899411770262077e+01,9.382899411770262077e+01,0.000000000000000000e+00,2.079171440098260746e+02,6.674460949372304697e+01,6.674460949372304697e+01,6.674460949372304697e+01,6.674460949372304697e+01,8.551428730310602759e+02,3.747621967009675927e+02,1.203044443061116056e+02,7.340441080106697882e+02,1.203044443061116056e+02,1.203044443061116056e+02
5.700000000000000000e+02,0.000000000000000000e+00,1.101529847570149286e+03,0.000000000000000000e+00,0.000000000000000000e+00,8.095189898403147026e+02,0.000000000000000000e+00,0.000000000000000000e+00,0.000000000000000000e+00,2.899075189219803974e+02,9.306478420474668667e+01,9.306478420474668667e+01,9.306478420474668667e+01,9.306478420474668667e+01,0.000000000000000000e+00,2.079171440098260746e+02,6.674460949372304697e+01,6.674460949372304697e+01,6.674460949372304697e+01,6.674460949372304697e+01,8.481779826290149913e+02,3.729291332569996484e+02,1.197160026731355345e+02,7.430456248501778873e+02,1.197160026731355345e+02,1.197160026731355345e+02
5.800000000000000000e+02,0.000000000000000000e+00,1.092344871828115402e+03,0.000000000000000000e+00,0.000000000000000000e+00,8.218708420371281136e+02,0.000000000000000000e+00,0.000000000000000000e+00,0.000000000000000000e+00,2.874901595244066925e+02,9.228877456030191695e+01,9.228877456030191695e+01,9.228877456030191695e+01,9.228877456030191695e+01,0.000000000000000000e+00,2.079171440098260746e+02,6.674460949372304697e+01,6.674460949372304697e+01,6.674460949372304697e+01,6.674460949372304697e+01,8.411055513076488523e+02,3.710677665208679628e+02,1.191184752469130643e+02,7.519590236155016783e+02,1.191184752469130643e+02,1.191184752469130643e+02
5.900000000000000000e+02,0.000000000000000000e+00,1.083021397122258350e+03,0.000000000000000000e+00,0.000000000000000000e+00,8.341184888104036190e+02,0.000000000000000000e+00,0.000000000000000000e+00,0.000000000000000000e+00,2.850363491027742384e+02,9.150106357502720300e+01,9.150106357502720300e+01,9.150106357502720300e+01,9.150106357502720300e+01,0.000000000000000000e+00,2.079171440098260746e+02,6.674460949372304697e+01,6.674460949372304697e+01,6.674460949372304697e+01,6.674460949372304697e+01,8.339264757841389155e+02,3.691783324962109418e+02,1.185119377882515437e+02,7.607831741722623065e+02,1.185119377882515437e+02,1.185119377882515437e+02
6.000000000000000000e+02,0.000000000000000000e+00,1.073560605580695437e+03,0.000000000000000000e+00,0.000000000000000000e+00,8.462603772747548874e+02,0.000000000000000000e+00,0.000000000000000000e+00,0.000000000000000000e+00,2.825463987769589380e+02,9.070175112320043809e+01,9.070175112320043809e+01,9.070175112320043809e+01,9.070175112320043809e+01,0.000000000000000000e+00,2.079171440098260746e+02,6.674460949372304697e+01,6.674460949372304697e+01,6.674460949372304697e+01,6.674460949372304697e+01,8.266416662971355436e+02,3.672610707453331429e+02,1.178964672003449294e+02,7.695169577019062217e+02,1.178964672003449294e+02,1.178964672003449294e+02
6.100000000000000000e+02,0.000000000000000000e+00,1.063963696742014235e+03,0.000000000000000000e+00,0.000000000000000000e+00,8.582949679539473209e+02,0.000000000000000000e+00,0.000000000000000000e+00,0.000000000000000000e+00,2.800206242490332897e+02,8.989093855005533840e+01,8.989093855005533840e+01,8.989093855005533840e+01,8.989093855005533840e+01,0.000000000000000000e+00,2.079171440098260746e+02,6.674460949372304697e+01,6.674460949372304697e+01,6.674460949372304697e+01,6.674460949372304697e+01,8.192520464913509386e+02,3.653162243588303681e+02,1.172721415190232079e+02,7.781592668435625910e+02,1.172721415190232079e+02,1.172721415190232079e+02
6.200000000000000000e+02,0.000000000000000000e+00,1.054231887403184146e+03,0.000000000000000000e+00,0.000000000000000000e+00,8.702207349760863053e+02,0.000000000000000000e+00,0.000000000000000000e+00,0.000000000000000000e+00,2.774593457632387299e+02,8.906872865893181768e+01,8.906872865893181768e+01,8.906872865893181768e+01,8.906872865893181768e+01,0.000000000000000000e+00,2.079171440098260746e+02,6.674460949372304697e+01,6.674460949372304697e+01,6.674460949372304697e+01,6.674460949372304697e+01,8.117585533004518084e+02,3.633440399247685946e+02,1.166390399028580873e+02,7.867090058344444969e+02,1.166390399028580873e+02,1.166390399028580873e+02
6.300000000000000000e+02,0.000000000000000000e+00,1.044366411465279498e+03,0.000000000000000000e+00,0.000000000000000000e+00,8.820361662670837859e+02,0.000000000000000000e+00,0.000000000000000000e+00,0.000000000000000000e+00,2.748628880653819806e+02,8.823522569824172024e+01,8.823522569824172024e+01,8.823522569824172024e+01,8.823522569824172024e+01,0.000000000000000000e+00,2.079171440098260746e+02,6.674460949372304697e+01,6.674460949372304697e+01,6.674460949372304697e+01,6.674460949372304697e+01,8.041621368282652611e+02,3.613447674974188999e+02,1.159972426231267093e+02,7.951650906487811881e+02,1.159972426231267093e+02,1.159972426231267093e+02
6.400000000000000000e+02,0.000000000000000000e+00,1.034368519777028496e+03,0.000000000000000000e+00,0.000000000000000000e+00,8.937397637423764536e+02,0.000000000000000000e+00,0.000000000000000000e+00,0.000000000000000000e+00,2.722315803616596099e+02,8.739053534825077918e+01,8.739053534825077918e+01,8.739053534825077918e+01,8.739053534825077918e+01,0.000000000000000000e+00,2.079171440098260746e+02,6.674460949372304697e+01,6.674460949372304697e+01,6.674460949372304697e+01,6.674460949372304697e+01,7.964637602283119122e+02,3.593186605655527046e+02,1.153468310536336929e+02,8.035264491352635332e+02,1.153468310536336929e+02,1.153468310536336929e+02
6.500000000000000000e+02,0.000000000000000000e+00,1.024239479976222128e+03,0.000000000000000000e+00,0.000000000000000000e+00,9.053300434968664376e+02,0.000000000000000000e+00,0.000000000000000000e+00,0.000000000000000000e+00,2.695657562769184210e+02,8.653476470767962780e+01,8.653476470767962780e+01,8.653476470767962780e+01,8.653476470767962780e+01,0.000000000000000000e+00,2.079171440098260746e+02,6.674460949372304697e+01,6.674460949372304697e+01,6.674460949372304697e+01,6.674460949372304697e+01,7.886643995816911001e+02,3.572659760203019914e+02,1.146878876603938977e+02,8.117920211529810786e+02,1.146878876603938977e+02,1.146878876603938977e+02
6.600000000000000000e+02,0.000000000000000000e+00,1.013980576328985649e+03,0.000000000000000000e+00,0.000000000000000000e+00,9.168055359930687018e+02,0.000000000000000000e+00,0.000000000000000000e+00,0.000000000000000000e+00,2.668657538123546260e+02,8.566802228012453213e+01,8.566802228012453213e+01,8.566802228012453213e+01,8.566802228012453213e+01,0.000000000000000000e+00,2.079171440098260746e+02,6.674460949372304697e+01,6.674460949372304697e+01,6.674460949372304697e+01,6.674460949372304697e+01,7.807650437733190074e+02,3.551869741225877988e+02,1.140204959911764746e+02,8.199607587058393392e+02,1.140204959911764746e+02,1.140204959911764746e+02
6.700000000000000000e+02,0.000000000000000000e+00,1.003593109566949465e+03,0.000000000000000000e+00,0.000000000000000000e+00,9.281647862474319481e+02,0.000000000000000000e+00,0.000000000000000000e+00,0.000000000000000000e+00,2.641319153026589674e+02,8.479041796030031719e+01,8.479041796030031719e+01,8.479041796030031719e+01,8.479041796030031719e+01,0.000000000000000000e+00,2.079171440098260746e+02,6.674460949372304697e+01,6.674460949372304697e+01,6.674460949372304697e+01,6.674460949372304697e+01,7.727666943665510644e+02,3.530819184701221616e+02,1.133447406649118392e+02,8.280316260754344739e+02,1.133447406649118392e+02,1.133447406649118392e+02
6.800000000000000000e+02,0.000000000000000000e+00,9.930783967223253512e+02,0.000000000000000000e+00,0.000000000000000000e+00,9.394063540148191578e+02,0.000000000000000000e+00,0.000000000000000000e+00,0.000000000000000000e+00,2.613645873726113109e+02,8.390206302010655293e+01,8.390206302010655293e+01,8.390206302010655293e+01,8.390206302010655293e+01,0.000000000000000000e+00,2.079171440098260746e+02,6.674460949372304697e+01,6.674460949372304697e+01,6.674460949372304697e+01,6.674460949372304697e+01,7.646703654761905682e+02,3.509510759639854882e+02,1.126607073609626326e+02,8.360035999523734063e+02,1.126607073609626326e+02,1.126607073609626326e+02
6.900000000000000000e+02,0.000000000000000000e+00,9.824377709609213980e+02,0.000000000000000000e+00,0.000000000000000000e+00,9.505288139711158237e+02,0.000000000000000000e+00,0.000000000000000000e+00,0.000000000000000000e+00,2.585641208931322126e+02,8.300307009451952922e+01,8.300307009451952922e+01,8.300307009451952922e+01,8.300307009451952922e+01,0.000000000000000000e+00,2.079171440098260746e+02,6.674460949372304697e+01,6.674460949372304697e+01,6.674460949372304697e+01,6.674460949372304697e+01,7.564770836399094378e+02,3.487947167747865933e+02,1.119684828082606316e+02,8.438756695660197238e+02,1.119684828082606316e+02,1.119684828082606316e+02
7.000000000000000000e+02,0.000000000000000000e+00,9.716725814131090146e+02,0.000000000000000000e+00,0.000000000000000000e+00,9.615307558939470027e+02,0.000000000000000000e+00,0.000000000000000000e+00,0.000000000000000000e+00,2.557308709367960091e+02,8.209355316731111429e+01,8.209355316731111429e+01,8.209355316731111429e+01,8.209355316731111429e+01,0.000000000000000000e+00,2.079171440098260746e+02,6.674460949372304697e+01,6.674460949372304697e+01,6.674460949372304697e+01,6.674460949372304697e+01,7.481878876880939515e+02,3.466131143084077166e+02,1.112681547743101476e+02,8.516468368126493260e+02,1.112681547743101476e+02,1.112681547743101476e+02
7.100000000000000000e+02,0.000000000000000000e+00,9.607841930027659600e+02,0.000000000000000000e+00,0.000000000000000000e+00,9.724107848414803357e+02,0.000000000000000000e+00,0.000000000000000000e+00,0.000000000000000000e+00,2.528651967328109151e+02,8.117362755659677021e+01,8.117362755659677021e+01,8.117362755659677021e+01,8.117362755659677021e+01,0.000000000000000000e+00,2.079171440098260746e+02,6.674460949372304697e+01,6.674460949372304697e+01,6.674460949372304697e+01,6.674460949372304697e+01,7.398038286121297915e+02,3.444065451713391894e+02,1.105598120540601030e+02,8.593161163820000183e+02,1.105598120540601030e+02,1.105598120540601030e+02
7.200000000000000000e+02,0.000000000000000000e+00,9.497739862742155310e+02,0.000000000000000000e+00,0.000000000000000000e+00,9.831675213292930948e+02,0.000000000000000000e+00,0.000000000000000000e+00,0.000000000000000000e+00,2.499674616214717275e+02,8.024340990021416076e+01,8.024340990021416076e+01,8.024340990021416076e+01,8.024340990021416076e+01,0.000000000000000000e+00,2.079171440098260746e+02,6.674460949372304697e+01,6.674460949372304697e+01,6.674460949372304697e+01,6.674460949372304697e+01,7.313259694311459498e+02,3.421752891356080113e+02,1.098435444586454963e+02,8.668825358822011822e+02,1.098435444586454963e+02,1.098435444586454963e+02
7.300000000000000000e+02,0.000000000000000000e+00,9.386433572171880542e+02,0.000000000000000000e+00,0.000000000000000000e+00,9.937996015052763141e+02,0.000000000000000000e+00,0.000000000000000000e+00,0.000000000000000000e+00,2.470380330080920714e+02,7.930301814093469659e+01,7.930301814093469659e+01,7.930301814093469659e+01,7.930301814093469659e+01,0.000000000000000000e+00,2.079171440098260746e+02,6.674460949372304697e+01,6.674460949372304697e+01,6.674460949372304697e+01,6.674460949372304697e+01,7.227553850572347756e+02,3.399196291033056241e+02,1.091194428040003004e+02,8.743451359630630577e+02,1.091194428040003004e+02,1.091194428040003004e+02
7.400000000000000000e+02,0.000000000000000000e+00,9.273937170898237810e+02,0.000000000000000000e+00,0.000000000000000000e+00,1.004305677322557017e+03,0.000000000000000000e+00,0.000000000000000000e+00,0.000000000000000000e+00,2.440772823164212753e+02,7.835257151150956645e+01,7.835257151150956645e+01,7.835257151150956645e+01,7.835257151150956645e+01,0.000000000000000000e+00,2.079171440098260746e+02,6.674460949372304697e+01,6.674460949372304697e+01,6.674460949372304697e+01,6.674460949372304697e+01,7.140931621591643079e+02,3.376398510707191463e+02,1.083875988993429473e+02,8.817029704377118833e+02,1.083875988993429473e+02,1.083875988993429473e+02
7.500000000000000000e+02,0.000000000000000000e+00,9.160264922397348073e+02,0.000000000000000000e+00,0.000000000000000000e+00,1.014684416710420919e+03,0.000000000000000000e+00,0.000000000000000000e+00,0.000000000000000000e+00,2.410855849415503371e+02,7.739219051955193152e+01,7.739219051955193152e+01,7.739219051955193152e+01,7.739219051955193152e+01,0.000000000000000000e+00,2.079171440098260746e+02,6.674460949372304697e+01,6.674460949372304697e+01,6.674460949372304697e+01,6.674460949372304697e+01,7.053403990245958539e+02,3.353362440920685685e+02,1.076481055355355778e+02,8.889551064025596361e+02,1.076481055355355778e+02,1.076481055355355778e+02
7.600000000000000000e+02,0.000000000000000000e+00,9.045431239231627387e+02,0.000000000000000000e+00,0.000000000000000000e+00,1.024934503743203095e+03,0.000000000000000000e+00,0.000000000000000000e+00,0.000000000000000000e+00,2.380633202023167030e+02,7.642199693225801127e+01,7.642199693225801127e+01,7.642199693225801127e+01,7.642199693225801127e+01,0.000000000000000000e+00,2.079171440098260746e+02,6.674460949372304697e+01,6.674460949372304697e+01,6.674460949372304697e+01,6.674460949372304697e+01,6.964982054208353475e+02,3.330091002428586080e+02,1.069010564733192581e+02,8.961006243555856372e+02,1.069010564733192581e+02,1.069010564733192581e+02
7.700000000000000000e+02,0.000000000000000000e+00,8.929450681222365347e+02,0.000000000000000000e+00,0.000000000000000000e+00,1.035054638807137735e+03,0.000000000000000000e+00,0.000000000000000000e+00,0.000000000000000000e+00,2.350108712932088793e+02,7.544211376096785671e+01,7.544211376096785671e+01,7.544211376096785671e+01,7.544211376096785671e+01,0.000000000000000000e+00,2.079171440098260746e+02,6.674460949372304697e+01,6.674460949372304697e+01,6.674460949372304697e+01,6.674460949372304697e+01,6.875677024541221272e+02,3.306587145828456187e+02,1.061465464314258327e+02,9.031386183129219489e+02,1.061465464314258327e+02,1.061465464314258327e+02
7.800000000000000000e+02,0.000000000000000000e+00,8.812337953603716869e+02,0.000000000000000000e+00,0.000000000000000000e+00,1.045043538765134144e+03,0.000000000000000000e+00,0.000000000000000000e+00,0.000000000000000000e+00,2.319286252357823059e+02,7.445266524556893728e+01,7.445266524556893728e+01,7.445266524556893728e+01,7.445266524556893728e+01,0.000000000000000000e+00,2.079171440098260746e+02,6.674460949372304697e+01,6.674460949372304697e+01,6.674460949372304697e+01,6.674460949372304697e+01,6.785500224274861694e+02,3.282853851186271186e+02,1.053846710745686721e+02,9.100681959237218734e+02,1.053846710745686721e+02,1.053846710745686721e+02
7.900000000000000000e+02,0.000000000000000000e+00,8.694107905158185758e+02,0.000000000000000000e+00,0.000000000000000000e+00,1.054899937119468859e+03,0.000000000000000000e+00,0.000000000000000000e+00,0.000000000000000000e+00,2.288169728295875700e+02,7.345377683874349373e+01,7.345377683874349373e+01,7.345377683874349373e+01,7.345377683874349373e+01,0.000000000000000000e+00,2.079171440098260746e+02,6.674460949372304697e+01,6.674460949372304697e+01,6.674460949372304697e+01,6.674460949372304697e+01,6.694463086971803705e+02,3.258894127658571733e+02,1.046155270013130831e+02,9.168884785833041633e+02,1.046155270013130831e+02,1.046155270013130831e+02
8.000000000000000000e+02,0.000000000000000000e+00,8.574775526333952484e+02,0.000000000000000000e+00,0.000000000000000000e+00,1.064622584172364213e+03,0.000000000000000000e+00,0.000000000000000000e+00,0.000000000000000000e+00,2.256763086026213614e+02,7.244557519006242785e+01,7.244557519006242785e+01,7.244557519006242785e+01,7.244557519006242785e+01,0.000000000000000000e+00,2.079171440098260746e+02,6.674460949372304697e+01,6.674460949372304697e+01,6.674460949372304697e+01,6.674460949372304697e+01,6.602577155277143675e+02,3.234711013110932072e+02,1.038392117318286694e+02,9.235986015445491830e+02,1.038392117318286694e+02,1.038392117318286694e+02
8.100000000000000000e+02,0.000000000000000000e+00,8.454355947344240576e+02,0.000000000000000000e+00,0.000000000000000000e+00,1.074210247184437776e+03,0.000000000000000000e+00,0.000000000000000000e+00,0.000000000000000000e+00,2.225070307613040654e+02,7.142818812992737776e+01,7.142818812992737776e+01,7.142818812992737776e+01,7.142818812992737776e+01,0.000000000000000000e+00,2.079171440098260746e+02,6.674460949372304697e+01,6.674460949372304697e+01,6.674460949372304697e+01,6.674460949372304697e+01,6.509854079455064948e+02,3.210307573732789024e+02,1.030558236955246798e+02,9.301977140275416787e+02,1.030558236955246798e+02,1.030558236955246798e+02
8.200000000000000000e+02,0.000000000000000000e+00,8.332864436248934226e+02,0.000000000000000000e+00,0.000000000000000000e+00,1.083661710531001972e+03,0.000000000000000000e+00,0.000000000000000000e+00,0.000000000000000000e+00,2.193095411399908699e+02,7.040174465336301068e+01,7.040174465336301068e+01,7.040174465336301068e+01,7.040174465336301068e+01,0.000000000000000000e+00,2.079171440098260746e+02,6.674460949372304697e+01,6.674460949372304697e+01,6.674460949372304697e+01,6.674460949372304697e+01,6.416305615911679752e+02,3.185686903648677344e+02,1.022654622185701072e+02,9.366849793274416243e+02,1.022654622185701072e+02,1.022654622185701072e+02
8.300000000000000000e+02,0.000000000000000000e+00,8.210316397018729049e+02,0.000000000000000000e+00,0.000000000000000000e+00,1.092975775856196151e+03,0.000000000000000000e+00,0.000000000000000000e+00,0.000000000000000000e+00,2.160842451500227241e+02,6.936637490366155134e+01,6.936637490366155134e+01,6.936637490366155134e+01,6.936637490366155134e+01,0.000000000000000000e+00,2.079171440098260746e+02,6.674460949372304697e+01,6.674460949372304697e+01,6.674460949372304697e+01,6.674460949372304697e+01,6.321943625704421947e+02,3.160852124525922591e+02,1.014682275112999861e+02,9.430595749205710945e+02,1.014682275112999861e+02,1.014682275112999861e+02
8.400000000000000000e+02,0.000000000000000000e+00,8.086727367582062698e+02,0.000000000000000000e+00,0.000000000000000000e+00,1.102151262224923812e+03,0.000000000000000000e+00,0.000000000000000000e+00,0.000000000000000000e+00,2.128315517283242571e+02,6.832221015588199009e+01,6.832221015588199009e+01,6.832221015588199009e+01,6.832221015588199009e+01,0.000000000000000000e+00,2.079171440098260746e+02,6.674460949372304697e+01,6.674460949372304697e+01,6.674460949372304697e+01,6.674460949372304697e+01,6.226780073038188448e+02,3.135806385178844380e+02,1.006642206555097232e+02,9.493206925687010198e+02,1.006642206555097232e+02,1.006642206555097232e+02
8.500000000000000000e+02,0.000000000000000000e+00,7.962113017855067483e+02,0.000000000000000000e+00,0.000000000000000000e+00,1.111187006272584540e+03,0.000000000000000000e+00,0.000000000000000000e+00,0.000000000000000000e+00,2.095518732855548194e+02,6.726938280020571881e+01,6.726938280020571881e+01,6.726938280020571881e+01,6.726938280020571881e+01,0.000000000000000000e+00,2.079171440098260746e+02,6.674460949372304697e+01,6.674460949372304697e+01,6.674460949372304697e+01,6.674460949372304697e+01,6.130827023748402098e+02,3.110552861169519474e+02,9.985354359163899574e+01,9.554675384215290705e+02,9.985354359163899574e+01,9.985354359163899574e+01
8.600000000000000000e+02,0.000000000000000000e+00,7.836489147754733722e+02,0.000000000000000000e+00,0.000000000000000000e+00,1.120081862352579492e+03,0.000000000000000000e+00,0.000000000000000000e+00,0.000000000000000000e+00,2.062456256538177399e+02,6.620802632515041353e+01,6.620802632515041353e+01,6.620802632515041353e+01,6.620802632515041353e+01,0.000000000000000000e+00,2.079171440098260746e+02,6.674460949372304697e+01,6.674460949372304697e+01,6.674460949372304697e+01,6.674460949372304697e+01,6.034096643771144954e+02,3.085094754405143931e+02,9.903629910584641038e+01,9.614993331173326396e+02,9.903629910584641038e+01,9.903629910584641038e+01
8.700000000000000000e+02,0.000000000000000000e+00,7.709871685195681721e+02,0.000000000000000000e+00,0.000000000000000000e+00,1.128834702681565659e+03,0.000000000000000000e+00,0.000000000000000000e+00,0.000000000000000000e+00,2.029132280339381111e+02,6.513827530064534699e+01,6.513827530064534699e+01,6.513827530064534699e+01,6.513827530064534699e+01,0.000000000000000000e+00,2.079171440098260746e+02,6.674460949372304697e+01,6.674460949372304697e+01,6.674460949372304697e+01,6.674460949372304697e+01,5.936601197600674595e+02,3.059435292732071048e+02,9.821259081697751014e+01,9.674153118817830546e+02,9.821259081697751014e+01,9.821259081697751014e+01
8.800000000000000000e+02,0.000000000000000000e+00,7.582276684070601505e+02,0.000000000000000000e+00,0.000000000000000000e+00,1.137444417482451399e+03,0.000000000000000000e+00,0.000000000000000000e+00,0.000000000000000000e+00,1.995551029423106115e+02,6.406026536096881330e+01,6.406026536096881330e+01,6.406026536096881330e+01,6.406026536096881330e+01,0.000000000000000000e+00,2.079171440098260746e+02,6.674460949372304697e+01,6.674460949372304697e+01,6.674460949372304697e+01,6.674460949372304697e+01,5.838353046734363261e+02,3.033577729526539315e+02,9.738252316342658332e+01,9.732147246249140835e+02,9.738252316342658332e+01,9.738252316342658332e+01
8.900000000000000000e+02,0.000000000000000000e+00,7.453720322214821863e+02,0.000000000000000000e+00,0.000000000000000000e+00,1.145909915125101634e+03,0.000000000000000000e+00,0.000000000000000000e+00,0.000000000000000000e+00,1.961716761573299266e+02,6.297413318755137368e+01,6.297413318755137368e+01,6.297413318755137368e+01,6.297413318755137368e+01,0.000000000000000000e+00,2.079171440098260746e+02,6.674460949372304697e+01,6.674460949372304697e+01,6.674460949372304697e+01,6.674460949372304697e+01,5.739364648105413380e+02,3.007525343282188146e+02,9.654620138989514544e+01,9.788968360362233625e+02,9.654620138989514544e+01,9.654620138989514544e+01
9.000000000000000000e+02,0.000000000000000000e+00,7.324218899355071244e+02,0.000000000000000000e+00,0.000000000000000000e+00,1.154230122264750207e+03,0.000000000000000000e+00,0.000000000000000000e+00,0.000000000000000000e+00,1.927633766654048486e+02,6.188001649164560547e+01,6.188001649164560547e+01,6.188001649164560547e+01,6.188001649164560547e+01,0.000000000000000000e+00,2.079171440098260746e+02,6.674460949372304697e+01,6.674460949372304697e+01,6.674460949372304697e+01,6.674460949372304697e+01,5.639648552503405199e+02,2.981281437194364798e+02,9.570373153404770505e+01,9.844609256779053794e+02,9.570373153404770505e+01,9.570373153404770505e+01
9.100000000000000000e+02,0.000000000000000000e+00,7.193788835042843175e+02,0.000000000000000000e+00,0.000000000000000000e+00,1.162403983978087354e+03,0.000000000000000000e+00,0.000000000000000000e+00,0.000000000000000000e+00,1.893306366065673103e+02,6.077805399686575072e+01,6.077805399686575072e+01,6.077805399686575072e+01,6.077805399686575072e+01,0.000000000000000000e+00,2.079171440098260746e+02,6.674460949372304697e+01,6.674460949372304697e+01,6.674460949372304697e+01,6.674460949372304697e+01,5.539217402982989142e+02,2.954849338741315705e+02,9.485522041306721519e+01,9.899062880761945280e+02,9.485522041306721519e+01,9.485522041306721519e+01
9.200000000000000000e+02,0.000000000000000000e+00,7.062446666572569711e+02,0.000000000000000000e+00,0.000000000000000000e+00,1.170430463897014306e+03,0.000000000000000000e+00,0.000000000000000000e+00,0.000000000000000000e+00,1.858738912196816386e+02,5.966838542159901237e+01,5.966838542159901237e+01,5.966838542159901237e+01,5.966838542159901237e+01,0.000000000000000000e+00,2.079171440098260746e+02,6.674460949372304697e+01,6.674460949372304697e+01,6.674460949372304697e+01,6.674460949372304697e+01,5.438083933260878666e+02,2.928232399262296326e+02,9.400077561011183036e+01,9.952322328108127749e+02,9.400077561011183036e+01,9.400077561011183036e+01
9.300000000000000000e+02,0.000000000000000000e+00,6.930209046884830286e+02,0.000000000000000000e+00,0.000000000000000000e+00,1.178308544340045273e+03,0.000000000000000000e+00,0.000000000000000000e+00,0.000000000000000000e+00,1.823935787872598553e+02,5.855115146129045200e+01,5.855115146129045200e+01,5.855115146129045200e+01,5.855115146129045200e+01,0.000000000000000000e+00,2.079171440098260746e+02,6.674460949372304697e+01,6.674460949372304697e+01,6.674460949372304697e+01,6.674460949372304697e+01,5.336260966101319809e+02,2.901433993532648401e+02,9.314050546067423397e+01,1.000438084602508980e+03,9.314050546067423397e+01,9.314050546067423397e+01
9.400000000000000000e+02,0.000000000000000000e+00,6.797092742454914287e+02,0.000000000000000000e+00,0.000000000000000000e+00,1.186037226441340408e+03,0.000000000000000000e+00,0.000000000000000000e+00,0.000000000000000000e+00,1.788901405798914084e+02,5.742649377060408966e+01,5.742649377060408966e+01,5.742649377060408966e+01,5.742649377060408966e+01,0.000000000000000000e+00,2.079171440098260746e+02,6.674460949372304697e+01,6.674460949372304697e+01,6.674460949372304697e+01,6.674460949372304697e+01,5.233761411690284149e+02,2.874457519335911684e+02,9.227451903884573881e+01,1.005523183398677816e+03,9.227451903884573881e+01,9.227451903884573881e+01
9.500000000000000000e+02,0.000000000000000000e+00,6.663114631166996560e+02,0.000000000000000000e+00,0.000000000000000000e+00,1.193615530277351354e+03,0.000000000000000000e+00,0.000000000000000000e+00,0.000000000000000000e+00,1.753640208002946395e+02,5.629455494546248673e+01,5.629455494546248673e+01,5.629455494546248673e+01,5.629455494546248673e+01,0.000000000000000000e+00,2.079171440098260746e+02,6.674460949372304697e+01,6.674460949372304697e+01,6.674460949372304697e+01,6.674460949372304697e+01,5.130598265998587522e+02,2.847306397033016765e+02,9.140292614348669531e+01,1.010486884457047267e+03,9.140292614348669531e+01,9.140292614348669531e+01
9.600000000000000000e+02,0.000000000000000000e+00,6.528291700174198695e+02,0.000000000000000000e+00,0.000000000000000000e+00,1.201042494991066860e+03,0.000000000000000000e+00,0.000000000000000000e+00,0.000000000000000000e+00,1.718156665269963526e+02,5.515547850496711391e+01,5.515547850496711391e+01,5.515547850496711391e+01,5.515547850496711391e+01,0.000000000000000000e+00,2.079171440098260746e+02,6.674460949372304697e+01,6.674460949372304697e+01,6.674460949372304697e+01,6.674460949372304697e+01,5.026784609134132893e+02,2.819984069128619240e+02,9.052583728430526833e+01,1.015328558427426742e+03,9.052583728430526833e+01,9.052583728430526833e+01
9.700000000000000000e+02,0.000000000000000000e+00,6.392641043744748686e+02,0.000000000000000000e+00,0.000000000000000000e+00,1.208317178913839825e+03,0.000000000000000000e+00,0.000000000000000000e+00,0.000000000000000000e+00,1.682455276576458232e+02,5.400940887320118833e+01,5.400940887320118833e+01,5.400940887320118833e+01,5.400940887320118833e+01,0.000000000000000000e+00,2.079171440098260746e+02,6.674460949372304697e+01,6.674460949372304697e+01,6.674460949372304697e+01,6.674460949372304697e+01,4.922333603683456431e+02,2.792493999834620126e+02,8.964336366784550592e+01,1.020047591431502156e+03,8.964336366784550592e+01,8.964336366784550592e+01
9.800000000000000000e+02,0.000000000000000000e+00,6.256179861094606167e+02,0.000000000000000000e+00,0.000000000000000000e+00,1.215438659684783488e+03,0.000000000000000000e+00,0.000000000000000000e+00,0.000000000000000000e+00,1.646540568519722854e+02,5.285649136091822697e+01,5.285649136091822697e+01,5.285649136091822697e+01,5.285649136091822697e+01,0.000000000000000000e+00,2.079171440098260746e+02,6.674460949372304697e+01,6.674460949372304697e+01,6.674460949372304697e+01,6.674460949372304697e+01,4.817258493042846794e+02,2.764839674630934496e+02,8.875561718338762773e+01,1.024643385140670944e+03,8.875561718338762773e+01,8.875561718338762773e+01
9.900000000000000000e+02,0.000000000000000000e+00,6.118925454206770382e+02,0.000000000000000000e+00,0.000000000000000000e+00,1.222406034367715620e+03,0.000000000000000000e+00,0.000000000000000000e+00,0.000000000000000000e+00,1.610417094743923485e+02,5.169687214711807854e+01,5.169687214711807854e+01,5.169687214711807854e+01,5.169687214711807854e+01,0.000000000000000000e+00,2.079171440098260746e+02,6.674460949372304697e+01,6.674460949372304697e+01,6.674460949372304697e+01,6.674460949372304697e+01,4.711572599739213274e+02,2.737024599823568565e+02,8.786271038876151351e+01,1.029115356851902561e+03,8.786271038876151351e+01,8.786271038876151351e+01
1.000000000000000000e+03,0.000000000000000000e+00,5.980895225637551675e+02,0.000000000000000000e+00,0.000000000000000000e+00,1.229218419565643899e+03,0.000000000000000000e+00,0.000000000000000000e+00,0.000000000000000000e+00,1.574089435362739380e+02,5.053069826051278568e+01,5.053069826051278568e+01,5.053069826051278568e+01,5.053069826051278568e+01,0.000000000000000000e+00,2.079171440098260746e+02,6.674460949372304697e+01,6.674460949372304697e+01,6.674460949372304697e+01,6.674460949372304697e+01,4.605289323740914824e+02,2.709052302100056977e+02,8.696475649607543801e+01,1.033462939561621170e+03,8.696475649607543801e+01,8.696475649607543801e+01
1.010000000000000000e+03,0.000000000000000000e+00,5.842106676310075954e+02,0.000000000000000000e+00,0.000000000000000000e+00,1.235874951532772229e+03,0.000000000000000000e+00,0.000000000000000000e+00,0.000000000000000000e+00,1.537562196378643478e+02,4.935811756088459390e+01,4.935811756088459390e+01,4.935811756088459390e+01,4.935811756088459390e+01,0.000000000000000000e+00,2.079171440098260746e+02,6.674460949372304697e+01,6.674460949372304697e+01,6.674460949372304697e+01,6.674460949372304697e+01,4.498422140758758587e+02,2.680926328082302916e+02,8.606186935736172927e+01,1.037685582037596532e+03,8.606186935736172927e+01,8.606186935736172927e+01
1.020000000000000000e+03,0.000000000000000000e+00,5.702577403295339309e+02,0.000000000000000000e+00,0.000000000000000000e+00,1.242374786284015727e+03,0.000000000000000000e+00,0.000000000000000000e+00,0.000000000000000000e+00,1.500840009098907899e+02,4.817927872033881442e+01,4.817927872033881442e+01,4.817927872033881442e+01,4.817927872033881442e+01,0.000000000000000000e+00,2.079171440098260746e+02,6.674460949372304697e+01,6.674460949372304697e+01,6.674460949372304697e+01,6.674460949372304697e+01,4.390984600537411211e+02,2.652650243876906870e+02,8.515416345014148192e+01,1.041782748888833567e+03,8.515416345014148192e+01,8.515416345014148192e+01
1.030000000000000000e+03,0.000000000000000000e+00,5.562325097581093587e+02,0.000000000000000000e+00,0.000000000000000000e+00,1.248717099702007999e+03,0.000000000000000000e+00,0.000000000000000000e+00,0.000000000000000000e+00,1.463927529548402902e+02,4.699433120445380752e+01,4.699433120445380752e+01,4.699433120445380752e+01,4.699433120445380752e+01,0.000000000000000000e+00,2.079171440098260746e+02,6.674460949372304697e+01,6.674460949372304697e+01,6.674460949372304697e+01,6.674460949372304697e+01,4.282990325137442369e+02,2.624227634623017593e+02,8.424175386291003065e+01,1.045753920633456346e+03,8.424175386291003065e+01,8.424175386291003065e+01
1.040000000000000000e+03,0.000000000000000000e+00,5.421367541828763024e+02,0.000000000000000000e+00,0.000000000000000000e+00,1.254901087641593904e+03,0.000000000000000000e+00,0.000000000000000000e+00,0.000000000000000000e+00,1.426829437879250122e+02,4.580342525332987691e+01,4.580342525332987691e+01,4.580342525332987691e+01,4.580342525332987691e+01,0.000000000000000000e+00,2.079171440098260746e+02,6.674460949372304697e+01,6.674460949372304697e+01,6.674460949372304697e+01,6.674460949372304697e+01,4.174453007208147710e+02,2.595662104037770064e+02,8.332475628054459094e+01,1.049598593764571888e+03,8.332475628054459094e+01,8.332475628054459094e+01
1.050000000000000000e+03,0.000000000000000000e+00,5.279722608118778453e+02,0.000000000000000000e+00,0.000000000000000000e+00,1.260925966031786629e+03,0.000000000000000000e+00,0.000000000000000000e+00,0.000000000000000000e+00,1.389550437777426168e+02,4.460671186254036513e+01,4.460671186254036513e+01,4.460671186254036513e+01,4.460671186254036513e+01,0.000000000000000000e+00,2.079171440098260746e+02,6.674460949372304697e+01,6.674460949372304697e+01,6.674460949372304697e+01,6.674460949372304697e+01,4.065386408251459329e+02,2.566957273959366148e+02,8.240328696963666744e+01,1.053316280814112361e+03,8.240328696963666744e+01,8.240328696963666744e+01
1.060000000000000000e+03,0.000000000000000000e+00,5.137408255684583764e+02,0.000000000000000000e+00,0.000000000000000000e+00,1.266790970975179789e+03,0.000000000000000000e+00,0.000000000000000000e+00,0.000000000000000000e+00,1.352095255866381081e+02,4.340434276398688951e+01,4.340434276398688951e+01,4.340434276398688951e+01,4.340434276398688951e+01,0.000000000000000000e+00,2.079171440098260746e+02,6.674460949372304697e+01,6.674460949372304697e+01,6.674460949372304697e+01,6.674460949372304697e+01,3.955804356877129635e+02,2.538116783887861061e+02,8.147746276375049490e+01,1.056906510414639115e+03,8.147746276375049490e+01,8.147746276375049490e+01
1.070000000000000000e+03,0.000000000000000000e+00,4.994442528635559597e+02,0.000000000000000000e+00,0.000000000000000000e+00,1.272495358844803150e+03,0.000000000000000000e+00,0.000000000000000000e+00,0.000000000000000000e+00,1.314468641107746407e+02,4.219647040666115601e+01,4.219647040666115601e+01,4.219647040666115601e+01,4.219647040666115601e+01,0.000000000000000000e+00,2.079171440098260746e+02,6.674460949372304697e+01,6.674460949372304697e+01,6.674460949372304697e+01,6.674460949372304697e+01,3.845720747049380748e+02,2.509144290523712471e+02,8.054740104860968586e+01,1.060368827359108082e+03,8.054740104860968586e+01,8.054740104860968586e+01
1.080000000000000000e+03,0.000000000000000000e+00,4.850843553669206472e+02,0.000000000000000000e+00,0.000000000000000000e+00,1.278038406378407217e+03,0.000000000000000000e+00,0.000000000000000000e+00,0.000000000000000000e+00,1.276675364199211202e+02,4.098324793731581650e+01,4.098324793731581650e+01,4.098324793731581650e+01,4.098324793731581650e+01,0.000000000000000000e+00,2.079171440098260746e+02,6.674460949372304697e+01,6.674460949372304697e+01,6.674460949372304697e+01,6.674460949372304697e+01,3.735149536325288864e+02,2.480043467304140279e+02,7.961321974721377615e+01,1.063702792658587441e+03,7.961321974721377615e+01,7.961321974721377615e+01
1.090000000000000000e+03,0.000000000000000000e+00,4.706629537772852245e+02,0.000000000000000000e+00,0.000000000000000000e+00,1.283419410770166451e+03,0.000000000000000000e+00,0.000000000000000000e+00,0.000000000000000000e+00,1.238720216969644810e+02,3.976482918104699138e+01,3.976482918104699138e+01,3.976482918104699138e+01,3.976482918104699138e+01,0.000000000000000000e+00,2.079171440098260746e+02,6.674460949372304697e+01,6.674460949372304697e+01,6.674460949372304697e+01,6.674460949372304697e+01,3.624104744085096286e+02,2.450818003937374101e+02,7.867503730488677149e+01,1.066907983597914836e+03,7.867503730488677149e+01,7.867503730488677149e+01
1.100000000000000000e+03,0.000000000000000000e+00,4.561818765915178915e+02,0.000000000000000000e+00,0.000000000000000000e+00,1.288637689759787008e+03,0.000000000000000000e+00,0.000000000000000000e+00,0.000000000000000000e+00,1.200608011771535928e+02,3.854136862179066014e+01,3.854136862179066014e+01,3.854136862179066014e+01,3.854136862179066014e+01,0.000000000000000000e+00,2.079171440098260746e+02,6.674460949372304697e+01,6.674460949372304697e+01,6.674460949372304697e+01,6.674460949372304697e+01,3.512600449754687588e+02,2.421471605934830222e+02,7.773297267425940049e+01,1.069983993789295482e+03,7.773297267425940049e+01,7.773297267425940049e+01
1.110000000000000000e+03,0.000000000000000000e+00,4.416429598727859798e+02,0.000000000000000000e+00,0.000000000000000000e+00,1.293692581719012878e+03,0.000000000000000000e+00,0.000000000000000000e+00,0.000000000000000000e+00,1.162343580870834074e+02,3.731302138273557034e+01,3.731302138273557034e+01,3.731302138273557034e+01,3.731302138273557034e+01,0.000000000000000000e+00,2.079171440098260746e+02,6.674460949372304697e+01,6.674460949372304697e+01,6.674460949372304697e+01,6.674460949372304697e+01,3.400650791020452175e+02,2.392007994141289942e+02,7.678714530018697815e+01,1.072930433223827094e+03,7.678714530018697815e+01,7.678714530018697815e+01
1.120000000000000000e+03,0.000000000000000000e+00,4.270480470177608368e+02,0.000000000000000000e+00,0.000000000000000000e+00,1.298583445735512441e+03,0.000000000000000000e+00,0.000000000000000000e+00,0.000000000000000000e+00,1.123931775834262794e+02,3.607994320665509491e+01,3.607994320665509491e+01,3.607994320665509491e+01,3.607994320665509491e+01,0.000000000000000000e+00,2.079171440098260746e+02,6.674460949372304697e+01,6.674460949372304697e+01,6.674460949372304697e+01,6.674460949372304697e+01,3.288269962036758329e+02,2.362430904263130174e+02,7.583767510460501171e+01,1.075746928320949792e+03,7.583767510460501171e+01,7.583767510460501171e+01
1.130000000000000000e+03,0.000000000000000000e+00,4.123989885228924095e+02,0.000000000000000000e+00,0.000000000000000000e+00,1.303309661694140686e+03,0.000000000000000000e+00,0.000000000000000000e+00,0.000000000000000000e+00,1.085377466914187892e+02,3.484229043616054611e+01,3.484229043616054611e+01,3.484229043616054611e+01,3.484229043616054611e+01,0.000000000000000000e+00,2.079171440098260746e+02,6.674460949372304697e+01,6.674460949372304697e+01,6.674460949372304697e+01,6.674460949372304697e+01,3.175472211626271815e+02,2.332744086394672536e+02,7.488468247132421141e+01,1.078433121975812583e+03,7.488468247132421141e+01,7.488468247132421141e+01
1.140000000000000000e+03,0.000000000000000000e+00,3.976976417497843954e+02,0.000000000000000000e+00,0.000000000000000000e+00,1.307870630355563890e+03,0.000000000000000000e+00,0.000000000000000000e+00,0.000000000000000000e+00,1.046685542431115721e+02,3.360021999387839031e+01,3.360021999387839031e+01,3.360021999387839031e+01,3.360021999387839031e+01,0.000000000000000000e+00,2.079171440098260746e+02,6.674460949372304697e+01,6.674460949372304697e+01,6.674460949372304697e+01,6.674460949372304697e+01,3.062271841473340146e+02,2.302951304542706907e+02,7.392828823076695244e+01,1.080988673604551195e+03,7.392828823076695244e+01,7.392828823076695244e+01
1.150000000000000000e+03,0.000000000000000000e+00,3.829458706896970170e+02,0.000000000000000000e+00,0.000000000000000000e+00,1.312265773432238120e+03,0.000000000000000000e+00,0.000000000000000000e+00,0.000000000000000000e+00,1.007860908153898407e+02,3.235388936255391457e+01,3.235388936255391457e+01,3.235388936255391457e+01,3.235388936255391457e+01,0.000000000000000000e+00,2.079171440098260746e+02,6.674460949372304697e+01,6.674460949372304697e+01,6.674460949372304697e+01,6.674460949372304697e+01,2.948683204310667065e+02,2.273056336149249432e+02,7.296861364464710675e+01,1.083413259187470658e+03,7.296861364464710675e+01,7.296861364464710675e+01
1.160000000000000000e+03,0.000000000000000000e+00,3.681455457272123795e+02,0.000000000000000000e+00,0.000000000000000000e+00,1.316494533661728838e+03,0.000000000000000000e+00,0.000000000000000000e+00,0.000000000000000000e+00,9.689084866777319860e+01,3.110345656508399159e+01,3.110345656508399159e+01,3.110345656508399159e+01,3.110345656508399159e+01,0.000000000000000000e+00,2.079171440098260746e+02,6.674460949372304697e+01,6.674460949372304697e+01,6.674460949372304697e+01,6.674460949372304697e+01,2.834720702099535288e+02,2.243062971612601473e+02,7.200578039059526247e+01,1.085706571310126492e+03,7.200578039059526247e+01,7.200578039059526247e+01
1.170000000000000000e+03,0.000000000000000000e+00,3.532985434030865122e+02,0.000000000000000000e+00,0.000000000000000000e+00,1.320556374877368626e+03,0.000000000000000000e+00,0.000000000000000000e+00,0.000000000000000000e+00,9.298332168000169418e+01,2.984908014448123481e+01,2.984908014448123481e+01,2.984908014448123481e+01,2.984908014448123481e+01,0.000000000000000000e+00,2.079171440098260746e+02,6.674460949372304697e+01,6.674460949372304697e+01,6.674460949372304697e+01,6.674460949372304697e+01,2.720398784203766240e+02,2.212975013806760671e+02,7.103991054673113581e+01,1.087868319202304974e+03,7.103991054673113581e+01,7.103991054673113581e+01
1.180000000000000000e+03,0.000000000000000000e+00,3.384067461763219171e+02,0.000000000000000000e+00,0.000000000000000000e+00,1.324450782076236464e+03,0.000000000000000000e+00,0.000000000000000000e+00,0.000000000000000000e+00,8.906400528941644268e+01,2.859091914377222921e+01,2.859091914377222921e+01,2.859091914377222921e+01,2.859091914377222921e+01,0.000000000000000000e+00,2.079171440098260746e+02,6.674460949372304697e+01,6.674460949372304697e+01,6.674460949372304697e+01,6.674460949372304697e+01,2.605731945557678841e+02,2.182796277599254324e+02,7.007112657618520757e+01,1.089898228774887457e+03,7.007112657618520757e+01,7.007112657618520757e+01
1.190000000000000000e+03,0.000000000000000000e+00,3.234720421854895562e+02,0.000000000000000000e+00,0.000000000000000000e+00,1.328177261484456039e+03,0.000000000000000000e+00,0.000000000000000000e+00,0.000000000000000000e+00,8.513339642814300134e+01,2.732913308583241374e+01,2.732913308583241374e+01,2.732913308583241374e+01,2.732913308583241374e+01,0.000000000000000000e+00,2.079171440098260746e+02,6.674460949372304697e+01,6.674460949372304697e+01,6.674460949372304697e+01,6.674460949372304697e+01,2.490734724828269577e+02,2.152530589367448783e+02,6.909955131157154540e+01,1.091796042654602843e+03,6.909955131157154540e+01,6.909955131157154540e+01
1.200000000000000000e+03,0.000000000000000000e+00,3.084963250093309739e+02,0.000000000000000000e+00,0.000000000000000000e+00,1.331735340619801036e+03,0.000000000000000000e+00,0.000000000000000000e+00,0.000000000000000000e+00,8.119199346008504392e+01,2.606388195316008094e+01,2.606388195316008094e+01,2.606388195316008094e+01,2.606388195316008094e+01,0.000000000000000000e+00,2.079171440098260746e+02,6.674460949372304697e+01,6.674460949372304697e+01,6.674460949372304697e+01,6.674460949372304697e+01,2.375421702571848641e+02,2.122181786513402528e+02,6.812530793941385809e+01,1.093561520216660711e+03,6.812530793941385809e+01,6.812530793941385809e+01
1.210000000000000000e+03,0.000000000000000000e+00,2.934814934266704540e+02,0.000000000000000000e+00,0.000000000000000000e+00,1.335124568351601738e+03,0.000000000000000000e+00,0.000000000000000000e+00,0.000000000000000000e+00,7.724029611773654835e+01,2.479532616759211194e+01,2.479532616759211194e+01,2.479532616759211194e+01,2.479532616759211194e+01,0.000000000000000000e+00,2.079171440098260746e+02,6.674460949372304697e+01,6.674460949372304697e+01,6.674460949372304697e+01,6.674460949372304697e+01,2.259807499385362632e+02,2.091753716977319186e+02,6.714851998452651571e+01,1.095194437615259858e+03,6.714851998452651571e+01,6.714851998452651571e+01
1.220000000000000000e+03,0.000000000000000000e+00,2.784294511756678503e+02,0.000000000000000000e+00,0.000000000000000000e+00,1.338344514957944739e+03,0.000000000000000000e+00,0.000000000000000000e+00,0.000000000000000000e+00,7.327880543882046993e+01,2.352362656996402279e+01,2.352362656996402279e+01,2.352362656996402279e+01,2.352362656996402279e+01,0.000000000000000000e+00,2.079171440098260746e+02,6.674460949372304697e+01,6.674460949372304697e+01,6.674460949372304697e+01,6.674460949372304697e+01,2.143906774052642561e+02,2.061250238749665300e+02,6.616931129435289449e+01,1.096694587811970450e+03,6.616931129435289449e+01,6.616931129435289449e+01
1.230000000000000000e+03,0.000000000000000000e+00,2.633421067124424439e+02,0.000000000000000000e+00,0.000000000000000000e+00,1.341394772180155996e+03,0.000000000000000000e+00,0.000000000000000000e+00,0.000000000000000000e+00,6.930802370276188640e+01,2.224894439971685500e+01,2.224894439971685500e+01,2.224894439971685500e+01,2.224894439971685500e+01,0.000000000000000000e+00,2.079171440098260746e+02,6.674460949372304697e+01,6.674460949372304697e+01,6.674460949372304697e+01,6.674460949372304697e+01,2.027734221685806801e+02,2.030675219382014234e+02,6.518780602326256712e+01,1.098061780601982946e+03,6.518780602326256712e+01,6.518780602326256712e+01
1.240000000000000000e+03,0.000000000000000000e+00,2.482213729690996900e+02,0.000000000000000000e+00,0.000000000000000000e+00,1.344274953274565405e+03,0.000000000000000000e+00,0.000000000000000000e+00,0.000000000000000000e+00,6.532845436700385733e+01,2.097144127445359629e+01,2.097144127445359629e+01,2.097144127445359629e+01,2.097144127445359629e+01,0.000000000000000000e+00,2.079171440098260746e+02,6.674460949372304697e+01,6.674460949372304697e+01,6.674460949372304697e+01,6.674460949372304697e+01,1.911304571862067689e+02,2.000032535496677326e+02,6.420412861680985372e+01,1.099295842638225395e+03,6.420412861680985372e+01,6.420412861680985372e+01
1.250000000000000000e+03,0.000000000000000000e+00,2.330691671111876815e+02,0.000000000000000000e+00,0.000000000000000000e+00,1.346984693061542202e+03,0.000000000000000000e+00,0.000000000000000000e+00,0.000000000000000000e+00,6.134060200317345846e+01,1.969127916944746914e+01,1.969127916944746914e+01,1.969127916944746914e+01,1.969127916944746914e+01,0.000000000000000000e+00,2.079171440098260746e+02,6.674460949372304697e+01,6.674460949372304697e+01,6.674460949372304697e+01,6.674460949372304697e+01,1.794632586756145258e+02,1.969326072295183394e+02,6.321840379595514037e+01,1.100396617453342742e+03,6.321840379595514037e+01,6.321840379595514037e+01
1.260000000000000000e+03,0.000000000000000000e+00,2.178874102946210485e+02,0.000000000000000000e+00,0.000000000000000000e+00,1.349523647971795754e+03,0.000000000000000000e+00,0.000000000000000000e+00,0.000000000000000000e+00,5.734497223310732750e+01,1.840862039710518161e+01,1.840862039710518161e+01,1.840862039710518161e+01,1.840862039710518161e+01,0.000000000000000000e+00,2.079171440098260746e+02,6.674460949372304697e+01,6.674460949372304697e+01,6.674460949372304697e+01,6.674460949372304697e+01,1.677733059268581997e+02,1.938559723065674234e+02,6.223075654125157996e+01,1.101363965479534272e+03,6.223075654125157996e+01,6.223075654125157996e+01
1.270000000000000000e+03,0.000000000000000000e+00,2.026780274220951696e+02,0.000000000000000000e+00,0.000000000000000000e+00,1.351891496089937164e+03,0.000000000000000000e+00,0.000000000000000000e+00,0.000000000000000000e+00,5.334207166474334372e+01,1.712362758638712990e+01,1.712362758638712990e+01,1.712362758638712990e+01,1.712362758638712990e+01,0.000000000000000000e+00,2.079171440098260746e+02,6.674460949372304697e+01,6.674460949372304697e+01,6.674460949372304697e+01,6.674460949372304697e+01,1.560620811150132852e+02,1.907737388689271256e+02,6.124131207699868185e+01,1.102197764066250329e+03,6.124131207699868185e+01,6.124131207699868185e+01
1.280000000000000000e+03,0.000000000000000000e+00,1.874429468990272483e+02,0.000000000000000000e+00,0.000000000000000000e+00,1.354087937195294671e+03,0.000000000000000000e+00,0.000000000000000000e+00,0.000000000000000000e+00,4.933240782788763568e+01,1.583646366218764534e+01,1.583646366218764534e+01,1.583646366218764534e+01,1.583646366218764534e+01,0.000000000000000000e+00,2.079171440098260746e+02,6.674460949372304697e+01,6.674460949372304697e+01,6.674460949372304697e+01,6.674460949372304697e+01,1.443310691122509866e+02,1.876862977145482319e+02,6.025019585536507805e+01,1.102897907495742174e+03,6.025019585536507805e+01,6.025019585536507805e+01
1.290000000000000000e+03,0.000000000000000000e+00,1.721841003890526451e+02,0.000000000000000000e+00,0.000000000000000000e+00,1.356112692799979868e+03,0.000000000000000000e+00,0.000000000000000000e+00,0.000000000000000000e+00,4.531648910986457679e+01,1.454729182467762882e+01,1.454729182467762882e+01,1.454729182467762882e+01,1.454729182467762882e+01,0.000000000000000000e+00,2.079171440098260746e+02,6.674460949372304697e+01,6.674460949372304697e+01,6.674460949372304697e+01,6.674460949372304697e+01,1.325817572995705405e+02,1.845940403016704749e+02,5.925753354048236332e+01,1.103464306996467030e+03,5.925753354048236332e+01,5.925753354048236332e+01
1.300000000000000000e+03,0.000000000000000000e+00,1.569034225691083577e+02,0.000000000000000000e+00,0.000000000000000000e+00,1.357965506184196101e+03,0.000000000000000000e+00,0.000000000000000000e+00,0.000000000000000000e+00,4.129482469105809628e+01,1.325627552861234015e+01,1.325627552861234015e+01,1.325627552861234015e+01,1.325627552861234015e+01,0.000000000000000000e+00,2.079171440098260746e+02,6.674460949372304697e+01,6.674460949372304697e+01,6.674460949372304697e+01,6.674460949372304697e+01,1.208156353782134431e+02,1.814973586991895047e+02,5.826345099251209092e+01,1.103896890754343303e+03,5.826345099251209092e+01,5.826345099251209092e+01
1.310000000000000000e+03,0.000000000000000000e+00,1.416028508841342557e+02,0.000000000000000000e+00,0.000000000000000000e+00,1.359646142428788608e+03,0.000000000000000000e+00,0.000000000000000000e+00,0.000000000000000000e+00,3.726792448035249805e+01,1.196357846260688262e+01,1.196357846260688262e+01,1.196357846260688262e+01,1.196357846260688262e+01,0.000000000000000000e+00,2.079171440098260746e+02,6.674460949372304697e+01,6.674460949372304697e+01,6.674460949372304697e+01,6.674460949372304697e+01,1.090341951807833851e+02,1.783966455369461812e+02,5.726807425168789223e+01,1.104195603921855309e+03,5.726807425168789223e+01,5.726807425168789223e+01
1.320000000000000000e+03,0.000000000000000000e+00,1.262843253014236637e+02,0.000000000000000000e+00,0.000000000000000000e+00,1.361154388445030236e+03,0.000000000000000000e+00,0.000000000000000000e+00,0.000000000000000000e+00,3.323629905048079536e+01,1.066936452838204019e+01,1.066936452838204019e+01,1.066936452838204019e+01,1.066936452838204019e+01,0.000000000000000000e+00,2.079171440098260746e+02,6.674460949372304697e+01,6.674460949372304697e+01,6.674460949372304697e+01,6.674460949372304697e+01,9.723893048209622236e+01,1.752922939559449844e+02,5.627152952233475958e+01,1.104360408625008176e+03,5.627152952233475958e+01,5.627152952233475958e+01
1.330000000000000000e+03,0.000000000000000000e+00,1.109497880646538874e+02,0.000000000000000000e+00,0.000000000000000000e+00,1.362490053001638898e+03,0.000000000000000000e+00,0.000000000000000000e+00,0.000000000000000000e+00,2.920045957328902020e+01,9.373797819983112234e+00,9.373797819983112234e+00,9.373797819983112234e+00,9.373797819983112234e+00,0.000000000000000000e+00,2.079171440098260746e+02,6.674460949372304697e+01,6.674460949372304697e+01,6.674460949372304697e+01,6.674460949372304697e+01,8.543133680978348821e+01,1.721846975585073096e+02,5.527394315686758830e+01,1.104391283968129756e+03,5.527394315686758830e+01,5.527394315686758830e+01
1.340000000000000000e+03,0.000000000000000000e+00,9.560118344762722131e+01,0.000000000000000000e+00,0.000000000000000000e+00,1.363652966749023335e+03,0.000000000000000000e+00,0.000000000000000000e+00,0.000000000000000000e+00,2.516091775492419202e+01,8.077042602974252361e+00,8.077042602974252361e+00,8.077042602974252361e+00,8.077042602974252361e+00,0.000000000000000000e+00,2.079171440098260746e+02,6.674460949372304697e+01,6.674460949372304697e+01,6.674460949372304697e+01,6.674460949372304697e+01,7.361291125467296581e+01,1.690742503583663847e+02,5.427544163977076153e+01,1.104288226036518836e+03,5.427544163977076153e+01,5.427544163977076153e+01
1.350000000000000000e+03,0.000000000000000000e+00,8.024045750775718489e+01,0.000000000000000000e+00,0.000000000000000000e+00,1.364642982240756510e+03,0.000000000000000000e+00,0.000000000000000000e+00,0.000000000000000000e+00,2.111818577095529292e+01,6.779263293611305308e+00,6.779263293611305308e+00,6.779263293611305308e+00,6.779263293611305308e+00,0.000000000000000000e+00,2.079171440098260746e+02,6.674460949372304697e+01,6.674460949372304697e+01,6.674460949372304697e+01,6.674460949372304697e+01,6.178515228097303691e+01,1.659613467307103463e+02,5.327615157156129300e+01,1.104051247896944005e+03,5.327615157156129300e+01,5.327615157156129300e+01
1.360000000000000000e+03,0.000000000000000000e+00,6.486955783932565112e+01,0.000000000000000000e+00,0.000000000000000000e+00,1.365459973952268683e+03,0.000000000000000000e+00,0.000000000000000000e+00,0.000000000000000000e+00,1.707277620143394259e+01,5.480624437995279763e+00,5.480624437995279763e+00,5.480624437995279763e+00,5.480624437995279763e+00,0.000000000000000000e+00,2.079171440098260746e+02,6.674460949372304697e+01,6.674460949372304697e+01,6.674460949372304697e+01,6.674460949372304697e+01,4.994955953628075207e+01,1.628463813621789029e+02,5.227619965273695612e+01,1.103680379595983823e+03,5.227619965273695612e+01,5.227619965273695612e+01
1.370000000000000000e+03,0.000000000000000000e+00,4.949043332654677840e+01,0.000000000000000000e+00,0.000000000000000000e+00,1.366103838296763797e+03,0.000000000000000000e+00,0.000000000000000000e+00,0.000000000000000000e+00,1.302520196590420554e+01,4.181290691209495591e+00,4.181290691209495591e+00,4.181290691209495591e+00,4.181290691209495591e+00,0.000000000000000000e+00,2.079171440098260746e+02,6.674460949372304697e+01,6.674460949372304697e+01,6.674460949372304697e+01,6.674460949372304697e+01,3.810763366144102093e+01,1.597297492008210043e+02,5.127571266771190039e+01,1.103175668156220127e+03,5.127571266771190039e+01,5.127571266771190039e+01
1.380000000000000000e+03,0.000000000000000000e+00,3.410503389646690664e+01,0.000000000000000000e+00,0.000000000000000000e+00,1.366574493638353033e+03,0.000000000000000000e+00,0.000000000000000000e+00,0.000000000000000000e+00,8.975976258369254168e+00,2.881426796442875471e+00,2.881426796442875471e+00,2.881426796442875471e+00,2.881426796442875471e+00,0.000000000000000000e+00,2.079171440098260746e+02,6.674460949372304697e+01,6.674460949372304697e+01,6.674460949372304697e+01,6.674460949372304697e+01,2.626087610027951769e+01,1.566118454060190857e+02,5.027481746874160251e+01,1.102537177570273570e+03,5.027481746874160251e+01,5.027481746874160251e+01
1.390000000000000000e+03,0.000000000000000000e+00,1.871531027173238115e+01,0.000000000000000000e+00,0.000000000000000000e+00,1.366871880302405089e+03,0.000000000000000000e+00,0.000000000000000000e+00,0.000000000000000000e+00,4.925612482223238331e+00,1.581197564102077902e+00,1.581197564102077902e+00,1.581197564102077902e+00,1.581197564102077902e+00,0.000000000000000000e+00,2.079171440098260746e+02,6.674460949372304697e+01,6.674460949372304697e+01,6.674460949372304697e+01,6.674460949372304697e+01,1.441078890923393452e+01,1.534930652983866537e+02,4.927364095983919157e+01,1.101764988792691156e+03,4.927364095983919157e+01,4.927364095983919157e+01
1.400000000000000000e+03,0.000000000000000000e+00,3.323213723256355667e+00,0.000000000000000000e+00,0.000000000000000000e+00,1.366995960583113629e+03,0.000000000000000000e+00,0.000000000000000000e+00,0.000000000000000000e+00,8.746241851566101122e-01,2.807678509150973167e-01,2.807678509150973167e-01,2.807678509150973167e-01,2.807678509150973167e-01,0.000000000000000000e+00,2.079171440098260746e+02,6.674460949372304697e+01,6.674460949372304697e+01,6.674460949372304697e+01,6.674460949372304697e+01,2.558874566907393788e+00,1.503738043096453509e+02,4.827231008068521589e+01,1.100859199729682814e+03,4.827231008068521589e+01,4.827231008068521589e+01
1.410000000000000000e+03,0.000000000000000000e+00,0.000000000000000000e+00,1.206930417718378123e+01,0.000000000000000000e+00,1.366946718748275998e+03,0.000000000000000000e+00,0.000000000000000000e+00,0.000000000000000000e+00,0.000000000000000000e+00,0.000000000000000000e+00,0.000000000000000000e+00,0.000000000000000000e+00,0.000000000000000000e+00,0.000000000000000000e+00,2.079171440098260746e+02,6.674460949372304697e+01,6.674460949372304697e+01,6.674460949372304697e+01,6.674460949372304697e+01,0.000000000000000000e+00,1.589937079035062766e+02,4.805611883548058927e+01,1.100605092271653120e+03,4.805611883548058927e+01,4.805611883548058927e+01
1.420000000000000000e+03,0.000000000000000000e+00,0.000000000000000000e+00,2.746029180438721795e+01,0.000000000000000000e+00,1.366724161041290017e+03,0.000000000000000000e+00,0.000000000000000000e+00,0.000000000000000000e+00,0.000000000000000000e+00,0.000000000000000000e+00,0.000000000000000000e+00,0.000000000000000000e+00,0.000000000000000000e+00,0.000000000000000000e+00,2.079171440098260746e+02,6.674460949372304697e+01,6.674460949372304697e+01,6.674460949372304697e+01,6.674460949372304697e+01,0.000000000000000000e+00,1.708447683764529188e+02,4.805611883548058927e+01,1.100433722837273990e+03,4.805611883548058927e+01,4.805611883548058927e+01
1.430000000000000000e+03,0.000000000000000000e+00,0.000000000000000000e+00,4.284779772717696034e+01,0.000000000000000000e+00,1.366328315680360447e+03,0.000000000000000000e+00,0.000000000000000000e+00,0.000000000000000000e+00,0.000000000000000000e+00,0.000000000000000000e+00,0.000000000000000000e+00,0.000000000000000000e+00,0.000000000000000000e+00,0.000000000000000000e+00,2.079171440098260746e+02,6.674460949372304697e+01,6.674460949372304697e+01,6.674460949372304697e+01,6.674460949372304697e+01,0.000000000000000000e+00,1.826931479370010152e+02,4.805611883548058927e+01,1.100128921909358269e+03,4.805611883548058927e+01,4.805611883548058927e+01
1.440000000000000000e+03,0.000000000000000000e+00,0.000000000000000000e+00,5.822987095582401906e+01,0.000000000000000000e+00,1.365759232854923084e+03,0.000000000000000000e+00,0.000000000000000000e+00,0.000000000000000000e+00,0.000000000000000000e+00,0.000000000000000000e+00,0.000000000000000000e+00,0.000000000000000000e+00,0.000000000000000000e+00,0.000000000000000000e+00,2.079171440098260746e+02,6.674460949372304697e+01,6.674460949372304697e+01,6.674460949372304697e+01,6.674460949372304697e+01,0.000000000000000000e+00,1.945373443230592443e+02,4.805611883548058927e+01,1.099690728133771472e+03,4.805611883548058927e+01,4.805611883548058927e+01
1.450000000000000000e+03,0.000000000000000000e+00,0.000000000000000000e+00,7.360456118941253578e+01,0.000000000000000000e+00,1.365016984719279435e+03,0.000000000000000000e+00,0.000000000000000000e+00,0.000000000000000000e+00,0.000000000000000000e+00,0.000000000000000000e+00,0.000000000000000000e+00,0.000000000000000000e+00,0.000000000000000000e+00,0.000000000000000000e+00,2.079171440098260746e+02,6.674460949372304697e+01,6.674460949372304697e+01,6.674460949372304697e+01,6.674460949372304697e+01,0.000000000000000000e+00,2.063758558029224162e+02,4.805611883548058927e+01,1.099119197069325764e+03,4.805611883548058927e+01,4.805611883548058927e+01
1.460000000000000000e+03,0.000000000000000000e+00,0.000000000000000000e+00,8.896991906312068465e+01,0.000000000000000000e+00,1.364101665383449927e+03,0.000000000000000000e+00,0.000000000000000000e+00,0.000000000000000000e+00,0.000000000000000000e+00,0.000000000000000000e+00,0.000000000000000000e+00,0.000000000000000000e+00,0.000000000000000000e+00,0.000000000000000000e+00,2.079171440098260746e+02,6.674460949372304697e+01,6.674460949372304697e+01,6.674460949372304697e+01,6.674460949372304697e+01,0.000000000000000000e+00,2.182071813656776840e+02,4.805611883548058927e+01,1.098414401180737059e+03,4.805611883548058927e+01,4.805611883548058927e+01
1.470000000000000000e+03,0.000000000000000000e+00,0.000000000000000000e+00,1.043239963953812719e+02,0.000000000000000000e+00,1.363013390901239973e+03,0.000000000000000000e+00,0.000000000000000000e+00,0.000000000000000000e+00,0.000000000000000000e+00,0.000000000000000000e+00,0.000000000000000000e+00,0.000000000000000000e+00,0.000000000000000000e+00,0.000000000000000000e+00,2.079171440098260746e+02,6.674460949372304697e+01,6.674460949372304697e+01,6.674460949372304697e+01,6.674460949372304697e+01,0.000000000000000000e+00,2.300298209115183568e+02,4.805611883548058927e+01,1.097576429829435483e+03,4.805611883548058927e+01,4.805611883548058927e+01
1.480000000000000000e+03,0.000000000000000000e+00,0.000000000000000000e+00,1.196648464348927945e+02,0.000000000000000000e+00,1.361752299255526623e+03,0.000000000000000000e+00,0.000000000000000000e+00,0.000000000000000000e+00,0.000000000000000000e+00,0.000000000000000000e+00,0.000000000000000000e+00,0.000000000000000000e+00,0.000000000000000000e+00,0.000000000000000000e+00,2.079171440098260746e+02,6.674460949372304697e+01,6.674460949372304697e+01,6.674460949372304697e+01,6.674460949372304697e+01,0.000000000000000000e+00,2.418422754419422063e+02,4.805611883548058927e+01,1.096605389262236258e+03,4.805611883548058927e+01,4.805611883548058927e+01
1.490000000000000000e+03,0.000000000000000000e+00,0.000000000000000000e+00,1.349905241074488629e+02,0.000000000000000000e+00,1.360318550340763522e+03,0.000000000000000000e+00,0.000000000000000000e+00,0.000000000000000000e+00,0.000000000000000000e+00,0.000000000000000000e+00,0.000000000000000000e+00,0.000000000000000000e+00,0.000000000000000000e+00,0.000000000000000000e+00,2.079171440098260746e+02,6.674460949372304697e+01,6.674460949372304697e+01,6.674460949372304697e+01,6.674460949372304697e+01,0.000000000000000000e+00,2.536430472498103939e+02,4.805611883548058927e+01,1.095501402597868719e+03,4.805611883548058927e+01,4.805611883548058927e+01
1.500000000000000000e+03,0.000000000000000000e+00,0.000000000000000000e+00,1.502990862625552779e+02,0.000000000000000000e+00,1.358712325942707139e+03,0.000000000000000000e+00,0.000000000000000000e+00,0.000000000000000000e+00,0.000000000000000000e+00,0.000000000000000000e+00,0.000000000000000000e+00,0.000000000000000000e+00,0.000000000000000000e+00,0.000000000000000000e+00,2.079171440098260746e+02,6.674460949372304697e+01,6.674460949372304697e+01,6.674460949372304697e+01,6.674460949372304697e+01,0.000000000000000000e+00,2.654306401092423471e+02,4.805611883548058927e+01,1.094264609811365290e+03,4.805611883548058927e+01,4.805611883548058927e+01
1.510000000000000000e+03,0.000000000000000000e+00,0.000000000000000000e+00,1.655885919198030081e+02,0.000000000000000000e+00,1.356933829715368574e+03,0.000000000000000000e+00,0.000000000000000000e+00,0.000000000000000000e+00,0.000000000000000000e+00,0.000000000000000000e+00,0.000000000000000000e+00,0.000000000000000000e+00,0.000000000000000000e+00,0.000000000000000000e+00,2.079171440098260746e+02,6.674460949372304697e+01,6.674460949372304697e+01,6.674460949372304697e+01,6.674460949372304697e+01,0.000000000000000000e+00,2.772035594653231101e+02,4.805611883548058927e+01,1.092895167716314518e+03,4.805611883548058927e+01,4.805611883548058927e+01
1.520000000000000000e+03,0.000000000000000000e+00,0.000000000000000000e+00,1.808571025149662148e+02,0.000000000000000000e+00,1.354983287155192556e+03,0.000000000000000000e+00,0.000000000000000000e+00,0.000000000000000000e+00,0.000000000000000000e+00,0.000000000000000000e+00,0.000000000000000000e+00,0.000000000000000000e+00,0.000000000000000000e+00,0.000000000000000000e+00,2.079171440098260746e+02,6.674460949372304697e+01,6.674460949372304697e+01,6.674460949372304697e+01,6.674460949372304697e+01,0.000000000000000000e+00,2.889603126235987247e+02,4.805611883548058927e+01,1.091393249944979061e+03,4.805611883548058927e+01,4.805611883548058927e+01
1.530000000000000000e+03,0.000000000000000000e+00,0.000000000000000000e+00,1.961026821457931817e+02,0.000000000000000000e+00,1.352860945572465653e+03,0.000000000000000000e+00,0.000000000000000000e+00,0.000000000000000000e+00,0.000000000000000000e+00,0.000000000000000000e+00,0.000000000000000000e+00,0.000000000000000000e+00,0.000000000000000000e+00,0.000000000000000000e+00,2.079171440098260746e+02,6.674460949372304697e+01,6.674460949372304697e+01,6.674460949372304697e+01,6.674460949372304697e+01,0.000000000000000000e+00,3.006994089393355125e+02,4.805611883548058927e+01,1.089759046926279325e+03,4.805611883548058927e+01,4.805611883548058927e+01
1.540000000000000000e+03,0.000000000000000000e+00,0.000000000000000000e+00,2.113233978174620233e+02,0.000000000000000000e+00,1.350567074059960305e+03,0.000000000000000000e+00,0.000000000000000000e+00,0.000000000000000000e+00,0.000000000000000000e+00,0.000000000000000000e+00,0.000000000000000000e+00,0.000000000000000000e+00,0.000000000000000000e+00,0.000000000000000000e+00,2.079171440098260746e+02,6.674460949372304697e+01,6.674460949372304697e+01,6.674460949372304697e+01,6.674460949372304697e+01,0.000000000000000000e+00,3.124193600065204919e+02,4.805611883548058927e+01,1.087992765861650241e+03,4.805611883548058927e+01,4.805611883548058927e+01
1.550000000000000000e+03,0.000000000000000000e+00,0.000000000000000000e+00,2.265173196876638428e+02,0.000000000000000000e+00,1.348101963458816726e+03,0.000000000000000000e+00,0.000000000000000000e+00,0.000000000000000000e+00,0.000000000000000000e+00,0.000000000000000000e+00,0.000000000000000000e+00,0.000000000000000000e+00,0.000000000000000000e+00,0.000000000000000000e+00,2.079171440098260746e+02,6.674460949372304697e+01,6.674460949372304697e+01,6.674460949372304697e+01,6.674460949372304697e+01,0.000000000000000000e+00,3.241186798465759011e+02,4.805611883548058927e+01,1.086094630698769606e+03,4.805611883548058927e+01,4.805611883548058927e+01
1.560000000000000000e+03,0.000000000000000000e+00,0.000000000000000000e+00,2.416825213112898609e+02,0.000000000000000000e+00,1.345465926321665620e+03,0.000000000000000000e+00,0.000000000000000000e+00,0.000000000000000000e+00,0.000000000000000000e+00,0.000000000000000000e+00,0.000000000000000000e+00,0.000000000000000000e+00,0.000000000000000000e+00,0.000000000000000000e+00,2.079171440098260746e+02,6.674460949372304697e+01,6.674460949372304697e+01,6.674460949372304697e+01,6.674460949372304697e+01,0.000000000000000000e+00,3.357958850967679609e+02,4.805611883548058927e+01,1.084064882103163200e+03,4.805611883548058927e+01,4.805611883548058927e+01
1.570000000000000000e+03,0.000000000000000000e+00,0.000000000000000000e+00,2.568170798846860521e+02,0.000000000000000000e+00,1.342659296873001495e+03,0.000000000000000000e+00,0.000000000000000000e+00,0.000000000000000000e+00,0.000000000000000000e+00,0.000000000000000000e+00,0.000000000000000000e+00,0.000000000000000000e+00,0.000000000000000000e+00,0.000000000000000000e+00,2.079171440098260746e+02,6.674460949372304697e+01,6.674460949372304697e+01,6.674460949372304697e+01,6.674460949372304697e+01,0.000000000000000000e+00,3.474494951982829889e+02,4.805611883548058927e+01,1.081903777427691921e+03,4.805611883548058927e+01,4.805611883548058927e+01
1.580000000000000000e+03,0.000000000000000000e+00,0.000000000000000000e+00,2.719190764894462404e+02,0.000000000000000000e+00,1.339682430966804532e+03,0.000000000000000000e+00,0.000000000000000000e+00,0.000000000000000000e+00,0.000000000000000000e+00,0.000000000000000000e+00,0.000000000000000000e+00,0.000000000000000000e+00,0.000000000000000000e+00,0.000000000000000000e+00,2.079171440098260746e+02,6.674460949372304697e+01,6.674460949372304697e+01,6.674460949372304697e+01,6.674460949372304697e+01,0.000000000000000000e+00,3.590780325839483567e+02,4.805611883548058927e+01,1.079611590679920255e+03,4.805611883548058927e+01,4.805611883548058927e+01
1.590000000000000000e+03,0.000000000000000000e+00,0.000000000000000000e+00,2.869865963357131022e+02,0.000000000000000000e+00,1.336535706041421918e+03,0.000000000000000000e+00,0.000000000000000000e+00,0.000000000000000000e+00,0.000000000000000000e+00,0.000000000000000000e+00,0.000000000000000000e+00,0.000000000000000000e+00,0.000000000000000000e+00,0.000000000000000000e+00,2.079171440098260746e+02,6.674460949372304697e+01,6.674460949372304697e+01,6.674460949372304697e+01,6.674460949372304697e+01,0.000000000000000000e+00,3.706800228655738465e+02,4.805611883548058927e+01,1.077188612487375622e+03,4.805611883548058927e+01,4.805611883548058927e+01
1.600000000000000000e+03,0.000000000000000000e+00,0.000000000000000000e+00,3.020177290049549015e+02,0.000000000000000000e+00,1.333219521071713643e+03,0.000000000000000000e+00,0.000000000000000000e+00,0.000000000000000000e+00,0.000000000000000000e+00,0.000000000000000000e+00,0.000000000000000000e+00,0.000000000000000000e+00,0.000000000000000000e+00,0.000000000000000000e+00,2.079171440098260746e+02,6.674460949372304697e+01,6.674460949372304697e+01,6.674460949372304697e+01,6.674460949372304697e+01,0.000000000000000000e+00,3.822539950208900450e+02,4.805611883548058927e+01,1.074635150060700198e+03,4.805611883548058927e+01,4.805611883548058927e+01
1.610000000000000000e+03,0.000000000000000000e+00,0.000000000000000000e+00,3.170105686921888264e+02,0.000000000000000000e+00,1.329734296518464362e+03,0.000000000000000000e+00,0.000000000000000000e+00,0.000000000000000000e+00,0.000000000000000000e+00,0.000000000000000000e+00,0.000000000000000000e+00,0.000000000000000000e+00,0.000000000000000000e+00,0.000000000000000000e+00,2.079171440098260746e+02,6.674460949372304697e+01,6.674460949372304697e+01,6.674460949372304697e+01,6.674460949372304697e+01,0.000000000000000000e+00,3.937984815800601837e+02,4.805611883548058927e+01,1.071951527154698169e+03,4.805611883548058927e+01,4.805611883548058927e+01
1.620000000000000000e+03,0.000000000000000000e+00,0.000000000000000000e+00,3.319632144476186113e+02,0.000000000000000000e+00,1.326080474275073584e+03,0.000000000000000000e+00,0.000000000000000000e+00,0.000000000000000000e+00,0.000000000000000000e+00,0.000000000000000000e+00,0.000000000000000000e+00,0.000000000000000000e+00,0.000000000000000000e+00,0.000000000000000000e+00,2.079171440098260746e+02,6.674460949372304697e+01,6.674460949372304697e+01,6.674460949372304697e+01,6.674460949372304697e+01,0.000000000000000000e+00,4.053120188117410976e+02,4.805611883548058927e+01,1.069138084027287277e+03,4.805611883548058927e+01,4.805611883548058927e+01
1.630000000000000000e+03,0.000000000000000000e+00,0.000000000000000000e+00,3.468737704176569423e+02,0.000000000000000000e+00,1.322258517611529214e+03,0.000000000000000000e+00,0.000000000000000000e+00,0.000000000000000000e+00,0.000000000000000000e+00,0.000000000000000000e+00,0.000000000000000000e+00,0.000000000000000000e+00,0.000000000000000000e+00,0.000000000000000000e+00,2.079171440098260746e+02,6.674460949372304697e+01,6.674460949372304697e+01,6.674460949372304697e+01,6.674460949372304697e+01,0.000000000000000000e+00,4.167931469086705647e+02,4.805611883548058927e+01,1.066195177396358076e+03,4.805611883548058927e+01,4.805611883548058927e+01
1.640000000000000000e+03,0.000000000000000000e+00,0.000000000000000000e+00,3.617403460853028037e+02,0.000000000000000000e+00,1.318268911115666697e+03,0.000000000000000000e+00,0.000000000000000000e+00,0.000000000000000000e+00,0.000000000000000000e+00,0.000000000000000000e+00,0.000000000000000000e+00,0.000000000000000000e+00,0.000000000000000000e+00,0.000000000000000000e+00,2.079171440098260746e+02,6.674460949372304697e+01,6.674460949372304697e+01,6.674460949372304697e+01,6.674460949372304697e+01,0.000000000000000000e+00,4.282404101727579473e+02,4.805611883548058927e+01,1.063123180394544079e+03,4.805611883548058927e+01,4.805611883548058927e+01
1.650000000000000000e+03,0.000000000000000000e+00,0.000000000000000000e+00,3.765610565098391476e+02,0.000000000000000000e+00,1.314112160631729921e+03,0.000000000000000000e+00,0.000000000000000000e+00,0.000000000000000000e+00,0.000000000000000000e+00,0.000000000000000000e+00,0.000000000000000000e+00,0.000000000000000000e+00,0.000000000000000000e+00,0.000000000000000000e+00,2.079171440098260746e+02,6.674460949372304697e+01,6.674460949372304697e+01,6.674460949372304697e+01,6.674460949372304697e+01,0.000000000000000000e+00,4.396523571996509645e+02,4.805611883548058927e+01,1.059922482521912571e+03,4.805611883548058927e+01,4.805611883548058927e+01
1.660000000000000000e+03,0.000000000000000000e+00,0.000000000000000000e+00,3.913340225658268992e+02,0.000000000000000000e+00,1.309788793196234565e+03,0.000000000000000000e+00,0.000000000000000000e+00,0.000000000000000000e+00,0.000000000000000000e+00,0.000000000000000000e+00,0.000000000000000000e+00,0.000000000000000000e+00,0.000000000000000000e+00,0.000000000000000000e+00,2.079171440098260746e+02,6.674460949372304697e+01,6.674460949372304697e+01,6.674460949372304697e+01,6.674460949372304697e+01,0.000000000000000000e+00,4.510275410627614292e+02,4.805611883548058927e+01,1.056593489596581321e+03,4.805611883548058927e+01,4.805611883548058927e+01
1.670000000000000000e+03,0.000000000000000000e+00,0.000000000000000000e+00,4.060573711813599402e+02,0.000000000000000000e+00,1.305299356971144562e+03,0.000000000000000000e+00,0.000000000000000000e+00,0.000000000000000000e+00,0.000000000000000000e+00,0.000000000000000000e+00,0.000000000000000000e+00,0.000000000000000000e+00,0.000000000000000000e+00,0.000000000000000000e+00,2.079171440098260746e+02,6.674460949372304697e+01,6.674460949372304697e+01,6.674460949372304697e+01,6.674460949372304697e+01,0.000000000000000000e+00,4.623645194967218686e+02,4.805611883548058927e+01,1.053136623703261876e+03,4.805611883548058927e+01,4.805611883548058927e+01
1.680000000000000000e+03,0.000000000000000000e+00,0.000000000000000000e+00,4.207292355755523658e+02,0.000000000000000000e+00,1.300644421174369882e+03,0.000000000000000000e+00,0.000000000000000000e+00,0.000000000000000000e+00,0.000000000000000000e+00,0.000000000000000000e+00,0.000000000000000000e+00,0.000000000000000000e+00,0.000000000000000000e+00,0.000000000000000000e+00,2.079171440098260746e+02,6.674460949372304697e+01,6.674460949372304697e+01,6.674460949372304697e+01,6.674460949372304697e+01,0.000000000000000000e+00,4.736618550802501204e+02,4.805611883548058927e+01,1.049552323139745340e+03,4.805611883548058927e+01,4.805611883548058927e+01
1.690000000000000000e+03,0.000000000000000000e+00,0.000000000000000000e+00,4.353477554952294781e+02,0.000000000000000000e+00,1.295824576007596079e+03,0.000000000000000000e+00,0.000000000000000000e+00,0.000000000000000000e+00,0.000000000000000000e+00,0.000000000000000000e+00,0.000000000000000000e+00,0.000000000000000000e+00,0.000000000000000000e+00,0.000000000000000000e+00,2.079171440098260746e+02,6.674460949372304697e+01,6.674460949372304697e+01,6.674460949372304697e+01,6.674460949372304697e+01,0.000000000000000000e+00,4.849181154184014986e+02,4.805611883548058927e+01,1.045841042361329528e+03,4.805611883548058927e+01,4.805611883548058927e+01
1.700000000000000000e+03,0.000000000000000000e+00,0.000000000000000000e+00,4.499110774507893211e+02,0.000000000000000000e+00,1.290840432581451978e+03,0.000000000000000000e+00,0.000000000000000000e+00,0.000000000000000000e+00,0.000000000000000000e+00,0.000000000000000000e+00,0.000000000000000000e+00,0.000000000000000000e+00,0.000000000000000000e+00,0.000000000000000000e+00,2.079171440098260746e+02,6.674460949372304697e+01,6.674460949372304697e+01,6.674460949372304697e+01,6.674460949372304697e+01,0.000000000000000000e+00,4.961318733241824930e+02,4.805611883548058927e+01,1.042003251923198604e+03,4.805611883548058927e+01,4.805611883548058927e+01
1.710000000000000000e+03,0.000000000000000000e+00,0.000000000000000000e+00,4.644173549512083241e+02,0.000000000000000000e+00,1.285692622838026409e+03,0.000000000000000000e+00,0.000000000000000000e+00,0.000000000000000000e+00,0.000000000000000000e+00,0.000000000000000000e+00,0.000000000000000000e+00,0.000000000000000000e+00,0.000000000000000000e+00,0.000000000000000000e+00,2.079171440098260746e+02,6.674460949372304697e+01,6.674460949372304697e+01,6.674460949372304697e+01,6.674460949372304697e+01,0.000000000000000000e+00,5.073017069995051997e+02,4.805611883548058927e+01,1.038039438420760916e+03,4.805611883548058927e+01,4.805611883548058927e+01
1.720000000000000000e+03,0.000000000000000000e+00,0.000000000000000000e+00,4.788647487381581414e+02,0.000000000000000000e+00,1.280381799470743999e+03,0.000000000000000000e+00,0.000000000000000000e+00,0.000000000000000000e+00,0.000000000000000000e+00,0.000000000000000000e+00,0.000000000000000000e+00,0.000000000000000000e+00,0.000000000000000000e+00,0.000000000000000000e+00,2.079171440098260746e+02,6.674460949372304697e+01,6.674460949372304697e+01,6.674460949372304697e+01,6.674460949372304697e+01,0.000000000000000000e+00,5.184262002154565607e+02,4.805611883548058927e+01,1.033950104427953420e+03,4.805611883548058927e+01,4.805611883548058927e+01
1.730000000000000000e+03,1.000000000000000000e+00,0.000000000000000000e+00,0.000000000000000000e+00,0.000000000000000000e+00,0.000000000000000000e+00,0.000000000000000000e+00,0.000000000000000000e+00,0.000000000000000000e+00,0.000000000000000000e+00,0.000000000000000000e+00,0.000000000000000000e+00,0.000000000000000000e+00,0.000000000000000000e+00,0.000000000000000000e+00,2.079171440098260746e+02,6.674460949372304697e+01,6.674460949372304697e+01,6.674460949372304697e+01,6.674460949372304697e+01,0.000000000000000000e+00,1.497003436870747635e+02,4.805611883548058927e+01,4.805611883548058927e+01,4.805611883548058927e+01,4.805611883548058927e+01
1.740000000000000000e+03,1.000000000000000000e+00,0.000000000000000000e+00,0.000000000000000000e+00,0.000000000000000000e+00,0.000000000000000000e+00,0.000000000000000000e+00,0.000000000000000000e+00,0.000000000000000000e+00,0.000000000000000000e+00,0.000000000000000000e+00,0.000000000000000000e+00,0.000000000000000000e+00,0.000000000000000000e+00,0.000000000000000000e+00,2.079171440098260746e+02,6.674460949372304697e+01,6.674460949372304697e+01,6.674460949372304697e+01,6.674460949372304697e+01,0.000000000000000000e+00,1.497003436870747635e+02,4.805611883548058927e+01,4.805611883548058927e+01,4.805611883548058927e+01,4.805611883548058927e+01
1.750000000000000000e+03,1.000000000000000000e+00,0.000000000000000000e+00,0.000000000000000000e+00,0.000000000000000000e+00,0.000000000000000000e+00,0.000000000000000000e+00,0.000000000000000000e+00,0.000000000000000000e+00,0.000000000000000000e+00,0.000000000000000000e+00,0.000000000000000000e+00,0.000000000000000000e+00,0.000000000000000000e+00,0.000000000000000000e+00,2.079171440098260746e+02,6.674460949372304697e+01,6.674460949372304697e+01,6.674460949372304697e+01,6.674460949372304697e+01,0.000000000000000000e+00,1.497003436870747635e+02,4.805611883548058927e+01,4.805611883548058927e+01,4.805611883548058927e+01,4.805611883548058927e+01
1.760000000000000000e+03,1.000000000000000000e+00,0.000000000000000000e+00,0.000000000000000000e+00,0.000000000000000000e+00,0.000000000000000000e+00,0.000000000000000000e+00,0.000000000000000000e+00,0.000000000000000000e+00,0.000000000000000000e+00,0.000000000000000000e+00,0.000000000000000000e+00,0.000000000000000000e+00,0.000000000000000000e+00,0.000000000000000000e+00,2.079171440098260746e+02,6.674460949372304697e+01,6.674460949372304697e+01,6.674460949372304697e+01,6.674460949372304697e+01,0.000000000000000000e+00,1.497003436870747635e+02,4.805611883548058927e+01,4.805611883548058927e+01,4.805611883548058927e+01,4.805611883548058927e+01
1.770000000000000000e+03,1.000000000000000000e+00,0.000000000000000000e+00,0.000000000000000000e+00,0.000000000000000000e+00,0.000000000000000000e+00,0.000000000000000000e+00,0.000000000000000000e+00,0.000000000000000000e+00,0.000000000000000000e+00,0.000000000000000000e+00,0.000000000000000000e+00,0.000000000000000000e+00,0.000000000000000000e+00,0.000000000000000000e+00,2.079171440098260746e+02,6.674460949372304697e+01,6.674460949372304697e+01,6.674460949372304697e+01,6.674460949372304697e+01,0.000000000000000000e+00,1.497003436870747635e+02,4.805611883548058927e+01,4.805611883548058927e+01,4.805611883548058927e+01,4.805611883548058927e+01
1.780000000000000000e+03,1.000000000000000000e+00,0.000000000000000000e+00,0.000000000000000000e+00,0.000000000000000000e+00,0.000000000000000000e+00,0.000000000000000000e+00,0.000000000000000000e+00,0.000000000000000000e+00,0.000000000000000000e+00,0.000000000000000000e+00,0.000000000000000000e+00,0.000000000000000000e+00,0.000000000000000000e+00,0.000000000000000000e+00,2.079171440098260746e+02,6.674460949372304697e+01,6.674460949372304697e+01,6.674460949372304697e+01,6.674460949372304697e+01,0.000000000000000000e+00,1.497003436870747635e+02,4.805611883548058927e+01,4.805611883548058927e+01,4.805611883548058927e+01,4.805611883548058927e+01
1.790000000000000000e+03,1.000000000000000000e+00,0.000000000000000000e+00,0.000000000000000000e+00,0.000000000000000000e+00,0.000000000000000000e+00,0.000000000000000000e+00,0.000000000000000000e+00,0.000000000000000000e+00,0.000000000000000000e+00,0.000000000000000000e+00,0.000000000000000000e+00,0.000000000000000000e+00,0.000000000000000000e+00,0.000000000000000000e+00,2.079171440098260746e+02,6.674460949372304697e+01,6.674460949372304697e+01,6.674460949372304697e+01,6.674460949372304697e+01,0.000000000000000000e+00,1.497003436870747635e+02,4.805611883548058927e+01,4.805611883548058927e+01,4.805611883548058927e+01,4.805611883548058927e+01
1.800000000000000000e+03,1.000000000000000000e+00,0.000000000000000000e+00,0.000000000000000000e+00,0.000000000000000000e+00,0.000000000000000000e+00,0.000000000000000000e+00,0.000000000000000000e+00,0.000000000000000000e+00,0.000000000000000000e+00,0.000000000000000000e+00,0.000000000000000000e+00,0.000000000000000000e+00,0.000000000000000000e+00,0.000000000000000000e+00,2.079171440098260746e+02,6.674460949372304697e+01,6.674460949372304697e+01,6.674460949372304697e+01,6.674460949372304697e+01,0.000000000000000000e+00,1.497003436870747635e+02,4.805611883548058927e+01,4.805611883548058927e+01,4.805611883548058927e+01,4.805611883548058927e+01
1.810000000000000000e+03,1.000000000000000000e+00,0.000000000000000000e+00,0.000000000000000000e+00,0.000000000000000000e+00,0.000000000000000000e+00,0.000000000000000000e+00,0.000000000000000000e+00,0.000000000000000000e+00,0.000000000000000000e+00,0.000000000000000000e+00,0.000000000000000000e+00,0.000000000000000000e+00,0.000000000000000000e+00,0.000000000000000000e+00,2.079171440098260746e+02,6.674460949372304697e+01,6.674460949372304697e+01,6.674460949372304697e+01,6.674460949372304697e+01,0.000000000000000000e+00,1.497003436870747635e+02,4.805611883548058927e+01,4.805611883548058927e+01,4.805611883548058927e+01,4.805611883548058927e+01
1.820000000000000000e+03,1.000000000000000000e+00,0.000000000000000000e+00,0.000000000000000000e+00,0.000000000000000000e+00,0.000000000000000000e+00,0.000000000000000000e+00,0.000000000000000000e+00,0.000000000000000000e+00,0.000000000000000000e+00,0.000000000000000000e+00,0.000000000000000000e+00,0.000000000000000000e+00,0.000000000000000000e+00,0.000000000000000000e+00,2.079171440098260746e+02,6.674460949372304697e+01,6.674460949372304697e+01,6.674460949372304697e+01,6.674460949372304697e+01,0.000000000000000000e+00,1.497003436870747635e+02,4.805611883548058927e+01,4.805611883548058927e+01,4.805611883548058927e+01,4.805611883548058927e+01
1.830000000000000000e+03,1.000000000000000000e+00,0.000000000000000000e+00,0.000000000000000000e+00,0.000000000000000000e+00,0.000000000000000000e+00,0.000000000000000000e+00,0.000000000000000000e+00,0.000000000000000000e+00,0.000000000000000000e+00,0.000000000000000000e+00,0.000000000000000000e+00,0.000000000000000000e+00,0.000000000000000000e+00,0.000000000000000000e+00,2.079171440098260746e+02,6.674460949372304697e+01,6.674460949372304697e+01,6.674460949372304697e+01,6.674460949372304697e+01,0.000000000000000000e+00,1.497003436870747635e+02,4.805611883548058927e+01,4.805611883548058927e+01,4.805611883548058927e+01,4.805611883548058927e+01
1.840000000000000000e+03,1.000000000000000000e+00,0.000000000000000000e+00,0.000000000000000000e+00,0.000000000000000000e+00,0.000000000000000000e+00,0.000000000000000000e+00,0.000000000000000000e+00,0.000000000000000000e+00,0.000000000000000000e+00,0.000000000000000000e+00,0.000000000000000000e+00,0.000000000000000000e+00,0.000000000000000000e+00,0.000000000000000000e+00,2.079171440098260746e+02,6.674460949372304697e+01,6.674460949372304697e+01,6.674460949372304697e+01,6.674460949372304697e+01,0.000000000000000000e+00,1.497003436870747635e+02,4.805611883548058927e+01,4.805611883548058927e+01,4.805611883548058927e+01,4.805611883548058927e+01
1.850000000000000000e+03,1.000000000000000000e+00,0.000000000000000000e+00,0.000000000000000000e+00,0.000000000000000000e+00,0.000000000000000000e+00,0.000000000000000000e+00,0.000000000000000000e+00,0.000000000000000000e+00,0.000000000000000000e+00,0.000000000000000000e+00,0.000000000000000000e+00,0.000000000000000000e+00,0.000000000000000000e+00,0.000000000000000000e+00,2.079171440098260746e+02,6.674460949372304697e+01,6.674460949372304697e+01,6.674460949372304697e+01,6.674460949372304697e+01,0.000000000000000000e+00,1.497003436870747635e+02,4.805611883548058927e+01,4.805611883548058927e+01,4.805611883548058927e+01,4.805611883548058927e+01
1.860000000000000000e+03,1.000000000000000000e+00,0.000000000000000000e+00,0.000000000000000000e+00,0.000000000000000000e+00,0.000000000000000000e+00,0.000000000000000000e+00,0.000000000000000000e+00,0.000000000000000000e+00,0.000000000000000000e+00,0.000000000000000000e+00,0.000000000000000000e+00,0.000000000000000000e+00,0.000000000000000000e+00,0.000000000000000000e+00,2.079171440098260746e+02,6.674460949372304697e+01,6.674460949372304697e+01,6.674460949372304697e+01,6.674460949372304697e+01,0.000000000000000000e+00,1.497003436870747635e+02,4.805611883548058927e+01,4.805611883548058927e+01,4.805611883548058927e+01,4.805611883548058927e+01
1.870000000000000000e+03,1.000000000000000000e+00,0.000000000000000000e+00,0.000000000000000000e+00,0.000000000000000000e+00,0.000000000000000000e+00,0.000000000000000000e+00,0.000000000000000000e+00,0.000000000000000000e+00,0.000000000000000000e+00,0.000000000000000000e+00,0.000000000000000000e+00,0.000000000000000000e+00,0.000000000000000000e+00,0.000000000000000000e+00,2.079171440098260746e+02,6.674460949372304697e+01,6.674460949372304697e+01,6.674460949372304697e+01,6.674460949372304697e+01,0.000000000000000000e+00,1.497003436870747635e+02,4.805611883548058927e+01,4.805611883548058927e+01,4.805611883548058927e+01,4.805611883548058927e+01
1.880000000000000000e+03,1.000000000000000000e+00,0.000000000000000000e+00,0.000000000000000000e+00,0.000000000000000000e+00,0.000000000000000000e+00,0.000000000000000000e+00,0.000000000000000000e+00,0.000000000000000000e+00,0.000000000000000000e+00,0.000000000000000000e+00,0.000000000000000000e+00,0.000000000000000000e+00,0.000000000000000000e+00,0.000000000000000000e+00,2.079171440098260746e+02,6.674460949372304697e+01,6.674460949372304697e+01,6.674460949372304697e+01,6.674460949372304697e+01,0.000000000000000000e+00,1.497003436870747635e+02,4.805611883548058927e+01,4.805611883548058927e+01,4.805611883548058927e+01,4.805611883548058927e+01
1.890000000000000000e+03,1.000000000000000000e+00,0.000000000000000000e+00,0.000000000000000000e+00,0.000000000000000000e+00,0.000000000000000000e+00,0.000000000000000000e+00,0.000000000000000000e+00,0.000000000000000000e+00,0.000000000000000000e+00,0.000000000000000000e+00,0.000000000000000000e+00,0.000000000000000000e+00,0.000000000000000000e+00,0.000000000000000000e+00,2.079171440098260746e+02,6.674460949372304697e+01,6.674460949372304697e+01,6.674460949372304697e+01,6.674460949372304697e+01,0.000000000000000000e+00,1.497003436870747635e+02,4.805611883548058927e+01,4.805611883548058927e+01,4.805611883548058927e+01,4.805611883548058927e+01
1.900000000000000000e+03,1.000000000000000000e+00,0.000000000000000000e+00,0.000000000000000000e+00,0.000000000000000000e+00,0.000000000000000000e+00,0.000000000000000000e+00,0.000000000000000000e+00,0.000000000000000000e+00,0.000000000000000000e+00,0.000000000000000000e+00,0.000000000000000000e+00,0.000000000000000000e+00,0.000000000000000000e+00,0.000000000000000000e+00,2.079171440098260746e+02,6.674460949372304697e+01,6.674460949372304697e+01,6.674460949372304697e+01,6.674460949372304697e+01,0.000000000000000000e+00,1.497003436870747635e+02,4.805611883548058927e+01,4.805611883548058927e+01,4.805611883548058927e+01,4.805611883548058927e+01
1.910000000000000000e+03,1.000000000000000000e+00,0.000000000000000000e+00,0.000000000000000000e+00,0.000000000000000000e+00,0.000000000000000000e+00,0.000000000000000000e+00,0.000000000000000000e+00,0.000000000000000000e+00,0.000000000000000000e+00,0.000000000000000000e+00,0.000000000000000000e+00,0.000000000000000000e+00,0.000000000000000000e+00,0.000000000000000000e+00,2.079171440098260746e+02,6.674460949372304697e+01,6.674460949372304697e+01,6.674460949372304697e+01,6.674460949372304697e+01,0.000000000000000000e+00,1.497003436870747635e+02,4.805611883548058927e+01,4.805611883548058927e+01,4.805611883548058927e+01,4.805611883548058927e+01
1.920000000000000000e+03,1.000000000000000000e+00,0.000000000000000000e+00,0.000000000000000000e+00,0.000000000000000000e+00,0.000000000000000000e+00,0.000000000000000000e+00,0.000000000000000000e+00,0.000000000000000000e+00,0.000000000000000000e+00,0.000000000000000000e+00,0.000000000000000000e+00,0.000000000000000000e+00,0.000000000000000000e+00,0.000000000000000000e+00,2.079171440098260746e+02,6.674460949372304697e+01,6.674460949372304697e+01,6.674460949372304697e+01,6.674460949372304697e+01,0.000000000000000000e+00,1.497003436870747635e+02,4.805611883548058927e+01,4.805611883548058927e+01,4.805611883548058927e+01,4.805611883548058927e+01
1.930000000000000000e+03,1.000000000000000000e+00,0.000000000000000000e+00,0.000000000000000000e+00,0.000000000000000000e+00,0.000000000000000000e+00,0.000000000000000000e+00,0.000000000000000000e+00,0.000000000000000000e+00,0.000000000000000000e+00,0.000000000000000000e+00,0.000000000000000000e+00,0.000000000000000000e+00,0.000000000000000000e+00,0.000000000000000000e+00,2.079171440098260746e+02,6.674460949372304697e+01,6.674460949372304697e+01,6.674460949372304697e+01,6.674460949372304697e+01,0.000000000000000000e+00,1.497003436870747635e+02,4.805611883548058927e+01,4.805611883548058927e+01,4.805611883548058927e+01,4.805611883548058927e+01
1.940000000000000000e+03,1.000000000000000000e+00,0.000000000000000000e+00,0.000000000000000000e+00,0.000000000000000000e+00,0.000000000000000000e+00,0.000000000000000000e+00,0.000000000000000000e+00,0.000000000000000000e+00,0.000000000000000000e+00,0.000000000000000000e+00,0.000000000000000000e+00,0.000000000000000000e+00,0.000000000000000000e+00,0.000000000000000000e+00,2.079171440098260746e+02,6.674460949372304697e+01,6.674460949372304697e+01,6.674460949372304697e+01,6.674460949372304697e+01,0.000000000000000000e+00,1.497003436870747635e+02,4.805611883548058927e+01,4.805611883548058927e+01,4.805611883548058927e+01,4.805611883548058927e+01
1.950000000000000000e+03,1.000000000000000000e+00,0.000000000000000000e+00,0.000000000000000000e+00,0.000000000000000000e+00,0.000000000000000000e+00,0.000000000000000000e+00,0.000000000000000000e+00,0.000000000000000000e+00,0.000000000000000000e+00,0.000000000000000000e+00,0.000000000000000000e+00,0.000000000000000000e+00,0.000000000000000000e+00,0.000000000000000000e+00,2.079171440098260746e+02,6.674460949372304697e+01,6.674460949372304697e+01,6.674460949372304697e+01,6.674460949372304697e+01,0.000000000000000000e+00,1.497003436870747635e+02,4.805611883548058927e+01,4.805611883548058927e+01,4.805611883548058927e+01,4.805611883548058927e+01
1.960000000000000000e+03,1.000000000000000000e+00,0.000000000000000000e+00,0.000000000000000000e+00,0.000000000000000000e+00,0.000000000000000000e+00,0.000000000000000000e+00,0.000000000000000000e+00,0.000000000000000000e+00,0.000000000000000000e+00,0.000000000000000000e+00,0.000000000000000000e+00,0.000000000000000000e+00,0.000000000000000000e+00,0.000000000000000000e+00,2.079171440098260746e+02,6.674460949372304697e+01,6.674460949372304697e+01,6.674460949372304697e+01,6.674460949372304697e+01,0.000000000000000000e+00,1.497003436870747635e+02,4.805611883548058927e+01,4.805611883548058927e+01,4.805611883548058927e+01,4.805611883548058927e+01
1.970000000000000000e+03,1.000000000000000000e+00,0.000000000000000000e+00,0.000000000000000000e+00,0.000000000000000000e+00,0.000000000000000000e+00,0.000000000000000000e+00,0.000000000000000000e+00,0.000000000000000000e+00,0.000000000000000000e+00,0.000000000000000000e+00,0.000000000000000000e+00,0.000000000000000000e+00,0.000000000000000000e+00,0.000000000000000000e+00,2.079171440098260746e+02,6.674460949372304697e+01,6.674460949372304697e+01,6.674460949372304697e+01,6.674460949372304697e+01,0.000000000000000000e+00,1.497003436870747635e+02,4.805611883548058927e+01,4.805611883548058927e+01,4.805611883548058927e+01,4.805611883548058927e+01
1.980000000000000000e+03,1.000000000000000000e+00,0.000000000000000000e+00,0.000000000000000000e+00,0.000000000000000000e+00,0.000000000000000000e+00,0.000000000000000000e+00,0.000000000000000000e+00,0.000000000000000000e+00,0.000000000000000000e+00,0.000000000000000000e+00,0.000000000000000000e+00,0.000000000000000000e+00,0.000000000000000000e+00,0.000000000000000000e+00,2.079171440098260746e+02,6.674460949372304697e+01,6.674460949372304697e+01,6.674460949372304697e+01,6.674460949372304697e+01,0.000000000000000000e+00,1.497003436870747635e+02,4.805611883548058927e+01,4.805611883548058927e+01,4.805611883548058927e+01,4.805611883548058927e+01
1.990000000000000000e+03,1.000000000000000000e+00,0.000000000000000000e+00,0.000000000000000000e+00,0.000000000000000000e+00,0.000000000000000000e+00,0.000000000000000000e+00,0.000000000000000000e+00,0.000000000000000000e+00,0.000000000000000000e+00,0.000000000000000000e+00,0.000000000000000000e+00,0.000000000000000000e+00,0.000000000000000000e+00,0.000000000000000000e+00,2.079171440098260746e+02,6.674460949372304697e+01,6.674460949372304697e+01,6.674460949372304697e+01,6.674460949372304697e+01,0.000000000000000000e+00,1.497003436870747635e+02,4.805611883548058927e+01,4.805611883548058927e+01,4.805611883548058927e+01,4.805611883548058927e+01
2.000000000000000000e+03,1.000000000000000000e+00,0.000000000000000000e+00,0.000000000000000000e+00,0.000000000000000000e+00,0.000000000000000000e+00,0.000000000000000000e+00,0.000000000000000000e+00,0.000000000000000000e+00,0.000000000000000000e+00,0.000000000000000000e+00,0.000000000000000000e+00,0.000000000000000000e+00,0.000000000000000000e+00,0.000000000000000000e+00,2.079171440098260746e+02,6.674460949372304697e+01,6.674460949372304697e+01,6.674460949372304697e+01,6.674460949372304697e+01,0.000000000000000000e+00,1.497003436870747635e+02,4.805611883548058927e+01,4.805611883548058927e+01,4.805611883548058927e+01,4.805611883548058927e+01
2.010000000000000000e+03,1.000000000000000000e+00,0.000000000000000000e+00,0.000000000000000000e+00,0.000000000000000000e+00,0.000000000000000000e+00,0.000000000000000000e+00,0.000000000000000000e+00,0.000000000000000000e+00,0.000000000000000000e+00,0.000000000000000000e+00,0.000000000000000000e+00,0.000000000000000000e+00,0.000000000000000000e+00,0.000000000000000000e+00,2.079171440098260746e+02,6.674460949372304697e+01,6.674460949372304697e+01,6.674460949372304697e+01,6.674460949372304697e+01,0.000000000000000000e+00,1.497003436870747635e+02,4.805611883548058927e+01,4.805611883548058927e+01,4.805611883548058927e+01,4.805611883548058927e+01
2.020000000000000000e+03,1.000000000000000000e+00,0.000000000000000000e+00,0.000000000000000000e+00,0.000000000000000000e+00,0.000000000000000000e+00,0.000000000000000000e+00,0.000000000000000000e+00,0.000000000000000000e+00,0.000000000000000000e+00,0.000000000000000000e+00,0.000000000000000000e+00,0.000000000000000000e+00,0.000000000000000000e+00,0.000000000000000000e+00,2.079171440098260746e+02,6.674460949372304697e+01,6.674460949372304697e+01,6.674460949372304697e+01,6.674460949372304697e+01,0.000000000000000000e+00,1.497003436870747635e+02,4.805611883548058927e+01,4.805611883548058927e+01,4.805611883548058927e+01,4.805611883548058927e+01
2.030000000000000000e+03,1.000000000000000000e+00,0.000000000000000000e+00,0.000000000000000000e+00,0.000000000000000000e+00,0.000000000000000000e+00,0.000000000000000000e+00,0.000000000000000000e+00,0.000000000000000000e+00,0.000000000000000000e+00,0.000000000000000000e+00,0.000000000000000000e+00,0.000000000000000000e+00,0.000000000000000000e+00,0.000000000000000000e+00,2.079171440098260746e+02,6.674460949372304697e+01,6.674460949372304697e+01,6.674460949372304697e+01,6.674460949372304697e+01,0.000000000000000000e+00,1.497003436870747635e+02,4.805611883548058927e+01,4.805611883548058927e+01,4.805611883548058927e+01,4.805611883548058927e+01
2.040000000000000000e+03,1.000000000000000000e+00,0.000000000000000000e+00,0.000000000000000000e+00,0.000000000000000000e+00,0.000000000000000000e+00,0.000000000000000000e+00,0.000000000000000000e+00,0.000000000000000000e+00,0.000000000000000000e+00,0.000000000000000000e+00,0.000000000000000000e+00,0.000000000000000000e+00,0.000000000000000000e+00,0.000000000000000000e+00,2.079171440098260746e+02,6.674460949372304697e+01,6.674460949372304697e+01,6.674460949372304697e+01,6.674460949372304697e+01,0.000000000000000000e+00,1.497003436870747635e+02,4.805611883548058927e+01,4.805611883548058927e+01,4.805611883548058927e+01,4.805611883548058927e+01
2.050000000000000000e+03,1.000000000000000000e+00,0.000000000000000000e+00,0.000000000000000000e+00,0.000000000000000000e+00,0.000000000000000000e+00,0.000000000000000000e+00,0.000000000000000000e+00,0.000000000000000000e+00,0.000000000000000000e+00,0.000000000000000000e+00,0.000000000000000000e+00,0.000000000000000000e+00,0.000000000000000000e+00,0.000000000000000000e+00,2.079171440098260746e+02,6.674460949372304697e+01,6.674460949372304697e+01,6.674460949372304697e+01,6.674460949372304697e+01,0.000000000000000000e+00,1.497003436870747635e+02,4.805611883548058927e+01,4.805611883548058927e+01,4.805611883548058927e+01,4.805611883548058927e+01
2.060000000000000000e+03,1.000000000000000000e+00,0.000000000000000000e+00,0.000000000000000000e+00,0.000000000000000000e+00,0.000000000000000000e+00,0.000000000000000000e+00,0.000000000000000000e+00,0.000000000000000000e+00,0.000000000000000000e+00,0.000000000000000000e+00,0.000000000000000000e+00,0.000000000000000000e+00,0.000000000000000000e+00,0.000000000000000000e+00,2.079171440098260746e+02,6.674460949372304697e+01,6.674460949372304697e+01,6.674460949372304697e+01,6.674460949372304697e+01,0.000000000000000000e+00,1.497003436870747635e+02,4.805611883548058927e+01,4.805611883548058927e+01,4.805611883548058927e+01,4.805611883548058927e+01
2.070000000000000000e+03,1.000000000000000000e+00,0.000000000000000000e+00,0.000000000000000000e+00,0.000000000000000000e+00,0.000000000000000000e+00,0.000000000000000000e+00,0.000000000000000000e+00,0.000000000000000000e+00,0.000000000000000000e+00,0.000000000000000000e+00,0.000000000000000000e+00,0.000000000000000000e+00,0.000000000000000000e+00,0.000000000000000000e+00,2.079171440098260746e+02,6.674460949372304697e+01,6.674460949372304697e+01,6.674460949372304697e+01,6.674460949372304697e+01,0.000000000000000000e+00,1.497003436870747635e+02,4.805611883548058927e+01,4.805611883548058927e+01,4.805611883548058927e+01,4.805611883548058927e+01
2.080000000000000000e+03,1.000000000000000000e+00,0.000000000000000000e+00,0.000000000000000000e+00,0.000000000000000000e+00,0.000000000000000000e+00,0.000000000000000000e+00,0.000000000000000000e+00,0.000000000000000000e+00,0.000000000000000000e+00,0.000000000000000000e+00,0.000000000000000000e+00,0.000000000000000000e+00,0.000000000000000000e+00,0.000000000000000000e+00,2.079171440098260746e+02,6.674460949372304697e+01,6.674460949372304697e+01,6.674460949372304697e+01,6.674460949372304697e+01,0.000000000000000000e+00,1.497003436870747635e+02,4.805611883548058927e+01,4.805611883548058927e+01,4.805611883548058927e+01,4.805611883548058927e+01
2.090000000000000000e+03,1.000000000000000000e+00,0.000000000000000000e+00,0.000000000000000000e+00,0.000000000000000000e+00,0.000000000000000000e+00,0.000000000000000000e+00,0.000000000000000000e+00,0.000000000000000000e+00,0.000000000000000000e+00,0.000000000000000000e+00,0.000000000000000000e+00,0.000000000000000000e+00,0.000000000000000000e+00,0.000000000000000000e+00,2.079171440098260746e+02,6.674460949372304697e+01,6.674460949372304697e+01,6.674460949372304697e+01,6.674460949372304697e+01,0.000000000000000000e+00,1.497003436870747635e+02,4.805611883548058927e+01,4.805611883548058927e+01,4.805611883548058927e+01,4.805611883548058927e+01
2.100000000000000000e+03,1.000000000000000000e+00,0.000000000000000000e+00,0.000000000000000000e+00,0.000000000000000000e+00,0.000000000000000000e+00,0.000000000000000000e+00,0.000000000000000000e+00,0.000000000000000000e+00,0.000000000000000000e+00,0.000000000000000000e+00,0.000000000000000000e+00,0.000000000000000000e+00,0.000000000000000000e+00,0.000000000000000000e+00,2.079171440098260746e+02,6.674460949372304697e+01,6.674460949372304697e+01,6.674460949372304697e+01,6.674460949372304697e+01,0.000000000000000000e+00,1.497003436870747635e+02,4.805611883548058927e+01,4.805611883548058927e+01,4.805611883548058927e+01,4.805611883548058927e+01
2.110000000000000000e+03,1.000000000000000000e+00,0.000000000000000000e+00,0.000000000000000000e+00,0.000000000000000000e+00,0.000000000000000000e+00,0.000000000000000000e+00,0.000000000000000000e+00,0.000000000000000000e+00,0.000000000000000000e+00,0.000000000000000000e+00,0.000000000000000000e+00,0.000000000000000000e+00,0.000000000000000000e+00,0.000000000000000000e+00,2.079171440098260746e+02,6.674460949372304697e+01,6.674460949372304697e+01,6.674460949372304697e+01,6.674460949372304697e+01,0.000000000000000000e+00,1.497003436870747635e+02,4.805611883548058927e+01,4.805611883548058927e+01,4.805611883548058927e+01,4.805611883548058927e+01
2.120000000000000000e+03,1.000000000000000000e+00,0.000000000000000000e+00,0.000000000000000000e+00,0.000000000000000000e+00,0.000000000000000000e+00,0.000000000000000000e+00,0.000000000000000000e+00,0.000000000000000000e+00,0.000000000000000000e+00,0.000000000000000000e+00,0.000000000000000000e+00,0.000000000000000000e+00,0.000000000000000000e+00,0.000000000000000000e+00,2.079171440098260746e+02,6.674460949372304697e+01,6.674460949372304697e+01,6.674460949372304697e+01,6.674460949372304697e+01,0.000000000000000000e+00,1.497003436870747635e+02,4.805611883548058927e+01,4.805611883548058927e+01,4.805611883548058927e+01,4.805611883548058927e+01
2.130000000000000000e+03,1.000000000000000000e+00,0.000000000000000000e+00,0.000000000000000000e+00,0.000000000000000000e+00,0.000000000000000000e+00,0.000000000000000000e+00,0.000000000000000000e+00,0.000000000000000000e+00,0.000000000000000000e+00,0.000000000000000000e+00,0.000000000000000000e+00,0.000000000000000000e+00,0.000000000000000000e+00,0.000000000000000000e+00,2.079171440098260746e+02,6.674460949372304697e+01,6.674460949372304697e+01,6.674460949372304697e+01,6.674460949372304697e+01,0.000000000000000000e+00,1.497003436870747635e+02,4.805611883548058927e+01,4.805611883548058927e+01,4.805611883548058927e+01,4.805611883548058927e+01
2.140000000000000000e+03,1.000000000000000000e+00,0.000000000000000000e+00,0.000000000000000000e+00,0.000000000000000000e+00,0.000000000000000000e+00,0.000000000000000000e+00,0.000000000000000000e+00,0.000000000000000000e+00,0.000000000000000000e+00,0.000000000000000000e+00,0.000000000000000000e+00,0.000000000000000000e+00,0.000000000000000000e+00,0.000000000000000000e+00,2.079171440098260746e+02,6.674460949372304697e+01,6.674460949372304697e+01,6.674460949372304697e+01,6.674460949372304697e+01,0.000000000000000000e+00,1.497003436870747635e+02,4.805611883548058927e+01,4.805611883548058927e+01,4.805611883548058927e+01,4.805611883548058927e+01
2.150000000000000000e+03,1.000000000000000000e+00,0.000000000000000000e+00,0.000000000000000000e+00,0.000000000000000000e+00,0.000000000000000000e+00,0.000000000000000000e+00,0.000000000000000000e+00,0.000000000000000000e+00,0.000000000000000000e+00,0.000000000000000000e+00,0.000000000000000000e+00,0.000000000000000000e+00,0.000000000000000000e+00,0.000000000000000000e+00,2.079171440098260746e+02,6.674460949372304697e+01,6.674460949372304697e+01,6.674460949372304697e+01,6.674460949372304697e+01,0.000000000000000000e+00,1.497003436870747635e+02,4.805611883548058927e+01,4.805611883548058927e+01,4.805611883548058927e+01,4.805611883548058927e+01
2.160000000000000000e+03,1.000000000000000000e+00,0.000000000000000000e+00,0.000000000000000000e+00,0.000000000000000000e+00,0.000000000000000000e+00,0.000000000000000000e+00,0.000000000000000000e+00,0.000000000000000000e+00,0.000000000000000000e+00,0.000000000000000000e+00,0.000000000000000000e+00,0.000000000000000000e+00,0.000000000000000000e+00,0.000000000000000000e+00,2.079171440098260746e+02,6.674460949372304697e+01,6.674460949372304697e+01,6.674460949372304697e+01,6.674460949372304697e+01,0.000000000000000000e+00,1.497003436870747635e+02,4.805611883548058927e+01,4.805611883548058927e+01,4.805611883548058927e+01,4.805611883548058927e+01
2.170000000000000000e+03,1.000000000000000000e+00,0.000000000000000000e+00,0.000000000000000000e+00,0.000000000000000000e+00,0.000000000000000000e+00,0.000000000000000000e+00,0.000000000000000000e+00,0.000000000000000000e+00,0.000000000000000000e+00,0.000000000000000000e+00,0.000000000000000000e+00,0.000000000000000000e+00,0.000000000000000000e+00,0.000000000000000000e+00,2.079171440098260746e+02,6.674460949372304697e+01,6.674460949372304697e+01,6.674460949372304697e+01,6.674460949372304697e+01,0.000000000000000000e+00,1.497003436870747635e+02,4.805611883548058927e+01,4.805611883548058927e+01,4.805611883548058927e+01,4.805611883548058927e+01
2.180000000000000000e+03,1.000000000000000000e+00,0.000000000000000000e+00,0.000000000000000000e+00,0.000000000000000000e+00,0.000000000000000000e+00,0.000000000000000000e+00,0.000000000000000000e+00,0.000000000000000000e+00,0.000000000000000000e+00,0.000000000000000000e+00,0.000000000000000000e+00,0.000000000000000000e+00,0.000000000000000000e+00,0.000000000000000000e+00,2.079171440098260746e+02,6.674460949372304697e+01,6.674460949372304697e+01,6.674460949372304697e+01,6.674460949372304697e+01,0.000000000000000000e+00,1.497003436870747635e+02,4.805611883548058927e+01,4.805611883548058927e+01,4.805611883548058927e+01,4.805611883548058927e+01
2.190000000000000000e+03,1.000000000000000000e+00,0.000000000000000000e+00,0.000000000000000000e+00,0.000000000000000000e+00,0.000000000000000000e+00,0.000000000000000000e+00,0.000000000000000000e+00,0.000000000000000000e+00,0.000000000000000000e+00,0.000000000000000000e+00,0.000000000000000000e+00,0.000000000000000000e+00,0.000000000000000000e+00,0.000000000000000000e+00,2.079171440098260746e+02,6.674460949372304697e+01,6.674460949372304697e+01,6.674460949372304697e+01,6.674460949372304697e+01,0.000000000000000000e+00,1.497003436870747635e+02,4.805611883548058927e+01,4.805611883548058927e+01,4.805611883548058927e+01,4.805611883548058927e+01
2.200000000000000000e+03,1.000000000000000000e+00,0.000000000000000000e+00,0.000000000000000000e+00,0.000000000000000000e+00,0.000000000000000000e+00,0.000000000000000000e+00,0.000000000000000000e+00,0.000000000000000000e+00,0.000000000000000000e+00,0.000000000000000000e+00,0.000000000000000000e+00,0.000000000000000000e+00,0.000000000000000000e+00,0.000000000000000000e+00,2.079171440098260746e+02,6.674460949372304697e+01,6.674460949372304697e+01,6.674460949372304697e+01,6.674460949372304697e+01,0.000000000000000000e+00,1.497003436870747635e+02,4.805611883548058927e+01,4.805611883548058927e+01,4.805611883548058927e+01,4.805611883548058927e+01
2.210000000000000000e+03,1.000000000000000000e+00,0.000000000000000000e+00,0.000000000000000000e+00,0.000000000000000000e+00,0.000000000000000000e+00,0.000000000000000000e+00,0.000000000000000000e+00,0.000000000000000000e+00,0.000000000000000000e+00,0.000000000000000000e+00,0.000000000000000000e+00,0.000000000000000000e+00,0.000000000000000000e+00,0.000000000000000000e+00,2.079171440098260746e+02,6.674460949372304697e+01,6.674460949372304697e+01,6.674460949372304697e+01,6.674460949372304697e+01,0.000000000000000000e+00,1.497003436870747635e+02,4.805611883548058927e+01,4.805611883548058927e+01,4.805611883548058927e+01,4.805611883548058927e+01
2.220000000000000000e+03,1.000000000000000000e+00,0.000000000000000000e+00,0.000000000000000000e+00,0.000000000000000000e+00,0.000000000000000000e+00,0.000000000000000000e+00,0.000000000000000000e+00,0.000000000000000000e+00,0.000000000000000000e+00,0.000000000000000000e+00,0.000000000000000000e+00,0.000000000000000000e+00,0.000000000000000000e+00,0.000000000000000000e+00,2.079171440098260746e+02,6.674460949372304697e+01,6.674460949372304697e+01,6.674460949372304697e+01,6.674460949372304697e+01,0.000000000000000000e+00,1.497003436870747635e+02,4.805611883548058927e+01,4.805611883548058927e+01,4.805611883548058927e+01,4.805611883548058927e+01
2.230000000000000000e+03,1.000000000000000000e+00,0.000000000000000000e+00,0.000000000000000000e+00,0.000000000000000000e+00,0.000000000000000000e+00,0.000000000000000000e+00,0.000000000000000000e+00,0.000000000000000000e+00,0.000000000000000000e+00,0.000000000000000000e+00,0.000000000000000000e+00,0.000000000000000000e+00,0.000000000000000000e+00,0.000000000000000000e+00,2.079171440098260746e+02,6.674460949372304697e+01,6.674460949372304697e+01,6.674460949372304697e+01,6.674460949372304697e+01,0.000000000000000000e+00,1.497003436870747635e+02,4.805611883548058927e+01,4.805611883548058927e+01,4.805611883548058927e+01,4.805611883548058927e+01
2.240000000000000000e+03,1.000000000000000000e+00,0.000000000000000000e+00,0.000000000000000000e+00,0.000000000000000000e+00,0.000000000000000000e+00,0.000000000000000000e+00,0.000000000000000000e+00,0.000000000000000000e+00,0.000000000000000000e+00,0.000000000000000000e+00,0.000000000000000000e+00,0.000000000000000000e+00,0.000000000000000000e+00,0.000000000000000000e+00,2.079171440098260746e+02,6.674460949372304697e+01,6.674460949372304697e+01,6.674460949372304697e+01,6.674460949372304697e+01,0.000000000000000000e+00,1.497003436870747635e+02,4.805611883548058927e+01,4.805611883548058927e+01,4.805611883548058927e+01,4.805611883548058927e+01
2.250000000000000000e+03,1.000000000000000000e+00,0.000000000000000000e+00,0.000000000000000000e+00,0.000000000000000000e+00,0.000000000000000000e+00,0.000000000000000000e+00,0.000000000000000000e+00,0.000000000000000000e+00,0.000000000000000000e+00,0.000000000000000000e+00,0.000000000000000000e+00,0.000000000000000000e+00,0.000000000000000000e+00,0.000000000000000000e+00,2.079171440098260746e+02,6.674460949372304697e+01,6.674460949372304697e+01,6.674460949372304697e+01,6.674460949372304697e+01,0.000000000000000000e+00,1.497003436870747635e+02,4.805611883548058927e+01,4.805611883548058927e+01,4.805611883548058927e+01,4.805611883548058927e+01
2.260000000000000000e+03,1.000000000000000000e+00,0.000000000000000000e+00,0.000000000000000000e+00,0.000000000000000000e+00,0.000000000000000000e+00,0.000000000000000000e+00,0.000000000000000000e+00,0.000000000000000000e+00,0.000000000000000000e+00,0.000000000000000000e+00,0.000000000000000000e+00,0.000000000000000000e+00,0.000000000000000000e+00,0.000000000000000000e+00,2.079171440098260746e+02,6.674460949372304697e+01,6.674460949372304697e+01,6.674460949372304697e+01,6.674460949372304697e+01,0.000000000000000000e+00,1.497003436870747635e+02,4.805611883548058927e+01,4.805611883548058927e+01,4.805611883548058927e+01,4.805611883548058927e+01
2.270000000000000000e+03,1.000000000000000000e+00,0.000000000000000000e+00,0.000000000000000000e+00,0.000000000000000000e+00,0.000000000000000000e+00,0.000000000000000000e+00,0.000000000000000000e+00,0.000000000000000000e+00,0.000000000000000000e+00,0.000000000000000000e+00,0.000000000000000000e+00,0.000000000000000000e+00,0.000000000000000000e+00,0.000000000000000000e+00,2.079171440098260746e+02,6.674460949372304697e+01,6.674460949372304697e+01,6.674460949372304697e+01,6.674460949372304697e+01,0.000000000000000000e+00,1.497003436870747635e+02,4.805611883548058927e+01,4.805611883548058927e+01,4.805611883548058927e+01,4.805611883548058927e+01
2.280000000000000000e+03,1.000000000000000000e+00,0.000000000000000000e+00,0.000000000000000000e+00,0.000000000000000000e+00,0.000000000000000000e+00,0.000000000000000000e+00,0.000000000000000000e+00,0.000000000000000000e+00,0.000000000000000000e+00,0.000000000000000000e+00,0.000000000000000000e+00,0.000000000000000000e+00,0.000000000000000000e+00,0.000000000000000000e+00,2.079171440098260746e+02,6.674460949372304697e+01,6.674460949372304697e+01,6.674460949372304697e+01,6.674460949372304697e+01,0.000000000000000000e+00,1.497003436870747635e+02,4.805611883548058927e+01,4.805611883548058927e+01,4.805611883548058927e+01,4.805611883548058927e+01
2.290000000000000000e+03,1.000000000000000000e+00,0.000000000000000000e+00,0.000000000000000000e+00,0.000000000000000000e+00,0.000000000000000000e+00,0.000000000000000000e+00,0.000000000000000000e+00,0.000000000000000000e+00,0.000000000000000000e+00,0.000000000000000000e+00,0.000000000000000000e+00,0.000000000000000000e+00,0.000000000000000000e+00,0.000000000000000000e+00,2.079171440098260746e+02,6.674460949372304697e+01,6.674460949372304697e+01,6.674460949372304697e+01,6.674460949372304697e+01,0.000000000000000000e+00,1.497003436870747635e+02,4.805611883548058927e+01,4.805611883548058927e+01,4.805611883548058927e+01,4.805611883548058927e+01
2.300000000000000000e+03,1.000000000000000000e+00,0.000000000000000000e+00,0.000000000000000000e+00,0.000000000000000000e+00,0.000000000000000000e+00,0.000000000000000000e+00,0.000000000000000000e+00,0.000000000000000000e+00,0.000000000000000000e+00,0.000000000000000000e+00,0.000000000000000000e+00,0.000000000000000000e+00,0.000000000000000000e+00,0.000000000000000000e+00,2.079171440098260746e+02,6.674460949372304697e+01,6.674460949372304697e+01,6.674460949372304697e+01,6.674460949372304697e+01,0.000000000000000000e+00,1.497003436870747635e+02,4.805611883548058927e+01,4.805611883548058927e+01,4.805611883548058927e+01,4.805611883548058927e+01
2.310000000000000000e+03,1.000000000000000000e+00,0.000000000000000000e+00,0.000000000000000000e+00,0.000000000000000000e+00,0.000000000000000000e+00,0.000000000000000000e+00,0.000000000000000000e+00,0.000000000000000000e+00,0.000000000000000000e+00,0.000000000000000000e+00,0.000000000000000000e+00,0.000000000000000000e+00,0.000000000000000000e+00,0.000000000000000000e+00,2.079171440098260746e+02,6.674460949372304697e+01,6.674460949372304697e+01,6.674460949372304697e+01,6.674460949372304697e+01,0.000000000000000000e+00,1.497003436870747635e+02,4.805611883548058927e+01,4.805611883548058927e+01,4.805611883548058927e+01,4.805611883548058927e+01
2.320000000000000000e+03,1.000000000000000000e+00,0.000000000000000000e+00,0.000000000000000000e+00,0.000000000000000000e+00,0.000000000000000000e+00,0.000000000000000000e+00,0.000000000000000000e+00,0.000000000000000000e+00,0.000000000000000000e+00,0.000000000000000000e+00,0.000000000000000000e+00,0.000000000000000000e+00,0.000000000000000000e+00,0.000000000000000000e+00,2.079171440098260746e+02,6.674460949372304697e+01,6.674460949372304697e+01,6.674460949372304697e+01,6.674460949372304697e+01,0.000000000000000000e+00,1.497003436870747635e+02,4.805611883548058927e+01,4.805611883548058927e+01,4.805611883548058927e+01,4.805611883548058927e+01
2.330000000000000000e+03,1.000000000000000000e+00,0.000000000000000000e+00,0.000000000000000000e+00,0.000000000000000000e+00,0.000000000000000000e+00,0.000000000000000000e+00,0.000000000000000000e+00,0.000000000000000000e+00,0.000000000000000000e+00,0.000000000000000000e+00,0.000000000000000000e+00,0.000000000000000000e+00,0.000000000000000000e+00,0.000000000000000000e+00,2.079171440098260746e+02,6.674460949372304697e+01,6.674460949372304697e+01,6.674460949372304697e+01,6.674460949372304697e+01,0.000000000000000000e+00,1.497003436870747635e+02,4.805611883548058927e+01,4.805611883548058927e+01,4.805611883548058927e+01,4.805611883548058927e+01
2.340000000000000000e+03,1.000000000000000000e+00,0.000000000000000000e+00,0.000000000000000000e+00,0.000000000000000000e+00,0.000000000000000000e+00,0.000000000000000000e+00,0.000000000000000000e+00,0.000000000000000000e+00,0.000000000000000000e+00,0.000000000000000000e+00,0.000000000000000000e+00,0.000000000000000000e+00,0.000000000000000000e+00,0.000000000000000000e+00,2.079171440098260746e+02,6.674460949372304697e+01,6.674460949372304697e+01,6.674460949372304697e+01,6.674460949372304697e+01,0.000000000000000000e+00,1.497003436870747635e+02,4.805611883548058927e+01,4.805611883548058927e+01,4.805611883548058927e+01,4.805611883548058927e+01
2.350000000000000000e+03,1.000000000000000000e+00,0.000000000000000000e+00,0.000000000000000000e+00,0.000000000000000000e+00,0.000000000000000000e+00,0.000000000000000000e+00,0.000000000000000000e+00,0.000000000000000000e+00,0.000000000000000000e+00,0.000000000000000000e+00,0.000000000000000000e+00,0.000000000000000000e+00,0.000000000000000000e+00,0.000000000000000000e+00,2.079171440098260746e+02,6.674460949372304697e+01,6.674460949372304697e+01,6.674460949372304697e+01,6.674460949372304697e+01,0.000000000000000000e+00,1.497003436870747635e+02,4.805611883548058927e+01,4.805611883548058927e+01,4.805611883548058927e+01,4.805611883548058927e+01
2.360000000000000000e+03,1.000000000000000000e+00,0.000000000000000000e+00,0.000000000000000000e+00,0.000000000000000000e+00,0.000000000000000000e+00,0.000000000000000000e+00,0.000000000000000000e+00,0.000000000000000000e+00,0.000000000000000000e+00,0.000000000000000000e+00,0.000000000000000000e+00,0.000000000000000000e+00,0.000000000000000000e+00,0.000000000000000000e+00,2.079171440098260746e+02,6.674460949372304697e+01,6.674460949372304697e+01,6.674460949372304697e+01,6.674460949372304697e+01,0.000000000000000000e+00,1.497003436870747635e+02,4.805611883548058927e+01,4.805611883548058927e+01,4.805611883548058927e+01,4.805611883548058927e+01
2.370000000000000000e+03,1.000000000000000000e+00,0.000000000000000000e+00,0.000000000000000000e+00,0.000000000000000000e+00,0.000000000000000000e+00,0.000000000000000000e+00,0.000000000000000000e+00,0.000000000000000000e+00,0.000000000000000000e+00,0.000000000000000000e+00,0.000000000000000000e+00,0.000000000000000000e+00,0.000000000000000000e+00,0.000000000000000000e+00,2.079171440098260746e+02,6.674460949372304697e+01,6.674460949372304697e+01,6.674460949372304697e+01,6.674460949372304697e+01,0.000000000000000000e+00,1.497003436870747635e+02,4.805611883548058927e+01,4.805611883548058927e+01,4.805611883548058927e+01,4.805611883548058927e+01
2.380000000000000000e+03,1.000000000000000000e+00,0.000000000000000000e+00,0.000000000000000000e+00,0.000000000000000000e+00,0.000000000000000000e+00,0.000000000000000000e+00,0.000000000000000000e+00,0.000000000000000000e+00,0.000000000000000000e+00,0.000000000000000000e+00,0.000000000000000000e+00,0.000000000000000000e+00,0.000000000000000000e+00,0.000000000000000000e+00,2.079171440098260746e+02,6.674460949372304697e+01,6.674460949372304697e+01,6.674460949372304697e+01,6.674460949372304697e+01,0.000000000000000000e+00,1.497003436870747635e+02,4.805611883548058927e+01,4.805611883548058927e+01,4.805611883548058927e+01,4.805611883548058927e+01
2.390000000000000000e+03,1.000000000000000000e+00,0.000000000000000000e+00,0.000000000000000000e+00,0.000000000000000000e+00,0.000000000000000000e+00,0.000000000000000000e+00,0.000000000000000000e+00,0.000000000000000000e+00,0.000000000000000000e+00,0.000000000000000000e+00,0.000000000000000000e+00,0.000000000000000000e+00,0.000000000000000000e+00,0.000000000000000000e+00,2.079171440098260746e+02,6.674460949372304697e+01,6.674460949372304697e+01,6.674460949372304697e+01,6.674460949372304697e+01,0.000000000000000000e+00,1.497003436870747635e+02,4.805611883548058927e+01,4.805611883548058927e+01,4.805611883548058927e+01,4.805611883548058927e+01
2.400000000000000000e+03,1.000000000000000000e+00,0.000000000000000000e+00,0.000000000000000000e+00,0.000000000000000000e+00,0.000000000000000000e+00,0.000000000000000000e+00,0.000000000000000000e+00,0.000000000000000000e+00,0.000000000000000000e+00,0.000000000000000000e+00,0.000000000000000000e+00,0.000000000000000000e+00,0.000000000000000000e+00,0.000000000000000000e+00,2.079171440098260746e+02,6.674460949372304697e+01,6.674460949372304697e+01,6.674460949372304697e+01,6.674460949372304697e+01,0.000000000000000000e+00,1.497003436870747635e+02,4.805611883548058927e+01,4.805611883548058927e+01,4.805611883548058927e+01,4.805611883548058927e+01
2.410000000000000000e+03,1.000000000000000000e+00,0.000000000000000000e+00,0.000000000000000000e+00,0.000000000000000000e+00,0.000000000000000000e+00,0.000000000000000000e+00,0.000000000000000000e+00,0.000000000000000000e+00,0.000000000000000000e+00,0.000000000000000000e+00,0.000000000000000000e+00,0.000000000000000000e+00,0.000000000000000000e+00,0.000000000000000000e+00,2.079171440098260746e+02,6.674460949372304697e+01,6.674460949372304697e+01,6.674460949372304697e+01,6.674460949372304697e+01,0.000000000000000000e+00,1.497003436870747635e+02,4.805611883548058927e+01,4.805611883548058927e+01,4.805611883548058927e+01,4.805611883548058927e+01
2.420000000000000000e+03,1.000000000000000000e+00,0.000000000000000000e+00,0.000000000000000000e+00,0.000000000000000000e+00,0.000000000000000000e+00,0.000000000000000000e+00,0.000000000000000000e+00,0.000000000000000000e+00,0.000000000000000000e+00,0.000000000000000000e+00,0.000000000000000000e+00,0.000000000000000000e+00,0.000000000000000000e+00,0.000000000000000000e+00,2.079171440098260746e+02,6.674460949372304697e+01,6.674460949372304697e+01,6.674460949372304697e+01,6.674460949372304697e+01,0.000000000000000000e+00,1.497003436870747635e+02,4.805611883548058927e+01,4.805611883548058927e+01,4.805611883548058927e+01,4.805611883548058927e+01
2.430000000000000000e+03,1.000000000000000000e+00,0.000000000000000000e+00,0.000000000000000000e+00,0.000000000000000000e+00,0.000000000000000000e+00,0.000000000000000000e+00,0.000000000000000000e+00,0.000000000000000000e+00,0.000000000000000000e+00,0.000000000000000000e+00,0.000000000000000000e+00,0.000000000000000000e+00,0.000000000000000000e+00,0.000000000000000000e+00,2.079171440098260746e+02,6.674460949372304697e+01,6.674460949372304697e+01,6.674460949372304697e+01,6.674460949372304697e+01,0.000000000000000000e+00,1.497003436870747635e+02,4.805611883548058927e+01,4.805611883548058927e+01,4.805611883548058927e+01,4.805611883548058927e+01
2.440000000000000000e+03,1.000000000000000000e+00,0.000000000000000000e+00,0.000000000000000000e+00,0.000000000000000000e+00,0.000000000000000000e+00,0.000000000000000000e+00,0.000000000000000000e+00,0.000000000000000000e+00,0.000000000000000000e+00,0.000000000000000000e+00,0.000000000000000000e+00,0.000000000000000000e+00,0.000000000000000000e+00,0.000000000000000000e+00,2.079171440098260746e+02,6.674460949372304697e+01,6.674460949372304697e+01,6.674460949372304697e+01,6.674460949372304697e+01,0.000000000000000000e+00,1.497003436870747635e+02,4.805611883548058927e+01,4.805611883548058927e+01,4.805611883548058927e+01,4.805611883548058927e+01
2.450000000000000000e+03,1.000000000000000000e+00,0.000000000000000000e+00,0.000000000000000000e+00,0.000000000000000000e+00,0.000000000000000000e+00,0.000000000000000000e+00,0.000000000000000000e+00,0.000000000000000000e+00,0.000000000000000000e+00,0.000000000000000000e+00,0.000000000000000000e+00,0.000000000000000000e+00,0.000000000000000000e+00,0.000000000000000000e+00,2.079171440098260746e+02,6.674460949372304697e+01,6.674460949372304697e+01,6.674460949372304697e+01,6.674460949372304697e+01,0.000000000000000000e+00,1.497003436870747635e+02,4.805611883548058927e+01,4.805611883548058927e+01,4.805611883548058927e+01,4.805611883548058927e+01
2.460000000000000000e+03,1.000000000000000000e+00,0.000000000000000000e+00,0.000000000000000000e+00,0.000000000000000000e+00,0.000000000000000000e+00,0.000000000000000000e+00,0.000000000000000000e+00,0.000000000000000000e+00,0.000000000000000000e+00,0.000000000000000000e+00,0.000000000000000000e+00,0.000000000000000000e+00,0.000000000000000000e+00,0.000000000000000000e+00,2.079171440098260746e+02,6.674460949372304697e+01,6.674460949372304697e+01,6.674460949372304697e+01,6.674460949372304697e+01,0.000000000000000000e+00,1.497003436870747635e+02,4.805611883548058927e+01,4.805611883548058927e+01,4.805611883548058927e+01,4.805611883548058927e+01
2.470000000000000000e+03,1.000000000000000000e+00,0.000000000000000000e+00,0.000000000000000000e+00,0.000000000000000000e+00,0.000000000000000000e+00,0.000000000000000000e+00,0.000000000000000000e+00,0.000000000000000000e+00,0.000000000000000000e+00,0.000000000000000000e+00,0.000000000000000000e+00,0.000000000000000000e+00,0.000000000000000000e+00,0.000000000000000000e+00,2.079171440098260746e+02,6.674460949372304697e+01,6.674460949372304697e+01,6.674460949372304697e+01,6.674460949372304697e+01,0.000000000000000000e+00,1.497003436870747635e+02,4.805611883548058927e+01,4.805611883548058927e+01,4.805611883548058927e+01,4.805611883548058927e+01
2.480000000000000000e+03,1.000000000000000000e+00,0.000000000000000000e+00,0.000000000000000000e+00,0.000000000000000000e+00,0.000000000000000000e+00,0.000000000000000000e+00,0.000000000000000000e+00,0.000000000000000000e+00,0.000000000000000000e+00,0.000000000000000000e+00,0.000000000000000000e+00,0.000000000000000000e+00,0.000000000000000000e+00,0.000000000000000000e+00,2.079171440098260746e+02,6.674460949372304697e+01,6.674460949372304697e+01,6.674460949372304697e+01,6.674460949372304697e+01,0.000000000000000000e+00,1.497003436870747635e+02,4.805611883548058927e+01,4.805611883548058927e+01,4.805611883548058927e+01,4.805611883548058927e+01
2.490000000000000000e+03,1.000000000000000000e+00,0.000000000000000000e+00,0.000000000000000000e+00,0.000000000000000000e+00,0.000000000000000000e+00,0.000000000000000000e+00,0.000000000000000000e+00,0.000000000000000000e+00,0.000000000000000000e+00,0.000000000000000000e+00,0.000000000000000000e+00,0.000000000000000000e+00,0.000000000000000000e+00,0.000000000000000000e+00,2.079171440098260746e+02,6.674460949372304697e+01,6.674460949372304697e+01,6.674460949372304697e+01,6.674460949372304697e+01,0.000000000000000000e+00,1.497003436870747635e+02,4.805611883548058927e+01,4.805611883548058927e+01,4.805611883548058927e+01,4.805611883548058927e+01
2.500000000000000000e+03,1.000000000000000000e+00,0.000000000000000000e+00,0.000000000000000000e+00,0.000000000000000000e+00,0.000000000000000000e+00,0.000000000000000000e+00,0.000000000000000000e+00,0.000000000000000000e+00,0.000000000000000000e+00,0.000000000000000000e+00,0.000000000000000000e+00,0.000000000000000000e+00,0.000000000000000000e+00,0.000000000000000000e+00,2.079171440098260746e+02,6.674460949372304697e+01,6.674460949372304697e+01,6.674460949372304697e+01,6.674460949372304697e+01,0.000000000000000000e+00,1.497003436870747635e+02,4.805611883548058927e+01,4.805611883548058927e+01,4.805611883548058927e+01,4.805611883548058927e+01
2.510000000000000000e+03,1.000000000000000000e+00,0.000000000000000000e+00,0.000000000000000000e+00,0.000000000000000000e+00,0.000000000000000000e+00,0.000000000000000000e+00,0.000000000000000000e+00,0.000000000000000000e+00,0.000000000000000000e+00,0.000000000000000000e+00,0.000000000000000000e+00,0.000000000000000000e+00,0.000000000000000000e+00,0.000000000000000000e+00,2.079171440098260746e+02,6.674460949372304697e+01,6.674460949372304697e+01,6.674460949372304697e+01,6.674460949372304697e+01,0.000000000000000000e+00,1.497003436870747635e+02,4.805611883548058927e+01,4.805611883548058927e+01,4.805611883548058927e+01,4.805611883548058927e+01
2.520000000000000000e+03,1.000000000000000000e+00,0.000000000000000000e+00,0.000000000000000000e+00,0.000000000000000000e+00,0.000000000000000000e+00,0.000000000000000000e+00,0.000000000000000000e+00,0.000000000000000000e+00,0.000000000000000000e+00,0.000000000000000000e+00,0.000000000000000000e+00,0.000000000000000000e+00,0.000000000000000000e+00,0.000000000000000000e+00,2.079171440098260746e+02,6.674460949372304697e+01,6.674460949372304697e+01,6.674460949372304697e+01,6.674460949372304697e+01,0.000000000000000000e+00,1.497003436870747635e+02,4.805611883548058927e+01,4.805611883548058927e+01,4.805611883548058927e+01,4.805611883548058927e+01
2.530000000000000000e+03,1.000000000000000000e+00,0.000000000000000000e+00,0.000000000000000000e+00,0.000000000000000000e+00,0.000000000000000000e+00,0.000000000000000000e+00,0.000000000000000000e+00,0.000000000000000000e+00,0.000000000000000000e+00,0.000000000000000000e+00,0.000000000000000000e+00,0.000000000000000000e+00,0.000000000000000000e+00,0.000000000000000000e+00,2.079171440098260746e+02,6.674460949372304697e+01,6.674460949372304697e+01,6.674460949372304697e+01,6.674460949372304697e+01,0.000000000000000000e+00,1.497003436870747635e+02,4.805611883548058927e+01,4.805611883548058927e+01,4.805611883548058927e+01,4.805611883548058927e+01
2.540000000000000000e+03,1.000000000000000000e+00,0.000000000000000000e+00,0.000000000000000000e+00,0.000000000000000000e+00,0.000000000000000000e+00,0.000000000000000000e+00,0.000000000000000000e+00,0.000000000000000000e+00,0.000000000000000000e+00,0.000000000000000000e+00,0.000000000000000000e+00,0.000000000000000000e+00,0.000000000000000000e+00,0.000000000000000000e+00,2.079171440098260746e+02,6.674460949372304697e+01,6.674460949372304697e+01,6.674460949372304697e+01,6.674460949372304697e+01,0.000000000000000000e+00,1.497003436870747635e+02,4.805611883548058927e+01,4.805611883548058927e+01,4.805611883548058927e+01,4.805611883548058927e+01
2.550000000000000000e+03,1.000000000000000000e+00,0.000000000000000000e+00,0.000000000000000000e+00,0.000000000000000000e+00,0.000000000000000000e+00,0.000000000000000000e+00,0.000000000000000000e+00,0.000000000000000000e+00,0.000000000000000000e+00,0.000000000000000000e+00,0.000000000000000000e+00,0.000000000000000000e+00,0.000000000000000000e+00,0.000000000000000000e+00,2.079171440098260746e+02,6.674460949372304697e+01,6.674460949372304697e+01,6.674460949372304697e+01,6.674460949372304697e+01,0.000000000000000000e+00,1.497003436870747635e+02,4.805611883548058927e+01,4.805611883548058927e+01,4.805611883548058927e+01,4.805611883548058927e+01
2.560000000000000000e+03,1.000000000000000000e+00,0.000000000000000000e+00,0.000000000000000000e+00,0.000000000000000000e+00,0.000000000000000000e+00,0.000000000000000000e+00,0.000000000000000000e+00,0.000000000000000000e+00,0.000000000000000000e+00,0.000000000000000000e+00,0.000000000000000000e+00,0.000000000000000000e+00,0.000000000000000000e+00,0.000000000000000000e+00,2.079171440098260746e+02,6.674460949372304697e+01,6.674460949372304697e+01,6.674460949372304697e+01,6.674460949372304697e+01,0.000000000000000000e+00,1.497003436870747635e+02,4.805611883548058927e+01,4.805611883548058927e+01,4.805611883548058927e+01,4.805611883548058927e+01
2.570000000000000000e+03,1.000000000000000000e+00,0.000000000000000000e+00,0.000000000000000000e+00,0.000000000000000000e+00,0.000000000000000000e+00,0.000000000000000000e+00,0.000000000000000000e+00,0.000000000000000000e+00,0.000000000000000000e+00,0.000000000000000000e+00,0.000000000000000000e+00,0.000000000000000000e+00,0.000000000000000000e+00,0.000000000000000000e+00,2.079171440098260746e+02,6.674460949372304697e+01,6.674460949372304697e+01,6.674460949372304697e+01,6.674460949372304697e+01,0.000000000000000000e+00,1.497003436870747635e+02,4.805611883548058927e+01,4.805611883548058927e+01,4.805611883548058927e+01,4.805611883548058927e+01
2.580000000000000000e+03,1.000000000000000000e+00,0.000000000000000000e+00,0.000000000000000000e+00,0.000000000000000000e+00,0.000000000000000000e+00,0.000000000000000000e+00,0.000000000000000000e+00,0.000000000000000000e+00,0.000000000000000000e+00,0.000000000000000000e+00,0.000000000000000000e+00,0.000000000000000000e+00,0.000000000000000000e+00,0.000000000000000000e+00,2.079171440098260746e+02,6.674460949372304697e+01,6.674460949372304697e+01,6.674460949372304697e+01,6.674460949372304697e+01,0.000000000000000000e+00,1.497003436870747635e+02,4.805611883548058927e+01,4.805611883548058927e+01,4.805611883548058927e+01,4.805611883548058927e+01
2.590000000000000000e+03,1.000000000000000000e+00,0.000000000000000000e+00,0.000000000000000000e+00,0.000000000000000000e+00,0.000000000000000000e+00,0.000000000000000000e+00,0.000000000000000000e+00,0.000000000000000000e+00,0.000000000000000000e+00,0.000000000000000000e+00,0.000000000000000000e+00,0.000000000000000000e+00,0.000000000000000000e+00,0.000000000000000000e+00,2.079171440098260746e+02,6.674460949372304697e+01,6.674460949372304697e+01,6.674460949372304697e+01,6.674460949372304697e+01,0.000000000000000000e+00,1.497003436870747635e+02,4.805611883548058927e+01,4.805611883548058927e+01,4.805611883548058927e+01,4.805611883548058927e+01
2.600000000000000000e+03,1.000000000000000000e+00,0.000000000000000000e+00,0.000000000000000000e+00,0.000000000000000000e+00,0.000000000000000000e+00,0.000000000000000000e+00,0.000000000000000000e+00,0.000000000000000000e+00,0.000000000000000000e+00,0.000000000000000000e+00,0.000000000000000000e+00,0.000000000000000000e+00,0.000000000000000000e+00,0.000000000000000000e+00,2.079171440098260746e+02,6.674460949372304697e+01,6.674460949372304697e+01,6.674460949372304697e+01,6.674460949372304697e+01,0.000000000000000000e+00,1.497003436870747635e+02,4.805611883548058927e+01,4.805611883548058927e+01,4.805611883548058927e+01,4.805611883548058927e+01
2.610000000000000000e+03,1.000000000000000000e+00,0.000000000000000000e+00,0.000000000000000000e+00,0.000000000000000000e+00,0.000000000000000000e+00,0.000000000000000000e+00,0.000000000000000000e+00,0.000000000000000000e+00,0.000000000000000000e+00,0.000000000000000000e+00,0.000000000000000000e+00,0.000000000000000000e+00,0.000000000000000000e+00,0.000000000000000000e+00,2.079171440098260746e+02,6.674460949372304697e+01,6.674460949372304697e+01,6.674460949372304697e+01,6.674460949372304697e+01,0.000000000000000000e+00,1.497003436870747635e+02,4.805611883548058927e+01,4.805611883548058927e+01,4.805611883548058927e+01,4.805611883548058927e+01
2.620000000000000000e+03,1.000000000000000000e+00,0.000000000000000000e+00,0.000000000000000000e+00,0.000000000000000000e+00,0.000000000000000000e+00,0.000000000000000000e+00,0.000000000000000000e+00,0.000000000000000000e+00,0.000000000000000000e+00,0.000000000000000000e+00,0.000000000000000000e+00,0.000000000000000000e+00,0.000000000000000000e+00,0.000000000000000000e+00,2.079171440098260746e+02,6.674460949372304697e+01,6.674460949372304697e+01,6.674460949372304697e+01,6.674460949372304697e+01,0.000000000000000000e+00,1.497003436870747635e+02,4.805611883548058927e+01,4.805611883548058927e+01,4.805611883548058927e+01,4.805611883548058927e+01
2.630000000000000000e+03,1.000000000000000000e+00,0.000000000000000000e+00,0.000000000000000000e+00,0.000000000000000000e+00,0.000000000000000000e+00,0.000000000000000000e+00,0.000000000000000000e+00,0.000000000000000000e+00,0.000000000000000000e+00,0.000000000000000000e+00,0.000000000000000000e+00,0.000000000000000000e+00,0.000000000000000000e+00,0.000000000000000000e+00,2.079171440098260746e+02,6.674460949372304697e+01,6.674460949372304697e+01,6.674460949372304697e+01,6.674460949372304697e+01,0.000000000000000000e+00,1.497003436870747635e+02,4.805611883548058927e+01,4.805611883548058927e+01,4.805611883548058927e+01,4.805611883548058927e+01
2.640000000000000000e+03,1.000000000000000000e+00,0.000000000000000000e+00,0.000000000000000000e+00,0.000000000000000000e+00,0.000000000000000000e+00,0.000000000000000000e+00,0.000000000000000000e+00,0.000000000000000000e+00,0.000000000000000000e+00,0.000000000000000000e+00,0.000000000000000000e+00,0.000000000000000000e+00,0.000000000000000000e+00,0.000000000000000000e+00,2.079171440098260746e+02,6.674460949372304697e+01,6.674460949372304697e+01,6.674460949372304697e+01,6.674460949372304697e+01,0.000000000000000000e+00,1.497003436870747635e+02,4.805611883548058927e+01,4.805611883548058927e+01,4.805611883548058927e+01,4.805611883548058927e+01
2.650000000000000000e+03,1.000000000000000000e+00,0.000000000000000000e+00,0.000000000000000000e+00,0.000000000000000000e+00,0.000000000000000000e+00,0.000000000000000000e+00,0.000000000000000000e+00,0.000000000000000000e+00,0.000000000000000000e+00,0.000000000000000000e+00,0.000000000000000000e+00,0.000000000000000000e+00,0.000000000000000000e+00,0.000000000000000000e+00,2.079171440098260746e+02,6.674460949372304697e+01,6.674460949372304697e+01,6.674460949372304697e+01,6.674460949372304697e+01,0.000000000000000000e+00,1.497003436870747635e+02,4.805611883548058927e+01,4.805611883548058927e+01,4.805611883548058927e+01,4.805611883548058927e+01
2.660000000000000000e+03,1.000000000000000000e+00,0.000000000000000000e+00,0.000000000000000000e+00,0.000000000000000000e+00,0.000000000000000000e+00,0.000000000000000000e+00,0.000000000000000000e+00,0.000000000000000000e+00,0.000000000000000000e+00,0.000000000000000000e+00,0.000000000000000000e+00,0.000000000000000000e+00,0.000000000000000000e+00,0.000000000000000000e+00,2.079171440098260746e+02,6.674460949372304697e+01,6.674460949372304697e+01,6.674460949372304697e+01,6.674460949372304697e+01,0.000000000000000000e+00,1.497003436870747635e+02,4.805611883548058927e+01,4.805611883548058927e+01,4.805611883548058927e+01,4.805611883548058927e+01
2.670000000000000000e+03,1.000000000000000000e+00,0.000000000000000000e+00,0.000000000000000000e+00,0.000000000000000000e+00,0.000000000000000000e+00,0.000000000000000000e+00,0.000000000000000000e+00,0.000000000000000000e+00,0.000000000000000000e+00,0.000000000000000000e+00,0.000000000000000000e+00,0.000000000000000000e+00,0.000000000000000000e+00,0.000000000000000000e+00,2.079171440098260746e+02,6.674460949372304697e+01,6.674460949372304697e+01,6.674460949372304697e+01,6.674460949372304697e+01,0.000000000000000000e+00,1.497003436870747635e+02,4.805611883548058927e+01,4.805611883548058927e+01,4.805611883548058927e+01,4.805611883548058927e+01
2.680000000000000000e+03,1.000000000000000000e+00,0.000000000000000000e+00,0.000000000000000000e+00,0.000000000000000000e+00,0.000000000000000000e+00,0.000000000000000000e+00,0.000000000000000000e+00,0.000000000000000000e+00,0.000000000000000000e+00,0.000000000000000000e+00,0.000000000000000000e+00,0.000000000000000000e+00,0.000000000000000000e+00,0.000000000000000000e+00,2.079171440098260746e+02,6.674460949372304697e+01,6.674460949372304697e+01,6.674460949372304697e+01,6.674460949372304697e+01,0.000000000000000000e+00,1.497003436870747635e+02,4.805611883548058927e+01,4.805611883548058927e+01,4.805611883548058927e+01,4.805611883548058927e+01
2.690000000000000000e+03,1.000000000000000000e+00,0.000000000000000000e+00,0.000000000000000000e+00,0.000000000000000000e+00,0.000000000000000000e+00,0.000000000000000000e+00,0.000000000000000000e+00,0.000000000000000000e+00,0.000000000000000000e+00,0.000000000000000000e+00,0.000000000000000000e+00,0.000000000000000000e+00,0.000000000000000000e+00,0.000000000000000000e+00,2.079171440098260746e+02,6.674460949372304697e+01,6.674460949372304697e+01,6.674460949372304697e+01,6.674460949372304697e+01,0.000000000000000000e+00,1.497003436870747635e+02,4.805611883548058927e+01,4.805611883548058927e+01,4.805611883548058927e+01,4.805611883548058927e+01
2.700000000000000000e+03,1.000000000000000000e+00,0.000000000000000000e+00,0.000000000000000000e+00,0.000000000000000000e+00,0.000000000000000000e+00,0.000000000000000000e+00,0.000000000000000000e+00,0.000000000000000000e+00,0.000000000000000000e+00,0.000000000000000000e+00,0.000000000000000000e+00,0.000000000000000000e+00,0.000000000000000000e+00,0.000000000000000000e+00,2.079171440098260746e+02,6.674460949372304697e+01,6.674460949372304697e+01,6.674460949372304697e+01,6.674460949372304697e+01,0.000000000000000000e+00,1.497003436870747635e+02,4.805611883548058927e+01,4.805611883548058927e+01,4.805611883548058927e+01,4.805611883548058927e+01
2.710000000000000000e+03,1.000000000000000000e+00,0.000000000000000000e+00,0.000000000000000000e+00,0.000000000000000000e+00,0.000000000000000000e+00,0.000000000000000000e+00,0.000000000000000000e+00,0.000000000000000000e+00,0.000000000000000000e+00,0.000000000000000000e+00,0.000000000000000000e+00,0.000000000000000000e+00,0.000000000000000000e+00,0.000000000000000000e+00,2.079171440098260746e+02,6.674460949372304697e+01,6.674460949372304697e+01,6.674460949372304697e+01,6.674460949372304697e+01,0.000000000000000000e+00,1.497003436870747635e+02,4.805611883548058927e+01,4.805611883548058927e+01,4.805611883548058927e+01,4.805611883548058927e+01
2.720000000000000000e+03,1.000000000000000000e+00,0.000000000000000000e+00,0.000000000000000000e+00,0.000000000000000000e+00,0.000000000000000000e+00,0.000000000000000000e+00,0.000000000000000000e+00,0.000000000000000000e+00,0.000000000000000000e+00,0.000000000000000000e+00,0.000000000000000000e+00,0.000000000000000000e+00,0.000000000000000000e+00,0.000000000000000000e+00,2.079171440098260746e+02,6.674460949372304697e+01,6.674460949372304697e+01,6.674460949372304697e+01,6.674460949372304697e+01,0.000000000000000000e+00,1.497003436870747635e+02,4.805611883548058927e+01,4.805611883548058927e+01,4.805611883548058927e+01,4.805611883548058927e+01
2.730000000000000000e+03,1.000000000000000000e+00,0.000000000000000000e+00,0.000000000000000000e+00,0.000000000000000000e+00,0.000000000000000000e+00,0.000000000000000000e+00,0.000000000000000000e+00,0.000000000000000000e+00,0.000000000000000000e+00,0.000000000000000000e+00,0.000000000000000000e+00,0.000000000000000000e+00,0.000000000000000000e+00,0.000000000000000000e+00,2.079171440098260746e+02,6.674460949372304697e+01,6.674460949372304697e+01,6.674460949372304697e+01,6.674460949372304697e+01,0.000000000000000000e+00,1.497003436870747635e+02,4.805611883548058927e+01,4.805611883548058927e+01,4.805611883548058927e+01,4.805611883548058927e+01
2.740000000000000000e+03,1.000000000000000000e+00,0.000000000000000000e+00,0.000000000000000000e+00,0.000000000000000000e+00,0.000000000000000000e+00,0.000000000000000000e+00,0.000000000000000000e+00,0.000000000000000000e+00,0.000000000000000000e+00,0.000000000000000000e+00,0.000000000000000000e+00,0.000000000000000000e+00,0.000000000000000000e+00,0.000000000000000000e+00,2.079171440098260746e+02,6.674460949372304697e+01,6.674460949372304697e+01,6.674460949372304697e+01,6.674460949372304697e+01,0.000000000000000000e+00,1.497003436870747635e+02,4.805611883548058927e+01,4.805611883548058927e+01,4.805611883548058927e+01,4.805611883548058927e+01
2.750000000000000000e+03,1.000000000000000000e+00,0.000000000000000000e+00,0.000000000000000000e+00,0.000000000000000000e+00,0.000000000000000000e+00,0.000000000000000000e+00,0.000000000000000000e+00,0.000000000000000000e+00,0.000000000000000000e+00,0.000000000000000000e+00,0.000000000000000000e+00,0.000000000000000000e+00,0.000000000000000000e+00,0.000000000000000000e+00,2.079171440098260746e+02,6.674460949372304697e+01,6.674460949372304697e+01,6.674460949372304697e+01,6.674460949372304697e+01,0.000000000000000000e+00,1.497003436870747635e+02,4.805611883548058927e+01,4.805611883548058927e+01,4.805611883548058927e+01,4.805611883548058927e+01
2.760000000000000000e+03,1.000000000000000000e+00,0.000000000000000000e+00,0.000000000000000000e+00,0.000000000000000000e+00,0.000000000000000000e+00,0.000000000000000000e+00,0.000000000000000000e+00,0.000000000000000000e+00,0.000000000000000000e+00,0.000000000000000000e+00,0.000000000000000000e+00,0.000000000000000000e+00,0.000000000000000000e+00,0.000000000000000000e+00,2.079171440098260746e+02,6.674460949372304697e+01,6.674460949372304697e+01,6.674460949372304697e+01,6.674460949372304697e+01,0.000000000000000000e+00,1.497003436870747635e+02,4.805611883548058927e+01,4.805611883548058927e+01,4.805611883548058927e+01,4.805611883548058927e+01
2.770000000000000000e+03,1.000000000000000000e+00,0.000000000000000000e+00,0.000000000000000000e+00,0.000000000000000000e+00,0.000000000000000000e+00,0.000000000000000000e+00,0.000000000000000000e+00,0.000000000000000000e+00,0.000000000000000000e+00,0.000000000000000000e+00,0.000000000000000000e+00,0.000000000000000000e+00,0.000000000000000000e+00,0.000000000000000000e+00,2.079171440098260746e+02,6.674460949372304697e+01,6.674460949372304697e+01,6.674460949372304697e+01,6.674460949372304697e+01,0.000000000000000000e+00,1.497003436870747635e+02,4.805611883548058927e+01,4.805611883548058927e+01,4.805611883548058927e+01,4.805611883548058927e+01
2.780000000000000000e+03,1.000000000000000000e+00,0.000000000000000000e+00,0.000000000000000000e+00,0.000000000000000000e+00,0.000000000000000000e+00,0.000000000000000000e+00,0.000000000000000000e+00,0.000000000000000000e+00,0.000000000000000000e+00,0.000000000000000000e+00,0.000000000000000000e+00,0.000000000000000000e+00,0.000000000000000000e+00,0.000000000000000000e+00,2.079171440098260746e+02,6.674460949372304697e+01,6.674460949372304697e+01,6.674460949372304697e+01,6.674460949372304697e+01,0.000000000000000000e+00,1.497003436870747635e+02,4.805611883548058927e+01,4.805611883548058927e+01,4.805611883548058927e+01,4.805611883548058927e+01
2.790000000000000000e+03,1.000000000000000000e+00,0.000000000000000000e+00,0.000000000000000000e+00,0.000000000000000000e+00,0.000000000000000000e+00,0.000000000000000000e+00,0.000000000000000000e+00,0.000000000000000000e+00,0.000000000000000000e+00,0.000000000000000000e+00,0.000000000000000000e+00,0.000000000000000000e+00,0.000000000000000000e+00,0.000000000000000000e+00,2.079171440098260746e+02,6.674460949372304697e+01,6.674460949372304697e+01,6.674460949372304697e+01,6.674460949372304697e+01,0.000000000000000000e+00,1.497003436870747635e+02,4.805611883548058927e+01,4.805611883548058927e+01,4.805611883548058927e+01,4.805611883548058927e+01
2.800000000000000000e+03,1.000000000000000000e+00,0.000000000000000000e+00,0.000000000000000000e+00,0.000000000000000000e+00,0.000000000000000000e+00,0.000000000000000000e+00,0.000000000000000000e+00,0.000000000000000000e+00,0.000000000000000000e+00,0.000000000000000000e+00,0.000000000000000000e+00,0.000000000000000000e+00,0.000000000000000000e+00,0.000000000000000000e+00,2.079171440098260746e+02,6.674460949372304697e+01,6.674460949372304697e+01,6.674460949372304697e+01,6.674460949372304697e+01,0.000000000000000000e+00,1.497003436870747635e+02,4.805611883548058927e+01,4.805611883548058927e+01,4.805611883548058927e+01,4.805611883548058927e+01
2.810000000000000000e+03,1.000000000000000000e+00,0.000000000000000000e+00,0.000000000000000000e+00,0.000000000000000000e+00,0.000000000000000000e+00,0.000000000000000000e+00,0.000000000000000000e+00,0.000000000000000000e+00,0.000000000000000000e+00,0.000000000000000000e+00,0.000000000000000000e+00,0.000000000000000000e+00,0.000000000000000000e+00,0.000000000000000000e+00,2.079171440098260746e+02,6.674460949372304697e+01,6.674460949372304697e+01,6.674460949372304697e+01,6.674460949372304697e+01,0.000000000000000000e+00,1.497003436870747635e+02,4.805611883548058927e+01,4.805611883548058927e+01,4.805611883548058927e+01,4.805611883548058927e+01
2.820000000000000000e+03,1.000000000000000000e+00,0.000000000000000000e+00,0.000000000000000000e+00,0.000000000000000000e+00,0.000000000000000000e+00,0.000000000000000000e+00,0.000000000000000000e+00,0.000000000000000000e+00,0.000000000000000000e+00,0.000000000000000000e+00,0.000000000000000000e+00,0.000000000000000000e+00,0.000000000000000000e+00,0.000000000000000000e+00,2.079171440098260746e+02,6.674460949372304697e+01,6.674460949372304697e+01,6.674460949372304697e+01,6.674460949372304697e+01,0.000000000000000000e+00,1.497003436870747635e+02,4.805611883548058927e+01,4.805611883548058927e+01,4.805611883548058927e+01,4.805611883548058927e+01
2.830000000000000000e+03,1.000000000000000000e+00,0.000000000000000000e+00,0.000000000000000000e+00,0.000000000000000000e+00,0.000000000000000000e+00,0.000000000000000000e+00,0.000000000000000000e+00,0.000000000000000000e+00,0.000000000000000000e+00,0.000000000000000000e+00,0.000000000000000000e+00,0.000000000000000000e+00,0.000000000000000000e+00,0.000000000000000000e+00,2.079171440098260746e+02,6.674460949372304697e+01,6.674460949372304697e+01,6.674460949372304697e+01,6.674460949372304697e+01,0.000000000000000000e+00,1.497003436870747635e+02,4.805611883548058927e+01,4.805611883548058927e+01,4.805611883548058927e+01,4.805611883548058927e+01
2.840000000000000000e+03,1.000000000000000000e+00,0.000000000000000000e+00,0.000000000000000000e+00,0.000000000000000000e+00,0.000000000000000000e+00,0.000000000000000000e+00,0.000000000000000000e+00,0.000000000000000000e+00,0.000000000000000000e+00,0.000000000000000000e+00,0.000000000000000000e+00,0.000000000000000000e+00,0.000000000000000000e+00,0.000000000000000000e+00,2.079171440098260746e+02,6.674460949372304697e+01,6.674460949372304697e+01,6.674460949372304697e+01,6.674460949372304697e+01,0.000000000000000000e+00,1.497003436870747635e+02,4.805611883548058927e+01,4.805611883548058927e+01,4.805611883548058927e+01,4.805611883548058927e+01
2.850000000000000000e+03,1.000000000000000000e+00,0.000000000000000000e+00,0.000000000000000000e+00,0.000000000000000000e+00,0.000000000000000000e+00,0.000000000000000000e+00,0.000000000000000000e+00,0.000000000000000000e+00,0.000000000000000000e+00,0.000000000000000000e+00,0.000000000000000000e+00,0.000000000000000000e+00,0.000000000000000000e+00,0.000000000000000000e+00,2.079171440098260746e+02,6.674460949372304697e+01,6.674460949372304697e+01,6.674460949372304697e+01,6.674460949372304697e+01,0.000000000000000000e+00,1.497003436870747635e+02,4.805611883548058927e+01,4.805611883548058927e+01,4.805611883548058927e+01,4.805611883548058927e+01
2.860000000000000000e+03,1.000000000000000000e+00,0.000000000000000000e+00,0.000000000000000000e+00,0.000000000000000000e+00,0.000000000000000000e+00,0.000000000000000000e+00,0.000000000000000000e+00,0.000000000000000000e+00,0.000000000000000000e+00,0.000000000000000000e+00,0.000000000000000000e+00,0.000000000000000000e+00,0.000000000000000000e+00,0.000000000000000000e+00,2.079171440098260746e+02,6.674460949372304697e+01,6.674460949372304697e+01,6.674460949372304697e+01,6.674460949372304697e+01,0.000000000000000000e+00,1.497003436870747635e+02,4.805611883548058927e+01,4.805611883548058927e+01,4.805611883548058927e+01,4.805611883548058927e+01
2.870000000000000000e+03,1.000000000000000000e+00,0.000000000000000000e+00,0.000000000000000000e+00,0.000000000000000000e+00,0.000000000000000000e+00,0.000000000000000000e+00,0.000000000000000000e+00,0.000000000000000000e+00,0.000000000000000000e+00,0.000000000000000000e+00,0.000000000000000000e+00,0.000000000000000000e+00,0.000000000000000000e+00,0.000000000000000000e+00,2.079171440098260746e+02,6.674460949372304697e+01,6.674460949372304697e+01,6.674460949372304697e+01,6.674460949372304697e+01,0.000000000000000000e+00,1.497003436870747635e+02,4.805611883548058927e+01,4.805611883548058927e+01,4.805611883548058927e+01,4.805611883548058927e+01
2.880000000000000000e+03,1.000000000000000000e+00,0.000000000000000000e+00,0.000000000000000000e+00,0.000000000000000000e+00,0.000000000000000000e+00,0.000000000000000000e+00,0.000000000000000000e+00,0.000000000000000000e+00,0.000000000000000000e+00,0.000000000000000000e+00,0.000000000000000000e+00,0.000000000000000000e+00,0.000000000000000000e+00,0.000000000000000000e+00,2.079171440098260746e+02,6.674460949372304697e+01,6.674460949372304697e+01,6.674460949372304697e+01,6.674460949372304697e+01,0.000000000000000000e+00,1.497003436870747635e+02,4.805611883548058927e+01,4.805611883548058927e+01,4.805611883548058927e+01,4.805611883548058927e+01
2.890000000000000000e+03,1.000000000000000000e+00,0.000000000000000000e+00,0.000000000000000000e+00,0.000000000000000000e+00,0.000000000000000000e+00,0.000000000000000000e+00,0.000000000000000000e+00,0.000000000000000000e+00,0.000000000000000000e+00,0.000000000000000000e+00,0.000000000000000000e+00,0.000000000000000000e+00,0.000000000000000000e+00,0.000000000000000000e+00,2.079171440098260746e+02,6.674460949372304697e+01,6.674460949372304697e+01,6.674460949372304697e+01,6.674460949372304697e+01,0.000000000000000000e+00,1.497003436870747635e+02,4.805611883548058927e+01,4.805611883548058927e+01,4.805611883548058927e+01,4.805611883548058927e+01
2.900000000000000000e+03,1.000000000000000000e+00,0.000000000000000000e+00,0.000000000000000000e+00,0.000000000000000000e+00,0.000000000000000000e+00,0.000000000000000000e+00,0.000000000000000000e+00,0.000000000000000000e+00,0.000000000000000000e+00,0.000000000000000000e+00,0.000000000000000000e+00,0.000000000000000000e+00,0.000000000000000000e+00,0.000000000000000000e+00,2.079171440098260746e+02,6.674460949372304697e+01,6.674460949372304697e+01,6.674460949372304697e+01,6.674460949372304697e+01,0.000000000000000000e+00,1.497003436870747635e+02,4.805611883548058927e+01,4.805611883548058927e+01,4.805611883548058927e+01,4.805611883548058927e+01
2.910000000000000000e+03,1.000000000000000000e+00,0.000000000000000000e+00,0.000000000000000000e+00,0.000000000000000000e+00,0.000000000000000000e+00,0.000000000000000000e+00,0.000000000000000000e+00,0.000000000000000000e+00,0.000000000000000000e+00,0.000000000000000000e+00,0.000000000000000000e+00,0.000000000000000000e+00,0.000000000000000000e+00,0.000000000000000000e+00,2.079171440098260746e+02,6.674460949372304697e+01,6.674460949372304697e+01,6.674460949372304697e+01,6.674460949372304697e+01,0.000000000000000000e+00,1.497003436870747635e+02,4.805611883548058927e+01,4.805611883548058927e+01,4.805611883548058927e+01,4.805611883548058927e+01
2.920000000000000000e+03,1.000000000000000000e+00,0.000000000000000000e+00,0.000000000000000000e+00,0.000000000000000000e+00,0.000000000000000000e+00,0.000000000000000000e+00,0.000000000000000000e+00,0.000000000000000000e+00,0.000000000000000000e+00,0.000000000000000000e+00,0.000000000000000000e+00,0.000000000000000000e+00,0.000000000000000000e+00,0.000000000000000000e+00,2.079171440098260746e+02,6.674460949372304697e+01,6.674460949372304697e+01,6.674460949372304697e+01,6.674460949372304697e+01,0.000000000000000000e+00,1.497003436870747635e+02,4.805611883548058927e+01,4.805611883548058927e+01,4.805611883548058927e+01,4.805611883548058927e+01
2.930000000000000000e+03,1.000000000000000000e+00,0.000000000000000000e+00,0.000000000000000000e+00,0.000000000000000000e+00,0.000000000000000000e+00,0.000000000000000000e+00,0.000000000000000000e+00,0.000000000000000000e+00,0.000000000000000000e+00,0.000000000000000000e+00,0.000000000000000000e+00,0.000000000000000000e+00,0.000000000000000000e+00,0.000000000000000000e+00,2.079171440098260746e+02,6.674460949372304697e+01,6.674460949372304697e+01,6.674460949372304697e+01,6.674460949372304697e+01,0.000000000000000000e+00,1.497003436870747635e+02,4.805611883548058927e+01,4.805611883548058927e+01,4.805611883548058927e+01,4.805611883548058927e+01
2.940000000000000000e+03,1.000000000000000000e+00,0.000000000000000000e+00,0.000000000000000000e+00,0.000000000000000000e+00,0.000000000000000000e+00,0.000000000000000000e+00,0.000000000000000000e+00,0.000000000000000000e+00,0.000000000000000000e+00,0.000000000000000000e+00,0.000000000000000000e+00,0.000000000000000000e+00,0.000000000000000000e+00,0.000000000000000000e+00,2.079171440098260746e+02,6.674460949372304697e+01,6.674460949372304697e+01,6.674460949372304697e+01,6.674460949372304697e+01,0.000000000000000000e+00,1.497003436870747635e+02,4.805611883548058927e+01,4.805611883548058927e+01,4.805611883548058927e+01,4.805611883548058927e+01
2.950000000000000000e+03,1.000000000000000000e+00,0.000000000000000000e+00,0.000000000000000000e+00,0.000000000000000000e+00,0.000000000000000000e+00,0.000000000000000000e+00,0.000000000000000000e+00,0.000000000000000000e+00,0.000000000000000000e+00,0.000000000000000000e+00,0.000000000000000000e+00,0.000000000000000000e+00,0.000000000000000000e+00,0.000000000000000000e+00,2.079171440098260746e+02,6.674460949372304697e+01,6.674460949372304697e+01,6.674460949372304697e+01,6.674460949372304697e+01,0.000000000000000000e+00,1.497003436870747635e+02,4.805611883548058927e+01,4.805611883548058927e+01,4.805611883548058927e+01,4.805611883548058927e+01
2.960000000000000000e+03,1.000000000000000000e+00,0.000000000000000000e+00,0.000000000000000000e+00,0.000000000000000000e+00,0.000000000000000000e+00,0.000000000000000000e+00,0.000000000000000000e+00,0.000000000000000000e+00,0.000000000000000000e+00,0.000000000000000000e+00,0.000000000000000000e+00,0.000000000000000000e+00,0.000000000000000000e+00,0.000000000000000000e+00,2.079171440098260746e+02,6.674460949372304697e+01,6.674460949372304697e+01,6.674460949372304697e+01,6.674460949372304697e+01,0.000000000000000000e+00,1.497003436870747635e+02,4.805611883548058927e+01,4.805611883548058927e+01,4.805611883548058927e+01,4.805611883548058927e+01
2.970000000000000000e+03,1.000000000000000000e+00,0.000000000000000000e+00,0.000000000000000000e+00,0.000000000000000000e+00,0.000000000000000000e+00,0.000000000000000000e+00,0.000000000000000000e+00,0.000000000000000000e+00,0.000000000000000000e+00,0.000000000000000000e+00,0.000000000000000000e+00,0.000000000000000000e+00,0.000000000000000000e+00,0.000000000000000000e+00,2.079171440098260746e+02,6.674460949372304697e+01,6.674460949372304697e+01,6.674460949372304697e+01,6.674460949372304697e+01,0.000000000000000000e+00,1.497003436870747635e+02,4.805611883548058927e+01,4.805611883548058927e+01,4.805611883548058927e+01,4.805611883548058927e+01
2.980000000000000000e+03,1.000000000000000000e+00,0.000000000000000000e+00,0.000000000000000000e+00,0.000000000000000000e+00,0.000000000000000000e+00,0.000000000000000000e+00,0.000000000000000000e+00,0.000000000000000000e+00,0.000000000000000000e+00,0.000000000000000000e+00,0.000000000000000000e+00,0.000000000000000000e+00,0.000000000000000000e+00,0.000000000000000000e+00,2.079171440098260746e+02,6.674460949372304697e+01,6.674460949372304697e+01,6.674460949372304697e+01,6.674460949372304697e+01,0.000000000000000000e+00,1.497003436870747635e+02,4.805611883548058927e+01,4.805611883548058927e+01,4.805611883548058927e+01,4.805611883548058927e+01
2.990000000000000000e+03,1.000000000000000000e+00,0.000000000000000000e+00,0.000000000000000000e+00,0.000000000000000000e+00,0.000000000000000000e+00,0.000000000000000000e+00,0.000000000000000000e+00,0.000000000000000000e+00,0.000000000000000000e+00,0.000000000000000000e+00,0.000000000000000000e+00,0.000000000000000000e+00,0.000000000000000000e+00,0.000000000000000000e+00,2.079171440098260746e+02,6.674460949372304697e+01,6.674460949372304697e+01,6.674460949372304697e+01,6.674460949372304697e+01,0.000000000000000000e+00,1.497003436870747635e+02,4.805611883548058927e+01,4.805611883548058927e+01,4.805611883548058927e+01,4.805611883548058927e+01
3.000000000000000000e+03,1.000000000000000000e+00,0.000000000000000000e+00,0.000000000000000000e+00,0.000000000000000000e+00,0.000000000000000000e+00,0.000000000000000000e+00,0.000000000000000000e+00,0.000000000000000000e+00,0.000000000000000000e+00,0.000000000000000000e+00,0.000000000000000000e+00,0.000000000000000000e+00,0.000000000000000000e+00,0.000000000000000000e+00,2.079171440098260746e+02,6.674460949372304697e+01,6.674460949372304697e+01,6.674460949372304697e+01,6.674460949372304697e+01,0.000000000000000000e+00,1.497003436870747635e+02,4.805611883548058927e+01,4.805611883548058927e+01,4.805611883548058927e+01,4.805611883548058927e+01
3.010000000000000000e+03,1.000000000000000000e+00,0.000000000000000000e+00,0.000000000000000000e+00,0.000000000000000000e+00,0.000000000000000000e+00,0.000000000000000000e+00,0.000000000000000000e+00,0.000000000000000000e+00,0.000000000000000000e+00,0.000000000000000000e+00,0.000000000000000000e+00,0.000000000000000000e+00,0.000000000000000000e+00,0.000000000000000000e+00,2.079171440098260746e+02,6.674460949372304697e+01,6.674460949372304697e+01,6.674460949372304697e+01,6.674460949372304697e+01,0.000000000000000000e+00,1.497003436870747635e+02,4.805611883548058927e+01,4.805611883548058927e+01,4.805611883548058927e+01,4.805611883548058927e+01
3.020000000000000000e+03,1.000000000000000000e+00,0.000000000000000000e+00,0.000000000000000000e+00,0.000000000000000000e+00,0.000000000000000000e+00,0.000000000000000000e+00,0.000000000000000000e+00,0.000000000000000000e+00,0.000000000000000000e+00,0.000000000000000000e+00,0.000000000000000000e+00,0.000000000000000000e+00,0.000000000000000000e+00,0.000000000000000000e+00,2.079171440098260746e+02,6.674460949372304697e+01,6.674460949372304697e+01,6.674460949372304697e+01,6.674460949372304697e+01,0.000000000000000000e+00,1.497003436870747635e+02,4.805611883548058927e+01,4.805611883548058927e+01,4.805611883548058927e+01,4.805611883548058927e+01
3.030000000000000000e+03,1.000000000000000000e+00,0.000000000000000000e+00,0.000000000000000000e+00,0.000000000000000000e+00,0.000000000000000000e+00,0.000000000000000000e+00,0.000000000000000000e+00,0.000000000000000000e+00,0.000000000000000000e+00,0.000000000000000000e+00,0.000000000000000000e+00,0.000000000000000000e+00,0.000000000000000000e+00,0.000000000000000000e+00,2.079171440098260746e+02,6.674460949372304697e+01,6.674460949372304697e+01,6.674460949372304697e+01,6.674460949372304697e+01,0.000000000000000000e+00,1.497003436870747635e+02,4.805611883548058927e+01,4.805611883548058927e+01,4.805611883548058927e+01,4.805611883548058927e+01
3.040000000000000000e+03,1.000000000000000000e+00,0.000000000000000000e+00,0.000000000000000000e+00,0.000000000000000000e+00,0.000000000000000000e+00,0.000000000000000000e+00,0.000000000000000000e+00,0.000000000000000000e+00,0.000000000000000000e+00,0.000000000000000000e+00,0.000000000000000000e+00,0.000000000000000000e+00,0.000000000000000000e+00,0.000000000000000000e+00,2.079171440098260746e+02,6.674460949372304697e+01,6.674460949372304697e+01,6.674460949372304697e+01,6.674460949372304697e+01,0.000000000000000000e+00,1.497003436870747635e+02,4.805611883548058927e+01,4.805611883548058927e+01,4.805611883548058927e+01,4.805611883548058927e+01
3.050000000000000000e+03,1.000000000000000000e+00,0.000000000000000000e+00,0.000000000000000000e+00,0.000000000000000000e+00,0.000000000000000000e+00,0.000000000000000000e+00,0.000000000000000000e+00,0.000000000000000000e+00,0.000000000000000000e+00,0.000000000000000000e+00,0.000000000000000000e+00,0.000000000000000000e+00,0.000000000000000000e+00,0.000000000000000000e+00,2.079171440098260746e+02,6.674460949372304697e+01,6.674460949372304697e+01,6.674460949372304697e+01,6.674460949372304697e+01,0.000000000000000000e+00,1.497003436870747635e+02,4.805611883548058927e+01,4.805611883548058927e+01,4.805611883548058927e+01,4.805611883548058927e+01
3.060000000000000000e+03,1.000000000000000000e+00,0.000000000000000000e+00,0.000000000000000000e+00,0.000000000000000000e+00,0.000000000000000000e+00,0.000000000000000000e+00,0.000000000000000000e+00,0.000000000000000000e+00,0.000000000000000000e+00,0.000000000000000000e+00,0.000000000000000000e+00,0.000000000000000000e+00,0.000000000000000000e+00,0.000000000000000000e+00,2.079171440098260746e+02,6.674460949372304697e+01,6.674460949372304697e+01,6.674460949372304697e+01,6.674460949372304697e+01,0.000000000000000000e+00,1.497003436870747635e+02,4.805611883548058927e+01,4.805611883548058927e+01,4.805611883548058927e+01,4.805611883548058927e+01
3.070000000000000000e+03,1.000000000000000000e+00,0.000000000000000000e+00,0.000000000000000000e+00,0.000000000000000000e+00,0.000000000000000000e+00,0.000000000000000000e+00,0.000000000000000000e+00,0.000000000000000000e+00,0.000000000000000000e+00,0.000000000000000000e+00,0.000000000000000000e+00,0.000000000000000000e+00,0.000000000000000000e+00,0.000000000000000000e+00,2.079171440098260746e+02,6.674460949372304697e+01,6.674460949372304697e+01,6.674460949372304697e+01,6.674460949372304697e+01,0.000000000000000000e+00,1.497003436870747635e+02,4.805611883548058927e+01,4.805611883548058927e+01,4.805611883548058927e+01,4.805611883548058927e+01
3.080000000000000000e+03,1.000000000000000000e+00,0.000000000000000000e+00,0.000000000000000000e+00,0.000000000000000000e+00,0.000000000000000000e+00,0.000000000000000000e+00,0.000000000000000000e+00,0.000000000000000000e+00,0.000000000000000000e+00,0.000000000000000000e+00,0.000000000000000000e+00,0.000000000000000000e+00,0.000000000000000000e+00,0.000000000000000000e+00,2.079171440098260746e+02,6.674460949372304697e+01,6.674460949372304697e+01,6.674460949372304697e+01,6.674460949372304697e+01,0.000000000000000000e+00,1.497003436870747635e+02,4.805611883548058927e+01,4.805611883548058927e+01,4.805611883548058927e+01,4.805611883548058927e+01
3.090000000000000000e+03,1.000000000000000000e+00,0.000000000000000000e+00,0.000000000000000000e+00,0.000000000000000000e+00,0.000000000000000000e+00,0.000000000000000000e+00,0.000000000000000000e+00,0.000000000000000000e+00,0.000000000000000000e+00,0.000000000000000000e+00,0.000000000000000000e+00,0.000000000000000000e+00,0.000000000000000000e+00,0.000000000000000000e+00,2.079171440098260746e+02,6.674460949372304697e+01,6.674460949372304697e+01,6.674460949372304697e+01,6.674460949372304697e+01,0.000000000000000000e+00,1.497003436870747635e+02,4.805611883548058927e+01,4.805611883548058927e+01,4.805611883548058927e+01,4.805611883548058927e+01
3.100000000000000000e+03,1.000000000000000000e+00,0.000000000000000000e+00,0.000000000000000000e+00,0.000000000000000000e+00,0.000000000000000000e+00,0.000000000000000000e+00,0.000000000000000000e+00,0.000000000000000000e+00,0.000000000000000000e+00,0.000000000000000000e+00,0.000000000000000000e+00,0.000000000000000000e+00,0.000000000000000000e+00,0.000000000000000000e+00,2.079171440098260746e+02,6.674460949372304697e+01,6.674460949372304697e+01,6.674460949372304697e+01,6.674460949372304697e+01,0.000000000000000000e+00,1.497003436870747635e+02,4.805611883548058927e+01,4.805611883548058927e+01,4.805611883548058927e+01,4.805611883548058927e+01
3.110000000000000000e+03,1.000000000000000000e+00,0.000000000000000000e+00,0.000000000000000000e+00,0.000000000000000000e+00,0.000000000000000000e+00,0.000000000000000000e+00,0.000000000000000000e+00,0.000000000000000000e+00,0.000000000000000000e+00,0.000000000000000000e+00,0.000000000000000000e+00,0.000000000000000000e+00,0.000000000000000000e+00,0.000000000000000000e+00,2.079171440098260746e+02,6.674460949372304697e+01,6.674460949372304697e+01,6.674460949372304697e+01,6.674460949372304697e+01,0.000000000000000000e+00,1.497003436870747635e+02,4.805611883548058927e+01,4.805611883548058927e+01,4.805611883548058927e+01,4.805611883548058927e+01
3.120000000000000000e+03,1.000000000000000000e+00,0.000000000000000000e+00,0.000000000000000000e+00,0.000000000000000000e+00,0.000000000000000000e+00,0.000000000000000000e+00,0.000000000000000000e+00,0.000000000000000000e+00,0.000000000000000000e+00,0.000000000000000000e+00,0.000000000000000000e+00,0.000000000000000000e+00,0.000000000000000000e+00,0.000000000000000000e+00,2.079171440098260746e+02,6.674460949372304697e+01,6.674460949372304697e+01,6.674460949372304697e+01,6.674460949372304697e+01,0.000000000000000000e+00,1.497003436870747635e+02,4.805611883548058927e+01,4.805611883548058927e+01,4.805611883548058927e+01,4.805611883548058927e+01
3.130000000000000000e+03,1.000000000000000000e+00,0.000000000000000000e+00,0.000000000000000000e+00,0.000000000000000000e+00,0.000000000000000000e+00,0.000000000000000000e+00,0.000000000000000000e+00,0.000000000000000000e+00,0.000000000000000000e+00,0.000000000000000000e+00,0.000000000000000000e+00,0.000000000000000000e+00,0.000000000000000000e+00,0.000000000000000000e+00,2.079171440098260746e+02,6.674460949372304697e+01,6.674460949372304697e+01,6.674460949372304697e+01,6.674460949372304697e+01,0.000000000000000000e+00,1.497003436870747635e+02,4.805611883548058927e+01,4.805611883548058927e+01,4.805611883548058927e+01,4.805611883548058927e+01
3.140000000000000000e+03,1.000000000000000000e+00,0.000000000000000000e+00,0.000000000000000000e+00,0.000000000000000000e+00,0.000000000000000000e+00,0.000000000000000000e+00,0.000000000000000000e+00,0.000000000000000000e+00,0.000000000000000000e+00,0.000000000000000000e+00,0.000000000000000000e+00,0.000000000000000000e+00,0.000000000000000000e+00,0.000000000000000000e+00,2.079171440098260746e+02,6.674460949372304697e+01,6.674460949372304697e+01,6.674460949372304697e+01,6.674460949372304697e+01,0.000000000000000000e+00,1.497003436870747635e+02,4.805611883548058927e+01,4.805611883548058927e+01,4.805611883548058927e+01,4.805611883548058927e+01
3.150000000000000000e+03,1.000000000000000000e+00,0.000000000000000000e+00,0.000000000000000000e+00,0.000000000000000000e+00,0.000000000000000000e+00,0.000000000000000000e+00,0.000000000000000000e+00,0.000000000000000000e+00,0.000000000000000000e+00,0.000000000000000000e+00,0.000000000000000000e+00,0.000000000000000000e+00,0.000000000000000000e+00,0.000000000000000000e+00,2.079171440098260746e+02,6.674460949372304697e+01,6.674460949372304697e+01,6.674460949372304697e+01,6.674460949372304697e+01,0.000000000000000000e+00,1.497003436870747635e+02,4.805611883548058927e+01,4.805611883548058927e+01,4.805611883548058927e+01,4.805611883548058927e+01
3.160000000000000000e+03,1.000000000000000000e+00,0.000000000000000000e+00,0.000000000000000000e+00,0.000000000000000000e+00,0.000000000000000000e+00,0.000000000000000000e+00,0.000000000000000000e+00,0.000000000000000000e+00,0.000000000000000000e+00,0.000000000000000000e+00,0.000000000000000000e+00,0.000000000000000000e+00,0.000000000000000000e+00,0.000000000000000000e+00,2.079171440098260746e+02,6.674460949372304697e+01,6.674460949372304697e+01,6.674460949372304697e+01,6.674460949372304697e+01,0.000000000000000000e+00,1.497003436870747635e+02,4.805611883548058927e+01,4.805611883548058927e+01,4.805611883548058927e+01,4.805611883548058927e+01
3.170000000000000000e+03,1.000000000000000000e+00,0.000000000000000000e+00,0.000000000000000000e+00,0.000000000000000000e+00,0.000000000000000000e+00,0.000000000000000000e+00,0.000000000000000000e+00,0.000000000000000000e+00,0.000000000000000000e+00,0.000000000000000000e+00,0.000000000000000000e+00,0.000000000000000000e+00,0.000000000000000000e+00,0.000000000000000000e+00,2.079171440098260746e+02,6.674460949372304697e+01,6.674460949372304697e+01,6.674460949372304697e+01,6.674460949372304697e+01,0.000000000000000000e+00,1.497003436870747635e+02,4.805611883548058927e+01,4.805611883548058927e+01,4.805611883548058927e+01,4.805611883548058927e+01
3.180000000000000000e+03,1.000000000000000000e+00,0.000000000000000000e+00,0.000000000000000000e+00,0.000000000000000000e+00,0.000000000000000000e+00,0.000000000000000000e+00,0.000000000000000000e+00,0.000000000000000000e+00,0.000000000000000000e+00,0.000000000000000000e+00,0.000000000000000000e+00,0.000000000000000000e+00,0.000000000000000000e+00,0.000000000000000000e+00,2.079171440098260746e+02,6.674460949372304697e+01,6.674460949372304697e+01,6.674460949372304697e+01,6.674460949372304697e+01,0.000000000000000000e+00,1.497003436870747635e+02,4.805611883548058927e+01,4.805611883548058927e+01,4.805611883548058927e+01,4.805611883548058927e+01
3.190000000000000000e+03,1.000000000000000000e+00,0.000000000000000000e+00,0.000000000000000000e+00,0.000000000000000000e+00,0.000000000000000000e+00,0.000000000000000000e+00,0.000000000000000000e+00,0.000000000000000000e+00,0.000000000000000000e+00,0.000000000000000000e+00,0.000000000000000000e+00,0.000000000000000000e+00,0.000000000000000000e+00,0.000000000000000000e+00,2.079171440098260746e+02,6.674460949372304697e+01,6.674460949372304697e+01,6.674460949372304697e+01,6.674460949372304697e+01,0.000000000000000000e+00,1.497003436870747635e+02,4.805611883548058927e+01,4.805611883548058927e+01,4.805611883548058927e+01,4.805611883548058927e+01
3.200000000000000000e+03,1.000000000000000000e+00,0.000000000000000000e+00,0.000000000000000000e+00,0.000000000000000000e+00,0.000000000000000000e+00,0.000000000000000000e+00,0.000000000000000000e+00,0.000000000000000000e+00,0.000000000000000000e+00,0.000000000000000000e+00,0.000000000000000000e+00,0.000000000000000000e+00,0.000000000000000000e+00,0.000000000000000000e+00,2.079171440098260746e+02,6.674460949372304697e+01,6.674460949372304697e+01,6.674460949372304697e+01,6.674460949372304697e+01,0.000000000000000000e+00,1.497003436870747635e+02,4.805611883548058927e+01,4.805611883548058927e+01,4.805611883548058927e+01,4.805611883548058927e+01
3.210000000000000000e+03,1.000000000000000000e+00,0.000000000000000000e+00,0.000000000000000000e+00,0.000000000000000000e+00,0.000000000000000000e+00,0.000000000000000000e+00,0.000000000000000000e+00,0.000000000000000000e+00,0.000000000000000000e+00,0.000000000000000000e+00,0.000000000000000000e+00,0.000000000000000000e+00,0.000000000000000000e+00,0.000000000000000000e+00,2.079171440098260746e+02,6.674460949372304697e+01,6.674460949372304697e+01,6.674460949372304697e+01,6.674460949372304697e+01,0.000000000000000000e+00,1.497003436870747635e+02,4.805611883548058927e+01,4.805611883548058927e+01,4.805611883548058927e+01,4.805611883548058927e+01
3.220000000000000000e+03,1.000000000000000000e+00,0.000000000000000000e+00,0.000000000000000000e+00,0.000000000000000000e+00,0.000000000000000000e+00,0.000000000000000000e+00,0.000000000000000000e+00,0.000000000000000000e+00,0.000000000000000000e+00,0.000000000000000000e+00,0.000000000000000000e+00,0.000000000000000000e+00,0.000000000000000000e+00,0.000000000000000000e+00,2.079171440098260746e+02,6.674460949372304697e+01,6.674460949372304697e+01,6.674460949372304697e+01,6.674460949372304697e+01,0.000000000000000000e+00,1.497003436870747635e+02,4.805611883548058927e+01,4.805611883548058927e+01,4.805611883548058927e+01,4.805611883548058927e+01
3.230000000000000000e+03,1.000000000000000000e+00,0.000000000000000000e+00,0.000000000000000000e+00,0.000000000000000000e+00,0.000000000000000000e+00,0.000000000000000000e+00,0.000000000000000000e+00,0.000000000000000000e+00,0.000000000000000000e+00,0.000000000000000000e+00,0.000000000000000000e+00,0.000000000000000000e+00,0.000000000000000000e+00,0.000000000000000000e+00,2.079171440098260746e+02,6.674460949372304697e+01,6.674460949372304697e+01,6.674460949372304697e+01,6.674460949372304697e+01,0.000000000000000000e+00,1.497003436870747635e+02,4.805611883548058927e+01,4.805611883548058927e+01,4.805611883548058927e+01,4.805611883548058927e+01
3.240000000000000000e+03,1.000000000000000000e+00,0.000000000000000000e+00,0.000000000000000000e+00,0.000000000000000000e+00,0.000000000000000000e+00,0.000000000000000000e+00,0.000000000000000000e+00,0.000000000000000000e+00,0.000000000000000000e+00,0.000000000000000000e+00,0.000000000000000000e+00,0.000000000000000000e+00,0.000000000000000000e+00,0.000000000000000000e+00,2.079171440098260746e+02,6.674460949372304697e+01,6.674460949372304697e+01,6.674460949372304697e+01,6.674460949372304697e+01,0.000000000000000000e+00,1.497003436870747635e+02,4.805611883548058927e+01,4.805611883548058927e+01,4.805611883548058927e+01,4.805611883548058927e+01
3.250000000000000000e+03,1.000000000000000000e+00,0.000000000000000000e+00,0.000000000000000000e+00,0.000000000000000000e+00,0.000000000000000000e+00,0.000000000000000000e+00,0.000000000000000000e+00,0.000000000000000000e+00,0.000000000000000000e+00,0.000000000000000000e+00,0.000000000000000000e+00,0.000000000000000000e+00,0.000000000000000000e+00,0.000000000000000000e+00,2.079171440098260746e+02,6.674460949372304697e+01,6.674460949372304697e+01,6.674460949372304697e+01,6.674460949372304697e+01,0.000000000000000000e+00,1.497003436870747635e+02,4.805611883548058927e+01,4.805611883548058927e+01,4.805611883548058927e+01,4.805611883548058927e+01
3.260000000000000000e+03,1.000000000000000000e+00,0.000000000000000000e+00,0.000000000000000000e+00,0.000000000000000000e+00,0.000000000000000000e+00,0.000000000000000000e+00,0.000000000000000000e+00,0.000000000000000000e+00,0.000000000000000000e+00,0.000000000000000000e+00,0.000000000000000000e+00,0.000000000000000000e+00,0.000000000000000000e+00,0.000000000000000000e+00,2.079171440098260746e+02,6.674460949372304697e+01,6.674460949372304697e+01,6.674460949372304697e+01,6.674460949372304697e+01,0.000000000000000000e+00,1.497003436870747635e+02,4.805611883548058927e+01,4.805611883548058927e+01,4.805611883548058927e+01,4.805611883548058927e+01
3.270000000000000000e+03,1.000000000000000000e+00,0.000000000000000000e+00,0.000000000000000000e+00,0.000000000000000000e+00,0.000000000000000000e+00,0.000000000000000000e+00,0.000000000000000000e+00,0.000000000000000000e+00,0.000000000000000000e+00,0.000000000000000000e+00,0.000000000000000000e+00,0.000000000000000000e+00,0.000000000000000000e+00,0.000000000000000000e+00,2.079171440098260746e+02,6.674460949372304697e+01,6.674460949372304697e+01,6.674460949372304697e+01,6.674460949372304697e+01,0.000000000000000000e+00,1.497003436870747635e+02,4.805611883548058927e+01,4.805611883548058927e+01,4.805611883548058927e+01,4.805611883548058927e+01
3.280000000000000000e+03,1.000000000000000000e+00,0.000000000000000000e+00,0.000000000000000000e+00,0.000000000000000000e+00,0.000000000000000000e+00,0.000000000000000000e+00,0.000000000000000000e+00,0.000000000000000000e+00,0.000000000000000000e+00,0.000000000000000000e+00,0.000000000000000000e+00,0.000000000000000000e+00,0.000000000000000000e+00,0.000000000000000000e+00,2.079171440098260746e+02,6.674460949372304697e+01,6.674460949372304697e+01,6.674460949372304697e+01,6.674460949372304697e+01,0.000000000000000000e+00,1.497003436870747635e+02,4.805611883548058927e+01,4.805611883548058927e+01,4.805611883548058927e+01,4.805611883548058927e+01
3.290000000000000000e+03,1.000000000000000000e+00,0.000000000000000000e+00,0.000000000000000000e+00,0.000000000000000000e+00,0.000000000000000000e+00,0.000000000000000000e+00,0.000000000000000000e+00,0.000000000000000000e+00,0.000000000000000000e+00,0.000000000000000000e+00,0.000000000000000000e+00,0.000000000000000000e+00,0.000000000000000000e+00,0.000000000000000000e+00,2.079171440098260746e+02,6.674460949372304697e+01,6.674460949372304697e+01,6.674460949372304697e+01,6.674460949372304697e+01,0.000000000000000000e+00,1.497003436870747635e+02,4.805611883548058927e+01,4.805611883548058927e+01,4.805611883548058927e+01,4.805611883548058927e+01
3.300000000000000000e+03,1.000000000000000000e+00,0.000000000000000000e+00,0.000000000000000000e+00,0.000000000000000000e+00,0.000000000000000000e+00,0.000000000000000000e+00,0.000000000000000000e+00,0.000000000000000000e+00,0.000000000000000000e+00,0.000000000000000000e+00,0.000000000000000000e+00,0.000000000000000000e+00,0.000000000000000000e+00,0.000000000000000000e+00,2.079171440098260746e+02,6.674460949372304697e+01,6.674460949372304697e+01,6.674460949372304697e+01,6.674460949372304697e+01,0.000000000000000000e+00,1.497003436870747635e+02,4.805611883548058927e+01,4.805611883548058927e+01,4.805611883548058927e+01,4.805611883548058927e+01
3.310000000000000000e+03,1.000000000000000000e+00,0.000000000000000000e+00,0.000000000000000000e+00,0.000000000000000000e+00,0.000000000000000000e+00,0.000000000000000000e+00,0.000000000000000000e+00,0.000000000000000000e+00,0.000000000000000000e+00,0.000000000000000000e+00,0.000000000000000000e+00,0.000000000000000000e+00,0.000000000000000000e+00,0.000000000000000000e+00,2.079171440098260746e+02,6.674460949372304697e+01,6.674460949372304697e+01,6.674460949372304697e+01,6.674460949372304697e+01,0.000000000000000000e+00,1.497003436870747635e+02,4.805611883548058927e+01,4.805611883548058927e+01,4.805611883548058927e+01,4.805611883548058927e+01
3.320000000000000000e+03,1.000000000000000000e+00,0.000000000000000000e+00,0.000000000000000000e+00,0.000000000000000000e+00,0.000000000000000000e+00,0.000000000000000000e+00,0.000000000000000000e+00,0.000000000000000000e+00,0.000000000000000000e+00,0.000000000000000000e+00,0.000000000000000000e+00,0.000000000000000000e+00,0.000000000000000000e+00,0.000000000000000000e+00,2.079171440098260746e+02,6.674460949372304697e+01,6.674460949372304697e+01,6.674460949372304697e+01,6.674460949372304697e+01,0.000000000000000000e+00,1.497003436870747635e+02,4.805611883548058927e+01,4.805611883548058927e+01,4.805611883548058927e+01,4.805611883548058927e+01
3.330000000000000000e+03,1.000000000000000000e+00,0.000000000000000000e+00,0.000000000000000000e+00,0.000000000000000000e+00,0.000000000000000000e+00,0.000000000000000000e+00,0.000000000000000000e+00,0.000000000000000000e+00,0.000000000000000000e+00,0.000000000000000000e+00,0.000000000000000000e+00,0.000000000000000000e+00,0.000000000000000000e+00,0.000000000000000000e+00,2.079171440098260746e+02,6.674460949372304697e+01,6.674460949372304697e+01,6.674460949372304697e+01,6.674460949372304697e+01,0.000000000000000000e+00,1.497003436870747635e+02,4.805611883548058927e+01,4.805611883548058927e+01,4.805611883548058927e+01,4.805611883548058927e+01
3.340000000000000000e+03,1.000000000000000000e+00,0.000000000000000000e+00,0.000000000000000000e+00,0.000000000000000000e+00,0.000000000000000000e+00,0.000000000000000000e+00,0.000000000000000000e+00,0.000000000000000000e+00,0.000000000000000000e+00,0.000000000000000000e+00,0.000000000000000000e+00,0.000000000000000000e+00,0.000000000000000000e+00,0.000000000000000000e+00,2.079171440098260746e+02,6.674460949372304697e+01,6.674460949372304697e+01,6.674460949372304697e+01,6.674460949372304697e+01,0.000000000000000000e+00,1.497003436870747635e+02,4.805611883548058927e+01,4.805611883548058927e+01,4.805611883548058927e+01,4.805611883548058927e+01
3.350000000000000000e+03,1.000000000000000000e+00,0.000000000000000000e+00,0.000000000000000000e+00,0.000000000000000000e+00,0.000000000000000000e+00,0.000000000000000000e+00,0.000000000000000000e+00,0.000000000000000000e+00,0.000000000000000000e+00,0.000000000000000000e+00,0.000000000000000000e+00,0.000000000000000000e+00,0.000000000000000000e+00,0.000000000000000000e+00,2.079171440098260746e+02,6.674460949372304697e+01,6.674460949372304697e+01,6.674460949372304697e+01,6.674460949372304697e+01,0.000000000000000000e+00,1.497003436870747635e+02,4.805611883548058927e+01,4.805611883548058927e+01,4.805611883548058927e+01,4.805611883548058927e+01
3.360000000000000000e+03,1.000000000000000000e+00,0.000000000000000000e+00,0.000000000000000000e+00,0.000000000000000000e+00,0.000000000000000000e+00,0.000000000000000000e+00,0.000000000000000000e+00,0.000000000000000000e+00,0.000000000000000000e+00,0.000000000000000000e+00,0.000000000000000000e+00,0.000000000000000000e+00,0.000000000000000000e+00,0.000000000000000000e+00,2.079171440098260746e+02,6.674460949372304697e+01,6.674460949372304697e+01,6.674460949372304697e+01,6.674460949372304697e+01,0.000000000000000000e+00,1.497003436870747635e+02,4.805611883548058927e+01,4.805611883548058927e+01,4.805611883548058927e+01,4.805611883548058927e+01
3.370000000000000000e+03,1.000000000000000000e+00,0.000000000000000000e+00,0.000000000000000000e+00,0.000000000000000000e+00,0.000000000000000000e+00,0.000000000000000000e+00,0.000000000000000000e+00,0.000000000000000000e+00,0.000000000000000000e+00,0.000000000000000000e+00,0.000000000000000000e+00,0.000000000000000000e+00,0.000000000000000000e+00,0.000000000000000000e+00,2.079171440098260746e+02,6.674460949372304697e+01,6.674460949372304697e+01,6.674460949372304697e+01,6.674460949372304697e+01,0.000000000000000000e+00,1.497003436870747635e+02,4.805611883548058927e+01,4.805611883548058927e+01,4.805611883548058927e+01,4.805611883548058927e+01
3.380000000000000000e+03,1.000000000000000000e+00,0.000000000000000000e+00,0.000000000000000000e+00,0.000000000000000000e+00,0.000000000000000000e+00,0.000000000000000000e+00,0.000000000000000000e+00,0.000000000000000000e+00,0.000000000000000000e+00,0.000000000000000000e+00,0.000000000000000000e+00,0.000000000000000000e+00,0.000000000000000000e+00,0.000000000000000000e+00,2.079171440098260746e+02,6.674460949372304697e+01,6.674460949372304697e+01,6.674460949372304697e+01,6.674460949372304697e+01,0.000000000000000000e+00,1.497003436870747635e+02,4.805611883548058927e+01,4.805611883548058927e+01,4.805611883548058927e+01,4.805611883548058927e+01
3.390000000000000000e+03,1.000000000000000000e+00,0.000000000000000000e+00,0.000000000000000000e+00,0.000000000000000000e+00,0.000000000000000000e+00,0.000000000000000000e+00,0.000000000000000000e+00,0.000000000000000000e+00,0.000000000000000000e+00,0.000000000000000000e+00,0.000000000000000000e+00,0.000000000000000000e+00,0.000000000000000000e+00,0.000000000000000000e+00,2.079171440098260746e+02,6.674460949372304697e+01,6.674460949372304697e+01,6.674460949372304697e+01,6.674460949372304697e+01,0.000000000000000000e+00,1.497003436870747635e+02,4.805611883548058927e+01,4.805611883548058927e+01,4.805611883548058927e+01,4.805611883548058927e+01
3.400000000000000000e+03,1.000000000000000000e+00,0.000000000000000000e+00,0.000000000000000000e+00,0.000000000000000000e+00,0.000000000000000000e+00,0.000000000000000000e+00,0.000000000000000000e+00,0.000000000000000000e+00,0.000000000000000000e+00,0.000000000000000000e+00,0.000000000000000000e+00,0.000000000000000000e+00,0.000000000000000000e+00,0.000000000000000000e+00,2.079171440098260746e+02,6.674460949372304697e+01,6.674460949372304697e+01,6.674460949372304697e+01,6.674460949372304697e+01,0.000000000000000000e+00,1.497003436870747635e+02,4.805611883548058927e+01,4.805611883548058927e+01,4.805611883548058927e+01,4.805611883548058927e+01
3.410000000000000000e+03,1.000000000000000000e+00,0.000000000000000000e+00,0.000000000000000000e+00,0.000000000000000000e+00,0.000000000000000000e+00,0.000000000000000000e+00,0.000000000000000000e+00,0.000000000000000000e+00,0.000000000000000000e+00,0.000000000000000000e+00,0.000000000000000000e+00,0.000000000000000000e+00,0.000000000000000000e+00,0.000000000000000000e+00,2.079171440098260746e+02,6.674460949372304697e+01,6.674460949372304697e+01,6.674460949372304697e+01,6.674460949372304697e+01,0.000000000000000000e+00,1.497003436870747635e+02,4.805611883548058927e+01,4.805611883548058927e+01,4.805611883548058927e+01,4.805611883548058927e+01
3.420000000000000000e+03,1.000000000000000000e+00,0.000000000000000000e+00,0.000000000000000000e+00,0.000000000000000000e+00,0.000000000000000000e+00,0.000000000000000000e+00,0.000000000000000000e+00,0.000000000000000000e+00,0.000000000000000000e+00,0.000000000000000000e+00,0.000000000000000000e+00,0.000000000000000000e+00,0.000000000000000000e+00,0.000000000000000000e+00,2.079171440098260746e+02,6.674460949372304697e+01,6.674460949372304697e+01,6.674460949372304697e+01,6.674460949372304697e+01,0.000000000000000000e+00,1.497003436870747635e+02,4.805611883548058927e+01,4.805611883548058927e+01,4.805611883548058927e+01,4.805611883548058927e+01
3.430000000000000000e+03,1.000000000000000000e+00,0.000000000000000000e+00,0.000000000000000000e+00,0.000000000000000000e+00,0.000000000000000000e+00,0.000000000000000000e+00,0.000000000000000000e+00,0.000000000000000000e+00,0.000000000000000000e+00,0.000000000000000000e+00,0.000000000000000000e+00,0.000000000000000000e+00,0.000000000000000000e+00,0.000000000000000000e+00,2.079171440098260746e+02,6.674460949372304697e+01,6.674460949372304697e+01,6.674460949372304697e+01,6.674460949372304697e+01,0.000000000000000000e+00,1.497003436870747635e+02,4.805611883548058927e+01,4.805611883548058927e+01,4.805611883548058927e+01,4.805611883548058927e+01
3.440000000000000000e+03,1.000000000000000000e+00,0.000000000000000000e+00,0.000000000000000000e+00,0.000000000000000000e+00,0.000000000000000000e+00,0.000000000000000000e+00,0.000000000000000000e+00,0.000000000000000000e+00,0.000000000000000000e+00,0.000000000000000000e+00,0.000000000000000000e+00,0.000000000000000000e+00,0.000000000000000000e+00,0.000000000000000000e+00,2.079171440098260746e+02,6.674460949372304697e+01,6.674460949372304697e+01,6.674460949372304697e+01,6.674460949372304697e+01,0.000000000000000000e+00,1.497003436870747635e+02,4.805611883548058927e+01,4.805611883548058927e+01,4.805611883548058927e+01,4.805611883548058927e+01
3.450000000000000000e+03,1.000000000000000000e+00,0.000000000000000000e+00,0.000000000000000000e+00,0.000000000000000000e+00,0.000000000000000000e+00,0.000000000000000000e+00,0.000000000000000000e+00,0.000000000000000000e+00,0.000000000000000000e+00,0.000000000000000000e+00,0.000000000000000000e+00,0.000000000000000000e+00,0.000000000000000000e+00,0.000000000000000000e+00,2.079171440098260746e+02,6.674460949372304697e+01,6.674460949372304697e+01,6.674460949372304697e+01,6.674460949372304697e+01,0.000000000000000000e+00,1.497003436870747635e+02,4.805611883548058927e+01,4.805611883548058927e+01,4.805611883548058927e+01,4.805611883548058927e+01
3.460000000000000000e+03,1.000000000000000000e+00,0.000000000000000000e+00,0.000000000000000000e+00,0.000000000000000000e+00,0.000000000000000000e+00,0.000000000000000000e+00,0.000000000000000000e+00,0.000000000000000000e+00,0.000000000000000000e+00,0.000000000000000000e+00,0.000000000000000000e+00,0.000000000000000000e+00,0.000000000000000000e+00,0.000000000000000000e+00,2.079171440098260746e+02,6.674460949372304697e+01,6.674460949372304697e+01,6.674460949372304697e+01,6.674460949372304697e+01,0.000000000000000000e+00,1.497003436870747635e+02,4.805611883548058927e+01,4.805611883548058927e+01,4.805611883548058927e+01,4.805611883548058927e+01
3.470000000000000000e+03,1.000000000000000000e+00,0.000000000000000000e+00,0.000000000000000000e+00,0.000000000000000000e+00,0.000000000000000000e+00,0.000000000000000000e+00,0.000000000000000000e+00,0.000000000000000000e+00,0.000000000000000000e+00,0.000000000000000000e+00,0.000000000000000000e+00,0.000000000000000000e+00,0.000000000000000000e+00,0.000000000000000000e+00,2.079171440098260746e+02,6.674460949372304697e+01,6.674460949372304697e+01,6.674460949372304697e+01,6.674460949372304697e+01,0.000000000000000000e+00,1.497003436870747635e+02,4.805611883548058927e+01,4.805611883548058927e+01,4.805611883548058927e+01,4.805611883548058927e+01
3.480000000000000000e+03,1.000000000000000000e+00,0.000000000000000000e+00,0.000000000000000000e+00,0.000000000000000000e+00,0.000000000000000000e+00,0.000000000000000000e+00,0.000000000000000000e+00,0.000000000000000000e+00,0.000000000000000000e+00,0.000000000000000000e+00,0.000000000000000000e+00,0.000000000000000000e+00,0.000000000000000000e+00,0.000000000000000000e+00,2.079171440098260746e+02,6.674460949372304697e+01,6.674460949372304697e+01,6.674460949372304697e+01,6.674460949372304697e+01,0.000000000000000000e+00,1.497003436870747635e+02,4.805611883548058927e+01,4.805611883548058927e+01,4.805611883548058927e+01,4.805611883548058927e+01
3.490000000000000000e+03,1.000000000000000000e+00,0.000000000000000000e+00,0.000000000000000000e+00,0.000000000000000000e+00,0.000000000000000000e+00,0.000000000000000000e+00,0.000000000000000000e+00,0.000000000000000000e+00,0.000000000000000000e+00,0.000000000000000000e+00,0.000000000000000000e+00,0.000000000000000000e+00,0.000000000000000000e+00,0.000000000000000000e+00,2.079171440098260746e+02,6.674460949372304697e+01,6.674460949372304697e+01,6.674460949372304697e+01,6.674460949372304697e+01,0.000000000000000000e+00,1.497003436870747635e+02,4.805611883548058927e+01,4.805611883548058927e+01,4.805611883548058927e+01,4.805611883548058927e+01
3.500000000000000000e+03,1.000000000000000000e+00,0.000000000000000000e+00,0.000000000000000000e+00,0.000000000000000000e+00,0.000000000000000000e+00,0.000000000000000000e+00,0.000000000000000000e+00,0.000000000000000000e+00,0.000000000000000000e+00,0.000000000000000000e+00,0.000000000000000000e+00,0.000000000000000000e+00,0.000000000000000000e+00,0.000000000000000000e+00,2.079171440098260746e+02,6.674460949372304697e+01,6.674460949372304697e+01,6.674460949372304697e+01,6.674460949372304697e+01,0.000000000000000000e+00,1.497003436870747635e+02,4.805611883548058927e+01,4.805611883548058927e+01,4.805611883548058927e+01,4.805611883548058927e+01
3.510000000000000000e+03,1.000000000000000000e+00,0.000000000000000000e+00,0.000000000000000000e+00,0.000000000000000000e+00,0.000000000000000000e+00,0.000000000000000000e+00,0.000000000000000000e+00,0.000000000000000000e+00,0.000000000000000000e+00,0.000000000000000000e+00,0.000000000000000000e+00,0.000000000000000000e+00,0.000000000000000000e+00,0.000000000000000000e+00,2.079171440098260746e+02,6.674460949372304697e+01,6.674460949372304697e+01,6.674460949372304697e+01,6.674460949372304697e+01,0.000000000000000000e+00,1.497003436870747635e+02,4.805611883548058927e+01,4.805611883548058927e+01,4.805611883548058927e+01,4.805611883548058927e+01
3.520000000000000000e+03,1.000000000000000000e+00,0.000000000000000000e+00,0.000000000000000000e+00,0.000000000000000000e+00,0.000000000000000000e+00,0.000000000000000000e+00,0.000000000000000000e+00,0.000000000000000000e+00,0.000000000000000000e+00,0.000000000000000000e+00,0.000000000000000000e+00,0.000000000000000000e+00,0.000000000000000000e+00,0.000000000000000000e+00,2.079171440098260746e+02,6.674460949372304697e+01,6.674460949372304697e+01,6.674460949372304697e+01,6.674460949372304697e+01,0.000000000000000000e+00,1.497003436870747635e+02,4.805611883548058927e+01,4.805611883548058927e+01,4.805611883548058927e+01,4.805611883548058927e+01
3.530000000000000000e+03,1.000000000000000000e+00,0.000000000000000000e+00,0.000000000000000000e+00,0.000000000000000000e+00,0.000000000000000000e+00,0.000000000000000000e+00,0.000000000000000000e+00,0.000000000000000000e+00,0.000000000000000000e+00,0.000000000000000000e+00,0.000000000000000000e+00,0.000000000000000000e+00,0.000000000000000000e+00,0.000000000000000000e+00,2.079171440098260746e+02,6.674460949372304697e+01,6.674460949372304697e+01,6.674460949372304697e+01,6.674460949372304697e+01,0.000000000000000000e+00,1.497003436870747635e+02,4.805611883548058927e+01,4.805611883548058927e+01,4.805611883548058927e+01,4.805611883548058927e+01
3.540000000000000000e+03,1.000000000000000000e+00,0.000000000000000000e+00,0.000000000000000000e+00,0.000000000000000000e+00,0.000000000000000000e+00,0.000000000000000000e+00,0.000000000000000000e+00,0.000000000000000000e+00,0.000000000000000000e+00,0.000000000000000000e+00,0.000000000000000000e+00,0.000000000000000000e+00,0.000000000000000000e+00,0.000000000000000000e+00,2.079171440098260746e+02,6.674460949372304697e+01,6.674460949372304697e+01,6.674460949372304697e+01,6.674460949372304697e+01,0.000000000000000000e+00,1.497003436870747635e+02,4.805611883548058927e+01,4.805611883548058927e+01,4.805611883548058927e+01,4.805611883548058927e+01
3.550000000000000000e+03,1.000000000000000000e+00,0.000000000000000000e+00,0.000000000000000000e+00,0.000000000000000000e+00,0.000000000000000000e+00,0.000000000000000000e+00,0.000000000000000000e+00,0.000000000000000000e+00,0.000000000000000000e+00,0.000000000000000000e+00,0.000000000000000000e+00,0.000000000000000000e+00,0.000000000000000000e+00,0.000000000000000000e+00,2.079171440098260746e+02,6.674460949372304697e+01,6.674460949372304697e+01,6.674460949372304697e+01,6.674460949372304697e+01,0.000000000000000000e+00,1.497003436870747635e+02,4.805611883548058927e+01,4.805611883548058927e+01,4.805611883548058927e+01,4.805611883548058927e+01
3.560000000000000000e+03,1.000000000000000000e+00,0.000000000000000000e+00,0.000000000000000000e+00,0.000000000000000000e+00,0.000000000000000000e+00,0.000000000000000000e+00,0.000000000000000000e+00,0.000000000000000000e+00,0.000000000000000000e+00,0.000000000000000000e+00,0.000000000000000000e+00,0.000000000000000000e+00,0.000000000000000000e+00,0.000000000000000000e+00,2.079171440098260746e+02,6.674460949372304697e+01,6.674460949372304697e+01,6.674460949372304697e+01,6.674460949372304697e+01,0.000000000000000000e+00,1.497003436870747635e+02,4.805611883548058927e+01,4.805611883548058927e+01,4.805611883548058927e+01,4.805611883548058927e+01
3.570000000000000000e+03,1.000000000000000000e+00,0.000000000000000000e+00,0.000000000000000000e+00,0.000000000000000000e+00,0.000000000000000000e+00,0.000000000000000000e+00,0.000000000000000000e+00,0.000000000000000000e+00,0.000000000000000000e+00,0.000000000000000000e+00,0.000000000000000000e+00,0.000000000000000000e+00,0.000000000000000000e+00,0.000000000000000000e+00,2.079171440098260746e+02,6.674460949372304697e+01,6.674460949372304697e+01,6.674460949372304697e+01,6.674460949372304697e+01,0.000000000000000000e+00,1.497003436870747635e+02,4.805611883548058927e+01,4.805611883548058927e+01,4.805611883548058927e+01,4.805611883548058927e+01
3.580000000000000000e+03,1.000000000000000000e+00,0.000000000000000000e+00,0.000000000000000000e+00,0.000000000000000000e+00,0.000000000000000000e+00,0.000000000000000000e+00,0.000000000000000000e+00,0.000000000000000000e+00,0.000000000000000000e+00,0.000000000000000000e+00,0.000000000000000000e+00,0.000000000000000000e+00,0.000000000000000000e+00,0.000000000000000000e+00,2.079171440098260746e+02,6.674460949372304697e+01,6.674460949372304697e+01,6.674460949372304697e+01,6.674460949372304697e+01,0.000000000000000000e+00,1.497003436870747635e+02,4.805611883548058927e+01,4.805611883548058927e+01,4.805611883548058927e+01,4.805611883548058927e+01
3.590000000000000000e+03,1.000000000000000000e+00,0.000000000000000000e+00,0.000000000000000000e+00,0.000000000000000000e+00,0.000000000000000000e+00,0.000000000000000000e+00,0.000000000000000000e+00,0.000000000000000000e+00,0.000000000000000000e+00,0.000000000000000000e+00,0.000000000000000000e+00,0.000000000000000000e+00,0.000000000000000000e+00,0.000000000000000000e+00,2.079171440098260746e+02,6.674460949372304697e+01,6.674460949372304697e+01,6.674460949372304697e+01,6.674460949372304697e+01,0.000000000000000000e+00,1.497003436870747635e+02,4.805611883548058927e+01,4.805611883548058927e+01,4.805611883548058927e+01,4.805611883548058927e+01
3.600000000000000000e+03,1.000000000000000000e+00,0.000000000000000000e+00,0.000000000000000000e+00,0.000000000000000000e+00,0.000000000000000000e+00,0.000000000000000000e+00,0.000000000000000000e+00,0.000000000000000000e+00,0.000000000000000000e+00,0.000000000000000000e+00,0.000000000000000000e+00,0.000000000000000000e+00,0.000000000000000000e+00,0.000000000000000000e+00,2.079171440098260746e+02,6.674460949372304697e+01,6.674460949372304697e+01,6.674460949372304697e+01,6.674460949372304697e+01,0.000000000000000000e+00,1.497003436870747635e+02,4.805611883548058927e+01,4.805611883548058927e+01,4.805611883548058927e+01,4.805611883548058927e+01
3.610000000000000000e+03,1.000000000000000000e+00,0.000000000000000000e+00,0.000000000000000000e+00,0.000000000000000000e+00,0.000000000000000000e+00,0.000000000000000000e+00,0.000000000000000000e+00,0.000000000000000000e+00,0.000000000000000000e+00,0.000000000000000000e+00,0.000000000000000000e+00,0.000000000000000000e+00,0.000000000000000000e+00,0.000000000000000000e+00,2.079171440098260746e+02,6.674460949372304697e+01,6.674460949372304697e+01,6.674460949372304697e+01,6.674460949372304697e+01,0.000000000000000000e+00,1.497003436870747635e+02,4.805611883548058927e+01,4.805611883548058927e+01,4.805611883548058927e+01,4.805611883548058927e+01
3.620000000000000000e+03,1.000000000000000000e+00,0.000000000000000000e+00,0.000000000000000000e+00,0.000000000000000000e+00,0.000000000000000000e+00,0.000000000000000000e+00,0.000000000000000000e+00,0.000000000000000000e+00,0.000000000000000000e+00,0.000000000000000000e+00,0.000000000000000000e+00,0.000000000000000000e+00,0.000000000000000000e+00,0.000000000000000000e+00,2.079171440098260746e+02,6.674460949372304697e+01,6.674460949372304697e+01,6.674460949372304697e+01,6.674460949372304697e+01,0.000000000000000000e+00,1.497003436870747635e+02,4.805611883548058927e+01,4.805611883548058927e+01,4.805611883548058927e+01,4.805611883548058927e+01
3.630000000000000000e+03,1.000000000000000000e+00,0.000000000000000000e+00,0.000000000000000000e+00,0.000000000000000000e+00,0.000000000000000000e+00,0.000000000000000000e+00,0.000000000000000000e+00,0.000000000000000000e+00,0.000000000000000000e+00,0.000000000000000000e+00,0.000000000000000000e+00,0.000000000000000000e+00,0.000000000000000000e+00,0.000000000000000000e+00,2.079171440098260746e+02,6.674460949372304697e+01,6.674460949372304697e+01,6.674460949372304697e+01,6.674460949372304697e+01,0.000000000000000000e+00,1.497003436870747635e+02,4.805611883548058927e+01,4.805611883548058927e+01,4.805611883548058927e+01,4.805611883548058927e+01
3.640000000000000000e+03,1.000000000000000000e+00,0.000000000000000000e+00,0.000000000000000000e+00,0.000000000000000000e+00,0.000000000000000000e+00,0.000000000000000000e+00,0.000000000000000000e+00,0.000000000000000000e+00,0.000000000000000000e+00,0.000000000000000000e+00,0.000000000000000000e+00,0.000000000000000000e+00,0.000000000000000000e+00,0.000000000000000000e+00,2.079171440098260746e+02,6.674460949372304697e+01,6.674460949372304697e+01,6.674460949372304697e+01,6.674460949372304697e+01,0.000000000000000000e+00,1.497003436870747635e+02,4.805611883548058927e+01,4.805611883548058927e+01,4.805611883548058927e+01,4.805611883548058927e+01
3.650000000000000000e+03,1.000000000000000000e+00,0.000000000000000000e+00,0.000000000000000000e+00,0.000000000000000000e+00,0.000000000000000000e+00,0.000000000000000000e+00,0.000000000000000000e+00,0.000000000000000000e+00,0.000000000000000000e+00,0.000000000000000000e+00,0.000000000000000000e+00,0.000000000000000000e+00,0.000000000000000000e+00,0.000000000000000000e+00,2.079171440098260746e+02,6.674460949372304697e+01,6.674460949372304697e+01,6.674460949372304697e+01,6.674460949372304697e+01,0.000000000000000000e+00,1.497003436870747635e+02,4.805611883548058927e+01,4.805611883548058927e+01,4.805611883548058927e+01,4.805611883548058927e+01
3.660000000000000000e+03,1.000000000000000000e+00,0.000000000000000000e+00,0.000000000000000000e+00,0.000000000000000000e+00,0.000000000000000000e+00,0.000000000000000000e+00,0.000000000000000000e+00,0.000000000000000000e+00,0.000000000000000000e+00,0.000000000000000000e+00,0.000000000000000000e+00,0.000000000000000000e+00,0.000000000000000000e+00,0.000000000000000000e+00,2.079171440098260746e+02,6.674460949372304697e+01,6.674460949372304697e+01,6.674460949372304697e+01,6.674460949372304697e+01,0.000000000000000000e+00,1.497003436870747635e+02,4.805611883548058927e+01,4.805611883548058927e+01,4.805611883548058927e+01,4.805611883548058927e+01
3.670000000000000000e+03,1.000000000000000000e+00,0.000000000000000000e+00,0.000000000000000000e+00,0.000000000000000000e+00,0.000000000000000000e+00,0.000000000000000000e+00,0.000000000000000000e+00,0.000000000000000000e+00,0.000000000000000000e+00,0.000000000000000000e+00,0.000000000000000000e+00,0.000000000000000000e+00,0.000000000000000000e+00,0.000000000000000000e+00,2.079171440098260746e+02,6.674460949372304697e+01,6.674460949372304697e+01,6.674460949372304697e+01,6.674460949372304697e+01,0.000000000000000000e+00,1.497003436870747635e+02,4.805611883548058927e+01,4.805611883548058927e+01,4.805611883548058927e+01,4.805611883548058927e+01
3.680000000000000000e+03,1.000000000000000000e+00,0.000000000000000000e+00,0.000000000000000000e+00,0.000000000000000000e+00,0.000000000000000000e+00,0.000000000000000000e+00,0.000000000000000000e+00,0.000000000000000000e+00,0.000000000000000000e+00,0.000000000000000000e+00,0.000000000000000000e+00,0.000000000000000000e+00,0.000000000000000000e+00,0.000000000000000000e+00,2.079171440098260746e+02,6.674460949372304697e+01,6.674460949372304697e+01,6.674460949372304697e+01,6.674460949372304697e+01,0.000000000000000000e+00,1.497003436870747635e+02,4.805611883548058927e+01,4.805611883548058927e+01,4.805611883548058927e+01,4.805611883548058927e+01
3.690000000000000000e+03,1.000000000000000000e+00,0.000000000000000000e+00,0.000000000000000000e+00,0.000000000000000000e+00,0.000000000000000000e+00,0.000000000000000000e+00,0.000000000000000000e+00,0.000000000000000000e+00,0.000000000000000000e+00,0.000000000000000000e+00,0.000000000000000000e+00,0.000000000000000000e+00,0.000000000000000000e+00,0.000000000000000000e+00,2.079171440098260746e+02,6.674460949372304697e+01,6.674460949372304697e+01,6.674460949372304697e+01,6.674460949372304697e+01,0.000000000000000000e+00,1.497003436870747635e+02,4.805611883548058927e+01,4.805611883548058927e+01,4.805611883548058927e+01,4.805611883548058927e+01
3.700000000000000000e+03,1.000000000000000000e+00,0.000000000000000000e+00,0.000000000000000000e+00,0.000000000000000000e+00,0.000000000000000000e+00,0.000000000000000000e+00,0.000000000000000000e+00,0.000000000000000000e+00,0.000000000000000000e+00,0.000000000000000000e+00,0.000000000000000000e+00,0.000000000000000000e+00,0.000000000000000000e+00,0.000000000000000000e+00,2.079171440098260746e+02,6.674460949372304697e+01,6.674460949372304697e+01,6.674460949372304697e+01,6.674460949372304697e+01,0.000000000000000000e+00,1.497003436870747635e+02,4.805611883548058927e+01,4.805611883548058927e+01,4.805611883548058927e+01,4.805611883548058927e+01
3.710000000000000000e+03,1.000000000000000000e+00,0.000000000000000000e+00,0.000000000000000000e+00,0.000000000000000000e+00,0.000000000000000000e+00,0.000000000000000000e+00,0.000000000000000000e+00,0.000000000000000000e+00,0.000000000000000000e+00,0.000000000000000000e+00,0.000000000000000000e+00,0.000000000000000000e+00,0.000000000000000000e+00,0.000000000000000000e+00,2.079171440098260746e+02,6.674460949372304697e+01,6.674460949372304697e+01,6.674460949372304697e+01,6.674460949372304697e+01,0.000000000000000000e+00,1.497003436870747635e+02,4.805611883548058927e+01,4.805611883548058927e+01,4.805611883548058927e+01,4.805611883548058927e+01
3.720000000000000000e+03,1.000000000000000000e+00,0.000000000000000000e+00,0.000000000000000000e+00,0.000000000000000000e+00,0.000000000000000000e+00,0.000000000000000000e+00,0.000000000000000000e+00,0.000000000000000000e+00,0.000000000000000000e+00,0.000000000000000000e+00,0.000000000000000000e+00,0.000000000000000000e+00,0.000000000000000000e+00,0.000000000000000000e+00,2.079171440098260746e+02,6.674460949372304697e+01,6.674460949372304697e+01,6.674460949372304697e+01,6.674460949372304697e+01,0.000000000000000000e+00,1.497003436870747635e+02,4.805611883548058927e+01,4.805611883548058927e+01,4.805611883548058927e+01,4.805611883548058927e+01
3.730000000000000000e+03,1.000000000000000000e+00,0.000000000000000000e+00,0.000000000000000000e+00,0.000000000000000000e+00,0.000000000000000000e+00,0.000000000000000000e+00,0.000000000000000000e+00,0.000000000000000000e+00,0.000000000000000000e+00,0.000000000000000000e+00,0.000000000000000000e+00,0.000000000000000000e+00,0.000000000000000000e+00,0.000000000000000000e+00,2.079171440098260746e+02,6.674460949372304697e+01,6.674460949372304697e+01,6.674460949372304697e+01,6.674460949372304697e+01,0.000000000000000000e+00,1.497003436870747635e+02,4.805611883548058927e+01,4.805611883548058927e+01,4.805611883548058927e+01,4.805611883548058927e+01
3.740000000000000000e+03,1.000000000000000000e+00,0.000000000000000000e+00,0.000000000000000000e+00,0.000000000000000000e+00,0.000000000000000000e+00,0.000000000000000000e+00,0.000000000000000000e+00,0.000000000000000000e+00,0.000000000000000000e+00,0.000000000000000000e+00,0.000000000000000000e+00,0.000000000000000000e+00,0.000000000000000000e+00,0.000000000000000000e+00,2.079171440098260746e+02,6.674460949372304697e+01,6.674460949372304697e+01,6.674460949372304697e+01,6.674460949372304697e+01,0.000000000000000000e+00,1.497003436870747635e+02,4.805611883548058927e+01,4.805611883548058927e+01,4.805611883548058927e+01,4.805611883548058927e+01
3.750000000000000000e+03,1.000000000000000000e+00,0.000000000000000000e+00,0.000000000000000000e+00,0.000000000000000000e+00,0.000000000000000000e+00,0.000000000000000000e+00,0.000000000000000000e+00,0.000000000000000000e+00,0.000000000000000000e+00,0.000000000000000000e+00,0.000000000000000000e+00,0.000000000000000000e+00,0.000000000000000000e+00,0.000000000000000000e+00,2.079171440098260746e+02,6.674460949372304697e+01,6.674460949372304697e+01,6.674460949372304697e+01,6.674460949372304697e+01,0.000000000000000000e+00,1.497003436870747635e+02,4.805611883548058927e+01,4.805611883548058927e+01,4.805611883548058927e+01,4.805611883548058927e+01
3.760000000000000000e+03,1.000000000000000000e+00,0.000000000000000000e+00,0.000000000000000000e+00,0.000000000000000000e+00,0.000000000000000000e+00,0.000000000000000000e+00,0.000000000000000000e+00,0.000000000000000000e+00,0.000000000000000000e+00,0.000000000000000000e+00,0.000000000000000000e+00,0.000000000000000000e+00,0.000000000000000000e+00,0.000000000000000000e+00,2.079171440098260746e+02,6.674460949372304697e+01,6.674460949372304697e+01,6.674460949372304697e+01,6.674460949372304697e+01,0.000000000000000000e+00,1.497003436870747635e+02,4.805611883548058927e+01,4.805611883548058927e+01,4.805611883548058927e+01,4.805611883548058927e+01
3.770000000000000000e+03,1.000000000000000000e+00,0.000000000000000000e+00,0.000000000000000000e+00,0.000000000000000000e+00,0.000000000000000000e+00,0.000000000000000000e+00,0.000000000000000000e+00,0.000000000000000000e+00,0.000000000000000000e+00,0.000000000000000000e+00,0.000000000000000000e+00,0.000000000000000000e+00,0.000000000000000000e+00,0.000000000000000000e+00,2.079171440098260746e+02,6.674460949372304697e+01,6.674460949372304697e+01,6.674460949372304697e+01,6.674460949372304697e+01,0.000000000000000000e+00,1.497003436870747635e+02,4.805611883548058927e+01,4.805611883548058927e+01,4.805611883548058927e+01,4.805611883548058927e+01
3.780000000000000000e+03,1.000000000000000000e+00,0.000000000000000000e+00,0.000000000000000000e+00,0.000000000000000000e+00,0.000000000000000000e+00,0.000000000000000000e+00,0.000000000000000000e+00,0.000000000000000000e+00,0.000000000000000000e+00,0.000000000000000000e+00,0.000000000000000000e+00,0.000000000000000000e+00,0.000000000000000000e+00,0.000000000000000000e+00,2.079171440098260746e+02,6.674460949372304697e+01,6.674460949372304697e+01,6.674460949372304697e+01,6.674460949372304697e+01,0.000000000000000000e+00,1.497003436870747635e+02,4.805611883548058927e+01,4.805611883548058927e+01,4.805611883548058927e+01,4.805611883548058927e+01
3.790000000000000000e+03,1.000000000000000000e+00,0.000000000000000000e+00,0.000000000000000000e+00,0.000000000000000000e+00,0.000000000000000000e+00,0.000000000000000000e+00,0.000000000000000000e+00,0.000000000000000000e+00,0.000000000000000000e+00,0.000000000000000000e+00,0.000000000000000000e+00,0.000000000000000000e+00,0.000000000000000000e+00,0.000000000000000000e+00,2.079171440098260746e+02,6.674460949372304697e+01,6.674460949372304697e+01,6.674460949372304697e+01,6.674460949372304697e+01,0.000000000000000000e+00,1.497003436870747635e+02,4.805611883548058927e+01,4.805611883548058927e+01,4.805611883548058927e+01,4.805611883548058927e+01
3.800000000000000000e+03,1.000000000000000000e+00,0.000000000000000000e+00,0.000000000000000000e+00,0.000000000000000000e+00,0.000000000000000000e+00,0.000000000000000000e+00,0.000000000000000000e+00,0.000000000000000000e+00,0.000000000000000000e+00,0.000000000000000000e+00,0.000000000000000000e+00,0.000000000000000000e+00,0.000000000000000000e+00,0.000000000000000000e+00,2.079171440098260746e+02,6.674460949372304697e+01,6.674460949372304697e+01,6.674460949372304697e+01,6.674460949372304697e+01,0.000000000000000000e+00,1.497003436870747635e+02,4.805611883548058927e+01,4.805611883548058927e+01,4.805611883548058927e+01,4.805611883548058927e+01
3.810000000000000000e+03,1.000000000000000000e+00,0.000000000000000000e+00,0.000000000000000000e+00,0.000000000000000000e+00,0.000000000000000000e+00,0.000000000000000000e+00,0.000000000000000000e+00,0.000000000000000000e+00,0.000000000000000000e+00,0.000000000000000000e+00,0.000000000000000000e+00,0.000000000000000000e+00,0.000000000000000000e+00,0.000000000000000000e+00,2.079171440098260746e+02,6.674460949372304697e+01,6.674460949372304697e+01,6.674460949372304697e+01,6.674460949372304697e+01,0.000000000000000000e+00,1.497003436870747635e+02,4.805611883548058927e+01,4.805611883548058927e+01,4.805611883548058927e+01,4.805611883548058927e+01
3.820000000000000000e+03,1.000000000000000000e+00,0.000000000000000000e+00,0.000000000000000000e+00,0.000000000000000000e+00,0.000000000000000000e+00,0.000000000000000000e+00,0.000000000000000000e+00,0.000000000000000000e+00,0.000000000000000000e+00,0.000000000000000000e+00,0.000000000000000000e+00,0.000000000000000000e+00,0.000000000000000000e+00,0.000000000000000000e+00,2.079171440098260746e+02,6.674460949372304697e+01,6.674460949372304697e+01,6.674460949372304697e+01,6.674460949372304697e+01,0.000000000000000000e+00,1.497003436870747635e+02,4.805611883548058927e+01,4.805611883548058927e+01,4.805611883548058927e+01,4.805611883548058927e+01
3.830000000000000000e+03,1.000000000000000000e+00,0.000000000000000000e+00,0.000000000000000000e+00,0.000000000000000000e+00,0.000000000000000000e+00,0.000000000000000000e+00,0.000000000000000000e+00,0.000000000000000000e+00,0.000000000000000000e+00,0.000000000000000000e+00,0.000000000000000000e+00,0.000000000000000000e+00,0.000000000000000000e+00,0.000000000000000000e+00,2.079171440098260746e+02,6.674460949372304697e+01,6.674460949372304697e+01,6.674460949372304697e+01,6.674460949372304697e+01,0.000000000000000000e+00,1.497003436870747635e+02,4.805611883548058927e+01,4.805611883548058927e+01,4.805611883548058927e+01,4.805611883548058927e+01
3.840000000000000000e+03,1.000000000000000000e+00,0.000000000000000000e+00,0.000000000000000000e+00,0.000000000000000000e+00,0.000000000000000000e+00,0.000000000000000000e+00,0.000000000000000000e+00,0.000000000000000000e+00,0.000000000000000000e+00,0.000000000000000000e+00,0.000000000000000000e+00,0.000000000000000000e+00,0.000000000000000000e+00,0.000000000000000000e+00,2.079171440098260746e+02,6.674460949372304697e+01,6.674460949372304697e+01,6.674460949372304697e+01,6.674460949372304697e+01,0.000000000000000000e+00,1.497003436870747635e+02,4.805611883548058927e+01,4.805611883548058927e+01,4.805611883548058927e+01,4.805611883548058927e+01
3.850000000000000000e+03,1.000000000000000000e+00,0.000000000000000000e+00,0.000000000000000000e+00,0.000000000000000000e+00,0.000000000000000000e+00,0.000000000000000000e+00,0.000000000000000000e+00,0.000000000000000000e+00,0.000000000000000000e+00,0.000000000000000000e+00,0.000000000000000000e+00,0.000000000000000000e+00,0.000000000000000000e+00,0.000000000000000000e+00,2.079171440098260746e+02,6.674460949372304697e+01,6.674460949372304697e+01,6.674460949372304697e+01,6.674460949372304697e+01,0.000000000000000000e+00,1.497003436870747635e+02,4.805611883548058927e+01,4.805611883548058927e+01,4.805611883548058927e+01,4.805611883548058927e+01
3.860000000000000000e+03,1.000000000000000000e+00,0.000000000000000000e+00,0.000000000000000000e+00,0.000000000000000000e+00,0.000000000000000000e+00,0.000000000000000000e+00,0.000000000000000000e+00,0.000000000000000000e+00,0.000000000000000000e+00,0.000000000000000000e+00,0.000000000000000000e+00,0.000000000000000000e+00,0.000000000000000000e+00,0.000000000000000000e+00,2.079171440098260746e+02,6.674460949372304697e+01,6.674460949372304697e+01,6.674460949372304697e+01,6.674460949372304697e+01,0.000000000000000000e+00,1.497003436870747635e+02,4.805611883548058927e+01,4.805611883548058927e+01,4.805611883548058927e+01,4.805611883548058927e+01
3.870000000000000000e+03,1.000000000000000000e+00,0.000000000000000000e+00,0.000000000000000000e+00,0.000000000000000000e+00,0.000000000000000000e+00,0.000000000000000000e+00,0.000000000000000000e+00,0.000000000000000000e+00,0.000000000000000000e+00,0.000000000000000000e+00,0.000000000000000000e+00,0.000000000000000000e+00,0.000000000000000000e+00,0.000000000000000000e+00,2.079171440098260746e+02,6.674460949372304697e+01,6.674460949372304697e+01,6.674460949372304697e+01,6.674460949372304697e+01,0.000000000000000000e+00,1.497003436870747635e+02,4.805611883548058927e+01,4.805611883548058927e+01,4.805611883548058927e+01,4.805611883548058927e+01
3.880000000000000000e+03,0.000000000000000000e+00,0.000000000000000000e+00,4.706629537772853951e+02,1.283419410770166451e+03,0.000000000000000000e+00,0.000000000000000000e+00,0.000000000000000000e+00,0.000000000000000000e+00,0.000000000000000000e+00,0.000000000000000000e+00,0.000000000000000000e+00,0.000000000000000000e+00,0.000000000000000000e+00,0.000000000000000000e+00,2.079171440098260746e+02,6.674460949372304697e+01,6.674460949372304697e+01,6.674460949372304697e+01,6.674460949372304697e+01,0.000000000000000000e+00,5.121108180955844773e+02,1.036289065128508810e+03,4.805611883548058927e+01,4.805611883548058927e+01,4.805611883548058927e+01
3.890000000000000000e+03,0.000000000000000000e+00,0.000000000000000000e+00,4.561818765915177210e+02,1.288637689759787008e+03,0.000000000000000000e+00,0.000000000000000000e+00,0.000000000000000000e+00,0.000000000000000000e+00,0.000000000000000000e+00,0.000000000000000000e+00,0.000000000000000000e+00,0.000000000000000000e+00,0.000000000000000000e+00,0.000000000000000000e+00,2.079171440098260746e+02,6.674460949372304697e+01,6.674460949372304697e+01,6.674460949372304697e+01,6.674460949372304697e+01,0.000000000000000000e+00,5.009603886625434370e+02,1.040307139950516557e+03,4.805611883548058927e+01,4.805611883548058927e+01,4.805611883548058927e+01
3.900000000000000000e+03,0.000000000000000000e+00,0.000000000000000000e+00,4.416429598727855250e+02,1.293692581719012878e+03,0.000000000000000000e+00,0.000000000000000000e+00,0.000000000000000000e+00,0.000000000000000000e+00,0.000000000000000000e+00,0.000000000000000000e+00,0.000000000000000000e+00,0.000000000000000000e+00,0.000000000000000000e+00,0.000000000000000000e+00,2.079171440098260746e+02,6.674460949372304697e+01,6.674460949372304697e+01,6.674460949372304697e+01,6.674460949372304697e+01,0.000000000000000000e+00,4.897654227891196115e+02,1.044199406759120620e+03,4.805611883548058927e+01,4.805611883548058927e+01,4.805611883548058927e+01
3.910000000000000000e+03,0.000000000000000000e+00,0.000000000000000000e+00,4.270480470177612915e+02,1.298583445735512214e+03,0.000000000000000000e+00,0.000000000000000000e+00,0.000000000000000000e+00,0.000000000000000000e+00,0.000000000000000000e+00,0.000000000000000000e+00,0.000000000000000000e+00,0.000000000000000000e+00,0.000000000000000000e+00,0.000000000000000000e+00,2.079171440098260746e+02,6.674460949372304697e+01,6.674460949372304697e+01,6.674460949372304697e+01,6.674460949372304697e+01,0.000000000000000000e+00,4.785273398907509090e+02,1.047965372051824943e+03,4.805611883548058927e+01,4.805611883548058927e+01,4.805611883548058927e+01
3.920000000000000000e+03,0.000000000000000000e+00,0.000000000000000000e+00,4.123989885228925800e+02,1.303309661694140686e+03,0.000000000000000000e+00,0.000000000000000000e+00,0.000000000000000000e+00,0.000000000000000000e+00,0.000000000000000000e+00,0.000000000000000000e+00,0.000000000000000000e+00,0.000000000000000000e+00,0.000000000000000000e+00,0.000000000000000000e+00,2.079171440098260746e+02,6.674460949372304697e+01,6.674460949372304697e+01,6.674460949372304697e+01,6.674460949372304697e+01,0.000000000000000000e+00,4.672475648497020302e+02,1.051604558339968889e+03,4.805611883548058927e+01,4.805611883548058927e+01,4.805611883548058927e+01
3.930000000000000000e+03,0.000000000000000000e+00,0.000000000000000000e+00,3.976976417497839975e+02,1.307870630355563890e+03,0.000000000000000000e+00,0.000000000000000000e+00,0.000000000000000000e+00,0.000000000000000000e+00,0.000000000000000000e+00,0.000000000000000000e+00,0.000000000000000000e+00,0.000000000000000000e+00,0.000000000000000000e+00,0.000000000000000000e+00,2.079171440098260746e+02,6.674460949372304697e+01,6.674460949372304697e+01,6.674460949372304697e+01,6.674460949372304697e+01,0.000000000000000000e+00,4.559275278344084654e+02,1.055116504209264804e+03,4.805611883548058927e+01,4.805611883548058927e+01,4.805611883548058927e+01
3.940000000000000000e+03,0.000000000000000000e+00,0.000000000000000000e+00,3.829458706896974718e+02,1.312265773432237893e+03,0.000000000000000000e+00,0.000000000000000000e+00,0.000000000000000000e+00,0.000000000000000000e+00,0.000000000000000000e+00,0.000000000000000000e+00,0.000000000000000000e+00,0.000000000000000000e+00,0.000000000000000000e+00,0.000000000000000000e+00,2.079171440098260746e+02,6.674460949372304697e+01,6.674460949372304697e+01,6.674460949372304697e+01,6.674460949372304697e+01,0.000000000000000000e+00,4.445686641181417826e+02,1.058500764378303757e+03,4.805611883548058927e+01,4.805611883548058927e+01,4.805611883548058927e+01
3.950000000000000000e+03,0.000000000000000000e+00,0.000000000000000000e+00,3.681455457272126068e+02,1.316494533661728838e+03,0.000000000000000000e+00,0.000000000000000000e+00,0.000000000000000000e+00,0.000000000000000000e+00,0.000000000000000000e+00,0.000000000000000000e+00,0.000000000000000000e+00,0.000000000000000000e+00,0.000000000000000000e+00,0.000000000000000000e+00,2.079171440098260746e+02,6.674460949372304697e+01,6.674460949372304697e+01,6.674460949372304697e+01,6.674460949372304697e+01,0.000000000000000000e+00,4.331724138970284912e+02,1.061756909755011748e+03,4.805611883548058927e+01,4.805611883548058927e+01,4.805611883548058927e+01
3.960000000000000000e+03,0.000000000000000000e+00,0.000000000000000000e+00,3.532985434030864553e+02,1.320556374877368626e+03,0.000000000000000000e+00,0.000000000000000000e+00,0.000000000000000000e+00,0.000000000000000000e+00,0.000000000000000000e+00,0.000000000000000000e+00,0.000000000000000000e+00,0.000000000000000000e+00,0.000000000000000000e+00,0.000000000000000000e+00,2.079171440098260746e+02,6.674460949372304697e+01,6.674460949372304697e+01,6.674460949372304697e+01,6.674460949372304697e+01,0.000000000000000000e+00,4.217402221074513591e+02,1.064884527491054541e+03,4.805611883548058927e+01,4.805611883548058927e+01,4.805611883548058927e+01
3.970000000000000000e+03,0.000000000000000000e+00,0.000000000000000000e+00,3.384067461763215192e+02,1.324450782076236464e+03,0.000000000000000000e+00,0.000000000000000000e+00,0.000000000000000000e+00,0.000000000000000000e+00,0.000000000000000000e+00,0.000000000000000000e+00,0.000000000000000000e+00,0.000000000000000000e+00,0.000000000000000000e+00,0.000000000000000000e+00,2.079171440098260746e+02,6.674460949372304697e+01,6.674460949372304697e+01,6.674460949372304697e+01,6.674460949372304697e+01,0.000000000000000000e+00,4.102735382428423918e+02,1.067883221034182725e+03,4.805611883548058927e+01,4.805611883548058927e+01,4.805611883548058927e+01
3.980000000000000000e+03,0.000000000000000000e+00,0.000000000000000000e+00,3.234720421854900110e+02,1.328177261484455812e+03,0.000000000000000000e+00,0.000000000000000000e+00,0.000000000000000000e+00,0.000000000000000000e+00,0.000000000000000000e+00,0.000000000000000000e+00,0.000000000000000000e+00,0.000000000000000000e+00,0.000000000000000000e+00,0.000000000000000000e+00,2.079171440098260746e+02,6.674460949372304697e+01,6.674460949372304697e+01,6.674460949372304697e+01,6.674460949372304697e+01,0.000000000000000000e+00,3.987738161699020907e+02,1.070752610178511532e+03,4.805611883548058927e+01,4.805611883548058927e+01,4.805611883548058927e+01
3.990000000000000000e+03,0.000000000000000000e+00,0.000000000000000000e+00,3.084963250093311444e+02,1.331735340619800809e+03,0.000000000000000000e+00,0.000000000000000000e+00,0.000000000000000000e+00,0.000000000000000000e+00,0.000000000000000000e+00,0.000000000000000000e+00,0.000000000000000000e+00,0.000000000000000000e+00,0.000000000000000000e+00,0.000000000000000000e+00,2.079171440098260746e+02,6.674460949372304697e+01,6.674460949372304697e+01,6.674460949372304697e+01,6.674460949372304697e+01,0.000000000000000000e+00,3.872425139442597128e+02,1.073492331112727243e+03,4.805611883548058927e+01,4.805611883548058927e+01,4.805611883548058927e+01
4.000000000000000000e+03,0.000000000000000000e+00,0.000000000000000000e+00,2.934814934266703403e+02,1.335124568351601965e+03,0.000000000000000000e+00,0.000000000000000000e+00,0.000000000000000000e+00,0.000000000000000000e+00,0.000000000000000000e+00,0.000000000000000000e+00,0.000000000000000000e+00,0.000000000000000000e+00,0.000000000000000000e+00,0.000000000000000000e+00,2.079171440098260746e+02,6.674460949372304697e+01,6.674460949372304697e+01,6.674460949372304697e+01,6.674460949372304697e+01,0.000000000000000000e+00,3.756810936256109699e+02,1.076102036466214258e+03,4.805611883548058927e+01,4.805611883548058927e+01,4.805611883548058927e+01
4.010000000000000000e+03,0.000000000000000000e+00,0.000000000000000000e+00,2.784294511756673955e+02,1.338344514957944739e+03,0.000000000000000000e+00,0.000000000000000000e+00,0.000000000000000000e+00,0.000000000000000000e+00,0.000000000000000000e+00,0.000000000000000000e+00,0.000000000000000000e+00,0.000000000000000000e+00,0.000000000000000000e+00,0.000000000000000000e+00,2.079171440098260746e+02,6.674460949372304697e+01,6.674460949372304697e+01,6.674460949372304697e+01,6.674460949372304697e+01,0.000000000000000000e+00,3.640910210923386785e+02,1.078581395353098060e+03,4.805611883548058927e+01,4.805611883548058927e+01,4.805611883548058927e+01
4.020000000000000000e+03,0.000000000000000000e+00,0.000000000000000000e+00,2.633421067124428987e+02,1.341394772180155996e+03,0.000000000000000000e+00,0.000000000000000000e+00,0.000000000000000000e+00,0.000000000000000000e+00,0.000000000000000000e+00,0.000000000000000000e+00,0.000000000000000000e+00,0.000000000000000000e+00,0.000000000000000000e+00,0.000000000000000000e+00,2.079171440098260746e+02,6.674460949372304697e+01,6.674460949372304697e+01,6.674460949372304697e+01,6.674460949372304697e+01,0.000000000000000000e+00,3.524737658556558131e+02,1.080930093414200883e+03,4.805611883548058927e+01,4.805611883548058927e+01,4.805611883548058927e+01
4.030000000000000000e+03,0.000000000000000000e+00,0.000000000000000000e+00,2.482213729690995478e+02,1.344274953274565632e+03,0.000000000000000000e+00,0.000000000000000000e+00,0.000000000000000000e+00,0.000000000000000000e+00,0.000000000000000000e+00,0.000000000000000000e+00,0.000000000000000000e+00,0.000000000000000000e+00,0.000000000000000000e+00,0.000000000000000000e+00,2.079171440098260746e+02,6.674460949372304697e+01,6.674460949372304697e+01,6.674460949372304697e+01,6.674460949372304697e+01,0.000000000000000000e+00,3.408308008732814187e+02,1.083147832856896230e+03,4.805611883548058927e+01,4.805611883548058927e+01,4.805611883548058927e+01
4.040000000000000000e+03,0.000000000000000000e+00,0.000000000000000000e+00,2.330691671111872267e+02,1.346984693061542430e+03,0.000000000000000000e+00,0.000000000000000000e+00,0.000000000000000000e+00,0.000000000000000000e+00,0.000000000000000000e+00,0.000000000000000000e+00,0.000000000000000000e+00,0.000000000000000000e+00,0.000000000000000000e+00,0.000000000000000000e+00,2.079171440098260746e+02,6.674460949372304697e+01,6.674460949372304697e+01,6.674460949372304697e+01,6.674460949372304697e+01,0.000000000000000000e+00,3.291636023626889482e+02,1.085234332492868361e+03,4.805611883548058927e+01,4.805611883548058927e+01,4.805611883548058927e+01
4.050000000000000000e+03,0.000000000000000000e+00,0.000000000000000000e+00,2.178874102946215032e+02,1.349523647971795754e+03,0.000000000000000000e+00,0.000000000000000000e+00,0.000000000000000000e+00,0.000000000000000000e+00,0.000000000000000000e+00,0.000000000000000000e+00,0.000000000000000000e+00,0.000000000000000000e+00,0.000000000000000000e+00,0.000000000000000000e+00,2.079171440098260746e+02,6.674460949372304697e+01,6.674460949372304697e+01,6.674460949372304697e+01,6.674460949372304697e+01,0.000000000000000000e+00,3.174736496139333326e+02,1.087189327773763353e+03,4.805611883548058927e+01,4.805611883548058927e+01,4.805611883548058927e+01
4.060000000000000000e+03,0.000000000000000000e+00,0.000000000000000000e+00,2.026780274220953402e+02,1.351891496089936936e+03,0.000000000000000000e+00,0.000000000000000000e+00,0.000000000000000000e+00,0.000000000000000000e+00,0.000000000000000000e+00,0.000000000000000000e+00,0.000000000000000000e+00,0.000000000000000000e+00,0.000000000000000000e+00,0.000000000000000000e+00,2.079171440098260746e+02,6.674460949372304697e+01,6.674460949372304697e+01,6.674460949372304697e+01,6.674460949372304697e+01,0.000000000000000000e+00,3.057624248020881623e+02,1.089012570824732165e+03,4.805611883548058927e+01,4.805611883548058927e+01,4.805611883548058927e+01
4.070000000000000000e+03,0.000000000000000000e+00,0.000000000000000000e+00,1.874429468990271062e+02,1.354087937195294899e+03,0.000000000000000000e+00,0.000000000000000000e+00,0.000000000000000000e+00,0.000000000000000000e+00,0.000000000000000000e+00,0.000000000000000000e+00,0.000000000000000000e+00,0.000000000000000000e+00,0.000000000000000000e+00,0.000000000000000000e+00,2.079171440098260746e+02,6.674460949372304697e+01,6.674460949372304697e+01,6.674460949372304697e+01,6.674460949372304697e+01,0.000000000000000000e+00,2.940314127993256079e+02,1.090703830475857785e+03,4.805611883548058927e+01,4.805611883548058927e+01,4.805611883548058927e+01
4.080000000000000000e+03,0.000000000000000000e+00,0.000000000000000000e+00,1.721841003890521904e+02,1.356112692799980096e+03,0.000000000000000000e+00,0.000000000000000000e+00,0.000000000000000000e+00,0.000000000000000000e+00,0.000000000000000000e+00,0.000000000000000000e+00,0.000000000000000000e+00,0.000000000000000000e+00,0.000000000000000000e+00,0.000000000000000000e+00,2.079171440098260746e+02,6.674460949372304697e+01,6.674460949372304697e+01,6.674460949372304697e+01,6.674460949372304697e+01,0.000000000000000000e+00,2.822821009866449913e+02,1.092262892291465278e+03,4.805611883548058927e+01,4.805611883548058927e+01,4.805611883548058927e+01
4.090000000000000000e+03,0.000000000000000000e+00,0.000000000000000000e+00,1.569034225691088125e+02,1.357965506184196101e+03,0.000000000000000000e+00,0.000000000000000000e+00,0.000000000000000000e+00,0.000000000000000000e+00,0.000000000000000000e+00,0.000000000000000000e+00,0.000000000000000000e+00,0.000000000000000000e+00,0.000000000000000000e+00,0.000000000000000000e+00,2.079171440098260746e+02,6.674460949372304697e+01,6.674460949372304697e+01,6.674460949372304697e+01,6.674460949372304697e+01,0.000000000000000000e+00,2.705159790652885476e+02,1.093689558597311589e+03,4.805611883548058927e+01,4.805611883548058927e+01,4.805611883548058927e+01
4.100000000000000000e+03,0.000000000000000000e+00,0.000000000000000000e+00,1.416028508841344262e+02,1.359646142428788608e+03,0.000000000000000000e+00,0.000000000000000000e+00,0.000000000000000000e+00,0.000000000000000000e+00,0.000000000000000000e+00,0.000000000000000000e+00,0.000000000000000000e+00,0.000000000000000000e+00,0.000000000000000000e+00,0.000000000000000000e+00,2.079171440098260746e+02,6.674460949372304697e+01,6.674460949372304697e+01,6.674460949372304697e+01,6.674460949372304697e+01,0.000000000000000000e+00,2.587345388678583049e+02,1.094983648505648034e+03,4.805611883548058927e+01,4.805611883548058927e+01,4.805611883548058927e+01
4.110000000000000000e+03,0.000000000000000000e+00,0.000000000000000000e+00,1.262843253014235358e+02,1.361154388445030236e+03,0.000000000000000000e+00,0.000000000000000000e+00,0.000000000000000000e+00,0.000000000000000000e+00,0.000000000000000000e+00,0.000000000000000000e+00,0.000000000000000000e+00,0.000000000000000000e+00,0.000000000000000000e+00,0.000000000000000000e+00,2.079171440098260746e+02,6.674460949372304697e+01,6.674460949372304697e+01,6.674460949372304697e+01,6.674460949372304697e+01,0.000000000000000000e+00,2.469392741691708864e+02,1.096144997938153892e+03,4.805611883548058927e+01,4.805611883548058927e+01,4.805611883548058927e+01
4.120000000000000000e+03,0.000000000000000000e+00,0.000000000000000000e+00,1.109497880646531485e+02,1.362490053001638898e+03,0.000000000000000000e+00,0.000000000000000000e+00,0.000000000000000000e+00,0.000000000000000000e+00,0.000000000000000000e+00,0.000000000000000000e+00,0.000000000000000000e+00,0.000000000000000000e+00,0.000000000000000000e+00,0.000000000000000000e+00,2.079171440098260746e+02,6.674460949372304697e+01,6.674460949372304697e+01,6.674460949372304697e+01,6.674460949372304697e+01,0.000000000000000000e+00,2.351316804968576832e+02,1.097173459646742685e+03,4.805611883548058927e+01,4.805611883548058927e+01,4.805611883548058927e+01
4.130000000000000000e+03,0.000000000000000000e+00,0.000000000000000000e+00,9.560118344762739184e+01,1.363652966749023335e+03,0.000000000000000000e+00,0.000000000000000000e+00,0.000000000000000000e+00,0.000000000000000000e+00,0.000000000000000000e+00,0.000000000000000000e+00,0.000000000000000000e+00,0.000000000000000000e+00,0.000000000000000000e+00,0.000000000000000000e+00,2.079171440098260746e+02,6.674460949372304697e+01,6.674460949372304697e+01,6.674460949372304697e+01,6.674460949372304697e+01,0.000000000000000000e+00,2.233132549417478572e+02,1.098068903232228649e+03,4.805611883548058927e+01,4.805611883548058927e+01,4.805611883548058927e+01
4.140000000000000000e+03,0.000000000000000000e+00,0.000000000000000000e+00,8.024045750775704278e+01,1.364642982240756510e+03,0.000000000000000000e+00,0.000000000000000000e+00,0.000000000000000000e+00,0.000000000000000000e+00,0.000000000000000000e+00,0.000000000000000000e+00,0.000000000000000000e+00,0.000000000000000000e+00,0.000000000000000000e+00,0.000000000000000000e+00,2.079171440098260746e+02,6.674460949372304697e+01,6.674460949372304697e+01,6.674460949372304697e+01,6.674460949372304697e+01,0.000000000000000000e+00,2.114854959680477009e+02,1.098831215160863167e+03,4.805611883548058927e+01,4.805611883548058927e+01,4.805611883548058927e+01
4.150000000000000000e+03,0.000000000000000000e+00,0.000000000000000000e+00,6.486955783932521058e+01,1.365459973952268683e+03,0.000000000000000000e+00,0.000000000000000000e+00,0.000000000000000000e+00,0.000000000000000000e+00,0.000000000000000000e+00,0.000000000000000000e+00,0.000000000000000000e+00,0.000000000000000000e+00,0.000000000000000000e+00,0.000000000000000000e+00,2.079171440098260746e+02,6.674460949372304697e+01,6.674460949372304697e+01,6.674460949372304697e+01,6.674460949372304697e+01,0.000000000000000000e+00,1.996499032233551816e+02,1.099460298778727520e+03,4.805611883548058927e+01,4.805611883548058927e+01,4.805611883548058927e+01
4.160000000000000000e+03,0.000000000000000000e+00,0.000000000000000000e+00,4.949043332654724026e+01,1.366103838296763797e+03,0.000000000000000000e+00,0.000000000000000000e+00,0.000000000000000000e+00,0.000000000000000000e+00,0.000000000000000000e+00,0.000000000000000000e+00,0.000000000000000000e+00,0.000000000000000000e+00,0.000000000000000000e+00,0.000000000000000000e+00,2.079171440098260746e+02,6.674460949372304697e+01,6.674460949372304697e+01,6.674460949372304697e+01,6.674460949372304697e+01,0.000000000000000000e+00,1.878079773485161468e+02,1.099956074323988787e+03,4.805611883548058927e+01,4.805611883548058927e+01,4.805611883548058927e+01
4.170000000000000000e+03,0.000000000000000000e+00,0.000000000000000000e+00,3.410503389646707717e+01,1.366574493638353033e+03,0.000000000000000000e+00,0.000000000000000000e+00,0.000000000000000000e+00,0.000000000000000000e+00,0.000000000000000000e+00,0.000000000000000000e+00,0.000000000000000000e+00,0.000000000000000000e+00,0.000000000000000000e+00,0.000000000000000000e+00,2.079171440098260746e+02,6.674460949372304697e+01,6.674460949372304697e+01,6.674460949372304697e+01,6.674460949372304697e+01,0.000000000000000000e+00,1.759612197873544233e+02,1.100318478937012515e+03,4.805611883548058927e+01,4.805611883548058927e+01,4.805611883548058927e+01
4.180000000000000000e+03,0.000000000000000000e+00,0.000000000000000000e+00,1.871531027173224615e+01,1.366871880302405089e+03,0.000000000000000000e+00,0.000000000000000000e+00,0.000000000000000000e+00,0.000000000000000000e+00,0.000000000000000000e+00,0.000000000000000000e+00,0.000000000000000000e+00,0.000000000000000000e+00,0.000000000000000000e+00,0.000000000000000000e+00,2.079171440098260746e+02,6.674460949372304697e+01,6.674460949372304697e+01,6.674460949372304697e+01,6.674460949372304697e+01,0.000000000000000000e+00,1.641111325963086074e+02,1.100547466668332618e+03,4.805611883548058927e+01,4.805611883548058927e+01,4.805611883548058927e+01
4.190000000000000000e+03,0.000000000000000000e+00,0.000000000000000000e+00,3.323213723255916019e+00,1.366995960583113629e+03,0.000000000000000000e+00,0.000000000000000000e+00,0.000000000000000000e+00,0.000000000000000000e+00,0.000000000000000000e+00,0.000000000000000000e+00,0.000000000000000000e+00,0.000000000000000000e+00,0.000000000000000000e+00,0.000000000000000000e+00,2.079171440098260746e+02,6.674460949372304697e+01,6.674460949372304697e+01,6.674460949372304697e+01,6.674460949372304697e+01,0.000000000000000000e+00,1.522592182539818282e+02,1.100643008484478287e+03,4.805611883548058927e+01,4.805611883548058927e+01,4.805611883548058927e+01
4.200000000000000000e+03,0.000000000000000000e+00,1.206930417718331228e+01,0.000000000000000000e+00,1.366946718748275998e+03,0.000000000000000000e+00,0.000000000000000000e+00,0.000000000000000000e+00,0.000000000000000000e+00,3.176475005956731934e+00,1.019697460970962588e+00,1.019697460970962588e+00,1.019697460970962588e+00,1.019697460970962588e+00,0.000000000000000000e+00,2.079171440098260746e+02,6.674460949372304697e+01,6.674460949372304697e+01,6.674460949372304697e+01,6.674460949372304697e+01,9.293364216431150737e+00,1.521462294416614327e+02,1.101390259316600805e+03,4.884128588042823083e+01,4.884128588042823083e+01,4.884128588042823083e+01
4.210000000000000000e+03,0.000000000000000000e+00,2.746029180438705097e+01,0.000000000000000000e+00,1.366724161041290017e+03,0.000000000000000000e+00,0.000000000000000000e+00,0.000000000000000000e+00,0.000000000000000000e+00,7.227171450183025314e+00,2.320033484895566378e+00,2.320033484895566378e+00,2.320033484895566378e+00,2.320033484895566378e+00,0.000000000000000000e+00,2.079171440098260746e+02,6.674460949372304697e+01,6.674460949372304697e+01,6.674460949372304697e+01,6.674460949372304697e+01,2.114442468937803099e+01,1.552652657037156985e+02,1.102220148620643613e+03,4.984254461885017662e+01,4.984254461885017662e+01,4.984254461885017662e+01
4.220000000000000000e+03,0.000000000000000000e+00,4.284779772717740798e+01,0.000000000000000000e+00,1.366328315680360447e+03,0.000000000000000000e+00,0.000000000000000000e+00,0.000000000000000000e+00,0.000000000000000000e+00,1.127695155765246149e+01,3.620075350590493901e+00,3.620075350590493901e+00,3.620075350590493901e+00,3.620075350590493901e+00,0.000000000000000000e+00,2.079171440098260746e+02,6.674460949372304697e+01,6.674460949372304697e+01,6.674460949372304697e+01,6.674460949372304697e+01,3.299280424992660699e+01,1.583835963864671612e+02,1.102916379929312825e+03,5.084357685543527339e+01,5.084357685543527339e+01,5.084357685543527339e+01
4.230000000000000000e+03,0.000000000000000000e+00,5.822987095582476513e+01,0.000000000000000000e+00,1.365759232854923084e+03,0.000000000000000000e+00,0.000000000000000000e+00,0.000000000000000000e+00,0.000000000000000000e+00,1.532530185467823713e+01,4.919658225084062586e+00,4.919658225084062586e+00,4.919658225084062586e+00,4.919658225084062586e+00,0.000000000000000000e+00,2.079171440098260746e+02,6.674460949372304697e+01,6.674460949372304697e+01,6.674460949372304697e+01,6.674460949372304697e+01,4.483700063598507057e+01,1.615008261151770057e+02,1.103478864967086110e+03,5.184425566879531999e+01,5.184425566879531999e+01,5.184425566879531999e+01
4.240000000000000000e+03,0.000000000000000000e+00,7.360456118941236525e+01,0.000000000000000000e+00,1.365016984719279662e+03,0.000000000000000000e+00,0.000000000000000000e+00,0.000000000000000000e+00,0.000000000000000000e+00,1.937170904885962841e+01,6.218617333600216845e+00,6.218617333600216845e+00,6.218617333600216845e+00,6.218617333600216845e+00,0.000000000000000000e+00,2.079171440098260746e+02,6.674460949372304697e+01,6.674460949372304697e+01,6.674460949372304697e+01,6.674460949372304697e+01,5.667551211584752480e+01,1.646165596546966867e+02,1.103907532416198137e+03,5.284445418235275582e+01,5.284445418235275582e+01,5.284445418235275582e+01
4.250000000000000000e+03,0.000000000000000000e+00,8.896991906312081255e+01,0.000000000000000000e+00,1.364101665383449927e+03,0.000000000000000000e+00,0.000000000000000000e+00,0.000000000000000000e+00,0.000000000000000000e+00,2.341566009416387573e+01,7.516787980450815532e+00,7.516787980450815532e+00,7.516787980450815532e+00,7.516787980450815532e+00,0.000000000000000000e+00,2.079171440098260746e+02,6.674460949372304697e+01,6.674460949372304697e+01,6.674460949372304697e+01,6.674460949372304697e+01,6.850683767860303419e+01,1.677304019595809450e+02,1.104202327925684131e+03,5.384404558042771782e+01,5.384404558042771782e+01,5.384404558042771782e+01
4.260000000000000000e+03,0.000000000000000000e+00,1.043239963953817124e+02,0.000000000000000000e+00,1.363013390901239973e+03,0.000000000000000000e+00,0.000000000000000000e+00,0.000000000000000000e+00,0.000000000000000000e+00,2.745664225597361607e+01,8.814005569916865568e+00,8.814005569916865568e+00,8.814005569916865568e+00,8.814005569916865568e+00,0.000000000000000000e+00,2.079171440098260746e+02,6.674460949372304697e+01,6.674460949372304697e+01,6.674460949372304697e+01,6.674460949372304697e+01,8.032947722444392014e+01,1.708419582241744479e+02,1.104363214118271344e+03,5.484290312431657810e+01,5.484290312431657810e+01,5.484290312431657810e+01
4.270000000000000000e+03,0.000000000000000000e+00,1.196648464348923113e+02,0.000000000000000000e+00,1.361752299255526623e+03,0.000000000000000000e+00,0.000000000000000000e+00,0.000000000000000000e+00,0.000000000000000000e+00,3.149414317609775793e+01,1.011010562711800453e+01,1.011010562711800453e+01,1.011010562711800453e+01,1.011010562711800453e+01,0.000000000000000000e+00,2.079171440098260746e+02,6.674460949372304697e+01,6.674460949372304697e+01,6.674460949372304697e+01,6.674460949372304697e+01,9.214193175486708753e+01,1.739508339326700366e+02,1.104390170595117070e+03,5.584090016836145054e+01,5.584090016836145054e+01,5.584090016836145054e+01
4.280000000000000000e+03,0.000000000000000000e+00,1.349905241074486923e+02,0.000000000000000000e+00,1.360318550340763522e+03,0.000000000000000000e+00,0.000000000000000000e+00,0.000000000000000000e+00,0.000000000000000000e+00,3.552765093773456329e+01,1.140492381886667062e+01,1.140492381886667062e+01,1.140492381886667062e+01,1.140492381886667062e+01,0.000000000000000000e+00,2.079171440098260746e+02,6.674460949372304697e+01,6.674460949372304697e+01,6.674460949372304697e+01,6.674460949372304697e+01,1.039427035627355025e+02,1.770566349091303664e+02,1.104283193938395925e+03,5.683791017600792372e+01,5.683791017600792372e+01,5.683791017600792372e+01
4.290000000000000000e+03,0.000000000000000000e+00,1.502990862625553916e+02,0.000000000000000000e+00,1.358712325942706912e+03,0.000000000000000000e+00,0.000000000000000000e+00,0.000000000000000000e+00,0.000000000000000000e+00,3.955665413037595357e+01,1.269829597450336145e+01,1.269829597450336145e+01,1.269829597450336145e+01,1.269829597450336145e+01,0.000000000000000000e+00,2.079171440098260746e+02,6.674460949372304697e+01,6.674460949372304697e+01,6.674460949372304697e+01,6.674460949372304697e+01,1.157302964221676547e+02,1.801589673674642427e+02,1.104042297711732544e+03,5.783380673584817799e+01,5.783380673584817799e+01,5.783380673584817799e+01
4.300000000000000000e+03,0.000000000000000000e+00,1.655885919198034628e+02,0.000000000000000000e+00,1.356933829715368574e+03,0.000000000000000000e+00,0.000000000000000000e+00,0.000000000000000000e+00,0.000000000000000000e+00,4.358064191465076220e+01,1.399005810671233618e+01,1.399005810671233618e+01,1.399005810671233618e+01,1.399005810671233618e+01,0.000000000000000000e+00,2.079171440098260746e+02,6.674460949372304697e+01,6.674460949372304697e+01,6.674460949372304697e+01,6.674460949372304697e+01,1.275032157782486735e+02,1.832574379613558335e+02,1.103667512458482861e+03,5.882846357764908873e+01,5.882846357764908873e+01,5.882846357764908873e+01
4.310000000000000000e+03,0.000000000000000000e+00,1.808571025149657316e+02,0.000000000000000000e+00,1.354983287155192556e+03,0.000000000000000000e+00,0.000000000000000000e+00,0.000000000000000000e+00,0.000000000000000000e+00,4.759910408709367857e+01,1.528004643231344772e+01,1.528004643231344772e+01,1.528004643231344772e+01,1.528004643231344772e+01,0.000000000000000000e+00,2.079171440098260746e+02,6.674460949372304697e+01,6.674460949372304697e+01,6.674460949372304697e+01,6.674460949372304697e+01,1.392599689365236202e+02,1.863516538341368971e+02,1.103158885697860342e+03,5.982175458836194082e+01,5.982175458836194082e+01,5.982175458836194082e+01
4.320000000000000000e+03,0.000000000000000000e+00,1.961026821457933522e+02,0.000000000000000000e+00,1.352860945572465653e+03,0.000000000000000000e+00,0.000000000000000000e+00,0.000000000000000000e+00,0.000000000000000000e+00,5.161153114483552429e+01,1.656809739302869744e+01,1.656809739302869744e+01,1.656809739302869744e+01,1.656809739302869744e+01,0.000000000000000000e+00,2.079171440098260746e+02,6.674460949372304697e+01,6.674460949372304697e+01,6.674460949372304697e+01,6.674460949372304697e+01,1.509990652522608912e+02,1.894412226685981295e+02,1.102516481918911268e+03,6.081355382811268839e+01,6.081355382811268839e+01,6.081355382811268839e+01
4.330000000000000000e+03,0.000000000000000000e+00,2.113233978174624497e+02,0.000000000000000000e+00,1.350567074059960305e+03,0.000000000000000000e+00,0.000000000000000000e+00,0.000000000000000000e+00,0.000000000000000000e+00,5.561741435020140045e+01,1.785404767621926325e+01,1.785404767621926325e+01,1.785404767621926325e+01,1.785404767621926325e+01,0.000000000000000000e+00,2.079171440098260746e+02,6.674460949372304697e+01,6.674460949372304697e+01,6.674460949372304697e+01,6.674460949372304697e+01,1.627190163194460979e+02,1.925257527367298280e+02,1.101740382572339058e+03,6.180373554616942045e+01,6.180373554616942045e+01,6.180373554616942045e+01
4.340000000000000000e+03,0.000000000000000000e+00,2.265173196876633881e+02,0.000000000000000000e+00,1.348101963458816726e+03,0.000000000000000000e+00,0.000000000000000000e+00,0.000000000000000000e+00,0.000000000000000000e+00,5.961624579521483724e+01,1.913773423559229769e+01,1.913773423559229769e+01,1.913773423559229769e+01,1.913773423559229769e+01,0.000000000000000000e+00,2.079171440098260746e+02,6.674460949372304697e+01,6.674460949372304697e+01,6.674460949372304697e+01,6.674460949372304697e+01,1.744183361595008250e+02,1.956048529493901924e+02,1.100830686060175594e+03,6.279217419688666268e+01,6.279217419688666268e+01,6.279217419688666268e+01
4.350000000000000000e+03,0.000000000000000000e+00,2.416825213112896904e+02,0.000000000000000000e+00,1.345465926321665847e+03,0.000000000000000000e+00,0.000000000000000000e+00,0.000000000000000000e+00,0.000000000000000000e+00,6.360751846599655579e+01,2.041899431187395919e+01,2.041899431187395919e+01,2.041899431187395919e+01,2.041899431187395919e+01,0.000000000000000000e+00,2.079171440098260746e+02,6.674460949372304697e+01,6.674460949372304697e+01,6.674460949372304697e+01,6.674460949372304697e+01,1.860955414096930554e+02,1.986781329058921131e+02,1.099787507723306362e+03,6.377874445562353856e+01,6.377874445562353856e+01,6.377874445562353856e+01
4.360000000000000000e+03,0.000000000000000000e+00,2.568170798846861658e+02,0.000000000000000000e+00,1.342659296873001495e+03,0.000000000000000000e+00,0.000000000000000000e+00,0.000000000000000000e+00,0.000000000000000000e+00,6.759072630704721973e+01,2.169766545344513275e+01,2.169766545344513275e+01,2.169766545344513275e+01,2.169766545344513275e+01,0.000000000000000000e+00,2.079171440098260746e+02,6.674460949372304697e+01,6.674460949372304697e+01,6.674460949372304697e+01,6.674460949372304697e+01,1.977491515112083391e+02,2.017452029435011127e+02,1.098610979826844641e+03,6.476332123463333801e+01,6.476332123463333801e+01,6.476332123463333801e+01
4.370000000000000000e+03,0.000000000000000000e+00,2.719190764894466952e+02,0.000000000000000000e+00,1.339682430966804304e+03,0.000000000000000000e+00,0.000000000000000000e+00,0.000000000000000000e+00,0.000000000000000000e+00,7.156536428541164696e+01,2.297358553693914729e+01,2.297358553693914729e+01,2.297358553693914729e+01,2.297358553693914729e+01,0.000000000000000000e+00,2.079171440098260746e+02,6.674460949372304697e+01,6.674460949372304697e+01,6.674460949372304697e+01,6.674460949372304697e+01,2.093776888968739627e+02,2.048056741868417419e+02,1.097301251543363151e+03,6.574577969892374085e+01,6.574577969892374085e+01,6.574577969892374085e+01
4.380000000000000000e+03,0.000000000000000000e+00,2.869865963357126475e+02,0.000000000000000000e+00,1.336535706041422145e+03,0.000000000000000000e+00,0.000000000000000000e+00,0.000000000000000000e+00,0.000000000000000000e+00,7.553092845471164196e+01,2.424659278779730442e+01,2.424659278779730442e+01,2.424659278779730442e+01,2.424659278779730442e+01,0.000000000000000000e+00,2.079171440098260746e+02,6.674460949372304697e+01,6.674460949372304697e+01,6.674460949372304697e+01,6.674460949372304697e+01,2.209796791784987420e+02,2.078591585972027360e+02,1.095858488933979515e+03,6.672599528208451147e+01,6.672599528208451147e+01,6.672599528208451147e+01
4.390000000000000000e+03,0.000000000000000000e+00,3.020177290049547878e+02,0.000000000000000000e+00,1.333219521071713643e+03,0.000000000000000000e+00,0.000000000000000000e+00,0.000000000000000000e+00,0.000000000000000000e+00,7.948691601904279480e+01,2.551652580078073385e+01,2.551652580078073385e+01,2.551652580078073385e+01,2.551652580078073385e+01,0.000000000000000000e+00,2.079171440098260746e+02,6.674460949372304697e+01,6.674460949372304697e+01,6.674460949372304697e+01,6.674460949372304697e+01,2.325536513338151963e+02,2.109052690217377233e+02,1.094282874927301464e+03,6.770384370208175540e+01,6.770384370208175540e+01,6.770384370208175540e+01
4.400000000000000000e+03,0.000000000000000000e+00,3.170105686921889401e+02,0.000000000000000000e+00,1.329734296518464362e+03,0.000000000000000000e+00,0.000000000000000000e+00,0.000000000000000000e+00,0.000000000000000000e+00,8.343282539672242137e+01,2.678322356043445041e+01,2.678322356043445041e+01,2.678322356043445041e+01,2.678322356043445041e+01,0.000000000000000000e+00,2.079171440098260746e+02,6.674460949372304697e+01,6.674460949372304697e+01,6.674460949372304697e+01,6.674460949372304697e+01,2.440981378929854770e+02,2.139436192425510228e+02,1.092574609296232666e+03,6.867920097701511395e+01,6.867920097701511395e+01,6.867920097701511395e+01
4.410000000000000000e+03,0.000000000000000000e+00,3.319632144476190660e+02,0.000000000000000000e+00,1.326080474275073584e+03,0.000000000000000000e+00,0.000000000000000000e+00,0.000000000000000000e+00,0.000000000000000000e+00,8.736815628388656307e+01,2.804652546150300552e+01,2.804652546150300552e+01,2.804652546150300552e+01,2.804652546150300552e+01,0.000000000000000000e+00,2.079171440098260746e+02,6.674460949372304697e+01,6.674460949372304697e+01,6.674460949372304697e+01,6.674460949372304697e+01,2.556116751246666752e+02,2.169738240256673976e+02,1.090733908632644670e+03,6.965194344083789701e+01,6.965194344083789701e+01,6.965194344083789701e+01
4.420000000000000000e+03,0.000000000000000000e+00,3.468737704176568286e+02,0.000000000000000000e+00,1.322258517611529214e+03,0.000000000000000000e+00,0.000000000000000000e+00,0.000000000000000000e+00,0.000000000000000000e+00,9.129240971792316373e+01,2.930627132929347667e+01,2.930627132929347667e+01,2.930627132929347667e+01,2.930627132929347667e+01,0.000000000000000000e+00,2.079171440098260746e+02,6.674460949372304697e+01,6.674460949372304697e+01,6.674460949372304697e+01,6.674460949372304697e+01,2.670928032215957728e+02,2.199954991698755862e+02,1.088761006319914031e+03,7.062194775903657273e+01,7.062194775903657273e+01,7.062194775903657273e+01
4.430000000000000000e+03,0.000000000000000000e+00,3.617403460853029742e+02,0.000000000000000000e+00,1.318268911115666697e+03,0.000000000000000000e+00,0.000000000000000000e+00,0.000000000000000000e+00,0.000000000000000000e+00,9.520508814073703263e+01,3.056230143998452320e+01,3.056230143998452320e+01,3.056230143998452320e+01,3.056230143998452320e+01,0.000000000000000000e+00,2.079171440098260746e+02,6.674460949372304697e+01,6.674460949372304697e+01,6.674460949372304697e+01,6.674460949372304697e+01,2.785400664856832691e+02,2.230082615554422887e+02,1.086656152503332123e+03,7.158909094426867625e+01,7.158909094426867625e+01,7.158909094426867625e+01
4.440000000000000000e+03,0.000000000000000000e+00,3.765610565098396023e+02,0.000000000000000000e+00,1.314112160631729921e+03,0.000000000000000000e+00,0.000000000000000000e+00,0.000000000000000000e+00,0.000000000000000000e+00,9.910569546183363343e+01,3.181445654087724151e+01,3.181445654087724151e+01,3.181445654087724151e+01,3.181445654087724151e+01,0.000000000000000000e+00,2.079171440098260746e+02,6.674460949372304697e+01,6.674460949372304697e+01,6.674460949372304697e+01,6.674460949372304697e+01,2.899520135125765137e+02,2.260117291926866585e+02,1.084419614058388106e+03,7.255325037195606797e+01,7.255325037195606797e+01,7.255325037195606797e+01
4.450000000000000000e+03,0.000000000000000000e+00,3.913340225658265012e+02,0.000000000000000000e+00,1.309788793196234792e+03,0.000000000000000000e+00,0.000000000000000000e+00,0.000000000000000000e+00,0.000000000000000000e+00,1.029937371212195956e+02,3.306257787058721220e+01,3.306257787058721220e+01,3.306257787058721220e+01,3.306257787058721220e+01,0.000000000000000000e+00,2.079171440098260746e+02,6.674460949372304697e+01,6.674460949372304697e+01,6.674460949372304697e+01,6.674460949372304697e+01,3.013271973756864099e+02,2.290055212704138512e+02,1.082051674556933676e+03,7.351430379583274544e+01,7.351430379583274544e+01,7.351430379583274544e+01
4.460000000000000000e+03,0.000000000000000000e+00,4.060573711813597697e+02,0.000000000000000000e+00,1.305299356971144562e+03,0.000000000000000000e+00,0.000000000000000000e+00,0.000000000000000000e+00,0.000000000000000000e+00,1.068687201521090913e+02,3.430650717917419001e+01,3.430650717917419001e+01,3.430650717917419001e+01,3.430650717917419001e+01,0.000000000000000000e+00,2.079171440098260746e+02,6.674460949372304697e+01,6.674460949372304697e+01,6.674460949372304697e+01,6.674460949372304697e+01,3.126641758096470198e+02,2.319892582041987623e+02,1.079552634231225966e+03,7.447212936344470791e+01,7.447212936344470791e+01,7.447212936344470791e+01
4.470000000000000000e+03,0.000000000000000000e+00,4.207292355755525364e+02,0.000000000000000000e+00,1.300644421174369654e+03,0.000000000000000000e+00,0.000000000000000000e+00,0.000000000000000000e+00,0.000000000000000000e+00,1.107301532434255620e+02,3.554608674820615732e+01,3.554608674820615732e+01,3.554608674820615732e+01,3.554608674820615732e+01,0.000000000000000000e+00,2.079171440098260746e+02,6.674460949372304697e+01,6.674460949372304697e+01,6.674460949372304697e+01,6.674460949372304697e+01,3.239615113931754422e+02,2.349625616845124512e+02,1.076922809935864052e+03,7.542660563159932963e+01,7.542660563159932963e+01,7.542660563159932963e+01
4.480000000000000000e+03,0.000000000000000000e+00,4.353477554952299329e+02,0.000000000000000000e+00,1.295824576007595851e+03,0.000000000000000000e+00,0.000000000000000000e+00,0.000000000000000000e+00,0.000000000000000000e+00,1.145775468020965491e+02,3.678115941075689221e+01,3.678115941075689221e+01,3.678115941075689221e+01,3.678115941075689221e+01,0.000000000000000000e+00,2.079171440098260746e+02,6.674460949372304697e+01,6.674460949372304697e+01,6.674460949372304697e+01,6.674460949372304697e+01,3.352177717313270477e+02,2.379250547246891188e+02,1.074162535107612257e+03,7.637761158176340359e+01,7.637761158176340359e+01,7.637761158176340359e+01
4.490000000000000000e+03,0.000000000000000000e+00,4.499110774507889801e+02,0.000000000000000000e+00,1.290840432581451978e+03,0.000000000000000000e+00,0.000000000000000000e+00,0.000000000000000000e+00,0.000000000000000000e+00,1.184104130151287393e+02,3.801156857133302935e+01,3.801156857133302935e+01,3.801156857133302935e+01,3.801156857133302935e+01,0.000000000000000000e+00,2.079171440098260746e+02,6.674460949372304697e+01,6.674460949372304697e+01,6.674460949372304697e+01,6.674460949372304697e+01,3.464315296371075306e+02,2.408763617087238913e+02,1.071272159723125242e+03,7.732502663540702770e+01,7.732502663540702770e+01,7.732502663540702770e+01
4.500000000000000000e+03,0.000000000000000000e+00,4.644173549512082104e+02,0.000000000000000000e+00,1.285692622838026409e+03,0.000000000000000000e+00,0.000000000000000000e+00,0.000000000000000000e+00,0.000000000000000000e+00,1.222282659114593315e+02,3.923715822572930989e+01,3.923715822572930989e+01,3.923715822572930989e+01,3.923715822572930989e+01,0.000000000000000000e+00,2.079171440098260746e+02,6.674460949372304697e+01,6.674460949372304697e+01,6.674460949372304697e+01,6.674460949372304697e+01,3.576013633124303510e+02,2.438161084388984534e+02,1.068252050254572396e+03,7.826873066929215383e+01,7.826873066929215383e+01,7.826873066929215383e+01
4.510000000000000000e+03,0.000000000000000000e+00,4.788647487381583119e+02,0.000000000000000000e+00,1.280381799470743999e+03,0.000000000000000000e+00,0.000000000000000000e+00,0.000000000000000000e+00,0.000000000000000000e+00,1.260306214235706932e+02,4.045777298080782458e+01,4.045777298080782458e+01,4.045777298080782458e+01,4.045777298080782458e+01,0.000000000000000000e+00,2.079171440098260746e+02,6.674460949372304697e+01,6.674460949372304697e+01,6.674460949372304697e+01,6.674460949372304697e+01,3.687258565283818825e+02,2.467439221832241856e+02,1.065102589623175618e+03,7.920860403070261668e+01,7.920860403070261668e+01,7.920860403070261668e+01
4.520000000000000000e+03,0.000000000000000000e+00,4.932514270192072559e+02,0.000000000000000000e+00,1.274908635841610248e+03,0.000000000000000000e+00,0.000000000000000000e+00,0.000000000000000000e+00,0.000000000000000000e+00,1.298169974488667435e+02,4.167325807420078831e+01,4.167325807420078831e+01,4.167325807420078831e+01,4.167325807420078831e+01,0.000000000000000000e+00,2.079171440098260746e+02,6.674460949372304697e+01,6.674460949372304697e+01,6.674460949372304697e+01,6.674460949372304697e+01,3.798035988047896012e+02,2.496594317227021520e+02,1.061824177150655032e+03,8.014452755261518746e+01,8.014452755261518746e+01,8.014452755261518746e+01
4.530000000000000000e+03,0.000000000000000000e+00,5.075755657000717633e+02,0.000000000000000000e+00,1.269273825895835671e+03,0.000000000000000000e+00,0.000000000000000000e+00,0.000000000000000000e+00,0.000000000000000000e+00,1.335869139107984438e+02,4.288345939393273198e+01,4.288345939393273198e+01,4.288345939393273198e+01,4.288345939393273198e+01,0.000000000000000000e+00,2.079171440098260746e+02,6.674460949372304697e+01,6.674460949372304697e+01,6.674460949372304697e+01,6.674460949372304697e+01,3.908331855890552902e+02,2.525622673983895652e+02,1.058417228508602420e+03,8.107638256880879624e+01,8.107638256880879624e+01,8.107638256880879624e+01
4.540000000000000000e+03,0.000000000000000000e+00,5.218353486158998749e+02,0.000000000000000000e+00,1.263478084073848322e+03,0.000000000000000000e+00,0.000000000000000000e+00,0.000000000000000000e+00,0.000000000000000000e+00,1.373398928197339899e+02,4.408822349796084694e+01,4.408822349796084694e+01,4.408822349796084694e+01,4.408822349796084694e+01,0.000000000000000000e+00,2.079171440098260746e+02,6.674460949372304697e+01,6.674460949372304697e+01,6.674460949372304697e+01,6.674460949372304697e+01,4.018132184342429127e+02,2.554520611582699416e+02,1.054882175665773730e+03,8.200405092891044490e+01,8.200405092891044490e+01,8.200405092891044490e+01
4.550000000000000000e+03,0.000000000000000000e+00,5.360289677615364781e+02,0.000000000000000000e+00,1.257522145220711991e+03,0.000000000000000000e+00,0.000000000000000000e+00,0.000000000000000000e+00,0.000000000000000000e+00,1.410754583335617838e+02,4.528739763362938220e+01,4.528739763362938220e+01,4.528739763362938220e+01,4.528739763362938220e+01,0.000000000000000000e+00,2.079171440098260746e+02,6.674460949372304697e+01,6.674460949372304697e+01,6.674460949372304697e+01,6.674460949372304697e+01,4.127423051763830699e+02,2.583284466039173140e+02,1.051219466833323395e+03,8.292741501337522436e+01,8.292741501337522436e+01,8.292741501337522436e+01
4.560000000000000000e+03,0.000000000000000000e+00,5.501546235207646305e+02,0.000000000000000000e+00,1.251406764492954835e+03,0.000000000000000000e+00,0.000000000000000000e+00,0.000000000000000000e+00,0.000000000000000000e+00,1.447931368180233846e+02,4.648082975703754016e+01,4.648082975703754016e+01,4.648082975703754016e+01,4.648082975703754016e+01,0.000000000000000000e+00,2.079171440098260746e+02,6.674460949372304697e+01,6.674460949372304697e+01,6.674460949372304697e+01,6.674460949372304697e+01,4.236190601109887552e+02,2.611910590369527654e+02,1.047429566407974789e+03,8.384635774839949818e+01,8.384635774839949818e+01,8.384635774839949818e+01
4.570000000000000000e+03,0.000000000000000000e+00,5.642105248944832283e+02,0.000000000000000000e+00,1.245132717262819142e+03,0.000000000000000000e+00,0.000000000000000000e+00,0.000000000000000000e+00,0.000000000000000000e+00,1.484924569067668756e+02,4.766836855231745318e+01,4.766836855231745318e+01,4.766836855231745318e+01,4.766836855231745318e+01,0.000000000000000000e+00,2.079171440098260746e+02,6.674460949372304697e+01,6.674460949372304697e+01,6.674460949372304697e+01,6.674460949372304697e+01,4.344421041687521097e+02,2.640395355052852437e+02,1.043512954913135673e+03,8.476076262076503554e+01,8.476076262076503554e+01,8.476076262076503554e+01
4.580000000000000000e+03,0.000000000000000000e+00,5.781948897277820834e+02,0.000000000000000000e+00,1.238700799019956321e+03,0.000000000000000000e+00,0.000000000000000000e+00,0.000000000000000000e+00,0.000000000000000000e+00,1.521729495611098457e+02,4.884986345081907899e+01,4.884986345081907899e+01,4.884986345081907899e+01,4.884986345081907899e+01,0.000000000000000000e+00,2.079171440098260746e+02,6.674460949372304697e+01,6.674460949372304697e+01,6.674460949372304697e+01,6.674460949372304697e+01,4.452100650903922201e+02,2.668735148491293785e+02,1.039470128937977734e+03,8.567051369261128002e+01,8.567051369261128002e+01,8.567051369261128002e+01
4.590000000000000000e+03,0.000000000000000000e+00,5.921059449359062228e+02,0.000000000000000000e+00,1.232111825270562576e+03,0.000000000000000000e+00,0.000000000000000000e+00,0.000000000000000000e+00,0.000000000000000000e+00,1.558341481295100834e+02,5.002516465020119796e+01,5.002516465020119796e+01,5.002516465020119796e+01,5.002516465020119796e+01,0.000000000000000000e+00,2.079171440098260746e+02,6.674460949372304697e+01,6.674460949372304697e+01,6.674460949372304697e+01,6.674460949372304697e+01,4.559215776006478222e+02,2.696926377467975158e+02,1.035301601074468863e+03,8.657549561613551248e+01,8.657549561613551248e+01,8.657549561613551248e+01
4.600000000000000000e+03,0.000000000000000000e+00,6.059419267290649032e+02,0.000000000000000000e+00,1.225366631433983684e+03,0.000000000000000000e+00,0.000000000000000000e+00,0.000000000000000000e+00,0.000000000000000000e+00,1.594755884067322427e+02,5.119412313342478882e+01,5.119412313342478882e+01,5.119412313342478882e+01,5.119412313342478882e+01,0.000000000000000000e+00,2.079171440098260746e+02,6.674460949372304697e+01,6.674460949372304697e+01,6.674460949372304697e+01,6.674460949372304697e+01,4.665752835813800061e+02,2.724965467602585818e+02,1.031007899852384980e+03,8.747559364821768213e+01,8.747559364821768213e+01,8.747559364821768213e+01
4.610000000000000000e+03,0.000000000000000000e+00,6.197010808360668079e+02,0.000000000000000000e+00,1.218466072736787737e+03,0.000000000000000000e+00,0.000000000000000000e+00,0.000000000000000000e+00,0.000000000000000000e+00,1.630968086927055651e+02,5.235659068764731927e+01,5.235659068764731927e+01,5.235659068764731927e+01,5.235659068764731927e+01,0.000000000000000000e+00,2.079171440098260746e+02,6.674460949372304697e+01,6.674460949372304697e+01,6.674460949372304697e+01,6.674460949372304697e+01,4.771698322437714523e+02,2.752848863804580333e+02,1.026589569672295511e+03,8.837069366496902489e+01,8.837069366496902489e+01,8.837069366496902489e+01
4.620000000000000000e+03,0.000000000000000000e+00,6.333816627267392505e+02,0.000000000000000000e+00,1.211411024104334047e+03,0.000000000000000000e+00,0.000000000000000000e+00,0.000000000000000000e+00,0.000000000000000000e+00,1.666973498510614320e+02,5.351241992301418549e+01,5.351241992301418549e+01,5.351241992301418549e+01,5.351241992301418549e+01,0.000000000000000000e+00,2.079171440098260746e+02,6.674460949372304697e+01,6.674460949372304697e+01,6.674460949372304697e+01,6.674460949372304697e+01,4.877038802995892297e+02,2.780573030723920738e+02,1.022047170736538760e+03,8.926068217620151302e+01,8.926068217620151302e+01,8.926068217620151302e+01
4.630000000000000000e+03,0.000000000000000000e+00,6.469819378331204689e+02,0.000000000000000000e+00,1.204202380049840485e+03,0.000000000000000000e+00,0.000000000000000000e+00,0.000000000000000000e+00,0.000000000000000000e+00,1.702767553673484144e+02,5.466146429134661844e+01,5.466146429134661844e+01,5.466146429134661844e+01,5.466146429134661844e+01,0.000000000000000000e+00,2.079171440098260746e+02,6.674460949372304697e+01,6.674460949372304697e+01,6.674460949372304697e+01,6.674460949372304697e+01,4.981760921315027986e+02,2.808134453199330665e+02,1.017381278978194700e+03,9.014544633981748234e+01,9.014544633981748234e+01,9.014544633981748234e+01
4.640000000000000000e+03,0.000000000000000000e+00,6.605001817693905650e+02,0.000000000000000000e+00,1.196841054560964722e+03,0.000000000000000000e+00,0.000000000000000000e+00,0.000000000000000000e+00,0.000000000000000000e+00,1.738345714069147903e+02,5.580357810472287383e+01,5.580357810472287383e+01,5.580357810472287383e+01,5.580357810472287383e+01,0.000000000000000000e+00,2.079171440098260746e+02,6.674460949372304697e+01,6.674460949372304697e+01,6.674460949372304697e+01,6.674460949372304697e+01,5.085851399624307305e+02,2.835529636703991514e+02,1.012592485988060048e+03,9.102487397611720610e+01,9.102487397611720610e+01,9.102487397611720610e+01
4.650000000000000000e+03,0.000000000000000000e+00,6.739346805505002749e+02,0.000000000000000000e+00,1.189327980983923226e+03,0.000000000000000000e+00,0.000000000000000000e+00,0.000000000000000000e+00,0.000000000000000000e+00,1.773703468724487493e+02,5.693861655394953658e+01,5.693861655394953658e+01,5.693861655394953658e+01,5.693861655394953658e+01,0.000000000000000000e+00,2.079171440098260746e+02,6.674460949372304697e+01,6.674460949372304697e+01,6.674460949372304697e+01,6.674460949372304697e+01,5.189297040238852787e+02,2.862755107788602800e+02,1.007681398939642577e+03,9.189885358202172938e+01,9.189885358202172938e+01,9.189885358202172938e+01
4.660000000000000000e+03,0.000000000000000000e+00,6.872837308094923401e+02,0.000000000000000000e+00,1.181664111905149412e+03,0.000000000000000000e+00,0.000000000000000000e+00,0.000000000000000000e+00,0.000000000000000000e+00,1.808836334611743837e+02,5.806643572692232880e+01,5.806643572692232880e+01,5.806643572692232880e+01,5.806643572692232880e+01,0.000000000000000000e+00,2.079171440098260746e+02,6.674460949372304697e+01,6.674460949372304697e+01,6.674460949372304697e+01,6.674460949372304697e+01,5.292084727233091144e+02,2.889807414521790179e+02,1.002648640512175803e+03,9.276727434521077953e+01,9.276727434521077953e+01,9.276727434521077953e+01
4.670000000000000000e+03,0.000000000000000000e+00,7.005456400134697788e+02,0.000000000000000000e+00,1.173850419030515923e+03,0.000000000000000000e+00,0.000000000000000000e+00,0.000000000000000000e+00,0.000000000000000000e+00,1.843739857216916391e+02,5.918689262687256303e+01,5.918689262687256303e+01,5.918689262687256303e+01,5.918689262687256303e+01,0.000000000000000000e+00,2.079171440098260746e+02,6.674460949372304697e+01,6.674460949372304697e+01,6.674460949372304697e+01,6.674460949372304697e+01,5.394201428103717717e+02,2.916683126927773628e+02,9.974948488116697263e+02,9.363002615817245555e+01,9.363002615817245555e+01,9.363002615817245555e+01
4.680000000000000000e+03,0.000000000000000000e+00,7.137187266781983226e+02,0.000000000000000000e+00,1.165887893062129478e+03,0.000000000000000000e+00,0.000000000000000000e+00,0.000000000000000000e+00,0.000000000000000000e+00,1.878409611104565329e+02,6.029984519049822467e+01,6.029984519049822467e+01,6.029984519049822467e+01,6.029984519049822467e+01,0.000000000000000000e+00,2.079171440098260746e+02,6.674460949372304697e+01,6.674460949372304697e+01,6.674460949372304697e+01,6.674460949372304697e+01,5.495634195422127277e+02,2.943378837421263370e+02,9.922206772900038914e+02,9.448699963216421338e+01,9.448699963216421338e+01,9.448699963216421338e+01
4.690000000000000000e+03,0.000000000000000000e+00,7.268013205812950446e+02,0.000000000000000000e+00,1.157777543572721697e+03,0.000000000000000000e+00,0.000000000000000000e+00,0.000000000000000000e+00,0.000000000000000000e+00,1.912841200478897292e+02,6.140515230597564056e+01,6.140515230597564056e+01,6.140515230597564056e+01,6.140515230597564056e+01,0.000000000000000000e+00,2.079171440098260746e+02,6.674460949372304697e+01,6.674460949372304697e+01,6.674460949372304697e+01,6.674460949372304697e+01,5.596370168475972378e+02,2.969891161239498842e+02,9.868267946620775319e+02,9.533808611108183584e+01,9.533808611108183584e+01,9.533808611108183584e+01
4.700000000000000000e+03,0.000000000000000000e+00,7.397917629740016991e+02,0.000000000000000000e+00,1.149520398877644311e+03,0.000000000000000000e+00,0.000000000000000000e+00,0.000000000000000000e+00,0.000000000000000000e+00,1.947030259741121938e+02,6.250267383085147088e+01,6.250267383085147088e+01,6.250267383085147088e+01,6.250267383085147088e+01,0.000000000000000000e+00,2.079171440098260746e+02,6.674460949372304697e+01,6.674460949372304697e+01,6.674460949372304697e+01,6.674460949372304697e+01,5.696396574899813459e+02,2.996216736871411968e+02,9.813138848210223841e+02,9.618317768523621680e+01,9.618317768523621680e+01,9.618317768523621680e+01
4.710000000000000000e+03,0.000000000000000000e+00,7.526884067914961634e+02,0.000000000000000000e+00,1.141117505904488098e+03,0.000000000000000000e+00,0.000000000000000000e+00,0.000000000000000000e+00,0.000000000000000000e+00,1.980972454042963022e+02,6.359227060981135793e+01,6.359227060981135793e+01,6.359227060981135793e+01,6.359227060981135793e+01,0.000000000000000000e+00,2.079171440098260746e+02,6.674460949372304697e+01,6.674460949372304697e+01,6.674460949372304697e+01,6.674460949372304697e+01,5.795700732294520776e+02,3.022352226483828872e+02,9.756826467514911201e+02,9.702216720503534475e+01,9.702216720503534475e+01,9.702216720503534475e+01
4.720000000000000000e+03,0.000000000000000000e+00,7.654896168617285639e+02,0.000000000000000000e+00,1.132569930060340084e+03,0.000000000000000000e+00,0.000000000000000000e+00,0.000000000000000000e+00,0.000000000000000000e+00,2.014663479836286228e+02,6.467380449232372541e+01,6.467380449232372541e+01,6.467380449232372541e+01,6.467380449232372541e+01,0.000000000000000000e+00,2.079171440098260746e+02,6.674460949372304697e+01,6.674460949372304697e+01,6.674460949372304697e+01,6.674460949372304697e+01,5.894270049835309919e+02,3.048294316344688468e+02,9.699337944410317505e+02,9.785494829456985144e+01,9.785494829456985144e+01,9.785494829456985144e+01
4.730000000000000000e+03,0.000000000000000000e+00,7.781937701127394575e+02,0.000000000000000000e+00,1.123878755096705618e+03,0.000000000000000000e+00,0.000000000000000000e+00,0.000000000000000000e+00,0.000000000000000000e+00,2.048099065418733460e+02,6.574713835015555219e+01,6.574713835015555219e+01,6.574713835015555219e+01,6.574713835015555219e+01,0.000000000000000000e+00,2.079171440098260746e+02,6.674460949372304697e+01,6.674460949372304697e+01,6.674460949372304697e+01,6.674460949372304697e+01,5.992092029868093732e+02,3.074039717243172163e+02,9.640680567895637978e+02,9.868141536510036360e+01,9.868141536510036360e+01,9.868141536510036360e+01
4.740000000000000000e+03,0.000000000000000000e+00,7.907992557784529026e+02,0.000000000000000000e+00,1.115045082972094633e+03,0.000000000000000000e+00,0.000000000000000000e+00,0.000000000000000000e+00,0.000000000000000000e+00,2.081274971475340294e+02,6.681213609475905457e+01,6.681213609475905457e+01,6.681213609475905457e+01,6.681213609475905457e+01,0.000000000000000000e+00,2.079171440098260746e+02,6.674460949372304697e+01,6.674460949372304697e+01,6.674460949372304697e+01,6.674460949372304697e+01,6.089154269494086975e+02,3.099585164906759474e+02,9.580861775169579460e+02,9.950146362844506598e+01,9.950146362844506598e+01,9.950146362844506598e+01
4.750000000000000000e+03,0.000000000000000000e+00,8.033044756029097471e+02,0.000000000000000000e+00,1.106070033712302575e+03,0.000000000000000000e+00,0.000000000000000000e+00,0.000000000000000000e+00,0.000000000000000000e+00,2.114186991616050761e+02,6.786866269452681877e+01,6.786866269452681877e+01,6.786866269452681877e+01,6.786866269452681877e+01,0.000000000000000000e+00,2.079171440098260746e+02,6.674460949372304697e+01,6.674460949372304697e+01,6.674460949372304697e+01,6.674460949372304697e+01,6.185444462142405655e+02,3.124927420415106667e+02,9.519889150687392885e+02,1.003149891102662394e+02,1.003149891102662394e+02,1.003149891102662394e+02
4.760000000000000000e+03,0.000000000000000000e+00,8.157078440429047532e+02,0.000000000000000000e+00,1.096954745268407123e+03,0.000000000000000000e+00,0.000000000000000000e+00,0.000000000000000000e+00,0.000000000000000000e+00,2.146830952909030259e+02,6.891658419191192309e+01,6.891658419191192309e+01,6.891658419191192309e+01,6.891658419191192309e+01,0.000000000000000000e+00,2.079171440098260746e+02,6.674460949372304697e+01,6.674460949372304697e+01,6.674460949372304697e+01,6.674460949372304697e+01,6.280950399130366577e+02,3.150063270610701238e+02,9.457770425199262263e+02,1.011218886632527756e+02,1.011218886632527756e+02,1.011218886632527756e+02
4.770000000000000000e+03,0.000000000000000000e+00,8.280077884690228984e+02,0.000000000000000000e+00,1.087700373372482545e+03,0.000000000000000000e+00,0.000000000000000000e+00,0.000000000000000000e+00,0.000000000000000000e+00,2.179202716409765230e+02,6.995576772041287938e+01,6.995576772041287938e+01,6.995576772041287938e+01,6.995576772041287938e+01,0.000000000000000000e+00,2.079171440098260746e+02,6.674460949372304697e+01,6.674460949372304697e+01,6.674460949372304697e+01,6.674460949372304697e+01,6.375659971211476886e+02,3.174989528506266652e+02,9.394513474770101311e+02,1.019220599801984974e+02,1.019220599801984974e+02,1.019220599801984974e+02
4.780000000000000000e+03,0.000000000000000000e+00,8.402027493650317638e+02,0.000000000000000000e+00,1.078308091391065091e+03,0.000000000000000000e+00,0.000000000000000000e+00,0.000000000000000000e+00,0.000000000000000000e+00,2.211298177685837061e+02,7.098608152141962080e+01,7.098608152141962080e+01,7.098608152141962080e+01,7.098608152141962080e+01,0.000000000000000000e+00,2.079171440098260746e+02,6.674460949372304697e+01,6.674460949372304697e+01,6.674460949372304697e+01,6.674460949372304697e+01,6.469561170110745252e+02,3.199703033688842311e+02,9.330126319780938502e+02,1.027154016069736997e+02,1.027154016069736997e+02,1.027154016069736997e+02
4.790000000000000000e+03,0.000000000000000000e+00,8.522911805256168236e+02,0.000000000000000000e+00,1.068779090176379896e+03,0.000000000000000000e+00,0.000000000000000000e+00,0.000000000000000000e+00,0.000000000000000000e+00,2.243113267337333525e+02,7.200739496091962621e+01,7.200739496091962621e+01,7.200739496091962621e+01,7.200739496091962621e+01,0.000000000000000000e+00,2.079171440098260746e+02,6.674460949372304697e+01,6.674460949372304697e+01,6.674460949372304697e+01,6.674460949372304697e+01,6.562642090047249894e+02,3.224200652720494418e+02,9.264617123912011039e+02,1.035018129553887007e+02,1.035018129553887007e+02,1.035018129553887007e+02
4.800000000000000000e+03,0.000000000000000000e+00,8.642715492524206411e+02,0.000000000000000000e+00,1.059114577915355085e+03,0.000000000000000000e+00,0.000000000000000000e+00,0.000000000000000000e+00,0.000000000000000000e+00,2.274643951512798026e+02,7.301957854606055776e+01,7.301957854606055776e+01,7.301957854606055776e+01,7.301957854606055776e+01,0.000000000000000000e+00,2.079171440098260746e+02,6.674460949372304697e+01,6.674460949372304697e+01,6.674460949372304697e+01,6.674460949372304697e+01,6.654890929243639448e+02,3.248479279535602018e+02,9.197994193107706451e+02,1.042811943159472179e+02,1.042811943159472179e+02,1.042811943159472179e+02
4.810000000000000000e+03,0.000000000000000000e+00,8.761423365483775569e+02,0.000000000000000000e+00,1.049315779976432850e+03,0.000000000000000000e+00,0.000000000000000000e+00,0.000000000000000000e+00,0.000000000000000000e+00,2.305886232420690192e+02,7.402250394156902757e+01,7.402250394156902757e+01,7.402250394156902757e+01,7.402250394156902757e+01,0.000000000000000000e+00,2.079171440098260746e+02,6.674460949372304697e+01,6.674460949372304697e+01,6.674460949372304697e+01,6.674460949372304697e+01,6.746295991422507541e+02,3.272535835834679006e+02,9.130265974523421164e+02,1.050534468704887416e+02,1.050534468704887416e+02,1.050534468704887416e+02
4.820000000000000000e+03,0.000000000000000000e+00,8.879020373103065822e+02,0.000000000000000000e+00,1.039383938754205928e+03,0.000000000000000000e+00,0.000000000000000000e+00,0.000000000000000000e+00,0.000000000000000000e+00,2.336836148836265465e+02,7.501604398602218282e+01,7.501604398602218282e+01,7.501604398602218282e+01,7.501604398602218282e+01,0.000000000000000000e+00,2.079171440098260746e+02,6.674460949372304697e+01,6.674460949372304697e+01,6.674460949372304697e+01,6.674460949372304697e+01,6.836845687289360285e+02,3.296367271474672407e+02,9.061441055454562274e+02,1.058184727047176636e+02,1.058184727047176636e+02,1.058184727047176636e+02
4.830000000000000000e+03,0.000000000000000000e+00,8.995491605197479430e+02,0.000000000000000000e+00,1.029320313511890618e+03,0.000000000000000000e+00,0.000000000000000000e+00,0.000000000000000000e+00,0.000000000000000000e+00,2.367489776603830478e+02,7.600007270797084402e+01,7.600007270797084402e+01,7.600007270797084402e+01,7.600007270797084402e+01,0.000000000000000000e+00,2.079171440098260746e+02,6.674460949372304697e+01,6.674460949372304697e+01,6.674460949372304697e+01,6.674460949372304697e+01,6.926528536002059582e+02,3.319970564855697148e+02,8.991528162247740283e+02,1.065761748206181494e+02,1.065761748206181494e+02,1.065761748206181494e+02
4.840000000000000000e+03,0.000000000000000000e+00,9.110822294320045103e+02,0.000000000000000000e+00,1.019126180221668164e+03,0.000000000000000000e+00,0.000000000000000000e+00,0.000000000000000000e+00,0.000000000000000000e+00,2.397843229134271894e+02,7.697446534191104206e+01,7.697446534191104206e+01,7.697446534191104206e+01,7.697446534191104206e+01,0.000000000000000000e+00,2.079171440098260746e+02,6.674460949372304697e+01,6.674460949372304697e+01,6.674460949372304697e+01,6.674460949372304697e+01,7.015333166626435286e+02,3.343342723304136825e+02,8.920536159194366519e+02,1.073264571487520982e+02,1.073264571487520982e+02,1.073264571487520982e+02
4.850000000000000000e+03,0.000000000000000000e+00,9.224997817633816339e+02,0.000000000000000000e+00,1.008802831402902711e+03,0.000000000000000000e+00,0.000000000000000000e+00,0.000000000000000000e+00,0.000000000000000000e+00,2.427892657897849915e+02,7.793909834410334270e+01,7.793909834410334270e+01,7.793909834410334270e+01,7.793909834410334270e+01,0.000000000000000000e+00,2.079171440098260746e+02,6.674460949372304697e+01,6.674460949372304697e+01,6.674460949372304697e+01,6.674460949372304697e+01,7.103248319578038945e+02,3.366480783452092282e+02,8.848474047406751879e+02,1.080692245604401620e+02,1.080692245604401620e+02,1.080692245604401620e+02
4.860000000000000000e+03,0.000000000000000000e+00,9.338003698765933223e+02,0.000000000000000000e+00,9.983515759582580813e+02,0.000000000000000000e+00,0.000000000000000000e+00,0.000000000000000000e+00,0.000000000000000000e+00,2.457634252912158388e+02,7.889384940823717329e+01,7.889384940823717329e+01,7.889384940823717329e+01,7.889384940823717329e+01,0.000000000000000000e+00,2.079171440098260746e+02,6.674460949372304697e+01,6.674460949372304697e+01,6.674460949372304697e+01,6.674460949372304697e+01,7.190262848049768536e+02,3.389381811613109221e+02,8.775350963676819447e+02,1.088043828798232084e+02,1.088043828798232084e+02,1.088043828798232084e+02
4.870000000000000000e+03,0.000000000000000000e+00,9.449825609643044118e+02,0.000000000000000000e+00,9.877737390077471673e+02,0.000000000000000000e+00,0.000000000000000000e+00,0.000000000000000000e+00,0.000000000000000000e+00,2.487064243225183873e+02,7.983859748093776432e+01,7.983859748093776432e+01,7.983859748093776432e+01,7.983859748093776432e+01,0.000000000000000000e+00,2.079171440098260746e+02,6.674460949372304697e+01,6.674460949372304697e+01,6.674460949372304697e+01,6.674460949372304697e+01,7.276365719425143652e+02,3.412042904154139364e+02,8.701176179317678816e+02,1.095318388958026787e+02,1.095318388958026787e+02,1.095318388958026787e+02
4.880000000000000000e+03,0.000000000000000000e+00,9.560449372307992917e+02,0.000000000000000000e+00,9.770706617207157478e+02,0.000000000000000000e+00,0.000000000000000000e+00,0.000000000000000000e+00,0.000000000000000000e+00,2.516178897393433260e+02,8.077322277711475351e+01,8.077322277711475351e+01,8.077322277711475351e+01,8.077322277711475351e+01,0.000000000000000000e+00,2.079171440098260746e+02,6.674460949372304697e+01,6.674460949372304697e+01,6.674460949372304697e+01,6.674460949372304697e+01,7.361546016677154967e+02,3.434461187863691407e+02,8.625959098988100777e+02,1.102515003738589598e+02,1.102515003738589598e+02,1.102515003738589598e+02
4.890000000000000000e+03,0.000000000000000000e+00,9.669860960717442140e+02,0.000000000000000000e+00,9.662437011457965355e+02,0.000000000000000000e+00,0.000000000000000000e+00,0.000000000000000000e+00,0.000000000000000000e+00,2.544974523955042685e+02,8.169760679514978108e+01,8.169760679514978108e+01,8.169760679514978108e+01,8.169760679514978108e+01,0.000000000000000000e+00,2.079171440098260746e+02,6.674460949372304697e+01,6.674460949372304697e+01,6.674460949372304697e+01,6.674460949372304697e+01,7.445792939752431039e+02,3.456633820316130823e+02,8.549709259500091321e+02,1.109632760677459231e+02,1.109632760677459231e+02,1.109632760677459231e+02
4.900000000000000000e+03,0.000000000000000000e+00,9.778046502520273862e+02,0.000000000000000000e+00,9.552942300388455124e+02,0.000000000000000000e+00,0.000000000000000000e+00,0.000000000000000000e+00,0.000000000000000000e+00,2.573447471897827654e+02,8.261163233192152688e+01,8.261163233192152688e+01,8.261163233192152688e+01,8.261163233192152688e+01,0.000000000000000000e+00,2.079171440098260746e+02,6.674460949372304697e+01,6.674460949372304697e+01,6.674460949372304697e+01,6.674460949372304697e+01,7.529095806940611055e+02,3.478557990232075099e+02,8.472436328609711609e+02,1.116670757310601658e+02,1.116670757310601658e+02,1.116670757310601658e+02
4.910000000000000000e+03,0.000000000000000000e+00,9.884992280816413768e+02,0.000000000000000000e+00,9.442236366888932935e+02,0.000000000000000000e+00,0.000000000000000000e+00,0.000000000000000000e+00,0.000000000000000000e+00,2.601594131122184308e+02,8.351518349766560334e+01,8.351518349766560334e+01,8.351518349766560334e+01,8.351518349766560334e+01,0.000000000000000000e+00,2.079171440098260746e+02,6.674460949372304697e+01,6.674460949372304697e+01,6.674460949372304697e+01,6.674460949372304697e+01,7.611444056228639283e+02,3.500230917834829825e+02,8.394150103791309903e+02,1.123628101286831082e+02,1.123628101286831082e+02,1.123628101286831082e+02
4.920000000000000000e+03,0.000000000000000000e+00,9.990684735896049915e+02,0.000000000000000000e+00,9.330333247421212945e+02,0.000000000000000000e+00,0.000000000000000000e+00,0.000000000000000000e+00,0.000000000000000000e+00,2.629410932898823035e+02,8.440814573066853654e+01,8.440814573066853654e+01,8.440814573066853654e+01,8.440814573066853654e+01,0.000000000000000000e+00,2.079171440098260746e+02,6.674460949372304697e+01,6.674460949372304697e+01,6.674460949372304697e+01,6.674460949372304697e+01,7.692827246639958503e+02,3.521649855202841763e+02,8.314860510995288223e+02,1.130503910480953635e+02,1.130503910480953635e+02,1.130503910480953635e+02
4.930000000000000000e+03,0.000000000000000000e+00,1.009511046695884943e+03,0.000000000000000000e+00,9.217247130238935142e+02,0.000000000000000000e+00,0.000000000000000000e+00,0.000000000000000000e+00,0.000000000000000000e+00,2.656894350321247771e+02,8.529040581179297931e+01,8.529040581179297931e+01,8.529040581179297931e+01,8.529040581179297931e+01,0.000000000000000000e+00,2.079171440098260746e+02,6.674460949372304697e+01,6.674460949372304697e+01,6.674460949372304697e+01,6.674460949372304697e+01,7.773235059558314788e+02,3.542812086618108651e+02,8.234577603389591332e+02,1.137297313105611778e+02,1.137297313105611778e+02,1.137297313105611778e+02
4.940000000000000000e+03,0.000000000000000000e+00,1.019825623381308901e+03,0.000000000000000000e+00,9.102992353588596188e+02,0.000000000000000000e+00,0.000000000000000000e+00,0.000000000000000000e+00,0.000000000000000000e+00,2.684040898752940052e+02,8.616185187883307606e+01,8.616185187883307606e+01,8.616185187883307606e+01,8.616185187883307606e+01,0.000000000000000000e+00,2.079171440098260746e+02,6.674460949372304697e+01,6.674460949372304697e+01,6.674460949372304697e+01,6.674460949372304697e+01,7.852657300036079278e+02,3.563714928910511617e+02,8.153311560085039673e+02,1.144007447821820591e+02,1.144007447821820591e+02,1.144007447821820591e+02
4.950000000000000000e+03,0.000000000000000000e+00,1.030010895855433546e+03,0.000000000000000000e+00,8.987583403891654825e+02,0.000000000000000000e+00,0.000000000000000000e+00,0.000000000000000000e+00,0.000000000000000000e+00,2.710847136269166526e+02,8.702237344069716585e+01,8.702237344069716585e+01,8.702237344069716585e+01,8.702237344069716585e+01,0.000000000000000000e+00,2.079171440098260746e+02,6.674460949372304697e+01,6.674460949372304697e+01,6.674460949372304697e+01,6.674460949372304697e+01,7.931083898086837962e+02,3.584355731798005991e+02,8.071072684844748437e+02,1.150633463848174074e+02,1.150633463848174074e+02,1.150633463848174074e+02
4.960000000000000000e+03,0.000000000000000000e+00,1.040065572722362958e+03,0.000000000000000000e+00,8.871034913907752752e+02,0.000000000000000000e+00,0.000000000000000000e+00,0.000000000000000000e+00,0.000000000000000000e+00,2.737309664093389756e+02,8.787186139141712715e+01,8.787186139141712715e+01,8.787186139141712715e+01,8.787186139141712715e+01,0.000000000000000000e+00,2.079171440098260746e+02,6.674460949372304697e+01,6.674460949372304697e+01,6.674460949372304697e+01,6.674460949372304697e+01,8.008504909962194915e+02,3.604731878222657997e+02,7.987871404777687303e+02,1.157174521068717752e+02,1.157174521068717752e+02,1.157174521068717752e+02
4.970000000000000000e+03,0.000000000000000000e+00,1.049988379144486544e+03,0.000000000000000000e+00,8.753361660879402280e+02,0.000000000000000000e+00,0.000000000000000000e+00,0.000000000000000000e+00,0.000000000000000000e+00,2.763425127028203292e+02,8.871020802398223282e+01,8.871020802398223282e+01,8.871020802398223282e+01,8.871020802398223282e+01,0.000000000000000000e+00,2.079171440098260746e+02,6.674460949372304697e+01,6.674460949372304697e+01,6.674460949372304697e+01,6.674460949372304697e+01,8.084910519412546819e+02,3.624840784682464232e+02,7.903718269016608247e+02,1.163629790139469122e+02,1.163629790139469122e+02,1.163629790139469122e+02
4.980000000000000000e+03,0.000000000000000000e+00,1.059778057004112725e+03,0.000000000000000000e+00,8.634578564658426103e+02,0.000000000000000000e+00,0.000000000000000000e+00,0.000000000000000000e+00,0.000000000000000000e+00,2.789190213880731903e+02,8.953730704399502827e+01,8.953730704399502827e+01,8.953730704399502827e+01,8.953730704399502827e+01,0.000000000000000000e+00,2.079171440098260746e+02,6.674460949372304697e+01,6.674460949372304697e+01,6.674460949372304697e+01,6.674460949372304697e+01,8.160291038931668481e+02,3.644679901558911297e+02,7.818623947380555137e+02,1.169998452593567606e+02,1.169998452593567606e+02,1.169998452593567606e+02
4.990000000000000000e+03,0.000000000000000000e+00,1.069433365062989424e+03,0.000000000000000000e+00,8.514700685814216286e+02,0.000000000000000000e+00,0.000000000000000000e+00,0.000000000000000000e+00,0.000000000000000000e+00,2.814601657882461723e+02,9.035305358314859348e+01,9.035305358314859348e+01,9.035305358314859348e+01,9.035305358314859348e+01,0.000000000000000000e+00,2.079171440098260746e+02,6.674460949372304697e+01,6.674460949372304697e+01,6.674460949372304697e+01,6.674460949372304697e+01,8.234636910985018403e+02,3.664246713440243184e+02,7.732599229021996052e+02,1.176279700945050024e+02,1.176279700945050024e+02,1.176279700945050024e+02
5.000000000000000000e+03,0.000000000000000000e+00,1.078953079119678932e+03,0.000000000000000000e+00,8.393743223724228528e+02,0.000000000000000000e+00,0.000000000000000000e+00,0.000000000000000000e+00,0.000000000000000000e+00,2.839656237103437775e+02,9.115734421252282971e+01,9.115734421252282971e+01,9.115734421252282971e+01,9.115734421252282971e+01,0.000000000000000000e+00,2.079171440098260746e+02,6.674460949372304697e+01,6.674460949372304697e+01,6.674460949372304697e+01,6.674460949372304697e+01,8.307938709221527915e+02,3.683538739440394920e+02,7.645655021058887542e+02,1.182472738791231706e+02,1.182472738791231706e+02,1.182472738791231706e+02
5.010000000000000000e+03,0.000000000000000000e+00,1.088335992164778645e+03,0.000000000000000000e+00,8.271721514646797004e+02,0.000000000000000000e+00,0.000000000000000000e+00,0.000000000000000000e+00,0.000000000000000000e+00,2.864350774860774891e+02,9.195007695569844941e+01,9.195007695569844941e+01,9.195007695569844941e+01,9.195007695569844941e+01,0.000000000000000000e+00,2.079171440098260746e+02,6.674460949372304697e+01,6.674460949372304697e+01,6.674460949372304697e+01,6.674460949372304697e+01,8.380187139668795453e+02,3.702553533513544153e+02,7.557802347191717445e+02,1.188576780913683990e+02,1.188576780913683990e+02,1.188576780913683990e+02
5.020000000000000000e+03,0.000000000000000000e+00,1.097580914533954001e+03,0.000000000000000000e+00,8.148651029776702899e+02,0.000000000000000000e+00,0.000000000000000000e+00,0.000000000000000000e+00,0.000000000000000000e+00,2.888682140121426869e+02,9.273115130168629605e+01,9.273115130168629605e+01,9.273115130168629605e+01,9.273115130168629605e+01,0.000000000000000000e+00,2.079171440098260746e+02,6.674460949372304697e+01,6.674460949372304697e+01,6.674460949372304697e+01,6.674460949372304697e+01,8.451373041911446080e+02,3.721288684764246000e+02,7.469052346305851415e+02,1.194591053377790359e+02,1.194591053377790359e+02,1.194591053377790359e+02
5.030000000000000000e+03,0.000000000000000000e+00,1.106686674058778408e+03,0.000000000000000000e+00,8.024547373283547813e+02,0.000000000000000000e+00,0.000000000000000000e+00,0.000000000000000000e+00,0.000000000000000000e+00,2.912647247899171248e+02,9.350046821767131178e+01,9.350046821767131178e+01,9.350046821767131178e+01,9.350046821767131178e+01,0.000000000000000000e+00,2.079171440098260746e+02,6.674460949372304697e+01,6.674460949372304697e+01,6.674460949372304697e+01,6.674460949372304697e+01,8.521487390252593741e+02,3.739741817753109672e+02,7.379416271059205883e+02,1.200514793630874948e+02,1.200514793630874948e+02,1.200514793630874948e+02
5.040000000000000000e+03,0.000000000000000000e+00,1.115652116215355818e+03,0.000000000000000000e+00,7.899426280333261730e+02,0.000000000000000000e+00,0.000000000000000000e+00,0.000000000000000000e+00,0.000000000000000000e+00,2.936243059645764220e+02,9.425793016156917759e+01,9.425793016156917759e+01,9.425793016156917759e+01,9.425793016156917759e+01,0.000000000000000000e+00,2.079171440098260746e+02,6.674460949372304697e+01,6.674460949372304697e+01,6.674460949372304697e+01,6.674460949372304697e+01,8.590521294858240253e+02,3.757910592797986169e+02,7.288905486455499840e+02,1.206347250598888508e+02,1.206347250598888508e+02,1.206347250598888508e+02
5.050000000000000000e+03,0.000000000000000000e+00,1.124476104270698670e+03,0.000000000000000000e+00,7.773303615093088865e+02,0.000000000000000000e+00,0.000000000000000000e+00,0.000000000000000000e+00,0.000000000000000000e+00,2.959466583636190649e+02,9.500344109439339491e+01,9.500344109439339491e+01,9.500344109439339491e+01,9.500344109439339491e+01,0.000000000000000000e+00,2.079171440098260746e+02,6.674460949372304697e+01,6.674460949372304697e+01,6.674460949372304697e+01,6.674460949372304697e+01,8.658466002884380259e+02,3.775792706270614190e+02,7.197531468403312829e+02,1.212087684781635062e+02,1.212087684781635062e+02,1.212087684781635062e+02
5.060000000000000000e+03,0.000000000000000000e+00,1.133157519426857334e+03,0.000000000000000000e+00,7.646195368720127590e+02,0.000000000000000000e+00,0.000000000000000000e+00,0.000000000000000000e+00,0.000000000000000000e+00,2.982314875347989869e+02,9.573690649243225437e+01,9.573690649243225437e+01,9.573690649243225437e+01,9.573690649243225437e+01,0.000000000000000000e+00,2.079171440098260746e+02,6.674460949372304697e+01,6.674460949372304697e+01,6.674460949372304697e+01,6.674460949372304697e+01,8.725312899586801905e+02,3.793385890888699805e+02,7.105305802261032113e+02,1.217735368346534273e+02,1.217735368346534273e+02,1.217735368346534273e+02
5.070000000000000000e+03,0.000000000000000000e+00,1.141695260962772863e+03,0.000000000000000000e+00,7.518117657333820034e+02,0.000000000000000000e+00,0.000000000000000000e+00,0.000000000000000000e+00,0.000000000000000000e+00,3.004785037834593027e+02,9.645823335923356012e+01,9.645823335923356012e+01,9.645823335923356012e+01,9.645823335923356012e+01,0.000000000000000000e+00,2.079171440098260746e+02,6.674460949372304697e+01,6.674460949372304697e+01,6.674460949372304697e+01,6.674460949372304697e+01,8.791053509413351321e+02,3.810687916003384430e+02,7.012240181367944842e+02,1.223289585220904314e+02,1.223289585220904314e+02,1.223289585220904314e+02
5.080000000000000000e+03,0.000000000000000000e+00,1.150088246373839866e+03,0.000000000000000000e+00,7.389086719972542596e+02,0.000000000000000000e+00,0.000000000000000000e+00,0.000000000000000000e+00,0.000000000000000000e+00,3.026874222092632749e+02,9.716733023739580233e+01,9.716733023739580233e+01,9.716733023739580233e+01,9.716733023739580233e+01,0.000000000000000000e+00,2.079171440098260746e+02,6.674460949372304697e+01,6.674460949372304697e+01,6.674460949372304697e+01,6.674460949372304697e+01,8.855679497078567692e+02,3.827696587882074937e+02,6.918346405561611618e+02,1.228749631182753603e+02,1.228749631182753603e+02,1.228749631182753603e+02
5.090000000000000000e+03,0.000000000000000000e+00,1.158335411509153118e+03,0.000000000000000000e+00,7.259118916534712298e+02,0.000000000000000000e+00,0.000000000000000000e+00,0.000000000000000000e+00,0.000000000000000000e+00,3.048579627423161469e+02,9.786410722016381669e+01,9.786410722016381669e+01,9.786410722016381669e+01,9.786410722016381669e+01,0.000000000000000000e+00,2.079171440098260746e+02,6.674460949372304697e+01,6.674460949372304697e+01,6.674460949372304697e+01,6.674460949372304697e+01,8.919182668620479717e+02,3.844409749986581915e+02,6.823636379681795461e+02,1.234114813950067315e+02,1.234114813950067315e+02,1.234114813950067315e+02
5.100000000000000000e+03,0.000000000000000000e+00,1.166435710706436339e+03,0.000000000000000000e+00,7.128230725704456745e+02,0.000000000000000000e+00,0.000000000000000000e+00,0.000000000000000000e+00,0.000000000000000000e+00,3.069898501786759084e+02,9.854847596282836264e+01,9.854847596282836264e+01,9.854847596282836264e+01,9.854847596282836264e+01,0.000000000000000000e+00,2.079171440098260746e+02,6.674460949372304697e+01,6.674460949372304697e+01,6.674460949372304697e+01,6.674460949372304697e+01,8.981554972439560061e+02,3.860825283246551862e+02,6.728122112061015514e+02,1.239384453268584281e+02,1.239384453268584281e+02,1.239384453268584281e+02
5.110000000000000000e+03,0.000000000000000000e+00,1.174388116924618998e+03,0.000000000000000000e+00,6.996438742862309255e+02,0.000000000000000000e+00,0.000000000000000000e+00,0.000000000000000000e+00,0.000000000000000000e+00,3.090828142152462306e+02,9.922034969392717585e+01,9.922034969392717585e+01,9.922034969392717585e+01,9.922034969392717585e+01,0.000000000000000000e+00,2.079171440098260746e+02,6.674460949372304697e+01,6.674460949372304697e+01,6.674460949372304697e+01,6.674460949372304697e+01,9.042788500319566083e+02,3.876941106328143860e+02,6.631815713002023358e+02,1.244557880998045221e+02,1.244557880998045221e+02,1.244557880998045221e+02
5.120000000000000000e+03,0.000000000000000000e+00,1.182191621874059365e+03,0.000000000000000000e+00,6.863759677981018967e+02,0.000000000000000000e+00,0.000000000000000000e+00,0.000000000000000000e+00,0.000000000000000000e+00,3.111365894840489545e+02,9.987964322624708302e+01,9.987964322624708302e+01,9.987964322624708302e+01,9.987964322624708302e+01,0.000000000000000000e+00,2.079171440098260746e+02,6.674460949372304697e+01,6.674460949372304697e+01,6.674460949372304697e+01,6.674460949372304697e+01,9.102875488430257747e+02,3.892755175897924573e+02,6.534729393242292872e+02,1.249634441196908483e+02,1.249634441196908483e+02,1.249634441196908483e+02
5.130000000000000000e+03,0.000000000000000000e+00,1.189845236144381261e+03,0.000000000000000000e+00,6.730210353506950014e+02,0.000000000000000000e+00,0.000000000000000000e+00,0.000000000000000000e+00,0.000000000000000000e+00,3.131509155858694271e+02,1.005262729676245783e+02,1.005262729676245783e+02,1.005262729676245783e+02,1.005262729676245783e+02,0.000000000000000000e+00,2.079171440098260746e+02,6.674460949372304697e+01,6.674460949372304697e+01,6.674460949372304697e+01,6.674460949372304697e+01,9.161808318311735775e+02,3.908265486881942365e+02,6.436875462405865846e+02,1.254613490205515234e+02,1.254613490205515234e+02,1.254613490205515234e+02
5.140000000000000000e+03,0.000000000000000000e+00,1.197347989329924530e+03,0.000000000000000000e+00,6.595807702227125446e+02,0.000000000000000000e+00,0.000000000000000000e+00,0.000000000000000000e+00,0.000000000000000000e+00,3.151255371232729772e+02,1.011601569315446767e+02,1.011601569315446767e+02,1.011601569315446767e+02,1.011601569315446767e+02,0.000000000000000000e+00,2.079171440098260746e+02,6.674460949372304697e+01,6.674460949372304697e+01,6.674460949372304697e+01,6.674460949372304697e+01,9.219579517840419385e+02,3.923470072719949258e+02,6.338266327442586316e+02,1.259494396727699979e+02,1.259494396727699979e+02,1.259494396727699979e+02
5.150000000000000000e+03,0.000000000000000000e+00,1.204698930152784669e+03,0.000000000000000000e+00,6.460568765122278592e+02,0.000000000000000000e+00,0.000000000000000000e+00,0.000000000000000000e+00,0.000000000000000000e+00,3.170602037329872473e+02,1.017812147475361400e+02,1.017812147475361400e+02,1.017812147475361400e+02,1.017812147475361400e+02,0.000000000000000000e+00,2.079171440098260746e+02,6.674460949372304697e+01,6.674460949372304697e+01,6.674460949372304697e+01,6.674460949372304697e+01,9.276181762176441907e+02,3.938367005614749132e+02,6.238914491054988503e+02,1.264276541910834197e+02,1.264276541910834197e+02,1.264276541910834197e+02
5.160000000000000000e+03,0.000000000000000000e+00,1.211897126583422050e+03,0.000000000000000000e+00,6.324510689206281313e+02,0.000000000000000000e+00,0.000000000000000000e+00,0.000000000000000000e+00,0.000000000000000000e+00,3.189546701176453212e+02,1.023893676713614553e+02,1.023893676713614553e+02,1.023893676713614553e+02,1.023893676713614553e+02,0.000000000000000000e+00,2.079171440098260746e+02,6.674460949372304697e+01,6.674460949372304697e+01,6.674460949372304697e+01,6.674460949372304697e+01,9.331607874692349469e+02,3.952954396776616477e+02,6.138832550113125990e+02,1.268959319424289163e+02,1.268959319424289163e+02,1.268959319424289163e+02
5.170000000000000000e+03,0.000000000000000000e+00,1.218941665958837575e+03,0.000000000000000000e+00,6.187650725352018526e+02,0.000000000000000000e+00,0.000000000000000000e+00,0.000000000000000000e+00,0.000000000000000000e+00,3.208086960768873155e+02,1.029845385950010410e+02,1.029845385950010410e+02,1.029845385950010410e+02,1.029845385950010410e+02,0.000000000000000000e+00,2.079171440098260746e+02,6.674460949372304697e+01,6.674460949372304697e+01,6.674460949372304697e+01,6.674460949372304697e+01,9.385850827883049305e+02,3.967230396662779981e+02,6.038033194057368291e+02,1.273542135536313964e+02,1.273542135536313964e+02,1.273542135536313964e+02
5.180000000000000000e+03,0.000000000000000000e+00,1.225831655098287683e+03,0.000000000000000000e+00,6.050006226104173948e+02,0.000000000000000000e+00,0.000000000000000000e+00,0.000000000000000000e+00,0.000000000000000000e+00,3.226220465378153790e+02,1.035666520564296320e+02,1.035666520564296320e+02,1.035666520564296320e+02,1.035666520564296320e+02,0.000000000000000000e+00,2.079171440098260746e+02,6.674460949372304697e+01,6.674460949372304697e+01,6.674460949372304697e+01,6.674460949372304697e+01,9.438903744256815571e+02,3.981193195211926081e+02,5.936529203289527459e+02,1.278024409189314099e+02,1.278024409189314099e+02,1.278024409189314099e+02
5.190000000000000000e+03,0.000000000000000000e+00,1.232566220416533952e+03,0.000000000000000000e+00,5.911594643479036222e+02,0.000000000000000000e+00,0.000000000000000000e+00,0.000000000000000000e+00,0.000000000000000000e+00,3.243944915847994253e+02,1.041356342491844629e+02,1.041356342491844629e+02,1.041356342491844629e+02,1.041356342491844629e+02,0.000000000000000000e+00,2.079171440098260746e+02,6.674460949372304697e+01,6.674460949372304697e+01,6.674460949372304697e+01,6.674460949372304697e+01,9.490759897207311724e+02,3.994841022073703130e+02,5.834333447552384087e+02,1.282405572073526230e+02,1.282405572073526230e+02,1.282405572073526230e+02
5.200000000000000000e+03,0.000000000000000000e+00,1.239144508034601813e+03,0.000000000000000000e+00,5.772433526751822228e+02,0.000000000000000000e+00,0.000000000000000000e+00,0.000000000000000000e+00,0.000000000000000000e+00,3.261258064886270631e+02,1.046914130317228597e+02,1.046914130317228597e+02,1.046914130317228597e+02,1.046914130317228597e+02,0.000000000000000000e+00,2.079171440098260746e+02,6.674460949372304697e+01,6.674460949372304697e+01,6.674460949372304697e+01,6.674460949372304697e+01,9.541412711866433938e+02,4.008172146833176157e+02,5.731458884297974237e+02,1.286685068699071905e+02,1.286685068699071905e+02,1.286685068699071905e+02
5.210000000000000000e+03,0.000000000000000000e+00,1.245565683888046578e+03,0.000000000000000000e+00,5.632540520231548271e+02,0.000000000000000000e+00,0.000000000000000000e+00,0.000000000000000000e+00,0.000000000000000000e+00,3.278157717349980658e+02,1.052339179365693127e+02,1.052339179365693127e+02,1.052339179365693127e+02,1.052339179365693127e+02,0.000000000000000000e+00,2.079171440098260746e+02,6.674460949372304697e+01,6.674460949372304697e+01,6.674460949372304697e+01,6.674460949372304697e+01,9.590855765937958495e+02,4.021184879230232809e+02,5.627918557044681620e+02,1.290862356466389542e+02,1.290862356466389542e+02,1.290862356466389542e+02
5.220000000000000000e+03,0.000000000000000000e+00,1.251828933832704251e+03,0.000000000000000000e+00,5.491933361023922089e+02,0.000000000000000000e+00,0.000000000000000000e+00,0.000000000000000000e+00,0.000000000000000000e+00,3.294641730523562160e+02,1.057630801792500108e+02,1.057630801792500108e+02,1.057630801792500108e+02,1.057630801792500108e+02,0.000000000000000000e+00,2.079171440098260746e+02,6.674460949372304697e+01,6.674460949372304697e+01,6.674460949372304697e+01,6.674460949372304697e+01,9.639082790511822623e+02,4.033877569373890424e+02,5.523725593723451084e+02,1.294936905735031019e+02,1.294936905735031019e+02,1.294936905735031019e+02
5.230000000000000000e+03,0.000000000000000000e+00,1.257933463747918267e+03,0.000000000000000000e+00,5.350629876782403471e+02,0.000000000000000000e+00,0.000000000000000000e+00,0.000000000000000000e+00,0.000000000000000000e+00,3.310708014390572771e+02,1.062788326670142141e+02,1.062788326670142141e+02,1.062788326670142141e+02,1.062788326670142141e+02,0.000000000000000000e+00,2.079171440098260746e+02,6.674460949372304697e+01,6.674460949372304697e+01,6.674460949372304697e+01,6.674460949372304697e+01,9.686087670858970569e+02,4.046248607951488339e+02,5.418893205013265515e+02,1.298908199890815354e+02,1.298908199890815354e+02,1.298908199890815354e+02
5.240000000000000000e+03,0.000000000000000000e+00,1.263878499637224877e+03,0.000000000000000000e+00,5.208647983447888237e+02,0.000000000000000000e+00,0.000000000000000000e+00,0.000000000000000000e+00,0.000000000000000000e+00,3.326354531898680875e+02,1.067811100073407147e+02,1.067811100073407147e+02,1.067811100073407147e+02,1.067811100073407147e+02,0.000000000000000000e+00,2.079171440098260746e+02,6.674460949372304697e+01,6.674460949372304697e+01,6.674460949372304697e+01,6.674460949372304697e+01,9.731864447206631894e+02,4.058296426432732460e+02,5.313434682666203344e+02,1.302775735411329379e+02,1.302775735411329379e+02,1.302775735411329379e+02
5.250000000000000000e+03,0.000000000000000000e+00,1.269663287726488534e+03,0.000000000000000000e+00,5.066005682977111633e+02,0.000000000000000000e+00,0.000000000000000000e+00,0.000000000000000000e+00,0.000000000000000000e+00,3.341579299217943912e+02,1.072698485162291178e+02,1.072698485162291178e+02,1.072698485162291178e+02,1.072698485162291178e+02,0.000000000000000000e+00,2.079171440098260746e+02,6.674460949372304697e+01,6.674460949372304697e+01,6.674460949372304697e+01,6.674460949372304697e+01,9.776407315493961505e+02,4.070019497268564237e+02,5.207363397822145998e+02,1.306539021929770001e+02,1.306539021929770001e+02,1.306539021929770001e+02
5.260000000000000000e+03,0.000000000000000000e+00,1.275287094559476145e+03,0.000000000000000000e+00,4.922721061060130978e+02,0.000000000000000000e+00,0.000000000000000000e+00,0.000000000000000000e+00,0.000000000000000000e+00,3.356380385992345623e+02,1.077449862262745484e+02,1.077449862262745484e+02,1.077449862262745484e+02,1.077449862262745484e+02,0.000000000000000000e+00,2.079171440098260746e+02,6.674460949372304697e+01,6.674460949372304697e+01,6.674460949372304697e+01,6.674460949372304697e+01,9.819710628107966386e+02,4.081416334084854043e+02,5.100692799313420664e+02,1.310197582297120107e+02,1.310197582297120107e+02,1.310197582297120107e+02
5.270000000000000000e+03,0.000000000000000000e+00,1.280749207090848131e+03,0.000000000000000000e+00,4.778812284827301937e+02,0.000000000000000000e+00,0.000000000000000000e+00,0.000000000000000000e+00,0.000000000000000000e+00,3.370755915584537661e+02,1.082064628945241651e+02,1.082064628945241651e+02,1.082064628945241651e+02,1.082064628945241651e+02,0.000000000000000000e+00,2.079171440098260746e+02,6.674460949372304697e+01,6.674460949372304697e+01,6.674460949372304697e+01,6.674460949372304697e+01,9.861768894599530313e+02,4.092485491870842225e+02,4.993436411959664838e+02,1.313750952642641892e+02,1.313750952642641892e+02,1.313750952642641892e+02
5.280000000000000000e+03,0.000000000000000000e+00,1.286048932776569472e+03,0.000000000000000000e+00,4.634297600545813225e+02,0.000000000000000000e+00,0.000000000000000000e+00,0.000000000000000000e+00,0.000000000000000000e+00,3.384704065313786145e+02,1.086542200101157079e+02,1.086542200101157079e+02,1.086542200101157079e+02,1.086542200101157079e+02,0.000000000000000000e+00,2.079171440098260746e+02,6.674460949372304697e+01,6.674460949372304697e+01,6.674460949372304697e+01,6.674460949372304697e+01,9.902576782379585438e+02,4.103225567162362495e+02,4.885607834852972928e+02,1.317198682432696728e+02,1.317198682432696728e+02,1.317198682432696728e+02
5.290000000000000000e+03,0.000000000000000000e+00,1.291185599661714605e+03,0.000000000000000000e+00,4.489195331306253820e+02,0.000000000000000000e+00,0.000000000000000000e+00,0.000000000000000000e+00,0.000000000000000000e+00,3.398223066687067444e+02,1.090882008016958906e+02,1.090882008016958906e+02,1.090882008016958906e+02,1.090882008016958906e+02,0.000000000000000000e+00,2.079171440098260746e+02,6.674460949372304697e+01,6.674460949372304697e+01,6.674460949372304697e+01,6.674460949372304697e+01,9.942129117395202229e+02,4.113635198219789118e+02,4.777220739633679614e+02,1.320540334527864275e+02,1.320540334527864275e+02,1.320540334527864275e+02
5.300000000000000000e+03,0.000000000000000000e+00,1.296158556465668198e+03,0.000000000000000000e+00,4.343523874699378666e+02,0.000000000000000000e+00,0.000000000000000000e+00,0.000000000000000000e+00,0.000000000000000000e+00,3.411311205623298974e+02,1.095083502446187396e+02,1.095083502446187396e+02,1.095083502446187396e+02,1.095083502446187396e+02,0.000000000000000000e+00,2.079171440098260746e+02,6.674460949372304697e+01,6.674460949372304697e+01,6.674460949372304697e+01,6.674460949372304697e+01,9.980420884785645512e+02,4.123713065200687424e+02,4.668288868756892498e+02,1.323775485238370209e+02,1.323775485238370209e+02,1.323775485238370209e+02
5.310000000000000000e+03,0.000000000000000000e+00,1.300967172664698865e+03,0.000000000000000000e+00,4.197301700483531022e+02,0.000000000000000000e+00,0.000000000000000000e+00,0.000000000000000000e+00,0.000000000000000000e+00,3.423966822670664101e+02,1.099146150679219005e+02,1.099146150679219005e+02,1.099146150679219005e+02,1.099146150679219005e+02,0.000000000000000000e+00,2.079171440098260746e+02,6.674460949372304697e+01,6.674460949372304697e+01,6.674460949372304697e+01,6.674460949372304697e+01,1.001744722951818176e+03,4.133457890327158566e+02,4.558826033750123088e+02,1.326903724377804679e+02,1.326903724377804679e+02,1.326903724377804679e+02
5.320000000000000000e+03,0.000000000000000000e+00,1.305610838571903969e+03,0.000000000000000000e+00,4.050547348242822068e+02,0.000000000000000000e+00,0.000000000000000000e+00,0.000000000000000000e+00,0.000000000000000000e+00,3.436188313217017480e+02,1.103069437610810297e+02,1.103069437610810297e+02,1.103069437610810297e+02,1.103069437610810297e+02,0.000000000000000000e+00,2.079171440098260746e+02,6.674460949372304697e+01,6.674460949372304697e+01,6.674460949372304697e+01,6.674460949372304697e+01,1.005320345700366033e+03,4.142868438047851214e+02,4.448846113462103631e+02,1.329924655315130053e+02,1.329924655315130053e+02,1.329924655315130053e+02
5.330000000000000000e+03,0.000000000000000000e+00,1.310088965414513723e+03,0.000000000000000000e+00,3.903279425036450903e+02,0.000000000000000000e+00,0.000000000000000000e+00,0.000000000000000000e+00,0.000000000000000000e+00,3.447974127693335618e+02,1.106852865805409749e+02,1.106852865805409749e+02,1.106852865805409749e+02,1.106852865805409749e+02,0.000000000000000000e+00,2.079171440098260746e+02,6.674460949372304697e+01,6.674460949372304697e+01,6.674460949372304697e+01,6.674460949372304697e+01,1.008768503369175619e+03,4.151943515194616339e+02,4.338363052303038785e+02,1.332837895024971431e+02,1.332837895024971431e+02,1.332837895024971431e+02
5.340000000000000000e+03,0.000000000000000000e+00,1.314400985408540009e+03,0.000000000000000000e+00,3.755516603039577603e+02,0.000000000000000000e+00,0.000000000000000000e+00,0.000000000000000000e+00,0.000000000000000000e+00,3.459322771770186478e+02,1.110495955560224957e+02,1.110495955560224957e+02,1.110495955560224957e+02,1.110495955560224957e+02,0.000000000000000000e+00,2.079171440098260746e+02,6.674460949372304697e+01,6.674460949372304697e+01,6.674460949372304697e+01,6.674460949372304697e+01,1.012088758764575800e+03,4.160681971133791421e+02,4.227390858476653648e+02,1.335643074136179109e+02,1.335643074136179109e+02,1.335643074136179109e+02
5.350000000000000000e+03,0.000000000000000000e+00,1.318546351830766525e+03,0.000000000000000000e+00,3.607277617175819842e+02,0.000000000000000000e+00,0.000000000000000000e+00,0.000000000000000000e+00,0.000000000000000000e+00,3.470232806547193718e+02,1.113998244966046514e+02,1.113998244966046514e+02,1.113998244966046514e+02,1.113998244966046514e+02,0.000000000000000000e+00,2.079171440098260746e+02,6.674460949372304697e+01,6.674460949372304697e+01,6.674460949372304697e+01,6.674460949372304697e+01,1.015280690909690293e+03,4.169082697912086815e+02,4.115943602204042691e+02,1.338339836978661879e+02,1.338339836978661879e+02,1.338339836978661879e+02
5.360000000000000000e+03,0.000000000000000000e+00,1.322524539088068877e+03,0.000000000000000000e+00,3.458581262741866453e+02,0.000000000000000000e+00,0.000000000000000000e+00,0.000000000000000000e+00,0.000000000000000000e+00,3.480702848735479620e+02,1.117359289965812792e+02,1.117359289965812792e+02,1.117359289965812792e+02,1.117359289965812792e+02,0.000000000000000000e+00,2.079171440098260746e+02,6.674460949372304697e+01,6.674460949372304697e+01,6.674460949372304697e+01,6.674460949372304697e+01,1.018343895097813061e+03,4.177144630397067431e+02,4.004035413939718637e+02,1.340927841628481758e+02,1.340927841628481758e+02,1.340927841628481758e+02
5.370000000000000000e+03,0.000000000000000000e+00,1.326335042784054622e+03,0.000000000000000000e+00,3.309446393024367694e+02,0.000000000000000000e+00,0.000000000000000000e+00,0.000000000000000000e+00,0.000000000000000000e+00,3.490731570833052615e+02,1.120578664410913632e+02,1.120578664410913632e+02,1.120578664410913632e+02,1.120578664410913632e+02,0.000000000000000000e+00,2.079171440098260746e+02,6.674460949372304697e+01,6.674460949372304697e+01,6.674460949372304697e+01,6.674460949372304697e+01,1.021277982943722122e+03,4.184866746412197926e+02,3.891680482579972704e+02,1.343406759951209324e+02,1.343406759951209324e+02,1.343406759951209324e+02
5.380000000000000000e+03,0.000000000000000000e+00,1.329977379783015294e+03,0.000000000000000000e+00,3.159891916909581937e+02,0.000000000000000000e+00,0.000000000000000000e+00,0.000000000000000000e+00,0.000000000000000000e+00,3.500317701293118375e+02,1.123655960115219585e+02,1.123655960115219585e+02,1.123655960115219585e+02,1.123655960115219585e+02,0.000000000000000000e+00,2.079171440098260746e+02,6.674460949372304697e+01,6.674460949372304697e+01,6.674460949372304697e+01,6.674460949372304697e+01,1.024082582432921754e+03,4.192248066866449108e+02,3.778893053663903174e+02,1.345776277643524850e+02,1.345776277643524850e+02,1.345776277643524850e+02
5.390000000000000000e+03,0.000000000000000000e+00,1.333451088271183608e+03,0.000000000000000000e+00,3.009936796485868058e+02,0.000000000000000000e+00,0.000000000000000000e+00,0.000000000000000000e+00,0.000000000000000000e+00,3.509460024685303665e+02,1.126590786906837707e+02,1.126590786906837707e+02,1.126590786906837707e+02,1.126590786906837707e+02,0.000000000000000000e+00,2.079171440098260746e+02,6.674460949372304697e+01,6.674460949372304697e+01,6.674460949372304697e+01,6.674460949372304697e+01,1.026757337968811498e+03,4.199287655878431451e+02,3.665687427567189616e+02,1.348036094273070944e+02,1.348036094273070944e+02,1.348036094273070944e+02
5.400000000000000000e+03,0.000000000000000000e+00,1.336755727815287173e+03,0.000000000000000000e+00,2.859600044639491898e+02,0.000000000000000000e+00,0.000000000000000000e+00,0.000000000000000000e+00,0.000000000000000000e+00,3.518157381849758849e+02,1.129382772677580675e+02,1.129382772677580675e+02,1.129382772677580675e+02,1.129382772677580675e+02,0.000000000000000000e+00,2.079171440098260746e+02,6.674460949372304697e+01,6.674460949372304697e+01,6.674460949372304697e+01,6.674460949372304697e+01,1.029301910417771069e+03,4.205984620895062562e+02,3.552077957688951528e+02,1.350185923316543040e+02,1.350185923316543040e+02,1.350185923316543040e+02
5.410000000000000000e+03,0.000000000000000000e+00,1.339890879418392160e+03,0.000000000000000000e+00,2.708900722643928134e+02,0.000000000000000000e+00,0.000000000000000000e+00,0.000000000000000000e+00,0.000000000000000000e+00,3.526408670044131100e+02,1.132031563430148537e+02,1.132031563430148537e+02,1.132031563430148537e+02,1.132031563430148537e+02,0.000000000000000000e+00,2.079171440098260746e+02,6.674460949372304697e+01,6.674460949372304697e+01,6.674460949372304697e+01,6.674460949372304697e+01,1.031715977152161940e+03,4.212338112804728780e+02,3.438079048631844898e+02,1.352225492196020298e+02,1.352225492196020298e+02,1.352225492196020298e+02
5.420000000000000000e+03,0.000000000000000000e+00,1.342856145573025969e+03,0.000000000000000000e+00,2.557857937743139303e+02,0.000000000000000000e+00,0.000000000000000000e+00,0.000000000000000000e+00,0.000000000000000000e+00,3.534212843083377606e+02,1.134536823323009287e+02,1.134536823323009287e+02,1.134536823323009287e+02,1.134536823323009287e+02,0.000000000000000000e+00,2.079171440098260746e+02,6.674460949372304697e+01,6.674460949372304697e+01,6.674460949372304697e+01,6.674460949372304697e+01,1.033999232091229942e+03,4.218347326044948886e+02,3.323705154375739994e+02,1.354154542313522995e+02,1.354154542313522995e+02,1.354154542313522995e+02
5.430000000000000000e+03,0.000000000000000000e+00,1.345651150311579840e+03,0.000000000000000000e+00,2.406490840728926059e+02,0.000000000000000000e+00,0.000000000000000000e+00,0.000000000000000000e+00,0.000000000000000000e+00,3.541568911472415948e+02,1.136898234712982401e+02,1.136898234712982401e+02,1.136898234712982401e+02,1.136898234712982401e+02,0.000000000000000000e+00,2.079171440098260746e+02,6.674460949372304697e+01,6.674460949372304697e+01,6.674460949372304697e+01,6.674460949372304697e+01,1.036151385739916577e+03,4.224011498704508085e+02,3.208970776445075899e+02,1.355972829083802367e+02,1.355972829083802367e+02,1.355972829083802367e+02
5.440000000000000000e+03,0.000000000000000000e+00,1.348275539253976376e+03,0.000000000000000000e+00,2.254818623512751969e+02,0.000000000000000000e+00,0.000000000000000000e+00,0.000000000000000000e+00,0.000000000000000000e+00,3.548475942531580927e+02,1.139115498195512828e+02,1.139115498195512828e+02,1.139115498195512828e+02,1.139115498195512828e+02,0.000000000000000000e+00,2.079171440098260746e+02,6.674460949372304697e+01,6.674460949372304697e+01,6.674460949372304697e+01,6.674460949372304697e+01,1.038172165225561912e+03,4.229329912620064533e+02,3.093890462070170315e+02,1.357680121965350963e+02,1.357680121965350963e+02,1.357680121965350963e+02
5.450000000000000000e+03,0.000000000000000000e+00,1.350728979652601993e+03,0.000000000000000000e+00,2.102860516692460919e+02,0.000000000000000000e+00,0.000000000000000000e+00,0.000000000000000000e+00,0.000000000000000000e+00,3.554933060514879912e+02,1.141188332642631735e+02,1.141188332642631735e+02,1.141188332642631735e+02,1.141188332642631735e+02,0.000000000000000000e+00,2.079171440098260746e+02,6.674460949372304697e+01,6.674460949372304697e+01,6.674460949372304697e+01,6.674460949372304697e+01,1.040061314332503571e+03,4.234301893467205673e+02,2.978478802342827407e+02,1.359276204489632391e+02,1.359276204489632391e+02,1.359276204489632391e+02
5.460000000000000000e+03,0.000000000000000000e+00,1.353011160434496333e+03,0.000000000000000000e+00,1.950635787113975823e+02,0.000000000000000000e+00,0.000000000000000000e+00,0.000000000000000000e+00,0.000000000000000000e+00,3.560939446721026229e+02,1.143116475238601595e+02,1.143116475238601595e+02,1.143116475238601595e+02,1.143116475238601595e+02,0.000000000000000000e+00,2.079171440098260746e+02,6.674460949372304697e+01,6.674460949372304697e+01,6.674460949372304697e+01,6.674460949372304697e+01,1.041818593534562297e+03,4.238926810845938462e+02,2.862750430366290857e+02,1.360760874288529294e+02,1.360760874288529294e+02,1.360760874288529294e+02
5.470000000000000000e+03,0.000000000000000000e+00,1.355121792240793184e+03,0.000000000000000000e+00,1.798163735428465486e+02,0.000000000000000000e+00,0.000000000000000000e+00,0.000000000000000000e+00,0.000000000000000000e+00,3.566494339597248313e+02,1.144899681513238363e+02,1.144899681513238363e+02,1.144899681513238363e+02,1.144899681513238363e+02,0.000000000000000000e+00,2.079171440098260746e+02,6.674460949372304697e+01,6.674460949372304697e+01,6.674460949372304697e+01,6.674460949372304697e+01,1.043443780025410888e+03,4.243204078360629410e+02,2.746720019399917874e+02,1.362133943119999344e+02,1.362133943119999344e+02,1.362133943119999344e+02
5.480000000000000000e+03,0.000000000000000000e+00,1.357060607463408815e+03,0.000000000000000000e+00,1.645463693645160390e+02,0.000000000000000000e+00,0.000000000000000000e+00,0.000000000000000000e+00,0.000000000000000000e+00,3.571597034835843942e+02,1.146537725372908909e+02,1.146537725372908909e+02,1.146537725372908909e+02,1.146537725372908909e+02,0.000000000000000000e+00,2.079171440098260746e+02,6.674460949372304697e+01,6.674460949372304697e+01,6.674460949372304697e+01,6.674460949372304697e+01,1.044936667746824924e+03,4.247133153694347811e+02,2.630402280998719107e+02,1.363395236891945785e+02,1.363395236891945785e+02,1.363395236891945785e+02
5.490000000000000000e+03,0.000000000000000000e+00,1.358827360278971582e+03,0.000000000000000000e+00,1.492555022680306820e+02,0.000000000000000000e+00,0.000000000000000000e+00,0.000000000000000000e+00,0.000000000000000000e+00,3.576246885463477838e+02,1.148030399129195871e+02,1.148030399129195871e+02,1.148030399129195871e+02,1.148030399129195871e+02,0.000000000000000000e+00,2.079171440098260746e+02,6.674460949372304697e+01,6.674460949372304697e+01,6.674460949372304697e+01,6.674460949372304697e+01,1.046297067414808225e+03,4.250713538677625820e+02,2.513811963148123141e+02,1.364544595684286605e+02,1.364544595684286605e+02,1.364544595684286605e+02
5.500000000000000000e+03,0.000000000000000000e+00,1.360421826679990090e+03,0.000000000000000000e+00,1.339457109902339482e+02,0.000000000000000000e+00,0.000000000000000000e+00,0.000000000000000000e+00,0.000000000000000000e+00,3.580443301923216950e+02,1.149377513525231791e+02,1.149377513525231791e+02,1.149377513525231791e+02,1.149377513525231791e+02,0.000000000000000000e+00,2.079171440098260746e+02,6.674460949372304697e+01,6.674460949372304697e+01,6.674460949372304697e+01,6.674460949372304697e+01,1.047524806543592376e+03,4.253944779351625129e+02,2.396963848394035779e+02,1.365581873769234562e+02,1.365581873769234562e+02,1.365581873769234562e+02
5.510000000000000000e+03,0.000000000000000000e+00,1.361843804503255342e+03,0.000000000000000000e+00,1.186189366673771701e+02,0.000000000000000000e+00,0.000000000000000000e+00,0.000000000000000000e+00,0.000000000000000000e+00,3.584185752149276141e+02,1.150578897759694854e+02,1.150578897759694854e+02,1.150578897759694854e+02,1.150578897759694854e+02,0.000000000000000000e+00,2.079171440098260746e+02,6.674460949372304697e+01,6.674460949372304697e+01,6.674460949372304697e+01,6.674460949372304697e+01,1.048619729467506659e+03,4.256826466025689797e+02,2.279872751968575244e+02,1.366506939629771011e+02,1.366506939629771011e+02,1.366506939629771011e+02
5.520000000000000000e+03,0.000000000000000000e+00,1.363093113455473940e+03,0.000000000000000000e+00,1.032771225889970026e+02,0.000000000000000000e+00,0.000000000000000000e+00,0.000000000000000000e+00,0.000000000000000000e+00,3.587473761634480525e+02,1.151634399508464952e+02,1.151634399508464952e+02,1.151634399508464952e+02,1.151634399508464952e+02,0.000000000000000000e+00,2.079171440098260746e+02,6.674460949372304697e+01,6.674460949372304697e+01,6.674460949372304697e+01,6.674460949372304697e+01,1.049581697360714998e+03,4.259358233329297718e+02,2.162553519911600688e+02,1.367319675976323765e+02,1.367319675976323765e+02,1.367319675976323765e+02
5.530000000000000000e+03,0.000000000000000000e+00,1.364169595136125736e+03,0.000000000000000000e+00,8.792221395153195829e+01,0.000000000000000000e+00,0.000000000000000000e+00,0.000000000000000000e+00,0.000000000000000000e+00,3.590306913490430247e+02,1.152543884943936519e+02,1.152543884943936519e+02,1.152543884943936519e+02,1.152543884943936519e+02,0.000000000000000000e+00,2.079171440098260746e+02,6.674460949372304697e+01,6.674460949372304697e+01,6.674460949372304697e+01,6.674460949372304697e+01,1.050410588254816730e+03,4.261539760258378919e+02,2.045021027188433038e+02,1.368019979761637046e+02,1.368019979761637046e+02,1.368019979761637046e+02
5.540000000000000000e+03,0.000000000000000000e+00,1.365073113057548881e+03,0.000000000000000000e+00,7.255615761168643019e+01,0.000000000000000000e+00,0.000000000000000000e+00,0.000000000000000000e+00,0.000000000000000000e+00,3.592684848500354633e+02,1.153307238751986858e+02,1.153307238751986858e+02,1.153307238751986858e+02,1.153307238751986858e+02,0.000000000000000000e+00,2.079171440098260746e+02,6.674460949372304697e+01,6.674460949372304697e+01,6.674460949372304697e+01,6.674460949372304697e+01,1.051106297054312563e+03,4.263370770216021128e+02,1.927290175803821342e+02,1.368607762193835811e+02,1.368607762193835811e+02,1.368607762193835811e+02
5.550000000000000000e+03,0.000000000000000000e+00,1.365803552662245693e+03,0.000000000000000000e+00,5.718090183958402406e+01,0.000000000000000000e+00,0.000000000000000000e+00,0.000000000000000000e+00,0.000000000000000000e+00,3.594607265164661385e+02,1.153924364146597412e+02,1.153924364146597412e+02,1.153924364146597412e+02,1.153924364146597412e+02,0.000000000000000000e+00,2.079171440098260746e+02,6.674460949372304697e+01,6.674460949372304697e+01,6.674460949372304697e+01,6.674460949372304697e+01,1.051668735549929124e+03,4.264851031047536480e+02,1.809375892912482868e+02,1.369082948747685862e+02,1.369082948747685862e+02,1.369082948747685862e+02
5.560000000000000000e+03,0.000000000000000000e+00,1.366360821337405469e+03,0.000000000000000000e+00,4.179839607175271965e+01,0.000000000000000000e+00,0.000000000000000000e+00,0.000000000000000000e+00,0.000000000000000000e+00,3.596073919739159237e+02,1.154395182882124118e+02,1.154395182882124118e+02,1.154395182882124118e+02,1.154395182882124118e+02,0.000000000000000000e+00,2.079171440098260746e+02,6.674460949372304697e+01,6.674460949372304697e+01,6.674460949372304697e+01,6.674460949372304697e+01,1.052097832429802338e+03,4.265980355069900725e+02,1.691293128926537577e+02,1.369445479174041509e+02,1.369445479174041509e+02,1.369445479174041509e+02
5.570000000000000000e+03,0.000000000000000000e+00,1.366744848426648105e+03,0.000000000000000000e+00,2.641059066394991461e+01,0.000000000000000000e+00,0.000000000000000000e+00,0.000000000000000000e+00,0.000000000000000000e+00,3.597084626265965994e+02,1.154719635263219288e+02,1.154719635263219288e+02,1.154719635263219288e+02,1.154719635263219288e+02,0.000000000000000000e+00,2.079171440098260746e+02,6.674460949372304697e+01,6.674460949372304697e+01,6.674460949372304697e+01,6.674460949372304697e+01,1.052393533288519166e+03,4.266758599095541058e+02,1.573056855619898897e+02,1.369695307507484756e+02,1.369695307507484756e+02,1.369695307507484756e+02
5.580000000000000000e+03,0.000000000000000000e+00,1.366955585238983303e+03,0.000000000000000000e+00,1.101943664387829003e+01,0.000000000000000000e+00,0.000000000000000000e+00,0.000000000000000000e+00,0.000000000000000000e+00,3.597639256597086046e+02,1.154897680152399886e+02,1.154897680152399886e+02,1.154897680152399886e+02,1.154897680152399886e+02,0.000000000000000000e+00,2.079171440098260746e+02,6.674460949372304697e+01,6.674460949372304697e+01,6.674460949372304697e+01,6.674460949372304697e+01,1.052555800634017260e+03,4.267185664450504419e+02,1.454682064230016749e+02,1.369832402072153741e+02,1.369832402072153741e+02,1.369832402072153741e+02
